dispersion,load,seed,step,is_warmup,utility,adr_kbps,served_ratio,average_quality,fairness,avg_switching,quality_switch_rate,quality_change_levels,pairwise_group_churn,cqi_mean,cqi_std,cqi_iqr,cqi_range,cqi_saturation_ratio,cqi_temporal_delta,cqi_history_volatility,previous_quality_mean,previous_quality_std,previous_quality_range,previous_quality_cqi_mismatch,cost_mean,cost_std_across_users,cqi_cost_rank_alignment,cqi_cost_rank_disagreement,previous_quality_rb_pressure,rb_available,best_cqi_candidate_utility,best_cost_candidate_utility,best_switching_candidate_utility,best_same_state_2way_utility,switching_marginal_same_state,switching_strictly_best,best_sources,selected_group_sources,selected_primary_source,selected_k,unique_candidate_count,diff_vs_cqi_trajectory,diff_vs_2way_trajectory
low,light,seed_0001,0,1,0.5290781116502739,5800.0,1.0,4.0,1.0,0.8000000000000002,1.0,4.0,0.0,14.666666666666666,0.74535599249993,0.0,3.0,0.9166666666666666,0.20833333333333334,0.2332331038630798,0.0,0.0,0.0,4.916666666666667,3.6805555555555554,0.06660877115712113,0.488624933112828,0.25568753344358597,2.0,12.0,0.5290781116502739,0.5290781116502739,0.5290781116502739,0.5290781116502739,0.0,0,cqi|cost|switching,cqi|cost|switching,cqi,1,4,0.0,0.0
low,light,seed_0001,1,0,0.9290781116502739,5800.0,1.0,4.0,1.0,0.0,0.0,0.0,0.0,14.708333333333334,0.5384519993050035,0.25,2.0,0.9583333333333334,0.20833333333333334,0.22575105512602897,4.0,0.0,0.0,0.9583333333333334,3.6666666666666665,0.0,0.0,0.5,12.0,12.0,0.9290781116502739,0.9290781116502739,0.9290781116502739,0.9290781116502739,0.0,0,cqi|cost|switching,cqi|cost|switching,cqi,1,3,0.0,0.0
low,light,seed_0001,2,0,0.9290781116502739,5800.0,1.0,4.0,1.0,0.0,0.0,0.0,0.0,14.458333333333334,0.9119195261766371,1.0,3.0,0.7916666666666666,0.3333333333333333,0.22580848760626604,4.0,0.0,0.0,0.7916666666666666,3.6805555555555554,0.06660877115712113,0.4328656936714176,0.2835671531642912,12.083333333333334,12.0,0.9290781116502739,0.9290781116502739,0.9290781116502739,0.9290781116502739,0.0,0,cqi|cost|switching,cqi|cost|switching,cqi,1,4,0.0,0.0
low,light,seed_0001,3,0,0.9290781116502739,5800.0,1.0,4.0,1.0,0.0,0.0,0.0,0.0,14.666666666666666,0.7453559924999299,0.0,3.0,0.9166666666666666,0.2916666666666667,0.244783916675842,4.0,0.0,0.0,0.9166666666666666,3.6875,0.07316426217258852,0.676470588235294,0.16176470588235298,12.166666666666666,12.0,0.9290781116502739,0.9290781116502739,0.9290781116502739,0.9290781116502739,0.0,0,cqi|cost|switching,cqi|cost|switching,cqi,1,5,0.0,0.0
low,light,seed_0001,4,0,0.9290781116502739,5800.0,1.0,4.0,1.0,0.0,0.0,0.0,0.0,14.791666666666666,0.4982608642958916,0.0,2.0,0.9583333333333334,0.375,0.2737869184509485,4.0,0.0,0.0,0.9583333333333334,3.6666666666666665,0.0,0.0,0.5,12.0,12.0,0.9290781116502739,0.9290781116502739,0.9290781116502739,0.9290781116502739,0.0,0,cqi|cost|switching,cqi|cost|switching,cqi,1,3,0.0,0.0
low,light,seed_0001,5,0,0.9290781116502739,5800.0,1.0,4.0,1.0,0.0,0.0,0.0,0.0,14.75,0.7216878364870323,0.0,3.0,0.9166666666666666,0.20833333333333334,0.25927310689449895,4.0,0.0,0.0,0.9166666666666666,3.6805555555555554,0.06660877115712113,0.6026258331144146,0.19868708344279268,12.083333333333334,12.0,0.9290781116502739,0.9290781116502739,0.9290781116502739,0.9290781116502739,0.0,0,cqi|cost|switching,cqi|cost|switching,cqi,1,4,0.0,0.0
low,light,seed_0001,6,0,0.9290781116502739,5800.0,1.0,4.0,1.0,0.0,0.0,0.0,0.0,14.666666666666666,0.6871842709362768,0.0,2.0,0.875,0.25,0.26657588417241523,4.0,0.0,0.0,0.875,3.6666666666666665,0.0,0.0,0.5,12.0,12.0,0.9290781116502739,0.9290781116502739,0.9290781116502739,0.9290781116502739,0.0,0,cqi|cost|switching,cqi|cost|switching,cqi,1,3,0.0,0.0
low,light,seed_0001,7,0,0.9290781116502739,5800.0,1.0,4.0,1.0,0.0,0.0,0.0,0.0,14.708333333333334,0.6757197808427856,0.0,3.0,0.9583333333333334,0.2916666666666667,0.23108969572886476,4.0,0.0,0.0,0.9583333333333334,3.6805555555555554,0.06660877115712113,0.48989794855663565,0.25505102572168215,12.083333333333334,12.0,0.9290781116502739,0.9290781116502739,0.9290781116502739,0.9290781116502739,0.0,0,cqi|cost|switching,cqi|cost|switching,cqi,1,3,0.0,0.0
low,light,seed_0001,8,0,0.9290781116502739,5800.0,1.0,4.0,1.0,0.0,0.0,0.0,0.0,14.75,0.5204164998665332,0.0,2.0,0.9583333333333334,0.20833333333333334,0.20159289274630932,4.0,0.0,0.0,0.9583333333333334,3.6666666666666665,0.0,0.0,0.5,12.0,12.0,0.9290781116502739,0.9290781116502739,0.9290781116502739,0.9290781116502739,0.0,0,cqi|cost|switching,cqi|cost|switching,cqi,1,3,0.0,0.0
low,light,seed_0001,9,0,0.9290781116502739,5800.0,1.0,4.0,1.0,0.0,0.0,0.0,0.0,14.916666666666666,0.2763853991962833,0.0,1.0,1.0,0.16666666666666666,0.190866125391186,4.0,0.0,0.0,1.0,3.6666666666666665,0.0,0.0,0.5,12.0,12.0,0.9290781116502739,0.9290781116502739,0.9290781116502739,0.9290781116502739,0.0,0,cqi|cost|switching,cqi|cost|switching,cqi,1,2,0.0,0.0
low,light,seed_0001,10,0,0.9290781116502739,5800.0,1.0,4.0,1.0,0.0,0.0,0.0,0.0,14.791666666666666,0.6441510347391795,0.0,3.0,0.9583333333333334,0.20833333333333334,0.20859853358269867,4.0,0.0,0.0,0.9583333333333334,3.6805555555555554,0.06660877115712113,0.6030226891555273,0.19848865542223637,12.083333333333334,12.0,0.9290781116502739,0.9290781116502739,0.9290781116502739,0.9290781116502739,0.0,0,cqi|cost|switching,cqi|cost|switching,cqi,1,4,0.0,0.0
low,light,seed_0001,11,0,0.9290781116502739,5800.0,1.0,4.0,1.0,0.0,0.0,0.0,0.0,14.708333333333334,0.5384519993050035,0.25,2.0,0.9583333333333334,0.3333333333333333,0.2568807900283433,4.0,0.0,0.0,0.9583333333333334,3.6666666666666665,0.0,0.0,0.5,12.0,12.0,0.9290781116502739,0.9290781116502739,0.9290781116502739,0.9290781116502739,0.0,0,cqi|cost|switching,cqi|cost|switching,cqi,1,3,0.0,0.0
low,light,seed_0001,12,0,0.9290781116502739,5800.0,1.0,4.0,1.0,0.0,0.0,0.0,0.0,14.708333333333334,0.5384519993050035,0.25,2.0,0.9583333333333334,0.16666666666666666,0.25206207261596575,4.0,0.0,0.0,0.9583333333333334,3.6805555555555554,0.06660877115712113,0.4588314677411236,0.2705842661294382,12.083333333333334,12.0,0.9290781116502739,0.9290781116502739,0.9290781116502739,0.9290781116502739,0.0,0,cqi|cost|switching,cqi|cost|switching,cqi,1,4,0.0,0.0
low,light,seed_0001,13,0,0.9290781116502739,5800.0,1.0,4.0,1.0,0.0,0.0,0.0,0.0,14.708333333333334,0.5384519993050035,0.25,2.0,0.9583333333333334,0.3333333333333333,0.25532196559582865,4.0,0.0,0.0,0.9583333333333334,3.6666666666666665,0.0,0.0,0.5,12.0,12.0,0.9290781116502739,0.9290781116502739,0.9290781116502739,0.9290781116502739,0.0,0,cqi|cost|switching,cqi|cost|switching,cqi,1,3,0.0,0.0
low,light,seed_0001,14,0,0.9290781116502739,5800.0,1.0,4.0,1.0,0.0,0.0,0.0,0.0,14.708333333333334,0.6757197808427856,0.0,3.0,0.9583333333333334,0.5,0.29614679464221494,4.0,0.0,0.0,0.9583333333333334,3.6805555555555554,0.06660877115712113,0.48989794855663565,0.25505102572168215,12.083333333333334,12.0,0.9290781116502739,0.9290781116502739,0.9290781116502739,0.9290781116502739,0.0,0,cqi|cost|switching,cqi|cost|switching,cqi,1,4,0.0,0.0
low,medium,seed_0001,0,1,0.4471841780840183,3000.0,1.0,3.0,1.0,0.6,1.0,3.0,0.0,14.666666666666666,0.74535599249993,0.0,3.0,0.9166666666666666,0.20833333333333334,0.2332331038630798,0.0,0.0,0.0,4.916666666666667,3.6805555555555554,0.06660877115712113,0.488624933112828,0.25568753344358597,4.0,6.0,0.4471841780840183,0.4471841780840183,0.4471841780840183,0.4471841780840183,0.0,0,cqi|cost|switching,cqi|cost|switching,cqi,1,4,0.0,0.0
low,medium,seed_0001,1,0,0.7471841780840182,3000.0,1.0,3.0,1.0,0.0,0.0,0.0,0.0,14.708333333333334,0.5384519993050035,0.25,2.0,0.9583333333333334,0.20833333333333334,0.22575105512602897,3.0,0.0,0.0,1.9583333333333333,3.6666666666666665,0.0,0.0,0.5,16.0,6.0,0.7471841780840182,0.7471841780840182,0.7471841780840182,0.7471841780840182,0.0,0,cqi|cost|switching,cqi|cost|switching,cqi,1,3,0.0,0.0
low,medium,seed_0001,2,0,0.7471841780840182,3000.0,1.0,3.0,1.0,0.0,0.0,0.0,0.0,14.458333333333334,0.9119195261766371,1.0,3.0,0.7916666666666666,0.3333333333333333,0.22580848760626604,3.0,0.0,0.0,1.7916666666666667,3.6805555555555554,0.06660877115712113,0.4328656936714176,0.2835671531642912,16.0,6.0,0.7471841780840182,0.7471841780840182,0.7471841780840182,0.7471841780840182,0.0,0,cqi|cost|switching,cqi|cost|switching,cqi,1,4,0.0,0.0
low,medium,seed_0001,3,0,0.7471841780840182,3000.0,1.0,3.0,1.0,0.0,0.0,0.0,0.0,14.666666666666666,0.7453559924999299,0.0,3.0,0.9166666666666666,0.2916666666666667,0.244783916675842,3.0,0.0,0.0,1.9166666666666667,3.6875,0.07316426217258852,0.676470588235294,0.16176470588235298,16.0,6.0,0.7471841780840182,0.7471841780840182,0.7471841780840182,0.7471841780840182,0.0,0,cqi|cost|switching,cqi|cost|switching,cqi,1,5,0.0,0.0
low,medium,seed_0001,4,0,0.7471841780840182,3000.0,1.0,3.0,1.0,0.0,0.0,0.0,0.0,14.791666666666666,0.4982608642958916,0.0,2.0,0.9583333333333334,0.375,0.2737869184509485,3.0,0.0,0.0,1.9583333333333333,3.6666666666666665,0.0,0.0,0.5,16.0,6.0,0.7471841780840182,0.7471841780840182,0.7471841780840182,0.7471841780840182,0.0,0,cqi|cost|switching,cqi|cost|switching,cqi,1,3,0.0,0.0
low,medium,seed_0001,5,0,0.7471841780840182,3000.0,1.0,3.0,1.0,0.0,0.0,0.0,0.0,14.75,0.7216878364870323,0.0,3.0,0.9166666666666666,0.20833333333333334,0.25927310689449895,3.0,0.0,0.0,1.9166666666666667,3.6805555555555554,0.06660877115712113,0.6026258331144146,0.19868708344279268,16.0,6.0,0.7471841780840182,0.7471841780840182,0.7471841780840182,0.7471841780840182,0.0,0,cqi|cost|switching,cqi|cost|switching,cqi,1,4,0.0,0.0
low,medium,seed_0001,6,0,0.7471841780840182,3000.0,1.0,3.0,1.0,0.0,0.0,0.0,0.0,14.666666666666666,0.6871842709362768,0.0,2.0,0.875,0.25,0.26657588417241523,3.0,0.0,0.0,1.875,3.6666666666666665,0.0,0.0,0.5,16.0,6.0,0.7471841780840182,0.7471841780840182,0.7471841780840182,0.7471841780840182,0.0,0,cqi|cost|switching,cqi|cost|switching,cqi,1,3,0.0,0.0
low,medium,seed_0001,7,0,0.7471841780840182,3000.0,1.0,3.0,1.0,0.0,0.0,0.0,0.0,14.708333333333334,0.6757197808427856,0.0,3.0,0.9583333333333334,0.2916666666666667,0.23108969572886476,3.0,0.0,0.0,1.9583333333333333,3.6805555555555554,0.06660877115712113,0.48989794855663565,0.25505102572168215,16.0,6.0,0.7471841780840182,0.7471841780840182,0.7471841780840182,0.7471841780840182,0.0,0,cqi|cost|switching,cqi|cost|switching,cqi,1,3,0.0,0.0
low,medium,seed_0001,8,0,0.7471841780840182,3000.0,1.0,3.0,1.0,0.0,0.0,0.0,0.0,14.75,0.5204164998665332,0.0,2.0,0.9583333333333334,0.20833333333333334,0.20159289274630932,3.0,0.0,0.0,1.9583333333333333,3.6666666666666665,0.0,0.0,0.5,16.0,6.0,0.7471841780840182,0.7471841780840182,0.7471841780840182,0.7471841780840182,0.0,0,cqi|cost|switching,cqi|cost|switching,cqi,1,3,0.0,0.0
low,medium,seed_0001,9,0,0.7471841780840182,3000.0,1.0,3.0,1.0,0.0,0.0,0.0,0.0,14.916666666666666,0.2763853991962833,0.0,1.0,1.0,0.16666666666666666,0.190866125391186,3.0,0.0,0.0,2.0,3.6666666666666665,0.0,0.0,0.5,16.0,6.0,0.7471841780840182,0.7471841780840182,0.7471841780840182,0.7471841780840182,0.0,0,cqi|cost|switching,cqi|cost|switching,cqi,1,2,0.0,0.0
low,medium,seed_0001,10,0,0.7471841780840182,3000.0,1.0,3.0,1.0,0.0,0.0,0.0,0.0,14.791666666666666,0.6441510347391795,0.0,3.0,0.9583333333333334,0.20833333333333334,0.20859853358269867,3.0,0.0,0.0,1.9583333333333333,3.6805555555555554,0.06660877115712113,0.6030226891555273,0.19848865542223637,16.0,6.0,0.7471841780840182,0.7471841780840182,0.7471841780840182,0.7471841780840182,0.0,0,cqi|cost|switching,cqi|cost|switching,cqi,1,4,0.0,0.0
low,medium,seed_0001,11,0,0.7471841780840182,3000.0,1.0,3.0,1.0,0.0,0.0,0.0,0.0,14.708333333333334,0.5384519993050035,0.25,2.0,0.9583333333333334,0.3333333333333333,0.2568807900283433,3.0,0.0,0.0,1.9583333333333333,3.6666666666666665,0.0,0.0,0.5,16.0,6.0,0.7471841780840182,0.7471841780840182,0.7471841780840182,0.7471841780840182,0.0,0,cqi|cost|switching,cqi|cost|switching,cqi,1,3,0.0,0.0
low,medium,seed_0001,12,0,0.7471841780840182,3000.0,1.0,3.0,1.0,0.0,0.0,0.0,0.0,14.708333333333334,0.5384519993050035,0.25,2.0,0.9583333333333334,0.16666666666666666,0.25206207261596575,3.0,0.0,0.0,1.9583333333333333,3.6805555555555554,0.06660877115712113,0.4588314677411236,0.2705842661294382,16.0,6.0,0.7471841780840182,0.7471841780840182,0.7471841780840182,0.7471841780840182,0.0,0,cqi|cost|switching,cqi|cost|switching,cqi,1,4,0.0,0.0
low,medium,seed_0001,13,0,0.7471841780840182,3000.0,1.0,3.0,1.0,0.0,0.0,0.0,0.0,14.708333333333334,0.5384519993050035,0.25,2.0,0.9583333333333334,0.3333333333333333,0.25532196559582865,3.0,0.0,0.0,1.9583333333333333,3.6666666666666665,0.0,0.0,0.5,16.0,6.0,0.7471841780840182,0.7471841780840182,0.7471841780840182,0.7471841780840182,0.0,0,cqi|cost|switching,cqi|cost|switching,cqi,1,3,0.0,0.0
low,medium,seed_0001,14,0,0.7471841780840182,3000.0,1.0,3.0,1.0,0.0,0.0,0.0,0.0,14.708333333333334,0.6757197808427856,0.0,3.0,0.9583333333333334,0.5,0.29614679464221494,3.0,0.0,0.0,1.9583333333333333,3.6805555555555554,0.06660877115712113,0.48989794855663565,0.25505102572168215,16.0,6.0,0.7471841780840182,0.7471841780840182,0.7471841780840182,0.7471841780840182,0.0,0,cqi|cost|switching,cqi|cost|switching,cqi,1,4,0.0,0.0
low,heavy,seed_0001,0,1,0.35593639169248764,1500.0,1.0,2.0,1.0,0.4000000000000001,1.0,2.0,0.0,14.666666666666666,0.74535599249993,0.0,3.0,0.9166666666666666,0.20833333333333334,0.2332331038630798,0.0,0.0,0.0,4.916666666666667,3.6805555555555554,0.06660877115712113,0.488624933112828,0.25568753344358597,12.0,2.0,0.35593639169248764,0.35593639169248764,0.35593639169248764,0.35593639169248764,0.0,0,cqi|cost|switching,cqi|cost|switching,cqi,1,4,0.0,0.0
low,heavy,seed_0001,1,0,0.5559363916924877,1500.0,1.0,2.0,1.0,0.0,0.0,0.0,0.0,14.708333333333334,0.5384519993050035,0.25,2.0,0.9583333333333334,0.20833333333333334,0.22575105512602897,2.0,0.0,0.0,2.9583333333333335,3.6666666666666665,0.0,0.0,0.5,24.0,2.0,0.5559363916924877,0.5559363916924877,0.5559363916924877,0.5559363916924877,0.0,0,cqi|cost|switching,cqi|cost|switching,cqi,1,3,0.0,0.0
low,heavy,seed_0001,2,0,0.5559363916924877,1500.0,1.0,2.0,1.0,0.0,0.0,0.0,0.0,14.458333333333334,0.9119195261766371,1.0,3.0,0.7916666666666666,0.3333333333333333,0.22580848760626604,2.0,0.0,0.0,2.7916666666666665,3.6805555555555554,0.06660877115712113,0.4328656936714176,0.2835671531642912,24.0,2.0,0.5559363916924877,0.5559363916924877,0.5559363916924877,0.5559363916924877,0.0,0,cqi|cost|switching,cqi|cost|switching,cqi,1,4,0.0,0.0
low,heavy,seed_0001,3,0,0.5559363916924877,1500.0,1.0,2.0,1.0,0.0,0.0,0.0,0.0,14.666666666666666,0.7453559924999299,0.0,3.0,0.9166666666666666,0.2916666666666667,0.244783916675842,2.0,0.0,0.0,2.9166666666666665,3.6875,0.07316426217258852,0.676470588235294,0.16176470588235298,24.0,2.0,0.5559363916924877,0.5559363916924877,0.5559363916924877,0.5559363916924877,0.0,0,cqi|cost|switching,cqi|cost|switching,cqi,1,5,0.0,0.0
low,heavy,seed_0001,4,0,0.5559363916924877,1500.0,1.0,2.0,1.0,0.0,0.0,0.0,0.0,14.791666666666666,0.4982608642958916,0.0,2.0,0.9583333333333334,0.375,0.2737869184509485,2.0,0.0,0.0,2.9583333333333335,3.6666666666666665,0.0,0.0,0.5,24.0,2.0,0.5559363916924877,0.5559363916924877,0.5559363916924877,0.5559363916924877,0.0,0,cqi|cost|switching,cqi|cost|switching,cqi,1,3,0.0,0.0
low,heavy,seed_0001,5,0,0.5559363916924877,1500.0,1.0,2.0,1.0,0.0,0.0,0.0,0.0,14.75,0.7216878364870323,0.0,3.0,0.9166666666666666,0.20833333333333334,0.25927310689449895,2.0,0.0,0.0,2.9166666666666665,3.6805555555555554,0.06660877115712113,0.6026258331144146,0.19868708344279268,24.0,2.0,0.5559363916924877,0.5559363916924877,0.5559363916924877,0.5559363916924877,0.0,0,cqi|cost|switching,cqi|cost|switching,cqi,1,4,0.0,0.0
low,heavy,seed_0001,6,0,0.5559363916924877,1500.0,1.0,2.0,1.0,0.0,0.0,0.0,0.0,14.666666666666666,0.6871842709362768,0.0,2.0,0.875,0.25,0.26657588417241523,2.0,0.0,0.0,2.875,3.6666666666666665,0.0,0.0,0.5,24.0,2.0,0.5559363916924877,0.5559363916924877,0.5559363916924877,0.5559363916924877,0.0,0,cqi|cost|switching,cqi|cost|switching,cqi,1,3,0.0,0.0
low,heavy,seed_0001,7,0,0.5559363916924877,1500.0,1.0,2.0,1.0,0.0,0.0,0.0,0.0,14.708333333333334,0.6757197808427856,0.0,3.0,0.9583333333333334,0.2916666666666667,0.23108969572886476,2.0,0.0,0.0,2.9583333333333335,3.6805555555555554,0.06660877115712113,0.48989794855663565,0.25505102572168215,24.0,2.0,0.5559363916924877,0.5559363916924877,0.5559363916924877,0.5559363916924877,0.0,0,cqi|cost|switching,cqi|cost|switching,cqi,1,3,0.0,0.0
low,heavy,seed_0001,8,0,0.5559363916924877,1500.0,1.0,2.0,1.0,0.0,0.0,0.0,0.0,14.75,0.5204164998665332,0.0,2.0,0.9583333333333334,0.20833333333333334,0.20159289274630932,2.0,0.0,0.0,2.9583333333333335,3.6666666666666665,0.0,0.0,0.5,24.0,2.0,0.5559363916924877,0.5559363916924877,0.5559363916924877,0.5559363916924877,0.0,0,cqi|cost|switching,cqi|cost|switching,cqi,1,3,0.0,0.0
low,heavy,seed_0001,9,0,0.5559363916924877,1500.0,1.0,2.0,1.0,0.0,0.0,0.0,0.0,14.916666666666666,0.2763853991962833,0.0,1.0,1.0,0.16666666666666666,0.190866125391186,2.0,0.0,0.0,3.0,3.6666666666666665,0.0,0.0,0.5,24.0,2.0,0.5559363916924877,0.5559363916924877,0.5559363916924877,0.5559363916924877,0.0,0,cqi|cost|switching,cqi|cost|switching,cqi,1,2,0.0,0.0
low,heavy,seed_0001,10,0,0.5559363916924877,1500.0,1.0,2.0,1.0,0.0,0.0,0.0,0.0,14.791666666666666,0.6441510347391795,0.0,3.0,0.9583333333333334,0.20833333333333334,0.20859853358269867,2.0,0.0,0.0,2.9583333333333335,3.6805555555555554,0.06660877115712113,0.6030226891555273,0.19848865542223637,24.0,2.0,0.5559363916924877,0.5559363916924877,0.5559363916924877,0.5559363916924877,0.0,0,cqi|cost|switching,cqi|cost|switching,cqi,1,4,0.0,0.0
low,heavy,seed_0001,11,0,0.5559363916924877,1500.0,1.0,2.0,1.0,0.0,0.0,0.0,0.0,14.708333333333334,0.5384519993050035,0.25,2.0,0.9583333333333334,0.3333333333333333,0.2568807900283433,2.0,0.0,0.0,2.9583333333333335,3.6666666666666665,0.0,0.0,0.5,24.0,2.0,0.5559363916924877,0.5559363916924877,0.5559363916924877,0.5559363916924877,0.0,0,cqi|cost|switching,cqi|cost|switching,cqi,1,3,0.0,0.0
low,heavy,seed_0001,12,0,0.5559363916924877,1500.0,1.0,2.0,1.0,0.0,0.0,0.0,0.0,14.708333333333334,0.5384519993050035,0.25,2.0,0.9583333333333334,0.16666666666666666,0.25206207261596575,2.0,0.0,0.0,2.9583333333333335,3.6805555555555554,0.06660877115712113,0.4588314677411236,0.2705842661294382,24.0,2.0,0.5559363916924877,0.5559363916924877,0.5559363916924877,0.5559363916924877,0.0,0,cqi|cost|switching,cqi|cost|switching,cqi,1,4,0.0,0.0
low,heavy,seed_0001,13,0,0.5559363916924877,1500.0,1.0,2.0,1.0,0.0,0.0,0.0,0.0,14.708333333333334,0.5384519993050035,0.25,2.0,0.9583333333333334,0.3333333333333333,0.25532196559582865,2.0,0.0,0.0,2.9583333333333335,3.6666666666666665,0.0,0.0,0.5,24.0,2.0,0.5559363916924877,0.5559363916924877,0.5559363916924877,0.5559363916924877,0.0,0,cqi|cost|switching,cqi|cost|switching,cqi,1,3,0.0,0.0
low,heavy,seed_0001,14,0,0.5559363916924877,1500.0,1.0,2.0,1.0,0.0,0.0,0.0,0.0,14.708333333333334,0.6757197808427856,0.0,3.0,0.9583333333333334,0.5,0.29614679464221494,2.0,0.0,0.0,2.9583333333333335,3.6805555555555554,0.06660877115712113,0.48989794855663565,0.25505102572168215,24.0,2.0,0.5559363916924877,0.5559363916924877,0.5559363916924877,0.5559363916924877,0.0,0,cqi|cost|switching,cqi|cost|switching,cqi,1,4,0.0,0.0
low,light,seed_0002,0,1,0.5290781116502739,5800.0,1.0,4.0,1.0,0.8000000000000002,1.0,4.0,0.0,14.833333333333334,0.37267799624996495,0.0,1.0,1.0,0.3333333333333333,0.21365146444162395,0.0,0.0,0.0,5.0,3.6666666666666665,0.0,0.0,0.5,2.0,12.0,0.5290781116502739,0.5290781116502739,0.5290781116502739,0.5290781116502739,0.0,0,cqi|cost|switching,cqi|cost|switching,cqi,1,2,0.0,0.0
low,light,seed_0002,1,0,0.9290781116502739,5800.0,1.0,4.0,1.0,0.0,0.0,0.0,0.0,14.75,0.5951190357119042,0.0,2.0,0.9166666666666666,0.25,0.21880594650777288,4.0,0.0,0.0,0.9166666666666666,3.6805555555555554,0.06660877115712113,0.5107539184552492,0.2446230407723754,12.083333333333334,12.0,0.9290781116502739,0.9290781116502739,0.9290781116502739,0.9290781116502739,0.0,0,cqi|cost|switching,cqi|cost|switching,cqi,1,4,0.0,0.0
low,light,seed_0002,2,0,0.9290781116502739,5800.0,1.0,4.0,1.0,0.0,0.0,0.0,0.0,14.666666666666666,0.6236095644623235,0.25,2.0,0.9166666666666666,0.16666666666666666,0.2466326495188785,4.0,0.0,0.0,0.9166666666666666,3.6875,0.07316426217258852,0.6318574652029547,0.18407126739852264,12.166666666666666,12.0,0.9290781116502739,0.9290781116502739,0.9290781116502739,0.9290781116502739,0.0,0,cqi|cost|switching,cqi|cost|switching,cqi,1,4,0.0,0.0
low,light,seed_0002,3,0,0.9290781116502739,5800.0,1.0,4.0,1.0,0.0,0.0,0.0,0.0,14.708333333333334,0.6757197808427856,0.0,3.0,0.9583333333333334,0.4583333333333333,0.31164603142174374,4.0,0.0,0.0,0.9583333333333334,3.6805555555555554,0.06660877115712113,0.48989794855663565,0.25505102572168215,12.083333333333334,12.0,0.9290781116502739,0.9290781116502739,0.9290781116502739,0.9290781116502739,0.0,0,cqi|cost|switching,cqi|cost|switching,cqi,1,4,0.0,0.0
low,light,seed_0002,4,0,0.9290781116502739,5800.0,1.0,4.0,1.0,0.0,0.0,0.0,0.0,14.75,0.5204164998665332,0.0,2.0,0.9583333333333334,0.375,0.2811288369678796,4.0,0.0,0.0,0.9583333333333334,3.6666666666666665,0.0,0.0,0.5,12.0,12.0,0.9290781116502739,0.9290781116502739,0.9290781116502739,0.9290781116502739,0.0,0,cqi|cost|switching,cqi|cost|switching,cqi,1,3,0.0,0.0
low,light,seed_0002,5,0,0.9290781116502739,5800.0,1.0,4.0,1.0,0.0,0.0,0.0,0.0,14.833333333333334,0.4714045207910317,0.0,2.0,0.9583333333333334,0.16666666666666666,0.28361998770935526,4.0,0.0,0.0,0.9583333333333334,3.6666666666666665,0.0,0.0,0.5,12.0,12.0,0.9290781116502739,0.9290781116502739,0.9290781116502739,0.9290781116502739,0.0,0,cqi|cost|switching,cqi|cost|switching,cqi,1,3,0.0,0.0
low,light,seed_0002,6,0,0.9290781116502739,5800.0,1.0,4.0,1.0,0.0,0.0,0.0,0.0,14.75,0.5204164998665332,0.0,2.0,0.9583333333333334,0.16666666666666666,0.2961634696492221,4.0,0.0,0.0,0.9583333333333334,3.6736111111111107,0.03330438557856061,0.48989794855663565,0.25505102572168215,12.083333333333334,12.0,0.9290781116502739,0.9290781116502739,0.9290781116502739,0.9290781116502739,0.0,0,cqi|cost|switching,cqi|cost|switching,cqi,1,3,0.0,0.0
low,light,seed_0002,7,0,0.9290781116502739,5800.0,1.0,4.0,1.0,0.0,0.0,0.0,0.0,14.916666666666666,0.2763853991962833,0.0,1.0,1.0,0.25,0.26498299142610593,4.0,0.0,0.0,1.0,3.6666666666666665,0.0,0.0,0.5,12.0,12.0,0.9290781116502739,0.9290781116502739,0.9290781116502739,0.9290781116502739,0.0,0,cqi|cost|switching,cqi|cost|switching,cqi,1,2,0.0,0.0
low,light,seed_0002,8,0,0.9290781116502739,5800.0,1.0,4.0,1.0,0.0,0.0,0.0,0.0,14.833333333333334,0.6236095644623235,0.0,3.0,0.9583333333333334,0.25,0.18914115380582555,4.0,0.0,0.0,0.9583333333333334,3.6805555555555554,0.06660877115712113,0.7223151185146153,0.13884244074269236,12.083333333333334,12.0,0.9290781116502739,0.9290781116502739,0.9290781116502739,0.9290781116502739,0.0,0,cqi|cost|switching,cqi|cost|switching,cqi,1,3,0.0,0.0
low,light,seed_0002,9,0,0.9290781116502739,5800.0,1.0,4.0,1.0,0.0,0.0,0.0,0.0,14.75,0.5951190357119042,0.0,2.0,0.9166666666666666,0.3333333333333333,0.24082482904638627,4.0,0.0,0.0,0.9166666666666666,3.6875,0.07316426217258852,0.7378505542816147,0.13107472285919264,12.166666666666666,12.0,0.9290781116502739,0.9290781116502739,0.9290781116502739,0.9290781116502739,0.0,0,cqi|cost|switching,cqi|cost|switching,cqi,1,3,0.0,0.0
low,light,seed_0002,10,0,0.9290781116502739,5800.0,1.0,4.0,1.0,0.0,0.0,0.0,0.0,14.708333333333334,0.8405933750763339,0.0,3.0,0.9166666666666666,0.4583333333333333,0.26634792588600087,4.0,0.0,0.0,0.9166666666666666,3.694444444444444,0.09212846639876114,0.834057656228299,0.08297117188585051,12.166666666666666,12.0,0.9290781116502739,0.9290781116502739,0.9290781116502739,0.9290781116502739,0.0,0,cqi|cost|switching,cqi|cost|switching,cqi,1,3,0.0,0.0
low,light,seed_0002,11,0,0.9290781116502739,5800.0,1.0,4.0,1.0,0.0,0.0,0.0,0.0,14.708333333333334,0.6109532624422992,0.0,2.0,0.9166666666666666,0.3333333333333333,0.29144564260568656,4.0,0.0,0.0,0.9166666666666666,3.6666666666666665,0.0,0.0,0.5,12.0,12.0,0.9290781116502739,0.9290781116502739,0.9290781116502739,0.9290781116502739,0.0,0,cqi|cost|switching,cqi|cost|switching,cqi,1,2,0.0,0.0
low,light,seed_0002,12,0,0.9290781116502739,5800.0,1.0,4.0,1.0,0.0,0.0,0.0,0.0,14.625,0.6959705453537527,1.0,3.0,0.9583333333333334,0.5,0.3570298927405,4.0,0.0,0.0,0.9583333333333334,3.6875,0.09991315673568175,0.43643578047198484,0.2817821097640076,12.083333333333334,12.0,0.9290781116502739,0.9290781116502739,0.9290781116502739,0.9290781116502739,0.0,0,cqi|cost|switching,cqi|cost|switching,cqi,1,4,0.0,0.0
low,light,seed_0002,13,0,0.9290781116502739,5800.0,1.0,4.0,1.0,0.0,0.0,0.0,0.0,14.583333333333334,1.114924013354971,0.0,5.0,0.875,0.7083333333333334,0.45807917915264956,4.0,0.0,0.0,0.9166666666666666,3.7152777777777772,0.1699616423683392,0.8850320523834884,0.05748397380825582,12.333333333333334,12.0,0.9290781116502739,0.9290781116502739,0.9290781116502739,0.9290781116502739,0.0,0,cqi|cost|switching,cqi|cost|switching,cqi,1,5,0.0,0.0
low,light,seed_0002,14,0,0.9290781116502739,5800.0,1.0,4.0,1.0,0.0,0.0,0.0,0.0,14.75,0.4330127018922193,0.25,1.0,1.0,0.4166666666666667,0.4263387385656256,4.0,0.0,0.0,1.0,3.6666666666666665,0.0,0.0,0.5,12.0,12.0,0.9290781116502739,0.9290781116502739,0.9290781116502739,0.9290781116502739,0.0,0,cqi|cost|switching,cqi|cost|switching,cqi,1,2,0.0,0.0
low,medium,seed_0002,0,1,0.4471841780840183,3000.0,1.0,3.0,1.0,0.6,1.0,3.0,0.0,14.833333333333334,0.37267799624996495,0.0,1.0,1.0,0.3333333333333333,0.21365146444162395,0.0,0.0,0.0,5.0,3.6666666666666665,0.0,0.0,0.5,4.0,6.0,0.4471841780840183,0.4471841780840183,0.4471841780840183,0.4471841780840183,0.0,0,cqi|cost|switching,cqi|cost|switching,cqi,1,2,0.0,0.0
low,medium,seed_0002,1,0,0.7471841780840182,3000.0,1.0,3.0,1.0,0.0,0.0,0.0,0.0,14.75,0.5951190357119042,0.0,2.0,0.9166666666666666,0.25,0.21880594650777288,3.0,0.0,0.0,1.9166666666666667,3.6805555555555554,0.06660877115712113,0.5107539184552492,0.2446230407723754,16.0,6.0,0.7471841780840182,0.7471841780840182,0.7471841780840182,0.7471841780840182,0.0,0,cqi|cost|switching,cqi|cost|switching,cqi,1,4,0.0,0.0
low,medium,seed_0002,2,0,0.7471841780840182,3000.0,1.0,3.0,1.0,0.0,0.0,0.0,0.0,14.666666666666666,0.6236095644623235,0.25,2.0,0.9166666666666666,0.16666666666666666,0.2466326495188785,3.0,0.0,0.0,1.9166666666666667,3.6875,0.07316426217258852,0.6318574652029547,0.18407126739852264,16.0,6.0,0.7471841780840182,0.7471841780840182,0.7471841780840182,0.7471841780840182,0.0,0,cqi|cost|switching,cqi|cost|switching,cqi,1,4,0.0,0.0
low,medium,seed_0002,3,0,0.7471841780840182,3000.0,1.0,3.0,1.0,0.0,0.0,0.0,0.0,14.708333333333334,0.6757197808427856,0.0,3.0,0.9583333333333334,0.4583333333333333,0.31164603142174374,3.0,0.0,0.0,1.9583333333333333,3.6805555555555554,0.06660877115712113,0.48989794855663565,0.25505102572168215,16.0,6.0,0.7471841780840182,0.7471841780840182,0.7471841780840182,0.7471841780840182,0.0,0,cqi|cost|switching,cqi|cost|switching,cqi,1,4,0.0,0.0
low,medium,seed_0002,4,0,0.7471841780840182,3000.0,1.0,3.0,1.0,0.0,0.0,0.0,0.0,14.75,0.5204164998665332,0.0,2.0,0.9583333333333334,0.375,0.2811288369678796,3.0,0.0,0.0,1.9583333333333333,3.6666666666666665,0.0,0.0,0.5,16.0,6.0,0.7471841780840182,0.7471841780840182,0.7471841780840182,0.7471841780840182,0.0,0,cqi|cost|switching,cqi|cost|switching,cqi,1,3,0.0,0.0
low,medium,seed_0002,5,0,0.7471841780840182,3000.0,1.0,3.0,1.0,0.0,0.0,0.0,0.0,14.833333333333334,0.4714045207910317,0.0,2.0,0.9583333333333334,0.16666666666666666,0.28361998770935526,3.0,0.0,0.0,1.9583333333333333,3.6666666666666665,0.0,0.0,0.5,16.0,6.0,0.7471841780840182,0.7471841780840182,0.7471841780840182,0.7471841780840182,0.0,0,cqi|cost|switching,cqi|cost|switching,cqi,1,3,0.0,0.0
low,medium,seed_0002,6,0,0.7471841780840182,3000.0,1.0,3.0,1.0,0.0,0.0,0.0,0.0,14.75,0.5204164998665332,0.0,2.0,0.9583333333333334,0.16666666666666666,0.2961634696492221,3.0,0.0,0.0,1.9583333333333333,3.6736111111111107,0.03330438557856061,0.48989794855663565,0.25505102572168215,16.0,6.0,0.7471841780840182,0.7471841780840182,0.7471841780840182,0.7471841780840182,0.0,0,cqi|cost|switching,cqi|cost|switching,cqi,1,3,0.0,0.0
low,medium,seed_0002,7,0,0.7471841780840182,3000.0,1.0,3.0,1.0,0.0,0.0,0.0,0.0,14.916666666666666,0.2763853991962833,0.0,1.0,1.0,0.25,0.26498299142610593,3.0,0.0,0.0,2.0,3.6666666666666665,0.0,0.0,0.5,16.0,6.0,0.7471841780840182,0.7471841780840182,0.7471841780840182,0.7471841780840182,0.0,0,cqi|cost|switching,cqi|cost|switching,cqi,1,2,0.0,0.0
low,medium,seed_0002,8,0,0.7471841780840182,3000.0,1.0,3.0,1.0,0.0,0.0,0.0,0.0,14.833333333333334,0.6236095644623235,0.0,3.0,0.9583333333333334,0.25,0.18914115380582555,3.0,0.0,0.0,1.9583333333333333,3.6805555555555554,0.06660877115712113,0.7223151185146153,0.13884244074269236,16.0,6.0,0.7471841780840182,0.7471841780840182,0.7471841780840182,0.7471841780840182,0.0,0,cqi|cost|switching,cqi|cost|switching,cqi,1,3,0.0,0.0
low,medium,seed_0002,9,0,0.7471841780840182,3000.0,1.0,3.0,1.0,0.0,0.0,0.0,0.0,14.75,0.5951190357119042,0.0,2.0,0.9166666666666666,0.3333333333333333,0.24082482904638627,3.0,0.0,0.0,1.9166666666666667,3.6875,0.07316426217258852,0.7378505542816147,0.13107472285919264,16.0,6.0,0.7471841780840182,0.7471841780840182,0.7471841780840182,0.7471841780840182,0.0,0,cqi|cost|switching,cqi|cost|switching,cqi,1,3,0.0,0.0
low,medium,seed_0002,10,0,0.7471841780840182,3000.0,1.0,3.0,1.0,0.0,0.0,0.0,0.0,14.708333333333334,0.8405933750763339,0.0,3.0,0.9166666666666666,0.4583333333333333,0.26634792588600087,3.0,0.0,0.0,1.9166666666666667,3.694444444444444,0.09212846639876114,0.834057656228299,0.08297117188585051,16.0,6.0,0.7471841780840182,0.7471841780840182,0.7471841780840182,0.7471841780840182,0.0,0,cqi|cost|switching,cqi|cost|switching,cqi,1,3,0.0,0.0
low,medium,seed_0002,11,0,0.7471841780840182,3000.0,1.0,3.0,1.0,0.0,0.0,0.0,0.0,14.708333333333334,0.6109532624422992,0.0,2.0,0.9166666666666666,0.3333333333333333,0.29144564260568656,3.0,0.0,0.0,1.9166666666666667,3.6666666666666665,0.0,0.0,0.5,16.0,6.0,0.7471841780840182,0.7471841780840182,0.7471841780840182,0.7471841780840182,0.0,0,cqi|cost|switching,cqi|cost|switching,cqi,1,2,0.0,0.0
low,medium,seed_0002,12,0,0.7471841780840182,3000.0,1.0,3.0,1.0,0.0,0.0,0.0,0.0,14.625,0.6959705453537527,1.0,3.0,0.9583333333333334,0.5,0.3570298927405,3.0,0.0,0.0,1.9583333333333333,3.6875,0.09991315673568175,0.43643578047198484,0.2817821097640076,16.0,6.0,0.7471841780840182,0.7471841780840182,0.7471841780840182,0.7471841780840182,0.0,0,cqi|cost|switching,cqi|cost|switching,cqi,1,4,0.0,0.0
low,medium,seed_0002,13,0,0.7471841780840182,3000.0,1.0,3.0,1.0,0.0,0.0,0.0,0.0,14.583333333333334,1.114924013354971,0.0,5.0,0.875,0.7083333333333334,0.45807917915264956,3.0,0.0,0.0,1.8333333333333333,3.7152777777777772,0.1699616423683392,0.8850320523834884,0.05748397380825582,16.0,6.0,0.7471841780840182,0.7471841780840182,0.7471841780840182,0.7471841780840182,0.0,0,cqi|cost|switching,cqi|cost|switching,cqi,1,5,0.0,0.0
low,medium,seed_0002,14,0,0.7471841780840182,3000.0,1.0,3.0,1.0,0.0,0.0,0.0,0.0,14.75,0.4330127018922193,0.25,1.0,1.0,0.4166666666666667,0.4263387385656256,3.0,0.0,0.0,2.0,3.6666666666666665,0.0,0.0,0.5,16.0,6.0,0.7471841780840182,0.7471841780840182,0.7471841780840182,0.7471841780840182,0.0,0,cqi|cost|switching,cqi|cost|switching,cqi,1,2,0.0,0.0
low,heavy,seed_0002,0,1,0.35593639169248764,1500.0,1.0,2.0,1.0,0.4000000000000001,1.0,2.0,0.0,14.833333333333334,0.37267799624996495,0.0,1.0,1.0,0.3333333333333333,0.21365146444162395,0.0,0.0,0.0,5.0,3.6666666666666665,0.0,0.0,0.5,12.0,2.0,0.35593639169248764,0.35593639169248764,0.35593639169248764,0.35593639169248764,0.0,0,cqi|cost|switching,cqi|cost|switching,cqi,1,2,0.0,0.0
low,heavy,seed_0002,1,0,0.5559363916924877,1500.0,1.0,2.0,1.0,0.0,0.0,0.0,0.0,14.75,0.5951190357119042,0.0,2.0,0.9166666666666666,0.25,0.21880594650777288,2.0,0.0,0.0,2.9166666666666665,3.6805555555555554,0.06660877115712113,0.5107539184552492,0.2446230407723754,24.0,2.0,0.5559363916924877,0.5559363916924877,0.5559363916924877,0.5559363916924877,0.0,0,cqi|cost|switching,cqi|cost|switching,cqi,1,4,0.0,0.0
low,heavy,seed_0002,2,0,0.5559363916924877,1500.0,1.0,2.0,1.0,0.0,0.0,0.0,0.0,14.666666666666666,0.6236095644623235,0.25,2.0,0.9166666666666666,0.16666666666666666,0.2466326495188785,2.0,0.0,0.0,2.9166666666666665,3.6875,0.07316426217258852,0.6318574652029547,0.18407126739852264,24.0,2.0,0.5559363916924877,0.5559363916924877,0.5559363916924877,0.5559363916924877,0.0,0,cqi|cost|switching,cqi|cost|switching,cqi,1,4,0.0,0.0
low,heavy,seed_0002,3,0,0.5559363916924877,1500.0,1.0,2.0,1.0,0.0,0.0,0.0,0.0,14.708333333333334,0.6757197808427856,0.0,3.0,0.9583333333333334,0.4583333333333333,0.31164603142174374,2.0,0.0,0.0,2.9583333333333335,3.6805555555555554,0.06660877115712113,0.48989794855663565,0.25505102572168215,24.0,2.0,0.5559363916924877,0.5559363916924877,0.5559363916924877,0.5559363916924877,0.0,0,cqi|cost|switching,cqi|cost|switching,cqi,1,4,0.0,0.0
low,heavy,seed_0002,4,0,0.5559363916924877,1500.0,1.0,2.0,1.0,0.0,0.0,0.0,0.0,14.75,0.5204164998665332,0.0,2.0,0.9583333333333334,0.375,0.2811288369678796,2.0,0.0,0.0,2.9583333333333335,3.6666666666666665,0.0,0.0,0.5,24.0,2.0,0.5559363916924877,0.5559363916924877,0.5559363916924877,0.5559363916924877,0.0,0,cqi|cost|switching,cqi|cost|switching,cqi,1,3,0.0,0.0
low,heavy,seed_0002,5,0,0.5559363916924877,1500.0,1.0,2.0,1.0,0.0,0.0,0.0,0.0,14.833333333333334,0.4714045207910317,0.0,2.0,0.9583333333333334,0.16666666666666666,0.28361998770935526,2.0,0.0,0.0,2.9583333333333335,3.6666666666666665,0.0,0.0,0.5,24.0,2.0,0.5559363916924877,0.5559363916924877,0.5559363916924877,0.5559363916924877,0.0,0,cqi|cost|switching,cqi|cost|switching,cqi,1,3,0.0,0.0
low,heavy,seed_0002,6,0,0.5559363916924877,1500.0,1.0,2.0,1.0,0.0,0.0,0.0,0.0,14.75,0.5204164998665332,0.0,2.0,0.9583333333333334,0.16666666666666666,0.2961634696492221,2.0,0.0,0.0,2.9583333333333335,3.6736111111111107,0.03330438557856061,0.48989794855663565,0.25505102572168215,24.0,2.0,0.5559363916924877,0.5559363916924877,0.5559363916924877,0.5559363916924877,0.0,0,cqi|cost|switching,cqi|cost|switching,cqi,1,3,0.0,0.0
low,heavy,seed_0002,7,0,0.5559363916924877,1500.0,1.0,2.0,1.0,0.0,0.0,0.0,0.0,14.916666666666666,0.2763853991962833,0.0,1.0,1.0,0.25,0.26498299142610593,2.0,0.0,0.0,3.0,3.6666666666666665,0.0,0.0,0.5,24.0,2.0,0.5559363916924877,0.5559363916924877,0.5559363916924877,0.5559363916924877,0.0,0,cqi|cost|switching,cqi|cost|switching,cqi,1,2,0.0,0.0
low,heavy,seed_0002,8,0,0.5559363916924877,1500.0,1.0,2.0,1.0,0.0,0.0,0.0,0.0,14.833333333333334,0.6236095644623235,0.0,3.0,0.9583333333333334,0.25,0.18914115380582555,2.0,0.0,0.0,2.9583333333333335,3.6805555555555554,0.06660877115712113,0.7223151185146153,0.13884244074269236,24.0,2.0,0.5559363916924877,0.5559363916924877,0.5559363916924877,0.5559363916924877,0.0,0,cqi|cost|switching,cqi|cost|switching,cqi,1,3,0.0,0.0
low,heavy,seed_0002,9,0,0.5559363916924877,1500.0,1.0,2.0,1.0,0.0,0.0,0.0,0.0,14.75,0.5951190357119042,0.0,2.0,0.9166666666666666,0.3333333333333333,0.24082482904638627,2.0,0.0,0.0,2.9166666666666665,3.6875,0.07316426217258852,0.7378505542816147,0.13107472285919264,24.0,2.0,0.5559363916924877,0.5559363916924877,0.5559363916924877,0.5559363916924877,0.0,0,cqi|cost|switching,cqi|cost|switching,cqi,1,3,0.0,0.0
low,heavy,seed_0002,10,0,0.5559363916924877,1500.0,1.0,2.0,1.0,0.0,0.0,0.0,0.0,14.708333333333334,0.8405933750763339,0.0,3.0,0.9166666666666666,0.4583333333333333,0.26634792588600087,2.0,0.0,0.0,2.9166666666666665,3.694444444444444,0.09212846639876114,0.834057656228299,0.08297117188585051,24.0,2.0,0.5559363916924877,0.5559363916924877,0.5559363916924877,0.5559363916924877,0.0,0,cqi|cost|switching,cqi|cost|switching,cqi,1,3,0.0,0.0
low,heavy,seed_0002,11,0,0.5559363916924877,1500.0,1.0,2.0,1.0,0.0,0.0,0.0,0.0,14.708333333333334,0.6109532624422992,0.0,2.0,0.9166666666666666,0.3333333333333333,0.29144564260568656,2.0,0.0,0.0,2.9166666666666665,3.6666666666666665,0.0,0.0,0.5,24.0,2.0,0.5559363916924877,0.5559363916924877,0.5559363916924877,0.5559363916924877,0.0,0,cqi|cost|switching,cqi|cost|switching,cqi,1,2,0.0,0.0
low,heavy,seed_0002,12,0,0.5559363916924877,1500.0,1.0,2.0,1.0,0.0,0.0,0.0,0.0,14.625,0.6959705453537527,1.0,3.0,0.9583333333333334,0.5,0.3570298927405,2.0,0.0,0.0,2.9583333333333335,3.6875,0.09991315673568175,0.43643578047198484,0.2817821097640076,24.0,2.0,0.5559363916924877,0.5559363916924877,0.5559363916924877,0.5559363916924877,0.0,0,cqi|cost|switching,cqi|cost|switching,cqi,1,4,0.0,0.0
low,heavy,seed_0002,13,0,0.5559363916924877,1500.0,1.0,2.0,1.0,0.0,0.0,0.0,0.0,14.583333333333334,1.114924013354971,0.0,5.0,0.875,0.7083333333333334,0.45807917915264956,2.0,0.0,0.0,2.8333333333333335,3.7152777777777772,0.1699616423683392,0.8850320523834884,0.05748397380825582,24.0,2.0,0.5559363916924877,0.5559363916924877,0.5559363916924877,0.5559363916924877,0.0,0,cqi|cost|switching,cqi|cost|switching,cqi,1,5,0.0,0.0
low,heavy,seed_0002,14,0,0.5559363916924877,1500.0,1.0,2.0,1.0,0.0,0.0,0.0,0.0,14.75,0.4330127018922193,0.25,1.0,1.0,0.4166666666666667,0.4263387385656256,2.0,0.0,0.0,3.0,3.6666666666666665,0.0,0.0,0.5,24.0,2.0,0.5559363916924877,0.5559363916924877,0.5559363916924877,0.5559363916924877,0.0,0,cqi|cost|switching,cqi|cost|switching,cqi,1,2,0.0,0.0
low,light,seed_0003,0,1,0.5290781116502739,5800.0,1.0,4.0,1.0,0.8000000000000002,1.0,4.0,0.0,14.75,0.4330127018922193,0.25,1.0,1.0,0.2916666666666667,0.27808806877293296,0.0,0.0,0.0,5.0,3.6666666666666665,0.0,0.0,0.5,2.0,12.0,0.5290781116502739,0.5290781116502739,0.5290781116502739,0.5290781116502739,0.0,0,cqi|cost|switching,cqi|cost|switching,cqi,1,2,0.0,0.0
low,light,seed_0003,1,0,0.9290781116502739,5800.0,1.0,4.0,1.0,0.0,0.0,0.0,0.0,14.916666666666666,0.2763853991962833,0.0,1.0,1.0,0.16666666666666666,0.2485004832961261,4.0,0.0,0.0,1.0,3.6666666666666665,0.0,0.0,0.5,12.0,12.0,0.9290781116502739,0.9290781116502739,0.9290781116502739,0.9290781116502739,0.0,0,cqi|cost|switching,cqi|cost|switching,cqi,1,2,0.0,0.0
low,light,seed_0003,2,0,0.9290781116502739,5800.0,1.0,4.0,1.0,0.0,0.0,0.0,0.0,14.833333333333334,0.4714045207910317,0.0,2.0,0.9583333333333334,0.16666666666666666,0.2727494281700971,4.0,0.0,0.0,0.9583333333333334,3.6666666666666665,0.0,0.0,0.5,12.0,12.0,0.9290781116502739,0.9290781116502739,0.9290781116502739,0.9290781116502739,0.0,0,cqi|cost|switching,cqi|cost|switching,cqi,1,3,0.0,0.0
low,light,seed_0003,3,0,0.9290781116502739,5800.0,1.0,4.0,1.0,0.0,0.0,0.0,0.0,14.708333333333334,0.6109532624422991,0.0,2.0,0.9166666666666666,0.375,0.25580782047249223,4.0,0.0,0.0,0.9166666666666666,3.6805555555555554,0.04606423319938064,0.6761234037828133,0.16193829810859334,12.166666666666666,12.0,0.9290781116502739,0.9290781116502739,0.9290781116502739,0.9290781116502739,0.0,0,cqi|cost|switching,cqi|cost|switching,cqi,1,4,0.0,0.0
low,light,seed_0003,4,0,0.9290781116502739,5800.0,1.0,4.0,1.0,0.0,0.0,0.0,0.0,14.833333333333334,0.6236095644623235,0.0,3.0,0.9583333333333334,0.20833333333333334,0.25102095242891226,4.0,0.0,0.0,0.9583333333333334,3.694444444444444,0.09212846639876116,0.9990543733109615,0.0004728133445192628,12.166666666666666,12.0,0.9290781116502739,0.9290781116502739,0.9290781116502739,0.9290781116502739,0.0,0,cqi|cost|switching,cqi|cost|switching,cqi,1,4,0.0,0.0
low,light,seed_0003,5,0,0.9290781116502739,5800.0,1.0,4.0,1.0,0.0,0.0,0.0,0.0,14.958333333333334,0.19982631347136331,0.0,1.0,1.0,0.20833333333333334,0.23060853790571909,4.0,0.0,0.0,1.0,3.6666666666666665,0.0,0.0,0.5,12.0,12.0,0.9290781116502739,0.9290781116502739,0.9290781116502739,0.9290781116502739,0.0,0,cqi|cost|switching,cqi|cost|switching,cqi,1,2,0.0,0.0
low,light,seed_0003,6,0,0.9290781116502739,5800.0,1.0,4.0,1.0,0.0,0.0,0.0,0.0,14.833333333333334,0.3726779962499649,0.0,1.0,1.0,0.20833333333333334,0.2431618426932903,4.0,0.0,0.0,1.0,3.6666666666666665,0.0,0.0,0.5,12.0,12.0,0.9290781116502739,0.9290781116502739,0.9290781116502739,0.9290781116502739,0.0,0,cqi|cost|switching,cqi|cost|switching,cqi,1,2,0.0,0.0
low,light,seed_0003,7,0,0.9290781116502739,5800.0,1.0,4.0,1.0,0.0,0.0,0.0,0.0,14.708333333333334,0.5384519993050035,0.25,2.0,0.9583333333333334,0.125,0.25372907284951934,4.0,0.0,0.0,0.9583333333333334,3.6736111111111107,0.03330438557856061,0.4588314677411236,0.2705842661294382,12.083333333333334,12.0,0.9290781116502739,0.9290781116502739,0.9290781116502739,0.9290781116502739,0.0,0,cqi|cost|switching,cqi|cost|switching,cqi,1,4,0.0,0.0
low,light,seed_0003,8,0,0.9290781116502739,5800.0,1.0,4.0,1.0,0.0,0.0,0.0,0.0,14.791666666666666,0.4982608642958916,0.0,2.0,0.9583333333333334,0.08333333333333333,0.18932987224096223,4.0,0.0,0.0,0.9583333333333334,3.6666666666666665,0.0,0.0,0.5,12.0,12.0,0.9290781116502739,0.9290781116502739,0.9290781116502739,0.9290781116502739,0.0,0,cqi|cost|switching,cqi|cost|switching,cqi,1,2,0.0,0.0
low,light,seed_0003,9,0,0.9290781116502739,5800.0,1.0,4.0,1.0,0.0,0.0,0.0,0.0,14.75,0.82915619758885,0.0,4.0,0.9583333333333334,0.20833333333333334,0.1702600712653626,4.0,0.0,0.0,0.9583333333333334,3.6805555555555554,0.06660877115712113,0.6030226891555273,0.19848865542223637,12.083333333333334,12.0,0.9290781116502739,0.9290781116502739,0.9290781116502739,0.9290781116502739,0.0,0,cqi|cost|switching,cqi|cost|switching,cqi,1,3,0.0,0.0
low,light,seed_0003,10,0,0.9290781116502739,5800.0,1.0,4.0,1.0,0.0,0.0,0.0,0.0,14.875,0.33071891388307384,0.0,1.0,1.0,0.2916666666666667,0.20359340459869593,4.0,0.0,0.0,1.0,3.6666666666666665,0.0,0.0,0.5,12.0,12.0,0.9290781116502739,0.9290781116502739,0.9290781116502739,0.9290781116502739,0.0,0,cqi|cost|switching,cqi|cost|switching,cqi,1,2,0.0,0.0
low,light,seed_0003,11,0,0.9290781116502739,5800.0,1.0,4.0,1.0,0.0,0.0,0.0,0.0,14.75,0.5204164998665332,0.0,2.0,0.9583333333333334,0.20833333333333334,0.25369626170707477,4.0,0.0,0.0,0.9583333333333334,3.6805555555555554,0.06660877115712113,0.48989794855663565,0.25505102572168215,12.083333333333334,12.0,0.9290781116502739,0.9290781116502739,0.9290781116502739,0.9290781116502739,0.0,0,cqi|cost|switching,cqi|cost|switching,cqi,1,3,0.0,0.0
low,light,seed_0003,12,0,0.9290781116502739,5800.0,1.0,4.0,1.0,0.0,0.0,0.0,0.0,14.666666666666666,0.6871842709362768,0.25,3.0,0.9583333333333334,0.4166666666666667,0.28324255083908195,4.0,0.0,0.0,0.9583333333333334,3.6805555555555554,0.06660877115712113,0.4588314677411236,0.2705842661294382,12.083333333333334,12.0,0.9290781116502739,0.9290781116502739,0.9290781116502739,0.9290781116502739,0.0,0,cqi|cost|switching,cqi|cost|switching,cqi,1,4,0.0,0.0
low,light,seed_0003,13,0,0.9290781116502739,5800.0,1.0,4.0,1.0,0.0,0.0,0.0,0.0,14.791666666666666,0.4061164310337068,0.0,1.0,1.0,0.2916666666666667,0.31123724356957944,4.0,0.0,0.0,1.0,3.6666666666666665,0.0,0.0,0.5,12.0,12.0,0.9290781116502739,0.9290781116502739,0.9290781116502739,0.9290781116502739,0.0,0,cqi|cost|switching,cqi|cost|switching,cqi,1,2,0.0,0.0
low,light,seed_0003,14,0,0.9290781116502739,5800.0,1.0,4.0,1.0,0.0,0.0,0.0,0.0,14.625,0.8068715304598785,0.0,3.0,0.875,0.3333333333333333,0.3187287392826324,4.0,0.0,0.0,0.875,3.694444444444444,0.09212846639876116,0.6599005049257948,0.1700497475371026,12.166666666666666,12.0,0.9290781116502739,0.9290781116502739,0.9290781116502739,0.9290781116502739,0.0,0,cqi|cost|switching,cqi|cost|switching,cqi,1,4,0.0,0.0
low,medium,seed_0003,0,1,0.4471841780840183,3000.0,1.0,3.0,1.0,0.6,1.0,3.0,0.0,14.75,0.4330127018922193,0.25,1.0,1.0,0.2916666666666667,0.27808806877293296,0.0,0.0,0.0,5.0,3.6666666666666665,0.0,0.0,0.5,4.0,6.0,0.4471841780840183,0.4471841780840183,0.4471841780840183,0.4471841780840183,0.0,0,cqi|cost|switching,cqi|cost|switching,cqi,1,2,0.0,0.0
low,medium,seed_0003,1,0,0.7471841780840182,3000.0,1.0,3.0,1.0,0.0,0.0,0.0,0.0,14.916666666666666,0.2763853991962833,0.0,1.0,1.0,0.16666666666666666,0.2485004832961261,3.0,0.0,0.0,2.0,3.6666666666666665,0.0,0.0,0.5,16.0,6.0,0.7471841780840182,0.7471841780840182,0.7471841780840182,0.7471841780840182,0.0,0,cqi|cost|switching,cqi|cost|switching,cqi,1,2,0.0,0.0
low,medium,seed_0003,2,0,0.7471841780840182,3000.0,1.0,3.0,1.0,0.0,0.0,0.0,0.0,14.833333333333334,0.4714045207910317,0.0,2.0,0.9583333333333334,0.16666666666666666,0.2727494281700971,3.0,0.0,0.0,1.9583333333333333,3.6666666666666665,0.0,0.0,0.5,16.0,6.0,0.7471841780840182,0.7471841780840182,0.7471841780840182,0.7471841780840182,0.0,0,cqi|cost|switching,cqi|cost|switching,cqi,1,3,0.0,0.0
low,medium,seed_0003,3,0,0.7471841780840182,3000.0,1.0,3.0,1.0,0.0,0.0,0.0,0.0,14.708333333333334,0.6109532624422991,0.0,2.0,0.9166666666666666,0.375,0.25580782047249223,3.0,0.0,0.0,1.9166666666666667,3.6805555555555554,0.04606423319938064,0.6761234037828133,0.16193829810859334,16.0,6.0,0.7471841780840182,0.7471841780840182,0.7471841780840182,0.7471841780840182,0.0,0,cqi|cost|switching,cqi|cost|switching,cqi,1,4,0.0,0.0
low,medium,seed_0003,4,0,0.7471841780840182,3000.0,1.0,3.0,1.0,0.0,0.0,0.0,0.0,14.833333333333334,0.6236095644623235,0.0,3.0,0.9583333333333334,0.20833333333333334,0.25102095242891226,3.0,0.0,0.0,1.9583333333333333,3.694444444444444,0.09212846639876116,0.9990543733109615,0.0004728133445192628,16.0,6.0,0.7471841780840182,0.7471841780840182,0.7471841780840182,0.7471841780840182,0.0,0,cqi|cost|switching,cqi|cost|switching,cqi,1,4,0.0,0.0
low,medium,seed_0003,5,0,0.7471841780840182,3000.0,1.0,3.0,1.0,0.0,0.0,0.0,0.0,14.958333333333334,0.19982631347136331,0.0,1.0,1.0,0.20833333333333334,0.23060853790571909,3.0,0.0,0.0,2.0,3.6666666666666665,0.0,0.0,0.5,16.0,6.0,0.7471841780840182,0.7471841780840182,0.7471841780840182,0.7471841780840182,0.0,0,cqi|cost|switching,cqi|cost|switching,cqi,1,2,0.0,0.0
low,medium,seed_0003,6,0,0.7471841780840182,3000.0,1.0,3.0,1.0,0.0,0.0,0.0,0.0,14.833333333333334,0.3726779962499649,0.0,1.0,1.0,0.20833333333333334,0.2431618426932903,3.0,0.0,0.0,2.0,3.6666666666666665,0.0,0.0,0.5,16.0,6.0,0.7471841780840182,0.7471841780840182,0.7471841780840182,0.7471841780840182,0.0,0,cqi|cost|switching,cqi|cost|switching,cqi,1,2,0.0,0.0
low,medium,seed_0003,7,0,0.7471841780840182,3000.0,1.0,3.0,1.0,0.0,0.0,0.0,0.0,14.708333333333334,0.5384519993050035,0.25,2.0,0.9583333333333334,0.125,0.25372907284951934,3.0,0.0,0.0,1.9583333333333333,3.6736111111111107,0.03330438557856061,0.4588314677411236,0.2705842661294382,16.0,6.0,0.7471841780840182,0.7471841780840182,0.7471841780840182,0.7471841780840182,0.0,0,cqi|cost|switching,cqi|cost|switching,cqi,1,4,0.0,0.0
low,medium,seed_0003,8,0,0.7471841780840182,3000.0,1.0,3.0,1.0,0.0,0.0,0.0,0.0,14.791666666666666,0.4982608642958916,0.0,2.0,0.9583333333333334,0.08333333333333333,0.18932987224096223,3.0,0.0,0.0,1.9583333333333333,3.6666666666666665,0.0,0.0,0.5,16.0,6.0,0.7471841780840182,0.7471841780840182,0.7471841780840182,0.7471841780840182,0.0,0,cqi|cost|switching,cqi|cost|switching,cqi,1,2,0.0,0.0
low,medium,seed_0003,9,0,0.7471841780840182,3000.0,1.0,3.0,1.0,0.0,0.0,0.0,0.0,14.75,0.82915619758885,0.0,4.0,0.9583333333333334,0.20833333333333334,0.1702600712653626,3.0,0.0,0.0,1.9583333333333333,3.6805555555555554,0.06660877115712113,0.6030226891555273,0.19848865542223637,16.0,6.0,0.7471841780840182,0.7471841780840182,0.7471841780840182,0.7471841780840182,0.0,0,cqi|cost|switching,cqi|cost|switching,cqi,1,3,0.0,0.0
low,medium,seed_0003,10,0,0.7471841780840182,3000.0,1.0,3.0,1.0,0.0,0.0,0.0,0.0,14.875,0.33071891388307384,0.0,1.0,1.0,0.2916666666666667,0.20359340459869593,3.0,0.0,0.0,2.0,3.6666666666666665,0.0,0.0,0.5,16.0,6.0,0.7471841780840182,0.7471841780840182,0.7471841780840182,0.7471841780840182,0.0,0,cqi|cost|switching,cqi|cost|switching,cqi,1,2,0.0,0.0
low,medium,seed_0003,11,0,0.7471841780840182,3000.0,1.0,3.0,1.0,0.0,0.0,0.0,0.0,14.75,0.5204164998665332,0.0,2.0,0.9583333333333334,0.20833333333333334,0.25369626170707477,3.0,0.0,0.0,1.9583333333333333,3.6805555555555554,0.06660877115712113,0.48989794855663565,0.25505102572168215,16.0,6.0,0.7471841780840182,0.7471841780840182,0.7471841780840182,0.7471841780840182,0.0,0,cqi|cost|switching,cqi|cost|switching,cqi,1,3,0.0,0.0
low,medium,seed_0003,12,0,0.7471841780840182,3000.0,1.0,3.0,1.0,0.0,0.0,0.0,0.0,14.666666666666666,0.6871842709362768,0.25,3.0,0.9583333333333334,0.4166666666666667,0.28324255083908195,3.0,0.0,0.0,1.9583333333333333,3.6805555555555554,0.06660877115712113,0.4588314677411236,0.2705842661294382,16.0,6.0,0.7471841780840182,0.7471841780840182,0.7471841780840182,0.7471841780840182,0.0,0,cqi|cost|switching,cqi|cost|switching,cqi,1,4,0.0,0.0
low,medium,seed_0003,13,0,0.7471841780840182,3000.0,1.0,3.0,1.0,0.0,0.0,0.0,0.0,14.791666666666666,0.4061164310337068,0.0,1.0,1.0,0.2916666666666667,0.31123724356957944,3.0,0.0,0.0,2.0,3.6666666666666665,0.0,0.0,0.5,16.0,6.0,0.7471841780840182,0.7471841780840182,0.7471841780840182,0.7471841780840182,0.0,0,cqi|cost|switching,cqi|cost|switching,cqi,1,2,0.0,0.0
low,medium,seed_0003,14,0,0.7471841780840182,3000.0,1.0,3.0,1.0,0.0,0.0,0.0,0.0,14.625,0.8068715304598785,0.0,3.0,0.875,0.3333333333333333,0.3187287392826324,3.0,0.0,0.0,1.875,3.694444444444444,0.09212846639876116,0.6599005049257948,0.1700497475371026,16.0,6.0,0.7471841780840182,0.7471841780840182,0.7471841780840182,0.7471841780840182,0.0,0,cqi|cost|switching,cqi|cost|switching,cqi,1,4,0.0,0.0
low,heavy,seed_0003,0,1,0.35593639169248764,1500.0,1.0,2.0,1.0,0.4000000000000001,1.0,2.0,0.0,14.75,0.4330127018922193,0.25,1.0,1.0,0.2916666666666667,0.27808806877293296,0.0,0.0,0.0,5.0,3.6666666666666665,0.0,0.0,0.5,12.0,2.0,0.35593639169248764,0.35593639169248764,0.35593639169248764,0.35593639169248764,0.0,0,cqi|cost|switching,cqi|cost|switching,cqi,1,2,0.0,0.0
low,heavy,seed_0003,1,0,0.5559363916924877,1500.0,1.0,2.0,1.0,0.0,0.0,0.0,0.0,14.916666666666666,0.2763853991962833,0.0,1.0,1.0,0.16666666666666666,0.2485004832961261,2.0,0.0,0.0,3.0,3.6666666666666665,0.0,0.0,0.5,24.0,2.0,0.5559363916924877,0.5559363916924877,0.5559363916924877,0.5559363916924877,0.0,0,cqi|cost|switching,cqi|cost|switching,cqi,1,2,0.0,0.0
low,heavy,seed_0003,2,0,0.5559363916924877,1500.0,1.0,2.0,1.0,0.0,0.0,0.0,0.0,14.833333333333334,0.4714045207910317,0.0,2.0,0.9583333333333334,0.16666666666666666,0.2727494281700971,2.0,0.0,0.0,2.9583333333333335,3.6666666666666665,0.0,0.0,0.5,24.0,2.0,0.5559363916924877,0.5559363916924877,0.5559363916924877,0.5559363916924877,0.0,0,cqi|cost|switching,cqi|cost|switching,cqi,1,3,0.0,0.0
low,heavy,seed_0003,3,0,0.5559363916924877,1500.0,1.0,2.0,1.0,0.0,0.0,0.0,0.0,14.708333333333334,0.6109532624422991,0.0,2.0,0.9166666666666666,0.375,0.25580782047249223,2.0,0.0,0.0,2.9166666666666665,3.6805555555555554,0.04606423319938064,0.6761234037828133,0.16193829810859334,24.0,2.0,0.5559363916924877,0.5559363916924877,0.5559363916924877,0.5559363916924877,0.0,0,cqi|cost|switching,cqi|cost|switching,cqi,1,4,0.0,0.0
low,heavy,seed_0003,4,0,0.5559363916924877,1500.0,1.0,2.0,1.0,0.0,0.0,0.0,0.0,14.833333333333334,0.6236095644623235,0.0,3.0,0.9583333333333334,0.20833333333333334,0.25102095242891226,2.0,0.0,0.0,2.9583333333333335,3.694444444444444,0.09212846639876116,0.9990543733109615,0.0004728133445192628,24.0,2.0,0.5559363916924877,0.5559363916924877,0.5559363916924877,0.5559363916924877,0.0,0,cqi|cost|switching,cqi|cost|switching,cqi,1,4,0.0,0.0
low,heavy,seed_0003,5,0,0.5559363916924877,1500.0,1.0,2.0,1.0,0.0,0.0,0.0,0.0,14.958333333333334,0.19982631347136331,0.0,1.0,1.0,0.20833333333333334,0.23060853790571909,2.0,0.0,0.0,3.0,3.6666666666666665,0.0,0.0,0.5,24.0,2.0,0.5559363916924877,0.5559363916924877,0.5559363916924877,0.5559363916924877,0.0,0,cqi|cost|switching,cqi|cost|switching,cqi,1,2,0.0,0.0
low,heavy,seed_0003,6,0,0.5559363916924877,1500.0,1.0,2.0,1.0,0.0,0.0,0.0,0.0,14.833333333333334,0.3726779962499649,0.0,1.0,1.0,0.20833333333333334,0.2431618426932903,2.0,0.0,0.0,3.0,3.6666666666666665,0.0,0.0,0.5,24.0,2.0,0.5559363916924877,0.5559363916924877,0.5559363916924877,0.5559363916924877,0.0,0,cqi|cost|switching,cqi|cost|switching,cqi,1,2,0.0,0.0
low,heavy,seed_0003,7,0,0.5559363916924877,1500.0,1.0,2.0,1.0,0.0,0.0,0.0,0.0,14.708333333333334,0.5384519993050035,0.25,2.0,0.9583333333333334,0.125,0.25372907284951934,2.0,0.0,0.0,2.9583333333333335,3.6736111111111107,0.03330438557856061,0.4588314677411236,0.2705842661294382,24.0,2.0,0.5559363916924877,0.5559363916924877,0.5559363916924877,0.5559363916924877,0.0,0,cqi|cost|switching,cqi|cost|switching,cqi,1,4,0.0,0.0
low,heavy,seed_0003,8,0,0.5559363916924877,1500.0,1.0,2.0,1.0,0.0,0.0,0.0,0.0,14.791666666666666,0.4982608642958916,0.0,2.0,0.9583333333333334,0.08333333333333333,0.18932987224096223,2.0,0.0,0.0,2.9583333333333335,3.6666666666666665,0.0,0.0,0.5,24.0,2.0,0.5559363916924877,0.5559363916924877,0.5559363916924877,0.5559363916924877,0.0,0,cqi|cost|switching,cqi|cost|switching,cqi,1,2,0.0,0.0
low,heavy,seed_0003,9,0,0.5559363916924877,1500.0,1.0,2.0,1.0,0.0,0.0,0.0,0.0,14.75,0.82915619758885,0.0,4.0,0.9583333333333334,0.20833333333333334,0.1702600712653626,2.0,0.0,0.0,2.9583333333333335,3.6805555555555554,0.06660877115712113,0.6030226891555273,0.19848865542223637,24.0,2.0,0.5559363916924877,0.5559363916924877,0.5559363916924877,0.5559363916924877,0.0,0,cqi|cost|switching,cqi|cost|switching,cqi,1,3,0.0,0.0
low,heavy,seed_0003,10,0,0.5559363916924877,1500.0,1.0,2.0,1.0,0.0,0.0,0.0,0.0,14.875,0.33071891388307384,0.0,1.0,1.0,0.2916666666666667,0.20359340459869593,2.0,0.0,0.0,3.0,3.6666666666666665,0.0,0.0,0.5,24.0,2.0,0.5559363916924877,0.5559363916924877,0.5559363916924877,0.5559363916924877,0.0,0,cqi|cost|switching,cqi|cost|switching,cqi,1,2,0.0,0.0
low,heavy,seed_0003,11,0,0.5559363916924877,1500.0,1.0,2.0,1.0,0.0,0.0,0.0,0.0,14.75,0.5204164998665332,0.0,2.0,0.9583333333333334,0.20833333333333334,0.25369626170707477,2.0,0.0,0.0,2.9583333333333335,3.6805555555555554,0.06660877115712113,0.48989794855663565,0.25505102572168215,24.0,2.0,0.5559363916924877,0.5559363916924877,0.5559363916924877,0.5559363916924877,0.0,0,cqi|cost|switching,cqi|cost|switching,cqi,1,3,0.0,0.0
low,heavy,seed_0003,12,0,0.5559363916924877,1500.0,1.0,2.0,1.0,0.0,0.0,0.0,0.0,14.666666666666666,0.6871842709362768,0.25,3.0,0.9583333333333334,0.4166666666666667,0.28324255083908195,2.0,0.0,0.0,2.9583333333333335,3.6805555555555554,0.06660877115712113,0.4588314677411236,0.2705842661294382,24.0,2.0,0.5559363916924877,0.5559363916924877,0.5559363916924877,0.5559363916924877,0.0,0,cqi|cost|switching,cqi|cost|switching,cqi,1,4,0.0,0.0
low,heavy,seed_0003,13,0,0.5559363916924877,1500.0,1.0,2.0,1.0,0.0,0.0,0.0,0.0,14.791666666666666,0.4061164310337068,0.0,1.0,1.0,0.2916666666666667,0.31123724356957944,2.0,0.0,0.0,3.0,3.6666666666666665,0.0,0.0,0.5,24.0,2.0,0.5559363916924877,0.5559363916924877,0.5559363916924877,0.5559363916924877,0.0,0,cqi|cost|switching,cqi|cost|switching,cqi,1,2,0.0,0.0
low,heavy,seed_0003,14,0,0.5559363916924877,1500.0,1.0,2.0,1.0,0.0,0.0,0.0,0.0,14.625,0.8068715304598785,0.0,3.0,0.875,0.3333333333333333,0.3187287392826324,2.0,0.0,0.0,2.875,3.694444444444444,0.09212846639876116,0.6599005049257948,0.1700497475371026,24.0,2.0,0.5559363916924877,0.5559363916924877,0.5559363916924877,0.5559363916924877,0.0,0,cqi|cost|switching,cqi|cost|switching,cqi,1,4,0.0,0.0
low,light,seed_0004,0,1,0.5290781116502739,5800.0,1.0,4.0,1.0,0.8000000000000002,1.0,4.0,0.0,14.75,0.6614378277661477,0.0,3.0,0.9583333333333334,0.2916666666666667,0.23164965809277263,0.0,0.0,0.0,4.958333333333333,3.6805555555555554,0.06660877115712113,0.5345224838248489,0.23273875808757555,2.0,12.0,0.5290781116502739,0.5290781116502739,0.5290781116502739,0.5290781116502739,0.0,0,cqi|cost|switching,cqi|cost|switching,cqi,1,4,0.0,0.0
low,light,seed_0004,1,0,0.9290781116502739,5800.0,1.0,4.0,1.0,0.0,0.0,0.0,0.0,14.75,0.6614378277661477,0.0,3.0,0.9583333333333334,0.25,0.2450810531173689,4.0,0.0,0.0,0.9583333333333334,3.6805555555555554,0.06660877115712113,0.5345224838248489,0.23273875808757555,12.083333333333334,12.0,0.9290781116502739,0.9290781116502739,0.9290781116502739,0.9290781116502739,0.0,0,cqi|cost|switching,cqi|cost|switching,cqi,1,4,0.0,0.0
low,light,seed_0004,2,0,0.9290781116502739,5800.0,1.0,4.0,1.0,0.0,0.0,0.0,0.0,14.708333333333334,0.7347996703561832,0.0,3.0,0.9166666666666666,0.20833333333333334,0.27359820001581175,4.0,0.0,0.0,0.9166666666666666,3.6875,0.07316426217258852,0.7388664511337207,0.13056677443313963,12.166666666666666,12.0,0.9290781116502739,0.9290781116502739,0.9290781116502739,0.9290781116502739,0.0,0,cqi|cost|switching,cqi|cost|switching,cqi,1,3,0.0,0.0
low,light,seed_0004,3,0,0.9290781116502739,5800.0,1.0,4.0,1.0,0.0,0.0,0.0,0.0,14.666666666666666,0.6871842709362768,0.25,3.0,0.9583333333333334,0.375,0.35767565424973985,4.0,0.0,0.0,0.9583333333333334,3.6805555555555554,0.06660877115712113,0.4588314677411236,0.2705842661294382,12.083333333333334,12.0,0.9290781116502739,0.9290781116502739,0.9290781116502739,0.9290781116502739,0.0,0,cqi|cost|switching,cqi|cost|switching,cqi,1,4,0.0,0.0
low,light,seed_0004,4,0,0.9290781116502739,5800.0,1.0,4.0,1.0,0.0,0.0,0.0,0.0,14.833333333333334,0.3726779962499649,0.0,1.0,1.0,0.16666666666666666,0.2807514000976062,4.0,0.0,0.0,1.0,3.6666666666666665,0.0,0.0,0.5,12.0,12.0,0.9290781116502739,0.9290781116502739,0.9290781116502739,0.9290781116502739,0.0,0,cqi|cost|switching,cqi|cost|switching,cqi,1,2,0.0,0.0
low,light,seed_0004,5,0,0.9290781116502739,5800.0,1.0,4.0,1.0,0.0,0.0,0.0,0.0,14.791666666666666,0.6441510347391795,0.0,3.0,0.9583333333333334,0.20833333333333334,0.2762202349956854,4.0,0.0,0.0,0.9583333333333334,3.6805555555555554,0.06660877115712113,0.6030226891555273,0.19848865542223637,12.083333333333334,12.0,0.9290781116502739,0.9290781116502739,0.9290781116502739,0.9290781116502739,0.0,0,cqi|cost|switching,cqi|cost|switching,cqi,1,3,0.0,0.0
low,light,seed_0004,6,0,0.9290781116502739,5800.0,1.0,4.0,1.0,0.0,0.0,0.0,0.0,14.75,0.5951190357119042,0.0,2.0,0.9166666666666666,0.2916666666666667,0.25767565424973976,4.0,0.0,0.0,0.9166666666666666,3.6736111111111107,0.03330438557856061,0.5107539184552492,0.2446230407723754,12.083333333333334,12.0,0.9290781116502739,0.9290781116502739,0.9290781116502739,0.9290781116502739,0.0,0,cqi|cost|switching,cqi|cost|switching,cqi,1,4,0.0,0.0
low,light,seed_0004,7,0,0.9290781116502739,5800.0,1.0,4.0,1.0,0.0,0.0,0.0,0.0,14.875,0.4389855730355308,0.0,2.0,0.9583333333333334,0.375,0.22600932114996006,4.0,0.0,0.0,0.9583333333333334,3.6736111111111107,0.03330438557856061,0.7223151185146153,0.13884244074269236,12.083333333333334,12.0,0.9290781116502739,0.9290781116502739,0.9290781116502739,0.9290781116502739,0.0,0,cqi|cost|switching,cqi|cost|switching,cqi,1,3,0.0,0.0
low,light,seed_0004,8,0,0.9290781116502739,5800.0,1.0,4.0,1.0,0.0,0.0,0.0,0.0,14.791666666666666,0.4061164310337068,0.0,1.0,1.0,0.16666666666666666,0.19408472202624918,4.0,0.0,0.0,1.0,3.6666666666666665,0.0,0.0,0.5,12.0,12.0,0.9290781116502739,0.9290781116502739,0.9290781116502739,0.9290781116502739,0.0,0,cqi|cost|switching,cqi|cost|switching,cqi,1,2,0.0,0.0
low,light,seed_0004,9,0,0.9290781116502739,5800.0,1.0,4.0,1.0,0.0,0.0,0.0,0.0,14.75,0.5951190357119042,0.0,2.0,0.9166666666666666,0.20833333333333334,0.23351749187002016,4.0,0.0,0.0,0.9166666666666666,3.6736111111111107,0.03330438557856061,0.5107539184552492,0.2446230407723754,12.083333333333334,12.0,0.9290781116502739,0.9290781116502739,0.9290781116502739,0.9290781116502739,0.0,0,cqi|cost|switching,cqi|cost|switching,cqi,1,2,0.0,0.0
low,light,seed_0004,10,0,0.9290781116502739,5800.0,1.0,4.0,1.0,0.0,0.0,0.0,0.0,14.791666666666666,0.4061164310337068,0.0,1.0,1.0,0.2916666666666667,0.25425622407098264,4.0,0.0,0.0,1.0,3.6666666666666665,0.0,0.0,0.5,12.0,12.0,0.9290781116502739,0.9290781116502739,0.9290781116502739,0.9290781116502739,0.0,0,cqi|cost|switching,cqi|cost|switching,cqi,1,2,0.0,0.0
low,light,seed_0004,11,0,0.9290781116502739,5800.0,1.0,4.0,1.0,0.0,0.0,0.0,0.0,14.833333333333334,0.6236095644623235,0.0,3.0,0.9583333333333334,0.375,0.24240827481669347,4.0,0.0,0.0,0.9583333333333334,3.6805555555555554,0.06660877115712113,0.7223151185146153,0.13884244074269236,12.083333333333334,12.0,0.9290781116502739,0.9290781116502739,0.9290781116502739,0.9290781116502739,0.0,0,cqi|cost|switching,cqi|cost|switching,cqi,1,4,0.0,0.0
low,light,seed_0004,12,0,0.9290781116502739,5800.0,1.0,4.0,1.0,0.0,0.0,0.0,0.0,14.625,0.7534642216677135,0.25,3.0,0.9166666666666666,0.5416666666666666,0.2993726193082831,4.0,0.0,0.0,0.9166666666666666,3.6875,0.07316426217258852,0.5640303222262197,0.21798483888689013,12.166666666666666,12.0,0.9290781116502739,0.9290781116502739,0.9290781116502739,0.9290781116502739,0.0,0,cqi|cost|switching,cqi|cost|switching,cqi,1,4,0.0,0.0
low,light,seed_0004,13,0,0.9290781116502739,5800.0,1.0,4.0,1.0,0.0,0.0,0.0,0.0,14.833333333333334,0.4714045207910317,0.0,2.0,0.9583333333333334,0.4583333333333333,0.3319079241167037,4.0,0.0,0.0,0.9583333333333334,3.6736111111111107,0.03330438557856061,0.6030226891555273,0.19848865542223637,12.083333333333334,12.0,0.9290781116502739,0.9290781116502739,0.9290781116502739,0.9290781116502739,0.0,0,cqi|cost|switching,cqi|cost|switching,cqi,1,3,0.0,0.0
low,light,seed_0004,14,0,0.9290781116502739,5800.0,1.0,4.0,1.0,0.0,0.0,0.0,0.0,14.75,0.4330127018922193,0.25,1.0,1.0,0.25,0.34690759054981674,4.0,0.0,0.0,1.0,3.6666666666666665,0.0,0.0,0.5,12.0,12.0,0.9290781116502739,0.9290781116502739,0.9290781116502739,0.9290781116502739,0.0,0,cqi|cost|switching,cqi|cost|switching,cqi,1,2,0.0,0.0
low,medium,seed_0004,0,1,0.4471841780840183,3000.0,1.0,3.0,1.0,0.6,1.0,3.0,0.0,14.75,0.6614378277661477,0.0,3.0,0.9583333333333334,0.2916666666666667,0.23164965809277263,0.0,0.0,0.0,4.958333333333333,3.6805555555555554,0.06660877115712113,0.5345224838248489,0.23273875808757555,4.0,6.0,0.4471841780840183,0.4471841780840183,0.4471841780840183,0.4471841780840183,0.0,0,cqi|cost|switching,cqi|cost|switching,cqi,1,4,0.0,0.0
low,medium,seed_0004,1,0,0.7471841780840182,3000.0,1.0,3.0,1.0,0.0,0.0,0.0,0.0,14.75,0.6614378277661477,0.0,3.0,0.9583333333333334,0.25,0.2450810531173689,3.0,0.0,0.0,1.9583333333333333,3.6805555555555554,0.06660877115712113,0.5345224838248489,0.23273875808757555,16.0,6.0,0.7471841780840182,0.7471841780840182,0.7471841780840182,0.7471841780840182,0.0,0,cqi|cost|switching,cqi|cost|switching,cqi,1,4,0.0,0.0
low,medium,seed_0004,2,0,0.7471841780840182,3000.0,1.0,3.0,1.0,0.0,0.0,0.0,0.0,14.708333333333334,0.7347996703561832,0.0,3.0,0.9166666666666666,0.20833333333333334,0.27359820001581175,3.0,0.0,0.0,1.9166666666666667,3.6875,0.07316426217258852,0.7388664511337207,0.13056677443313963,16.0,6.0,0.7471841780840182,0.7471841780840182,0.7471841780840182,0.7471841780840182,0.0,0,cqi|cost|switching,cqi|cost|switching,cqi,1,3,0.0,0.0
low,medium,seed_0004,3,0,0.7471841780840182,3000.0,1.0,3.0,1.0,0.0,0.0,0.0,0.0,14.666666666666666,0.6871842709362768,0.25,3.0,0.9583333333333334,0.375,0.35767565424973985,3.0,0.0,0.0,1.9583333333333333,3.6805555555555554,0.06660877115712113,0.4588314677411236,0.2705842661294382,16.0,6.0,0.7471841780840182,0.7471841780840182,0.7471841780840182,0.7471841780840182,0.0,0,cqi|cost|switching,cqi|cost|switching,cqi,1,4,0.0,0.0
low,medium,seed_0004,4,0,0.7471841780840182,3000.0,1.0,3.0,1.0,0.0,0.0,0.0,0.0,14.833333333333334,0.3726779962499649,0.0,1.0,1.0,0.16666666666666666,0.2807514000976062,3.0,0.0,0.0,2.0,3.6666666666666665,0.0,0.0,0.5,16.0,6.0,0.7471841780840182,0.7471841780840182,0.7471841780840182,0.7471841780840182,0.0,0,cqi|cost|switching,cqi|cost|switching,cqi,1,2,0.0,0.0
low,medium,seed_0004,5,0,0.7471841780840182,3000.0,1.0,3.0,1.0,0.0,0.0,0.0,0.0,14.791666666666666,0.6441510347391795,0.0,3.0,0.9583333333333334,0.20833333333333334,0.2762202349956854,3.0,0.0,0.0,1.9583333333333333,3.6805555555555554,0.06660877115712113,0.6030226891555273,0.19848865542223637,16.0,6.0,0.7471841780840182,0.7471841780840182,0.7471841780840182,0.7471841780840182,0.0,0,cqi|cost|switching,cqi|cost|switching,cqi,1,3,0.0,0.0
low,medium,seed_0004,6,0,0.7471841780840182,3000.0,1.0,3.0,1.0,0.0,0.0,0.0,0.0,14.75,0.5951190357119042,0.0,2.0,0.9166666666666666,0.2916666666666667,0.25767565424973976,3.0,0.0,0.0,1.9166666666666667,3.6736111111111107,0.03330438557856061,0.5107539184552492,0.2446230407723754,16.0,6.0,0.7471841780840182,0.7471841780840182,0.7471841780840182,0.7471841780840182,0.0,0,cqi|cost|switching,cqi|cost|switching,cqi,1,4,0.0,0.0
low,medium,seed_0004,7,0,0.7471841780840182,3000.0,1.0,3.0,1.0,0.0,0.0,0.0,0.0,14.875,0.4389855730355308,0.0,2.0,0.9583333333333334,0.375,0.22600932114996006,3.0,0.0,0.0,1.9583333333333333,3.6736111111111107,0.03330438557856061,0.7223151185146153,0.13884244074269236,16.0,6.0,0.7471841780840182,0.7471841780840182,0.7471841780840182,0.7471841780840182,0.0,0,cqi|cost|switching,cqi|cost|switching,cqi,1,3,0.0,0.0
low,medium,seed_0004,8,0,0.7471841780840182,3000.0,1.0,3.0,1.0,0.0,0.0,0.0,0.0,14.791666666666666,0.4061164310337068,0.0,1.0,1.0,0.16666666666666666,0.19408472202624918,3.0,0.0,0.0,2.0,3.6666666666666665,0.0,0.0,0.5,16.0,6.0,0.7471841780840182,0.7471841780840182,0.7471841780840182,0.7471841780840182,0.0,0,cqi|cost|switching,cqi|cost|switching,cqi,1,2,0.0,0.0
low,medium,seed_0004,9,0,0.7471841780840182,3000.0,1.0,3.0,1.0,0.0,0.0,0.0,0.0,14.75,0.5951190357119042,0.0,2.0,0.9166666666666666,0.20833333333333334,0.23351749187002016,3.0,0.0,0.0,1.9166666666666667,3.6736111111111107,0.03330438557856061,0.5107539184552492,0.2446230407723754,16.0,6.0,0.7471841780840182,0.7471841780840182,0.7471841780840182,0.7471841780840182,0.0,0,cqi|cost|switching,cqi|cost|switching,cqi,1,2,0.0,0.0
low,medium,seed_0004,10,0,0.7471841780840182,3000.0,1.0,3.0,1.0,0.0,0.0,0.0,0.0,14.791666666666666,0.4061164310337068,0.0,1.0,1.0,0.2916666666666667,0.25425622407098264,3.0,0.0,0.0,2.0,3.6666666666666665,0.0,0.0,0.5,16.0,6.0,0.7471841780840182,0.7471841780840182,0.7471841780840182,0.7471841780840182,0.0,0,cqi|cost|switching,cqi|cost|switching,cqi,1,2,0.0,0.0
low,medium,seed_0004,11,0,0.7471841780840182,3000.0,1.0,3.0,1.0,0.0,0.0,0.0,0.0,14.833333333333334,0.6236095644623235,0.0,3.0,0.9583333333333334,0.375,0.24240827481669347,3.0,0.0,0.0,1.9583333333333333,3.6805555555555554,0.06660877115712113,0.7223151185146153,0.13884244074269236,16.0,6.0,0.7471841780840182,0.7471841780840182,0.7471841780840182,0.7471841780840182,0.0,0,cqi|cost|switching,cqi|cost|switching,cqi,1,4,0.0,0.0
low,medium,seed_0004,12,0,0.7471841780840182,3000.0,1.0,3.0,1.0,0.0,0.0,0.0,0.0,14.625,0.7534642216677135,0.25,3.0,0.9166666666666666,0.5416666666666666,0.2993726193082831,3.0,0.0,0.0,1.9166666666666667,3.6875,0.07316426217258852,0.5640303222262197,0.21798483888689013,16.0,6.0,0.7471841780840182,0.7471841780840182,0.7471841780840182,0.7471841780840182,0.0,0,cqi|cost|switching,cqi|cost|switching,cqi,1,4,0.0,0.0
low,medium,seed_0004,13,0,0.7471841780840182,3000.0,1.0,3.0,1.0,0.0,0.0,0.0,0.0,14.833333333333334,0.4714045207910317,0.0,2.0,0.9583333333333334,0.4583333333333333,0.3319079241167037,3.0,0.0,0.0,1.9583333333333333,3.6736111111111107,0.03330438557856061,0.6030226891555273,0.19848865542223637,16.0,6.0,0.7471841780840182,0.7471841780840182,0.7471841780840182,0.7471841780840182,0.0,0,cqi|cost|switching,cqi|cost|switching,cqi,1,3,0.0,0.0
low,medium,seed_0004,14,0,0.7471841780840182,3000.0,1.0,3.0,1.0,0.0,0.0,0.0,0.0,14.75,0.4330127018922193,0.25,1.0,1.0,0.25,0.34690759054981674,3.0,0.0,0.0,2.0,3.6666666666666665,0.0,0.0,0.5,16.0,6.0,0.7471841780840182,0.7471841780840182,0.7471841780840182,0.7471841780840182,0.0,0,cqi|cost|switching,cqi|cost|switching,cqi,1,2,0.0,0.0
low,heavy,seed_0004,0,1,0.35593639169248764,1500.0,1.0,2.0,1.0,0.4000000000000001,1.0,2.0,0.0,14.75,0.6614378277661477,0.0,3.0,0.9583333333333334,0.2916666666666667,0.23164965809277263,0.0,0.0,0.0,4.958333333333333,3.6805555555555554,0.06660877115712113,0.5345224838248489,0.23273875808757555,12.0,2.0,0.35593639169248764,0.35593639169248764,0.35593639169248764,0.35593639169248764,0.0,0,cqi|cost|switching,cqi|cost|switching,cqi,1,4,0.0,0.0
low,heavy,seed_0004,1,0,0.5559363916924877,1500.0,1.0,2.0,1.0,0.0,0.0,0.0,0.0,14.75,0.6614378277661477,0.0,3.0,0.9583333333333334,0.25,0.2450810531173689,2.0,0.0,0.0,2.9583333333333335,3.6805555555555554,0.06660877115712113,0.5345224838248489,0.23273875808757555,24.0,2.0,0.5559363916924877,0.5559363916924877,0.5559363916924877,0.5559363916924877,0.0,0,cqi|cost|switching,cqi|cost|switching,cqi,1,4,0.0,0.0
low,heavy,seed_0004,2,0,0.5559363916924877,1500.0,1.0,2.0,1.0,0.0,0.0,0.0,0.0,14.708333333333334,0.7347996703561832,0.0,3.0,0.9166666666666666,0.20833333333333334,0.27359820001581175,2.0,0.0,0.0,2.9166666666666665,3.6875,0.07316426217258852,0.7388664511337207,0.13056677443313963,24.0,2.0,0.5559363916924877,0.5559363916924877,0.5559363916924877,0.5559363916924877,0.0,0,cqi|cost|switching,cqi|cost|switching,cqi,1,3,0.0,0.0
low,heavy,seed_0004,3,0,0.5559363916924877,1500.0,1.0,2.0,1.0,0.0,0.0,0.0,0.0,14.666666666666666,0.6871842709362768,0.25,3.0,0.9583333333333334,0.375,0.35767565424973985,2.0,0.0,0.0,2.9583333333333335,3.6805555555555554,0.06660877115712113,0.4588314677411236,0.2705842661294382,24.0,2.0,0.5559363916924877,0.5559363916924877,0.5559363916924877,0.5559363916924877,0.0,0,cqi|cost|switching,cqi|cost|switching,cqi,1,4,0.0,0.0
low,heavy,seed_0004,4,0,0.5559363916924877,1500.0,1.0,2.0,1.0,0.0,0.0,0.0,0.0,14.833333333333334,0.3726779962499649,0.0,1.0,1.0,0.16666666666666666,0.2807514000976062,2.0,0.0,0.0,3.0,3.6666666666666665,0.0,0.0,0.5,24.0,2.0,0.5559363916924877,0.5559363916924877,0.5559363916924877,0.5559363916924877,0.0,0,cqi|cost|switching,cqi|cost|switching,cqi,1,2,0.0,0.0
low,heavy,seed_0004,5,0,0.5559363916924877,1500.0,1.0,2.0,1.0,0.0,0.0,0.0,0.0,14.791666666666666,0.6441510347391795,0.0,3.0,0.9583333333333334,0.20833333333333334,0.2762202349956854,2.0,0.0,0.0,2.9583333333333335,3.6805555555555554,0.06660877115712113,0.6030226891555273,0.19848865542223637,24.0,2.0,0.5559363916924877,0.5559363916924877,0.5559363916924877,0.5559363916924877,0.0,0,cqi|cost|switching,cqi|cost|switching,cqi,1,3,0.0,0.0
low,heavy,seed_0004,6,0,0.5559363916924877,1500.0,1.0,2.0,1.0,0.0,0.0,0.0,0.0,14.75,0.5951190357119042,0.0,2.0,0.9166666666666666,0.2916666666666667,0.25767565424973976,2.0,0.0,0.0,2.9166666666666665,3.6736111111111107,0.03330438557856061,0.5107539184552492,0.2446230407723754,24.0,2.0,0.5559363916924877,0.5559363916924877,0.5559363916924877,0.5559363916924877,0.0,0,cqi|cost|switching,cqi|cost|switching,cqi,1,4,0.0,0.0
low,heavy,seed_0004,7,0,0.5559363916924877,1500.0,1.0,2.0,1.0,0.0,0.0,0.0,0.0,14.875,0.4389855730355308,0.0,2.0,0.9583333333333334,0.375,0.22600932114996006,2.0,0.0,0.0,2.9583333333333335,3.6736111111111107,0.03330438557856061,0.7223151185146153,0.13884244074269236,24.0,2.0,0.5559363916924877,0.5559363916924877,0.5559363916924877,0.5559363916924877,0.0,0,cqi|cost|switching,cqi|cost|switching,cqi,1,3,0.0,0.0
low,heavy,seed_0004,8,0,0.5559363916924877,1500.0,1.0,2.0,1.0,0.0,0.0,0.0,0.0,14.791666666666666,0.4061164310337068,0.0,1.0,1.0,0.16666666666666666,0.19408472202624918,2.0,0.0,0.0,3.0,3.6666666666666665,0.0,0.0,0.5,24.0,2.0,0.5559363916924877,0.5559363916924877,0.5559363916924877,0.5559363916924877,0.0,0,cqi|cost|switching,cqi|cost|switching,cqi,1,2,0.0,0.0
low,heavy,seed_0004,9,0,0.5559363916924877,1500.0,1.0,2.0,1.0,0.0,0.0,0.0,0.0,14.75,0.5951190357119042,0.0,2.0,0.9166666666666666,0.20833333333333334,0.23351749187002016,2.0,0.0,0.0,2.9166666666666665,3.6736111111111107,0.03330438557856061,0.5107539184552492,0.2446230407723754,24.0,2.0,0.5559363916924877,0.5559363916924877,0.5559363916924877,0.5559363916924877,0.0,0,cqi|cost|switching,cqi|cost|switching,cqi,1,2,0.0,0.0
low,heavy,seed_0004,10,0,0.5559363916924877,1500.0,1.0,2.0,1.0,0.0,0.0,0.0,0.0,14.791666666666666,0.4061164310337068,0.0,1.0,1.0,0.2916666666666667,0.25425622407098264,2.0,0.0,0.0,3.0,3.6666666666666665,0.0,0.0,0.5,24.0,2.0,0.5559363916924877,0.5559363916924877,0.5559363916924877,0.5559363916924877,0.0,0,cqi|cost|switching,cqi|cost|switching,cqi,1,2,0.0,0.0
low,heavy,seed_0004,11,0,0.5559363916924877,1500.0,1.0,2.0,1.0,0.0,0.0,0.0,0.0,14.833333333333334,0.6236095644623235,0.0,3.0,0.9583333333333334,0.375,0.24240827481669347,2.0,0.0,0.0,2.9583333333333335,3.6805555555555554,0.06660877115712113,0.7223151185146153,0.13884244074269236,24.0,2.0,0.5559363916924877,0.5559363916924877,0.5559363916924877,0.5559363916924877,0.0,0,cqi|cost|switching,cqi|cost|switching,cqi,1,4,0.0,0.0
low,heavy,seed_0004,12,0,0.5559363916924877,1500.0,1.0,2.0,1.0,0.0,0.0,0.0,0.0,14.625,0.7534642216677135,0.25,3.0,0.9166666666666666,0.5416666666666666,0.2993726193082831,2.0,0.0,0.0,2.9166666666666665,3.6875,0.07316426217258852,0.5640303222262197,0.21798483888689013,24.0,2.0,0.5559363916924877,0.5559363916924877,0.5559363916924877,0.5559363916924877,0.0,0,cqi|cost|switching,cqi|cost|switching,cqi,1,4,0.0,0.0
low,heavy,seed_0004,13,0,0.5559363916924877,1500.0,1.0,2.0,1.0,0.0,0.0,0.0,0.0,14.833333333333334,0.4714045207910317,0.0,2.0,0.9583333333333334,0.4583333333333333,0.3319079241167037,2.0,0.0,0.0,2.9583333333333335,3.6736111111111107,0.03330438557856061,0.6030226891555273,0.19848865542223637,24.0,2.0,0.5559363916924877,0.5559363916924877,0.5559363916924877,0.5559363916924877,0.0,0,cqi|cost|switching,cqi|cost|switching,cqi,1,3,0.0,0.0
low,heavy,seed_0004,14,0,0.5559363916924877,1500.0,1.0,2.0,1.0,0.0,0.0,0.0,0.0,14.75,0.4330127018922193,0.25,1.0,1.0,0.25,0.34690759054981674,2.0,0.0,0.0,3.0,3.6666666666666665,0.0,0.0,0.5,24.0,2.0,0.5559363916924877,0.5559363916924877,0.5559363916924877,0.5559363916924877,0.0,0,cqi|cost|switching,cqi|cost|switching,cqi,1,2,0.0,0.0
low,light,seed_0005,0,1,0.5290781116502739,5800.0,1.0,4.0,1.0,0.8000000000000002,1.0,4.0,0.0,14.708333333333334,0.8405933750763339,0.0,3.0,0.9166666666666666,0.3333333333333333,0.2381025645962592,0.0,0.0,0.0,4.916666666666667,3.6875,0.07316426217258852,0.8332689490483726,0.08336552547581372,2.0,12.0,0.5290781116502739,0.5290781116502739,0.5290781116502739,0.5290781116502739,0.0,0,cqi|cost|switching,cqi|cost|switching,cqi,1,4,0.0,0.0
low,light,seed_0005,1,0,0.9290781116502739,5800.0,1.0,4.0,1.0,0.0,0.0,0.0,0.0,14.666666666666666,0.6871842709362768,0.25,3.0,0.9583333333333334,0.2916666666666667,0.2698430051832832,4.0,0.0,0.0,0.9583333333333334,3.6805555555555554,0.06660877115712113,0.4588314677411236,0.2705842661294382,12.083333333333334,12.0,0.9290781116502739,0.9290781116502739,0.9290781116502739,0.9290781116502739,0.0,0,cqi|cost|switching,cqi|cost|switching,cqi,1,4,0.0,0.0
low,light,seed_0005,2,0,0.9290781116502739,5800.0,1.0,4.0,1.0,0.0,0.0,0.0,0.0,14.916666666666666,0.2763853991962833,0.0,1.0,1.0,0.25,0.2707852914950167,4.0,0.0,0.0,1.0,3.6666666666666665,0.0,0.0,0.5,12.0,12.0,0.9290781116502739,0.9290781116502739,0.9290781116502739,0.9290781116502739,0.0,0,cqi|cost|switching,cqi|cost|switching,cqi,1,2,0.0,0.0
low,light,seed_0005,3,0,0.9290781116502739,5800.0,1.0,4.0,1.0,0.0,0.0,0.0,0.0,14.791666666666666,0.4982608642958916,0.0,2.0,0.9583333333333334,0.125,0.22373617513014663,4.0,0.0,0.0,0.9583333333333334,3.6666666666666665,0.0,0.0,0.5,12.0,12.0,0.9290781116502739,0.9290781116502739,0.9290781116502739,0.9290781116502739,0.0,0,cqi|cost|switching,cqi|cost|switching,cqi,1,3,0.0,0.0
low,light,seed_0005,4,0,0.9290781116502739,5800.0,1.0,4.0,1.0,0.0,0.0,0.0,0.0,14.916666666666666,0.2763853991962833,0.0,1.0,1.0,0.20833333333333334,0.20688079002834328,4.0,0.0,0.0,1.0,3.6666666666666665,0.0,0.0,0.5,12.0,12.0,0.9290781116502739,0.9290781116502739,0.9290781116502739,0.9290781116502739,0.0,0,cqi|cost|switching,cqi|cost|switching,cqi,1,2,0.0,0.0
low,light,seed_0005,5,0,0.9290781116502739,5800.0,1.0,4.0,1.0,0.0,0.0,0.0,0.0,14.958333333333334,0.19982631347136331,0.0,1.0,1.0,0.041666666666666664,0.15749149571305296,4.0,0.0,0.0,1.0,3.6666666666666665,0.0,0.0,0.5,12.0,12.0,0.9290781116502739,0.9290781116502739,0.9290781116502739,0.9290781116502739,0.0,0,cqi|cost|switching,cqi|cost|switching,cqi,1,2,0.0,0.0
low,light,seed_0005,6,0,0.9290781116502739,5800.0,1.0,4.0,1.0,0.0,0.0,0.0,0.0,14.791666666666666,0.6441510347391795,0.0,3.0,0.9583333333333334,0.25,0.17041241452319314,4.0,0.0,0.0,0.9583333333333334,3.6736111111111107,0.03330438557856061,0.6030226891555273,0.19848865542223637,12.083333333333334,12.0,0.9290781116502739,0.9290781116502739,0.9290781116502739,0.9290781116502739,0.0,0,cqi|cost|switching,cqi|cost|switching,cqi,1,4,0.0,0.0
low,light,seed_0005,7,0,0.9290781116502739,5800.0,1.0,4.0,1.0,0.0,0.0,0.0,0.0,14.875,0.33071891388307384,0.0,1.0,1.0,0.16666666666666666,0.17415816237971962,4.0,0.0,0.0,1.0,3.6666666666666665,0.0,0.0,0.5,12.0,12.0,0.9290781116502739,0.9290781116502739,0.9290781116502739,0.9290781116502739,0.0,0,cqi|cost|switching,cqi|cost|switching,cqi,1,2,0.0,0.0
low,light,seed_0005,8,0,0.9290781116502739,5800.0,1.0,4.0,1.0,0.0,0.0,0.0,0.0,14.875,0.4389855730355308,0.0,2.0,0.9583333333333334,0.16666666666666666,0.1306085379057191,4.0,0.0,0.0,0.9583333333333334,3.6666666666666665,0.0,0.0,0.5,12.0,12.0,0.9290781116502739,0.9290781116502739,0.9290781116502739,0.9290781116502739,0.0,0,cqi|cost|switching,cqi|cost|switching,cqi,1,3,0.0,0.0
low,light,seed_0005,9,0,0.9290781116502739,5800.0,1.0,4.0,1.0,0.0,0.0,0.0,0.0,14.791666666666666,0.4982608642958916,0.0,2.0,0.9583333333333334,0.16666666666666666,0.13243507533816698,4.0,0.0,0.0,0.9583333333333334,3.6805555555555554,0.06660877115712113,0.5345224838248489,0.23273875808757555,12.083333333333334,12.0,0.9290781116502739,0.9290781116502739,0.9290781116502739,0.9290781116502739,0.0,0,cqi|cost|switching,cqi|cost|switching,cqi,1,4,0.0,0.0
low,light,seed_0005,10,0,0.9290781116502739,5800.0,1.0,4.0,1.0,0.0,0.0,0.0,0.0,14.833333333333334,0.3726779962499649,0.0,1.0,1.0,0.20833333333333334,0.15608276150343048,4.0,0.0,0.0,1.0,3.6666666666666665,0.0,0.0,0.5,12.0,12.0,0.9290781116502739,0.9290781116502739,0.9290781116502739,0.9290781116502739,0.0,0,cqi|cost|switching,cqi|cost|switching,cqi,1,2,0.0,0.0
low,light,seed_0005,11,0,0.9290781116502739,5800.0,1.0,4.0,1.0,0.0,0.0,0.0,0.0,14.833333333333334,0.3726779962499649,0.0,1.0,1.0,0.16666666666666666,0.18758955740431596,4.0,0.0,0.0,1.0,3.6666666666666665,0.0,0.0,0.5,12.0,12.0,0.9290781116502739,0.9290781116502739,0.9290781116502739,0.9290781116502739,0.0,0,cqi|cost|switching,cqi|cost|switching,cqi,1,2,0.0,0.0
low,light,seed_0005,12,0,0.9290781116502739,5800.0,1.0,4.0,1.0,0.0,0.0,0.0,0.0,14.833333333333334,0.3726779962499649,0.0,1.0,1.0,0.16666666666666666,0.19990921750574864,4.0,0.0,0.0,1.0,3.6666666666666665,0.0,0.0,0.5,12.0,12.0,0.9290781116502739,0.9290781116502739,0.9290781116502739,0.9290781116502739,0.0,0,cqi|cost|switching,cqi|cost|switching,cqi,1,2,0.0,0.0
low,light,seed_0005,13,0,0.9290781116502739,5800.0,1.0,4.0,1.0,0.0,0.0,0.0,0.0,14.791666666666666,0.4982608642958916,0.0,2.0,0.9583333333333334,0.2916666666666667,0.21283013631588876,4.0,0.0,0.0,0.9583333333333334,3.6736111111111107,0.03330438557856061,0.5345224838248489,0.23273875808757555,12.083333333333334,12.0,0.9290781116502739,0.9290781116502739,0.9290781116502739,0.9290781116502739,0.0,0,cqi|cost|switching,cqi|cost|switching,cqi,1,4,0.0,0.0
low,light,seed_0005,14,0,0.9290781116502739,5800.0,1.0,4.0,1.0,0.0,0.0,0.0,0.0,14.833333333333334,0.4714045207910317,0.0,2.0,0.9583333333333334,0.2916666666666667,0.22247448713915893,4.0,0.0,0.0,0.9583333333333334,3.6805555555555554,0.06660877115712113,0.6030226891555273,0.19848865542223637,12.083333333333334,12.0,0.9290781116502739,0.9290781116502739,0.9290781116502739,0.9290781116502739,0.0,0,cqi|cost|switching,cqi|cost|switching,cqi,1,2,0.0,0.0
low,medium,seed_0005,0,1,0.4471841780840183,3000.0,1.0,3.0,1.0,0.6,1.0,3.0,0.0,14.708333333333334,0.8405933750763339,0.0,3.0,0.9166666666666666,0.3333333333333333,0.2381025645962592,0.0,0.0,0.0,4.916666666666667,3.6875,0.07316426217258852,0.8332689490483726,0.08336552547581372,4.0,6.0,0.4471841780840183,0.4471841780840183,0.4471841780840183,0.4471841780840183,0.0,0,cqi|cost|switching,cqi|cost|switching,cqi,1,4,0.0,0.0
low,medium,seed_0005,1,0,0.7471841780840182,3000.0,1.0,3.0,1.0,0.0,0.0,0.0,0.0,14.666666666666666,0.6871842709362768,0.25,3.0,0.9583333333333334,0.2916666666666667,0.2698430051832832,3.0,0.0,0.0,1.9583333333333333,3.6805555555555554,0.06660877115712113,0.4588314677411236,0.2705842661294382,16.0,6.0,0.7471841780840182,0.7471841780840182,0.7471841780840182,0.7471841780840182,0.0,0,cqi|cost|switching,cqi|cost|switching,cqi,1,4,0.0,0.0
low,medium,seed_0005,2,0,0.7471841780840182,3000.0,1.0,3.0,1.0,0.0,0.0,0.0,0.0,14.916666666666666,0.2763853991962833,0.0,1.0,1.0,0.25,0.2707852914950167,3.0,0.0,0.0,2.0,3.6666666666666665,0.0,0.0,0.5,16.0,6.0,0.7471841780840182,0.7471841780840182,0.7471841780840182,0.7471841780840182,0.0,0,cqi|cost|switching,cqi|cost|switching,cqi,1,2,0.0,0.0
low,medium,seed_0005,3,0,0.7471841780840182,3000.0,1.0,3.0,1.0,0.0,0.0,0.0,0.0,14.791666666666666,0.4982608642958916,0.0,2.0,0.9583333333333334,0.125,0.22373617513014663,3.0,0.0,0.0,1.9583333333333333,3.6666666666666665,0.0,0.0,0.5,16.0,6.0,0.7471841780840182,0.7471841780840182,0.7471841780840182,0.7471841780840182,0.0,0,cqi|cost|switching,cqi|cost|switching,cqi,1,3,0.0,0.0
low,medium,seed_0005,4,0,0.7471841780840182,3000.0,1.0,3.0,1.0,0.0,0.0,0.0,0.0,14.916666666666666,0.2763853991962833,0.0,1.0,1.0,0.20833333333333334,0.20688079002834328,3.0,0.0,0.0,2.0,3.6666666666666665,0.0,0.0,0.5,16.0,6.0,0.7471841780840182,0.7471841780840182,0.7471841780840182,0.7471841780840182,0.0,0,cqi|cost|switching,cqi|cost|switching,cqi,1,2,0.0,0.0
low,medium,seed_0005,5,0,0.7471841780840182,3000.0,1.0,3.0,1.0,0.0,0.0,0.0,0.0,14.958333333333334,0.19982631347136331,0.0,1.0,1.0,0.041666666666666664,0.15749149571305296,3.0,0.0,0.0,2.0,3.6666666666666665,0.0,0.0,0.5,16.0,6.0,0.7471841780840182,0.7471841780840182,0.7471841780840182,0.7471841780840182,0.0,0,cqi|cost|switching,cqi|cost|switching,cqi,1,2,0.0,0.0
low,medium,seed_0005,6,0,0.7471841780840182,3000.0,1.0,3.0,1.0,0.0,0.0,0.0,0.0,14.791666666666666,0.6441510347391795,0.0,3.0,0.9583333333333334,0.25,0.17041241452319314,3.0,0.0,0.0,1.9583333333333333,3.6736111111111107,0.03330438557856061,0.6030226891555273,0.19848865542223637,16.0,6.0,0.7471841780840182,0.7471841780840182,0.7471841780840182,0.7471841780840182,0.0,0,cqi|cost|switching,cqi|cost|switching,cqi,1,4,0.0,0.0
low,medium,seed_0005,7,0,0.7471841780840182,3000.0,1.0,3.0,1.0,0.0,0.0,0.0,0.0,14.875,0.33071891388307384,0.0,1.0,1.0,0.16666666666666666,0.17415816237971962,3.0,0.0,0.0,2.0,3.6666666666666665,0.0,0.0,0.5,16.0,6.0,0.7471841780840182,0.7471841780840182,0.7471841780840182,0.7471841780840182,0.0,0,cqi|cost|switching,cqi|cost|switching,cqi,1,2,0.0,0.0
low,medium,seed_0005,8,0,0.7471841780840182,3000.0,1.0,3.0,1.0,0.0,0.0,0.0,0.0,14.875,0.4389855730355308,0.0,2.0,0.9583333333333334,0.16666666666666666,0.1306085379057191,3.0,0.0,0.0,1.9583333333333333,3.6666666666666665,0.0,0.0,0.5,16.0,6.0,0.7471841780840182,0.7471841780840182,0.7471841780840182,0.7471841780840182,0.0,0,cqi|cost|switching,cqi|cost|switching,cqi,1,3,0.0,0.0
low,medium,seed_0005,9,0,0.7471841780840182,3000.0,1.0,3.0,1.0,0.0,0.0,0.0,0.0,14.791666666666666,0.4982608642958916,0.0,2.0,0.9583333333333334,0.16666666666666666,0.13243507533816698,3.0,0.0,0.0,1.9583333333333333,3.6805555555555554,0.06660877115712113,0.5345224838248489,0.23273875808757555,16.0,6.0,0.7471841780840182,0.7471841780840182,0.7471841780840182,0.7471841780840182,0.0,0,cqi|cost|switching,cqi|cost|switching,cqi,1,4,0.0,0.0
low,medium,seed_0005,10,0,0.7471841780840182,3000.0,1.0,3.0,1.0,0.0,0.0,0.0,0.0,14.833333333333334,0.3726779962499649,0.0,1.0,1.0,0.20833333333333334,0.15608276150343048,3.0,0.0,0.0,2.0,3.6666666666666665,0.0,0.0,0.5,16.0,6.0,0.7471841780840182,0.7471841780840182,0.7471841780840182,0.7471841780840182,0.0,0,cqi|cost|switching,cqi|cost|switching,cqi,1,2,0.0,0.0
low,medium,seed_0005,11,0,0.7471841780840182,3000.0,1.0,3.0,1.0,0.0,0.0,0.0,0.0,14.833333333333334,0.3726779962499649,0.0,1.0,1.0,0.16666666666666666,0.18758955740431596,3.0,0.0,0.0,2.0,3.6666666666666665,0.0,0.0,0.5,16.0,6.0,0.7471841780840182,0.7471841780840182,0.7471841780840182,0.7471841780840182,0.0,0,cqi|cost|switching,cqi|cost|switching,cqi,1,2,0.0,0.0
low,medium,seed_0005,12,0,0.7471841780840182,3000.0,1.0,3.0,1.0,0.0,0.0,0.0,0.0,14.833333333333334,0.3726779962499649,0.0,1.0,1.0,0.16666666666666666,0.19990921750574864,3.0,0.0,0.0,2.0,3.6666666666666665,0.0,0.0,0.5,16.0,6.0,0.7471841780840182,0.7471841780840182,0.7471841780840182,0.7471841780840182,0.0,0,cqi|cost|switching,cqi|cost|switching,cqi,1,2,0.0,0.0
low,medium,seed_0005,13,0,0.7471841780840182,3000.0,1.0,3.0,1.0,0.0,0.0,0.0,0.0,14.791666666666666,0.4982608642958916,0.0,2.0,0.9583333333333334,0.2916666666666667,0.21283013631588876,3.0,0.0,0.0,1.9583333333333333,3.6736111111111107,0.03330438557856061,0.5345224838248489,0.23273875808757555,16.0,6.0,0.7471841780840182,0.7471841780840182,0.7471841780840182,0.7471841780840182,0.0,0,cqi|cost|switching,cqi|cost|switching,cqi,1,4,0.0,0.0
low,medium,seed_0005,14,0,0.7471841780840182,3000.0,1.0,3.0,1.0,0.0,0.0,0.0,0.0,14.833333333333334,0.4714045207910317,0.0,2.0,0.9583333333333334,0.2916666666666667,0.22247448713915893,3.0,0.0,0.0,1.9583333333333333,3.6805555555555554,0.06660877115712113,0.6030226891555273,0.19848865542223637,16.0,6.0,0.7471841780840182,0.7471841780840182,0.7471841780840182,0.7471841780840182,0.0,0,cqi|cost|switching,cqi|cost|switching,cqi,1,2,0.0,0.0
low,heavy,seed_0005,0,1,0.35593639169248764,1500.0,1.0,2.0,1.0,0.4000000000000001,1.0,2.0,0.0,14.708333333333334,0.8405933750763339,0.0,3.0,0.9166666666666666,0.3333333333333333,0.2381025645962592,0.0,0.0,0.0,4.916666666666667,3.6875,0.07316426217258852,0.8332689490483726,0.08336552547581372,12.0,2.0,0.35593639169248764,0.35593639169248764,0.35593639169248764,0.35593639169248764,0.0,0,cqi|cost|switching,cqi|cost|switching,cqi,1,4,0.0,0.0
low,heavy,seed_0005,1,0,0.5559363916924877,1500.0,1.0,2.0,1.0,0.0,0.0,0.0,0.0,14.666666666666666,0.6871842709362768,0.25,3.0,0.9583333333333334,0.2916666666666667,0.2698430051832832,2.0,0.0,0.0,2.9583333333333335,3.6805555555555554,0.06660877115712113,0.4588314677411236,0.2705842661294382,24.0,2.0,0.5559363916924877,0.5559363916924877,0.5559363916924877,0.5559363916924877,0.0,0,cqi|cost|switching,cqi|cost|switching,cqi,1,4,0.0,0.0
low,heavy,seed_0005,2,0,0.5559363916924877,1500.0,1.0,2.0,1.0,0.0,0.0,0.0,0.0,14.916666666666666,0.2763853991962833,0.0,1.0,1.0,0.25,0.2707852914950167,2.0,0.0,0.0,3.0,3.6666666666666665,0.0,0.0,0.5,24.0,2.0,0.5559363916924877,0.5559363916924877,0.5559363916924877,0.5559363916924877,0.0,0,cqi|cost|switching,cqi|cost|switching,cqi,1,2,0.0,0.0
low,heavy,seed_0005,3,0,0.5559363916924877,1500.0,1.0,2.0,1.0,0.0,0.0,0.0,0.0,14.791666666666666,0.4982608642958916,0.0,2.0,0.9583333333333334,0.125,0.22373617513014663,2.0,0.0,0.0,2.9583333333333335,3.6666666666666665,0.0,0.0,0.5,24.0,2.0,0.5559363916924877,0.5559363916924877,0.5559363916924877,0.5559363916924877,0.0,0,cqi|cost|switching,cqi|cost|switching,cqi,1,3,0.0,0.0
low,heavy,seed_0005,4,0,0.5559363916924877,1500.0,1.0,2.0,1.0,0.0,0.0,0.0,0.0,14.916666666666666,0.2763853991962833,0.0,1.0,1.0,0.20833333333333334,0.20688079002834328,2.0,0.0,0.0,3.0,3.6666666666666665,0.0,0.0,0.5,24.0,2.0,0.5559363916924877,0.5559363916924877,0.5559363916924877,0.5559363916924877,0.0,0,cqi|cost|switching,cqi|cost|switching,cqi,1,2,0.0,0.0
low,heavy,seed_0005,5,0,0.5559363916924877,1500.0,1.0,2.0,1.0,0.0,0.0,0.0,0.0,14.958333333333334,0.19982631347136331,0.0,1.0,1.0,0.041666666666666664,0.15749149571305296,2.0,0.0,0.0,3.0,3.6666666666666665,0.0,0.0,0.5,24.0,2.0,0.5559363916924877,0.5559363916924877,0.5559363916924877,0.5559363916924877,0.0,0,cqi|cost|switching,cqi|cost|switching,cqi,1,2,0.0,0.0
low,heavy,seed_0005,6,0,0.5559363916924877,1500.0,1.0,2.0,1.0,0.0,0.0,0.0,0.0,14.791666666666666,0.6441510347391795,0.0,3.0,0.9583333333333334,0.25,0.17041241452319314,2.0,0.0,0.0,2.9583333333333335,3.6736111111111107,0.03330438557856061,0.6030226891555273,0.19848865542223637,24.0,2.0,0.5559363916924877,0.5559363916924877,0.5559363916924877,0.5559363916924877,0.0,0,cqi|cost|switching,cqi|cost|switching,cqi,1,4,0.0,0.0
low,heavy,seed_0005,7,0,0.5559363916924877,1500.0,1.0,2.0,1.0,0.0,0.0,0.0,0.0,14.875,0.33071891388307384,0.0,1.0,1.0,0.16666666666666666,0.17415816237971962,2.0,0.0,0.0,3.0,3.6666666666666665,0.0,0.0,0.5,24.0,2.0,0.5559363916924877,0.5559363916924877,0.5559363916924877,0.5559363916924877,0.0,0,cqi|cost|switching,cqi|cost|switching,cqi,1,2,0.0,0.0
low,heavy,seed_0005,8,0,0.5559363916924877,1500.0,1.0,2.0,1.0,0.0,0.0,0.0,0.0,14.875,0.4389855730355308,0.0,2.0,0.9583333333333334,0.16666666666666666,0.1306085379057191,2.0,0.0,0.0,2.9583333333333335,3.6666666666666665,0.0,0.0,0.5,24.0,2.0,0.5559363916924877,0.5559363916924877,0.5559363916924877,0.5559363916924877,0.0,0,cqi|cost|switching,cqi|cost|switching,cqi,1,3,0.0,0.0
low,heavy,seed_0005,9,0,0.5559363916924877,1500.0,1.0,2.0,1.0,0.0,0.0,0.0,0.0,14.791666666666666,0.4982608642958916,0.0,2.0,0.9583333333333334,0.16666666666666666,0.13243507533816698,2.0,0.0,0.0,2.9583333333333335,3.6805555555555554,0.06660877115712113,0.5345224838248489,0.23273875808757555,24.0,2.0,0.5559363916924877,0.5559363916924877,0.5559363916924877,0.5559363916924877,0.0,0,cqi|cost|switching,cqi|cost|switching,cqi,1,4,0.0,0.0
low,heavy,seed_0005,10,0,0.5559363916924877,1500.0,1.0,2.0,1.0,0.0,0.0,0.0,0.0,14.833333333333334,0.3726779962499649,0.0,1.0,1.0,0.20833333333333334,0.15608276150343048,2.0,0.0,0.0,3.0,3.6666666666666665,0.0,0.0,0.5,24.0,2.0,0.5559363916924877,0.5559363916924877,0.5559363916924877,0.5559363916924877,0.0,0,cqi|cost|switching,cqi|cost|switching,cqi,1,2,0.0,0.0
low,heavy,seed_0005,11,0,0.5559363916924877,1500.0,1.0,2.0,1.0,0.0,0.0,0.0,0.0,14.833333333333334,0.3726779962499649,0.0,1.0,1.0,0.16666666666666666,0.18758955740431596,2.0,0.0,0.0,3.0,3.6666666666666665,0.0,0.0,0.5,24.0,2.0,0.5559363916924877,0.5559363916924877,0.5559363916924877,0.5559363916924877,0.0,0,cqi|cost|switching,cqi|cost|switching,cqi,1,2,0.0,0.0
low,heavy,seed_0005,12,0,0.5559363916924877,1500.0,1.0,2.0,1.0,0.0,0.0,0.0,0.0,14.833333333333334,0.3726779962499649,0.0,1.0,1.0,0.16666666666666666,0.19990921750574864,2.0,0.0,0.0,3.0,3.6666666666666665,0.0,0.0,0.5,24.0,2.0,0.5559363916924877,0.5559363916924877,0.5559363916924877,0.5559363916924877,0.0,0,cqi|cost|switching,cqi|cost|switching,cqi,1,2,0.0,0.0
low,heavy,seed_0005,13,0,0.5559363916924877,1500.0,1.0,2.0,1.0,0.0,0.0,0.0,0.0,14.791666666666666,0.4982608642958916,0.0,2.0,0.9583333333333334,0.2916666666666667,0.21283013631588876,2.0,0.0,0.0,2.9583333333333335,3.6736111111111107,0.03330438557856061,0.5345224838248489,0.23273875808757555,24.0,2.0,0.5559363916924877,0.5559363916924877,0.5559363916924877,0.5559363916924877,0.0,0,cqi|cost|switching,cqi|cost|switching,cqi,1,4,0.0,0.0
low,heavy,seed_0005,14,0,0.5559363916924877,1500.0,1.0,2.0,1.0,0.0,0.0,0.0,0.0,14.833333333333334,0.4714045207910317,0.0,2.0,0.9583333333333334,0.2916666666666667,0.22247448713915893,2.0,0.0,0.0,2.9583333333333335,3.6805555555555554,0.06660877115712113,0.6030226891555273,0.19848865542223637,24.0,2.0,0.5559363916924877,0.5559363916924877,0.5559363916924877,0.5559363916924877,0.0,0,cqi|cost|switching,cqi|cost|switching,cqi,1,2,0.0,0.0
low,light,seed_0006,0,1,0.5290781116502739,5800.0,1.0,4.0,1.0,0.8000000000000002,1.0,4.0,0.0,14.583333333333334,0.6400954789890507,1.0,2.0,0.9166666666666666,0.375,0.26517170986124255,0.0,0.0,0.0,4.916666666666667,3.6736111111111107,0.03330438557856061,0.3992747047523453,0.30036264762382736,2.0,12.0,0.5290781116502739,0.5290781116502739,0.5290781116502739,0.5290781116502739,0.0,0,cqi|cost|switching,cqi|cost|switching,cqi,1,4,0.0,0.0
low,light,seed_0006,1,0,0.9290781116502739,5800.0,1.0,4.0,1.0,0.0,0.0,0.0,0.0,14.75,0.5204164998665332,0.0,2.0,0.9583333333333334,0.3333333333333333,0.3059965389076289,4.0,0.0,0.0,0.9583333333333334,3.6666666666666665,0.0,0.0,0.5,12.0,12.0,0.9290781116502739,0.9290781116502739,0.9290781116502739,0.9290781116502739,0.0,0,cqi|cost|switching,cqi|cost|switching,cqi,1,3,0.0,0.0
low,light,seed_0006,2,0,0.9290781116502739,5800.0,1.0,4.0,1.0,0.0,0.0,0.0,0.0,14.708333333333334,0.7347996703561832,0.0,3.0,0.9166666666666666,0.4583333333333333,0.3416668858878662,4.0,0.0,0.0,0.9166666666666666,3.6875,0.07316426217258852,0.7388664511337207,0.13056677443313963,12.166666666666666,12.0,0.9290781116502739,0.9290781116502739,0.9290781116502739,0.9290781116502739,0.0,0,cqi|cost|switching,cqi|cost|switching,cqi,1,5,0.0,0.0
low,light,seed_0006,3,0,0.9290781116502739,5800.0,1.0,4.0,1.0,0.0,0.0,0.0,0.0,14.791666666666666,0.4061164310337068,0.0,1.0,1.0,0.16666666666666666,0.35304425967756536,4.0,0.0,0.0,1.0,3.6666666666666665,0.0,0.0,0.5,12.0,12.0,0.9290781116502739,0.9290781116502739,0.9290781116502739,0.9290781116502739,0.0,0,cqi|cost|switching,cqi|cost|switching,cqi,1,2,0.0,0.0
low,light,seed_0006,4,0,0.9290781116502739,5800.0,1.0,4.0,1.0,0.0,0.0,0.0,0.0,14.458333333333334,0.9991315673568165,1.0,4.0,0.9166666666666666,0.5,0.36651695104696147,4.0,0.0,0.0,0.9166666666666666,3.7083333333333335,0.14632852434517693,0.5777144131988274,0.21114279340058628,12.25,12.0,0.9290781116502739,0.9290781116502739,0.9290781116502739,0.9290781116502739,0.0,0,cqi|cost|switching,cqi|cost|switching,cqi,1,3,0.0,0.0
low,light,seed_0006,5,0,0.9290781116502739,5800.0,1.0,4.0,1.0,0.0,0.0,0.0,0.0,14.666666666666666,0.8975274678557507,0.0,4.0,0.9166666666666666,0.4583333333333333,0.3419886436671857,4.0,0.0,0.0,0.9166666666666666,3.6875,0.07316426217258852,0.7388664511337207,0.13056677443313963,12.166666666666666,12.0,0.9290781116502739,0.9290781116502739,0.9290781116502739,0.9290781116502739,0.0,0,cqi|cost|switching,cqi|cost|switching,cqi,1,4,0.0,0.0
low,light,seed_0006,6,0,0.9290781116502739,5800.0,1.0,4.0,1.0,0.0,0.0,0.0,0.0,14.666666666666666,0.4714045207910317,1.0,1.0,1.0,0.4166666666666667,0.3580446046491426,4.0,0.0,0.0,1.0,3.6666666666666665,0.0,0.0,0.5,12.0,12.0,0.9290781116502739,0.9290781116502739,0.9290781116502739,0.9290781116502739,0.0,0,cqi|cost|switching,cqi|cost|switching,cqi,1,2,0.0,0.0
low,light,seed_0006,7,0,0.9290781116502739,5800.0,1.0,4.0,1.0,0.0,0.0,0.0,0.0,14.625,1.033299730636437,0.0,5.0,0.9583333333333334,0.4583333333333333,0.3797643274560547,4.0,0.0,0.0,1.0,3.701388888888889,0.1665219278928028,0.48989794855663565,0.25505102572168215,12.166666666666666,12.0,0.9290781116502739,0.9290781116502739,0.9290781116502739,0.9290781116502739,0.0,0,cqi|cost|switching,cqi|cost|switching,cqi,1,4,0.0,0.0
low,light,seed_0006,8,0,0.9290781116502739,5800.0,1.0,4.0,1.0,0.0,0.0,0.0,0.0,14.791666666666666,0.4982608642958916,0.0,2.0,0.9583333333333334,0.3333333333333333,0.370415731060942,4.0,0.0,0.0,0.9583333333333334,3.6736111111111107,0.03330438557856061,0.5345224838248489,0.23273875808757555,12.083333333333334,12.0,0.9290781116502739,0.9290781116502739,0.9290781116502739,0.9290781116502739,0.0,0,cqi|cost|switching,cqi|cost|switching,cqi,1,4,0.0,0.0
low,light,seed_0006,9,0,0.9290781116502739,5800.0,1.0,4.0,1.0,0.0,0.0,0.0,0.0,14.791666666666666,0.4982608642958916,0.0,2.0,0.9583333333333334,0.25,0.31861545938997327,4.0,0.0,0.0,0.9583333333333334,3.6805555555555554,0.06660877115712113,0.5345224838248489,0.23273875808757555,12.083333333333334,12.0,0.9290781116502739,0.9290781116502739,0.9290781116502739,0.9290781116502739,0.0,0,cqi|cost|switching,cqi|cost|switching,cqi,1,4,0.0,0.0
low,light,seed_0006,10,0,0.9290781116502739,5800.0,1.0,4.0,1.0,0.0,0.0,0.0,0.0,14.875,0.33071891388307384,0.0,1.0,1.0,0.25,0.30569454057983314,4.0,0.0,0.0,1.0,3.6666666666666665,0.0,0.0,0.5,12.0,12.0,0.9290781116502739,0.9290781116502739,0.9290781116502739,0.9290781116502739,0.0,0,cqi|cost|switching,cqi|cost|switching,cqi,1,2,0.0,0.0
low,light,seed_0006,11,0,0.9290781116502739,5800.0,1.0,4.0,1.0,0.0,0.0,0.0,0.0,14.916666666666666,0.39965262694272663,0.0,2.0,0.9583333333333334,0.20833333333333334,0.2740673798854682,4.0,0.0,0.0,0.9583333333333334,3.6666666666666665,0.0,0.0,0.5,12.0,12.0,0.9290781116502739,0.9290781116502739,0.9290781116502739,0.9290781116502739,0.0,0,cqi|cost|switching,cqi|cost|switching,cqi,1,1,0.0,0.0
low,light,seed_0006,12,0,0.9290781116502739,5800.0,1.0,4.0,1.0,0.0,0.0,0.0,0.0,14.833333333333334,0.3726779962499649,0.0,1.0,1.0,0.16666666666666666,0.19241772179269565,4.0,0.0,0.0,1.0,3.6666666666666665,0.0,0.0,0.5,12.0,12.0,0.9290781116502739,0.9290781116502739,0.9290781116502739,0.9290781116502739,0.0,0,cqi|cost|switching,cqi|cost|switching,cqi,1,2,0.0,0.0
low,light,seed_0006,13,0,0.9290781116502739,5800.0,1.0,4.0,1.0,0.0,0.0,0.0,0.0,14.791666666666666,0.4982608642958916,0.0,2.0,0.9583333333333334,0.2916666666666667,0.2171771428811228,4.0,0.0,0.0,0.9583333333333334,3.6666666666666665,0.0,0.0,0.5,12.0,12.0,0.9290781116502739,0.9290781116502739,0.9290781116502739,0.9290781116502739,0.0,0,cqi|cost|switching,cqi|cost|switching,cqi,1,3,0.0,0.0
low,light,seed_0006,14,0,0.9290781116502739,5800.0,1.0,4.0,1.0,0.0,0.0,0.0,0.0,14.875,0.33071891388307384,0.0,1.0,1.0,0.16666666666666666,0.20051047621445614,4.0,0.0,0.0,1.0,3.6666666666666665,0.0,0.0,0.5,12.0,12.0,0.9290781116502739,0.9290781116502739,0.9290781116502739,0.9290781116502739,0.0,0,cqi|cost|switching,cqi|cost|switching,cqi,1,2,0.0,0.0
low,medium,seed_0006,0,1,0.4471841780840183,3000.0,1.0,3.0,1.0,0.6,1.0,3.0,0.0,14.583333333333334,0.6400954789890507,1.0,2.0,0.9166666666666666,0.375,0.26517170986124255,0.0,0.0,0.0,4.916666666666667,3.6736111111111107,0.03330438557856061,0.3992747047523453,0.30036264762382736,4.0,6.0,0.4471841780840183,0.4471841780840183,0.4471841780840183,0.4471841780840183,0.0,0,cqi|cost|switching,cqi|cost|switching,cqi,1,4,0.0,0.0
low,medium,seed_0006,1,0,0.7471841780840182,3000.0,1.0,3.0,1.0,0.0,0.0,0.0,0.0,14.75,0.5204164998665332,0.0,2.0,0.9583333333333334,0.3333333333333333,0.3059965389076289,3.0,0.0,0.0,1.9583333333333333,3.6666666666666665,0.0,0.0,0.5,16.0,6.0,0.7471841780840182,0.7471841780840182,0.7471841780840182,0.7471841780840182,0.0,0,cqi|cost|switching,cqi|cost|switching,cqi,1,3,0.0,0.0
low,medium,seed_0006,2,0,0.7471841780840182,3000.0,1.0,3.0,1.0,0.0,0.0,0.0,0.0,14.708333333333334,0.7347996703561832,0.0,3.0,0.9166666666666666,0.4583333333333333,0.3416668858878662,3.0,0.0,0.0,1.9166666666666667,3.6875,0.07316426217258852,0.7388664511337207,0.13056677443313963,16.0,6.0,0.7471841780840182,0.7471841780840182,0.7471841780840182,0.7471841780840182,0.0,0,cqi|cost|switching,cqi|cost|switching,cqi,1,5,0.0,0.0
low,medium,seed_0006,3,0,0.7471841780840182,3000.0,1.0,3.0,1.0,0.0,0.0,0.0,0.0,14.791666666666666,0.4061164310337068,0.0,1.0,1.0,0.16666666666666666,0.35304425967756536,3.0,0.0,0.0,2.0,3.6666666666666665,0.0,0.0,0.5,16.0,6.0,0.7471841780840182,0.7471841780840182,0.7471841780840182,0.7471841780840182,0.0,0,cqi|cost|switching,cqi|cost|switching,cqi,1,2,0.0,0.0
low,medium,seed_0006,4,0,0.7471841780840182,3000.0,1.0,3.0,1.0,0.0,0.0,0.0,0.0,14.458333333333334,0.9991315673568165,1.0,4.0,0.9166666666666666,0.5,0.36651695104696147,3.0,0.0,0.0,1.9166666666666667,3.7083333333333335,0.14632852434517693,0.5777144131988274,0.21114279340058628,16.0,6.0,0.7471841780840182,0.7471841780840182,0.7471841780840182,0.7471841780840182,0.0,0,cqi|cost|switching,cqi|cost|switching,cqi,1,3,0.0,0.0
low,medium,seed_0006,5,0,0.7471841780840182,3000.0,1.0,3.0,1.0,0.0,0.0,0.0,0.0,14.666666666666666,0.8975274678557507,0.0,4.0,0.9166666666666666,0.4583333333333333,0.3419886436671857,3.0,0.0,0.0,1.9166666666666667,3.6875,0.07316426217258852,0.7388664511337207,0.13056677443313963,16.0,6.0,0.7471841780840182,0.7471841780840182,0.7471841780840182,0.7471841780840182,0.0,0,cqi|cost|switching,cqi|cost|switching,cqi,1,4,0.0,0.0
low,medium,seed_0006,6,0,0.7471841780840182,3000.0,1.0,3.0,1.0,0.0,0.0,0.0,0.0,14.666666666666666,0.4714045207910317,1.0,1.0,1.0,0.4166666666666667,0.3580446046491426,3.0,0.0,0.0,2.0,3.6666666666666665,0.0,0.0,0.5,16.0,6.0,0.7471841780840182,0.7471841780840182,0.7471841780840182,0.7471841780840182,0.0,0,cqi|cost|switching,cqi|cost|switching,cqi,1,2,0.0,0.0
low,medium,seed_0006,7,0,0.7471841780840182,3000.0,1.0,3.0,1.0,0.0,0.0,0.0,0.0,14.625,1.033299730636437,0.0,5.0,0.9583333333333334,0.4583333333333333,0.3797643274560547,3.0,0.0,0.0,1.9166666666666667,3.701388888888889,0.1665219278928028,0.48989794855663565,0.25505102572168215,16.0,6.0,0.7471841780840182,0.7471841780840182,0.7471841780840182,0.7471841780840182,0.0,0,cqi|cost|switching,cqi|cost|switching,cqi,1,4,0.0,0.0
low,medium,seed_0006,8,0,0.7471841780840182,3000.0,1.0,3.0,1.0,0.0,0.0,0.0,0.0,14.791666666666666,0.4982608642958916,0.0,2.0,0.9583333333333334,0.3333333333333333,0.370415731060942,3.0,0.0,0.0,1.9583333333333333,3.6736111111111107,0.03330438557856061,0.5345224838248489,0.23273875808757555,16.0,6.0,0.7471841780840182,0.7471841780840182,0.7471841780840182,0.7471841780840182,0.0,0,cqi|cost|switching,cqi|cost|switching,cqi,1,4,0.0,0.0
low,medium,seed_0006,9,0,0.7471841780840182,3000.0,1.0,3.0,1.0,0.0,0.0,0.0,0.0,14.791666666666666,0.4982608642958916,0.0,2.0,0.9583333333333334,0.25,0.31861545938997327,3.0,0.0,0.0,1.9583333333333333,3.6805555555555554,0.06660877115712113,0.5345224838248489,0.23273875808757555,16.0,6.0,0.7471841780840182,0.7471841780840182,0.7471841780840182,0.7471841780840182,0.0,0,cqi|cost|switching,cqi|cost|switching,cqi,1,4,0.0,0.0
low,medium,seed_0006,10,0,0.7471841780840182,3000.0,1.0,3.0,1.0,0.0,0.0,0.0,0.0,14.875,0.33071891388307384,0.0,1.0,1.0,0.25,0.30569454057983314,3.0,0.0,0.0,2.0,3.6666666666666665,0.0,0.0,0.5,16.0,6.0,0.7471841780840182,0.7471841780840182,0.7471841780840182,0.7471841780840182,0.0,0,cqi|cost|switching,cqi|cost|switching,cqi,1,2,0.0,0.0
low,medium,seed_0006,11,0,0.7471841780840182,3000.0,1.0,3.0,1.0,0.0,0.0,0.0,0.0,14.916666666666666,0.39965262694272663,0.0,2.0,0.9583333333333334,0.20833333333333334,0.2740673798854682,3.0,0.0,0.0,1.9583333333333333,3.6666666666666665,0.0,0.0,0.5,16.0,6.0,0.7471841780840182,0.7471841780840182,0.7471841780840182,0.7471841780840182,0.0,0,cqi|cost|switching,cqi|cost|switching,cqi,1,1,0.0,0.0
low,medium,seed_0006,12,0,0.7471841780840182,3000.0,1.0,3.0,1.0,0.0,0.0,0.0,0.0,14.833333333333334,0.3726779962499649,0.0,1.0,1.0,0.16666666666666666,0.19241772179269565,3.0,0.0,0.0,2.0,3.6666666666666665,0.0,0.0,0.5,16.0,6.0,0.7471841780840182,0.7471841780840182,0.7471841780840182,0.7471841780840182,0.0,0,cqi|cost|switching,cqi|cost|switching,cqi,1,2,0.0,0.0
low,medium,seed_0006,13,0,0.7471841780840182,3000.0,1.0,3.0,1.0,0.0,0.0,0.0,0.0,14.791666666666666,0.4982608642958916,0.0,2.0,0.9583333333333334,0.2916666666666667,0.2171771428811228,3.0,0.0,0.0,1.9583333333333333,3.6666666666666665,0.0,0.0,0.5,16.0,6.0,0.7471841780840182,0.7471841780840182,0.7471841780840182,0.7471841780840182,0.0,0,cqi|cost|switching,cqi|cost|switching,cqi,1,3,0.0,0.0
low,medium,seed_0006,14,0,0.7471841780840182,3000.0,1.0,3.0,1.0,0.0,0.0,0.0,0.0,14.875,0.33071891388307384,0.0,1.0,1.0,0.16666666666666666,0.20051047621445614,3.0,0.0,0.0,2.0,3.6666666666666665,0.0,0.0,0.5,16.0,6.0,0.7471841780840182,0.7471841780840182,0.7471841780840182,0.7471841780840182,0.0,0,cqi|cost|switching,cqi|cost|switching,cqi,1,2,0.0,0.0
low,heavy,seed_0006,0,1,0.35593639169248764,1500.0,1.0,2.0,1.0,0.4000000000000001,1.0,2.0,0.0,14.583333333333334,0.6400954789890507,1.0,2.0,0.9166666666666666,0.375,0.26517170986124255,0.0,0.0,0.0,4.916666666666667,3.6736111111111107,0.03330438557856061,0.3992747047523453,0.30036264762382736,12.0,2.0,0.35593639169248764,0.35593639169248764,0.35593639169248764,0.35593639169248764,0.0,0,cqi|cost|switching,cqi|cost|switching,cqi,1,4,0.0,0.0
low,heavy,seed_0006,1,0,0.5559363916924877,1500.0,1.0,2.0,1.0,0.0,0.0,0.0,0.0,14.75,0.5204164998665332,0.0,2.0,0.9583333333333334,0.3333333333333333,0.3059965389076289,2.0,0.0,0.0,2.9583333333333335,3.6666666666666665,0.0,0.0,0.5,24.0,2.0,0.5559363916924877,0.5559363916924877,0.5559363916924877,0.5559363916924877,0.0,0,cqi|cost|switching,cqi|cost|switching,cqi,1,3,0.0,0.0
low,heavy,seed_0006,2,0,0.5559363916924877,1500.0,1.0,2.0,1.0,0.0,0.0,0.0,0.0,14.708333333333334,0.7347996703561832,0.0,3.0,0.9166666666666666,0.4583333333333333,0.3416668858878662,2.0,0.0,0.0,2.9166666666666665,3.6875,0.07316426217258852,0.7388664511337207,0.13056677443313963,24.0,2.0,0.5559363916924877,0.5559363916924877,0.5559363916924877,0.5559363916924877,0.0,0,cqi|cost|switching,cqi|cost|switching,cqi,1,5,0.0,0.0
low,heavy,seed_0006,3,0,0.5559363916924877,1500.0,1.0,2.0,1.0,0.0,0.0,0.0,0.0,14.791666666666666,0.4061164310337068,0.0,1.0,1.0,0.16666666666666666,0.35304425967756536,2.0,0.0,0.0,3.0,3.6666666666666665,0.0,0.0,0.5,24.0,2.0,0.5559363916924877,0.5559363916924877,0.5559363916924877,0.5559363916924877,0.0,0,cqi|cost|switching,cqi|cost|switching,cqi,1,2,0.0,0.0
low,heavy,seed_0006,4,0,0.5559363916924877,1500.0,1.0,2.0,1.0,0.0,0.0,0.0,0.0,14.458333333333334,0.9991315673568165,1.0,4.0,0.9166666666666666,0.5,0.36651695104696147,2.0,0.0,0.0,2.9166666666666665,3.7083333333333335,0.14632852434517693,0.5777144131988274,0.21114279340058628,24.0,2.0,0.5559363916924877,0.5559363916924877,0.5559363916924877,0.5559363916924877,0.0,0,cqi|cost|switching,cqi|cost|switching,cqi,1,3,0.0,0.0
low,heavy,seed_0006,5,0,0.5559363916924877,1500.0,1.0,2.0,1.0,0.0,0.0,0.0,0.0,14.666666666666666,0.8975274678557507,0.0,4.0,0.9166666666666666,0.4583333333333333,0.3419886436671857,2.0,0.0,0.0,2.9166666666666665,3.6875,0.07316426217258852,0.7388664511337207,0.13056677443313963,24.0,2.0,0.5559363916924877,0.5559363916924877,0.5559363916924877,0.5559363916924877,0.0,0,cqi|cost|switching,cqi|cost|switching,cqi,1,4,0.0,0.0
low,heavy,seed_0006,6,0,0.5559363916924877,1500.0,1.0,2.0,1.0,0.0,0.0,0.0,0.0,14.666666666666666,0.4714045207910317,1.0,1.0,1.0,0.4166666666666667,0.3580446046491426,2.0,0.0,0.0,3.0,3.6666666666666665,0.0,0.0,0.5,24.0,2.0,0.5559363916924877,0.5559363916924877,0.5559363916924877,0.5559363916924877,0.0,0,cqi|cost|switching,cqi|cost|switching,cqi,1,2,0.0,0.0
low,heavy,seed_0006,7,0,0.5559363916924877,1500.0,1.0,2.0,1.0,0.0,0.0,0.0,0.0,14.625,1.033299730636437,0.0,5.0,0.9583333333333334,0.4583333333333333,0.3797643274560547,2.0,0.0,0.0,2.9166666666666665,3.701388888888889,0.1665219278928028,0.48989794855663565,0.25505102572168215,24.0,2.0,0.5559363916924877,0.5559363916924877,0.5559363916924877,0.5559363916924877,0.0,0,cqi|cost|switching,cqi|cost|switching,cqi,1,4,0.0,0.0
low,heavy,seed_0006,8,0,0.5559363916924877,1500.0,1.0,2.0,1.0,0.0,0.0,0.0,0.0,14.791666666666666,0.4982608642958916,0.0,2.0,0.9583333333333334,0.3333333333333333,0.370415731060942,2.0,0.0,0.0,2.9583333333333335,3.6736111111111107,0.03330438557856061,0.5345224838248489,0.23273875808757555,24.0,2.0,0.5559363916924877,0.5559363916924877,0.5559363916924877,0.5559363916924877,0.0,0,cqi|cost|switching,cqi|cost|switching,cqi,1,4,0.0,0.0
low,heavy,seed_0006,9,0,0.5559363916924877,1500.0,1.0,2.0,1.0,0.0,0.0,0.0,0.0,14.791666666666666,0.4982608642958916,0.0,2.0,0.9583333333333334,0.25,0.31861545938997327,2.0,0.0,0.0,2.9583333333333335,3.6805555555555554,0.06660877115712113,0.5345224838248489,0.23273875808757555,24.0,2.0,0.5559363916924877,0.5559363916924877,0.5559363916924877,0.5559363916924877,0.0,0,cqi|cost|switching,cqi|cost|switching,cqi,1,4,0.0,0.0
low,heavy,seed_0006,10,0,0.5559363916924877,1500.0,1.0,2.0,1.0,0.0,0.0,0.0,0.0,14.875,0.33071891388307384,0.0,1.0,1.0,0.25,0.30569454057983314,2.0,0.0,0.0,3.0,3.6666666666666665,0.0,0.0,0.5,24.0,2.0,0.5559363916924877,0.5559363916924877,0.5559363916924877,0.5559363916924877,0.0,0,cqi|cost|switching,cqi|cost|switching,cqi,1,2,0.0,0.0
low,heavy,seed_0006,11,0,0.5559363916924877,1500.0,1.0,2.0,1.0,0.0,0.0,0.0,0.0,14.916666666666666,0.39965262694272663,0.0,2.0,0.9583333333333334,0.20833333333333334,0.2740673798854682,2.0,0.0,0.0,2.9583333333333335,3.6666666666666665,0.0,0.0,0.5,24.0,2.0,0.5559363916924877,0.5559363916924877,0.5559363916924877,0.5559363916924877,0.0,0,cqi|cost|switching,cqi|cost|switching,cqi,1,1,0.0,0.0
low,heavy,seed_0006,12,0,0.5559363916924877,1500.0,1.0,2.0,1.0,0.0,0.0,0.0,0.0,14.833333333333334,0.3726779962499649,0.0,1.0,1.0,0.16666666666666666,0.19241772179269565,2.0,0.0,0.0,3.0,3.6666666666666665,0.0,0.0,0.5,24.0,2.0,0.5559363916924877,0.5559363916924877,0.5559363916924877,0.5559363916924877,0.0,0,cqi|cost|switching,cqi|cost|switching,cqi,1,2,0.0,0.0
low,heavy,seed_0006,13,0,0.5559363916924877,1500.0,1.0,2.0,1.0,0.0,0.0,0.0,0.0,14.791666666666666,0.4982608642958916,0.0,2.0,0.9583333333333334,0.2916666666666667,0.2171771428811228,2.0,0.0,0.0,2.9583333333333335,3.6666666666666665,0.0,0.0,0.5,24.0,2.0,0.5559363916924877,0.5559363916924877,0.5559363916924877,0.5559363916924877,0.0,0,cqi|cost|switching,cqi|cost|switching,cqi,1,3,0.0,0.0
low,heavy,seed_0006,14,0,0.5559363916924877,1500.0,1.0,2.0,1.0,0.0,0.0,0.0,0.0,14.875,0.33071891388307384,0.0,1.0,1.0,0.16666666666666666,0.20051047621445614,2.0,0.0,0.0,3.0,3.6666666666666665,0.0,0.0,0.5,24.0,2.0,0.5559363916924877,0.5559363916924877,0.5559363916924877,0.5559363916924877,0.0,0,cqi|cost|switching,cqi|cost|switching,cqi,1,2,0.0,0.0
low,light,seed_0007,0,1,0.5290781116502739,5800.0,1.0,4.0,1.0,0.8000000000000002,1.0,4.0,0.0,14.666666666666666,0.5527707983925667,1.0,2.0,0.9583333333333334,0.2916666666666667,0.3024070471248573,0.0,0.0,0.0,4.958333333333333,3.6805555555555554,0.06660877115712113,0.43643578047198484,0.2817821097640076,2.0,12.0,0.5290781116502739,0.5290781116502739,0.5290781116502739,0.5290781116502739,0.0,0,cqi|cost|switching,cqi|cost|switching,cqi,1,4,0.0,0.0
low,light,seed_0007,1,0,0.9290781116502739,5800.0,1.0,4.0,1.0,0.0,0.0,0.0,0.0,14.916666666666666,0.2763853991962833,0.0,1.0,1.0,0.25,0.20966897216106264,4.0,0.0,0.0,1.0,3.6666666666666665,0.0,0.0,0.5,12.0,12.0,0.9290781116502739,0.9290781116502739,0.9290781116502739,0.9290781116502739,0.0,0,cqi|cost|switching,cqi|cost|switching,cqi,1,2,0.0,0.0
low,light,seed_0007,2,0,0.9290781116502739,5800.0,1.0,4.0,1.0,0.0,0.0,0.0,0.0,15.0,0.0,0.0,0.0,1.0,0.08333333333333333,0.20318578549261865,4.0,0.0,0.0,1.0,3.6666666666666665,0.0,0.0,0.5,12.0,12.0,0.9290781116502739,0.9290781116502739,0.9290781116502739,0.9290781116502739,0.0,0,cqi|cost|switching,cqi|cost|switching,cqi,1,1,0.0,0.0
low,light,seed_0007,3,0,0.9290781116502739,5800.0,1.0,4.0,1.0,0.0,0.0,0.0,0.0,14.708333333333334,0.4545296714431547,1.0,1.0,1.0,0.2916666666666667,0.25533864060283584,4.0,0.0,0.0,1.0,3.6666666666666665,0.0,0.0,0.5,12.0,12.0,0.9290781116502739,0.9290781116502739,0.9290781116502739,0.9290781116502739,0.0,0,cqi|cost|switching,cqi|cost|switching,cqi,1,2,0.0,0.0
low,light,seed_0007,4,0,0.9290781116502739,5800.0,1.0,4.0,1.0,0.0,0.0,0.0,0.0,14.958333333333334,0.19982631347136331,0.0,1.0,1.0,0.25,0.21123724356957943,4.0,0.0,0.0,1.0,3.6666666666666665,0.0,0.0,0.5,12.0,12.0,0.9290781116502739,0.9290781116502739,0.9290781116502739,0.9290781116502739,0.0,0,cqi|cost|switching,cqi|cost|switching,cqi,1,2,0.0,0.0
low,light,seed_0007,5,0,0.9290781116502739,5800.0,1.0,4.0,1.0,0.0,0.0,0.0,0.0,14.916666666666666,0.2763853991962833,0.0,1.0,1.0,0.125,0.14457057690291278,4.0,0.0,0.0,1.0,3.6666666666666665,0.0,0.0,0.5,12.0,12.0,0.9290781116502739,0.9290781116502739,0.9290781116502739,0.9290781116502739,0.0,0,cqi|cost|switching,cqi|cost|switching,cqi,1,2,0.0,0.0
low,light,seed_0007,6,0,0.9290781116502739,5800.0,1.0,4.0,1.0,0.0,0.0,0.0,0.0,14.958333333333334,0.19982631347136331,0.0,1.0,1.0,0.041666666666666664,0.14457057690291278,4.0,0.0,0.0,1.0,3.6666666666666665,0.0,0.0,0.5,12.0,12.0,0.9290781116502739,0.9290781116502739,0.9290781116502739,0.9290781116502739,0.0,0,cqi|cost|switching,cqi|cost|switching,cqi,1,2,0.0,0.0
low,light,seed_0007,7,0,0.9290781116502739,5800.0,1.0,4.0,1.0,0.0,0.0,0.0,0.0,14.875,0.33071891388307384,0.0,1.0,1.0,0.08333333333333333,0.1779039102362461,4.0,0.0,0.0,1.0,3.6666666666666665,0.0,0.0,0.5,12.0,12.0,0.9290781116502739,0.9290781116502739,0.9290781116502739,0.9290781116502739,0.0,0,cqi|cost|switching,cqi|cost|switching,cqi,1,2,0.0,0.0
low,light,seed_0007,8,0,0.9290781116502739,5800.0,1.0,4.0,1.0,0.0,0.0,0.0,0.0,14.708333333333334,0.7347996703561832,0.0,3.0,0.9166666666666666,0.25,0.14457057690291278,4.0,0.0,0.0,0.9166666666666666,3.6875,0.07316426217258852,0.7388664511337207,0.13056677443313963,12.166666666666666,12.0,0.9290781116502739,0.9290781116502739,0.9290781116502739,0.9290781116502739,0.0,0,cqi|cost|switching,cqi|cost|switching,cqi,1,5,0.0,0.0
low,light,seed_0007,9,0,0.9290781116502739,5800.0,1.0,4.0,1.0,0.0,0.0,0.0,0.0,14.791666666666666,0.4982608642958916,0.0,2.0,0.9583333333333334,0.25,0.15159289274630935,4.0,0.0,0.0,0.9583333333333334,3.6666666666666665,0.0,0.0,0.5,12.0,12.0,0.9290781116502739,0.9290781116502739,0.9290781116502739,0.9290781116502739,0.0,0,cqi|cost|switching,cqi|cost|switching,cqi,1,3,0.0,0.0
low,light,seed_0007,10,0,0.9290781116502739,5800.0,1.0,4.0,1.0,0.0,0.0,0.0,0.0,14.833333333333334,0.4714045207910317,0.0,2.0,0.9583333333333334,0.2916666666666667,0.19408472202624924,4.0,0.0,0.0,0.9583333333333334,3.6666666666666665,0.0,0.0,0.5,12.0,12.0,0.9290781116502739,0.9290781116502739,0.9290781116502739,0.9290781116502739,0.0,0,cqi|cost|switching,cqi|cost|switching,cqi,1,2,0.0,0.0
low,light,seed_0007,11,0,0.9290781116502739,5800.0,1.0,4.0,1.0,0.0,0.0,0.0,0.0,14.833333333333334,0.3726779962499649,0.0,1.0,1.0,0.25,0.25018415853668685,4.0,0.0,0.0,1.0,3.6666666666666665,0.0,0.0,0.5,12.0,12.0,0.9290781116502739,0.9290781116502739,0.9290781116502739,0.9290781116502739,0.0,0,cqi|cost|switching,cqi|cost|switching,cqi,1,2,0.0,0.0
low,light,seed_0007,12,0,0.9290781116502739,5800.0,1.0,4.0,1.0,0.0,0.0,0.0,0.0,14.541666666666666,0.9119195261766371,1.0,4.0,0.9166666666666666,0.4583333333333333,0.33925965737576574,4.0,0.0,0.0,0.9166666666666666,3.7083333333333335,0.14632852434517693,0.6011146295127141,0.19944268524364295,12.25,12.0,0.9290781116502739,0.9290781116502739,0.9290781116502739,0.9290781116502739,0.0,0,cqi|cost|switching,cqi|cost|switching,cqi,1,3,0.0,0.0
low,light,seed_0007,13,0,0.9290781116502739,5800.0,1.0,4.0,1.0,0.0,0.0,0.0,0.0,14.875,0.33071891388307384,0.0,1.0,1.0,0.4166666666666667,0.29030077756281925,4.0,0.0,0.0,1.0,3.6666666666666665,0.0,0.0,0.5,12.0,12.0,0.9290781116502739,0.9290781116502739,0.9290781116502739,0.9290781116502739,0.0,0,cqi|cost|switching,cqi|cost|switching,cqi,1,2,0.0,0.0
low,light,seed_0007,14,0,0.9290781116502739,5800.0,1.0,4.0,1.0,0.0,0.0,0.0,0.0,14.875,0.33071891388307384,0.0,1.0,1.0,0.08333333333333333,0.22204121814984323,4.0,0.0,0.0,1.0,3.6666666666666665,0.0,0.0,0.5,12.0,12.0,0.9290781116502739,0.9290781116502739,0.9290781116502739,0.9290781116502739,0.0,0,cqi|cost|switching,cqi|cost|switching,cqi,1,2,0.0,0.0
low,medium,seed_0007,0,1,0.4471841780840183,3000.0,1.0,3.0,1.0,0.6,1.0,3.0,0.0,14.666666666666666,0.5527707983925667,1.0,2.0,0.9583333333333334,0.2916666666666667,0.3024070471248573,0.0,0.0,0.0,4.958333333333333,3.6805555555555554,0.06660877115712113,0.43643578047198484,0.2817821097640076,4.0,6.0,0.4471841780840183,0.4471841780840183,0.4471841780840183,0.4471841780840183,0.0,0,cqi|cost|switching,cqi|cost|switching,cqi,1,4,0.0,0.0
low,medium,seed_0007,1,0,0.7471841780840182,3000.0,1.0,3.0,1.0,0.0,0.0,0.0,0.0,14.916666666666666,0.2763853991962833,0.0,1.0,1.0,0.25,0.20966897216106264,3.0,0.0,0.0,2.0,3.6666666666666665,0.0,0.0,0.5,16.0,6.0,0.7471841780840182,0.7471841780840182,0.7471841780840182,0.7471841780840182,0.0,0,cqi|cost|switching,cqi|cost|switching,cqi,1,2,0.0,0.0
low,medium,seed_0007,2,0,0.8290781116502739,5800.0,1.0,4.0,1.0,0.20000000000000004,1.0,1.0,0.0,15.0,0.0,0.0,0.0,1.0,0.08333333333333333,0.20318578549261865,3.0,0.0,0.0,2.0,3.6666666666666665,0.0,0.0,0.5,16.0,6.0,0.8290781116502739,0.8290781116502739,0.8290781116502739,0.8290781116502739,0.0,0,cqi|cost|switching,cqi|cost|switching,cqi,1,1,0.0,0.0
low,medium,seed_0007,3,0,0.6471841780840183,3000.0,1.0,3.0,1.0,0.20000000000000004,1.0,1.0,0.0,14.708333333333334,0.4545296714431547,1.0,1.0,1.0,0.2916666666666667,0.25533864060283584,4.0,0.0,0.0,1.0,3.6666666666666665,0.0,0.0,0.5,24.0,6.0,0.6471841780840183,0.6471841780840183,0.6471841780840183,0.6471841780840183,0.0,0,cqi|cost|switching,cqi|cost|switching,cqi,1,2,0.0,0.0
low,medium,seed_0007,4,0,0.7471841780840182,3000.0,1.0,3.0,1.0,0.0,0.0,0.0,0.0,14.958333333333334,0.19982631347136331,0.0,1.0,1.0,0.25,0.21123724356957943,3.0,0.0,0.0,2.0,3.6666666666666665,0.0,0.0,0.5,16.0,6.0,0.7471841780840182,0.7471841780840182,0.7471841780840182,0.7471841780840182,0.0,0,cqi|cost|switching,cqi|cost|switching,cqi,1,2,0.0,0.0
low,medium,seed_0007,5,0,0.7471841780840182,3000.0,1.0,3.0,1.0,0.0,0.0,0.0,0.0,14.916666666666666,0.2763853991962833,0.0,1.0,1.0,0.125,0.14457057690291278,3.0,0.0,0.0,2.0,3.6666666666666665,0.0,0.0,0.5,16.0,6.0,0.7471841780840182,0.7471841780840182,0.7471841780840182,0.7471841780840182,0.0,0,cqi|cost|switching,cqi|cost|switching,cqi,1,2,0.0,0.0
low,medium,seed_0007,6,0,0.7471841780840182,3000.0,1.0,3.0,1.0,0.0,0.0,0.0,0.0,14.958333333333334,0.19982631347136331,0.0,1.0,1.0,0.041666666666666664,0.14457057690291278,3.0,0.0,0.0,2.0,3.6666666666666665,0.0,0.0,0.5,16.0,6.0,0.7471841780840182,0.7471841780840182,0.7471841780840182,0.7471841780840182,0.0,0,cqi|cost|switching,cqi|cost|switching,cqi,1,2,0.0,0.0
low,medium,seed_0007,7,0,0.7471841780840182,3000.0,1.0,3.0,1.0,0.0,0.0,0.0,0.0,14.875,0.33071891388307384,0.0,1.0,1.0,0.08333333333333333,0.1779039102362461,3.0,0.0,0.0,2.0,3.6666666666666665,0.0,0.0,0.5,16.0,6.0,0.7471841780840182,0.7471841780840182,0.7471841780840182,0.7471841780840182,0.0,0,cqi|cost|switching,cqi|cost|switching,cqi,1,2,0.0,0.0
low,medium,seed_0007,8,0,0.7471841780840182,3000.0,1.0,3.0,1.0,0.0,0.0,0.0,0.0,14.708333333333334,0.7347996703561832,0.0,3.0,0.9166666666666666,0.25,0.14457057690291278,3.0,0.0,0.0,1.9166666666666667,3.6875,0.07316426217258852,0.7388664511337207,0.13056677443313963,16.0,6.0,0.7471841780840182,0.7471841780840182,0.7471841780840182,0.7471841780840182,0.0,0,cqi|cost|switching,cqi|cost|switching,cqi,1,5,0.0,0.0
low,medium,seed_0007,9,0,0.7471841780840182,3000.0,1.0,3.0,1.0,0.0,0.0,0.0,0.0,14.791666666666666,0.4982608642958916,0.0,2.0,0.9583333333333334,0.25,0.15159289274630935,3.0,0.0,0.0,1.9583333333333333,3.6666666666666665,0.0,0.0,0.5,16.0,6.0,0.7471841780840182,0.7471841780840182,0.7471841780840182,0.7471841780840182,0.0,0,cqi|cost|switching,cqi|cost|switching,cqi,1,3,0.0,0.0
low,medium,seed_0007,10,0,0.7471841780840182,3000.0,1.0,3.0,1.0,0.0,0.0,0.0,0.0,14.833333333333334,0.4714045207910317,0.0,2.0,0.9583333333333334,0.2916666666666667,0.19408472202624924,3.0,0.0,0.0,1.9583333333333333,3.6666666666666665,0.0,0.0,0.5,16.0,6.0,0.7471841780840182,0.7471841780840182,0.7471841780840182,0.7471841780840182,0.0,0,cqi|cost|switching,cqi|cost|switching,cqi,1,2,0.0,0.0
low,medium,seed_0007,11,0,0.7471841780840182,3000.0,1.0,3.0,1.0,0.0,0.0,0.0,0.0,14.833333333333334,0.3726779962499649,0.0,1.0,1.0,0.25,0.25018415853668685,3.0,0.0,0.0,2.0,3.6666666666666665,0.0,0.0,0.5,16.0,6.0,0.7471841780840182,0.7471841780840182,0.7471841780840182,0.7471841780840182,0.0,0,cqi|cost|switching,cqi|cost|switching,cqi,1,2,0.0,0.0
low,medium,seed_0007,12,0,0.7471841780840182,3000.0,1.0,3.0,1.0,0.0,0.0,0.0,0.0,14.541666666666666,0.9119195261766371,1.0,4.0,0.9166666666666666,0.4583333333333333,0.33925965737576574,3.0,0.0,0.0,1.9166666666666667,3.7083333333333335,0.14632852434517693,0.6011146295127141,0.19944268524364295,16.0,6.0,0.7471841780840182,0.7471841780840182,0.7471841780840182,0.7471841780840182,0.0,0,cqi|cost|switching,cqi|cost|switching,cqi,1,3,0.0,0.0
low,medium,seed_0007,13,0,0.7471841780840182,3000.0,1.0,3.0,1.0,0.0,0.0,0.0,0.0,14.875,0.33071891388307384,0.0,1.0,1.0,0.4166666666666667,0.29030077756281925,3.0,0.0,0.0,2.0,3.6666666666666665,0.0,0.0,0.5,16.0,6.0,0.7471841780840182,0.7471841780840182,0.7471841780840182,0.7471841780840182,0.0,0,cqi|cost|switching,cqi|cost|switching,cqi,1,2,0.0,0.0
low,medium,seed_0007,14,0,0.7471841780840182,3000.0,1.0,3.0,1.0,0.0,0.0,0.0,0.0,14.875,0.33071891388307384,0.0,1.0,1.0,0.08333333333333333,0.22204121814984323,3.0,0.0,0.0,2.0,3.6666666666666665,0.0,0.0,0.5,16.0,6.0,0.7471841780840182,0.7471841780840182,0.7471841780840182,0.7471841780840182,0.0,0,cqi|cost|switching,cqi|cost|switching,cqi,1,2,0.0,0.0
low,heavy,seed_0007,0,1,0.35593639169248764,1500.0,1.0,2.0,1.0,0.4000000000000001,1.0,2.0,0.0,14.666666666666666,0.5527707983925667,1.0,2.0,0.9583333333333334,0.2916666666666667,0.3024070471248573,0.0,0.0,0.0,4.958333333333333,3.6805555555555554,0.06660877115712113,0.43643578047198484,0.2817821097640076,12.0,2.0,0.35593639169248764,0.35593639169248764,0.35593639169248764,0.35593639169248764,0.0,0,cqi|cost|switching,cqi|cost|switching,cqi,1,4,0.0,0.0
low,heavy,seed_0007,1,0,0.5559363916924877,1500.0,1.0,2.0,1.0,0.0,0.0,0.0,0.0,14.916666666666666,0.2763853991962833,0.0,1.0,1.0,0.25,0.20966897216106264,2.0,0.0,0.0,3.0,3.6666666666666665,0.0,0.0,0.5,24.0,2.0,0.5559363916924877,0.5559363916924877,0.5559363916924877,0.5559363916924877,0.0,0,cqi|cost|switching,cqi|cost|switching,cqi,1,2,0.0,0.0
low,heavy,seed_0007,2,0,0.5559363916924877,1500.0,1.0,2.0,1.0,0.0,0.0,0.0,0.0,15.0,0.0,0.0,0.0,1.0,0.08333333333333333,0.20318578549261865,2.0,0.0,0.0,3.0,3.6666666666666665,0.0,0.0,0.5,24.0,2.0,0.5559363916924877,0.5559363916924877,0.5559363916924877,0.5559363916924877,0.0,0,cqi|cost|switching,cqi|cost|switching,cqi,1,1,0.0,0.0
low,heavy,seed_0007,3,0,0.5559363916924877,1500.0,1.0,2.0,1.0,0.0,0.0,0.0,0.0,14.708333333333334,0.4545296714431547,1.0,1.0,1.0,0.2916666666666667,0.25533864060283584,2.0,0.0,0.0,3.0,3.6666666666666665,0.0,0.0,0.5,24.0,2.0,0.5559363916924877,0.5559363916924877,0.5559363916924877,0.5559363916924877,0.0,0,cqi|cost|switching,cqi|cost|switching,cqi,1,2,0.0,0.0
low,heavy,seed_0007,4,0,0.5559363916924877,1500.0,1.0,2.0,1.0,0.0,0.0,0.0,0.0,14.958333333333334,0.19982631347136331,0.0,1.0,1.0,0.25,0.21123724356957943,2.0,0.0,0.0,3.0,3.6666666666666665,0.0,0.0,0.5,24.0,2.0,0.5559363916924877,0.5559363916924877,0.5559363916924877,0.5559363916924877,0.0,0,cqi|cost|switching,cqi|cost|switching,cqi,1,2,0.0,0.0
low,heavy,seed_0007,5,0,0.5559363916924877,1500.0,1.0,2.0,1.0,0.0,0.0,0.0,0.0,14.916666666666666,0.2763853991962833,0.0,1.0,1.0,0.125,0.14457057690291278,2.0,0.0,0.0,3.0,3.6666666666666665,0.0,0.0,0.5,24.0,2.0,0.5559363916924877,0.5559363916924877,0.5559363916924877,0.5559363916924877,0.0,0,cqi|cost|switching,cqi|cost|switching,cqi,1,2,0.0,0.0
low,heavy,seed_0007,6,0,0.5559363916924877,1500.0,1.0,2.0,1.0,0.0,0.0,0.0,0.0,14.958333333333334,0.19982631347136331,0.0,1.0,1.0,0.041666666666666664,0.14457057690291278,2.0,0.0,0.0,3.0,3.6666666666666665,0.0,0.0,0.5,24.0,2.0,0.5559363916924877,0.5559363916924877,0.5559363916924877,0.5559363916924877,0.0,0,cqi|cost|switching,cqi|cost|switching,cqi,1,2,0.0,0.0
low,heavy,seed_0007,7,0,0.5559363916924877,1500.0,1.0,2.0,1.0,0.0,0.0,0.0,0.0,14.875,0.33071891388307384,0.0,1.0,1.0,0.08333333333333333,0.1779039102362461,2.0,0.0,0.0,3.0,3.6666666666666665,0.0,0.0,0.5,24.0,2.0,0.5559363916924877,0.5559363916924877,0.5559363916924877,0.5559363916924877,0.0,0,cqi|cost|switching,cqi|cost|switching,cqi,1,2,0.0,0.0
low,heavy,seed_0007,8,0,0.5559363916924877,1500.0,1.0,2.0,1.0,0.0,0.0,0.0,0.0,14.708333333333334,0.7347996703561832,0.0,3.0,0.9166666666666666,0.25,0.14457057690291278,2.0,0.0,0.0,2.9166666666666665,3.6875,0.07316426217258852,0.7388664511337207,0.13056677443313963,24.0,2.0,0.5559363916924877,0.5559363916924877,0.5559363916924877,0.5559363916924877,0.0,0,cqi|cost|switching,cqi|cost|switching,cqi,1,5,0.0,0.0
low,heavy,seed_0007,9,0,0.5559363916924877,1500.0,1.0,2.0,1.0,0.0,0.0,0.0,0.0,14.791666666666666,0.4982608642958916,0.0,2.0,0.9583333333333334,0.25,0.15159289274630935,2.0,0.0,0.0,2.9583333333333335,3.6666666666666665,0.0,0.0,0.5,24.0,2.0,0.5559363916924877,0.5559363916924877,0.5559363916924877,0.5559363916924877,0.0,0,cqi|cost|switching,cqi|cost|switching,cqi,1,3,0.0,0.0
low,heavy,seed_0007,10,0,0.5559363916924877,1500.0,1.0,2.0,1.0,0.0,0.0,0.0,0.0,14.833333333333334,0.4714045207910317,0.0,2.0,0.9583333333333334,0.2916666666666667,0.19408472202624924,2.0,0.0,0.0,2.9583333333333335,3.6666666666666665,0.0,0.0,0.5,24.0,2.0,0.5559363916924877,0.5559363916924877,0.5559363916924877,0.5559363916924877,0.0,0,cqi|cost|switching,cqi|cost|switching,cqi,1,2,0.0,0.0
low,heavy,seed_0007,11,0,0.5559363916924877,1500.0,1.0,2.0,1.0,0.0,0.0,0.0,0.0,14.833333333333334,0.3726779962499649,0.0,1.0,1.0,0.25,0.25018415853668685,2.0,0.0,0.0,3.0,3.6666666666666665,0.0,0.0,0.5,24.0,2.0,0.5559363916924877,0.5559363916924877,0.5559363916924877,0.5559363916924877,0.0,0,cqi|cost|switching,cqi|cost|switching,cqi,1,2,0.0,0.0
low,heavy,seed_0007,12,0,0.5559363916924877,1500.0,1.0,2.0,1.0,0.0,0.0,0.0,0.0,14.541666666666666,0.9119195261766371,1.0,4.0,0.9166666666666666,0.4583333333333333,0.33925965737576574,2.0,0.0,0.0,2.9166666666666665,3.7083333333333335,0.14632852434517693,0.6011146295127141,0.19944268524364295,24.0,2.0,0.5559363916924877,0.5559363916924877,0.5559363916924877,0.5559363916924877,0.0,0,cqi|cost|switching,cqi|cost|switching,cqi,1,3,0.0,0.0
low,heavy,seed_0007,13,0,0.5559363916924877,1500.0,1.0,2.0,1.0,0.0,0.0,0.0,0.0,14.875,0.33071891388307384,0.0,1.0,1.0,0.4166666666666667,0.29030077756281925,2.0,0.0,0.0,3.0,3.6666666666666665,0.0,0.0,0.5,24.0,2.0,0.5559363916924877,0.5559363916924877,0.5559363916924877,0.5559363916924877,0.0,0,cqi|cost|switching,cqi|cost|switching,cqi,1,2,0.0,0.0
low,heavy,seed_0007,14,0,0.5559363916924877,1500.0,1.0,2.0,1.0,0.0,0.0,0.0,0.0,14.875,0.33071891388307384,0.0,1.0,1.0,0.08333333333333333,0.22204121814984323,2.0,0.0,0.0,3.0,3.6666666666666665,0.0,0.0,0.5,24.0,2.0,0.5559363916924877,0.5559363916924877,0.5559363916924877,0.5559363916924877,0.0,0,cqi|cost|switching,cqi|cost|switching,cqi,1,2,0.0,0.0
low,light,seed_0008,0,1,0.5290781116502739,5800.0,1.0,4.0,1.0,0.8000000000000002,1.0,4.0,0.0,14.625,0.9042722672587794,0.0,4.0,0.9166666666666666,0.4583333333333333,0.41463365150322357,0.0,0.0,0.0,4.916666666666667,3.6805555555555554,0.06660877115712113,0.488624933112828,0.25568753344358597,2.0,12.0,0.5290781116502739,0.5290781116502739,0.5290781116502739,0.5290781116502739,0.0,0,cqi|cost|switching,cqi|cost|switching,cqi,1,4,0.0,0.0
low,light,seed_0008,1,0,0.9290781116502739,5800.0,1.0,4.0,1.0,0.0,0.0,0.0,0.0,14.708333333333334,0.6757197808427856,0.0,3.0,0.9583333333333334,0.08333333333333333,0.41855653583590907,4.0,0.0,0.0,0.9583333333333334,3.6805555555555554,0.06660877115712113,0.48989794855663565,0.25505102572168215,12.083333333333334,12.0,0.9290781116502739,0.9290781116502739,0.9290781116502739,0.9290781116502739,0.0,0,cqi|cost|switching,cqi|cost|switching,cqi,1,3,0.0,0.0
low,light,seed_0008,2,0,0.9290781116502739,5800.0,1.0,4.0,1.0,0.0,0.0,0.0,0.0,14.75,0.5204164998665332,0.0,2.0,0.9583333333333334,0.375,0.36561242461317045,4.0,0.0,0.0,0.9583333333333334,3.6666666666666665,0.0,0.0,0.5,12.0,12.0,0.9290781116502739,0.9290781116502739,0.9290781116502739,0.9290781116502739,0.0,0,cqi|cost|switching,cqi|cost|switching,cqi,1,3,0.0,0.0
low,light,seed_0008,3,0,0.9290781116502739,5800.0,1.0,4.0,1.0,0.0,0.0,0.0,0.0,14.791666666666666,0.4061164310337068,0.0,1.0,1.0,0.375,0.313854342711853,4.0,0.0,0.0,1.0,3.6666666666666665,0.0,0.0,0.5,12.0,12.0,0.9290781116502739,0.9290781116502739,0.9290781116502739,0.9290781116502739,0.0,0,cqi|cost|switching,cqi|cost|switching,cqi,1,2,0.0,0.0
low,light,seed_0008,4,0,0.9290781116502739,5800.0,1.0,4.0,1.0,0.0,0.0,0.0,0.0,14.583333333333334,0.9965217285917832,0.0,4.0,0.9166666666666666,0.4583333333333333,0.32157622914399253,4.0,0.0,0.0,0.9166666666666666,3.701388888888889,0.11764634962567659,0.676470588235294,0.16176470588235298,12.166666666666666,12.0,0.9290781116502739,0.9290781116502739,0.9290781116502739,0.9290781116502739,0.0,0,cqi|cost|switching,cqi|cost|switching,cqi,1,5,0.0,0.0
low,light,seed_0008,5,0,0.9290781116502739,5800.0,1.0,4.0,1.0,0.0,0.0,0.0,0.0,14.708333333333334,0.6109532624422991,0.0,2.0,0.9166666666666666,0.375,0.30101625537539434,4.0,0.0,0.0,0.9166666666666666,3.6805555555555554,0.06660877115712113,0.46758265619318135,0.26620867190340936,12.083333333333334,12.0,0.9290781116502739,0.9290781116502739,0.9290781116502739,0.9290781116502739,0.0,0,cqi|cost|switching,cqi|cost|switching,cqi,1,4,0.0,0.0
low,light,seed_0008,6,0,0.9290781116502739,5800.0,1.0,4.0,1.0,0.0,0.0,0.0,0.0,14.5,1.2583057392117916,0.25,6.0,0.9166666666666666,0.4583333333333333,0.3752584852451306,4.0,0.0,0.0,0.9583333333333334,3.7152777777777772,0.17664024086079036,0.6328145078635634,0.1835927460682183,12.25,12.0,0.9290781116502739,0.9290781116502739,0.9290781116502739,0.9290781116502739,0.0,0,cqi|cost|switching,cqi|cost|switching,cqi,1,5,0.0,0.0
low,light,seed_0008,7,0,0.9290781116502739,5800.0,1.0,4.0,1.0,0.0,0.0,0.0,0.0,14.458333333333334,0.8650224788344456,1.25,2.0,0.75,0.5416666666666666,0.4090415914693459,4.0,0.0,0.0,0.75,3.6805555555555554,0.06660877115712113,0.34155843689111853,0.32922078155444073,12.083333333333334,12.0,0.9290781116502739,0.9290781116502739,0.9290781116502739,0.9290781116502739,0.0,0,cqi|cost|switching,cqi|cost|switching,cqi,1,4,0.0,0.0
low,light,seed_0008,8,0,0.9290781116502739,5800.0,1.0,4.0,1.0,0.0,0.0,0.0,0.0,14.708333333333334,0.6109532624422991,0.0,2.0,0.9166666666666666,0.4166666666666667,0.4211644817545732,4.0,0.0,0.0,0.9166666666666666,3.6805555555555554,0.06660877115712113,0.46758265619318135,0.26620867190340936,12.083333333333334,12.0,0.9290781116502739,0.9290781116502739,0.9290781116502739,0.9290781116502739,0.0,0,cqi|cost|switching,cqi|cost|switching,cqi,1,4,0.0,0.0
low,light,seed_0008,9,0,0.9290781116502739,5800.0,1.0,4.0,1.0,0.0,0.0,0.0,0.0,14.875,0.33071891388307384,0.0,1.0,1.0,0.25,0.3627324378231223,4.0,0.0,0.0,1.0,3.6666666666666665,0.0,0.0,0.5,12.0,12.0,0.9290781116502739,0.9290781116502739,0.9290781116502739,0.9290781116502739,0.0,0,cqi|cost|switching,cqi|cost|switching,cqi,1,2,0.0,0.0
low,light,seed_0008,10,0,0.9290781116502739,5800.0,1.0,4.0,1.0,0.0,0.0,0.0,0.0,14.75,0.5204164998665332,0.0,2.0,0.9583333333333334,0.20833333333333334,0.3269538099915628,4.0,0.0,0.0,0.9583333333333334,3.6666666666666665,0.0,0.0,0.5,12.0,12.0,0.9290781116502739,0.9290781116502739,0.9290781116502739,0.9290781116502739,0.0,0,cqi|cost|switching,cqi|cost|switching,cqi,1,3,0.0,0.0
low,light,seed_0008,11,0,0.9290781116502739,5800.0,1.0,4.0,1.0,0.0,0.0,0.0,0.0,14.708333333333334,0.789470638395684,0.0,3.0,0.875,0.2916666666666667,0.2904948814624148,4.0,0.0,0.0,0.875,3.6875,0.07316426217258852,0.8166982597207061,0.09165087013964696,12.166666666666666,12.0,0.9290781116502739,0.9290781116502739,0.9290781116502739,0.9290781116502739,0.0,0,cqi|cost|switching,cqi|cost|switching,cqi,1,4,0.0,0.0
low,light,seed_0008,12,0,0.9290781116502739,5800.0,1.0,4.0,1.0,0.0,0.0,0.0,0.0,14.458333333333334,0.956520023604083,1.0,4.0,0.875,0.6666666666666666,0.3881120115722614,4.0,0.0,0.0,0.875,3.694444444444444,0.10393492741038736,0.5626758636903998,0.2186620681548001,12.166666666666666,12.0,0.9290781116502739,0.9290781116502739,0.9290781116502739,0.9290781116502739,0.0,0,cqi|cost|switching,cqi|cost|switching,cqi,1,5,0.0,0.0
low,light,seed_0008,13,0,0.9290781116502739,5800.0,1.0,4.0,1.0,0.0,0.0,0.0,0.0,14.625,0.7534642216677135,0.25,3.0,0.9166666666666666,0.4166666666666667,0.4021451187082333,4.0,0.0,0.0,0.9166666666666666,3.6805555555555554,0.06660877115712113,0.4570914862452378,0.2714542568773811,12.083333333333334,12.0,0.9290781116502739,0.9290781116502739,0.9290781116502739,0.9290781116502739,0.0,0,cqi|cost|switching,cqi|cost|switching,cqi,1,4,0.0,0.0
low,light,seed_0008,14,0,0.9290781116502739,5800.0,1.0,4.0,1.0,0.0,0.0,0.0,0.0,14.875,0.4389855730355308,0.0,2.0,0.9583333333333334,0.4166666666666667,0.4005935223067237,4.0,0.0,0.0,0.9583333333333334,3.6736111111111107,0.03330438557856061,0.7223151185146153,0.13884244074269236,12.083333333333334,12.0,0.9290781116502739,0.9290781116502739,0.9290781116502739,0.9290781116502739,0.0,0,cqi|cost|switching,cqi|cost|switching,cqi,1,2,0.0,0.0
low,medium,seed_0008,0,1,0.4471841780840183,3000.0,1.0,3.0,1.0,0.6,1.0,3.0,0.0,14.625,0.9042722672587794,0.0,4.0,0.9166666666666666,0.4583333333333333,0.41463365150322357,0.0,0.0,0.0,4.916666666666667,3.6805555555555554,0.06660877115712113,0.488624933112828,0.25568753344358597,4.0,6.0,0.4471841780840183,0.4471841780840183,0.4471841780840183,0.4471841780840183,0.0,0,cqi|cost|switching,cqi|cost|switching,cqi,1,4,0.0,0.0
low,medium,seed_0008,1,0,0.7471841780840182,3000.0,1.0,3.0,1.0,0.0,0.0,0.0,0.0,14.708333333333334,0.6757197808427856,0.0,3.0,0.9583333333333334,0.08333333333333333,0.41855653583590907,3.0,0.0,0.0,1.9583333333333333,3.6805555555555554,0.06660877115712113,0.48989794855663565,0.25505102572168215,16.0,6.0,0.7471841780840182,0.7471841780840182,0.7471841780840182,0.7471841780840182,0.0,0,cqi|cost|switching,cqi|cost|switching,cqi,1,3,0.0,0.0
low,medium,seed_0008,2,0,0.7471841780840182,3000.0,1.0,3.0,1.0,0.0,0.0,0.0,0.0,14.75,0.5204164998665332,0.0,2.0,0.9583333333333334,0.375,0.36561242461317045,3.0,0.0,0.0,1.9583333333333333,3.6666666666666665,0.0,0.0,0.5,16.0,6.0,0.7471841780840182,0.7471841780840182,0.7471841780840182,0.7471841780840182,0.0,0,cqi|cost|switching,cqi|cost|switching,cqi,1,3,0.0,0.0
low,medium,seed_0008,3,0,0.7471841780840182,3000.0,1.0,3.0,1.0,0.0,0.0,0.0,0.0,14.791666666666666,0.4061164310337068,0.0,1.0,1.0,0.375,0.313854342711853,3.0,0.0,0.0,2.0,3.6666666666666665,0.0,0.0,0.5,16.0,6.0,0.7471841780840182,0.7471841780840182,0.7471841780840182,0.7471841780840182,0.0,0,cqi|cost|switching,cqi|cost|switching,cqi,1,2,0.0,0.0
low,medium,seed_0008,4,0,0.7471841780840182,3000.0,1.0,3.0,1.0,0.0,0.0,0.0,0.0,14.583333333333334,0.9965217285917832,0.0,4.0,0.9166666666666666,0.4583333333333333,0.32157622914399253,3.0,0.0,0.0,1.9166666666666667,3.701388888888889,0.11764634962567659,0.676470588235294,0.16176470588235298,16.0,6.0,0.7471841780840182,0.7471841780840182,0.7471841780840182,0.7471841780840182,0.0,0,cqi|cost|switching,cqi|cost|switching,cqi,1,5,0.0,0.0
low,medium,seed_0008,5,0,0.7471841780840182,3000.0,1.0,3.0,1.0,0.0,0.0,0.0,0.0,14.708333333333334,0.6109532624422991,0.0,2.0,0.9166666666666666,0.375,0.30101625537539434,3.0,0.0,0.0,1.9166666666666667,3.6805555555555554,0.06660877115712113,0.46758265619318135,0.26620867190340936,16.0,6.0,0.7471841780840182,0.7471841780840182,0.7471841780840182,0.7471841780840182,0.0,0,cqi|cost|switching,cqi|cost|switching,cqi,1,4,0.0,0.0
low,medium,seed_0008,6,0,0.7471841780840182,3000.0,1.0,3.0,1.0,0.0,0.0,0.0,0.0,14.5,1.2583057392117916,0.25,6.0,0.9166666666666666,0.4583333333333333,0.3752584852451306,3.0,0.0,0.0,1.875,3.7152777777777772,0.17664024086079036,0.6328145078635634,0.1835927460682183,16.0,6.0,0.7471841780840182,0.7471841780840182,0.7471841780840182,0.7471841780840182,0.0,0,cqi|cost|switching,cqi|cost|switching,cqi,1,5,0.0,0.0
low,medium,seed_0008,7,0,0.7471841780840182,3000.0,1.0,3.0,1.0,0.0,0.0,0.0,0.0,14.458333333333334,0.8650224788344456,1.25,2.0,0.75,0.5416666666666666,0.4090415914693459,3.0,0.0,0.0,1.75,3.6805555555555554,0.06660877115712113,0.34155843689111853,0.32922078155444073,16.0,6.0,0.7471841780840182,0.7471841780840182,0.7471841780840182,0.7471841780840182,0.0,0,cqi|cost|switching,cqi|cost|switching,cqi,1,4,0.0,0.0
low,medium,seed_0008,8,0,0.7471841780840182,3000.0,1.0,3.0,1.0,0.0,0.0,0.0,0.0,14.708333333333334,0.6109532624422991,0.0,2.0,0.9166666666666666,0.4166666666666667,0.4211644817545732,3.0,0.0,0.0,1.9166666666666667,3.6805555555555554,0.06660877115712113,0.46758265619318135,0.26620867190340936,16.0,6.0,0.7471841780840182,0.7471841780840182,0.7471841780840182,0.7471841780840182,0.0,0,cqi|cost|switching,cqi|cost|switching,cqi,1,4,0.0,0.0
low,medium,seed_0008,9,0,0.7471841780840182,3000.0,1.0,3.0,1.0,0.0,0.0,0.0,0.0,14.875,0.33071891388307384,0.0,1.0,1.0,0.25,0.3627324378231223,3.0,0.0,0.0,2.0,3.6666666666666665,0.0,0.0,0.5,16.0,6.0,0.7471841780840182,0.7471841780840182,0.7471841780840182,0.7471841780840182,0.0,0,cqi|cost|switching,cqi|cost|switching,cqi,1,2,0.0,0.0
low,medium,seed_0008,10,0,0.7471841780840182,3000.0,1.0,3.0,1.0,0.0,0.0,0.0,0.0,14.75,0.5204164998665332,0.0,2.0,0.9583333333333334,0.20833333333333334,0.3269538099915628,3.0,0.0,0.0,1.9583333333333333,3.6666666666666665,0.0,0.0,0.5,16.0,6.0,0.7471841780840182,0.7471841780840182,0.7471841780840182,0.7471841780840182,0.0,0,cqi|cost|switching,cqi|cost|switching,cqi,1,3,0.0,0.0
low,medium,seed_0008,11,0,0.7471841780840182,3000.0,1.0,3.0,1.0,0.0,0.0,0.0,0.0,14.708333333333334,0.789470638395684,0.0,3.0,0.875,0.2916666666666667,0.2904948814624148,3.0,0.0,0.0,1.875,3.6875,0.07316426217258852,0.8166982597207061,0.09165087013964696,16.0,6.0,0.7471841780840182,0.7471841780840182,0.7471841780840182,0.7471841780840182,0.0,0,cqi|cost|switching,cqi|cost|switching,cqi,1,4,0.0,0.0
low,medium,seed_0008,12,0,0.7471841780840182,3000.0,1.0,3.0,1.0,0.0,0.0,0.0,0.0,14.458333333333334,0.956520023604083,1.0,4.0,0.875,0.6666666666666666,0.3881120115722614,3.0,0.0,0.0,1.875,3.694444444444444,0.10393492741038736,0.5626758636903998,0.2186620681548001,16.0,6.0,0.7471841780840182,0.7471841780840182,0.7471841780840182,0.7471841780840182,0.0,0,cqi|cost|switching,cqi|cost|switching,cqi,1,5,0.0,0.0
low,medium,seed_0008,13,0,0.7471841780840182,3000.0,1.0,3.0,1.0,0.0,0.0,0.0,0.0,14.625,0.7534642216677135,0.25,3.0,0.9166666666666666,0.4166666666666667,0.4021451187082333,3.0,0.0,0.0,1.9166666666666667,3.6805555555555554,0.06660877115712113,0.4570914862452378,0.2714542568773811,16.0,6.0,0.7471841780840182,0.7471841780840182,0.7471841780840182,0.7471841780840182,0.0,0,cqi|cost|switching,cqi|cost|switching,cqi,1,4,0.0,0.0
low,medium,seed_0008,14,0,0.7471841780840182,3000.0,1.0,3.0,1.0,0.0,0.0,0.0,0.0,14.875,0.4389855730355308,0.0,2.0,0.9583333333333334,0.4166666666666667,0.4005935223067237,3.0,0.0,0.0,1.9583333333333333,3.6736111111111107,0.03330438557856061,0.7223151185146153,0.13884244074269236,16.0,6.0,0.7471841780840182,0.7471841780840182,0.7471841780840182,0.7471841780840182,0.0,0,cqi|cost|switching,cqi|cost|switching,cqi,1,2,0.0,0.0
low,heavy,seed_0008,0,1,0.35593639169248764,1500.0,1.0,2.0,1.0,0.4000000000000001,1.0,2.0,0.0,14.625,0.9042722672587794,0.0,4.0,0.9166666666666666,0.4583333333333333,0.41463365150322357,0.0,0.0,0.0,4.916666666666667,3.6805555555555554,0.06660877115712113,0.488624933112828,0.25568753344358597,12.0,2.0,0.35593639169248764,0.35593639169248764,0.35593639169248764,0.35593639169248764,0.0,0,cqi|cost|switching,cqi|cost|switching,cqi,1,4,0.0,0.0
low,heavy,seed_0008,1,0,0.5559363916924877,1500.0,1.0,2.0,1.0,0.0,0.0,0.0,0.0,14.708333333333334,0.6757197808427856,0.0,3.0,0.9583333333333334,0.08333333333333333,0.41855653583590907,2.0,0.0,0.0,2.9583333333333335,3.6805555555555554,0.06660877115712113,0.48989794855663565,0.25505102572168215,24.0,2.0,0.5559363916924877,0.5559363916924877,0.5559363916924877,0.5559363916924877,0.0,0,cqi|cost|switching,cqi|cost|switching,cqi,1,3,0.0,0.0
low,heavy,seed_0008,2,0,0.5559363916924877,1500.0,1.0,2.0,1.0,0.0,0.0,0.0,0.0,14.75,0.5204164998665332,0.0,2.0,0.9583333333333334,0.375,0.36561242461317045,2.0,0.0,0.0,2.9583333333333335,3.6666666666666665,0.0,0.0,0.5,24.0,2.0,0.5559363916924877,0.5559363916924877,0.5559363916924877,0.5559363916924877,0.0,0,cqi|cost|switching,cqi|cost|switching,cqi,1,3,0.0,0.0
low,heavy,seed_0008,3,0,0.5559363916924877,1500.0,1.0,2.0,1.0,0.0,0.0,0.0,0.0,14.791666666666666,0.4061164310337068,0.0,1.0,1.0,0.375,0.313854342711853,2.0,0.0,0.0,3.0,3.6666666666666665,0.0,0.0,0.5,24.0,2.0,0.5559363916924877,0.5559363916924877,0.5559363916924877,0.5559363916924877,0.0,0,cqi|cost|switching,cqi|cost|switching,cqi,1,2,0.0,0.0
low,heavy,seed_0008,4,0,0.5559363916924877,1500.0,1.0,2.0,1.0,0.0,0.0,0.0,0.0,14.583333333333334,0.9965217285917832,0.0,4.0,0.9166666666666666,0.4583333333333333,0.32157622914399253,2.0,0.0,0.0,2.9166666666666665,3.701388888888889,0.11764634962567659,0.676470588235294,0.16176470588235298,24.0,2.0,0.5559363916924877,0.5559363916924877,0.5559363916924877,0.5559363916924877,0.0,0,cqi|cost|switching,cqi|cost|switching,cqi,1,5,0.0,0.0
low,heavy,seed_0008,5,0,0.5559363916924877,1500.0,1.0,2.0,1.0,0.0,0.0,0.0,0.0,14.708333333333334,0.6109532624422991,0.0,2.0,0.9166666666666666,0.375,0.30101625537539434,2.0,0.0,0.0,2.9166666666666665,3.6805555555555554,0.06660877115712113,0.46758265619318135,0.26620867190340936,24.0,2.0,0.5559363916924877,0.5559363916924877,0.5559363916924877,0.5559363916924877,0.0,0,cqi|cost|switching,cqi|cost|switching,cqi,1,4,0.0,0.0
low,heavy,seed_0008,6,0,0.4494390420386339,1437.5,0.9583333333333334,2.0,0.9583333333333334,0.0,0.0,0.0,0.08333333333333333,14.5,1.2583057392117916,0.25,6.0,0.9166666666666666,0.4583333333333333,0.3752584852451306,2.0,0.0,0.0,2.875,3.7152777777777772,0.17664024086079036,0.6328145078635634,0.1835927460682183,24.0,2.0,0.4494390420386339,0.3429416923847803,0.1791130664541918,0.4494390420386339,0.0,0,cqi,cqi,cqi,2,5,0.0,0.0
low,heavy,seed_0008,7,0,0.5559363916924877,1500.0,1.0,2.0,1.0,0.0,0.0,0.0,0.08333333333333333,14.458333333333334,0.8650224788344456,1.25,2.0,0.75,0.5416666666666666,0.4090415914693459,2.0,0.0,0.0,2.75,3.6805555555555554,0.06660877115712113,0.34155843689111853,0.32922078155444073,24.0,2.0,0.5559363916924877,0.5559363916924877,0.5559363916924877,0.5559363916924877,0.0,0,cqi|cost|switching,cqi|cost|switching,cqi,1,4,0.0,0.0
low,heavy,seed_0008,8,0,0.5559363916924877,1500.0,1.0,2.0,1.0,0.0,0.0,0.0,0.0,14.708333333333334,0.6109532624422991,0.0,2.0,0.9166666666666666,0.4166666666666667,0.4211644817545732,2.0,0.0,0.0,2.9166666666666665,3.6805555555555554,0.06660877115712113,0.46758265619318135,0.26620867190340936,24.0,2.0,0.5559363916924877,0.5559363916924877,0.5559363916924877,0.5559363916924877,0.0,0,cqi|cost|switching,cqi|cost|switching,cqi,1,4,0.0,0.0
low,heavy,seed_0008,9,0,0.5559363916924877,1500.0,1.0,2.0,1.0,0.0,0.0,0.0,0.0,14.875,0.33071891388307384,0.0,1.0,1.0,0.25,0.3627324378231223,2.0,0.0,0.0,3.0,3.6666666666666665,0.0,0.0,0.5,24.0,2.0,0.5559363916924877,0.5559363916924877,0.5559363916924877,0.5559363916924877,0.0,0,cqi|cost|switching,cqi|cost|switching,cqi,1,2,0.0,0.0
low,heavy,seed_0008,10,0,0.5559363916924877,1500.0,1.0,2.0,1.0,0.0,0.0,0.0,0.0,14.75,0.5204164998665332,0.0,2.0,0.9583333333333334,0.20833333333333334,0.3269538099915628,2.0,0.0,0.0,2.9583333333333335,3.6666666666666665,0.0,0.0,0.5,24.0,2.0,0.5559363916924877,0.5559363916924877,0.5559363916924877,0.5559363916924877,0.0,0,cqi|cost|switching,cqi|cost|switching,cqi,1,3,0.0,0.0
low,heavy,seed_0008,11,0,0.5559363916924877,1500.0,1.0,2.0,1.0,0.0,0.0,0.0,0.0,14.708333333333334,0.789470638395684,0.0,3.0,0.875,0.2916666666666667,0.2904948814624148,2.0,0.0,0.0,2.875,3.6875,0.07316426217258852,0.8166982597207061,0.09165087013964696,24.0,2.0,0.5559363916924877,0.5559363916924877,0.5559363916924877,0.5559363916924877,0.0,0,cqi|cost|switching,cqi|cost|switching,cqi,1,4,0.0,0.0
low,heavy,seed_0008,12,0,0.5559363916924877,1500.0,1.0,2.0,1.0,0.0,0.0,0.0,0.0,14.458333333333334,0.956520023604083,1.0,4.0,0.875,0.6666666666666666,0.3881120115722614,2.0,0.0,0.0,2.875,3.694444444444444,0.10393492741038736,0.5626758636903998,0.2186620681548001,24.0,2.0,0.5559363916924877,0.5559363916924877,0.5559363916924877,0.5559363916924877,0.0,0,cqi|cost|switching,cqi|cost|switching,cqi,1,5,0.0,0.0
low,heavy,seed_0008,13,0,0.5559363916924877,1500.0,1.0,2.0,1.0,0.0,0.0,0.0,0.0,14.625,0.7534642216677135,0.25,3.0,0.9166666666666666,0.4166666666666667,0.4021451187082333,2.0,0.0,0.0,2.9166666666666665,3.6805555555555554,0.06660877115712113,0.4570914862452378,0.2714542568773811,24.0,2.0,0.5559363916924877,0.5559363916924877,0.5559363916924877,0.5559363916924877,0.0,0,cqi|cost|switching,cqi|cost|switching,cqi,1,4,0.0,0.0
low,heavy,seed_0008,14,0,0.5559363916924877,1500.0,1.0,2.0,1.0,0.0,0.0,0.0,0.0,14.875,0.4389855730355308,0.0,2.0,0.9583333333333334,0.4166666666666667,0.4005935223067237,2.0,0.0,0.0,2.9583333333333335,3.6736111111111107,0.03330438557856061,0.7223151185146153,0.13884244074269236,24.0,2.0,0.5559363916924877,0.5559363916924877,0.5559363916924877,0.5559363916924877,0.0,0,cqi|cost|switching,cqi|cost|switching,cqi,1,2,0.0,0.0
low,light,seed_0009,0,1,0.5290781116502739,5800.0,1.0,4.0,1.0,0.8000000000000002,1.0,4.0,0.0,14.708333333333334,0.6757197808427856,0.0,3.0,0.9583333333333334,0.25,0.20051047621445614,0.0,0.0,0.0,4.958333333333333,3.6736111111111107,0.03330438557856061,0.48989794855663565,0.25505102572168215,2.0,12.0,0.5290781116502739,0.5290781116502739,0.5290781116502739,0.5290781116502739,0.0,0,cqi|cost|switching,cqi|cost|switching,cqi,1,4,0.0,0.0
low,light,seed_0009,1,0,0.9290781116502739,5800.0,1.0,4.0,1.0,0.0,0.0,0.0,0.0,14.666666666666666,0.5527707983925667,1.0,2.0,0.9583333333333334,0.20833333333333334,0.26067728120567163,4.0,0.0,0.0,0.9583333333333334,3.6666666666666665,0.0,0.0,0.5,12.0,12.0,0.9290781116502739,0.9290781116502739,0.9290781116502739,0.9290781116502739,0.0,0,cqi|cost|switching,cqi|cost|switching,cqi,1,3,0.0,0.0
low,light,seed_0009,2,0,0.9290781116502739,5800.0,1.0,4.0,1.0,0.0,0.0,0.0,0.0,14.5,0.8660254037844386,1.0,3.0,0.9166666666666666,0.4166666666666667,0.2522462311526526,4.0,0.0,0.0,0.9166666666666666,3.694444444444444,0.10393492741038736,0.5768043113661565,0.21159784431692175,12.166666666666666,12.0,0.9290781116502739,0.9290781116502739,0.9290781116502739,0.9290781116502739,0.0,0,cqi|cost|switching,cqi|cost|switching,cqi,1,5,0.0,0.0
low,light,seed_0009,3,0,0.9290781116502739,5800.0,1.0,4.0,1.0,0.0,0.0,0.0,0.0,14.583333333333334,0.7021791477646966,1.0,3.0,0.9583333333333334,0.3333333333333333,0.2745296437566096,4.0,0.0,0.0,0.9583333333333334,3.6805555555555554,0.06660877115712113,0.42008402520840293,0.28995798739579853,12.083333333333334,12.0,0.9290781116502739,0.9290781116502739,0.9290781116502739,0.9290781116502739,0.0,0,cqi|cost|switching,cqi|cost|switching,cqi,1,4,0.0,0.0
low,light,seed_0009,4,0,0.9290781116502739,5800.0,1.0,4.0,1.0,0.0,0.0,0.0,0.0,14.916666666666666,0.2763853991962833,0.0,1.0,1.0,0.3333333333333333,0.30023135115677024,4.0,0.0,0.0,1.0,3.6666666666666665,0.0,0.0,0.5,12.0,12.0,0.9290781116502739,0.9290781116502739,0.9290781116502739,0.9290781116502739,0.0,0,cqi|cost|switching,cqi|cost|switching,cqi,1,2,0.0,0.0
low,light,seed_0009,5,0,0.9290781116502739,5800.0,1.0,4.0,1.0,0.0,0.0,0.0,0.0,14.75,0.6614378277661477,0.0,3.0,0.9583333333333334,0.16666666666666666,0.3167092993883002,4.0,0.0,0.0,0.9583333333333334,3.6805555555555554,0.06660877115712113,0.5345224838248489,0.23273875808757555,12.083333333333334,12.0,0.9290781116502739,0.9290781116502739,0.9290781116502739,0.9290781116502739,0.0,0,cqi|cost|switching,cqi|cost|switching,cqi,1,4,0.0,0.0
low,light,seed_0009,6,0,0.9290781116502739,5800.0,1.0,4.0,1.0,0.0,0.0,0.0,0.0,14.75,0.5204164998665332,0.0,2.0,0.9583333333333334,0.16666666666666666,0.2796302181984404,4.0,0.0,0.0,0.9583333333333334,3.6666666666666665,0.0,0.0,0.5,12.0,12.0,0.9290781116502739,0.9290781116502739,0.9290781116502739,0.9290781116502739,0.0,0,cqi|cost|switching,cqi|cost|switching,cqi,1,3,0.0,0.0
low,light,seed_0009,7,0,0.9290781116502739,5800.0,1.0,4.0,1.0,0.0,0.0,0.0,0.0,14.916666666666666,0.2763853991962833,0.0,1.0,1.0,0.16666666666666666,0.2149829914261059,4.0,0.0,0.0,1.0,3.6666666666666665,0.0,0.0,0.5,12.0,12.0,0.9290781116502739,0.9290781116502739,0.9290781116502739,0.9290781116502739,0.0,0,cqi|cost|switching,cqi|cost|switching,cqi,1,2,0.0,0.0
low,light,seed_0009,8,0,0.9290781116502739,5800.0,1.0,4.0,1.0,0.0,0.0,0.0,0.0,14.75,0.5204164998665332,0.0,2.0,0.9583333333333334,0.16666666666666666,0.13867197393616915,4.0,0.0,0.0,0.9583333333333334,3.6736111111111107,0.03330438557856061,0.48989794855663565,0.25505102572168215,12.083333333333334,12.0,0.9290781116502739,0.9290781116502739,0.9290781116502739,0.9290781116502739,0.0,0,cqi|cost|switching,cqi|cost|switching,cqi,1,3,0.0,0.0
low,light,seed_0009,9,0,0.9290781116502739,5800.0,1.0,4.0,1.0,0.0,0.0,0.0,0.0,14.708333333333334,0.6109532624422992,0.0,2.0,0.9166666666666666,0.20833333333333334,0.1709228907376493,4.0,0.0,0.0,0.9166666666666666,3.6666666666666665,0.0,0.0,0.5,12.0,12.0,0.9290781116502739,0.9290781116502739,0.9290781116502739,0.9290781116502739,0.0,0,cqi|cost|switching,cqi|cost|switching,cqi,1,3,0.0,0.0
low,light,seed_0009,10,0,0.9290781116502739,5800.0,1.0,4.0,1.0,0.0,0.0,0.0,0.0,14.666666666666666,0.7993052538854533,0.0,3.0,0.875,0.2916666666666667,0.21923921549708858,4.0,0.0,0.0,0.875,3.6805555555555554,0.06660877115712113,0.5336944082171268,0.23315279589143661,12.083333333333334,12.0,0.9290781116502739,0.9290781116502739,0.9290781116502739,0.9290781116502739,0.0,0,cqi|cost|switching,cqi|cost|switching,cqi,1,5,0.0,0.0
low,light,seed_0009,11,0,0.9290781116502739,5800.0,1.0,4.0,1.0,0.0,0.0,0.0,0.0,14.916666666666666,0.2763853991962833,0.0,1.0,1.0,0.3333333333333333,0.22807595366437564,4.0,0.0,0.0,1.0,3.6666666666666665,0.0,0.0,0.5,12.0,12.0,0.9290781116502739,0.9290781116502739,0.9290781116502739,0.9290781116502739,0.0,0,cqi|cost|switching,cqi|cost|switching,cqi,1,2,0.0,0.0
low,light,seed_0009,12,0,0.9290781116502739,5800.0,1.0,4.0,1.0,0.0,0.0,0.0,0.0,14.875,0.5994789404140899,0.0,3.0,0.9583333333333334,0.20833333333333334,0.25120967086404894,4.0,0.0,0.0,0.9583333333333334,3.6805555555555554,0.06660877115712113,1.0,0.0,12.083333333333334,12.0,0.9290781116502739,0.9290781116502739,0.9290781116502739,0.9290781116502739,0.0,0,cqi|cost|switching,cqi|cost|switching,cqi,1,2,0.0,0.0
low,light,seed_0009,13,0,0.9290781116502739,5800.0,1.0,4.0,1.0,0.0,0.0,0.0,0.0,14.458333333333334,0.8154327412825385,1.0,3.0,0.875,0.5833333333333334,0.3003175737525718,4.0,0.0,0.0,0.875,3.6805555555555554,0.06660877115712113,0.40245724118956483,0.2987713794052176,12.083333333333334,12.0,0.9290781116502739,0.9290781116502739,0.9290781116502739,0.9290781116502739,0.0,0,cqi|cost|switching,cqi|cost|switching,cqi,1,4,0.0,0.0
low,light,seed_0009,14,0,0.9290781116502739,5800.0,1.0,4.0,1.0,0.0,0.0,0.0,0.0,14.583333333333334,0.8620067027323834,0.25,3.0,0.9166666666666666,0.625,0.3477866701330481,4.0,0.0,0.0,0.9166666666666666,3.694444444444444,0.09212846639876116,0.6324555320336759,0.18377223398316206,12.166666666666666,12.0,0.9290781116502739,0.9290781116502739,0.9290781116502739,0.9290781116502739,0.0,0,cqi|cost|switching,cqi|cost|switching,cqi,1,4,0.0,0.0
low,medium,seed_0009,0,1,0.4471841780840183,3000.0,1.0,3.0,1.0,0.6,1.0,3.0,0.0,14.708333333333334,0.6757197808427856,0.0,3.0,0.9583333333333334,0.25,0.20051047621445614,0.0,0.0,0.0,4.958333333333333,3.6736111111111107,0.03330438557856061,0.48989794855663565,0.25505102572168215,4.0,6.0,0.4471841780840183,0.4471841780840183,0.4471841780840183,0.4471841780840183,0.0,0,cqi|cost|switching,cqi|cost|switching,cqi,1,4,0.0,0.0
low,medium,seed_0009,1,0,0.7471841780840182,3000.0,1.0,3.0,1.0,0.0,0.0,0.0,0.0,14.666666666666666,0.5527707983925667,1.0,2.0,0.9583333333333334,0.20833333333333334,0.26067728120567163,3.0,0.0,0.0,1.9583333333333333,3.6666666666666665,0.0,0.0,0.5,16.0,6.0,0.7471841780840182,0.7471841780840182,0.7471841780840182,0.7471841780840182,0.0,0,cqi|cost|switching,cqi|cost|switching,cqi,1,3,0.0,0.0
low,medium,seed_0009,2,0,0.7471841780840182,3000.0,1.0,3.0,1.0,0.0,0.0,0.0,0.0,14.5,0.8660254037844386,1.0,3.0,0.9166666666666666,0.4166666666666667,0.2522462311526526,3.0,0.0,0.0,1.9166666666666667,3.694444444444444,0.10393492741038736,0.5768043113661565,0.21159784431692175,16.0,6.0,0.7471841780840182,0.7471841780840182,0.7471841780840182,0.7471841780840182,0.0,0,cqi|cost|switching,cqi|cost|switching,cqi,1,5,0.0,0.0
low,medium,seed_0009,3,0,0.7471841780840182,3000.0,1.0,3.0,1.0,0.0,0.0,0.0,0.0,14.583333333333334,0.7021791477646966,1.0,3.0,0.9583333333333334,0.3333333333333333,0.2745296437566096,3.0,0.0,0.0,1.9583333333333333,3.6805555555555554,0.06660877115712113,0.42008402520840293,0.28995798739579853,16.0,6.0,0.7471841780840182,0.7471841780840182,0.7471841780840182,0.7471841780840182,0.0,0,cqi|cost|switching,cqi|cost|switching,cqi,1,4,0.0,0.0
low,medium,seed_0009,4,0,0.7471841780840182,3000.0,1.0,3.0,1.0,0.0,0.0,0.0,0.0,14.916666666666666,0.2763853991962833,0.0,1.0,1.0,0.3333333333333333,0.30023135115677024,3.0,0.0,0.0,2.0,3.6666666666666665,0.0,0.0,0.5,16.0,6.0,0.7471841780840182,0.7471841780840182,0.7471841780840182,0.7471841780840182,0.0,0,cqi|cost|switching,cqi|cost|switching,cqi,1,2,0.0,0.0
low,medium,seed_0009,5,0,0.7471841780840182,3000.0,1.0,3.0,1.0,0.0,0.0,0.0,0.0,14.75,0.6614378277661477,0.0,3.0,0.9583333333333334,0.16666666666666666,0.3167092993883002,3.0,0.0,0.0,1.9583333333333333,3.6805555555555554,0.06660877115712113,0.5345224838248489,0.23273875808757555,16.0,6.0,0.7471841780840182,0.7471841780840182,0.7471841780840182,0.7471841780840182,0.0,0,cqi|cost|switching,cqi|cost|switching,cqi,1,4,0.0,0.0
low,medium,seed_0009,6,0,0.7471841780840182,3000.0,1.0,3.0,1.0,0.0,0.0,0.0,0.0,14.75,0.5204164998665332,0.0,2.0,0.9583333333333334,0.16666666666666666,0.2796302181984404,3.0,0.0,0.0,1.9583333333333333,3.6666666666666665,0.0,0.0,0.5,16.0,6.0,0.7471841780840182,0.7471841780840182,0.7471841780840182,0.7471841780840182,0.0,0,cqi|cost|switching,cqi|cost|switching,cqi,1,3,0.0,0.0
low,medium,seed_0009,7,0,0.7471841780840182,3000.0,1.0,3.0,1.0,0.0,0.0,0.0,0.0,14.916666666666666,0.2763853991962833,0.0,1.0,1.0,0.16666666666666666,0.2149829914261059,3.0,0.0,0.0,2.0,3.6666666666666665,0.0,0.0,0.5,16.0,6.0,0.7471841780840182,0.7471841780840182,0.7471841780840182,0.7471841780840182,0.0,0,cqi|cost|switching,cqi|cost|switching,cqi,1,2,0.0,0.0
low,medium,seed_0009,8,0,0.7471841780840182,3000.0,1.0,3.0,1.0,0.0,0.0,0.0,0.0,14.75,0.5204164998665332,0.0,2.0,0.9583333333333334,0.16666666666666666,0.13867197393616915,3.0,0.0,0.0,1.9583333333333333,3.6736111111111107,0.03330438557856061,0.48989794855663565,0.25505102572168215,16.0,6.0,0.7471841780840182,0.7471841780840182,0.7471841780840182,0.7471841780840182,0.0,0,cqi|cost|switching,cqi|cost|switching,cqi,1,3,0.0,0.0
low,medium,seed_0009,9,0,0.7471841780840182,3000.0,1.0,3.0,1.0,0.0,0.0,0.0,0.0,14.708333333333334,0.6109532624422992,0.0,2.0,0.9166666666666666,0.20833333333333334,0.1709228907376493,3.0,0.0,0.0,1.9166666666666667,3.6666666666666665,0.0,0.0,0.5,16.0,6.0,0.7471841780840182,0.7471841780840182,0.7471841780840182,0.7471841780840182,0.0,0,cqi|cost|switching,cqi|cost|switching,cqi,1,3,0.0,0.0
low,medium,seed_0009,10,0,0.7471841780840182,3000.0,1.0,3.0,1.0,0.0,0.0,0.0,0.0,14.666666666666666,0.7993052538854533,0.0,3.0,0.875,0.2916666666666667,0.21923921549708858,3.0,0.0,0.0,1.875,3.6805555555555554,0.06660877115712113,0.5336944082171268,0.23315279589143661,16.0,6.0,0.7471841780840182,0.7471841780840182,0.7471841780840182,0.7471841780840182,0.0,0,cqi|cost|switching,cqi|cost|switching,cqi,1,5,0.0,0.0
low,medium,seed_0009,11,0,0.7471841780840182,3000.0,1.0,3.0,1.0,0.0,0.0,0.0,0.0,14.916666666666666,0.2763853991962833,0.0,1.0,1.0,0.3333333333333333,0.22807595366437564,3.0,0.0,0.0,2.0,3.6666666666666665,0.0,0.0,0.5,16.0,6.0,0.7471841780840182,0.7471841780840182,0.7471841780840182,0.7471841780840182,0.0,0,cqi|cost|switching,cqi|cost|switching,cqi,1,2,0.0,0.0
low,medium,seed_0009,12,0,0.7471841780840182,3000.0,1.0,3.0,1.0,0.0,0.0,0.0,0.0,14.875,0.5994789404140899,0.0,3.0,0.9583333333333334,0.20833333333333334,0.25120967086404894,3.0,0.0,0.0,1.9583333333333333,3.6805555555555554,0.06660877115712113,1.0,0.0,16.0,6.0,0.7471841780840182,0.7471841780840182,0.7471841780840182,0.7471841780840182,0.0,0,cqi|cost|switching,cqi|cost|switching,cqi,1,2,0.0,0.0
low,medium,seed_0009,13,0,0.7471841780840182,3000.0,1.0,3.0,1.0,0.0,0.0,0.0,0.0,14.458333333333334,0.8154327412825385,1.0,3.0,0.875,0.5833333333333334,0.3003175737525718,3.0,0.0,0.0,1.875,3.6805555555555554,0.06660877115712113,0.40245724118956483,0.2987713794052176,16.0,6.0,0.7471841780840182,0.7471841780840182,0.7471841780840182,0.7471841780840182,0.0,0,cqi|cost|switching,cqi|cost|switching,cqi,1,4,0.0,0.0
low,medium,seed_0009,14,0,0.7471841780840182,3000.0,1.0,3.0,1.0,0.0,0.0,0.0,0.0,14.583333333333334,0.8620067027323834,0.25,3.0,0.9166666666666666,0.625,0.3477866701330481,3.0,0.0,0.0,1.9166666666666667,3.694444444444444,0.09212846639876116,0.6324555320336759,0.18377223398316206,16.0,6.0,0.7471841780840182,0.7471841780840182,0.7471841780840182,0.7471841780840182,0.0,0,cqi|cost|switching,cqi|cost|switching,cqi,1,4,0.0,0.0
low,heavy,seed_0009,0,1,0.35593639169248764,1500.0,1.0,2.0,1.0,0.4000000000000001,1.0,2.0,0.0,14.708333333333334,0.6757197808427856,0.0,3.0,0.9583333333333334,0.25,0.20051047621445614,0.0,0.0,0.0,4.958333333333333,3.6736111111111107,0.03330438557856061,0.48989794855663565,0.25505102572168215,12.0,2.0,0.35593639169248764,0.35593639169248764,0.35593639169248764,0.35593639169248764,0.0,0,cqi|cost|switching,cqi|cost|switching,cqi,1,4,0.0,0.0
low,heavy,seed_0009,1,0,0.5559363916924877,1500.0,1.0,2.0,1.0,0.0,0.0,0.0,0.0,14.666666666666666,0.5527707983925667,1.0,2.0,0.9583333333333334,0.20833333333333334,0.26067728120567163,2.0,0.0,0.0,2.9583333333333335,3.6666666666666665,0.0,0.0,0.5,24.0,2.0,0.5559363916924877,0.5559363916924877,0.5559363916924877,0.5559363916924877,0.0,0,cqi|cost|switching,cqi|cost|switching,cqi,1,3,0.0,0.0
low,heavy,seed_0009,2,0,0.5559363916924877,1500.0,1.0,2.0,1.0,0.0,0.0,0.0,0.0,14.5,0.8660254037844386,1.0,3.0,0.9166666666666666,0.4166666666666667,0.2522462311526526,2.0,0.0,0.0,2.9166666666666665,3.694444444444444,0.10393492741038736,0.5768043113661565,0.21159784431692175,24.0,2.0,0.5559363916924877,0.5559363916924877,0.5559363916924877,0.5559363916924877,0.0,0,cqi|cost|switching,cqi|cost|switching,cqi,1,5,0.0,0.0
low,heavy,seed_0009,3,0,0.5559363916924877,1500.0,1.0,2.0,1.0,0.0,0.0,0.0,0.0,14.583333333333334,0.7021791477646966,1.0,3.0,0.9583333333333334,0.3333333333333333,0.2745296437566096,2.0,0.0,0.0,2.9583333333333335,3.6805555555555554,0.06660877115712113,0.42008402520840293,0.28995798739579853,24.0,2.0,0.5559363916924877,0.5559363916924877,0.5559363916924877,0.5559363916924877,0.0,0,cqi|cost|switching,cqi|cost|switching,cqi,1,4,0.0,0.0
low,heavy,seed_0009,4,0,0.5559363916924877,1500.0,1.0,2.0,1.0,0.0,0.0,0.0,0.0,14.916666666666666,0.2763853991962833,0.0,1.0,1.0,0.3333333333333333,0.30023135115677024,2.0,0.0,0.0,3.0,3.6666666666666665,0.0,0.0,0.5,24.0,2.0,0.5559363916924877,0.5559363916924877,0.5559363916924877,0.5559363916924877,0.0,0,cqi|cost|switching,cqi|cost|switching,cqi,1,2,0.0,0.0
low,heavy,seed_0009,5,0,0.5559363916924877,1500.0,1.0,2.0,1.0,0.0,0.0,0.0,0.0,14.75,0.6614378277661477,0.0,3.0,0.9583333333333334,0.16666666666666666,0.3167092993883002,2.0,0.0,0.0,2.9583333333333335,3.6805555555555554,0.06660877115712113,0.5345224838248489,0.23273875808757555,24.0,2.0,0.5559363916924877,0.5559363916924877,0.5559363916924877,0.5559363916924877,0.0,0,cqi|cost|switching,cqi|cost|switching,cqi,1,4,0.0,0.0
low,heavy,seed_0009,6,0,0.5559363916924877,1500.0,1.0,2.0,1.0,0.0,0.0,0.0,0.0,14.75,0.5204164998665332,0.0,2.0,0.9583333333333334,0.16666666666666666,0.2796302181984404,2.0,0.0,0.0,2.9583333333333335,3.6666666666666665,0.0,0.0,0.5,24.0,2.0,0.5559363916924877,0.5559363916924877,0.5559363916924877,0.5559363916924877,0.0,0,cqi|cost|switching,cqi|cost|switching,cqi,1,3,0.0,0.0
low,heavy,seed_0009,7,0,0.5559363916924877,1500.0,1.0,2.0,1.0,0.0,0.0,0.0,0.0,14.916666666666666,0.2763853991962833,0.0,1.0,1.0,0.16666666666666666,0.2149829914261059,2.0,0.0,0.0,3.0,3.6666666666666665,0.0,0.0,0.5,24.0,2.0,0.5559363916924877,0.5559363916924877,0.5559363916924877,0.5559363916924877,0.0,0,cqi|cost|switching,cqi|cost|switching,cqi,1,2,0.0,0.0
low,heavy,seed_0009,8,0,0.5559363916924877,1500.0,1.0,2.0,1.0,0.0,0.0,0.0,0.0,14.75,0.5204164998665332,0.0,2.0,0.9583333333333334,0.16666666666666666,0.13867197393616915,2.0,0.0,0.0,2.9583333333333335,3.6736111111111107,0.03330438557856061,0.48989794855663565,0.25505102572168215,24.0,2.0,0.5559363916924877,0.5559363916924877,0.5559363916924877,0.5559363916924877,0.0,0,cqi|cost|switching,cqi|cost|switching,cqi,1,3,0.0,0.0
low,heavy,seed_0009,9,0,0.5559363916924877,1500.0,1.0,2.0,1.0,0.0,0.0,0.0,0.0,14.708333333333334,0.6109532624422992,0.0,2.0,0.9166666666666666,0.20833333333333334,0.1709228907376493,2.0,0.0,0.0,2.9166666666666665,3.6666666666666665,0.0,0.0,0.5,24.0,2.0,0.5559363916924877,0.5559363916924877,0.5559363916924877,0.5559363916924877,0.0,0,cqi|cost|switching,cqi|cost|switching,cqi,1,3,0.0,0.0
low,heavy,seed_0009,10,0,0.5559363916924877,1500.0,1.0,2.0,1.0,0.0,0.0,0.0,0.0,14.666666666666666,0.7993052538854533,0.0,3.0,0.875,0.2916666666666667,0.21923921549708858,2.0,0.0,0.0,2.875,3.6805555555555554,0.06660877115712113,0.5336944082171268,0.23315279589143661,24.0,2.0,0.5559363916924877,0.5559363916924877,0.5559363916924877,0.5559363916924877,0.0,0,cqi|cost|switching,cqi|cost|switching,cqi,1,5,0.0,0.0
low,heavy,seed_0009,11,0,0.5559363916924877,1500.0,1.0,2.0,1.0,0.0,0.0,0.0,0.0,14.916666666666666,0.2763853991962833,0.0,1.0,1.0,0.3333333333333333,0.22807595366437564,2.0,0.0,0.0,3.0,3.6666666666666665,0.0,0.0,0.5,24.0,2.0,0.5559363916924877,0.5559363916924877,0.5559363916924877,0.5559363916924877,0.0,0,cqi|cost|switching,cqi|cost|switching,cqi,1,2,0.0,0.0
low,heavy,seed_0009,12,0,0.5559363916924877,1500.0,1.0,2.0,1.0,0.0,0.0,0.0,0.0,14.875,0.5994789404140899,0.0,3.0,0.9583333333333334,0.20833333333333334,0.25120967086404894,2.0,0.0,0.0,2.9583333333333335,3.6805555555555554,0.06660877115712113,1.0,0.0,24.0,2.0,0.5559363916924877,0.5559363916924877,0.5559363916924877,0.5559363916924877,0.0,0,cqi|cost|switching,cqi|cost|switching,cqi,1,2,0.0,0.0
low,heavy,seed_0009,13,0,0.5559363916924877,1500.0,1.0,2.0,1.0,0.0,0.0,0.0,0.0,14.458333333333334,0.8154327412825385,1.0,3.0,0.875,0.5833333333333334,0.3003175737525718,2.0,0.0,0.0,2.875,3.6805555555555554,0.06660877115712113,0.40245724118956483,0.2987713794052176,24.0,2.0,0.5559363916924877,0.5559363916924877,0.5559363916924877,0.5559363916924877,0.0,0,cqi|cost|switching,cqi|cost|switching,cqi,1,4,0.0,0.0
low,heavy,seed_0009,14,0,0.5559363916924877,1500.0,1.0,2.0,1.0,0.0,0.0,0.0,0.0,14.583333333333334,0.8620067027323834,0.25,3.0,0.9166666666666666,0.625,0.3477866701330481,2.0,0.0,0.0,2.9166666666666665,3.694444444444444,0.09212846639876116,0.6324555320336759,0.18377223398316206,24.0,2.0,0.5559363916924877,0.5559363916924877,0.5559363916924877,0.5559363916924877,0.0,0,cqi|cost|switching,cqi|cost|switching,cqi,1,4,0.0,0.0
low,light,seed_0010,0,1,0.5290781116502739,5800.0,1.0,4.0,1.0,0.8000000000000002,1.0,4.0,0.0,14.916666666666666,0.2763853991962833,0.0,1.0,1.0,0.25,0.266617180517215,0.0,0.0,0.0,5.0,3.6666666666666665,0.0,0.0,0.5,2.0,12.0,0.5290781116502739,0.5290781116502739,0.5290781116502739,0.5290781116502739,0.0,0,cqi|cost|switching,cqi|cost|switching,cqi,1,2,0.0,0.0
low,light,seed_0010,1,0,0.9290781116502739,5800.0,1.0,4.0,1.0,0.0,0.0,0.0,0.0,14.75,0.5951190357119042,0.0,2.0,0.9166666666666666,0.25,0.29789601813168604,4.0,0.0,0.0,0.9166666666666666,3.6736111111111107,0.03330438557856061,0.5107539184552492,0.2446230407723754,12.083333333333334,12.0,0.9290781116502739,0.9290781116502739,0.9290781116502739,0.9290781116502739,0.0,0,cqi|cost|switching,cqi|cost|switching,cqi,1,4,0.0,0.0
low,light,seed_0010,2,0,0.9290781116502739,5800.0,1.0,4.0,1.0,0.0,0.0,0.0,0.0,14.791666666666666,0.4982608642958916,0.0,2.0,0.9583333333333334,0.125,0.26888037297227624,4.0,0.0,0.0,0.9583333333333334,3.6805555555555554,0.06660877115712113,0.5345224838248489,0.23273875808757555,12.083333333333334,12.0,0.9290781116502739,0.9290781116502739,0.9290781116502739,0.9290781116502739,0.0,0,cqi|cost|switching,cqi|cost|switching,cqi,1,3,0.0,0.0
low,light,seed_0010,3,0,0.9290781116502739,5800.0,1.0,4.0,1.0,0.0,0.0,0.0,0.0,14.666666666666666,1.0274023338281628,0.0,5.0,0.9583333333333334,0.20833333333333334,0.20680075006769946,4.0,0.0,0.0,1.0,3.694444444444444,0.13321754231424218,0.5345224838248489,0.23273875808757555,12.166666666666666,12.0,0.9290781116502739,0.9290781116502739,0.9290781116502739,0.9290781116502739,0.0,0,cqi|cost|switching,cqi|cost|switching,cqi,1,3,0.0,0.0
low,light,seed_0010,4,0,0.9290781116502739,5800.0,1.0,4.0,1.0,0.0,0.0,0.0,0.0,14.958333333333334,0.19982631347136331,0.0,1.0,1.0,0.2916666666666667,0.18606190875066717,4.0,0.0,0.0,1.0,3.6666666666666665,0.0,0.0,0.5,12.0,12.0,0.9290781116502739,0.9290781116502739,0.9290781116502739,0.9290781116502739,0.0,0,cqi|cost|switching,cqi|cost|switching,cqi,1,2,0.0,0.0
low,light,seed_0010,5,0,0.9290781116502739,5800.0,1.0,4.0,1.0,0.0,0.0,0.0,0.0,14.875,0.33071891388307384,0.0,1.0,1.0,0.08333333333333333,0.1693952420840005,4.0,0.0,0.0,1.0,3.6666666666666665,0.0,0.0,0.5,12.0,12.0,0.9290781116502739,0.9290781116502739,0.9290781116502739,0.9290781116502739,0.0,0,cqi|cost|switching,cqi|cost|switching,cqi,1,2,0.0,0.0
low,light,seed_0010,6,0,0.9290781116502739,5800.0,1.0,4.0,1.0,0.0,0.0,0.0,0.0,14.791666666666666,0.5758447900452189,0.0,2.0,0.9166666666666666,0.3333333333333333,0.2310259019856573,4.0,0.0,0.0,0.9166666666666666,3.6736111111111107,0.03330438557856061,0.5768043113661565,0.21159784431692175,12.083333333333334,12.0,0.9290781116502739,0.9290781116502739,0.9290781116502739,0.9290781116502739,0.0,0,cqi|cost|switching,cqi|cost|switching,cqi,1,4,0.0,0.0
low,light,seed_0010,7,0,0.9290781116502739,5800.0,1.0,4.0,1.0,0.0,0.0,0.0,0.0,14.833333333333334,0.3726779962499649,0.0,1.0,1.0,0.20833333333333334,0.24203190785985162,4.0,0.0,0.0,1.0,3.6666666666666665,0.0,0.0,0.5,12.0,12.0,0.9290781116502739,0.9290781116502739,0.9290781116502739,0.9290781116502739,0.0,0,cqi|cost|switching,cqi|cost|switching,cqi,1,2,0.0,0.0
low,light,seed_0010,8,0,0.9290781116502739,5800.0,1.0,4.0,1.0,0.0,0.0,0.0,0.0,14.708333333333334,0.6757197808427856,0.0,2.0,0.875,0.375,0.20552735903797248,4.0,0.0,0.0,0.875,3.6805555555555554,0.06660877115712113,0.4880422678400793,0.25597886607996034,12.083333333333334,12.0,0.9290781116502739,0.9290781116502739,0.9290781116502739,0.9290781116502739,0.0,0,cqi|cost|switching,cqi|cost|switching,cqi,1,4,0.0,0.0
low,light,seed_0010,9,0,0.9290781116502739,5800.0,1.0,4.0,1.0,0.0,0.0,0.0,0.0,14.791666666666666,0.6441510347391795,0.0,3.0,0.9583333333333334,0.3333333333333333,0.2494400376360922,4.0,0.0,0.0,0.9583333333333334,3.6805555555555554,0.06660877115712113,0.6030226891555273,0.19848865542223637,12.083333333333334,12.0,0.9290781116502739,0.9290781116502739,0.9290781116502739,0.9290781116502739,0.0,0,cqi|cost|switching,cqi|cost|switching,cqi,1,2,0.0,0.0
low,light,seed_0010,10,0,0.9290781116502739,5800.0,1.0,4.0,1.0,0.0,0.0,0.0,0.0,14.875,0.4389855730355308,0.0,2.0,0.9583333333333334,0.08333333333333333,0.22096418708244894,4.0,0.0,0.0,0.9583333333333334,3.6666666666666665,0.0,0.0,0.5,12.0,12.0,0.9290781116502739,0.9290781116502739,0.9290781116502739,0.9290781116502739,0.0,0,cqi|cost|switching,cqi|cost|switching,cqi,1,2,0.0,0.0
low,light,seed_0010,11,0,0.9290781116502739,5800.0,1.0,4.0,1.0,0.0,0.0,0.0,0.0,14.916666666666666,0.2763853991962833,0.0,1.0,1.0,0.125,0.21937129433613964,4.0,0.0,0.0,1.0,3.6666666666666665,0.0,0.0,0.5,12.0,12.0,0.9290781116502739,0.9290781116502739,0.9290781116502739,0.9290781116502739,0.0,0,cqi|cost|switching,cqi|cost|switching,cqi,1,2,0.0,0.0
low,light,seed_0010,12,0,0.9290781116502739,5800.0,1.0,4.0,1.0,0.0,0.0,0.0,0.0,14.875,0.33071891388307384,0.0,1.0,1.0,0.125,0.18192459912371084,4.0,0.0,0.0,1.0,3.6666666666666665,0.0,0.0,0.5,12.0,12.0,0.9290781116502739,0.9290781116502739,0.9290781116502739,0.9290781116502739,0.0,0,cqi|cost|switching,cqi|cost|switching,cqi,1,2,0.0,0.0
low,light,seed_0010,13,0,0.9290781116502739,5800.0,1.0,4.0,1.0,0.0,0.0,0.0,0.0,14.791666666666666,0.4061164310337068,0.0,1.0,1.0,0.16666666666666666,0.1295709104697997,4.0,0.0,0.0,1.0,3.6666666666666665,0.0,0.0,0.5,12.0,12.0,0.9290781116502739,0.9290781116502739,0.9290781116502739,0.9290781116502739,0.0,0,cqi|cost|switching,cqi|cost|switching,cqi,1,2,0.0,0.0
low,light,seed_0010,14,0,0.9290781116502739,5800.0,1.0,4.0,1.0,0.0,0.0,0.0,0.0,14.583333333333334,1.411756195508118,0.0,7.0,0.9583333333333334,0.4583333333333333,0.20715969490645028,4.0,0.0,0.0,1.0,3.75,0.39965262694272674,0.5345224838248489,0.23273875808757555,12.333333333333334,12.0,0.9290781116502739,0.9290781116502739,0.9290781116502739,0.9290781116502739,0.0,0,cqi|cost|switching,cqi|cost|switching,cqi,1,3,0.0,0.0
low,medium,seed_0010,0,1,0.4471841780840183,3000.0,1.0,3.0,1.0,0.6,1.0,3.0,0.0,14.916666666666666,0.2763853991962833,0.0,1.0,1.0,0.25,0.266617180517215,0.0,0.0,0.0,5.0,3.6666666666666665,0.0,0.0,0.5,4.0,6.0,0.4471841780840183,0.4471841780840183,0.4471841780840183,0.4471841780840183,0.0,0,cqi|cost|switching,cqi|cost|switching,cqi,1,2,0.0,0.0
low,medium,seed_0010,1,0,0.7471841780840182,3000.0,1.0,3.0,1.0,0.0,0.0,0.0,0.0,14.75,0.5951190357119042,0.0,2.0,0.9166666666666666,0.25,0.29789601813168604,3.0,0.0,0.0,1.9166666666666667,3.6736111111111107,0.03330438557856061,0.5107539184552492,0.2446230407723754,16.0,6.0,0.7471841780840182,0.7471841780840182,0.7471841780840182,0.7471841780840182,0.0,0,cqi|cost|switching,cqi|cost|switching,cqi,1,4,0.0,0.0
low,medium,seed_0010,2,0,0.7471841780840182,3000.0,1.0,3.0,1.0,0.0,0.0,0.0,0.0,14.791666666666666,0.4982608642958916,0.0,2.0,0.9583333333333334,0.125,0.26888037297227624,3.0,0.0,0.0,1.9583333333333333,3.6805555555555554,0.06660877115712113,0.5345224838248489,0.23273875808757555,16.0,6.0,0.7471841780840182,0.7471841780840182,0.7471841780840182,0.7471841780840182,0.0,0,cqi|cost|switching,cqi|cost|switching,cqi,1,3,0.0,0.0
low,medium,seed_0010,3,0,0.7471841780840182,3000.0,1.0,3.0,1.0,0.0,0.0,0.0,0.0,14.666666666666666,1.0274023338281628,0.0,5.0,0.9583333333333334,0.20833333333333334,0.20680075006769946,3.0,0.0,0.0,1.9166666666666667,3.694444444444444,0.13321754231424218,0.5345224838248489,0.23273875808757555,16.0,6.0,0.7471841780840182,0.7471841780840182,0.7471841780840182,0.7471841780840182,0.0,0,cqi|cost|switching,cqi|cost|switching,cqi,1,3,0.0,0.0
low,medium,seed_0010,4,0,0.7471841780840182,3000.0,1.0,3.0,1.0,0.0,0.0,0.0,0.0,14.958333333333334,0.19982631347136331,0.0,1.0,1.0,0.2916666666666667,0.18606190875066717,3.0,0.0,0.0,2.0,3.6666666666666665,0.0,0.0,0.5,16.0,6.0,0.7471841780840182,0.7471841780840182,0.7471841780840182,0.7471841780840182,0.0,0,cqi|cost|switching,cqi|cost|switching,cqi,1,2,0.0,0.0
low,medium,seed_0010,5,0,0.7471841780840182,3000.0,1.0,3.0,1.0,0.0,0.0,0.0,0.0,14.875,0.33071891388307384,0.0,1.0,1.0,0.08333333333333333,0.1693952420840005,3.0,0.0,0.0,2.0,3.6666666666666665,0.0,0.0,0.5,16.0,6.0,0.7471841780840182,0.7471841780840182,0.7471841780840182,0.7471841780840182,0.0,0,cqi|cost|switching,cqi|cost|switching,cqi,1,2,0.0,0.0
low,medium,seed_0010,6,0,0.7471841780840182,3000.0,1.0,3.0,1.0,0.0,0.0,0.0,0.0,14.791666666666666,0.5758447900452189,0.0,2.0,0.9166666666666666,0.3333333333333333,0.2310259019856573,3.0,0.0,0.0,1.9166666666666667,3.6736111111111107,0.03330438557856061,0.5768043113661565,0.21159784431692175,16.0,6.0,0.7471841780840182,0.7471841780840182,0.7471841780840182,0.7471841780840182,0.0,0,cqi|cost|switching,cqi|cost|switching,cqi,1,4,0.0,0.0
low,medium,seed_0010,7,0,0.7471841780840182,3000.0,1.0,3.0,1.0,0.0,0.0,0.0,0.0,14.833333333333334,0.3726779962499649,0.0,1.0,1.0,0.20833333333333334,0.24203190785985162,3.0,0.0,0.0,2.0,3.6666666666666665,0.0,0.0,0.5,16.0,6.0,0.7471841780840182,0.7471841780840182,0.7471841780840182,0.7471841780840182,0.0,0,cqi|cost|switching,cqi|cost|switching,cqi,1,2,0.0,0.0
low,medium,seed_0010,8,0,0.7471841780840182,3000.0,1.0,3.0,1.0,0.0,0.0,0.0,0.0,14.708333333333334,0.6757197808427856,0.0,2.0,0.875,0.375,0.20552735903797248,3.0,0.0,0.0,1.875,3.6805555555555554,0.06660877115712113,0.4880422678400793,0.25597886607996034,16.0,6.0,0.7471841780840182,0.7471841780840182,0.7471841780840182,0.7471841780840182,0.0,0,cqi|cost|switching,cqi|cost|switching,cqi,1,4,0.0,0.0
low,medium,seed_0010,9,0,0.7471841780840182,3000.0,1.0,3.0,1.0,0.0,0.0,0.0,0.0,14.791666666666666,0.6441510347391795,0.0,3.0,0.9583333333333334,0.3333333333333333,0.2494400376360922,3.0,0.0,0.0,1.9583333333333333,3.6805555555555554,0.06660877115712113,0.6030226891555273,0.19848865542223637,16.0,6.0,0.7471841780840182,0.7471841780840182,0.7471841780840182,0.7471841780840182,0.0,0,cqi|cost|switching,cqi|cost|switching,cqi,1,2,0.0,0.0
low,medium,seed_0010,10,0,0.7471841780840182,3000.0,1.0,3.0,1.0,0.0,0.0,0.0,0.0,14.875,0.4389855730355308,0.0,2.0,0.9583333333333334,0.08333333333333333,0.22096418708244894,3.0,0.0,0.0,1.9583333333333333,3.6666666666666665,0.0,0.0,0.5,16.0,6.0,0.7471841780840182,0.7471841780840182,0.7471841780840182,0.7471841780840182,0.0,0,cqi|cost|switching,cqi|cost|switching,cqi,1,2,0.0,0.0
low,medium,seed_0010,11,0,0.7471841780840182,3000.0,1.0,3.0,1.0,0.0,0.0,0.0,0.0,14.916666666666666,0.2763853991962833,0.0,1.0,1.0,0.125,0.21937129433613964,3.0,0.0,0.0,2.0,3.6666666666666665,0.0,0.0,0.5,16.0,6.0,0.7471841780840182,0.7471841780840182,0.7471841780840182,0.7471841780840182,0.0,0,cqi|cost|switching,cqi|cost|switching,cqi,1,2,0.0,0.0
low,medium,seed_0010,12,0,0.8290781116502739,5800.0,1.0,4.0,1.0,0.20000000000000004,1.0,1.0,0.0,14.875,0.33071891388307384,0.0,1.0,1.0,0.125,0.18192459912371084,3.0,0.0,0.0,2.0,3.6666666666666665,0.0,0.0,0.5,16.0,6.0,0.8290781116502739,0.8290781116502739,0.8290781116502739,0.8290781116502739,0.0,0,cqi|cost|switching,cqi|cost|switching,cqi,1,2,0.0,0.0
low,medium,seed_0010,13,0,0.6471841780840183,3000.0,1.0,3.0,1.0,0.20000000000000004,1.0,1.0,0.0,14.791666666666666,0.4061164310337068,0.0,1.0,1.0,0.16666666666666666,0.1295709104697997,4.0,0.0,0.0,1.0,3.6666666666666665,0.0,0.0,0.5,24.0,6.0,0.6471841780840183,0.6471841780840183,0.6471841780840183,0.6471841780840183,0.0,0,cqi|cost|switching,cqi|cost|switching,cqi,1,2,0.0,0.0
low,medium,seed_0010,14,0,0.7471841780840182,3000.0,1.0,3.0,1.0,0.0,0.0,0.0,0.0,14.583333333333334,1.411756195508118,0.0,7.0,0.9583333333333334,0.4583333333333333,0.20715969490645028,3.0,0.0,0.0,1.9166666666666667,3.75,0.39965262694272674,0.5345224838248489,0.23273875808757555,16.166666666666668,6.0,0.7471841780840182,0.7471841780840182,0.7471841780840182,0.7471841780840182,0.0,0,cqi|cost|switching,cqi|cost|switching,cqi,1,3,0.0,0.0
low,heavy,seed_0010,0,1,0.35593639169248764,1500.0,1.0,2.0,1.0,0.4000000000000001,1.0,2.0,0.0,14.916666666666666,0.2763853991962833,0.0,1.0,1.0,0.25,0.266617180517215,0.0,0.0,0.0,5.0,3.6666666666666665,0.0,0.0,0.5,12.0,2.0,0.35593639169248764,0.35593639169248764,0.35593639169248764,0.35593639169248764,0.0,0,cqi|cost|switching,cqi|cost|switching,cqi,1,2,0.0,0.0
low,heavy,seed_0010,1,0,0.5559363916924877,1500.0,1.0,2.0,1.0,0.0,0.0,0.0,0.0,14.75,0.5951190357119042,0.0,2.0,0.9166666666666666,0.25,0.29789601813168604,2.0,0.0,0.0,2.9166666666666665,3.6736111111111107,0.03330438557856061,0.5107539184552492,0.2446230407723754,24.0,2.0,0.5559363916924877,0.5559363916924877,0.5559363916924877,0.5559363916924877,0.0,0,cqi|cost|switching,cqi|cost|switching,cqi,1,4,0.0,0.0
low,heavy,seed_0010,2,0,0.5559363916924877,1500.0,1.0,2.0,1.0,0.0,0.0,0.0,0.0,14.791666666666666,0.4982608642958916,0.0,2.0,0.9583333333333334,0.125,0.26888037297227624,2.0,0.0,0.0,2.9583333333333335,3.6805555555555554,0.06660877115712113,0.5345224838248489,0.23273875808757555,24.0,2.0,0.5559363916924877,0.5559363916924877,0.5559363916924877,0.5559363916924877,0.0,0,cqi|cost|switching,cqi|cost|switching,cqi,1,3,0.0,0.0
low,heavy,seed_0010,3,0,0.5559363916924877,1500.0,1.0,2.0,1.0,0.0,0.0,0.0,0.0,14.666666666666666,1.0274023338281628,0.0,5.0,0.9583333333333334,0.20833333333333334,0.20680075006769946,2.0,0.0,0.0,2.9166666666666665,3.694444444444444,0.13321754231424218,0.5345224838248489,0.23273875808757555,24.0,2.0,0.5559363916924877,0.5559363916924877,0.5559363916924877,0.5559363916924877,0.0,0,cqi|cost|switching,cqi|cost|switching,cqi,1,3,0.0,0.0
low,heavy,seed_0010,4,0,0.5559363916924877,1500.0,1.0,2.0,1.0,0.0,0.0,0.0,0.0,14.958333333333334,0.19982631347136331,0.0,1.0,1.0,0.2916666666666667,0.18606190875066717,2.0,0.0,0.0,3.0,3.6666666666666665,0.0,0.0,0.5,24.0,2.0,0.5559363916924877,0.5559363916924877,0.5559363916924877,0.5559363916924877,0.0,0,cqi|cost|switching,cqi|cost|switching,cqi,1,2,0.0,0.0
low,heavy,seed_0010,5,0,0.5559363916924877,1500.0,1.0,2.0,1.0,0.0,0.0,0.0,0.0,14.875,0.33071891388307384,0.0,1.0,1.0,0.08333333333333333,0.1693952420840005,2.0,0.0,0.0,3.0,3.6666666666666665,0.0,0.0,0.5,24.0,2.0,0.5559363916924877,0.5559363916924877,0.5559363916924877,0.5559363916924877,0.0,0,cqi|cost|switching,cqi|cost|switching,cqi,1,2,0.0,0.0
low,heavy,seed_0010,6,0,0.5559363916924877,1500.0,1.0,2.0,1.0,0.0,0.0,0.0,0.0,14.791666666666666,0.5758447900452189,0.0,2.0,0.9166666666666666,0.3333333333333333,0.2310259019856573,2.0,0.0,0.0,2.9166666666666665,3.6736111111111107,0.03330438557856061,0.5768043113661565,0.21159784431692175,24.0,2.0,0.5559363916924877,0.5559363916924877,0.5559363916924877,0.5559363916924877,0.0,0,cqi|cost|switching,cqi|cost|switching,cqi,1,4,0.0,0.0
low,heavy,seed_0010,7,0,0.5559363916924877,1500.0,1.0,2.0,1.0,0.0,0.0,0.0,0.0,14.833333333333334,0.3726779962499649,0.0,1.0,1.0,0.20833333333333334,0.24203190785985162,2.0,0.0,0.0,3.0,3.6666666666666665,0.0,0.0,0.5,24.0,2.0,0.5559363916924877,0.5559363916924877,0.5559363916924877,0.5559363916924877,0.0,0,cqi|cost|switching,cqi|cost|switching,cqi,1,2,0.0,0.0
low,heavy,seed_0010,8,0,0.5559363916924877,1500.0,1.0,2.0,1.0,0.0,0.0,0.0,0.0,14.708333333333334,0.6757197808427856,0.0,2.0,0.875,0.375,0.20552735903797248,2.0,0.0,0.0,2.875,3.6805555555555554,0.06660877115712113,0.4880422678400793,0.25597886607996034,24.0,2.0,0.5559363916924877,0.5559363916924877,0.5559363916924877,0.5559363916924877,0.0,0,cqi|cost|switching,cqi|cost|switching,cqi,1,4,0.0,0.0
low,heavy,seed_0010,9,0,0.5559363916924877,1500.0,1.0,2.0,1.0,0.0,0.0,0.0,0.0,14.791666666666666,0.6441510347391795,0.0,3.0,0.9583333333333334,0.3333333333333333,0.2494400376360922,2.0,0.0,0.0,2.9583333333333335,3.6805555555555554,0.06660877115712113,0.6030226891555273,0.19848865542223637,24.0,2.0,0.5559363916924877,0.5559363916924877,0.5559363916924877,0.5559363916924877,0.0,0,cqi|cost|switching,cqi|cost|switching,cqi,1,2,0.0,0.0
low,heavy,seed_0010,10,0,0.5559363916924877,1500.0,1.0,2.0,1.0,0.0,0.0,0.0,0.0,14.875,0.4389855730355308,0.0,2.0,0.9583333333333334,0.08333333333333333,0.22096418708244894,2.0,0.0,0.0,2.9583333333333335,3.6666666666666665,0.0,0.0,0.5,24.0,2.0,0.5559363916924877,0.5559363916924877,0.5559363916924877,0.5559363916924877,0.0,0,cqi|cost|switching,cqi|cost|switching,cqi,1,2,0.0,0.0
low,heavy,seed_0010,11,0,0.5559363916924877,1500.0,1.0,2.0,1.0,0.0,0.0,0.0,0.0,14.916666666666666,0.2763853991962833,0.0,1.0,1.0,0.125,0.21937129433613964,2.0,0.0,0.0,3.0,3.6666666666666665,0.0,0.0,0.5,24.0,2.0,0.5559363916924877,0.5559363916924877,0.5559363916924877,0.5559363916924877,0.0,0,cqi|cost|switching,cqi|cost|switching,cqi,1,2,0.0,0.0
low,heavy,seed_0010,12,0,0.5559363916924877,1500.0,1.0,2.0,1.0,0.0,0.0,0.0,0.0,14.875,0.33071891388307384,0.0,1.0,1.0,0.125,0.18192459912371084,2.0,0.0,0.0,3.0,3.6666666666666665,0.0,0.0,0.5,24.0,2.0,0.5559363916924877,0.5559363916924877,0.5559363916924877,0.5559363916924877,0.0,0,cqi|cost|switching,cqi|cost|switching,cqi,1,2,0.0,0.0
low,heavy,seed_0010,13,0,0.5559363916924877,1500.0,1.0,2.0,1.0,0.0,0.0,0.0,0.0,14.791666666666666,0.4061164310337068,0.0,1.0,1.0,0.16666666666666666,0.1295709104697997,2.0,0.0,0.0,3.0,3.6666666666666665,0.0,0.0,0.5,24.0,2.0,0.5559363916924877,0.5559363916924877,0.5559363916924877,0.5559363916924877,0.0,0,cqi|cost|switching,cqi|cost|switching,cqi,1,2,0.0,0.0
low,heavy,seed_0010,14,0,0.5559363916924877,1500.0,1.0,2.0,1.0,0.0,0.0,0.0,0.0,14.583333333333334,1.411756195508118,0.0,7.0,0.9583333333333334,0.4583333333333333,0.20715969490645028,2.0,0.0,0.0,2.9166666666666665,3.75,0.39965262694272674,0.5345224838248489,0.23273875808757555,24.0,2.0,0.5559363916924877,0.5559363916924877,0.5559363916924877,0.5559363916924877,0.0,0,cqi|cost|switching,cqi|cost|switching,cqi,1,3,0.0,0.0
mid,light,seed_0001,0,1,0.43958019588472413,2875.0,1.0,2.9166666666666665,0.9796296296296296,0.5833333333333333,1.0,2.9166666666666665,0.0,12.125,2.0879116360612584,3.0,8.0,0.2916666666666667,1.625,1.2752959625993256,0.0,0.0,0.0,4.041666666666667,4.236111111111111,1.1054543504766057,0.9380564749765334,0.03097176251173328,2.0,12.0,0.42777197456818944,0.43958019588472413,0.42777197456818944,0.43958019588472413,0.0,0,cost,cost,cost,2,5,0.011808221316534695,0.0
mid,light,seed_0001,1,0,0.7145801958847239,2875.0,1.0,2.9166666666666665,0.9796296296296296,0.03333333333333333,0.16666666666666666,0.16666666666666666,0.2898550724637681,12.541666666666666,2.0202963204001096,3.0,7.0,0.4166666666666667,1.5833333333333333,1.3341441522875916,2.9166666666666665,0.2763853991962833,1.0,1.3333333333333333,4.048611111111111,0.6263488531181878,0.9001395712397375,0.04993021438013123,7.833333333333333,12.0,0.6441723261457138,0.7145801958847239,0.6998449187815327,0.7145801958847239,0.0,0,cost,cost,cost,2,7,0.1243053084162079,0.0
mid,light,seed_0001,2,0,0.7035515039971841,2883.3333333333335,1.0,2.875,0.9637107161257084,0.025000000000000005,0.08333333333333333,0.125,0.08333333333333333,12.541666666666666,2.1980894481849966,2.0,9.0,0.4166666666666667,1.5833333333333333,1.3145662130852367,2.9166666666666665,0.2763853991962833,1.0,1.2916666666666667,4.270833333333333,1.5462113943203,0.9117712879335372,0.04411435603323138,7.916666666666667,12.0,0.6948408892524492,0.7035515039971841,0.6998449187815327,0.7035515039971841,0.0,0,cost,cost,cost,2,7,0.09204394807806815,0.0
mid,light,seed_0001,3,0,0.6861428803520964,2750.0,1.0,2.8333333333333335,0.9603174603174603,0.05833333333333333,0.20833333333333334,0.2916666666666667,0.3442028985507246,12.416666666666666,2.8565227501671018,2.5,10.0,0.5416666666666666,2.125,1.4426994600857095,2.875,0.5994789404140899,3.0,1.5,4.486111111111111,1.8389539263423311,0.8235661345425893,0.08821693272870534,8.916666666666666,12.0,0.6618722314861355,0.6861428803520964,0.6580702403864885,0.6861428803520964,0.0,0,cost,cost,cost,2,7,0.01593731553262756,0.0
mid,light,seed_0001,4,0,0.6671455306982428,2695.8333333333335,1.0,2.75,0.9337781287363706,0.05000000000000001,0.20833333333333334,0.25,0.286231884057971,12.208333333333334,2.813348637399132,2.25,11.0,0.4166666666666667,1.7916666666666667,1.4672277606895117,2.8333333333333335,0.3726779962499649,1.0,1.3333333333333333,4.694444444444444,2.473782279310792,0.9092741104447948,0.04536294477760261,8.333333333333334,12.0,0.608002696494471,0.6671455306982428,0.6525056594790472,0.6671455306982428,0.0,0,cost,cost,cost,3,7,0.06747616753710506,0.0
mid,light,seed_0001,5,0,0.7221841780840182,3000.0,1.0,3.0,1.0,0.05000000000000001,0.16666666666666666,0.25,0.3007246376811594,12.541666666666666,2.0611317010052725,3.0,8.0,0.3333333333333333,1.3333333333333333,1.3071355998354266,2.75,0.6614378277661477,3.0,1.375,4.125,1.039998664529057,0.8954603034022344,0.052269848298882815,7.333333333333333,12.0,0.7221841780840182,0.7221841780840182,0.7221841780840182,0.7221841780840182,0.0,0,cqi|cost|switching,cqi|cost|switching,cqi,1,7,0.016666666666666607,0.0
mid,light,seed_0001,6,0,0.7471841780840182,3000.0,1.0,3.0,1.0,0.0,0.0,0.0,0.0,12.375,2.057759704144291,3.0,8.0,0.375,1.25,1.2530850088089642,3.0,0.0,0.0,1.25,4.152777777777778,1.1179477173667076,0.9218921447765135,0.039053927611743255,8.333333333333334,12.0,0.7471841780840182,0.7471841780840182,0.7471841780840182,0.7471841780840182,0.0,0,cqi|cost|switching,cqi|cost|switching,cqi,1,5,0.0,0.0
mid,light,seed_0001,7,0,0.6915115854481991,2795.8333333333335,1.0,2.8333333333333335,0.9445906027877781,0.03333333333333333,0.08333333333333333,0.16666666666666666,0.15942028985507245,12.291666666666666,2.6999871398870687,3.25,10.0,0.4166666666666667,1.1666666666666667,1.1597315923700198,3.0,0.0,0.0,1.2916666666666667,4.583333333333333,2.2168337447476416,0.9409112223055928,0.029544388847203618,9.25,12.0,0.608002696494471,0.6915115854481991,0.608002696494471,0.6915115854481991,0.0,0,cost,cost,cost,2,6,0.0835088889537281,0.0
mid,light,seed_0001,8,0,0.7183821869843712,2937.5,1.0,2.9583333333333335,0.9896953405017921,0.041666666666666664,0.125,0.20833333333333334,0.22826086956521738,12.333333333333334,1.950783318453271,3.0,9.0,0.3333333333333333,1.875,1.223983941215004,2.8333333333333335,0.5527707983925666,2.0,1.4583333333333333,4.215277777777778,1.5339364504276627,0.9413402498432523,0.029329875078373868,8.0,12.0,0.6160515039971842,0.7183821869843712,0.5772896360222921,0.7183821869843712,0.0,0,cost,cost,cost,2,7,0.11899734965385367,0.0
mid,light,seed_0001,9,0,0.6873449187815326,2795.8333333333335,1.0,2.8333333333333335,0.9445906027877781,0.041666666666666664,0.125,0.20833333333333334,0.22826086956521738,12.333333333333334,2.266911751455907,3.0,8.0,0.375,1.5833333333333333,1.2933777206192347,2.9583333333333335,0.1998263134713633,1.0,1.2916666666666667,4.368055555555555,1.5723148529838356,0.907039405302476,0.04648029734876202,8.416666666666666,12.0,0.6664035737198218,0.6873449187815326,0.6664035737198218,0.6873449187815326,0.0,0,cost,cost,cost,2,7,0.0251080117283774,0.0
mid,light,seed_0001,10,0,0.7305175114173516,3000.0,1.0,3.0,1.0,0.03333333333333333,0.08333333333333333,0.16666666666666666,0.15942028985507245,12.625,2.037410529732942,2.0,7.0,0.375,1.2916666666666667,1.2593146906127124,2.8333333333333335,0.5527707983925666,2.0,1.375,4.118055555555556,0.8422841061257769,0.8547247089066597,0.07263764554667013,7.666666666666667,12.0,0.7305175114173516,0.7305175114173516,0.7305175114173516,0.7305175114173516,0.0,0,cqi|cost|switching,cqi|cost|switching,cqi,1,5,0.012499999999999956,0.0
mid,light,seed_0001,11,0,0.7229135292180572,2875.0,1.0,2.9166666666666665,0.9796296296296296,0.016666666666666666,0.08333333333333333,0.08333333333333333,0.15942028985507245,12.666666666666666,2.173067468400883,2.0,8.0,0.4583333333333333,1.4583333333333333,1.299103570041056,3.0,0.0,0.0,1.3333333333333333,4.118055555555555,0.9865755948334561,0.8947219423607813,0.05263902881960936,8.416666666666666,12.0,0.6986428803520964,0.7229135292180572,0.6986428803520964,0.7229135292180572,0.0,0,cost,cost,cost,2,5,0.024270648865960753,0.0
mid,light,seed_0001,12,0,0.6831782521148658,2795.8333333333335,1.0,2.8333333333333335,0.9445906027877781,0.05000000000000001,0.16666666666666666,0.25,0.2898550724637681,12.0,2.449489742783178,3.25,9.0,0.4166666666666667,1.9166666666666667,1.2966858171651094,2.9166666666666665,0.2763853991962833,1.0,1.3333333333333333,4.451388888888888,1.5902474524037267,0.9573299591489456,0.021335020425527207,8.25,12.0,0.5328271408740761,0.6831782521148658,0.5920653809618435,0.6831782521148658,0.0,0,cost,cost,cost,2,7,0.1503511112407897,0.0
mid,light,seed_0001,13,0,0.702681215099442,2897.9166666666665,1.0,2.9166666666666665,0.9722511989323172,0.05000000000000001,0.125,0.25,0.22826086956521738,12.416666666666666,2.3614378858841256,3.25,9.0,0.375,1.6666666666666667,1.2782571238871607,2.8333333333333335,0.5527707983925666,2.0,1.375,4.277777777777778,1.6531862240407236,0.9026332458540234,0.04868337707298831,8.083333333333334,12.0,0.6501015826201747,0.702681215099442,0.6501015826201747,0.702681215099442,0.0,0,cost,cost,cost,2,6,0.06924629914593394,0.0
mid,light,seed_0001,14,0,0.7388508447506849,3000.0,1.0,3.0,1.0,0.016666666666666666,0.041666666666666664,0.08333333333333333,0.08333333333333333,12.708333333333334,1.8366447367111827,2.25,7.0,0.4583333333333333,1.7083333333333333,1.3751520787662492,2.9166666666666665,0.39965262694272663,2.0,1.4166666666666667,3.951388888888889,0.4798706583710157,0.9254814511833688,0.03725927440831561,7.833333333333333,12.0,0.7388508447506849,0.7388508447506849,0.7388508447506849,0.7388508447506849,0.0,0,cqi|cost|switching,cqi|cost|switching,cqi,1,6,0.02499999999999991,0.0
mid,medium,seed_0001,0,1,0.35593639169248764,1500.0,1.0,2.0,1.0,0.4000000000000001,1.0,2.0,0.0,12.125,2.0879116360612584,3.0,8.0,0.2916666666666667,1.625,1.2752959625993256,0.0,0.0,0.0,4.041666666666667,4.236111111111111,1.1054543504766057,0.9380564749765334,0.03097176251173328,4.0,6.0,0.35593639169248764,0.35593639169248764,0.35593639169248764,0.35593639169248764,0.0,0,cqi|cost|switching,cqi|cost|switching,cqi,1,5,0.0,0.0
mid,medium,seed_0001,1,0,0.5559363916924877,1500.0,1.0,2.0,1.0,0.0,0.0,0.0,0.0,12.541666666666666,2.0202963204001096,3.0,7.0,0.4166666666666667,1.5833333333333333,1.3341441522875916,2.0,0.0,0.0,2.25,4.048611111111111,0.6263488531181878,0.9001395712397375,0.04993021438013123,8.166666666666666,6.0,0.5559363916924877,0.5559363916924877,0.5559363916924877,0.5559363916924877,0.0,0,cqi|cost|switching,cqi|cost|switching,cqi,1,5,0.0,0.0
mid,medium,seed_0001,2,0,0.5559363916924877,1500.0,1.0,2.0,1.0,0.0,0.0,0.0,0.0,12.541666666666666,2.1980894481849966,2.0,9.0,0.4166666666666667,1.5833333333333333,1.3145662130852367,2.0,0.0,0.0,2.2083333333333335,4.270833333333333,1.5462113943203,0.9117712879335372,0.04411435603323138,8.5,6.0,0.5559363916924877,0.5559363916924877,0.5559363916924877,0.5559363916924877,0.0,0,cqi|cost|switching,cqi|cost|switching,cqi,1,5,0.0,0.0
mid,medium,seed_0001,3,0,0.5301664001765617,2387.5,1.0,2.5,0.8351112535482099,0.20000000000000004,1.0,1.0,0.391304347826087,12.416666666666666,2.8565227501671018,2.5,10.0,0.5416666666666666,2.125,1.4426994600857095,2.0,0.0,0.0,2.2083333333333335,4.486111111111111,1.8389539263423311,0.8235661345425893,0.08821693272870534,8.833333333333334,6.0,0.5301664001765617,0.49313250415277166,0.5301664001765617,0.5301664001765617,0.0,0,cqi|switching,cqi|switching,cqi,2,5,0.0,0.0
mid,medium,seed_0001,4,0,0.512354140983181,2416.6666666666665,1.0,2.375,0.8187305295950156,0.15833333333333333,0.375,0.7916666666666666,0.4311594202898551,12.208333333333334,2.813348637399132,2.25,11.0,0.4166666666666667,1.7916666666666667,1.4672277606895117,2.5,0.8660254037844386,2.0,1.5833333333333333,4.694444444444444,2.473782279310792,0.9092741104447948,0.04536294477760261,13.833333333333334,6.0,0.512354140983181,0.39400279305051367,0.4044901113025113,0.512354140983181,0.0,0,cqi,cqi,cqi,2,7,0.0,0.0
mid,medium,seed_0001,5,0,0.4542554594761796,2183.3333333333335,1.0,2.125,0.7463900487125957,0.15,0.25,0.75,0.391304347826087,12.541666666666666,2.0611317010052725,3.0,8.0,0.3333333333333333,1.3333333333333333,1.3071355998354266,2.375,1.2183492931011204,3.0,1.75,4.125,1.039998664529057,0.8954603034022344,0.052269848298882815,13.5,6.0,0.4542554594761796,0.43510305835915436,0.45233932606030053,0.4542554594761796,0.0,0,cqi,cqi,cqi,2,7,0.0,0.0
mid,medium,seed_0001,6,0,0.42676972502582106,1500.0,1.0,2.0,1.0,0.25833333333333336,1.0,1.2916666666666667,0.4311594202898551,12.375,2.057759704144291,3.0,8.0,0.375,1.25,1.2530850088089642,2.125,1.3635890143294642,3.0,2.0416666666666665,4.152777777777778,1.1179477173667076,0.9218921447765135,0.039053927611743255,12.666666666666666,6.0,0.42676972502582106,0.42676972502582106,0.42676972502582106,0.42676972502582106,0.0,0,cqi|cost|switching,cqi|cost|switching,cqi,1,7,0.0,0.0
mid,medium,seed_0001,7,0,0.5245344479226296,1420.8333333333333,1.0,1.9166666666666667,0.966977680204903,0.016666666666666666,0.08333333333333333,0.08333333333333333,0.15942028985507245,12.291666666666666,2.6999871398870687,3.25,10.0,0.4166666666666667,1.1666666666666667,1.1597315923700198,2.0,0.0,0.0,2.125,4.583333333333333,2.2168337447476416,0.9409112223055928,0.029544388847203618,9.0,6.0,0.47743153226784263,0.5245344479226296,0.47743153226784263,0.5245344479226296,0.0,0,cost,cost,cost,2,6,0.04710291565478697,0.0
mid,medium,seed_0001,8,0,0.5476030583591543,1500.0,1.0,2.0,1.0,0.016666666666666666,0.08333333333333333,0.08333333333333333,0.15942028985507245,12.333333333333334,1.950783318453271,3.0,9.0,0.3333333333333333,1.875,1.223983941215004,1.9166666666666667,0.2763853991962833,1.0,2.2916666666666665,4.215277777777778,1.5339364504276627,0.9413402498432523,0.029329875078373868,8.0,6.0,0.5476030583591543,0.5476030583591543,0.5476030583591543,0.5476030583591543,0.0,0,cqi|cost|switching,cqi|cost|switching,cqi,1,7,0.012499999999999956,0.0
mid,medium,seed_0001,9,0,0.5559363916924877,1500.0,1.0,2.0,1.0,0.0,0.0,0.0,0.0,12.333333333333334,2.266911751455907,3.0,8.0,0.375,1.5833333333333333,1.2933777206192347,2.0,0.0,0.0,2.0833333333333335,4.368055555555555,1.5723148529838356,0.907039405302476,0.04648029734876202,8.666666666666666,6.0,0.5559363916924877,0.5559363916924877,0.5559363916924877,0.5559363916924877,0.0,0,cqi|cost|switching,cqi|cost|switching,cqi,1,6,0.0,0.0
mid,medium,seed_0001,10,0,0.5559363916924877,1500.0,1.0,2.0,1.0,0.0,0.0,0.0,0.0,12.625,2.037410529732942,2.0,7.0,0.375,1.2916666666666667,1.2593146906127124,2.0,0.0,0.0,2.2083333333333335,4.118055555555556,0.8422841061257769,0.8547247089066597,0.07263764554667013,8.666666666666666,6.0,0.5559363916924877,0.5559363916924877,0.5559363916924877,0.5559363916924877,0.0,0,cqi|cost|switching,cqi|cost|switching,cqi,1,4,0.0,0.0
mid,medium,seed_0001,11,0,0.5559363916924877,1500.0,1.0,2.0,1.0,0.0,0.0,0.0,0.0,12.666666666666666,2.173067468400883,2.0,8.0,0.4583333333333333,1.4583333333333333,1.299103570041056,2.0,0.0,0.0,2.25,4.118055555555555,0.9865755948334561,0.8947219423607813,0.05263902881960936,8.333333333333334,6.0,0.5559363916924877,0.5559363916924877,0.5559363916924877,0.5559363916924877,0.0,0,cqi|cost|switching,cqi|cost|switching,cqi,1,5,0.0,0.0
mid,medium,seed_0001,12,0,0.5245344479226296,1420.8333333333333,1.0,1.9166666666666667,0.966977680204903,0.016666666666666666,0.08333333333333333,0.08333333333333333,0.15942028985507245,12.0,2.449489742783178,3.25,9.0,0.4166666666666667,1.9166666666666667,1.2966858171651094,2.0,0.0,0.0,2.0833333333333335,4.451388888888888,1.5902474524037267,0.9573299591489456,0.021335020425527207,8.666666666666666,6.0,0.4303286166130557,0.5245344479226296,0.4303286166130557,0.5245344479226296,0.0,0,cost,cost,cost,2,5,0.09420583130957388,0.0
mid,medium,seed_0001,13,0,0.5319020864742252,1460.4166666666667,1.0,1.9583333333333333,0.9833841634247474,0.025000000000000005,0.125,0.125,0.22826086956521738,12.416666666666666,2.3614378858841256,3.25,9.0,0.375,1.6666666666666667,1.2782571238871607,1.9166666666666667,0.2763853991962833,1.0,2.2083333333333335,4.277777777777778,1.6531862240407236,0.9026332458540234,0.04868337707298831,8.166666666666666,6.0,0.49949380754074274,0.5319020864742252,0.49949380754074274,0.5319020864742252,0.0,0,cost,cost,cost,2,6,0.02407494560014911,0.0
mid,medium,seed_0001,14,0,0.551769725025821,1500.0,1.0,2.0,1.0,0.008333333333333333,0.041666666666666664,0.041666666666666664,0.08333333333333333,12.708333333333334,1.8366447367111827,2.25,7.0,0.4583333333333333,1.7083333333333333,1.3751520787662492,1.9583333333333333,0.19982631347136331,1.0,2.375,3.951388888888889,0.4798706583710157,0.9254814511833688,0.03725927440831561,7.833333333333333,6.0,0.551769725025821,0.551769725025821,0.551769725025821,0.551769725025821,0.0,0,cqi|cost|switching,cqi|cost|switching,cqi,1,6,0.07745147310547323,0.0
mid,heavy,seed_0001,0,1,0.17911306645419187,550.0,1.0,1.0,1.0,0.20000000000000004,1.0,1.0,0.0,12.125,2.0879116360612584,3.0,8.0,0.2916666666666667,1.625,1.2752959625993256,0.0,0.0,0.0,4.041666666666667,4.236111111111111,1.1054543504766057,0.9380564749765334,0.03097176251173328,12.0,2.0,0.1791130664541918,0.17911306645419187,0.1791130664541918,0.17911306645419187,0.0,0,cqi|cost|switching,cost,cost,2,5,5.551115123125783e-17,0.0
mid,heavy,seed_0001,1,0,0.2791130664541918,550.0,1.0,1.0,1.0,0.0,0.0,0.0,0.15942028985507245,12.541666666666666,2.0202963204001096,3.0,7.0,0.4166666666666667,1.5833333333333333,1.3341441522875916,1.0,0.0,0.0,3.25,4.048611111111111,0.6263488531181878,0.9001395712397375,0.04993021438013123,12.0,2.0,0.2791130664541918,0.2791130664541918,0.2791130664541918,0.2791130664541918,0.0,0,cqi|cost|switching,cqi|cost|switching,cqi,1,5,0.0,0.0
mid,heavy,seed_0001,2,0,0.2791130664541918,550.0,1.0,1.0,1.0,0.0,0.0,0.0,0.0,12.541666666666666,2.1980894481849966,2.0,9.0,0.4166666666666667,1.5833333333333333,1.3145662130852367,1.0,0.0,0.0,3.2083333333333335,4.270833333333333,1.5462113943203,0.9117712879335372,0.04411435603323138,12.5,2.0,0.2791130664541918,0.2791130664541918,0.2791130664541918,0.2791130664541918,0.0,0,cqi|cost|switching,cqi|cost|switching,cqi,1,5,0.0,0.0
mid,heavy,seed_0001,3,0,0.2791130664541918,550.0,1.0,1.0,1.0,0.0,0.0,0.0,0.0,12.416666666666666,2.8565227501671018,2.5,10.0,0.5416666666666666,2.125,1.4426994600857095,1.0,0.0,0.0,3.2083333333333335,4.486111111111111,1.8389539263423311,0.8235661345425893,0.08821693272870534,12.5,2.0,0.2791130664541918,0.2791130664541918,0.2791130664541918,0.2791130664541918,0.0,0,cqi|cost|switching,cqi|cost|switching,cqi,1,5,0.0,0.0
mid,heavy,seed_0001,4,0,0.20013117760956856,477.0833333333333,1.0,0.7916666666666666,0.9184706459296623,0.041666666666666664,0.20833333333333334,0.20833333333333334,0.3442028985507246,12.208333333333334,2.813348637399132,2.25,11.0,0.4166666666666667,1.7916666666666667,1.4672277606895117,1.0,0.0,0.0,3.0833333333333335,4.694444444444444,2.473782279310792,0.9092741104447948,0.04536294477760261,13.0,2.0,0.20013117760956856,0.18415002201860056,0.20013117760956856,0.20013117760956856,0.0,0,cqi|switching,cqi|switching,cqi,2,5,0.0,0.0
mid,heavy,seed_0001,5,0,0.25827973312085845,550.0,1.0,1.0,1.0,0.041666666666666664,0.20833333333333334,0.20833333333333334,0.3442028985507246,12.541666666666666,2.0611317010052725,3.0,8.0,0.3333333333333333,1.3333333333333333,1.3071355998354266,0.7916666666666666,0.4061164310337068,1.0,3.3333333333333335,4.125,1.039998664529057,0.8954603034022344,0.052269848298882815,12.0,2.0,0.25827973312085845,0.25827973312085845,0.25827973312085845,0.25827973312085845,0.0,0,cqi|cost|switching,cqi|cost|switching,cqi,1,7,0.0,0.0
mid,heavy,seed_0001,6,0,0.2791130664541918,550.0,1.0,1.0,1.0,0.0,0.0,0.0,0.0,12.375,2.057759704144291,3.0,8.0,0.375,1.25,1.2530850088089642,1.0,0.0,0.0,3.1666666666666665,4.152777777777778,1.1179477173667076,0.9218921447765135,0.039053927611743255,12.5,2.0,0.2791130664541918,0.2791130664541918,0.2791130664541918,0.2791130664541918,0.0,0,cqi|cost|switching,cqi|cost|switching,cqi,1,5,0.0,0.0
mid,heavy,seed_0001,7,0,0.20013117760956856,477.0833333333333,1.0,0.7916666666666666,0.9184706459296623,0.041666666666666664,0.20833333333333334,0.20833333333333334,0.3442028985507246,12.291666666666666,2.6999871398870687,3.25,10.0,0.4166666666666667,1.1666666666666667,1.1597315923700198,1.0,0.0,0.0,3.125,4.583333333333333,2.2168337447476416,0.9409112223055928,0.029544388847203618,13.0,2.0,0.20013117760956856,0.08918697758300924,0.20013117760956856,0.20013117760956856,0.0,0,cqi|switching,cqi|switching,cqi,2,6,0.0,0.0
mid,heavy,seed_0001,8,0,0.25827973312085845,550.0,1.0,1.0,1.0,0.041666666666666664,0.20833333333333334,0.20833333333333334,0.3442028985507246,12.333333333333334,1.950783318453271,3.0,9.0,0.3333333333333333,1.875,1.223983941215004,0.7916666666666666,0.40611643103370687,1.0,3.4166666666666665,4.215277777777778,1.5339364504276627,0.9413402498432523,0.029329875078373868,12.0,2.0,0.25827973312085845,0.25827973312085845,0.25827973312085845,0.25827973312085845,0.0,0,cqi|cost|switching,cqi|cost|switching,cqi,1,7,0.0,0.0
mid,heavy,seed_0001,9,0,0.2791130664541918,550.0,1.0,1.0,1.0,0.0,0.0,0.0,0.0,12.333333333333334,2.266911751455907,3.0,8.0,0.375,1.5833333333333333,1.2933777206192347,1.0,0.0,0.0,3.0833333333333335,4.368055555555555,1.5723148529838356,0.907039405302476,0.04648029734876202,12.5,2.0,0.2791130664541918,0.2791130664541918,0.2791130664541918,0.2791130664541918,0.0,0,cqi|cost|switching,cqi|cost|switching,cqi,1,6,0.0,0.0
mid,heavy,seed_0001,10,0,0.2791130664541918,550.0,1.0,1.0,1.0,0.0,0.0,0.0,0.0,12.625,2.037410529732942,2.0,7.0,0.375,1.2916666666666667,1.2593146906127124,1.0,0.0,0.0,3.2083333333333335,4.118055555555556,0.8422841061257769,0.8547247089066597,0.07263764554667013,12.0,2.0,0.2791130664541918,0.2791130664541918,0.2791130664541918,0.2791130664541918,0.0,0,cqi|cost|switching,cqi|cost|switching,cqi,1,4,0.0,0.0
mid,heavy,seed_0001,11,0,0.2791130664541918,550.0,1.0,1.0,1.0,0.0,0.0,0.0,0.0,12.666666666666666,2.173067468400883,2.0,8.0,0.4583333333333333,1.4583333333333333,1.299103570041056,1.0,0.0,0.0,3.25,4.118055555555555,0.9865755948334561,0.8947219423607813,0.05263902881960936,12.0,2.0,0.2791130664541918,0.2791130664541918,0.2791130664541918,0.2791130664541918,0.0,0,cqi|cost|switching,cqi|cost|switching,cqi,1,5,0.0,0.0
mid,heavy,seed_0001,12,0,0.15274204430279456,433.3333333333333,1.0,0.6666666666666666,0.8733850129198967,0.06666666666666667,0.3333333333333333,0.3333333333333333,0.463768115942029,12.0,2.449489742783178,3.25,9.0,0.4166666666666667,1.9166666666666667,1.2966858171651094,1.0,0.0,0.0,3.0833333333333335,4.451388888888888,1.5902474524037267,0.9573299591489456,0.021335020425527207,12.5,2.0,0.15274204430279456,0.08918697758300924,0.15274204430279456,0.15274204430279456,0.0,0,cqi|switching,cqi|switching,cqi,2,5,0.0,0.0
mid,heavy,seed_0001,13,0,0.1860753776361279,433.3333333333333,1.0,0.6666666666666666,0.8733850129198967,0.0,0.0,0.0,0.0,12.416666666666666,2.3614378858841256,3.25,9.0,0.375,1.6666666666666667,1.2782571238871607,0.6666666666666666,0.4714045207910317,1.0,3.4583333333333335,4.277777777777778,1.6531862240407236,0.9026332458540234,0.04868337707298831,12.0,2.0,0.1694087109694612,0.1549833553519339,0.1860753776361279,0.1694087109694612,0.01666666666666669,1,switching,switching,switching,2,7,0.01666666666666669,0.01666666666666669
mid,heavy,seed_0001,14,0,0.24577973312085846,550.0,1.0,1.0,1.0,0.06666666666666667,0.3333333333333333,0.3333333333333333,0.463768115942029,12.708333333333334,1.8366447367111827,2.25,7.0,0.4583333333333333,1.7083333333333333,1.3751520787662492,0.6666666666666666,0.4714045207910317,1.0,3.6666666666666665,3.951388888888889,0.4798706583710157,0.9254814511833688,0.03725927440831561,12.0,2.0,0.24577973312085846,0.24577973312085846,0.24577973312085846,0.24577973312085846,0.0,0,cqi|cost|switching,cqi|cost|switching,cqi,1,7,0.0,0.0
mid,light,seed_0002,0,1,0.42817422258578275,2687.5,1.0,2.7916666666666665,0.9511316872427984,0.5583333333333332,1.0,2.7916666666666665,0.0,12.333333333333334,2.718251071716682,3.0,9.0,0.4583333333333333,1.3333333333333333,1.1068041568570248,0.0,0.0,0.0,4.125,4.652777777777778,2.171424619125244,0.9581209095044747,0.020939545247762648,2.0,12.0,0.42817422258578275,0.41367528913029,0.42817422258578275,0.42817422258578275,0.0,0,cqi|switching,cqi|switching,cqi,2,5,0.0,0.0
mid,light,seed_0002,1,0,0.6873449187815327,2795.8333333333335,1.0,2.8333333333333335,0.9445906027877781,0.041666666666666664,0.20833333333333334,0.20833333333333334,0.22826086956521738,11.958333333333334,2.3713422125220327,3.0,9.0,0.3333333333333333,1.9583333333333333,1.2969902614697606,2.7916666666666665,0.4061164310337068,1.0,1.25,4.416666666666667,1.5403522925568636,0.9321488996920337,0.03392555015398313,7.583333333333333,12.0,0.6216642670875472,0.6873449187815327,0.6288360298278043,0.6873449187815327,0.0,0,cost,cost,cost,2,7,0.06568065169398551,0.0
mid,light,seed_0002,2,0,0.7305175114173516,3000.0,1.0,3.0,1.0,0.03333333333333333,0.08333333333333333,0.16666666666666666,0.15942028985507245,12.208333333333334,1.7790251700174329,3.0,7.0,0.2916666666666667,1.0833333333333333,1.2960235666913082,2.8333333333333335,0.5527707983925666,2.0,1.375,4.0625,0.5199993322645285,0.945496680922698,0.027251659538650996,7.5,12.0,0.7305175114173516,0.7305175114173516,0.7305175114173516,0.7305175114173516,0.0,0,cqi|cost|switching,cqi|cost|switching,cqi,1,5,0.02499999999999991,0.0
mid,light,seed_0002,3,0,0.6915115854481991,2795.8333333333335,1.0,2.8333333333333335,0.9445906027877781,0.03333333333333333,0.08333333333333333,0.16666666666666666,0.15942028985507245,12.208333333333334,2.344837710565251,1.5,9.0,0.25,1.5833333333333333,1.2722476329275305,3.0,0.0,0.0,1.125,4.5,1.8066236157232334,0.8885001005679114,0.0557499497160443,8.916666666666666,12.0,0.6865075559191159,0.6915115854481991,0.6865075559191159,0.6915115854481991,0.0,0,cost,cost,cost,2,5,0.005004029529083187,0.0
mid,light,seed_0002,4,0,0.708178252114866,2795.8333333333335,1.0,2.8333333333333335,0.9445906027877781,0.0,0.0,0.0,0.0,12.416666666666666,2.32588095615881,2.0,9.0,0.4583333333333333,1.375,1.2924518067285564,2.8333333333333335,0.5527707983925666,2.0,1.375,4.541666666666667,2.0413832002763153,0.9531920509747592,0.023403974512620385,7.833333333333333,12.0,0.6986428803520964,0.6960429276818854,0.708178252114866,0.6986428803520964,0.009535371762769529,1,switching,switching,switching,2,7,0.013702038429436292,0.009535371762769529
mid,light,seed_0002,5,0,0.7305175114173516,3000.0,1.0,3.0,1.0,0.03333333333333333,0.08333333333333333,0.16666666666666666,0.15942028985507245,12.583333333333334,2.3614378858841256,3.0,8.0,0.5416666666666666,1.5,1.2667723045086545,2.8333333333333335,0.5527707983925666,2.0,1.4583333333333333,4.243055555555556,1.2104666672276176,0.8865926557816451,0.05670367210917743,7.75,12.0,0.7305175114173516,0.7305175114173516,0.7305175114173516,0.7305175114173516,0.0,0,cqi|cost|switching,cqi|cost|switching,cqi,1,6,0.0,0.0
mid,light,seed_0002,6,0,0.703551503997184,2883.3333333333335,1.0,2.875,0.9637107161257084,0.024999999999999998,0.041666666666666664,0.125,0.08333333333333333,12.125,2.538249068419672,3.25,10.0,0.4583333333333333,1.375,1.215858262342741,3.0,0.0,0.0,1.25,4.423611111111111,1.761850856729373,0.9471342358393058,0.02643288208034711,9.0,12.0,0.6379662581871942,0.703551503997184,0.6379662581871942,0.703551503997184,0.0,0,cost,cost,cost,2,5,0.06558524580998981,0.0
mid,light,seed_0002,7,0,0.6956782521148659,2795.8333333333335,1.0,2.8333333333333335,0.9445906027877781,0.025000000000000005,0.08333333333333333,0.125,0.08333333333333333,11.875,2.7885554802920214,3.25,11.0,0.375,1.25,1.176658711659324,2.875,0.5994789404140899,3.0,1.2916666666666667,4.6180555555555545,1.9030185370797459,0.9187859027438318,0.04060704862808412,8.416666666666666,12.0,0.6071653336320544,0.6956782521148659,0.6121693631611377,0.6956782521148659,0.0,0,cost,cost,cost,2,7,0.0801795851494781,0.0
mid,light,seed_0002,8,0,0.7305175114173516,3000.0,1.0,3.0,1.0,0.03333333333333333,0.08333333333333333,0.16666666666666666,0.15942028985507245,12.25,2.1065374432940898,1.25,9.0,0.20833333333333334,1.7916666666666667,1.2646447933061127,2.8333333333333335,0.5527707983925666,2.0,1.125,4.256944444444444,1.2927676013064584,0.9161717516427271,0.041914124178636436,7.666666666666667,12.0,0.7305175114173516,0.7305175114173516,0.7305175114173516,0.7305175114173516,0.0,0,cqi|cost|switching,cqi|cost|switching,cqi,1,7,0.029166666666666785,0.0
mid,light,seed_0002,9,0,0.7471841780840182,3000.0,1.0,3.0,1.0,0.0,0.0,0.0,0.0,12.833333333333334,1.7716909687891083,2.0,8.0,0.3333333333333333,1.5,1.3235031879381898,3.0,0.0,0.0,1.2916666666666667,4.097222222222222,1.1292785580751967,0.8362756123714984,0.0818621938142508,8.333333333333334,12.0,0.7471841780840182,0.7471841780840182,0.7471841780840182,0.7471841780840182,0.0,0,cqi|cost|switching,cqi|cost|switching,cqi,1,5,0.0,0.0
mid,light,seed_0002,10,0,0.6986428803520964,2750.0,1.0,2.8333333333333335,0.9603174603174603,0.03333333333333333,0.16666666666666666,0.16666666666666666,0.2898550724637681,12.375,2.037410529732942,3.0,7.0,0.375,2.0416666666666665,1.5137892464174645,3.0,0.0,0.0,1.1666666666666667,4.034722222222221,0.5548172177048297,0.9333571740291068,0.03332141298544661,8.166666666666666,12.0,0.6425072516713808,0.6986428803520964,0.6425072516713808,0.6986428803520964,0.0,0,cost,cost,cost,2,5,0.056135628680715643,0.0
mid,light,seed_0002,11,0,0.7305175114173516,3000.0,1.0,3.0,1.0,0.03333333333333333,0.16666666666666666,0.16666666666666666,0.2898550724637681,12.625,1.7275343701356567,3.0,5.0,0.3333333333333333,1.9166666666666667,1.485342493622321,2.8333333333333335,0.3726779962499649,1.0,1.3333333333333333,3.9305555555555554,0.26315687946522803,0.9305954247315096,0.03470228763424521,7.333333333333333,12.0,0.7305175114173516,0.7305175114173516,0.7305175114173516,0.7305175114173516,0.0,0,cqi|cost|switching,cqi|cost|switching,cqi,1,7,0.08333333333333326,0.0
mid,light,seed_0002,12,0,0.7471841780840182,3000.0,1.0,3.0,1.0,0.0,0.0,0.0,0.0,12.958333333333334,1.6196493104647343,2.0,5.0,0.5,1.4166666666666667,1.3080836411662191,3.0,0.0,0.0,1.375,3.8611111111111107,0.24845199749997665,0.9145805227384232,0.04270973863078842,8.0,12.0,0.7471841780840182,0.7471841780840182,0.7471841780840182,0.7471841780840182,0.0,0,cqi|cost|switching,cqi|cost|switching,cqi,1,5,0.0,0.0
mid,light,seed_0002,13,0,0.7471841780840182,3000.0,1.0,3.0,1.0,0.0,0.0,0.0,0.0,13.208333333333334,1.4994211846205485,1.0,6.0,0.5,1.0833333333333333,1.2298642874707637,3.0,0.0,0.0,1.4166666666666667,3.8541666666666665,0.31663925319938896,0.8890221462453866,0.05548892687730672,8.083333333333334,12.0,0.7471841780840182,0.7471841780840182,0.7471841780840182,0.7471841780840182,0.0,0,cqi|cost|switching,cqi|cost|switching,cqi,1,5,0.0,0.0
mid,light,seed_0002,14,0,0.7471841780840182,3000.0,1.0,3.0,1.0,0.0,0.0,0.0,0.0,12.708333333333334,2.2449789655040324,2.0,9.0,0.5,1.3333333333333333,1.2316268316320154,3.0,0.0,0.0,1.4166666666666667,4.25,1.401057801435388,0.9427287581024115,0.028635620948794238,8.416666666666666,12.0,0.7471841780840182,0.7471841780840182,0.7471841780840182,0.7471841780840182,0.0,0,cqi|cost|switching,cqi|cost|switching,cqi,1,4,0.0,0.0
mid,medium,seed_0002,0,1,0.35402080764984784,2416.6666666666665,1.0,2.375,0.8187305295950156,0.47500000000000003,0.7916666666666666,2.375,0.0,12.333333333333334,2.718251071716682,3.0,9.0,0.4583333333333333,1.3333333333333333,1.1068041568570248,0.0,0.0,0.0,4.125,4.652777777777778,2.171424619125244,0.9581209095044747,0.020939545247762648,4.0,6.0,0.35402080764984784,0.3338334760377007,0.35402080764984784,0.35402080764984784,0.0,0,cqi|switching,cqi|switching,cqi,2,5,0.0,0.0
mid,medium,seed_0002,1,0,0.420367781255963,1420.8333333333333,1.0,1.9166666666666667,0.966977680204903,0.225,1.0,1.125,0.22826086956521738,11.958333333333334,2.3713422125220327,3.0,9.0,0.3333333333333333,1.9583333333333333,1.2969902614697606,2.375,1.2183492931011204,3.0,1.6666666666666667,4.416666666666667,1.5403522925568636,0.9321488996920337,0.03392555015398313,13.833333333333334,6.0,0.29835743721567737,0.420367781255963,0.398264865601176,0.420367781255963,0.0,0,cost,cost,cost,2,7,0.12201034404028566,0.0
mid,medium,seed_0002,2,0,0.5476030583591543,1500.0,1.0,2.0,1.0,0.016666666666666666,0.08333333333333333,0.08333333333333333,0.15942028985507245,12.208333333333334,1.7790251700174329,3.0,7.0,0.2916666666666667,1.0833333333333333,1.2960235666913082,1.9166666666666667,0.2763853991962833,1.0,2.2916666666666665,4.0625,0.5199993322645285,0.945496680922698,0.027251659538650996,7.666666666666667,6.0,0.5476030583591543,0.5476030583591543,0.5476030583591543,0.5476030583591543,0.0,0,cqi|cost|switching,cqi|cost|switching,cqi,1,5,0.13333333333333336,0.0
mid,medium,seed_0002,3,0,0.5245344479226296,1420.8333333333333,1.0,1.9166666666666667,0.966977680204903,0.016666666666666666,0.08333333333333333,0.08333333333333333,0.15942028985507245,12.208333333333334,2.344837710565251,1.5,9.0,0.25,1.5833333333333333,1.2722476329275305,2.0,0.0,0.0,1.9583333333333333,4.5,1.8066236157232334,0.8885001005679114,0.0557499497160443,8.833333333333334,6.0,0.47743153226784263,0.5245344479226296,0.47743153226784263,0.5245344479226296,0.0,0,cost,cost,cost,2,5,0.04710291565478697,0.0
mid,medium,seed_0002,4,0,0.5328677812559629,1420.8333333333333,1.0,1.9166666666666667,0.966977680204903,0.0,0.0,0.0,0.0,12.416666666666666,2.32588095615881,2.0,9.0,0.4583333333333333,1.375,1.2924518067285564,1.9166666666666667,0.2763853991962833,1.0,2.2916666666666665,4.541666666666667,2.0413832002763153,0.9531920509747592,0.023403974512620385,8.166666666666666,6.0,0.5143201484033485,0.517166809371034,0.5328677812559629,0.517166809371034,0.015700971884928916,1,switching,switching,switching,2,7,0.03104763285261436,0.015700971884928916
mid,medium,seed_0002,5,0,0.5476030583591543,1500.0,1.0,2.0,1.0,0.016666666666666666,0.08333333333333333,0.08333333333333333,0.15942028985507245,12.583333333333334,2.3614378858841256,3.0,8.0,0.5416666666666666,1.5,1.2667723045086545,1.9166666666666667,0.2763853991962833,1.0,2.375,4.243055555555556,1.2104666672276176,0.8865926557816451,0.05670367210917743,7.833333333333333,6.0,0.5476030583591543,0.5476030583591543,0.5476030583591543,0.5476030583591543,0.0,0,cqi|cost|switching,cqi|cost|switching,cqi,1,6,0.08084759888297477,0.004166666666666652
mid,medium,seed_0002,6,0,0.5244390420386339,1445.8333333333333,1.0,1.9166666666666667,0.9687278753942202,0.016666666666666666,0.041666666666666664,0.08333333333333333,0.08333333333333333,12.125,2.538249068419672,3.25,10.0,0.4583333333333333,1.375,1.215858262342741,2.0,0.0,0.0,2.1666666666666665,4.423611111111111,1.761850856729373,0.9471342358393058,0.02643288208034711,8.666666666666666,6.0,0.42994699307707296,0.5244390420386339,0.42994699307707296,0.5244390420386339,0.0,0,cost,cost,cost,2,5,0.10913963452731806,0.0
mid,medium,seed_0002,7,0,0.5245344479226296,1420.8333333333333,1.0,1.9166666666666667,0.966977680204903,0.016666666666666666,0.08333333333333333,0.08333333333333333,0.08333333333333333,11.875,2.7885554802920214,3.25,11.0,0.375,1.25,1.176658711659324,1.9166666666666667,0.39965262694272663,2.0,2.1666666666666665,4.6180555555555545,1.9030185370797459,0.9187859027438318,0.04060704862808412,8.166666666666666,6.0,0.4303286166130557,0.5245344479226296,0.47743153226784263,0.5245344479226296,0.0,0,cost,cost,cost,2,7,0.08474499586661743,0.0
mid,medium,seed_0002,8,0,0.5476030583591543,1500.0,1.0,2.0,1.0,0.016666666666666666,0.08333333333333333,0.08333333333333333,0.15942028985507245,12.25,2.1065374432940898,1.25,9.0,0.20833333333333334,1.7916666666666667,1.2646447933061127,1.9166666666666667,0.2763853991962833,1.0,2.0416666666666665,4.256944444444444,1.2927676013064584,0.9161717516427271,0.041914124178636436,7.833333333333333,6.0,0.5476030583591543,0.5476030583591543,0.5476030583591543,0.5476030583591543,0.0,0,cqi|cost|switching,cqi|cost|switching,cqi,1,7,0.08721492479614074,0.0
mid,medium,seed_0002,9,0,0.5559363916924877,1500.0,1.0,2.0,1.0,0.0,0.0,0.0,0.0,12.833333333333334,1.7716909687891083,2.0,8.0,0.3333333333333333,1.5,1.3235031879381898,2.0,0.0,0.0,2.2083333333333335,4.097222222222222,1.1292785580751967,0.8362756123714984,0.0818621938142508,8.166666666666666,6.0,0.5559363916924877,0.5559363916924877,0.5559363916924877,0.5559363916924877,0.0,0,cqi|cost|switching,cqi|cost|switching,cqi,1,5,0.09856933226942682,0.0
mid,medium,seed_0002,10,0,0.5559363916924877,1500.0,1.0,2.0,1.0,0.0,0.0,0.0,0.0,12.375,2.037410529732942,3.0,7.0,0.375,2.0416666666666665,1.5137892464174645,2.0,0.0,0.0,2.1666666666666665,4.034722222222221,0.5548172177048297,0.9333571740291068,0.03332141298544661,8.166666666666666,6.0,0.5559363916924877,0.5559363916924877,0.5559363916924877,0.5559363916924877,0.0,0,cqi|cost|switching,cqi|cost|switching,cqi,1,5,0.09999999999999998,0.0
mid,medium,seed_0002,11,0,0.5559363916924877,1500.0,1.0,2.0,1.0,0.0,0.0,0.0,0.0,12.625,1.7275343701356567,3.0,5.0,0.3333333333333333,1.9166666666666667,1.485342493622321,2.0,0.0,0.0,2.1666666666666665,3.9305555555555554,0.26315687946522803,0.9305954247315096,0.03470228763424521,8.0,6.0,0.5559363916924877,0.5559363916924877,0.5559363916924877,0.5559363916924877,0.0,0,cqi|cost|switching,cqi|cost|switching,cqi,1,5,0.0,0.0
mid,medium,seed_0002,12,0,0.5559363916924877,1500.0,1.0,2.0,1.0,0.0,0.0,0.0,0.0,12.958333333333334,1.6196493104647343,2.0,5.0,0.5,1.4166666666666667,1.3080836411662191,2.0,0.0,0.0,2.375,3.8611111111111107,0.24845199749997665,0.9145805227384232,0.04270973863078842,8.0,6.0,0.5559363916924877,0.5559363916924877,0.5559363916924877,0.5559363916924877,0.0,0,cqi|cost|switching,cqi|cost|switching,cqi,1,5,0.0,0.0
mid,medium,seed_0002,13,0,0.5559363916924877,1500.0,1.0,2.0,1.0,0.0,0.0,0.0,0.0,13.208333333333334,1.4994211846205485,1.0,6.0,0.5,1.0833333333333333,1.2298642874707637,2.0,0.0,0.0,2.4166666666666665,3.8541666666666665,0.31663925319938896,0.8890221462453866,0.05548892687730672,8.0,6.0,0.5559363916924877,0.5559363916924877,0.5559363916924877,0.5559363916924877,0.0,0,cqi|cost|switching,cqi|cost|switching,cqi,1,5,0.0,0.0
mid,medium,seed_0002,14,0,0.5559363916924877,1500.0,1.0,2.0,1.0,0.0,0.0,0.0,0.0,12.708333333333334,2.2449789655040324,2.0,9.0,0.5,1.3333333333333333,1.2316268316320154,2.0,0.0,0.0,2.3333333333333335,4.25,1.401057801435388,0.9427287581024115,0.028635620948794238,8.5,6.0,0.5559363916924877,0.5559363916924877,0.5559363916924877,0.5559363916924877,0.0,0,cqi|cost|switching,cqi|cost|switching,cqi,1,4,0.0,0.0
mid,heavy,seed_0002,0,1,0.15672393314741787,506.25,1.0,0.875,0.9503186558516802,0.17500000000000002,0.875,0.875,0.0,12.333333333333334,2.718251071716682,3.0,9.0,0.4583333333333333,1.3333333333333333,1.1068041568570248,0.0,0.0,0.0,4.125,4.652777777777778,2.171424619125244,0.9581209095044747,0.020939545247762648,12.0,2.0,0.1417978442762352,0.15672393314741787,0.1417978442762352,0.15672393314741787,0.0,0,cost,cost,cost,2,5,0.014926088871182658,0.0
mid,heavy,seed_0002,1,0,0.11698262209827853,404.1666666666667,1.0,0.5833333333333334,0.8458288385472852,0.09166666666666667,0.4583333333333333,0.4583333333333333,0.5181159420289855,11.958333333333334,2.3713422125220327,3.0,9.0,0.3333333333333333,1.9583333333333333,1.2969902614697606,0.875,0.33071891388307384,1.0,3.1666666666666665,4.416666666666667,1.5403522925568636,0.9321488996920337,0.03392555015398313,12.0,2.0,0.11698262209827853,0.08085364424967585,-0.005776066852582103,0.11698262209827853,0.0,0,cqi,cqi,cqi,2,7,-1.3877787807814457e-17,0.0
mid,heavy,seed_0002,2,0,0.23744639978752516,550.0,1.0,1.0,1.0,0.08333333333333333,0.4166666666666667,0.4166666666666667,0.5072463768115942,12.208333333333334,1.7790251700174329,3.0,7.0,0.2916666666666667,1.0833333333333333,1.2960235666913082,0.5833333333333334,0.4930066485916347,1.0,3.625,4.0625,0.5199993322645285,0.945496680922698,0.027251659538650996,12.0,2.0,0.23744639978752516,0.23744639978752516,0.23744639978752516,0.23744639978752516,0.0,0,cqi|cost|switching,cqi|cost|switching,cqi,1,6,0.0,0.0
mid,heavy,seed_0002,3,0,0.2791130664541918,550.0,1.0,1.0,1.0,0.0,0.0,0.0,0.0,12.208333333333334,2.344837710565251,1.5,9.0,0.25,1.5833333333333333,1.2722476329275305,1.0,0.0,0.0,2.9583333333333335,4.5,1.8066236157232334,0.8885001005679114,0.0557499497160443,12.5,2.0,0.2791130664541918,0.2791130664541918,0.2791130664541918,0.2791130664541918,0.0,0,cqi|cost|switching,cqi|cost|switching,cqi,1,5,0.0,0.0
mid,heavy,seed_0002,4,0,0.2791130664541918,550.0,1.0,1.0,1.0,0.0,0.0,0.0,0.0,12.416666666666666,2.32588095615881,2.0,9.0,0.4583333333333333,1.375,1.2924518067285564,1.0,0.0,0.0,3.2083333333333335,4.541666666666667,2.0413832002763153,0.9531920509747592,0.023403974512620385,13.0,2.0,0.2791130664541918,0.2791130664541918,0.2791130664541918,0.2791130664541918,0.0,0,cqi|cost|switching,cqi|cost|switching,cqi,1,5,0.0,0.0
mid,heavy,seed_0002,5,0,0.2791130664541918,550.0,1.0,1.0,1.0,0.0,0.0,0.0,0.0,12.583333333333334,2.3614378858841256,3.0,8.0,0.5416666666666666,1.5,1.2667723045086545,1.0,0.0,0.0,3.2916666666666665,4.243055555555556,1.2104666672276176,0.8865926557816451,0.05670367210917743,12.0,2.0,0.2791130664541918,0.2791130664541918,0.2791130664541918,0.2791130664541918,0.0,0,cqi|cost|switching,cqi|cost|switching,cqi,1,4,0.0,0.0
mid,heavy,seed_0002,6,0,0.2791130664541918,550.0,1.0,1.0,1.0,0.0,0.0,0.0,0.0,12.125,2.538249068419672,3.25,10.0,0.4583333333333333,1.375,1.215858262342741,1.0,0.0,0.0,3.1666666666666665,4.423611111111111,1.761850856729373,0.9471342358393058,0.02643288208034711,12.5,2.0,0.2791130664541918,0.2791130664541918,0.2791130664541918,0.2791130664541918,0.0,0,cqi|cost|switching,cqi|cost|switching,cqi,1,5,0.0,0.0
mid,heavy,seed_0002,7,0,0.15274204430279456,433.3333333333333,1.0,0.6666666666666666,0.8733850129198967,0.06666666666666667,0.3333333333333333,0.3333333333333333,0.463768115942029,11.875,2.7885554802920214,3.25,11.0,0.375,1.25,1.176658711659324,1.0,0.0,0.0,3.0,4.6180555555555545,1.9030185370797459,0.9187859027438318,0.04060704862808412,12.5,2.0,0.15274204430279456,0.08918697758300924,0.15274204430279456,0.15274204430279456,0.0,0,cqi|switching,cqi|switching,cqi,2,5,0.0,0.0
mid,heavy,seed_0002,8,0,0.24577973312085846,550.0,1.0,1.0,1.0,0.06666666666666667,0.3333333333333333,0.3333333333333333,0.463768115942029,12.25,2.1065374432940898,1.25,9.0,0.20833333333333334,1.7916666666666667,1.2646447933061127,0.6666666666666666,0.4714045207910317,1.0,3.2916666666666665,4.256944444444444,1.2927676013064584,0.9161717516427271,0.041914124178636436,12.0,2.0,0.24577973312085846,0.24577973312085846,0.24577973312085846,0.24577973312085846,0.0,0,cqi|cost|switching,cqi|cost|switching,cqi,1,7,0.0,0.0
mid,heavy,seed_0002,9,0,0.2791130664541918,550.0,1.0,1.0,1.0,0.0,0.0,0.0,0.0,12.833333333333334,1.7716909687891083,2.0,8.0,0.3333333333333333,1.5,1.3235031879381898,1.0,0.0,0.0,3.2083333333333335,4.097222222222222,1.1292785580751967,0.8362756123714984,0.0818621938142508,12.0,2.0,0.2791130664541918,0.2791130664541918,0.2791130664541918,0.2791130664541918,0.0,0,cqi|cost|switching,cqi|cost|switching,cqi,1,5,0.0,0.0
mid,heavy,seed_0002,10,0,0.2791130664541918,550.0,1.0,1.0,1.0,0.0,0.0,0.0,0.0,12.375,2.037410529732942,3.0,7.0,0.375,2.0416666666666665,1.5137892464174645,1.0,0.0,0.0,3.1666666666666665,4.034722222222221,0.5548172177048297,0.9333571740291068,0.03332141298544661,12.0,2.0,0.2791130664541918,0.2791130664541918,0.2791130664541918,0.2791130664541918,0.0,0,cqi|cost|switching,cqi|cost|switching,cqi,1,5,0.0,0.0
mid,heavy,seed_0002,11,0,0.27911306645419187,550.0,1.0,1.0,1.0,0.0,0.0,0.0,0.2898550724637681,12.625,1.7275343701356567,3.0,5.0,0.3333333333333333,1.9166666666666667,1.485342493622321,1.0,0.0,0.0,3.1666666666666665,3.9305555555555554,0.26315687946522803,0.9305954247315096,0.03470228763424521,12.0,2.0,0.2791130664541918,0.27911306645419187,0.2791130664541918,0.27911306645419187,0.0,0,cqi|cost|switching,cost,cost,2,5,5.551115123125783e-17,0.0
mid,heavy,seed_0002,12,0,0.2791130664541918,550.0,1.0,1.0,1.0,0.0,0.0,0.0,0.2898550724637681,12.958333333333334,1.6196493104647343,2.0,5.0,0.5,1.4166666666666667,1.3080836411662191,1.0,0.0,0.0,3.375,3.8611111111111107,0.24845199749997665,0.9145805227384232,0.04270973863078842,12.0,2.0,0.2791130664541918,0.2791130664541918,0.2791130664541918,0.2791130664541918,0.0,0,cqi|cost|switching,cqi|cost|switching,cqi,1,5,0.0,0.0
mid,heavy,seed_0002,13,0,0.2791130664541918,550.0,1.0,1.0,1.0,0.0,0.0,0.0,0.0,13.208333333333334,1.4994211846205485,1.0,6.0,0.5,1.0833333333333333,1.2298642874707637,1.0,0.0,0.0,3.4166666666666665,3.8541666666666665,0.31663925319938896,0.8890221462453866,0.05548892687730672,12.0,2.0,0.2791130664541918,0.2791130664541918,0.2791130664541918,0.2791130664541918,0.0,0,cqi|cost|switching,cqi|cost|switching,cqi,1,5,0.0,0.0
mid,heavy,seed_0002,14,0,0.2791130664541918,550.0,1.0,1.0,1.0,0.0,0.0,0.0,0.0,12.708333333333334,2.2449789655040324,2.0,9.0,0.5,1.3333333333333333,1.2316268316320154,1.0,0.0,0.0,3.3333333333333335,4.25,1.401057801435388,0.9427287581024115,0.028635620948794238,12.5,2.0,0.2791130664541918,0.2791130664541918,0.2791130664541918,0.2791130664541918,0.0,0,cqi|cost|switching,cqi|cost|switching,cqi,1,4,0.0,0.0
mid,light,seed_0003,0,1,0.4471841780840183,3000.0,1.0,3.0,1.0,0.6,1.0,3.0,0.0,12.125,2.1469455046647083,4.0,8.0,0.3333333333333333,1.0,1.1973997257805065,0.0,0.0,0.0,4.0,4.270833333333333,1.1654879958706217,0.9360670623822132,0.03196646880889342,2.0,12.0,0.4471841780840183,0.4471841780840183,0.4471841780840183,0.4471841780840183,0.0,0,cqi|cost|switching,cqi|cost|switching,cqi,1,5,0.0,0.0
mid,light,seed_0003,1,0,0.7229135292180572,2875.0,1.0,2.9166666666666665,0.9796296296296296,0.016666666666666666,0.08333333333333333,0.08333333333333333,0.15942028985507245,12.291666666666666,2.1885909977781495,2.25,9.0,0.3333333333333333,1.25,1.2420943210133022,3.0,0.0,0.0,1.1666666666666667,4.333333333333333,1.4207457613938248,0.9259184646541809,0.037040767672909536,8.583333333333334,12.0,0.6743722314861356,0.7229135292180572,0.6743722314861356,0.7229135292180572,0.0,0,cost,cost,cost,2,6,0.04854129773192162,0.0
mid,light,seed_0003,2,0,0.7388508447506849,3000.0,1.0,3.0,1.0,0.016666666666666666,0.08333333333333333,0.08333333333333333,0.15942028985507245,12.625,1.79843682124227,3.0,5.0,0.375,1.1666666666666667,1.067515431735668,2.9166666666666665,0.2763853991962833,1.0,1.25,4.0,0.45133546692422005,0.9191387141398618,0.040430642930069094,7.75,12.0,0.7388508447506849,0.7388508447506849,0.7388508447506849,0.7388508447506849,0.0,0,cqi|cost|switching,cqi|cost|switching,cqi,1,7,0.016666666666666607,0.0
mid,light,seed_0003,3,0,0.7471841780840182,3000.0,1.0,3.0,1.0,0.0,0.0,0.0,0.0,12.25,2.165063509461097,3.25,7.0,0.375,1.4583333333333333,1.1725793029278233,3.0,0.0,0.0,1.125,4.1875,0.7997576311098998,0.9473671632744475,0.02631641836277626,8.333333333333334,12.0,0.7471841780840182,0.7471841780840182,0.7471841780840182,0.7471841780840182,0.0,0,cqi|cost|switching,cqi|cost|switching,cqi,1,6,0.0,0.0
mid,light,seed_0003,4,0,0.6915115854481991,2795.8333333333335,1.0,2.8333333333333335,0.9445906027877781,0.03333333333333333,0.08333333333333333,0.16666666666666666,0.15942028985507245,12.416666666666666,2.4480718035947304,3.25,9.0,0.4583333333333333,2.0833333333333335,1.2193581783757221,3.0,0.0,0.0,1.2916666666666667,4.402777777777778,1.7098006345409233,0.9256474848554602,0.03717625757226989,8.75,12.0,0.6501015826201747,0.6915115854481991,0.6501015826201747,0.6915115854481991,0.0,0,cost,cost,cost,2,5,0.04141000282802443,0.0
mid,light,seed_0003,5,0,0.7305175114173516,3000.0,1.0,3.0,1.0,0.03333333333333333,0.08333333333333333,0.16666666666666666,0.15942028985507245,12.333333333333334,2.1147629234082532,3.0,7.0,0.2916666666666667,2.0,1.4169362229901044,2.8333333333333335,0.5527707983925666,2.0,1.25,4.152777777777778,0.8049566739356724,0.9228510785807404,0.038574460709629776,7.75,12.0,0.7305175114173516,0.7305175114173516,0.7305175114173516,0.7305175114173516,0.0,0,cqi|cost|switching,cqi|cost|switching,cqi,1,7,0.016666666666666607,0.0
mid,light,seed_0003,6,0,0.6636752891302898,2693.75,1.0,2.75,0.9170303305556653,0.05000000000000001,0.125,0.25,0.22826086956521738,12.291666666666666,2.299984903332097,3.0,8.0,0.4166666666666667,2.0416666666666665,1.4803238990208758,3.0,0.0,0.0,1.25,4.256944444444445,1.0352347723828723,0.9341110886487378,0.03294445567563109,8.416666666666666,12.0,0.6501015826201747,0.6636752891302898,0.6501015826201747,0.6636752891302898,0.0,0,cost,cost,cost,2,5,0.013573706510115136,0.0
mid,light,seed_0003,7,0,0.6986428803520964,2750.0,1.0,2.8333333333333335,0.9603174603174603,0.03333333333333333,0.16666666666666666,0.16666666666666666,0.08333333333333333,12.5,2.449489742783178,3.25,9.0,0.4166666666666667,1.375,1.5192579054384412,2.75,0.6614378277661477,2.0,1.4583333333333333,4.416666666666667,1.786005267297612,0.9140864620574163,0.04295676897129186,7.666666666666667,12.0,0.6539035737198219,0.683178252114866,0.6986428803520964,0.683178252114866,0.015464628237230382,1,switching,switching,switching,2,7,0.019739306632274523,0.015464628237230382
mid,light,seed_0003,8,0,0.7305175114173516,3000.0,1.0,3.0,1.0,0.03333333333333333,0.16666666666666666,0.16666666666666666,0.2898550724637681,12.416666666666666,1.9982631347136333,3.0,8.0,0.375,2.1666666666666665,1.4983141541244587,2.8333333333333335,0.3726779962499649,1.0,1.375,4.201388888888888,1.0639061138727435,0.9301004649560214,0.034949767521989306,7.583333333333333,12.0,0.7305175114173516,0.7305175114173516,0.7305175114173516,0.7305175114173516,0.0,0,cqi|cost|switching,cqi|cost|switching,cqi,1,7,0.012499999999999845,0.0
mid,light,seed_0003,9,0,0.6672409365822384,2670.8333333333335,1.0,2.75,0.9248827242195871,0.049999999999999996,0.16666666666666666,0.25,0.30434782608695654,12.041666666666666,2.57357026111371,2.5,9.0,0.375,1.7083333333333333,1.3722585650155288,3.0,0.0,0.0,1.25,4.6180555555555545,1.9042345396769709,0.9338471236943893,0.033076438152805365,8.833333333333334,12.0,0.5801664001765617,0.6672409365822384,0.5801664001765617,0.6672409365822384,0.0,0,cost,cost,cost,3,5,0.08707453640567664,0.0
mid,light,seed_0003,10,0,0.7221841780840181,3000.0,1.0,3.0,1.0,0.049999999999999996,0.16666666666666666,0.25,0.30434782608695654,12.833333333333334,1.7950549357115013,2.0,6.0,0.4166666666666667,1.4583333333333333,1.2879924574658832,2.75,0.5951190357119042,2.0,1.5,3.9861111111111107,0.5089856167169082,0.8931270158058796,0.053436492097060195,7.166666666666667,12.0,0.7221841780840181,0.7221841780840181,0.7221841780840181,0.7221841780840181,0.0,0,cqi|cost|switching,cqi|cost|switching,cqi,1,6,0.0249999999999998,0.0
mid,light,seed_0003,11,0,0.7471841780840182,3000.0,1.0,3.0,1.0,0.0,0.0,0.0,0.0,12.375,2.057759704144291,2.0,9.0,0.3333333333333333,2.0416666666666665,1.4781099524055559,3.0,0.0,0.0,1.25,4.208333333333333,1.2786078221890258,0.932586551518403,0.033706724240798513,8.333333333333334,12.0,0.7471841780840182,0.7471841780840182,0.7471841780840182,0.7471841780840182,0.0,0,cqi|cost|switching,cqi|cost|switching,cqi,1,6,0.0,0.0
mid,light,seed_0003,12,0,0.6757152076792745,2781.25,1.0,2.7916666666666665,0.9359992815458109,0.041666666666666664,0.08333333333333333,0.20833333333333334,0.16304347826086957,11.791666666666666,2.7534700329261295,4.0,12.0,0.3333333333333333,1.75,1.3742713306591678,3.0,0.0,0.0,1.1666666666666667,4.722222222222222,2.7117144137479516,0.9281416346896022,0.0359291826551989,10.166666666666666,12.0,0.618604232966321,0.6757152076792745,0.618604232966321,0.6757152076792745,0.0,0,cost,cost,cost,3,5,0.057110974712953455,0.0
mid,light,seed_0003,13,0,0.7187468625513905,2875.0,1.0,2.9166666666666665,0.9796296296296296,0.025000000000000005,0.08333333333333333,0.125,0.0036231884057971015,12.25,2.3139072294858036,3.25,8.0,0.375,1.9583333333333333,1.4655511673143184,2.7916666666666665,0.705878097754059,3.0,1.2916666666666667,4.333333333333333,1.299038105676658,0.9470151015907013,0.026492449204649327,7.666666666666667,12.0,0.6337995915205276,0.7104135292180572,0.7187468625513905,0.7104135292180572,0.008333333333333304,1,switching,switching,switching,2,7,0.08078060436419632,0.008333333333333304
mid,light,seed_0003,14,0,0.7388508447506849,3000.0,1.0,3.0,1.0,0.016666666666666666,0.08333333333333333,0.08333333333333333,0.15942028985507245,12.666666666666666,2.266911751455907,3.25,8.0,0.4583333333333333,1.5,1.4397425169759623,2.9166666666666665,0.2763853991962833,1.0,1.2916666666666667,4.222222222222222,1.2496913199113326,0.8817029644437026,0.059148517778148724,8.0,12.0,0.7388508447506849,0.7388508447506849,0.7388508447506849,0.7388508447506849,0.0,0,cqi|cost|switching,cqi|cost|switching,cqi,1,7,0.029166666666666563,0.0
mid,medium,seed_0003,0,1,0.35593639169248764,1500.0,1.0,2.0,1.0,0.4000000000000001,1.0,2.0,0.0,12.125,2.1469455046647083,4.0,8.0,0.3333333333333333,1.0,1.1973997257805065,0.0,0.0,0.0,4.0,4.270833333333333,1.1654879958706217,0.9360670623822132,0.03196646880889342,4.0,6.0,0.35593639169248764,0.35593639169248764,0.35593639169248764,0.35593639169248764,0.0,0,cqi|cost|switching,cqi|cost|switching,cqi,1,5,0.0,0.0
mid,medium,seed_0003,1,0,0.5559363916924877,1500.0,1.0,2.0,1.0,0.0,0.0,0.0,0.0,12.291666666666666,2.1885909977781495,2.25,9.0,0.3333333333333333,1.25,1.2420943210133022,2.0,0.0,0.0,2.0833333333333335,4.333333333333333,1.4207457613938248,0.9259184646541809,0.037040767672909536,8.666666666666666,6.0,0.5559363916924877,0.5559363916924877,0.5559363916924877,0.5559363916924877,0.0,0,cqi|cost|switching,cqi|cost|switching,cqi,1,6,0.0,0.0
mid,medium,seed_0003,2,0,0.5559363916924877,1500.0,1.0,2.0,1.0,0.0,0.0,0.0,0.0,12.625,1.79843682124227,3.0,5.0,0.375,1.1666666666666667,1.067515431735668,2.0,0.0,0.0,2.1666666666666665,4.0,0.45133546692422005,0.9191387141398618,0.040430642930069094,8.166666666666666,6.0,0.5559363916924877,0.5559363916924877,0.5559363916924877,0.5559363916924877,0.0,0,cqi|cost|switching,cqi|cost|switching,cqi,1,5,0.0,0.0
mid,medium,seed_0003,3,0,0.5559363916924877,1500.0,1.0,2.0,1.0,0.0,0.0,0.0,0.0,12.25,2.165063509461097,3.25,7.0,0.375,1.4583333333333333,1.1725793029278233,2.0,0.0,0.0,2.125,4.1875,0.7997576311098998,0.9473671632744475,0.02631641836277626,8.166666666666666,6.0,0.5559363916924877,0.5559363916924877,0.5559363916924877,0.5559363916924877,0.0,0,cqi|cost|switching,cqi|cost|switching,cqi,1,6,0.0,0.0
mid,medium,seed_0003,4,0,0.5559363916924877,1500.0,1.0,2.0,1.0,0.0,0.0,0.0,0.0,12.416666666666666,2.4480718035947304,3.25,9.0,0.4583333333333333,2.0833333333333335,1.2193581783757221,2.0,0.0,0.0,2.2083333333333335,4.402777777777778,1.7098006345409233,0.9256474848554602,0.03717625757226989,8.833333333333334,6.0,0.5559363916924877,0.5559363916924877,0.5559363916924877,0.5559363916924877,0.0,0,cqi|cost|switching,cqi|cost|switching,cqi,1,5,0.0,0.0
mid,medium,seed_0003,5,0,0.5559363916924877,1500.0,1.0,2.0,1.0,0.0,0.0,0.0,0.0,12.333333333333334,2.1147629234082532,3.0,7.0,0.2916666666666667,2.0,1.4169362229901044,2.0,0.0,0.0,2.0833333333333335,4.152777777777778,0.8049566739356724,0.9228510785807404,0.038574460709629776,8.333333333333334,6.0,0.5559363916924877,0.5559363916924877,0.5559363916924877,0.5559363916924877,0.0,0,cqi|cost|switching,cqi|cost|switching,cqi,1,6,0.0,0.0
mid,medium,seed_0003,6,0,0.5559363916924877,1500.0,1.0,2.0,1.0,0.0,0.0,0.0,0.0,12.291666666666666,2.299984903332097,3.0,8.0,0.4166666666666667,2.0416666666666665,1.4803238990208758,2.0,0.0,0.0,2.1666666666666665,4.256944444444445,1.0352347723828723,0.9341110886487378,0.03294445567563109,8.333333333333334,6.0,0.5559363916924877,0.5559363916924877,0.5559363916924877,0.5559363916924877,0.0,0,cqi|cost|switching,cqi|cost|switching,cqi,1,5,0.0,0.0
mid,medium,seed_0003,7,0,0.5559363916924877,1500.0,1.0,2.0,1.0,0.0,0.0,0.0,0.0,12.5,2.449489742783178,3.25,9.0,0.4166666666666667,1.375,1.5192579054384412,2.0,0.0,0.0,2.125,4.416666666666667,1.786005267297612,0.9140864620574163,0.04295676897129186,8.666666666666666,6.0,0.5559363916924877,0.5559363916924877,0.5559363916924877,0.5559363916924877,0.0,0,cqi|cost|switching,cqi|cost|switching,cqi,1,5,0.0,0.0
mid,medium,seed_0003,8,0,0.5559363916924877,1500.0,1.0,2.0,1.0,0.0,0.0,0.0,0.0,12.416666666666666,1.9982631347136333,3.0,8.0,0.375,2.1666666666666665,1.4983141541244587,2.0,0.0,0.0,2.2083333333333335,4.201388888888888,1.0639061138727435,0.9301004649560214,0.034949767521989306,8.333333333333334,6.0,0.5559363916924877,0.5559363916924877,0.5559363916924877,0.5559363916924877,0.0,0,cqi|cost|switching,cqi|cost|switching,cqi,1,5,0.0,0.0
mid,medium,seed_0003,9,0,0.5088334760377006,1381.25,1.0,1.875,0.950805949229092,0.025000000000000005,0.125,0.125,0.22826086956521738,12.041666666666666,2.57357026111371,2.5,9.0,0.375,1.7083333333333333,1.3722585650155288,2.0,0.0,0.0,2.0,4.6180555555555545,1.9042345396769709,0.9338471236943893,0.033076438152805365,9.0,6.0,0.46173056038291366,0.5088334760377006,0.46173056038291366,0.5088334760377006,0.0,0,cost,cost,cost,2,5,0.047102915654786914,0.0
mid,medium,seed_0003,10,0,0.5434363916924877,1500.0,1.0,2.0,1.0,0.025000000000000005,0.125,0.125,0.22826086956521738,12.833333333333334,1.7950549357115013,2.0,6.0,0.4166666666666667,1.4583333333333333,1.2879924574658832,1.875,0.33071891388307384,1.0,2.375,3.9861111111111107,0.5089856167169082,0.8931270158058796,0.053436492097060195,7.5,6.0,0.5434363916924877,0.5434363916924877,0.5434363916924877,0.5434363916924877,0.0,0,cqi|cost|switching,cqi|cost|switching,cqi,1,6,0.012499999999999956,0.0
mid,medium,seed_0003,11,0,0.5559363916924877,1500.0,1.0,2.0,1.0,0.0,0.0,0.0,0.0,12.375,2.057759704144291,2.0,9.0,0.3333333333333333,2.0416666666666665,1.4781099524055559,2.0,0.0,0.0,2.1666666666666665,4.208333333333333,1.2786078221890258,0.932586551518403,0.033706724240798513,8.5,6.0,0.5559363916924877,0.5559363916924877,0.5559363916924877,0.5559363916924877,0.0,0,cqi|cost|switching,cqi|cost|switching,cqi,1,6,0.0,0.0
mid,medium,seed_0003,12,0,0.5087380701537049,1406.25,1.0,1.875,0.9522182374479611,0.025000000000000005,0.08333333333333333,0.125,0.16304347826086957,11.791666666666666,2.7534700329261295,4.0,12.0,0.3333333333333333,1.75,1.3742713306591678,2.0,0.0,0.0,2.0,4.722222222222222,2.7117144137479516,0.9281416346896022,0.0359291826551989,10.833333333333334,6.0,0.41453223884413104,0.5087380701537049,0.41453223884413104,0.5087380701537049,0.0,0,cost,cost,cost,3,5,0.09420583130957383,0.0
mid,medium,seed_0003,13,0,0.5434363916924876,1500.0,1.0,2.0,1.0,0.025000000000000005,0.08333333333333333,0.125,0.16304347826086957,12.25,2.3139072294858036,3.25,8.0,0.375,1.9583333333333333,1.4655511673143184,1.875,0.4389855730355308,2.0,2.2083333333333335,4.333333333333333,1.299038105676658,0.9470151015907013,0.026492449204649327,7.833333333333333,6.0,0.5434363916924876,0.5434363916924876,0.5434363916924876,0.5434363916924876,0.0,0,cqi|cost|switching,cqi|cost|switching,cqi,1,7,0.02499999999999991,0.0
mid,medium,seed_0003,14,0,0.5559363916924877,1500.0,1.0,2.0,1.0,0.0,0.0,0.0,0.0,12.666666666666666,2.266911751455907,3.25,8.0,0.4583333333333333,1.5,1.4397425169759623,2.0,0.0,0.0,2.2083333333333335,4.222222222222222,1.2496913199113326,0.8817029644437026,0.059148517778148724,8.5,6.0,0.5559363916924877,0.5559363916924877,0.5559363916924877,0.5559363916924877,0.0,0,cqi|cost|switching,cqi|cost|switching,cqi,1,5,0.0,0.0
mid,heavy,seed_0003,0,1,0.1791130664541918,550.0,1.0,1.0,1.0,0.20000000000000004,1.0,1.0,0.0,12.125,2.1469455046647083,4.0,8.0,0.3333333333333333,1.0,1.1973997257805065,0.0,0.0,0.0,4.0,4.270833333333333,1.1654879958706217,0.9360670623822132,0.03196646880889342,12.0,2.0,0.1791130664541918,0.1791130664541918,0.1791130664541918,0.1791130664541918,0.0,0,cqi|cost|switching,cqi|cost|switching,cqi,1,5,0.0,0.0
mid,heavy,seed_0003,1,0,0.2791130664541918,550.0,1.0,1.0,1.0,0.0,0.0,0.0,0.0,12.291666666666666,2.1885909977781495,2.25,9.0,0.3333333333333333,1.25,1.2420943210133022,1.0,0.0,0.0,3.0833333333333335,4.333333333333333,1.4207457613938248,0.9259184646541809,0.037040767672909536,12.5,2.0,0.2791130664541918,0.2791130664541918,0.2791130664541918,0.2791130664541918,0.0,0,cqi|cost|switching,cqi|cost|switching,cqi,1,6,0.0,0.0
mid,heavy,seed_0003,2,0,0.2791130664541918,550.0,1.0,1.0,1.0,0.0,0.0,0.0,0.0,12.625,1.79843682124227,3.0,5.0,0.375,1.1666666666666667,1.067515431735668,1.0,0.0,0.0,3.1666666666666665,4.0,0.45133546692422005,0.9191387141398618,0.040430642930069094,12.0,2.0,0.2791130664541918,0.2791130664541918,0.2791130664541918,0.2791130664541918,0.0,0,cqi|cost|switching,cqi|cost|switching,cqi,1,5,0.0,0.0
mid,heavy,seed_0003,3,0,0.2791130664541918,550.0,1.0,1.0,1.0,0.0,0.0,0.0,0.0,12.25,2.165063509461097,3.25,7.0,0.375,1.4583333333333333,1.1725793029278233,1.0,0.0,0.0,3.125,4.1875,0.7997576311098998,0.9473671632744475,0.02631641836277626,12.0,2.0,0.2791130664541918,0.2791130664541918,0.2791130664541918,0.2791130664541918,0.0,0,cqi|cost|switching,cqi|cost|switching,cqi,1,6,0.0,0.0
mid,heavy,seed_0003,4,0,0.2791130664541918,550.0,1.0,1.0,1.0,0.0,0.0,0.0,0.0,12.416666666666666,2.4480718035947304,3.25,9.0,0.4583333333333333,2.0833333333333335,1.2193581783757221,1.0,0.0,0.0,3.2083333333333335,4.402777777777778,1.7098006345409233,0.9256474848554602,0.03717625757226989,13.0,2.0,0.2791130664541918,0.2791130664541918,0.2791130664541918,0.2791130664541918,0.0,0,cqi|cost|switching,cqi|cost|switching,cqi,1,5,0.0,0.0
mid,heavy,seed_0003,5,0,0.2791130664541918,550.0,1.0,1.0,1.0,0.0,0.0,0.0,0.0,12.333333333333334,2.1147629234082532,3.0,7.0,0.2916666666666667,2.0,1.4169362229901044,1.0,0.0,0.0,3.0833333333333335,4.152777777777778,0.8049566739356724,0.9228510785807404,0.038574460709629776,12.0,2.0,0.2791130664541918,0.2791130664541918,0.2791130664541918,0.2791130664541918,0.0,0,cqi|cost|switching,cqi|cost|switching,cqi,1,6,0.0,0.0
mid,heavy,seed_0003,6,0,0.2791130664541918,550.0,1.0,1.0,1.0,0.0,0.0,0.0,0.0,12.291666666666666,2.299984903332097,3.0,8.0,0.4166666666666667,2.0416666666666665,1.4803238990208758,1.0,0.0,0.0,3.1666666666666665,4.256944444444445,1.0352347723828723,0.9341110886487378,0.03294445567563109,12.0,2.0,0.2791130664541918,0.2791130664541918,0.2791130664541918,0.2791130664541918,0.0,0,cqi|cost|switching,cqi|cost|switching,cqi,1,5,0.0,0.0
mid,heavy,seed_0003,7,0,0.2791130664541918,550.0,1.0,1.0,1.0,0.0,0.0,0.0,0.0,12.5,2.449489742783178,3.25,9.0,0.4166666666666667,1.375,1.5192579054384412,1.0,0.0,0.0,3.125,4.416666666666667,1.786005267297612,0.9140864620574163,0.04295676897129186,13.0,2.0,0.2791130664541918,0.2791130664541918,0.2791130664541918,0.2791130664541918,0.0,0,cqi|cost|switching,cqi|cost|switching,cqi,1,5,0.0,0.0
mid,heavy,seed_0003,8,0,0.2791130664541918,550.0,1.0,1.0,1.0,0.0,0.0,0.0,0.0,12.416666666666666,1.9982631347136333,3.0,8.0,0.375,2.1666666666666665,1.4983141541244587,1.0,0.0,0.0,3.2083333333333335,4.201388888888888,1.0639061138727435,0.9301004649560214,0.034949767521989306,12.0,2.0,0.2791130664541918,0.2791130664541918,0.2791130664541918,0.2791130664541918,0.0,0,cqi|cost|switching,cqi|cost|switching,cqi,1,5,0.0,0.0
mid,heavy,seed_0003,9,0,0.2317239331474179,506.25,1.0,0.875,0.9503186558516802,0.025000000000000005,0.125,0.125,0.22826086956521738,12.041666666666666,2.57357026111371,2.5,9.0,0.375,1.7083333333333333,1.3722585650155288,1.0,0.0,0.0,3.0,4.6180555555555545,1.9042345396769709,0.9338471236943893,0.033076438152805365,13.0,2.0,0.1843347998406439,0.2317239331474179,0.1843347998406439,0.2317239331474179,0.0,0,cost,cost,cost,2,5,0.047389133306773995,0.0
mid,heavy,seed_0003,10,0,0.26661306645419186,550.0,1.0,1.0,1.0,0.025000000000000005,0.125,0.125,0.0,12.833333333333334,1.7950549357115013,2.0,6.0,0.4166666666666667,1.4583333333333333,1.2879924574658832,0.875,0.33071891388307384,1.0,3.375,3.9861111111111107,0.5089856167169082,0.8931270158058796,0.053436492097060195,12.0,2.0,0.2666130664541918,0.2666130664541918,0.26661306645419186,0.2666130664541918,5.551115123125783e-17,0,cqi|cost|switching,switching,switching,2,6,0.012500000000000067,5.551115123125783e-17
mid,heavy,seed_0003,11,0,0.2791130664541918,550.0,1.0,1.0,1.0,0.0,0.0,0.0,0.22826086956521738,12.375,2.057759704144291,2.0,9.0,0.3333333333333333,2.0416666666666665,1.4781099524055559,1.0,0.0,0.0,3.1666666666666665,4.208333333333333,1.2786078221890258,0.932586551518403,0.033706724240798513,12.5,2.0,0.2791130664541918,0.2791130664541918,0.2791130664541918,0.2791130664541918,0.0,0,cqi|cost|switching,cqi|cost|switching,cqi,1,6,0.0,0.0
mid,heavy,seed_0003,12,0,0.08918697758300924,504.1666666666667,0.9166666666666666,1.0,0.9166666666666666,0.0,0.0,0.0,0.15942028985507245,11.791666666666666,2.7534700329261295,4.0,12.0,0.3333333333333333,1.75,1.3742713306591678,1.0,0.0,0.0,2.9166666666666665,4.722222222222222,2.7117144137479516,0.9281416346896022,0.0359291826551989,13.5,2.0,0.07357537763612787,0.08918697758300924,0.07357537763612787,0.08918697758300924,0.0,0,cost,cost,cost,2,5,0.015611599946881369,0.0
mid,heavy,seed_0003,13,0,0.2791130664541918,550.0,1.0,1.0,1.0,0.0,0.0,0.0,0.15942028985507245,12.25,2.3139072294858036,3.25,8.0,0.375,1.9583333333333333,1.4655511673143184,1.0,0.0,0.0,3.0833333333333335,4.333333333333333,1.299038105676658,0.9470151015907013,0.026492449204649327,12.0,2.0,0.2791130664541918,0.2791130664541918,0.2791130664541918,0.2791130664541918,0.0,0,cqi|cost|switching,cqi|cost|switching,cqi,1,5,0.029166666666666702,0.0
mid,heavy,seed_0003,14,0,0.2791130664541918,550.0,1.0,1.0,1.0,0.0,0.0,0.0,0.0,12.666666666666666,2.266911751455907,3.25,8.0,0.4583333333333333,1.5,1.4397425169759623,1.0,0.0,0.0,3.2083333333333335,4.222222222222222,1.2496913199113326,0.8817029644437026,0.059148517778148724,12.0,2.0,0.2791130664541918,0.2791130664541918,0.2791130664541918,0.2791130664541918,0.0,0,cqi|cost|switching,cqi|cost|switching,cqi,1,5,0.0,0.0
mid,light,seed_0004,0,1,0.4270049734680832,4268.75,1.0,3.125,0.7619082617955654,0.6250000000000001,1.0,3.125,0.0,12.166666666666666,2.3392781412696997,3.25,9.0,0.4166666666666667,1.5833333333333333,1.1006431192625852,0.0,0.0,0.0,4.125,4.354166666666667,1.4800466865759485,0.9765393251269289,0.011730337436535565,2.0,12.0,0.4270049734680832,0.4248449187815328,0.4270049734680832,0.4270049734680832,0.0,0,cqi|switching,cqi|switching,cqi,2,5,0.0,0.0
mid,light,seed_0004,1,0,0.660341219701743,3831.25,1.0,2.875,0.6943974247150482,0.049999999999999996,0.08333333333333333,0.25,0.15942028985507245,12.458333333333334,2.2356797375493853,3.0,9.0,0.4166666666666667,1.9583333333333333,1.2852438303372786,3.125,1.3635890143294642,3.0,1.375,4.319444444444444,1.638594606347347,0.9100330193774857,0.044983490311257146,11.833333333333334,12.0,0.6249230965849132,0.5623449187815327,0.660341219701743,0.6249230965849132,0.03541812311682979,1,switching,switching,switching,2,7,0.03541812311682979,0.03541812311682979
mid,light,seed_0004,2,0,0.7516499666661041,4187.5,1.0,3.25,0.8018362389254072,0.075,0.375,0.375,0.0,12.916666666666666,2.079997329058114,2.25,8.0,0.5416666666666666,1.375,1.2239079404593967,2.875,1.4523687548277813,3.0,1.5,4.083333333333333,1.0736748938937606,0.9039011886425101,0.04804940567874494,8.416666666666666,12.0,0.7349832999994375,0.7276156614478416,0.7516499666661041,0.7349832999994375,0.016666666666666607,1,switching,switching,switching,2,7,0.03750000000000009,0.03750000000000009
mid,light,seed_0004,3,0,0.7652690616678628,4008.3333333333335,1.0,3.1666666666666665,0.7814243640146449,0.016666666666666666,0.041666666666666664,0.08333333333333333,0.08333333333333333,12.791666666666666,2.344837710565251,1.25,8.0,0.5833333333333334,1.625,1.289307183146055,3.25,0.9682458365518543,2.0,1.2083333333333333,4.236111111111112,1.2609856765813046,0.8863603779503542,0.05681981102482292,9.916666666666666,12.0,0.7228353939010902,0.6471841780840183,0.7652690616678628,0.7228353939010902,0.0424336677667726,1,switching,switching,switching,2,7,0.0424336677667726,0.0424336677667726
mid,light,seed_0004,4,0,0.7311687272344235,4706.25,1.0,3.375,0.8297077484986479,0.125,0.4166666666666667,0.625,0.3442028985507246,12.708333333333334,2.653286745822162,2.25,10.0,0.4583333333333333,1.5833333333333333,1.2478884003070987,3.1666666666666665,0.9860132971832694,2.0,1.0416666666666667,4.486111111111112,2.088835327327494,0.8871793536338716,0.056410323183064215,9.583333333333334,12.0,0.7311687272344235,0.6042808551312232,0.6476129963857816,0.7311687272344235,0.0,0,cqi,cqi,cqi,2,7,-0.012499999999999845,-0.012499999999999845
mid,light,seed_0004,5,0,0.6397743623601556,3900.0,1.0,3.0,0.7464420088336332,0.17500000000000002,0.4583333333333333,0.875,0.4311594202898551,12.708333333333334,2.4576270171764376,3.5,8.0,0.5,1.75,1.2680632634425155,3.375,1.2183492931011204,3.0,1.1666666666666667,4.298611111111111,1.4190985390663493,0.9194813537538401,0.04025932312307995,11.583333333333334,12.0,0.626350844750685,0.6397743623601556,0.626350844750685,0.6397743623601556,0.0,0,cost,cost,cost,3,7,0.013423517609470581,0.0
mid,light,seed_0004,6,0,0.6229135292180573,2875.0,1.0,2.9166666666666665,0.9796296296296296,0.21666666666666667,0.9583333333333334,1.0833333333333333,0.463768115942029,12.541666666666666,2.0408161493764094,2.25,8.0,0.4166666666666667,1.5,1.3245859244022335,3.0,1.2909944487358056,4.0,1.2083333333333333,4.208333333333333,1.378782675647858,0.9107191464117304,0.044640426794134824,9.0,12.0,0.6134752504043721,0.6229135292180573,0.611507555919116,0.6229135292180573,0.0,0,cost,cost,cost,2,7,-0.05145870226807825,0.0
mid,light,seed_0004,7,0,0.7107782047850768,2812.5,1.0,2.875,0.9698275862068966,0.025000000000000005,0.125,0.125,0.22826086956521738,12.416666666666666,2.43099202430247,2.0,9.0,0.4583333333333333,1.5416666666666667,1.435617498217688,2.9166666666666665,0.2763853991962833,1.0,1.4166666666666667,4.506944444444444,1.9775822117729993,0.8929799732254665,0.05351001338726674,8.25,12.0,0.6986428803520964,0.7107782047850768,0.6513036210496109,0.7107782047850768,0.0,0,cost,cost,cost,2,7,0.02046865776631368,0.0
mid,light,seed_0004,8,0,0.6873449187815326,2795.8333333333335,1.0,2.8333333333333335,0.9445906027877781,0.041666666666666664,0.16666666666666666,0.20833333333333334,0.22826086956521738,12.208333333333334,2.597742075127723,2.0,11.0,0.2916666666666667,1.4583333333333333,1.4012971574354385,2.875,0.33071891388307384,1.0,1.2916666666666667,4.652777777777778,2.50181261449068,0.9244904523505716,0.037754773824714205,8.5,12.0,0.6557521632436835,0.6873449187815326,0.6483389928123804,0.6873449187815326,0.0,0,cost,cost,cost,2,7,0.03575942220451589,0.0
mid,light,seed_0004,9,0,0.7193478817661086,2897.9166666666665,1.0,2.9166666666666665,0.9722511989323172,0.016666666666666666,0.041666666666666664,0.08333333333333333,0.08333333333333333,12.541666666666666,2.362540417055806,3.0,11.0,0.4166666666666667,1.25,1.3295462402323777,2.8333333333333335,0.5527707983925666,2.0,1.4166666666666667,4.298611111111111,2.0705044824217103,0.9339919406810352,0.0330040296594824,7.666666666666667,12.0,0.7035515039971841,0.7193478817661086,0.708178252114866,0.7193478817661086,0.0,0,cost,cost,cost,2,6,0.015796377768924508,0.0
mid,light,seed_0004,10,0,0.7388508447506849,3000.0,1.0,3.0,1.0,0.016666666666666666,0.041666666666666664,0.08333333333333333,0.08333333333333333,12.416666666666666,2.0190069065976193,3.0,7.0,0.4583333333333333,1.5416666666666667,1.142266663772479,2.9166666666666665,0.39965262694272663,2.0,1.3333333333333333,4.041666666666667,0.5595343632912135,0.9357389638226066,0.03213051808869671,7.916666666666667,12.0,0.7388508447506849,0.7388508447506849,0.7388508447506849,0.7388508447506849,0.0,0,cqi|cost|switching,cqi|cost|switching,cqi,1,6,0.004166666666666652,0.0
mid,light,seed_0004,11,0,0.7471841780840182,3000.0,1.0,3.0,1.0,0.0,0.0,0.0,0.0,13.041666666666666,1.8138165716399095,3.0,6.0,0.5,1.5416666666666667,1.174946065040624,3.0,0.0,0.0,1.375,3.930555555555556,0.443358047208677,0.9259535343481465,0.03702323282592673,8.083333333333334,12.0,0.7471841780840182,0.7471841780840182,0.7471841780840182,0.7471841780840182,0.0,0,cqi|cost|switching,cqi|cost|switching,cqi,1,5,0.0,0.0
mid,light,seed_0004,12,0,0.7471841780840182,3000.0,1.0,3.0,1.0,0.0,0.0,0.0,0.0,12.666666666666666,1.818118685772619,2.25,6.0,0.375,1.2916666666666667,1.2896480042017213,3.0,0.0,0.0,1.1666666666666667,3.9861111111111107,0.4760871250278504,0.9142944692499001,0.04285276537504995,8.083333333333334,12.0,0.7471841780840182,0.7471841780840182,0.7471841780840182,0.7471841780840182,0.0,0,cqi|cost|switching,cqi|cost|switching,cqi,1,5,0.0,0.0
mid,light,seed_0004,13,0,0.7471841780840182,3000.0,1.0,3.0,1.0,0.0,0.0,0.0,0.0,13.291666666666666,1.5132516497779063,2.25,5.0,0.5833333333333334,1.7083333333333333,1.2552017620264975,3.0,0.0,0.0,1.5416666666666667,3.8125,0.20588843167185555,0.8830848332628373,0.05845758336858137,8.0,12.0,0.7471841780840182,0.7471841780840182,0.7471841780840182,0.7471841780840182,0.0,0,cqi|cost|switching,cqi|cost|switching,cqi,1,4,0.0,0.0
mid,light,seed_0004,14,0,0.7471841780840182,3000.0,1.0,3.0,1.0,0.0,0.0,0.0,0.0,13.083333333333334,1.7300449576688912,2.0,7.0,0.625,1.2916666666666667,1.1698940520597922,3.0,0.0,0.0,1.5416666666666667,3.8958333333333335,0.4830758413732968,0.9210668123948846,0.03946659380255768,8.083333333333334,12.0,0.7471841780840182,0.7471841780840182,0.7471841780840182,0.7471841780840182,0.0,0,cqi|cost|switching,cqi|cost|switching,cqi,1,5,0.0,0.0
mid,medium,seed_0004,0,1,0.35593639169248764,1500.0,1.0,2.0,1.0,0.4000000000000001,1.0,2.0,0.0,12.166666666666666,2.3392781412696997,3.25,9.0,0.4166666666666667,1.5833333333333333,1.1006431192625852,0.0,0.0,0.0,4.125,4.354166666666667,1.4800466865759485,0.9765393251269289,0.011730337436535565,4.0,6.0,0.35593639169248764,0.35593639169248764,0.35593639169248764,0.35593639169248764,0.0,0,cqi|cost|switching,cqi|cost|switching,cqi,1,5,0.0,0.0
mid,medium,seed_0004,1,0,0.5245344479226296,1420.8333333333333,1.0,1.9166666666666667,0.966977680204903,0.016666666666666666,0.08333333333333333,0.08333333333333333,0.15942028985507245,12.458333333333334,2.2356797375493853,3.0,9.0,0.4166666666666667,1.9583333333333333,1.2852438303372786,2.0,0.0,0.0,2.25,4.319444444444444,1.638594606347347,0.9100330193774857,0.044983490311257146,8.5,6.0,0.49294169238478025,0.5245344479226296,0.49294169238478025,0.5245344479226296,0.0,0,cost,cost,cost,2,5,0.03159275553784935,0.0
mid,medium,seed_0004,2,0,0.5476030583591543,1500.0,1.0,2.0,1.0,0.016666666666666666,0.08333333333333333,0.08333333333333333,0.15942028985507245,12.916666666666666,2.079997329058114,2.25,8.0,0.5416666666666666,1.375,1.2239079404593967,1.9166666666666667,0.2763853991962833,1.0,2.4583333333333335,4.083333333333333,1.0736748938937606,0.9039011886425101,0.04804940567874494,7.833333333333333,6.0,0.5476030583591543,0.5476030583591543,0.5476030583591543,0.5476030583591543,0.0,0,cqi|cost|switching,cqi|cost|switching,cqi,1,7,0.008333333333333304,0.0
mid,medium,seed_0004,3,0,0.5559363916924877,1500.0,1.0,2.0,1.0,0.0,0.0,0.0,0.0,12.791666666666666,2.344837710565251,1.25,8.0,0.5833333333333334,1.625,1.289307183146055,2.0,0.0,0.0,2.375,4.236111111111112,1.2609856765813046,0.8863603779503542,0.05681981102482292,8.5,6.0,0.5559363916924877,0.5559363916924877,0.5559363916924877,0.5559363916924877,0.0,0,cqi|cost|switching,cqi|cost|switching,cqi,1,5,0.0,0.0
mid,medium,seed_0004,4,0,0.47743153226784263,1302.0833333333333,1.0,1.7916666666666667,0.9192906900122376,0.041666666666666664,0.20833333333333334,0.20833333333333334,0.3442028985507246,12.708333333333334,2.653286745822162,2.25,10.0,0.4583333333333333,1.5833333333333333,1.2478884003070987,2.0,0.0,0.0,2.2083333333333335,4.486111111111112,2.088835327327494,0.8871793536338716,0.056410323183064215,9.166666666666666,6.0,0.47743153226784263,0.46144434273092666,0.47743153226784263,0.47743153226784263,0.0,0,cqi|switching,cqi|switching,cqi,2,5,0.0,0.0
mid,medium,seed_0004,5,0,0.5351030583591544,1500.0,1.0,2.0,1.0,0.041666666666666664,0.20833333333333334,0.20833333333333334,0.3442028985507246,12.708333333333334,2.4576270171764376,3.5,8.0,0.5,1.75,1.2680632634425155,1.7916666666666667,0.40611643103370687,1.0,2.4166666666666665,4.298611111111111,1.4190985390663493,0.9194813537538401,0.04025932312307995,7.5,6.0,0.5351030583591544,0.5351030583591544,0.5351030583591544,0.5351030583591544,0.0,0,cqi|cost|switching,cqi|cost|switching,cqi,1,7,0.0,0.0
mid,medium,seed_0004,6,0,0.5559363916924877,1500.0,1.0,2.0,1.0,0.0,0.0,0.0,0.0,12.541666666666666,2.0408161493764094,2.25,8.0,0.4166666666666667,1.5,1.3245859244022335,2.0,0.0,0.0,2.2083333333333335,4.208333333333333,1.378782675647858,0.9107191464117304,0.044640426794134824,8.5,6.0,0.5559363916924877,0.5559363916924877,0.5559363916924877,0.5559363916924877,0.0,0,cqi|cost|switching,cqi|cost|switching,cqi,1,5,0.0,0.0
mid,medium,seed_0004,7,0,0.5559363916924877,1500.0,1.0,2.0,1.0,0.0,0.0,0.0,0.0,12.416666666666666,2.43099202430247,2.0,9.0,0.4583333333333333,1.5416666666666667,1.435617498217688,2.0,0.0,0.0,2.1666666666666665,4.506944444444444,1.9775822117729993,0.8929799732254665,0.05351001338726674,8.666666666666666,6.0,0.5559363916924877,0.5559363916924877,0.5559363916924877,0.5559363916924877,0.0,0,cqi|cost|switching,cqi|cost|switching,cqi,1,5,0.0,0.0
mid,medium,seed_0004,8,0,0.49313250415277166,1341.6666666666667,1.0,1.8333333333333333,0.9348986510856236,0.03333333333333333,0.16666666666666666,0.16666666666666666,0.2898550724637681,12.208333333333334,2.597742075127723,2.0,11.0,0.2916666666666667,1.4583333333333333,1.4012971574354385,2.0,0.0,0.0,2.0833333333333335,4.652777777777778,2.50181261449068,0.9244904523505716,0.037754773824714205,9.333333333333334,6.0,0.49313250415277166,0.4929416923847803,0.49313250415277166,0.49313250415277166,0.0,0,cqi|switching,cqi|switching,cqi,2,5,0.0,0.0
mid,medium,seed_0004,9,0,0.5161057087053006,1445.8333333333333,1.0,1.9166666666666667,0.9687278753942202,0.03333333333333333,0.16666666666666666,0.16666666666666666,0.22826086956521738,12.541666666666666,2.362540417055806,3.0,11.0,0.4166666666666667,1.25,1.3295462402323777,1.8333333333333333,0.3726779962499649,1.0,2.4166666666666665,4.298611111111111,2.0705044824217103,0.9339919406810352,0.0330040296594824,7.666666666666667,6.0,0.43693904203863393,0.5161057087053006,0.4940027930505136,0.5161057087053006,0.0,0,cost,cost,cost,2,6,0.07916666666666666,0.0
mid,medium,seed_0004,10,0,0.5476030583591543,1500.0,1.0,2.0,1.0,0.016666666666666666,0.041666666666666664,0.08333333333333333,0.08333333333333333,12.416666666666666,2.0190069065976193,3.0,7.0,0.4583333333333333,1.5416666666666667,1.142266663772479,1.9166666666666667,0.39965262694272663,2.0,2.3333333333333335,4.041666666666667,0.5595343632912135,0.9357389638226066,0.03213051808869671,8.0,6.0,0.5476030583591543,0.5476030583591543,0.5476030583591543,0.5476030583591543,0.0,0,cqi|cost|switching,cqi|cost|switching,cqi,1,6,-0.004166666666666652,0.0
mid,medium,seed_0004,11,0,0.5559363916924877,1500.0,1.0,2.0,1.0,0.0,0.0,0.0,0.0,13.041666666666666,1.8138165716399095,3.0,6.0,0.5,1.5416666666666667,1.174946065040624,2.0,0.0,0.0,2.375,3.930555555555556,0.443358047208677,0.9259535343481465,0.03702323282592673,8.166666666666666,6.0,0.5559363916924877,0.5559363916924877,0.5559363916924877,0.5559363916924877,0.0,0,cqi|cost|switching,cqi|cost|switching,cqi,1,5,0.0,0.0
mid,medium,seed_0004,12,0,0.5559363916924877,1500.0,1.0,2.0,1.0,0.0,0.0,0.0,0.0,12.666666666666666,1.818118685772619,2.25,6.0,0.375,1.2916666666666667,1.2896480042017213,2.0,0.0,0.0,2.1666666666666665,3.9861111111111107,0.4760871250278504,0.9142944692499001,0.04285276537504995,8.0,6.0,0.5559363916924877,0.5559363916924877,0.5559363916924877,0.5559363916924877,0.0,0,cqi|cost|switching,cqi|cost|switching,cqi,1,5,0.0,0.0
mid,medium,seed_0004,13,0,0.6471841780840183,3000.0,1.0,3.0,1.0,0.20000000000000004,1.0,1.0,0.0,13.291666666666666,1.5132516497779063,2.25,5.0,0.5833333333333334,1.7083333333333333,1.2552017620264975,2.0,0.0,0.0,2.5416666666666665,3.8125,0.20588843167185555,0.8830848332628373,0.05845758336858137,8.0,6.0,0.6471841780840183,0.6471841780840183,0.6471841780840183,0.6471841780840183,0.0,0,cqi|cost|switching,cqi|cost|switching,cqi,1,4,0.0,0.0
mid,medium,seed_0004,14,0,0.6327181706638507,2875.0,0.9583333333333334,3.0,0.9583333333333334,0.0,0.0,0.0,0.08333333333333333,13.083333333333334,1.7300449576688912,2.0,7.0,0.625,1.2916666666666667,1.1698940520597922,3.0,0.0,0.0,1.5416666666666667,3.8958333333333335,0.4830758413732968,0.9210668123948846,0.03946659380255768,16.166666666666668,6.0,0.5523301038586522,0.6327181706638507,0.5523301038586522,0.6327181706638507,0.0,0,cost,cost,cost,2,5,0.0803880668051985,0.0
mid,heavy,seed_0004,0,1,0.1791130664541918,550.0,1.0,1.0,1.0,0.20000000000000004,1.0,1.0,0.0,12.166666666666666,2.3392781412696997,3.25,9.0,0.4166666666666667,1.5833333333333333,1.1006431192625852,0.0,0.0,0.0,4.125,4.354166666666667,1.4800466865759485,0.9765393251269289,0.011730337436535565,12.0,2.0,0.1791130664541918,0.1791130664541918,0.1791130664541918,0.1791130664541918,0.0,0,cqi|cost|switching,cqi|cost|switching,cqi,1,5,0.0,0.0
mid,heavy,seed_0004,1,0,0.2791130664541918,550.0,1.0,1.0,1.0,0.0,0.0,0.0,0.0,12.458333333333334,2.2356797375493853,3.0,9.0,0.4166666666666667,1.9583333333333333,1.2852438303372786,1.0,0.0,0.0,3.25,4.319444444444444,1.638594606347347,0.9100330193774857,0.044983490311257146,12.5,2.0,0.2791130664541918,0.2791130664541918,0.2791130664541918,0.2791130664541918,0.0,0,cqi|cost|switching,cqi|cost|switching,cqi,1,5,0.0,0.0
mid,heavy,seed_0004,2,0,0.2791130664541918,550.0,1.0,1.0,1.0,0.0,0.0,0.0,0.0,12.916666666666666,2.079997329058114,2.25,8.0,0.5416666666666666,1.375,1.2239079404593967,1.0,0.0,0.0,3.375,4.083333333333333,1.0736748938937606,0.9039011886425101,0.04804940567874494,12.0,2.0,0.2791130664541918,0.2791130664541918,0.2791130664541918,0.2791130664541918,0.0,0,cqi|cost|switching,cqi|cost|switching,cqi,1,5,0.0,0.0
mid,heavy,seed_0004,3,0,0.2791130664541918,550.0,1.0,1.0,1.0,0.0,0.0,0.0,0.0,12.791666666666666,2.344837710565251,1.25,8.0,0.5833333333333334,1.625,1.289307183146055,1.0,0.0,0.0,3.375,4.236111111111112,1.2609856765813046,0.8863603779503542,0.05681981102482292,12.0,2.0,0.2791130664541918,0.2791130664541918,0.2791130664541918,0.2791130664541918,0.0,0,cqi|cost|switching,cqi|cost|switching,cqi,1,5,0.0,0.0
mid,heavy,seed_0004,4,0,0.20013117760956856,477.0833333333333,1.0,0.7916666666666666,0.9184706459296623,0.041666666666666664,0.20833333333333334,0.20833333333333334,0.3442028985507246,12.708333333333334,2.653286745822162,2.25,10.0,0.4583333333333333,1.5833333333333333,1.2478884003070987,1.0,0.0,0.0,3.2083333333333335,4.486111111111112,2.088835327327494,0.8871793536338716,0.056410323183064215,13.0,2.0,0.20013117760956856,-0.005776066852582103,0.20013117760956856,0.20013117760956856,0.0,0,cqi|switching,cqi|switching,cqi,2,5,0.0,0.0
mid,heavy,seed_0004,5,0,0.25827973312085845,550.0,1.0,1.0,1.0,0.041666666666666664,0.20833333333333334,0.20833333333333334,0.3442028985507246,12.708333333333334,2.4576270171764376,3.5,8.0,0.5,1.75,1.2680632634425155,0.7916666666666666,0.40611643103370687,1.0,3.4166666666666665,4.298611111111111,1.4190985390663493,0.9194813537538401,0.04025932312307995,12.5,2.0,0.25827973312085845,0.25827973312085845,0.25827973312085845,0.25827973312085845,0.0,0,cqi|cost|switching,cqi|cost|switching,cqi,1,7,0.0,0.0
mid,heavy,seed_0004,6,0,0.2791130664541918,550.0,1.0,1.0,1.0,0.0,0.0,0.0,0.0,12.541666666666666,2.0408161493764094,2.25,8.0,0.4166666666666667,1.5,1.3245859244022335,1.0,0.0,0.0,3.2083333333333335,4.208333333333333,1.378782675647858,0.9107191464117304,0.044640426794134824,12.5,2.0,0.2791130664541918,0.2791130664541918,0.2791130664541918,0.2791130664541918,0.0,0,cqi|cost|switching,cqi|cost|switching,cqi,1,5,0.0,0.0
mid,heavy,seed_0004,7,0,0.2791130664541918,550.0,1.0,1.0,1.0,0.0,0.0,0.0,0.0,12.416666666666666,2.43099202430247,2.0,9.0,0.4583333333333333,1.5416666666666667,1.435617498217688,1.0,0.0,0.0,3.1666666666666665,4.506944444444444,1.9775822117729993,0.8929799732254665,0.05351001338726674,12.5,2.0,0.2791130664541918,0.2791130664541918,0.2791130664541918,0.2791130664541918,0.0,0,cqi|cost|switching,cqi|cost|switching,cqi,1,5,0.0,0.0
mid,heavy,seed_0004,8,0,0.2159275553784932,491.6666666666667,1.0,0.8333333333333334,0.9342458400429415,0.03333333333333333,0.16666666666666666,0.16666666666666666,0.2898550724637681,12.208333333333334,2.597742075127723,2.0,11.0,0.2916666666666667,1.4583333333333333,1.4012971574354385,1.0,0.0,0.0,3.0,4.652777777777778,2.50181261449068,0.9244904523505716,0.037754773824714205,13.5,2.0,0.2159275553784932,0.08918697758300924,0.2159275553784932,0.2159275553784932,0.0,0,cqi|switching,cqi|switching,cqi,2,5,0.0,0.0
mid,heavy,seed_0004,9,0,0.2549833553519339,535.4166666666666,1.0,0.9583333333333334,0.9832231749434321,0.025000000000000005,0.125,0.125,0.22826086956521738,12.541666666666666,2.362540417055806,3.0,11.0,0.4166666666666667,1.25,1.3295462402323777,0.8333333333333334,0.37267799624996495,1.0,3.4166666666666665,4.298611111111111,2.0705044824217103,0.9339919406810352,0.0330040296594824,12.0,2.0,0.17165002201860044,0.2549833553519339,0.2325942220451599,0.2549833553519339,0.0,0,cost,cost,cost,2,6,0.08333333333333345,0.0
mid,heavy,seed_0004,10,0,0.2749463997875252,550.0,1.0,1.0,1.0,0.008333333333333333,0.041666666666666664,0.041666666666666664,0.15942028985507245,12.416666666666666,2.0190069065976193,3.0,7.0,0.4583333333333333,1.5416666666666667,1.142266663772479,0.9583333333333334,0.19982631347136331,1.0,3.2916666666666665,4.041666666666667,0.5595343632912135,0.9357389638226066,0.03213051808869671,12.0,2.0,0.27494639978752516,0.2749463997875252,0.27494639978752516,0.2749463997875252,0.0,0,cqi|cost|switching,cost,cost,2,6,5.551115123125783e-17,0.0
mid,heavy,seed_0004,11,0,0.2791130664541918,550.0,1.0,1.0,1.0,0.0,0.0,0.0,0.08333333333333333,13.041666666666666,1.8138165716399095,3.0,6.0,0.5,1.5416666666666667,1.174946065040624,1.0,0.0,0.0,3.375,3.930555555555556,0.443358047208677,0.9259535343481465,0.03702323282592673,12.0,2.0,0.2791130664541918,0.2791130664541918,0.2791130664541918,0.2791130664541918,0.0,0,cqi|cost|switching,cqi|cost|switching,cqi,1,5,0.0,0.0
mid,heavy,seed_0004,12,0,0.2791130664541918,550.0,1.0,1.0,1.0,0.0,0.0,0.0,0.0,12.666666666666666,1.818118685772619,2.25,6.0,0.375,1.2916666666666667,1.2896480042017213,1.0,0.0,0.0,3.1666666666666665,3.9861111111111107,0.4760871250278504,0.9142944692499001,0.04285276537504995,12.0,2.0,0.2791130664541918,0.2791130664541918,0.2791130664541918,0.2791130664541918,0.0,0,cqi|cost|switching,cqi|cost|switching,cqi,1,5,0.0,0.0
mid,heavy,seed_0004,13,0,0.2791130664541918,550.0,1.0,1.0,1.0,0.0,0.0,0.0,0.0,13.291666666666666,1.5132516497779063,2.25,5.0,0.5833333333333334,1.7083333333333333,1.2552017620264975,1.0,0.0,0.0,3.5416666666666665,3.8125,0.20588843167185555,0.8830848332628373,0.05845758336858137,12.0,2.0,0.2791130664541918,0.2791130664541918,0.2791130664541918,0.2791130664541918,0.0,0,cqi|cost|switching,cqi|cost|switching,cqi,1,4,0.0,0.0
mid,heavy,seed_0004,14,0,0.2791130664541919,550.0,1.0,1.0,1.0,0.0,0.0,0.0,0.08333333333333333,13.083333333333334,1.7300449576688912,2.0,7.0,0.625,1.2916666666666667,1.1698940520597922,1.0,0.0,0.0,3.5416666666666665,3.8958333333333335,0.4830758413732968,0.9210668123948846,0.03946659380255768,12.0,2.0,0.2791130664541918,0.2791130664541919,0.2791130664541918,0.2791130664541919,0.0,0,cqi|cost|switching,cost,cost,2,5,1.1102230246251565e-16,0.0
mid,light,seed_0005,0,1,0.44941468956291275,4108.333333333333,1.0,3.1666666666666665,0.7775751584429877,0.6333333333333334,1.0,3.1666666666666665,0.0,12.666666666666666,2.1147629234082532,2.0,8.0,0.4166666666666667,1.1666666666666667,0.9676590117330583,0.0,0.0,0.0,4.25,4.055555555555555,0.8031573497111645,0.853973758293698,0.07301312085315098,2.0,12.0,0.4471841780840183,0.44941468956291275,0.4471841780840183,0.44941468956291275,0.0,0,cost,cost,cost,3,5,0.00223051147889447,0.0
mid,light,seed_0005,1,0,0.5720289426545667,2312.5,1.0,2.5416666666666665,0.9054232804232805,0.17500000000000004,0.75,0.875,0.32608695652173914,11.75,2.802528620133373,5.0,9.0,0.4166666666666667,1.8333333333333333,1.1840368824448821,3.1666666666666665,1.1055415967851332,3.0,1.1666666666666667,4.743055555555556,1.9286936465127804,0.9333326959052646,0.03333365204736771,10.75,12.0,0.5436774659354029,0.5441723261457139,0.5720289426545667,0.5441723261457139,0.02785661650885285,1,switching,switching,switching,2,7,0.019698838795914497,0.02785661650885285
mid,light,seed_0005,2,0,0.6818478817661088,2897.9166666666665,1.0,2.9166666666666665,0.9722511989323172,0.09166666666666667,0.4583333333333333,0.4583333333333333,0.5072463768115942,12.5,2.598076211353316,3.25,10.0,0.4583333333333333,2.1666666666666665,1.3970511860475596,2.5416666666666665,0.49826086429589156,1.0,1.6666666666666667,4.388888888888889,1.7649275157361193,0.879385544807734,0.060307227596132995,6.5,12.0,0.6580702403864884,0.6818478817661088,0.6595289426545666,0.6818478817661088,0.0,0,cost,cost,cost,2,7,0.04461097471295372,-0.004166666666666541
mid,light,seed_0005,3,0,0.7110145484327753,2897.9166666666665,1.0,2.9166666666666665,0.9722511989323172,0.03333333333333333,0.08333333333333333,0.16666666666666666,0.15942028985507245,13.041666666666666,2.207547029824934,1.5,10.0,0.5416666666666666,1.7916666666666667,1.4979631582105515,2.9166666666666665,0.39965262694272663,2.0,1.5833333333333333,4.173611111111111,1.7496554996009788,0.8450181724462673,0.07749091377686634,8.5,12.0,0.7042953320069737,0.7110145484327753,0.6275056594790471,0.7110145484327753,0.0,0,cost,cost,cost,2,7,0.010885883092468296,0.0
mid,light,seed_0005,4,0,0.7229135292180572,2875.0,1.0,2.9166666666666665,0.9796296296296296,0.016666666666666666,0.08333333333333333,0.08333333333333333,0.08333333333333333,12.333333333333334,2.3033791601808757,2.25,9.0,0.3333333333333333,1.4583333333333333,1.514284446356039,2.9166666666666665,0.39965262694272663,2.0,1.25,4.4375,1.86265224334271,0.8973492033492544,0.051325398325372806,8.25,12.0,0.6986428803520964,0.7229135292180572,0.7229135292180572,0.7229135292180572,0.0,0,cost|switching,cost|switching,cost,2,6,0.07825561151351423,0.0
mid,light,seed_0005,5,0,0.7388508447506849,3000.0,1.0,3.0,1.0,0.016666666666666666,0.08333333333333333,0.08333333333333333,0.15942028985507245,12.666666666666666,1.9930434571835665,2.0,8.0,0.4166666666666667,1.3333333333333333,1.433921642742143,2.9166666666666665,0.2763853991962833,1.0,1.4166666666666667,4.097222222222222,1.0583843673901285,0.8983135263547047,0.05084323682264763,7.916666666666667,12.0,0.7388508447506849,0.7388508447506849,0.7388508447506849,0.7388508447506849,0.0,0,cqi|cost|switching,cqi|cost|switching,cqi,1,6,0.11666666666666647,0.0
mid,light,seed_0005,6,0,0.7471841780840182,3000.0,1.0,3.0,1.0,0.0,0.0,0.0,0.0,13.0,1.707825127659933,2.0,7.0,0.5416666666666666,1.5,1.2875873264657065,3.0,0.0,0.0,1.4583333333333333,3.881944444444444,0.34520245893434914,0.8687128152018949,0.06564359239905254,8.0,12.0,0.7471841780840182,0.7471841780840182,0.7471841780840182,0.7471841780840182,0.0,0,cqi|cost|switching,cqi|cost|switching,cqi,1,5,0.0,0.0
mid,light,seed_0005,7,0,0.7824353966555506,5262.5,1.0,3.75,0.9319448534051235,0.20000000000000004,1.0,1.0,0.22826086956521738,13.708333333333334,1.3686723088047368,0.5,6.0,0.75,1.2083333333333333,1.2060998864406745,3.0,0.0,0.0,1.7083333333333333,3.7708333333333335,0.2086802666849545,0.7292005373254241,0.13539973133728794,8.0,12.0,0.7824353966555506,0.7513402533257351,0.7824353966555506,0.7824353966555506,0.0,0,cqi|switching,cqi|switching,cqi,2,5,0.0,0.0
mid,light,seed_0005,8,0,0.6471841780840183,3000.0,1.0,3.0,1.0,0.20000000000000004,1.0,1.0,0.22826086956521738,12.416666666666666,1.8689717910004835,2.25,7.0,0.375,1.4583333333333333,1.308075048275244,3.75,0.6614378277661477,2.0,0.7083333333333334,4.111111111111111,0.7617394000445605,0.9561241997740879,0.021937900112956044,12.833333333333334,12.0,0.6471841780840183,0.6471841780840183,0.6471841780840183,0.6471841780840183,0.0,0,cqi|cost|switching,cqi|cost|switching,cqi,1,7,0.0,0.0
mid,light,seed_0005,9,0,0.7471841780840182,3000.0,1.0,3.0,1.0,0.0,0.0,0.0,0.0,12.791666666666666,1.9144008346100236,2.0,8.0,0.5,1.2916666666666667,1.10701977512505,3.0,0.0,0.0,1.4166666666666667,4.125,1.081462059059487,0.9063032787891716,0.0468483606054142,8.333333333333334,12.0,0.7471841780840182,0.7471841780840182,0.7471841780840182,0.7471841780840182,0.0,0,cqi|cost|switching,cqi|cost|switching,cqi,1,5,0.0,0.0
mid,light,seed_0005,10,0,0.7193478817661086,2897.9166666666665,1.0,2.9166666666666665,0.9722511989323172,0.016666666666666666,0.041666666666666664,0.08333333333333333,0.08333333333333333,12.541666666666666,2.3975537301359666,2.25,10.0,0.4583333333333333,1.25,1.1139153810683209,3.0,0.0,0.0,1.2916666666666667,4.1875,1.649433474571508,0.8745012319702431,0.06274938401487845,8.666666666666666,12.0,0.6743722314861356,0.7193478817661086,0.6743722314861356,0.7193478817661086,0.0,0,cost,cost,cost,2,5,0.04497565027997308,0.0
mid,light,seed_0005,11,0,0.7388508447506849,3000.0,1.0,3.0,1.0,0.016666666666666666,0.041666666666666664,0.08333333333333333,0.08333333333333333,12.666666666666666,1.6244657241348273,2.25,7.0,0.3333333333333333,1.625,1.1327855236082285,2.9166666666666665,0.39965262694272663,2.0,1.375,3.9791666666666665,0.6584783595532961,0.9257775055418205,0.03711124722908976,7.75,12.0,0.7388508447506849,0.7388508447506849,0.7388508447506849,0.7388508447506849,0.0,0,cqi|cost|switching,cqi|cost|switching,cqi,1,5,0.016666666666666607,0.0
mid,light,seed_0005,12,0,0.7471841780840182,3000.0,1.0,3.0,1.0,0.0,0.0,0.0,0.0,13.25,1.506928443335427,1.0,5.0,0.5,1.5,1.149443005894495,3.0,0.0,0.0,1.375,3.8680555555555554,0.39668524310688125,0.8112916421736235,0.09435417891318826,8.083333333333334,12.0,0.7471841780840182,0.7471841780840182,0.7471841780840182,0.7471841780840182,0.0,0,cqi|cost|switching,cqi|cost|switching,cqi,1,5,0.0,0.0
mid,light,seed_0005,13,0,0.7471841780840182,3000.0,1.0,3.0,1.0,0.0,0.0,0.0,0.0,13.083333333333334,2.079997329058114,1.5,9.0,0.5416666666666666,1.4166666666666667,1.1819866736561264,3.0,0.0,0.0,1.4583333333333333,4.111111111111112,1.4261664058881598,0.8522838098909088,0.0738580950545456,8.416666666666666,12.0,0.7471841780840182,0.7471841780840182,0.7471841780840182,0.7471841780840182,0.0,0,cqi|cost|switching,cqi|cost|switching,cqi,1,6,0.0,0.0
mid,light,seed_0005,14,0,0.7229135292180572,2875.0,1.0,2.9166666666666665,0.9796296296296296,0.016666666666666666,0.08333333333333333,0.08333333333333333,0.15942028985507245,12.291666666666666,2.0912350152216006,2.25,9.0,0.2916666666666667,1.5416666666666667,1.3430872871269433,3.0,0.0,0.0,1.2083333333333333,4.333333333333333,1.638653467083625,0.929217104778821,0.03539144761058949,8.833333333333334,12.0,0.7107782047850768,0.7229135292180572,0.7107782047850768,0.7229135292180572,0.0,0,cost,cost,cost,2,5,0.012135324432980377,0.0
mid,medium,seed_0005,0,1,0.35782714087407613,2183.3333333333335,1.0,2.3333333333333335,0.7813595592587533,0.4666666666666666,1.0,2.3333333333333335,0.0,12.666666666666666,2.1147629234082532,2.0,8.0,0.4166666666666667,1.1666666666666667,0.9676590117330583,0.0,0.0,0.0,4.25,4.055555555555555,0.8031573497111645,0.853973758293698,0.07301312085315098,4.0,6.0,0.35782714087407613,0.35593639169248764,0.35782714087407613,0.35782714087407613,0.0,0,cqi|switching,cqi|switching,cqi,2,5,0.0,0.0
mid,medium,seed_0005,1,0,0.4181325041527717,1341.6666666666667,1.0,1.8333333333333333,0.9348986510856236,0.18333333333333335,0.875,0.9166666666666666,0.391304347826087,11.75,2.802528620133373,5.0,9.0,0.4166666666666667,1.8333333333333333,1.1840368824448821,2.3333333333333335,0.9428090415820634,2.0,1.75,4.743055555555556,1.9286936465127804,0.9333326959052646,0.03333365204736771,12.666666666666666,6.0,0.4147894520560121,0.4181325041527717,0.3969952832797224,0.4181325041527717,0.0,0,cost,cost,cost,2,7,0.0033430520967596133,0.0
mid,medium,seed_0005,2,0,0.5235687531408919,1460.4166666666667,1.0,1.9583333333333333,0.9833841634247474,0.041666666666666664,0.20833333333333334,0.20833333333333334,0.3442028985507246,12.5,2.598076211353316,3.25,10.0,0.4583333333333333,2.1666666666666665,1.3970511860475596,1.8333333333333333,0.3726779962499649,1.0,2.375,4.388888888888889,1.7649275157361193,0.879385544807734,0.060307227596132995,8.0,6.0,0.4376962551646513,0.5235687531408919,0.4155933395098643,0.5235687531408919,0.0,0,cost,cost,cost,2,7,0.05681329366471227,0.0
mid,medium,seed_0005,3,0,0.5202723753719674,1445.8333333333333,1.0,1.9166666666666667,0.9687278753942202,0.025000000000000005,0.08333333333333333,0.125,0.35507246376811596,13.041666666666666,2.207547029824934,1.5,10.0,0.5416666666666666,1.7916666666666667,1.4979631582105515,1.9583333333333333,0.19982631347136331,1.0,2.4583333333333335,4.173611111111111,1.7496554996009788,0.8450181724462673,0.07749091377686634,8.5,6.0,0.5202723753719674,0.5202723753719672,0.4257803264104063,0.5202723753719674,0.0,0,cqi|cost,cqi,cqi,3,7,-0.014930980369002977,0.0
mid,medium,seed_0005,4,0,0.5245344479226296,1420.8333333333333,1.0,1.9166666666666667,0.966977680204903,0.016666666666666666,0.08333333333333333,0.08333333333333333,0.37318840579710144,12.333333333333334,2.3033791601808757,2.25,9.0,0.3333333333333333,1.4583333333333333,1.514284446356039,1.9166666666666667,0.39965262694272663,2.0,2.1666666666666665,4.4375,1.86265224334271,0.8973492033492544,0.051325398325372806,8.166666666666666,6.0,0.49313250415277166,0.5245344479226296,0.5245344479226296,0.5245344479226296,0.0,0,cost|switching,cost|switching,cost,2,6,0.05443273667323695,0.0
mid,medium,seed_0005,5,0,0.5476030583591543,1500.0,1.0,2.0,1.0,0.016666666666666666,0.08333333333333333,0.08333333333333333,0.15942028985507245,12.666666666666666,1.9930434571835665,2.0,8.0,0.4166666666666667,1.3333333333333333,1.433921642742143,1.9166666666666667,0.2763853991962833,1.0,2.3333333333333335,4.097222222222222,1.0583843673901285,0.8983135263547047,0.05084323682264763,7.833333333333333,6.0,0.5476030583591543,0.5476030583591543,0.5476030583591543,0.5476030583591543,0.0,0,cqi|cost|switching,cqi|cost|switching,cqi,1,6,0.10416666666666669,0.0
mid,medium,seed_0005,6,0,0.5559363916924877,1500.0,1.0,2.0,1.0,0.0,0.0,0.0,0.0,13.0,1.707825127659933,2.0,7.0,0.5416666666666666,1.5,1.2875873264657065,2.0,0.0,0.0,2.4583333333333335,3.881944444444444,0.34520245893434914,0.8687128152018949,0.06564359239905254,8.0,6.0,0.5559363916924877,0.5559363916924877,0.5559363916924877,0.5559363916924877,0.0,0,cqi|cost|switching,cqi|cost|switching,cqi,1,5,0.0,0.0
mid,medium,seed_0005,7,0,0.6471841780840183,3000.0,1.0,3.0,1.0,0.20000000000000004,1.0,1.0,0.0,13.708333333333334,1.3686723088047368,0.5,6.0,0.75,1.2083333333333333,1.2060998864406745,2.0,0.0,0.0,2.7083333333333335,3.7708333333333335,0.2086802666849545,0.7292005373254241,0.13539973133728794,8.0,6.0,0.6471841780840183,0.6471841780840183,0.6471841780840183,0.6471841780840183,0.0,0,cqi|cost|switching,cqi|cost|switching,cqi,1,5,0.0,0.0
mid,medium,seed_0005,8,0,0.4559363916924877,1500.0,1.0,2.0,1.0,0.20000000000000004,1.0,1.0,0.0,12.416666666666666,1.8689717910004835,2.25,7.0,0.375,1.4583333333333333,1.308075048275244,3.0,0.0,0.0,1.2083333333333333,4.111111111111111,0.7617394000445605,0.9561241997740879,0.021937900112956044,16.5,6.0,0.4559363916924877,0.4559363916924877,0.4559363916924877,0.4559363916924877,0.0,0,cqi|cost|switching,cqi|cost|switching,cqi,1,5,0.0,0.0
mid,medium,seed_0005,9,0,0.5559363916924877,1500.0,1.0,2.0,1.0,0.0,0.0,0.0,0.0,12.791666666666666,1.9144008346100236,2.0,8.0,0.5,1.2916666666666667,1.10701977512505,2.0,0.0,0.0,2.3333333333333335,4.125,1.081462059059487,0.9063032787891716,0.0468483606054142,8.333333333333334,6.0,0.5559363916924877,0.5559363916924877,0.5559363916924877,0.5559363916924877,0.0,0,cqi|cost|switching,cqi|cost|switching,cqi,1,5,0.0,0.0
mid,medium,seed_0005,10,0,0.5559363916924877,1500.0,1.0,2.0,1.0,0.0,0.0,0.0,0.0,12.541666666666666,2.3975537301359666,2.25,10.0,0.4583333333333333,1.25,1.1139153810683209,2.0,0.0,0.0,2.2083333333333335,4.1875,1.649433474571508,0.8745012319702431,0.06274938401487845,8.5,6.0,0.5559363916924877,0.5559363916924877,0.5559363916924877,0.5559363916924877,0.0,0,cqi|cost|switching,cqi|cost|switching,cqi,1,5,0.0,0.0
mid,medium,seed_0005,11,0,0.5559363916924877,1500.0,1.0,2.0,1.0,0.0,0.0,0.0,0.0,12.666666666666666,1.6244657241348273,2.25,7.0,0.3333333333333333,1.625,1.1327855236082285,2.0,0.0,0.0,2.2916666666666665,3.9791666666666665,0.6584783595532961,0.9257775055418205,0.03711124722908976,8.166666666666666,6.0,0.5559363916924877,0.5559363916924877,0.5559363916924877,0.5559363916924877,0.0,0,cqi|cost|switching,cqi|cost|switching,cqi,1,5,0.0,0.0
mid,medium,seed_0005,12,0,0.5559363916924877,1500.0,1.0,2.0,1.0,0.0,0.0,0.0,0.0,13.25,1.506928443335427,1.0,5.0,0.5,1.5,1.149443005894495,2.0,0.0,0.0,2.375,3.8680555555555554,0.39668524310688125,0.8112916421736235,0.09435417891318826,8.166666666666666,6.0,0.5559363916924877,0.5559363916924877,0.5559363916924877,0.5559363916924877,0.0,0,cqi|cost|switching,cqi|cost|switching,cqi,1,5,0.0,0.0
mid,medium,seed_0005,13,0,0.5559363916924877,1500.0,1.0,2.0,1.0,0.0,0.0,0.0,0.0,13.083333333333334,2.079997329058114,1.5,9.0,0.5416666666666666,1.4166666666666667,1.1819866736561264,2.0,0.0,0.0,2.375,4.111111111111112,1.4261664058881598,0.8522838098909088,0.0738580950545456,8.333333333333334,6.0,0.5559363916924877,0.5559363916924877,0.5559363916924877,0.5559363916924877,0.0,0,cqi|cost|switching,cqi|cost|switching,cqi,1,6,0.0,0.0
mid,medium,seed_0005,14,0,0.5245344479226296,1420.8333333333333,1.0,1.9166666666666667,0.966977680204903,0.016666666666666666,0.08333333333333333,0.08333333333333333,0.15942028985507245,12.291666666666666,2.0912350152216006,2.25,9.0,0.2916666666666667,1.5416666666666667,1.3430872871269433,2.0,0.0,0.0,2.125,4.333333333333333,1.638653467083625,0.929217104778821,0.03539144761058949,8.5,6.0,0.5088334760377006,0.5245344479226296,0.5088334760377006,0.5245344479226296,0.0,0,cost,cost,cost,2,5,0.015700971884929027,0.0
mid,heavy,seed_0005,0,1,0.17911306645419187,550.0,1.0,1.0,1.0,0.20000000000000004,1.0,1.0,0.0,12.666666666666666,2.1147629234082532,2.0,8.0,0.4166666666666667,1.1666666666666667,0.9676590117330583,0.0,0.0,0.0,4.25,4.055555555555555,0.8031573497111645,0.853973758293698,0.07301312085315098,12.0,2.0,0.1791130664541918,0.17911306645419187,0.1791130664541918,0.17911306645419187,0.0,0,cqi|cost|switching,cost,cost,2,5,5.551115123125783e-17,0.0
mid,heavy,seed_0005,1,0,0.2791130664541918,550.0,1.0,1.0,1.0,0.0,0.0,0.0,0.15942028985507245,11.75,2.802528620133373,5.0,9.0,0.4166666666666667,1.8333333333333333,1.1840368824448821,1.0,0.0,0.0,3.0,4.743055555555556,1.9286936465127804,0.9333326959052646,0.03333365204736771,12.5,2.0,0.2791130664541918,0.2791130664541918,0.2791130664541918,0.2791130664541918,0.0,0,cqi|cost|switching,cqi|cost|switching,cqi,1,5,0.0,0.0
mid,heavy,seed_0005,2,0,0.18415002201860056,527.0833333333334,0.9583333333333334,1.0,0.9583333333333334,0.0,0.0,0.0,0.08333333333333333,12.5,2.598076211353316,3.25,10.0,0.4583333333333333,2.1666666666666665,1.3970511860475596,1.0,0.0,0.0,3.2083333333333335,4.388888888888889,1.7649275157361193,0.879385544807734,0.060307227596132995,12.5,2.0,0.1685384220717192,0.18415002201860056,0.1685384220717192,0.18415002201860056,0.0,0,cost,cost,cost,2,5,0.015611599946881355,0.0
mid,heavy,seed_0005,3,0,0.26331668868526725,535.4166666666666,1.0,0.9583333333333334,0.9832231749434321,0.008333333333333333,0.041666666666666664,0.041666666666666664,0.15942028985507245,13.041666666666666,2.207547029824934,1.5,10.0,0.5416666666666666,1.7916666666666667,1.4979631582105515,1.0,0.0,0.0,3.4166666666666665,4.173611111111111,1.7496554996009788,0.8450181724462673,0.07749091377686634,13.0,2.0,0.1843347998406439,0.26331668868526725,0.1843347998406439,0.26331668868526725,0.0,0,cost,cost,cost,2,5,0.08314855551129,0.0
mid,heavy,seed_0005,4,0,0.25168697758300923,520.8333333333334,1.0,0.9166666666666666,0.96665429349171,0.008333333333333333,0.041666666666666664,0.041666666666666664,0.08333333333333333,12.333333333333334,2.3033791601808757,2.25,9.0,0.3333333333333333,1.4583333333333333,1.514284446356039,0.9583333333333334,0.19982631347136331,1.0,3.125,4.4375,1.86265224334271,0.8973492033492544,0.051325398325372806,12.5,2.0,0.2200942220451599,0.25168697758300923,0.25168697758300923,0.25168697758300923,0.0,0,cost|switching,cost|switching,cost,2,6,0.04409275553784936,0.0
mid,heavy,seed_0005,5,0,0.2707797331208585,550.0,1.0,1.0,1.0,0.016666666666666666,0.08333333333333333,0.08333333333333333,0.15942028985507245,12.666666666666666,1.9930434571835665,2.0,8.0,0.4166666666666667,1.3333333333333333,1.433921642742143,0.9166666666666666,0.2763853991962833,1.0,3.3333333333333335,4.097222222222222,1.0583843673901285,0.8983135263547047,0.05084323682264763,12.0,2.0,0.2707797331208585,0.2707797331208585,0.2707797331208585,0.2707797331208585,0.0,0,cqi|cost|switching,cqi|cost|switching,cqi,1,6,0.00833333333333336,0.0
mid,heavy,seed_0005,6,0,0.2791130664541918,550.0,1.0,1.0,1.0,0.0,0.0,0.0,0.0,13.0,1.707825127659933,2.0,7.0,0.5416666666666666,1.5,1.2875873264657065,1.0,0.0,0.0,3.4583333333333335,3.881944444444444,0.34520245893434914,0.8687128152018949,0.06564359239905254,12.0,2.0,0.2791130664541918,0.2791130664541918,0.2791130664541918,0.2791130664541918,0.0,0,cqi|cost|switching,cqi|cost|switching,cqi,1,5,0.0,0.0
mid,heavy,seed_0005,7,0,0.27911306645419187,550.0,1.0,1.0,1.0,0.0,0.0,0.0,0.22826086956521738,13.708333333333334,1.3686723088047368,0.5,6.0,0.75,1.2083333333333333,1.2060998864406745,1.0,0.0,0.0,3.7083333333333335,3.7708333333333335,0.2086802666849545,0.7292005373254241,0.13539973133728794,12.0,2.0,0.27911306645419187,0.27911306645419187,0.27911306645419187,0.27911306645419187,0.0,0,cqi|cost|switching,cqi|switching,cqi,2,5,0.0,0.0
mid,heavy,seed_0005,8,0,0.2791130664541918,550.0,1.0,1.0,1.0,0.0,0.0,0.0,0.22826086956521738,12.416666666666666,1.8689717910004835,2.25,7.0,0.375,1.4583333333333333,1.308075048275244,1.0,0.0,0.0,3.2083333333333335,4.111111111111111,0.7617394000445605,0.9561241997740879,0.021937900112956044,12.0,2.0,0.2791130664541918,0.2791130664541918,0.2791130664541918,0.2791130664541918,0.0,0,cqi|cost|switching,cqi|cost|switching,cqi,1,5,0.0,0.0
mid,heavy,seed_0005,9,0,0.2791130664541918,550.0,1.0,1.0,1.0,0.0,0.0,0.0,0.0,12.791666666666666,1.9144008346100236,2.0,8.0,0.5,1.2916666666666667,1.10701977512505,1.0,0.0,0.0,3.3333333333333335,4.125,1.081462059059487,0.9063032787891716,0.0468483606054142,12.0,2.0,0.2791130664541918,0.2791130664541918,0.2791130664541918,0.2791130664541918,0.0,0,cqi|cost|switching,cqi|cost|switching,cqi,1,5,0.0,0.0
mid,heavy,seed_0005,10,0,0.2791130664541918,550.0,1.0,1.0,1.0,0.0,0.0,0.0,0.0,12.541666666666666,2.3975537301359666,2.25,10.0,0.4583333333333333,1.25,1.1139153810683209,1.0,0.0,0.0,3.2083333333333335,4.1875,1.649433474571508,0.8745012319702431,0.06274938401487845,12.5,2.0,0.2791130664541918,0.2791130664541918,0.2791130664541918,0.2791130664541918,0.0,0,cqi|cost|switching,cqi|cost|switching,cqi,1,5,0.0,0.0
mid,heavy,seed_0005,11,0,0.2791130664541918,550.0,1.0,1.0,1.0,0.0,0.0,0.0,0.0,12.666666666666666,1.6244657241348273,2.25,7.0,0.3333333333333333,1.625,1.1327855236082285,1.0,0.0,0.0,3.2916666666666665,3.9791666666666665,0.6584783595532961,0.9257775055418205,0.03711124722908976,12.0,2.0,0.2791130664541918,0.2791130664541918,0.2791130664541918,0.2791130664541918,0.0,0,cqi|cost|switching,cqi|cost|switching,cqi,1,5,0.0,0.0
mid,heavy,seed_0005,12,0,0.27911306645419187,550.0,1.0,1.0,1.0,0.0,0.0,0.0,0.22826086956521738,13.25,1.506928443335427,1.0,5.0,0.5,1.5,1.149443005894495,1.0,0.0,0.0,3.375,3.8680555555555554,0.39668524310688125,0.8112916421736235,0.09435417891318826,12.0,2.0,0.27911306645419187,0.27911306645419187,0.27911306645419187,0.27911306645419187,0.0,0,cqi|cost|switching,cqi|switching,cqi,2,5,0.0,0.0
mid,heavy,seed_0005,13,0,0.2791130664541918,550.0,1.0,1.0,1.0,0.0,0.0,0.0,0.22826086956521738,13.083333333333334,2.079997329058114,1.5,9.0,0.5416666666666666,1.4166666666666667,1.1819866736561264,1.0,0.0,0.0,3.375,4.111111111111112,1.4261664058881598,0.8522838098909088,0.0738580950545456,12.5,2.0,0.2791130664541918,0.2791130664541918,0.2791130664541918,0.2791130664541918,0.0,0,cqi|cost|switching,cqi|cost|switching,cqi,1,6,0.0,0.0
mid,heavy,seed_0005,14,0,0.24752031091634255,520.8333333333334,1.0,0.9166666666666666,0.96665429349171,0.016666666666666666,0.08333333333333333,0.08333333333333333,0.15942028985507245,12.291666666666666,2.0912350152216006,2.25,9.0,0.2916666666666667,1.5416666666666667,1.3430872871269433,1.0,0.0,0.0,3.125,4.333333333333333,1.638653467083625,0.929217104778821,0.03539144761058949,12.5,2.0,0.2317239331474179,0.24752031091634255,0.2317239331474179,0.24752031091634255,0.0,0,cost,cost,cost,2,5,0.015796377768924647,0.0
mid,light,seed_0006,0,1,0.47075060411759345,4925.0,1.0,3.5,0.8636889660390795,0.7000000000000002,1.0,3.5,0.0,12.625,1.9107699146330168,1.25,9.0,0.3333333333333333,1.5833333333333333,1.0689117476301488,0.0,0.0,0.0,4.208333333333333,4.194444444444444,1.651785416368723,0.8663660765707254,0.0668169617146373,2.0,12.0,0.47075060411759345,0.44338218698437126,0.47075060411759345,0.47075060411759345,0.0,0,cqi|switching,cqi|switching,cqi,2,5,0.0,0.0
mid,light,seed_0006,1,0,0.7415868503512534,4487.5,1.0,3.25,0.795777865593124,0.049999999999999996,0.08333333333333333,0.25,0.15942028985507245,12.458333333333334,2.272648357215774,2.25,8.0,0.4166666666666667,1.4166666666666667,1.2040930813984732,3.5,1.118033988749895,3.0,0.75,4.368055555555556,1.464059525159369,0.9391783743860082,0.030410812806995924,11.25,12.0,0.7415868503512534,0.6774651741281469,0.6153095470187632,0.7415868503512534,0.0,0,cqi,cqi,cqi,2,6,0.0,0.0
mid,light,seed_0006,2,0,0.6164303290856107,4166.666666666667,1.0,2.8333333333333335,0.7282345264727815,0.08333333333333333,0.2916666666666667,0.4166666666666667,0.08333333333333333,12.291666666666666,2.2817969283488444,2.25,7.0,0.5,1.4166666666666667,1.2093318320232553,3.25,1.299038105676658,3.0,1.1666666666666667,4.451388888888888,1.4668238289112052,0.9929974704421052,0.0035012647789474105,10.833333333333334,12.0,0.6056690589134025,0.5791399173675204,0.6164303290856107,0.6056690589134025,0.010761270172208182,1,switching,switching,switching,2,7,0.010761270172208182,0.010761270172208182
mid,light,seed_0006,3,0,0.6027187411001825,3933.3333333333335,1.0,2.6666666666666665,0.6894434541493365,0.03333333333333333,0.041666666666666664,0.16666666666666666,0.08333333333333333,12.166666666666666,2.576604138956718,3.0,9.0,0.4166666666666667,1.625,1.309895534420434,2.8333333333333335,1.818118685772619,4.0,1.4583333333333333,4.590277777777778,1.9478021604292466,0.9392198479758065,0.030390076012096756,10.583333333333334,12.0,0.5163360298278045,0.5691115381184103,0.6027187411001825,0.5691115381184103,0.03360720298177222,1,switching,switching,switching,2,7,0.015644825516595517,-0.012226130351560949
mid,light,seed_0006,4,0,0.6785784433292529,4545.833333333333,1.0,3.4166666666666665,0.8439841680422489,0.2833333333333334,0.5,1.4166666666666667,0.4891304347826087,13.125,1.5893525935633874,2.0,7.0,0.5,1.9583333333333333,1.3834150362681144,2.6666666666666665,1.8856180831641267,4.0,1.875,3.9027777777777772,0.5609116807307964,0.8292180818444564,0.08539095907777178,9.666666666666666,12.0,0.6785784433292529,0.6736998569981791,0.6588671178980049,0.6785784433292529,0.0,0,cqi,cqi,cqi,2,7,-0.04583333333333328,-0.056105734754765435
mid,light,seed_0006,5,0,0.7061687272344236,4706.25,1.0,3.375,0.8297077484986479,0.17500000000000002,0.4166666666666667,0.875,0.463768115942029,12.208333333333334,2.432063024585415,2.25,10.0,0.375,1.9166666666666667,1.436510570388932,3.4166666666666665,0.9090593428863095,2.0,1.0416666666666667,4.527777777777778,1.957101661534282,0.9163002478710935,0.04184987606445323,12.5,12.0,0.7061687272344236,0.5996085751338341,0.5962995915205276,0.7061687272344236,0.0,0,cqi,cqi,cqi,2,7,0.0,0.019661171315307646
mid,light,seed_0006,6,0,0.7327451099959195,4545.833333333333,1.0,3.4166666666666665,0.8439841680422489,0.17500000000000002,0.4166666666666667,0.875,0.463768115942029,13.041666666666666,1.8814703174792728,2.0,8.0,0.5,2.0,1.3436568017962347,3.375,1.2183492931011204,3.0,1.2916666666666667,4.041666666666667,0.9944871188857247,0.9040960509887489,0.04795197450562555,11.333333333333334,12.0,0.7327451099959195,0.6859489947811749,0.7117612893428915,0.7327451099959195,0.0,0,cqi,cqi,cqi,2,7,0.0,0.006394265245234565
mid,light,seed_0006,7,0,0.7463642049976785,4366.666666666667,1.0,3.3333333333333335,0.8227144158396855,0.11666666666666668,0.2916666666666667,0.5833333333333334,0.4311594202898551,13.0,1.2909944487358056,2.0,5.0,0.5,1.4583333333333333,1.3810318465119185,3.4166666666666665,0.9090593428863095,2.0,1.0416666666666667,3.875,0.30523973577549873,0.9527780159509027,0.023610992024548638,10.333333333333334,12.0,0.7463642049976785,0.7457506041175935,0.7103383068014165,0.7463642049976785,0.0,0,cqi,cqi,cqi,2,7,0.0,-0.0008199730863396315
mid,light,seed_0006,8,0,0.7308166333327707,4187.5,1.0,3.25,0.8018362389254072,0.11666666666666668,0.2916666666666667,0.5833333333333334,0.4311594202898551,12.75,1.7618645426554977,2.25,8.0,0.4583333333333333,1.25,1.3266120826220005,3.3333333333333335,0.9428090415820634,2.0,1.0416666666666667,4.111111111111111,1.2487648218327236,0.9301536851251171,0.034923157437441454,10.25,12.0,0.7308166333327707,0.6912347564496005,0.6471841780840183,0.7308166333327707,0.0,0,cqi,cqi,cqi,2,7,0.0,-0.016367544751247465
mid,light,seed_0006,9,0,0.789149966666104,4187.5,1.0,3.25,0.8018362389254072,0.0,0.0,0.0,0.0,13.375,1.7751173670117326,1.5,7.0,0.7083333333333334,1.4583333333333333,1.3668806895101069,3.25,0.9682458365518543,2.0,1.375,3.9305555555555554,0.7374202195810158,0.8379506808949645,0.08102465955251775,9.333333333333334,12.0,0.777459348327494,0.7403665236648457,0.789149966666104,0.777459348327494,0.01169061833861007,1,switching,switching,switching,2,7,0.01169061833861007,0.04196578858208588
mid,light,seed_0006,10,0,0.6747214900029551,3829.1666666666665,1.0,3.0833333333333335,0.7615738235909422,0.16666666666666666,0.4166666666666667,0.8333333333333334,0.5072463768115942,12.916666666666666,1.9773017529507786,3.0,8.0,0.4166666666666667,1.5416666666666667,1.1547960436275744,3.25,0.9682458365518543,2.0,1.2083333333333333,4.006944444444444,0.7660008683068927,0.9158483368871209,0.04207583155643957,10.083333333333334,12.0,0.6747214900029551,0.6590205181180262,0.6471841780840183,0.6747214900029551,0.0,0,cqi,cqi,cqi,2,7,-0.025000000000000133,-0.07246268808106304
mid,light,seed_0006,11,0,0.7228353939010902,4706.25,1.0,3.375,0.8297077484986479,0.1416666666666667,0.4583333333333333,0.7083333333333334,0.391304347826087,13.0,2.140872096444188,1.25,9.0,0.5833333333333334,1.4166666666666667,1.1359379710072892,3.0833333333333335,0.9965217285917831,2.0,1.2916666666666667,4.131944444444444,1.3608099156543538,0.8768711071271457,0.06156444643642717,8.75,12.0,0.7228353939010902,0.6471841780840183,0.6795499639116436,0.7228353939010902,0.0,0,cqi,cqi,cqi,2,7,0.0,-0.024348784182927963
mid,light,seed_0006,12,0,0.7040868503512533,4487.5,1.0,3.25,0.795777865593124,0.125,0.20833333333333334,0.625,0.3442028985507246,12.708333333333334,2.009957849198723,2.25,7.0,0.5,1.4583333333333333,1.231252714803902,3.375,1.2183492931011204,3.0,1.0833333333333333,4.020833333333333,0.6315627663010049,0.8997912726343154,0.05010436368284232,10.916666666666666,12.0,0.7040868503512533,0.6547004512313381,0.6503832972449769,0.7040868503512533,0.0,0,cqi,cqi,cqi,2,7,0.0,-0.04309732773276487
mid,light,seed_0006,13,0,0.7270049734680833,4268.75,1.0,3.125,0.7619082617955654,0.024999999999999998,0.041666666666666664,0.125,0.08333333333333333,12.75,2.0052015692526606,2.25,7.0,0.4583333333333333,1.2083333333333333,1.2187853557957433,3.25,1.299038105676658,3.0,1.125,3.9930555555555554,0.6113872482183045,0.9222492717071422,0.03887536414642889,10.333333333333334,12.0,0.6913881566696217,0.6756871847846928,0.7270049734680833,0.6913881566696217,0.035616816798461626,1,switching,switching,switching,2,7,0.035616816798461626,-0.02017920461593481
mid,light,seed_0006,14,0,0.7244117766625862,4545.833333333333,1.0,3.4166666666666665,0.8439841680422489,0.19166666666666665,0.4583333333333333,0.9583333333333334,0.463768115942029,13.166666666666666,1.9075871903765995,3.0,7.0,0.5833333333333334,1.5833333333333333,1.2798373469047064,3.125,1.3635890143294642,3.0,1.5833333333333333,3.888888888888888,0.4945692726323571,0.8495761119701241,0.07521194401493797,10.0,12.0,0.7244117766625862,0.7087108047776572,0.7194357283345295,0.7244117766625862,0.0,0,cqi,cqi,cqi,2,7,-0.04583333333333339,-0.022772401421431998
mid,medium,seed_0006,0,1,0.37265348173668195,2533.3333333333335,1.0,2.5,0.8549437537004144,0.5,0.8333333333333334,2.5,0.0,12.625,1.9107699146330168,1.25,9.0,0.3333333333333333,1.5833333333333333,1.0689117476301488,0.0,0.0,0.0,4.208333333333333,4.194444444444444,1.651785416368723,0.8663660765707254,0.0668169617146373,4.0,6.0,0.37265348173668195,0.36153372608972756,0.37265348173668195,0.37265348173668195,0.0,0,cqi|switching,cqi|switching,cqi,2,5,0.0,0.0
mid,medium,seed_0006,1,0,0.5353881335630136,2300.0,1.0,2.25,0.7825443786982249,0.049999999999999996,0.08333333333333333,0.25,0.15942028985507245,12.458333333333334,2.272648357215774,2.25,8.0,0.4166666666666667,1.4166666666666667,1.2040930813984732,2.5,1.118033988749895,3.0,1.6666666666666667,4.368055555555556,1.464059525159369,0.9391783743860082,0.030410812806995924,14.0,6.0,0.5353881335630136,0.4556357038292252,0.439269725025821,0.5353881335630136,0.0,0,cqi,cqi,cqi,2,6,0.0,0.0
mid,medium,seed_0006,2,0,0.5167554594761795,2183.3333333333335,1.0,2.125,0.7463900487125957,0.024999999999999998,0.041666666666666664,0.125,0.08333333333333333,12.291666666666666,2.2817969283488444,2.25,7.0,0.5,1.4166666666666667,1.2093318320232553,2.25,1.299038105676658,3.0,2.0833333333333335,4.451388888888888,1.4668238289112052,0.9929974704421052,0.0035012647789474105,13.5,6.0,0.38576486560117607,0.40050014270436735,0.5167554594761795,0.40050014270436735,0.11625531677181217,1,switching,switching,switching,2,7,0.13099059387500345,0.11625531677181217
mid,medium,seed_0006,3,0,0.4856227853893455,2066.6666666666665,1.0,2.0,0.7102734663710274,0.024999999999999998,0.041666666666666664,0.125,0.08333333333333333,12.166666666666666,2.576604138956718,3.0,9.0,0.4166666666666667,1.625,1.309895534420434,2.125,1.3635890143294642,3.0,2.0833333333333335,4.590277777777778,1.9478021604292466,0.9392198479758065,0.030390076012096756,13.0,6.0,0.3815981989345094,0.3963334760377007,0.4856227853893455,0.3963334760377007,0.08928930935164481,1,switching,switching,switching,2,7,0.004024586454836221,-0.010710690648355059
mid,medium,seed_0006,4,0,0.5327181706638507,2875.0,0.9583333333333334,3.0,0.9583333333333334,0.19999999999999998,0.3333333333333333,1.0,0.4891304347826087,13.125,1.5893525935633874,2.0,7.0,0.5,1.9583333333333333,1.3834150362681144,2.0,1.4142135623730951,3.0,2.4583333333333335,3.9027777777777772,0.5609116807307964,0.8292180818444564,0.08539095907777178,12.166666666666666,6.0,0.5023301038586522,0.5327181706638507,0.5021545482382571,0.5327181706638507,0.0,0,cost,cost,cost,2,7,-0.00238488769530365,-0.010718221028636954
mid,medium,seed_0006,5,0,0.608002696494471,2489.5833333333335,1.0,2.5833333333333335,0.8622714537593894,0.08333333333333333,0.20833333333333334,0.4166666666666667,0.391304347826087,12.208333333333334,2.432063024585415,2.25,10.0,0.375,1.9166666666666667,1.436510570388932,3.0,0.0,0.0,1.2083333333333333,4.527777777777778,1.957101661534282,0.9163002478710935,0.04184987606445323,18.5,6.0,0.608002696494471,0.40883347603770065,0.608002696494471,0.608002696494471,0.0,0,cqi|switching,cqi|switching,cqi,2,5,0.05833333333333335,0.05833333333333335
mid,medium,seed_0006,6,0,0.5439967705253188,2285.4166666666665,1.0,2.4166666666666665,0.8081299928548789,0.13333333333333333,0.3333333333333333,0.6666666666666666,0.463768115942029,13.041666666666666,1.8814703174792728,2.0,8.0,0.5,2.0,1.3436568017962347,2.5833333333333335,0.8122328620674137,2.0,1.8333333333333333,4.041666666666667,0.9944871188857247,0.9040960509887489,0.04795197450562555,14.0,6.0,0.5439967705253188,0.48919446678724193,0.5187713409006355,0.5439967705253188,0.0,0,cqi,cqi,cqi,2,7,0.0,0.0
mid,medium,seed_0006,7,0,0.6108389928123805,2591.6666666666665,1.0,2.6666666666666665,0.8895848279160459,0.11666666666666668,0.2916666666666667,0.5833333333333334,0.4311594202898551,13.0,1.2909944487358056,2.0,5.0,0.5,1.4583333333333333,1.3810318465119185,2.4166666666666665,0.9090593428863095,2.0,2.0416666666666665,3.875,0.30523973577549873,0.9527780159509027,0.023610992024548638,12.5,6.0,0.532827140874076,0.6108389928123805,0.6106634371919856,0.6108389928123805,0.0,0,cost,cost,cost,2,7,0.07801185193830451,0.0
mid,medium,seed_0006,8,0,0.6077181706638507,2875.0,0.9583333333333334,3.0,0.9583333333333334,0.05000000000000001,0.125,0.25,0.22826086956521738,12.75,1.7618645426554977,2.25,8.0,0.4583333333333333,1.25,1.3266120826220005,2.6666666666666665,0.7453559924999298,2.0,1.7083333333333333,4.111111111111111,1.2487648218327236,0.9301536851251171,0.034923157437441454,14.166666666666666,6.0,0.5273022418666738,0.6077181706638507,0.4559363916924877,0.6077181706638507,0.0,0,cost,cost,cost,2,7,0.09439399277435068,0.0
mid,medium,seed_0006,9,0,0.6243848373305174,2875.0,0.9583333333333334,3.0,0.9583333333333334,0.016666666666666666,0.041666666666666664,0.08333333333333333,0.15942028985507245,13.375,1.7751173670117326,1.5,7.0,0.7083333333333334,1.4583333333333333,1.3668806895101069,2.9166666666666665,0.39965262694272663,2.0,1.7083333333333333,3.9305555555555554,0.7374202195810158,0.8379506808949645,0.08102465955251775,15.833333333333334,6.0,0.5884997335098949,0.6243848373305174,0.5095178446652716,0.6243848373305174,0.0,0,cost,cost,cost,2,7,0.05255177048728921,0.0
mid,medium,seed_0006,10,0,0.6327181706638507,2875.0,0.9583333333333334,3.0,0.9583333333333334,0.0,0.0,0.0,0.15942028985507245,12.916666666666666,1.9773017529507786,3.0,8.0,0.4166666666666667,1.5416666666666667,1.1547960436275744,3.0,0.0,0.0,1.375,4.006944444444444,0.7660008683068927,0.9158483368871209,0.04207583155643957,16.333333333333332,6.0,0.4559363916924877,0.6327181706638507,0.4559363916924877,0.6327181706638507,0.0,0,cost,cost,cost,2,5,0.15839991874350295,0.0
mid,medium,seed_0006,11,0,0.5290208076498477,2416.6666666666665,1.0,2.375,0.8187305295950156,0.125,0.20833333333333334,0.625,0.2898550724637681,13.0,2.140872096444188,1.25,9.0,0.5833333333333334,1.4166666666666667,1.1359379710072892,3.0,0.0,0.0,1.4583333333333333,4.131944444444444,1.3608099156543538,0.8768711071271457,0.06156444643642717,16.666666666666668,6.0,0.5290208076498477,0.5086974297718181,0.5290208076498477,0.5290208076498477,0.0,0,cqi|switching,cqi|switching,cqi,2,6,0.008333333333333304,0.0
mid,medium,seed_0006,12,0,0.5676664001765616,2387.5,1.0,2.5,0.8351112535482099,0.125,0.3333333333333333,0.625,0.3442028985507246,12.708333333333334,2.009957849198723,2.25,7.0,0.5,1.4583333333333333,1.231252714803902,2.375,1.2183492931011204,3.0,1.9166666666666667,4.020833333333333,0.6315627663010049,0.8997912726343154,0.05010436368284232,13.666666666666666,6.0,0.5676664001765616,0.43510305835915436,0.43510305835915436,0.5676664001765616,0.0,0,cqi,cqi,cqi,2,7,0.0,0.0
mid,medium,seed_0006,13,0,0.6023301038586522,2285.4166666666665,1.0,2.4166666666666665,0.8081299928548789,0.016666666666666666,0.041666666666666664,0.08333333333333333,0.08333333333333333,12.75,2.0052015692526606,2.25,7.0,0.4583333333333333,1.2083333333333333,1.2187853557957433,2.5,0.8660254037844386,2.0,1.7916666666666667,3.9930555555555554,0.6113872482183045,0.9222492717071422,0.03887536414642889,13.166666666666666,6.0,0.4909849185870144,0.4559363916924877,0.6023301038586522,0.4909849185870144,0.11134518527163778,1,switching,switching,switching,2,7,0.11134518527163778,0.11134518527163778
mid,medium,seed_0006,14,0,0.5439967705253188,2285.4166666666665,1.0,2.4166666666666665,0.8081299928548789,0.13333333333333333,0.3333333333333333,0.6666666666666666,0.463768115942029,13.166666666666666,1.9075871903765995,3.0,7.0,0.5833333333333334,1.5833333333333333,1.2798373469047064,2.4166666666666665,0.9090593428863095,2.0,2.0416666666666665,3.888888888888888,0.4945692726323571,0.8495761119701241,0.07521194401493797,12.666666666666666,6.0,0.5439967705253188,0.5439967705253188,0.5271545482382571,0.5439967705253188,0.0,0,cqi|cost,cqi,cqi,2,7,-0.01666666666666672,-0.01666666666666672
mid,heavy,seed_0006,0,1,0.1791130664541918,550.0,1.0,1.0,1.0,0.20000000000000004,1.0,1.0,0.0,12.625,1.9107699146330168,1.25,9.0,0.3333333333333333,1.5833333333333333,1.0689117476301488,0.0,0.0,0.0,4.208333333333333,4.194444444444444,1.651785416368723,0.8663660765707254,0.0668169617146373,12.0,2.0,0.1791130664541918,0.1791130664541918,0.1791130664541918,0.1791130664541918,0.0,0,cqi|cost|switching,cqi|cost|switching,cqi,1,5,0.0,0.0
mid,heavy,seed_0006,1,0,0.2791130664541918,550.0,1.0,1.0,1.0,0.0,0.0,0.0,0.0,12.458333333333334,2.272648357215774,2.25,8.0,0.4166666666666667,1.4166666666666667,1.2040930813984732,1.0,0.0,0.0,3.1666666666666665,4.368055555555556,1.464059525159369,0.9391783743860082,0.030410812806995924,12.5,2.0,0.2791130664541918,0.2791130664541918,0.2791130664541918,0.2791130664541918,0.0,0,cqi|cost|switching,cqi|cost|switching,cqi,1,5,0.0,0.0
mid,heavy,seed_0006,2,0,0.20013117760956856,477.0833333333333,1.0,0.7916666666666666,0.9184706459296623,0.041666666666666664,0.20833333333333334,0.20833333333333334,0.3442028985507246,12.291666666666666,2.2817969283488444,2.25,7.0,0.5,1.4166666666666667,1.2093318320232553,1.0,0.0,0.0,3.25,4.451388888888888,1.4668238289112052,0.9929974704421052,0.0035012647789474105,12.5,2.0,0.20013117760956856,0.12096451094290189,0.20013117760956856,0.20013117760956856,0.0,0,cqi|switching,cqi|switching,cqi,2,5,0.0,0.0
mid,heavy,seed_0006,3,0,0.2042978442762352,477.0833333333333,1.0,0.7916666666666666,0.9184706459296623,0.03333333333333333,0.16666666666666666,0.16666666666666666,0.2898550724637681,12.166666666666666,2.576604138956718,3.0,9.0,0.4166666666666667,1.625,1.309895534420434,0.7916666666666666,0.40611643103370687,1.0,3.3333333333333335,4.590277777777778,1.9478021604292466,0.9392198479758065,0.030390076012096756,12.5,2.0,0.2042978442762352,0.04179784427623523,0.031038422071719213,0.2042978442762352,0.0,0,cqi,cqi,cqi,2,7,0.0,0.0
mid,heavy,seed_0006,4,0,0.25827973312085856,550.0,1.0,1.0,1.0,0.041666666666666664,0.20833333333333334,0.20833333333333334,0.391304347826087,13.125,1.5893525935633874,2.0,7.0,0.5,1.9583333333333333,1.3834150362681144,0.7916666666666666,0.4061164310337068,1.0,3.6666666666666665,3.9027777777777772,0.5609116807307964,0.8292180818444564,0.08539095907777178,12.0,2.0,0.2582797331208585,0.25827973312085856,0.2582797331208585,0.25827973312085856,0.0,0,cqi|cost|switching,cost,cost,2,7,5.551115123125783e-17,0.0
mid,heavy,seed_0006,5,0,0.2791130664541918,550.0,1.0,1.0,1.0,0.0,0.0,0.0,0.08333333333333333,12.208333333333334,2.432063024585415,2.25,10.0,0.375,1.9166666666666667,1.436510570388932,1.0,0.0,0.0,3.125,4.527777777777778,1.957101661534282,0.9163002478710935,0.04184987606445323,12.5,2.0,0.2791130664541918,0.2791130664541918,0.2791130664541918,0.2791130664541918,0.0,0,cqi|cost|switching,cqi|cost|switching,cqi,1,5,0.0,0.0
mid,heavy,seed_0006,6,0,0.2791130664541918,550.0,1.0,1.0,1.0,0.0,0.0,0.0,0.0,13.041666666666666,1.8814703174792728,2.0,8.0,0.5,2.0,1.3436568017962347,1.0,0.0,0.0,3.3333333333333335,4.041666666666667,0.9944871188857247,0.9040960509887489,0.04795197450562555,12.5,2.0,0.2791130664541918,0.2791130664541918,0.2791130664541918,0.2791130664541918,0.0,0,cqi|cost|switching,cqi|cost|switching,cqi,1,5,0.0,0.0
mid,heavy,seed_0006,7,0,0.27911306645419187,550.0,1.0,1.0,1.0,0.0,0.0,0.0,0.2898550724637681,13.0,1.2909944487358056,2.0,5.0,0.5,1.4583333333333333,1.3810318465119185,1.0,0.0,0.0,3.4583333333333335,3.875,0.30523973577549873,0.9527780159509027,0.023610992024548638,12.0,2.0,0.2791130664541918,0.27911306645419187,0.2791130664541918,0.27911306645419187,0.0,0,cqi|cost|switching,cost,cost,2,5,5.551115123125783e-17,0.0
mid,heavy,seed_0006,8,0,0.2791130664541918,550.0,1.0,1.0,1.0,0.0,0.0,0.0,0.2898550724637681,12.75,1.7618645426554977,2.25,8.0,0.4583333333333333,1.25,1.3266120826220005,1.0,0.0,0.0,3.375,4.111111111111111,1.2487648218327236,0.9301536851251171,0.034923157437441454,12.5,2.0,0.2791130664541918,0.2791130664541918,0.2791130664541918,0.2791130664541918,0.0,0,cqi|cost|switching,cqi|cost|switching,cqi,1,5,0.0,0.0
mid,heavy,seed_0006,9,0,0.2791130664541919,550.0,1.0,1.0,1.0,0.0,0.0,0.0,0.08333333333333333,13.375,1.7751173670117326,1.5,7.0,0.7083333333333334,1.4583333333333333,1.3668806895101069,1.0,0.0,0.0,3.625,3.9305555555555554,0.7374202195810158,0.8379506808949645,0.08102465955251775,12.0,2.0,0.2791130664541918,0.2791130664541919,0.2791130664541918,0.2791130664541919,0.0,0,cqi|cost|switching,cost,cost,2,5,1.1102230246251565e-16,0.0
mid,heavy,seed_0006,10,0,0.2791130664541919,550.0,1.0,1.0,1.0,0.0,0.0,0.0,0.15942028985507245,12.916666666666666,1.9773017529507786,3.0,8.0,0.4166666666666667,1.5416666666666667,1.1547960436275744,1.0,0.0,0.0,3.2916666666666665,4.006944444444444,0.7660008683068927,0.9158483368871209,0.04207583155643957,12.0,2.0,0.2791130664541918,0.2791130664541919,0.2791130664541918,0.2791130664541919,0.0,0,cqi|cost|switching,cost,cost,2,5,1.1102230246251565e-16,0.0
mid,heavy,seed_0006,11,0,0.2791130664541918,550.0,1.0,1.0,1.0,0.0,0.0,0.0,0.08333333333333333,13.0,2.140872096444188,1.25,9.0,0.5833333333333334,1.4166666666666667,1.1359379710072892,1.0,0.0,0.0,3.375,4.131944444444444,1.3608099156543538,0.8768711071271457,0.06156444643642717,12.5,2.0,0.2791130664541918,0.2791130664541918,0.2791130664541918,0.2791130664541918,0.0,0,cqi|cost|switching,cqi|cost|switching,cqi,1,6,0.0,0.0
mid,heavy,seed_0006,12,0,0.2791130664541918,550.0,1.0,1.0,1.0,0.0,0.0,0.0,0.0,12.708333333333334,2.009957849198723,2.25,7.0,0.5,1.4583333333333333,1.231252714803902,1.0,0.0,0.0,3.2916666666666665,4.020833333333333,0.6315627663010049,0.8997912726343154,0.05010436368284232,12.0,2.0,0.2791130664541918,0.2791130664541918,0.2791130664541918,0.2791130664541918,0.0,0,cqi|cost|switching,cqi|cost|switching,cqi,1,5,0.0,0.0
mid,heavy,seed_0006,13,0,0.2791130664541918,550.0,1.0,1.0,1.0,0.0,0.0,0.0,0.0,12.75,2.0052015692526606,2.25,7.0,0.4583333333333333,1.2083333333333333,1.2187853557957433,1.0,0.0,0.0,3.2916666666666665,3.9930555555555554,0.6113872482183045,0.9222492717071422,0.03887536414642889,12.0,2.0,0.2791130664541918,0.2791130664541918,0.2791130664541918,0.2791130664541918,0.0,0,cqi|cost|switching,cqi|cost|switching,cqi,1,5,0.0,0.0
mid,heavy,seed_0006,14,0,0.2791130664541919,550.0,1.0,1.0,1.0,0.0,0.0,0.0,0.08333333333333333,13.166666666666666,1.9075871903765995,3.0,7.0,0.5833333333333334,1.5833333333333333,1.2798373469047064,1.0,0.0,0.0,3.4583333333333335,3.888888888888888,0.4945692726323571,0.8495761119701241,0.07521194401493797,12.0,2.0,0.2791130664541918,0.2791130664541919,0.2791130664541918,0.2791130664541919,0.0,0,cqi|cost|switching,cost,cost,2,5,1.1102230246251565e-16,0.0
mid,light,seed_0007,0,1,0.4471841780840184,3000.0,1.0,3.0,1.0,0.6,1.0,3.0,0.0,12.333333333333334,1.9293061504650377,3.0,7.0,0.2916666666666667,1.7083333333333333,1.231709417425112,0.0,0.0,0.0,4.125,4.013888888888888,0.5067065651931861,0.8983254103073627,0.05083729484631866,2.0,12.0,0.4471841780840184,0.4471841780840184,0.4471841780840184,0.4471841780840184,0.0,0,cqi|cost|switching,cqi|switching,cqi,2,5,0.0,0.0
mid,light,seed_0007,1,0,0.7471841780840182,3000.0,1.0,3.0,1.0,0.0,0.0,0.0,0.5217391304347826,12.666666666666666,1.9293061504650377,3.0,7.0,0.4583333333333333,1.1666666666666667,1.17836519519693,3.0,0.0,0.0,1.2916666666666667,3.9513888888888893,0.5324627587974327,0.8882343027000816,0.05588284864995918,8.083333333333334,12.0,0.7471841780840182,0.7471841780840182,0.7471841780840182,0.7471841780840182,0.0,0,cqi|cost|switching,cqi|cost|switching,cqi,1,5,0.0,0.0
mid,light,seed_0007,2,0,0.7471841780840182,3000.0,1.0,3.0,1.0,0.0,0.0,0.0,0.0,12.583333333333334,2.3614378858841256,3.0,8.0,0.5416666666666666,1.0833333333333333,1.1705783198225597,3.0,0.0,0.0,1.4166666666666667,4.263888888888888,1.3556437812819397,0.8942759033611745,0.05286204831941277,8.5,12.0,0.7471841780840182,0.7471841780840182,0.7471841780840182,0.7471841780840182,0.0,0,cqi|cost|switching,cqi|cost|switching,cqi,1,5,0.0,0.0
mid,light,seed_0007,3,0,0.7471841780840182,3000.0,1.0,3.0,1.0,0.0,0.0,0.0,0.0,12.833333333333334,1.818118685772619,2.25,7.0,0.4583333333333333,1.6666666666666667,1.1984317859193696,3.0,0.0,0.0,1.3333333333333333,3.944444444444444,0.5766816525562971,0.8591153469615586,0.07044232651922072,8.166666666666666,12.0,0.7471841780840182,0.7471841780840182,0.7471841780840182,0.7471841780840182,0.0,0,cqi|cost|switching,cqi|cost|switching,cqi,1,5,0.0,0.0
mid,light,seed_0007,4,0,0.7471841780840182,3000.0,1.0,3.0,1.0,0.0,0.0,0.0,0.0,12.916666666666666,2.0395397084200697,3.0,8.0,0.4583333333333333,1.8333333333333333,1.26301759743209,3.0,0.0,0.0,1.4166666666666667,4.055555555555555,0.9362388636862623,0.8983617485322268,0.05081912573388658,8.25,12.0,0.7471841780840182,0.7471841780840182,0.7471841780840182,0.7471841780840182,0.0,0,cqi|cost|switching,cqi|cost|switching,cqi,1,5,0.0,0.0
mid,light,seed_0007,5,0,0.7193478817661086,2897.9166666666665,1.0,2.9166666666666665,0.9722511989323172,0.016666666666666666,0.041666666666666664,0.08333333333333333,0.08333333333333333,12.5,2.217355782608345,3.0,9.0,0.4166666666666667,1.5833333333333333,1.2929671021528601,3.0,0.0,0.0,1.25,4.319444444444444,1.6589520528274009,0.8606506238890311,0.06967468805548444,8.75,12.0,0.6622369070531552,0.7193478817661086,0.6622369070531552,0.7193478817661086,0.0,0,cost,cost,cost,2,5,0.057110974712953455,0.0
mid,light,seed_0007,6,0,0.7388508447506849,3000.0,1.0,3.0,1.0,0.016666666666666666,0.041666666666666664,0.08333333333333333,0.08333333333333333,12.875,2.06785919894626,2.0,8.0,0.5416666666666666,1.375,1.3373174568899895,2.9166666666666665,0.39965262694272663,2.0,1.5416666666666667,4.152777777777778,1.2452843148017876,0.9018919860195768,0.04905400699021162,8.166666666666666,12.0,0.7388508447506849,0.7388508447506849,0.7388508447506849,0.7388508447506849,0.0,0,cqi|cost|switching,cqi|cost|switching,cqi,1,7,0.02083333333333326,0.0
mid,light,seed_0007,7,0,0.7471841780840182,3000.0,1.0,3.0,1.0,0.0,0.0,0.0,0.0,12.833333333333334,1.9293061504650377,2.0,7.0,0.5,1.2916666666666667,1.3115945639278193,3.0,0.0,0.0,1.4166666666666667,4.104166666666667,0.9869665694739914,0.9301599605372259,0.03492001973138703,8.416666666666666,12.0,0.7471841780840182,0.7471841780840182,0.7471841780840182,0.7471841780840182,0.0,0,cqi|cost|switching,cqi|cost|switching,cqi,1,5,0.0,0.0
mid,light,seed_0007,8,0,0.6915115854481991,2795.8333333333335,1.0,2.8333333333333335,0.9445906027877781,0.03333333333333333,0.08333333333333333,0.16666666666666666,0.15942028985507245,12.291666666666666,2.6689443397884656,2.25,11.0,0.2916666666666667,1.625,1.404577229855166,3.0,0.0,0.0,1.25,4.631944444444444,2.5481380124017843,0.8374775022183194,0.0812612488908403,10.166666666666666,12.0,0.6358389928123804,0.6915115854481991,0.6358389928123804,0.6915115854481991,0.0,0,cost,cost,cost,2,5,0.055672592635818696,0.0
mid,light,seed_0007,9,0,0.7305175114173516,3000.0,1.0,3.0,1.0,0.03333333333333333,0.08333333333333333,0.16666666666666666,0.15942028985507245,12.75,1.9418633662885072,2.0,7.0,0.4166666666666667,1.625,1.3995702914796693,2.8333333333333335,0.5527707983925666,2.0,1.4166666666666667,4.0,0.6066758241067098,0.9068376182028844,0.04658119089855778,7.75,12.0,0.7305175114173516,0.7305175114173516,0.7305175114173516,0.7305175114173516,0.0,0,cqi|cost|switching,cqi|cost|switching,cqi,1,7,0.016666666666666607,0.0
mid,light,seed_0007,10,0,0.7350488536510378,2937.5,1.0,2.9583333333333335,0.9896953405017921,0.008333333333333333,0.041666666666666664,0.041666666666666664,0.08333333333333333,12.583333333333334,2.1196828903294844,2.0,9.0,0.375,1.25,1.3018928616914012,3.0,0.0,0.0,1.25,4.243055555555555,1.5176272649870584,0.9542026266732241,0.022898686663387957,8.416666666666666,12.0,0.6865075559191159,0.7350488536510378,0.6865075559191159,0.7350488536510378,0.0,0,cost,cost,cost,2,5,0.04854129773192184,0.0
mid,light,seed_0007,11,0,0.730882186984371,2937.5,1.0,2.9583333333333335,0.9896953405017921,0.016666666666666666,0.08333333333333333,0.08333333333333333,0.15942028985507245,12.916666666666666,2.271502195073168,2.0,10.0,0.5833333333333334,1.6666666666666667,1.3149371100571716,2.9583333333333335,0.1998263134713633,1.0,1.5833333333333333,4.194444444444444,1.560260741109291,0.9087404982211617,0.045629750889419174,8.416666666666666,12.0,0.6993848373305176,0.730882186984371,0.6785388981528023,0.730882186984371,0.0,0,cost,cost,cost,2,6,0.03983068298718673,0.0
mid,light,seed_0007,12,0,0.7430175114173515,3000.0,1.0,3.0,1.0,0.008333333333333333,0.041666666666666664,0.041666666666666664,0.08333333333333333,12.75,2.1065374432940898,2.25,8.0,0.5,1.25,1.3470627346080046,2.9583333333333335,0.1998263134713633,1.0,1.4166666666666667,4.159722222222222,1.1601795505464545,0.9383475182535151,0.030826240873242428,8.166666666666666,12.0,0.7430175114173515,0.7430175114173515,0.7430175114173515,0.7430175114173515,0.0,0,cqi|cost|switching,cqi|cost|switching,cqi,1,7,0.008333333333333304,0.0
mid,light,seed_0007,13,0,0.7107782047850768,2812.5,1.0,2.875,0.9698275862068966,0.025000000000000005,0.125,0.125,0.22826086956521738,12.291666666666666,2.491304321479458,3.25,10.0,0.3333333333333333,1.5416666666666667,1.2767922910560243,3.0,0.0,0.0,1.2083333333333333,4.409722222222222,1.6742737277494677,0.9246163782137754,0.0376918108931123,8.75,12.0,0.65991882991035,0.7107782047850768,0.65991882991035,0.7107782047850768,0.0,0,cost,cost,cost,2,5,0.050859374874726804,0.0
mid,light,seed_0007,14,0,0.7346841780840183,3000.0,1.0,3.0,1.0,0.025000000000000005,0.125,0.125,0.22826086956521738,13.125,1.899835519196333,3.0,7.0,0.5416666666666666,1.75,1.2337169204729903,2.875,0.33071891388307384,1.0,1.5833333333333333,3.888888888888889,0.42943402315945306,0.8784628126586688,0.060768593670665616,7.583333333333333,12.0,0.7346841780840183,0.7346841780840183,0.7346841780840183,0.7346841780840183,0.0,0,cqi|cost|switching,cqi|cost|switching,cqi,1,7,0.012500000000000178,0.0
mid,medium,seed_0007,0,1,0.35593639169248775,1500.0,1.0,2.0,1.0,0.4000000000000001,1.0,2.0,0.0,12.333333333333334,1.9293061504650377,3.0,7.0,0.2916666666666667,1.7083333333333333,1.231709417425112,0.0,0.0,0.0,4.125,4.013888888888888,0.5067065651931861,0.8983254103073627,0.05083729484631866,4.0,6.0,0.35593639169248764,0.35593639169248775,0.35593639169248764,0.35593639169248775,0.0,0,cqi|cost|switching,cost,cost,2,5,1.1102230246251565e-16,0.0
mid,medium,seed_0007,1,0,0.5559363916924877,1500.0,1.0,2.0,1.0,0.0,0.0,0.0,0.08333333333333333,12.666666666666666,1.9293061504650377,3.0,7.0,0.4583333333333333,1.1666666666666667,1.17836519519693,2.0,0.0,0.0,2.2916666666666665,3.9513888888888893,0.5324627587974327,0.8882343027000816,0.05588284864995918,8.166666666666666,6.0,0.5559363916924877,0.5559363916924877,0.5559363916924877,0.5559363916924877,0.0,0,cqi|cost|switching,cqi|cost|switching,cqi,1,5,0.0,0.0
mid,medium,seed_0007,2,0,0.5559363916924877,1500.0,1.0,2.0,1.0,0.0,0.0,0.0,0.0,12.583333333333334,2.3614378858841256,3.0,8.0,0.5416666666666666,1.0833333333333333,1.1705783198225597,2.0,0.0,0.0,2.3333333333333335,4.263888888888888,1.3556437812819397,0.8942759033611745,0.05286204831941277,8.666666666666666,6.0,0.5559363916924877,0.5559363916924877,0.5559363916924877,0.5559363916924877,0.0,0,cqi|cost|switching,cqi|cost|switching,cqi,1,5,0.0,0.0
mid,medium,seed_0007,3,0,0.5559363916924877,1500.0,1.0,2.0,1.0,0.0,0.0,0.0,0.0,12.833333333333334,1.818118685772619,2.25,7.0,0.4583333333333333,1.6666666666666667,1.1984317859193696,2.0,0.0,0.0,2.3333333333333335,3.944444444444444,0.5766816525562971,0.8591153469615586,0.07044232651922072,8.166666666666666,6.0,0.5559363916924877,0.5559363916924877,0.5559363916924877,0.5559363916924877,0.0,0,cqi|cost|switching,cqi|cost|switching,cqi,1,5,0.0,0.0
mid,medium,seed_0007,4,0,0.5559363916924877,1500.0,1.0,2.0,1.0,0.0,0.0,0.0,0.0,12.916666666666666,2.0395397084200697,3.0,8.0,0.4583333333333333,1.8333333333333333,1.26301759743209,2.0,0.0,0.0,2.3333333333333335,4.055555555555555,0.9362388636862623,0.8983617485322268,0.05081912573388658,8.166666666666666,6.0,0.5559363916924877,0.5559363916924877,0.5559363916924877,0.5559363916924877,0.0,0,cqi|cost|switching,cqi|cost|switching,cqi,1,5,0.0,0.0
mid,medium,seed_0007,5,0,0.5402354198075586,1460.4166666666667,1.0,1.9583333333333333,0.9833841634247474,0.008333333333333333,0.041666666666666664,0.041666666666666664,0.08333333333333333,12.5,2.217355782608345,3.0,9.0,0.4166666666666667,1.5833333333333333,1.2929671021528601,2.0,0.0,0.0,2.1666666666666665,4.319444444444444,1.6589520528274009,0.8606506238890311,0.06967468805548444,8.833333333333334,6.0,0.44602958849798463,0.5402354198075586,0.44602958849798463,0.5402354198075586,0.0,0,cost,cost,cost,2,5,0.094205831309574,0.0
mid,medium,seed_0007,6,0,0.551769725025821,1500.0,1.0,2.0,1.0,0.008333333333333333,0.041666666666666664,0.041666666666666664,0.08333333333333333,12.875,2.06785919894626,2.0,8.0,0.5416666666666666,1.375,1.3373174568899895,1.9583333333333333,0.19982631347136331,1.0,2.4166666666666665,4.152777777777778,1.2452843148017876,0.9018919860195768,0.04905400699021162,8.166666666666666,6.0,0.551769725025821,0.551769725025821,0.551769725025821,0.551769725025821,0.0,0,cqi|cost|switching,cqi|cost|switching,cqi,1,7,0.025000000000000022,0.0
mid,medium,seed_0007,7,0,0.5559363916924877,1500.0,1.0,2.0,1.0,0.0,0.0,0.0,0.0,12.833333333333334,1.9293061504650377,2.0,7.0,0.5,1.2916666666666667,1.3115945639278193,2.0,0.0,0.0,2.4166666666666665,4.104166666666667,0.9869665694739914,0.9301599605372259,0.03492001973138703,8.5,6.0,0.5559363916924877,0.5559363916924877,0.5559363916924877,0.5559363916924877,0.0,0,cqi|cost|switching,cqi|cost|switching,cqi,1,5,0.0,0.0
mid,medium,seed_0007,8,0,0.508738070153705,1406.25,1.0,1.875,0.9522182374479611,0.025000000000000005,0.08333333333333333,0.125,0.16304347826086957,12.291666666666666,2.6689443397884656,2.25,11.0,0.2916666666666667,1.625,1.404577229855166,2.0,0.0,0.0,2.0833333333333335,4.631944444444444,2.5481380124017843,0.8374775022183194,0.0812612488908403,9.666666666666666,6.0,0.429946993077073,0.508738070153705,0.429946993077073,0.508738070153705,0.0,0,cost,cost,cost,3,5,0.07879107707663197,0.0
mid,medium,seed_0007,9,0,0.5434363916924876,1500.0,1.0,2.0,1.0,0.025000000000000005,0.08333333333333333,0.125,0.16304347826086957,12.75,1.9418633662885072,2.0,7.0,0.4166666666666667,1.625,1.3995702914796693,1.875,0.4389855730355308,2.0,2.375,4.0,0.6066758241067098,0.9068376182028844,0.04658119089855778,7.833333333333333,6.0,0.5434363916924876,0.5434363916924876,0.5434363916924876,0.5434363916924876,0.0,0,cqi|cost|switching,cqi|cost|switching,cqi,1,7,0.02083333333333326,0.0
mid,medium,seed_0007,10,0,0.5559363916924877,1500.0,1.0,2.0,1.0,0.0,0.0,0.0,0.0,12.583333333333334,2.1196828903294844,2.0,9.0,0.375,1.25,1.3018928616914012,2.0,0.0,0.0,2.1666666666666665,4.243055555555555,1.5176272649870584,0.9542026266732241,0.022898686663387957,8.333333333333334,6.0,0.5559363916924877,0.5559363916924877,0.5559363916924877,0.5559363916924877,0.0,0,cqi|cost|switching,cqi|cost|switching,cqi,1,5,0.0,0.0
mid,medium,seed_0007,11,0,0.5559363916924877,1500.0,1.0,2.0,1.0,0.0,0.0,0.0,0.0,12.916666666666666,2.271502195073168,2.0,10.0,0.5833333333333334,1.6666666666666667,1.3149371100571716,2.0,0.0,0.0,2.4583333333333335,4.194444444444444,1.560260741109291,0.9087404982211617,0.045629750889419174,8.333333333333334,6.0,0.5559363916924877,0.5559363916924877,0.5559363916924877,0.5559363916924877,0.0,0,cqi|cost|switching,cqi|cost|switching,cqi,1,5,0.0,0.0
mid,medium,seed_0007,12,0,0.5559363916924877,1500.0,1.0,2.0,1.0,0.0,0.0,0.0,0.0,12.75,2.1065374432940898,2.25,8.0,0.5,1.25,1.3470627346080046,2.0,0.0,0.0,2.2916666666666665,4.159722222222222,1.1601795505464545,0.9383475182535151,0.030826240873242428,8.5,6.0,0.5559363916924877,0.5559363916924877,0.5559363916924877,0.5559363916924877,0.0,0,cqi|cost|switching,cqi|cost|switching,cqi,1,5,0.0,0.0
mid,medium,seed_0007,13,0,0.5088334760377006,1381.25,1.0,1.875,0.950805949229092,0.025000000000000005,0.125,0.125,0.22826086956521738,12.291666666666666,2.491304321479458,3.25,10.0,0.3333333333333333,1.5416666666666667,1.2767922910560243,2.0,0.0,0.0,2.125,4.409722222222222,1.6742737277494677,0.9246163782137754,0.0376918108931123,8.833333333333334,6.0,0.4146276447281267,0.5088334760377006,0.4146276447281267,0.5088334760377006,0.0,0,cost,cost,cost,2,5,0.09420583130957388,0.0
mid,medium,seed_0007,14,0,0.5434363916924877,1500.0,1.0,2.0,1.0,0.025000000000000005,0.125,0.125,0.22826086956521738,13.125,1.899835519196333,3.0,7.0,0.5416666666666666,1.75,1.2337169204729903,1.875,0.33071891388307384,1.0,2.5833333333333335,3.888888888888889,0.42943402315945306,0.8784628126586688,0.060768593670665616,7.5,6.0,0.5434363916924877,0.5434363916924877,0.5434363916924877,0.5434363916924877,0.0,0,cqi|cost|switching,cqi|cost|switching,cqi,1,7,0.02499999999999991,0.0
mid,heavy,seed_0007,0,1,0.17911306645419187,550.0,1.0,1.0,1.0,0.20000000000000004,1.0,1.0,0.0,12.333333333333334,1.9293061504650377,3.0,7.0,0.2916666666666667,1.7083333333333333,1.231709417425112,0.0,0.0,0.0,4.125,4.013888888888888,0.5067065651931861,0.8983254103073627,0.05083729484631866,12.0,2.0,0.1791130664541918,0.17911306645419187,0.1791130664541918,0.17911306645419187,0.0,0,cqi|cost|switching,cost,cost,2,5,5.551115123125783e-17,0.0
mid,heavy,seed_0007,1,0,0.2791130664541918,550.0,1.0,1.0,1.0,0.0,0.0,0.0,0.08333333333333333,12.666666666666666,1.9293061504650377,3.0,7.0,0.4583333333333333,1.1666666666666667,1.17836519519693,1.0,0.0,0.0,3.2916666666666665,3.9513888888888893,0.5324627587974327,0.8882343027000816,0.05588284864995918,12.0,2.0,0.2791130664541918,0.2791130664541918,0.2791130664541918,0.2791130664541918,0.0,0,cqi|cost|switching,cqi|cost|switching,cqi,1,5,0.0,0.0
mid,heavy,seed_0007,2,0,0.2791130664541918,550.0,1.0,1.0,1.0,0.0,0.0,0.0,0.0,12.583333333333334,2.3614378858841256,3.0,8.0,0.5416666666666666,1.0833333333333333,1.1705783198225597,1.0,0.0,0.0,3.3333333333333335,4.263888888888888,1.3556437812819397,0.8942759033611745,0.05286204831941277,12.5,2.0,0.2791130664541918,0.2791130664541918,0.2791130664541918,0.2791130664541918,0.0,0,cqi|cost|switching,cqi|cost|switching,cqi,1,5,0.0,0.0
mid,heavy,seed_0007,3,0,0.2791130664541918,550.0,1.0,1.0,1.0,0.0,0.0,0.0,0.0,12.833333333333334,1.818118685772619,2.25,7.0,0.4583333333333333,1.6666666666666667,1.1984317859193696,1.0,0.0,0.0,3.3333333333333335,3.944444444444444,0.5766816525562971,0.8591153469615586,0.07044232651922072,12.0,2.0,0.2791130664541918,0.2791130664541918,0.2791130664541918,0.2791130664541918,0.0,0,cqi|cost|switching,cqi|cost|switching,cqi,1,5,0.0,0.0
mid,heavy,seed_0007,4,0,0.2791130664541918,550.0,1.0,1.0,1.0,0.0,0.0,0.0,0.0,12.916666666666666,2.0395397084200697,3.0,8.0,0.4583333333333333,1.8333333333333333,1.26301759743209,1.0,0.0,0.0,3.3333333333333335,4.055555555555555,0.9362388636862623,0.8983617485322268,0.05081912573388658,12.0,2.0,0.2791130664541918,0.2791130664541918,0.2791130664541918,0.2791130664541918,0.0,0,cqi|cost|switching,cqi|cost|switching,cqi,1,5,0.0,0.0
mid,heavy,seed_0007,5,0,0.2791130664541918,550.0,1.0,1.0,1.0,0.0,0.0,0.0,0.0,12.5,2.217355782608345,3.0,9.0,0.4166666666666667,1.5833333333333333,1.2929671021528601,1.0,0.0,0.0,3.1666666666666665,4.319444444444444,1.6589520528274009,0.8606506238890311,0.06967468805548444,12.5,2.0,0.2791130664541918,0.2791130664541918,0.2791130664541918,0.2791130664541918,0.0,0,cqi|cost|switching,cqi|cost|switching,cqi,1,5,0.0,0.0
mid,heavy,seed_0007,6,0,0.2791130664541918,550.0,1.0,1.0,1.0,0.0,0.0,0.0,0.0,12.875,2.06785919894626,2.0,8.0,0.5416666666666666,1.375,1.3373174568899895,1.0,0.0,0.0,3.375,4.152777777777778,1.2452843148017876,0.9018919860195768,0.04905400699021162,12.5,2.0,0.2791130664541918,0.2791130664541918,0.2791130664541918,0.2791130664541918,0.0,0,cqi|cost|switching,cqi|cost|switching,cqi,1,6,0.0,0.0
mid,heavy,seed_0007,7,0,0.2791130664541918,550.0,1.0,1.0,1.0,0.0,0.0,0.0,0.0,12.833333333333334,1.9293061504650377,2.0,7.0,0.5,1.2916666666666667,1.3115945639278193,1.0,0.0,0.0,3.4166666666666665,4.104166666666667,0.9869665694739914,0.9301599605372259,0.03492001973138703,12.0,2.0,0.2791130664541918,0.2791130664541918,0.2791130664541918,0.2791130664541918,0.0,0,cqi|cost|switching,cqi|cost|switching,cqi,1,5,0.0,0.0
mid,heavy,seed_0007,8,0,0.2159275553784932,491.6666666666667,1.0,0.8333333333333334,0.9342458400429415,0.03333333333333333,0.16666666666666666,0.16666666666666666,0.2898550724637681,12.291666666666666,2.6689443397884656,2.25,11.0,0.2916666666666667,1.625,1.404577229855166,1.0,0.0,0.0,3.0,4.631944444444444,2.5481380124017843,0.8374775022183194,0.0812612488908403,13.0,2.0,0.2159275553784932,0.08918697758300924,0.2159275553784932,0.2159275553784932,0.0,0,cqi|switching,cqi|switching,cqi,2,5,0.0,0.0
mid,heavy,seed_0007,9,0,0.2624463997875252,550.0,1.0,1.0,1.0,0.03333333333333333,0.16666666666666666,0.16666666666666666,0.2898550724637681,12.75,1.9418633662885072,2.0,7.0,0.4166666666666667,1.625,1.3995702914796693,0.8333333333333334,0.37267799624996495,1.0,3.4166666666666665,4.0,0.6066758241067098,0.9068376182028844,0.04658119089855778,12.0,2.0,0.26244639978752515,0.2624463997875252,0.26244639978752515,0.2624463997875252,0.0,0,cqi|cost|switching,cost,cost,2,7,5.551115123125783e-17,0.0
mid,heavy,seed_0007,10,0,0.2791130664541918,550.0,1.0,1.0,1.0,0.0,0.0,0.0,0.15942028985507245,12.583333333333334,2.1196828903294844,2.0,9.0,0.375,1.25,1.3018928616914012,1.0,0.0,0.0,3.1666666666666665,4.243055555555555,1.5176272649870584,0.9542026266732241,0.022898686663387957,12.5,2.0,0.2791130664541918,0.2791130664541918,0.2791130664541918,0.2791130664541918,0.0,0,cqi|cost|switching,cqi|cost|switching,cqi,1,5,0.0,0.0
mid,heavy,seed_0007,11,0,0.2791130664541918,550.0,1.0,1.0,1.0,0.0,0.0,0.0,0.0,12.916666666666666,2.271502195073168,2.0,10.0,0.5833333333333334,1.6666666666666667,1.3149371100571716,1.0,0.0,0.0,3.4583333333333335,4.194444444444444,1.560260741109291,0.9087404982211617,0.045629750889419174,12.5,2.0,0.2791130664541918,0.2791130664541918,0.2791130664541918,0.2791130664541918,0.0,0,cqi|cost|switching,cqi|cost|switching,cqi,1,5,0.0,0.0
mid,heavy,seed_0007,12,0,0.2791130664541918,550.0,1.0,1.0,1.0,0.0,0.0,0.0,0.0,12.75,2.1065374432940898,2.25,8.0,0.5,1.25,1.3470627346080046,1.0,0.0,0.0,3.2916666666666665,4.159722222222222,1.1601795505464545,0.9383475182535151,0.030826240873242428,12.5,2.0,0.2791130664541918,0.2791130664541918,0.2791130664541918,0.2791130664541918,0.0,0,cqi|cost|switching,cqi|cost|switching,cqi,1,5,0.0,0.0
mid,heavy,seed_0007,13,0,0.2791130664541918,550.0,1.0,1.0,1.0,0.0,0.0,0.0,0.0,12.291666666666666,2.491304321479458,3.25,10.0,0.3333333333333333,1.5416666666666667,1.2767922910560243,1.0,0.0,0.0,3.125,4.409722222222222,1.6742737277494677,0.9246163782137754,0.0376918108931123,12.5,2.0,0.2791130664541918,0.2791130664541918,0.2791130664541918,0.2791130664541918,0.0,0,cqi|cost|switching,cqi|cost|switching,cqi,1,5,0.0,0.0
mid,heavy,seed_0007,14,0,0.2791130664541919,550.0,1.0,1.0,1.0,0.0,0.0,0.0,0.08333333333333333,13.125,1.899835519196333,3.0,7.0,0.5416666666666666,1.75,1.2337169204729903,1.0,0.0,0.0,3.4583333333333335,3.888888888888889,0.42943402315945306,0.8784628126586688,0.060768593670665616,12.0,2.0,0.2791130664541918,0.2791130664541919,0.2791130664541918,0.2791130664541919,0.0,0,cqi|cost|switching,cost,cost,2,5,1.1102230246251565e-16,0.0
mid,light,seed_0008,0,1,0.43577820478507695,2812.5,1.0,2.875,0.9698275862068966,0.5750000000000001,1.0,2.875,0.0,12.083333333333334,2.43099202430247,1.75,9.0,0.25,1.5833333333333333,1.3340552728113748,0.0,0.0,0.0,3.9166666666666665,4.597222222222222,1.7735953405720162,0.8870116434742393,0.056494178262880335,2.0,12.0,0.4243722314861356,0.43577820478507695,0.4243722314861356,0.43577820478507695,0.0,0,cost,cost,cost,2,5,0.01140597329894133,0.0
mid,light,seed_0008,1,0,0.6873449187815326,2795.8333333333335,1.0,2.8333333333333335,0.9445906027877781,0.041666666666666664,0.16666666666666666,0.20833333333333334,0.22826086956521738,12.083333333333334,2.158638974498103,1.25,9.0,0.16666666666666666,1.1666666666666667,1.3332994131801434,2.875,0.33071891388307384,1.0,1.1666666666666667,4.465277777777778,1.6728905779525656,0.8804483667016643,0.05977581664916787,8.083333333333334,12.0,0.6121194891568492,0.6873449187815326,0.6154986669653878,0.6873449187815326,0.0,0,cost,cost,cost,2,7,0.07939209629134991,0.0
mid,light,seed_0008,2,0,0.7145801958847239,2875.0,1.0,2.9166666666666665,0.9796296296296296,0.03333333333333333,0.125,0.16666666666666666,0.15942028985507245,12.5,2.48327740429189,2.25,9.0,0.375,1.5833333333333333,1.4532126699987717,2.8333333333333335,0.5527707983925666,2.0,1.4166666666666667,4.430555555555555,1.892918495894307,0.9010094290588264,0.04949528547058679,8.0,12.0,0.6636752891302898,0.7145801958847239,0.7107782047850768,0.7145801958847239,0.0,0,cost,cost,cost,2,7,0.055071573421100695,0.0
mid,light,seed_0008,3,0,0.7388508447506849,3000.0,1.0,3.0,1.0,0.016666666666666666,0.08333333333333333,0.08333333333333333,0.15942028985507245,12.416666666666666,2.289771944005681,3.25,8.0,0.375,1.3333333333333333,1.3956633630557047,2.9166666666666665,0.2763853991962833,1.0,1.25,4.326388888888888,1.3056848340248381,0.9068621608745867,0.046568919562706645,8.166666666666666,12.0,0.7388508447506849,0.7388508447506849,0.7388508447506849,0.7388508447506849,0.0,0,cqi|cost|switching,cqi|cost|switching,cqi,1,7,0.016666666666666607,0.0
mid,light,seed_0008,4,0,0.7471841780840182,3000.0,1.0,3.0,1.0,0.0,0.0,0.0,0.0,12.25,2.331844763272204,3.0,8.0,0.375,1.25,1.3064665831652797,3.0,0.0,0.0,1.2916666666666667,4.444444444444445,1.5520794494109993,0.9440475909244058,0.02797620453779709,8.666666666666666,12.0,0.7471841780840182,0.7471841780840182,0.7471841780840182,0.7471841780840182,0.0,0,cqi|cost|switching,cqi|cost|switching,cqi,1,5,0.0,0.0
mid,light,seed_0008,5,0,0.6636752891302898,2693.75,1.0,2.75,0.9170303305556653,0.05000000000000001,0.125,0.25,0.22826086956521738,12.125,2.3859397170367345,3.25,8.0,0.4166666666666667,1.7083333333333333,1.346002314923446,3.0,0.0,0.0,1.25,4.361111111111112,1.3260798069200013,0.9349292034940515,0.032535398252974246,8.5,12.0,0.6379662581871942,0.6636752891302898,0.6379662581871942,0.6636752891302898,0.0,0,cost,cost,cost,2,5,0.025709030943095623,0.0
mid,light,seed_0008,6,0,0.7221841780840182,3000.0,1.0,3.0,1.0,0.05000000000000001,0.125,0.25,0.22826086956521738,12.5,2.449489742783178,3.0,8.0,0.5833333333333334,2.375,1.41132351597238,2.75,0.6614378277661477,2.0,1.5833333333333333,4.256944444444444,1.1405602573372806,0.8880229236164079,0.055988538191796056,7.583333333333333,12.0,0.7221841780840182,0.7221841780840182,0.7221841780840182,0.7221841780840182,0.0,0,cqi|cost|switching,cqi|cost|switching,cqi,1,6,0.012499999999999956,0.0
mid,light,seed_0008,7,0,0.6792808551312232,2758.3333333333335,1.0,2.7916666666666665,0.9434828287003548,0.041666666666666664,0.125,0.20833333333333334,0.23550724637681159,12.208333333333334,2.449135334947599,3.25,9.0,0.375,1.7916666666666667,1.451692141469156,3.0,0.0,0.0,1.1666666666666667,4.479166666666667,1.6110961445664989,0.9434646755371185,0.028267662231440727,8.583333333333334,12.0,0.6162861558235159,0.6792808551312232,0.5523301038586522,0.6792808551312232,0.0,0,cost,cost,cost,3,6,0.06299469930770729,0.0
mid,light,seed_0008,8,0,0.7707476912172672,5362.5,1.0,3.75,0.9317776787703275,0.20833333333333337,1.0,1.0416666666666667,0.08333333333333333,13.208333333333334,1.9786183450972943,1.25,7.0,0.5833333333333334,1.75,1.390387293841589,2.7916666666666665,0.6441510347391795,3.0,1.6666666666666667,4.0,0.8050764858994133,0.7968996270857939,0.10155018645710306,7.5,12.0,0.7627211583239761,0.7707476912172672,0.7707476912172672,0.7707476912172672,0.0,0,cost|switching,cost|switching,cost,2,6,0.024693199559957635,0.0
mid,light,seed_0008,9,0,0.6770049734680832,4268.75,1.0,3.125,0.7619082617955654,0.125,0.20833333333333334,0.625,0.3442028985507246,12.666666666666666,2.4094720491334933,3.25,9.0,0.5,1.4583333333333333,1.3674871512611562,3.75,0.82915619758885,3.0,0.875,4.305555555555555,1.5881991509914228,0.890917262219772,0.05454136889011402,13.833333333333334,12.0,0.6770049734680832,0.638850844750685,0.6770049734680832,0.6770049734680832,0.0,0,cqi|switching,cqi,cqi,2,7,0.008333333333333304,0.0
mid,light,seed_0008,10,0,0.7436687272344233,4706.25,1.0,3.375,0.8297077484986479,0.09999999999999999,0.16666666666666666,0.5,0.2898550724637681,12.75,2.277608394786075,3.0,7.0,0.5,1.9166666666666667,1.4404250494902853,3.125,1.3635890143294642,3.0,1.25,4.131944444444444,0.903925552421762,0.9193871219982582,0.040306439000870886,9.666666666666666,12.0,0.7436687272344233,0.6646868383898,0.6999230965849131,0.7436687272344233,0.0,0,cqi,cqi,cqi,2,7,0.0,0.0
mid,light,seed_0008,11,0,0.626350844750685,3000.0,1.0,3.0,1.0,0.2416666666666667,1.0,1.2083333333333333,0.3442028985507246,12.625,2.156627382434589,2.0,8.0,0.4166666666666667,1.2916666666666667,1.380877319825368,3.375,1.2183492931011204,3.0,0.9166666666666666,4.236111111111111,1.2536212976910897,0.9032511115616246,0.048374444219187684,10.75,12.0,0.626350844750685,0.626350844750685,0.626350844750685,0.626350844750685,0.0,0,cqi|cost|switching,cqi|cost|switching,cqi,1,7,0.0,0.0
mid,light,seed_0008,12,0,0.7471841780840182,3000.0,1.0,3.0,1.0,0.0,0.0,0.0,0.0,12.833333333333334,1.7716909687891083,2.25,7.0,0.4583333333333333,1.125,1.110182483788004,3.0,0.0,0.0,1.3333333333333333,4.013888888888888,0.7326964827283321,0.9209459686173079,0.039527015691346035,8.25,12.0,0.7471841780840182,0.7471841780840182,0.7471841780840182,0.7471841780840182,0.0,0,cqi|cost|switching,cqi|cost|switching,cqi,1,5,0.0,0.0
mid,light,seed_0008,13,0,0.7229135292180572,2875.0,1.0,2.9166666666666665,0.9796296296296296,0.016666666666666666,0.08333333333333333,0.08333333333333333,0.15942028985507245,12.916666666666666,2.1392496088322392,2.25,8.0,0.5,1.4166666666666667,1.0825456879692772,3.0,0.0,0.0,1.4166666666666667,4.249999999999999,1.4766704288891126,0.849593257010613,0.07520337149469353,8.666666666666666,12.0,0.66367528913029,0.7229135292180572,0.66367528913029,0.7229135292180572,0.0,0,cost,cost,cost,2,5,0.059238240087767235,0.0
mid,light,seed_0008,14,0,0.7824353966555506,5262.5,1.0,3.75,0.9319448534051235,0.20000000000000004,0.9583333333333334,1.0,0.22826086956521738,13.041666666666666,1.7906974122453583,1.0,8.0,0.5416666666666666,1.375,1.066761787218372,2.9166666666666665,0.2763853991962833,1.0,1.5,4.006944444444444,0.9409401901066957,0.7521698987790228,0.12391505061048858,7.916666666666667,12.0,0.7824353966555506,0.7665810245506005,0.7388508447506849,0.7824353966555506,0.0,0,cqi,cqi,cqi,2,7,0.016666666666666607,0.0
mid,medium,seed_0008,0,1,0.35593639169248764,1500.0,1.0,2.0,1.0,0.4000000000000001,1.0,2.0,0.0,12.083333333333334,2.43099202430247,1.75,9.0,0.25,1.5833333333333333,1.3340552728113748,0.0,0.0,0.0,3.9166666666666665,4.597222222222222,1.7735953405720162,0.8870116434742393,0.056494178262880335,4.0,6.0,0.35593639169248764,0.35593639169248764,0.35593639169248764,0.35593639169248764,0.0,0,cqi|cost|switching,cqi|cost|switching,cqi,1,5,0.0,0.0
mid,medium,seed_0008,1,0,0.5245344479226296,1420.8333333333333,1.0,1.9166666666666667,0.966977680204903,0.016666666666666666,0.08333333333333333,0.08333333333333333,0.15942028985507245,12.083333333333334,2.158638974498103,1.25,9.0,0.16666666666666666,1.1666666666666667,1.3332994131801434,2.0,0.0,0.0,1.9583333333333333,4.465277777777778,1.6728905779525656,0.8804483667016643,0.05977581664916787,8.833333333333334,6.0,0.46173056038291366,0.5245344479226296,0.46173056038291366,0.5245344479226296,0.0,0,cost,cost,cost,2,5,0.06280388753971594,0.0
mid,medium,seed_0008,2,0,0.5476030583591543,1500.0,1.0,2.0,1.0,0.016666666666666666,0.08333333333333333,0.08333333333333333,0.15942028985507245,12.5,2.48327740429189,2.25,9.0,0.375,1.5833333333333333,1.4532126699987717,1.9166666666666667,0.2763853991962833,1.0,2.25,4.430555555555555,1.892918495894307,0.9010094290588264,0.04949528547058679,8.166666666666666,6.0,0.5476030583591543,0.5476030583591543,0.5476030583591543,0.5476030583591543,0.0,0,cqi|cost|switching,cqi|cost|switching,cqi,1,7,0.016666666666666607,0.0
mid,medium,seed_0008,3,0,0.5559363916924877,1500.0,1.0,2.0,1.0,0.0,0.0,0.0,0.0,12.416666666666666,2.289771944005681,3.25,8.0,0.375,1.3333333333333333,1.3956633630557047,2.0,0.0,0.0,2.0833333333333335,4.326388888888888,1.3056848340248381,0.9068621608745867,0.046568919562706645,8.666666666666666,6.0,0.5559363916924877,0.5559363916924877,0.5559363916924877,0.5559363916924877,0.0,0,cqi|cost|switching,cqi|cost|switching,cqi,1,5,0.0,0.0
mid,medium,seed_0008,4,0,0.5559363916924877,1500.0,1.0,2.0,1.0,0.0,0.0,0.0,0.0,12.25,2.331844763272204,3.0,8.0,0.375,1.25,1.3064665831652797,2.0,0.0,0.0,2.125,4.444444444444445,1.5520794494109993,0.9440475909244058,0.02797620453779709,8.666666666666666,6.0,0.5559363916924877,0.5559363916924877,0.5559363916924877,0.5559363916924877,0.0,0,cqi|cost|switching,cqi|cost|switching,cqi,1,5,0.0,0.0
mid,medium,seed_0008,5,0,0.5088334760377006,1381.25,1.0,1.875,0.950805949229092,0.025000000000000005,0.125,0.125,0.22826086956521738,12.125,2.3859397170367345,3.25,8.0,0.4166666666666667,1.7083333333333333,1.346002314923446,2.0,0.0,0.0,2.0833333333333335,4.361111111111112,1.3260798069200013,0.9349292034940515,0.032535398252974246,8.666666666666666,6.0,0.47165751122283334,0.5088334760377006,0.47165751122283334,0.5088334760377006,0.0,0,cost,cost,cost,2,5,0.037175964814867235,0.0
mid,medium,seed_0008,6,0,0.5434363916924877,1500.0,1.0,2.0,1.0,0.025000000000000005,0.125,0.125,0.22826086956521738,12.5,2.449489742783178,3.0,8.0,0.5833333333333334,2.375,1.41132351597238,1.875,0.33071891388307384,1.0,2.4583333333333335,4.256944444444444,1.1405602573372806,0.8880229236164079,0.055988538191796056,8.0,6.0,0.5434363916924877,0.5434363916924877,0.5434363916924877,0.5434363916924877,0.0,0,cqi|cost|switching,cqi|cost|switching,cqi,1,6,0.027275917485078294,0.0
mid,medium,seed_0008,7,0,0.5088334760377006,1381.25,1.0,1.875,0.950805949229092,0.025000000000000005,0.125,0.125,0.22826086956521738,12.208333333333334,2.449135334947599,3.25,9.0,0.375,1.7916666666666667,1.451692141469156,2.0,0.0,0.0,2.0833333333333335,4.479166666666667,1.6110961445664989,0.9434646755371185,0.028267662231440727,8.666666666666666,6.0,0.44602958849798463,0.5088334760377006,0.44602958849798463,0.5088334760377006,0.0,0,cost,cost,cost,2,6,0.1378038875397159,0.0
mid,medium,seed_0008,8,0,0.6123449187815327,2795.8333333333335,1.0,2.8333333333333335,0.9445906027877781,0.19166666666666668,0.9166666666666666,0.9583333333333334,0.08333333333333333,13.208333333333334,1.9786183450972943,1.25,7.0,0.5833333333333334,1.75,1.390387293841589,1.875,0.33071891388307384,1.0,2.5833333333333335,4.0,0.8050764858994133,0.7968996270857939,0.10155018645710306,7.5,6.0,0.5733389928123805,0.6123449187815327,0.60117528913029,0.6123449187815327,0.0,0,cost,cost,cost,2,7,0.05567259263581892,0.0
mid,medium,seed_0008,9,0,0.5689967705253188,2285.4166666666665,1.0,2.4166666666666665,0.8081299928548789,0.08333333333333333,0.20833333333333334,0.4166666666666667,0.3442028985507246,12.666666666666666,2.4094720491334933,3.25,9.0,0.5,1.4583333333333333,1.3674871512611562,2.8333333333333335,0.5527707983925666,2.0,1.5416666666666667,4.305555555555555,1.5881991509914228,0.890917262219772,0.05454136889011402,16.0,6.0,0.5689967705253188,0.4559363916924877,0.49001488168069557,0.5689967705253188,0.0,0,cqi,cqi,cqi,2,7,0.0,0.0
mid,medium,seed_0008,10,0,0.5373541409831811,2416.6666666666665,1.0,2.375,0.8187305295950156,0.10833333333333334,0.3333333333333333,0.5416666666666666,0.2898550724637681,12.75,2.277608394786075,3.0,7.0,0.5,1.9166666666666667,1.4404250494902853,2.4166666666666665,0.9090593428863095,2.0,1.875,4.131944444444444,0.903925552421762,0.9193871219982582,0.040306439000870886,12.666666666666666,6.0,0.5373541409831811,0.4581874743165144,0.5000887928095129,0.5373541409831811,0.0,0,cqi,cqi,cqi,2,7,0.0,0.0
mid,medium,seed_0008,11,0,0.43510305835915436,1500.0,1.0,2.0,1.0,0.2416666666666667,1.0,1.2083333333333333,0.3442028985507246,12.625,2.156627382434589,2.0,8.0,0.4166666666666667,1.2916666666666667,1.380877319825368,2.375,1.2183492931011204,3.0,1.8333333333333333,4.236111111111111,1.2536212976910897,0.9032511115616246,0.048374444219187684,13.666666666666666,6.0,0.43510305835915436,0.43510305835915436,0.43510305835915436,0.43510305835915436,0.0,0,cqi|cost|switching,cqi|cost|switching,cqi,1,7,0.0,0.0
mid,medium,seed_0008,12,0,0.5559363916924877,1500.0,1.0,2.0,1.0,0.0,0.0,0.0,0.0,12.833333333333334,1.7716909687891083,2.25,7.0,0.4583333333333333,1.125,1.110182483788004,2.0,0.0,0.0,2.3333333333333335,4.013888888888888,0.7326964827283321,0.9209459686173079,0.039527015691346035,8.166666666666666,6.0,0.5559363916924877,0.5559363916924877,0.5559363916924877,0.5559363916924877,0.0,0,cqi|cost|switching,cqi|cost|switching,cqi,1,5,0.0,0.0
mid,medium,seed_0008,13,0,0.5559363916924877,1500.0,1.0,2.0,1.0,0.0,0.0,0.0,0.0,12.916666666666666,2.1392496088322392,2.25,8.0,0.5,1.4166666666666667,1.0825456879692772,2.0,0.0,0.0,2.3333333333333335,4.249999999999999,1.4766704288891126,0.849593257010613,0.07520337149469353,8.5,6.0,0.5559363916924877,0.5559363916924877,0.5559363916924877,0.5559363916924877,0.0,0,cqi|cost|switching,cqi|cost|switching,cqi,1,5,0.0,0.0
mid,medium,seed_0008,14,0,0.608178252114866,2795.8333333333335,1.0,2.8333333333333335,0.9445906027877781,0.20000000000000004,1.0,1.0,0.15942028985507245,13.041666666666666,1.7906974122453583,1.0,8.0,0.5416666666666666,1.375,1.066761787218372,2.0,0.0,0.0,2.4166666666666665,4.006944444444444,0.9409401901066957,0.7521698987790228,0.12391505061048858,8.333333333333334,6.0,0.5886752891302899,0.608178252114866,0.5886752891302899,0.608178252114866,0.0,0,cost,cost,cost,2,5,0.0195029629845761,0.0
mid,heavy,seed_0008,0,1,0.1791130664541918,550.0,1.0,1.0,1.0,0.20000000000000004,1.0,1.0,0.0,12.083333333333334,2.43099202430247,1.75,9.0,0.25,1.5833333333333333,1.3340552728113748,0.0,0.0,0.0,3.9166666666666665,4.597222222222222,1.7735953405720162,0.8870116434742393,0.056494178262880335,12.0,2.0,0.1791130664541918,0.1791130664541918,0.1791130664541918,0.1791130664541918,0.0,0,cqi|cost|switching,cqi|cost|switching,cqi,1,5,0.0,0.0
mid,heavy,seed_0008,1,0,0.2791130664541918,550.0,1.0,1.0,1.0,0.0,0.0,0.0,0.0,12.083333333333334,2.158638974498103,1.25,9.0,0.16666666666666666,1.1666666666666667,1.3332994131801434,1.0,0.0,0.0,2.9583333333333335,4.465277777777778,1.6728905779525656,0.8804483667016643,0.05977581664916787,13.0,2.0,0.2791130664541918,0.2791130664541918,0.2791130664541918,0.2791130664541918,0.0,0,cqi|cost|switching,cqi|cost|switching,cqi,1,5,0.0,0.0
mid,heavy,seed_0008,2,0,0.2791130664541918,550.0,1.0,1.0,1.0,0.0,0.0,0.0,0.0,12.5,2.48327740429189,2.25,9.0,0.375,1.5833333333333333,1.4532126699987717,1.0,0.0,0.0,3.1666666666666665,4.430555555555555,1.892918495894307,0.9010094290588264,0.04949528547058679,12.5,2.0,0.2791130664541918,0.2791130664541918,0.2791130664541918,0.2791130664541918,0.0,0,cqi|cost|switching,cqi|cost|switching,cqi,1,5,0.0,0.0
mid,heavy,seed_0008,3,0,0.2791130664541918,550.0,1.0,1.0,1.0,0.0,0.0,0.0,0.0,12.416666666666666,2.289771944005681,3.25,8.0,0.375,1.3333333333333333,1.3956633630557047,1.0,0.0,0.0,3.0833333333333335,4.326388888888888,1.3056848340248381,0.9068621608745867,0.046568919562706645,12.5,2.0,0.2791130664541918,0.2791130664541918,0.2791130664541918,0.2791130664541918,0.0,0,cqi|cost|switching,cqi|cost|switching,cqi,1,5,0.0,0.0
mid,heavy,seed_0008,4,0,0.2791130664541918,550.0,1.0,1.0,1.0,0.0,0.0,0.0,0.0,12.25,2.331844763272204,3.0,8.0,0.375,1.25,1.3064665831652797,1.0,0.0,0.0,3.125,4.444444444444445,1.5520794494109993,0.9440475909244058,0.02797620453779709,12.0,2.0,0.2791130664541918,0.2791130664541918,0.2791130664541918,0.2791130664541918,0.0,0,cqi|cost|switching,cqi|cost|switching,cqi,1,5,0.0,0.0
mid,heavy,seed_0008,5,0,0.2791130664541918,550.0,1.0,1.0,1.0,0.0,0.0,0.0,0.0,12.125,2.3859397170367345,3.25,8.0,0.4166666666666667,1.7083333333333333,1.346002314923446,1.0,0.0,0.0,3.0833333333333335,4.361111111111112,1.3260798069200013,0.9349292034940515,0.032535398252974246,12.0,2.0,0.2791130664541918,0.2791130664541918,0.2791130664541918,0.2791130664541918,0.0,0,cqi|cost|switching,cqi|cost|switching,cqi,1,5,0.0,0.0
mid,heavy,seed_0008,6,0,0.2791130664541918,550.0,1.0,1.0,1.0,0.0,0.0,0.0,0.0,12.5,2.449489742783178,3.0,8.0,0.5833333333333334,2.375,1.41132351597238,1.0,0.0,0.0,3.3333333333333335,4.256944444444444,1.1405602573372806,0.8880229236164079,0.055988538191796056,12.0,2.0,0.2791130664541918,0.2791130664541918,0.2791130664541918,0.2791130664541918,0.0,0,cqi|cost|switching,cqi|cost|switching,cqi,1,4,0.0,0.0
mid,heavy,seed_0008,7,0,0.1685384220717192,447.9166666666667,1.0,0.7083333333333334,0.8879860150607038,0.05833333333333334,0.2916666666666667,0.2916666666666667,0.4311594202898551,12.208333333333334,2.449135334947599,3.25,9.0,0.375,1.7916666666666667,1.451692141469156,1.0,0.0,0.0,3.0833333333333335,4.479166666666667,1.6110961445664989,0.9434646755371185,0.028267662231440727,12.5,2.0,0.1685384220717192,-0.005776066852582103,0.1685384220717192,0.1685384220717192,0.0,0,cqi|switching,cqi|switching,cqi,2,6,0.0,0.0
mid,heavy,seed_0008,8,0,0.24994639978752523,550.0,1.0,1.0,1.0,0.05833333333333334,0.2916666666666667,0.2916666666666667,0.3442028985507246,13.208333333333334,1.9786183450972943,1.25,7.0,0.5833333333333334,1.75,1.390387293841589,0.7083333333333334,0.45452967144315476,1.0,3.75,4.0,0.8050764858994133,0.7968996270857939,0.10155018645710306,12.0,2.0,0.2499463997875252,0.24994639978752523,0.24994639978752517,0.24994639978752523,0.0,0,cqi|cost|switching,cost,cost,2,7,2.7755575615628914e-17,0.0
mid,heavy,seed_0008,9,0,0.2791130664541918,550.0,1.0,1.0,1.0,0.0,0.0,0.0,0.15942028985507245,12.666666666666666,2.4094720491334933,3.25,9.0,0.5,1.4583333333333333,1.3674871512611562,1.0,0.0,0.0,3.2916666666666665,4.305555555555555,1.5881991509914228,0.890917262219772,0.05454136889011402,12.5,2.0,0.2791130664541918,0.2791130664541918,0.2791130664541918,0.2791130664541918,0.0,0,cqi|cost|switching,cqi|cost|switching,cqi,1,5,0.0,0.0
mid,heavy,seed_0008,10,0,0.2791130664541918,550.0,1.0,1.0,1.0,0.0,0.0,0.0,0.0,12.75,2.277608394786075,3.0,7.0,0.5,1.9166666666666667,1.4404250494902853,1.0,0.0,0.0,3.2916666666666665,4.131944444444444,0.903925552421762,0.9193871219982582,0.040306439000870886,12.5,2.0,0.2791130664541918,0.2791130664541918,0.2791130664541918,0.2791130664541918,0.0,0,cqi|cost|switching,cqi|cost|switching,cqi,1,5,0.0,0.0
mid,heavy,seed_0008,11,0,0.2791130664541918,550.0,1.0,1.0,1.0,0.0,0.0,0.0,0.0,12.625,2.156627382434589,2.0,8.0,0.4166666666666667,1.2916666666666667,1.380877319825368,1.0,0.0,0.0,3.2083333333333335,4.236111111111111,1.2536212976910897,0.9032511115616246,0.048374444219187684,12.5,2.0,0.2791130664541918,0.2791130664541918,0.2791130664541918,0.2791130664541918,0.0,0,cqi|cost|switching,cqi|cost|switching,cqi,1,5,0.0,0.0
mid,heavy,seed_0008,12,0,0.2791130664541918,550.0,1.0,1.0,1.0,0.0,0.0,0.0,0.0,12.833333333333334,1.7716909687891083,2.25,7.0,0.4583333333333333,1.125,1.110182483788004,1.0,0.0,0.0,3.3333333333333335,4.013888888888888,0.7326964827283321,0.9209459686173079,0.039527015691346035,12.0,2.0,0.2791130664541918,0.2791130664541918,0.2791130664541918,0.2791130664541918,0.0,0,cqi|cost|switching,cqi|cost|switching,cqi,1,5,0.0,0.0
mid,heavy,seed_0008,13,0,0.2791130664541918,550.0,1.0,1.0,1.0,0.0,0.0,0.0,0.0,12.916666666666666,2.1392496088322392,2.25,8.0,0.5,1.4166666666666667,1.0825456879692772,1.0,0.0,0.0,3.3333333333333335,4.249999999999999,1.4766704288891126,0.849593257010613,0.07520337149469353,12.5,2.0,0.2791130664541918,0.2791130664541918,0.2791130664541918,0.2791130664541918,0.0,0,cqi|cost|switching,cqi|cost|switching,cqi,1,5,0.0,0.0
mid,heavy,seed_0008,14,0,0.27911306645419187,550.0,1.0,1.0,1.0,0.0,0.0,0.0,0.22826086956521738,13.041666666666666,1.7906974122453583,1.0,8.0,0.5416666666666666,1.375,1.066761787218372,1.0,0.0,0.0,3.4166666666666665,4.006944444444444,0.9409401901066957,0.7521698987790228,0.12391505061048858,12.0,2.0,0.27911306645419187,0.27911306645419187,0.27911306645419187,0.27911306645419187,0.0,0,cqi|cost|switching,cqi|switching,cqi,2,5,0.0,0.0
mid,light,seed_0009,0,1,0.4471841780840183,3000.0,1.0,3.0,1.0,0.6,1.0,3.0,0.0,12.791666666666666,1.9360433592481572,2.0,7.0,0.4166666666666667,1.4166666666666667,1.1951990455879804,0.0,0.0,0.0,4.25,4.006944444444444,0.6244982553920022,0.8757655707437451,0.06211721462812747,2.0,12.0,0.4471841780840183,0.4471841780840183,0.4471841780840183,0.4471841780840183,0.0,0,cqi|cost|switching,cqi|cost|switching,cqi,1,5,0.0,0.0
mid,light,seed_0009,1,0,0.7471841780840182,3000.0,1.0,3.0,1.0,0.0,0.0,0.0,0.0,12.625,2.32401412789739,2.25,8.0,0.5,1.5833333333333333,1.2933049795361953,3.0,0.0,0.0,1.3333333333333333,4.229166666666667,1.1199087471092686,0.8819081794661576,0.05904591026692119,8.583333333333334,12.0,0.7471841780840182,0.7471841780840182,0.7471841780840182,0.7471841780840182,0.0,0,cqi|cost|switching,cqi|cost|switching,cqi,1,5,0.0,0.0
mid,light,seed_0009,2,0,0.7229135292180572,2875.0,1.0,2.9166666666666665,0.9796296296296296,0.016666666666666666,0.08333333333333333,0.08333333333333333,0.15942028985507245,12.5,2.29128784747792,3.0,8.0,0.4583333333333333,1.875,1.3821934335903896,3.0,0.0,0.0,1.3333333333333333,4.208333333333333,1.2974779667008123,0.8967598894165785,0.051620055291710765,8.416666666666666,12.0,0.6622369070531552,0.7229135292180572,0.6622369070531552,0.7229135292180572,0.0,0,cost,cost,cost,2,5,0.060676622164901994,0.0
mid,light,seed_0009,3,0,0.7388508447506849,3000.0,1.0,3.0,1.0,0.016666666666666666,0.08333333333333333,0.08333333333333333,0.15942028985507245,12.791666666666666,1.9360433592481572,2.0,7.0,0.5,1.2083333333333333,1.2485737415761662,2.9166666666666665,0.2763853991962833,1.0,1.4166666666666667,4.041666666666667,0.8281086214313247,0.8909887525556318,0.05450562372218409,8.0,12.0,0.7388508447506849,0.7388508447506849,0.7388508447506849,0.7388508447506849,0.0,0,cqi|cost|switching,cqi|cost|switching,cqi,1,7,0.02083333333333315,0.0
mid,light,seed_0009,4,0,0.7471841780840182,3000.0,1.0,3.0,1.0,0.0,0.0,0.0,0.0,12.833333333333334,1.9293061504650375,4.0,6.0,0.4583333333333333,1.4583333333333333,1.221792966705231,3.0,0.0,0.0,1.375,3.9375,0.35943789707243157,0.9185150012321152,0.04074249938394242,8.083333333333334,12.0,0.7471841780840182,0.7471841780840182,0.7471841780840182,0.7471841780840182,0.0,0,cqi|cost|switching,cqi|cost|switching,cqi,1,5,0.0,0.0
mid,light,seed_0009,5,0,0.7350488536510378,2937.5,1.0,2.9583333333333335,0.9896953405017921,0.008333333333333333,0.041666666666666664,0.041666666666666664,0.08333333333333333,12.875,2.1077733116569566,2.0,9.0,0.5416666666666666,1.375,1.2820107647167511,3.0,0.0,0.0,1.4583333333333333,4.138888888888888,1.5513335561603558,0.899352444465309,0.05032377776734548,8.5,12.0,0.6636752891302898,0.7350488536510378,0.6636752891302898,0.7350488536510378,0.0,0,cost,cost,cost,2,5,0.07137356452074795,0.0
mid,light,seed_0009,6,0,0.7151812150994421,2897.9166666666665,1.0,2.9166666666666665,0.9722511989323172,0.025000000000000005,0.08333333333333333,0.125,0.15942028985507245,11.916666666666666,2.1778557242286634,3.25,8.0,0.25,1.625,1.2550196557122677,2.9583333333333335,0.19982631347136331,1.0,1.0416666666666667,4.326388888888889,1.1339450623028384,0.9582395825253089,0.02088020873734553,8.25,12.0,0.6421329248538609,0.7151812150994421,0.6421329248538609,0.7151812150994421,0.0,0,cost,cost,cost,2,6,0.07721495691224789,0.0
mid,light,seed_0009,7,0,0.7388508447506849,3000.0,1.0,3.0,1.0,0.016666666666666666,0.041666666666666664,0.08333333333333333,0.08333333333333333,12.5,2.327373340628157,2.5,8.0,0.4583333333333333,1.5,1.3316359947078673,2.9166666666666665,0.39965262694272663,2.0,1.4166666666666667,4.326388888888888,1.3671739968468977,0.9361994766760181,0.03190026166199095,8.333333333333334,12.0,0.7388508447506849,0.7388508447506849,0.7388508447506849,0.7388508447506849,0.0,0,cqi|cost|switching,cqi|cost|switching,cqi,1,7,0.029166666666666563,0.0
mid,light,seed_0009,8,0,0.6743722314861356,2625.0,1.0,2.75,0.9423076923076923,0.05000000000000001,0.25,0.25,0.391304347826087,12.416666666666666,2.5317429218272185,4.25,9.0,0.5,1.25,1.3792190372304753,3.0,0.0,0.0,1.25,4.256944444444444,1.2864852767458905,0.9149063260828774,0.04254683695856132,8.416666666666666,12.0,0.6379662581871942,0.6743722314861356,0.6379662581871942,0.6743722314861356,0.0,0,cost,cost,cost,2,5,0.03640597329894135,0.0
mid,light,seed_0009,9,0,0.7221841780840182,3000.0,1.0,3.0,1.0,0.05000000000000001,0.25,0.25,0.391304347826087,12.583333333333334,1.8689717910004835,3.0,7.0,0.4583333333333333,2.1666666666666665,1.368239155713882,2.75,0.4330127018922193,1.0,1.5416666666666667,4.0625,0.9632272384868293,0.913974486005677,0.043012756997161505,7.166666666666667,12.0,0.7221841780840182,0.7221841780840182,0.7221841780840182,0.7221841780840182,0.0,0,cqi|cost|switching,cqi|cost|switching,cqi,1,7,0.012499999999999956,0.0
mid,light,seed_0009,10,0,0.6865075559191159,2687.5,1.0,2.7916666666666665,0.9511316872427984,0.041666666666666664,0.20833333333333334,0.20833333333333334,0.3442028985507246,12.375,1.8666480653835098,3.0,6.0,0.375,1.875,1.4045928675028287,3.0,0.0,0.0,1.1666666666666667,4.041666666666667,0.6090558874800194,0.9392308285161238,0.030384585741938086,8.166666666666666,12.0,0.601560284888253,0.6865075559191159,0.601560284888253,0.6865075559191159,0.0,0,cost,cost,cost,2,5,0.08494727103086297,0.0
mid,light,seed_0009,11,0,0.7327451099959196,4545.833333333333,1.0,3.4166666666666665,0.8439841680422489,0.17500000000000002,0.8333333333333334,0.875,0.2898550724637681,13.083333333333334,1.8911342863183696,4.0,6.0,0.5416666666666666,1.5416666666666667,1.3985121204198692,2.7916666666666665,0.4061164310337068,1.0,1.6666666666666667,3.972222222222222,0.6591005843169263,0.8608352563210782,0.06958237183946092,7.333333333333333,12.0,0.7327451099959196,0.7263508447506849,0.7263508447506849,0.7327451099959196,0.0,0,cqi,cqi,cqi,2,7,0.02083333333333326,0.0
mid,light,seed_0009,12,0,0.6395801958847239,2875.0,1.0,2.9166666666666665,0.9796296296296296,0.18333333333333335,0.9166666666666666,0.9166666666666666,0.3442028985507246,12.541666666666666,2.04081614937641,2.0,8.0,0.375,1.7916666666666667,1.3906416183737298,3.4166666666666665,0.9090593428863095,2.0,0.9166666666666666,4.249999999999999,1.2972549365372907,0.926350294291635,0.03682485285418252,10.75,12.0,0.611507555919116,0.6395801958847239,0.6205702403864884,0.6395801958847239,0.0,0,cost,cost,cost,2,7,0.028072639965607937,0.0
mid,light,seed_0009,13,0,0.6705702403864885,2562.5,1.0,2.7083333333333335,0.9338888888888889,0.041666666666666664,0.20833333333333334,0.20833333333333334,0.3442028985507246,12.375,2.7051263063549054,5.0,8.0,0.5,1.6666666666666667,1.2780454131373273,2.9166666666666665,0.2763853991962833,1.0,1.2916666666666667,4.493055555555555,1.3940010085105374,0.9243332217481292,0.037833389125935424,8.166666666666666,12.0,0.658434915953508,0.6246194891568493,0.6705702403864885,0.658434915953508,0.012135324432980488,1,switching,switching,switching,2,7,0.007968657766313725,0.012135324432980488
mid,light,seed_0009,14,0,0.7180175114173517,3000.0,1.0,3.0,1.0,0.05833333333333334,0.2916666666666667,0.2916666666666667,0.4311594202898551,12.541666666666666,2.14046658984022,2.5,8.0,0.3333333333333333,1.8333333333333333,1.2948488313388706,2.7083333333333335,0.45452967144315476,1.0,1.5,4.166666666666667,1.137533068302404,0.9103374633131008,0.04483126834344958,7.166666666666667,12.0,0.7180175114173517,0.7180175114173517,0.7180175114173517,0.7180175114173517,0.0,0,cqi|cost|switching,cqi|cost|switching,cqi,1,7,0.004166666666666763,0.004166666666666763
mid,medium,seed_0009,0,1,0.35593639169248764,1500.0,1.0,2.0,1.0,0.4000000000000001,1.0,2.0,0.0,12.791666666666666,1.9360433592481572,2.0,7.0,0.4166666666666667,1.4166666666666667,1.1951990455879804,0.0,0.0,0.0,4.25,4.006944444444444,0.6244982553920022,0.8757655707437451,0.06211721462812747,4.0,6.0,0.35593639169248764,0.35593639169248764,0.35593639169248764,0.35593639169248764,0.0,0,cqi|cost|switching,cqi|cost|switching,cqi,1,5,0.0,0.0
mid,medium,seed_0009,1,0,0.5559363916924877,1500.0,1.0,2.0,1.0,0.0,0.0,0.0,0.0,12.625,2.32401412789739,2.25,8.0,0.5,1.5833333333333333,1.2933049795361953,2.0,0.0,0.0,2.25,4.229166666666667,1.1199087471092686,0.8819081794661576,0.05904591026692119,8.5,6.0,0.5559363916924877,0.5559363916924877,0.5559363916924877,0.5559363916924877,0.0,0,cqi|cost|switching,cqi|cost|switching,cqi,1,5,0.0,0.0
mid,medium,seed_0009,2,0,0.5245344479226296,1420.8333333333333,1.0,1.9166666666666667,0.966977680204903,0.016666666666666666,0.08333333333333333,0.08333333333333333,0.15942028985507245,12.5,2.29128784747792,3.0,8.0,0.4583333333333333,1.875,1.3821934335903896,2.0,0.0,0.0,2.1666666666666665,4.208333333333333,1.2974779667008123,0.8967598894165785,0.051620055291710765,8.5,6.0,0.5106634371919855,0.5245344479226296,0.5106634371919855,0.5245344479226296,0.0,0,cost,cost,cost,2,5,0.013871010730644118,0.0
mid,medium,seed_0009,3,0,0.5476030583591543,1500.0,1.0,2.0,1.0,0.016666666666666666,0.08333333333333333,0.08333333333333333,0.15942028985507245,12.791666666666666,1.9360433592481572,2.0,7.0,0.5,1.2083333333333333,1.2485737415761662,1.9166666666666667,0.2763853991962833,1.0,2.4166666666666665,4.041666666666667,0.8281086214313247,0.8909887525556318,0.05450562372218409,8.0,6.0,0.5476030583591543,0.5476030583591543,0.5476030583591543,0.5476030583591543,0.0,0,cqi|cost|switching,cqi|cost|switching,cqi,1,7,0.025945547136321023,0.0
mid,medium,seed_0009,4,0,0.5559363916924877,1500.0,1.0,2.0,1.0,0.0,0.0,0.0,0.0,12.833333333333334,1.9293061504650375,4.0,6.0,0.4583333333333333,1.4583333333333333,1.221792966705231,2.0,0.0,0.0,2.375,3.9375,0.35943789707243157,0.9185150012321152,0.04074249938394242,8.0,6.0,0.5559363916924877,0.5559363916924877,0.5559363916924877,0.5559363916924877,0.0,0,cqi|cost|switching,cqi|cost|switching,cqi,1,5,0.04544851012089712,0.0
mid,medium,seed_0009,5,0,0.5559363916924877,1500.0,1.0,2.0,1.0,0.0,0.0,0.0,0.0,12.875,2.1077733116569566,2.0,9.0,0.5416666666666666,1.375,1.2820107647167511,2.0,0.0,0.0,2.375,4.138888888888888,1.5513335561603558,0.899352444465309,0.05032377776734548,8.333333333333334,6.0,0.5559363916924877,0.5559363916924877,0.5559363916924877,0.5559363916924877,0.0,0,cqi|cost|switching,cqi|cost|switching,cqi,1,5,0.025945547136321023,0.0
mid,medium,seed_0009,6,0,0.5559363916924877,1500.0,1.0,2.0,1.0,0.0,0.0,0.0,0.0,11.916666666666666,2.1778557242286634,3.25,8.0,0.25,1.625,1.2550196557122677,2.0,0.0,0.0,1.9166666666666667,4.326388888888889,1.1339450623028384,0.9582395825253089,0.02088020873734553,8.333333333333334,6.0,0.5559363916924877,0.5559363916924877,0.5559363916924877,0.5559363916924877,0.0,0,cqi|cost|switching,cqi|cost|switching,cqi,1,5,0.09999999999999998,0.0
mid,medium,seed_0009,7,0,0.5559363916924877,1500.0,1.0,2.0,1.0,0.0,0.0,0.0,0.0,12.5,2.327373340628157,2.5,8.0,0.4583333333333333,1.5,1.3316359947078673,2.0,0.0,0.0,2.25,4.326388888888888,1.3671739968468977,0.9361994766760181,0.03190026166199095,8.666666666666666,6.0,0.5559363916924877,0.5559363916924877,0.5559363916924877,0.5559363916924877,0.0,0,cqi|cost|switching,cqi|cost|switching,cqi,1,5,0.0,0.0
mid,medium,seed_0009,8,0,0.5559363916924877,1500.0,1.0,2.0,1.0,0.0,0.0,0.0,0.0,12.416666666666666,2.5317429218272185,4.25,9.0,0.5,1.25,1.3792190372304753,2.0,0.0,0.0,2.1666666666666665,4.256944444444444,1.2864852767458905,0.9149063260828774,0.04254683695856132,8.333333333333334,6.0,0.5559363916924877,0.5559363916924877,0.5559363916924877,0.5559363916924877,0.0,0,cqi|cost|switching,cqi|cost|switching,cqi,1,5,0.0,0.0
mid,medium,seed_0009,9,0,0.5559363916924877,1500.0,1.0,2.0,1.0,0.0,0.0,0.0,0.0,12.583333333333334,1.8689717910004835,3.0,7.0,0.4583333333333333,2.1666666666666665,1.368239155713882,2.0,0.0,0.0,2.2916666666666665,4.0625,0.9632272384868293,0.913974486005677,0.043012756997161505,8.333333333333334,6.0,0.5559363916924877,0.5559363916924877,0.5559363916924877,0.5559363916924877,0.0,0,cqi|cost|switching,cqi|cost|switching,cqi,1,5,0.0,0.0
mid,medium,seed_0009,10,0,0.5559363916924877,1500.0,1.0,2.0,1.0,0.0,0.0,0.0,0.0,12.375,1.8666480653835098,3.0,6.0,0.375,1.875,1.4045928675028287,2.0,0.0,0.0,2.1666666666666665,4.041666666666667,0.6090558874800194,0.9392308285161238,0.030384585741938086,8.166666666666666,6.0,0.5559363916924877,0.5559363916924877,0.5559363916924877,0.5559363916924877,0.0,0,cqi|cost|switching,cqi|cost|switching,cqi,1,5,0.0,0.0
mid,medium,seed_0009,11,0,0.5559363916924877,1500.0,1.0,2.0,1.0,0.0,0.0,0.0,0.0,13.083333333333334,1.8911342863183696,4.0,6.0,0.5416666666666666,1.5416666666666667,1.3985121204198692,2.0,0.0,0.0,2.4583333333333335,3.972222222222222,0.6591005843169263,0.8608352563210782,0.06958237183946092,8.333333333333334,6.0,0.5559363916924877,0.5559363916924877,0.5559363916924877,0.5559363916924877,0.0,0,cqi|cost|switching,cqi|cost|switching,cqi,1,5,0.0,0.0
mid,medium,seed_0009,12,0,0.5245344479226296,1420.8333333333333,1.0,1.9166666666666667,0.966977680204903,0.016666666666666666,0.08333333333333333,0.08333333333333333,0.15942028985507245,12.541666666666666,2.04081614937641,2.0,8.0,0.375,1.7916666666666667,1.3906416183737298,2.0,0.0,0.0,2.1666666666666665,4.249999999999999,1.2972549365372907,0.926350294291635,0.03682485285418252,8.333333333333334,6.0,0.47743153226784263,0.5245344479226296,0.47743153226784263,0.5245344479226296,0.0,0,cost,cost,cost,2,5,0.04710291565478697,0.0
mid,medium,seed_0009,13,0,0.485764865601176,1302.0833333333333,1.0,1.7916666666666667,0.9192906900122376,0.025000000000000005,0.125,0.125,0.22826086956521738,12.375,2.7051263063549054,5.0,8.0,0.5,1.6666666666666667,1.2780454131373273,1.9166666666666667,0.2763853991962833,1.0,2.2083333333333335,4.493055555555555,1.3940010085105374,0.9243332217481292,0.037833389125935424,8.166666666666666,6.0,0.438661949946389,0.485764865601176,0.45436292183131805,0.485764865601176,0.0,0,cost,cost,cost,2,7,0.04293624898812026,0.0
mid,medium,seed_0009,14,0,0.5351030583591544,1500.0,1.0,2.0,1.0,0.041666666666666664,0.20833333333333334,0.20833333333333334,0.3442028985507246,12.541666666666666,2.14046658984022,2.5,8.0,0.3333333333333333,1.8333333333333333,1.2948488313388706,1.7916666666666667,0.40611643103370687,1.0,2.3333333333333335,4.166666666666667,1.137533068302404,0.9103374633131008,0.04483126834344958,7.5,6.0,0.5351030583591544,0.5351030583591544,0.5351030583591544,0.5351030583591544,0.0,0,cqi|cost|switching,cqi|cost|switching,cqi,1,7,0.012499999999999956,0.0
mid,heavy,seed_0009,0,1,0.1791130664541918,550.0,1.0,1.0,1.0,0.20000000000000004,1.0,1.0,0.0,12.791666666666666,1.9360433592481572,2.0,7.0,0.4166666666666667,1.4166666666666667,1.1951990455879804,0.0,0.0,0.0,4.25,4.006944444444444,0.6244982553920022,0.8757655707437451,0.06211721462812747,12.0,2.0,0.1791130664541918,0.1791130664541918,0.1791130664541918,0.1791130664541918,0.0,0,cqi|cost|switching,cqi|cost|switching,cqi,1,5,0.0,0.0
mid,heavy,seed_0009,1,0,0.2791130664541918,550.0,1.0,1.0,1.0,0.0,0.0,0.0,0.0,12.625,2.32401412789739,2.25,8.0,0.5,1.5833333333333333,1.2933049795361953,1.0,0.0,0.0,3.25,4.229166666666667,1.1199087471092686,0.8819081794661576,0.05904591026692119,12.0,2.0,0.2791130664541918,0.2791130664541918,0.2791130664541918,0.2791130664541918,0.0,0,cqi|cost|switching,cqi|cost|switching,cqi,1,5,0.0,0.0
mid,heavy,seed_0009,2,0,0.2791130664541918,550.0,1.0,1.0,1.0,0.0,0.0,0.0,0.0,12.5,2.29128784747792,3.0,8.0,0.4583333333333333,1.875,1.3821934335903896,1.0,0.0,0.0,3.1666666666666665,4.208333333333333,1.2974779667008123,0.8967598894165785,0.051620055291710765,12.5,2.0,0.2791130664541918,0.2791130664541918,0.2791130664541918,0.2791130664541918,0.0,0,cqi|cost|switching,cqi|cost|switching,cqi,1,5,0.0,0.0
mid,heavy,seed_0009,3,0,0.2791130664541918,550.0,1.0,1.0,1.0,0.0,0.0,0.0,0.0,12.791666666666666,1.9360433592481572,2.0,7.0,0.5,1.2083333333333333,1.2485737415761662,1.0,0.0,0.0,3.3333333333333335,4.041666666666667,0.8281086214313247,0.8909887525556318,0.05450562372218409,12.0,2.0,0.2791130664541918,0.2791130664541918,0.2791130664541918,0.2791130664541918,0.0,0,cqi|cost|switching,cqi|cost|switching,cqi,1,5,0.0,0.0
mid,heavy,seed_0009,4,0,0.27911306645419187,550.0,1.0,1.0,1.0,0.0,0.0,0.0,0.3442028985507246,12.833333333333334,1.9293061504650375,4.0,6.0,0.4583333333333333,1.4583333333333333,1.221792966705231,1.0,0.0,0.0,3.375,3.9375,0.35943789707243157,0.9185150012321152,0.04074249938394242,12.0,2.0,0.2791130664541918,0.27911306645419187,0.2791130664541918,0.27911306645419187,0.0,0,cqi|cost|switching,cost,cost,2,5,5.551115123125783e-17,0.0
mid,heavy,seed_0009,5,0,0.2791130664541918,550.0,1.0,1.0,1.0,0.0,0.0,0.0,0.3442028985507246,12.875,2.1077733116569566,2.0,9.0,0.5416666666666666,1.375,1.2820107647167511,1.0,0.0,0.0,3.375,4.138888888888888,1.5513335561603558,0.899352444465309,0.05032377776734548,12.5,2.0,0.2791130664541918,0.2791130664541918,0.2791130664541918,0.2791130664541918,0.0,0,cqi|cost|switching,cqi|cost|switching,cqi,1,5,0.0,0.0
mid,heavy,seed_0009,6,0,0.2791130664541918,550.0,1.0,1.0,1.0,0.0,0.0,0.0,0.0,11.916666666666666,2.1778557242286634,3.25,8.0,0.25,1.625,1.2550196557122677,1.0,0.0,0.0,2.9166666666666665,4.326388888888889,1.1339450623028384,0.9582395825253089,0.02088020873734553,12.0,2.0,0.2791130664541918,0.2791130664541918,0.2791130664541918,0.2791130664541918,0.0,0,cqi|cost|switching,cqi|cost|switching,cqi,1,5,0.0,0.0
mid,heavy,seed_0009,7,0,0.2791130664541918,550.0,1.0,1.0,1.0,0.0,0.0,0.0,0.0,12.5,2.327373340628157,2.5,8.0,0.4583333333333333,1.5,1.3316359947078673,1.0,0.0,0.0,3.25,4.326388888888888,1.3671739968468977,0.9361994766760181,0.03190026166199095,12.5,2.0,0.2791130664541918,0.2791130664541918,0.2791130664541918,0.2791130664541918,0.0,0,cqi|cost|switching,cqi|cost|switching,cqi,1,5,0.0,0.0
mid,heavy,seed_0009,8,0,0.2791130664541918,550.0,1.0,1.0,1.0,0.0,0.0,0.0,0.0,12.416666666666666,2.5317429218272185,4.25,9.0,0.5,1.25,1.3792190372304753,1.0,0.0,0.0,3.1666666666666665,4.256944444444444,1.2864852767458905,0.9149063260828774,0.04254683695856132,12.5,2.0,0.2791130664541918,0.2791130664541918,0.2791130664541918,0.2791130664541918,0.0,0,cqi|cost|switching,cqi|cost|switching,cqi,1,5,0.0,0.0
mid,heavy,seed_0009,9,0,0.2791130664541918,550.0,1.0,1.0,1.0,0.0,0.0,0.0,0.0,12.583333333333334,1.8689717910004835,3.0,7.0,0.4583333333333333,2.1666666666666665,1.368239155713882,1.0,0.0,0.0,3.2916666666666665,4.0625,0.9632272384868293,0.913974486005677,0.043012756997161505,12.5,2.0,0.2791130664541918,0.2791130664541918,0.2791130664541918,0.2791130664541918,0.0,0,cqi|cost|switching,cqi|cost|switching,cqi,1,5,0.0,0.0
mid,heavy,seed_0009,10,0,0.2791130664541918,550.0,1.0,1.0,1.0,0.0,0.0,0.0,0.0,12.375,1.8666480653835098,3.0,6.0,0.375,1.875,1.4045928675028287,1.0,0.0,0.0,3.1666666666666665,4.041666666666667,0.6090558874800194,0.9392308285161238,0.030384585741938086,12.0,2.0,0.2791130664541918,0.2791130664541918,0.2791130664541918,0.2791130664541918,0.0,0,cqi|cost|switching,cqi|cost|switching,cqi,1,5,0.0,0.0
mid,heavy,seed_0009,11,0,0.27911306645419187,550.0,1.0,1.0,1.0,0.0,0.0,0.0,0.15942028985507245,13.083333333333334,1.8911342863183696,4.0,6.0,0.5416666666666666,1.5416666666666667,1.3985121204198692,1.0,0.0,0.0,3.4583333333333335,3.972222222222222,0.6591005843169263,0.8608352563210782,0.06958237183946092,12.0,2.0,0.2791130664541918,0.27911306645419187,0.2791130664541918,0.27911306645419187,0.0,0,cqi|cost|switching,cost,cost,2,5,5.551115123125783e-17,0.0
mid,heavy,seed_0009,12,0,0.2791130664541918,550.0,1.0,1.0,1.0,0.0,0.0,0.0,0.15942028985507245,12.541666666666666,2.04081614937641,2.0,8.0,0.375,1.7916666666666667,1.3906416183737298,1.0,0.0,0.0,3.1666666666666665,4.249999999999999,1.2972549365372907,0.926350294291635,0.03682485285418252,12.5,2.0,0.2791130664541918,0.2791130664541918,0.2791130664541918,0.2791130664541918,0.0,0,cqi|cost|switching,cqi|cost|switching,cqi,1,5,0.0,0.0
mid,heavy,seed_0009,13,0,0.15274204430279456,433.3333333333333,1.0,0.6666666666666666,0.8733850129198967,0.06666666666666667,0.3333333333333333,0.3333333333333333,0.463768115942029,12.375,2.7051263063549054,5.0,8.0,0.5,1.6666666666666667,1.2780454131373273,1.0,0.0,0.0,3.125,4.493055555555555,1.3940010085105374,0.9243332217481292,0.037833389125935424,12.0,2.0,0.15274204430279456,-0.0689615779282808,0.15274204430279456,0.15274204430279456,0.0,0,cqi|switching,cqi|switching,cqi,2,5,0.0,0.0
mid,heavy,seed_0009,14,0,0.24577973312085852,550.0,1.0,1.0,1.0,0.06666666666666667,0.3333333333333333,0.3333333333333333,0.463768115942029,12.541666666666666,2.14046658984022,2.5,8.0,0.3333333333333333,1.8333333333333333,1.2948488313388706,0.6666666666666666,0.4714045207910317,1.0,3.4583333333333335,4.166666666666667,1.137533068302404,0.9103374633131008,0.04483126834344958,12.0,2.0,0.24577973312085852,0.24577973312085852,0.24577973312085852,0.24577973312085852,0.0,0,cqi|cost|switching,cqi|cost|switching,cqi,1,7,0.0,0.0
mid,light,seed_0010,0,1,0.47136420499767845,4366.666666666667,1.0,3.3333333333333335,0.8227144158396855,0.6666666666666666,1.0,3.3333333333333335,0.0,12.666666666666666,1.863389981249825,2.0,8.0,0.4583333333333333,1.5833333333333333,1.2014980317941848,0.0,0.0,0.0,4.291666666666667,4.215277777777778,1.3285322995650706,0.931064284149037,0.034467857925481515,2.0,12.0,0.47136420499767845,0.4471841780840183,0.47136420499767845,0.47136420499767845,0.0,0,cqi|switching,cqi|switching,cqi,2,5,0.0,0.0
mid,light,seed_0010,1,0,0.7380308716643452,4366.666666666667,1.0,3.3333333333333335,0.8227144158396855,0.13333333333333333,0.3333333333333333,0.6666666666666666,0.463768115942029,12.875,1.6409473889596013,2.0,6.0,0.4583333333333333,1.4583333333333333,1.1721737943401436,3.3333333333333335,0.9428090415820634,2.0,1.0833333333333333,3.9305555555555554,0.39650284510056105,0.94047001745571,0.02976499127214499,10.0,12.0,0.7380308716643452,0.6840205181180261,0.6790897632515799,0.7380308716643452,0.0,0,cqi,cqi,cqi,2,7,0.0,0.0
mid,light,seed_0010,2,0,0.6471841780840183,3000.0,1.0,3.0,1.0,0.20000000000000004,1.0,1.0,0.463768115942029,12.958333333333334,2.169469341157469,2.25,9.0,0.5416666666666666,1.5833333333333333,1.2172303678082956,3.3333333333333335,0.9428090415820634,2.0,1.0416666666666667,4.145833333333333,1.2484365222148863,0.8968001493348652,0.05159992533256741,10.083333333333334,12.0,0.6471841780840183,0.6471841780840183,0.6471841780840183,0.6471841780840183,0.0,0,cqi|cost|switching,cqi|cost|switching,cqi,1,7,0.0,0.0
mid,light,seed_0010,3,0,0.7471841780840182,3000.0,1.0,3.0,1.0,0.0,0.0,0.0,0.0,13.125,1.9856254262406425,1.0,8.0,0.5833333333333334,1.3333333333333333,1.207427541423823,3.0,0.0,0.0,1.5,4.027777777777778,1.1083298524033334,0.838058438370645,0.08097078081467751,8.25,12.0,0.7471841780840182,0.7471841780840182,0.7471841780840182,0.7471841780840182,0.0,0,cqi|cost|switching,cqi|cost|switching,cqi,1,5,0.0,0.0
mid,light,seed_0010,4,0,0.7471841780840182,3000.0,1.0,3.0,1.0,0.0,0.0,0.0,0.0,12.583333333333334,1.8911342863183696,2.0,8.0,0.375,1.2916666666666667,1.2672233854220047,3.0,0.0,0.0,1.2916666666666667,4.0625,0.7961314159618885,0.9203096459056452,0.03984517704717738,8.166666666666666,12.0,0.7471841780840182,0.7471841780840182,0.7471841780840182,0.7471841780840182,0.0,0,cqi|cost|switching,cqi|cost|switching,cqi,1,5,0.0,0.0
mid,light,seed_0010,5,0,0.7471841780840182,3000.0,1.0,3.0,1.0,0.0,0.0,0.0,0.0,12.875,2.047610395884269,1.5,8.0,0.5,1.625,1.1277213938186563,3.0,0.0,0.0,1.4583333333333333,4.145833333333333,1.258593148306061,0.910223522492839,0.0448882387535805,8.333333333333334,12.0,0.7471841780840182,0.7471841780840182,0.7471841780840182,0.7471841780840182,0.0,0,cqi|cost|switching,cqi|cost|switching,cqi,1,5,0.0,0.0
mid,light,seed_0010,6,0,0.7471841780840182,3000.0,1.0,3.0,1.0,0.0,0.0,0.0,0.0,13.0,1.9148542155126762,1.5,7.0,0.4583333333333333,1.4583333333333333,1.1791415541700407,3.0,0.0,0.0,1.3333333333333333,3.9444444444444446,0.5129495920172051,0.8582238448517893,0.07088807757410537,8.083333333333334,12.0,0.7471841780840182,0.7471841780840182,0.7471841780840182,0.7471841780840182,0.0,0,cqi|cost|switching,cqi|cost|switching,cqi,1,5,0.0,0.0
mid,light,seed_0010,7,0,0.6986428803520964,2750.0,1.0,2.8333333333333335,0.9603174603174603,0.03333333333333333,0.16666666666666666,0.16666666666666666,0.2898550724637681,12.291666666666666,2.6375362030164102,2.5,9.0,0.375,1.625,1.265990897842182,3.0,0.0,0.0,1.2916666666666667,4.493055555555555,1.8037250336216937,0.9338341213843132,0.033082939307843395,8.75,12.0,0.6986428803520964,0.6915115854481991,0.6986428803520964,0.6986428803520964,0.0,0,cqi|switching,cqi|switching,cqi,2,5,0.0,0.0
mid,light,seed_0010,8,0,0.7305175114173516,3000.0,1.0,3.0,1.0,0.03333333333333333,0.16666666666666666,0.16666666666666666,0.2898550724637681,12.25,2.165063509461097,3.25,7.0,0.3333333333333333,1.9583333333333333,1.362432003692158,2.8333333333333335,0.3726779962499649,1.0,1.25,4.1875,0.7189764136140582,0.9386503033060007,0.030674848346999628,7.5,12.0,0.7305175114173516,0.7305175114173516,0.7305175114173516,0.7305175114173516,0.0,0,cqi|cost|switching,cqi|cost|switching,cqi,1,7,0.0,0.0
mid,light,seed_0010,9,0,0.7193478817661086,2897.9166666666665,1.0,2.9166666666666665,0.9722511989323172,0.016666666666666666,0.041666666666666664,0.08333333333333333,0.08333333333333333,12.625,2.037410529732942,2.0,9.0,0.4583333333333333,1.7083333333333333,1.4318699661144265,3.0,0.0,0.0,1.375,4.215277777777778,1.556407876616879,0.9333182103942322,0.03334089480288388,8.583333333333334,12.0,0.6865075559191159,0.7193478817661086,0.6865075559191159,0.7193478817661086,0.0,0,cost,cost,cost,2,5,0.0328403258469927,0.0
mid,light,seed_0010,10,0,0.7388508447506849,3000.0,1.0,3.0,1.0,0.016666666666666666,0.041666666666666664,0.08333333333333333,0.08333333333333333,12.875,2.0064998546390846,2.0,8.0,0.5,1.4166666666666667,1.3491408873343431,2.9166666666666665,0.39965262694272663,2.0,1.5,4.125,1.1836560592784824,0.9245548801793475,0.03772255991032625,8.0,12.0,0.7388508447506849,0.7388508447506849,0.7388508447506849,0.7388508447506849,0.0,0,cqi|cost|switching,cqi|cost|switching,cqi,1,6,0.012499999999999956,0.0
mid,light,seed_0010,11,0,0.7471841780840182,3000.0,1.0,3.0,1.0,0.0,0.0,0.0,0.0,12.708333333333334,2.3180301742835203,2.25,8.0,0.4583333333333333,1.0833333333333333,1.2662592545391294,3.0,0.0,0.0,1.3333333333333333,4.159722222222222,1.0290673216408806,0.8942142999103686,0.0528928500448157,8.333333333333334,12.0,0.7471841780840182,0.7471841780840182,0.7471841780840182,0.7471841780840182,0.0,0,cqi|cost|switching,cqi|cost|switching,cqi,1,5,0.0,0.0
mid,light,seed_0010,12,0,0.7471841780840182,3000.0,1.0,3.0,1.0,0.0,0.0,0.0,0.0,12.291666666666666,2.150177641240111,3.0,8.0,0.2916666666666667,1.5,1.2346158770349416,3.0,0.0,0.0,1.1666666666666667,4.215277777777778,1.0211639676200057,0.9342445318752651,0.032877734062367436,8.333333333333334,12.0,0.7471841780840182,0.7471841780840182,0.7471841780840182,0.7471841780840182,0.0,0,cqi|cost|switching,cqi|cost|switching,cqi,1,5,0.0,0.0
mid,light,seed_0010,13,0,0.6515399646973093,2631.25,1.0,2.7083333333333335,0.9072161254657877,0.05833333333333333,0.16666666666666666,0.2916666666666667,0.3007246376811594,12.083333333333334,2.413791392993373,2.25,7.0,0.4166666666666667,1.375,1.2532405353050986,3.0,0.0,0.0,1.3333333333333333,4.673611111111111,1.9640750147538273,0.8977951053354007,0.05110244733229963,9.083333333333334,12.0,0.6358389928123804,0.6515399646973093,0.6358389928123804,0.6515399646973093,0.0,0,cost,cost,cost,3,5,0.015700971884928916,0.0
mid,light,seed_0010,14,0,0.7180175114173516,3000.0,1.0,3.0,1.0,0.05833333333333333,0.16666666666666666,0.2916666666666667,0.3007246376811594,12.791666666666666,1.8252663428174594,2.0,7.0,0.4583333333333333,1.7916666666666667,1.2215361964766576,2.7083333333333335,0.6757197808427856,2.0,1.6666666666666667,3.9375,0.5199993322645287,0.8413109068715617,0.07934454656421913,7.166666666666667,12.0,0.7180175114173516,0.7180175114173516,0.7180175114173516,0.7180175114173516,0.0,0,cqi|cost|switching,cqi|cost|switching,cqi,1,7,0.004166666666666652,0.0
mid,medium,seed_0010,0,1,0.35782714087407613,2183.3333333333335,1.0,2.3333333333333335,0.7813595592587533,0.4666666666666666,1.0,2.3333333333333335,0.0,12.666666666666666,1.863389981249825,2.0,8.0,0.4583333333333333,1.5833333333333333,1.2014980317941848,0.0,0.0,0.0,4.291666666666667,4.215277777777778,1.3285322995650706,0.931064284149037,0.034467857925481515,4.0,6.0,0.35782714087407613,0.35593639169248764,0.35782714087407613,0.35782714087407613,0.0,0,cqi|switching,cqi|switching,cqi,2,5,0.0,0.0
mid,medium,seed_0010,1,0,0.5911604742074095,2183.3333333333335,1.0,2.3333333333333335,0.7813595592587533,0.0,0.0,0.0,0.0,12.875,1.6409473889596013,2.0,6.0,0.4583333333333333,1.4583333333333333,1.1721737943401436,2.3333333333333335,0.9428090415820634,2.0,2.0,3.9305555555555554,0.39650284510056105,0.94047001745571,0.02976499127214499,12.0,6.0,0.5244938075407427,0.4559363916924877,0.5911604742074095,0.5244938075407427,0.06666666666666676,1,switching,switching,switching,2,7,0.06666666666666676,0.06666666666666676
mid,medium,seed_0010,2,0,0.4559363916924877,1500.0,1.0,2.0,1.0,0.20000000000000004,1.0,1.0,0.463768115942029,12.958333333333334,2.169469341157469,2.25,9.0,0.5416666666666666,1.5833333333333333,1.2172303678082956,2.3333333333333335,0.9428090415820634,2.0,2.0416666666666665,4.145833333333333,1.2484365222148863,0.8968001493348652,0.05159992533256741,12.333333333333334,6.0,0.4559363916924877,0.4559363916924877,0.4559363916924877,0.4559363916924877,0.0,0,cqi|cost|switching,cqi|cost|switching,cqi,1,7,0.0,0.0
mid,medium,seed_0010,3,0,0.5886752891302899,2693.75,1.0,2.75,0.9170303305556653,0.20000000000000004,1.0,1.0,0.23550724637681159,13.125,1.9856254262406425,1.0,8.0,0.5833333333333334,1.3333333333333333,1.207427541423823,2.0,0.0,0.0,2.4166666666666665,4.027777777777778,1.1083298524033334,0.838058438370645,0.08097078081467751,8.166666666666666,6.0,0.5691723261457139,0.5886752891302899,0.5691723261457139,0.5886752891302899,0.0,0,cost,cost,cost,3,5,0.01950296298457599,0.0
mid,medium,seed_0010,4,0,0.6441723261457138,2591.6666666666665,1.0,2.6666666666666665,0.8895848279160459,0.05000000000000001,0.125,0.25,0.22826086956521738,12.583333333333334,1.8911342863183696,2.0,8.0,0.375,1.2916666666666667,1.2672233854220047,2.75,0.6614378277661477,2.0,1.4583333333333333,4.0625,0.7961314159618885,0.9203096459056452,0.03984517704717738,14.5,6.0,0.6441723261457138,0.4559363916924877,0.4559363916924877,0.6441723261457138,0.0,0,cqi,cqi,cqi,2,7,-0.008333333333333304,0.0
mid,medium,seed_0010,5,0,0.5801664001765615,2387.5,1.0,2.5,0.8351112535482099,0.10000000000000002,0.25,0.5,0.391304347826087,12.875,2.047610395884269,1.5,8.0,0.5,1.625,1.1277213938186563,2.6666666666666665,0.7453559924999298,2.0,1.7083333333333333,4.145833333333333,1.258593148306061,0.910223522492839,0.0448882387535805,14.333333333333334,6.0,0.5801664001765615,0.4932521632436833,0.4946416297983775,0.5801664001765615,0.0,0,cqi,cqi,cqi,2,7,0.0,0.0
mid,medium,seed_0010,6,0,0.5523301038586521,2285.4166666666665,1.0,2.4166666666666665,0.8081299928548789,0.11666666666666668,0.2916666666666667,0.5833333333333334,0.42391304347826086,13.0,1.9148542155126762,1.5,7.0,0.4583333333333333,1.4583333333333333,1.1791415541700407,2.5,0.8660254037844386,2.0,1.8333333333333333,3.9444444444444446,0.5129495920172051,0.8582238448517893,0.07088807757410537,13.166666666666666,6.0,0.512354140983181,0.5523301038586521,0.5466575112228332,0.5523301038586521,0.0,0,cost,cost,cost,3,7,0.039975962875471116,0.0
mid,medium,seed_0010,7,0,0.5000887928095129,2183.3333333333335,1.0,2.125,0.7463900487125957,0.05833333333333333,0.2916666666666667,0.2916666666666667,0.036231884057971016,12.291666666666666,2.6375362030164102,2.5,9.0,0.375,1.625,1.265990897842182,2.4166666666666665,0.9090593428863095,2.0,1.7083333333333333,4.493055555555555,1.8037250336216937,0.9338341213843132,0.033082939307843395,12.833333333333334,6.0,0.426465837486105,0.4412011145892964,0.5000887928095129,0.4412011145892964,0.05888767822021651,1,switching,switching,switching,2,7,0.10278962199007452,0.05888767822021651
mid,medium,seed_0010,8,0,0.42925545947617966,2183.3333333333335,1.0,2.125,0.7463900487125957,0.19999999999999998,0.3333333333333333,1.0,0.463768115942029,12.25,2.165063509461097,3.25,7.0,0.3333333333333333,1.9583333333333333,1.362432003692158,2.125,1.3635890143294642,3.0,1.9583333333333333,4.1875,0.7189764136140582,0.9386503033060007,0.030674848346999628,12.833333333333334,6.0,0.42925545947617966,0.42676972502582106,0.42676972502582106,0.42925545947617966,0.0,0,cqi,cqi,cqi,2,7,-0.11001426554964139,-0.11834759888297469
mid,medium,seed_0010,9,0,0.5415208076498478,2416.6666666666665,1.0,2.375,0.8187305295950156,0.09999999999999999,0.16666666666666666,0.5,0.2898550724637681,12.625,2.037410529732942,2.0,9.0,0.4583333333333333,1.7083333333333333,1.4318699661144265,2.125,1.3635890143294642,3.0,2.1666666666666665,4.215277777777778,1.556407876616879,0.9333182103942322,0.03334089480288388,12.5,6.0,0.5415208076498478,0.42676972502582095,0.5292554594761796,0.5415208076498478,0.0,0,cqi,cqi,cqi,2,7,-0.014415584042639873,-0.014415584042639873
mid,medium,seed_0010,10,0,0.5174908445561666,2081.25,1.0,2.25,0.7548398954419212,0.10833333333333334,0.375,0.5416666666666666,0.2898550724637681,12.875,2.0064998546390846,2.0,8.0,0.5,1.4166666666666667,1.3491408873343431,2.375,1.2183492931011204,3.0,1.9583333333333333,4.125,1.1836560592784824,0.9245548801793475,0.03772255991032625,13.5,6.0,0.5174908445561666,0.43510305835915436,0.43510305835915436,0.5174908445561666,0.0,0,cqi,cqi,cqi,2,7,-0.03844554713632109,-0.03844554713632109
mid,medium,seed_0010,11,0,0.5206874743165144,2416.6666666666665,1.0,2.375,0.8187305295950156,0.1416666666666667,0.4166666666666667,0.7083333333333334,0.391304347826087,12.708333333333334,2.3180301742835203,2.25,8.0,0.4583333333333333,1.0833333333333333,1.2662592545391294,2.25,0.9682458365518543,2.0,2.0,4.159722222222222,1.0290673216408806,0.8942142999103686,0.0528928500448157,11.5,6.0,0.5206874743165144,0.4559363916924877,0.4559363916924877,0.5206874743165144,0.0,0,cqi,cqi,cqi,2,7,-0.03524891737597324,-0.03524891737597324
mid,medium,seed_0010,12,0,0.5119938075407428,2183.3333333333335,1.0,2.3333333333333335,0.7813595592587533,0.15833333333333333,0.4166666666666667,0.7916666666666666,0.4311594202898551,12.291666666666666,2.150177641240111,3.0,8.0,0.2916666666666667,1.5,1.2346158770349416,2.375,1.2183492931011204,3.0,1.7916666666666667,4.215277777777778,1.0211639676200057,0.9342445318752651,0.032877734062367436,14.0,6.0,0.5119938075407428,0.43510305835915436,0.43510305835915436,0.5119938075407428,0.0,0,cqi,cqi,cqi,2,7,-0.0439425841517449,-0.0439425841517449
mid,medium,seed_0010,13,0,0.5354878815715906,1979.1666666666667,1.0,2.1666666666666665,0.728621714138087,0.03333333333333333,0.08333333333333333,0.16666666666666666,0.15942028985507245,12.083333333333334,2.413791392993373,2.25,7.0,0.4166666666666667,1.375,1.2532405353050986,2.3333333333333335,0.9428090415820632,2.0,1.8333333333333333,4.673611111111111,1.9640750147538273,0.8977951053354007,0.05110244733229963,13.0,6.0,0.43896903716255853,0.4097991708194384,0.5354878815715906,0.43896903716255853,0.09651884440903202,1,switching,switching,switching,2,7,0.05805634930374792,0.042355377418818896
mid,medium,seed_0010,14,0,0.5746693631611377,2489.5833333333335,1.0,2.5833333333333335,0.8622714537593894,0.15000000000000002,0.375,0.75,0.4891304347826087,12.791666666666666,1.8252663428174594,2.0,7.0,0.4583333333333333,1.7916666666666667,1.2215361964766576,2.1666666666666665,0.9860132971832694,2.0,2.2083333333333335,3.9375,0.5199993322645287,0.8413109068715617,0.07934454656421913,11.0,6.0,0.5746693631611377,0.4576515852536811,0.5521545482382572,0.5746693631611377,0.0,0,cqi,cqi,cqi,2,7,0.03749999999999998,0.033333333333333326
mid,heavy,seed_0010,0,1,0.1791130664541918,550.0,1.0,1.0,1.0,0.20000000000000004,1.0,1.0,0.0,12.666666666666666,1.863389981249825,2.0,8.0,0.4583333333333333,1.5833333333333333,1.2014980317941848,0.0,0.0,0.0,4.291666666666667,4.215277777777778,1.3285322995650706,0.931064284149037,0.034467857925481515,12.0,2.0,0.1791130664541918,0.1791130664541918,0.1791130664541918,0.1791130664541918,0.0,0,cqi|cost|switching,cqi|cost|switching,cqi,1,5,0.0,0.0
mid,heavy,seed_0010,1,0,0.2791130664541918,550.0,1.0,1.0,1.0,0.0,0.0,0.0,0.0,12.875,1.6409473889596013,2.0,6.0,0.4583333333333333,1.4583333333333333,1.1721737943401436,1.0,0.0,0.0,3.3333333333333335,3.9305555555555554,0.39650284510056105,0.94047001745571,0.02976499127214499,12.0,2.0,0.2791130664541918,0.2791130664541918,0.2791130664541918,0.2791130664541918,0.0,0,cqi|cost|switching,cqi|cost|switching,cqi,1,5,0.0,0.0
mid,heavy,seed_0010,2,0,0.2791130664541918,550.0,1.0,1.0,1.0,0.0,0.0,0.0,0.0,12.958333333333334,2.169469341157469,2.25,9.0,0.5416666666666666,1.5833333333333333,1.2172303678082956,1.0,0.0,0.0,3.375,4.145833333333333,1.2484365222148863,0.8968001493348652,0.05159992533256741,12.5,2.0,0.2791130664541918,0.2791130664541918,0.2791130664541918,0.2791130664541918,0.0,0,cqi|cost|switching,cqi|cost|switching,cqi,1,5,0.0,0.0
mid,heavy,seed_0010,3,0,0.2791130664541919,550.0,1.0,1.0,1.0,0.0,0.0,0.0,0.08333333333333333,13.125,1.9856254262406425,1.0,8.0,0.5833333333333334,1.3333333333333333,1.207427541423823,1.0,0.0,0.0,3.4166666666666665,4.027777777777778,1.1083298524033334,0.838058438370645,0.08097078081467751,12.0,2.0,0.2791130664541918,0.2791130664541919,0.2791130664541918,0.2791130664541919,0.0,0,cqi|cost|switching,cost,cost,2,5,1.1102230246251565e-16,0.0
mid,heavy,seed_0010,4,0,0.27911306645419187,550.0,1.0,1.0,1.0,0.0,0.0,0.0,0.22826086956521738,12.583333333333334,1.8911342863183696,2.0,8.0,0.375,1.2916666666666667,1.2672233854220047,1.0,0.0,0.0,3.2083333333333335,4.0625,0.7961314159618885,0.9203096459056452,0.03984517704717738,12.0,2.0,0.27911306645419187,0.2791130664541918,0.27911306645419187,0.27911306645419187,0.0,0,cqi|cost|switching,cqi|switching,cqi,2,5,0.0,0.0
mid,heavy,seed_0010,5,0,0.2791130664541918,550.0,1.0,1.0,1.0,0.0,0.0,0.0,0.2898550724637681,12.875,2.047610395884269,1.5,8.0,0.5,1.625,1.1277213938186563,1.0,0.0,0.0,3.375,4.145833333333333,1.258593148306061,0.910223522492839,0.0448882387535805,12.5,2.0,0.2791130664541918,0.2791130664541918,0.2791130664541918,0.2791130664541918,0.0,0,cqi|cost|switching,cqi|cost|switching,cqi,1,5,0.0,0.0
mid,heavy,seed_0010,6,0,0.27911306645419187,550.0,1.0,1.0,1.0,0.0,0.0,0.0,0.15942028985507245,13.0,1.9148542155126762,1.5,7.0,0.4583333333333333,1.4583333333333333,1.1791415541700407,1.0,0.0,0.0,3.3333333333333335,3.9444444444444446,0.5129495920172051,0.8582238448517893,0.07088807757410537,12.0,2.0,0.2791130664541918,0.27911306645419187,0.2791130664541918,0.27911306645419187,0.0,0,cqi|cost|switching,cost,cost,2,5,5.551115123125783e-17,0.0
mid,heavy,seed_0010,7,0,0.2791130664541918,550.0,1.0,1.0,1.0,0.0,0.0,0.0,0.15942028985507245,12.291666666666666,2.6375362030164102,2.5,9.0,0.375,1.625,1.265990897842182,1.0,0.0,0.0,3.125,4.493055555555555,1.8037250336216937,0.9338341213843132,0.033082939307843395,13.0,2.0,0.2791130664541918,0.2791130664541918,0.2791130664541918,0.2791130664541918,0.0,0,cqi|cost|switching,cqi|cost|switching,cqi,1,5,0.0,0.0
mid,heavy,seed_0010,8,0,0.2791130664541918,550.0,1.0,1.0,1.0,0.0,0.0,0.0,0.0,12.25,2.165063509461097,3.25,7.0,0.3333333333333333,1.9583333333333333,1.362432003692158,1.0,0.0,0.0,3.0833333333333335,4.1875,0.7189764136140582,0.9386503033060007,0.030674848346999628,12.0,2.0,0.2791130664541918,0.2791130664541918,0.2791130664541918,0.2791130664541918,0.0,0,cqi|cost|switching,cqi|cost|switching,cqi,1,5,0.0,0.0
mid,heavy,seed_0010,9,0,0.2791130664541918,550.0,1.0,1.0,1.0,0.0,0.0,0.0,0.0,12.625,2.037410529732942,2.0,9.0,0.4583333333333333,1.7083333333333333,1.4318699661144265,1.0,0.0,0.0,3.2916666666666665,4.215277777777778,1.556407876616879,0.9333182103942322,0.03334089480288388,12.5,2.0,0.2791130664541918,0.2791130664541918,0.2791130664541918,0.2791130664541918,0.0,0,cqi|cost|switching,cqi|cost|switching,cqi,1,5,0.0,0.0
mid,heavy,seed_0010,10,0,0.2791130664541918,550.0,1.0,1.0,1.0,0.0,0.0,0.0,0.0,12.875,2.0064998546390846,2.0,8.0,0.5,1.4166666666666667,1.3491408873343431,1.0,0.0,0.0,3.3333333333333335,4.125,1.1836560592784824,0.9245548801793475,0.03772255991032625,12.5,2.0,0.2791130664541918,0.2791130664541918,0.2791130664541918,0.2791130664541918,0.0,0,cqi|cost|switching,cqi|cost|switching,cqi,1,5,0.0,0.0
mid,heavy,seed_0010,11,0,0.2791130664541918,550.0,1.0,1.0,1.0,0.0,0.0,0.0,0.0,12.708333333333334,2.3180301742835203,2.25,8.0,0.4583333333333333,1.0833333333333333,1.2662592545391294,1.0,0.0,0.0,3.25,4.159722222222222,1.0290673216408806,0.8942142999103686,0.0528928500448157,12.0,2.0,0.2791130664541918,0.2791130664541918,0.2791130664541918,0.2791130664541918,0.0,0,cqi|cost|switching,cqi|cost|switching,cqi,1,5,0.0,0.0
mid,heavy,seed_0010,12,0,0.2791130664541918,550.0,1.0,1.0,1.0,0.0,0.0,0.0,0.0,12.291666666666666,2.150177641240111,3.0,8.0,0.2916666666666667,1.5,1.2346158770349416,1.0,0.0,0.0,3.0833333333333335,4.215277777777778,1.0211639676200057,0.9342445318752651,0.032877734062367436,12.5,2.0,0.2791130664541918,0.2791130664541918,0.2791130664541918,0.2791130664541918,0.0,0,cqi|cost|switching,cqi|cost|switching,cqi,1,5,0.0,0.0
mid,heavy,seed_0010,13,0,0.2159275553784932,491.6666666666667,1.0,0.8333333333333334,0.9342458400429415,0.03333333333333333,0.16666666666666666,0.16666666666666666,0.2898550724637681,12.083333333333334,2.413791392993373,2.25,7.0,0.4166666666666667,1.375,1.2532405353050986,1.0,0.0,0.0,3.0833333333333335,4.673611111111111,1.9640750147538273,0.8977951053354007,0.05110244733229963,12.5,2.0,0.20013117760956856,0.2159275553784932,0.20013117760956856,0.2159275553784932,0.0,0,cost,cost,cost,2,5,0.015796377768924647,0.0
mid,heavy,seed_0010,14,0,0.2624463997875252,550.0,1.0,1.0,1.0,0.03333333333333333,0.16666666666666666,0.16666666666666666,0.2898550724637681,12.791666666666666,1.8252663428174594,2.0,7.0,0.4583333333333333,1.7916666666666667,1.2215361964766576,0.8333333333333334,0.37267799624996495,1.0,3.5416666666666665,3.9375,0.5199993322645287,0.8413109068715617,0.07934454656421913,12.0,2.0,0.26244639978752515,0.2624463997875252,0.2624463997875252,0.2624463997875252,0.0,0,cqi|cost|switching,cost,cost,2,7,0.004166666666666707,0.0
high,light,seed_0001,0,1,0.29680447151173106,1233.3333333333333,1.0,1.6666666666666667,0.8735742203078887,0.3333333333333333,0.9166666666666666,1.6666666666666667,0.0,9.083333333333334,2.7975683885990863,4.25,10.0,0.0,1.9583333333333333,1.9380229560654152,0.0,0.0,0.0,3.0,6.652777777777779,3.6880426991315165,0.9854052160990341,0.0072973919504829565,2.0833333333333335,12.0,0.28962764472812674,0.29680447151173106,0.28962764472812674,0.29680447151173106,0.0,0,cost,cost,cost,3,5,0.007176826783604318,0.0
high,light,seed_0001,1,0,0.460764865601176,1302.0833333333333,1.0,1.7916666666666667,0.9192906900122376,0.07500000000000001,0.3333333333333333,0.375,0.4311594202898551,9.291666666666666,2.3537057070831,3.0,9.0,0.0,2.2083333333333335,1.9604690438062677,1.6666666666666667,0.6236095644623235,2.0,1.5,6.215277777777779,2.734162800408162,0.9801899074630591,0.009905046268470441,4.916666666666667,12.0,0.46076486560117597,0.460764865601176,0.32138750820029044,0.460764865601176,0.0,0,cqi|cost,cost,cost,3,7,-0.004166666666666652,0.0
high,light,seed_0001,2,0,0.45756389371624695,1262.5,1.0,1.75,0.9040233959588798,0.05833333333333334,0.2916666666666667,0.2916666666666667,0.4166666666666667,10.041666666666666,2.9788024252858545,3.5,11.0,0.041666666666666664,2.4166666666666665,1.9803893594289137,1.7916666666666667,0.40611643103370687,1.0,1.5833333333333333,6.041666666666667,3.590512833483179,0.93716578105768,0.03141710947116,5.916666666666667,12.0,0.431221466896347,0.45756389371624695,0.3587066519734665,0.45756389371624695,0.0,0,cost,cost,cost,3,6,0.026342426819899956,0.0
high,light,seed_0001,3,0,0.40842212614284623,2183.3333333333335,1.0,2.125,0.7463900487125957,0.2416666666666667,1.0,1.2083333333333333,0.3442028985507246,9.75,3.307189138830738,4.5,11.0,0.125,1.5416666666666667,1.8428760616915352,1.75,0.4330127018922193,1.0,1.5,6.409722222222221,3.8145612723637417,0.9832465427795427,0.008376728610228645,4.25,12.0,0.37496311119340636,0.40842212614284623,0.39195229376936574,0.40842212614284623,0.0,0,cost,cost,cost,2,7,0.00012568161610654327,0.0
high,light,seed_0001,4,0,0.3751962551646513,1222.9166666666667,1.0,1.7083333333333333,0.889146074606222,0.20000000000000004,1.0,1.0,0.0,9.291666666666666,2.835477130141514,4.25,10.0,0.041666666666666664,1.875,1.8168196447683087,2.125,1.3635890143294642,3.0,1.2083333333333333,6.534722222222222,3.171041994399777,0.9850596678499018,0.007470166075049078,7.666666666666667,12.0,0.3699760296332862,0.34186292183131806,0.3751962551646513,0.3699760296332862,0.005220225531365141,1,switching,switching,switching,2,7,-0.015613107801968229,0.005220225531365141
high,light,seed_0001,5,0,0.41879431139479334,1143.75,1.0,1.625,0.8608112276372609,0.06666666666666667,0.3333333333333333,0.3333333333333333,0.463768115942029,8.875,2.9483399283890814,5.25,10.0,0.041666666666666664,2.1666666666666665,1.6922447930084772,1.7083333333333333,0.45452967144315476,1.0,1.2916666666666667,7.222222222222222,3.4053561659955554,0.9771462555079211,0.011426872246039443,5.25,12.0,0.37547306664871005,0.41879431139479334,0.34958848008521937,0.41879431139479334,0.0,0,cost,cost,cost,2,7,0.005821244746083254,0.005821244746083254
high,light,seed_0001,6,0,0.19521990366126643,958.3333333333334,1.0,1.125,0.4506576705513528,0.20000000000000004,0.7916666666666666,1.0,0.5289855072463768,8.125,3.0864286265304544,4.0,12.0,0.125,2.3333333333333335,1.8173987607043542,1.625,0.4841229182759271,1.0,1.125,8.23611111111111,4.0645590698252585,0.9921225128065368,0.003938743596731575,5.833333333333333,12.0,0.19521990366126643,0.19046819584624375,0.15245751847217429,0.19521990366126643,0.0,0,cqi,cqi,cqi,3,7,-0.02083333333333326,-0.02083333333333326
high,light,seed_0001,7,0,0.32265709052174407,985.4166666666666,1.0,1.4583333333333333,0.812519974432726,0.16666666666666666,0.7083333333333334,0.8333333333333334,0.4855072463768116,7.916666666666667,2.7525240941522906,3.25,11.0,0.041666666666666664,1.9583333333333333,1.945276275684359,1.125,1.0532687216470449,3.0,1.5416666666666667,8.083333333333334,3.41632789648422,0.9815364387289338,0.009231780635533093,3.75,12.0,0.30792181341855274,0.32265709052174407,0.2867845925455034,0.32265709052174407,0.0,0,cost,cost,cost,2,7,0.014735277103191335,0.0
high,light,seed_0001,8,0,0.4335295884979848,1222.9166666666667,1.0,1.7083333333333333,0.889146074606222,0.08333333333333333,0.4166666666666667,0.4166666666666667,0.5072463768115942,9.375,2.9412653172855157,4.25,11.0,0.08333333333333333,2.5416666666666665,1.874802424938301,1.4583333333333333,0.49826086429589156,1.0,1.6666666666666667,6.5,3.3106869601561772,0.9844170081804074,0.0077914959097962755,3.75,12.0,0.4187943113947934,0.4335295884979848,0.4187943113947934,0.4335295884979848,0.0,0,cost,cost,cost,2,7,0.014735277103191391,0.0
high,light,seed_0001,9,0,0.44923056038291365,1262.5,1.0,1.75,0.9040233959588798,0.075,0.375,0.375,0.532608695652174,9.625,2.750946806707344,4.25,9.0,0.0,1.9166666666666667,1.8754700439266703,1.7083333333333333,0.45452967144315476,1.0,1.4166666666666667,6.347222222222222,3.2860946745151067,0.9786633726104423,0.01066831369477883,4.583333333333333,12.0,0.44923056038291365,0.44923056038291365,0.4123923676249354,0.44923056038291365,0.0,0,cqi|cost,cqi,cqi,3,7,-0.00833333333333336,0.0
high,light,seed_0001,10,0,0.44602958849798463,1222.9166666666667,1.0,1.7083333333333333,0.889146074606222,0.05833333333333334,0.2916666666666667,0.2916666666666667,0.4384057971014493,9.458333333333334,3.214280202817144,6.25,10.0,0.125,2.4166666666666665,1.9900454111396961,1.75,0.4330127018922193,1.0,1.5,6.736111111111112,3.3633773351744867,0.985529728294441,0.007235135852779517,5.083333333333333,12.0,0.438661949946389,0.44602958849798463,0.39195229376936574,0.44602958849798463,0.0,0,cost,cost,cost,3,7,0.007367638551595612,0.0
high,light,seed_0001,11,0,0.4899315322678426,1302.0833333333333,1.0,1.7916666666666667,0.9192906900122376,0.016666666666666666,0.08333333333333333,0.08333333333333333,0.37681159420289856,9.458333333333334,2.75347003292613,4.0,10.0,0.0,2.5833333333333335,1.9698400530209732,1.7083333333333333,0.45452967144315476,1.0,1.4166666666666667,6.347222222222222,3.47641413627801,0.9697713706304799,0.015114314684760044,4.25,12.0,0.4144291186135738,0.4899315322678426,0.47519625516465136,0.4899315322678426,0.0,0,cost,cost,cost,2,7,0.0796690803209355,0.0
high,light,seed_0001,12,0,0.441862921831318,1222.9166666666667,1.0,1.7083333333333333,0.889146074606222,0.06666666666666667,0.3333333333333333,0.3333333333333333,0.463768115942029,9.458333333333334,2.7534700329261295,5.0,9.0,0.0,2.4166666666666665,1.8112752302870507,1.7916666666666667,0.40611643103370687,1.0,1.2916666666666667,6.423611111111112,3.3904752093271124,0.9715460204502487,0.014226989774875631,5.0,12.0,0.4052254963824984,0.441862921831318,0.42564862226910494,0.441862921831318,0.0,0,cost,cost,cost,2,7,0.003304092115486157,0.0
high,light,seed_0001,13,0,0.41142667284319767,1104.1666666666667,1.0,1.5833333333333333,0.8475138788317644,0.05833333333333334,0.2916666666666667,0.2916666666666667,0.4311594202898551,8.75,2.6020824993326657,3.5,9.0,0.041666666666666664,1.875,1.8949280968459725,1.7083333333333333,0.45452967144315476,1.0,1.1666666666666667,7.006944444444444,2.9354471418915904,0.9782344807730153,0.010882759613492332,4.916666666666667,12.0,0.3643034369974673,0.41142667284319767,0.36462161078217875,0.41142667284319767,0.0,0,cost,cost,cost,2,7,0.026289902512397045,0.0
high,light,seed_0001,14,0,0.445063893716247,1262.5,1.0,1.75,0.9040233959588798,0.08333333333333333,0.4166666666666667,0.4166666666666667,0.5072463768115942,10.0,2.41522945769824,4.0,9.0,0.041666666666666664,2.6666666666666665,2.09457366003535,1.5833333333333333,0.4930066485916347,1.0,1.75,5.597222222222221,2.3048442677902194,0.9595224408461787,0.02023877957691067,3.8333333333333335,12.0,0.43265158525368114,0.445063893716247,0.44059333950986446,0.445063893716247,0.0,0,cost,cost,cost,2,7,-0.012587691537434165,0.0
high,medium,seed_0001,0,1,0.22246024480780482,1012.5,1.0,1.25,0.7213060686015831,0.25,0.625,1.25,0.0,9.083333333333334,2.7975683885990863,4.25,10.0,0.0,1.9583333333333333,1.9380229560654152,0.0,0.0,0.0,3.0,6.652777777777779,3.6880426991315165,0.9854052160990341,0.0072973919504829565,4.166666666666667,6.0,0.22246024480780482,0.13433479984064386,0.22246024480780482,0.22246024480780482,0.0,0,cqi|switching,cqi|switching,cqi,2,5,0.0,0.0
high,medium,seed_0001,1,0,0.2424056193556671,793.75,1.0,1.125,0.7024009987225641,0.1416666666666667,0.5833333333333334,0.7083333333333334,0.4855072463768116,9.291666666666666,2.3537057070831,3.0,9.0,0.0,2.2083333333333335,1.9604690438062677,1.25,0.9682458365518543,2.0,1.9166666666666667,6.215277777777779,2.734162800408162,0.9801899074630591,0.009905046268470441,8.666666666666666,6.0,0.2424056193556671,0.1791130664541918,0.17911306645419187,0.2424056193556671,0.0,0,cqi,cqi,cqi,3,7,0.0,0.0
high,medium,seed_0001,2,0,0.3377856271026991,1175.0,1.0,1.5,0.8133284241531664,0.15833333333333333,0.625,0.7916666666666666,0.5398550724637681,10.041666666666666,2.9788024252858545,3.5,11.0,0.041666666666666664,2.4166666666666665,1.9803893594289137,1.125,0.7252872993970504,2.0,2.1666666666666665,6.041666666666667,3.590512833483179,0.93716578105768,0.03141710947116,6.666666666666667,6.0,0.3377856271026991,0.3377856271026991,0.3377856271026991,0.3377856271026991,0.0,0,cqi|cost|switching,cqi|cost|switching,cqi,2,5,0.0,0.0
high,medium,seed_0001,3,0,0.2909628951539511,958.3333333333334,1.0,1.1666666666666667,0.6909613375130617,0.06666666666666667,0.16666666666666666,0.3333333333333333,0.2898550724637681,9.75,3.307189138830738,4.5,11.0,0.125,1.5416666666666667,1.8428760616915352,1.5,0.8660254037844386,2.0,1.75,6.409722222222221,3.8145612723637417,0.9832465427795427,0.008376728610228645,7.666666666666667,6.0,0.2909628951539511,0.2539575944616584,0.13433479984064386,0.2909628951539511,0.0,0,cqi,cqi,cqi,2,7,0.0,0.0
high,medium,seed_0001,4,0,0.23571745793382212,789.5833333333334,1.0,1.0416666666666667,0.6595087235996326,0.10833333333333334,0.4166666666666667,0.5416666666666666,0.4166666666666667,9.291666666666666,2.835477130141514,4.25,10.0,0.041666666666666664,1.875,1.8168196447683087,1.1666666666666667,0.9860132971832694,2.0,1.8333333333333333,6.534722222222222,3.171041994399777,0.9850596678499018,0.007470166075049078,7.333333333333333,6.0,0.23571745793382212,0.1791130664541918,0.1791130664541918,0.23571745793382212,0.0,0,cqi,cqi,cqi,3,7,0.0,0.0
high,medium,seed_0001,5,0,0.21730417952572348,795.8333333333334,1.0,0.9166666666666666,0.601520247988392,0.075,0.3333333333333333,0.375,0.3188405797101449,8.875,2.9483399283890814,5.25,10.0,0.041666666666666664,2.1666666666666665,1.6922447930084772,1.0416666666666667,0.840593375076334,2.0,1.9583333333333333,7.222222222222222,3.4053561659955554,0.9771462555079211,0.011426872246039443,7.333333333333333,6.0,0.18580682987186983,0.20063751285905684,0.21730417952572348,0.20063751285905684,0.016666666666666635,1,switching,switching,switching,2,7,0.031497349653853646,0.016666666666666635
high,medium,seed_0001,6,0,0.05296819584624379,833.3333333333334,0.9166666666666666,1.0909090909090908,0.6082725060827251,0.11666666666666668,0.2916666666666667,0.5833333333333334,0.4601449275362319,8.125,3.0864286265304544,4.0,12.0,0.125,2.3333333333333335,1.8173987607043542,0.9166666666666666,0.9965217285917832,2.0,1.8333333333333333,8.23611111111111,4.0645590698252585,0.9921225128065368,0.003938743596731575,8.166666666666666,6.0,0.002241311049139272,0.05296819584624379,-0.09166666666666667,0.05296819584624379,0.0,0,cost,cost,cost,3,7,0.04239355146377118,0.0
high,medium,seed_0001,7,0,0.15672393314741784,506.25,1.0,0.875,0.9503186558516802,0.17500000000000002,0.875,0.875,0.44565217391304346,7.916666666666667,2.7525240941522906,3.25,11.0,0.041666666666666664,1.9583333333333333,1.945276275684359,1.0,1.0,2.0,1.5833333333333333,8.083333333333334,3.41632789648422,0.9815364387289338,0.009231780635533093,7.666666666666667,6.0,0.13347614688468287,0.15672393314741784,0.09701957766268725,0.15672393314741784,0.0,0,cost,cost,cost,3,7,0.010747786262734982,0.0
high,medium,seed_0001,8,0,0.26661306645419186,550.0,1.0,1.0,1.0,0.025000000000000005,0.125,0.125,0.6268115942028986,9.375,2.9412653172855157,4.25,11.0,0.08333333333333333,2.5416666666666665,1.874802424938301,0.875,0.33071891388307384,1.0,2.25,6.5,3.3106869601561772,0.9844170081804074,0.0077914959097962755,4.833333333333333,6.0,0.26661306645419186,0.26661306645419186,0.26661306645419186,0.26661306645419186,0.0,0,cqi|cost|switching,cqi|cost|switching,cqi,1,7,-0.014180511686946229,0.0
high,medium,seed_0001,9,0,0.3169522937693658,1175.0,1.0,1.5,0.8133284241531664,0.20000000000000004,1.0,1.0,0.391304347826087,9.625,2.750946806707344,4.25,9.0,0.0,1.9166666666666667,1.8754700439266703,1.0,0.0,0.0,2.125,6.347222222222222,3.2860946745151067,0.9786633726104423,0.01066831369477883,5.166666666666667,6.0,0.2791130664541918,0.3169522937693658,0.2791130664541918,0.3169522937693658,0.0,0,cost,cost,cost,2,5,0.05894110841276534,0.0
high,medium,seed_0001,10,0,0.3206242611283251,1066.6666666666667,1.0,1.3333333333333333,0.7518355359765051,0.10000000000000002,0.25,0.5,0.391304347826087,9.458333333333334,3.214280202817144,6.25,10.0,0.125,2.4166666666666665,1.9900454111396961,1.5,0.8660254037844386,2.0,1.75,6.736111111111112,3.3633773351744867,0.985529728294441,0.007235135852779517,9.5,6.0,0.21168315271555982,0.3206242611283251,0.19647084619239016,0.3206242611283251,0.0,0,cost,cost,cost,2,7,0.10817786134079996,0.0
high,medium,seed_0001,11,0,0.2594655455000974,904.1666666666666,1.0,1.0833333333333333,0.6608425957112384,0.08333333333333333,0.20833333333333334,0.4166666666666667,0.3442028985507246,9.458333333333334,2.75347003292613,4.0,10.0,0.0,2.5833333333333335,1.9698400530209732,1.3333333333333333,0.9428090415820634,2.0,1.7916666666666667,6.347222222222222,3.47641413627801,0.9697713706304799,0.015114314684760044,7.166666666666667,6.0,0.2594655455000974,0.15672393314741784,0.15672393314741784,0.2594655455000974,0.0,0,cqi,cqi,cqi,2,7,0.027741612352679634,0.0
high,medium,seed_0001,12,0,0.25113221216676407,904.1666666666666,1.0,1.0833333333333333,0.6608425957112384,0.10000000000000002,0.25,0.5,0.391304347826087,9.458333333333334,2.7534700329261295,5.0,9.0,0.0,2.4166666666666665,1.8112752302870507,1.0833333333333333,0.9965217285917832,2.0,2.0,6.423611111111112,3.3904752093271124,0.9715460204502487,0.014226989774875631,6.833333333333333,6.0,0.25113221216676407,0.1791130664541918,0.1791130664541918,0.25113221216676407,0.0,0,cqi,cqi,cqi,2,7,-0.015480854287427737,0.0
high,medium,seed_0001,13,0,0.19122540897226123,627.0833333333334,1.0,0.7916666666666666,0.5877380767035134,0.05833333333333334,0.2916666666666667,0.2916666666666667,0.15217391304347827,8.75,2.6020824993326657,3.5,9.0,0.041666666666666664,1.875,1.8949280968459725,1.0833333333333333,0.9965217285917832,2.0,1.7916666666666667,7.006944444444444,2.9354471418915904,0.9782344807730153,0.010882759613492332,7.333333333333333,6.0,0.1791130664541918,0.1791130664541918,0.19122540897226123,0.1791130664541918,0.012112342518069419,1,switching,switching,switching,3,7,-0.08788765748193059,0.012112342518069419
high,medium,seed_0001,14,0,0.25947157944604543,927.0833333333334,1.0,1.2916666666666667,0.7464979341958443,0.20000000000000004,0.7083333333333334,1.0,0.463768115942029,10.0,2.41522945769824,4.0,9.0,0.041666666666666664,2.6666666666666665,2.09457366003535,0.7916666666666666,0.8154327412825387,2.0,2.5416666666666665,5.597222222222221,2.3048442677902194,0.9595224408461787,0.02023877957691067,6.0,6.0,0.25947157944604543,0.22846289515395116,0.20827973312085848,0.25947157944604543,0.0,0,cqi,cqi,cqi,3,7,-0.03750000000000003,-0.03750000000000003
high,heavy,seed_0001,0,1,0.0,200.0,1.0,0.0,1.0,0.0,0.0,0.0,0.0,9.083333333333334,2.7975683885990863,4.25,10.0,0.0,1.9583333333333333,1.9380229560654152,0.0,0.0,0.0,3.0,6.652777777777779,3.6880426991315165,0.9854052160990341,0.0072973919504829565,12.5,2.0,0.0,0.0,0.0,0.0,0.0,0,cqi|cost|switching,cqi|cost|switching,cqi,1,5,0.0,0.0
high,heavy,seed_0001,1,0,0.0,200.0,1.0,0.0,1.0,0.0,0.0,0.0,0.0,9.291666666666666,2.3537057070831,3.0,9.0,0.0,2.2083333333333335,1.9604690438062677,0.0,0.0,0.0,3.0833333333333335,6.215277777777779,2.734162800408162,0.9801899074630591,0.009905046268470441,12.0,2.0,0.0,0.0,0.0,0.0,0.0,0,cqi|cost|switching,cqi|cost|switching,cqi,1,5,0.0,0.0
high,heavy,seed_0001,2,0,-0.16666666666666666,183.33333333333334,0.9166666666666666,0.0,0.9166666666666666,0.0,0.0,0.0,0.42028985507246375,10.041666666666666,2.9788024252858545,3.5,11.0,0.041666666666666664,2.4166666666666665,1.9803893594289137,0.0,0.0,0.0,3.2916666666666665,6.041666666666667,3.590512833483179,0.93716578105768,0.03141710947116,12.5,2.0,-0.3656652001593561,-0.16666666666666666,-0.3656652001593561,-0.16666666666666666,0.0,0,cost,cost,cost,3,4,0.19899853349268945,0.0
high,heavy,seed_0001,3,0,-0.2437768001062374,341.6666666666667,0.8333333333333334,0.6,0.709282700421941,0.10000000000000002,0.5,0.5,0.3333333333333333,9.75,3.307189138830738,4.5,11.0,0.125,1.5416666666666667,1.8428760616915352,0.0,0.0,0.0,3.25,6.409722222222221,3.8145612723637417,0.9832465427795427,0.008376728610228645,12.5,2.0,-0.2437768001062374,-0.4564615779282808,-0.2437768001062374,-0.2437768001062374,0.0,0,cqi|switching,cqi|switching,cqi,3,5,-0.02499999999999994,0.0
high,heavy,seed_0001,4,0,-0.049999999999999996,200.0,1.0,0.0,1.0,0.10000000000000002,0.5,0.5,0.4891304347826087,9.291666666666666,2.835477130141514,4.25,10.0,0.041666666666666664,1.875,1.8168196447683087,0.5,0.5,1.0,2.5,6.534722222222222,3.171041994399777,0.9850596678499018,0.007470166075049078,13.0,2.0,-0.05000000000000001,-0.049999999999999996,-0.05000000000000001,-0.049999999999999996,0.0,0,cqi|cost|switching,cost,cost,2,7,1.3877787807814457e-17,0.0
high,heavy,seed_0001,5,0,0.0,200.0,1.0,0.0,1.0,0.0,0.0,0.0,0.4311594202898551,8.875,2.9483399283890814,5.25,10.0,0.041666666666666664,2.1666666666666665,1.6922447930084772,0.0,0.0,0.0,3.0,7.222222222222222,3.4053561659955554,0.9771462555079211,0.011426872246039443,12.0,2.0,0.0,0.0,0.0,0.0,0.0,0,cqi|cost|switching,cqi|cost|switching,cqi,1,5,0.0,0.0
high,heavy,seed_0001,6,0,-0.16666666666666666,183.33333333333334,0.9166666666666666,0.0,0.9166666666666666,0.0,0.0,0.0,0.5942028985507246,8.125,3.0864286265304544,4.0,12.0,0.125,2.3333333333333335,1.8173987607043542,0.0,0.0,0.0,2.75,8.23611111111111,4.0645590698252585,0.9921225128065368,0.003938743596731575,13.5,2.0,-0.5460181111553767,-0.16666666666666666,-0.5460181111553767,-0.16666666666666666,0.0,0,cost,cost,cost,3,5,0.37935144448871005,0.0
high,heavy,seed_0001,7,0,0.0,200.0,1.0,0.0,1.0,0.0,0.0,0.0,0.5942028985507246,7.916666666666667,2.7525240941522906,3.25,11.0,0.041666666666666664,1.9583333333333333,1.945276275684359,0.0,0.0,0.0,2.5833333333333335,8.083333333333334,3.41632789648422,0.9815364387289338,0.009231780635533093,12.0,2.0,0.0,0.0,0.0,0.0,0.0,0,cqi|cost|switching,cqi|cost|switching,cqi,1,5,0.020833333333333332,0.0
high,heavy,seed_0001,8,0,0.0,200.0,1.0,0.0,1.0,0.0,0.0,0.0,0.0,9.375,2.9412653172855157,4.25,11.0,0.08333333333333333,2.5416666666666665,1.874802424938301,0.0,0.0,0.0,3.125,6.5,3.3106869601561772,0.9844170081804074,0.0077914959097962755,12.0,2.0,0.0,0.0,0.0,0.0,0.0,0,cqi|cost|switching,cqi|cost|switching,cqi,1,5,0.0,0.0
high,heavy,seed_0001,9,0,0.0,200.0,1.0,0.0,1.0,0.0,0.0,0.0,0.0,9.625,2.750946806707344,4.25,9.0,0.0,1.9166666666666667,1.8754700439266703,0.0,0.0,0.0,3.125,6.347222222222222,3.2860946745151067,0.9786633726104423,0.01066831369477883,12.0,2.0,0.0,0.0,0.0,0.0,0.0,0,cqi|cost|switching,cqi|cost|switching,cqi,1,5,0.0,0.0
high,heavy,seed_0001,10,0,0.0895565332270959,375.0,1.0,0.5,0.8211678832116789,0.10000000000000002,0.5,0.5,0.5217391304347826,9.458333333333334,3.214280202817144,6.25,10.0,0.125,2.4166666666666665,1.9900454111396961,0.0,0.0,0.0,3.1666666666666665,6.736111111111112,3.3633773351744867,0.985529728294441,0.007235135852779517,12.0,2.0,0.0895565332270959,0.0,0.0895565332270959,0.0895565332270959,0.0,0,cqi|switching,cqi|switching,cqi,2,5,0.0,0.0
high,heavy,seed_0001,11,0,-0.05000000000000001,200.0,1.0,0.0,1.0,0.10000000000000002,0.5,0.5,0.5217391304347826,9.458333333333334,2.75347003292613,4.0,10.0,0.0,2.5833333333333335,1.9698400530209732,0.5,0.5,1.0,2.625,6.347222222222222,3.47641413627801,0.9697713706304799,0.015114314684760044,12.0,2.0,-0.05000000000000001,-0.05000000000000001,-0.05000000000000001,-0.05000000000000001,0.0,0,cqi|cost|switching,cqi|cost|switching,cqi,1,7,0.0,0.0
high,heavy,seed_0001,12,0,0.0,200.0,1.0,0.0,1.0,0.0,0.0,0.0,0.0,9.458333333333334,2.7534700329261295,5.0,9.0,0.0,2.4166666666666665,1.8112752302870507,0.0,0.0,0.0,3.0833333333333335,6.423611111111112,3.3904752093271124,0.9715460204502487,0.014226989774875631,12.0,2.0,0.0,0.0,0.0,0.0,0.0,0,cqi|cost|switching,cqi|cost|switching,cqi,1,5,0.0,0.0
high,heavy,seed_0001,13,0,0.0,200.0,1.0,0.0,1.0,0.0,0.0,0.0,0.0,8.75,2.6020824993326657,3.5,9.0,0.041666666666666664,1.875,1.8949280968459725,0.0,0.0,0.0,2.875,7.006944444444444,2.9354471418915904,0.9782344807730153,0.010882759613492332,12.0,2.0,0.0,0.0,0.0,0.0,0.0,0,cqi|cost|switching,cqi|cost|switching,cqi,1,5,0.0,0.0
high,heavy,seed_0001,14,0,0.0,200.0,1.0,0.0,1.0,0.0,0.0,0.0,0.0,10.0,2.41522945769824,4.0,9.0,0.041666666666666664,2.6666666666666665,2.09457366003535,0.0,0.0,0.0,3.3333333333333335,5.597222222222221,2.3048442677902194,0.9595224408461787,0.02023877957691067,12.0,2.0,0.0,0.0,0.0,0.0,0.0,0,cqi|cost|switching,cqi|cost|switching,cqi,1,5,0.0,0.0
high,light,seed_0002,0,1,0.2672385114213528,1100.0,1.0,1.5,0.8137873055905843,0.3,0.875,1.5,0.0,9.291666666666666,3.5763012394869027,6.0,12.0,0.125,2.4166666666666665,1.9699616925389873,0.0,0.0,0.0,3.1666666666666665,7.423611111111112,4.576251894762895,0.9962517782336966,0.0018741108831517028,2.1666666666666665,12.0,0.2608574372156774,0.2672385114213528,0.2608574372156774,0.2672385114213528,0.0,0,cost,cost,cost,3,5,0.006381074205675408,0.0
high,light,seed_0002,1,0,0.2974602448078047,1012.5,1.0,1.25,0.7213060686015831,0.10000000000000002,0.375,0.5,0.391304347826087,8.791666666666666,3.341396497806801,6.25,10.0,0.0,2.0833333333333335,1.8407858776707693,1.5,0.7071067811865476,2.0,1.375,7.645833333333333,4.635639039609917,0.9555897702030585,0.022205114898470768,4.583333333333333,12.0,0.27429622848728435,0.2974602448078047,0.27429622848728435,0.2974602448078047,0.0,0,cost,cost,cost,2,6,0.0814973496538536,0.0
high,light,seed_0002,2,0,0.38962764472812667,1143.75,1.0,1.625,0.8608112276372609,0.125,0.5,0.625,0.391304347826087,9.333333333333334,3.104656001699526,5.25,10.0,0.125,2.2083333333333335,1.7422264556136355,1.25,0.9682458365518543,2.0,1.875,6.798611111111111,3.4156431958502376,0.9914420180726178,0.004278990963691109,3.6666666666666665,12.0,0.34349042385507733,0.38962764472812667,0.3474602448078048,0.38962764472812667,0.0,0,cost,cost,cost,2,7,0.05447055420638264,0.0
high,light,seed_0002,3,0,0.363942133652428,1085.4166666666667,1.0,1.4583333333333333,0.7982244100971605,0.08333333333333333,0.4166666666666667,0.4166666666666667,0.37681159420289856,8.958333333333334,3.194776552784595,4.0,11.0,0.041666666666666664,2.2083333333333335,1.7215126214335978,1.625,0.4841229182759271,1.0,1.375,7.048611111111112,4.399200044775257,0.9741494543676944,0.0129252728161528,4.583333333333333,12.0,0.3251725513309744,0.363942133652428,0.3099602448078047,0.363942133652428,0.0,0,cost,cost,cost,3,7,0.03876958232145361,0.0
high,light,seed_0002,4,0,0.3883580624066731,1025.0,1.0,1.5,0.8232125367286973,0.05833333333333334,0.2916666666666667,0.2916666666666667,0.18478260869565216,8.666666666666666,2.8819360776317637,5.25,10.0,0.041666666666666664,1.7083333333333333,1.8280548800153387,1.4583333333333333,0.7626252174051302,2.0,1.5833333333333333,7.138888888888888,3.5091371033170735,0.9841918927460626,0.007904053626968721,4.166666666666667,12.0,0.3562882774488454,0.3562882774488454,0.3883580624066731,0.3562882774488454,0.032069784957827696,1,switching,switching,switching,3,7,0.04456978495782771,0.032069784957827696
high,light,seed_0002,5,0,0.3271216107821788,1120.8333333333333,1.0,1.4166666666666667,0.7825179513798771,0.13333333333333333,0.5833333333333334,0.6666666666666666,0.4891304347826087,8.041666666666666,3.2207551736958973,4.25,12.0,0.041666666666666664,2.5416666666666665,1.9657646095817638,1.5,0.5,1.0,1.25,8.069444444444443,4.1474324572745385,0.9945096068584506,0.0027451965707747106,5.25,12.0,0.2699852518349346,0.3271216107821788,0.22911306645419183,0.3271216107821788,0.0,0,cost,cost,cost,2,7,0.09046969228057752,0.0
high,light,seed_0002,6,0,0.3839051780880194,1100.0,1.0,1.5,0.8137873055905843,0.06666666666666667,0.2916666666666667,0.3333333333333333,0.17391304347826086,9.416666666666666,3.108009366495253,5.0,11.0,0.08333333333333333,2.2083333333333335,1.8813724267253489,1.4166666666666667,0.9090593428863095,2.0,1.7083333333333333,6.694444444444444,3.6437626394757805,0.9921044292692357,0.00394778536538215,4.25,12.0,0.3832257009582687,0.3839051780880194,0.3622909277949918,0.3839051780880194,0.0,0,cost,cost,cost,3,7,0.038179477129750616,0.0
high,light,seed_0002,7,0,0.4186456592845289,1672.9166666666667,1.0,1.9166666666666667,0.6525402974441179,0.15,0.75,0.75,0.35507246376811596,9.708333333333334,3.4092908190544393,6.5,11.0,0.25,2.4583333333333335,2.0806892679626463,1.5,0.7071067811865476,2.0,1.75,6.666666666666667,3.3599630729893226,0.9863699218415339,0.006815039079233032,4.0,12.0,0.37963973331537676,0.4062943113947934,0.4186456592845289,0.4062943113947934,0.01235134788973552,1,switching,switching,switching,2,7,0.02650592596915219,0.01235134788973552
high,light,seed_0002,8,0,0.38307101490205636,1570.8333333333333,1.0,1.625,0.5857897686994081,0.05833333333333334,0.2916666666666667,0.2916666666666667,0.15217391304347827,9.083333333333334,2.9142847416742854,4.25,10.0,0.08333333333333333,2.2083333333333335,2.0433116164190923,1.9166666666666667,0.9965217285917832,2.0,1.1666666666666667,7.048611111111111,3.586716480016882,0.9819952260420105,0.009002386978994747,6.0,12.0,0.3582257009582687,0.3812943113947935,0.38307101490205636,0.3812943113947935,0.001776703507262889,1,switching,switching,switching,3,7,0.01651198061045428,-0.03572329649273698
high,light,seed_0002,9,0,0.2976570905217441,985.4166666666666,1.0,1.4583333333333333,0.812519974432726,0.21666666666666667,0.8333333333333334,1.0833333333333333,0.4855072463768116,8.916666666666666,2.580643761200337,4.0,10.0,0.041666666666666664,1.9166666666666667,1.9662258250487021,1.625,1.3169567191065923,3.0,1.5833333333333333,6.958333333333333,3.191514356679112,0.9750978135460636,0.01245109322696819,6.583333333333333,12.0,0.2976570905217441,0.2976570905217441,0.2755541748669571,0.2976570905217441,0.0,0,cqi|cost,cqi,cqi,2,6,-0.06666666666666665,-0.07500000000000001
high,light,seed_0002,10,0,0.3966913957400064,1025.0,1.0,1.5,0.8232125367286973,0.041666666666666664,0.20833333333333334,0.20833333333333334,0.39855072463768115,8.541666666666666,3.3163630514298177,5.25,10.0,0.125,2.4583333333333335,1.9150834047242105,1.4583333333333333,0.49826086429589156,1.0,1.375,7.722222222222221,3.8232556742411674,0.9899102367386389,0.005044881630680564,4.25,12.0,0.2531108254313135,0.3966913957400064,0.2815355351195591,0.3966913957400064,0.0,0,cost,cost,cost,3,7,0.14358057030869287,0.0
high,light,seed_0002,11,0,0.320110933451041,1658.3333333333333,1.0,1.6666666666666667,0.6025898536169695,0.20000000000000004,0.875,1.0,0.322463768115942,8.791666666666666,3.3163630514298177,6.25,10.0,0.08333333333333333,2.1666666666666665,1.8855380762092449,1.5,0.5,1.0,1.5416666666666667,7.201388888888888,3.7963125281947474,0.9589992767128569,0.020500361643571552,3.9166666666666665,12.0,0.320110933451041,0.31229092779499174,0.30147825936420697,0.320110933451041,0.0,0,cqi,cqi,cqi,3,7,-0.016666666666666774,0.0
high,light,seed_0002,12,0,0.3151163100898861,1229.1666666666667,1.0,1.5833333333333333,0.8442471866511447,0.25,0.9166666666666666,1.25,0.40942028985507245,9.083333333333334,2.8710721961587025,4.25,10.0,0.0,3.125,1.9075345351881179,1.6666666666666667,1.3743685418725535,3.0,1.5416666666666667,6.611111111111112,3.666561446301722,0.9573198636456287,0.021340068177185645,6.083333333333333,12.0,0.3151163100898861,0.3151163100898861,0.2876725513309744,0.3151163100898861,0.0,0,cqi|cost,cqi,cqi,3,7,0.0,0.0
high,light,seed_0002,13,0,0.4367305603829137,1262.5,1.0,1.75,0.9040233959588798,0.09999999999999999,0.375,0.5,0.532608695652174,9.458333333333334,2.900849971224909,4.25,9.0,0.0,2.9583333333333335,1.9928162191299676,1.5833333333333333,0.8122328620674136,2.0,1.6666666666666667,6.486111111111112,3.5141633621393398,0.9609199182565141,0.019540040871742936,5.166666666666667,12.0,0.4210295884979847,0.4367305603829137,0.39892667284319766,0.4367305603829137,0.0,0,cost,cost,cost,2,7,0.01570097188492897,0.0
high,light,seed_0002,14,0,0.3768237571884107,985.4166666666666,1.0,1.4583333333333333,0.812519974432726,0.05833333333333334,0.2916666666666667,0.2916666666666667,0.4311594202898551,9.25,3.5619517121937516,6.25,12.0,0.041666666666666664,2.2083333333333335,2.131151921943468,1.75,0.4330127018922193,1.0,1.2916666666666667,7.159722222222222,4.17928067493397,0.9816449519888363,0.00917752400558186,5.25,12.0,0.3768237571884107,0.3768237571884107,0.32386739267098097,0.3768237571884107,0.0,0,cqi|cost,cqi,cqi,2,7,0.004166666666666652,0.0
high,medium,seed_0002,0,1,0.1119456665338699,418.75,1.0,0.625,0.8593032159264931,0.125,0.625,0.625,0.0,9.291666666666666,3.5763012394869027,6.0,12.0,0.125,2.4166666666666665,1.9699616925389873,0.0,0.0,0.0,3.1666666666666665,7.423611111111112,4.576251894762895,0.9962517782336966,0.0018741108831517028,4.333333333333333,6.0,0.10448262209827858,0.1119456665338699,0.10448262209827858,0.1119456665338699,0.0,0,cost,cost,cost,3,5,0.007463044435591329,0.0
high,medium,seed_0002,1,0,-0.0625,200.0,1.0,0.0,1.0,0.125,0.625,0.625,0.5543478260869565,8.791666666666666,3.341396497806801,6.25,10.0,0.0,2.0833333333333335,1.8407858776707693,0.625,0.4841229182759271,1.0,2.25,7.645833333333333,4.635639039609917,0.9555897702030585,0.022205114898470768,5.0,6.0,-0.0625,-0.0625,-0.0625,-0.0625,0.0,0,cqi|cost|switching,cqi|cost|switching,cqi,1,6,-0.004166666666666673,0.0
high,medium,seed_0002,2,0,0.1791130664541918,550.0,1.0,1.0,1.0,0.20000000000000004,1.0,1.0,0.0,9.333333333333334,3.104656001699526,5.25,10.0,0.125,2.2083333333333335,1.7422264556136355,0.0,0.0,0.0,3.125,6.798611111111111,3.4156431958502376,0.9914420180726178,0.004278990963691109,4.0,6.0,0.1791130664541918,0.1791130664541918,0.1791130664541918,0.1791130664541918,0.0,0,cqi|cost|switching,cqi|cost|switching,cqi,1,5,0.0,0.0
high,medium,seed_0002,3,0,0.08955653322709588,375.0,1.0,0.5,0.8211678832116789,0.10000000000000002,0.5,0.5,0.6376811594202898,8.958333333333334,3.194776552784595,4.0,11.0,0.041666666666666664,2.2083333333333335,1.7215126214335978,1.0,0.0,0.0,2.0,7.048611111111112,4.399200044775257,0.9741494543676944,0.0129252728161528,5.833333333333333,6.0,0.08955653322709588,-0.06920642185886187,0.08955653322709588,0.08955653322709588,0.0,0,cqi|switching,cqi|switching,cqi,3,5,0.0,0.0
high,medium,seed_0002,4,0,0.1798041795257235,795.8333333333334,1.0,0.9166666666666666,0.601520247988392,0.15,0.625,0.75,0.36594202898550726,8.666666666666666,2.8819360776317637,5.25,10.0,0.041666666666666664,1.7083333333333333,1.8280548800153387,0.5,0.5,1.0,2.4583333333333335,7.138888888888888,3.5091371033170735,0.9841918927460626,0.007904053626968721,4.5,6.0,0.1798041795257235,0.16020508873838588,0.10796377768924657,0.1798041795257235,0.0,0,cqi,cqi,cqi,3,7,0.0,0.0
high,medium,seed_0002,5,0,0.11214811424364225,579.1666666666666,1.0,0.5833333333333334,0.489982755122743,0.10000000000000002,0.25,0.5,0.42028985507246375,8.041666666666666,3.2207551736958973,4.25,12.0,0.041666666666666664,2.5416666666666665,1.9657646095817638,0.9166666666666666,0.9965217285917832,2.0,1.8333333333333333,8.069444444444443,4.1474324572745385,0.9945096068584506,0.0027451965707747106,8.5,6.0,0.11214811424364225,0.11020508873838587,0.09731743125645526,0.11214811424364225,0.0,0,cqi,cqi,cqi,3,7,0.0,0.0
high,medium,seed_0002,6,0,0.2344655455000975,904.1666666666666,1.0,1.0833333333333333,0.6608425957112384,0.13333333333333333,0.3333333333333333,0.6666666666666666,0.427536231884058,9.416666666666666,3.108009366495253,5.0,11.0,0.08333333333333333,2.2083333333333335,1.8813724267253489,0.5833333333333334,0.9090593428863095,2.0,2.4583333333333335,6.694444444444444,3.6437626394757805,0.9921044292692357,0.00394778536538215,5.5,6.0,0.2344655455000975,0.12687175540505255,0.16214811424364226,0.2344655455000975,0.0,0,cqi,cqi,cqi,2,7,0.0,0.0
high,medium,seed_0002,7,0,0.28079357814113814,1012.5,1.0,1.25,0.7213060686015831,0.13333333333333333,0.3333333333333333,0.6666666666666666,0.463768115942029,9.708333333333334,3.4092908190544393,6.5,11.0,0.25,2.4583333333333335,2.0806892679626463,1.0833333333333333,0.9965217285917832,2.0,2.1666666666666665,6.666666666666667,3.3599630729893226,0.9863699218415339,0.006815039079233032,7.166666666666667,6.0,0.22738412460048876,0.28079357814113814,0.22262735274211917,0.28079357814113814,0.0,0,cost,cost,cost,2,7,0.05340945354064938,0.0
high,medium,seed_0002,8,0,0.23446554550009746,904.1666666666666,1.0,1.0833333333333333,0.6608425957112384,0.13333333333333333,0.3333333333333333,0.6666666666666666,0.463768115942029,9.083333333333334,2.9142847416742854,4.25,10.0,0.08333333333333333,2.2083333333333335,2.0433116164190923,1.25,0.9682458365518543,2.0,1.8333333333333333,7.048611111111111,3.586716480016882,0.9819952260420105,0.009002386978994747,8.0,6.0,0.23446554550009746,0.16418697758300918,0.15847614688468284,0.23446554550009746,0.0,0,cqi,cqi,cqi,2,7,-0.004166666666666652,0.0
high,medium,seed_0002,9,0,0.1714708461923902,795.8333333333334,1.0,0.9166666666666666,0.601520247988392,0.16666666666666666,0.4166666666666667,0.8333333333333334,0.5072463768115942,8.916666666666666,2.580643761200337,4.0,10.0,0.041666666666666664,1.9166666666666667,1.9662258250487021,1.0833333333333333,0.9965217285917832,2.0,1.9583333333333333,6.958333333333333,3.191514356679112,0.9750978135460636,0.01245109322696819,7.833333333333333,6.0,0.1714708461923902,0.10187175540505254,0.11214811424364224,0.1714708461923902,0.0,0,cqi,cqi,cqi,2,6,0.0,0.0
high,medium,seed_0002,10,0,0.12658553775306555,522.9166666666666,1.0,0.7083333333333334,0.6263521037143084,0.1416666666666667,0.5833333333333334,0.7083333333333334,0.10869565217391304,8.541666666666666,3.3163630514298177,5.25,10.0,0.125,2.4583333333333335,1.9150834047242105,0.9166666666666666,0.9965217285917832,2.0,1.9166666666666667,7.722222222222221,3.8232556742411674,0.9899102367386389,0.005044881630680564,6.833333333333333,6.0,0.08035291099602059,0.08035291099602059,0.12658553775306555,0.08035291099602059,0.04623262675704497,1,switching,switching,switching,3,7,0.04623262675704497,0.04623262675704497
high,medium,seed_0002,11,0,0.1569087109694612,433.3333333333333,1.0,0.6666666666666666,0.8733850129198967,0.05833333333333334,0.25,0.2916666666666667,0.3007246376811594,8.791666666666666,3.3163630514298177,6.25,10.0,0.08333333333333333,2.1666666666666665,1.8855380762092449,0.7083333333333334,0.6757197808427856,2.0,2.3333333333333335,7.201388888888888,3.7963125281947474,0.9589992767128569,0.020500361643571552,4.5,6.0,0.1569087109694612,0.1569087109694612,0.1503159554316119,0.1569087109694612,0.0,0,cqi|cost,cqi,cqi,3,7,2.7755575615628914e-17,0.0
high,medium,seed_0002,12,0,0.18346451094290187,477.0833333333333,1.0,0.7916666666666666,0.9184706459296623,0.07500000000000001,0.375,0.375,0.4891304347826087,9.083333333333334,2.8710721961587025,4.25,10.0,0.0,3.125,1.9075345351881179,0.6666666666666666,0.4714045207910317,1.0,2.375,6.611111111111112,3.666561446301722,0.9573198636456287,0.021340068177185645,5.0,6.0,0.18346451094290184,0.18346451094290187,0.09129711102257991,0.18346451094290187,0.0,0,cqi|cost,cost,cost,2,7,2.7755575615628914e-17,0.0
high,medium,seed_0002,13,0,0.18016813317397717,462.5,1.0,0.75,0.9030343007915568,0.05833333333333334,0.2916666666666667,0.2916666666666667,0.5615942028985508,9.458333333333334,2.900849971224909,4.25,9.0,0.0,2.9583333333333335,1.9928162191299676,0.7916666666666666,0.4061164310337068,1.0,2.2916666666666665,6.486111111111112,3.5141633621393398,0.9609199182565141,0.019540040871742936,4.666666666666667,6.0,0.18016813317397717,0.18016813317397717,0.17929784427623516,0.18016813317397717,0.0,0,cqi|cost,cqi,cqi,3,7,0.0,0.0
high,medium,seed_0002,14,0,0.20933479984064388,462.5,1.0,0.75,0.9030343007915568,0.0,0.0,0.0,0.2898550724637681,9.25,3.5619517121937516,6.25,12.0,0.041666666666666664,2.2083333333333335,2.131151921943468,0.75,0.4330127018922193,1.0,2.2083333333333335,7.159722222222222,4.17928067493397,0.9816449519888363,0.00917752400558186,4.5,6.0,0.1926681331739772,0.1926681331739772,0.20933479984064388,0.1926681331739772,0.016666666666666663,1,switching,switching,switching,2,7,0.016666666666666663,0.016666666666666663
high,heavy,seed_0002,0,1,-0.22885071123505477,370.8333333333333,0.8333333333333334,0.7,0.7375232774674115,0.11666666666666668,0.5833333333333334,0.5833333333333334,0.0,9.291666666666666,3.5763012394869027,6.0,12.0,0.125,2.4166666666666665,1.9699616925389873,0.0,0.0,0.0,3.1666666666666665,7.423611111111112,4.576251894762895,0.9962517782336966,0.0018741108831517028,13.0,2.0,-0.22885071123505477,-0.25,-0.22885071123505477,-0.22885071123505477,0.0,0,cqi|switching,cqi|switching,cqi,3,5,0.0,0.0
high,heavy,seed_0002,1,0,-0.5922210001327968,343.75,0.625,1.0,0.625,0.03333333333333333,0.16666666666666666,0.16666666666666666,0.40217391304347827,8.791666666666666,3.341396497806801,6.25,10.0,0.0,2.0833333333333335,1.8407858776707693,0.5833333333333334,0.4930066485916347,1.0,2.2916666666666665,7.645833333333333,4.635639039609917,0.9555897702030585,0.022205114898470768,15.0,2.0,-0.6830173779017215,-0.5922210001327968,-0.6192775333598927,-0.5922210001327968,0.0,0,cost,cost,cost,2,6,0.09079637776892469,0.0
high,heavy,seed_0002,2,0,-0.075,200.0,1.0,0.0,1.0,0.15,0.75,0.75,0.4891304347826087,9.333333333333334,3.104656001699526,5.25,10.0,0.125,2.2083333333333335,1.7422264556136355,0.75,0.4330127018922193,1.0,2.375,6.798611111111111,3.4156431958502376,0.9914420180726178,0.004278990963691109,12.5,2.0,-0.075,-0.075,-0.075,-0.075,0.0,0,cqi|cost|switching,cqi|cost|switching,cqi,1,7,-0.004166666666666666,0.0
high,heavy,seed_0002,3,0,-0.2437768001062374,341.6666666666667,0.8333333333333334,0.6,0.709282700421941,0.10000000000000002,0.5,0.5,0.6376811594202898,8.958333333333334,3.194776552784595,4.0,11.0,0.041666666666666664,2.2083333333333335,1.7215126214335978,0.0,0.0,0.0,3.0,7.048611111111112,4.399200044775257,0.9741494543676944,0.0129252728161528,13.5,2.0,-0.2437768001062374,-0.3333333333333333,-0.2437768001062374,-0.2437768001062374,0.0,0,cqi|switching,cqi|switching,cqi,3,5,0.0,0.0
high,heavy,seed_0002,4,0,-0.4762398445418287,302.0833333333333,0.7083333333333334,0.6470588235294118,0.6139044615743985,0.041666666666666664,0.20833333333333334,0.20833333333333334,0.36594202898550726,8.666666666666666,2.8819360776317637,5.25,10.0,0.041666666666666664,1.7083333333333333,1.8280548800153387,0.5,0.5,1.0,2.4583333333333335,7.138888888888888,3.5091371033170735,0.9841918927460626,0.007904053626968721,13.5,2.0,-0.4762398445418287,-0.625,-1.0,-0.4762398445418287,0.0,0,cqi,cqi,cqi,3,7,0.0,0.0
high,heavy,seed_0002,5,0,-0.3519253556175274,260.4166666666667,0.7916666666666666,0.3684210526315789,0.6266041065126724,0.03333333333333333,0.16666666666666666,0.16666666666666666,0.42028985507246375,8.041666666666666,3.2207551736958973,4.25,12.0,0.041666666666666664,2.5416666666666665,1.9657646095817638,0.5416666666666666,0.4982608642958916,1.0,2.125,8.069444444444443,4.1474324572745385,0.9945096068584506,0.0027451965707747106,13.5,2.0,-0.3519253556175274,-0.46249999999999997,-0.8602586889508608,-0.3519253556175274,0.0,0,cqi,cqi,cqi,3,7,0.0,0.0
high,heavy,seed_0002,6,0,-0.0375,200.0,1.0,0.0,1.0,0.075,0.375,0.375,0.2028985507246377,9.416666666666666,3.108009366495253,5.0,11.0,0.08333333333333333,2.2083333333333335,1.8813724267253489,0.375,0.4841229182759271,1.0,2.6666666666666665,6.694444444444444,3.6437626394757805,0.9921044292692357,0.00394778536538215,13.0,2.0,-0.25783260007967806,-0.2833333333333333,-0.0375,-0.25783260007967806,0.22033260007967806,1,switching,switching,switching,2,7,0.22033260007967806,0.22033260007967806
high,heavy,seed_0002,7,0,0.0,200.0,1.0,0.0,1.0,0.0,0.0,0.0,0.4891304347826087,9.708333333333334,3.4092908190544393,6.5,11.0,0.25,2.4583333333333335,2.0806892679626463,0.0,0.0,0.0,3.25,6.666666666666667,3.3599630729893226,0.9863699218415339,0.006815039079233032,12.0,2.0,0.0,0.0,0.0,0.0,0.0,0,cqi|cost|switching,cqi|cost|switching,cqi,1,5,0.041666666666666664,0.041666666666666664
high,heavy,seed_0002,8,0,0.0,200.0,1.0,0.0,1.0,0.0,0.0,0.0,0.0,9.083333333333334,2.9142847416742854,4.25,10.0,0.08333333333333333,2.2083333333333335,2.0433116164190923,0.0,0.0,0.0,3.0833333333333335,7.048611111111111,3.586716480016882,0.9819952260420105,0.009002386978994747,12.0,2.0,0.0,0.0,0.0,0.0,0.0,0,cqi|cost|switching,cqi|cost|switching,cqi,1,5,0.0,0.0
high,heavy,seed_0002,9,0,0.0,200.0,1.0,0.0,1.0,0.0,0.0,0.0,0.0,8.916666666666666,2.580643761200337,4.0,10.0,0.041666666666666664,1.9166666666666667,1.9662258250487021,0.0,0.0,0.0,3.0416666666666665,6.958333333333333,3.191514356679112,0.9750978135460636,0.01245109322696819,12.0,2.0,0.0,0.0,0.0,0.0,0.0,0,cqi|cost|switching,cqi|cost|switching,cqi,1,4,0.0,0.0
high,heavy,seed_0002,10,0,-0.25,175.0,0.875,0.0,0.875,0.0,0.0,0.0,0.6195652173913043,8.541666666666666,3.3163630514298177,5.25,10.0,0.125,2.4583333333333335,1.9150834047242105,0.0,0.0,0.0,2.8333333333333335,7.722222222222221,3.8232556742411674,0.9899102367386389,0.005044881630680564,12.5,2.0,-0.8718884000531187,-0.25,-0.8718884000531187,-0.25,0.0,0,cost,cost,cost,3,5,0.6218884000531187,0.0
high,heavy,seed_0002,11,0,-0.5771101334395707,308.3333333333333,0.6666666666666666,0.75,0.6020228671943711,0.10000000000000002,0.5,0.5,0.322463768115942,8.791666666666666,3.3163630514298177,6.25,10.0,0.08333333333333333,2.1666666666666665,1.8855380762092449,0.0,0.0,0.0,2.9583333333333335,7.201388888888888,3.7963125281947474,0.9589992767128569,0.020500361643571552,12.0,2.0,-0.5771101334395707,-0.63805433346613,-0.5771101334395707,-0.5771101334395707,0.0,0,cqi|switching,cqi|switching,cqi,3,5,-0.02083333333333337,0.0
high,heavy,seed_0002,12,0,-0.2290354890570981,435.4166666666667,0.7916666666666666,1.0,0.7916666666666666,0.06666666666666667,0.3333333333333333,0.3333333333333333,0.4891304347826087,9.083333333333334,2.8710721961587025,4.25,10.0,0.0,3.125,1.9075345351881179,0.5,0.5,1.0,2.5416666666666665,6.611111111111112,3.666561446301722,0.9573198636456287,0.021340068177185645,13.5,2.0,-0.3369992667463448,-0.2290354890570981,-0.3833333333333333,-0.2290354890570981,0.0,0,cost,cost,cost,2,7,0.11213044435591332,0.0
high,heavy,seed_0002,13,0,-0.08333333333333333,200.0,1.0,0.0,1.0,0.16666666666666666,0.8333333333333334,0.8333333333333334,0.3442028985507246,9.458333333333334,2.900849971224909,4.25,9.0,0.0,2.9583333333333335,1.9928162191299676,0.8333333333333334,0.37267799624996495,1.0,2.25,6.486111111111112,3.5141633621393398,0.9609199182565141,0.019540040871742936,14.0,2.0,-0.08333333333333333,-0.08333333333333333,-0.08333333333333333,-0.08333333333333333,0.0,0,cqi|cost|switching,cqi|cost|switching,cqi,1,7,-0.041666666666666664,0.0
high,heavy,seed_0002,14,0,0.0,200.0,1.0,0.0,1.0,0.0,0.0,0.0,0.0,9.25,3.5619517121937516,6.25,12.0,0.041666666666666664,2.2083333333333335,2.131151921943468,0.0,0.0,0.0,2.9583333333333335,7.159722222222222,4.17928067493397,0.9816449519888363,0.00917752400558186,12.0,2.0,0.0,0.0,0.0,0.0,0.0,0,cqi|cost|switching,cqi|cost|switching,cqi,1,5,0.0,0.0
high,light,seed_0003,0,1,0.2822600061765311,1104.1666666666667,1.0,1.5833333333333333,0.8475138788317644,0.3166666666666667,1.0,1.5833333333333333,0.0,9.083333333333334,2.9568658332016953,3.5,12.0,0.041666666666666664,1.5,1.4727764136959223,0.0,0.0,0.0,3.0416666666666665,6.680555555555556,3.768447424026813,0.986361524709373,0.006819237645313503,2.0833333333333335,12.0,0.2822600061765311,0.2817829767565528,0.2822600061765311,0.2822600061765311,0.0,0,cqi|switching,cqi|switching,cqi,2,6,0.0,0.0
high,light,seed_0003,1,0,0.42296097806146,1143.75,1.0,1.625,0.8608112276372609,0.05833333333333334,0.2916666666666667,0.2916666666666667,0.4311594202898551,8.5,2.753785273643051,3.5,10.0,0.0,1.75,1.4612203605989975,1.5833333333333333,0.4930066485916347,1.0,1.2083333333333333,7.493055555555556,3.3024539019782484,0.9857301671059757,0.007134916447012141,4.583333333333333,12.0,0.36847010366413396,0.42296097806146,0.3066522310970991,0.42296097806146,0.0,0,cost,cost,cost,2,7,0.05449087439732603,0.0
high,light,seed_0003,2,0,0.41447899261786225,1672.9166666666667,1.0,1.9166666666666667,0.6525402974441179,0.15833333333333335,0.7083333333333334,0.7916666666666666,0.463768115942029,9.083333333333334,3.4268141991586814,6.25,12.0,0.16666666666666666,2.1666666666666665,1.6838900563440031,1.625,0.4841229182759271,1.0,1.5,7.2569444444444455,3.5791251668356816,0.9916581469739092,0.004170926513045403,5.166666666666667,12.0,0.41447899261786225,0.3957257009582687,0.3652894519701484,0.41447899261786225,0.0,0,cqi,cqi,cqi,2,7,-0.03750000000000003,0.0
high,light,seed_0003,3,0,0.38760084928065575,1247.9166666666667,1.0,1.7083333333333333,0.8887724669559876,0.17500000000000002,0.8333333333333334,0.875,0.5,9.75,2.9895651857753496,3.5,11.0,0.08333333333333333,2.0833333333333335,1.7446338417227,1.9166666666666667,0.9965217285917832,2.0,1.4583333333333333,6.375,3.9128971221958917,0.9708187343559423,0.014590632822028826,5.75,12.0,0.3852328981335622,0.38760084928065575,0.3601570905217441,0.38760084928065575,0.0,0,cost,cost,cost,3,6,0.002367951147093539,0.0
high,light,seed_0003,4,0,0.48993153226784264,1302.0833333333333,1.0,1.7916666666666667,0.9192906900122376,0.016666666666666666,0.08333333333333333,0.08333333333333333,0.09420289855072464,9.666666666666666,2.8963578661637945,4.25,11.0,0.041666666666666664,2.0,1.905645405836669,1.7083333333333333,0.5384519993050035,2.0,1.4166666666666667,6.125,3.363492040083298,0.9844300889560667,0.007784955521966674,4.25,12.0,0.48877502571811365,0.4112358610752063,0.48993153226784264,0.48877502571811365,0.0011565065497289861,1,switching,switching,switching,2,7,0.042823173216395616,0.0011565065497289861
high,light,seed_0003,5,0,0.41123586107520643,1154.1666666666667,1.0,1.5833333333333333,0.8436579144126314,0.05833333333333333,0.2916666666666667,0.2916666666666667,0.32971014492753625,8.875,2.8476964374736293,4.25,10.0,0.041666666666666664,2.625,1.9007313317482122,1.7916666666666667,0.40611643103370687,1.0,1.1666666666666667,7.2430555555555545,3.69496002041553,0.9905762666270692,0.0047118666864653935,5.166666666666667,12.0,0.3800247290733397,0.41123586107520643,0.37265709052174406,0.41123586107520643,0.0,0,cost,cost,cost,3,7,0.04371113200186677,0.004166666666666652
high,light,seed_0003,6,0,0.4911057087053006,1445.8333333333333,1.0,1.9166666666666667,0.9687278753942202,0.08333333333333333,0.3333333333333333,0.4166666666666667,0.4311594202898551,9.791666666666666,2.798499101701164,4.0,11.0,0.08333333333333333,2.4166666666666665,1.7627526647635887,1.5833333333333333,0.6400954789890506,2.0,1.7916666666666667,6.173611111111111,3.2971926774862785,0.979801075482361,0.010099462258819525,4.083333333333333,12.0,0.4614443427309267,0.4911057087053006,0.4626962551646514,0.4911057087053006,0.0,0,cost,cost,cost,3,7,0.05466136597437399,0.0
high,light,seed_0003,7,0,0.36752472907333966,1025.0,1.0,1.5,0.8232125367286973,0.10000000000000002,0.5,0.5,0.5108695652173914,8.5,3.013856886670854,5.25,10.0,0.0,2.625,1.8877790771135545,1.9166666666666667,0.39965262694272663,2.0,1.125,7.576388888888888,3.954597408533547,0.9907806899296598,0.004609655035170079,6.916666666666667,12.0,0.36752472907333966,0.34378827744884544,0.3600616846377484,0.36752472907333966,0.0,0,cqi,cqi,cqi,2,7,0.0,0.0
high,light,seed_0003,8,0,0.42180447151173106,1233.3333333333333,1.0,1.6666666666666667,0.8735742203078887,0.08333333333333333,0.4166666666666667,0.4166666666666667,0.4782608695652174,9.5,3.0413812651491097,3.25,12.0,0.041666666666666664,2.3333333333333335,1.8866558982101298,1.5,0.5,1.0,1.75,6.416666666666667,4.083900187411629,0.9553631148302772,0.022318442584861375,4.166666666666667,12.0,0.3839051780880193,0.42180447151173106,0.37013559576656574,0.42180447151173106,0.0,0,cost,cost,cost,3,7,0.03789929342371173,0.0
high,light,seed_0003,9,0,0.3478655721774644,1160.4166666666667,0.9583333333333334,1.6956521739130435,0.8478416519096653,0.041666666666666664,0.20833333333333334,0.20833333333333334,0.286231884057971,9.166666666666666,3.1841621957571333,5.5,12.0,0.08333333333333333,2.0833333333333335,1.9711581255632644,1.6666666666666667,0.6236095644623235,2.0,1.375,7.041666666666667,4.061235558208765,0.9768173585274857,0.011591320736257127,4.666666666666667,12.0,0.3289575944616584,0.3478655721774644,0.24327590825340914,0.3478655721774644,0.0,0,cost,cost,cost,3,7,0.018907977715805935,0.0
high,light,seed_0003,10,0,0.4103655721774644,1168.75,1.0,1.625,0.8591610430452729,0.08333333333333333,0.4166666666666667,0.4166666666666667,0.4492753623188406,8.916666666666666,2.767620317569269,3.0,13.0,0.08333333333333333,2.8333333333333335,1.9073595159389896,1.625,0.5636562191028618,2.0,1.2916666666666667,6.854166666666667,3.7056989706546744,0.9920677503218144,0.0039661248390928106,4.916666666666667,12.0,0.3081242611283251,0.4103655721774644,0.34145759446165846,0.4103655721774644,0.0,0,cost,cost,cost,3,7,0.10640797771580596,0.0
high,light,seed_0003,11,0,0.42616194994638906,1183.3333333333333,1.0,1.6666666666666667,0.8747180288044422,0.075,0.375,0.375,0.4601449275362319,9.5,3.0276503540974917,4.5,11.0,0.08333333333333333,2.3333333333333335,1.8466615369689414,1.625,0.5636562191028618,2.0,1.5833333333333333,6.465277777777778,3.5171468756737654,0.9832211950403531,0.008389402479823449,4.416666666666667,12.0,0.42616194994638906,0.38691533820495705,0.34958848008521937,0.42616194994638906,0.0,0,cqi,cqi,cqi,2,7,0.029166666666666674,0.0
high,light,seed_0003,12,0,0.45330182116558465,1287.5,1.0,1.75,0.9041761363636364,0.06666666666666667,0.3333333333333333,0.3333333333333333,0.4311594202898551,9.708333333333334,2.7306770629684904,3.25,11.0,0.08333333333333333,2.125,1.7590766810946583,1.6666666666666667,0.4714045207910317,1.0,1.5833333333333333,6.097222222222221,3.5171263083852713,0.9718566065083228,0.01407169674583858,4.25,12.0,0.40726000617653096,0.45330182116558465,0.33729092779499176,0.45330182116558465,0.0,0,cost,cost,cost,3,7,0.046041814989053687,0.0
high,light,seed_0003,13,0,0.4940981989345093,1302.0833333333333,1.0,1.7916666666666667,0.9192906900122376,0.008333333333333333,0.041666666666666664,0.041666666666666664,0.014492753623188406,9.916666666666666,2.706730294818619,4.25,9.0,0.08333333333333333,2.375,1.9994292246765835,1.75,0.5204164998665332,2.0,1.5416666666666667,6.125,2.9784138520484476,0.9831534780924793,0.008423260953760336,4.416666666666667,12.0,0.46173056038291366,0.4617305603829136,0.4940981989345093,0.46173056038291366,0.032367638551595634,1,switching,switching,switching,2,7,0.04070097188492894,0.032367638551595634
high,light,seed_0003,14,0,0.419760006176531,1104.1666666666667,1.0,1.5833333333333333,0.8475138788317644,0.041666666666666664,0.20833333333333334,0.20833333333333334,0.3442028985507246,9.0,3.013856886670854,4.0,12.0,0.041666666666666664,2.0833333333333335,1.8588745592122926,1.7916666666666667,0.4061164310337068,1.0,1.3333333333333333,7.0069444444444455,3.9168082618219318,0.9888087780310063,0.005595610984496846,6.666666666666667,12.0,0.419760006176531,0.40290252774187296,0.3407781173319077,0.419760006176531,0.0,0,cqi,cqi,cqi,2,7,0.012500000000000011,0.012500000000000011
high,medium,seed_0003,0,1,0.1417978442762352,477.0833333333333,1.0,0.7916666666666666,0.9184706459296623,0.15833333333333335,0.7916666666666666,0.7916666666666666,0.0,9.083333333333334,2.9568658332016953,3.5,12.0,0.041666666666666664,1.5,1.4727764136959223,0.0,0.0,0.0,3.0416666666666665,6.680555555555556,3.768447424026813,0.986361524709373,0.006819237645313503,4.166666666666667,6.0,0.14179784427623518,0.1417978442762352,0.13433479984064386,0.1417978442762352,0.0,0,cqi|cost,cost,cost,2,6,2.7755575615628914e-17,0.0
high,medium,seed_0003,1,0,0.2582797331208585,550.0,1.0,1.0,1.0,0.041666666666666664,0.20833333333333334,0.20833333333333334,0.5181159420289855,8.5,2.753785273643051,3.5,10.0,0.0,1.75,1.4612203605989975,0.7916666666666666,0.4061164310337068,1.0,2.0,7.493055555555556,3.3024539019782484,0.9857301671059757,0.007134916447012141,4.666666666666667,6.0,0.2582797331208585,0.25827973312085845,0.25827973312085845,0.2582797331208585,0.0,0,cqi|cost|switching,cqi,cqi,2,7,0.0,0.0
high,medium,seed_0003,2,0,0.2791130664541918,550.0,1.0,1.0,1.0,0.0,0.0,0.0,0.463768115942029,9.083333333333334,3.4268141991586814,6.25,12.0,0.16666666666666666,2.1666666666666665,1.6838900563440031,1.0,0.0,0.0,2.0416666666666665,7.2569444444444455,3.5791251668356816,0.9916581469739092,0.004170926513045403,5.333333333333333,6.0,0.2791130664541918,0.2791130664541918,0.2791130664541918,0.2791130664541918,0.0,0,cqi|cost|switching,cqi|cost|switching,cqi,1,5,0.0,0.0
high,medium,seed_0003,3,0,0.2377856271026991,1166.6666666666667,0.9583333333333334,1.565217391304348,0.8026208026208026,0.19166666666666668,0.9583333333333334,0.9583333333333334,0.40942028985507245,9.75,2.9895651857753496,3.5,11.0,0.08333333333333333,2.0833333333333335,1.7446338417227,1.0,0.0,0.0,2.2916666666666665,6.375,3.9128971221958917,0.9708187343559423,0.014590632822028826,5.333333333333333,6.0,0.23590826970181347,0.2377856271026991,0.23590826970181347,0.2377856271026991,0.0,0,cost,cost,cost,3,4,0.0018773574008856264,0.0
high,medium,seed_0003,4,0,0.1600203109163425,520.8333333333334,1.0,0.9166666666666666,0.96665429349171,0.19166666666666668,0.9583333333333334,0.9583333333333334,0.4528985507246377,9.666666666666666,2.8963578661637945,4.25,11.0,0.041666666666666664,2.0,1.905645405836669,1.5416666666666667,0.8154327412825385,2.0,1.5833333333333333,6.125,3.363492040083298,0.9844300889560667,0.007784955521966674,8.5,6.0,0.1600203109163425,0.1600203109163425,0.1600203109163425,0.1600203109163425,0.0,0,cqi|cost|switching,cqi,cqi,3,7,-0.04999999999999996,0.0
high,medium,seed_0003,5,0,0.2707797331208585,550.0,1.0,1.0,1.0,0.016666666666666666,0.08333333333333333,0.08333333333333333,0.5942028985507246,8.875,2.8476964374736293,4.25,10.0,0.041666666666666664,2.625,1.9007313317482122,0.9166666666666666,0.27638539919628335,1.0,2.0416666666666665,7.2430555555555545,3.69496002041553,0.9905762666270692,0.0047118666864653935,5.166666666666667,6.0,0.2707797331208585,0.2707797331208585,0.2707797331208585,0.2707797331208585,0.0,0,cqi|cost|switching,cqi|cost|switching,cqi,1,7,0.0,0.0
high,medium,seed_0003,6,0,0.2706242611283251,1066.6666666666667,1.0,1.3333333333333333,0.7518355359765051,0.20000000000000004,1.0,1.0,0.4891304347826087,9.791666666666666,2.798499101701164,4.0,11.0,0.08333333333333333,2.4166666666666665,1.7627526647635887,1.0,0.0,0.0,2.375,6.173611111111111,3.2971926774862785,0.979801075482361,0.010099462258819525,5.0,6.0,0.2317239331474178,0.2706242611283251,0.2317239331474178,0.2706242611283251,0.0,0,cost,cost,cost,3,5,0.03890032798090731,0.0
high,medium,seed_0003,7,0,0.19463486251291043,850.0,1.0,1.0,0.631004366812227,0.16666666666666666,0.4166666666666667,0.8333333333333334,0.5108695652173914,8.5,3.013856886670854,5.25,10.0,0.0,2.625,1.8877790771135545,1.3333333333333333,0.9428090415820634,2.0,1.625,7.576388888888888,3.954597408533547,0.9907806899296598,0.004609655035170079,10.5,6.0,0.19463486251291043,0.10100146650731053,0.008834066586988598,0.19463486251291043,0.0,0,cqi,cqi,cqi,2,7,0.004166666666666596,0.0
high,medium,seed_0003,8,0,0.1836189604360324,1158.3333333333333,0.9166666666666666,1.6363636363636365,0.7919740941137892,0.13333333333333333,0.3333333333333333,0.6666666666666666,0.4782608695652174,9.5,3.0413812651491097,3.25,12.0,0.041666666666666664,2.3333333333333335,1.8866558982101298,1.0,1.0,2.0,2.25,6.416666666666667,4.083900187411629,0.9553631148302772,0.022318442584861375,6.666666666666667,6.0,0.11107537763612786,0.1836189604360324,0.0895565332270959,0.1836189604360324,0.0,0,cost,cost,cost,3,7,0.07254358279990454,0.0
high,medium,seed_0003,9,0,0.01107537763612787,425.0,0.9583333333333334,0.6956521739130435,0.8466796875,0.18333333333333335,0.7916666666666666,0.9166666666666666,0.286231884057971,9.166666666666666,3.1841621957571333,5.5,12.0,0.08333333333333333,2.0833333333333335,1.9711581255632644,1.5,0.8660254037844386,2.0,1.5416666666666667,7.041666666666667,4.061235558208765,0.9768173585274857,0.011591320736257127,8.833333333333334,6.0,-0.007832600079678065,0.01107537763612787,-0.15000000000000002,0.01107537763612787,0.0,0,cost,cost,cost,3,7,-0.05609202228419406,0.0
high,medium,seed_0003,10,0,0.1860753776361279,433.3333333333333,1.0,0.6666666666666666,0.8733850129198967,0.0,0.0,0.0,0.025362318840579712,8.916666666666666,2.767620317569269,3.0,13.0,0.08333333333333333,2.8333333333333335,1.9073595159389896,0.6666666666666666,0.4714045207910317,1.0,2.25,6.854166666666667,3.7056989706546744,0.9920677503218144,0.0039661248390928106,4.666666666666667,6.0,0.15274204430279456,0.15498335535193386,0.1860753776361279,0.15498335535193386,0.031092022284194026,1,switching,switching,switching,2,7,0.054166666666666696,0.031092022284194026
high,medium,seed_0003,11,0,0.24577973312085846,550.0,1.0,1.0,1.0,0.06666666666666667,0.3333333333333333,0.3333333333333333,0.463768115942029,9.5,3.0276503540974917,4.5,11.0,0.08333333333333333,2.3333333333333335,1.8466615369689414,0.6666666666666666,0.4714045207910317,1.0,2.5416666666666665,6.465277777777778,3.5171468756737654,0.9832211950403531,0.008389402479823449,4.333333333333333,6.0,0.24577973312085846,0.24577973312085846,0.24577973312085846,0.24577973312085846,0.0,0,cqi|cost|switching,cqi|cost|switching,cqi,1,7,0.0,-0.029166666666666702
high,medium,seed_0003,12,0,0.24433700891914245,714.5833333333334,1.0,1.0416666666666667,0.6950293019518881,0.09166666666666667,0.4583333333333333,0.4583333333333333,0.6268115942028986,9.708333333333334,2.7306770629684904,3.25,11.0,0.08333333333333333,2.125,1.7590766810946583,1.0,0.0,0.0,2.25,6.097222222222221,3.5171263083852713,0.9718566065083228,0.01407169674583858,5.0,6.0,0.24433700891914245,0.20013117760956856,0.24433700891914245,0.24433700891914245,0.0,0,cqi|switching,cqi|switching,cqi,3,5,0.0,0.0
high,medium,seed_0003,13,0,0.3377856271026991,1175.0,1.0,1.5,0.8133284241531664,0.15833333333333335,0.6666666666666666,0.7916666666666666,0.4746376811594203,9.916666666666666,2.706730294818619,4.25,9.0,0.08333333333333333,2.375,1.9994292246765835,1.0416666666666667,0.6757197808427856,2.0,2.25,6.125,2.9784138520484476,0.9831534780924793,0.008423260953760336,6.0,6.0,0.2695454905748628,0.3377856271026991,0.23327973312085848,0.3377856271026991,0.0,0,cost,cost,cost,2,7,0.06824013652783628,0.0
high,medium,seed_0003,14,0,0.25762956182061775,958.3333333333334,1.0,1.1666666666666667,0.6909613375130617,0.13333333333333333,0.3333333333333333,0.6666666666666666,0.463768115942029,9.0,3.013856886670854,4.0,12.0,0.041666666666666664,2.0833333333333335,1.8588745592122926,1.5,0.8660254037844386,2.0,1.625,7.0069444444444455,3.9168082618219318,0.9888087780310063,0.005595610984496846,12.333333333333334,6.0,0.25762956182061775,0.10187175540505254,0.1649734965385365,0.25762956182061775,0.0,0,cqi,cqi,cqi,2,7,-0.004166666666666707,0.0
high,heavy,seed_0003,0,1,0.0,200.0,1.0,0.0,1.0,0.0,0.0,0.0,0.0,9.083333333333334,2.9568658332016953,3.5,12.0,0.041666666666666664,1.5,1.4727764136959223,0.0,0.0,0.0,3.0416666666666665,6.680555555555556,3.768447424026813,0.986361524709373,0.006819237645313503,12.5,2.0,0.0,0.0,0.0,0.0,0.0,0,cqi|cost|switching,cqi|cost|switching,cqi,1,6,0.0,0.0
high,heavy,seed_0003,1,0,0.0,200.0,1.0,0.0,1.0,0.0,0.0,0.0,0.0,8.5,2.753785273643051,3.5,10.0,0.0,1.75,1.4612203605989975,0.0,0.0,0.0,2.7916666666666665,7.493055555555556,3.3024539019782484,0.9857301671059757,0.007134916447012141,12.0,2.0,0.0,0.0,0.0,0.0,0.0,0,cqi|cost|switching,cqi|cost|switching,cqi,1,6,0.0,0.0
high,heavy,seed_0003,2,0,0.0,200.0,1.0,0.0,1.0,0.0,0.0,0.0,0.0,9.083333333333334,3.4268141991586814,6.25,12.0,0.16666666666666666,2.1666666666666665,1.6838900563440031,0.0,0.0,0.0,3.0416666666666665,7.2569444444444455,3.5791251668356816,0.9916581469739092,0.004170926513045403,12.5,2.0,0.0,0.0,0.0,0.0,0.0,0,cqi|cost|switching,cqi|cost|switching,cqi,1,5,0.0,0.0
high,heavy,seed_0003,3,0,0.0,200.0,1.0,0.0,1.0,0.0,0.0,0.0,0.0,9.75,2.9895651857753496,3.5,11.0,0.08333333333333333,2.0833333333333335,1.7446338417227,0.0,0.0,0.0,3.2916666666666665,6.375,3.9128971221958917,0.9708187343559423,0.014590632822028826,12.5,2.0,0.0,0.0,0.0,0.0,0.0,0,cqi|cost|switching,cqi|cost|switching,cqi,1,4,0.0,0.0
high,heavy,seed_0003,4,0,0.0,200.0,1.0,0.0,1.0,0.0,0.0,0.0,0.0,9.666666666666666,2.8963578661637945,4.25,11.0,0.041666666666666664,2.0,1.905645405836669,0.0,0.0,0.0,3.125,6.125,3.363492040083298,0.9844300889560667,0.007784955521966674,12.0,2.0,0.0,0.0,0.0,0.0,0.0,0,cqi|cost|switching,cqi|cost|switching,cqi,1,5,0.0,0.0
high,heavy,seed_0003,5,0,0.0,200.0,1.0,0.0,1.0,0.0,0.0,0.0,0.0,8.875,2.8476964374736293,4.25,10.0,0.041666666666666664,2.625,1.9007313317482122,0.0,0.0,0.0,2.9583333333333335,7.2430555555555545,3.69496002041553,0.9905762666270692,0.0047118666864653935,12.0,2.0,0.0,0.0,0.0,0.0,0.0,0,cqi|cost|switching,cqi|cost|switching,cqi,1,5,0.0,0.0
high,heavy,seed_0003,6,0,0.0,200.0,1.0,0.0,1.0,0.0,0.0,0.0,0.0,9.791666666666666,2.798499101701164,4.0,11.0,0.08333333333333333,2.4166666666666665,1.7627526647635887,0.0,0.0,0.0,3.375,6.173611111111111,3.2971926774862785,0.979801075482361,0.010099462258819525,12.0,2.0,0.0,0.0,0.0,0.0,0.0,0,cqi|cost|switching,cqi|cost|switching,cqi,1,5,0.0,0.0
high,heavy,seed_0003,7,0,0.0,200.0,1.0,0.0,1.0,0.0,0.0,0.0,0.0,8.5,3.013856886670854,5.25,10.0,0.0,2.625,1.8877790771135545,0.0,0.0,0.0,2.875,7.576388888888888,3.954597408533547,0.9907806899296598,0.004609655035170079,12.0,2.0,0.0,0.0,0.0,0.0,0.0,0,cqi|cost|switching,cqi|cost|switching,cqi,1,5,0.0,0.0
high,heavy,seed_0003,8,0,-0.16666666666666666,183.33333333333334,0.9166666666666666,0.0,0.9166666666666666,0.0,0.0,0.0,0.42028985507246375,9.5,3.0413812651491097,3.25,12.0,0.041666666666666664,2.3333333333333335,1.8866558982101298,0.0,0.0,0.0,3.25,6.416666666666667,4.083900187411629,0.9553631148302772,0.022318442584861375,13.0,2.0,-0.25,-0.16666666666666666,-0.25,-0.16666666666666666,0.0,0,cost,cost,cost,3,5,0.08333333333333334,0.0
high,heavy,seed_0003,9,0,-0.5472579556972055,366.6666666666667,0.6666666666666666,1.0,0.6666666666666666,0.13333333333333333,0.6666666666666666,0.6666666666666666,0.30434782608695654,9.166666666666666,3.1841621957571333,5.5,12.0,0.08333333333333333,2.0833333333333335,1.9711581255632644,0.0,0.0,0.0,3.0416666666666665,7.041666666666667,4.061235558208765,0.9768173585274857,0.011591320736257127,13.0,2.0,-0.6144253556175273,-0.5472579556972055,-0.6144253556175273,-0.5472579556972055,0.0,0,cost,cost,cost,2,5,0.06716739992032184,0.0
high,heavy,seed_0003,10,0,-0.15,191.66666666666666,0.9583333333333334,0.0,0.9583333333333334,0.13333333333333333,0.6666666666666666,0.6666666666666666,0.4601449275362319,8.916666666666666,2.767620317569269,3.0,13.0,0.08333333333333333,2.8333333333333335,1.9073595159389896,0.6666666666666666,0.4714045207910317,1.0,2.25,6.854166666666667,3.7056989706546744,0.9920677503218144,0.0039661248390928106,14.0,2.0,-0.6534811555909681,-0.15,-0.48059128903053877,-0.15,0.0,0,cost,cost,cost,3,7,0.49514782225763465,0.0
high,heavy,seed_0003,11,0,0.0,200.0,1.0,0.0,1.0,0.0,0.0,0.0,0.4891304347826087,9.5,3.0276503540974917,4.5,11.0,0.08333333333333333,2.3333333333333335,1.8466615369689414,0.0,0.0,0.0,3.2083333333333335,6.465277777777778,3.5171468756737654,0.9832211950403531,0.008389402479823449,12.0,2.0,0.0,0.0,0.0,0.0,0.0,0,cqi|cost|switching,cqi|cost|switching,cqi,1,5,0.02916666666666667,0.0
high,heavy,seed_0003,12,0,0.0,200.0,1.0,0.0,1.0,0.0,0.0,0.0,0.0,9.708333333333334,2.7306770629684904,3.25,11.0,0.08333333333333333,2.125,1.7590766810946583,0.0,0.0,0.0,3.25,6.097222222222221,3.5171263083852713,0.9718566065083228,0.01407169674583858,12.5,2.0,0.0,0.0,0.0,0.0,0.0,0,cqi|cost|switching,cqi|cost|switching,cqi,1,5,0.0,0.0
high,heavy,seed_0003,13,0,0.0,200.0,1.0,0.0,1.0,0.0,0.0,0.0,0.0,9.916666666666666,2.706730294818619,4.25,9.0,0.08333333333333333,2.375,1.9994292246765835,0.0,0.0,0.0,3.2916666666666665,6.125,2.9784138520484476,0.9831534780924793,0.008423260953760336,12.0,2.0,0.0,0.0,0.0,0.0,0.0,0,cqi|cost|switching,cqi|cost|switching,cqi,1,5,0.0,0.0
high,heavy,seed_0003,14,0,0.0,200.0,1.0,0.0,1.0,0.0,0.0,0.0,0.0,9.0,3.013856886670854,4.0,12.0,0.041666666666666664,2.0833333333333335,1.8588745592122926,0.0,0.0,0.0,3.0416666666666665,7.0069444444444455,3.9168082618219318,0.9888087780310063,0.005595610984496846,12.5,2.0,0.0,0.0,0.0,0.0,0.0,0,cqi|cost|switching,cqi|cost|switching,cqi,1,5,0.0,0.0
high,light,seed_0004,0,1,0.2822600061765311,1104.1666666666667,1.0,1.5833333333333333,0.8475138788317644,0.3166666666666667,1.0,1.5833333333333333,0.0,9.208333333333334,2.2909089656485455,3.25,9.0,0.041666666666666664,2.2083333333333335,1.8205802779903586,0.0,0.0,0.0,3.125,6.3055555555555545,2.4069087802704967,0.9640803050980744,0.017959847450962796,2.0,12.0,0.2817829767565527,0.2822600061765311,0.2817829767565527,0.2822600061765311,0.0,0,cost,cost,cost,2,5,0.0004770294199783476,0.0
high,light,seed_0004,1,0,0.359000583972015,1075.0,1.0,1.5,0.8157352941176471,0.11666666666666668,0.5416666666666666,0.5833333333333334,0.5217391304347826,8.875,3.0456594797624152,4.0,12.0,0.08333333333333333,2.4166666666666665,1.9817532370638367,1.5833333333333333,0.4930066485916347,1.0,1.5,7.104166666666667,4.164391740076192,0.9883664805181319,0.005816759740934041,5.916666666666667,12.0,0.32846892909989905,0.359000583972015,0.23581286381781782,0.359000583972015,0.0,0,cost,cost,cost,3,7,0.03886498820544931,0.0
high,light,seed_0004,2,0,0.45339722704958035,1262.5,1.0,1.75,0.9040233959588798,0.06666666666666667,0.2916666666666667,0.3333333333333333,0.391304347826087,8.958333333333334,2.3713422125220327,2.25,10.0,0.0,1.9166666666666667,1.9767549036908534,1.5,0.6454972243679028,2.0,1.4166666666666667,6.4375,2.979797912921588,0.9643897874325206,0.017805106283739713,3.6666666666666665,12.0,0.3669522937693657,0.45339722704958035,0.4396276447281266,0.45339722704958035,0.0,0,cost,cost,cost,2,7,0.09894493328021459,0.0
high,light,seed_0004,3,0,0.3471268148754969,1614.5833333333333,1.0,1.75,0.6140907826826655,0.20000000000000004,0.875,1.0,0.4891304347826087,8.958333333333334,3.31007510824486,5.0,11.0,0.08333333333333333,1.6666666666666667,1.846185775309501,1.75,0.4330127018922193,1.0,1.3333333333333333,7.277777777777779,4.090884929470986,0.9819826256997084,0.0090086871501458,5.5,12.0,0.3471268148754969,0.3437882774488454,0.30436442968640487,0.3471268148754969,0.0,0,cqi,cqi,cqi,3,7,0.008333333333333304,0.0
high,light,seed_0004,4,0,0.3950638937162471,1262.5,1.0,1.75,0.9040233959588798,0.18333333333333335,0.8333333333333334,0.9166666666666666,0.4311594202898551,9.166666666666666,2.748737083745107,3.25,10.0,0.08333333333333333,1.625,1.6038418251524373,1.75,1.1989578808281798,3.0,1.2916666666666667,6.583333333333333,3.3942353090693835,0.9754277113750669,0.012286144312466551,5.25,12.0,0.38782344463584467,0.3950638937162471,0.3434904238550774,0.3950638937162471,0.0,0,cost,cost,cost,2,7,0.007240449080402445,0.0
high,light,seed_0004,5,0,0.42161365974373965,1283.3333333333333,1.0,1.6666666666666667,0.8752583407144966,0.08333333333333333,0.3333333333333333,0.4166666666666667,0.391304347826087,9.5,2.6457513110645907,3.25,12.0,0.041666666666666664,2.4166666666666665,1.6114116081221965,1.75,0.4330127018922193,1.0,1.4166666666666667,6.090277777777779,3.5345448547510205,0.9817240158005297,0.009137992099735148,5.083333333333333,12.0,0.3757626565226773,0.42161365974373965,0.39195229376936574,0.42161365974373965,0.0,0,cost,cost,cost,2,7,0.0839251189256498,0.0
high,light,seed_0004,6,0,0.46144434273092666,1337.5,1.0,1.75,0.9063489550348321,0.05000000000000001,0.125,0.25,0.48188405797101447,9.625,3.133322251753454,4.0,12.0,0.08333333333333333,2.375,1.6127211236897303,1.6666666666666667,0.7453559924999299,2.0,1.5833333333333333,6.166666666666667,3.8042374035044424,0.9830270802137542,0.00848645989312291,4.333333333333333,12.0,0.46144434273092666,0.46144434273092666,0.3442905185575875,0.46144434273092666,0.0,0,cqi|cost,cqi,cqi,3,7,0.07916666666666661,0.0
high,light,seed_0004,7,0,0.39892667284319766,1104.1666666666667,1.0,1.5833333333333333,0.8475138788317644,0.08333333333333333,0.4166666666666667,0.4166666666666667,0.40217391304347827,8.666666666666666,3.0230595245361758,5.25,10.0,0.08333333333333333,2.2916666666666665,1.773807026857577,1.75,0.6614378277661477,2.0,1.2083333333333333,7.479166666666667,3.5043995166393658,0.9863566326573591,0.0068216836713204665,5.666666666666667,12.0,0.35463973331537674,0.39892667284319766,0.33225060000860274,0.39892667284319766,0.0,0,cost,cost,cost,2,7,0.04428693952782092,0.0
high,light,seed_0004,8,0,0.3841913957400063,1025.0,1.0,1.5,0.8232125367286973,0.06666666666666667,0.3333333333333333,0.3333333333333333,0.40942028985507245,8.916666666666666,3.315577710679627,6.0,11.0,0.08333333333333333,1.3333333333333333,1.8137209593768535,1.5833333333333333,0.4930066485916347,1.0,1.4583333333333333,7.236111111111111,3.9525298587045006,0.9899215772773164,0.005039211361341778,4.5,12.0,0.3521216107821787,0.3841913957400063,0.3130454906177947,0.3841913957400063,0.0,0,cost,cost,cost,3,7,0.07345964014043554,0.0
high,light,seed_0004,9,0,0.45339722704958035,1262.5,1.0,1.75,0.9040233959588798,0.06666666666666667,0.3333333333333333,0.3333333333333333,0.40942028985507245,9.291666666666666,2.805933692888855,5.0,9.0,0.0,2.0416666666666665,1.7492101634818533,1.5,0.5,1.0,1.4583333333333333,6.611111111111111,3.440185539067606,0.9808020995844217,0.00959895020778917,3.8333333333333335,12.0,0.43814862226910495,0.45339722704958035,0.43962764472812665,0.45339722704958035,0.0,0,cost,cost,cost,2,7,0.02774860478047525,0.0
high,light,seed_0004,10,0,0.39892667284319766,1104.1666666666667,1.0,1.5833333333333333,0.8475138788317644,0.08333333333333333,0.4166666666666667,0.4166666666666667,0.5072463768115942,8.791666666666666,2.692259996525018,5.0,10.0,0.041666666666666664,3.1666666666666665,1.9372148475864044,1.75,0.4330127018922193,1.0,1.2916666666666667,7.097222222222222,3.4298244835055804,0.9773649326910467,0.01131753365447663,5.583333333333333,12.0,0.39892667284319766,0.39892667284319766,0.3768237571884107,0.39892667284319766,0.0,0,cqi|cost,cqi|cost,cqi,2,6,0.05833333333333329,0.0
high,light,seed_0004,11,0,0.4524315322678427,1302.0833333333333,1.0,1.7916666666666667,0.9192906900122376,0.09166666666666667,0.4583333333333333,0.4583333333333333,0.5181159420289855,9.666666666666666,3.0776975521032313,2.5,11.0,0.08333333333333333,2.9583333333333335,2.0694034974447155,1.5833333333333333,0.4930066485916347,1.0,1.7916666666666667,6.347222222222222,3.896495536906953,0.9843578027678067,0.007821098616096644,4.833333333333333,12.0,0.4524315322678427,0.4524315322678427,0.37344964342321935,0.4524315322678427,0.0,0,cqi|cost,cqi|cost,cqi,2,6,0.0,0.0
high,light,seed_0004,12,0,0.402616310089886,1229.1666666666667,1.0,1.5833333333333333,0.8442471866511447,0.075,0.2916666666666667,0.375,0.4927536231884058,9.041666666666666,3.272093706210478,5.0,12.0,0.08333333333333333,2.375,2.195403044906442,1.7916666666666667,0.40611643103370687,1.0,1.2916666666666667,7.1180555555555545,4.026957531422022,0.9890187282531508,0.005490635873424576,5.333333333333333,12.0,0.402616310089886,0.35666990098482804,0.2769882148195107,0.402616310089886,0.0,0,cqi,cqi,cqi,3,7,0.0,0.0
high,light,seed_0004,13,0,0.440116310089886,1229.1666666666667,1.0,1.5833333333333333,0.8442471866511447,0.0,0.0,0.0,0.3188405797101449,8.625,2.1758618981911515,3.0,8.0,0.0,2.4166666666666665,2.1239384585518617,1.5833333333333333,0.8122328620674136,2.0,1.2916666666666667,6.611111111111112,2.9177246758305726,0.9855032015338099,0.00724839923309506,5.166666666666667,12.0,0.3665590342916021,0.4283972270495804,0.440116310089886,0.4283972270495804,0.011719083040305611,1,switching,switching,switching,2,7,0.07355727579828392,0.011719083040305611
high,light,seed_0004,14,0,0.2904979336258687,1120.8333333333333,0.9583333333333334,1.6521739130434783,0.833575246521058,0.13333333333333333,0.5,0.6666666666666666,0.5434782608695652,9.041666666666666,3.088677800541124,4.25,12.0,0.08333333333333333,2.0833333333333335,2.0327158891559076,1.5833333333333333,0.8122328620674136,2.0,1.5,7.097222222222222,3.9077666808675726,0.9914534715698563,0.004273264215071848,7.0,12.0,0.17995941495517506,0.2904979336258687,0.1677988788334308,0.2904979336258687,0.0,0,cost,cost,cost,3,7,0.08137185200402702,-0.03749999999999998
high,medium,seed_0004,0,1,0.17911306645419187,550.0,1.0,1.0,1.0,0.20000000000000004,1.0,1.0,0.0,9.208333333333334,2.2909089656485455,3.25,9.0,0.041666666666666664,2.2083333333333335,1.8205802779903586,0.0,0.0,0.0,3.125,6.3055555555555545,2.4069087802704967,0.9640803050980744,0.017959847450962796,4.0,6.0,0.17911306645419187,0.1791130664541918,0.17911306645419187,0.17911306645419187,0.0,0,cqi|cost|switching,cqi|switching,cqi,2,5,0.0,0.0
high,medium,seed_0004,1,0,0.1685384220717192,447.9166666666667,1.0,0.7083333333333334,0.8879860150607038,0.05833333333333333,0.2916666666666667,0.2916666666666667,0.5217391304347826,8.875,3.0456594797624152,4.0,12.0,0.08333333333333333,2.4166666666666665,1.9817532370638367,1.0,0.0,0.0,2.0,7.104166666666667,4.164391740076192,0.9883664805181319,0.005816759740934041,6.333333333333333,6.0,0.08955653322709588,0.1685384220717192,0.08955653322709588,0.1685384220717192,0.0,0,cost,cost,cost,2,5,0.07898188884462333,0.0
high,medium,seed_0004,2,0,0.22717564294476847,606.25,1.0,0.875,0.6676206244087038,0.03333333333333333,0.16666666666666666,0.16666666666666666,0.18840579710144928,8.958333333333334,2.3713422125220327,2.25,10.0,0.0,1.9166666666666667,1.9767549036908534,0.7083333333333334,0.45452967144315476,1.0,2.2083333333333335,6.4375,2.979797912921588,0.9643897874325206,0.017805106283739713,4.166666666666667,6.0,0.17183479984064387,0.21922393314741787,0.22717564294476847,0.21922393314741787,0.007951709797350603,1,switching,switching,switching,3,7,0.05117417643745795,0.007951709797350603
high,medium,seed_0004,3,0,0.19509422204515983,491.6666666666667,1.0,0.8333333333333334,0.9342458400429415,0.075,0.375,0.375,0.427536231884058,8.958333333333334,3.31007510824486,5.0,11.0,0.08333333333333333,1.6666666666666667,1.846185775309501,0.875,0.6653633092779713,2.0,2.0416666666666665,7.277777777777779,4.090884929470986,0.9819826256997084,0.0090086871501458,5.5,6.0,0.19509422204515983,0.1477050887383859,0.1011862443293539,0.19509422204515983,0.0,0,cqi,cqi,cqi,3,6,-0.012500000000000011,-0.024999999999999994
high,medium,seed_0004,4,0,0.2557935781411382,1012.5,1.0,1.25,0.7213060686015831,0.18333333333333335,0.875,0.9166666666666666,0.39855072463768115,9.166666666666666,2.748737083745107,3.25,10.0,0.08333333333333333,1.625,1.6038418251524373,0.8333333333333334,0.37267799624996495,1.0,2.2083333333333335,6.583333333333333,3.3942353090693835,0.9754277113750669,0.012286144312466551,4.5,6.0,0.2557935781411382,0.23172393314741788,0.2325942220451599,0.2557935781411382,0.0,0,cqi,cqi,cqi,2,7,0.0,0.0
high,medium,seed_0004,5,0,0.15113221216676412,895.8333333333334,0.9583333333333334,1.1304347826086956,0.649592467678471,0.13333333333333333,0.3333333333333333,0.6666666666666666,0.463768115942029,9.5,2.6457513110645907,3.25,12.0,0.041666666666666664,2.4166666666666665,1.6114116081221965,1.25,0.9682458365518543,2.0,1.9166666666666667,6.090277777777779,3.5345448547510205,0.9817240158005297,0.009137992099735148,8.0,6.0,0.15113221216676412,0.1325942220451599,0.1119456665338699,0.15113221216676412,0.0,0,cqi,cqi,cqi,3,7,0.0,0.0
high,medium,seed_0004,6,0,0.15664016320520316,741.6666666666666,1.0,0.8333333333333334,0.5724920497253542,0.15,0.375,0.75,0.463768115942029,9.625,3.133322251753454,4.0,12.0,0.08333333333333333,2.375,1.6127211236897303,1.0833333333333333,0.9965217285917832,2.0,2.1666666666666665,6.166666666666667,3.8042374035044424,0.9830270802137542,0.00848645989312291,6.833333333333333,6.0,0.15664016320520316,0.14839059981408453,0.1483905998140845,0.15664016320520316,0.0,0,cqi,cqi,cqi,3,7,0.0,0.0
high,medium,seed_0004,7,0,0.18938942529278155,681.25,1.0,0.875,0.6097406596414398,0.10833333333333335,0.4166666666666667,0.5416666666666666,0.41304347826086957,8.666666666666666,3.0230595245361758,5.25,10.0,0.08333333333333333,2.2916666666666665,1.773807026857577,0.8333333333333334,0.9860132971832694,2.0,2.0416666666666665,7.479166666666667,3.5043995166393658,0.9863566326573591,0.0068216836713204665,6.333333333333333,6.0,0.18938942529278155,0.09614928876494523,0.1679659867677452,0.18938942529278155,0.0,0,cqi,cqi,cqi,3,7,0.0,0.0
high,medium,seed_0004,8,0,0.2806805023694135,804.1666666666666,1.0,1.0833333333333333,0.6762708787218591,0.041666666666666664,0.16666666666666666,0.20833333333333334,0.2028985507246377,8.916666666666666,3.315577710679627,6.0,11.0,0.08333333333333333,1.3333333333333333,1.8137209593768535,0.875,0.8322910148099242,2.0,2.1666666666666665,7.236111111111111,3.9525298587045006,0.9899215772773164,0.005039211361341778,5.166666666666667,6.0,0.2806805023694135,0.22380152917957716,0.18656139269467276,0.2806805023694135,0.0,0,cqi,cqi,cqi,3,7,0.0,0.0
high,medium,seed_0004,9,0,0.2279681958462438,850.0,1.0,1.0,0.631004366812227,0.10000000000000002,0.4166666666666667,0.5,0.3804347826086957,9.291666666666666,2.805933692888855,5.0,9.0,0.0,2.0416666666666665,1.7492101634818533,1.0833333333333333,0.8122328620674136,2.0,1.875,6.611111111111111,3.440185539067606,0.9808020995844217,0.00959895020778917,5.833333333333333,6.0,0.2279681958462438,0.1975203109163425,0.2124463997875252,0.2279681958462438,0.0,0,cqi,cqi,cqi,2,7,0.0,0.0
high,medium,seed_0004,10,0,0.1791130664541918,550.0,1.0,1.0,1.0,0.20000000000000004,1.0,1.0,0.5217391304347826,8.791666666666666,2.692259996525018,5.0,10.0,0.041666666666666664,3.1666666666666665,1.9372148475864044,1.0,1.0,2.0,2.0416666666666665,7.097222222222222,3.4298244835055804,0.9773649326910467,0.01131753365447663,9.0,6.0,0.1791130664541918,0.1791130664541918,0.1791130664541918,0.1791130664541918,0.0,0,cqi|cost|switching,cqi|cost|switching,cqi,1,6,0.0,0.0
high,medium,seed_0004,11,0,0.24433700891914245,714.5833333333334,1.0,1.0416666666666667,0.6950293019518881,0.09166666666666667,0.4583333333333333,0.4583333333333333,0.6268115942028986,9.666666666666666,3.0776975521032313,2.5,11.0,0.08333333333333333,2.9583333333333335,2.0694034974447155,1.0,0.0,0.0,2.2083333333333335,6.347222222222222,3.896495536906953,0.9843578027678067,0.007821098616096644,5.166666666666667,6.0,0.24433700891914245,0.21592755537849317,0.24433700891914245,0.24433700891914245,0.0,0,cqi|switching,cqi|switching,cqi,3,4,0.0,0.0
high,medium,seed_0004,12,0,0.2025572664807512,506.25,1.0,0.875,0.9503186558516802,0.08333333333333333,0.4166666666666667,0.4166666666666667,0.5289855072463768,9.041666666666666,3.272093706210478,5.0,12.0,0.08333333333333333,2.375,2.195403044906442,1.0416666666666667,0.6757197808427856,2.0,1.9583333333333333,7.1180555555555545,4.026957531422022,0.9890187282531508,0.005490635873424576,5.833333333333333,6.0,0.17929784427623519,0.2025572664807512,0.14597614688468288,0.2025572664807512,0.0,0,cost,cost,cost,2,7,0.023259422204516017,0.0
high,medium,seed_0004,13,0,0.26661306645419186,550.0,1.0,1.0,1.0,0.025000000000000005,0.125,0.125,0.22826086956521738,8.625,2.1758618981911515,3.0,8.0,0.0,2.4166666666666665,2.1239384585518617,0.875,0.33071891388307384,1.0,2.0,6.611111111111112,2.9177246758305726,0.9855032015338099,0.00724839923309506,4.833333333333333,6.0,0.26661306645419186,0.26661306645419186,0.26661306645419186,0.26661306645419186,0.0,0,cqi|cost|switching,cqi|cost|switching,cqi,1,7,0.008333333333333415,0.0
high,medium,seed_0004,14,0,0.18415002201860045,527.0833333333334,0.9583333333333334,1.0,0.9583333333333334,0.0,0.0,0.0,0.5181159420289855,9.041666666666666,3.088677800541124,4.25,12.0,0.08333333333333333,2.0833333333333335,2.0327158891559076,1.0,0.0,0.0,2.0,7.097222222222222,3.9077666808675726,0.9914534715698563,0.004273264215071848,7.0,6.0,0.07376015545817122,0.18415002201860045,0.07376015545817122,0.18415002201860045,0.0,0,cost,cost,cost,3,5,0.11038986656042923,0.0
high,heavy,seed_0004,0,1,0.0,200.0,1.0,0.0,1.0,0.0,0.0,0.0,0.0,9.208333333333334,2.2909089656485455,3.25,9.0,0.041666666666666664,2.2083333333333335,1.8205802779903586,0.0,0.0,0.0,3.125,6.3055555555555545,2.4069087802704967,0.9640803050980744,0.017959847450962796,12.0,2.0,0.0,0.0,0.0,0.0,0.0,0,cqi|cost|switching,cqi|cost|switching,cqi,1,5,0.0,0.0
high,heavy,seed_0004,1,0,-0.25,175.0,0.875,0.0,0.875,0.0,0.0,0.0,0.6195652173913043,8.875,3.0456594797624152,4.0,12.0,0.08333333333333333,2.4166666666666665,1.9817532370638367,0.0,0.0,0.0,3.0,7.104166666666667,4.164391740076192,0.9883664805181319,0.005816759740934041,13.0,2.0,-0.25,-0.4564615779282808,-0.25,-0.25,0.0,0,cqi|switching,cqi|switching,cqi,3,5,0.0,0.0
high,heavy,seed_0004,2,0,0.0,200.0,1.0,0.0,1.0,0.0,0.0,0.0,0.6195652173913043,8.958333333333334,2.3713422125220327,2.25,10.0,0.0,1.9166666666666667,1.9767549036908534,0.0,0.0,0.0,2.9166666666666665,6.4375,2.979797912921588,0.9643897874325206,0.017805106283739713,12.0,2.0,0.0,0.0,0.0,0.0,0.0,0,cqi|cost|switching,cqi|cost|switching,cqi,1,5,0.0,0.0
high,heavy,seed_0004,3,0,-0.25123984454182874,327.0833333333333,0.8333333333333334,0.55,0.6962994350282485,0.09166666666666667,0.4583333333333333,0.4583333333333333,0.6485507246376812,8.958333333333334,3.31007510824486,5.0,11.0,0.08333333333333333,1.6666666666666667,1.846185775309501,0.0,0.0,0.0,2.9166666666666665,7.277777777777779,4.090884929470986,0.9819826256997084,0.0090086871501458,12.0,2.0,-0.25123984454182874,-0.3333333333333333,-0.25123984454182874,-0.25123984454182874,0.0,0,cqi|switching,cqi|switching,cqi,3,5,0.0,0.0
high,heavy,seed_0004,4,0,-0.04583333333333334,200.0,1.0,0.0,1.0,0.09166666666666667,0.4583333333333333,0.4583333333333333,0.6485507246376812,9.166666666666666,2.748737083745107,3.25,10.0,0.08333333333333333,1.625,1.6038418251524373,0.4583333333333333,0.4982608642958916,1.0,2.5833333333333335,6.583333333333333,3.3942353090693835,0.9754277113750669,0.012286144312466551,12.0,2.0,-0.04583333333333334,-0.04583333333333334,-0.04583333333333334,-0.04583333333333334,0.0,0,cqi|cost|switching,cqi|cost|switching,cqi,1,7,0.0,0.0
high,heavy,seed_0004,5,0,-0.08333333333333333,191.66666666666666,0.9583333333333334,0.0,0.9583333333333334,0.0,0.0,0.0,0.5543478260869565,9.5,2.6457513110645907,3.25,12.0,0.041666666666666664,2.4166666666666665,1.6114116081221965,0.0,0.0,0.0,3.1666666666666665,6.090277777777779,3.5345448547510205,0.9817240158005297,0.009137992099735148,13.5,2.0,-0.08333333333333333,-0.08333333333333333,-0.08333333333333333,-0.08333333333333333,0.0,0,cqi|cost|switching,cqi|switching,cqi,3,5,0.0,0.0
high,heavy,seed_0004,6,0,-0.17536955564408674,320.8333333333333,0.875,0.47619047619047616,0.7129629629629629,0.08333333333333333,0.4166666666666667,0.4166666666666667,0.463768115942029,9.625,3.133322251753454,4.0,12.0,0.08333333333333333,2.375,1.6127211236897303,0.0,0.0,0.0,3.1666666666666665,6.166666666666667,3.8042374035044424,0.9830270802137542,0.00848645989312291,12.5,2.0,-0.17536955564408674,-0.25,-0.17536955564408674,-0.17536955564408674,0.0,0,cqi|switching,cqi|switching,cqi,3,5,0.0,0.0
high,heavy,seed_0004,7,0,-0.041666666666666664,200.0,1.0,0.0,1.0,0.08333333333333333,0.4166666666666667,0.4166666666666667,0.6268115942028986,8.666666666666666,3.0230595245361758,5.25,10.0,0.08333333333333333,2.2916666666666665,1.773807026857577,0.4166666666666667,0.4930066485916347,1.0,2.4583333333333335,7.479166666666667,3.5043995166393658,0.9863566326573591,0.0068216836713204665,12.5,2.0,-0.041666666666666664,-0.041666666666666664,-0.041666666666666664,-0.041666666666666664,0.0,0,cqi|cost|switching,cqi|cost|switching,cqi,1,7,0.0,0.0
high,heavy,seed_0004,8,0,0.0,200.0,1.0,0.0,1.0,0.0,0.0,0.0,0.0,8.916666666666666,3.315577710679627,6.0,11.0,0.08333333333333333,1.3333333333333333,1.8137209593768535,0.0,0.0,0.0,3.0416666666666665,7.236111111111111,3.9525298587045006,0.9899215772773164,0.005039211361341778,12.0,2.0,0.0,0.0,0.0,0.0,0.0,0,cqi|cost|switching,cqi|cost|switching,cqi,1,5,0.0,0.0
high,heavy,seed_0004,9,0,0.0,200.0,1.0,0.0,1.0,0.0,0.0,0.0,0.0,9.291666666666666,2.805933692888855,5.0,9.0,0.0,2.0416666666666665,1.7492101634818533,0.0,0.0,0.0,2.9583333333333335,6.611111111111111,3.440185539067606,0.9808020995844217,0.00959895020778917,12.0,2.0,0.0,0.0,0.0,0.0,0.0,0,cqi|cost|switching,cqi|cost|switching,cqi,1,5,0.0,0.0
high,heavy,seed_0004,10,0,0.0,200.0,1.0,0.0,1.0,0.0,0.0,0.0,0.0,8.791666666666666,2.692259996525018,5.0,10.0,0.041666666666666664,3.1666666666666665,1.9372148475864044,0.0,0.0,0.0,2.9583333333333335,7.097222222222222,3.4298244835055804,0.9773649326910467,0.01131753365447663,12.0,2.0,0.0,0.0,0.0,0.0,0.0,0,cqi|cost|switching,cqi|cost|switching,cqi,1,4,0.0,0.0
high,heavy,seed_0004,11,0,0.0,200.0,1.0,0.0,1.0,0.0,0.0,0.0,0.0,9.666666666666666,3.0776975521032313,2.5,11.0,0.08333333333333333,2.9583333333333335,2.0694034974447155,0.0,0.0,0.0,3.2083333333333335,6.347222222222222,3.896495536906953,0.9843578027678067,0.007821098616096644,12.0,2.0,0.0,0.0,0.0,0.0,0.0,0,cqi|cost|switching,cqi|cost|switching,cqi,1,4,0.0,0.0
high,heavy,seed_0004,12,0,-0.25,175.0,0.875,0.0,0.875,0.0,0.0,0.0,0.22826086956521738,9.041666666666666,3.272093706210478,5.0,12.0,0.08333333333333333,2.375,2.195403044906442,0.0,0.0,0.0,3.0,7.1180555555555545,4.026957531422022,0.9890187282531508,0.005490635873424576,12.5,2.0,-0.35696231118193605,-0.25,-0.35696231118193605,-0.25,0.0,0,cost,cost,cost,2,5,0.10696231118193605,0.0
high,heavy,seed_0004,13,0,0.0,200.0,1.0,0.0,1.0,0.0,0.0,0.0,0.22826086956521738,8.625,2.1758618981911515,3.0,8.0,0.0,2.4166666666666665,2.1239384585518617,0.0,0.0,0.0,2.875,6.611111111111112,2.9177246758305726,0.9855032015338099,0.00724839923309506,12.0,2.0,0.0,0.0,0.0,0.0,0.0,0,cqi|cost|switching,cqi|cost|switching,cqi,1,6,0.03333333333333333,0.0
high,heavy,seed_0004,14,0,-0.08333333333333333,191.66666666666666,0.9583333333333334,0.0,0.9583333333333334,0.0,0.0,0.0,0.5181159420289855,9.041666666666666,3.088677800541124,4.25,12.0,0.08333333333333333,2.0833333333333335,2.0327158891559076,0.0,0.0,0.0,3.0,7.097222222222222,3.9077666808675726,0.9914534715698563,0.004273264215071848,14.0,2.0,-0.9104434667729041,-0.08333333333333333,-0.9104434667729041,-0.08333333333333333,0.0,0,cost,cost,cost,3,5,0.8271101334395707,0.0
high,light,seed_0005,0,1,0.23729092779499175,1066.6666666666667,1.0,1.3333333333333333,0.7518355359765051,0.26666666666666666,0.6666666666666666,1.3333333333333333,0.0,8.541666666666666,3.3289033062289786,5.25,13.0,0.041666666666666664,2.375,1.73616159826321,0.0,0.0,0.0,2.875,7.604166666666667,4.256208020405366,0.9782757699019597,0.010862115049020127,2.0833333333333335,12.0,0.23729092779499175,0.23729092779499175,0.23729092779499175,0.23729092779499175,0.0,0,cqi|cost|switching,cqi|cost|switching,cqi,2,4,0.0,0.0
high,light,seed_0005,1,0,0.3706242611283251,1066.6666666666667,1.0,1.3333333333333333,0.7518355359765051,0.0,0.0,0.0,0.0,8.708333333333334,2.7306770629684904,5.0,10.0,0.041666666666666664,2.0,1.7158446784397838,1.3333333333333333,0.9428090415820634,2.0,1.625,7.104166666666667,3.490666291327117,0.9850976649236158,0.007451167538192083,4.083333333333333,12.0,0.32062426112832515,0.32062426112832515,0.3706242611283251,0.32062426112832515,0.04999999999999993,1,switching,switching,switching,2,7,0.04999999999999993,0.04999999999999993
high,light,seed_0005,2,0,0.4597991708194384,1341.6666666666667,1.0,1.8333333333333333,0.9348986510856236,0.09999999999999999,0.3333333333333333,0.5,0.2898550724637681,9.291666666666666,2.6532867458221614,3.0,9.0,0.0,1.5,1.6079885178444702,1.3333333333333333,0.9428090415820634,2.0,1.75,6.361111111111112,3.676963656115608,0.9673410720928652,0.01632946395356738,3.5833333333333335,12.0,0.4597991708194384,0.4597991708194384,0.4303286166130557,0.4597991708194384,0.0,0,cqi|cost,cqi|cost,cqi,2,6,0.0,0.0
high,light,seed_0005,3,0,0.47743153226784263,1302.0833333333333,1.0,1.7916666666666667,0.9192906900122376,0.041666666666666664,0.20833333333333334,0.20833333333333334,0.3442028985507246,9.458333333333334,2.692259996525018,2.25,10.0,0.041666666666666664,1.75,1.605401521175872,1.8333333333333333,0.3726779962499649,1.0,1.4166666666666667,6.097222222222221,3.2485454959883464,0.9596726474804511,0.020163676259774443,4.833333333333333,12.0,0.47743153226784263,0.47743153226784263,0.46269625516465135,0.47743153226784263,0.0,0,cqi|cost,cqi|cost,cqi,2,6,0.0,0.0
high,light,seed_0005,4,0,0.3942829767565527,1229.1666666666667,1.0,1.5833333333333333,0.8442471866511447,0.09166666666666667,0.3333333333333333,0.4583333333333333,0.391304347826087,9.041666666666666,3.168584945295858,4.25,11.0,0.041666666666666664,2.6666666666666665,1.6968326167916281,1.7916666666666667,0.40611643103370687,1.0,1.375,6.965277777777778,3.9314081819635414,0.9808585626297209,0.009570718685139534,6.083333333333333,12.0,0.2779742297921917,0.3942829767565527,0.29367520167712075,0.3942829767565527,0.0,0,cost,cost,cost,2,7,0.116308746964361,0.0
high,light,seed_0005,5,0,0.3437882774488454,1120.8333333333333,1.0,1.4166666666666667,0.7825179513798771,0.10000000000000002,0.25,0.5,0.391304347826087,8.958333333333334,3.347625609625757,4.25,12.0,0.041666666666666664,2.5833333333333335,1.7550865355320526,1.5833333333333333,0.8122328620674136,2.0,1.4166666666666667,7.020833333333333,4.392310331283105,0.9828236050123595,0.008588197493820227,4.833333333333333,12.0,0.3437882774488454,0.1409275553784932,0.26740561935566715,0.3437882774488454,0.0,0,cqi,cqi,cqi,2,7,0.02083333333333326,0.0
high,light,seed_0005,6,0,0.39796097806145997,1143.75,1.0,1.625,0.8608112276372609,0.10833333333333332,0.4583333333333333,0.5416666666666666,0.391304347826087,8.75,3.2564039470966537,6.25,10.0,0.08333333333333333,2.2916666666666665,1.8920432617327183,1.4166666666666667,0.9090593428863095,2.0,1.5,7.375,3.9220559848309344,0.9898984354368785,0.005050782281560751,4.333333333333333,12.0,0.37489236762493533,0.39796097806145997,0.3152834180242004,0.39796097806145997,0.0,0,cost,cost,cost,2,7,0.02306861043652464,0.0
high,light,seed_0005,7,0,0.41879431139479334,1143.75,1.0,1.625,0.8608112276372609,0.06666666666666667,0.3333333333333333,0.3333333333333333,0.463768115942029,9.0,2.5,4.0,9.0,0.041666666666666664,2.5,1.9307581222667487,1.625,0.4841229182759271,1.0,1.375,6.784722222222222,2.7636358761915143,0.9702370838305328,0.014881458084733623,4.416666666666667,12.0,0.4061456592845289,0.41879431139479334,0.38380639998204336,0.41879431139479334,0.0,0,cost,cost,cost,2,7,0.012648652110264447,0.0
high,light,seed_0005,8,0,0.40309333950986437,1104.1666666666667,1.0,1.5833333333333333,0.8475138788317644,0.07500000000000001,0.375,0.375,0.4891304347826087,9.166666666666666,3.0912061651652345,3.75,11.0,0.08333333333333333,2.25,1.9399853010942012,1.625,0.4841229182759271,1.0,1.6666666666666667,6.805555555555556,3.691728324875946,0.976644796364165,0.011677601817917493,5.083333333333333,12.0,0.40309333950986437,0.3544522937693657,0.3736227853034817,0.40309333950986437,0.0,0,cqi,cqi,cqi,2,7,0.03749999999999992,0.0
high,light,seed_0005,9,0,0.4376962551646513,1222.9166666666667,1.0,1.7083333333333333,0.889146074606222,0.07500000000000001,0.375,0.375,0.4891304347826087,9.416666666666666,3.053913700301449,5.0,12.0,0.08333333333333333,2.9166666666666665,2.0658655563367208,1.5833333333333333,0.4930066485916347,1.0,1.6666666666666667,6.652777777777779,3.6770423484233583,0.9855316997929486,0.007234150103525683,4.833333333333333,12.0,0.3518237571884107,0.4376962551646513,0.33068653631536143,0.4376962551646513,0.0,0,cost,cost,cost,2,7,0.08587249797624064,0.0
high,light,seed_0005,10,0,0.4271276447281267,1143.75,1.0,1.625,0.8608112276372609,0.049999999999999996,0.25,0.25,0.391304347826087,8.666666666666666,2.576604138956718,4.25,8.0,0.0,1.6666666666666667,1.974757564539036,1.7083333333333333,0.45452967144315476,1.0,1.2083333333333333,7.118055555555556,3.410386900591837,0.9885695701800954,0.005715214909952304,5.0,12.0,0.41142667284319767,0.4271276447281267,0.3966913957400064,0.4271276447281267,0.0,0,cost,cost,cost,2,7,0.007367638551595723,0.0
high,light,seed_0005,11,0,0.3099602448078047,1012.5,1.0,1.25,0.7213060686015831,0.075,0.375,0.375,0.0,8.541666666666666,3.3289033062289786,5.0,12.0,0.08333333333333333,1.7083333333333333,1.8230655507569926,1.625,0.4841229182759271,1.0,1.4166666666666667,7.826388888888888,4.327313972793724,0.9848518349301162,0.007574082534941906,5.083333333333333,12.0,0.2815650889329041,0.3016269114744714,0.3099602448078047,0.3016269114744714,0.008333333333333304,1,switching,switching,switching,2,7,0.03256182254156731,0.008333333333333304
high,light,seed_0005,12,0,0.4146276447281267,1143.75,1.0,1.625,0.8608112276372609,0.075,0.375,0.375,0.0,9.25,2.832107577994405,4.25,11.0,0.08333333333333333,2.125,1.5625037805967708,1.25,0.9682458365518543,2.0,1.875,6.604166666666667,3.2324356213691705,0.987016209218778,0.006491895390611013,3.6666666666666665,12.0,0.35463973331537674,0.35144213365242805,0.4146276447281267,0.35463973331537674,0.05998791141274995,1,switching,switching,switching,2,7,0.039154578079416635,0.05485217774236534
high,light,seed_0005,13,0,0.38807184475468604,1100.0,1.0,1.5,0.8137873055905843,0.05833333333333334,0.2916666666666667,0.2916666666666667,0.3115942028985507,8.625,3.3517719194479807,5.0,13.0,0.041666666666666664,1.7083333333333333,1.498590462501393,1.625,0.4841229182759271,1.0,1.2083333333333333,7.770833333333333,4.561009396280934,0.9907943685483298,0.004602815725835097,5.166666666666667,12.0,0.2617962284872844,0.38807184475468604,0.3099602448078047,0.38807184475468604,0.0,0,cost,cost,cost,3,7,0.1721089496007349,0.0
high,light,seed_0005,14,0,0.43962764472812665,1143.75,1.0,1.625,0.8608112276372609,0.025000000000000005,0.125,0.125,0.06521739130434782,9.791666666666666,3.341396497806801,6.0,12.0,0.16666666666666666,2.1666666666666665,1.4838254850511445,1.5,0.7071067811865476,2.0,1.7916666666666667,6.583333333333333,3.5664979191648785,0.9885814668423364,0.0057092665788318064,4.083333333333333,12.0,0.43814862226910506,0.4376962551646513,0.43962764472812665,0.43814862226910506,0.001479022459021595,1,switching,switching,switching,2,7,0.026479022459021673,0.001479022459021595
high,medium,seed_0005,0,1,0.11940871096946121,433.3333333333333,1.0,0.6666666666666666,0.8733850129198967,0.13333333333333333,0.6666666666666666,0.6666666666666666,0.0,8.541666666666666,3.3289033062289786,5.25,13.0,0.041666666666666664,2.375,1.73616159826321,0.0,0.0,0.0,2.875,7.604166666666667,4.256208020405366,0.9782757699019597,0.010862115049020127,4.166666666666667,6.0,0.11940871096946121,0.11940871096946121,0.11940871096946121,0.11940871096946121,0.0,0,cqi|cost|switching,cqi|cost|switching,cqi,2,4,0.0,0.0
high,medium,seed_0005,1,0,0.1935384220717192,447.9166666666667,1.0,0.7083333333333334,0.8879860150607038,0.008333333333333333,0.041666666666666664,0.041666666666666664,0.286231884057971,8.708333333333334,2.7306770629684904,5.0,10.0,0.041666666666666664,2.0,1.7158446784397838,0.6666666666666666,0.4714045207910317,1.0,2.2916666666666665,7.104166666666667,3.490666291327117,0.9850976649236158,0.007451167538192083,4.333333333333333,6.0,0.1610753776361279,0.1768717554050525,0.1935384220717192,0.1768717554050525,0.01666666666666669,1,switching,switching,switching,3,7,0.03246304443559131,0.01666666666666669
high,medium,seed_0005,2,0,0.24994639978752517,550.0,1.0,1.0,1.0,0.05833333333333334,0.2916666666666667,0.2916666666666667,0.6847826086956522,9.291666666666666,2.6532867458221614,3.0,9.0,0.0,1.5,1.6079885178444702,0.7083333333333334,0.45452967144315476,1.0,2.375,6.361111111111112,3.676963656115608,0.9673410720928652,0.01632946395356738,4.0,6.0,0.24994639978752517,0.24994639978752517,0.24994639978752517,0.24994639978752517,0.0,0,cqi|cost|switching,cqi|cost|switching,cqi,1,6,0.004166666666666652,0.0
high,medium,seed_0005,3,0,0.27911306645419187,550.0,1.0,1.0,1.0,0.0,0.0,0.0,0.3442028985507246,9.458333333333334,2.692259996525018,2.25,10.0,0.041666666666666664,1.75,1.605401521175872,1.0,0.0,0.0,2.1666666666666665,6.097222222222221,3.2485454959883464,0.9596726474804511,0.020163676259774443,4.666666666666667,6.0,0.27911306645419187,0.27911306645419187,0.27911306645419187,0.27911306645419187,0.0,0,cqi|cost|switching,cqi|cost|switching,cqi,2,4,0.0,0.0
high,medium,seed_0005,4,0,0.20013117760956856,477.0833333333333,1.0,0.7916666666666666,0.9184706459296623,0.041666666666666664,0.20833333333333334,0.20833333333333334,0.391304347826087,9.041666666666666,3.168584945295858,4.25,11.0,0.041666666666666664,2.6666666666666665,1.6968326167916281,1.0,0.0,0.0,2.0833333333333335,6.965277777777778,3.9314081819635414,0.9808585626297209,0.009570718685139534,5.833333333333333,6.0,0.07376015545817122,0.20013117760956856,0.07376015545817122,0.20013117760956856,0.0,0,cost,cost,cost,2,5,0.12637102215139734,0.0
high,medium,seed_0005,5,0,-0.05013133620874155,775.0,0.8333333333333334,1.4,0.6664355062413315,0.08333333333333333,0.4166666666666667,0.4166666666666667,0.4601449275362319,8.958333333333334,3.347625609625757,4.25,12.0,0.041666666666666664,2.5833333333333335,1.7550865355320526,0.7916666666666666,0.4061164310337068,1.0,2.125,7.020833333333333,4.392310331283105,0.9828236050123595,0.008588197493820227,4.5,6.0,-0.05013133620874155,-0.07916666666666668,-0.07916666666666668,-0.05013133620874155,0.0,0,cqi,cqi,cqi,3,7,-0.004298002875408213,0.0
high,medium,seed_0005,6,0,0.2386322121667641,904.1666666666666,1.0,1.0833333333333333,0.6608425957112384,0.125,0.5833333333333334,0.625,0.4311594202898551,8.75,3.2564039470966537,6.25,10.0,0.08333333333333333,2.2916666666666665,1.8920432617327183,1.2083333333333333,0.6441510347391795,2.0,1.7083333333333333,7.375,3.9220559848309344,0.9898984354368785,0.005050782281560751,6.5,6.0,0.2386322121667641,0.13937175540505256,0.10031595543161191,0.2386322121667641,0.0,0,cqi,cqi,cqi,2,7,0.04583333333333328,0.0
high,medium,seed_0005,7,0,0.22175706384437718,720.8333333333334,1.0,0.9166666666666666,0.6168892736416852,0.06666666666666667,0.2916666666666667,0.3333333333333333,0.213768115942029,9.0,2.5,4.0,9.0,0.041666666666666664,2.5,1.9307581222667487,1.0833333333333333,0.9965217285917832,2.0,1.9166666666666667,6.784722222222222,2.7636358761915143,0.9702370838305328,0.014881458084733623,7.5,6.0,0.1791130664541918,0.17911306645419187,0.22175706384437718,0.17911306645419187,0.04264399739018532,1,switching,switching,switching,3,7,0.04264399739018537,0.04264399739018532
high,medium,seed_0005,8,0,0.1964708461923902,795.8333333333334,1.0,0.9166666666666666,0.601520247988392,0.11666666666666665,0.4166666666666667,0.5833333333333334,0.36594202898550726,9.166666666666666,3.0912061651652345,3.75,11.0,0.08333333333333333,2.25,1.9399853010942012,0.9166666666666666,0.8620067027323834,2.0,2.2916666666666665,6.805555555555556,3.691728324875946,0.976644796364165,0.011677601817917493,6.0,6.0,0.1964708461923902,0.1426681331739772,0.1426681331739772,0.1964708461923902,0.0,0,cqi,cqi,cqi,3,7,0.012136046351746338,0.012136046351746282
high,medium,seed_0005,9,0,0.2548041795257235,795.8333333333334,1.0,0.9166666666666666,0.601520247988392,0.0,0.0,0.0,0.15217391304347827,9.416666666666666,3.053913700301449,5.0,12.0,0.08333333333333333,2.9166666666666665,2.0658655563367208,0.9166666666666666,0.9965217285917832,2.0,2.25,6.652777777777779,3.6770423484233583,0.9855316997929486,0.007234150103525683,6.166666666666667,6.0,0.20296819584624382,0.17712161078217878,0.2548041795257235,0.20296819584624382,0.05183598367947967,1,switching,switching,switching,2,7,0.06850265034614628,0.06850265034614628
high,medium,seed_0005,10,0,0.1791130664541918,550.0,1.0,1.0,1.0,0.20000000000000004,1.0,1.0,0.5181159420289855,8.666666666666666,2.576604138956718,4.25,8.0,0.0,1.6666666666666667,1.974757564539036,0.9166666666666666,0.9965217285917832,2.0,2.0,7.118055555555556,3.410386900591837,0.9885695701800954,0.005715214909952304,6.833333333333333,6.0,0.1791130664541918,0.1791130664541918,0.1791130664541918,0.1791130664541918,0.0,0,cqi|cost|switching,cqi|cost|switching,cqi,1,7,0.0,0.0
high,medium,seed_0005,11,0,0.12114928876494517,404.1666666666667,1.0,0.5833333333333334,0.8458288385472852,0.08333333333333333,0.4166666666666667,0.4166666666666667,0.5652173913043478,8.541666666666666,3.3289033062289786,5.0,12.0,0.08333333333333333,1.7083333333333333,1.8230655507569926,1.0,0.0,0.0,1.9583333333333333,7.826388888888888,4.327313972793724,0.9848518349301162,0.007574082534941906,6.5,6.0,-0.10000000000000002,0.12114928876494517,-0.10000000000000002,0.12114928876494517,0.0,0,cost,cost,cost,3,5,0.2211492887649452,0.0
high,medium,seed_0005,12,0,0.23744639978752516,550.0,1.0,1.0,1.0,0.08333333333333333,0.4166666666666667,0.4166666666666667,0.5652173913043478,9.25,2.832107577994405,4.25,11.0,0.08333333333333333,2.125,1.5625037805967708,0.5833333333333334,0.4930066485916347,1.0,2.5416666666666665,6.604166666666667,3.2324356213691705,0.987016209218778,0.006491895390611013,4.0,6.0,0.23744639978752516,0.23744639978752516,0.23744639978752516,0.23744639978752516,0.0,0,cqi|cost|switching,cqi|cost|switching,cqi,1,7,0.05833333333333329,0.0
high,medium,seed_0005,13,0,0.13694566653386983,418.75,1.0,0.625,0.8593032159264931,0.075,0.375,0.375,0.5543478260869565,8.625,3.3517719194479807,5.0,13.0,0.041666666666666664,1.7083333333333333,1.498590462501393,1.0,0.0,0.0,1.8333333333333333,7.770833333333333,4.561009396280934,0.9907943685483298,0.004602815725835097,7.0,6.0,-0.10000000000000002,0.13694566653386983,-0.10000000000000002,0.13694566653386983,0.0,0,cost,cost,cost,3,5,0.23694566653386984,0.0
high,medium,seed_0005,14,0,0.24161306645419187,550.0,1.0,1.0,1.0,0.075,0.375,0.375,0.5543478260869565,9.791666666666666,3.341396497806801,6.0,12.0,0.16666666666666666,2.1666666666666665,1.4838254850511445,0.625,0.4841229182759271,1.0,2.6666666666666665,6.583333333333333,3.5664979191648785,0.9885814668423364,0.0057092665788318064,4.166666666666667,6.0,0.24161306645419187,0.24161306645419187,0.24161306645419187,0.24161306645419187,0.0,0,cqi|cost|switching,cqi|cost|switching,cqi,1,7,0.06250000000000006,0.0
high,heavy,seed_0005,0,1,-0.25,175.0,0.875,0.0,0.875,0.0,0.0,0.0,0.0,8.541666666666666,3.3289033062289786,5.25,13.0,0.041666666666666664,2.375,1.73616159826321,0.0,0.0,0.0,2.875,7.604166666666667,4.256208020405366,0.9782757699019597,0.010862115049020127,12.5,2.0,-0.531092022284194,-0.25,-0.531092022284194,-0.25,0.0,0,cost,cost,cost,3,4,0.28109202228419405,0.0
high,heavy,seed_0005,1,0,-0.5087028889774201,287.5,0.7083333333333334,0.5882352941176471,0.6002269288956127,0.08333333333333333,0.4166666666666667,0.4166666666666667,0.42028985507246375,8.708333333333334,2.7306770629684904,5.0,10.0,0.041666666666666664,2.0,1.7158446784397838,0.0,0.0,0.0,2.9583333333333335,7.104166666666667,3.490666291327117,0.9850976649236158,0.007451167538192083,12.0,2.0,-0.6144253556175273,-0.5087028889774201,-0.6144253556175273,-0.5087028889774201,0.0,0,cost,cost,cost,3,5,0.10155579997344066,0.0
high,heavy,seed_0005,2,0,-0.041666666666666664,200.0,1.0,0.0,1.0,0.08333333333333333,0.4166666666666667,0.4166666666666667,0.6847826086956522,9.291666666666666,2.6532867458221614,3.0,9.0,0.0,1.5,1.6079885178444702,0.4166666666666667,0.4930066485916347,1.0,2.6666666666666665,6.361111111111112,3.676963656115608,0.9673410720928652,0.01632946395356738,12.0,2.0,-0.041666666666666664,-0.041666666666666664,-0.041666666666666664,-0.041666666666666664,0.0,0,cqi|cost|switching,cqi|cost|switching,cqi,1,6,-0.012499999999999994,0.0
high,heavy,seed_0005,3,0,0.0,200.0,1.0,0.0,1.0,0.0,0.0,0.0,0.0,9.458333333333334,2.692259996525018,2.25,10.0,0.041666666666666664,1.75,1.605401521175872,0.0,0.0,0.0,3.1666666666666665,6.097222222222221,3.2485454959883464,0.9596726474804511,0.020163676259774443,12.0,2.0,0.0,0.0,0.0,0.0,0.0,0,cqi|cost|switching,cqi|cost|switching,cqi,1,4,0.0,0.0
high,heavy,seed_0005,4,0,-0.3420362223107534,304.1666666666667,0.7916666666666666,0.5263157894736842,0.6559576563269326,0.08333333333333333,0.4166666666666667,0.4166666666666667,0.6702898550724637,9.041666666666666,3.168584945295858,4.25,11.0,0.041666666666666664,2.6666666666666665,1.6968326167916281,0.0,0.0,0.0,3.0833333333333335,6.965277777777778,3.9314081819635414,0.9808585626297209,0.009570718685139534,12.5,2.0,-0.3420362223107534,-0.4166666666666667,-0.3420362223107534,-0.3420362223107534,0.0,0,cqi|switching,cqi|switching,cqi,3,5,0.0,0.0
high,heavy,seed_0005,5,0,-0.2694623111819361,283.3333333333333,0.8333333333333334,0.4,0.664367816091954,0.05833333333333334,0.2916666666666667,0.2916666666666667,0.4166666666666667,8.958333333333334,3.347625609625757,4.25,12.0,0.041666666666666664,2.5833333333333335,1.7550865355320526,0.4166666666666667,0.4930066485916347,1.0,2.5,7.020833333333333,4.392310331283105,0.9828236050123595,0.008588197493820227,13.5,2.0,-0.2694623111819361,-0.37083333333333335,-0.37083333333333335,-0.2694623111819361,0.0,0,cqi,cqi,cqi,3,7,0.0,0.0
high,heavy,seed_0005,6,0,-0.0375,200.0,1.0,0.0,1.0,0.075,0.375,0.375,0.6376811594202898,8.75,3.2564039470966537,6.25,10.0,0.08333333333333333,2.2916666666666665,1.8920432617327183,0.375,0.4841229182759271,1.0,2.5416666666666665,7.375,3.9220559848309344,0.9898984354368785,0.005050782281560751,13.0,2.0,-0.0375,-0.0375,-0.0375,-0.0375,0.0,0,cqi|cost|switching,cqi|cost|switching,cqi,1,7,0.0,0.0
high,heavy,seed_0005,7,0,0.0,200.0,1.0,0.0,1.0,0.0,0.0,0.0,0.0,9.0,2.5,4.0,9.0,0.041666666666666664,2.5,1.9307581222667487,0.0,0.0,0.0,3.0,6.784722222222222,2.7636358761915143,0.9702370838305328,0.014881458084733623,12.0,2.0,0.0,0.0,0.0,0.0,0.0,0,cqi|cost|switching,cqi|cost|switching,cqi,1,5,0.0,0.0
high,heavy,seed_0005,8,0,-0.4179065112084954,310.4166666666667,0.75,0.6111111111111112,0.641054516054516,0.09166666666666667,0.4583333333333333,0.4583333333333333,0.6702898550724637,9.166666666666666,3.0912061651652345,3.75,11.0,0.08333333333333333,2.25,1.9399853010942012,0.0,0.0,0.0,3.2083333333333335,6.805555555555556,3.691728324875946,0.976644796364165,0.011677601817917493,12.0,2.0,-0.4179065112084954,-0.5,-0.4179065112084954,-0.4179065112084954,0.0,0,cqi|switching,cqi|switching,cqi,3,5,0.0,0.0
high,heavy,seed_0005,9,0,-0.04583333333333334,200.0,1.0,0.0,1.0,0.09166666666666667,0.4583333333333333,0.4583333333333333,0.6702898550724637,9.416666666666666,3.053913700301449,5.0,12.0,0.08333333333333333,2.9166666666666665,2.0658655563367208,0.4583333333333333,0.4982608642958916,1.0,2.7083333333333335,6.652777777777779,3.6770423484233583,0.9855316997929486,0.007234150103525683,12.0,2.0,-0.04583333333333334,-0.04583333333333334,-0.04583333333333334,-0.04583333333333334,0.0,0,cqi|cost|switching,cqi|cost|switching,cqi,1,7,0.0,0.0
high,heavy,seed_0005,10,0,0.0,200.0,1.0,0.0,1.0,0.0,0.0,0.0,0.0,8.666666666666666,2.576604138956718,4.25,8.0,0.0,1.6666666666666667,1.974757564539036,0.0,0.0,0.0,2.9166666666666665,7.118055555555556,3.410386900591837,0.9885695701800954,0.005715214909952304,12.0,2.0,0.0,0.0,0.0,0.0,0.0,0,cqi|cost|switching,cqi|cost|switching,cqi,1,5,0.0,0.0
high,heavy,seed_0005,11,0,-0.5161659334130114,272.9166666666667,0.7083333333333334,0.5294117647058824,0.5875445083538756,0.075,0.375,0.375,0.6920289855072463,8.541666666666666,3.3289033062289786,5.0,12.0,0.08333333333333333,1.7083333333333333,1.8230655507569926,0.0,0.0,0.0,2.9583333333333335,7.826388888888888,4.327313972793724,0.9848518349301162,0.007574082534941906,13.0,2.0,-0.5161659334130114,-0.63805433346613,-0.5161659334130114,-0.5161659334130114,0.0,0,cqi|switching,cqi|switching,cqi,3,5,0.0,0.0
high,heavy,seed_0005,12,0,-0.0375,200.0,1.0,0.0,1.0,0.075,0.375,0.375,0.6920289855072463,9.25,2.832107577994405,4.25,11.0,0.08333333333333333,2.125,1.5625037805967708,0.375,0.4841229182759271,1.0,2.75,6.604166666666667,3.2324356213691705,0.987016209218778,0.006491895390611013,12.0,2.0,-0.0375,-0.0375,-0.0375,-0.0375,0.0,0,cqi|cost|switching,cqi|cost|switching,cqi,1,7,0.0,0.0
high,heavy,seed_0005,13,0,-0.25,175.0,0.875,0.0,0.875,0.0,0.0,0.0,0.5543478260869565,8.625,3.3517719194479807,5.0,13.0,0.041666666666666664,1.7083333333333333,1.498590462501393,0.0,0.0,0.0,2.8333333333333335,7.770833333333333,4.561009396280934,0.9907943685483298,0.004602815725835097,13.0,2.0,-0.7126847778220434,-0.25,-0.7126847778220434,-0.25,0.0,0,cost,cost,cost,3,5,0.4626847778220434,0.0
high,heavy,seed_0005,14,0,0.0,200.0,1.0,0.0,1.0,0.0,0.0,0.0,0.5543478260869565,9.791666666666666,3.341396497806801,6.0,12.0,0.16666666666666666,2.1666666666666665,1.4838254850511445,0.0,0.0,0.0,3.2916666666666665,6.583333333333333,3.5664979191648785,0.9885814668423364,0.0057092665788318064,12.0,2.0,0.0,0.0,0.0,0.0,0.0,0,cqi|cost|switching,cqi|cost|switching,cqi,1,5,0.020833333333333332,0.0
high,light,seed_0006,0,1,0.31173056038291375,1262.5,1.0,1.75,0.9040233959588798,0.35000000000000003,1.0,1.75,0.0,9.25,3.0990589969645086,5.25,10.0,0.125,2.5,1.5577482490136034,0.0,0.0,0.0,3.1666666666666665,6.708333333333333,3.447103588253209,0.9911909661615566,0.004404516919221724,2.0,12.0,0.26752472907333974,0.31173056038291375,0.26752472907333974,0.31173056038291375,0.0,0,cost,cost,cost,2,5,0.044205831309574006,0.0
high,light,seed_0006,1,0,0.5088334760377006,1381.25,1.0,1.875,0.950805949229092,0.025000000000000005,0.125,0.125,0.22826086956521738,9.541666666666666,2.7076922318133243,4.0,10.0,0.0,1.9583333333333333,1.6730210088273134,1.75,0.4330127018922193,1.0,1.4583333333333333,6.069444444444444,3.5348518312845596,0.9677448332110485,0.01612758339447573,4.333333333333333,12.0,0.46144434273092666,0.5088334760377006,0.4393414270761397,0.5088334760377006,0.0,0,cost,cost,cost,2,7,0.07238913330677393,0.0
high,light,seed_0006,2,0,0.4428286166130557,1183.3333333333333,1.0,1.6666666666666667,0.8747180288044422,0.041666666666666664,0.20833333333333334,0.20833333333333334,0.3442028985507246,9.583333333333334,3.2392986209294685,5.0,10.0,0.125,2.2916666666666665,1.8064978266756941,1.875,0.33071891388307384,1.0,1.375,6.5,3.809406000162502,0.9752564679511119,0.012371766024444064,5.166666666666667,12.0,0.4428286166130557,0.4109496434232194,0.4428286166130557,0.4428286166130557,0.0,0,cqi|switching,cqi,cqi,2,6,0.012500000000000011,0.0
high,light,seed_0006,3,0,0.3437882774488454,1120.8333333333333,1.0,1.4166666666666667,0.7825179513798771,0.10000000000000002,0.4166666666666667,0.5,0.3442028985507246,9.208333333333334,3.6512459821576284,5.25,13.0,0.08333333333333333,1.9583333333333333,1.8635585421414038,1.6666666666666667,0.4714045207910316,1.0,1.4166666666666667,7.2430555555555545,4.716494688331763,0.9958234744112929,0.002088262794353535,4.916666666666667,12.0,0.2746778520232671,0.3437882774488454,0.33729092779499176,0.3437882774488454,0.0,0,cost,cost,cost,2,7,0.06911042542557827,0.0
high,light,seed_0006,4,0,0.3911774107556194,1164.5833333333333,1.0,1.5416666666666667,0.827878277272631,0.075,0.25,0.375,0.2971014492753623,9.25,3.4064889059949492,5.0,12.0,0.08333333333333333,2.375,1.8118145764927513,1.4166666666666667,0.9090593428863095,2.0,1.7083333333333333,6.8125,4.4825568565520975,0.983172490408298,0.008413754795850992,4.333333333333333,12.0,0.36045494411551204,0.3911774107556194,0.3219013852508135,0.3911774107556194,0.0,0,cost,cost,cost,3,7,0.04738913330677397,0.0
high,light,seed_0006,5,0,0.38128827744884536,1120.8333333333333,1.0,1.4166666666666667,0.7825179513798771,0.025000000000000005,0.125,0.125,0.043478260869565216,9.041666666666666,2.8207440901688017,4.0,10.0,0.041666666666666664,2.375,1.793504673218611,1.5416666666666667,0.7626252174051302,2.0,1.5,6.708333333333333,3.2872685103683357,0.985528475416516,0.007235762291741998,4.333333333333333,12.0,0.379059034291602,0.379059034291602,0.38128827744884536,0.379059034291602,0.002229243157243377,1,switching,switching,switching,2,7,0.007838634025626012,0.002229243157243377
high,light,seed_0006,6,0,0.39892667284319766,1104.1666666666667,1.0,1.5833333333333333,0.8475138788317644,0.08333333333333333,0.4166666666666667,0.4166666666666667,0.22826086956521738,8.875,2.8034576865007255,4.5,10.0,0.041666666666666664,2.5,1.7523726070407142,1.4166666666666667,0.9090593428863095,2.0,1.5,6.965277777777778,3.620920171144687,0.9863379768194843,0.0068310115902578405,3.9166666666666665,12.0,0.39892667284319766,0.39195229376936574,0.2890198696486948,0.39892667284319766,0.0,0,cqi,cqi,cqi,2,7,0.01666666666666672,-0.004166666666666707
high,light,seed_0006,7,0,0.4469952832797223,1183.3333333333333,1.0,1.6666666666666667,0.8747180288044422,0.03333333333333333,0.16666666666666666,0.16666666666666666,0.2898550724637681,9.083333333333334,2.7826346428439996,4.25,8.0,0.0,1.875,1.7109393034668285,1.5833333333333333,0.4930066485916347,1.0,1.5,6.736111111111111,3.353728117178048,0.9752765291929608,0.012361735403519591,4.0,12.0,0.4469952832797223,0.4469952832797223,0.42489236762493526,0.4469952832797223,0.0,0,cqi|cost,cqi,cqi,3,7,0.0,0.0
high,light,seed_0006,8,0,0.375285627102699,1175.0,1.0,1.5,0.8133284241531664,0.08333333333333333,0.375,0.4166666666666667,0.43478260869565216,9.333333333333334,2.8382310609877335,3.5,10.0,0.0,2.0,1.7558785851984953,1.6666666666666667,0.4714045207910316,1.0,1.5,6.520833333333333,3.507370711167492,0.9794706853026652,0.010264657348667383,4.583333333333333,12.0,0.33595718522425416,0.375285627102699,0.3537551467518861,0.375285627102699,0.0,0,cost,cost,cost,2,7,0.039328441878444864,0.0
high,light,seed_0006,9,0,0.4169522937693657,1175.0,1.0,1.5,0.8133284241531664,0.0,0.0,0.0,0.0,9.25,2.6020824993326657,4.25,11.0,0.0,2.1666666666666665,1.782603880046917,1.5,0.8660254037844386,2.0,1.4583333333333333,6.3125,3.3731347726476106,0.977405974398109,0.011297012800945527,4.083333333333333,12.0,0.367429323189344,0.398831266959202,0.4169522937693657,0.398831266959202,0.0181210268101637,1,switching,switching,switching,2,6,0.09118963724668833,0.0181210268101637
high,light,seed_0006,10,0,0.4326719054446246,1495.8333333333333,1.0,1.875,0.7440822594799317,0.1416666666666667,0.5833333333333334,0.7083333333333334,0.4891304347826087,9.416666666666666,2.752524094152291,4.0,10.0,0.041666666666666664,2.6666666666666665,1.650567266341709,1.5,0.8660254037844386,2.0,1.6666666666666667,6.326388888888888,3.253729756794026,0.9628516874621876,0.018574156268906183,4.25,12.0,0.4326719054446246,0.429362921831318,0.4169522937693657,0.4326719054446246,0.0,0,cqi,cqi,cqi,3,7,-5.551115123125783e-17,-0.00833333333333336
high,light,seed_0006,11,0,0.510379869843213,1745.8333333333333,1.0,2.0416666666666665,0.737626466337266,0.05000000000000001,0.25,0.25,0.21739130434782608,10.541666666666666,2.14046658984022,3.25,7.0,0.08333333333333333,2.125,1.767728299855972,1.875,0.7252872993970504,2.0,1.625,4.861111111111111,1.2915919930625188,0.9663223918155507,0.016838804092224657,4.333333333333333,12.0,0.501769725025821,0.501769725025821,0.510379869843213,0.501769725025821,0.008610144817392085,1,switching,switching,switching,3,7,0.008610144817392085,0.008610144817392085
high,light,seed_0006,12,0,0.39282861661305574,1183.3333333333333,1.0,1.6666666666666667,0.8747180288044422,0.1416666666666667,0.6666666666666666,0.7083333333333334,0.427536231884058,9.666666666666666,2.266911751455907,4.0,9.0,0.0,2.4583333333333335,1.7721231512977973,2.0416666666666665,0.840593375076334,2.0,1.1666666666666667,5.5625,2.3232981126774,0.9801151270693347,0.00994243646533266,5.75,12.0,0.39282861661305574,0.3786057087053007,0.3854609780614601,0.39282861661305574,0.0,0,cqi,cqi,cqi,3,7,-0.03749999999999998,-0.05661042542557815
high,light,seed_0006,13,0,0.438661949946389,1183.3333333333333,1.0,1.6666666666666667,0.8747180288044422,0.05000000000000001,0.25,0.25,0.4673913043478261,9.666666666666666,2.939198681424733,5.25,11.0,0.041666666666666664,2.25,1.8728474610272716,1.6666666666666667,0.4714045207910317,1.0,1.4583333333333333,6.465277777777778,3.263142645187229,0.9708820872761932,0.014558956361903408,4.333333333333333,12.0,0.42296097806146005,0.438661949946389,0.385157090521744,0.438661949946389,0.0,0,cost,cost,cost,2,7,0.01570097188492897,0.008333333333333304
high,light,seed_0006,14,0,0.31229092779499174,1066.6666666666667,1.0,1.3333333333333333,0.7518355359765051,0.11666666666666668,0.4583333333333333,0.5833333333333334,0.391304347826087,9.125,3.75624480032918,5.5,12.0,0.125,2.4583333333333335,1.9487717019960875,1.6666666666666667,0.4714045207910317,1.0,1.4166666666666667,7.222222222222221,4.80322679605294,0.9916521168056998,0.0041739415971501215,5.333333333333333,12.0,0.29319480003516213,0.31229092779499174,0.24279887883343076,0.31229092779499174,0.0,0,cost,cost,cost,3,7,0.014929461093162955,0.0
high,medium,seed_0006,0,1,0.17796819584624382,850.0,1.0,1.0,0.631004366812227,0.20000000000000004,0.5,1.0,0.0,9.25,3.0990589969645086,5.25,10.0,0.125,2.5,1.5577482490136034,0.0,0.0,0.0,3.1666666666666665,6.708333333333333,3.447103588253209,0.9911909661615566,0.004404516919221724,4.0,6.0,0.17796819584624382,0.13433479984064386,0.17796819584624382,0.17796819584624382,0.0,0,cqi|switching,cqi|switching,cqi,2,5,0.0,0.0
high,medium,seed_0006,1,0,0.21313751285905683,795.8333333333334,1.0,0.9166666666666666,0.601520247988392,0.08333333333333333,0.20833333333333334,0.4166666666666667,0.38768115942028986,9.541666666666666,2.7076922318133243,4.0,10.0,0.0,1.9583333333333333,1.6730210088273134,1.0,1.0,2.0,2.2083333333333335,6.069444444444444,3.5348518312845596,0.9677448332110485,0.01612758339447573,6.166666666666667,6.0,0.21313751285905683,0.15672393314741787,0.15672393314741784,0.21313751285905683,0.0,0,cqi,cqi,cqi,3,7,0.0,0.0
high,medium,seed_0006,2,0,0.27895759446165846,1066.6666666666667,1.0,1.3333333333333333,0.7518355359765051,0.18333333333333335,0.4583333333333333,0.9166666666666666,0.4528985507246377,9.583333333333334,3.2392986209294685,5.0,10.0,0.125,2.2916666666666665,1.8064978266756941,0.9166666666666666,0.9965217285917832,2.0,2.3333333333333335,6.5,3.809406000162502,0.9752564679511119,0.012371766024444064,7.5,6.0,0.27895759446165846,0.12513117760956854,0.10933479984064386,0.27895759446165846,0.0,0,cqi,cqi,cqi,2,7,0.0,0.0
high,medium,seed_0006,3,0,-0.09327606685258216,481.25,0.875,1.0,0.875,0.17500000000000002,0.875,0.875,0.3442028985507246,9.208333333333334,3.6512459821576284,5.25,13.0,0.08333333333333333,1.9583333333333333,1.8635585421414038,1.3333333333333333,0.9428090415820634,2.0,1.75,7.2430555555555545,4.716494688331763,0.9958234744112929,0.002088262794353535,7.833333333333333,6.0,-0.13333333333333333,-0.09327606685258216,-0.13333333333333333,-0.09327606685258216,0.0,0,cost,cost,cost,3,7,0.04005726648075117,0.0
high,medium,seed_0006,4,0,0.1810384220717192,447.9166666666667,1.0,0.7083333333333334,0.8879860150607038,0.03333333333333333,0.16666666666666666,0.16666666666666666,0.2898550724637681,9.25,3.4064889059949492,5.0,12.0,0.08333333333333333,2.375,1.8118145764927513,0.875,0.33071891388307384,1.0,2.25,6.8125,4.4825568565520975,0.983172490408298,0.008413754795850992,5.166666666666667,6.0,0.1810384220717192,-0.06062824459494746,0.10205653322709589,0.1810384220717192,0.0,0,cqi,cqi,cqi,2,7,0.05416666666666664,0.0
high,medium,seed_0006,5,0,0.24994639978752517,550.0,1.0,1.0,1.0,0.05833333333333334,0.2916666666666667,0.2916666666666667,0.4311594202898551,9.041666666666666,2.8207440901688017,4.0,10.0,0.041666666666666664,2.375,1.793504673218611,0.7083333333333334,0.45452967144315476,1.0,2.3333333333333335,6.708333333333333,3.2872685103683357,0.985528475416516,0.007235762291741998,4.5,6.0,0.24994639978752517,0.24994639978752517,0.24994639978752517,0.24994639978752517,0.0,0,cqi|cost|switching,cqi|cost|switching,cqi,1,7,0.0,0.0
high,medium,seed_0006,6,0,0.22429622848728448,958.3333333333334,1.0,1.1666666666666667,0.6909613375130617,0.20000000000000004,1.0,1.0,0.5072463768115942,8.875,2.8034576865007255,4.5,10.0,0.041666666666666664,2.5,1.7523726070407142,1.0,0.0,0.0,1.9166666666666667,6.965277777777778,3.620920171144687,0.9863379768194843,0.0068310115902578405,5.333333333333333,6.0,0.22429622848728448,0.1843347998406438,0.22429622848728448,0.22429622848728448,0.0,0,cqi|switching,cqi|switching,cqi,2,5,0.0,0.0
high,medium,seed_0006,7,0,0.1983068298718698,741.6666666666666,1.0,0.8333333333333334,0.5724920497253542,0.06666666666666667,0.16666666666666666,0.3333333333333333,0.2898550724637681,9.083333333333334,2.7826346428439996,4.25,8.0,0.0,1.875,1.7109393034668285,1.1666666666666667,0.9860132971832694,2.0,1.9166666666666667,6.736111111111111,3.353728117178048,0.9752765291929608,0.012361735403519591,7.166666666666667,6.0,0.1983068298718698,0.1791130664541918,0.1791130664541918,0.1983068298718698,0.0,0,cqi,cqi,cqi,3,7,0.0,0.0
high,medium,seed_0006,8,0,0.16497349653853657,741.6666666666666,1.0,0.8333333333333334,0.5724920497253542,0.13333333333333333,0.3333333333333333,0.6666666666666666,0.42028985507246375,9.333333333333334,2.8382310609877335,3.5,10.0,0.0,2.0,1.7558785851984953,0.8333333333333334,0.9860132971832694,2.0,2.25,6.520833333333333,3.507370711167492,0.9794706853026652,0.010264657348667383,6.166666666666667,6.0,0.16497349653853657,0.13433479984064386,0.12687175540505255,0.16497349653853657,0.0,0,cqi,cqi,cqi,3,7,0.0,0.0
high,medium,seed_0006,9,0,0.1891269114744714,1004.1666666666666,0.9583333333333334,1.3043478260869565,0.7103145484786224,0.15,0.375,0.75,0.42391304347826086,9.25,2.6020824993326657,4.25,11.0,0.0,2.1666666666666665,1.782603880046917,0.8333333333333334,0.9860132971832694,2.0,2.125,6.3125,3.3731347726476106,0.977405974398109,0.011297012800945527,6.333333333333333,6.0,0.14279887883343076,0.1891269114744714,0.07463044435591325,0.1891269114744714,0.0,0,cost,cost,cost,3,6,0.04632803264104063,0.0
high,medium,seed_0006,10,0,0.2956242611283251,1066.6666666666667,1.0,1.3333333333333333,0.7518355359765051,0.15000000000000002,0.375,0.75,0.48188405797101447,9.416666666666666,2.752524094152291,4.0,10.0,0.041666666666666664,2.6666666666666665,1.650567266341709,1.25,0.9682458365518543,2.0,1.9166666666666667,6.326388888888888,3.253729756794026,0.9628516874621876,0.018574156268906183,7.833333333333333,6.0,0.2956242611283251,0.1791130664541918,0.1791130664541918,0.2956242611283251,0.0,0,cqi,cqi,cqi,2,7,0.016666666666666663,0.0
high,medium,seed_0006,11,0,0.38361896043603244,1175.0,1.0,1.5,0.8133284241531664,0.06666666666666667,0.16666666666666666,0.3333333333333333,0.2898550724637681,10.541666666666666,2.14046658984022,3.25,7.0,0.08333333333333333,2.125,1.767728299855972,1.3333333333333333,0.9428090415820634,2.0,2.1666666666666665,4.861111111111111,1.2915919930625188,0.9663223918155507,0.016838804092224657,6.833333333333333,6.0,0.3425247290733397,0.38361896043603244,0.3706242611283251,0.38361896043603244,0.0,0,cost,cost,cost,2,7,0.041094231362692746,0.0
high,medium,seed_0006,12,0,0.2723532029820281,827.0833333333334,1.0,1.2916666666666667,0.7858132902556739,0.17500000000000002,0.7916666666666666,0.875,0.4891304347826087,9.666666666666666,2.266911751455907,4.0,9.0,0.0,2.4583333333333335,1.7721231512977973,1.5,0.8660254037844386,2.0,1.7083333333333333,5.5625,2.3232981126774,0.9801151270693347,0.00994243646533266,9.166666666666666,6.0,0.2723532029820281,0.1927988788334308,0.1791130664541918,0.2723532029820281,0.0,0,cqi,cqi,cqi,2,7,-0.03333333333333338,0.0
high,medium,seed_0006,13,0,0.2831242611283251,1066.6666666666667,1.0,1.3333333333333333,0.7518355359765051,0.17500000000000002,0.7916666666666666,0.875,0.5181159420289855,9.666666666666666,2.939198681424733,5.25,11.0,0.041666666666666664,2.25,1.8728474610272716,1.2916666666666667,0.45452967144315476,1.0,1.8333333333333333,6.465277777777778,3.263142645187229,0.9708820872761932,0.014558956361903408,6.666666666666667,6.0,0.23679622848728443,0.2831242611283251,0.13937175540505253,0.2831242611283251,0.0,0,cost,cost,cost,2,7,0.046328032641040684,0.0
high,medium,seed_0006,14,0,-0.004375738871674899,1033.3333333333333,0.8333333333333334,1.6,0.7087020648967551,0.08333333333333333,0.20833333333333334,0.4166666666666667,0.391304347826087,9.125,3.75624480032918,5.5,12.0,0.125,2.4583333333333335,1.9487717019960875,1.3333333333333333,0.9428090415820634,2.0,1.75,7.222222222222221,4.80322679605294,0.9916521168056998,0.0041739415971501215,9.333333333333334,6.0,-0.13333333333333333,-0.004375738871674899,-0.13333333333333333,-0.004375738871674899,0.0,0,cost,cost,cost,3,7,0.11229092779499178,0.0
high,heavy,seed_0006,0,1,0.0,200.0,1.0,0.0,1.0,0.0,0.0,0.0,0.0,9.25,3.0990589969645086,5.25,10.0,0.125,2.5,1.5577482490136034,0.0,0.0,0.0,3.1666666666666665,6.708333333333333,3.447103588253209,0.9911909661615566,0.004404516919221724,12.0,2.0,0.0,0.0,0.0,0.0,0.0,0,cqi|cost|switching,cqi|cost|switching,cqi,1,5,0.0,0.0
high,heavy,seed_0006,1,0,0.0,200.0,1.0,0.0,1.0,0.0,0.0,0.0,0.0,9.541666666666666,2.7076922318133243,4.0,10.0,0.0,1.9583333333333333,1.6730210088273134,0.0,0.0,0.0,3.2083333333333335,6.069444444444444,3.5348518312845596,0.9677448332110485,0.01612758339447573,12.0,2.0,0.0,0.0,0.0,0.0,0.0,0,cqi|cost|switching,cqi|cost|switching,cqi,1,6,0.0,0.0
high,heavy,seed_0006,2,0,0.0,200.0,1.0,0.0,1.0,0.0,0.0,0.0,0.0,9.583333333333334,3.2392986209294685,5.0,10.0,0.125,2.2916666666666665,1.8064978266756941,0.0,0.0,0.0,3.1666666666666665,6.5,3.809406000162502,0.9752564679511119,0.012371766024444064,12.0,2.0,0.0,0.0,0.0,0.0,0.0,0,cqi|cost|switching,cqi|cost|switching,cqi,1,5,0.0,0.0
high,heavy,seed_0006,3,0,-0.25,175.0,0.875,0.0,0.875,0.0,0.0,0.0,0.4746376811594203,9.208333333333334,3.6512459821576284,5.25,13.0,0.08333333333333333,1.9583333333333333,1.8635585421414038,0.0,0.0,0.0,3.0833333333333335,7.2430555555555545,4.716494688331763,0.9958234744112929,0.002088262794353535,13.0,2.0,-0.4253695556440868,-0.25,-0.4253695556440868,-0.25,0.0,0,cost,cost,cost,3,5,0.1753695556440868,0.0
high,heavy,seed_0006,4,0,-0.3333333333333333,166.66666666666666,0.8333333333333334,0.0,0.8333333333333334,0.0,0.0,0.0,0.2753623188405797,9.25,3.4064889059949492,5.0,12.0,0.08333333333333333,2.375,1.8118145764927513,0.0,0.0,0.0,3.125,6.8125,4.4825568565520975,0.983172490408298,0.008413754795850992,13.0,2.0,-0.3345731778751621,-0.3333333333333333,-0.3345731778751621,-0.3333333333333333,0.0,0,cost,cost,cost,3,5,-0.011260155458171217,0.0
high,heavy,seed_0006,5,0,0.0,200.0,1.0,0.0,1.0,0.0,0.0,0.0,0.4746376811594203,9.041666666666666,2.8207440901688017,4.0,10.0,0.041666666666666664,2.375,1.793504673218611,0.0,0.0,0.0,3.0416666666666665,6.708333333333333,3.2872685103683357,0.985528475416516,0.007235762291741998,12.0,2.0,0.0,0.0,0.0,0.0,0.0,0,cqi|cost|switching,cqi|cost|switching,cqi,1,5,0.05000000000000001,0.0
high,heavy,seed_0006,6,0,0.0,200.0,1.0,0.0,1.0,0.0,0.0,0.0,0.0,8.875,2.8034576865007255,4.5,10.0,0.041666666666666664,2.5,1.7523726070407142,0.0,0.0,0.0,2.9166666666666665,6.965277777777778,3.620920171144687,0.9863379768194843,0.0068310115902578405,12.0,2.0,0.0,0.0,0.0,0.0,0.0,0,cqi|cost|switching,cqi|cost|switching,cqi,1,5,0.0,0.0
high,heavy,seed_0006,7,0,0.0,200.0,1.0,0.0,1.0,0.0,0.0,0.0,0.0,9.083333333333334,2.7826346428439996,4.25,8.0,0.0,1.875,1.7109393034668285,0.0,0.0,0.0,3.0833333333333335,6.736111111111111,3.353728117178048,0.9752765291929608,0.012361735403519591,12.0,2.0,0.0,0.0,0.0,0.0,0.0,0,cqi|cost|switching,cqi|cost|switching,cqi,1,5,0.0,0.0
high,heavy,seed_0006,8,0,-0.16666666666666666,183.33333333333334,0.9166666666666666,0.0,0.9166666666666666,0.0,0.0,0.0,0.42028985507246375,9.333333333333334,2.8382310609877335,3.5,10.0,0.0,2.0,1.7558785851984953,0.0,0.0,0.0,3.0833333333333335,6.520833333333333,3.507370711167492,0.9794706853026652,0.010264657348667383,12.5,2.0,-0.25870288897742005,-0.16666666666666666,-0.25870288897742005,-0.16666666666666666,0.0,0,cost,cost,cost,3,5,0.0920362223107534,0.0
high,heavy,seed_0006,9,0,-0.08333333333333333,191.66666666666666,0.9583333333333334,0.0,0.9583333333333334,0.0,0.0,0.0,0.4166666666666667,9.25,2.6020824993326657,4.25,11.0,0.0,2.1666666666666665,1.782603880046917,0.0,0.0,0.0,2.9583333333333335,6.3125,3.3731347726476106,0.977405974398109,0.011297012800945527,12.5,2.0,-0.08333333333333333,-0.08333333333333333,-0.08333333333333333,-0.08333333333333333,0.0,0,cqi|cost|switching,cqi|switching,cqi,3,4,0.04166666666666667,0.0
high,heavy,seed_0006,10,0,0.0,200.0,1.0,0.0,1.0,0.0,0.0,0.0,0.5543478260869565,9.416666666666666,2.752524094152291,4.0,10.0,0.041666666666666664,2.6666666666666665,1.650567266341709,0.0,0.0,0.0,3.1666666666666665,6.326388888888888,3.253729756794026,0.9628516874621876,0.018574156268906183,12.0,2.0,0.0,0.0,0.0,0.0,0.0,0,cqi|cost|switching,cqi|cost|switching,cqi,1,5,0.0,0.0
high,heavy,seed_0006,11,0,0.0895565332270959,375.0,1.0,0.5,0.8211678832116789,0.10000000000000002,0.5,0.5,0.5217391304347826,10.541666666666666,2.14046658984022,3.25,7.0,0.08333333333333333,2.125,1.767728299855972,0.0,0.0,0.0,3.5,4.861111111111111,1.2915919930625188,0.9663223918155507,0.016838804092224657,12.0,2.0,0.0895565332270959,0.0,0.0895565332270959,0.0895565332270959,0.0,0,cqi|switching,cqi|switching,cqi,2,5,0.0,0.0
high,heavy,seed_0006,12,0,0.02724131104913928,302.0833333333333,1.0,0.2916666666666667,0.7828790586833482,0.10833333333333335,0.5416666666666666,0.5416666666666666,0.5181159420289855,9.666666666666666,2.266911751455907,4.0,9.0,0.0,2.4583333333333335,1.7721231512977973,0.5,0.5,1.0,2.625,5.5625,2.3232981126774,0.9801151270693347,0.00994243646533266,12.0,2.0,0.02724131104913928,-0.05000000000000001,-0.05000000000000001,0.02724131104913928,0.0,0,cqi,cqi,cqi,2,7,0.0,0.0
high,heavy,seed_0006,13,0,-0.02916666666666667,200.0,1.0,0.0,1.0,0.05833333333333334,0.2916666666666667,0.2916666666666667,0.4311594202898551,9.666666666666666,2.939198681424733,5.25,11.0,0.041666666666666664,2.25,1.8728474610272716,0.2916666666666667,0.45452967144315476,1.0,2.8333333333333335,6.465277777777778,3.263142645187229,0.9708820872761932,0.014558956361903408,13.0,2.0,-0.02916666666666667,-0.02916666666666667,-0.02916666666666667,-0.02916666666666667,0.0,0,cqi|cost|switching,cqi|cost|switching,cqi,1,7,0.0,0.0
high,heavy,seed_0006,14,0,-0.3333333333333333,166.66666666666666,0.8333333333333334,0.0,0.8333333333333334,0.0,0.0,0.0,0.5217391304347826,9.125,3.75624480032918,5.5,12.0,0.125,2.4583333333333335,1.9487717019960875,0.0,0.0,0.0,3.0,7.222222222222221,4.80322679605294,0.9916521168056998,0.0041739415971501215,13.0,2.0,-0.43283260007967805,-0.3333333333333333,-0.43283260007967805,-0.3333333333333333,0.0,0,cost,cost,cost,3,5,0.09949926674634474,0.0
high,light,seed_0007,0,1,0.3019789926178623,1672.9166666666667,1.0,1.9166666666666667,0.6525402974441179,0.3833333333333333,1.0,1.9166666666666667,0.0,9.166666666666666,2.9674156357941426,5.25,11.0,0.041666666666666664,2.4166666666666665,1.8230500828318565,0.0,0.0,0.0,3.0833333333333335,6.847222222222224,3.5645231963453328,0.9825104534906837,0.008744773254658167,2.0,12.0,0.3019789926178623,0.26015709052174407,0.3019789926178623,0.3019789926178623,0.0,0,cqi|switching,cqi|switching,cqi,2,5,0.0,0.0
high,light,seed_0007,1,0,0.38307101490205636,1570.8333333333333,1.0,1.625,0.5857897686994081,0.05833333333333334,0.2916666666666667,0.2916666666666667,0.15217391304347827,8.875,3.1926021257484205,6.0,11.0,0.041666666666666664,1.5416666666666667,1.7728108688115147,1.9166666666666667,0.9965217285917832,2.0,1.0,7.1944444444444455,3.890475866669244,0.9925441582148513,0.0037279208925743434,5.75,12.0,0.3665590342916021,0.2706242611283251,0.38307101490205636,0.3665590342916021,0.01651198061045428,1,switching,switching,switching,3,7,0.01651198061045428,0.01651198061045428
high,light,seed_0007,2,0,0.4256486222691051,1775.0,1.0,2.0,0.6773716742811072,0.17500000000000002,0.5416666666666666,0.875,0.4311594202898551,10.333333333333334,2.6562295750848715,4.25,11.0,0.16666666666666666,2.2083333333333335,1.8179940290474432,1.625,1.3169567191065923,3.0,1.9583333333333333,5.458333333333333,2.6397293983089054,0.9792846063906339,0.01035769680468307,5.333333333333333,12.0,0.4256486222691051,0.411939042038634,0.4038023704529601,0.4256486222691051,0.0,0,cqi,cqi,cqi,2,7,-0.039026246160095646,-0.06129041976952887
high,light,seed_0007,3,0,0.3401163100898861,1229.1666666666667,1.0,1.5833333333333333,0.8442471866511447,0.20000000000000004,1.0,1.0,0.4311594202898551,9.333333333333334,3.3124344857252983,3.5,12.0,0.125,2.4166666666666665,1.889501284740842,2.0,1.0,2.0,1.2916666666666667,6.708333333333333,4.332331614987734,0.9832783516328795,0.008360824183560267,6.333333333333333,12.0,0.31182747412199624,0.3401163100898861,0.3401163100898861,0.3401163100898861,0.0,0,cost|switching,cost,cost,2,7,0.024122169301223184,-0.06666666666666665
high,light,seed_0007,4,0,0.440116310089886,1229.1666666666667,1.0,1.5833333333333333,0.8442471866511447,0.0,0.0,0.0,0.0,8.916666666666666,2.8418988174966553,4.0,11.0,0.041666666666666664,1.8333333333333333,1.7133679478522055,1.5833333333333333,0.8122328620674136,2.0,1.2916666666666667,7.013888888888888,3.692120196202972,0.9663222466729475,0.016838876663526237,4.166666666666667,12.0,0.3141269114744714,0.3690744951008323,0.440116310089886,0.3690744951008323,0.07104181498905371,1,switching,switching,switching,2,6,0.159321762046147,0.07104181498905371
high,light,seed_0007,5,0,0.47743153226784263,1302.0833333333333,1.0,1.7916666666666667,0.9192906900122376,0.041666666666666664,0.20833333333333334,0.20833333333333334,0.0,9.541666666666666,3.1620031449840287,5.5,10.0,0.125,1.7916666666666667,1.8206104050655416,1.5833333333333333,0.8122328620674136,2.0,1.625,6.5069444444444455,3.1886950071722806,0.9894269284729761,0.005286535763511957,4.416666666666667,12.0,0.39195229376936574,0.4533972270495803,0.47743153226784263,0.4533972270495803,0.02403430521826233,1,switching,switching,switching,2,7,0.056125132285799184,0.02403430521826233
high,light,seed_0007,6,0,0.3569561186368151,945.8333333333334,1.0,1.4166666666666667,0.8030827255158656,0.075,0.375,0.375,0.4891304347826087,8.166666666666666,2.8819360776317637,4.25,10.0,0.0,2.125,1.8463838036025682,1.7916666666666667,0.40611643103370687,1.0,1.0,7.895833333333333,3.938712335410027,0.9901053043431919,0.004947347828404058,5.916666666666667,12.0,0.3569561186368151,0.35695611863681503,0.35695611863681503,0.3569561186368151,0.0,0,cqi|cost|switching,cqi,cqi,2,7,0.020833333333333426,-0.004166666666666652
high,light,seed_0007,7,0,0.39127281663961505,1139.5833333333333,1.0,1.5416666666666667,0.8282097699240462,0.07500000000000001,0.375,0.375,0.44565217391304346,9.0,3.2914029430219167,5.25,12.0,0.08333333333333333,2.3333333333333335,1.6392219293478594,1.4166666666666667,0.4930066485916347,1.0,1.5833333333333333,7.034722222222222,4.24944962848858,0.9757926315900323,0.012103684204983867,4.0,12.0,0.3351028743928744,0.39127281663961505,0.31229092779499174,0.39127281663961505,0.0,0,cost,cost,cost,3,7,0.056169942246740656,0.0
high,light,seed_0007,8,0,0.472108359051447,1391.6666666666667,1.0,1.8333333333333333,0.9375084039263144,0.07500000000000001,0.2916666666666667,0.375,0.4492753623188406,10.041666666666666,2.6057495189590947,4.0,9.0,0.125,2.875,1.798341947973821,1.5416666666666667,0.705878097754059,2.0,1.9166666666666667,5.5555555555555545,2.2986845406196887,0.9838496538344528,0.008075173082773612,3.8333333333333335,12.0,0.472108359051447,0.45659819893450937,0.45116194994638903,0.472108359051447,0.0,0,cqi,cqi,cqi,3,7,0.03749999999999992,0.0
high,light,seed_0007,9,0,0.5245344479226296,1420.8333333333333,1.0,1.9166666666666667,0.966977680204903,0.016666666666666666,0.08333333333333333,0.08333333333333333,0.4384057971014493,9.208333333333334,3.0819253542045577,4.25,10.0,0.16666666666666666,2.0833333333333335,1.9463242404453516,1.8333333333333333,0.5527707983925667,2.0,1.3333333333333333,6.4444444444444455,2.8458329944145992,0.9887886698770841,0.005605665061457932,5.083333333333333,12.0,0.41511631008988603,0.44602958849798463,0.5245344479226296,0.44602958849798463,0.07850485942464497,1,switching,switching,switching,2,7,0.10941813783274357,0.07850485942464497
high,light,seed_0007,10,0,0.4533972270495803,1262.5,1.0,1.75,0.9040233959588798,0.06666666666666667,0.3333333333333333,0.3333333333333333,0.463768115942029,10.0,2.8722813232690143,4.0,11.0,0.125,2.7916666666666665,2.0942395056228706,1.9166666666666667,0.2763853991962833,1.0,1.5416666666666667,5.979166666666667,3.0680222321011086,0.9885695133981433,0.005715243300928374,5.25,12.0,0.44098491858701444,0.4533972270495803,0.4409849185870145,0.4533972270495803,0.0,0,cost,cost,cost,2,7,0.029078975129232465,0.004166666666666652
high,light,seed_0007,11,0,0.48479917081943835,1341.6666666666667,1.0,1.8333333333333333,0.9348986510856236,0.05000000000000001,0.25,0.25,0.3442028985507246,10.0,2.6770630673681683,3.25,10.0,0.08333333333333333,1.8333333333333333,1.8631329723437293,1.75,0.4330127018922193,1.0,1.6666666666666667,5.708333333333333,2.854192011241892,0.943436167240392,0.028281916379803984,4.166666666666667,12.0,0.43129431139479335,0.48479917081943835,0.4239266728431976,0.48479917081943835,0.0,0,cost,cost,cost,3,7,0.06533309664145587,0.0
high,light,seed_0007,12,0,0.5097991708194383,1341.6666666666667,1.0,1.8333333333333333,0.9348986510856236,0.0,0.0,0.0,0.2717391304347826,9.583333333333334,2.5967394084804805,4.25,10.0,0.041666666666666664,1.9166666666666667,1.792728349845797,1.8333333333333333,0.3726779962499649,1.0,1.2916666666666667,5.972222222222221,2.838502909181546,0.9836619455729062,0.008169027213546898,4.333333333333333,12.0,0.43129431139479335,0.501465837486105,0.5097991708194383,0.501465837486105,0.008333333333333304,1,switching,switching,switching,2,7,0.16183819275797823,0.008333333333333304
high,light,seed_0007,13,0,0.41453223884413104,1168.75,1.0,1.625,0.8591610430452729,0.075,0.375,0.375,0.44565217391304346,9.208333333333334,3.041095836847121,4.25,12.0,0.041666666666666664,2.2916666666666665,1.9178675716293176,1.8333333333333333,0.3726779962499649,1.0,1.25,6.472222222222221,3.567687635111627,0.9748237019221945,0.012588149038902763,5.083333333333333,12.0,0.3756672506386816,0.41453223884413104,0.33670685654923665,0.41453223884413104,0.0,0,cost,cost,cost,3,7,0.03469832153878266,0.0
high,light,seed_0007,14,0,0.37150058397201496,1075.0,1.0,1.5,0.8157352941176471,0.09166666666666667,0.4166666666666667,0.4583333333333333,0.48188405797101447,9.0,2.8431203515386634,5.0,10.0,0.0,2.0416666666666665,1.7843455015569543,1.625,0.5636562191028618,2.0,1.375,6.673611111111112,3.050682667478596,0.9754425733654378,0.012278713317281087,4.666666666666667,12.0,0.3484319735354904,0.37150058397201496,0.23155079126715547,0.37150058397201496,0.0,0,cost,cost,cost,3,7,0.018901943769857932,0.0
high,medium,seed_0007,0,1,0.1791130664541918,550.0,1.0,1.0,1.0,0.20000000000000004,1.0,1.0,0.0,9.166666666666666,2.9674156357941426,5.25,11.0,0.041666666666666664,2.4166666666666665,1.8230500828318565,0.0,0.0,0.0,3.0833333333333335,6.847222222222224,3.5645231963453328,0.9825104534906837,0.008744773254658167,4.0,6.0,0.1791130664541918,0.1791130664541918,0.1791130664541918,0.1791130664541918,0.0,0,cqi|cost|switching,cqi|cost|switching,cqi,1,5,0.0,0.0
high,medium,seed_0007,1,0,0.1885191363950395,695.8333333333334,1.0,0.9166666666666666,0.6271136895125022,0.13333333333333333,0.6666666666666666,0.6666666666666666,0.6920289855072463,8.875,3.1926021257484205,6.0,11.0,0.041666666666666664,1.5416666666666667,1.7728108688115147,1.0,0.0,0.0,1.9166666666666667,7.1944444444444455,3.890475866669244,0.9925441582148513,0.0037279208925743434,5.666666666666667,6.0,0.1885191363950395,0.15274204430279456,0.1885191363950395,0.1885191363950395,0.0,0,cqi|switching,cqi|switching,cqi,3,5,0.0,0.0
high,medium,seed_0007,2,0,0.3591913957400064,1025.0,1.0,1.5,0.8232125367286973,0.11666666666666668,0.5833333333333334,0.5833333333333334,0.27898550724637683,10.333333333333334,2.6562295750848715,4.25,11.0,0.16666666666666666,2.2083333333333335,1.8179940290474432,0.9166666666666666,0.8122328620674137,2.0,2.5833333333333335,5.458333333333333,2.6397293983089054,0.9792846063906339,0.01035769680468307,5.333333333333333,6.0,0.35085806240667305,0.21244639978752514,0.3591913957400064,0.35085806240667305,0.00833333333333336,1,switching,switching,switching,2,7,0.00833333333333336,0.00833333333333336
high,medium,seed_0007,3,0,0.1501311776095685,477.0833333333333,1.0,0.7916666666666666,0.9184706459296623,0.1416666666666667,0.7083333333333334,0.7083333333333334,0.4311594202898551,9.333333333333334,3.3124344857252983,3.5,12.0,0.125,2.4166666666666665,1.889501284740842,1.5,0.5,1.0,1.7083333333333333,6.708333333333333,4.332331614987734,0.9832783516328795,0.008360824183560267,8.166666666666666,6.0,0.10274204430279454,0.1501311776095685,0.03955653322709591,0.1501311776095685,0.0,0,cost,cost,cost,2,7,0.04738913330677397,0.0
high,medium,seed_0007,4,0,0.2209645109429019,477.0833333333333,1.0,0.7916666666666666,0.9184706459296623,0.0,0.0,0.0,0.0,8.916666666666666,2.8418988174966553,4.0,11.0,0.041666666666666664,1.8333333333333333,1.7133679478522055,0.7916666666666666,0.4061164310337068,1.0,2.0833333333333335,7.013888888888888,3.692120196202972,0.9663222466729475,0.016838876663526237,4.333333333333333,6.0,0.1946171926251815,0.14198262209827853,0.2209645109429019,0.1946171926251815,0.026347318317720386,1,switching,switching,switching,2,6,0.022180651651053707,0.026347318317720386
high,medium,seed_0007,5,0,0.28727325790726277,833.3333333333334,1.0,1.1666666666666667,0.7099751508697195,0.075,0.375,0.375,0.32608695652173914,9.541666666666666,3.1620031449840287,5.5,10.0,0.125,1.7916666666666667,1.8206104050655416,0.7916666666666666,0.4061164310337068,1.0,2.4166666666666665,6.5069444444444455,3.1886950071722806,0.9894269284729761,0.005286535763511957,4.333333333333333,6.0,0.2631435468050048,0.25827973312085845,0.28727325790726277,0.2631435468050048,0.024129711102257978,1,switching,switching,switching,3,7,0.0032963777689246077,0.0032963777689246077
high,medium,seed_0007,6,0,0.22077973312085852,550.0,1.0,1.0,1.0,0.11666666666666668,0.5833333333333334,0.5833333333333334,0.6702898550724637,8.166666666666666,2.8819360776317637,4.25,10.0,0.0,2.125,1.8463838036025682,1.1666666666666667,0.7453559924999299,2.0,1.5416666666666667,7.895833333333333,3.938712335410027,0.9901053043431919,0.004947347828404058,6.833333333333333,6.0,0.22077973312085852,0.22077973312085852,0.22077973312085852,0.22077973312085852,0.0,0,cqi|cost|switching,cqi|cost|switching,cqi,1,7,0.00416666666666668,0.00416666666666668
high,medium,seed_0007,7,0,0.1685384220717192,447.9166666666667,1.0,0.7083333333333334,0.8879860150607038,0.05833333333333334,0.2916666666666667,0.2916666666666667,0.4311594202898551,9.0,3.2914029430219167,5.25,12.0,0.08333333333333333,2.3333333333333335,1.6392219293478594,1.0,0.0,0.0,2.0,7.034722222222222,4.24944962848858,0.9757926315900323,0.012103684204983867,6.166666666666667,6.0,0.15274204430279453,0.1685384220717192,0.15274204430279453,0.1685384220717192,0.0,0,cost,cost,cost,2,5,0.015796377768924674,0.0
high,medium,seed_0007,8,0,0.33099042385507743,985.4166666666666,1.0,1.4583333333333333,0.812519974432726,0.15000000000000002,0.7083333333333334,0.75,0.463768115942029,10.041666666666666,2.6057495189590947,4.0,9.0,0.125,2.875,1.798341947973821,0.7083333333333334,0.45452967144315476,1.0,2.75,5.5555555555555545,2.2986845406196887,0.9838496538344528,0.008075173082773612,4.0,6.0,0.33099042385507743,0.24994639978752517,0.2713814742543425,0.33099042385507743,0.0,0,cqi,cqi,cqi,2,7,0.004166666666666652,0.0
high,medium,seed_0007,9,0,0.2789399245739294,833.3333333333334,1.0,1.1666666666666667,0.7099751508697195,0.09166666666666667,0.4583333333333333,0.4583333333333333,0.427536231884058,9.208333333333334,3.0819253542045577,4.25,10.0,0.16666666666666666,2.0833333333333335,1.9463242404453516,1.4583333333333333,0.49826086429589156,1.0,1.7083333333333333,6.4444444444444455,2.8458329944145992,0.9887886698770841,0.005605665061457932,6.833333333333333,6.0,0.2789399245739294,0.19880152917957714,0.20063751285905682,0.2789399245739294,0.0,0,cqi,cqi,cqi,3,7,0.0,0.0
high,medium,seed_0007,10,0,0.23446554550009746,904.1666666666666,1.0,1.0833333333333333,0.6608425957112384,0.13333333333333333,0.5416666666666666,0.6666666666666666,0.463768115942029,10.0,2.8722813232690143,4.0,11.0,0.125,2.7916666666666665,2.0942395056228706,1.1666666666666667,0.7453559924999299,2.0,2.2916666666666665,5.979166666666667,3.0680222321011086,0.9885695133981433,0.005715243300928374,7.166666666666667,6.0,0.23446554550009746,0.2207797331208585,0.2207797331208585,0.23446554550009746,0.0,0,cqi,cqi,cqi,2,7,0.0,0.0
high,medium,seed_0007,11,0,0.3159628951539511,958.3333333333334,1.0,1.1666666666666667,0.6909613375130617,0.016666666666666666,0.041666666666666664,0.08333333333333333,0.08333333333333333,10.0,2.6770630673681683,3.25,10.0,0.08333333333333333,1.8333333333333333,1.8631329723437293,1.0833333333333333,0.9965217285917832,2.0,2.3333333333333335,5.708333333333333,2.854192011241892,0.943436167240392,0.028281916379803984,6.5,6.0,0.29746024480780475,0.1791130664541918,0.3159628951539511,0.29746024480780475,0.018502650346146343,1,switching,switching,switching,2,7,0.018502650346146343,0.018502650346146343
high,medium,seed_0007,12,0,0.2594655455000974,904.1666666666666,1.0,1.0833333333333333,0.6608425957112384,0.08333333333333333,0.20833333333333334,0.4166666666666667,0.3442028985507246,9.583333333333334,2.5967394084804805,4.25,10.0,0.041666666666666664,1.9166666666666667,1.792728349845797,1.1666666666666667,0.9860132971832694,2.0,1.9583333333333333,5.972222222222221,2.838502909181546,0.9836619455729062,0.008169027213546898,6.666666666666667,6.0,0.2594655455000974,0.17911306645419187,0.1791130664541918,0.2594655455000974,0.0,0,cqi,cqi,cqi,2,7,0.04166666666666666,0.04166666666666666
high,medium,seed_0007,13,0,0.28262956182061777,958.3333333333334,1.0,1.1666666666666667,0.6909613375130617,0.08333333333333333,0.20833333333333334,0.4166666666666667,0.3442028985507246,9.208333333333334,3.041095836847121,4.25,12.0,0.041666666666666664,2.2916666666666665,1.9178675716293176,1.0833333333333333,0.9965217285917832,2.0,1.9166666666666667,6.472222222222221,3.567687635111627,0.9748237019221945,0.012588149038902763,6.833333333333333,6.0,0.28262956182061777,0.11020508873838587,0.23832832462704814,0.28262956182061777,0.0,0,cqi,cqi,cqi,2,7,0.0,0.0
high,medium,seed_0007,14,0,0.09096289515395113,941.6666666666666,0.9166666666666666,1.2727272727272727,0.6688141630002095,0.13333333333333333,0.3333333333333333,0.6666666666666666,0.463768115942029,9.0,2.8431203515386634,5.0,10.0,0.0,2.0416666666666665,1.7843455015569543,1.1666666666666667,0.9860132971832694,2.0,1.75,6.673611111111112,3.050682667478596,0.9754425733654378,0.012278713317281087,7.833333333333333,6.0,0.04463486251291049,0.09096289515395113,-0.11666666666666668,0.09096289515395113,0.0,0,cost,cost,cost,3,7,0.04632803264104064,0.0
high,heavy,seed_0007,0,1,0.0,200.0,1.0,0.0,1.0,0.0,0.0,0.0,0.0,9.166666666666666,2.9674156357941426,5.25,11.0,0.041666666666666664,2.4166666666666665,1.8230500828318565,0.0,0.0,0.0,3.0833333333333335,6.847222222222224,3.5645231963453328,0.9825104534906837,0.008744773254658167,12.0,2.0,0.0,0.0,0.0,0.0,0.0,0,cqi|cost|switching,cqi|cost|switching,cqi,1,5,0.0,0.0
high,heavy,seed_0007,1,0,0.0,200.0,1.0,0.0,1.0,0.0,0.0,0.0,0.0,8.875,3.1926021257484205,6.0,11.0,0.041666666666666664,1.5416666666666667,1.7728108688115147,0.0,0.0,0.0,2.9166666666666665,7.1944444444444455,3.890475866669244,0.9925441582148513,0.0037279208925743434,12.0,2.0,0.0,0.0,0.0,0.0,0.0,0,cqi|cost|switching,cqi|cost|switching,cqi,1,5,0.0,0.0
high,heavy,seed_0007,2,0,0.0895565332270959,375.0,1.0,0.5,0.8211678832116789,0.10000000000000002,0.5,0.5,0.5217391304347826,10.333333333333334,2.6562295750848715,4.25,11.0,0.16666666666666666,2.2083333333333335,1.8179940290474432,0.0,0.0,0.0,3.5,5.458333333333333,2.6397293983089054,0.9792846063906339,0.01035769680468307,12.0,2.0,0.0895565332270959,0.0,0.0895565332270959,0.0895565332270959,0.0,0,cqi|switching,cqi|switching,cqi,2,6,0.0,0.0
high,heavy,seed_0007,3,0,-0.21666666666666667,183.33333333333334,0.9166666666666666,0.0,0.9166666666666666,0.10000000000000002,0.5,0.5,0.4528985507246377,9.333333333333334,3.3124344857252983,3.5,12.0,0.125,2.4166666666666665,1.889501284740842,0.5,0.5,1.0,2.7083333333333335,6.708333333333333,4.332331614987734,0.9832783516328795,0.008360824183560267,12.5,2.0,-0.3420362223107534,-0.21666666666666667,-0.4666666666666666,-0.21666666666666667,0.0,0,cost,cost,cost,3,7,0.12536955564408675,0.0
high,heavy,seed_0007,4,0,0.0,200.0,1.0,0.0,1.0,0.0,0.0,0.0,0.36594202898550726,8.916666666666666,2.8418988174966553,4.0,11.0,0.041666666666666664,1.8333333333333333,1.7133679478522055,0.0,0.0,0.0,2.875,7.013888888888888,3.692120196202972,0.9663222466729475,0.016838876663526237,12.0,2.0,0.0,0.0,0.0,0.0,0.0,0,cqi|cost|switching,cqi|cost|switching,cqi,1,5,0.041666666666666664,0.0
high,heavy,seed_0007,5,0,0.06716739992032193,331.25,1.0,0.375,0.792607223476298,0.075,0.375,0.375,0.4891304347826087,9.541666666666666,3.1620031449840287,5.5,10.0,0.125,1.7916666666666667,1.8206104050655416,0.0,0.0,0.0,3.2083333333333335,6.5069444444444455,3.1886950071722806,0.9894269284729761,0.005286535763511957,12.0,2.0,0.06716739992032193,0.0,0.06716739992032193,0.06716739992032193,0.0,0,cqi|switching,cqi|switching,cqi,2,5,0.0,0.0
high,heavy,seed_0007,6,0,-0.0375,200.0,1.0,0.0,1.0,0.075,0.375,0.375,0.4891304347826087,8.166666666666666,2.8819360776317637,4.25,10.0,0.0,2.125,1.8463838036025682,0.375,0.4841229182759271,1.0,2.3333333333333335,7.895833333333333,3.938712335410027,0.9901053043431919,0.004947347828404058,12.0,2.0,-0.0375,-0.0375,-0.0375,-0.0375,0.0,0,cqi|cost|switching,cqi|cost|switching,cqi,1,7,0.0,0.0
high,heavy,seed_0007,7,0,-0.25,175.0,0.875,0.0,0.875,0.0,0.0,0.0,0.5181159420289855,9.0,3.2914029430219167,5.25,12.0,0.08333333333333333,2.3333333333333335,1.6392219293478594,0.0,0.0,0.0,3.0,7.034722222222222,4.24944962848858,0.9757926315900323,0.012103684204983867,13.0,2.0,-0.6218884000531187,-0.25,-0.6218884000531187,-0.25,0.0,0,cost,cost,cost,3,5,0.37188840005311874,0.0
high,heavy,seed_0007,8,0,0.08209348879150458,360.4166666666667,1.0,0.4583333333333333,0.8102934806151181,0.09166666666666667,0.4583333333333333,0.4583333333333333,0.5,10.041666666666666,2.6057495189590947,4.0,9.0,0.125,2.875,1.798341947973821,0.0,0.0,0.0,3.4583333333333335,5.5555555555555545,2.2986845406196887,0.9838496538344528,0.008075173082773612,12.0,2.0,0.08209348879150458,0.0,0.08209348879150458,0.08209348879150458,0.0,0,cqi|switching,cqi|switching,cqi,2,5,-0.008333333333333318,0.0
high,heavy,seed_0007,9,0,-0.04583333333333334,200.0,1.0,0.0,1.0,0.09166666666666667,0.4583333333333333,0.4583333333333333,0.5181159420289855,9.208333333333334,3.0819253542045577,4.25,10.0,0.16666666666666666,2.0833333333333335,1.9463242404453516,0.4583333333333333,0.4982608642958916,1.0,2.7083333333333335,6.4444444444444455,2.8458329944145992,0.9887886698770841,0.005605665061457932,12.5,2.0,-0.04583333333333334,-0.04583333333333334,-0.04583333333333334,-0.04583333333333334,0.0,0,cqi|cost|switching,cqi|cost|switching,cqi,1,7,0.0,0.0
high,heavy,seed_0007,10,0,0.0,200.0,1.0,0.0,1.0,0.0,0.0,0.0,0.0,10.0,2.8722813232690143,4.0,11.0,0.125,2.7916666666666665,2.0942395056228706,0.0,0.0,0.0,3.375,5.979166666666667,3.0680222321011086,0.9885695133981433,0.005715243300928374,12.0,2.0,0.0,0.0,0.0,0.0,0.0,0,cqi|cost|switching,cqi|cost|switching,cqi,1,5,0.0,0.0
high,heavy,seed_0007,11,0,0.0,200.0,1.0,0.0,1.0,0.0,0.0,0.0,0.0,10.0,2.6770630673681683,3.25,10.0,0.08333333333333333,1.8333333333333333,1.8631329723437293,0.0,0.0,0.0,3.4166666666666665,5.708333333333333,2.854192011241892,0.943436167240392,0.028281916379803984,12.0,2.0,0.0,0.0,0.0,0.0,0.0,0,cqi|cost|switching,cqi|cost|switching,cqi,1,5,0.0,0.0
high,heavy,seed_0007,12,0,0.0,200.0,1.0,0.0,1.0,0.0,0.0,0.0,0.0,9.583333333333334,2.5967394084804805,4.25,10.0,0.041666666666666664,1.9166666666666667,1.792728349845797,0.0,0.0,0.0,3.125,5.972222222222221,2.838502909181546,0.9836619455729062,0.008169027213546898,12.0,2.0,0.0,0.0,0.0,0.0,0.0,0,cqi|cost|switching,cqi|cost|switching,cqi,1,5,0.0,0.0
high,heavy,seed_0007,13,0,0.0,200.0,1.0,0.0,1.0,0.0,0.0,0.0,0.0,9.208333333333334,3.041095836847121,4.25,12.0,0.041666666666666664,2.2916666666666665,1.9178675716293176,0.0,0.0,0.0,3.0,6.472222222222221,3.567687635111627,0.9748237019221945,0.012588149038902763,12.5,2.0,0.0,0.0,0.0,0.0,0.0,0,cqi|cost|switching,cqi|cost|switching,cqi,1,5,0.0,0.0
high,heavy,seed_0007,14,0,-0.16666666666666666,183.33333333333334,0.9166666666666666,0.0,0.9166666666666666,0.0,0.0,0.0,0.5942028985507246,9.0,2.8431203515386634,5.0,10.0,0.0,2.0416666666666665,1.7843455015569543,0.0,0.0,0.0,2.9166666666666665,6.673611111111112,3.050682667478596,0.9754425733654378,0.012278713317281087,12.0,2.0,-0.16666666666666666,-0.16666666666666666,-0.16666666666666666,-0.16666666666666666,0.0,0,cqi|cost|switching,cqi|switching,cqi,3,5,0.0,0.0
high,light,seed_0008,0,1,0.22246024480780482,1012.5,1.0,1.25,0.7213060686015831,0.25000000000000006,0.625,1.25,0.0,8.583333333333334,3.438951713660558,6.25,12.0,0.041666666666666664,1.8333333333333333,1.6736295034505926,0.0,0.0,0.0,2.9583333333333335,7.736111111111112,4.693601995414399,0.9725438993966915,0.013728050301654249,2.1666666666666665,12.0,0.19279887883343083,0.22246024480780482,0.19279887883343083,0.22246024480780482,0.0,0,cost,cost,cost,2,5,0.029661365974373993,0.0
high,light,seed_0008,1,0,0.3271216107821788,1120.8333333333333,1.0,1.4166666666666667,0.7825179513798771,0.13333333333333333,0.3333333333333333,0.6666666666666666,0.463768115942029,8.625,2.8695600708122493,4.0,12.0,0.041666666666666664,1.9583333333333333,1.679732632880243,1.25,0.9682458365518543,2.0,1.6666666666666667,7.25,4.095786000630766,0.9829207497693462,0.00853962511532691,3.9166666666666665,12.0,0.29803268011177875,0.3271216107821788,0.15672393314741787,0.3271216107821788,0.0,0,cost,cost,cost,2,7,0.029088930670400026,0.0
high,light,seed_0008,2,0,0.32778945197014836,945.8333333333334,1.0,1.4166666666666667,0.8030827255158656,0.13333333333333333,0.625,0.6666666666666666,0.4891304347826087,8.0,2.6770630673681683,4.25,8.0,0.0,2.2916666666666665,1.7790944219033413,1.4166666666666667,0.9090593428863095,2.0,1.2916666666666667,8.006944444444445,3.6841374080452027,0.9846428755718911,0.007678562214054441,4.916666666666667,12.0,0.32778945197014836,0.23465635726808876,0.32042181341855275,0.32778945197014836,0.0,0,cqi,cqi,cqi,2,7,-0.025000000000000078,0.0
high,light,seed_0008,3,0,0.3841913957400063,1025.0,1.0,1.5,0.8232125367286973,0.06666666666666667,0.3333333333333333,0.3333333333333333,0.463768115942029,8.166666666666666,3.0368111930480994,4.25,10.0,0.08333333333333333,2.3333333333333335,1.7184404159979578,1.4166666666666667,0.4930066485916347,1.0,1.4166666666666667,7.895833333333333,3.4186351036959506,0.9855506238389405,0.007224688080529729,4.583333333333333,12.0,0.36112278530348174,0.3841913957400063,0.3349612147104056,0.3841913957400063,0.0,0,cost,cost,cost,2,7,0.023068610436524584,0.0
high,light,seed_0008,4,0,0.4303286166130557,1183.3333333333333,1.0,1.6666666666666667,0.8747180288044422,0.06666666666666667,0.3333333333333333,0.3333333333333333,0.463768115942029,9.333333333333334,2.8819360776317637,4.0,12.0,0.041666666666666664,2.4166666666666665,1.9162573541309225,1.5,0.5,1.0,1.5,6.6805555555555545,3.7938536631351436,0.9506092906868715,0.02469535465656425,4.0,12.0,0.4303286166130557,0.4303286166130557,0.36695229376936567,0.4303286166130557,0.0,0,cqi|cost,cqi|cost,cqi,2,6,0.008333333333333304,0.0
high,light,seed_0008,5,0,0.39989236762493535,1064.5833333333333,1.0,1.5416666666666667,0.8349352825313995,0.05833333333333334,0.2916666666666667,0.2916666666666667,0.4311594202898551,8.875,2.8622907492659326,4.0,11.0,0.041666666666666664,2.0416666666666665,1.94878390849329,1.6666666666666667,0.4714045207910317,1.0,1.25,7.104166666666667,3.708352840148445,0.989035561520086,0.005482219239957009,4.583333333333333,12.0,0.39989236762493535,0.3839051780880194,0.33729092779499176,0.39989236762493535,0.0,0,cqi,cqi,cqi,2,7,0.0,0.0
high,light,seed_0008,6,0,0.3859496434232194,1229.1666666666667,1.0,1.5833333333333333,0.8442471866511447,0.10833333333333335,0.5,0.5416666666666666,0.463768115942029,9.083333333333334,2.812422838447701,3.5,10.0,0.041666666666666664,2.375,1.8379794788968713,1.5416666666666667,0.49826086429589156,1.0,1.4583333333333333,6.736111111111111,3.37882727664971,0.9725576056028042,0.013721197198597879,4.0,12.0,0.3859496434232194,0.36278562710269907,0.3265198696486948,0.3859496434232194,0.0,0,cqi,cqi,cqi,3,7,0.0,0.0
high,light,seed_0008,7,0,0.5142697250258209,1500.0,1.0,2.0,1.0,0.08333333333333333,0.20833333333333334,0.4166666666666667,0.6485507246376812,9.75,2.504163200219453,4.0,9.0,0.041666666666666664,2.25,1.9095510375078721,1.5833333333333333,0.8122328620674136,2.0,1.7083333333333333,5.916666666666667,2.4243173915176235,0.9694698806908107,0.015265059654594626,4.416666666666667,12.0,0.5142697250258209,0.5142697250258209,0.5142697250258209,0.5142697250258209,0.0,0,cqi|cost|switching,cqi|cost|switching,cqi,1,7,0.0,0.0
high,light,seed_0008,8,0,0.46173056038291366,1262.5,1.0,1.75,0.9040233959588798,0.05000000000000001,0.25,0.25,0.391304347826087,9.083333333333334,2.5152313787977616,3.25,9.0,0.041666666666666664,2.25,1.8971397469702804,2.0,0.0,0.0,1.125,6.375,2.742097230628816,0.9899151153623543,0.005042442318822837,5.833333333333333,12.0,0.36695229376936567,0.46173056038291366,0.36695229376936567,0.46173056038291366,0.0,0,cost,cost,cost,2,5,0.09477826661354799,0.0
high,light,seed_0008,9,0,0.4533972270495803,1262.5,1.0,1.75,0.9040233959588798,0.06666666666666667,0.3333333333333333,0.3333333333333333,0.463768115942029,9.916666666666666,2.4986107250941583,4.0,11.0,0.08333333333333333,2.1666666666666665,1.8656459532117287,1.75,0.4330127018922193,1.0,1.625,5.576388888888888,2.420006871100336,0.9851844143227078,0.007407792838646121,4.083333333333333,12.0,0.4244390420386339,0.4533972270495803,0.39252472907333963,0.4533972270495803,0.0,0,cost,cost,cost,2,7,0.05395818501094629,0.0
high,light,seed_0008,10,0,0.4146276447281266,1143.75,1.0,1.625,0.8608112276372609,0.075,0.375,0.375,0.4891304347826087,9.0,2.6770630673681683,4.25,9.0,0.0,2.5,1.8458969426577614,1.75,0.4330127018922193,1.0,1.25,6.854166666666667,3.2376233352740575,0.988547695904949,0.005726152047525523,4.916666666666667,12.0,0.39155903429160205,0.4146276447281266,0.3768237571884107,0.4146276447281266,0.0,0,cost,cost,cost,2,7,0.03140194376985789,0.0
high,light,seed_0008,11,0,0.419760006176531,1104.1666666666667,1.0,1.5833333333333333,0.8475138788317644,0.041666666666666664,0.20833333333333334,0.20833333333333334,0.3442028985507246,8.666666666666666,2.8819360776317637,4.25,10.0,0.0,2.4166666666666665,1.8329602534405527,1.625,0.4841229182759271,1.0,1.3333333333333333,7.166666666666667,3.916962163793849,0.9863557293431923,0.006822135328403867,5.25,12.0,0.419760006176531,0.2849602448078047,0.35763559576656573,0.419760006176531,0.0,0,cqi,cqi,cqi,2,7,0.008333333333333304,0.0
high,light,seed_0008,12,0,0.3841913957400063,1025.0,1.0,1.5,0.8232125367286973,0.06666666666666667,0.3333333333333333,0.3333333333333333,0.463768115942029,9.375,3.42554740151118,5.75,10.0,0.08333333333333333,2.7083333333333335,1.941749011068551,1.5833333333333333,0.4930066485916347,1.0,1.625,7.0,3.9145975622117373,0.9887511215500326,0.005624439224983679,4.583333333333333,12.0,0.3841913957400063,0.375571844754686,0.3620884800852194,0.3841913957400063,0.0,0,cqi,cqi,cqi,2,7,0.0,0.0
high,light,seed_0008,13,0,0.46173056038291366,1262.5,1.0,1.75,0.9040233959588798,0.05000000000000001,0.25,0.25,0.391304347826087,9.541666666666666,2.915178191618634,4.25,10.0,0.125,2.0,1.9659165064326742,1.5,0.5,1.0,1.7916666666666667,6.3194444444444455,2.915442864946153,0.968655360103427,0.015672319948286495,3.6666666666666665,12.0,0.4269789926178622,0.46173056038291366,0.44033667567122237,0.46173056038291366,0.0,0,cost,cost,cost,2,7,0.03475156776505145,0.0
high,light,seed_0008,14,0,0.32972084153362374,866.6666666666666,1.0,1.3333333333333333,0.7892586106246351,0.08333333333333333,0.4166666666666667,0.4166666666666667,0.463768115942029,8.333333333333334,2.6718699236468995,2.5,10.0,0.08333333333333333,1.9583333333333333,1.9180884415005186,1.75,0.4330127018922193,1.0,1.2083333333333333,7.4375,3.233509624346391,0.9824568787802723,0.008771560609863838,5.0,12.0,0.2983188977637658,0.32972084153362374,0.2983188977637658,0.32972084153362374,0.0,0,cost,cost,cost,3,7,0.056401943769857965,0.0
high,medium,seed_0008,0,1,0.05579357814113817,995.8333333333334,0.9166666666666666,1.3636363636363635,0.6993951415417768,0.25000000000000006,0.625,1.25,0.0,8.583333333333334,3.438951713660558,6.25,12.0,0.041666666666666664,1.8333333333333333,1.6736295034505926,0.0,0.0,0.0,2.9583333333333335,7.736111111111112,4.693601995414399,0.9725438993966915,0.013728050301654249,4.333333333333333,6.0,0.0,0.05579357814113817,0.0,0.05579357814113817,0.0,0,cost,cost,cost,3,5,0.05579357814113817,0.0
high,medium,seed_0008,1,0,-0.09152385311531715,662.5,0.875,0.8571428571428571,0.5081403762662807,0.10000000000000002,0.25,0.5,0.35507246376811596,8.625,2.8695600708122493,4.0,12.0,0.041666666666666664,1.9583333333333333,1.679732632880243,1.25,0.9682458365518543,2.0,1.6666666666666667,7.25,4.095786000630766,0.9829207497693462,0.00853962511532691,7.833333333333333,6.0,-0.09152385311531715,-0.09327606685258216,-0.09327606685258212,-0.09152385311531715,0.0,0,cqi,cqi,cqi,3,7,-0.09152385311531715,0.0
high,medium,seed_0008,2,0,0.17330682987186985,741.6666666666666,1.0,0.8333333333333334,0.5724920497253542,0.11666666666666668,0.2916666666666667,0.5833333333333334,0.4746376811594203,8.0,2.6770630673681683,4.25,8.0,0.0,2.2916666666666665,1.7790944219033413,0.75,0.9682458365518543,2.0,1.9583333333333333,8.006944444444445,3.6841374080452027,0.9846428755718911,0.007678562214054441,6.333333333333333,6.0,0.17330682987186985,0.10361233320053653,0.06716739992032193,0.17330682987186985,0.0,0,cqi,cqi,cqi,2,7,0.024999999999999994,0.0
high,medium,seed_0008,3,0,0.1791130664541918,550.0,1.0,1.0,1.0,0.20000000000000004,1.0,1.0,0.5072463768115942,8.166666666666666,3.0368111930480994,4.25,10.0,0.08333333333333333,2.3333333333333335,1.7184404159979578,0.8333333333333334,0.9860132971832694,2.0,2.0,7.895833333333333,3.4186351036959506,0.9855506238389405,0.007224688080529729,7.666666666666667,6.0,0.1791130664541918,0.1791130664541918,0.1791130664541918,0.1791130664541918,0.0,0,cqi|cost|switching,cqi|cost|switching,cqi,1,7,0.0,0.0
high,medium,seed_0008,4,0,0.18958023706077284,631.25,1.0,0.875,0.6419491525423728,0.10833333333333334,0.5416666666666666,0.5416666666666666,0.6630434782608695,9.333333333333334,2.8819360776317637,4.0,12.0,0.041666666666666664,2.4166666666666665,1.9162573541309225,1.0,0.0,0.0,2.0,6.6805555555555545,3.7938536631351436,0.9506092906868715,0.02469535465656425,5.666666666666667,6.0,0.18958023706077284,0.15274204430279456,0.18958023706077284,0.18958023706077284,0.0,0,cqi|switching,cqi|switching,cqi,3,4,0.0,0.0
high,medium,seed_0008,5,0,0.22611454227903519,670.8333333333334,1.0,0.9166666666666666,0.6411645394281191,0.05833333333333334,0.2916666666666667,0.2916666666666667,0.22826086956521738,8.875,2.8622907492659326,4.0,11.0,0.041666666666666664,2.0416666666666665,1.94878390849329,0.875,0.7252872993970504,2.0,2.0416666666666665,7.104166666666667,3.708352840148445,0.989035561520086,0.005482219239957009,5.666666666666667,6.0,0.1485753776361279,0.15603842207171922,0.22611454227903519,0.15603842207171922,0.07007612020731596,1,switching,switching,switching,3,7,0.07753916464290728,0.07007612020731596
high,medium,seed_0008,6,0,0.25431551416396414,710.4166666666666,1.0,0.9583333333333334,0.6445445878231564,0.025000000000000005,0.125,0.125,0.14130434782608695,9.083333333333334,2.812422838447701,3.5,10.0,0.041666666666666664,2.375,1.8379794788968713,0.9166666666666666,0.759202798262025,2.0,2.0833333333333335,6.736111111111111,3.37882727664971,0.9725576056028042,0.013721197198597879,5.833333333333333,6.0,0.2207797331208585,0.2207797331208585,0.25431551416396414,0.2207797331208585,0.033535781043105645,1,switching,switching,switching,3,7,0.008535781043105622,0.004369114376438971
high,medium,seed_0008,7,0,0.3466913957400064,1025.0,1.0,1.5,0.8232125367286973,0.1416666666666667,0.5833333333333334,0.7083333333333334,0.4963768115942029,9.75,2.504163200219453,4.0,9.0,0.041666666666666664,2.25,1.9095510375078721,0.9583333333333334,0.7894706383956841,2.0,2.3333333333333335,5.916666666666667,2.4243173915176235,0.9694698806908107,0.015265059654594626,6.666666666666667,6.0,0.3466913957400064,0.22196554550009753,0.3319561186368151,0.3466913957400064,0.0,0,cqi,cqi,cqi,2,7,-0.020833333333333315,-0.020833333333333315
high,medium,seed_0008,8,0,0.24327590825340914,779.1666666666666,1.0,1.0833333333333333,0.685183008072733,0.11666666666666668,0.5,0.5833333333333334,0.4782608695652174,9.083333333333334,2.5152313787977616,3.25,9.0,0.041666666666666664,2.25,1.8971397469702804,1.5,0.5,1.0,1.625,6.375,2.742097230628816,0.9899151153623543,0.005042442318822837,7.5,6.0,0.24327590825340914,0.22911306645419183,0.22911306645419183,0.24327590825340914,0.0,0,cqi,cqi,cqi,3,7,0.0,0.0
high,medium,seed_0008,9,0,0.3370884800852194,906.25,1.0,1.375,0.795196671709531,0.09166666666666667,0.375,0.4583333333333333,0.40942028985507245,9.916666666666666,2.4986107250941583,4.0,11.0,0.08333333333333333,2.1666666666666665,1.8656459532117287,1.0833333333333333,0.7592027982620249,2.0,2.2083333333333335,5.576388888888888,2.420006871100336,0.9851844143227078,0.007407792838646121,5.5,6.0,0.3370884800852194,0.2207797331208585,0.2207797331208585,0.3370884800852194,0.0,0,cqi,cqi,cqi,3,7,0.0,0.0
high,medium,seed_0008,10,0,0.24161306645419187,550.0,1.0,1.0,1.0,0.075,0.375,0.375,0.5398550724637681,9.0,2.6770630673681683,4.25,9.0,0.0,2.5,1.8458969426577614,1.375,0.4841229182759271,1.0,1.5416666666666667,6.854166666666667,3.2376233352740575,0.988547695904949,0.005726152047525523,6.666666666666667,6.0,0.24161306645419187,0.24161306645419187,0.24161306645419187,0.24161306645419187,0.0,0,cqi|cost|switching,cqi|cost|switching,cqi,1,7,0.0,0.0
high,medium,seed_0008,11,0,0.22429622848728448,958.3333333333334,1.0,1.1666666666666667,0.6909613375130617,0.20000000000000004,1.0,1.0,0.5072463768115942,8.666666666666666,2.8819360776317637,4.25,10.0,0.0,2.4166666666666665,1.8329602534405527,1.0,0.0,0.0,1.875,7.166666666666667,3.916962163793849,0.9863557293431923,0.006822135328403867,5.833333333333333,6.0,0.22429622848728448,0.13694566653386983,0.22429622848728448,0.22429622848728448,0.0,0,cqi|switching,cqi|switching,cqi,2,5,0.0,0.0
high,medium,seed_0008,12,0,0.21130152917957715,850.0,1.0,1.0,0.631004366812227,0.13333333333333333,0.3333333333333333,0.6666666666666666,0.463768115942029,9.375,3.42554740151118,5.75,10.0,0.08333333333333333,2.7083333333333335,1.941749011068551,1.1666666666666667,0.9860132971832694,2.0,2.0416666666666665,7.0,3.9145975622117373,0.9887511215500326,0.005624439224983679,8.166666666666666,6.0,0.21130152917957715,0.11766813317397723,0.1668094802180162,0.21130152917957715,0.0,0,cqi,cqi,cqi,2,7,0.0,0.0
high,medium,seed_0008,13,0,0.2830111853566004,858.3333333333334,1.0,1.1666666666666667,0.7027689454160042,0.08333333333333333,0.375,0.4166666666666667,0.3333333333333333,9.541666666666666,2.915178191618634,4.25,10.0,0.125,2.0,1.9659165064326742,1.0,1.0,2.0,2.2916666666666665,6.3194444444444455,2.915442864946153,0.968655360103427,0.015672319948286495,6.5,6.0,0.21313751285905683,0.2830111853566004,0.27796819584624377,0.2830111853566004,0.0,0,cost,cost,cost,3,7,0.06987367249754359,0.0
high,medium,seed_0008,14,0,0.15100146650731053,462.5,1.0,0.75,0.9030343007915568,0.11666666666666668,0.5833333333333334,0.5833333333333334,0.3804347826086957,8.333333333333334,2.6718699236468995,2.5,10.0,0.08333333333333333,1.9583333333333333,1.9180884415005186,1.1666666666666667,0.7993052538854533,2.0,1.7083333333333333,7.4375,3.233509624346391,0.9824568787802723,0.008771560609863838,6.5,6.0,0.15100146650731053,0.12774204430279454,0.13607537763612787,0.15100146650731053,0.0,0,cqi,cqi,cqi,3,7,0.016666666666666663,0.0
high,heavy,seed_0008,0,1,-0.5994992667463447,264.5833333333333,0.6666666666666666,0.5625,0.5595684152095476,0.075,0.375,0.375,0.0,8.583333333333334,3.438951713660558,6.25,12.0,0.041666666666666664,1.8333333333333333,1.6736295034505926,0.0,0.0,0.0,2.9583333333333335,7.736111111111112,4.693601995414399,0.9725438993966915,0.013728050301654249,13.0,2.0,-0.5994992667463447,-0.63805433346613,-0.5994992667463447,-0.5994992667463447,0.0,0,cqi|switching,cqi|switching,cqi,3,5,0.0,0.0
high,heavy,seed_0008,1,0,-0.16199926674634474,306.25,0.875,0.42857142857142855,0.7028688524590164,0.03333333333333333,0.16666666666666666,0.16666666666666666,0.35507246376811596,8.625,2.8695600708122493,4.0,12.0,0.041666666666666664,1.9583333333333333,1.679732632880243,0.375,0.4841229182759271,1.0,2.5416666666666665,7.25,4.095786000630766,0.9829207497693462,0.00853962511532691,13.5,2.0,-0.16199926674634474,-0.28750000000000003,-0.28750000000000003,-0.16199926674634474,0.0,0,cqi,cqi,cqi,3,7,0.0,0.0
high,heavy,seed_0008,2,0,-0.037500000000000006,200.0,1.0,0.0,1.0,0.07500000000000001,0.375,0.375,0.6195652173913043,8.0,2.6770630673681683,4.25,8.0,0.0,2.2916666666666665,1.7790944219033413,0.375,0.4841229182759271,1.0,2.3333333333333335,8.006944444444445,3.6841374080452027,0.9846428755718911,0.007678562214054441,13.0,2.0,-0.037500000000000006,-0.037500000000000006,-0.037500000000000006,-0.037500000000000006,0.0,0,cqi|cost|switching,cqi|cost|switching,cqi,1,7,0.0,0.0
high,heavy,seed_0008,3,0,0.0,200.0,1.0,0.0,1.0,0.0,0.0,0.0,0.0,8.166666666666666,3.0368111930480994,4.25,10.0,0.08333333333333333,2.3333333333333335,1.7184404159979578,0.0,0.0,0.0,2.75,7.895833333333333,3.4186351036959506,0.9855506238389405,0.007224688080529729,12.0,2.0,0.0,0.0,0.0,0.0,0.0,0,cqi|cost|switching,cqi|cost|switching,cqi,1,5,0.0,0.0
high,heavy,seed_0008,4,0,0.0,200.0,1.0,0.0,1.0,0.0,0.0,0.0,0.0,9.333333333333334,2.8819360776317637,4.0,12.0,0.041666666666666664,2.4166666666666665,1.9162573541309225,0.0,0.0,0.0,3.0,6.6805555555555545,3.7938536631351436,0.9506092906868715,0.02469535465656425,12.5,2.0,0.0,0.0,0.0,0.0,0.0,0,cqi|cost|switching,cqi|cost|switching,cqi,1,4,0.0,0.0
high,heavy,seed_0008,5,0,0.0,200.0,1.0,0.0,1.0,0.0,0.0,0.0,0.0,8.875,2.8622907492659326,4.0,11.0,0.041666666666666664,2.0416666666666665,1.94878390849329,0.0,0.0,0.0,2.9166666666666665,7.104166666666667,3.708352840148445,0.989035561520086,0.005482219239957009,12.0,2.0,0.0,0.0,0.0,0.0,0.0,0,cqi|cost|switching,cqi|cost|switching,cqi,1,5,0.0,0.0
high,heavy,seed_0008,6,0,0.0,200.0,1.0,0.0,1.0,0.0,0.0,0.0,0.0,9.083333333333334,2.812422838447701,3.5,10.0,0.041666666666666664,2.375,1.8379794788968713,0.0,0.0,0.0,3.0,6.736111111111111,3.37882727664971,0.9725576056028042,0.013721197198597879,12.0,2.0,0.0,0.0,0.0,0.0,0.0,0,cqi|cost|switching,cqi|cost|switching,cqi,1,5,0.0,0.0
high,heavy,seed_0008,7,0,0.0895565332270959,375.0,1.0,0.5,0.8211678832116789,0.10000000000000002,0.5,0.5,0.5217391304347826,9.75,2.504163200219453,4.0,9.0,0.041666666666666664,2.25,1.9095510375078721,0.0,0.0,0.0,3.2916666666666665,5.916666666666667,2.4243173915176235,0.9694698806908107,0.015265059654594626,12.0,2.0,0.0895565332270959,0.0,0.0895565332270959,0.0895565332270959,0.0,0,cqi|switching,cqi|switching,cqi,2,5,0.0,0.0
high,heavy,seed_0008,8,0,0.07550073325365526,331.25,1.0,0.375,0.792607223476298,0.05833333333333334,0.2916666666666667,0.2916666666666667,0.4311594202898551,9.083333333333334,2.5152313787977616,3.25,9.0,0.041666666666666664,2.25,1.8971397469702804,0.5,0.5,1.0,2.625,6.375,2.742097230628816,0.9899151153623543,0.005042442318822837,13.0,2.0,0.07550073325365526,-0.049999999999999996,-0.05000000000000001,0.07550073325365526,0.0,0,cqi,cqi,cqi,2,7,0.0,0.0
high,heavy,seed_0008,9,0,-0.003665933413011376,322.9166666666667,0.9583333333333334,0.391304347826087,0.7624079715663874,0.05000000000000001,0.25,0.25,0.42028985507246375,9.916666666666666,2.4986107250941583,4.0,11.0,0.08333333333333333,2.1666666666666665,1.8656459532117287,0.375,0.4841229182759271,1.0,2.9166666666666665,5.576388888888888,2.420006871100336,0.9851844143227078,0.007407792838646121,12.0,2.0,-0.003665933413011376,-0.037500000000000006,-0.037500000000000006,-0.003665933413011376,0.0,0,cqi,cqi,cqi,3,7,0.0,0.0
high,heavy,seed_0008,10,0,-0.0375,200.0,1.0,0.0,1.0,0.075,0.375,0.375,0.5398550724637681,9.0,2.6770630673681683,4.25,9.0,0.0,2.5,1.8458969426577614,0.375,0.4841229182759271,1.0,2.5416666666666665,6.854166666666667,3.2376233352740575,0.988547695904949,0.005726152047525523,12.0,2.0,-0.0375,-0.0375,-0.0375,-0.0375,0.0,0,cqi|cost|switching,cqi|cost|switching,cqi,1,7,0.0,0.0
high,heavy,seed_0008,11,0,0.0,200.0,1.0,0.0,1.0,0.0,0.0,0.0,0.0,8.666666666666666,2.8819360776317637,4.25,10.0,0.0,2.4166666666666665,1.8329602534405527,0.0,0.0,0.0,2.875,7.166666666666667,3.916962163793849,0.9863557293431923,0.006822135328403867,12.5,2.0,0.0,0.0,0.0,0.0,0.0,0,cqi|cost|switching,cqi|cost|switching,cqi,1,5,0.0,0.0
high,heavy,seed_0008,12,0,0.0,200.0,1.0,0.0,1.0,0.0,0.0,0.0,0.0,9.375,3.42554740151118,5.75,10.0,0.08333333333333333,2.7083333333333335,1.941749011068551,0.0,0.0,0.0,3.125,7.0,3.9145975622117373,0.9887511215500326,0.005624439224983679,12.0,2.0,0.0,0.0,0.0,0.0,0.0,0,cqi|cost|switching,cqi|cost|switching,cqi,1,5,0.0,0.0
high,heavy,seed_0008,13,0,0.0,200.0,1.0,0.0,1.0,0.0,0.0,0.0,0.0,9.541666666666666,2.915178191618634,4.25,10.0,0.125,2.0,1.9659165064326742,0.0,0.0,0.0,3.2916666666666665,6.3194444444444455,2.915442864946153,0.968655360103427,0.015672319948286495,12.0,2.0,0.0,0.0,0.0,0.0,0.0,0,cqi|cost|switching,cqi|cost|switching,cqi,1,5,0.0,0.0
high,heavy,seed_0008,14,0,0.0,200.0,1.0,0.0,1.0,0.0,0.0,0.0,0.0,8.333333333333334,2.6718699236468995,2.5,10.0,0.08333333333333333,1.9583333333333333,1.9180884415005186,0.0,0.0,0.0,2.875,7.4375,3.233509624346391,0.9824568787802723,0.008771560609863838,12.0,2.0,0.0,0.0,0.0,0.0,0.0,0,cqi|cost|switching,cqi|cost|switching,cqi,1,5,0.0,0.0
high,light,seed_0009,0,1,0.2817829767565528,1229.1666666666667,1.0,1.5833333333333333,0.8442471866511447,0.31666666666666665,0.7916666666666666,1.5833333333333333,0.0,9.5,2.8136571693556887,4.0,9.0,0.125,2.125,1.827324633787747,0.0,0.0,0.0,3.2916666666666665,6.3819444444444455,2.8873443387041515,0.980199318004463,0.009900340997768486,2.0,12.0,0.2796397333153768,0.2817829767565528,0.2796397333153768,0.2817829767565528,0.0,0,cost,cost,cost,2,5,0.0021432434411760015,0.0
high,light,seed_0009,1,0,0.2988075631255251,872.9166666666666,1.0,1.2083333333333333,0.7193471990035074,0.07500000000000001,0.375,0.375,0.32608695652173914,8.791666666666666,3.499751975338951,7.0,11.0,0.08333333333333333,1.5416666666666667,1.688492533292024,1.5833333333333333,0.8122328620674136,2.0,1.4583333333333333,7.847222222222222,4.272250216639968,0.9870484051119225,0.006475797444038756,5.833333333333333,12.0,0.2838914297955098,0.2974602448078047,0.2988075631255251,0.2974602448078047,0.0013473183177203918,1,switching,switching,switching,3,7,-0.02675053333665145,0.0013473183177203918
high,light,seed_0009,2,0,0.36278562710269907,1175.0,1.0,1.5,0.8133284241531664,0.10833333333333334,0.4583333333333333,0.5416666666666666,0.4420289855072464,8.958333333333334,3.541176436659935,6.25,12.0,0.08333333333333333,2.0,1.7754023516337323,1.2083333333333333,0.7626252174051302,2.0,1.6666666666666667,7.361111111111111,4.10979708729828,0.9907822524029956,0.004608873798502222,3.5833333333333335,12.0,0.3032408491720012,0.36278562710269907,0.3099602448078047,0.36278562710269907,0.0,0,cost,cost,cost,3,6,0.051211444597364486,-0.012499999999999956
high,light,seed_0009,3,0,0.46076486560117597,1302.0833333333333,1.0,1.7916666666666667,0.9192906900122376,0.07500000000000001,0.2916666666666667,0.375,0.3695652173913043,9.166666666666666,2.608745973749755,3.25,10.0,0.041666666666666664,2.7083333333333335,1.8155919848036548,1.5,0.8660254037844386,2.0,1.625,6.5069444444444455,2.8937509165931936,0.9854566735976904,0.007271663201154799,4.416666666666667,12.0,0.44477767606426005,0.46076486560117597,0.4169522937693657,0.46076486560117597,0.0,0,cost,cost,cost,2,7,0.07015385620358261,0.0
high,light,seed_0009,4,0,0.4972991708194383,1341.6666666666667,1.0,1.8333333333333333,0.9348986510856236,0.025000000000000005,0.125,0.125,0.22826086956521738,10.125,3.072899011248716,4.25,11.0,0.16666666666666666,1.9583333333333333,1.870118490263425,1.7916666666666667,0.40611643103370687,1.0,1.7083333333333333,5.8125,2.826917777433643,0.9874808057199373,0.0062595971400313255,4.5,12.0,0.49729917081943825,0.4972991708194383,0.4192829767565527,0.4972991708194383,0.0,0,cqi|cost,cost,cost,2,7,0.012500000000000011,0.0
high,light,seed_0009,5,0,0.5097991708194383,1341.6666666666667,1.0,1.8333333333333333,0.9348986510856236,0.0,0.0,0.0,0.0,10.125,2.697413884939919,4.5,8.0,0.0,2.3333333333333335,2.1062030245147834,1.8333333333333333,0.37267799624996495,1.0,1.5,5.986111111111111,2.9158398298912527,0.9722734698657642,0.01386326506711788,4.833333333333333,12.0,0.4617305603829136,0.46173056038291366,0.5097991708194383,0.46173056038291366,0.048068610436524606,1,switching,switching,switching,2,7,0.04806861043652466,0.048068610436524606
high,light,seed_0009,6,0,0.46811218396182824,1722.9166666666667,1.0,2.0416666666666665,0.7549485168799287,0.1416666666666667,0.6666666666666666,0.7083333333333334,0.5978260869565217,9.75,3.031088913245535,5.0,10.0,0.125,2.7083333333333335,1.9833734961314091,1.8333333333333333,0.37267799624996495,1.0,1.4166666666666667,6.361111111111111,3.4270393586056316,0.9832335812889516,0.008383209355524224,5.333333333333333,12.0,0.46811218396182824,0.4376962551646513,0.4466136597437396,0.46811218396182824,0.0,0,cqi,cqi,cqi,3,7,-0.008333333333333304,-0.008333333333333304
high,light,seed_0009,7,0,0.4399315322678427,1302.0833333333333,1.0,1.7916666666666667,0.9192906900122376,0.11666666666666668,0.5833333333333334,0.5833333333333334,0.5362318840579711,10.0,3.0413812651491097,3.5,10.0,0.16666666666666666,2.5833333333333335,1.9955524479730322,2.0416666666666665,0.7894706383956841,2.0,1.375,6.090277777777779,3.482754858487888,0.9816684601923596,0.009165769903820176,6.083333333333333,12.0,0.4246989055537296,0.4399315322678427,0.41046097806146004,0.4399315322678427,0.0,0,cost,cost,cost,2,7,0.015232626714113129,0.0
high,light,seed_0009,8,0,0.5120344479226296,1420.8333333333333,1.0,1.9166666666666667,0.966977680204903,0.041666666666666664,0.20833333333333334,0.20833333333333334,0.3442028985507246,9.625,2.6269833776913525,2.25,11.0,0.08333333333333333,2.875,2.050153483810398,1.7916666666666667,0.40611643103370687,1.0,1.4166666666666667,5.881944444444444,2.960573942834,0.9570969288727125,0.021451535563643764,5.0,12.0,0.473264865601176,0.5120344479226296,0.3364671406795579,0.5120344479226296,0.0,0,cost,cost,cost,2,7,0.09293624898812036,0.0
high,light,seed_0009,9,0,0.4303286166130557,1183.3333333333333,1.0,1.6666666666666667,0.8747180288044422,0.06666666666666667,0.3333333333333333,0.3333333333333333,0.463768115942029,9.375,3.250801183298255,6.25,10.0,0.125,3.0,2.000055181621302,1.9166666666666667,0.2763853991962833,1.0,1.4166666666666667,6.979166666666667,3.9072915278148024,0.9848024595509156,0.007598770224542195,6.5,12.0,0.4303286166130557,0.35182375718841064,0.360157090521744,0.4303286166130557,0.0,0,cqi,cqi,cqi,2,7,0.004166666666666763,0.0
high,light,seed_0009,10,0,0.4690981989345093,1302.0833333333333,1.0,1.7916666666666667,0.9192906900122376,0.05833333333333334,0.2916666666666667,0.2916666666666667,0.4311594202898551,9.958333333333334,2.7910447068356956,4.25,10.0,0.125,2.3333333333333335,1.9749830982524685,1.6666666666666667,0.4714045207910316,1.0,1.6666666666666667,5.923611111111112,2.6461796215499382,0.9844170002027542,0.007791499898622878,4.083333333333333,12.0,0.46527588764391886,0.4690981989345093,0.46366194994638904,0.4690981989345093,0.0,0,cost,cost,cost,2,7,0.0038223112905904633,0.0
high,light,seed_0009,11,0,0.473264865601176,1302.0833333333333,1.0,1.7916666666666667,0.9192906900122376,0.05000000000000001,0.25,0.25,0.391304347826087,9.958333333333334,3.1288864721423746,5.0,12.0,0.125,1.8333333333333333,1.95971141066643,1.7916666666666667,0.4061164310337068,1.0,1.5416666666666667,6.1180555555555545,3.542885138982732,0.9782369987958242,0.010881500602087923,4.833333333333333,12.0,0.4246989055537296,0.473264865601176,0.40377281663961506,0.473264865601176,0.0,0,cost,cost,cost,2,7,0.040232626714113096,0.0
high,light,seed_0009,12,0,0.4500054433966599,1272.9166666666667,1.0,1.7083333333333333,0.8891135562541679,0.05000000000000001,0.20833333333333334,0.25,0.2898550724637681,9.375,3.0388114452858046,3.25,12.0,0.08333333333333333,2.3333333333333335,2.0268995115585313,1.7916666666666667,0.40611643103370687,1.0,1.4583333333333333,6.534722222222221,3.4332184334423577,0.9866087173411776,0.006695641329411195,4.916666666666667,12.0,0.402616310089886,0.4500054433966599,0.3255541748669571,0.4500054433966599,0.0,0,cost,cost,cost,3,7,0.07655579997344053,0.0
high,light,seed_0009,13,0,0.41782861661305565,1183.3333333333333,1.0,1.6666666666666667,0.8747180288044422,0.09166666666666667,0.4166666666666667,0.4583333333333333,0.4891304347826087,9.416666666666666,3.1611794563984428,4.5,11.0,0.08333333333333333,2.375,2.0082447897008784,1.7083333333333333,0.6109532624422992,2.0,1.5416666666666667,6.652777777777779,3.69588004688838,0.9815834312426986,0.009208284378650677,5.416666666666667,12.0,0.41782861661305565,0.394473788524544,0.36432375718841065,0.41782861661305565,0.0,0,cqi,cqi,cqi,2,7,0.012499999999999956,0.0
high,light,seed_0009,14,0,0.4376962551646513,1222.9166666666667,1.0,1.7083333333333333,0.889146074606222,0.075,0.375,0.375,0.4891304347826087,9.166666666666666,3.1446603773522015,5.5,10.0,0.08333333333333333,3.0,1.991355131901887,1.6666666666666667,0.4714045207910317,1.0,1.5416666666666667,6.9305555555555545,3.4091776550878974,0.9789245930055145,0.010537703497242756,5.25,12.0,0.3796397333153767,0.4376962551646513,0.40085806240667304,0.4376962551646513,0.0,0,cost,cost,cost,2,7,0.05805652184927462,0.0
high,medium,seed_0009,0,1,0.17911306645419187,550.0,1.0,1.0,1.0,0.20000000000000004,1.0,1.0,0.0,9.5,2.8136571693556887,4.0,9.0,0.125,2.125,1.827324633787747,0.0,0.0,0.0,3.2916666666666665,6.3819444444444455,2.8873443387041515,0.980199318004463,0.009900340997768486,4.0,6.0,0.17911306645419187,0.1791130664541918,0.17911306645419187,0.17911306645419187,0.0,0,cqi|cost|switching,cqi|switching,cqi,2,5,0.0,0.0
high,medium,seed_0009,1,0,0.13694566653386983,418.75,1.0,0.625,0.8593032159264931,0.075,0.375,0.375,0.35507246376811596,8.791666666666666,3.499751975338951,7.0,11.0,0.08333333333333333,1.5416666666666667,1.688492533292024,1.0,0.0,0.0,1.9583333333333333,7.847222222222222,4.272250216639968,0.9870484051119225,0.006475797444038756,6.333333333333333,6.0,0.12114928876494523,0.13694566653386983,0.12114928876494523,0.13694566653386983,0.0,0,cost,cost,cost,3,5,0.015796377768924605,0.0
high,medium,seed_0009,2,0,0.1885014665073105,462.5,1.0,0.75,0.9030343007915568,0.041666666666666664,0.20833333333333334,0.20833333333333334,0.39855072463768115,8.958333333333334,3.541176436659935,6.25,12.0,0.08333333333333333,2.0,1.7754023516337323,0.625,0.4841229182759271,1.0,2.25,7.361111111111111,4.10979708729828,0.9907822524029956,0.004608873798502222,4.5,6.0,0.14111233320053657,0.1885014665073105,0.17444566653386986,0.1885014665073105,0.0,0,cost,cost,cost,3,6,0.04322246664010726,0.0
high,medium,seed_0009,3,0,0.25411306645419185,550.0,1.0,1.0,1.0,0.049999999999999996,0.25,0.25,0.3695652173913043,9.166666666666666,2.608745973749755,3.25,10.0,0.041666666666666664,2.7083333333333335,1.8155919848036548,0.75,0.4330127018922193,1.0,2.375,6.5069444444444455,2.8937509165931936,0.9854566735976904,0.007271663201154799,4.333333333333333,6.0,0.2541130664541918,0.25411306645419185,0.25411306645419185,0.25411306645419185,0.0,0,cqi|cost|switching,cost,cost,2,7,0.012500000000000039,0.0
high,medium,seed_0009,4,0,0.2822363023428541,847.9166666666666,1.0,1.2083333333333333,0.7269132876952782,0.10833333333333334,0.5416666666666666,0.5416666666666666,0.45652173913043476,10.125,3.072899011248716,4.25,11.0,0.16666666666666666,1.9583333333333333,1.870118490263425,1.0,0.0,0.0,2.4166666666666665,5.8125,2.826917777433643,0.9874808057199373,0.0062595971400313255,4.833333333333333,6.0,0.2822363023428541,0.27911306645419187,0.2822363023428541,0.2822363023428541,0.0,0,cqi|switching,cqi|switching,cqi,3,5,0.0,0.0
high,medium,seed_0009,5,0,0.3461189604360324,1175.0,1.0,1.5,0.8133284241531664,0.1416666666666667,0.5833333333333334,0.7083333333333334,0.5181159420289855,10.125,2.697413884939919,4.5,8.0,0.0,2.3333333333333335,2.1062030245147834,1.2083333333333333,0.705878097754059,2.0,2.125,5.986111111111111,2.9158398298912527,0.9722734698657642,0.01386326506711788,6.5,6.0,0.24512956182061776,0.3461189604360324,0.22505344161330185,0.3461189604360324,0.0,0,cost,cost,cost,2,7,0.10098939861541464,0.0
high,medium,seed_0009,6,0,0.3354549441155121,1120.8333333333333,1.0,1.4166666666666667,0.7825179513798771,0.11666666666666665,0.2916666666666667,0.5833333333333334,0.4311594202898551,9.75,3.031088913245535,5.0,10.0,0.125,2.7083333333333335,1.9833734961314091,1.5,0.8660254037844386,2.0,1.75,6.361111111111111,3.4270393586056316,0.9832335812889516,0.008383209355524224,9.166666666666666,6.0,0.30395759446165843,0.3354549441155121,0.2594655455000974,0.3354549441155121,0.0,0,cost,cost,cost,2,7,0.031497349653853646,0.0
high,medium,seed_0009,7,0,0.2424056193556671,793.75,1.0,1.125,0.7024009987225641,0.1416666666666667,0.5833333333333334,0.7083333333333334,0.5,10.0,3.0413812651491097,3.5,10.0,0.16666666666666666,2.5833333333333335,1.9955524479730322,1.4166666666666667,0.9090593428863095,2.0,2.0,6.090277777777779,3.482754858487888,0.9816684601923596,0.009165769903820176,8.5,6.0,0.2424056193556671,0.2317829767565527,0.1791130664541918,0.2424056193556671,0.0,0,cqi,cqi,cqi,3,7,0.0,0.0
high,medium,seed_0009,8,0,0.22494639978752518,550.0,1.0,1.0,1.0,0.10833333333333335,0.5416666666666666,0.5416666666666666,0.6630434782608695,9.625,2.6269833776913525,2.25,11.0,0.08333333333333333,2.875,2.050153483810398,1.125,0.7252872993970504,2.0,2.0833333333333335,5.881944444444444,2.960573942834,0.9570969288727125,0.021451535563643764,7.0,6.0,0.22494639978752518,0.22494639978752518,0.22494639978752518,0.22494639978752518,0.0,0,cqi|cost|switching,cqi|cost|switching,cqi,1,7,0.0,0.0
high,medium,seed_0009,9,0,0.2791130664541918,550.0,1.0,1.0,1.0,0.0,0.0,0.0,0.0,9.375,3.250801183298255,6.25,10.0,0.125,3.0,2.000055181621302,1.0,0.0,0.0,2.25,6.979166666666667,3.9072915278148024,0.9848024595509156,0.007598770224542195,5.833333333333333,6.0,0.2791130664541918,0.2791130664541918,0.2791130664541918,0.2791130664541918,0.0,0,cqi|cost|switching,cqi|cost|switching,cqi,1,5,0.0,0.0
high,medium,seed_0009,10,0,0.27911306645419187,550.0,1.0,1.0,1.0,0.0,0.0,0.0,0.3442028985507246,9.958333333333334,2.7910447068356956,4.25,10.0,0.125,2.3333333333333335,1.9749830982524685,1.0,0.0,0.0,2.3333333333333335,5.923611111111112,2.6461796215499382,0.9844170002027542,0.007791499898622878,4.833333333333333,6.0,0.2791130664541918,0.27911306645419187,0.2791130664541918,0.27911306645419187,0.0,0,cqi|cost|switching,cost,cost,2,5,5.551115123125783e-17,0.0
high,medium,seed_0009,11,0,0.2609496434232194,1220.8333333333333,0.9583333333333334,1.6521739130434783,0.8336149304746369,0.19166666666666668,0.9583333333333334,0.9583333333333334,0.38405797101449274,9.958333333333334,3.1288864721423746,5.0,12.0,0.125,1.8333333333333333,1.95971141066643,1.0,0.0,0.0,2.3333333333333335,6.1180555555555545,3.542885138982732,0.9782369987958242,0.010881500602087923,5.5,6.0,0.2590722860223338,0.2609496434232194,0.2590722860223338,0.2609496434232194,0.0,0,cost,cost,cost,3,5,0.0018773574008856264,0.0
high,medium,seed_0009,12,0,0.1600203109163425,520.8333333333334,1.0,0.9166666666666666,0.96665429349171,0.19166666666666668,0.9166666666666666,0.9583333333333334,0.2826086956521739,9.375,3.0388114452858046,3.25,12.0,0.08333333333333333,2.3333333333333335,2.0268995115585313,1.625,0.7534642216677135,2.0,1.625,6.534722222222221,3.4332184334423577,0.9866087173411776,0.006695641329411195,9.333333333333334,6.0,0.12096451094290184,0.1600203109163425,0.011260155458171236,0.1600203109163425,0.0,0,cost,cost,cost,3,7,-0.010944200026559353,0.0
high,medium,seed_0009,13,0,0.2707797331208585,550.0,1.0,1.0,1.0,0.016666666666666666,0.08333333333333333,0.08333333333333333,0.36594202898550726,9.416666666666666,3.1611794563984428,4.5,11.0,0.08333333333333333,2.375,2.0082447897008784,0.9166666666666666,0.2763853991962833,1.0,2.1666666666666665,6.652777777777779,3.69588004688838,0.9815834312426986,0.009208284378650677,5.333333333333333,6.0,0.2707797331208585,0.2707797331208585,0.2707797331208585,0.2707797331208585,0.0,0,cqi|cost|switching,cqi|cost|switching,cqi,1,7,0.012500000000000067,0.0
high,medium,seed_0009,14,0,0.2791130664541918,550.0,1.0,1.0,1.0,0.0,0.0,0.0,0.0,9.166666666666666,3.1446603773522015,5.5,10.0,0.08333333333333333,3.0,1.991355131901887,1.0,0.0,0.0,2.125,6.9305555555555545,3.4091776550878974,0.9789245930055145,0.010537703497242756,5.666666666666667,6.0,0.2791130664541918,0.2791130664541918,0.2791130664541918,0.2791130664541918,0.0,0,cqi|cost|switching,cqi|cost|switching,cqi,1,5,0.0,0.0
high,heavy,seed_0009,0,1,0.0,200.0,1.0,0.0,1.0,0.0,0.0,0.0,0.0,9.5,2.8136571693556887,4.0,9.0,0.125,2.125,1.827324633787747,0.0,0.0,0.0,3.2916666666666665,6.3819444444444455,2.8873443387041515,0.980199318004463,0.009900340997768486,12.0,2.0,0.0,0.0,0.0,0.0,0.0,0,cqi|cost|switching,cqi|cost|switching,cqi,1,5,0.0,0.0
high,heavy,seed_0009,1,0,-0.6529804223373127,314.5833333333333,0.625,0.8666666666666667,0.591926272066459,0.10833333333333335,0.5416666666666666,0.5416666666666666,0.5833333333333334,8.791666666666666,3.499751975338951,7.0,11.0,0.08333333333333333,1.5416666666666667,1.688492533292024,0.0,0.0,0.0,2.9583333333333335,7.847222222222222,4.272250216639968,0.9870484051119225,0.006475797444038756,12.0,2.0,-0.7661659334130114,-0.6529804223373127,-0.7661659334130114,-0.6529804223373127,0.0,0,cost,cost,cost,3,5,0.11318551107569874,0.0
high,heavy,seed_0009,2,0,-0.5541666666666667,150.0,0.75,0.0,0.75,0.10833333333333335,0.5416666666666666,0.5416666666666666,0.39855072463768115,8.958333333333334,3.541176436659935,6.25,12.0,0.08333333333333333,2.0,1.7754023516337323,0.5416666666666666,0.4982608642958916,1.0,2.3333333333333335,7.361111111111111,4.10979708729828,0.9907822524029956,0.004608873798502222,13.0,2.0,-0.5963876667994634,-0.5541666666666667,-0.5541666666666667,-0.5541666666666667,0.0,0,cost|switching,cost,cost,3,6,0.05472100013279668,0.0
high,heavy,seed_0009,3,0,0.0,200.0,1.0,0.0,1.0,0.0,0.0,0.0,0.5543478260869565,9.166666666666666,2.608745973749755,3.25,10.0,0.041666666666666664,2.7083333333333335,1.8155919848036548,0.0,0.0,0.0,3.125,6.5069444444444455,2.8937509165931936,0.9854566735976904,0.007271663201154799,12.0,2.0,0.0,0.0,0.0,0.0,0.0,0,cqi|cost|switching,cqi|cost|switching,cqi,1,5,0.07083333333333335,0.0
high,heavy,seed_0009,4,0,0.0,200.0,1.0,0.0,1.0,0.0,0.0,0.0,0.0,10.125,3.072899011248716,4.25,11.0,0.16666666666666666,1.9583333333333333,1.870118490263425,0.0,0.0,0.0,3.4166666666666665,5.8125,2.826917777433643,0.9874808057199373,0.0062595971400313255,12.0,2.0,0.0,0.0,0.0,0.0,0.0,0,cqi|cost|switching,cqi|cost|switching,cqi,1,5,0.0,0.0
high,heavy,seed_0009,5,0,0.0,200.0,1.0,0.0,1.0,0.0,0.0,0.0,0.0,10.125,2.697413884939919,4.5,8.0,0.0,2.3333333333333335,2.1062030245147834,0.0,0.0,0.0,3.3333333333333335,5.986111111111111,2.9158398298912527,0.9722734698657642,0.01386326506711788,12.0,2.0,0.0,0.0,0.0,0.0,0.0,0,cqi|cost|switching,cqi|cost|switching,cqi,1,5,0.0,0.0
high,heavy,seed_0009,6,0,0.0,200.0,1.0,0.0,1.0,0.0,0.0,0.0,0.0,9.75,3.031088913245535,5.0,10.0,0.125,2.7083333333333335,1.9833734961314091,0.0,0.0,0.0,3.25,6.361111111111111,3.4270393586056316,0.9832335812889516,0.008383209355524224,12.0,2.0,0.0,0.0,0.0,0.0,0.0,0,cqi|cost|switching,cqi|cost|switching,cqi,1,5,0.0,0.0
high,heavy,seed_0009,7,0,0.0,200.0,1.0,0.0,1.0,0.0,0.0,0.0,0.0,10.0,3.0413812651491097,3.5,10.0,0.16666666666666666,2.5833333333333335,1.9955524479730322,0.0,0.0,0.0,3.3333333333333335,6.090277777777779,3.482754858487888,0.9816684601923596,0.009165769903820176,12.0,2.0,0.0,0.0,0.0,0.0,0.0,0,cqi|cost|switching,cqi|cost|switching,cqi,1,5,0.0,0.0
high,heavy,seed_0009,8,0,0.0,200.0,1.0,0.0,1.0,0.0,0.0,0.0,0.0,9.625,2.6269833776913525,2.25,11.0,0.08333333333333333,2.875,2.050153483810398,0.0,0.0,0.0,3.125,5.881944444444444,2.960573942834,0.9570969288727125,0.021451535563643764,12.0,2.0,0.0,0.0,0.0,0.0,0.0,0,cqi|cost|switching,cqi|cost|switching,cqi,1,5,0.0,0.0
high,heavy,seed_0009,9,0,0.0,200.0,1.0,0.0,1.0,0.0,0.0,0.0,0.0,9.375,3.250801183298255,6.25,10.0,0.125,3.0,2.000055181621302,0.0,0.0,0.0,3.25,6.979166666666667,3.9072915278148024,0.9848024595509156,0.007598770224542195,12.0,2.0,0.0,0.0,0.0,0.0,0.0,0,cqi|cost|switching,cqi|cost|switching,cqi,1,5,0.0,0.0
high,heavy,seed_0009,10,0,0.0,200.0,1.0,0.0,1.0,0.0,0.0,0.0,0.0,9.958333333333334,2.7910447068356956,4.25,10.0,0.125,2.3333333333333335,1.9749830982524685,0.0,0.0,0.0,3.3333333333333335,5.923611111111112,2.6461796215499382,0.9844170002027542,0.007791499898622878,12.0,2.0,0.0,0.0,0.0,0.0,0.0,0,cqi|cost|switching,cqi|cost|switching,cqi,1,5,0.0,0.0
high,heavy,seed_0009,11,0,-0.08333333333333333,191.66666666666666,0.9583333333333334,0.0,0.9583333333333334,0.0,0.0,0.0,0.358695652173913,9.958333333333334,3.1288864721423746,5.0,12.0,0.125,1.8333333333333333,1.95971141066643,0.0,0.0,0.0,3.3333333333333335,6.1180555555555545,3.542885138982732,0.9782369987958242,0.010881500602087923,12.5,2.0,-0.35696231118193605,-0.08333333333333333,-0.35696231118193605,-0.08333333333333333,0.0,0,cost,cost,cost,3,5,0.27362897784860274,0.0
high,heavy,seed_0009,12,0,-0.16666666666666666,183.33333333333334,0.9166666666666666,0.0,0.9166666666666666,0.0,0.0,0.0,0.2826086956521739,9.375,3.0388114452858046,3.25,12.0,0.08333333333333333,2.3333333333333335,2.0268995115585313,0.0,0.0,0.0,3.1666666666666665,6.534722222222221,3.4332184334423577,0.9866087173411776,0.006695641329411195,12.0,2.0,-0.34949926674634474,-0.16666666666666666,-0.34949926674634474,-0.16666666666666666,0.0,0,cost,cost,cost,3,5,0.17449926674634478,0.0
high,heavy,seed_0009,13,0,0.0,200.0,1.0,0.0,1.0,0.0,0.0,0.0,0.36594202898550726,9.416666666666666,3.1611794563984428,4.5,11.0,0.08333333333333333,2.375,2.0082447897008784,0.0,0.0,0.0,3.0833333333333335,6.652777777777779,3.69588004688838,0.9815834312426986,0.009208284378650677,12.0,2.0,0.0,0.0,0.0,0.0,0.0,0,cqi|cost|switching,cqi|cost|switching,cqi,1,5,0.037500000000000006,0.0
high,heavy,seed_0009,14,0,0.0,200.0,1.0,0.0,1.0,0.0,0.0,0.0,0.0,9.166666666666666,3.1446603773522015,5.5,10.0,0.08333333333333333,3.0,1.991355131901887,0.0,0.0,0.0,3.125,6.9305555555555545,3.4091776550878974,0.9789245930055145,0.010537703497242756,12.0,2.0,0.0,0.0,0.0,0.0,0.0,0,cqi|cost|switching,cqi|cost|switching,cqi,1,5,0.0,0.0
high,light,seed_0010,0,1,0.27460614997294835,1139.5833333333333,1.0,1.5416666666666667,0.8282097699240462,0.30833333333333335,0.875,1.5416666666666667,0.0,8.541666666666666,3.081925354204558,4.25,11.0,0.041666666666666664,2.7916666666666665,1.9534296652477694,0.0,0.0,0.0,2.7916666666666665,7.534722222222221,4.324772303647333,0.9901563537199887,0.0049218231400056656,2.0833333333333335,12.0,0.2224602448078048,0.27460614997294835,0.20791577947260478,0.27460614997294835,0.0,0,cost,cost,cost,3,6,0.05214590516514356,0.0
high,light,seed_0010,1,0,0.3479549441155121,1120.8333333333333,1.0,1.4166666666666667,0.7825179513798771,0.09166666666666667,0.3333333333333333,0.4583333333333333,0.39855072463768115,8.666666666666666,2.718251071716682,4.0,10.0,0.0,2.625,2.01042262003528,1.5416666666666667,0.705878097754059,2.0,1.375,6.743055555555556,3.3124272062814573,0.985036490317744,0.007481754841128008,4.166666666666667,12.0,0.30956698533004107,0.3479549441155121,0.20079274828850838,0.3479549441155121,0.0,0,cost,cost,cost,2,7,0.06018698690054197,0.0
high,light,seed_0010,2,0,0.4219952832797223,1183.3333333333333,1.0,1.6666666666666667,0.8747180288044422,0.08333333333333333,0.375,0.4166666666666667,0.22826086956521738,8.416666666666666,2.767620317569269,5.0,9.0,0.0,1.5833333333333333,1.9438687561369266,1.4166666666666667,0.9090593428863095,2.0,1.4166666666666667,7.458333333333333,3.6673768251677896,0.9934234414065766,0.003288279296711716,4.25,12.0,0.3853123259511955,0.4219952832797223,0.3937882774488454,0.4219952832797223,0.0,0,cost,cost,cost,2,7,0.0116829573285267,0.0
high,light,seed_0010,3,0,0.4847991708194383,1341.6666666666667,1.0,1.8333333333333333,0.9348986510856236,0.05000000000000001,0.25,0.25,0.391304347826087,9.666666666666666,2.6718699236468995,4.0,9.0,0.08333333333333333,2.25,1.950714876077581,1.6666666666666667,0.4714045207910317,1.0,1.6666666666666667,5.819444444444444,2.527586989136936,0.9812457665165587,0.009377116741720648,3.9166666666666665,12.0,0.42161365974373965,0.4847991708194383,0.4710295884979847,0.4847991708194383,0.0,0,cost,cost,cost,2,7,0.057820178201576033,0.0
high,light,seed_0010,4,0,0.45436292183131805,1222.9166666666667,1.0,1.7083333333333333,0.889146074606222,0.041666666666666664,0.20833333333333334,0.20833333333333334,0.3442028985507246,9.125,2.666341125962693,4.25,9.0,0.0,1.875,1.8705731930239917,1.8333333333333333,0.3726779962499649,1.0,1.3333333333333333,6.583333333333333,3.1109871007030456,0.9767346344929233,0.011632682753538348,5.166666666666667,12.0,0.39844964342321926,0.45436292183131805,0.3527894519701484,0.45436292183131805,0.0,0,cost,cost,cost,2,7,0.10636581805807904,0.0
high,light,seed_0010,5,0,0.38288623708001285,1643.75,1.0,1.8333333333333333,0.6332147303664283,0.17500000000000004,0.8333333333333334,0.875,0.4420289855072464,8.791666666666666,2.9577464206535504,4.5,11.0,0.041666666666666664,1.9166666666666667,1.665140329081364,1.7083333333333333,0.45452967144315476,1.0,1.1666666666666667,7.229166666666667,3.414569986754473,0.9929955323632467,0.0035022338183766655,4.75,12.0,0.38288623708001285,0.3724662787537527,0.36462161078217875,0.38288623708001285,0.0,0,cqi,cqi,cqi,3,7,-0.016666666666666774,0.0
high,light,seed_0010,6,0,0.2735920890420091,1600.0,1.0,1.5,0.5663716814159292,0.20000000000000004,0.5833333333333334,1.0,0.4528985507246377,8.583333333333334,3.522743564641375,6.0,11.0,0.125,2.2083333333333335,1.8590363984290603,1.8333333333333333,1.1055415967851334,3.0,1.3333333333333333,7.715277777777779,3.6601833991525754,0.9570109015107862,0.02149454924460692,7.0,12.0,0.25963603707714533,0.2735920890420091,0.21224690377037136,0.2735920890420091,0.0,0,cost,cost,cost,2,7,0.01395605196486377,0.0
high,light,seed_0010,7,0,0.2977716741485556,1454.1666666666667,1.0,1.5,0.5508266854796404,0.16666666666666666,0.4166666666666667,0.8333333333333334,0.42028985507246375,8.916666666666666,3.7850216497252545,7.25,12.0,0.08333333333333333,2.3333333333333335,1.9936130752280417,1.5,1.5,3.0,1.7083333333333333,7.6805555555555545,4.101128081785532,0.980986567850899,0.009506716074550503,6.666666666666667,12.0,0.2977716741485556,0.22429622848728448,0.24269406678150687,0.2977716741485556,0.0,0,cqi,cqi,cqi,3,7,-0.004166666666666652,0.0
high,light,seed_0010,8,0,0.3634711381783977,1233.3333333333333,1.0,1.6666666666666667,0.8735742203078887,0.20000000000000004,0.875,1.0,0.4492753623188406,9.0,2.943920288775949,3.5,11.0,0.041666666666666664,2.0,1.9515772912158316,1.5,1.3228756555322954,3.0,1.5416666666666667,6.840277777777778,3.7784351450119833,0.9705786879982946,0.014710656000852695,4.916666666666667,12.0,0.3401163100898861,0.3634711381783977,0.3132927482885084,0.3634711381783977,0.0,0,cost,cost,cost,3,7,0.023354828088511637,0.0
high,light,seed_0010,9,0,0.3515375395364237,1060.4166666666667,1.0,1.4583333333333333,0.7999289860442139,0.10833333333333334,0.4583333333333333,0.5416666666666666,0.4384057971014493,9.083333333333334,3.5108957388234825,5.25,13.0,0.16666666666666666,2.0,1.855124213093376,1.6666666666666667,0.6236095644623235,2.0,1.4166666666666667,6.930555555555556,3.8991679628440132,0.9795358227016219,0.010232088649189064,5.416666666666667,12.0,0.28491134070611723,0.3515375395364237,0.25418887406600993,0.3515375395364237,0.0,0,cost,cost,cost,3,7,0.07495953216363976,0.0
high,light,seed_0010,10,0,0.42519625516465137,1222.9166666666667,1.0,1.7083333333333333,0.889146074606222,0.10000000000000002,0.4583333333333333,0.5,0.4782608695652174,9.166666666666666,3.0368111930481,4.25,10.0,0.08333333333333333,2.75,1.8769810034718863,1.4583333333333333,0.705878097754059,2.0,1.75,6.868055555555556,3.6218789778576137,0.9740115973019442,0.0129942013490279,4.333333333333333,12.0,0.379059034291602,0.42519625516465137,0.387785627102699,0.42519625516465137,0.0,0,cost,cost,cost,2,7,0.04982293652451819,0.0
high,light,seed_0010,11,0,0.45949528327972233,1183.3333333333333,1.0,1.6666666666666667,0.8747180288044422,0.008333333333333333,0.041666666666666664,0.041666666666666664,0.08333333333333333,9.041666666666666,2.4913043214794577,4.0,9.0,0.0,2.0416666666666665,1.8122792266976713,1.7083333333333333,0.45452967144315476,1.0,1.3333333333333333,6.583333333333333,3.0739346242355374,0.9876788989032411,0.00616055054837944,4.416666666666667,12.0,0.4585295884979847,0.4585295884979847,0.45949528327972233,0.4585295884979847,0.000965694781737636,1,switching,switching,switching,2,7,0.07985554996434563,0.000965694781737636
high,light,seed_0010,12,0,0.48858084172814203,1785.4166666666667,1.0,2.0833333333333335,0.756596080467443,0.11666666666666665,0.5833333333333334,0.5833333333333334,0.40942028985507245,9.833333333333334,2.4094720491334933,4.25,8.0,0.0,2.2916666666666665,1.758570776906578,1.6666666666666667,0.4714045207910316,1.0,1.5833333333333333,5.888888888888888,2.6456054874190382,0.9745001558557242,0.012749922072137876,4.0,12.0,0.48858084172814203,0.47006389371624696,0.46366194994638904,0.48858084172814203,0.0,0,cqi,cqi,cqi,3,7,0.025000000000000022,0.004166666666666652
high,light,seed_0010,13,0,0.42317265939363385,1906.25,1.0,1.9583333333333333,0.6828692375452677,0.14166666666666666,0.5,0.7083333333333334,0.37681159420289856,9.458333333333334,3.5352883742191232,7.0,10.0,0.08333333333333333,2.2916666666666665,1.844235440243228,2.0833333333333335,0.8122328620674136,2.0,1.25,7.048611111111111,3.818048987504961,0.965955704230381,0.01702214788480949,7.833333333333333,12.0,0.37583340009114835,0.42317265939363385,0.39250006675781507,0.42317265939363385,0.0,0,cost,cost,cost,3,7,0.047339259302485504,0.0
high,light,seed_0010,14,0,0.2747909277949918,1066.6666666666667,1.0,1.3333333333333333,0.7518355359765051,0.19166666666666665,0.7916666666666666,0.9583333333333334,0.322463768115942,8.666666666666666,3.737943582000967,6.25,12.0,0.08333333333333333,1.875,1.8409429567255673,1.9583333333333333,1.274073737618388,3.0,1.0416666666666667,7.6319444444444455,4.765321091807422,0.988516768908537,0.005741615545731493,7.083333333333333,12.0,0.27479092779499176,0.2747909277949918,0.24512956182061782,0.2747909277949918,0.0,0,cqi|cost,cost,cost,3,6,0.02500000000000005,0.0
high,medium,seed_0010,0,1,0.11940871096946121,433.3333333333333,1.0,0.6666666666666666,0.8733850129198967,0.13333333333333333,0.6666666666666666,0.6666666666666666,0.0,8.541666666666666,3.081925354204558,4.25,11.0,0.041666666666666664,2.7916666666666665,1.9534296652477694,0.0,0.0,0.0,2.7916666666666665,7.534722222222221,4.324772303647333,0.9901563537199887,0.0049218231400056656,4.166666666666667,6.0,0.11194566653386988,0.11940871096946121,0.09701957766268725,0.11940871096946121,0.0,0,cost,cost,cost,2,6,0.007463044435591329,0.0
high,medium,seed_0010,1,0,0.16853842207171923,447.9166666666667,1.0,0.7083333333333334,0.8879860150607038,0.05833333333333334,0.2916666666666667,0.2916666666666667,0.4311594202898551,8.666666666666666,2.718251071716682,4.0,10.0,0.0,2.625,2.01042262003528,0.6666666666666666,0.4714045207910317,1.0,2.1666666666666665,6.743055555555556,3.3124272062814573,0.985036490317744,0.007481754841128008,4.166666666666667,6.0,0.08955653322709593,0.16853842207171923,0.04390797771580596,0.16853842207171923,0.0,0,cost,cost,cost,2,7,0.07481522217795665,0.0
high,medium,seed_0010,2,0,0.24994639978752511,550.0,1.0,1.0,1.0,0.05833333333333333,0.2916666666666667,0.2916666666666667,0.4311594202898551,8.416666666666666,2.767620317569269,5.0,9.0,0.0,1.5833333333333333,1.9438687561369266,0.7083333333333334,0.45452967144315476,1.0,2.125,7.458333333333333,3.6673768251677896,0.9934234414065766,0.003288279296711716,4.333333333333333,6.0,0.24994639978752511,0.24994639978752511,0.24994639978752511,0.24994639978752511,0.0,0,cqi|cost|switching,cqi|cost|switching,cqi,1,7,0.020833333333333287,0.0
high,medium,seed_0010,3,0,0.28960394089444974,887.5,1.0,1.25,0.7359840373759003,0.11666666666666665,0.5833333333333334,0.5833333333333334,0.6521739130434783,9.666666666666666,2.6718699236468995,4.0,9.0,0.08333333333333333,2.25,1.950714876077581,1.0,0.0,0.0,2.3333333333333335,5.819444444444444,2.527586989136936,0.9812457665165587,0.009377116741720648,4.5,6.0,0.28960394089444974,0.27911306645419187,0.28960394089444974,0.28960394089444974,0.0,0,cqi|switching,cqi|switching,cqi,3,5,0.0,0.0
high,medium,seed_0010,4,0,0.2594655455000974,904.1666666666666,1.0,1.0833333333333333,0.6608425957112384,0.08333333333333333,0.4166666666666667,0.4166666666666667,0.286231884057971,9.125,2.666341125962693,4.25,9.0,0.0,1.875,1.8705731930239917,1.25,0.7216878364870323,2.0,1.8333333333333333,6.583333333333333,3.1109871007030456,0.9767346344929233,0.011632682753538348,6.5,6.0,0.1798041795257235,0.1584645109429019,0.2594655455000974,0.1798041795257235,0.07966136597437393,1,switching,switching,switching,2,7,0.07966136597437393,0.07966136597437393
high,medium,seed_0010,5,0,0.2048041795257235,795.8333333333334,1.0,0.9166666666666666,0.601520247988392,0.10000000000000002,0.25,0.5,0.391304347826087,8.791666666666666,2.9577464206535504,4.5,11.0,0.041666666666666664,1.9166666666666667,1.665140329081364,1.0833333333333333,0.9965217285917832,2.0,1.7916666666666667,7.229166666666667,3.414569986754473,0.9929955323632467,0.0035022338183766655,7.166666666666667,6.0,0.2048041795257235,0.09527899986720324,0.09701957766268725,0.2048041795257235,0.0,0,cqi,cqi,cqi,2,7,2.7755575615628914e-17,2.7755575615628914e-17
high,medium,seed_0010,6,0,0.1584761468846829,687.5,1.0,0.75,0.5440647482014388,0.10000000000000002,0.25,0.5,0.391304347826087,8.583333333333334,3.522743564641375,6.0,11.0,0.125,2.2083333333333335,1.8590363984290603,0.9166666666666666,0.9965217285917832,2.0,2.0,7.715277777777779,3.6601833991525754,0.9570109015107862,0.02149454924460692,7.333333333333333,6.0,0.1584761468846829,0.06455653322709591,0.018907977715805945,0.1584761468846829,0.0,0,cqi,cqi,cqi,2,7,0.0,0.0
high,medium,seed_0010,7,0,0.07376015545817124,360.4166666666667,1.0,0.4583333333333333,0.8102934806151181,0.10833333333333334,0.5,0.5416666666666666,0.2898550724637681,8.916666666666666,3.7850216497252545,7.25,12.0,0.08333333333333333,2.3333333333333335,1.9936130752280417,0.75,0.9682458365518543,2.0,2.2083333333333335,7.6805555555555545,4.101128081785532,0.980986567850899,0.009506716074550503,5.833333333333333,6.0,0.07376015545817124,-0.002479689083657477,-0.075,0.07376015545817124,0.0,0,cqi,cqi,cqi,2,7,0.0,0.0
high,medium,seed_0010,8,0,0.1801681331739772,462.5,1.0,0.75,0.9030343007915568,0.05833333333333334,0.2916666666666667,0.2916666666666667,0.4311594202898551,9.0,2.943920288775949,3.5,11.0,0.041666666666666664,2.0,1.9515772912158316,0.4583333333333333,0.4982608642958916,1.0,2.5833333333333335,6.840277777777778,3.7784351450119833,0.9705786879982946,0.014710656000852695,4.166666666666667,6.0,0.1311454638974959,0.1801681331739772,0.1353898665604292,0.1801681331739772,0.0,0,cost,cost,cost,2,7,0.0490226692764813,0.0
high,medium,seed_0010,9,0,0.035574644382472626,302.0833333333333,1.0,0.2916666666666667,0.7828790586833482,0.09166666666666667,0.4583333333333333,0.4583333333333333,0.4963768115942029,9.083333333333334,3.5108957388234825,5.25,13.0,0.16666666666666666,2.0,1.855124213093376,0.75,0.4330127018922193,1.0,2.25,6.930555555555556,3.8991679628440132,0.9795358227016219,0.010232088649189064,4.5,6.0,0.035574644382472626,-0.013203771512715531,-0.075,0.035574644382472626,0.0,0,cqi,cqi,cqi,3,7,1.3877787807814457e-17,0.0
high,medium,seed_0010,10,0,0.21363221216676412,904.1666666666666,1.0,1.0833333333333333,0.6608425957112384,0.17500000000000002,0.5833333333333334,0.875,0.463768115942029,9.166666666666666,3.0368111930481,4.25,10.0,0.08333333333333333,2.75,1.8769810034718863,0.2916666666666667,0.45452967144315476,1.0,2.9166666666666665,6.868055555555556,3.6218789778576137,0.9740115973019442,0.0129942013490279,4.166666666666667,6.0,0.21363221216676412,0.21363221216676412,0.20827973312085848,0.21363221216676412,0.0,0,cqi|cost,cqi,cqi,2,7,0.0,0.0
high,medium,seed_0010,11,0,0.2807935781411381,1012.5,1.0,1.25,0.7213060686015831,0.13333333333333333,0.3333333333333333,0.6666666666666666,0.463768115942029,9.041666666666666,2.4913043214794577,4.0,9.0,0.0,2.0416666666666665,1.8122792266976713,1.0833333333333333,0.9965217285917832,2.0,1.9583333333333333,6.583333333333333,3.0739346242355374,0.9876788989032411,0.00616055054837944,7.0,6.0,0.2807935781411381,0.1791130664541918,0.22262735274211917,0.2807935781411381,0.0,0,cqi,cqi,cqi,2,7,0.0,0.0
high,medium,seed_0010,12,0,0.3586189604360324,1175.0,1.0,1.5,0.8133284241531664,0.11666666666666668,0.2916666666666667,0.5833333333333334,0.4311594202898551,9.833333333333334,2.4094720491334933,4.25,8.0,0.0,2.2916666666666665,1.758570776906578,1.25,0.9682458365518543,2.0,2.0,5.888888888888888,2.6456054874190382,0.9745001558557242,0.012749922072137876,7.5,6.0,0.24929622848728442,0.3586189604360324,0.17911306645419187,0.3586189604360324,0.0,0,cost,cost,cost,2,7,0.109322731948748,0.0
high,medium,seed_0010,13,0,0.2891269114744714,1012.5,1.0,1.25,0.7213060686015831,0.11666666666666665,0.2916666666666667,0.5833333333333334,0.4311594202898551,9.458333333333334,3.5352883742191232,7.0,10.0,0.08333333333333333,2.2916666666666665,1.844235440243228,1.5,0.8660254037844386,2.0,1.75,7.048611111111111,3.818048987504961,0.965955704230381,0.01702214788480949,10.5,6.0,0.21130152917957715,0.2891269114744714,0.19647084619239016,0.2891269114744714,0.0,0,cost,cost,cost,2,7,0.061158715628227556,0.0
high,medium,seed_0010,14,0,0.1119456665338699,418.75,1.0,0.625,0.8593032159264931,0.125,0.625,0.625,0.0,8.666666666666666,3.737943582000967,6.25,12.0,0.08333333333333333,1.875,1.8409429567255673,1.25,0.9682458365518543,2.0,1.5833333333333333,7.6319444444444455,4.765321091807422,0.988516768908537,0.005741615545731493,7.666666666666667,6.0,0.10274204430279454,0.10274204430279454,0.1119456665338699,0.10274204430279454,0.009203622231075362,1,switching,switching,switching,2,6,0.0008702888977420442,0.009203622231075362
high,heavy,seed_0010,0,1,-0.25,175.0,0.875,0.0,0.875,0.0,0.0,0.0,0.0,8.541666666666666,3.081925354204558,4.25,11.0,0.041666666666666664,2.7916666666666665,1.9534296652477694,0.0,0.0,0.0,2.7916666666666665,7.534722222222221,4.324772303647333,0.9901563537199887,0.0049218231400056656,12.5,2.0,-0.705221733386452,-0.25,-0.5385550667197854,-0.25,0.0,0,cost,cost,cost,3,6,0.455221733386452,0.0
high,heavy,seed_0010,1,0,0.0,200.0,1.0,0.0,1.0,0.0,0.0,0.0,0.5181159420289855,8.666666666666666,2.718251071716682,4.0,10.0,0.0,2.625,2.01042262003528,0.0,0.0,0.0,2.8333333333333335,6.743055555555556,3.3124272062814573,0.985036490317744,0.007481754841128008,12.5,2.0,0.0,0.0,0.0,0.0,0.0,0,cqi|cost|switching,cqi|cost|switching,cqi,1,5,0.025000000000000005,0.0
high,heavy,seed_0010,2,0,0.0,200.0,1.0,0.0,1.0,0.0,0.0,0.0,0.0,8.416666666666666,2.767620317569269,5.0,9.0,0.0,1.5833333333333333,1.9438687561369266,0.0,0.0,0.0,2.8333333333333335,7.458333333333333,3.6673768251677896,0.9934234414065766,0.003288279296711716,12.0,2.0,0.0,0.0,0.0,0.0,0.0,0,cqi|cost|switching,cqi|cost|switching,cqi,1,5,0.0,0.0
high,heavy,seed_0010,3,0,0.0,200.0,1.0,0.0,1.0,0.0,0.0,0.0,0.0,9.666666666666666,2.6718699236468995,4.0,9.0,0.08333333333333333,2.25,1.950714876077581,0.0,0.0,0.0,3.3333333333333335,5.819444444444444,2.527586989136936,0.9812457665165587,0.009377116741720648,12.0,2.0,0.0,0.0,0.0,0.0,0.0,0,cqi|cost|switching,cqi|cost|switching,cqi,1,5,0.0,0.0
high,heavy,seed_0010,4,0,0.0,200.0,1.0,0.0,1.0,0.0,0.0,0.0,0.0,9.125,2.666341125962693,4.25,9.0,0.0,1.875,1.8705731930239917,0.0,0.0,0.0,3.0833333333333335,6.583333333333333,3.1109871007030456,0.9767346344929233,0.011632682753538348,12.0,2.0,0.0,0.0,0.0,0.0,0.0,0,cqi|cost|switching,cqi|cost|switching,cqi,1,5,0.0,0.0
high,heavy,seed_0010,5,0,0.0,200.0,1.0,0.0,1.0,0.0,0.0,0.0,0.0,8.791666666666666,2.9577464206535504,4.5,11.0,0.041666666666666664,1.9166666666666667,1.665140329081364,0.0,0.0,0.0,2.875,7.229166666666667,3.414569986754473,0.9929955323632467,0.0035022338183766655,12.0,2.0,0.0,0.0,0.0,0.0,0.0,0,cqi|cost|switching,cqi|cost|switching,cqi,1,5,0.0,0.0
high,heavy,seed_0010,6,0,-0.6679065112084954,285.4166666666667,0.625,0.7333333333333333,0.5606033452807646,0.09166666666666667,0.4583333333333333,0.4583333333333333,0.6485507246376812,8.583333333333334,3.522743564641375,6.0,11.0,0.125,2.2083333333333335,1.8590363984290603,0.0,0.0,0.0,2.8333333333333335,7.715277777777779,3.6601833991525754,0.9570109015107862,0.02149454924460692,12.0,2.0,-0.6902956445152694,-0.6679065112084954,-0.6902956445152694,-0.6679065112084954,0.0,0,cost,cost,cost,3,5,0.022389133306773945,0.0
high,heavy,seed_0010,7,0,-0.5670362223107533,279.1666666666667,0.6666666666666666,0.625,0.572868810617662,0.03333333333333333,0.16666666666666666,0.16666666666666666,0.358695652173913,8.916666666666666,3.7850216497252545,7.25,12.0,0.08333333333333333,2.3333333333333335,1.9936130752280417,0.4583333333333333,0.4982608642958916,1.0,2.5,7.6805555555555545,4.101128081785532,0.980986567850899,0.009506716074550503,12.5,2.0,-0.5670362223107533,-0.687184044568388,-0.7958333333333334,-0.5670362223107533,0.0,0,cqi,cqi,cqi,3,7,0.004166666666666763,0.0
high,heavy,seed_0010,8,0,-0.2125,183.33333333333334,0.9166666666666666,0.0,0.9166666666666666,0.09166666666666667,0.4583333333333333,0.4583333333333333,0.4492753623188406,9.0,2.943920288775949,3.5,11.0,0.041666666666666664,2.0,1.9515772912158316,0.4583333333333333,0.4982608642958916,1.0,2.5833333333333335,6.840277777777778,3.7784351450119833,0.9705786879982946,0.014710656000852695,12.5,2.0,-0.3444623111819361,-0.2125,-0.46249999999999997,-0.2125,0.0,0,cost,cost,cost,3,7,0.1319623111819361,0.0
high,heavy,seed_0010,9,0,-0.1977586889508607,277.0833333333333,0.875,0.3333333333333333,0.6881808278867102,0.05833333333333333,0.2916666666666667,0.2916666666666667,0.4963768115942029,9.083333333333334,3.5108957388234825,5.25,13.0,0.16666666666666666,2.0,1.855124213093376,0.0,0.0,0.0,3.0,6.930555555555556,3.8991679628440132,0.9795358227016219,0.010232088649189064,13.0,2.0,-0.1977586889508607,-0.25,-0.1977586889508607,-0.1977586889508607,0.0,0,cqi|switching,cqi|switching,cqi,3,5,-0.016666666666666663,0.0
high,heavy,seed_0010,10,0,-0.029166666666666664,200.0,1.0,0.0,1.0,0.05833333333333333,0.2916666666666667,0.2916666666666667,0.5833333333333334,9.166666666666666,3.0368111930481,4.25,10.0,0.08333333333333333,2.75,1.8769810034718863,0.2916666666666667,0.45452967144315476,1.0,2.9166666666666665,6.868055555555556,3.6218789778576137,0.9740115973019442,0.0129942013490279,12.5,2.0,-0.029166666666666664,-0.029166666666666664,-0.029166666666666664,-0.029166666666666664,0.0,0,cqi|cost|switching,cqi|cost|switching,cqi,1,7,0.0,0.0
high,heavy,seed_0010,11,0,0.0,200.0,1.0,0.0,1.0,0.0,0.0,0.0,0.0,9.041666666666666,2.4913043214794577,4.0,9.0,0.0,2.0416666666666665,1.8122792266976713,0.0,0.0,0.0,3.0416666666666665,6.583333333333333,3.0739346242355374,0.9876788989032411,0.00616055054837944,12.0,2.0,0.0,0.0,0.0,0.0,0.0,0,cqi|cost|switching,cqi|cost|switching,cqi,1,5,0.0,0.0
high,heavy,seed_0010,12,0,0.0,200.0,1.0,0.0,1.0,0.0,0.0,0.0,0.0,9.833333333333334,2.4094720491334933,4.25,8.0,0.0,2.2916666666666665,1.758570776906578,0.0,0.0,0.0,3.25,5.888888888888888,2.6456054874190382,0.9745001558557242,0.012749922072137876,12.0,2.0,0.0,0.0,0.0,0.0,0.0,0,cqi|cost|switching,cqi|cost|switching,cqi,1,5,0.0,0.0
high,heavy,seed_0010,13,0,-0.4166666666666667,158.33333333333334,0.7916666666666666,0.0,0.7916666666666666,0.0,0.0,0.0,0.5978260869565217,9.458333333333334,3.5352883742191232,7.0,10.0,0.08333333333333333,2.2916666666666665,1.844235440243228,0.0,0.0,0.0,3.0833333333333335,7.048611111111111,3.818048987504961,0.965955704230381,0.01702214788480949,12.0,2.0,-0.4937768001062374,-0.4166666666666667,-0.4937768001062374,-0.4166666666666667,0.0,0,cost,cost,cost,3,5,0.07711013343957074,0.0
high,heavy,seed_0010,14,0,-0.5472579556972055,366.6666666666667,0.6666666666666666,1.0,0.6666666666666666,0.13333333333333333,0.6666666666666666,0.6666666666666666,0.33695652173913043,8.666666666666666,3.737943582000967,6.25,12.0,0.08333333333333333,1.875,1.8409429567255673,0.0,0.0,0.0,2.8333333333333335,7.6319444444444455,4.765321091807422,0.988516768908537,0.005741615545731493,13.5,2.0,-0.5472579556972055,-0.5472579556972055,-0.5472579556972055,-0.5472579556972055,0.0,0,cqi|cost|switching,cqi|cost|switching,cqi,2,4,-0.04583333333333339,0.0
