timestamp_s,sumo_vehicle_id,ue_module_path,x_m,y_m,speed_mps
0.2,0,Highway.car[0],226.65,416.142658488272,0.0734151172842831
0.3,0,Highway.car[0],226.65,416.12858015702,0.140783312514447
0.4,0,Highway.car[0],226.65,416.106559489917,0.220206671033241
0.5,0,Highway.car[0],226.65,416.076977885486,0.295816044308684
0.6,0,Highway.car[0],226.65,416.040188390945,0.367894945409685
0.7,0,Highway.car[0],226.65,415.997283120378,0.429052705669725
0.8,0,Highway.car[0],226.65,415.949525942562,0.477571778158592
0.9,0,Highway.car[0],226.65,415.898384593366,0.511413491961299
1,0,Highway.car[0],226.65,415.83982451173,0.585600816356153
1.1,0,Highway.car[0],226.65,415.777492415414,0.623320963168361
1.2,0,Highway.car[0],226.65,415.71152183259,0.659705828237297
1.3,0,Highway.car[0],226.65,415.641052543406,0.704692891839035
1.4,0,Highway.car[0],226.65,415.563006126945,0.780464164608605
1.5,0,Highway.car[0],226.65,415.483647104138,0.793590228067227
1.6,0,Highway.car[0],226.65,415.403973313798,0.796737903406359
1.7,0,Highway.car[0],226.65,415.31655924802,0.874140657776482
1.8,0,Highway.car[0],226.65,415.228988617234,0.875706307863332
1.9,0,Highway.car[0],226.65,415.133990858078,0.949977591553219
2,0,Highway.car[0],226.65,415.035162120114,0.988287379642464
2.1,0,Highway.car[0],226.65,414.930072440177,1.05089679937202
2.2,0,Highway.car[0],226.65,414.822075186989,1.07997253188256
2.3,0,Highway.car[0],226.65,414.711634955925,1.10440231063727
2.4,0,Highway.car[0],226.65,414.599312780464,1.12322175461192
2.5,0,Highway.car[0],226.65,414.479541903114,1.19770877349515
2.6,0,Highway.car[0],226.65,414.357890668123,1.21651234991241
2.7,0,Highway.car[0],226.65,414.233559754062,1.24330914060909
2.8,0,Highway.car[0],226.65,414.104570324626,1.28989429436017
2.9,0,Highway.car[0],226.65,413.971635849117,1.32934475508843
3,0,Highway.car[0],226.65,413.836851816054,1.34784033063192
3.1,0,Highway.car[0],226.65,413.697980717203,1.38871098851178
3.2,0,Highway.car[0],226.65,413.554495232371,1.43485484832291
3.3,0,Highway.car[0],226.65,413.406417155202,1.48078077168528
3.4,0,Highway.car[0],226.65,413.257747906648,1.48669248554248
3.5,0,Highway.car[0],226.65,413.103182792726,1.54565113921974
3.5,11,Highway.car[1],223.35,33.8572607719092,0.0726077190916985
3.5,16,Highway.car[2],416.142443152817,223.35,0.075568471826613
3.6,0,Highway.car[0],226.65,412.946073090702,1.57109702024002
3.6,11,Highway.car[1],223.35,33.8712936364887,0.140328645795391
3.6,16,Highway.car[2],416.127642408231,223.35,0.14800744585873
3.7,0,Highway.car[0],226.65,412.784664186184,1.61408904518325
3.7,11,Highway.car[1],223.35,33.8929786669598,0.216850304711323
3.7,16,Highway.car[2],416.105745138353,223.35,0.218972698786312
3.8,0,Highway.car[0],226.65,412.618202926417,1.66461259766806
3.8,11,Highway.car[1],223.35,33.9207715118181,0.277928448583211
3.8,16,Highway.car[2],416.07590144387,223.35,0.298436944826035
3.9,0,Highway.car[0],226.65,412.446433636177,1.71769290239874
3.9,11,Highway.car[1],223.35,33.9534614210085,0.326899091902853
3.9,16,Highway.car[2],416.038239878889,223.35,0.376615649809688
4,0,Highway.car[0],226.65,412.273535624772,1.72898011404414
4,11,Highway.car[1],223.35,33.990167129777,0.367057087685037
4,16,Highway.car[2],415.992905573081,223.35,0.453343058083358
4.1,0,Highway.car[0],226.65,412.095375726546,1.78159898226474
4.1,11,Highway.car[1],223.35,34.034496608968,0.44329479190997
4.1,16,Highway.car[2],415.942374905374,223.35,0.505306677070446
4.2,0,Highway.car[0],226.65,411.912259793776,1.83115932769466
4.2,11,Highway.car[1],223.35,34.0847441321204,0.502475231523945
4.2,16,Highway.car[2],415.888654427798,223.35,0.537204775759805
4.3,0,Highway.car[0],226.65,411.726593346346,1.85666447430242
4.3,11,Highway.car[1],223.35,34.1396507306596,0.549065985392403
4.3,16,Highway.car[2],415.827878511643,223.35,0.607759161545211
4.4,0,Highway.car[0],226.65,411.533686532997,1.92906813348968
4.4,11,Highway.car[1],223.35,34.1981620547007,0.585113240411358
4.4,16,Highway.car[2],415.764241078374,223.35,0.636374332693812
4.4,23,Highway.car[3],33.8579860077858,226.65,0.0798600778579712
4.5,0,Highway.car[0],226.65,411.33727868203,1.96407850967113
4.5,11,Highway.car[1],223.35,34.2627981600644,0.646361053637404
4.5,16,Highway.car[2],415.696185589547,223.35,0.680554888270631
4.5,23,Highway.car[3],33.8732902382973,226.65,0.153042305114643
4.6,0,Highway.car[0],226.65,411.135469956767,2.01808725263316
4.6,11,Highway.car[1],223.35,34.3285978289865,0.657996689220214
4.6,16,Highway.car[2],415.626104636356,223.35,0.700809531912979
4.6,23,Highway.car[3],33.8945167259105,226.65,0.212264876132442
4.7,0,Highway.car[0],226.65,410.929122295749,2.06347661017764
4.7,11,Highway.car[1],223.35,34.4005061558551,0.719083268686088
4.7,16,Highway.car[2],415.55002323316,223.35,0.76081403195886
4.7,23,Highway.car[3],33.9229644116469,226.65,0.284476857363878
4.8,0,Highway.car[0],226.65,410.718095532229,2.11026763520528
4.8,11,Highway.car[1],223.35,34.4788176618197,0.783115059645905
4.8,16,Highway.car[2],415.471896532572,223.35,0.781267005875987
4.8,23,Highway.car[3],33.9583738443481,226.65,0.354094327012562
4.9,0,Highway.car[0],226.65,410.502982034789,2.15113497439165
4.9,11,Highway.car[1],223.35,34.560617324496,0.817996626762732
4.9,16,Highway.car[2],415.390114577226,223.35,0.817819553464932
4.9,23,Highway.car[3],33.9987716311999,226.65,0.403977868517951
5,0,Highway.car[0],226.65,410.285806728883,2.17175305906076
5,11,Highway.car[1],223.35,34.6461805961681,0.855632716720983
5,16,Highway.car[2],415.306265350205,223.35,0.83849227020545
5,23,Highway.car[3],34.0457224385566,226.65,0.46950807356699
5.1,0,Highway.car[0],226.65,410.068377713056,2.17429015827689
5.1,11,Highway.car[1],223.35,34.7379852810292,0.918046848611965
5.1,16,Highway.car[2],415.218802252113,223.35,0.874630980920327
5.1,23,Highway.car[3],34.1000786136531,226.65,0.543561750964967
5.2,0,Highway.car[0],226.65,409.8482119682,2.20165744855393
5.2,11,Highway.car[1],223.35,34.8310503868387,0.930651058094635
5.2,16,Highway.car[2],415.130548319901,223.35,0.882539322115761
5.2,23,Highway.car[3],34.1574959660817,226.65,0.574173524285556
5.3,0,Highway.car[0],226.65,409.623554461305,2.24657506895576
5.3,11,Highway.car[1],223.35,34.9269265262379,0.958761393992289
5.3,16,Highway.car[2],415.036100697438,223.35,0.944476224631352
5.3,23,Highway.car[3],34.2166114586999,226.65,0.591154926181856
5.4,0,Highway.car[0],226.65,409.392507489051,2.31046972253684
5.4,11,Highway.car[1],223.35,35.0303745046941,1.03447978456138
5.4,16,Highway.car[2],414.935108127694,223.35,1.00992569744615
5.4,23,Highway.car[3],34.2815492508951,226.65,0.649377921952629
5.4,1,Highway.car[4],226.65,416.142568791504,0.0743120849635452
5.5,0,Highway.car[0],226.65,409.159928420087,2.3257906896374
5.5,11,Highway.car[1],223.35,35.1368004652447,1.06425960550649
5.5,16,Highway.car[2],414.826829528443,223.35,1.0827859925109
5.5,23,Highway.car[3],34.3515962966182,226.65,0.700470457230129
5.5,1,Highway.car[4],226.65,416.128419890222,0.141489012812773
5.6,0,Highway.car[0],226.65,408.925640570643,2.34287849444289
5.6,11,Highway.car[1],223.35,35.2454413628825,1.08640897637798
5.6,16,Highway.car[2],414.711258547234,223.35,1.15570981208263
5.6,23,Highway.car[3],34.4228945332385,226.65,0.712982366203756
5.6,1,Highway.car[4],226.65,416.107549022554,0.208708676687831
5.7,0,Highway.car[0],226.65,408.686512238276,2.3912833236656
5.7,11,Highway.car[1],223.35,35.3587944652337,1.13353102351172
5.7,16,Highway.car[2],414.59130252304,223.35,1.19956024194164
5.7,23,Highway.car[3],34.4983898808038,226.65,0.754953475653163
5.7,1,Highway.car[4],226.65,416.081266811355,0.262822111986588
5.8,0,Highway.car[0],226.65,408.443468835773,2.43043402503569
5.8,11,Highway.car[1],223.35,35.4751488983759,1.16354433142213
5.8,16,Highway.car[2],414.466958855226,223.35,1.24343667814536
5.8,23,Highway.car[3],34.5783051273448,226.65,0.799152465409569
5.8,1,Highway.car[4],226.65,416.050207626912,0.310591844424174
5.9,0,Highway.car[0],226.65,408.198794709554,2.44674126218397
5.9,11,Highway.car[1],223.35,35.5962829846892,1.21134086313291
5.9,16,Highway.car[2],414.340802263462,223.35,1.26156591763748
5.9,23,Highway.car[3],34.6602440074441,226.65,0.8193888009926
5.9,1,Highway.car[4],226.65,416.014218195339,0.359894315732288
6,0,Highway.car[0],226.65,407.949683603319,2.49111106234927
6,11,Highway.car[1],223.35,35.7181036505168,1.21820665827586
6,16,Highway.car[2],414.213815189633,223.35,1.26987073829426
6,23,Highway.car[3],34.7457970482617,226.65,0.855530408176563
6,1,Highway.car[4],226.65,415.972871750227,0.413464451127256
6.1,0,Highway.car[0],226.65,407.698517032396,2.51166570923615
6.1,11,Highway.car[1],223.35,35.8443230197519,1.26219369235082
6.1,16,Highway.car[2],414.084285033016,223.35,1.2953015661615
6.1,23,Highway.car[3],34.8357343897025,226.65,0.899373414407454
6.1,1,Highway.car[4],226.65,415.925897193352,0.469745568741655
6.2,0,Highway.car[0],226.65,407.439980454049,2.58536578347299
6.2,11,Highway.car[1],223.35,35.9742533639298,1.29930344177975
6.2,16,Highway.car[2],413.951014035703,223.35,1.33270997313811
6.2,23,Highway.car[3],34.9308143551936,226.65,0.950799654911242
6.2,1,Highway.car[4],226.65,415.874789294926,0.511078984263108
6.3,0,Highway.car[0],226.65,407.177345037772,2.62635416276146
6.3,11,Highway.car[1],223.35,36.1103123286392,1.36058964709385
6.3,16,Highway.car[2],413.816640168964,223.35,1.3437386673878
6.3,23,Highway.car[3],35.0286838491235,226.65,0.978694939299456
6.3,1,Highway.car[4],226.65,415.819233618843,0.555556760825944
6.4,0,Highway.car[0],226.65,406.910184730628,2.67160307144139
6.4,11,Highway.car[1],223.35,36.253218082582,1.42905753942771
6.4,16,Highway.car[2],413.681736991479,223.35,1.34903177484898
6.4,23,Highway.car[3],35.1336548468504,226.65,1.04970997726821
6.4,1,Highway.car[4],226.65,415.761930869259,0.573027495848216
6.5,0,Highway.car[0],226.65,406.636992887043,2.73191843585435
6.5,11,Highway.car[1],223.35,36.4030491829272,1.49831100345223
6.5,16,Highway.car[2],413.542464573961,223.35,1.39272417517407
6.5,23,Highway.car[3],35.2396235419771,226.65,1.0596869512675
6.5,1,Highway.car[4],226.65,415.699400654143,0.625302151152326
6.6,0,Highway.car[0],226.65,406.362694169211,2.74298717831586
6.6,11,Highway.car[1],223.35,36.5600332185352,1.56984035607992
6.6,16,Highway.car[2],413.397390683968,223.35,1.45073889993159
6.6,23,Highway.car[3],35.3524570598604,226.65,1.12833517883249
6.6,1,Highway.car[4],226.65,415.632812464849,0.665881892947727
6.7,0,Highway.car[0],226.65,406.080555631876,2.82138537335534
6.7,11,Highway.car[1],223.35,36.724179552003,1.6414633346778
6.7,16,Highway.car[2],413.248872313632,223.35,1.4851837033595
6.7,23,Highway.car[3],35.4674233566713,226.65,1.14966296810933
6.7,1,Highway.car[4],226.65,415.561159780665,0.716526841832828
6.8,0,Highway.car[0],226.65,405.794023708195,2.86531923680891
6.8,11,Highway.car[1],223.35,36.890530920984,1.66351368981047
6.8,16,Highway.car[2],413.099302774404,223.35,1.49569539228482
6.8,23,Highway.car[3],35.5868299808602,226.65,1.19406624188923
6.8,1,Highway.car[4],226.65,415.487204593135,0.739551875299402
6.9,0,Highway.car[0],226.65,405.499871167484,2.94152540711079
6.9,11,Highway.car[1],223.35,37.0610983681701,1.70567447186081
6.9,16,Highway.car[2],412.941775412368,223.35,1.57527362035616
6.9,23,Highway.car[3],35.7116023076223,226.65,1.24772326762133
6.9,1,Highway.car[4],226.65,415.408848206006,0.783563871296682
7,0,Highway.car[0],226.65,405.201700446726,2.9817072075731
7,11,Highway.car[1],223.35,37.2322411969742,1.71142828804074
7,16,Highway.car[2],412.776422285814,223.35,1.65353126553847
7,23,Highway.car[3],35.8385187926249,226.65,1.26916485002541
7,1,Highway.car[4],226.65,415.328092776141,0.807554298645445
7.1,0,Highway.car[0],226.65,404.902399918005,2.99300528721277
7.1,11,Highway.car[1],223.35,37.4104732455123,1.78232048538147
7.1,16,Highway.car[2],412.610065353005,223.35,1.66356932809605
7.1,23,Highway.car[3],35.9673111521133,226.65,1.28792359488361
7.1,1,Highway.car[4],226.65,415.244933533414,0.831592427274772
7.2,0,Highway.car[0],226.65,404.597777914531,3.04622003474597
7.2,11,Highway.car[1],223.35,37.591916155115,1.81442909602641
7.2,16,Highway.car[2],412.44132550018,223.35,1.68739852825208
7.2,23,Highway.car[3],36.1004227017666,226.65,1.33111549653389
7.2,1,Highway.car[4],226.65,415.159397288348,0.855362450654247
7.3,0,Highway.car[0],226.65,404.29236863129,3.0540928324065
7.3,11,Highway.car[1],223.35,37.7790706888557,1.87154533740698
7.3,16,Highway.car[2],412.269208682078,223.35,1.72116818102105
7.3,23,Highway.car[3],36.2375461465662,226.65,1.3712344479961
7.3,1,Highway.car[4],226.65,415.070408729876,0.889885584718176
7.4,0,Highway.car[0],226.65,403.979942448493,3.12426182796572
7.4,11,Highway.car[1],223.35,37.9689789027995,1.89908213943808
7.4,16,Highway.car[2],412.095936429749,223.35,1.73272252328722
7.4,23,Highway.car[3],36.3779276361265,226.65,1.40381489560284
7.4,1,Highway.car[4],226.65,414.975767117685,0.94641612191368
7.5,0,Highway.car[0],226.65,403.660775735666,3.19166712827374
7.5,11,Highway.car[1],223.35,38.1601814232059,1.91202520406438
7.5,16,Highway.car[2],411.922226010072,223.35,1.73710419677226
7.5,23,Highway.car[3],36.5194501073219,226.65,1.41522471195363
7.5,1,Highway.car[4],226.65,414.879716781923,0.960503357617744
7.6,0,Highway.car[0],226.65,403.33990810517,3.20867630496014
7.6,11,Highway.car[1],223.35,38.3559044998369,1.95723076630949
7.6,16,Highway.car[2],411.746938590071,223.35,1.75287420000909
7.6,23,Highway.car[3],36.6662788676667,226.65,1.46828760344812
7.6,1,Highway.car[4],226.65,414.782899308044,0.968174738796988
7.7,0,Highway.car[0],226.65,403.016359987144,3.2354811802632
7.7,11,Highway.car[1],223.35,38.557114989064,2.0121048922707
7.7,16,Highway.car[2],411.570785465066,223.35,1.76153125004871
7.7,23,Highway.car[3],36.8136656503392,226.65,1.47386782672533
7.7,1,Highway.car[4],226.65,414.682884087738,1.00015220305566
7.8,0,Highway.car[0],226.65,402.690573502474,3.25786484669287
7.8,11,Highway.car[1],223.35,38.7642006369418,2.07085647877871
7.8,16,Highway.car[2],411.390799349442,223.35,1.79986115623294
7.8,23,Highway.car[3],36.9654170104803,226.65,1.51751360141017
7.8,1,Highway.car[4],226.65,414.580592379363,1.02291708375011
7.9,0,Highway.car[0],226.65,402.361101060429,3.29472442045201
7.9,11,Highway.car[1],223.35,38.978675274583,2.14474637641205
7.9,16,Highway.car[2],411.208268270642,223.35,1.82531078800587
7.9,23,Highway.car[3],37.1199558574315,226.65,1.54538846951254
7.9,1,Highway.car[4],226.65,414.472826531173,1.07765848190207
8,0,Highway.car[0],226.65,402.027404198066,3.33696862363581
8,11,Highway.car[1],223.35,39.1965179759088,2.17842701325758
8,16,Highway.car[2],411.02564735465,223.35,1.82620915992214
8,23,Highway.car[3],37.2809976821805,226.65,1.61041824749016
8,1,Highway.car[4],226.65,414.357424459964,1.15402071208377
8.1,0,Highway.car[0],226.65,401.692912835725,3.34491362340141
8.1,11,Highway.car[1],223.35,39.4162052611631,2.19687285254343
8.1,16,Highway.car[2],410.842149246034,223.35,1.83498108616127
8.1,23,Highway.car[3],37.4459194015512,226.65,1.64921719370686
8.1,1,Highway.car[4],226.65,414.237131733903,1.2029272606099
8.2,0,Highway.car[0],226.65,401.353417573478,3.39495262247835
8.2,11,Highway.car[1],223.35,39.6436071848071,2.2740192364399
8.2,16,Highway.car[2],410.650820063571,223.35,1.91329182462795
8.2,23,Highway.car[3],37.6155704392389,226.65,1.69651037687712
8.2,1,Highway.car[4],226.65,414.111259561618,1.25872172285486
8.3,0,Highway.car[0],226.65,401.010144602809,3.43272970668365
8.3,11,Highway.car[1],223.35,39.8769453485747,2.33338163767575
8.3,16,Highway.car[2],410.453038573563,223.35,1.97781490007444
8.3,23,Highway.car[3],37.7896023126144,226.65,1.74031873375454
8.3,1,Highway.car[4],226.65,413.981427283304,1.2983227831373
8.4,0,Highway.car[0],226.65,400.664427579547,3.45717023262147
8.4,11,Highway.car[1],223.35,40.1159391520522,2.3899380347748
8.4,16,Highway.car[2],410.251496544685,223.35,2.01542028877912
8.4,23,Highway.car[3],37.9705773696522,226.65,1.80975057037824
8.4,1,Highway.car[4],226.65,413.847936055248,1.33491228055824
8.5,0,Highway.car[0],226.65,400.314115102417,3.50312477129836
8.5,11,Highway.car[1],223.35,40.3554576156811,2.39518463628931
8.5,16,Highway.car[2],410.048374991622,223.35,2.03121553063421
8.5,23,Highway.car[3],38.1542267778272,226.65,1.83649408174955
8.5,1,Highway.car[4],226.65,413.709149562811,1.38786492437739
8.6,0,Highway.car[0],226.65,399.960911238765,3.53203863651816
8.6,11,Highway.car[1],223.35,40.6006020831547,2.45144467473595
8.6,16,Highway.car[2],409.844879490335,223.35,2.0349550128731
8.6,23,Highway.car[3],38.3455793034398,226.65,1.91352525612616
8.6,1,Highway.car[4],226.65,413.562907247751,1.46242315060143
8.7,0,Highway.car[0],226.65,399.604461972552,3.56449266213317
8.7,11,Highway.car[1],223.35,40.8472822332413,2.46680150086625
8.7,16,Highway.car[2],409.633571272712,223.35,2.11308217622368
8.7,23,Highway.car[3],38.5436307937953,226.65,1.98051490355559
8.7,1,Highway.car[4],226.65,413.415564480424,1.47342767326776
8.8,0,Highway.car[0],226.65,399.243646954132,3.60815018420432
8.8,11,Highway.car[1],223.35,41.0993032720629,2.52021038821532
8.8,16,Highway.car[2],409.416889041904,223.35,2.16682230807869
8.8,23,Highway.car[3],38.7490263814877,226.65,2.05395587692314
8.8,1,Highway.car[4],226.65,413.267246167989,1.48318312435094
8.8,17,Highway.car[5],416.142736352052,223.35,0.0726364794801921
8.9,0,Highway.car[0],226.65,398.882158147099,3.61488807033141
8.9,11,Highway.car[1],223.35,41.3566416739901,2.57338401927246
8.9,16,Highway.car[2],409.194028537871,223.35,2.22860504033072
8.9,23,Highway.car[3],38.9594854679042,226.65,2.10459086416566
8.9,1,Highway.car[4],226.65,413.110967985247,1.56278182741869
8.9,17,Highway.car[5],416.128494001462,223.35,0.142423505896088
9,0,Highway.car[0],226.65,398.518621879293,3.63536267805238
9,11,Highway.car[1],223.35,41.619240350933,2.62598676942854
9,16,Highway.car[2],408.964004516076,223.35,2.30024021795048
9,23,Highway.car[3],39.176237034702,226.65,2.16751566797771
9,1,Highway.car[4],226.65,412.949098772572,1.61869212674592
9,17,Highway.car[5],416.107902364262,223.35,0.205916372007579
9.1,0,Highway.car[0],226.65,398.154521497897,3.64100381396104
9.1,11,Highway.car[1],223.35,41.8859082479028,2.66667896969809
9.1,16,Highway.car[2],408.727543678343,223.35,2.36460837733029
9.1,23,Highway.car[3],39.3986011250257,226.65,2.22364090323725
9.1,1,Highway.car[4],226.65,412.783479350384,1.65619422188644
9.1,17,Highway.car[5],416.082072357515,223.35,0.258300067470962
9.2,0,Highway.car[0],226.65,397.789550540382,3.64970957515154
9.2,11,Highway.car[1],223.35,42.1535676210246,2.67659373121901
9.2,16,Highway.car[2],408.490813280411,223.35,2.3673039793226
9.2,23,Highway.car[3],39.6246033812313,226.65,2.26002256205582
9.2,1,Highway.car[4],226.65,412.617552740342,1.65926610042025
9.2,17,Highway.car[5],416.049594965784,223.35,0.324773917300732
9.3,0,Highway.car[0],226.65,397.419142248525,3.70408291857083
9.3,11,Highway.car[1],223.35,42.4274451213283,2.73877500303654
9.3,16,Highway.car[2],408.246390677642,223.35,2.44422602769016
9.3,23,Highway.car[3],39.8584863871766,226.65,2.33883005945288
9.3,1,Highway.car[4],226.65,412.444729034686,1.72823705655206
9.3,17,Highway.car[5],416.010391170203,223.35,0.392037955811299
9.4,0,Highway.car[0],226.65,397.046254167431,3.72888081093643
9.4,11,Highway.car[1],223.35,42.7020010924652,2.74555971136881
9.4,16,Highway.car[2],407.994171841744,223.35,2.52218835897772
9.4,23,Highway.car[3],40.0951288623684,226.65,2.3664247519178
9.4,1,Highway.car[4],226.65,412.27003777785,1.74691256836672
9.4,17,Highway.car[5],415.96550553844,223.35,0.448856317634941
9.5,0,Highway.car[0],226.65,396.665837030921,3.80417136510227
9.5,11,Highway.car[1],223.35,42.9810830783045,2.79081985839276
9.5,16,Highway.car[2],407.740309082314,223.35,2.5386275942999
9.5,23,Highway.car[3],40.3320277856167,226.65,2.36898923248329
9.5,1,Highway.car[4],226.65,412.09317771704,1.76860060809795
9.5,17,Highway.car[5],415.914183390579,223.35,0.513221478611379
9.6,0,Highway.car[0],226.65,396.279034165303,3.86802865618233
9.6,11,Highway.car[1],223.35,43.2616959633481,2.8061288504359
9.6,16,Highway.car[2],407.483971826173,223.35,2.56337256141035
9.6,23,Highway.car[3],40.5722164055175,226.65,2.40188619900771
9.6,1,Highway.car[4],226.65,411.913894445727,1.79283271313329
9.6,17,Highway.car[5],415.858073162762,223.35,0.561102278169176
9.7,0,Highway.car[0],226.65,395.890015793828,3.89018371475254
9.7,11,Highway.car[1],223.35,43.5451536969928,2.83457733644737
9.7,16,Highway.car[2],407.221045035995,223.35,2.6292679017785
9.7,23,Highway.car[3],40.8177317493701,226.65,2.45515343852618
9.7,1,Highway.car[4],226.65,411.730803421988,1.8309102373818
9.7,17,Highway.car[5],415.795841958306,223.35,0.622312044553483
9.8,0,Highway.car[0],226.65,395.49901350172,3.91002292107184
9.8,11,Highway.car[1],223.35,43.8308230508678,2.85669353874965
9.8,16,Highway.car[2],406.952414820565,223.35,2.68630215430661
9.8,23,Highway.car[3],41.0666472245153,226.65,2.48915475145259
9.8,1,Highway.car[4],226.65,411.542823892687,1.8797952930132
9.8,17,Highway.car[5],415.727267242485,223.35,0.685747158216981
9.9,0,Highway.car[0],226.65,395.102374258632,3.96639243088056
9.9,11,Highway.car[1],223.35,44.1167982707626,2.85975219894765
9.9,16,Highway.car[2],406.682147128762,223.35,2.70267691802262
9.9,23,Highway.car[3],41.3179251120909,226.65,2.51277887575605
9.9,1,Highway.car[4],226.65,411.353398264773,1.89425627913941
9.9,17,Highway.car[5],415.65604965935,223.35,0.712175831345638
10,0,Highway.car[0],226.65,394.70540259096,3.96971667672832
10,11,Highway.car[1],223.35,44.4097325177167,2.92934246954142
10,16,Highway.car[2],406.404678827459,223.35,2.77468301303713
10,23,Highway.car[3],41.5745255171417,226.65,2.56600405050718
10,1,Highway.car[4],226.65,411.156576664661,1.96821600111816
10,17,Highway.car[5],415.579579964991,223.35,0.764696943594484
10.1,0,Highway.car[0],226.65,394.300465829477,4.04936761482943
10.1,11,Highway.car[1],223.35,44.7071508268861,2.97418309169455
10.1,16,Highway.car[2],406.127187338279,223.35,2.77491489179461
10.1,23,Highway.car[3],41.8316480652695,226.65,2.57122548127823
10.1,1,Highway.car[4],226.65,410.957030521254,1.99546143407617
10.1,17,Highway.car[5],415.498781182467,223.35,0.807987825239419
10.2,0,Highway.car[0],226.65,393.890327005117,4.10138824359838
10.2,11,Highway.car[1],223.35,45.0092274525337,3.02076625647588
10.2,16,Highway.car[2],405.848378779677,223.35,2.78808558601914
10.2,23,Highway.car[3],42.0937260338504,226.65,2.62077968580925
10.2,1,Highway.car[4],226.65,410.753068934422,2.03961586831752
10.2,17,Highway.car[5],415.414801671116,223.35,0.839795113506137
10.3,0,Highway.car[0],226.65,393.473768039727,4.16558965389941
10.3,11,Highway.car[1],223.35,45.3157910733903,3.06563620856597
10.3,16,Highway.car[2],405.568751968566,223.35,2.79626811111374
10.3,23,Highway.car[3],42.3633134206767,226.65,2.6958738682633
10.3,1,Highway.car[4],226.65,410.541263213895,2.1180572052734
10.3,17,Highway.car[5],415.32370403315,223.35,0.910976379664956
10.4,0,Highway.car[0],226.65,393.052709782395,4.21058257331465
10.4,11,Highway.car[1],223.35,45.6233667119869,3.07575638596533
10.4,16,Highway.car[2],405.284372116034,223.35,2.84379852531506
10.4,23,Highway.car[3],42.6376876819222,226.65,2.74374261245408
10.4,1,Highway.car[4],226.65,410.32765791351,2.13605300384257
10.4,17,Highway.car[5],415.227819694839,223.35,0.958843383102088
10.5,0,Highway.car[0],226.65,392.631088450386,4.21621332009647
10.5,11,Highway.car[1],223.35,45.9338205260954,3.1045381410849
10.5,16,Highway.car[2],404.998864129061,223.35,2.85507986973999
10.5,23,Highway.car[3],42.9189193183386,226.65,2.81231636416444
10.5,1,Highway.car[4],226.65,410.112679573135,2.14978340374921
10.5,17,Highway.car[5],415.12603029442,223.35,1.01789400419441
10.6,0,Highway.car[0],226.65,392.203709082223,4.27379368163038
10.6,11,Highway.car[1],223.35,46.2489298719846,3.15109345889284
10.6,16,Highway.car[2],404.711530775405,223.35,2.87333353655441
10.6,23,Highway.car[3],43.202716356108,226.65,2.83797037769386
10.6,1,Highway.car[4],226.65,409.895801674786,2.1687789834911
10.6,17,Highway.car[5],415.021029833557,223.35,1.05000460863334
10.7,0,Highway.car[0],226.65,391.771752785235,4.31956296987225
10.7,11,Highway.car[1],223.35,46.5647344210757,3.15804549091129
10.7,16,Highway.car[2],404.422525288667,223.35,2.89005486737965
10.7,23,Highway.car[3],43.4901641399453,226.65,2.87447783837372
10.7,1,Highway.car[4],226.65,409.677333446585,2.18468228201066
10.7,17,Highway.car[5],414.915310581916,223.35,1.05719251640361
10.8,0,Highway.car[0],226.65,391.335517807981,4.36234977254037
10.8,11,Highway.car[1],223.35,46.8866309377552,3.2189651667942
10.8,16,Highway.car[2],404.127499093223,223.35,2.95026195444195
10.8,23,Highway.car[3],43.7844425124141,226.65,2.94278372468703
10.8,1,Highway.car[4],226.65,409.453370412832,2.23963033753131
10.8,17,Highway.car[5],414.803039969071,223.35,1.12270612845418
10.9,0,Highway.car[0],226.65,390.898123821263,4.37393986718122
10.9,11,Highway.car[1],223.35,47.2120789726886,3.25448034933402
10.9,16,Highway.car[2],403.832387128528,223.35,2.95111964695184
10.9,23,Highway.car[3],44.0862577083808,226.65,3.01815195966789
10.9,1,Highway.car[4],226.65,409.225846582464,2.27523830367867
10.9,17,Highway.car[5],414.690660978441,223.35,1.12378990629908
10.9,2,Highway.car[6],226.65,416.142787509472,0.0721249052826315
11,0,Highway.car[0],226.65,390.45591782932,4.42205991943691
11,11,Highway.car[1],223.35,47.5416243769575,3.29545404268994
11,16,Highway.car[2],403.534821352098,223.35,2.97565776430099
11,23,Highway.car[3],44.3897626306351,226.65,3.03504922254288
11,1,Highway.car[4],226.65,408.994144572601,2.31702009862904
11,17,Highway.car[5],414.575780102814,223.35,1.14880875626799
11,2,Highway.car[6],226.65,416.128143371006,0.146441384655597
11.1,0,Highway.car[0],226.65,390.010005472295,4.45912357024242
11.1,11,Highway.car[1],223.35,47.874886172328,3.33261795370473
11.1,16,Highway.car[2],403.234663981473,223.35,3.00157370625092
11.1,23,Highway.car[3],44.6959696983728,226.65,3.06207067737633
11.1,1,Highway.car[4],226.65,408.756515438251,2.3762913435014
11.1,17,Highway.car[5],414.457364122089,223.35,1.18415980724838
11.1,2,Highway.car[6],226.65,416.107270467421,0.208729035847601
11.2,0,Highway.car[0],226.65,389.563094367805,4.46911104490374
11.2,11,Highway.car[1],223.35,48.2094217863646,3.34535614036589
11.2,16,Highway.car[2],402.932585310786,223.35,3.02078670686139
11.2,23,Highway.car[3],45.0098773496876,226.65,3.13907651314789
11.2,1,Highway.car[4],226.65,408.517404906056,2.39110532194991
11.2,17,Highway.car[5],414.338482747929,223.35,1.18881374160048
11.2,2,Highway.car[6],226.65,416.078480316782,0.287901506396171
11.3,0,Highway.car[0],226.65,389.109348504407,4.5374586339793
11.3,11,Highway.car[1],223.35,48.5484113251149,3.38989538750245
11.3,16,Highway.car[2],402.622782813794,223.35,3.0980249699208
11.3,23,Highway.car[3],45.3288119679262,226.65,3.18934618238636
11.3,1,Highway.car[4],226.65,408.27248570123,2.4491920482615
11.3,17,Highway.car[5],414.216968380039,223.35,1.21514367889833
11.3,2,Highway.car[6],226.65,416.042952913244,0.355274035378441
11.4,0,Highway.car[0],226.65,388.651470487565,4.57878016841922
11.4,11,Highway.car[1],223.35,48.8901188670692,3.41707541954337
11.4,16,Highway.car[2],402.310329137449,223.35,3.12453676344855
11.4,23,Highway.car[3],45.6508375430856,226.65,3.22025575159394
11.4,1,Highway.car[4],226.65,408.025131455611,2.47354245618601
11.4,17,Highway.car[5],414.092291470745,223.35,1.246769092942
11.4,2,Highway.car[6],226.65,416.003518368659,0.394345445852569
11.5,0,Highway.car[0],226.65,388.187098225738,4.64372261827205
11.5,11,Highway.car[1],223.35,49.2387133717,3.48594504630758
11.5,16,Highway.car[2],401.995007903214,223.35,3.15321234235568
11.5,23,Highway.car[3],45.9773416262797,226.65,3.26504083194115
11.5,1,Highway.car[4],226.65,407.773117223678,2.52014231933896
11.5,17,Highway.car[5],413.962856150608,223.35,1.29435320137289
11.5,2,Highway.car[6],226.65,415.958244110354,0.452742583049126
11.6,0,Highway.car[0],226.65,387.717744204746,4.69354020991687
11.6,11,Highway.car[1],223.35,49.5905555641716,3.51842192471592
11.6,16,Highway.car[2],401.675389701701,223.35,3.19618201512872
11.6,23,Highway.car[3],46.3106291668201,226.65,3.33287540540376
11.6,1,Highway.car[4],226.65,407.520866376354,2.52250847323481
11.6,17,Highway.car[5],413.829724009208,223.35,1.33132141400349
11.6,2,Highway.car[6],226.65,415.909671334718,0.485727756355289
11.7,0,Highway.car[0],226.65,387.248344950062,4.69399254684661
11.7,11,Highway.car[1],223.35,49.942914722282,3.52359158110439
11.7,16,Highway.car[2],401.355570380778,223.35,3.19819320922746
11.7,23,Highway.car[3],46.651656793888,226.65,3.41027627067917
11.7,1,Highway.car[4],226.65,407.266310296314,2.54556080040206
11.7,17,Highway.car[5],413.696334043463,223.35,1.3338996574491
11.7,2,Highway.car[6],226.65,415.857344393292,0.52326941425941
11.8,0,Highway.car[0],226.65,386.774346523636,4.73998426425595
11.8,11,Highway.car[1],223.35,50.2996947640778,3.56780041795789
11.8,16,Highway.car[2],401.035268681915,223.35,3.20301698863535
11.8,23,Highway.car[3],46.9945094045844,226.65,3.42852610696384
11.8,1,Highway.car[4],226.65,407.007852527443,2.58457768871133
11.8,17,Highway.car[5],413.555381921082,223.35,1.40952122381178
11.8,2,Highway.car[6],226.65,415.799456673016,0.578877202758242
11.9,0,Highway.car[0],226.65,386.296466275902,4.7788024773388
11.9,11,Highway.car[1],223.35,50.6593721777357,3.59677413657873
11.9,16,Highway.car[2],400.709057418849,223.35,3.26211263066186
11.9,23,Highway.car[3],47.3376317077203,226.65,3.4312230313597
11.9,1,Highway.car[4],226.65,406.746908980137,2.60943547305335
11.9,17,Highway.car[5],413.413729310466,223.35,1.41652610615116
11.9,2,Highway.car[6],226.65,415.734024712157,0.654319608593369
12,0,Highway.car[0],226.65,385.814433407489,4.82032868412648
12,11,Highway.car[1],223.35,51.0256753196878,3.66303141952126
12,16,Highway.car[2],400.374921440725,223.35,3.34135978123202
12,23,Highway.car[3],47.6866490585247,226.65,3.49017350804337
12,1,Highway.car[4],226.65,406.485734891743,2.61174088394884
12,17,Highway.car[5],413.270853360547,223.35,1.42875949919444
12,2,Highway.car[6],226.65,415.663616078035,0.704086341217662
12.1,0,Highway.car[0],226.65,385.332039102317,4.82394305172701
12.1,11,Highway.car[1],223.35,51.3923788134101,3.66703493722348
12.1,16,Highway.car[2],400.03987406811,223.35,3.35047372614993
12.1,23,Highway.car[3],48.0378100962792,226.65,3.51161037754544
12.1,1,Highway.car[4],226.65,406.222606431739,2.63128460003678
12.1,17,Highway.car[5],413.127601417109,223.35,1.43251943437603
12.1,2,Highway.car[6],226.65,415.591323445227,0.722926328082755
12.2,0,Highway.car[0],226.65,384.844759328797,4.87279773519699
12.2,11,Highway.car[1],223.35,51.7610096683768,3.68630854966684
12.2,16,Highway.car[2],399.703708850817,223.35,3.36165217293455
12.2,23,Highway.car[3],48.3907953801982,226.65,3.52985283918956
12.2,1,Highway.car[4],226.65,405.958265928843,2.6434050289603
12.2,17,Highway.car[5],412.976370112268,223.35,1.51231304841337
12.2,2,Highway.car[6],226.65,415.511576487549,0.797469576777145
12.3,0,Highway.car[0],226.65,384.352674480902,4.92084847894822
12.3,11,Highway.car[1],223.35,52.1340149653155,3.73005296938686
12.3,16,Highway.car[2],399.3674785879,223.35,3.36230262916564
12.3,23,Highway.car[3],48.7509053245178,226.65,3.60109944319629
12.3,1,Highway.car[4],226.65,405.68939350101,2.6887242783295
12.3,17,Highway.car[5],412.824481337403,223.35,1.51888774864596
12.3,2,Highway.car[6],226.65,415.43020492074,0.813715668090806
12.4,0,Highway.car[0],226.65,383.856316360718,4.96358120183785
12.4,11,Highway.car[1],223.35,52.5094025304241,3.75387565108581
12.4,16,Highway.car[2],399.028550441678,223.35,3.38928146222635
12.4,23,Highway.car[3],49.1167156500363,226.65,3.65810325518527
12.4,1,Highway.car[4],226.65,405.412662438908,2.76731062101815
12.4,17,Highway.car[5],412.671182514598,223.35,1.53298822805506
12.4,2,Highway.car[6],226.65,415.341453058904,0.88751861836128
12.5,0,Highway.car[0],226.65,383.353297790605,5.0301857011332
12.5,11,Highway.car[1],223.35,52.8896764167719,3.80273886347755
12.5,16,Highway.car[2],398.687069604251,223.35,3.41480837427108
12.5,23,Highway.car[3],49.4896052276079,226.65,3.72889577571579
12.5,1,Highway.car[4],226.65,405.130967641133,2.81694797775392
12.5,17,Highway.car[5],412.514295978253,223.35,1.56886536345106
12.5,2,Highway.car[6],226.65,415.246305777308,0.951472815958038
12.6,0,Highway.car[0],226.65,382.844707516745,5.08590273860235
12.6,11,Highway.car[1],223.35,53.2721967339804,3.82520317208587
12.6,16,Highway.car[2],398.343779612978,223.35,3.43289991272642
12.6,23,Highway.car[3],49.8652813702188,226.65,3.75676142610886
12.6,1,Highway.car[4],226.65,404.843198911214,2.8776872991832
12.6,17,Highway.car[5],412.355304872543,223.35,1.58991105709446
12.6,2,Highway.car[6],226.65,415.145495911208,1.00809866099916
12.7,0,Highway.car[0],226.65,382.328733802748,5.15973713997145
12.7,11,Highway.car[1],223.35,53.6577979724348,3.85601238454326
12.7,16,Highway.car[2],397.998342729867,223.35,3.45436883110582
12.7,23,Highway.car[3],50.2412528895012,226.65,3.75971519282364
12.7,1,Highway.car[4],226.65,404.549650167005,2.93548744209726
12.7,17,Highway.car[5],412.195804088632,223.35,1.59500783911195
12.7,2,Highway.car[6],226.65,415.042540718122,1.02955193086825
12.8,0,Highway.car[0],226.65,381.805025870617,5.23707932130758
12.8,11,Highway.car[1],223.35,54.0443173559385,3.86519383503689
12.8,16,Highway.car[2],397.65088105438,223.35,3.47461675487487
12.8,23,Highway.car[3],50.61761969805,226.65,3.76366808548846
12.8,1,Highway.car[4],226.65,404.248926670265,3.00723496739436
12.8,17,Highway.car[5],412.030303515444,223.35,1.65500573188287
12.8,2,Highway.car[6],226.65,414.937296525697,1.05244192424528
12.9,0,Highway.car[0],226.65,381.2766352685,5.28390602116798
12.9,11,Highway.car[1],223.35,54.4334615503632,3.89144194424718
12.9,16,Highway.car[2],397.298838490265,223.35,3.52042564114584
12.9,23,Highway.car[3],51.0005507833295,226.65,3.82931085279488
12.9,1,Highway.car[4],226.65,403.942821472557,3.06105197707806
12.9,17,Highway.car[5],411.864653787566,223.35,1.6564972787745
12.9,2,Highway.car[6],226.65,414.825821817744,1.11474707952999
13,0,Highway.car[0],226.65,380.743298637234,5.33336631265794
13,11,Highway.car[1],223.35,54.8260414469535,3.92579896590306
13,16,Highway.car[2],396.940669621623,223.35,3.58168868642329
13,23,Highway.car[3],51.3841340738452,226.65,3.83583290515744
13,1,Highway.car[4],226.65,403.636235654203,3.06585818354656
13,17,Highway.car[5],411.695467596492,223.35,1.69186191074771
13,2,Highway.car[6],226.65,414.706848119881,1.18973697862886
13.1,0,Highway.car[0],226.65,380.20600888957,5.37289747664098
13.1,11,Highway.car[1],223.35,55.2205133580156,3.9447191106212
13.1,16,Highway.car[2],396.574823436591,223.35,3.65846185032307
13.1,23,Highway.car[3],51.7719403990539,226.65,3.87806325208673
13.1,1,Highway.car[4],226.65,403.322980824563,3.13254829640184
13.1,17,Highway.car[5],411.522179051835,223.35,1.73288544656929
13.1,2,Highway.car[6],226.65,414.584744866037,1.22103253844492
13.2,0,Highway.car[0],226.65,379.664128033167,5.41880856403474
13.2,11,Highway.car[1],223.35,55.6193233930437,3.98810035028129
13.2,16,Highway.car[2],396.206332663179,223.35,3.68490773411496
13.2,23,Highway.car[3],52.1664284572226,226.65,3.94488058168718
13.2,1,Highway.car[4],226.65,403.00639502793,3.16585796632488
13.2,17,Highway.car[5],411.345694576075,223.35,1.7648447576001
13.2,2,Highway.car[6],226.65,414.457774953765,1.26969912271313
13.3,0,Highway.car[0],226.65,379.118197641878,5.45930391288687
13.3,11,Highway.car[1],223.35,56.0236506171163,4.04327224072634
13.3,16,Highway.car[2],395.830646954822,223.35,3.7568570835705
13.3,23,Highway.car[3],52.5616641855631,226.65,3.952357283405
13.3,1,Highway.car[4],226.65,402.685395110461,3.20999917468671
13.3,17,Highway.car[5],411.166031508534,223.35,1.79663067540374
13.3,2,Highway.car[6],226.65,414.324139552146,1.33635401618965
13.4,0,Highway.car[0],226.65,378.566597867928,5.51599773950268
13.4,11,Highway.car[1],223.35,56.430458107056,4.06807489939599
13.4,16,Highway.car[2],395.449332278766,223.35,3.81314676055713
13.4,23,Highway.car[3],52.962197564198,226.65,4.00533378634879
13.4,1,Highway.car[4],226.65,402.362785758042,3.22609352419768
13.4,17,Highway.car[5],410.983223280501,223.35,1.82808228032884
13.4,2,Highway.car[6],226.65,414.1854367716,1.38702780545987
13.5,0,Highway.car[0],226.65,378.013457934123,5.53139933805306
13.5,11,Highway.car[1],223.35,56.8429127080464,4.12454600990384
13.5,16,Highway.car[2],395.060337330729,223.35,3.88994948036997
13.5,23,Highway.car[3],53.3678335218529,226.65,4.05635957654842
13.5,1,Highway.car[4],226.65,402.036326233821,3.26459524220471
13.5,17,Highway.car[5],410.800169416516,223.35,1.83053863985685
13.5,2,Highway.car[6],226.65,414.043979824386,1.41456947214268
13.6,0,Highway.car[0],226.65,377.45785957397,5.55598360152309
13.6,11,Highway.car[1],223.35,57.2555773922047,4.12664684158384
13.6,16,Highway.car[2],394.671229821079,223.35,3.89107509650319
13.6,23,Highway.car[3],53.7807489437581,226.65,4.12915421905273
13.6,1,Highway.car[4],226.65,401.70289428563,3.3343194819117
13.6,17,Highway.car[5],410.6140748329,223.35,1.86094583615881
13.6,2,Highway.car[6],226.65,413.896383598879,1.47596225506924
13.7,0,Highway.car[0],226.65,376.898864836264,5.58994737706472
13.7,11,Highway.car[1],223.35,57.6746389683501,4.19061576145335
13.7,16,Highway.car[2],394.278446205879,223.35,3.92783615199878
13.7,23,Highway.car[3],54.1974421085224,226.65,4.16693164764249
13.7,1,Highway.car[4],226.65,401.366834007081,3.36060278548543
13.7,17,Highway.car[5],410.42272569676,223.35,1.91349136140418
13.7,2,Highway.car[6],226.65,413.743041827503,1.53341771376617
13.8,0,Highway.car[0],226.65,376.334449271357,5.64415564907108
13.8,11,Highway.car[1],223.35,58.0982515004969,4.2361253214684
13.8,16,Highway.car[2],393.879732868905,223.35,3.98713336974411
13.8,23,Highway.car[3],54.616592566676,226.65,4.19150458153614
13.8,1,Highway.car[4],226.65,401.024856122786,3.4197788429508
13.8,17,Highway.car[5],410.224861582655,223.35,1.97864114104059
13.8,2,Highway.car[6],226.65,413.589345501639,1.5369632586401
13.9,0,Highway.car[0],226.65,375.766928795342,5.67520476014678
13.9,11,Highway.car[1],223.35,58.527586212403,4.29334711906134
13.9,16,Highway.car[2],393.480591056748,223.35,3.99141812156914
13.9,23,Highway.car[3],55.0372701223938,226.65,4.20677555717805
13.9,1,Highway.car[4],226.65,400.677898115761,3.46958007025216
13.9,17,Highway.car[5],410.026012709025,223.35,1.98848873630387
13.9,2,Highway.car[6],226.65,413.432644997916,1.56700503723063
14,0,Highway.car[0],226.65,375.195279469992,5.71649325349693
14,11,Highway.car[1],223.35,58.9598137898552,4.32227577452181
14,16,Highway.car[2],393.081446601488,223.35,3.99144455259694
14,23,Highway.car[3],55.4605083605462,226.65,4.23238238152393
14,1,Highway.car[4],226.65,400.325954361743,3.51943754017968
14,17,Highway.car[5],409.825562926065,223.35,2.00449782960338
14,2,Highway.car[6],226.65,413.273294601449,1.5935039646674
14.1,0,Highway.car[0],226.65,374.618969231199,5.76310238792886
14.1,11,Highway.car[1],223.35,59.3944452226405,4.34631432785286
14.1,16,Highway.car[2],392.677493054254,223.35,4.03953547233744
14.1,23,Highway.car[3],55.890260765525,226.65,4.29752404978776
14.1,1,Highway.car[4],226.65,399.969722489394,3.5623187234873
14.1,17,Highway.car[5],409.61839958867,223.35,2.07163337394816
14.1,2,Highway.car[6],226.65,413.108962513705,1.64332087743394
14.2,0,Highway.car[0],226.65,374.040287007096,5.78682224103574
14.2,11,Highway.car[1],223.35,59.8295624002932,4.3511717765276
14.2,16,Highway.car[2],392.267052962739,223.35,4.10440091514988
14.2,23,Highway.car[3],56.3207398451573,226.65,4.30479079632365
14.2,1,Highway.car[4],226.65,399.606917750988,3.62804738406707
14.2,17,Highway.car[5],409.409157449962,223.35,2.09242138708231
14.2,2,Highway.car[6],226.65,412.938058229188,1.70904284517579
14.3,0,Highway.car[0],226.65,373.453888161092,5.86398846003552
14.3,11,Highway.car[1],223.35,60.2652962509406,4.35733850647329
14.3,16,Highway.car[2],391.852061070752,223.35,4.1499189198765
14.3,23,Highway.car[3],56.7546576657696,226.65,4.33917820612245
14.3,1,Highway.car[4],226.65,399.23981405419,3.67103696797658
14.3,17,Highway.car[5],409.197820285386,223.35,2.11337164575455
14.3,2,Highway.car[6],226.65,412.762742911817,1.75315317371227
14.4,0,Highway.car[0],226.65,372.863003038324,5.90885122767974
14.4,11,Highway.car[1],223.35,60.7078454244434,4.42549173502817
14.4,16,Highway.car[2],391.431835667473,223.35,4.20225403279095
14.4,23,Highway.car[3],57.1941268786595,226.65,4.39469212889948
14.4,1,Highway.car[4],226.65,398.871312846462,3.68501207728554
14.4,17,Highway.car[5],408.979312146595,223.35,2.18508138790947
14.4,2,Highway.car[6],226.65,412.586697813164,1.7604509865243
14.5,0,Highway.car[0],226.65,372.266896973728,5.96106064596538
14.5,11,Highway.car[1],223.35,61.1556664353651,4.47821010921716
14.5,16,Highway.car[2],391.005134470895,223.35,4.26701196577428
14.5,23,Highway.car[3],57.6348960725568,226.65,4.407691938973
14.5,1,Highway.car[4],226.65,398.49684170036,3.74471146101747
14.5,17,Highway.car[5],408.754035381599,223.35,2.2527676499657
14.5,2,Highway.car[6],226.65,412.403771776833,1.82926036331169
14.6,0,Highway.car[0],226.65,371.667415332425,5.99481641303141
14.6,11,Highway.car[1],223.35,61.6061258901126,4.50459454747482
14.6,16,Highway.car[2],390.572784244448,223.35,4.32350226447015
14.6,23,Highway.car[3],58.0822084064483,226.65,4.47312333891445
14.6,1,Highway.car[4],226.65,398.117110198877,3.79731501483043
14.6,17,Highway.car[5],408.520912227288,223.35,2.3312315431073
14.6,2,Highway.car[6],226.65,412.216912827014,1.86858949818947
14.7,0,Highway.car[0],226.65,371.067666559625,5.99748772799362
14.7,11,Highway.car[1],223.35,62.0589824574736,4.52856567361026
14.7,16,Highway.car[2],390.137331932405,223.35,4.35452312042965
14.7,23,Highway.car[3],58.5320531582499,226.65,4.49844751801619
14.7,1,Highway.car[4],226.65,397.731652140716,3.85458058160414
14.7,17,Highway.car[5],408.28365159077,223.35,2.37260636517999
14.7,2,Highway.car[6],226.65,412.02392818748,1.92984639534094
14.8,0,Highway.car[0],226.65,370.464139338382,6.03527221243222
14.8,11,Highway.car[1],223.35,62.5165257325716,4.5754327509795
14.8,16,Highway.car[2],389.698740095446,223.35,4.38591836959152
14.8,23,Highway.car[3],58.9896196876024,226.65,4.57566529352495
14.8,1,Highway.car[4],226.65,397.341390993055,3.9026114766175
14.8,17,Highway.car[5],408.043260322226,223.35,2.4039126854412
14.8,2,Highway.car[6],226.65,411.830589366319,1.93338821160905
14.9,0,Highway.car[0],226.65,369.860264442132,6.03874896250059
14.9,11,Highway.car[1],223.35,62.9769458043677,4.60420071796148
14.9,16,Highway.car[2],389.25563298443,223.35,4.43107111016317
14.9,23,Highway.car[3],59.4507287986044,226.65,4.61109111001992
14.9,1,Highway.car[4],226.65,396.94515680837,3.96234184684847
14.9,17,Highway.car[5],407.800379342568,223.35,2.42880979657394
14.9,2,Highway.car[6],226.65,411.63459405074,1.95995315579064
15,0,Highway.car[0],226.65,369.255614043318,6.04650398814444
15,11,Highway.car[1],223.35,63.4387812401257,4.61835435757979
15,16,Highway.car[2],388.806070291823,223.35,4.4956269260685
15,23,Highway.car[3],59.9168763171966,226.65,4.66147518592232
15,1,Highway.car[4],226.65,396.544190633096,4.00966175273676
15,17,Highway.car[5],407.550258061021,223.35,2.50121281547693
15,2,Highway.car[6],226.65,411.435274237409,1.99319813330956
15.1,0,Highway.car[0],226.65,368.648503410953,6.07110632364963
15.1,11,Highway.car[1],223.35,63.9082733127774,4.69492072651728
15.1,16,Highway.car[2],388.355544888038,223.35,4.50525403784617
15.1,23,Highway.car[3],60.3870878727617,226.65,4.70211555565053
15.1,1,Highway.car[4],226.65,396.137594424277,4.06596208818872
15.1,17,Highway.car[5],407.29947887265,223.35,2.50779188370553
15.1,2,Highway.car[6],226.65,411.233617238591,2.01656998818107
15.2,0,Highway.car[0],226.65,368.038207601187,6.10295809765671
15.2,11,Highway.car[1],223.35,64.3835714907728,4.75298177995353
15.2,16,Highway.car[2],387.899334616406,223.35,4.56210271632327
15.2,23,Highway.car[3],60.8575966493093,226.65,4.70508776547664
15.2,1,Highway.car[4],226.65,395.724661641066,4.12932783211266
15.2,17,Highway.car[5],407.040863432376,223.35,2.58615440273878
15.2,2,Highway.car[6],226.65,411.029897525954,2.03719712636732
15.3,0,Highway.car[0],226.65,367.422021887151,6.1618571403562
15.3,11,Highway.car[1],223.35,64.8609407368688,4.77369246095984
15.3,16,Highway.car[2],387.44167295317,223.35,4.57661663236125
15.3,23,Highway.car[3],61.3296249684654,226.65,4.72028319156074
15.3,1,Highway.car[4],226.65,395.30581388152,4.18847759545465
15.3,17,Highway.car[5],406.778654190302,223.35,2.6220924207404
15.3,2,Highway.car[6],226.65,410.824730513576,2.0516701237794
15.4,0,Highway.car[0],226.65,366.800609679444,6.21412207707156
15.4,11,Highway.car[1],223.35,65.3433128889538,4.8237215208505
15.4,16,Highway.car[2],386.983074607521,223.35,4.58598345648526
15.4,23,Highway.car[3],61.805019324899,226.65,4.75394356433579
15.4,1,Highway.car[4],226.65,394.880450298233,4.2536358328784
15.4,17,Highway.car[5],406.510966715193,223.35,2.67687475109694
15.4,2,Highway.car[6],226.65,410.615381309821,2.09349203755446
15.5,0,Highway.car[0],226.65,366.177207615701,6.23402063743536
15.5,11,Highway.car[1],223.35,65.8335220314121,4.90209142458259
15.5,16,Highway.car[2],386.518162007507,223.35,4.64912600014387
15.5,23,Highway.car[3],62.2843371552998,226.65,4.79317830400818
15.5,1,Highway.car[4],226.65,394.45243207617,4.28018222062533
15.5,17,Highway.car[5],406.238851541117,223.35,2.72115174075809
15.5,2,Highway.car[6],226.65,410.398864282296,2.16517027524598
15.6,0,Highway.car[0],226.65,365.548055914899,6.29151700801541
15.6,11,Highway.car[1],223.35,66.3267853143934,4.93263282981335
15.6,16,Highway.car[2],386.052369753702,223.35,4.65792253805353
15.6,23,Highway.car[3],62.7645385029007,226.65,4.80201347600946
15.6,1,Highway.car[4],226.65,394.022653874774,4.29778201396261
15.6,17,Highway.car[5],405.963149271646,223.35,2.7570226947054
15.6,2,Highway.car[6],226.65,410.179979265403,2.18885016893335
15.7,0,Highway.car[0],226.65,364.913723633143,6.3433228175654
15.7,11,Highway.car[1],223.35,66.8215536574272,4.94768343033834
15.7,16,Highway.car[2],385.582762419933,223.35,4.69607333768188
15.7,23,Highway.car[3],63.2524086873076,226.65,4.87870184406915
15.7,1,Highway.car[4],226.65,393.591958580902,4.30695293872301
15.7,17,Highway.car[5],405.687112721385,223.35,2.76036550261301
15.7,2,Highway.car[6],226.65,409.960090683617,2.19888581785672
15.8,0,Highway.car[0],226.65,364.274138474592,6.39585158550505
15.8,11,Highway.car[1],223.35,67.3187175738573,4.9716391643007
15.8,16,Highway.car[2],385.105509813856,223.35,4.77252606077148
15.8,23,Highway.car[3],63.7441372731025,226.65,4.91728585794845
15.8,1,Highway.car[4],226.65,393.157955614538,4.34002966363598
15.8,17,Highway.car[5],405.403576465664,223.35,2.83536255721224
15.8,2,Highway.car[6],226.65,409.739012581674,2.21078101943545
15.9,0,Highway.car[0],226.65,363.627146265175,6.46992209417139
15.9,11,Highway.car[1],223.35,67.8216172761442,5.02899702286913
15.9,16,Highway.car[2],384.624774267998,223.35,4.8073554585877
15.9,23,Highway.car[3],64.2379006539972,226.65,4.93763380894714
15.9,1,Highway.car[4],226.65,392.720031575933,4.37924038604517
15.9,17,Highway.car[5],405.113043579708,223.35,2.90532885955867
15.9,2,Highway.car[6],226.65,409.513788791118,2.25223790555559
16,0,Highway.car[0],226.65,362.976507871053,6.50638394122337
16,11,Highway.car[1],223.35,68.3257600164205,5.04142740276276
16,16,Highway.car[2],384.142231749304,223.35,4.82542518693982
16,23,Highway.car[3],64.7338392275461,226.65,4.95938573548847
16,1,Highway.car[4],226.65,392.278265011314,4.41766564619412
16,17,Highway.car[5],404.81792573537,223.35,2.95117844337818
16,2,Highway.car[6],226.65,409.287026762028,2.26762029090263
16,3,Highway.car[7],226.65,416.142175615567,0.0782438443265855
16.1,0,Highway.car[0],226.65,362.32245609644,6.54051774612953
16.1,11,Highway.car[1],223.35,68.8344034644163,5.08643447995751
16.1,16,Highway.car[2],383.655004663708,223.35,4.87227085595979
16.1,23,Highway.car[3],65.2343857989948,226.65,5.00546571448722
16.1,1,Highway.car[4],226.65,391.829004605704,4.4926040561
16.1,17,Highway.car[5],404.515833265938,223.35,3.02092469431681
16.1,2,Highway.car[6],226.65,409.053974942844,2.33051819184162
16.1,3,Highway.car[7],226.65,416.127051195523,0.151244200446251
16.2,0,Highway.car[0],226.65,361.660405478043,6.62050618396466
16.2,11,Highway.car[1],223.35,69.3475302339967,5.13126769580512
16.2,16,Highway.car[2],383.161009664422,223.35,4.93994999285816
16.2,23,Highway.car[3],65.739870059556,226.65,5.05484260561222
16.2,1,Highway.car[4],226.65,391.37299391521,4.56010690494125
16.2,17,Highway.car[5],404.207649812714,223.35,3.0818345322482
16.2,2,Highway.car[6],226.65,408.81861924866,2.35355694183447
16.2,3,Highway.car[7],226.65,416.105602254638,0.214489408850079
16.3,0,Highway.car[0],226.65,360.991187991698,6.69217486345534
16.3,11,Highway.car[1],223.35,69.8612164739868,5.1368623999004
16.3,16,Highway.car[2],382.659490762565,223.35,5.01518901856645
16.3,23,Highway.car[3],66.2521631624111,226.65,5.1229310285514
16.3,1,Highway.car[4],226.65,390.916942840714,4.56051074496155
16.3,17,Highway.car[5],403.894713560537,223.35,3.12936252176982
16.3,2,Highway.car[6],226.65,408.57972334829,2.3889590036992
16.3,3,Highway.car[7],226.65,416.077802627495,0.277996271432121
16.4,0,Highway.car[0],226.65,360.321631398943,6.69556592754413
16.4,11,Highway.car[1],223.35,70.3753634008523,5.14146926865547
16.4,16,Highway.car[2],382.154550440198,223.35,5.04940322367503
16.4,23,Highway.car[3],66.7645222225145,226.65,5.12359060103351
16.4,1,Highway.car[4],226.65,390.460319092556,4.56623748157789
16.4,17,Highway.car[5],403.575648634178,223.35,3.19064926358161
16.4,2,Highway.car[6],226.65,408.335833762671,2.43889585619159
16.4,3,Highway.car[7],226.65,416.044231831631,0.335707958633221
16.5,0,Highway.car[0],226.65,359.648168269777,6.73463129165907
16.5,11,Highway.car[1],223.35,70.8931761434699,5.17812742617546
16.5,16,Highway.car[2],381.645995003814,223.35,5.08555436383962
16.5,23,Highway.car[3],67.2779080665852,226.65,5.13385844070741
16.5,1,Highway.car[4],226.65,389.998900688226,4.61418404330184
16.5,17,Highway.car[5],403.251759229602,223.35,3.23889404576493
16.5,2,Highway.car[6],226.65,408.087644409923,2.48189352748282
16.5,3,Highway.car[7],226.65,416.004256980031,0.399748516005918
16.6,0,Highway.car[0],226.65,358.974353023865,6.73815245912735
16.6,11,Highway.car[1],223.35,71.4127005285632,5.19524385093345
16.6,16,Highway.car[2],381.136339131796,223.35,5.09655872017174
16.6,23,Highway.car[3],67.7961528248171,226.65,5.18244758231842
16.6,1,Highway.car[4],226.65,389.536566333377,4.62334354848285
16.6,17,Highway.car[5],402.925902789799,223.35,3.25856439803016
16.6,2,Highway.car[6],226.65,407.834233691274,2.53410718648993
16.6,3,Highway.car[7],226.65,415.957676424839,0.465805551913994
16.7,0,Highway.car[0],226.65,358.293606260157,6.80746763707464
16.7,11,Highway.car[1],223.35,71.9330026643405,5.20302135777294
16.7,16,Highway.car[2],380.623663532138,223.35,5.1267559965889
16.7,23,Highway.car[3],68.3155666263198,226.65,5.19413801502713
16.7,1,Highway.car[4],226.65,389.066368927137,4.70197406240423
16.7,17,Highway.car[5],402.597579297441,223.35,3.28323492357728
16.7,2,Highway.car[6],226.65,407.580691048035,2.53542643239089
16.7,3,Highway.car[7],226.65,415.906545765356,0.511306594836655
16.8,0,Highway.car[0],226.65,357.605156618667,6.88449641489749
16.8,11,Highway.car[1],223.35,72.4599652855605,5.26962621220021
16.8,16,Highway.car[2],380.106063697103,223.35,5.17599835034489
16.8,23,Highway.car[3],68.8418391042673,226.65,5.26272477947453
16.8,1,Highway.car[4],226.65,388.594813824615,4.71555102522169
16.8,17,Highway.car[5],402.264528909481,223.35,3.33050387960148
16.8,2,Highway.car[6],226.65,407.324188727388,2.56502320646607
16.8,3,Highway.car[7],226.65,415.852819184725,0.537265806302986
16.9,0,Highway.car[0],226.65,356.911400673198,6.93755945469578
16.9,11,Highway.car[1],223.35,72.9917945752489,5.31829289688363
16.9,16,Highway.car[2],379.581194802945,223.35,5.2486889415796
16.9,23,Highway.car[3],69.3687701138898,226.65,5.26931009622568
16.9,1,Highway.car[4],226.65,388.115403089309,4.79410735306014
16.9,17,Highway.car[5],401.925973803595,223.35,3.38555105885712
16.9,2,Highway.car[6],226.65,407.065158026731,2.59030700656884
16.9,3,Highway.car[7],226.65,415.796255195584,0.565639891407264
17,0,Highway.car[0],226.65,356.21616545615,6.95235217047249
17,11,Highway.car[1],223.35,73.5308289555495,5.39034380300536
17,16,Highway.car[2],379.053329630768,223.35,5.27865172177582
17,23,Highway.car[3],69.8964449601015,226.65,5.27674846211725
17,1,Highway.car[4],226.65,387.631254202421,4.84148886887972
17,17,Highway.car[5],401.586820322434,223.35,3.39153481161443
17,2,Highway.car[6],226.65,406.804081920308,2.61076106422879
17,3,Highway.car[7],226.65,415.734906327147,0.613488684376507
17.1,0,Highway.car[0],226.65,355.520555975235,6.95609480914985
17.1,11,Highway.car[1],223.35,74.0731125545672,5.42283599017753
17.1,16,Highway.car[2],378.522653348408,223.35,5.30676282359316
17.1,23,Highway.car[3],70.4313098196921,226.65,5.34864859590584
17.1,1,Highway.car[4],226.65,387.142937385269,4.88316817151998
17.1,17,Highway.car[5],401.24500838542,223.35,3.41811937013862
17.1,2,Highway.car[6],226.65,406.539818437174,2.64263483134397
17.1,3,Highway.car[7],226.65,415.665847770322,0.690585568250373
17.2,0,Highway.car[0],226.65,354.821251187047,6.99304788188403
17.2,11,Highway.car[1],223.35,74.620715935082,5.47603380514874
17.2,16,Highway.car[2],377.988080785466,223.35,5.3457256294231
17.2,23,Highway.car[3],70.9736884821873,226.65,5.4237866249522
17.2,1,Highway.car[4],226.65,386.653287818825,4.89649566444253
17.2,17,Highway.car[5],400.899214818204,223.35,3.45793567216245
17.2,2,Highway.car[6],226.65,406.274881760132,2.64936677041762
17.2,3,Highway.car[7],226.65,415.588979597145,0.768681731772135
17.3,0,Highway.car[0],226.65,354.118981531597,7.02269655450572
17.3,11,Highway.car[1],223.35,75.1691511722761,5.48435237194045
17.3,16,Highway.car[2],377.45038231494,223.35,5.37698470525472
17.3,23,Highway.car[3],71.5217941382936,226.65,5.48105656106302
17.3,1,Highway.car[4],226.65,386.160773987056,4.92513831768801
17.3,17,Highway.car[5],400.54806133789,223.35,3.51153480313939
17.3,2,Highway.car[6],226.65,406.007887174023,2.66994586109482
17.3,3,Highway.car[7],226.65,415.50451862674,0.844609704044174
17.4,0,Highway.car[0],226.65,353.411789078777,7.07192452819412
17.4,11,Highway.car[1],223.35,75.7216265325342,5.52475360258116
17.4,16,Highway.car[2],376.907078797716,223.35,5.43303517224296
17.4,23,Highway.car[3],72.0771666508822,226.65,5.55372512588555
17.4,1,Highway.car[4],226.65,385.663914410722,4.9685957633393
17.4,17,Highway.car[5],400.191914031242,223.35,3.56147306647372
17.4,2,Highway.car[6],226.65,405.738255969973,2.69631204049401
17.4,3,Highway.car[7],226.65,415.416404126161,0.881145005792837
17.5,0,Highway.car[0],226.65,352.697069101391,7.14719977385689
17.5,11,Highway.car[1],223.35,76.2808086449529,5.5918211241868
17.5,16,Highway.car[2],376.35755742675,223.35,5.49521370966016
17.5,23,Highway.car[3],72.6345045845029,226.65,5.57337933620715
17.5,1,Highway.car[4],226.65,385.159745958404,5.04168452317511
17.5,17,Highway.car[5],399.82895722134,223.35,3.62956809902784
17.5,2,Highway.car[6],226.65,405.467231881208,2.71024088765793
17.5,3,Highway.car[7],226.65,415.327555135014,0.88848991147102
17.6,0,Highway.car[0],226.65,351.978208094285,7.18861007106815
17.6,11,Highway.car[1],223.35,76.842719673279,5.61911028326123
17.6,16,Highway.car[2],375.807623050507,223.35,5.49934376243531
17.6,23,Highway.car[3],73.1961083502293,226.65,5.61603765726367
17.6,1,Highway.car[4],226.65,384.649946050449,5.09799907955025
17.6,17,Highway.car[5],399.464620918923,223.35,3.6433630241662
17.6,2,Highway.car[6],226.65,405.191103047806,2.76128833401315
17.6,3,Highway.car[7],226.65,415.232755230767,0.947999042466741
17.7,0,Highway.car[0],226.65,351.25290813961,7.25299954674532
17.7,11,Highway.car[1],223.35,77.4061537615638,5.63434088284715
17.7,16,Highway.car[2],375.25522961302,223.35,5.52393437486171
17.7,23,Highway.car[3],73.7630197670694,226.65,5.66911416840085
17.7,1,Highway.car[4],226.65,384.133250287971,5.16695762478431
17.7,17,Highway.car[5],399.096781597885,223.35,3.67839321037975
17.7,2,Highway.car[6],226.65,404.912021064451,2.79081983355172
17.7,3,Highway.car[7],226.65,415.13705352288,0.957017078873228
17.8,0,Highway.car[0],226.65,350.523705455609,7.29202684001391
17.8,11,Highway.car[1],223.35,77.9754529016992,5.69299140135391
17.8,16,Highway.car[2],374.698535841256,223.35,5.56693771764665
17.8,23,Highway.car[3],74.3379248054804,226.65,5.74905038411075
17.8,1,Highway.car[4],226.65,383.610178838067,5.23071449904387
17.8,17,Highway.car[5],398.726644460885,223.35,3.70137136999738
17.8,2,Highway.car[6],226.65,404.632402464487,2.79618599963673
17.8,3,Highway.car[7],226.65,415.033613407906,1.03440114973904
17.9,0,Highway.car[0],226.65,349.787776685049,7.35928770560165
17.9,11,Highway.car[1],223.35,78.5512616859741,5.7580878427495
17.9,16,Highway.car[2],374.135165366489,223.35,5.63370474766969
17.9,23,Highway.car[3],74.9181174753864,226.65,5.80192669905999
17.9,1,Highway.car[4],226.65,383.083378686075,5.26800151991342
17.9,17,Highway.car[5],398.353900142648,223.35,3.72744318237749
17.9,2,Highway.car[6],226.65,404.350619794143,2.81782670344524
17.9,3,Highway.car[7],226.65,414.922366481884,1.11246926021622
18,0,Highway.car[0],226.65,349.04611930997,7.41657375078042
18,11,Highway.car[1],223.35,79.1280498714463,5.76788185472234
18,16,Highway.car[2],373.565363929997,223.35,5.69801436491339
18,23,Highway.car[3],75.5007948826347,226.65,5.82677407248223
18,1,Highway.car[4],226.65,382.550335236881,5.33043449193855
18,17,Highway.car[5],397.973847839028,223.35,3.80052303619904
18,2,Highway.car[6],226.65,404.06696717258,2.83652621562891
18,3,Highway.car[7],226.65,414.81007799544,1.12288486444251
18.1,0,Highway.car[0],226.65,348.301400825132,7.44718484838818
18.1,11,Highway.car[1],223.35,79.707768104399,5.79718232952624
18.1,16,Highway.car[2],372.988684692518,223.35,5.76679237479373
18.1,23,Highway.car[3],76.0847218133102,226.65,5.8392693067556
18.1,1,Highway.car[4],226.65,382.010687001794,5.39648235086968
18.1,17,Highway.car[5],397.591027576586,223.35,3.82820262441632
18.1,2,Highway.car[6],226.65,403.781420506879,2.85546665701382
18.1,3,Highway.car[7],226.65,414.696011185435,1.14066810005204
18.2,0,Highway.car[0],226.65,347.554780283746,7.466205413857
18.2,11,Highway.car[1],223.35,80.289187212496,5.81419108097075
18.2,16,Highway.car[2],372.40751048676,223.35,5.81174205757706
18.2,23,Highway.car[3],76.6736026153365,226.65,5.88880802026296
18.2,1,Highway.car[4],226.65,381.467504438848,5.43182562946027
18.2,17,Highway.car[5],397.20658178962,223.35,3.84445786966232
18.2,2,Highway.car[6],226.65,403.490236307045,2.91184199833609
18.2,3,Highway.car[7],226.65,414.577471812042,1.1853937339303
18.3,0,Highway.car[0],226.65,346.805210973409,7.49569310336699
18.3,11,Highway.car[1],223.35,80.8744936688855,5.85306456389471
18.3,16,Highway.car[2],371.823533798457,223.35,5.83976688303082
18.3,23,Highway.car[3],77.2700189585694,226.65,5.96416343232894
18.3,1,Highway.car[4],226.65,380.920685131442,5.46819307406118
18.3,17,Highway.car[5],396.821971733901,223.35,3.84610055718792
18.3,2,Highway.car[6],226.65,403.196773486242,2.93462820803114
18.3,3,Highway.car[7],226.65,414.456503613632,1.20968198410095
18.4,0,Highway.car[0],226.65,346.04775603101,7.5745494239903
18.4,11,Highway.car[1],223.35,81.4659773705436,5.91483701658069
18.4,16,Highway.car[2],371.239448549475,223.35,5.84085248982563
18.4,23,Highway.car[3],77.8687350214489,226.65,5.98716062879467
18.4,1,Highway.car[4],226.65,380.366746852571,5.53938278871273
18.4,17,Highway.car[5],396.437199567906,223.35,3.84772165995312
18.4,2,Highway.car[6],226.65,402.895661251857,3.01112234385051
18.4,3,Highway.car[7],226.65,414.332652420376,1.23851193255604
18.5,0,Highway.car[0],226.65,345.285954081989,7.61801949021732
18.5,11,Highway.car[1],223.35,82.0596350739494,5.93657703405811
18.5,16,Highway.car[2],370.647505748053,223.35,5.91942801421537
18.5,23,Highway.car[3],78.4697938063065,226.65,6.0105878485767
18.5,1,Highway.car[4],226.65,379.808061922227,5.58684930343797
18.5,17,Highway.car[5],396.049619731565,223.35,3.87579836340842
18.5,2,Highway.car[6],226.65,402.587440919187,3.08220332670324
18.5,3,Highway.car[7],226.65,414.201996466679,1.30655953696789
18.6,0,Highway.car[0],226.65,344.522069852621,7.63884229366993
18.6,11,Highway.car[1],223.35,82.6575725184953,5.97937444545894
18.6,16,Highway.car[2],370.053539073338,223.35,5.93966674715309
18.6,23,Highway.car[3],79.0739984921662,226.65,6.04204685859659
18.6,1,Highway.car[4],226.65,379.247702476133,5.60359446094056
18.6,17,Highway.car[5],395.656849090603,223.35,3.92770640962047
18.6,2,Highway.car[6],226.65,402.279125425501,3.08315493685492
18.6,3,Highway.car[7],226.65,414.063817963214,1.38178503465698
18.7,0,Highway.car[0],226.65,343.753731615351,7.68338237270107
18.7,11,Highway.car[1],223.35,83.2632053733673,6.05632854872017
18.7,16,Highway.car[2],369.456095891657,223.35,5.97443181680544
18.7,23,Highway.car[3],79.6846969322153,226.65,6.10698440049121
18.7,1,Highway.car[4],226.65,378.680287943415,5.67414532717933
18.7,17,Highway.car[5],395.261077854514,223.35,3.95771236088348
18.7,2,Highway.car[6],226.65,401.970701949331,3.08423476170115
18.7,3,Highway.car[7],226.65,413.922147331469,1.41670631744758
18.8,0,Highway.car[0],226.65,342.981113487863,7.72618127488856
18.8,11,Highway.car[1],223.35,83.8717191663707,6.08513793003379
18.8,16,Highway.car[2],368.853707353392,223.35,6.0238853826563
18.8,23,Highway.car[3],80.2959839553017,226.65,6.11287023086378
18.8,1,Highway.car[4],226.65,378.109832823155,5.70455120260512
18.8,17,Highway.car[5],394.86429566225,223.35,3.96782192263973
18.8,2,Highway.car[6],226.65,401.658247581687,3.12454367644452
18.8,3,Highway.car[7],226.65,413.772676719715,1.49470611753733
18.9,0,Highway.car[0],226.65,342.202030635753,7.79082852109661
18.9,11,Highway.car[1],223.35,84.4809408745795,6.09221708208888
18.9,16,Highway.car[2],368.246880201631,223.35,6.06827151760488
18.9,23,Highway.car[3],80.909379261064,226.65,6.13395305762345
18.9,1,Highway.car[4],226.65,377.533603287138,5.76229536016156
18.9,17,Highway.car[5],394.463595816476,223.35,4.0069984577432
18.9,2,Highway.car[6],226.65,401.342686535871,3.15561045815535
18.9,3,Highway.car[7],226.65,413.623199976096,1.49476743618817
19,0,Highway.car[0],226.65,341.419403381998,7.82627253755321
19,11,Highway.car[1],223.35,85.0945153735763,6.13574498996704
19,16,Highway.car[2],367.636596913752,223.35,6.10283287879108
19,23,Highway.car[3],81.5301353445211,226.65,6.20756083457077
19,1,Highway.car[4],226.65,376.956518956911,5.77084330227842
19,17,Highway.car[5],394.061835905814,223.35,4.01759910661948
19,2,Highway.car[6],226.65,401.023344661475,3.19341874395796
19,3,Highway.car[7],226.65,413.465786223778,1.5741375231822
19.1,0,Highway.car[0],226.65,340.632023448004,7.87379933993657
19.1,11,Highway.car[1],223.35,85.7099236007113,6.15408227135061
19.1,16,Highway.car[2],367.025757605559,223.35,6.10839308192982
19.1,23,Highway.car[3],82.1519165686381,226.65,6.2178122411696
19.1,1,Highway.car[4],226.65,376.377924930883,5.78594026027863
19.1,17,Highway.car[5],393.653876606218,223.35,4.07959299596247
19.1,2,Highway.car[6],226.65,400.699960627392,3.23384034083523
19.1,3,Highway.car[7],226.65,413.304476522735,1.61309701043041
19.2,0,Highway.car[0],226.65,339.836775187864,7.95248260139813
19.2,11,Highway.car[1],223.35,86.3258597461088,6.15936145397469
19.2,16,Highway.car[2],366.410771817786,223.35,6.14985787773534
19.2,23,Highway.car[3],82.7767657468203,226.65,6.24849178182239
19.2,1,Highway.car[4],226.65,375.798839677494,5.79085253388306
19.2,17,Highway.car[5],393.238957222282,223.35,4.14919383935851
19.2,2,Highway.car[6],226.65,400.375906256296,3.24054371095561
19.2,3,Highway.car[7],226.65,413.141599507851,1.62877014883654
19.3,0,Highway.car[0],226.65,339.039436207322,7.9733898054189
19.3,11,Highway.car[1],223.35,86.9421210573387,6.16261311229884
19.3,16,Highway.car[2],365.788031620751,223.35,6.22740197034582
19.3,23,Highway.car[3],83.4090143838766,226.65,6.32248637056256
19.3,1,Highway.car[4],226.65,375.218382984683,5.80456692811718
19.3,17,Highway.car[5],392.816724972931,223.35,4.22232249351439
19.3,2,Highway.car[6],226.65,400.048390720193,3.27515536102765
19.3,3,Highway.car[7],226.65,412.974219090699,1.67380417152168
19.4,0,Highway.car[0],226.65,338.237012021767,8.02424185554822
19.4,11,Highway.car[1],223.35,87.5639627112916,6.2184165395294
19.4,16,Highway.car[2],365.158597211997,223.35,6.29434408754139
19.4,23,Highway.car[3],84.04446813944,226.65,6.35453755563402
19.4,1,Highway.car[4],226.65,374.635143415629,5.8323956905367
19.4,17,Highway.car[5],392.391631519946,223.35,4.25093452984688
19.4,2,Highway.car[6],226.65,399.713227826217,3.35162893976383
19.4,3,Highway.car[7],226.65,412.803696341548,1.70522749150963
19.5,0,Highway.car[0],226.65,337.431871360921,8.05140660846
19.5,11,Highway.car[1],223.35,88.191990254077,6.28027542785375
19.5,16,Highway.car[2],364.521667362644,223.35,6.36929849352717
19.5,23,Highway.car[3],84.6873302860022,226.65,6.42862146562243
19.5,1,Highway.car[4],226.65,374.0466809616,5.88462454029044
19.5,17,Highway.car[5],391.965973780469,223.35,4.25657739477453
19.5,2,Highway.car[6],226.65,399.374406879301,3.38820946916305
19.5,3,Highway.car[7],226.65,412.632518939755,1.71177401793049
19.6,0,Highway.car[0],226.65,336.620423004672,8.11448356249695
19.6,11,Highway.car[1],223.35,88.823817427901,6.31827173824056
19.6,16,Highway.car[2],363.878518896558,223.35,6.43148466086044
19.6,23,Highway.car[3],85.3353689180806,226.65,6.48038632078374
19.6,1,Highway.car[4],226.65,373.45389948496,5.92781476639827
19.6,17,Highway.car[5],391.534708739367,223.35,4.31265041101945
19.6,2,Highway.car[6],226.65,399.032169832244,3.42237047056966
19.6,3,Highway.car[7],226.65,412.456967428465,1.75551511290343
19.7,0,Highway.car[0],226.65,335.807290533644,8.13132471028109
19.7,11,Highway.car[1],223.35,89.4582331650798,6.34415737178742
19.7,16,Highway.car[2],363.230436966172,223.35,6.48081930385932
19.7,23,Highway.car[3],85.9845147404643,226.65,6.49145822383741
19.7,1,Highway.car[4],226.65,372.860276266103,5.93623218857368
19.7,17,Highway.car[5],391.096194277005,223.35,4.38514462361333
19.7,2,Highway.car[6],226.65,398.684993326822,3.47176505421587
19.7,3,Highway.car[7],226.65,412.275810012159,1.81157416305364
19.8,0,Highway.car[0],226.65,334.993585380363,8.13705153280263
19.8,11,Highway.car[1],223.35,90.0960265182579,6.37793353178172
19.8,16,Highway.car[2],362.582241209727,223.35,6.48195756444737
19.8,23,Highway.car[3],86.6389589531192,226.65,6.54444212654883
19.8,1,Highway.car[4],226.65,372.266251130326,5.94025135776644
19.8,17,Highway.car[5],390.654962079068,223.35,4.41232197936845
19.8,2,Highway.car[6],226.65,398.330458847214,3.54534479608126
19.8,3,Highway.car[7],226.65,412.094410687654,1.8139932450545
19.9,0,Highway.car[0],226.65,334.177877231881,8.15708148482581
19.9,11,Highway.car[1],223.35,90.7389515090895,6.42924990831508
19.9,16,Highway.car[2],361.928260724905,223.35,6.53980484822794
19.9,23,Highway.car[3],87.2983804327619,226.65,6.59421479642669
19.9,1,Highway.car[4],226.65,371.665651244171,6.00599886155372
19.9,17,Highway.car[5],390.207817392373,223.35,4.47144686695409
19.9,2,Highway.car[6],226.65,397.975401367341,3.55057479872667
19.9,3,Highway.car[7],226.65,411.910616127878,1.83794559775711
20,0,Highway.car[0],226.65,333.36106689951,8.16810332370316
20,11,Highway.car[1],223.35,91.3842783783226,6.45326869233145
20,16,Highway.car[2],361.271598158829,223.35,6.56662566075131
20,23,Highway.car[3],87.9656776583846,226.65,6.67297225622738
20,1,Highway.car[4],226.65,371.062123975215,6.035272689561
20,17,Highway.car[5],389.755198042386,223.35,4.52619349986536
20,2,Highway.car[6],226.65,397.615034836598,3.60366530743726
20,3,Highway.car[7],226.65,411.721983685165,1.88632442713575
20.1,0,Highway.car[0],226.65,332.541968403283,8.1909849622785
20.1,11,Highway.car[1],223.35,92.0355054516219,6.51227073299333
20.1,16,Highway.car[2],360.607693030688,223.35,6.63905128141894
20.1,23,Highway.car[3],88.6346663221347,226.65,6.68988663750047
20.1,1,Highway.car[4],226.65,370.452046874133,6.10077101082226
20.1,17,Highway.car[5],389.301588667785,223.35,4.53609374601615
20.1,2,Highway.car[6],226.65,397.246940644833,3.6809419176478
20.1,3,Highway.car[7],226.65,411.532713171369,1.89270513796107
20.2,0,Highway.car[0],226.65,331.714923529157,8.27044874125485
20.2,11,Highway.car[1],223.35,92.6916523054308,6.56146853808879
20.2,16,Highway.car[2],359.935983208405,223.35,6.71709822282224
20.2,23,Highway.car[3],89.305007142833,226.65,6.70340820698345
20.2,1,Highway.car[4],226.65,369.835125769568,6.16921104564016
20.2,17,Highway.car[5],388.840418667625,223.35,4.61170000160334
20.2,2,Highway.car[6],226.65,396.876082178732,3.70858466101177
20.2,3,Highway.car[7],226.65,411.338383252849,1.94329918519453
20.3,0,Highway.car[0],226.65,330.881824515231,8.33099013925855
20.3,11,Highway.car[1],223.35,93.352656686654,6.61004381223216
20.3,16,Highway.car[2],359.259760726285,223.35,6.76222482120647
20.3,23,Highway.car[3],89.9777680888333,226.65,6.72760946000272
20.3,1,Highway.car[4],226.65,369.217497054317,6.17628715251257
20.3,17,Highway.car[5],388.373564613799,223.35,4.66854053825361
20.3,2,Highway.car[6],226.65,396.504376184046,3.71705994685479
20.3,3,Highway.car[7],226.65,411.13690324609,2.01480006758915
20.4,0,Highway.car[0],226.65,330.043621817402,8.38202697829668
20.4,11,Highway.car[1],223.35,94.0158551991082,6.63198512454151
20.4,16,Highway.car[2],358.579674104199,223.35,6.80086622085451
20.4,23,Highway.car[3],90.6525740946616,226.65,6.7480600582836
20.4,1,Highway.car[4],226.65,368.596399848451,6.21097205866744
20.4,17,Highway.car[5],387.905962133991,223.35,4.67602479808253
20.4,2,Highway.car[6],226.65,396.127303775497,3.77072408548855
20.4,3,Highway.car[7],226.65,410.929950281109,2.06952964980946
20.5,0,Highway.car[0],226.65,329.201386366389,8.42235451012244
20.5,11,Highway.car[1],223.35,94.6809971717828,6.65141972674622
20.5,16,Highway.car[2],357.892406334486,223.35,6.87267769712984
20.5,23,Highway.car[3],91.3350113554089,226.65,6.82437260747233
20.5,1,Highway.car[4],226.65,367.974606523726,6.21793324724456
20.5,17,Highway.car[5],387.434756675441,223.35,4.71205458550003
20.5,2,Highway.car[6],226.65,395.747859183929,3.7944459156815
20.5,3,Highway.car[7],226.65,410.721830373403,2.08119907705904
20.6,0,Highway.car[0],226.65,328.357081441803,8.44304924586181
20.6,11,Highway.car[1],223.35,95.3463642228111,6.65367051028281
20.6,16,Highway.car[2],357.199855119216,223.35,6.92551215270563
20.6,23,Highway.car[3],92.0226472524365,226.65,6.87635897027606
20.6,1,Highway.car[4],226.65,367.350447960089,6.24158563636859
20.6,17,Highway.car[5],386.957950327884,223.35,4.76806347556633
20.6,2,Highway.car[6],226.65,395.364047211464,3.83811972464733
20.6,3,Highway.car[7],226.65,410.511454559932,2.10375813471944
20.7,0,Highway.car[0],226.65,327.504814730928,8.52266710874949
20.7,11,Highway.car[1],223.35,96.0166226515864,6.7025842877534
20.7,16,Highway.car[2],356.503285999995,223.35,6.96569119220629
20.7,23,Highway.car[3],92.7149113741555,226.65,6.92264121718982
20.7,1,Highway.car[4],226.65,366.721642457052,6.28805503037443
20.7,17,Highway.car[5],386.479996366677,223.35,4.77953961206821
20.7,2,Highway.car[6],226.65,394.974191323186,3.89855888278522
20.7,3,Highway.car[7],226.65,410.298082142185,2.13372417746903
20.8,0,Highway.car[0],226.65,326.644812014944,8.60002715983753
20.8,11,Highway.car[1],223.35,96.693399646918,6.76776995331614
20.8,16,Highway.car[2],355.800771478271,223.35,7.02514521723642
20.8,23,Highway.car[3],93.4112980558168,226.65,6.96386681661287
20.8,1,Highway.car[4],226.65,366.090151084166,6.31491372885799
20.8,17,Highway.car[5],385.996360703911,223.35,4.83635662766394
20.8,2,Highway.car[6],226.65,394.584181636724,3.90009686461948
20.8,3,Highway.car[7],226.65,410.081836595124,2.16245547060714
20.9,0,Highway.car[0],226.65,325.77724762447,8.67564390474324
20.9,11,Highway.car[1],223.35,97.3708520605148,6.77452413596778
20.9,16,Highway.car[2],355.097955522655,223.35,7.02815955616563
20.9,23,Highway.car[3],94.113220215364,226.65,7.01922159547264
20.9,1,Highway.car[4],226.65,365.457343259509,6.32807824656983
20.9,17,Highway.car[5],385.510821828581,223.35,4.8553887533046
20.9,2,Highway.car[6],226.65,394.186910068784,3.97271567940079
20.9,3,Highway.car[7],226.65,409.863697880981,2.18138714142935
21,0,Highway.car[0],226.65,324.908738076075,8.68509548395266
21,11,Highway.car[1],223.35,98.0519049711245,6.81052910609736
21,16,Highway.car[2],354.392926067965,223.35,7.05029454689502
21,23,Highway.car[3],94.8185509183043,226.65,7.0533070294028
21,1,Highway.car[4],226.65,364.823531194773,6.33812064735835
21,17,Highway.car[5],385.022195851481,223.35,4.88625977099163
21,2,Highway.car[6],226.65,393.787689905478,3.99220163305589
21,3,Highway.car[7],226.65,409.642430200507,2.21267680474417
21.1,0,Highway.car[0],226.65,324.039465871246,8.69272204828774
21.1,11,Highway.car[1],223.35,98.7359112048266,6.84006233702048
21.1,16,Highway.car[2],353.680189326765,223.35,7.12736741200119
21.1,23,Highway.car[3],95.5267135222137,226.65,7.08162603909427
21.1,1,Highway.car[4],226.65,364.1829486591,6.40582535673549
21.1,17,Highway.car[5],384.530753891871,223.35,4.9144195961043
21.1,2,Highway.car[6],226.65,393.381755501005,4.05934404473119
21.1,3,Highway.car[7],226.65,409.415622829556,2.26807370950328
21.1,4,Highway.car[8],226.65,416.142392347719,0.0760765228103846
21.2,0,Highway.car[0],226.65,323.162562366087,8.76903505158936
21.2,11,Highway.car[1],223.35,99.4264963141616,6.90585109335005
21.2,16,Highway.car[2],352.96136699176,223.35,7.18822335004836
21.2,23,Highway.car[3],96.2406492040563,226.65,7.13935681842545
21.2,1,Highway.car[4],226.65,363.542198166031,6.40750493068864
21.2,17,Highway.car[5],384.038144211565,223.35,4.92609680306387
21.2,2,Highway.car[6],226.65,392.967971790053,4.13783710952215
21.2,3,Highway.car[7],226.65,409.188675742359,2.26947087197424
21.2,4,Highway.car[8],226.65,416.127150356519,0.152419911998655
21.3,0,Highway.car[0],226.65,322.278907999127,8.83654366960143
21.3,11,Highway.car[1],223.35,100.117136364175,6.90640050013184
21.3,16,Highway.car[2],352.237863483312,223.35,7.2350350844863
21.3,23,Highway.car[3],96.9610558902657,226.65,7.2040668620942
21.3,1,Highway.car[4],226.65,362.898783166599,6.43414999431615
21.3,17,Highway.car[5],383.538852068719,223.35,4.99292142845911
21.3,2,Highway.car[6],226.65,392.550421498431,4.17550291621425
21.3,3,Highway.car[7],226.65,408.958497152315,2.30178590043308
21.3,4,Highway.car[8],226.65,416.104770148008,0.223802085116021
21.4,0,Highway.car[0],226.65,321.387874049732,8.91033949395035
21.4,11,Highway.car[1],223.35,100.814843617319,6.97707253143757
21.4,16,Highway.car[2],351.506473666959,223.35,7.31389816353127
21.4,23,Highway.car[3],97.6872242732906,226.65,7.26168383024911
21.4,1,Highway.car[4],226.65,362.2542680947,6.44515071899315
21.4,17,Highway.car[5],383.033999496099,223.35,5.04852572620136
21.4,2,Highway.car[6],226.65,392.126638162273,4.23783336158209
21.4,3,Highway.car[7],226.65,408.720795920278,2.37701232037367
21.4,4,Highway.car[8],226.65,416.075749219487,0.290209285203261
21.5,0,Highway.car[0],226.65,320.493391083874,8.94482965858047
21.5,11,Highway.car[1],223.35,101.514767979662,6.9992436234337
21.5,16,Highway.car[2],350.771304502228,223.35,7.35169164730265
21.5,23,Highway.car[3],98.4182693295334,226.65,7.31045056242773
21.5,1,Highway.car[4],226.65,361.605117728248,6.49150366452207
21.5,17,Highway.car[5],382.521756103856,223.35,5.1224339224234
21.5,2,Highway.car[6],226.65,391.696349084597,4.302890776762
21.5,3,Highway.car[7],226.65,408.475671731545,2.45124188733147
21.5,4,Highway.car[8],226.65,416.042286519947,0.33462699540315
21.6,0,Highway.car[0],226.65,319.593204563397,9.00186520477151
21.6,11,Highway.car[1],223.35,102.219341237666,7.04573258003786
21.6,16,Highway.car[2],350.033257834446,223.35,7.38046667782619
21.6,23,Highway.car[3],99.1494410880233,226.65,7.31171758489961
21.6,1,Highway.car[4],226.65,360.951814266535,6.5330346171247
21.6,17,Highway.car[5],382.005357360107,223.35,5.16398743748886
21.6,2,Highway.car[6],226.65,391.260809372782,4.35539711815604
21.6,3,Highway.car[7],226.65,408.226887729875,2.48784001669706
21.6,4,Highway.car[8],226.65,416.002076021411,0.402104985360366
21.7,0,Highway.car[0],226.65,318.688365914413,9.04838648983602
21.7,11,Highway.car[1],223.35,102.928071890457,7.08730652791082
21.7,16,Highway.car[2],349.291980693625,223.35,7.41277140820428
21.7,23,Highway.car[3],99.8873017434208,226.65,7.37860655397454
21.7,1,Highway.car[4],226.65,360.293682625666,6.58131640868878
21.7,17,Highway.car[5],381.481639668429,223.35,5.23717691678775
21.7,2,Highway.car[6],226.65,390.817466564578,4.43342808203139
21.7,3,Highway.car[7],226.65,407.971762538529,2.55125191346602
21.7,4,Highway.car[8],226.65,415.9569300023,0.451460191104584
21.8,0,Highway.car[0],226.65,317.781447578955,9.06918335457657
21.8,11,Highway.car[1],223.35,103.644564399405,7.16492508948415
21.8,16,Highway.car[2],348.547187068863,223.35,7.44793624762475
21.8,23,Highway.car[3],100.629588971154,226.65,7.42287227733338
21.8,1,Highway.car[4],226.65,359.62793201577,6.65750609895831
21.8,17,Highway.car[5],380.954652622155,223.35,5.26987046273646
21.8,2,Highway.car[6],226.65,390.368493370732,4.4897319384601
21.8,3,Highway.car[7],226.65,407.711089823212,2.60672715316386
21.8,4,Highway.car[8],226.65,415.907391156894,0.495388454060409
21.9,0,Highway.car[0],226.65,316.869856785626,9.11590793329616
21.9,11,Highway.car[1],223.35,104.367260160028,7.22695760623186
21.9,16,Highway.car[2],347.800003453024,223.35,7.47183615839138
21.9,23,Highway.car[3],101.376096549997,226.65,7.4650757884262
21.9,1,Highway.car[4],226.65,358.956269286566,6.71662729204317
21.9,17,Highway.car[5],380.420860075309,223.35,5.33792546846193
21.9,2,Highway.car[6],226.65,389.913162134171,4.55331236561128
21.9,3,Highway.car[7],226.65,407.445690960807,2.6539886240554
21.9,4,Highway.car[8],226.65,415.851859142259,0.55532014635653
22,0,Highway.car[0],226.65,315.951991100741,9.17865684884925
22,11,Highway.car[1],223.35,105.091454325361,7.24194165332808
22,16,Highway.car[2],347.045285657255,223.35,7.54717795768782
22,23,Highway.car[3],102.13007079489,226.65,7.53974244892875
22,1,Highway.car[4],226.65,358.283009963866,6.73259322699776
22,17,Highway.car[5],379.87967319287,223.35,5.41186882438359
22,2,Highway.car[6],226.65,389.450407168382,4.62754965788983
22,3,Highway.car[7],226.65,407.178086607952,2.67604352854983
22,4,Highway.car[8],226.65,415.792155977044,0.597031652143062
22.1,0,Highway.car[0],226.65,315.034043630254,9.1794747048742
22.1,11,Highway.car[1],223.35,105.818382678042,7.26928352680623
22.1,16,Highway.car[2],346.287704753986,223.35,7.5758090326938
22.1,23,Highway.car[3],102.890525780985,226.65,7.60454986095706
22.1,1,Highway.car[4],226.65,357.607021775392,6.75988188474124
22.1,17,Highway.car[5],379.3359123275,223.35,5.43760865370032
22.1,2,Highway.car[6],226.65,388.9833932258,4.670139425819
22.1,3,Highway.car[7],226.65,406.907680260665,2.70406347286747
22.1,4,Highway.car[8],226.65,415.729603991668,0.62551985376743
22.2,0,Highway.car[0],226.65,314.113319146842,9.20724483411153
22.2,11,Highway.car[1],223.35,106.547686154652,7.29303476609855
22.2,16,Highway.car[2],345.528973100059,223.35,7.58731653926923
22.2,23,Highway.car[3],103.656092004618,226.65,7.65566223632822
22.2,1,Highway.car[4],226.65,356.930207467871,6.76814307520782
22.2,17,Highway.car[5],378.787367179034,223.35,5.48545148466003
22.2,2,Highway.car[6],226.65,388.509595443371,4.73797782429793
22.2,3,Highway.car[7],226.65,406.636888976515,2.70791284150304
22.2,4,Highway.car[8],226.65,415.661080173753,0.685238179151085
22.3,0,Highway.car[0],226.65,313.187808014983,9.25511131859709
22.3,11,Highway.car[1],223.35,107.280343475615,7.32657320963784
22.3,16,Highway.car[2],344.769166278643,223.35,7.5980682141523
22.3,23,Highway.car[3],104.422902189518,226.65,7.66810184899995
22.3,1,Highway.car[4],226.65,356.248031365043,6.82176102828851
22.3,17,Highway.car[5],378.231034660334,223.35,5.56332518700731
22.3,2,Highway.car[6],226.65,388.030007777661,4.79587665709966
22.3,3,Highway.car[7],226.65,406.36246800257,2.74420973944338
22.3,4,Highway.car[8],226.65,415.585674945218,0.754052285346003
22.4,0,Highway.car[0],226.65,312.26119249114,9.26615523842488
22.4,11,Highway.car[1],223.35,108.020501436344,7.40157960728377
22.4,16,Highway.car[2],344.005930952944,223.35,7.63235325699701
22.4,23,Highway.car[3],105.197393608845,226.65,7.74491419326792
22.4,1,Highway.car[4],226.65,355.558432975087,6.89598389955854
22.4,17,Highway.car[5],377.669870952895,223.35,5.61163707439077
22.4,2,Highway.car[6],226.65,387.546542452483,4.83465325177946
22.4,3,Highway.car[7],226.65,406.083230283477,2.79237719093309
22.4,4,Highway.car[8],226.65,415.503368457527,0.823064876905443
22.5,0,Highway.car[0],226.65,311.330674100105,9.30518391034891
22.5,11,Highway.car[1],223.35,108.763946548964,7.43445112620115
22.5,16,Highway.car[2],343.23915991635,223.35,7.66771036593273
22.5,23,Highway.car[3],105.976695953648,226.65,7.79302344803045
22.5,1,Highway.car[4],226.65,354.866133166627,6.92299808459973
22.5,17,Highway.car[5],377.103502481646,223.35,5.66368471248296
22.5,2,Highway.car[6],226.65,387.060007385653,4.86535066829362
22.5,3,Highway.car[7],226.65,405.801499191865,2.81731091611878
22.5,4,Highway.car[8],226.65,415.416862672858,0.86505784669778
22.6,0,Highway.car[0],226.65,310.393127515291,9.37546584814181
22.6,11,Highway.car[1],223.35,109.513951504651,7.50004955687195
22.6,16,Highway.car[2],342.46442792565,223.35,7.74731990700617
22.6,23,Highway.car[3],106.76380407945,226.65,7.87108125802407
22.6,1,Highway.car[4],226.65,354.16781011037,6.98323056257015
22.6,17,Highway.car[5],376.531603771326,223.35,5.71898710319993
22.6,2,Highway.car[6],226.65,386.565495914286,4.9451147136774
22.6,3,Highway.car[7],226.65,405.512907279647,2.88591912218229
22.6,4,Highway.car[8],226.65,415.328014077071,0.888485957867267
22.7,0,Highway.car[0],226.65,309.453643702181,9.39483813110133
22.7,11,Highway.car[1],223.35,110.270679595582,7.56728090931296
22.7,16,Highway.car[2],341.68236522806,223.35,7.82062697589427
22.7,23,Highway.car[3],107.555526270155,226.65,7.91722190704474
22.7,1,Highway.car[4],226.65,353.469243207903,6.98566902466735
22.7,17,Highway.car[5],375.952729012436,223.35,5.78874758890119
22.7,2,Highway.car[6],226.65,386.069755635226,4.95740279059225
22.7,3,Highway.car[7],226.65,405.223898862649,2.8900841699806
22.7,4,Highway.car[8],226.65,415.236567973405,0.914461036658647
22.8,0,Highway.car[0],226.65,308.508487661399,9.45156040781503
22.8,11,Highway.car[1],223.35,111.030467898163,7.5978830258046
22.8,16,Highway.car[2],340.899611837446,223.35,7.82753390613972
22.8,23,Highway.car[3],108.348855706478,226.65,7.93329436322952
22.8,1,Highway.car[4],226.65,352.766305949631,7.02937258272117
22.8,17,Highway.car[5],375.370316192221,223.35,5.82412820214626
22.8,2,Highway.car[6],226.65,385.570153108601,4.99602526624986
22.8,3,Highway.car[7],226.65,404.927165688024,2.96733174624713
22.8,4,Highway.car[8],226.65,415.13883182984,0.977361435646924
22.9,0,Highway.car[0],226.65,307.563315883893,9.45171777506684
22.9,11,Highway.car[1],223.35,111.791853012185,7.61385114022165
22.9,16,Highway.car[2],340.109308417821,223.35,7.90303419625416
22.9,23,Highway.car[3],109.144101338441,226.65,7.95245631963292
22.9,1,Highway.car[4],226.65,352.061040764693,7.05265184937661
22.9,17,Highway.car[5],374.781583707149,223.35,5.88732485072908
22.9,2,Highway.car[6],226.65,385.06869223045,5.01460878151768
22.9,3,Highway.car[7],226.65,404.622666988016,3.04498700008587
22.9,4,Highway.car[8],226.65,415.033831519168,1.05000310672334
23,0,Highway.car[0],226.65,306.617897699576,9.45418184317042
23,11,Highway.car[1],223.35,112.553252898218,7.61399886033132
23,16,Highway.car[2],339.316141416786,223.35,7.93167001035094
23,23,Highway.car[3],109.940894969559,226.65,7.96793631118069
23,1,Highway.car[4],226.65,351.350949941368,7.10090823325014
23,17,Highway.car[5],374.185137877118,223.35,5.96445830030588
23,2,Highway.car[6],226.65,384.562456788993,5.06235441456848
23,3,Highway.car[7],226.65,404.312838087778,3.09828900237428
23,4,Highway.car[8],226.65,414.925320250951,1.08511268217004
23.1,0,Highway.car[0],226.65,305.665366552158,9.52531147417937
23.1,11,Highway.car[1],223.35,113.317694623029,7.64441724811315
23.1,16,Highway.car[2],338.516976050377,223.35,7.99165366409376
23.1,23,Highway.car[3],110.738882450427,226.65,7.97987480867932
23.1,1,Highway.car[4],226.65,350.635272838779,7.15677102588733
23.1,17,Highway.car[5],373.585147055916,223.35,5.99990821201575
23.1,2,Highway.car[6],226.65,384.052567935941,5.09888853051998
23.1,3,Highway.car[7],226.65,404.00179732544,3.11040762337716
23.1,4,Highway.car[8],226.65,414.81157226085,1.13747990101463
23.2,0,Highway.car[0],226.65,304.704857374013,9.60509178144251
23.2,11,Highway.car[1],223.35,114.089325700102,7.71631077072218
23.2,16,Highway.car[2],337.716487389892,223.35,8.00488660484582
23.2,23,Highway.car[3],111.54271998018,226.65,8.03837529752681
23.2,1,Highway.car[4],226.65,349.917639492603,7.17633346176391
23.2,17,Highway.car[5],372.977251475002,223.35,6.07895580914092
23.2,2,Highway.car[6],226.65,383.537698524385,5.14869411555418
23.2,3,Highway.car[7],226.65,403.683935606614,3.17861718826787
23.2,4,Highway.car[8],226.65,414.695868333172,1.15703927677012
23.3,0,Highway.car[0],226.65,303.740085547462,9.64771826551621
23.3,11,Highway.car[1],223.35,114.862061084017,7.7273538391535
23.3,16,Highway.car[2],336.910794691208,223.35,8.05692698683619
23.3,23,Highway.car[3],112.35010043385,226.65,8.07380453670675
23.3,1,Highway.car[4],226.65,349.197019099384,7.20620393219089
23.3,17,Highway.car[5],372.366907157922,223.35,6.10344317080674
23.3,2,Highway.car[6],226.65,383.018517601338,5.19180923047774
23.3,3,Highway.car[7],226.65,403.364763618966,3.19171987647982
23.3,4,Highway.car[8],226.65,414.57672675855,1.1914157462295
23.4,0,Highway.car[0],226.65,302.774273971353,9.65811576108773
23.4,11,Highway.car[1],223.35,115.635758052143,7.73696968125745
23.4,16,Highway.car[2],336.101477578867,223.35,8.09317112341552
23.4,23,Highway.car[3],113.163548679717,226.65,8.13448245866502
23.4,1,Highway.car[4],226.65,348.472521767393,7.24497331990545
23.4,17,Highway.car[5],371.753504199631,223.35,6.13402958290872
23.4,2,Highway.car[6],226.65,382.497426099925,5.21091501412281
23.4,3,Highway.car[7],226.65,403.043172417117,3.2159120184821
23.4,4,Highway.car[8],226.65,414.452570358719,1.24156399831063
23.5,0,Highway.car[0],226.65,301.805311346778,9.68962624575336
23.5,11,Highway.car[1],223.35,116.416319512074,7.8056145993118
23.5,16,Highway.car[2],335.284891099488,223.35,8.16586479378893
23.5,23,Highway.car[3],113.984237643276,226.65,8.20688963558803
23.5,1,Highway.car[4],226.65,347.746022557503,7.26499209890758
23.5,17,Highway.car[5],371.135286034151,223.35,6.18218165479821
23.5,2,Highway.car[6],226.65,381.974832056123,5.22594043801837
23.5,3,Highway.car[7],226.65,402.716487539701,3.2668487741691
23.5,4,Highway.car[8],226.65,414.3254128716,1.27157487118504
23.6,0,Highway.car[0],226.65,300.833219913046,9.72091433731233
23.6,11,Highway.car[1],223.35,117.200366978604,7.84047466530099
23.6,16,Highway.car[2],334.463710593218,223.35,8.21180506270408
23.6,23,Highway.car[3],114.810859458114,226.65,8.26621814837957
23.6,1,Highway.car[4],226.65,347.01621411382,7.29808443682884
23.6,17,Highway.car[5],370.516058916802,223.35,6.19227117348683
23.6,2,Highway.car[6],226.65,381.451807153953,5.23024902169892
23.6,3,Highway.car[7],226.65,402.389175016409,3.27312523291306
23.6,4,Highway.car[8],226.65,414.19686709939,1.28545772209651
23.7,0,Highway.car[0],226.65,299.857316905536,9.75903007510443
23.7,11,Highway.car[1],223.35,117.988057323732,7.87690345127702
23.7,16,Highway.car[2],333.641268505916,223.35,8.22442087302013
23.7,23,Highway.car[3],115.640875538723,226.65,8.30016080608869
23.7,1,Highway.car[4],226.65,346.286318138747,7.29895975072553
23.7,17,Highway.car[5],369.894559084382,223.35,6.21499832419899
23.7,2,Highway.car[6],226.65,380.927169323812,5.24637830141299
23.7,3,Highway.car[7],226.65,402.057888154836,3.31286861573206
23.7,4,Highway.car[8],226.65,414.065011629193,1.31855470197162
23.8,0,Highway.car[0],226.65,298.875052749182,9.82264156353985
23.8,11,Highway.car[1],223.35,118.777763854408,7.89706530675858
23.8,16,Highway.car[2],332.815181135265,223.35,8.26087370650872
23.8,23,Highway.car[3],116.470986047731,226.65,8.30110509008447
23.8,1,Highway.car[4],226.65,345.554510411654,7.31807727093493
23.8,17,Highway.car[5],369.270049484818,223.35,6.24509599564818
23.8,2,Highway.car[6],226.65,380.401152156919,5.26017166893297
23.8,3,Highway.car[7],226.65,401.71979040327,3.38097751566069
23.8,4,Highway.car[8],226.65,413.928482809373,1.36528819819799
23.9,0,Highway.car[0],226.65,297.887522424189,9.87530324993049
23.9,11,Highway.car[1],223.35,119.57255196766,7.94788113251895
23.9,16,Highway.car[2],331.983414507703,223.35,8.3176662756133
23.9,23,Highway.car[3],117.304960660293,226.65,8.33974612562264
23.9,1,Highway.car[4],226.65,344.820042459579,7.34467952075099
23.9,17,Highway.car[5],368.642891117312,223.35,6.27158367505518
23.9,2,Highway.car[6],226.65,379.868569549788,5.32582607130819
23.9,3,Highway.car[7],226.65,401.374424942462,3.45365460808249
23.9,4,Highway.car[8],226.65,413.784017542062,1.44465267311669
24,0,Highway.car[0],226.65,296.898539373394,9.88983050794666
24,11,Highway.car[1],223.35,120.372803319018,8.00251351358935
24,16,Highway.car[2],331.147559719864,223.35,8.35854787839606
24,23,Highway.car[3],118.141218369907,226.65,8.36257709613348
24,1,Highway.car[4],226.65,344.079389267833,7.40653191745897
24,17,Highway.car[5],368.011442651439,223.35,6.31448465872777
24,2,Highway.car[6],226.65,379.333096754552,5.35472795236223
24,3,Highway.car[7],226.65,401.022644831131,3.51780111330421
24,4,Highway.car[8],226.65,413.636804817663,1.47212724398709
24.1,0,Highway.car[0],226.65,295.909473210697,9.89066162697365
24.1,11,Highway.car[1],223.35,121.176736615733,8.03933296714544
24.1,16,Highway.car[2],330.30371970807,223.35,8.43840011794149
24.1,23,Highway.car[3],118.982026407972,226.65,8.40808038065488
24.1,1,Highway.car[4],226.65,343.337052097334,7.42337170499062
24.1,17,Highway.car[5],367.377510803775,223.35,6.33931847663817
24.1,2,Highway.car[6],226.65,378.794319923501,5.38776831050702
24.1,3,Highway.car[7],226.65,400.666896504048,3.55748327082814
24.1,4,Highway.car[8],226.65,413.489085943827,1.47718873835987
24.2,0,Highway.car[0],226.65,294.914647943874,9.94825266822567
24.2,11,Highway.car[1],223.35,121.985915068197,8.09178452464387
24.2,16,Highway.car[2],329.458829554146,223.35,8.44890153924032
24.2,23,Highway.car[3],119.825975890557,226.65,8.4394948258465
24.2,1,Highway.car[4],226.65,342.588333815418,7.48718281916028
24.2,17,Highway.car[5],366.737083020591,223.35,6.40427783183974
24.2,2,Highway.car[6],226.65,378.254390150538,5.39929772963115
24.2,3,Highway.car[7],226.65,400.306450152946,3.60446351102413
24.2,4,Highway.car[8],226.65,413.339295985149,1.49789958678073
24.3,0,Highway.car[0],226.65,293.913207573584,10.0144037029087
24.3,11,Highway.car[1],223.35,122.800949489335,8.15034421137169
24.3,16,Highway.car[2],328.609055925816,223.35,8.49773628329887
24.3,23,Highway.car[3],120.670260958045,226.65,8.44285067487786
24.3,1,Highway.car[4],226.65,341.832269917098,7.56063898319995
24.3,17,Highway.car[5],366.091398247651,223.35,6.45684772940573
24.3,2,Highway.car[6],226.65,377.711459727834,5.42930422704035
24.3,3,Highway.car[7],226.65,399.939280542642,3.67169610303687
24.3,4,Highway.car[8],226.65,413.184778019264,1.54517965884766
24.4,0,Highway.car[0],226.65,292.908017972479,10.051896011041
24.4,11,Highway.car[1],223.35,123.618791032835,8.17841543499947
24.4,16,Highway.car[2],327.758879374919,223.35,8.50176550896867
24.4,23,Highway.car[3],121.515105780407,226.65,8.44844822362343
24.4,1,Highway.car[4],226.65,341.069202434344,7.63067482753342
24.4,17,Highway.car[5],365.443202524406,223.35,6.48195723245141
24.4,2,Highway.car[6],226.65,377.167979875654,5.43479852180296
24.4,3,Highway.car[7],226.65,399.566029925467,3.73250617175223
24.4,4,Highway.car[8],226.65,413.027897802723,1.56880216540656
24.5,0,Highway.car[0],226.65,291.897766590351,10.1025138212866
24.5,11,Highway.car[1],223.35,124.438456430861,8.19665398026451
24.5,16,Highway.car[2],326.905624365094,223.35,8.53255009824439
24.5,23,Highway.car[3],122.366127398366,226.65,8.510216179586
24.5,1,Highway.car[4],226.65,340.300379288785,7.68823145559674
24.5,17,Highway.car[5],364.788073786738,223.35,6.55128737667796
24.5,2,Highway.car[6],226.65,376.619968724029,5.48011151624211
24.5,3,Highway.car[7],226.65,399.185238986512,3.80790938955592
24.5,4,Highway.car[8],226.65,412.869721993478,1.58175809245444
24.6,0,Highway.car[0],226.65,290.88273195567,10.1503463468081
24.6,11,Highway.car[1],223.35,125.26007877638,8.21622345518887
24.6,16,Highway.car[2],326.051872352719,223.35,8.53752012375771
24.6,23,Highway.car[3],123.222002020929,226.65,8.55874622563178
24.6,1,Highway.car[4],226.65,339.523683570941,7.76695717843866
24.6,17,Highway.car[5],364.129345739758,223.35,6.58728046979976
24.6,2,Highway.car[6],226.65,376.068119793645,5.51848930384331
24.6,3,Highway.car[7],226.65,398.801485595074,3.83753391438024
24.6,4,Highway.car[8],226.65,412.703656955248,1.66065038230157
24.7,0,Highway.car[0],226.65,289.861497118736,10.2123483693353
24.7,11,Highway.car[1],223.35,126.082609870391,8.22531094011486
24.7,16,Highway.car[2],325.195348454296,223.35,8.56523898422747
24.7,23,Highway.car[3],124.084220927665,226.65,8.62218906736279
24.7,1,Highway.car[4],226.65,338.742106859131,7.81576711809879
24.7,17,Highway.car[5],363.47022425131,223.35,6.59121488448453
24.7,2,Highway.car[6],226.65,375.512580239365,5.55539554280528
24.7,3,Highway.car[7],226.65,398.416627898323,3.84857696750061
24.7,4,Highway.car[8],226.65,412.532165130085,1.71491825163252
24.8,0,Highway.car[0],226.65,288.833880771085,10.2761634765132
24.8,11,Highway.car[1],223.35,126.910074668928,8.27464798536718
24.8,16,Highway.car[2],324.335084284027,223.35,8.6026417026858
24.8,23,Highway.car[3],124.952881693771,226.65,8.68660766106377
24.8,1,Highway.car[4],226.65,337.955739369569,7.86367489562055
24.8,17,Highway.car[5],362.80424377203,223.35,6.65980479279754
24.8,2,Highway.car[6],226.65,374.956295403477,5.56284835887441
24.8,3,Highway.car[7],226.65,398.026094087135,3.90533811188163
24.8,4,Highway.car[8],226.65,412.360084469399,1.72080660685784
24.9,0,Highway.car[0],226.65,287.805141827919,10.2873894316642
24.9,11,Highway.car[1],223.35,127.745452833624,8.35378164696142
24.9,16,Highway.car[2],323.47207663889,223.35,8.63007645137637
24.9,23,Highway.car[3],125.822550841876,226.65,8.69669148104543
24.9,1,Highway.car[4],226.65,337.165081446881,7.90657922687625
24.9,17,Highway.car[5],362.133125710549,223.35,6.71118061481265
24.9,2,Highway.car[6],226.65,374.396668709143,5.59626694334039
24.9,3,Highway.car[7],226.65,397.634351175425,3.91742911710264
24.9,4,Highway.car[8],226.65,412.182559769122,1.77524700276441
25,0,Highway.car[0],226.65,286.776283632164,10.2885819575502
25,11,Highway.car[1],223.35,128.588058597848,8.42605764223829
25,16,Highway.car[2],322.605406686465,223.35,8.66669952424272
25,23,Highway.car[3],126.694227739501,226.65,8.71676897624785
25,1,Highway.car[4],226.65,336.371795902243,7.93285544638207
25,17,Highway.car[5],361.456001275446,223.35,6.77124435102788
25,2,Highway.car[6],226.65,373.830756167074,5.65912542068699
25,3,Highway.car[7],226.65,397.235594605052,3.98756570373522
25,4,Highway.car[8],226.65,412.002104943205,1.80454825917146
25.1,0,Highway.car[0],226.65,285.743934141587,10.3234949057675
25.1,11,Highway.car[1],223.35,129.436253844465,8.48195246616945
25.1,16,Highway.car[2],321.738687095038,223.35,8.66719591427623
25.1,23,Highway.car[3],127.569291003988,226.65,8.75063264487589
25.1,1,Highway.car[4],226.65,335.575385701019,7.96410201224183
25.1,17,Highway.car[5],360.771083690386,223.35,6.84917585060221
25.1,2,Highway.car[6],226.65,373.260824212015,5.69931955059358
25.1,3,Highway.car[7],226.65,396.834771145016,4.00823460035817
25.1,4,Highway.car[8],226.65,411.818875212646,1.832297305594
25.2,0,Highway.car[0],226.65,284.706895706926,10.3703843466132
25.2,11,Highway.car[1],223.35,130.28775690513,8.51503060665548
25.2,16,Highway.car[2],320.864163959737,223.35,8.74523135300755
25.2,23,Highway.car[3],128.448743669096,226.65,8.79452665107603
25.2,1,Highway.car[4],226.65,334.778465176965,7.96920524053892
25.2,17,Highway.car[5],360.083091511869,223.35,6.87992178516683
25.2,2,Highway.car[6],226.65,372.689055972022,5.7176823999297
25.2,3,Highway.car[7],226.65,396.428677935515,4.06093209500285
25.2,4,Highway.car[8],226.65,411.628426491639,1.904487210064
25.3,0,Highway.car[0],226.65,283.667796391216,10.3909931570976
25.3,11,Highway.car[1],223.35,131.147001414834,8.59244509703115
25.3,16,Highway.car[2],319.988383985317,223.35,8.75779974419653
25.3,23,Highway.car[3],129.328756347576,226.65,8.80012678480054
25.3,1,Highway.car[4],226.65,333.979540678643,7.98924498322105
25.3,17,Highway.car[5],359.392224281323,223.35,6.9086723054595
25.3,2,Highway.car[6],226.65,372.109400448497,5.79655523524919
25.3,3,Highway.car[7],226.65,396.014870091129,4.13807844386296
25.3,4,Highway.car[8],226.65,411.430453297275,1.97973194364345
25.4,0,Highway.car[0],226.65,282.624877295503,10.4291909571304
25.4,11,Highway.car[1],223.35,132.010490896831,8.63489481997311
25.4,16,Highway.car[2],319.110685461133,223.35,8.77698524184554
25.4,23,Highway.car[3],130.215850659194,226.65,8.87094311617593
25.4,1,Highway.car[4],226.65,333.178928265223,8.00612413420027
25.4,17,Highway.car[5],358.69819383112,223.35,6.94030450202746
25.4,2,Highway.car[6],226.65,371.526461628331,5.82938820165881
25.4,3,Highway.car[7],226.65,395.595499863963,4.19370227166312
25.4,4,Highway.car[8],226.65,411.225067340284,2.05385956991351
25.5,0,Highway.car[0],226.65,281.577570443682,10.4730685182041
25.5,11,Highway.car[1],223.35,132.880212619887,8.69721723056033
25.5,16,Highway.car[2],318.228306920961,223.35,8.82378540171339
25.5,23,Highway.car[3],131.110615019201,226.65,8.94764360007176
25.5,1,Highway.car[4],226.65,332.373937988073,8.04990277149399
25.5,17,Highway.car[5],357.999026375689,223.35,6.99167455431295
25.5,2,Highway.car[6],226.65,370.941465506542,5.84996121789628
25.5,3,Highway.car[7],226.65,395.173971264314,4.21528599648597
25.5,4,Highway.car[8],226.65,411.019455807694,2.05611532589308
25.6,0,Highway.car[0],226.65,280.5278320126,10.4973843108243
25.6,11,Highway.car[1],223.35,133.751209461072,8.70996841185361
25.6,16,Highway.car[2],317.342844026665,223.35,8.85462894296303
25.6,23,Highway.car[3],132.013149240589,226.65,9.02534221388677
25.6,1,Highway.car[4],226.65,331.565493892364,8.08444095709046
25.6,17,Highway.car[5],357.299665565088,223.35,6.99360810600442
25.6,2,Highway.car[6],226.65,370.354870981747,5.86594524794557
25.6,3,Highway.car[7],226.65,394.751932405931,4.22038858382823
25.6,4,Highway.car[8],226.65,410.80602131726,2.13434490434713
25.7,0,Highway.car[0],226.65,279.473222503913,10.5460950868702
25.7,11,Highway.car[1],223.35,134.628169347629,8.76959886557058
25.7,16,Highway.car[2],316.454341922081,223.35,8.88502104584157
25.7,23,Highway.car[3],132.923105610444,226.65,9.09956369854788
25.7,1,Highway.car[4],226.65,330.754062437985,8.11431454379728
25.7,17,Highway.car[5],356.593612253779,223.35,7.06053311309067
25.7,2,Highway.car[6],226.65,369.764852714248,5.90018267498651
25.7,3,Highway.car[7],226.65,394.324327192551,4.27605213380279
25.7,4,Highway.car[8],226.65,410.592383632531,2.13637684728837
25.8,0,Highway.car[0],226.65,278.418579695977,10.5464280793569
25.8,11,Highway.car[1],223.35,135.506555541166,8.78386193536788
25.8,16,Highway.car[2],315.563297316032,223.35,8.91044606048643
25.8,23,Highway.car[3],133.838829806769,226.65,9.15724196324403
25.8,1,Highway.car[4],226.65,329.936172820344,8.17889617641141
25.8,17,Highway.car[5],355.886495863869,223.35,7.0711638990998
25.8,2,Highway.car[6],226.65,369.168659829402,5.9619288484689
25.8,3,Highway.car[7],226.65,393.894853793813,4.29473398738401
25.8,4,Highway.car[8],226.65,410.370913623772,2.21470008758715
25.9,0,Highway.car[0],226.65,277.362309589711,10.5627010626658
25.9,11,Highway.car[1],223.35,136.39271953427,8.86163993103996
25.9,16,Highway.car[2],314.667910929126,223.35,8.95386386906757
25.9,23,Highway.car[3],134.760445765307,226.65,9.21615958538184
25.9,1,Highway.car[4],226.65,329.11755385566,8.18618964683881
25.9,17,Highway.car[5],355.172558656891,223.35,7.139372069782
25.9,2,Highway.car[6],226.65,368.56935544181,5.99304387591147
25.9,3,Highway.car[7],226.65,393.463739891303,4.31113902510004
25.9,4,Highway.car[8],226.65,410.14331359848,2.27600025292373
26,0,Highway.car[0],226.65,276.303340145924,10.5896944378628
26,11,Highway.car[1],223.35,137.280941372309,8.88221838038981
26,16,Highway.car[2],313.768209296579,223.35,8.9970163254629
26,23,Highway.car[3],135.683468390168,226.65,9.23022624861727
26,1,Highway.car[4],226.65,328.295524043461,8.22029812198748
26,17,Highway.car[5],354.452168402773,223.35,7.2039025411777
26,2,Highway.car[6],226.65,367.968590973966,6.00764467844107
26,3,Highway.car[7],226.65,393.029959974436,4.33779916866543
26,4,Highway.car[8],226.65,409.910722705409,2.32590893071032
26.1,0,Highway.car[0],226.65,275.240055955183,10.6328419074169
26.1,11,Highway.car[1],223.35,138.174988803615,8.94047431305617
26.1,16,Highway.car[2],312.868205071796,223.35,9.00004224782839
26.1,23,Highway.car[3],136.608925291916,226.65,9.25456901748011
26.1,1,Highway.car[4],226.65,327.470884511092,8.24639532369246
26.1,17,Highway.car[5],353.7279231893,223.35,7.24245213473437
26.1,2,Highway.car[6],226.65,367.367455253498,6.01135720468425
26.1,3,Highway.car[7],226.65,392.588980865265,4.40979109170707
26.1,4,Highway.car[8],226.65,409.673273548685,2.37449156723804
26.2,0,Highway.car[0],226.65,274.172893678379,10.6716227680384
26.2,11,Highway.car[1],223.35,139.075644200218,9.00655396603614
26.2,16,Highway.car[2],311.968139292738,223.35,9.00065779058292
26.2,23,Highway.car[3],137.540343966496,226.65,9.31418674579168
26.2,1,Highway.car[4],226.65,326.642034370886,8.28850140205269
26.2,17,Highway.car[5],353.000827461186,223.35,7.27095728114468
26.2,2,Highway.car[6],226.65,366.760365567956,6.07089685541877
26.2,3,Highway.car[7],226.65,392.143389862201,4.45591003064858
26.2,4,Highway.car[8],226.65,409.429507689046,2.43765859639159
26.3,0,Highway.car[0],226.65,273.101850828345,10.7104285003371
26.3,11,Highway.car[1],223.35,139.979870484961,9.04226284742922
26.3,16,Highway.car[2],311.060348520674,223.35,9.07790772063687
26.3,23,Highway.car[3],138.478351269093,226.65,9.38007302597443
26.3,1,Highway.car[4],226.65,325.807434227574,8.34600143312161
26.3,17,Highway.car[5],352.267902370379,223.35,7.3292509080678
26.3,2,Highway.car[6],226.65,366.152069392104,6.08296175851786
26.3,3,Highway.car[7],226.65,391.692723937107,4.50665925093787
26.3,4,Highway.car[8],226.65,409.180452102917,2.49055586129314
26.3,5,Highway.car[9],226.65,416.142274176225,0.0772582377474755
26.4,0,Highway.car[0],226.65,272.024509565841,10.7734126250385
26.4,11,Highway.car[1],223.35,140.889355632455,9.09485147493526
26.4,16,Highway.car[2],310.145780095846,223.35,9.14568424828379
26.4,23,Highway.car[3],139.420861814381,226.65,9.42510545287559
26.4,1,Highway.car[4],226.65,324.964846486092,8.42587741481756
26.4,17,Highway.car[5],351.532260279803,223.35,7.35642090575991
26.4,2,Highway.car[6],226.65,365.543242226129,6.08827165975535
26.4,3,Highway.car[7],226.65,391.235848304736,4.56875632370682
26.4,4,Highway.car[8],226.65,408.928041093808,2.52411009108535
26.4,5,Highway.car[9],226.65,416.127578220485,0.146959557407462
26.5,0,Highway.car[0],226.65,270.944177592177,10.8033197366386
26.5,11,Highway.car[1],223.35,141.804930075751,9.15574443296164
26.5,16,Highway.car[2],309.226959066513,223.35,9.18821029333427
26.5,23,Highway.car[3],140.364508512366,226.65,9.43646697985286
26.5,1,Highway.car[4],226.65,324.117543334255,8.47303151837235
26.5,17,Highway.car[5],350.793851448463,223.35,7.38408831339551
26.5,2,Highway.car[6],226.65,364.933276486626,6.09965739502871
26.5,3,Highway.car[7],226.65,390.776660708556,4.59187596180336
26.5,4,Highway.car[8],226.65,408.673129551994,2.54911541813872
26.5,5,Highway.car[9],226.65,416.107056696584,0.205215239007624
26.6,0,Highway.car[0],226.65,269.861900794915,10.8227679726235
26.6,11,Highway.car[1],223.35,142.724780153615,9.19850077864349
26.6,16,Highway.car[2],308.304255273289,223.35,9.22703793223976
26.6,23,Highway.car[3],141.314232500193,226.65,9.49723987827355
26.6,1,Highway.car[4],226.65,323.263199331687,8.54344002567848
26.6,17,Highway.car[5],350.051598646849,223.35,7.42252801614103
26.6,2,Highway.car[6],226.65,364.323207423002,6.10069063623735
26.6,3,Highway.car[7],226.65,390.314819224249,4.61841484307172
26.6,4,Highway.car[8],226.65,408.412346793369,2.60782758625111
26.6,5,Highway.car[9],226.65,416.079507541528,0.275491550560384
26.7,0,Highway.car[0],226.65,268.774348382713,10.8755241220198
26.7,11,Highway.car[1],223.35,143.64826237868,9.23482225064755
26.7,16,Highway.car[2],307.375382753771,223.35,9.28872519517346
26.7,23,Highway.car[3],142.266323915707,226.65,9.52091415513584
26.7,1,Highway.car[4],226.65,322.40744617786,8.55753153827657
26.7,17,Highway.car[5],349.302041462941,223.35,7.4955718390852
26.7,2,Highway.car[6],226.65,363.710416718447,6.12790704555177
26.7,3,Highway.car[7],226.65,389.852567706527,4.62251517721312
26.7,4,Highway.car[8],226.65,408.145848293778,2.66498499590791
26.7,5,Highway.car[9],226.65,416.044709395608,0.347981459196883
26.8,0,Highway.car[0],226.65,267.68017860128,10.9416978143281
26.8,11,Highway.car[1],223.35,144.578825947627,9.30563568946541
26.8,16,Highway.car[2],306.444334285897,223.35,9.31048467874556
26.8,23,Highway.car[3],143.22310001568,226.65,9.56776099972705
26.8,1,Highway.car[4],226.65,321.548946563905,8.5849961395437
26.8,17,Highway.car[5],348.545469760438,223.35,7.56571702502889
26.8,2,Highway.car[6],226.65,363.089834157705,6.20582560741642
26.8,3,Highway.car[7],226.65,389.387710038272,4.64857668255316
26.8,4,Highway.car[8],226.65,407.874758957813,2.7108933596488
26.8,5,Highway.car[9],226.65,416.003645766779,0.410636288287442
26.9,0,Highway.car[0],226.65,266.583532721003,10.9664588027759
26.9,11,Highway.car[1],223.35,145.515596068719,9.36770121092543
26.9,16,Highway.car[2],305.511063973507,223.35,9.33270312389388
26.9,23,Highway.car[3],144.182214391539,226.65,9.59114375859777
26.9,1,Highway.car[4],226.65,320.685686357155,8.63260206750279
26.9,17,Highway.car[5],347.786249382782,223.35,7.59220377655921
26.9,2,Highway.car[6],226.65,362.467412004976,6.22422152729073
26.9,3,Highway.car[7],226.65,388.916118236917,4.71591801355453
26.9,4,Highway.car[8],226.65,407.598384557786,2.76374400026984
26.9,5,Highway.car[9],226.65,415.958648423789,0.449973429905211
27,0,Highway.car[0],226.65,265.485902007408,10.9763071359447
27,11,Highway.car[1],223.35,146.453468688907,9.37872620188266
27,16,Highway.car[2],304.574884862911,223.35,9.36179110595985
27,23,Highway.car[3],145.141993623392,226.65,9.59779231852198
27,1,Highway.car[4],226.65,319.817861358616,8.67824998539557
27,17,Highway.car[5],347.02333186137,223.35,7.62917521411774
27,2,Highway.car[6],226.65,361.837771056219,6.29640948756897
27,3,Highway.car[7],226.65,388.440940632298,4.75177604618342
27,4,Highway.car[8],226.65,407.318191607558,2.80192950228116
27,5,Highway.car[9],226.65,415.9101147684,0.485336553888117
27.1,0,Highway.car[0],226.65,264.384115931893,11.0178607551507
27.1,11,Highway.car[1],223.35,147.394088208023,9.40619519115061
27.1,16,Highway.car[2],303.63166588003,223.35,9.43218982880964
27.1,23,Highway.car[3],146.101832027313,226.65,9.59838403921852
27.1,1,Highway.car[4],226.65,318.945905879995,8.719554786204
27.1,17,Highway.car[5],346.255827770669,223.35,7.6750409070052
27.1,2,Highway.car[6],226.65,361.204092100503,6.3367895571638
27.1,3,Highway.car[7],226.65,387.9586045978,4.82336034498038
27.1,4,Highway.car[8],226.65,407.030208506898,2.87983100660033
27.1,5,Highway.car[9],226.65,415.854932171433,0.551825969667772
27.2,0,Highway.car[0],226.65,263.27963666889,11.0447926300331
27.2,11,Highway.car[1],223.35,148.339719314716,9.45631106693864
27.2,16,Highway.car[2],302.685613191285,223.35,9.46052688745811
27.2,23,Highway.car[3],147.067435912227,226.65,9.65603884913305
27.2,1,Highway.car[4],226.65,318.072306982681,8.73598897314315
27.2,17,Highway.car[5],345.486305725532,223.35,7.69522045137582
27.2,2,Highway.car[6],226.65,360.568238185105,6.35853915398308
27.2,3,Highway.car[7],226.65,387.472192649312,4.86411948487954
27.2,4,Highway.car[8],226.65,406.740507422715,2.89701084183416
27.2,5,Highway.car[9],226.65,415.796923764556,0.58008406876662
27.3,0,Highway.car[0],226.65,262.171225888693,11.084107801964
27.3,11,Highway.car[1],223.35,149.286978706606,9.47259391889542
27.3,16,Highway.car[2],301.735963470174,223.35,9.49649721110269
27.3,23,Highway.car[3],148.034547529004,226.65,9.67111616777534
27.3,1,Highway.car[4],226.65,317.195924999989,8.76381982692202
27.3,17,Highway.car[5],344.710692111835,223.35,7.7561361369699
27.3,2,Highway.car[6],226.65,359.927348208272,6.40889976832384
27.3,3,Highway.car[7],226.65,386.984451243815,4.87741405497165
27.3,4,Highway.car[8],226.65,406.444015725268,2.96491697447262
27.3,5,Highway.car[9],226.65,415.736427827873,0.604959366834872
27.4,0,Highway.car[0],226.65,261.060748878502,11.1047701019174
27.4,11,Highway.car[1],223.35,150.235234936462,9.48256229855686
27.4,16,Highway.car[2],300.782347904107,223.35,9.53615566067426
27.4,23,Highway.car[3],149.0092152075,226.65,9.74667678496147
27.4,1,Highway.car[4],226.65,316.318414286958,8.77510713030269
27.4,17,Highway.car[5],343.930277955565,223.35,7.80414156269503
27.4,2,Highway.car[6],226.65,359.283863818912,6.43484389360362
27.4,3,Highway.car[7],226.65,386.493885115205,4.90566128610494
27.4,4,Highway.car[8],226.65,406.14481596565,2.99199759617335
27.4,5,Highway.car[9],226.65,415.668152306507,0.68275521365942
27.5,0,Highway.car[0],226.65,259.944435431202,11.1631344729974
27.5,11,Highway.car[1],223.35,151.18352210134,9.48287164878666
27.5,16,Highway.car[2],299.826632378165,223.35,9.55715525941952
27.5,23,Highway.car[3],149.990825044383,226.65,9.81609836882258
27.5,1,Highway.car[4],226.65,315.437407517016,8.81006769942736
27.5,17,Highway.car[5],343.144853125905,223.35,7.85424829660205
27.5,2,Highway.car[6],226.65,358.635987180791,6.47876638121271
27.5,3,Highway.car[7],226.65,386.000039133092,4.93845982112782
27.5,4,Highway.car[8],226.65,405.841149322051,3.03666643598936
27.5,5,Highway.car[9],226.65,415.592548728999,0.75603577507683
27.6,0,Highway.car[0],226.65,258.821844003638,11.2259142756402
27.6,11,Highway.car[1],223.35,152.134595183913,9.51073082572416
27.6,16,Highway.car[2],298.863418635298,223.35,9.63213742867141
27.6,23,Highway.car[3],150.978952172012,226.65,9.88127127629051
27.6,1,Highway.car[4],226.65,314.551062281172,8.86345235843828
27.6,17,Highway.car[5],342.3567563244,223.35,7.88096801504714
27.6,2,Highway.car[6],226.65,357.985800024937,6.50187155853325
27.6,3,Highway.car[7],226.65,385.503402596686,4.96636536405282
27.6,4,Highway.car[8],226.65,405.531802238948,3.09347083102799
27.6,5,Highway.car[9],226.65,415.511509903016,0.810388259832048
27.7,0,Highway.car[0],226.65,257.694901079519,11.2694292411893
27.7,11,Highway.car[1],223.35,153.088565853716,9.53970669802845
27.7,16,Highway.car[2],297.898462299127,223.35,9.64956336170464
27.7,23,Highway.car[3],151.972754554885,226.65,9.93802382873649
27.7,1,Highway.car[4],226.65,313.660914806837,8.9014747433426
27.7,17,Highway.car[5],341.561789442816,223.35,7.94966881584597
27.7,2,Highway.car[6],226.65,357.333504418353,6.52295606584587
27.7,3,Highway.car[7],226.65,385.001631168415,5.01771428271057
27.7,4,Highway.car[8],226.65,405.214508623535,3.17293615413717
27.7,5,Highway.car[9],226.65,415.430230033601,0.812798694148892
27.8,0,Highway.car[0],226.65,256.565463406426,11.2943767309315
27.8,11,Highway.car[1],223.35,154.048859762713,9.60293908997074
27.8,16,Highway.car[2],296.931774294921,223.35,9.66688004206895
27.8,23,Highway.car[3],152.97354562951,226.65,10.0079107462456
27.8,1,Highway.car[4],226.65,312.769100573115,8.91814233722781
27.8,17,Highway.car[5],340.766609933232,223.35,7.95179509584082
27.8,2,Highway.car[6],226.65,356.681203666174,6.52300752179065
27.8,3,Highway.car[7],226.65,384.495893899499,5.05737268916192
27.8,4,Highway.car[8],226.65,404.890766318213,3.23742305321506
27.8,5,Highway.car[9],226.65,415.34120478377,0.890252498314017
27.9,0,Highway.car[0],226.65,255.431124822324,11.3433858410208
27.9,11,Highway.car[1],223.35,155.009672338618,9.60812575905219
27.9,16,Highway.car[2],295.961920554986,223.35,9.69853739934071
27.9,23,Highway.car[3],153.978227662604,226.65,10.0468203309392
27.9,1,Highway.car[4],226.65,311.876031031645,8.93069541469832
27.9,17,Highway.car[5],339.964156117356,223.35,8.02453815875796
27.9,2,Highway.car[6],226.65,356.023264276806,6.57939389367887
27.9,3,Highway.car[7],226.65,383.985786300925,5.10107598573761
27.9,4,Highway.car[8],226.65,404.565851740787,3.24914577426276
27.9,5,Highway.car[9],226.65,415.25144323268,0.89761551089608
28,0,Highway.car[0],226.65,254.294125884807,11.369989375168
28,11,Highway.car[1],223.35,155.971182622865,9.61510284247443
28,16,Highway.car[2],294.991092427472,223.35,9.708281275146
28,23,Highway.car[3],154.989662670566,226.65,10.1143500796175
28,1,Highway.car[4],226.65,310.979654025819,8.96377005825435
28,17,Highway.car[5],339.159278393461,223.35,8.04877723895234
28,2,Highway.car[6],226.65,355.359313985134,6.63950291672089
28,3,Highway.car[7],226.65,383.470341064575,5.1544523635027
28,4,Highway.car[8],226.65,404.23461916247,3.31232578316591
28,5,Highway.car[9],226.65,415.160466647456,0.90976585224294
28.1,0,Highway.car[0],226.65,253.14993055801,11.4419532679706
28.1,11,Highway.car[1],223.35,156.93437393077,9.63191307904765
28.1,16,Highway.car[2],294.018501230089,223.35,9.72591197382688
28.1,23,Highway.car[3],156.007912822977,226.65,10.1825015241122
28.1,1,Highway.car[4],226.65,310.078845497356,9.00808528463041
28.1,17,Highway.car[5],338.35312615131,223.35,8.06152242150379
28.1,2,Highway.car[6],226.65,354.691050478027,6.68263507106641
28.1,3,Highway.car[7],226.65,382.953125441179,5.17215623396309
28.1,4,Highway.car[8],226.65,403.896456302137,3.38162860333807
28.1,5,Highway.car[9],226.65,415.067507872399,0.929587750565493
28.2,0,Highway.car[0],226.65,252.001250365749,11.4868019226133
28.2,11,Highway.car[1],223.35,157.901483070967,9.67109140197382
28.2,16,Highway.car[2],293.045329143014,223.35,9.73172087075218
28.2,23,Highway.car[3],157.026682479093,226.65,10.1876965611642
28.2,1,Highway.car[4],226.65,309.175455470202,9.03390027154853
28.2,17,Highway.car[5],337.541123943765,223.35,8.12002207545784
28.2,2,Highway.car[6],226.65,354.015902299882,6.75148178144657
28.2,3,Highway.car[7],226.65,382.433603021744,5.19522419434832
28.2,4,Highway.car[8],226.65,403.554597224553,3.41859077583886
28.2,5,Highway.car[9],226.65,414.973501562717,0.940063096825265
28.3,0,Highway.car[0],226.65,250.850439091727,11.5081127402126
28.3,11,Highway.car[1],223.35,158.869786902914,9.68303831946671
28.3,16,Highway.car[2],292.069772983594,223.35,9.75556159419968
28.3,23,Highway.car[3],158.051902044187,226.65,10.252195650938
28.3,1,Highway.car[4],226.65,308.270844570631,9.04610899570083
28.3,17,Highway.car[5],336.727143890109,223.35,8.13980053656024
28.3,2,Highway.car[6],226.65,353.337099702353,6.78802597529554
28.3,3,Highway.car[7],226.65,381.911787590996,5.21815430748137
28.3,4,Highway.car[8],226.65,403.209350627458,3.45246597094349
28.3,5,Highway.car[9],226.65,414.878864805257,0.946367574595147
28.4,0,Highway.car[0],226.65,249.69781004607,11.5262904565721
28.4,11,Highway.car[1],223.35,159.84163215486,9.71845251946345
28.4,16,Highway.car[2],291.086283215122,223.35,9.83489768471598
28.4,23,Highway.car[3],159.080644889633,226.65,10.2874284544615
28.4,1,Highway.car[4],226.65,307.359642741182,9.11201829448958
28.4,17,Highway.car[5],335.909010248413,223.35,8.18133641695825
28.4,2,Highway.car[6],226.65,352.658250603977,6.78849098376298
28.4,3,Highway.car[7],226.65,381.387810302324,5.2397728867163
28.4,4,Highway.car[8],226.65,402.863595252496,3.45755374962351
28.4,5,Highway.car[9],226.65,414.776828968402,1.02035836854973
28.5,0,Highway.car[0],226.65,248.538222673496,11.5958737257435
28.5,11,Highway.car[1],223.35,160.820844470195,9.79212315334574
28.5,16,Highway.car[2],290.095976647383,223.35,9.90306567739724
28.5,23,Highway.car[3],160.116725676996,226.65,10.3608078736281
28.5,1,Highway.car[4],226.65,306.443429894052,9.16212847130989
28.5,17,Highway.car[5],335.090659018143,223.35,8.18351230269519
28.5,2,Highway.car[6],226.65,351.978603341791,6.7964726218518
28.5,3,Highway.car[7],226.65,380.861579689043,5.26230613280879
28.5,4,Highway.car[8],226.65,402.512895369812,3.50699882684163
28.5,5,Highway.car[9],226.65,414.673113805803,1.03715162599483
28.6,0,Highway.car[0],226.65,247.376159827514,11.6206284598201
28.6,11,Highway.car[1],223.35,161.80095673196,9.80112261765272
28.6,16,Highway.car[2],289.102220796052,223.35,9.93755851330265
28.6,23,Highway.car[3],161.152850601986,226.65,10.361249249897
28.6,1,Highway.car[4],226.65,305.521944144538,9.21485749513527
28.6,17,Highway.car[5],334.271292763158,223.35,8.19366254985553
28.6,2,Highway.car[6],226.65,351.296193067014,6.82410274776929
28.6,3,Highway.car[7],226.65,380.334204184089,5.27375504954578
28.6,4,Highway.car[8],226.65,402.159561786742,3.53333583069853
28.6,5,Highway.car[9],226.65,414.561941215067,1.11172590736323
28.7,0,Highway.car[0],226.65,246.211451578726,11.6470824878788
28.7,11,Highway.car[1],223.35,162.78476953129,9.83812799329505
28.7,16,Highway.car[2],288.107367669472,223.35,9.94853126579925
28.7,23,Highway.car[3],162.195217155263,226.65,10.4236655327706
28.7,1,Highway.car[4],226.65,304.598143233414,9.23800911123549
28.7,17,Highway.car[5],333.448294841944,223.35,8.22997921213729
28.7,2,Highway.car[6],226.65,350.607048052125,6.89145014888906
28.7,3,Highway.car[7],226.65,379.801898745247,5.32305438841553
28.7,4,Highway.car[8],226.65,401.802338550913,3.57223235828689
28.7,5,Highway.car[9],226.65,414.450257700971,1.11683514095866
28.8,0,Highway.car[0],226.65,245.043764687256,11.676868914695
28.8,11,Highway.car[1],223.35,163.771545375235,9.86775843944967
28.8,16,Highway.car[2],287.111635983542,223.35,9.95731685930892
28.8,23,Highway.car[3],163.239790837329,226.65,10.4457368206633
28.8,1,Highway.car[4],226.65,303.672163950331,9.25979283083846
28.8,17,Highway.car[5],332.620874901025,223.35,8.27419940918905
28.8,2,Highway.car[6],226.65,349.913341782013,6.93706270112955
28.8,3,Highway.car[7],226.65,379.268362509745,5.33536235502781
28.8,4,Highway.car[8],226.65,401.440073108957,3.62265441955886
28.8,5,Highway.car[9],226.65,414.334680594167,1.15577106803679
28.9,0,Highway.car[0],226.65,243.875749280781,11.6801540647573
28.9,11,Highway.car[1],223.35,164.760828296117,9.89282920882672
28.9,16,Highway.car[2],286.108330185464,223.35,10.0330579807799
28.9,23,Highway.car[3],164.291617112857,226.65,10.5182627552776
28.9,1,Highway.car[4],226.65,302.740629912038,9.3153403829286
28.9,17,Highway.car[5],331.792013127443,223.35,8.28861773582396
28.9,2,Highway.car[6],226.65,349.218869197117,6.94472584895157
28.9,3,Highway.car[7],226.65,378.728828018005,5.39534491739096
28.9,4,Highway.car[8],226.65,401.070616941137,3.69456167820728
28.9,5,Highway.car[9],226.65,414.218581402399,1.16099191768118
29,0,Highway.car[0],226.65,242.706355879274,11.6939340150668
29,11,Highway.car[1],223.35,165.751018494109,9.90190197991774
29,16,Highway.car[2],285.097670889733,223.35,10.1065929573032
29,23,Highway.car[3],165.348718054081,226.65,10.571009412243
29,1,Highway.car[4],226.65,301.806154148567,9.3447576347055
29,17,Highway.car[5],330.956816444343,223.35,8.35196683099714
29,2,Highway.car[6],226.65,348.523079928043,6.95789269074165
29,3,Highway.car[7],226.65,378.187719746309,5.41108271696465
29,4,Highway.car[8],226.65,400.694727787559,3.75889153577275
29,5,Highway.car[9],226.65,414.095854040416,1.22727361982712
29.1,0,Highway.car[0],226.65,241.530735955785,11.7561992348856
29.1,11,Highway.car[1],223.35,166.745615742597,9.94597248487741
29.1,16,Highway.car[2],284.08322661131,223.35,10.1444427842277
29.1,23,Highway.car[3],166.41234326329,226.65,10.6362520920886
29.1,1,Highway.car[4],226.65,300.869815896816,9.36338251751532
29.1,17,Highway.car[5],330.118019556105,223.35,8.3879688823804
29.1,2,Highway.car[6],226.65,347.822541774179,7.00538153863811
29.1,3,Highway.car[7],226.65,377.644053667629,5.43666078680055
29.1,4,Highway.car[8],226.65,400.311312878424,3.83414909135438
29.1,5,Highway.car[9],226.65,413.967653044055,1.28200996361696
29.2,0,Highway.car[0],226.65,240.34907274754,11.8166320824563
29.2,11,Highway.car[1],223.35,167.742074935814,9.96459193217203
29.2,16,Highway.car[2],283.06555440613,223.35,10.1767220517996
29.2,23,Highway.car[3],167.476515628574,226.65,10.6417236528387
29.2,1,Highway.car[4],226.65,299.927641881766,9.42174015049507
29.2,17,Highway.car[5],329.278780792132,223.35,8.39238763973338
29.2,2,Highway.car[6],226.65,347.114417684606,7.08124089573809
29.2,3,Highway.car[7],226.65,377.099524237641,5.44529429987865
29.2,4,Highway.car[8],226.65,399.920991790797,3.90321087626628
29.2,5,Highway.car[9],226.65,413.831997345703,1.35655698351585
29.3,0,Highway.car[0],226.65,239.166323896051,11.8274885148867
29.3,11,Highway.car[1],223.35,168.739044544455,9.96969608640864
29.3,16,Highway.car[2],282.041847312139,223.35,10.2370709399137
29.3,23,Highway.car[3],168.546854376997,226.65,10.7033874842366
29.3,1,Highway.car[4],226.65,298.984522684626,9.43119197140132
29.3,17,Highway.car[5],328.432739935656,223.35,8.46040856475232
29.3,2,Highway.car[6],226.65,346.403071963319,7.11345721287021
29.3,3,Highway.car[7],226.65,376.549456451107,5.50067786534177
29.3,4,Highway.car[8],226.65,399.528041601054,3.92950189743078
29.3,5,Highway.car[9],226.65,413.695990170798,1.36007174905413
29.4,0,Highway.car[0],226.65,237.978695934524,11.8762796152695
29.4,11,Highway.car[1],223.35,169.742575857165,10.0353131271024
29.4,16,Highway.car[2],281.017264981705,223.35,10.2458233043368
29.4,23,Highway.car[3],169.617997722132,226.65,10.7114334513461
29.4,1,Highway.car[4],226.65,298.041376109106,9.43146575520431
29.4,17,Highway.car[5],327.585248214518,223.35,8.47491721138579
29.4,2,Highway.car[6],226.65,345.686772498671,7.16299464647957
29.4,3,Highway.car[7],226.65,375.998699920991,5.50756530116173
29.4,4,Highway.car[8],226.65,399.132716094825,3.95325506228841
29.4,5,Highway.car[9],226.65,413.555811633116,1.40178537681722
29.5,0,Highway.car[0],226.65,236.785377661977,11.9331827254719
29.5,11,Highway.car[1],223.35,170.748924117045,10.0634825987984
29.5,16,Highway.car[2],279.990012037739,223.35,10.2725294396657
29.5,23,Highway.car[3],170.695691280501,226.65,10.7769355836911
29.5,1,Highway.car[4],226.65,297.092899126266,9.48476982840022
29.5,17,Highway.car[5],326.736166091041,223.35,8.49082123477233
29.5,2,Highway.car[6],226.65,344.969933549194,7.16838949476668
29.5,3,Highway.car[7],226.65,375.444967975421,5.53731945569487
29.5,4,Highway.car[8],226.65,398.734825012269,3.97891082556806
29.5,5,Highway.car[9],226.65,413.408455548942,1.47356084173569
29.6,0,Highway.car[0],226.65,235.591235297451,11.9414236452556
29.6,11,Highway.car[1],223.35,171.757052636011,10.0812851896566
29.6,16,Highway.car[2],278.958058467945,223.35,10.319535697941
29.6,23,Highway.car[3],171.77362298145,226.65,10.779317009489
29.6,1,Highway.car[4],226.65,296.142691741848,9.5020738441745
29.6,17,Highway.car[5],325.884757092709,223.35,8.51408998331276
29.6,2,Highway.car[6],226.65,344.252380030741,7.17553518452981
29.6,3,Highway.car[7],226.65,374.887419082878,5.57548892543512
29.6,4,Highway.car[8],226.65,398.333446156306,4.01378855962193
29.6,5,Highway.car[9],226.65,413.256173740084,1.52281808858761
29.7,0,Highway.car[0],226.65,234.390591160166,12.0064413728504
29.7,11,Highway.car[1],223.35,172.77228094711,10.1522831109968
29.7,16,Highway.car[2],277.924992047758,223.35,10.3306642018634
29.7,23,Highway.car[3],172.858412869424,226.65,10.8478988797432
29.7,1,Highway.car[4],226.65,295.184623815491,9.58067926357185
29.7,17,Highway.car[5],325.027411199726,223.35,8.57345892982779
29.7,2,Highway.car[6],226.65,343.532475010795,7.19905019945764
29.7,3,Highway.car[7],226.65,374.327773732506,5.59645350371348
29.7,4,Highway.car[8],226.65,397.929717133671,4.03729022635034
29.7,5,Highway.car[9],226.65,413.102454183107,1.53719556976133
29.8,0,Highway.car[0],226.65,233.184977240579,12.056139195872
29.8,11,Highway.car[1],223.35,173.793804512554,10.215235654438
29.8,16,Highway.car[2],276.891643683768,223.35,10.3334836398999
29.8,23,Highway.car[3],173.946727529776,226.65,10.88314660352
29.8,1,Highway.car[4],226.65,294.219118872807,9.65504942684119
29.8,17,Highway.car[5],324.163139802536,223.35,8.6427139719039
29.8,2,Highway.car[6],226.65,342.807392087698,7.25082923096904
29.8,3,Highway.car[7],226.65,373.763727912148,5.6404582035807
29.8,4,Highway.car[8],226.65,397.519375276762,4.10341856909803
29.8,5,Highway.car[9],226.65,412.947081011769,1.55373171338835
29.9,0,Highway.car[0],226.65,231.971543636058,12.1343360452107
29.9,11,Highway.car[1],223.35,174.816827959703,10.2302344714907
29.9,16,Highway.car[2],275.854695607636,223.35,10.3694807613271
29.9,23,Highway.car[3],175.035971989709,226.65,10.8924445993295
29.9,1,Highway.car[4],226.65,293.251972284773,9.67146588033681
29.9,17,Highway.car[5],323.297582694514,223.35,8.65557108022494
29.9,2,Highway.car[6],226.65,342.079002444656,7.28389643042647
29.9,3,Highway.car[7],226.65,373.194353185517,5.69374726631539
29.9,4,Highway.car[8],226.65,397.107733302126,4.11641974635309
29.9,5,Highway.car[9],226.65,412.791373100244,1.55707911524945
30,0,Highway.car[0],226.65,230.750966038608,12.2057759744986
30,11,Highway.car[1],223.35,175.84719799505,10.3037003534716
30,16,Highway.car[2],274.81277736791,223.35,10.4191823972578
30,23,Highway.car[3],176.130340438712,226.65,10.9436844900278
30,1,Highway.car[4],226.65,292.281939545223,9.70032739550491
30,17,Highway.car[5],322.432018782127,223.35,8.65563912386296
30,2,Highway.car[6],226.65,341.345436502894,7.33565941761547
30,3,Highway.car[7],226.65,372.617719810661,5.76633374855714
30,4,Highway.car[8],226.65,396.691595756243,4.16137545883543
30,5,Highway.car[9],226.65,412.628021084521,1.63352015722566
30.1,0,Highway.car[0],226.65,229.526069927588,12.2489611102021
30.1,11,Highway.car[1],223.35,176.881154330106,10.3395633505528
30.1,16,Highway.car[2],273.76412816267,223.35,10.4864920523952
30.1,23,Highway.car[3],177.229347962534,226.65,10.9900752382194
30.1,1,Highway.car[4],226.65,291.309854923571,9.72084621651714
30.1,17,Highway.car[5],321.5604055892,223.35,8.71613192927313
30.1,2,Highway.car[6],226.65,340.607436479465,7.38000023429581
30.1,3,Highway.car[7],226.65,372.03329473168,5.84425078981416
30.1,4,Highway.car[8],226.65,396.272526362573,4.19069393670074
30.1,5,Highway.car[9],226.65,412.462657790948,1.65363293573284
30.2,0,Highway.car[0],226.65,228.297312199634,12.2875772795393
30.2,11,Highway.car[1],223.35,177.920642992938,10.3948866283205
30.2,16,Highway.car[2],272.713733343627,223.35,10.5039481904361
30.2,23,Highway.car[3],178.332977988979,226.65,11.0363002644507
30.2,1,Highway.car[4],226.65,290.335378485447,9.74476438124349
30.2,17,Highway.car[5],320.68374154048,223.35,8.76664048720372
30.2,2,Highway.car[6],226.65,339.865784014341,7.41652465123051
30.2,3,Highway.car[7],226.65,371.445251223423,5.88043508256646
30.2,4,Highway.car[8],226.65,395.850415601066,4.2211076150637
30.2,5,Highway.car[9],226.65,412.293067958634,1.69589832313382
30.3,0,Highway.car[0],226.65,227.065907248636,12.3140495099812
30.3,11,Highway.car[1],223.35,178.960715370661,10.4007237772328
30.3,16,Highway.car[2],271.658275130232,223.35,10.5545821339454
30.3,23,Highway.car[3],179.444320061369,226.65,11.113420723903
30.3,1,Highway.car[4],226.65,289.355931198365,9.79447287081426
30.3,17,Highway.car[5],319.800544410354,223.35,8.83197130125237
30.3,2,Highway.car[6],226.65,339.116571836492,7.49212177849674
30.3,3,Highway.car[7],226.65,370.855060003027,5.90191220396059
30.3,4,Highway.car[8],226.65,395.422642692103,4.2777290896315
30.3,5,Highway.car[9],226.65,412.119786962477,1.7328099615688
30.4,0,Highway.car[0],226.65,225.834077998472,12.3182925016372
30.4,11,Highway.car[1],223.35,180.002828863288,10.4211349262726
30.4,16,Highway.car[2],270.600892355446,223.35,10.5738277478626
30.4,23,Highway.car[3],180.562800070553,226.65,11.1848000918357
30.4,1,Highway.car[4],226.65,288.374263261648,9.81667936716845
30.4,17,Highway.car[5],318.914714734944,223.35,8.85829675410164
30.4,2,Highway.car[6],226.65,338.365727174396,7.50844662095719
30.4,3,Highway.car[7],226.65,370.259344659376,5.95715343651222
30.4,4,Highway.car[8],226.65,394.994191616706,4.28451075397319
30.4,5,Highway.car[9],226.65,411.938731788075,1.81055174402916
30.5,0,Highway.car[0],226.65,224.595728656196,12.3834934227667
30.5,11,Highway.car[1],223.35,181.047770177565,10.4494131427687
30.5,16,Highway.car[2],269.539966946504,223.35,10.6092540894186
30.5,23,Highway.car[3],181.68797149372,226.65,11.2517142316727
30.5,1,Highway.car[4],226.65,287.391897379426,9.82365882222225
30.5,17,Highway.car[5],318.027448348269,223.35,8.87266386674938
30.5,2,Highway.car[6],226.65,337.610769925821,7.54957248575353
30.5,3,Highway.car[7],226.65,369.660672115961,5.98672543414729
30.5,4,Highway.car[8],226.65,394.562300342244,4.3189127446141
30.5,5,Highway.car[9],226.65,411.753151192129,1.85580595945963
30.6,0,Highway.car[0],226.65,223.355502991989,12.4022566420711
30.6,11,Highway.car[1],223.35,182.096844244626,10.4907406706047
30.6,16,Highway.car[2],268.484672045197,223.35,10.5529490130691
30.6,23,Highway.car[3],182.814464602455,226.65,11.2649310873477
30.6,1,Highway.car[4],226.65,286.407578793197,9.84318586229031
30.6,17,Highway.car[5],317.137708324375,223.35,8.89740023894457
30.6,2,Highway.car[6],226.65,336.855171936365,7.55597989456096
30.6,3,Highway.car[7],226.65,369.056787284558,6.03884831403243
30.6,4,Highway.car[8],226.65,394.129660543238,4.32639799006171
30.6,5,Highway.car[9],226.65,411.56242080546,1.9073038666884
30.7,0,Highway.car[0],226.65,222.113530763825,12.4197222816325
30.7,11,Highway.car[1],223.35,183.148984524554,10.5214027992879
30.7,16,Highway.car[2],267.422254326035,223.35,10.6241771916224
30.7,23,Highway.car[3],183.948746826287,226.65,11.3428222383214
30.7,1,Highway.car[4],226.65,285.420511090857,9.87067702340578
30.7,17,Highway.car[5],316.24007982317,223.35,8.97628501204995
30.7,2,Highway.car[6],226.65,336.0951213132,7.60050623164811
30.7,3,Highway.car[7],226.65,368.449254045649,6.07533238909068
30.7,4,Highway.car[8],226.65,393.69316857852,4.36491964718214
30.7,5,Highway.car[9],226.65,411.371416874481,1.910039309785
30.8,0,Highway.car[0],226.65,220.865817702437,12.4771306138798
30.8,11,Highway.car[1],223.35,184.20457782161,10.5559329705556
30.8,16,Highway.car[2],266.367246578633,223.35,10.5500774740165
30.8,23,Highway.car[3],185.083723527737,226.65,11.3497670144988
30.8,1,Highway.car[4],226.65,284.432507654514,9.88003436342498
30.8,17,Highway.car[5],315.338584658889,223.35,9.01495164280978
30.8,2,Highway.car[6],226.65,335.331028777107,7.64092536093035
30.8,3,Highway.car[7],226.65,367.840662782152,6.08591263496177
30.8,4,Highway.car[8],226.65,393.251235736139,4.41932842381186
30.8,5,Highway.car[9],226.65,411.176257153395,1.95159721085825
30.9,0,Highway.car[0],226.65,219.614695908123,12.5112179431445
30.9,11,Highway.car[1],223.35,185.267777401438,10.6319957982805
30.9,16,Highway.car[2],265.306534094643,223.35,10.6071248399018
30.9,23,Highway.car[3],186.222571205749,226.65,11.3884767801156
30.9,1,Highway.car[4],226.65,283.437266182433,9.95241472080966
30.9,17,Highway.car[5],314.43636296585,223.35,9.02221693039161
30.9,2,Highway.car[6],226.65,334.562079688432,7.68949088675269
30.9,3,Highway.car[7],226.65,367.229131099593,6.11531682559149
30.9,4,Highway.car[8],226.65,392.803279216952,4.47956519186384
30.9,5,Highway.car[9],226.65,410.980183250842,1.96073902552971
31,0,Highway.car[0],226.65,218.363447648646,12.5124825947671
31,11,Highway.car[1],223.35,186.332527403797,10.6475000235867
31,16,Highway.car[2],264.246714695186,223.35,10.5981939945666
31,23,Highway.car[3],187.366854135078,226.65,11.4428292932948
31,1,Highway.car[4],226.65,282.441851700496,9.95414481936639
31,17,Highway.car[5],313.529206559188,223.35,9.07156406661717
31,2,Highway.car[6],226.65,333.785584016877,7.76495671554768
31,3,Highway.car[7],226.65,366.611272216968,6.17858882625448
31,4,Highway.car[8],226.65,392.351842893826,4.51436323126665
31,5,Highway.car[9],226.65,410.784076179629,1.96107071213448
31.1,0,Highway.car[0],226.65,217.104966910975,12.5848073767065
31.1,11,Highway.car[1],223.35,187.402035819992,10.6950841619503
31.1,16,Highway.car[2],263.185164311355,223.35,10.6155038383155
31.1,23,Highway.car[3],188.51648442723,226.65,11.496302921514
31.1,1,Highway.car[4],226.65,281.440774649747,10.0107705074983
31.1,17,Highway.car[5],312.616318335994,223.35,9.12888223193807
31.1,2,Highway.car[6],226.65,333.005585365339,7.79998651537412
31.1,3,Highway.car[7],226.65,365.993344099723,6.17928117244365
31.1,4,Highway.car[8],226.65,391.899773997679,4.52068896146378
31.1,5,Highway.car[9],226.65,410.584162410827,1.99913768801862
31.2,0,Highway.car[0],226.65,215.841153471411,12.6381343956417
31.2,11,Highway.car[1],223.35,188.475721790155,10.7368597016354
31.2,16,Highway.car[2],262.123450212146,223.35,10.61714099209
31.2,23,Highway.car[3],189.670851195197,226.65,11.543667679674
31.2,1,Highway.car[4],226.65,280.436886347453,10.0388830229329
31.2,17,Highway.car[5],311.695433164439,223.35,9.20885171555204
31.2,2,Highway.car[6],226.65,332.220545130638,7.85040234701076
31.2,3,Highway.car[7],226.65,365.370584839234,6.22759260489466
31.2,4,Highway.car[8],226.65,391.447074750912,4.52699246767796
31.2,5,Highway.car[9],226.65,410.381251374349,2.02911036478379
31.3,0,Highway.car[0],226.65,214.575994578942,12.6515889246887
31.3,11,Highway.car[1],223.35,189.553842715961,10.7812092580517
31.3,16,Highway.car[2],261.065125032233,223.35,10.5832517991325
31.3,23,Highway.car[3],190.827386242721,226.65,11.5653504752395
31.3,1,Highway.car[4],226.65,279.430071332995,10.0681501445795
31.3,17,Highway.car[5],310.772575991231,223.35,9.22857173208368
31.3,2,Highway.car[6],226.65,331.430919313677,7.89625816961118
31.3,3,Highway.car[7],226.65,364.740066176456,6.3051866277759
31.3,4,Highway.car[8],226.65,390.994183555557,4.52891195354871
31.3,5,Highway.car[9],226.65,410.171522877678,2.09728496670746
31.4,0,Highway.car[0],226.65,213.30822529945,12.6776927949241
31.4,11,Highway.car[1],223.35,190.636434019546,10.8259130358566
31.4,16,Highway.car[2],260.009338670187,223.35,10.5578636204562
31.4,23,Highway.car[3],191.989292597523,226.65,11.6190635480201
31.4,1,Highway.car[4],226.65,278.419884764936,10.1018656805964
31.4,17,Highway.car[5],309.847150507272,223.35,9.25425483959017
31.4,2,Highway.car[6],226.65,330.633388495597,7.97530818079897
31.4,3,Highway.car[7],226.65,364.106347475995,6.33718700461881
31.4,4,Highway.car[8],226.65,390.535641383626,4.58542171930782
31.4,5,Highway.car[9],226.65,409.959840398261,2.11682479416975
31.5,0,Highway.car[0],226.65,212.035760023157,12.7246527629285
31.5,11,Highway.car[1],223.35,191.722487033153,10.8605301360656
31.5,16,Highway.car[2],258.947388066822,223.35,10.6195060336514
31.5,23,Highway.car[3],193.152529037381,226.65,11.6323643985791
31.5,1,Highway.car[4],226.65,277.4022931146,10.1759165033573
31.5,17,Highway.car[5],308.918584764924,223.35,9.28565742347611
31.5,2,Highway.car[6],226.65,329.833219906084,8.00168589513117
31.5,3,Highway.car[7],226.65,363.470012576905,6.3633489908916
31.5,4,Highway.car[8],226.65,390.074727318625,4.6091406500142
31.5,5,Highway.car[9],226.65,409.740503510333,2.19336887927749
31.6,0,Highway.car[0],226.65,210.756865870215,12.7889415294244
31.6,11,Highway.car[1],223.35,192.812019816945,10.8953278379199
31.6,16,Highway.car[2],257.885281016422,223.35,10.6210705039947
31.6,23,Highway.car[3],194.31731401784,226.65,11.6478498045942
31.6,1,Highway.car[4],226.65,276.380342348252,10.2195076634796
31.6,17,Highway.car[5],307.986711678665,223.35,9.3187308625899
31.6,2,Highway.car[6],226.65,329.028419398321,8.04800507762768
31.6,3,Highway.car[7],226.65,362.828243851029,6.41768725876557
31.6,4,Highway.car[8],226.65,389.610439894647,4.64287423977516
31.6,5,Highway.car[9],226.65,409.515013392163,2.2549011817018
31.7,0,Highway.car[0],226.65,209.474767761886,12.8209810832827
31.7,11,Highway.car[1],223.35,193.908195298179,10.9617548123431
31.7,16,Highway.car[2],256.824617313477,223.35,10.606637029454
31.7,23,Highway.car[3],195.48675992722,226.65,11.6944590937933
31.7,1,Highway.car[4],226.65,275.351187530177,10.2915481807539
31.7,17,Highway.car[5],307.050284724246,223.35,9.36426954418642
31.7,2,Highway.car[6],226.65,328.220878944197,8.075404541244
31.7,3,Highway.car[7],226.65,362.185034989837,6.43208861191617
31.7,4,Highway.car[8],226.65,389.142666869151,4.67773025495819
31.7,5,Highway.car[9],226.65,409.287277673144,2.2773571901957
31.8,0,Highway.car[0],226.65,208.187505225281,12.8726253660521
31.8,11,Highway.car[1],223.35,195.009708866803,11.0151356862356
31.8,16,Highway.car[2],255.763523029565,223.35,10.6109428391157
31.8,23,Highway.car[3],196.661410031042,226.65,11.7465010382263
31.8,1,Highway.car[4],226.65,274.320849914649,10.3033761552783
31.8,17,Highway.car[5],306.107693181158,223.35,9.42591543087957
31.8,2,Highway.car[6],226.65,327.408919533864,8.11959410333374
31.8,3,Highway.car[7],226.65,361.540418449118,6.44616540719615
31.8,4,Highway.car[8],226.65,388.673109597017,4.69557272134236
31.8,5,Highway.car[9],226.65,409.054208244711,2.33069428432756
31.9,0,Highway.car[0],226.65,206.893696692954,12.9380853232681
31.9,11,Highway.car[1],223.35,196.115265805738,11.0555693893564
31.9,16,Highway.car[2],254.701564938646,223.35,10.6195809091924
31.9,23,Highway.car[3],197.842417461777,226.65,11.8100743073439
31.9,1,Highway.car[4],226.65,273.288715447631,10.3213446701752
31.9,17,Highway.car[5],305.158177610767,223.35,9.49515570391191
31.9,2,Highway.car[6],226.65,326.591598691049,8.17320842814931
31.9,3,Highway.car[7],226.65,360.891124239489,6.49294209628226
31.9,4,Highway.car[8],226.65,388.198112346227,4.74997250789664
31.9,5,Highway.car[9],226.65,408.814609342016,2.39598902694904
32,0,Highway.car[0],226.65,205.59839508828,12.9530160467452
32,11,Highway.car[1],223.35,197.22111536253,11.0584955679123
32,16,Highway.car[2],253.644293274868,223.35,10.5727166377863
32,23,Highway.car[3],199.027682363566,226.65,11.8526490178918
32,1,Highway.car[4],226.65,272.250767982283,10.3794746534774
32,17,Highway.car[5],304.207198127243,223.35,9.50979483524559
32,2,Highway.car[6],226.65,325.76786478085,8.23733910198623
32,3,Highway.car[7],226.65,360.23615322077,6.54971018719347
32,4,Highway.car[8],226.65,387.72157868426,4.76533661967031
32,5,Highway.car[9],226.65,408.570194571597,2.44414770418801
32.1,0,Highway.car[0],226.65,204.297242687901,13.0115240037939
32.1,11,Highway.car[1],223.35,198.328919859843,11.0780449731332
32.1,16,Highway.car[2],252.586834813044,223.35,10.5745846182404
32.1,23,Highway.car[3],200.217002866725,226.65,11.8932050315877
32.1,1,Highway.car[4],226.65,271.209986464429,10.4078151785458
32.1,17,Highway.car[5],303.25220669452,223.35,9.54991432722879
32.1,2,Highway.car[6],226.65,324.941702144204,8.26162636646369
32.1,3,Highway.car[7],226.65,359.575636054093,6.60517166676792
32.1,4,Highway.car[8],226.65,387.242933399284,4.78645284976697
32.1,5,Highway.car[9],226.65,408.322079053029,2.48115518568107
32.2,0,Highway.car[0],226.65,202.9900730839,13.0716960400096
32.2,11,Highway.car[1],223.35,199.444020385897,11.1510052605402
32.2,16,Highway.car[2],251.529712920836,223.35,10.5712189220747
32.2,23,Highway.car[3],201.409167418188,226.65,11.9216455146326
32.2,1,Highway.car[4],226.65,270.163718292332,10.4626817209708
32.2,17,Highway.car[5],302.29524522402,223.35,9.56961470499856
32.2,2,Highway.car[6],226.65,324.113199472191,8.28502672012263
32.2,3,Highway.car[7],226.65,358.911119830662,6.64516223431425
32.2,4,Highway.car[8],226.65,386.76058739533,4.82346003953255
32.2,5,Highway.car[9],226.65,408.070522245103,2.51556807925948
32.3,0,Highway.car[0],226.65,201.682568247032,13.0750483686789
32.3,11,Highway.car[1],223.35,200.561318463829,11.1729807793219
32.3,16,Highway.car[2],250.472275088766,223.35,10.5743783206975
32.3,23,Highway.car[3],202.602110375045,226.65,11.9294295685766
32.3,1,Highway.car[4],226.65,269.11351212842,10.5020616391177
32.3,17,Highway.car[5],301.330390335567,223.35,9.64854888452438
32.3,2,Highway.car[6],226.65,323.284397286036,8.2880218615506
32.3,3,Highway.car[7],226.65,358.246308126508,6.64811704153987
32.3,4,Highway.car[8],226.65,386.27463638667,4.85951008660606
32.3,5,Highway.car[9],226.65,407.811441561289,2.59080683814385
32.4,0,Highway.car[0],226.65,200.370732300808,13.1183594622402
32.4,11,Highway.car[1],223.35,201.681011885363,11.196934215339
32.4,16,Highway.car[2],249.414964859454,223.35,10.5731022931187
32.4,23,Highway.car[3],203.797889689843,226.65,11.9577931479765
32.4,1,Highway.car[4],226.65,268.059227569605,10.5428455881464
32.4,17,Highway.car[5],300.363398793682,223.35,9.66991541885061
32.4,2,Highway.car[6],226.65,322.449727763267,8.34669522769117
32.4,3,Highway.car[7],226.65,357.577001806734,6.69306319773989
32.4,4,Highway.car[8],226.65,385.786979914995,4.87656471675149
32.4,5,Highway.car[9],226.65,407.552262743571,2.59178817717382
32.5,0,Highway.car[0],226.65,199.051665907394,13.1906639341391
32.5,11,Highway.car[1],223.35,202.806865608895,11.2585372353216
32.5,16,Highway.car[2],248.35365818306,223.35,10.6130667639448
32.5,23,Highway.car[3],204.998511158449,226.65,12.0062146860575
32.5,1,Highway.car[4],226.65,267.002428487525,10.5679908208052
32.5,17,Highway.car[5],299.389705404637,223.35,9.73693389045296
32.5,2,Highway.car[6],226.65,321.610517581698,8.39210181569049
32.5,3,Highway.car[7],226.65,356.906502460087,6.70499346646341
32.5,4,Highway.car[8],226.65,385.298340645903,4.88639269091076
32.5,5,Highway.car[9],226.65,407.2924832627,2.59779480870837
32.6,0,Highway.car[0],226.65,197.731617925346,13.2004798204764
32.6,11,Highway.car[1],223.35,203.934275201824,11.2740959292893
32.6,16,Highway.car[2],247.293301350488,223.35,10.6035683257243
32.6,23,Highway.car[3],206.200292138097,226.65,12.0178097964851
32.6,1,Highway.car[4],226.65,265.944452683,10.5797580452511
32.6,17,Highway.car[5],298.414670962417,223.35,9.75034442220104
32.6,2,Highway.car[6],226.65,320.769216143185,8.41301438513511
32.6,3,Highway.car[7],226.65,356.229906507015,6.76595953072282
32.6,4,Highway.car[8],226.65,384.80187435741,4.96466288493833
32.6,5,Highway.car[9],226.65,407.025799026636,2.66684236064577
32.7,0,Highway.car[0],226.65,196.40808601912,13.2353190622604
32.7,11,Highway.car[1],223.35,205.065531409937,11.3125620811303
32.7,16,Highway.car[2],246.238712563499,223.35,10.5458878698869
32.7,23,Highway.car[3],207.403821832668,226.65,12.0352969457051
32.7,1,Highway.car[4],226.65,264.885825151962,10.5862753103735
32.7,17,Highway.car[5],297.439336484044,223.35,9.75334478372929
32.7,2,Highway.car[6],226.65,319.922055551967,8.47160591217989
32.7,3,Highway.car[7],226.65,355.551848571773,6.78057935242402
32.7,4,Highway.car[8],226.65,384.299511815369,5.02362542040533
32.7,5,Highway.car[9],226.65,406.75131028792,2.74488738715672
32.8,0,Highway.car[0],226.65,195.07968738058,13.2839863854027
32.8,11,Highway.car[1],223.35,206.19826213062,11.3273072068264
32.8,16,Highway.car[2],245.1833792229,223.35,10.5533334059937
32.8,23,Highway.car[3],208.609511281468,226.65,12.0568944880022
32.8,1,Highway.car[4],226.65,263.822854991824,10.6297016013848
32.8,17,Highway.car[5],296.459451915306,223.35,9.79884568738041
32.8,2,Highway.car[6],226.65,319.068731884245,8.53323667721191
32.8,3,Highway.car[7],226.65,354.873465689106,6.78382882666635
32.8,4,Highway.car[8],226.65,383.793290689949,5.0622112542007
32.8,5,Highway.car[9],226.65,406.475800143239,2.75510144680762
32.9,0,Highway.car[0],226.65,193.749767668005,13.2991971257455
32.9,11,Highway.car[1],223.35,207.334270485947,11.3600835532752
32.9,16,Highway.car[2],244.12176604433,223.35,10.6161317856906
32.9,23,Highway.car[3],209.822096546529,226.65,12.1258526506116
32.9,1,Highway.car[4],226.65,262.756273647563,10.6658134426052
32.9,17,Highway.car[5],295.47754311126,223.35,9.81908804046211
32.9,2,Highway.car[6],226.65,318.21021077617,8.58521108075345
32.9,3,Highway.car[7],226.65,354.194078775873,6.79386913233297
32.9,4,Highway.car[8],226.65,383.279108568259,5.1418212169025
32.9,5,Highway.car[9],226.65,406.199071137111,2.76729006128409
33,0,Highway.car[0],226.65,192.414457022755,13.3531064525
33,11,Highway.car[1],223.35,208.470836709226,11.3656622327921
33,16,Highway.car[2],243.062116503115,223.35,10.5964954121521
33,23,Highway.car[3],211.04040924248,226.65,12.1831269595055
33,1,Highway.car[4],226.65,261.688874472377,10.6739917518633
33,17,Highway.car[5],294.494995273836,223.35,9.82547837423382
33,2,Highway.car[6],226.65,317.347095824933,8.63114951237404
33,3,Highway.car[7],226.65,353.510497508167,6.83581267705979
33,4,Highway.car[8],226.65,382.760058080748,5.19050487510747
33,5,Highway.car[9],226.65,405.921400906056,2.77670231055492
33.1,0,Highway.car[0],226.65,191.07678067821,13.3767634454495
33.1,11,Highway.car[1],223.35,209.612628708504,11.4179199927729
33.1,16,Highway.car[2],242.000874064019,223.35,10.6124243909603
33.1,23,Highway.car[3],212.259862437182,226.65,12.1945319470232
33.1,1,Highway.car[4],226.65,260.614766844182,10.7410762819523
33.1,17,Highway.car[5],293.505962061735,223.35,9.89033212101308
33.1,2,Highway.car[6],226.65,316.482932414015,8.64163410918155
33.1,3,Highway.car[7],226.65,352.823075402261,6.8742210590546
33.1,4,Highway.car[8],226.65,382.235103946897,5.24954133851341
33.1,5,Highway.car[9],226.65,405.642116146201,2.79284759854921
33.2,0,Highway.car[0],226.65,189.731825094568,13.4495558364256
33.2,11,Highway.car[1],223.35,210.756593333259,11.4396462475565
33.2,16,Highway.car[2],240.944380758089,223.35,10.5649330593011
33.2,23,Highway.car[3],213.48236729799,226.65,12.2250486080749
33.2,1,Highway.car[4],226.65,259.5362923549,10.7847448928157
33.2,17,Highway.car[5],292.512803706203,223.35,9.93158355532435
33.2,2,Highway.car[6],226.65,315.61758965535,8.6534275866423
33.2,3,Highway.car[7],226.65,352.129939219597,6.93136182664754
33.2,4,Highway.car[8],226.65,381.706700650907,5.28403295989967
33.2,5,Highway.car[9],226.65,405.355343684019,2.8677246218177
33.3,0,Highway.car[0],226.65,188.378876138982,13.5294895558557
33.3,11,Highway.car[1],223.35,211.903998511401,11.4740517814142
33.3,16,Highway.car[2],239.885253665198,223.35,10.5912709289154
33.3,23,Highway.car[3],214.707664572969,226.65,12.2529727497911
33.3,1,Highway.car[4],226.65,258.451022360084,10.8526999481643
33.3,17,Highway.car[5],291.512770308461,223.35,10.0003339774184
33.3,2,Highway.car[6],226.65,314.751932719685,8.65656935665125
33.3,3,Highway.car[7],226.65,351.435173328428,6.94765891169058
33.3,4,Highway.car[8],226.65,381.171917862036,5.34782788870744
33.3,5,Highway.car[9],226.65,405.063821150876,2.91522533142963
33.4,0,Highway.car[0],226.65,187.024600925419,13.5427521356321
33.4,11,Highway.car[1],223.35,213.053724404815,11.4972589341421
33.4,16,Highway.car[2],238.830271977071,223.35,10.5498168812616
33.4,23,Highway.car[3],215.93350883295,226.65,12.2584425998134
33.4,1,Highway.car[4],226.65,257.36444406654,10.8657829354393
33.4,17,Highway.car[5],290.510633235827,223.35,10.0213707263417
33.4,2,Highway.car[6],226.65,313.884163274037,8.67769445647785
33.4,3,Highway.car[7],226.65,350.738519381735,6.96653946692916
33.4,4,Highway.car[8],226.65,380.634962325207,5.36955536829195
33.4,5,Highway.car[9],226.65,404.769527743305,2.94293407570594
33.5,0,Highway.car[0],226.65,185.662742105285,13.6185882013417
33.5,11,Highway.car[1],223.35,214.204080249373,11.5035584455785
33.5,16,Highway.car[2],237.770668705109,223.35,10.5960327196231
33.5,23,Highway.car[3],217.163430654496,226.65,12.2992182154609
33.5,1,Highway.car[4],226.65,256.271421238076,10.9302282846408
33.5,17,Highway.car[5],289.501542814956,223.35,10.0909042087033
33.5,2,Highway.car[6],226.65,313.014025867104,8.70137406933421
33.5,3,Highway.car[7],226.65,350.034464949606,7.04054432128417
33.5,4,Highway.car[8],226.65,380.096049670926,5.3891265428055
33.5,5,Highway.car[9],226.65,404.471348698518,2.98179044786864
33.6,0,Highway.car[0],226.65,184.293652978028,13.6908912725686
33.6,11,Highway.car[1],223.35,215.359407928819,11.5532767944653
33.6,16,Highway.car[2],236.710425720219,223.35,10.6024298489018
33.6,23,Highway.car[3],218.398662334471,226.65,12.352316799744
33.6,1,Highway.car[4],226.65,255.172528419047,10.9889281902896
33.6,17,Highway.car[5],288.489110549045,223.35,10.1243226591147
33.6,2,Highway.car[6],226.65,312.141863373237,8.72162493867168
33.6,3,Highway.car[7],226.65,349.328715919254,7.05749030352431
33.6,4,Highway.car[8],226.65,379.549485455901,5.46564215024821
33.6,5,Highway.car[9],226.65,404.169897250091,3.01451448427537
33.7,0,Highway.car[0],226.65,182.916744273982,13.7690870404555
33.7,11,Highway.car[1],223.35,216.520836224373,11.614282955533
33.7,16,Highway.car[2],235.648795016372,223.35,10.616307038471
33.7,23,Highway.car[3],219.637482079095,226.65,12.3881974462448
33.7,1,Highway.car[4],226.65,254.068307524717,11.0422089432987
33.7,17,Highway.car[5],287.472955972156,223.35,10.1615457688853
33.7,2,Highway.car[6],226.65,311.26968963226,8.7217374097679
33.7,3,Highway.car[7],226.65,348.616681188932,7.12034730321588
33.7,4,Highway.car[8],226.65,378.997200031198,5.52285424703619
33.7,5,Highway.car[9],226.65,403.868083316968,3.01813933122927
33.8,0,Highway.car[0],226.65,181.537015930554,13.7972834342844
33.8,11,Highway.car[1],223.35,217.686699607802,11.6586338342969
33.8,16,Highway.car[2],234.593391834799,223.35,10.5540318157262
33.8,23,Highway.car[3],220.884008097896,226.65,12.4652601880049
33.8,1,Highway.car[4],226.65,252.95900685516,11.093006695571
33.8,17,Highway.car[5],286.4550689836,223.35,10.1788698855623
33.8,2,Highway.car[6],226.65,310.393016344625,8.76673287635037
33.8,3,Highway.car[7],226.65,347.897928048031,7.18753140901076
33.8,4,Highway.car[8],226.65,378.443267153082,5.53932878116033
33.8,5,Highway.car[9],226.65,403.563610132123,3.04473184844502
33.9,0,Highway.car[0],226.65,180.154860950595,13.8215497995852
33.9,11,Highway.car[1],223.35,218.855137490105,11.684378823029
33.9,16,Highway.car[2],233.534672473802,223.35,10.5871936099714
33.9,23,Highway.car[3],222.136070637078,226.65,12.5206253918288
33.9,1,Highway.car[4],226.65,251.848858317902,11.101485372583
33.9,17,Highway.car[5],285.432175140552,223.35,10.2289384304754
33.9,2,Highway.car[6],226.65,309.513318587126,8.79697757498661
33.9,3,Highway.car[7],226.65,347.172105069819,7.25822978212359
33.9,4,Highway.car[8],226.65,377.882172742932,5.61094410149268
33.9,5,Highway.car[9],226.65,403.259120400473,3.04489731650823
34,0,Highway.car[0],226.65,178.770256982471,13.8460396812484
34,11,Highway.car[1],223.35,220.027678035877,11.7254054577147
34,16,Highway.car[2],232.476104238743,223.35,10.5856823505944
34,23,Highway.car[3],223.390428286371,226.65,12.5435764929307
34,1,Highway.car[4],226.65,250.735034607647,11.1382371025408
34,17,Highway.car[5],284.404537651816,223.35,10.2763748873606
34,2,Highway.car[6],226.65,308.629978134156,8.83340452970305
34,3,Highway.car[7],226.65,346.443749692483,7.28355377335893
34,4,Highway.car[8],226.65,377.319618370635,5.62554372297487
34,5,Highway.car[9],226.65,402.950082015638,3.09038384834328
34.1,0,Highway.car[0],226.65,177.388021810733,13.8223517173715
34.1,11,Highway.car[1],223.35,221.203098585652,11.7542054977511
34.1,16,Highway.car[2],231.419161169611,223.35,10.5694306913128
34.1,23,Highway.car[3],224.648630803837,226.65,12.5820251746503
34.1,1,Highway.car[4],226.65,249.614529257974,11.2050534967395
34.1,17,Highway.car[5],283.374212522652,223.35,10.303251291646
34.1,2,Highway.car[6],226.65,307.744584638919,8.85393495236823
34.1,3,Highway.car[7],226.65,345.713285439777,7.30464252705546
34.1,4,Highway.car[8],226.65,376.749150083208,5.70468287426866
34.1,5,Highway.car[9],226.65,402.63809889084,3.11983124798187
34.2,0,Highway.car[0],226.65,176.005819735066,13.8220207566768
34.2,11,Highway.car[1],223.35,222.384161815388,11.8106322973651
34.2,16,Highway.car[2],230.358446650676,223.35,10.6071451893559
34.2,23,Highway.car[3],225.912473989366,226.65,12.6384318552939
34.2,1,Highway.car[4],226.65,248.493350952049,11.2117830592455
34.2,17,Highway.car[5],282.337205157041,223.35,10.3700736561067
34.2,2,Highway.car[6],226.65,306.852176602872,8.92408036046961
34.2,3,Highway.car[7],226.65,344.979168205666,7.34117234111624
34.2,4,Highway.car[8],226.65,376.170908663912,5.78241419296599
34.2,5,Highway.car[9],226.65,402.320426467127,3.17672423712933
34.3,0,Highway.car[0],226.65,174.624196109618,13.8162362544797
34.3,11,Highway.car[1],223.35,223.57177082295,11.8760900756215
34.3,16,Highway.car[2],229.299482335329,223.35,10.5896431534661
34.3,23,Highway.car[3],227.178170793634,226.65,12.6569680426856
34.3,1,Highway.car[4],226.65,247.369643436302,11.2370751574697
34.3,17,Highway.car[5],281.298089828479,223.35,10.3911532856174
34.3,2,Highway.car[6],226.65,305.954919850976,8.97256751896182
34.3,3,Highway.car[7],226.65,344.243527648633,7.3564055703287
34.3,4,Highway.car[8],226.65,375.591738563895,5.79170100016407
34.3,5,Highway.car[9],226.65,401.998460186143,3.21966280983784
34.4,0,Highway.car[0],226.65,173.237318648164,13.868774614539
34.4,11,Highway.car[1],223.35,224.76313513649,11.9136431353968
34.4,16,Highway.car[2],228.24167138169,223.35,10.5781095363869
34.4,23,Highway.car[3],228.447392879619,226.65,12.692220859847
34.4,1,Highway.car[4],226.65,246.241599135013,11.2804430128882
34.4,17,Highway.car[5],280.254222630638,223.35,10.4386719784163
34.4,2,Highway.car[6],226.65,305.054484262896,9.00435588079804
34.4,3,Highway.car[7],226.65,343.503221621235,7.40306027398305
34.4,4,Highway.car[8],226.65,375.005102134464,5.86636429430804
34.4,5,Highway.car[9],226.65,401.671543529334,3.26916656808951
34.5,0,Highway.car[0],226.65,171.85352763141,13.8379101675376
34.5,11,Highway.car[1],223.35,225.955745579293,11.9261044280288
34.5,16,Highway.car[2],227.186254675328,223.35,10.5541670636198
34.5,23,Highway.car[3],229.718301199685,226.65,12.7090832006587
34.5,1,Highway.car[4],226.65,245.107910001098,11.336891339148
34.5,17,Highway.car[5],279.209583123277,223.35,10.4463950736098
34.5,2,Highway.car[6],226.65,304.150087160979,9.04397101917604
34.5,3,Highway.car[7],226.65,342.755080761201,7.48140860033082
34.5,4,Highway.car[8],226.65,374.41545609837,5.89646036093942
34.5,5,Highway.car[9],226.65,401.337646302129,3.3389722720536
34.6,0,Highway.car[0],226.65,170.468054577983,13.8547305342741
34.6,11,Highway.car[1],223.35,227.154823855812,11.990782765193
34.6,16,Highway.car[2],226.130920385123,223.35,10.5533429020567
34.6,23,Highway.car[3],230.996414798004,226.65,12.7811359831905
34.6,1,Highway.car[4],226.65,243.971944557475,11.3596544362294
34.6,17,Highway.car[5],278.162981820644,223.35,10.4660130263328
34.6,2,Highway.car[6],226.65,303.242232666214,9.07854494764769
34.6,3,Highway.car[7],226.65,342.006569930986,7.48510830215039
34.6,4,Highway.car[8],226.65,373.822140041415,5.93316056955493
34.6,5,Highway.car[9],226.65,400.997989397458,3.39656904671365
34.7,0,Highway.car[0],226.65,169.08218842551,13.8586615247279
34.7,11,Highway.car[1],223.35,228.354791213704,11.9996735789125
34.7,16,Highway.car[2],225.076039683313,223.35,10.5488070180936
34.7,23,Highway.car[3],232.281829599188,226.65,12.8541480118437
34.7,1,Highway.car[4],226.65,242.829684682028,11.4225987544717
34.7,17,Highway.car[5],277.110437402791,223.35,10.5254441785276
34.7,2,Highway.car[6],226.65,302.334290909493,9.07941756720954
34.7,3,Highway.car[7],226.65,341.256163391434,7.50406539552706
34.7,4,Highway.car[8],226.65,373.226775566936,5.95364474478997
34.7,5,Highway.car[9],226.65,400.655712426067,3.42276971390494
34.8,0,Highway.car[0],226.65,167.700235508577,13.8195291693322
34.8,11,Highway.car[1],223.35,229.562215368748,12.07424155044
34.8,16,Highway.car[2],224.020655929145,223.35,10.5538375416881
34.8,23,Highway.car[3],233.570348870227,226.65,12.8851927103875
34.8,1,Highway.car[4],226.65,241.687002393195,11.4268228883358
34.8,17,Highway.car[5],276.055750914158,223.35,10.5468648863233
34.8,2,Highway.car[6],226.65,301.423812852342,9.10478057151029
34.8,3,Highway.car[7],226.65,340.499493446152,7.56669945281791
34.8,4,Highway.car[8],226.65,372.624567418637,6.02208148298673
34.8,5,Highway.car[9],226.65,400.313329885621,3.42382540445798
34.9,0,Highway.car[0],226.65,166.316570499113,13.8366500946321
34.9,11,Highway.car[1],223.35,230.771184953176,12.0896958442834
34.9,16,Highway.car[2],222.965758152741,223.35,10.5489777640364
34.9,23,Highway.car[3],234.865024324499,226.65,12.9467545427223
34.9,1,Highway.car[4],226.65,240.541314827035,11.4568756615991
34.9,17,Highway.car[5],274.998729587309,223.35,10.5702132684946
34.9,2,Highway.car[6],226.65,300.510757138318,9.13055714023599
34.9,3,Highway.car[7],226.65,339.739676872144,7.59816574008065
34.9,4,Highway.car[8],226.65,372.016904987658,6.07662430979199
34.9,5,Highway.car[9],226.65,399.965723739055,3.47606146566593
35,0,Highway.car[0],226.65,164.933461360753,13.8310913836025
35,11,Highway.car[1],223.35,231.987409671328,12.1622471815218
35,16,Highway.car[2],221.909768852539,223.35,10.5598930020182
35,23,Highway.car[3],236.162436876709,226.65,12.9741255220985
35,1,Highway.car[4],226.65,239.388296033243,11.5301879379215
35,17,Highway.car[5],273.938864746354,223.35,10.5986484095476
35,2,Highway.car[6],226.65,299.595055522658,9.15701615660751
35,3,Highway.car[7],226.65,338.976215680578,7.6346119156559
35,4,Highway.car[8],226.65,371.408861617665,6.08043369993455
35,5,Highway.car[9],226.65,399.618059903319,3.47663835736015
