timestamp_s,ue_id,demand_class,serving_gnb,active_ues_same_gnb,raw_feedback_timestamp_s,achievable_kbps_if_all_budget_assigned,effective_capacity_kbps,ewma_capacity_kbps,buffer_s,previous_quality,next_quality,stalled
0.2,0,conservative,gnb_2,1,0.294,8120.000000,8120.000000,3897.600000,7.160000,0,1,0
0.3,0,conservative,gnb_2,1,0.396,8120.000000,8120.000000,4826.528000,8.536364,1,2,0
0.4,0,conservative,gnb_2,1,0.498,8120.000000,8120.000000,5551.091840,8.977697,2,3,0
0.5,0,conservative,gnb_2,1,0.594,8120.000000,8120.000000,6116.251635,9.148364,3,4,0
0.6,0,conservative,gnb_2,1,0.696,8120.000000,8120.000000,6557.076275,9.188364,4,4,0
0.7,0,conservative,gnb_2,1,0.798,8120.000000,8120.000000,6900.919495,9.228364,4,4,0
0.8,0,conservative,gnb_2,1,0.894,8120.000000,8120.000000,7169.117206,9.268364,4,4,0
0.9,0,conservative,gnb_2,1,0.996,8120.000000,8120.000000,7378.311421,9.308364,4,4,0
1.0,0,conservative,gnb_2,1,1.098,8120.000000,8120.000000,7541.482908,9.348364,4,4,0
1.1,0,conservative,gnb_2,1,1.194,8120.000000,8120.000000,7668.756668,9.388364,4,4,0
1.2,0,conservative,gnb_2,1,1.296,8120.000000,8120.000000,7768.030201,9.428364,4,4,0
1.3,0,conservative,gnb_2,1,1.398,8120.000000,8120.000000,7845.463557,9.468364,4,4,0
1.4,0,conservative,gnb_2,1,1.494,8120.000000,8120.000000,7905.861574,9.508364,4,4,0
1.5,0,conservative,gnb_2,1,1.596,8120.000000,8120.000000,7952.972028,9.548364,4,4,0
1.6,0,conservative,gnb_2,1,1.698,8120.000000,8120.000000,7989.718182,9.588364,4,4,0
1.7,0,conservative,gnb_2,1,1.794,8120.000000,8120.000000,8018.380182,9.628364,4,4,0
1.8,0,conservative,gnb_2,1,1.896,8120.000000,8120.000000,8040.736542,9.668364,4,4,0
1.9,0,conservative,gnb_2,1,1.998,8120.000000,8120.000000,8058.174503,9.708364,4,4,0
2.0,0,conservative,gnb_2,1,2.094,8120.000000,8120.000000,8071.776112,9.748364,4,4,0
2.1,0,conservative,gnb_2,1,2.196,8120.000000,8120.000000,8082.385367,9.788364,4,4,0
2.2,0,conservative,gnb_2,1,2.298,8120.000000,8120.000000,8090.660587,9.828364,4,4,0
2.3,0,conservative,gnb_2,1,2.394,8120.000000,8120.000000,8097.115258,9.868364,4,4,0
2.4,0,conservative,gnb_2,1,2.496,8120.000000,8120.000000,8102.149901,9.908364,4,4,0
2.5,0,conservative,gnb_2,1,2.598,7896.000000,7896.000000,8056.796923,9.944502,4,4,0
2.6,0,conservative,gnb_2,1,2.694,7896.000000,7896.000000,8021.421600,9.980639,4,4,0
2.7,0,conservative,gnb_2,1,2.796,7896.000000,7896.000000,7993.828848,10.016777,4,4,0
2.8,0,conservative,gnb_2,1,2.898,7896.000000,7896.000000,7972.306501,10.052915,4,4,0
2.9,0,conservative,gnb_2,1,2.994,7928.000000,7928.000000,7962.559071,10.089605,4,4,0
3.0,0,conservative,gnb_2,2,3.096,7960.000000,3980.000000,7086.396075,10.058226,4,3,0
3.1,0,conservative,gnb_2,2,3.198,7960.000000,3980.000000,6402.988939,10.090892,3,3,0
3.2,0,conservative,gnb_2,2,3.294,7608.000000,3804.000000,5831.211372,10.117692,3,3,0
3.3,0,conservative,gnb_2,2,3.396,7608.000000,3804.000000,5385.224870,10.144492,3,3,0
3.4,0,conservative,gnb_2,2,3.498,7608.000000,3804.000000,5037.355399,10.171292,3,3,0
3.5,0,conservative,gnb_2,2,3.594,7608.000000,3804.000000,4766.017211,10.198092,3,3,0
3.6,0,conservative,gnb_2,2,3.696,7608.000000,3804.000000,4554.373425,10.224892,3,3,0
3.7,0,conservative,gnb_2,2,3.798,7608.000000,3804.000000,4389.291271,10.251692,3,3,0
3.8,0,conservative,gnb_2,2,3.894,8024.000000,4012.000000,4306.287192,10.285426,3,3,0
3.9,0,conservative,gnb_2,2,3.996,8024.000000,4012.000000,4241.544009,10.319159,3,3,0
4.0,0,conservative,gnb_2,2,4.098,8024.000000,4012.000000,4191.044327,10.352892,3,3,0
4.1,0,conservative,gnb_2,2,4.194,8024.000000,4012.000000,4151.654575,10.386626,3,3,0
4.2,0,conservative,gnb_2,2,4.296,8024.000000,4012.000000,4120.930569,10.420359,3,3,0
4.3,0,conservative,gnb_2,2,4.398,8024.000000,4012.000000,4096.965844,10.454092,3,3,0
4.4,0,conservative,gnb_2,2,4.494,8120.000000,4060.000000,4088.833358,10.489426,3,3,0
4.5,0,conservative,gnb_2,2,4.596,8120.000000,4060.000000,4082.490019,10.524759,3,3,0
4.6,0,conservative,gnb_2,2,4.698,8120.000000,4060.000000,4077.542215,10.560092,3,3,0
4.7,0,conservative,gnb_2,2,4.794,8120.000000,4060.000000,4073.682928,10.595426,3,3,0
4.8,0,conservative,gnb_2,2,4.896,8120.000000,4060.000000,4070.672684,10.630759,3,3,0
4.9,0,conservative,gnb_2,2,4.998,8120.000000,4060.000000,4068.324693,10.666092,3,3,0
5.0,0,conservative,gnb_2,2,5.094,8120.000000,4060.000000,4066.493261,10.701426,3,3,0
5.1,0,conservative,gnb_2,2,5.196,8120.000000,4060.000000,4065.064743,10.736759,3,3,0
5.2,0,conservative,gnb_2,2,5.298,8120.000000,4060.000000,4063.950500,10.772092,3,3,0
5.3,0,conservative,gnb_2,2,5.394,8120.000000,4060.000000,4063.081390,10.807426,3,3,0
5.4,0,conservative,gnb_2,2,5.496,8120.000000,4060.000000,4062.403484,10.842759,3,3,0
5.5,0,conservative,gnb_2,2,5.598,8120.000000,4060.000000,4061.874718,10.878092,3,3,0
5.6,0,conservative,gnb_2,2,5.694,8120.000000,4060.000000,4061.462280,10.913426,3,3,0
5.7,0,conservative,gnb_2,2,5.796,8120.000000,4060.000000,4061.140578,10.948759,3,3,0
5.8,0,conservative,gnb_2,2,5.898,8120.000000,4060.000000,4060.889651,10.984092,3,3,0
5.9,0,conservative,gnb_2,2,5.994,8120.000000,4060.000000,4060.693928,11.019426,3,3,0
6.0,0,conservative,gnb_2,2,6.096,8120.000000,4060.000000,4060.541264,11.054759,3,3,0
6.1,0,conservative,gnb_2,3,6.198,8120.000000,2706.666667,3762.688852,11.044981,3,2,0
6.2,0,conservative,gnb_2,3,6.294,8120.000000,2706.666667,3530.363971,11.125426,2,2,0
6.3,0,conservative,gnb_2,3,6.396,8120.000000,2706.666667,3349.150564,11.205870,2,2,0
6.4,0,conservative,gnb_2,3,6.498,8120.000000,2706.666667,3207.804107,11.286315,2,2,0
6.5,0,conservative,gnb_2,3,6.594,8120.000000,2706.666667,3097.553870,11.366759,2,2,0
6.6,0,conservative,gnb_2,3,6.696,8120.000000,2706.666667,3011.558685,11.447203,2,2,0
6.7,0,conservative,gnb_2,3,6.798,8120.000000,2706.666667,2944.482441,11.527648,2,2,0
6.8,0,conservative,gnb_2,3,6.894,8120.000000,2706.666667,2892.162971,11.608092,2,2,0
6.9,0,conservative,gnb_2,3,6.996,8120.000000,2706.666667,2851.353784,11.688537,2,2,0
7.0,0,conservative,gnb_2,3,7.098,8120.000000,2706.666667,2819.522618,11.768981,2,2,0
7.1,0,conservative,gnb_2,3,7.194,8120.000000,2706.666667,2794.694309,11.849426,2,2,0
7.2,0,conservative,gnb_2,3,7.296,8120.000000,2706.666667,2775.328228,11.929870,2,2,0
7.3,0,conservative,gnb_2,3,7.398,8120.000000,2706.666667,2760.222684,12.000000,2,2,0
7.4,0,conservative,gnb_2,3,7.494,8120.000000,2706.666667,2748.440360,12.000000,2,2,0
7.5,0,conservative,gnb_2,3,7.596,8120.000000,2706.666667,2739.250148,12.000000,2,2,0
7.6,0,conservative,gnb_2,3,7.698,8120.000000,2706.666667,2732.081782,12.000000,2,2,0
7.7,0,conservative,gnb_2,3,7.794,8120.000000,2706.666667,2726.490457,12.000000,2,2,0
7.8,0,conservative,gnb_2,3,7.896,8120.000000,2706.666667,2722.129223,12.000000,2,2,0
7.9,0,conservative,gnb_2,3,7.998,8120.000000,2706.666667,2718.727460,12.000000,2,2,0
8.0,0,conservative,gnb_2,3,8.094,8120.000000,2706.666667,2716.074086,12.000000,2,2,0
8.1,0,conservative,gnb_2,3,8.196,8120.000000,2706.666667,2714.004454,12.000000,2,2,0
8.2,0,conservative,gnb_2,3,8.298,8120.000000,2706.666667,2712.390140,12.000000,2,2,0
8.3,0,conservative,gnb_2,3,8.394,8120.000000,2706.666667,2711.130976,12.000000,2,2,0
8.4,0,conservative,gnb_2,3,8.496,8120.000000,2706.666667,2710.148828,12.000000,2,2,0
8.5,0,conservative,gnb_2,3,8.598,8120.000000,2706.666667,2709.382753,12.000000,2,2,0
8.6,0,conservative,gnb_2,3,8.694,8120.000000,2706.666667,2708.785214,12.000000,2,2,0
8.7,0,conservative,gnb_2,3,8.796,8120.000000,2706.666667,2708.319133,12.000000,2,2,0
8.8,0,conservative,gnb_2,3,8.898,8120.000000,2706.666667,2707.955591,12.000000,2,2,0
8.9,0,conservative,gnb_2,3,8.994,8120.000000,2706.666667,2707.672027,12.000000,2,2,0
9.0,0,conservative,gnb_2,3,9.096,8120.000000,2706.666667,2707.450848,12.000000,2,2,0
9.1,0,conservative,gnb_2,3,9.198,8120.000000,2706.666667,2707.278328,12.000000,2,2,0
9.2,0,conservative,gnb_2,3,9.294,8120.000000,2706.666667,2707.143763,12.000000,2,2,0
9.3,0,conservative,gnb_2,3,9.396,8120.000000,2706.666667,2707.038802,12.000000,2,2,0
9.4,0,conservative,gnb_2,3,9.498,8120.000000,2706.666667,2706.956932,12.000000,2,2,0
9.5,0,conservative,gnb_2,3,9.594,8120.000000,2706.666667,2706.893074,12.000000,2,2,0
9.6,0,conservative,gnb_2,4,9.696,8120.000000,2030.000000,2557.976597,12.000000,2,2,0
9.7,0,conservative,gnb_2,4,9.798,8120.000000,2030.000000,2441.821746,12.000000,2,2,0
9.8,0,conservative,gnb_2,4,9.894,8120.000000,2030.000000,2351.220962,12.000000,2,2,0
9.9,0,conservative,gnb_2,4,9.996,8120.000000,2030.000000,2280.552350,12.000000,2,2,0
10.0,0,conservative,gnb_2,4,10.098,8120.000000,2030.000000,2225.430833,12.000000,2,2,0
10.1,0,conservative,gnb_2,4,10.194,8120.000000,2030.000000,2182.436050,12.000000,2,2,0
10.2,0,conservative,gnb_2,4,10.296,8120.000000,2030.000000,2148.900119,12.000000,2,2,0
10.3,0,conservative,gnb_2,4,10.398,8120.000000,2030.000000,2122.742093,12.000000,2,2,0
10.4,0,conservative,gnb_2,4,10.494,8120.000000,2030.000000,2102.338832,12.000000,2,2,0
10.5,0,conservative,gnb_2,4,10.596,8120.000000,2030.000000,2086.424289,12.000000,2,2,0
10.6,0,conservative,gnb_2,4,10.698,8120.000000,2030.000000,2074.010946,12.000000,2,2,0
10.7,0,conservative,gnb_2,4,10.794,8120.000000,2030.000000,2064.328538,12.000000,2,2,0
10.8,0,conservative,gnb_2,4,10.896,8120.000000,2030.000000,2056.776259,12.000000,2,2,0
10.9,0,conservative,gnb_2,4,10.998,8120.000000,2030.000000,2050.885482,12.000000,2,2,0
11.0,0,conservative,gnb_2,4,11.094,8120.000000,2030.000000,2046.290676,12.000000,2,2,0
11.1,0,conservative,gnb_2,4,11.196,8120.000000,2030.000000,2042.706727,12.000000,2,2,0
11.2,0,conservative,gnb_2,4,11.298,8120.000000,2030.000000,2039.911247,12.000000,2,2,0
11.3,0,conservative,gnb_2,4,11.394,8120.000000,2030.000000,2037.730773,12.000000,2,2,0
11.4,0,conservative,gnb_2,4,11.496,8056.000000,2014.000000,2032.510003,12.000000,2,2,0
11.5,0,conservative,gnb_2,4,11.598,8056.000000,2014.000000,2028.437802,12.000000,2,2,0
11.6,0,conservative,gnb_2,4,11.694,8056.000000,2014.000000,2025.261486,12.000000,2,2,0
11.7,0,conservative,gnb_2,4,11.796,8056.000000,2014.000000,2022.783959,12.000000,2,2,0
11.8,0,conservative,gnb_2,4,11.898,8120.000000,2030.000000,2024.371488,12.000000,2,2,0
11.9,0,conservative,gnb_2,4,11.994,8120.000000,2030.000000,2025.609761,12.000000,2,2,0
12.0,0,conservative,gnb_2,4,12.096,8120.000000,2030.000000,2026.575613,12.000000,2,2,0
12.1,0,conservative,gnb_2,4,12.198,8120.000000,2030.000000,2027.328978,12.000000,2,2,0
12.2,0,conservative,gnb_2,4,12.294,8120.000000,2030.000000,2027.916603,12.000000,2,2,0
12.3,0,conservative,gnb_2,4,12.396,8120.000000,2030.000000,2028.374950,12.000000,2,2,0
12.4,0,conservative,gnb_2,4,12.498,8088.000000,2022.000000,2026.972461,12.000000,2,2,0
12.5,0,conservative,gnb_2,4,12.594,8088.000000,2022.000000,2025.878520,12.000000,2,2,0
12.6,0,conservative,gnb_2,4,12.696,8120.000000,2030.000000,2026.785245,12.000000,2,2,0
12.7,0,conservative,gnb_2,4,12.798,8120.000000,2030.000000,2027.492491,12.000000,2,2,0
12.8,0,conservative,gnb_2,4,12.894,8120.000000,2030.000000,2028.044143,12.000000,2,2,0
12.9,0,conservative,gnb_2,4,12.996,8120.000000,2030.000000,2028.474432,12.000000,2,2,0
13.0,0,conservative,gnb_2,4,13.098,8120.000000,2030.000000,2028.810057,12.000000,2,2,0
13.1,0,conservative,gnb_2,4,13.194,8120.000000,2030.000000,2029.071844,12.000000,2,2,0
13.2,0,conservative,gnb_2,4,13.296,8120.000000,2030.000000,2029.276039,12.000000,2,2,0
13.3,0,conservative,gnb_2,4,13.398,8120.000000,2030.000000,2029.435310,12.000000,2,2,0
13.4,0,conservative,gnb_2,4,13.494,8120.000000,2030.000000,2029.559542,12.000000,2,2,0
13.5,0,conservative,gnb_2,4,13.596,8120.000000,2030.000000,2029.656443,12.000000,2,2,0
13.6,0,conservative,gnb_2,4,13.698,8120.000000,2030.000000,2029.732025,12.000000,2,2,0
13.7,0,conservative,gnb_2,4,13.794,8120.000000,2030.000000,2029.790980,12.000000,2,2,0
13.8,0,conservative,gnb_2,5,13.896,8120.000000,1624.000000,1940.516964,12.000000,2,1,0
13.9,0,conservative,gnb_2,5,13.998,8120.000000,1624.000000,1870.883232,12.000000,1,1,0
14.0,0,conservative,gnb_1,1,14.094,8120.000000,8120.000000,3245.688921,12.000000,1,2,0
14.1,0,conservative,gnb_1,1,14.196,8120.000000,8120.000000,4318.037358,12.000000,2,3,0
14.2,0,conservative,gnb_1,1,14.298,8120.000000,8120.000000,5154.469140,12.000000,3,3,0
14.3,0,conservative,gnb_1,1,14.394,8120.000000,8120.000000,5806.885929,12.000000,3,3,0
14.4,0,conservative,gnb_1,1,14.496,8120.000000,8120.000000,6315.771024,12.000000,3,4,0
14.5,0,conservative,gnb_1,1,14.598,8120.000000,8120.000000,6712.701399,12.000000,4,4,0
14.6,0,conservative,gnb_1,1,14.694,8120.000000,8120.000000,7022.307091,12.000000,4,4,0
14.7,0,conservative,gnb_1,1,14.796,8120.000000,8120.000000,7263.799531,12.000000,4,4,0
14.8,0,conservative,gnb_1,1,14.898,8120.000000,8120.000000,7452.163634,12.000000,4,4,0
14.9,0,conservative,gnb_1,1,14.994,8120.000000,8120.000000,7599.087635,12.000000,4,4,0
15.0,0,conservative,gnb_1,1,15.096,8120.000000,8120.000000,7713.688355,12.000000,4,4,0
15.1,0,conservative,gnb_1,1,15.198,8120.000000,8120.000000,7803.076917,12.000000,4,4,0
15.2,0,conservative,gnb_1,1,15.294,8120.000000,8120.000000,7872.799995,12.000000,4,4,0
15.3,0,conservative,gnb_1,1,15.396,8120.000000,8120.000000,7927.183996,12.000000,4,4,0
15.4,0,conservative,gnb_1,1,15.498,8120.000000,8120.000000,7969.603517,12.000000,4,4,0
15.5,0,conservative,gnb_1,1,15.594,8120.000000,8120.000000,8002.690743,12.000000,4,4,0
15.6,0,conservative,gnb_1,1,15.696,8120.000000,8120.000000,8028.498780,12.000000,4,4,0
15.7,0,conservative,gnb_1,1,15.798,8120.000000,8120.000000,8048.629048,12.000000,4,4,0
15.8,0,conservative,gnb_1,1,15.894,8120.000000,8120.000000,8064.330658,12.000000,4,4,0
15.9,0,conservative,gnb_1,1,15.996,8120.000000,8120.000000,8076.577913,12.000000,4,4,0
16.0,0,conservative,gnb_1,1,16.098,8120.000000,8120.000000,8086.130772,12.000000,4,4,0
16.1,0,conservative,gnb_1,1,16.194,8120.000000,8120.000000,8093.582002,12.000000,4,4,0
16.2,0,conservative,gnb_1,1,16.296,8120.000000,8120.000000,8099.393962,12.000000,4,4,0
16.3,0,conservative,gnb_1,1,16.398,8120.000000,8120.000000,8103.927290,12.000000,4,4,0
16.4,0,conservative,gnb_1,1,16.494,8120.000000,8120.000000,8107.463286,12.000000,4,4,0
16.5,0,conservative,gnb_1,1,16.596,8120.000000,8120.000000,8110.221363,12.000000,4,4,0
16.6,0,conservative,gnb_1,1,16.698,8120.000000,8120.000000,8112.372663,12.000000,4,4,0
16.7,0,conservative,gnb_1,1,16.794,8120.000000,8120.000000,8114.050677,12.000000,4,4,0
16.8,0,conservative,gnb_1,1,16.896,8120.000000,8120.000000,8115.359528,12.000000,4,4,0
16.9,0,conservative,gnb_1,1,16.998,8120.000000,8120.000000,8116.380432,12.000000,4,4,0
17.0,0,conservative,gnb_1,1,17.094,8120.000000,8120.000000,8117.176737,12.000000,4,4,0
17.1,0,conservative,gnb_1,1,17.196,8120.000000,8120.000000,8117.797855,12.000000,4,4,0
17.2,0,conservative,gnb_1,1,17.298,7992.000000,7992.000000,8090.122327,12.000000,4,4,0
17.3,0,conservative,gnb_1,1,17.394,8024.000000,8024.000000,8075.575415,12.000000,4,4,0
17.4,0,conservative,gnb_1,1,17.496,8120.000000,8120.000000,8085.348824,12.000000,4,4,0
17.5,0,conservative,gnb_1,1,17.598,8120.000000,8120.000000,8092.972082,12.000000,4,4,0
17.6,0,conservative,gnb_1,1,17.694,8120.000000,8120.000000,8098.918224,12.000000,4,4,0
17.7,0,conservative,gnb_1,1,17.796,8120.000000,8120.000000,8103.556215,12.000000,4,4,0
17.8,0,conservative,gnb_1,1,17.898,8120.000000,8120.000000,8107.173848,12.000000,4,4,0
17.9,0,conservative,gnb_1,1,17.994,8120.000000,8120.000000,8109.995601,12.000000,4,4,0
18.0,0,conservative,gnb_1,1,18.096,8120.000000,8120.000000,8112.196569,12.000000,4,4,0
18.1,0,conservative,gnb_1,1,18.198,8120.000000,8120.000000,8113.913324,12.000000,4,4,0
18.2,0,conservative,gnb_1,1,18.294,8120.000000,8120.000000,8115.252393,12.000000,4,4,0
18.3,0,conservative,gnb_1,1,18.396,8120.000000,8120.000000,8116.296866,12.000000,4,4,0
18.4,0,conservative,gnb_1,1,18.498,8120.000000,8120.000000,8117.111556,12.000000,4,4,0
18.5,0,conservative,gnb_1,1,18.594,8120.000000,8120.000000,8117.747013,12.000000,4,4,0
18.6,0,conservative,gnb_1,1,18.696,8120.000000,8120.000000,8118.242670,12.000000,4,4,0
18.7,0,conservative,gnb_1,1,18.798,8120.000000,8120.000000,8118.629283,12.000000,4,4,0
18.8,0,conservative,gnb_1,1,18.894,8120.000000,8120.000000,8118.930841,12.000000,4,4,0
18.9,0,conservative,gnb_1,1,18.996,8120.000000,8120.000000,8119.166056,12.000000,4,4,0
19.0,0,conservative,gnb_1,2,19.098,8120.000000,4060.000000,7226.149523,11.970000,4,3,0
19.1,0,conservative,gnb_1,2,19.194,8120.000000,4060.000000,6529.596628,12.000000,3,3,0
19.2,0,conservative,gnb_1,2,19.296,8120.000000,4060.000000,5986.285370,12.000000,3,3,0
19.3,0,conservative,gnb_1,2,19.398,8120.000000,4060.000000,5562.502589,12.000000,3,3,0
19.4,0,conservative,gnb_1,2,19.494,8120.000000,4060.000000,5231.952019,12.000000,3,3,0
19.5,0,conservative,gnb_1,2,19.596,8120.000000,4060.000000,4974.122575,12.000000,3,3,0
19.6,0,conservative,gnb_1,2,19.698,8120.000000,4060.000000,4773.015608,12.000000,3,3,0
19.7,0,conservative,gnb_1,2,19.794,8120.000000,4060.000000,4616.152175,12.000000,3,3,0
19.8,0,conservative,gnb_1,2,19.896,8120.000000,4060.000000,4493.798696,12.000000,3,3,0
19.9,0,conservative,gnb_1,2,19.998,8120.000000,4060.000000,4398.362983,12.000000,3,3,0
20.0,0,conservative,gnb_1,2,20.094,8120.000000,4060.000000,4323.923127,12.000000,3,3,0
20.1,0,conservative,gnb_1,2,20.196,8120.000000,4060.000000,4265.860039,12.000000,3,3,0
20.2,0,conservative,gnb_1,2,20.298,8120.000000,4060.000000,4220.570830,12.000000,3,3,0
20.3,0,conservative,gnb_1,2,20.394,8120.000000,4060.000000,4185.245248,12.000000,3,3,0
20.4,0,conservative,gnb_1,2,20.496,8120.000000,4060.000000,4157.691293,12.000000,3,3,0
20.5,0,conservative,gnb_1,2,20.598,8120.000000,4060.000000,4136.199209,12.000000,3,3,0
20.6,0,conservative,gnb_1,2,20.694,8120.000000,4060.000000,4119.435383,12.000000,3,3,0
20.7,0,conservative,gnb_1,2,20.796,8120.000000,4060.000000,4106.359599,12.000000,3,3,0
20.8,0,conservative,gnb_1,2,20.898,8120.000000,4060.000000,4096.160487,12.000000,3,3,0
20.9,0,conservative,gnb_1,2,20.994,8120.000000,4060.000000,4088.205180,12.000000,3,3,0
21.0,0,conservative,gnb_1,2,21.096,8120.000000,4060.000000,4082.000040,12.000000,3,3,0
21.1,0,conservative,gnb_1,2,21.198,8120.000000,4060.000000,4077.160031,12.000000,3,3,0
21.2,0,conservative,gnb_1,2,21.294,8120.000000,4060.000000,4073.384824,12.000000,3,3,0
21.3,0,conservative,gnb_1,2,21.396,8120.000000,4060.000000,4070.440163,12.000000,3,3,0
21.4,0,conservative,gnb_1,2,21.498,8120.000000,4060.000000,4068.143327,12.000000,3,3,0
21.5,0,conservative,gnb_1,2,21.594,8120.000000,4060.000000,4066.351795,12.000000,3,3,0
21.6,0,conservative,gnb_1,2,21.696,8120.000000,4060.000000,4064.954400,12.000000,3,3,0
21.7,0,conservative,gnb_1,2,21.798,8120.000000,4060.000000,4063.864432,12.000000,3,3,0
21.8,0,conservative,gnb_1,2,21.894,8120.000000,4060.000000,4063.014257,12.000000,3,3,0
21.9,0,conservative,gnb_1,2,21.996,8120.000000,4060.000000,4062.351121,12.000000,3,3,0
22.0,0,conservative,gnb_1,2,22.098,8120.000000,4060.000000,4061.833874,12.000000,3,3,0
22.1,0,conservative,gnb_1,2,22.194,8120.000000,4060.000000,4061.430422,12.000000,3,3,0
22.2,0,conservative,gnb_1,2,22.296,8120.000000,4060.000000,4061.115729,12.000000,3,3,0
22.3,0,conservative,gnb_1,2,22.398,8120.000000,4060.000000,4060.870269,12.000000,3,3,0
22.4,0,conservative,gnb_1,2,22.494,8120.000000,4060.000000,4060.678810,12.000000,3,3,0
22.5,0,conservative,gnb_1,2,22.596,8120.000000,4060.000000,4060.529471,12.000000,3,3,0
22.6,0,conservative,gnb_1,2,22.698,8120.000000,4060.000000,4060.412988,12.000000,3,3,0
22.7,0,conservative,gnb_1,2,22.794,8120.000000,4060.000000,4060.322130,12.000000,3,3,0
22.8,0,conservative,gnb_1,2,22.896,8120.000000,4060.000000,4060.251262,12.000000,3,3,0
22.9,0,conservative,gnb_1,2,22.998,8120.000000,4060.000000,4060.195984,12.000000,3,3,0
23.0,0,conservative,gnb_1,3,23.094,8120.000000,2706.666667,3762.419534,11.990222,3,2,0
23.1,0,conservative,gnb_1,3,23.196,8120.000000,2706.666667,3530.153903,12.000000,2,2,0
23.2,0,conservative,gnb_1,3,23.298,8120.000000,2706.666667,3348.986711,12.000000,2,2,0
23.3,0,conservative,gnb_1,3,23.394,8120.000000,2706.666667,3207.676302,12.000000,2,2,0
23.4,0,conservative,gnb_1,3,23.496,8120.000000,2706.666667,3097.454182,12.000000,2,2,0
23.5,0,conservative,gnb_1,3,23.598,8120.000000,2706.666667,3011.480929,12.000000,2,2,0
23.6,0,conservative,gnb_1,3,23.694,8120.000000,2706.666667,2944.421791,12.000000,2,2,0
23.7,0,conservative,gnb_1,3,23.796,8120.000000,2706.666667,2892.115664,12.000000,2,2,0
23.8,0,conservative,gnb_1,3,23.898,8120.000000,2706.666667,2851.316884,12.000000,2,2,0
23.9,0,conservative,gnb_1,3,23.994,8120.000000,2706.666667,2819.493836,12.000000,2,2,0
24.0,0,conservative,gnb_1,4,24.096,8120.000000,2030.000000,2645.805192,12.000000,2,2,0
24.1,0,conservative,gnb_1,4,24.198,8120.000000,2030.000000,2510.328050,12.000000,2,2,0
24.2,0,conservative,gnb_1,4,24.294,8120.000000,2030.000000,2404.655879,12.000000,2,2,0
24.3,0,conservative,gnb_1,4,24.396,8120.000000,2030.000000,2322.231586,12.000000,2,2,0
24.4,0,conservative,gnb_1,4,24.498,8120.000000,2030.000000,2257.940637,12.000000,2,2,0
24.5,0,conservative,gnb_1,4,24.594,8120.000000,2030.000000,2207.793697,12.000000,2,2,0
24.6,0,conservative,gnb_1,4,24.696,8120.000000,2030.000000,2168.679083,12.000000,2,2,0
24.7,0,conservative,gnb_1,4,24.798,8120.000000,2030.000000,2138.169685,12.000000,2,2,0
24.8,0,conservative,gnb_1,4,24.894,8120.000000,2030.000000,2114.372354,12.000000,2,2,0
24.9,0,conservative,gnb_1,4,24.996,8120.000000,2030.000000,2095.810436,12.000000,2,2,0
25.0,0,conservative,gnb_1,4,25.098,8120.000000,2030.000000,2081.332140,12.000000,2,2,0
25.1,0,conservative,gnb_1,4,25.194,8120.000000,2030.000000,2070.039070,12.000000,2,2,0
25.2,0,conservative,gnb_1,4,25.296,8120.000000,2030.000000,2061.230474,12.000000,2,2,0
25.3,0,conservative,gnb_1,4,25.398,8120.000000,2030.000000,2054.359770,12.000000,2,2,0
25.4,0,conservative,gnb_1,4,25.494,8120.000000,2030.000000,2049.000621,12.000000,2,2,0
25.5,0,conservative,gnb_1,4,25.596,8120.000000,2030.000000,2044.820484,12.000000,2,2,0
25.6,0,conservative,gnb_1,4,25.698,8120.000000,2030.000000,2041.559978,12.000000,2,2,0
25.7,0,conservative,gnb_1,4,25.794,8120.000000,2030.000000,2039.016782,12.000000,2,2,0
25.8,0,conservative,gnb_1,4,25.896,8120.000000,2030.000000,2037.033090,12.000000,2,2,0
25.9,0,conservative,gnb_1,4,25.998,8120.000000,2030.000000,2035.485810,12.000000,2,2,0
26.0,0,conservative,gnb_1,4,26.094,8120.000000,2030.000000,2034.278932,12.000000,2,2,0
26.1,0,conservative,gnb_1,4,26.196,8120.000000,2030.000000,2033.337567,12.000000,2,2,0
26.2,0,conservative,gnb_1,4,26.298,8120.000000,2030.000000,2032.603302,12.000000,2,2,0
26.3,0,conservative,gnb_1,4,26.394,8120.000000,2030.000000,2032.030576,12.000000,2,2,0
26.4,0,conservative,gnb_1,4,26.496,8120.000000,2030.000000,2031.583849,12.000000,2,2,0
26.5,0,conservative,gnb_1,4,26.598,8120.000000,2030.000000,2031.235402,12.000000,2,2,0
26.6,0,conservative,gnb_1,4,26.694,8120.000000,2030.000000,2030.963614,12.000000,2,2,0
26.7,0,conservative,gnb_1,4,26.796,8120.000000,2030.000000,2030.751619,12.000000,2,2,0
26.8,0,conservative,gnb_1,4,26.898,8120.000000,2030.000000,2030.586263,12.000000,2,2,0
26.9,0,conservative,gnb_1,4,26.994,8120.000000,2030.000000,2030.457285,12.000000,2,2,0
27.0,0,conservative,gnb_1,4,27.096,8120.000000,2030.000000,2030.356682,12.000000,2,2,0
27.1,0,conservative,gnb_1,4,27.198,8120.000000,2030.000000,2030.278212,12.000000,2,2,0
27.2,0,conservative,gnb_1,4,27.294,8120.000000,2030.000000,2030.217005,12.000000,2,2,0
27.3,0,conservative,gnb_1,4,27.396,8120.000000,2030.000000,2030.169264,12.000000,2,2,0
27.4,0,conservative,gnb_1,4,27.498,8120.000000,2030.000000,2030.132026,12.000000,2,2,0
27.5,0,conservative,gnb_1,4,27.594,8120.000000,2030.000000,2030.102980,12.000000,2,2,0
27.6,0,conservative,gnb_1,4,27.696,8120.000000,2030.000000,2030.080325,12.000000,2,2,0
27.7,0,conservative,gnb_1,4,27.798,8120.000000,2030.000000,2030.062653,12.000000,2,2,0
27.8,0,conservative,gnb_1,4,27.894,8120.000000,2030.000000,2030.048870,12.000000,2,2,0
27.9,0,conservative,gnb_1,4,27.996,8120.000000,2030.000000,2030.038118,12.000000,2,2,0
28.0,0,conservative,gnb_1,4,28.098,8120.000000,2030.000000,2030.029732,12.000000,2,2,0
28.1,0,conservative,gnb_1,4,28.194,8120.000000,2030.000000,2030.023191,12.000000,2,2,0
28.2,0,conservative,gnb_1,4,28.296,8120.000000,2030.000000,2030.018089,12.000000,2,2,0
28.3,0,conservative,gnb_1,4,28.398,8120.000000,2030.000000,2030.014109,12.000000,2,2,0
28.4,0,conservative,gnb_1,4,28.494,8120.000000,2030.000000,2030.011005,12.000000,2,2,0
28.5,0,conservative,gnb_1,4,28.596,8120.000000,2030.000000,2030.008584,12.000000,2,2,0
28.6,0,conservative,gnb_1,4,28.698,8120.000000,2030.000000,2030.006696,12.000000,2,2,0
28.7,0,conservative,gnb_1,4,28.794,8120.000000,2030.000000,2030.005223,12.000000,2,2,0
28.8,0,conservative,gnb_1,4,28.896,8120.000000,2030.000000,2030.004074,12.000000,2,2,0
28.9,0,conservative,gnb_1,4,28.998,8120.000000,2030.000000,2030.003177,12.000000,2,2,0
29.0,0,conservative,gnb_1,4,29.094,8120.000000,2030.000000,2030.002478,12.000000,2,2,0
29.1,0,conservative,gnb_1,4,29.196,8120.000000,2030.000000,2030.001933,12.000000,2,2,0
29.2,0,conservative,gnb_1,4,29.298,8120.000000,2030.000000,2030.001508,12.000000,2,2,0
29.3,0,conservative,gnb_1,4,29.394,8120.000000,2030.000000,2030.001176,12.000000,2,2,0
29.4,0,conservative,gnb_1,4,29.496,8120.000000,2030.000000,2030.000917,12.000000,2,2,0
29.5,0,conservative,gnb_1,4,29.598,8120.000000,2030.000000,2030.000716,12.000000,2,2,0
29.6,0,conservative,gnb_1,4,29.694,8120.000000,2030.000000,2030.000558,12.000000,2,2,0
29.7,0,conservative,gnb_1,4,29.796,8120.000000,2030.000000,2030.000435,12.000000,2,2,0
29.8,0,conservative,gnb_1,4,29.898,8120.000000,2030.000000,2030.000340,12.000000,2,2,0
29.9,0,conservative,gnb_1,4,29.994,8120.000000,2030.000000,2030.000265,12.000000,2,2,0
30.0,0,conservative,gnb_1,4,30.096,8120.000000,2030.000000,2030.000207,12.000000,2,2,0
30.1,0,conservative,gnb_1,4,30.198,8120.000000,2030.000000,2030.000161,12.000000,2,2,0
30.2,0,conservative,gnb_1,4,30.294,8120.000000,2030.000000,2030.000126,12.000000,2,2,0
30.3,0,conservative,gnb_1,4,30.396,8120.000000,2030.000000,2030.000098,12.000000,2,2,0
30.4,0,conservative,gnb_1,4,30.498,8120.000000,2030.000000,2030.000076,12.000000,2,2,0
3.0,1,balanced,gnb_2,2,3.094,8120.000000,4060.000000,2233.000000,2.638182,1,1,0
3.1,1,balanced,gnb_2,2,3.196,8120.000000,4060.000000,2872.450000,3.276364,1,1,0
3.2,1,balanced,gnb_2,2,3.298,8120.000000,4060.000000,3288.092500,3.914545,1,1,0
3.3,1,balanced,gnb_2,2,3.394,8120.000000,4060.000000,3558.260125,4.552727,1,2,0
3.4,1,balanced,gnb_2,2,3.496,8120.000000,4060.000000,3733.869081,4.723394,2,3,0
3.5,1,balanced,gnb_2,2,3.598,8120.000000,4060.000000,3848.014903,4.758727,3,3,0
3.6,1,balanced,gnb_2,2,3.694,8120.000000,4060.000000,3922.209687,4.794061,3,3,0
3.7,1,balanced,gnb_2,2,3.796,8120.000000,4060.000000,3970.436296,4.829394,3,3,0
3.8,1,balanced,gnb_2,2,3.898,8120.000000,4060.000000,4001.783593,4.864727,3,3,0
3.9,1,balanced,gnb_2,2,3.994,8120.000000,4060.000000,4022.159335,4.900061,3,3,0
4.0,1,balanced,gnb_2,2,4.096,8120.000000,4060.000000,4035.403568,4.935394,3,3,0
4.1,1,balanced,gnb_2,2,4.198,8120.000000,4060.000000,4044.012319,4.970727,3,3,0
4.2,1,balanced,gnb_2,2,4.294,8120.000000,4060.000000,4049.608007,5.006061,3,3,0
4.3,1,balanced,gnb_2,2,4.396,8120.000000,4060.000000,4053.245205,5.041394,3,3,0
4.4,1,balanced,gnb_2,2,4.498,8120.000000,4060.000000,4055.609383,5.076727,3,3,0
4.5,1,balanced,gnb_2,2,4.594,8120.000000,4060.000000,4057.146099,5.112061,3,3,0
4.6,1,balanced,gnb_2,2,4.696,8120.000000,4060.000000,4058.144964,5.147394,3,3,0
4.7,1,balanced,gnb_2,2,4.798,8120.000000,4060.000000,4058.794227,5.182727,3,3,0
4.8,1,balanced,gnb_2,2,4.894,8120.000000,4060.000000,4059.216247,5.218061,3,3,0
4.9,1,balanced,gnb_2,2,4.996,8120.000000,4060.000000,4059.490561,5.253394,3,3,0
5.0,1,balanced,gnb_2,2,5.098,8120.000000,4060.000000,4059.668865,5.288727,3,3,0
5.1,1,balanced,gnb_2,2,5.194,8120.000000,4060.000000,4059.784762,5.324061,3,3,0
5.2,1,balanced,gnb_2,2,5.296,8120.000000,4060.000000,4059.860095,5.359394,3,3,0
5.3,1,balanced,gnb_2,2,5.398,8120.000000,4060.000000,4059.909062,5.394727,3,3,0
5.4,1,balanced,gnb_2,2,5.494,8120.000000,4060.000000,4059.940890,5.430061,3,3,0
5.5,1,balanced,gnb_2,2,5.596,8120.000000,4060.000000,4059.961579,5.465394,3,3,0
5.6,1,balanced,gnb_2,2,5.698,8120.000000,4060.000000,4059.975026,5.500727,3,3,0
5.7,1,balanced,gnb_2,2,5.794,8120.000000,4060.000000,4059.983767,5.536061,3,3,0
5.8,1,balanced,gnb_2,2,5.896,8120.000000,4060.000000,4059.989449,5.571394,3,3,0
5.9,1,balanced,gnb_2,2,5.998,8120.000000,4060.000000,4059.993142,5.606727,3,3,0
6.0,1,balanced,gnb_2,2,6.094,8120.000000,4060.000000,4059.995542,5.642061,3,3,0
6.1,1,balanced,gnb_2,3,6.196,8120.000000,2706.666667,3586.330436,5.632283,3,2,0
6.2,1,balanced,gnb_2,3,6.298,8120.000000,2706.666667,3278.448116,5.712727,2,2,0
6.3,1,balanced,gnb_2,3,6.394,8120.000000,2706.666667,3078.324609,5.793172,2,2,0
6.4,1,balanced,gnb_2,3,6.496,8120.000000,2706.666667,2948.244329,5.873616,2,2,0
6.5,1,balanced,gnb_2,3,6.598,8120.000000,2706.666667,2863.692147,5.954061,2,2,0
6.6,1,balanced,gnb_2,3,6.694,8120.000000,2706.666667,2808.733229,6.034505,2,2,0
6.7,1,balanced,gnb_2,3,6.796,8120.000000,2706.666667,2773.009932,6.114949,2,2,0
6.8,1,balanced,gnb_2,3,6.898,8120.000000,2706.666667,2749.789789,6.195394,2,2,0
6.9,1,balanced,gnb_2,3,6.994,8120.000000,2706.666667,2734.696696,6.275838,2,2,0
7.0,1,balanced,gnb_2,3,7.096,8120.000000,2706.666667,2724.886186,6.356283,2,2,0
7.1,1,balanced,gnb_2,3,7.198,8120.000000,2706.666667,2718.509354,6.436727,2,2,0
7.2,1,balanced,gnb_2,3,7.294,8120.000000,2706.666667,2714.364414,6.517172,2,2,0
7.3,1,balanced,gnb_2,3,7.396,8120.000000,2706.666667,2711.670202,6.597616,2,2,0
7.4,1,balanced,gnb_2,3,7.498,8120.000000,2706.666667,2709.918965,6.678061,2,2,0
7.5,1,balanced,gnb_2,3,7.594,8120.000000,2706.666667,2708.780660,6.758505,2,2,0
7.6,1,balanced,gnb_2,3,7.696,8120.000000,2706.666667,2708.040763,6.838949,2,2,0
7.7,1,balanced,gnb_2,3,7.798,8120.000000,2706.666667,2707.559829,6.919394,2,2,0
7.8,1,balanced,gnb_2,3,7.894,8120.000000,2706.666667,2707.247222,6.999838,2,2,0
7.9,1,balanced,gnb_2,3,7.996,8120.000000,2706.666667,2707.044028,7.080283,2,2,0
8.0,1,balanced,gnb_2,3,8.098,8120.000000,2706.666667,2706.911951,7.160727,2,2,0
8.1,1,balanced,gnb_2,3,8.194,8120.000000,2706.666667,2706.826102,7.241172,2,2,0
8.2,1,balanced,gnb_2,3,8.296,8120.000000,2706.666667,2706.770299,7.321616,2,2,0
8.3,1,balanced,gnb_2,3,8.398,8120.000000,2706.666667,2706.734028,7.402061,2,2,0
8.4,1,balanced,gnb_2,3,8.494,8120.000000,2706.666667,2706.710452,7.482505,2,2,0
8.5,1,balanced,gnb_2,3,8.596,8120.000000,2706.666667,2706.695127,7.562949,2,2,0
8.6,1,balanced,gnb_2,3,8.698,8120.000000,2706.666667,2706.685166,7.643394,2,2,0
8.7,1,balanced,gnb_2,3,8.794,8120.000000,2706.666667,2706.678691,7.723838,2,2,0
8.8,1,balanced,gnb_2,3,8.896,8120.000000,2706.666667,2706.674483,7.804283,2,2,0
8.9,1,balanced,gnb_2,3,8.998,8120.000000,2706.666667,2706.671747,7.884727,2,2,0
9.0,1,balanced,gnb_2,3,9.094,8120.000000,2706.666667,2706.669969,7.965172,2,2,0
9.1,1,balanced,gnb_2,3,9.196,7032.000000,2344.000000,2579.735480,8.021438,2,2,0
9.2,1,balanced,gnb_2,3,9.298,7032.000000,2344.000000,2497.228062,8.077705,2,2,0
9.3,1,balanced,gnb_2,3,9.394,7032.000000,2344.000000,2443.598240,8.133972,2,2,0
9.4,1,balanced,gnb_2,3,9.496,7032.000000,2344.000000,2408.738856,8.190238,2,2,0
9.5,1,balanced,gnb_2,3,9.598,8120.000000,2706.666667,2513.013590,8.270683,2,2,0
9.6,1,balanced,gnb_2,4,9.694,8120.000000,2030.000000,2343.958833,8.306016,2,2,0
9.7,1,balanced,gnb_2,4,9.796,8120.000000,2030.000000,2234.073242,8.341349,2,2,0
9.8,1,balanced,gnb_2,4,9.898,8120.000000,2030.000000,2162.647607,8.376683,2,2,0
9.9,1,balanced,gnb_2,4,9.994,7960.000000,1990.000000,2102.220945,8.409349,2,2,0
10.0,1,balanced,gnb_2,4,10.096,7960.000000,1990.000000,2062.943614,8.442016,2,2,0
10.1,1,balanced,gnb_2,4,10.198,7960.000000,1990.000000,2037.413349,8.474683,2,2,0
10.2,1,balanced,gnb_2,4,10.294,7960.000000,1990.000000,2020.818677,8.507349,2,2,0
10.3,1,balanced,gnb_2,4,10.396,7032.000000,1758.000000,1928.832140,8.524549,2,2,0
10.4,1,balanced,gnb_2,4,10.498,7032.000000,1758.000000,1869.040891,8.541749,2,2,0
10.5,1,balanced,gnb_2,4,10.594,7032.000000,1758.000000,1830.176579,8.558949,2,2,0
10.6,1,balanced,gnb_2,4,10.696,7032.000000,1758.000000,1804.914776,8.576149,2,2,0
10.7,1,balanced,gnb_2,4,10.798,6072.000000,1518.000000,1704.494605,8.577349,2,1,0
10.8,1,balanced,gnb_2,4,10.894,6072.000000,1518.000000,1639.221493,8.753349,1,1,0
10.9,1,balanced,gnb_2,4,10.996,6072.000000,1518.000000,1596.793970,8.929349,1,1,0
11.0,1,balanced,gnb_2,4,11.098,6072.000000,1518.000000,1569.216081,9.105349,1,1,0
11.1,1,balanced,gnb_2,4,11.194,6408.000000,1602.000000,1580.690453,9.296622,1,2,0
11.2,1,balanced,gnb_2,4,11.296,6408.000000,1602.000000,1588.148794,9.303422,2,2,0
11.3,1,balanced,gnb_2,4,11.398,6408.000000,1602.000000,1592.996716,9.310222,2,2,0
11.4,1,balanced,gnb_2,4,11.494,4456.000000,1114.000000,1425.347866,9.284489,2,1,0
11.5,1,balanced,gnb_2,4,11.596,4456.000000,1114.000000,1316.376113,9.387034,1,1,0
11.6,1,balanced,gnb_2,4,11.698,4456.000000,1114.000000,1245.544473,9.489580,1,1,0
11.7,1,balanced,gnb_2,4,11.794,5424.000000,1356.000000,1284.203908,9.636125,1,1,0
11.8,1,balanced,gnb_2,4,11.896,5424.000000,1356.000000,1309.332540,9.782671,1,1,0
11.9,1,balanced,gnb_2,4,11.998,5424.000000,1356.000000,1325.666151,9.929216,1,1,0
12.0,1,balanced,gnb_2,4,12.094,8120.000000,2030.000000,1572.182998,10.198307,1,2,0
12.1,1,balanced,gnb_2,4,12.196,8120.000000,2030.000000,1732.418949,10.233640,2,2,0
12.2,1,balanced,gnb_2,4,12.298,8120.000000,2030.000000,1836.572317,10.268974,2,2,0
12.3,1,balanced,gnb_2,4,12.394,8120.000000,2030.000000,1904.272006,10.304307,2,2,0
12.4,1,balanced,gnb_2,4,12.496,8120.000000,2030.000000,1948.276804,10.339640,2,2,0
12.5,1,balanced,gnb_2,4,12.598,8120.000000,2030.000000,1976.879922,10.374974,2,2,0
12.6,1,balanced,gnb_2,4,12.694,8120.000000,2030.000000,1995.471950,10.410307,2,2,0
12.7,1,balanced,gnb_2,4,12.796,8120.000000,2030.000000,2007.556767,10.445640,2,2,0
12.8,1,balanced,gnb_2,4,12.898,8120.000000,2030.000000,2015.411899,10.480974,2,2,0
12.9,1,balanced,gnb_2,4,12.994,8120.000000,2030.000000,2020.517734,10.516307,2,2,0
13.0,1,balanced,gnb_2,4,13.096,8120.000000,2030.000000,2023.836527,10.551640,2,2,0
13.1,1,balanced,gnb_2,4,13.198,8120.000000,2030.000000,2025.993743,10.586974,2,2,0
13.2,1,balanced,gnb_2,4,13.294,8120.000000,2030.000000,2027.395933,10.622307,2,2,0
13.3,1,balanced,gnb_2,4,13.396,8120.000000,2030.000000,2028.307356,10.657640,2,2,0
13.4,1,balanced,gnb_2,4,13.498,8120.000000,2030.000000,2028.899782,10.692974,2,2,0
13.5,1,balanced,gnb_2,4,13.594,8120.000000,2030.000000,2029.284858,10.728307,2,2,0
13.6,1,balanced,gnb_2,4,13.696,8120.000000,2030.000000,2029.535158,10.763640,2,2,0
13.7,1,balanced,gnb_2,4,13.798,8120.000000,2030.000000,2029.697853,10.798974,2,2,0
13.8,1,balanced,gnb_2,5,13.894,8120.000000,1624.000000,1887.703604,10.807240,2,2,0
13.9,1,balanced,gnb_2,5,13.996,8120.000000,1624.000000,1795.407343,10.815507,2,2,0
14.0,1,balanced,gnb_2,4,14.098,8120.000000,2030.000000,1877.514773,10.850840,2,2,0
14.1,1,balanced,gnb_2,4,14.194,8120.000000,2030.000000,1930.884602,10.886174,2,2,0
14.2,1,balanced,gnb_2,4,14.296,8120.000000,2030.000000,1965.574991,10.921507,2,2,0
14.3,1,balanced,gnb_2,4,14.398,8120.000000,2030.000000,1988.123744,10.956840,2,2,0
14.4,1,balanced,gnb_2,4,14.494,8120.000000,2030.000000,2002.780434,10.992174,2,2,0
14.5,1,balanced,gnb_2,4,14.596,8120.000000,2030.000000,2012.307282,11.027507,2,2,0
14.6,1,balanced,gnb_2,4,14.698,8120.000000,2030.000000,2018.499733,11.062840,2,2,0
14.7,1,balanced,gnb_2,4,14.794,8120.000000,2030.000000,2022.524827,11.098174,2,2,0
14.8,1,balanced,gnb_2,4,14.896,8120.000000,2030.000000,2025.141137,11.133507,2,2,0
14.9,1,balanced,gnb_2,4,14.998,8120.000000,2030.000000,2026.841739,11.168840,2,2,0
15.0,1,balanced,gnb_2,4,15.094,8120.000000,2030.000000,2027.947131,11.204174,2,2,0
15.1,1,balanced,gnb_2,4,15.196,8120.000000,2030.000000,2028.665635,11.239507,2,2,0
15.2,1,balanced,gnb_2,4,15.298,8120.000000,2030.000000,2029.132663,11.274840,2,2,0
15.3,1,balanced,gnb_2,4,15.394,8120.000000,2030.000000,2029.436231,11.310174,2,2,0
15.4,1,balanced,gnb_2,4,15.496,8120.000000,2030.000000,2029.633550,11.345507,2,2,0
15.5,1,balanced,gnb_2,4,15.598,8120.000000,2030.000000,2029.761807,11.380840,2,2,0
15.6,1,balanced,gnb_2,4,15.694,8120.000000,2030.000000,2029.845175,11.416174,2,2,0
15.7,1,balanced,gnb_2,4,15.796,8120.000000,2030.000000,2029.899364,11.451507,2,2,0
15.8,1,balanced,gnb_2,4,15.898,8120.000000,2030.000000,2029.934586,11.486840,2,2,0
15.9,1,balanced,gnb_2,4,15.994,8120.000000,2030.000000,2029.957481,11.522174,2,2,0
16.0,1,balanced,gnb_2,4,16.096,8120.000000,2030.000000,2029.972363,11.557507,2,2,0
16.1,1,balanced,gnb_2,4,16.198,8120.000000,2030.000000,2029.982036,11.592840,2,2,0
16.2,1,balanced,gnb_2,4,16.294,8120.000000,2030.000000,2029.988323,11.628174,2,2,0
16.3,1,balanced,gnb_2,4,16.396,8120.000000,2030.000000,2029.992410,11.663507,2,2,0
16.4,1,balanced,gnb_2,4,16.498,8120.000000,2030.000000,2029.995067,11.698840,2,2,0
16.5,1,balanced,gnb_2,4,16.594,8120.000000,2030.000000,2029.996793,11.734174,2,2,0
16.6,1,balanced,gnb_2,4,16.696,8120.000000,2030.000000,2029.997916,11.769507,2,2,0
16.7,1,balanced,gnb_2,4,16.798,8120.000000,2030.000000,2029.998645,11.804840,2,2,0
16.8,1,balanced,gnb_2,4,16.894,8120.000000,2030.000000,2029.999119,11.840174,2,2,0
16.9,1,balanced,gnb_2,4,16.996,8120.000000,2030.000000,2029.999428,11.875507,2,2,0
17.0,1,balanced,gnb_2,4,17.098,8120.000000,2030.000000,2029.999628,11.910840,2,2,0
17.1,1,balanced,gnb_2,4,17.194,8120.000000,2030.000000,2029.999758,11.946174,2,2,0
17.2,1,balanced,gnb_2,4,17.296,8120.000000,2030.000000,2029.999843,11.981507,2,2,0
17.3,1,balanced,gnb_2,4,17.398,8120.000000,2030.000000,2029.999898,12.000000,2,2,0
17.4,1,balanced,gnb_2,4,17.494,8120.000000,2030.000000,2029.999934,12.000000,2,2,0
17.5,1,balanced,gnb_2,4,17.596,8120.000000,2030.000000,2029.999957,12.000000,2,2,0
17.6,1,balanced,gnb_2,4,17.698,8120.000000,2030.000000,2029.999972,12.000000,2,2,0
17.7,1,balanced,gnb_2,4,17.794,8120.000000,2030.000000,2029.999982,12.000000,2,2,0
17.8,1,balanced,gnb_2,4,17.896,8120.000000,2030.000000,2029.999988,12.000000,2,2,0
17.9,1,balanced,gnb_2,4,17.998,7928.000000,1982.000000,2013.199992,12.000000,2,2,0
18.0,1,balanced,gnb_2,4,18.094,7928.000000,1982.000000,2002.279995,12.000000,2,2,0
18.1,1,balanced,gnb_2,4,18.196,7928.000000,1982.000000,1995.181997,12.000000,2,2,0
18.2,1,balanced,gnb_2,4,18.298,8120.000000,2030.000000,2007.368298,12.000000,2,2,0
18.3,1,balanced,gnb_2,4,18.394,8120.000000,2030.000000,2015.289394,12.000000,2,2,0
18.4,1,balanced,gnb_2,4,18.496,8120.000000,2030.000000,2020.438106,12.000000,2,2,0
18.5,1,balanced,gnb_2,4,18.598,8120.000000,2030.000000,2023.784769,12.000000,2,2,0
18.6,1,balanced,gnb_2,4,18.694,8120.000000,2030.000000,2025.960100,12.000000,2,2,0
18.7,1,balanced,gnb_2,5,18.796,8120.000000,1624.000000,1885.274065,12.000000,2,2,0
18.8,1,balanced,gnb_2,5,18.898,8120.000000,1624.000000,1793.828142,12.000000,2,2,0
18.9,1,balanced,gnb_2,5,18.994,8120.000000,1624.000000,1734.388292,12.000000,2,2,0
19.0,1,balanced,gnb_1,2,19.096,8120.000000,4060.000000,2548.352390,12.000000,2,2,0
19.1,1,balanced,gnb_1,2,19.198,8120.000000,4060.000000,3077.429054,12.000000,2,2,0
19.2,1,balanced,gnb_1,2,19.294,8120.000000,4060.000000,3421.328885,12.000000,2,3,0
19.3,1,balanced,gnb_1,2,19.396,8120.000000,4060.000000,3644.863775,12.000000,3,3,0
19.4,1,balanced,gnb_1,2,19.498,8120.000000,4060.000000,3790.161454,12.000000,3,3,0
19.5,1,balanced,gnb_1,2,19.594,8120.000000,4060.000000,3884.604945,12.000000,3,3,0
19.6,1,balanced,gnb_1,2,19.696,8120.000000,4060.000000,3945.993214,12.000000,3,3,0
19.7,1,balanced,gnb_1,2,19.798,8120.000000,4060.000000,3985.895589,12.000000,3,3,0
19.8,1,balanced,gnb_1,2,19.894,8120.000000,4060.000000,4011.832133,12.000000,3,3,0
19.9,1,balanced,gnb_1,2,19.996,8120.000000,4060.000000,4028.690886,12.000000,3,3,0
20.0,1,balanced,gnb_1,2,20.098,8120.000000,4060.000000,4039.649076,12.000000,3,3,0
20.1,1,balanced,gnb_1,2,20.194,8120.000000,4060.000000,4046.771900,12.000000,3,3,0
20.2,1,balanced,gnb_1,2,20.296,8120.000000,4060.000000,4051.401735,12.000000,3,3,0
20.3,1,balanced,gnb_1,2,20.398,8120.000000,4060.000000,4054.411128,12.000000,3,3,0
20.4,1,balanced,gnb_1,2,20.494,8120.000000,4060.000000,4056.367233,12.000000,3,3,0
20.5,1,balanced,gnb_1,2,20.596,8120.000000,4060.000000,4057.638701,12.000000,3,3,0
20.6,1,balanced,gnb_1,2,20.698,8120.000000,4060.000000,4058.465156,12.000000,3,3,0
20.7,1,balanced,gnb_1,2,20.794,8120.000000,4060.000000,4059.002351,12.000000,3,3,0
20.8,1,balanced,gnb_1,2,20.896,8120.000000,4060.000000,4059.351528,12.000000,3,3,0
20.9,1,balanced,gnb_1,2,20.998,8120.000000,4060.000000,4059.578493,12.000000,3,3,0
21.0,1,balanced,gnb_1,2,21.094,8120.000000,4060.000000,4059.726021,12.000000,3,3,0
21.1,1,balanced,gnb_1,2,21.196,8120.000000,4060.000000,4059.821913,12.000000,3,3,0
21.2,1,balanced,gnb_1,2,21.298,7928.000000,3964.000000,4026.284244,12.000000,3,3,0
21.3,1,balanced,gnb_1,2,21.394,7928.000000,3964.000000,4004.484758,12.000000,3,3,0
21.4,1,balanced,gnb_1,2,21.496,7928.000000,3964.000000,3990.315093,12.000000,3,3,0
21.5,1,balanced,gnb_1,2,21.598,7032.000000,3516.000000,3824.304810,12.000000,3,3,0
21.6,1,balanced,gnb_1,2,21.694,7032.000000,3516.000000,3716.398127,12.000000,3,3,0
21.7,1,balanced,gnb_1,2,21.796,7032.000000,3516.000000,3646.258782,12.000000,3,3,0
21.8,1,balanced,gnb_1,2,21.898,7896.000000,3948.000000,3751.868209,12.000000,3,3,0
21.9,1,balanced,gnb_1,2,21.994,7896.000000,3948.000000,3820.514336,12.000000,3,3,0
22.0,1,balanced,gnb_1,2,22.096,7896.000000,3948.000000,3865.134318,12.000000,3,3,0
22.1,1,balanced,gnb_1,2,22.198,8120.000000,4060.000000,3933.337307,12.000000,3,3,0
22.2,1,balanced,gnb_1,2,22.294,8120.000000,4060.000000,3977.669249,12.000000,3,3,0
22.3,1,balanced,gnb_1,2,22.396,8120.000000,4060.000000,4006.485012,12.000000,3,3,0
22.4,1,balanced,gnb_1,2,22.498,8120.000000,4060.000000,4025.215258,12.000000,3,3,0
22.5,1,balanced,gnb_1,2,22.594,8120.000000,4060.000000,4037.389918,12.000000,3,3,0
22.6,1,balanced,gnb_1,2,22.696,8120.000000,4060.000000,4045.303446,12.000000,3,3,0
22.7,1,balanced,gnb_1,2,22.798,8120.000000,4060.000000,4050.447240,12.000000,3,3,0
22.8,1,balanced,gnb_1,2,22.894,8120.000000,4060.000000,4053.790706,12.000000,3,3,0
22.9,1,balanced,gnb_1,2,22.996,8120.000000,4060.000000,4055.963959,12.000000,3,3,0
23.0,1,balanced,gnb_1,3,23.098,8120.000000,2706.666667,3583.709907,11.990222,3,2,0
23.1,1,balanced,gnb_1,3,23.194,8120.000000,2706.666667,3276.744773,12.000000,2,2,0
23.2,1,balanced,gnb_1,3,23.296,8120.000000,2706.666667,3077.217436,12.000000,2,2,0
23.3,1,balanced,gnb_1,3,23.398,8120.000000,2706.666667,2947.524666,12.000000,2,2,0
23.4,1,balanced,gnb_1,3,23.494,8120.000000,2706.666667,2863.224367,12.000000,2,2,0
23.5,1,balanced,gnb_1,3,23.596,8120.000000,2706.666667,2808.429172,12.000000,2,2,0
23.6,1,balanced,gnb_1,3,23.698,8120.000000,2706.666667,2772.812295,12.000000,2,2,0
23.7,1,balanced,gnb_1,3,23.794,8120.000000,2706.666667,2749.661325,12.000000,2,2,0
23.8,1,balanced,gnb_1,3,23.896,8120.000000,2706.666667,2734.613195,12.000000,2,2,0
23.9,1,balanced,gnb_1,3,23.998,8120.000000,2706.666667,2724.831910,12.000000,2,2,0
24.0,1,balanced,gnb_1,4,24.094,8120.000000,2030.000000,2481.640741,12.000000,2,2,0
24.1,1,balanced,gnb_1,4,24.196,8120.000000,2030.000000,2323.566482,12.000000,2,2,0
24.2,1,balanced,gnb_1,4,24.298,8120.000000,2030.000000,2220.818213,12.000000,2,2,0
24.3,1,balanced,gnb_1,4,24.394,8120.000000,2030.000000,2154.031839,12.000000,2,2,0
24.4,1,balanced,gnb_1,4,24.496,8120.000000,2030.000000,2110.620695,12.000000,2,2,0
24.5,1,balanced,gnb_1,4,24.598,8120.000000,2030.000000,2082.403452,12.000000,2,2,0
24.6,1,balanced,gnb_1,4,24.694,8120.000000,2030.000000,2064.062244,12.000000,2,2,0
24.7,1,balanced,gnb_1,4,24.796,8120.000000,2030.000000,2052.140458,12.000000,2,2,0
24.8,1,balanced,gnb_1,4,24.898,8120.000000,2030.000000,2044.391298,12.000000,2,2,0
24.9,1,balanced,gnb_1,4,24.994,8120.000000,2030.000000,2039.354344,12.000000,2,2,0
25.0,1,balanced,gnb_1,4,25.096,8120.000000,2030.000000,2036.080323,12.000000,2,2,0
25.1,1,balanced,gnb_1,4,25.198,8120.000000,2030.000000,2033.952210,12.000000,2,2,0
25.2,1,balanced,gnb_1,4,25.294,8120.000000,2030.000000,2032.568937,12.000000,2,2,0
25.3,1,balanced,gnb_1,4,25.396,8120.000000,2030.000000,2031.669809,12.000000,2,2,0
25.4,1,balanced,gnb_1,4,25.498,8120.000000,2030.000000,2031.085376,12.000000,2,2,0
25.5,1,balanced,gnb_1,4,25.594,8120.000000,2030.000000,2030.705494,12.000000,2,2,0
25.6,1,balanced,gnb_1,4,25.696,8120.000000,2030.000000,2030.458571,12.000000,2,2,0
25.7,1,balanced,gnb_1,4,25.798,8120.000000,2030.000000,2030.298071,12.000000,2,2,0
25.8,1,balanced,gnb_1,4,25.894,8120.000000,2030.000000,2030.193746,12.000000,2,2,0
25.9,1,balanced,gnb_1,4,25.996,8120.000000,2030.000000,2030.125935,12.000000,2,2,0
26.0,1,balanced,gnb_1,4,26.098,8120.000000,2030.000000,2030.081858,12.000000,2,2,0
26.1,1,balanced,gnb_1,4,26.194,8120.000000,2030.000000,2030.053208,12.000000,2,2,0
26.2,1,balanced,gnb_1,4,26.296,8120.000000,2030.000000,2030.034585,12.000000,2,2,0
26.3,1,balanced,gnb_1,4,26.398,8120.000000,2030.000000,2030.022480,12.000000,2,2,0
26.4,1,balanced,gnb_1,4,26.494,8120.000000,2030.000000,2030.014612,12.000000,2,2,0
26.5,1,balanced,gnb_1,4,26.596,8120.000000,2030.000000,2030.009498,12.000000,2,2,0
26.6,1,balanced,gnb_1,4,26.698,8120.000000,2030.000000,2030.006174,12.000000,2,2,0
26.7,1,balanced,gnb_1,4,26.794,8120.000000,2030.000000,2030.004013,12.000000,2,2,0
26.8,1,balanced,gnb_1,4,26.896,8120.000000,2030.000000,2030.002608,12.000000,2,2,0
26.9,1,balanced,gnb_1,4,26.998,8120.000000,2030.000000,2030.001695,12.000000,2,2,0
27.0,1,balanced,gnb_1,4,27.094,8120.000000,2030.000000,2030.001102,12.000000,2,2,0
27.1,1,balanced,gnb_1,4,27.196,8120.000000,2030.000000,2030.000716,12.000000,2,2,0
27.2,1,balanced,gnb_1,4,27.298,8120.000000,2030.000000,2030.000466,12.000000,2,2,0
27.3,1,balanced,gnb_1,4,27.394,8120.000000,2030.000000,2030.000303,12.000000,2,2,0
27.4,1,balanced,gnb_1,4,27.496,8120.000000,2030.000000,2030.000197,12.000000,2,2,0
27.5,1,balanced,gnb_1,4,27.598,8120.000000,2030.000000,2030.000128,12.000000,2,2,0
27.6,1,balanced,gnb_1,4,27.694,8120.000000,2030.000000,2030.000083,12.000000,2,2,0
27.7,1,balanced,gnb_1,4,27.796,8120.000000,2030.000000,2030.000054,12.000000,2,2,0
27.8,1,balanced,gnb_1,4,27.898,8120.000000,2030.000000,2030.000035,12.000000,2,2,0
27.9,1,balanced,gnb_1,4,27.994,8120.000000,2030.000000,2030.000023,12.000000,2,2,0
28.0,1,balanced,gnb_1,4,28.096,8120.000000,2030.000000,2030.000015,12.000000,2,2,0
28.1,1,balanced,gnb_1,4,28.198,8120.000000,2030.000000,2030.000010,12.000000,2,2,0
28.2,1,balanced,gnb_1,4,28.294,8120.000000,2030.000000,2030.000006,12.000000,2,2,0
28.3,1,balanced,gnb_1,4,28.396,8120.000000,2030.000000,2030.000004,12.000000,2,2,0
28.4,1,balanced,gnb_1,4,28.498,8120.000000,2030.000000,2030.000003,12.000000,2,2,0
28.5,1,balanced,gnb_1,4,28.594,8120.000000,2030.000000,2030.000002,12.000000,2,2,0
28.6,1,balanced,gnb_1,4,28.696,8120.000000,2030.000000,2030.000001,12.000000,2,2,0
28.7,1,balanced,gnb_1,4,28.798,8120.000000,2030.000000,2030.000001,12.000000,2,2,0
28.8,1,balanced,gnb_1,4,28.894,8120.000000,2030.000000,2030.000000,12.000000,2,2,0
28.9,1,balanced,gnb_1,4,28.996,8120.000000,2030.000000,2030.000000,12.000000,2,2,0
29.0,1,balanced,gnb_1,4,29.098,8120.000000,2030.000000,2030.000000,12.000000,2,2,0
29.1,1,balanced,gnb_1,4,29.194,8120.000000,2030.000000,2030.000000,12.000000,2,2,0
29.2,1,balanced,gnb_1,4,29.296,8120.000000,2030.000000,2030.000000,12.000000,2,2,0
29.3,1,balanced,gnb_1,4,29.398,8120.000000,2030.000000,2030.000000,12.000000,2,2,0
29.4,1,balanced,gnb_1,4,29.494,8120.000000,2030.000000,2030.000000,12.000000,2,2,0
29.5,1,balanced,gnb_1,4,29.596,8120.000000,2030.000000,2030.000000,12.000000,2,2,0
29.6,1,balanced,gnb_1,4,29.698,8120.000000,2030.000000,2030.000000,12.000000,2,2,0
29.7,1,balanced,gnb_1,4,29.794,8120.000000,2030.000000,2030.000000,12.000000,2,2,0
29.8,1,balanced,gnb_1,4,29.896,8120.000000,2030.000000,2030.000000,12.000000,2,2,0
29.9,1,balanced,gnb_1,4,29.998,8120.000000,2030.000000,2030.000000,12.000000,2,2,0
30.0,1,balanced,gnb_1,4,30.094,8120.000000,2030.000000,2030.000000,12.000000,2,2,0
30.1,1,balanced,gnb_1,4,30.196,8120.000000,2030.000000,2030.000000,12.000000,2,2,0
30.2,1,balanced,gnb_1,4,30.298,8120.000000,2030.000000,2030.000000,12.000000,2,2,0
30.3,1,balanced,gnb_1,4,30.394,8120.000000,2030.000000,2030.000000,12.000000,2,2,0
30.4,1,balanced,gnb_1,4,30.496,8120.000000,2030.000000,2030.000000,12.000000,2,2,0
30.5,1,balanced,gnb_1,3,30.598,8120.000000,2706.666667,2266.833333,12.000000,2,2,0
30.6,1,balanced,gnb_1,3,30.694,8120.000000,2706.666667,2420.775000,12.000000,2,2,0
30.7,1,balanced,gnb_1,3,30.796,8120.000000,2706.666667,2520.837083,12.000000,2,2,0
30.8,1,balanced,gnb_1,3,30.898,8120.000000,2706.666667,2585.877438,12.000000,2,2,0
30.9,1,balanced,gnb_1,3,30.994,8120.000000,2706.666667,2628.153668,12.000000,2,2,0
31.0,1,balanced,gnb_1,4,31.096,8120.000000,2030.000000,2418.799884,12.000000,2,2,0
31.1,1,balanced,gnb_1,4,31.198,8120.000000,2030.000000,2282.719925,12.000000,2,2,0
31.2,1,balanced,gnb_1,4,31.294,8120.000000,2030.000000,2194.267951,12.000000,2,2,0
31.3,1,balanced,gnb_1,4,31.396,8120.000000,2030.000000,2136.774168,12.000000,2,2,0
31.4,1,balanced,gnb_1,4,31.498,8120.000000,2030.000000,2099.403209,12.000000,2,2,0
31.5,1,balanced,gnb_1,4,31.594,8120.000000,2030.000000,2075.112086,12.000000,2,2,0
31.6,1,balanced,gnb_1,4,31.696,8120.000000,2030.000000,2059.322856,12.000000,2,2,0
31.7,1,balanced,gnb_1,4,31.798,8120.000000,2030.000000,2049.059856,12.000000,2,2,0
31.8,1,balanced,gnb_1,4,31.894,8120.000000,2030.000000,2042.388907,12.000000,2,2,0
31.9,1,balanced,gnb_1,4,31.996,8120.000000,2030.000000,2038.052789,12.000000,2,2,0
32.0,1,balanced,gnb_1,3,32.098,8120.000000,2706.666667,2272.067646,12.000000,2,2,0
32.1,1,balanced,gnb_1,3,32.194,8120.000000,2706.666667,2424.177303,12.000000,2,2,0
32.2,1,balanced,gnb_1,3,32.296,8120.000000,2706.666667,2523.048581,12.000000,2,2,0
32.3,1,balanced,gnb_1,3,32.398,8120.000000,2706.666667,2587.314911,12.000000,2,2,0
32.4,1,balanced,gnb_1,3,32.494,8120.000000,2706.666667,2629.088025,12.000000,2,2,0
32.5,1,balanced,gnb_1,3,32.596,8120.000000,2706.666667,2656.240550,12.000000,2,2,0
32.6,1,balanced,gnb_1,3,32.698,8120.000000,2706.666667,2673.889691,12.000000,2,2,0
32.7,1,balanced,gnb_1,3,32.794,8120.000000,2706.666667,2685.361632,12.000000,2,2,0
32.8,1,balanced,gnb_1,3,32.896,8120.000000,2706.666667,2692.818394,12.000000,2,2,0
32.9,1,balanced,gnb_1,3,32.998,8120.000000,2706.666667,2697.665290,12.000000,2,2,0
33.0,1,balanced,gnb_1,3,33.094,8120.000000,2706.666667,2700.815772,12.000000,2,2,0
33.1,1,balanced,gnb_1,3,33.196,8120.000000,2706.666667,2702.863585,12.000000,2,2,0
33.2,1,balanced,gnb_1,3,33.298,8120.000000,2706.666667,2704.194664,12.000000,2,2,0
33.3,1,balanced,gnb_1,3,33.394,8120.000000,2706.666667,2705.059865,12.000000,2,2,0
33.4,1,balanced,gnb_1,3,33.496,8120.000000,2706.666667,2705.622245,12.000000,2,2,0
33.5,1,balanced,gnb_1,3,33.598,8120.000000,2706.666667,2705.987793,12.000000,2,2,0
33.6,1,balanced,gnb_1,3,33.694,8120.000000,2706.666667,2706.225399,12.000000,2,2,0
33.7,1,balanced,gnb_1,3,33.796,8120.000000,2706.666667,2706.379842,12.000000,2,2,0
33.8,1,balanced,gnb_1,3,33.898,8120.000000,2706.666667,2706.480231,12.000000,2,2,0
33.9,1,balanced,gnb_1,3,33.994,8120.000000,2706.666667,2706.545483,12.000000,2,2,0
34.0,1,balanced,gnb_1,3,34.096,8120.000000,2706.666667,2706.587898,12.000000,2,2,0
34.1,1,balanced,gnb_1,3,34.198,8120.000000,2706.666667,2706.615467,12.000000,2,2,0
34.2,1,balanced,gnb_1,3,34.294,8120.000000,2706.666667,2706.633387,12.000000,2,2,0
34.3,1,balanced,gnb_1,3,34.396,8120.000000,2706.666667,2706.645035,12.000000,2,2,0
34.4,1,balanced,gnb_1,3,34.498,8120.000000,2706.666667,2706.652606,12.000000,2,2,0
34.5,1,balanced,gnb_1,3,34.594,8120.000000,2706.666667,2706.657527,12.000000,2,2,0
34.6,1,balanced,gnb_1,3,34.696,8120.000000,2706.666667,2706.660726,12.000000,2,2,0
34.7,1,balanced,gnb_1,3,34.798,8120.000000,2706.666667,2706.662805,12.000000,2,2,0
34.8,1,balanced,gnb_1,3,34.894,8120.000000,2706.666667,2706.664157,12.000000,2,2,0
34.9,1,balanced,gnb_1,3,34.996,8120.000000,2706.666667,2706.665035,12.000000,2,2,0
35.0,1,balanced,gnb_1,3,35.098,8120.000000,2706.666667,2706.665606,12.000000,2,2,0
35.1,1,balanced,gnb_1,3,35.194,8120.000000,2706.666667,2706.665977,12.000000,2,2,0
35.2,1,balanced,gnb_1,3,35.296,8120.000000,2706.666667,2706.666219,12.000000,2,2,0
35.3,1,balanced,gnb_1,3,35.398,8120.000000,2706.666667,2706.666375,12.000000,2,2,0
6.1,2,aggressive,gnb_2,3,6.194,8120.000000,2706.666667,1786.400000,1.180444,2,1,0
6.2,2,aggressive,gnb_2,3,6.296,8120.000000,2706.666667,2209.722667,1.572566,1,1,0
6.3,2,aggressive,gnb_2,3,6.398,8120.000000,2706.666667,2438.316907,1.964687,1,1,0
6.4,2,aggressive,gnb_2,3,6.494,8120.000000,2706.666667,2561.757796,2.356808,1,1,0
6.5,2,aggressive,gnb_2,3,6.596,8120.000000,2706.666667,2628.415877,2.748929,1,2,0
6.6,2,aggressive,gnb_2,3,6.698,8120.000000,2706.666667,2664.411240,2.829374,2,2,0
6.7,2,aggressive,gnb_2,3,6.794,8120.000000,2706.666667,2683.848736,2.909818,2,2,0
6.8,2,aggressive,gnb_2,3,6.896,8120.000000,2706.666667,2694.344984,2.990263,2,2,0
6.9,2,aggressive,gnb_2,3,6.998,8120.000000,2706.666667,2700.012958,3.070707,2,2,0
7.0,2,aggressive,gnb_2,3,7.094,8056.000000,2685.333333,2693.260331,3.149729,2,2,0
7.1,2,aggressive,gnb_2,3,7.196,8056.000000,2685.333333,2689.613912,3.228752,2,2,0
7.2,2,aggressive,gnb_2,3,7.298,8056.000000,2685.333333,2687.644846,3.307774,2,2,0
7.3,2,aggressive,gnb_2,3,7.394,8056.000000,2685.333333,2686.581550,3.386796,2,2,0
7.4,2,aggressive,gnb_2,3,7.496,8056.000000,2685.333333,2686.007370,3.465818,2,2,0
7.5,2,aggressive,gnb_2,3,7.598,8056.000000,2685.333333,2685.697313,3.544840,2,2,0
7.6,2,aggressive,gnb_2,3,7.694,8056.000000,2685.333333,2685.529883,3.623863,2,2,0
7.7,2,aggressive,gnb_2,3,7.796,8056.000000,2685.333333,2685.439470,3.702885,2,2,0
7.8,2,aggressive,gnb_2,3,7.898,8056.000000,2685.333333,2685.390647,3.781907,2,2,0
7.9,2,aggressive,gnb_2,3,7.994,8056.000000,2685.333333,2685.364283,3.860929,2,2,0
8.0,2,aggressive,gnb_2,3,8.096,8056.000000,2685.333333,2685.350046,3.939952,2,2,0
8.1,2,aggressive,gnb_2,3,8.198,8056.000000,2685.333333,2685.342358,4.018974,2,2,0
8.2,2,aggressive,gnb_2,3,8.294,8056.000000,2685.333333,2685.338207,4.097996,2,2,0
8.3,2,aggressive,gnb_2,3,8.396,7960.000000,2653.333333,2670.615965,4.174885,2,2,0
8.4,2,aggressive,gnb_2,3,8.498,7960.000000,2653.333333,2662.665954,4.251774,2,2,0
8.5,2,aggressive,gnb_2,3,8.594,7960.000000,2653.333333,2658.372949,4.328663,2,2,0
8.6,2,aggressive,gnb_2,3,8.696,7960.000000,2653.333333,2656.054726,4.405552,2,2,0
8.7,2,aggressive,gnb_2,3,8.798,7960.000000,2653.333333,2654.802885,4.482440,2,2,0
8.8,2,aggressive,gnb_2,3,8.894,7960.000000,2653.333333,2654.126891,4.559329,2,2,0
8.9,2,aggressive,gnb_2,3,8.996,7960.000000,2653.333333,2653.761855,4.636218,2,2,0
9.0,2,aggressive,gnb_2,3,9.098,7960.000000,2653.333333,2653.564735,4.713107,2,2,0
9.1,2,aggressive,gnb_2,3,9.194,7960.000000,2653.333333,2653.458290,4.789996,2,2,0
9.2,2,aggressive,gnb_2,3,9.296,7960.000000,2653.333333,2653.400810,4.866885,2,2,0
9.3,2,aggressive,gnb_2,3,9.398,7080.000000,2360.000000,2518.436437,4.924218,2,2,0
9.4,2,aggressive,gnb_2,3,9.494,7080.000000,2360.000000,2445.555676,4.981552,2,2,0
9.5,2,aggressive,gnb_2,3,9.596,7080.000000,2360.000000,2406.200065,5.038885,2,2,0
9.6,2,aggressive,gnb_2,4,9.698,7080.000000,1770.000000,2113.548035,5.056885,2,2,0
9.7,2,aggressive,gnb_2,4,9.794,7080.000000,1770.000000,1955.515939,5.074885,2,2,0
9.8,2,aggressive,gnb_2,4,9.896,7080.000000,1770.000000,1870.178607,5.092885,2,2,0
9.9,2,aggressive,gnb_2,4,9.998,7080.000000,1770.000000,1824.096448,5.110885,2,2,0
10.0,2,aggressive,gnb_2,4,10.094,7080.000000,1770.000000,1799.212082,5.128885,2,2,0
10.1,2,aggressive,gnb_2,4,10.196,7320.000000,1830.000000,1813.374524,5.150885,2,2,0
10.2,2,aggressive,gnb_2,4,10.298,7320.000000,1830.000000,1821.022243,5.172885,2,2,0
10.3,2,aggressive,gnb_2,4,10.394,7320.000000,1830.000000,1825.152011,5.194885,2,2,0
10.4,2,aggressive,gnb_2,4,10.496,7320.000000,1830.000000,1827.382086,5.216885,2,2,0
10.5,2,aggressive,gnb_2,4,10.598,7320.000000,1830.000000,1828.586326,5.238885,2,2,0
10.6,2,aggressive,gnb_2,4,10.694,7320.000000,1830.000000,1829.236616,5.260885,2,2,0
10.7,2,aggressive,gnb_2,4,10.796,7320.000000,1830.000000,1829.587773,5.282885,2,2,0
10.8,2,aggressive,gnb_2,4,10.898,7960.000000,1990.000000,1903.377397,5.315552,2,2,0
10.9,2,aggressive,gnb_2,4,10.994,7960.000000,1990.000000,1943.223795,5.348218,2,2,0
11.0,2,aggressive,gnb_2,4,11.096,7960.000000,1990.000000,1964.740849,5.380885,2,2,0
11.1,2,aggressive,gnb_2,4,11.198,7960.000000,1990.000000,1976.360058,5.413552,2,2,0
11.2,2,aggressive,gnb_2,4,11.294,7960.000000,1990.000000,1982.634432,5.446218,2,2,0
11.3,2,aggressive,gnb_2,4,11.396,7960.000000,1990.000000,1986.022593,5.478885,2,2,0
11.4,2,aggressive,gnb_2,4,11.498,7080.000000,1770.000000,1886.652200,5.496885,2,2,0
11.5,2,aggressive,gnb_2,4,11.594,7080.000000,1770.000000,1832.992188,5.514885,2,2,0
11.6,2,aggressive,gnb_2,4,11.696,7080.000000,1770.000000,1804.015782,5.532885,2,2,0
11.7,2,aggressive,gnb_2,4,11.798,7080.000000,1770.000000,1788.368522,5.550885,2,2,0
11.8,2,aggressive,gnb_2,4,11.894,7080.000000,1770.000000,1779.919002,5.568885,2,2,0
11.9,2,aggressive,gnb_2,4,11.996,6568.000000,1642.000000,1716.476261,5.578352,2,2,0
12.0,2,aggressive,gnb_2,4,12.098,6568.000000,1642.000000,1682.217181,5.587818,2,2,0
12.1,2,aggressive,gnb_2,4,12.194,6568.000000,1642.000000,1663.717278,5.597285,2,1,0
12.2,2,aggressive,gnb_2,4,12.296,6568.000000,1642.000000,1653.727330,5.795830,1,1,0
12.3,2,aggressive,gnb_2,4,12.398,6568.000000,1642.000000,1648.332758,5.994376,1,1,0
12.4,2,aggressive,gnb_2,4,12.494,6664.000000,1666.000000,1656.459689,6.197285,1,2,0
12.5,2,aggressive,gnb_2,4,12.596,6744.000000,1686.000000,1670.048232,6.209685,2,2,0
12.6,2,aggressive,gnb_2,4,12.698,6744.000000,1686.000000,1677.386045,6.222085,2,2,0
12.7,2,aggressive,gnb_2,4,12.794,6744.000000,1686.000000,1681.348465,6.234485,2,2,0
12.8,2,aggressive,gnb_2,4,12.896,6744.000000,1686.000000,1683.488171,6.246885,2,2,0
12.9,2,aggressive,gnb_2,4,12.998,7992.000000,1998.000000,1828.163612,6.280085,2,2,0
13.0,2,aggressive,gnb_2,4,13.094,7992.000000,1998.000000,1906.288351,6.313285,2,2,0
13.1,2,aggressive,gnb_2,4,13.196,7992.000000,1998.000000,1948.475709,6.346485,2,2,0
13.2,2,aggressive,gnb_2,4,13.298,7992.000000,1998.000000,1971.256883,6.379685,2,2,0
13.3,2,aggressive,gnb_2,4,13.394,7960.000000,1990.000000,1979.878717,6.412352,2,2,0
13.4,2,aggressive,gnb_2,4,13.496,7960.000000,1990.000000,1984.534507,6.445018,2,2,0
13.5,2,aggressive,gnb_2,4,13.598,7960.000000,1990.000000,1987.048634,6.477685,2,2,0
13.6,2,aggressive,gnb_2,4,13.694,7960.000000,1990.000000,1988.406262,6.510352,2,2,0
13.7,2,aggressive,gnb_2,4,13.796,7992.000000,1998.000000,1992.819382,6.543552,2,2,0
13.8,2,aggressive,gnb_2,5,13.898,7992.000000,1598.400000,1811.386466,6.550112,2,2,0
13.9,2,aggressive,gnb_2,5,13.994,7992.000000,1598.400000,1713.412692,6.556672,2,2,0
14.0,2,aggressive,gnb_2,4,14.096,7992.000000,1998.000000,1844.322854,6.589872,2,2,0
14.1,2,aggressive,gnb_2,4,14.198,7992.000000,1998.000000,1915.014341,6.623072,2,2,0
14.2,2,aggressive,gnb_2,4,14.294,7992.000000,1998.000000,1953.187744,6.656272,2,2,0
14.3,2,aggressive,gnb_2,4,14.396,7992.000000,1998.000000,1973.801382,6.689472,2,2,0
14.4,2,aggressive,gnb_2,4,14.498,8024.000000,2006.000000,1988.612746,6.723205,2,2,0
14.5,2,aggressive,gnb_2,4,14.594,7080.000000,1770.000000,1888.050883,6.741205,2,2,0
14.6,2,aggressive,gnb_2,4,14.696,7176.000000,1794.000000,1844.787477,6.760805,2,2,0
14.7,2,aggressive,gnb_2,4,14.798,7176.000000,1794.000000,1821.425237,6.780405,2,2,0
14.8,2,aggressive,gnb_2,4,14.894,7176.000000,1794.000000,1808.809628,6.800005,2,2,0
14.9,2,aggressive,gnb_2,4,14.996,8024.000000,2006.000000,1899.517199,6.833738,2,2,0
15.0,2,aggressive,gnb_2,4,15.098,8024.000000,2006.000000,1948.499288,6.867472,2,2,0
15.1,2,aggressive,gnb_2,4,15.194,8024.000000,2006.000000,1974.949615,6.901205,2,2,0
15.2,2,aggressive,gnb_2,4,15.296,8024.000000,2006.000000,1989.232792,6.934938,2,2,0
15.3,2,aggressive,gnb_2,4,15.398,8120.000000,2030.000000,2007.985708,6.970272,2,2,0
15.4,2,aggressive,gnb_2,4,15.494,8120.000000,2030.000000,2018.112282,7.005605,2,2,0
15.5,2,aggressive,gnb_2,4,15.596,8120.000000,2030.000000,2023.580632,7.040938,2,2,0
15.6,2,aggressive,gnb_2,4,15.698,8120.000000,2030.000000,2026.533541,7.076272,2,2,0
15.7,2,aggressive,gnb_2,4,15.794,8120.000000,2030.000000,2028.128112,7.111605,2,2,0
15.8,2,aggressive,gnb_2,4,15.896,8120.000000,2030.000000,2028.989181,7.146938,2,2,0
15.9,2,aggressive,gnb_2,4,15.998,8120.000000,2030.000000,2029.454158,7.182272,2,2,0
16.0,2,aggressive,gnb_2,4,16.094,8056.000000,2014.000000,2022.345245,7.216538,2,2,0
16.1,2,aggressive,gnb_2,4,16.196,8056.000000,2014.000000,2018.506432,7.250805,2,2,0
16.2,2,aggressive,gnb_2,4,16.298,8088.000000,2022.000000,2020.113473,7.285605,2,2,0
16.3,2,aggressive,gnb_2,4,16.394,7784.000000,1946.000000,1986.021276,7.315338,2,2,0
16.4,2,aggressive,gnb_2,4,16.496,7784.000000,1946.000000,1967.611489,7.345072,2,2,0
16.5,2,aggressive,gnb_2,4,16.598,7784.000000,1946.000000,1957.670204,7.374805,2,2,0
16.6,2,aggressive,gnb_2,4,16.694,8024.000000,2006.000000,1979.901910,7.408538,2,2,0
16.7,2,aggressive,gnb_2,4,16.796,8024.000000,2006.000000,1991.907031,7.442272,2,2,0
16.8,2,aggressive,gnb_2,4,16.898,8024.000000,2006.000000,1998.389797,7.476005,2,2,0
16.9,2,aggressive,gnb_2,4,16.994,7784.000000,1946.000000,1974.290490,7.505738,2,2,0
17.0,2,aggressive,gnb_2,4,17.096,7784.000000,1946.000000,1961.276865,7.535472,2,2,0
17.1,2,aggressive,gnb_2,4,17.198,7784.000000,1946.000000,1954.249507,7.565205,2,2,0
17.2,2,aggressive,gnb_2,4,17.294,7992.000000,1998.000000,1974.374734,7.598405,2,2,0
17.3,2,aggressive,gnb_2,4,17.396,7992.000000,1998.000000,1985.242356,7.631605,2,2,0
17.4,2,aggressive,gnb_2,4,17.498,7992.000000,1998.000000,1991.110872,7.664805,2,2,0
17.5,2,aggressive,gnb_2,4,17.594,8024.000000,2006.000000,1997.959871,7.698538,2,2,0
17.6,2,aggressive,gnb_2,4,17.696,8024.000000,2006.000000,2001.658330,7.732272,2,2,0
17.7,2,aggressive,gnb_2,4,17.798,8024.000000,2006.000000,2003.655498,7.766005,2,2,0
17.8,2,aggressive,gnb_2,4,17.894,8056.000000,2014.000000,2008.413969,7.800272,2,2,0
17.9,2,aggressive,gnb_2,4,17.996,8056.000000,2014.000000,2010.983543,7.834538,2,2,0
18.0,2,aggressive,gnb_2,4,18.098,8056.000000,2014.000000,2012.371113,7.868805,2,2,0
18.1,2,aggressive,gnb_2,4,18.194,7960.000000,1990.000000,2002.080401,7.901472,2,2,0
18.2,2,aggressive,gnb_2,4,18.296,7960.000000,1990.000000,1996.523417,7.934138,2,2,0
18.3,2,aggressive,gnb_2,4,18.398,7960.000000,1990.000000,1993.522645,7.966805,2,2,0
18.4,2,aggressive,gnb_2,4,18.494,8120.000000,2030.000000,2010.302228,8.002138,2,2,0
18.5,2,aggressive,gnb_2,4,18.596,8120.000000,2030.000000,2019.363203,8.037472,2,2,0
18.6,2,aggressive,gnb_2,4,18.698,8120.000000,2030.000000,2024.256130,8.072805,2,2,0
18.7,2,aggressive,gnb_2,5,18.794,8120.000000,1624.000000,1840.138310,8.081072,2,2,0
18.8,2,aggressive,gnb_2,5,18.896,8120.000000,1624.000000,1740.714687,8.089338,2,2,0
18.9,2,aggressive,gnb_2,5,18.998,8120.000000,1624.000000,1687.025931,8.097605,2,2,0
19.0,2,aggressive,gnb_2,4,19.094,7960.000000,1990.000000,1826.394003,8.130272,2,2,0
19.1,2,aggressive,gnb_2,4,19.196,7960.000000,1990.000000,1901.652762,8.162938,2,2,0
19.2,2,aggressive,gnb_2,4,19.298,7960.000000,1990.000000,1942.292491,8.195605,2,2,0
19.3,2,aggressive,gnb_2,4,19.394,7992.000000,1998.000000,1967.917945,8.228805,2,2,0
19.4,2,aggressive,gnb_2,4,19.496,7992.000000,1998.000000,1981.755690,8.262005,2,2,0
19.5,2,aggressive,gnb_2,4,19.598,7992.000000,1998.000000,1989.228073,8.295205,2,2,0
19.6,2,aggressive,gnb_2,4,19.694,7960.000000,1990.000000,1989.583159,8.327872,2,2,0
19.7,2,aggressive,gnb_2,4,19.796,7960.000000,1990.000000,1989.774906,8.360538,2,2,0
19.8,2,aggressive,gnb_2,4,19.898,7960.000000,1990.000000,1989.878449,8.393205,2,2,0
19.9,2,aggressive,gnb_2,4,19.994,8120.000000,2030.000000,2008.334363,8.428538,2,2,0
20.0,2,aggressive,gnb_2,4,20.096,8120.000000,2030.000000,2018.300556,8.463872,2,2,0
20.1,2,aggressive,gnb_2,4,20.198,8120.000000,2030.000000,2023.682300,8.499205,2,2,0
20.2,2,aggressive,gnb_2,4,20.294,8120.000000,2030.000000,2026.588442,8.534538,2,2,0
20.3,2,aggressive,gnb_2,4,20.396,8120.000000,2030.000000,2028.157759,8.569872,2,2,0
20.4,2,aggressive,gnb_2,4,20.498,8120.000000,2030.000000,2029.005190,8.605205,2,2,0
20.5,2,aggressive,gnb_2,4,20.594,8120.000000,2030.000000,2029.462802,8.640538,2,2,0
20.6,2,aggressive,gnb_2,4,20.696,8120.000000,2030.000000,2029.709913,8.675872,2,2,0
20.7,2,aggressive,gnb_2,4,20.798,8120.000000,2030.000000,2029.843353,8.711205,2,2,0
20.8,2,aggressive,gnb_2,4,20.894,8120.000000,2030.000000,2029.915411,8.746538,2,2,0
20.9,2,aggressive,gnb_2,4,20.996,8120.000000,2030.000000,2029.954322,8.781872,2,2,0
21.0,2,aggressive,gnb_2,4,21.098,8120.000000,2030.000000,2029.975334,8.817205,2,2,0
21.1,2,aggressive,gnb_2,4,21.194,8120.000000,2030.000000,2029.986680,8.852538,2,2,0
21.2,2,aggressive,gnb_2,4,21.296,8120.000000,2030.000000,2029.992807,8.887872,2,2,0
21.3,2,aggressive,gnb_2,4,21.398,8120.000000,2030.000000,2029.996116,8.923205,2,2,0
21.4,2,aggressive,gnb_2,4,21.494,8024.000000,2006.000000,2018.957903,8.956938,2,2,0
21.5,2,aggressive,gnb_2,4,21.596,8024.000000,2006.000000,2012.997267,8.990672,2,2,0
21.6,2,aggressive,gnb_2,4,21.698,8024.000000,2006.000000,2009.778524,9.024405,2,2,0
21.7,2,aggressive,gnb_2,4,21.794,7928.000000,1982.000000,1997.000403,9.056538,2,2,0
21.8,2,aggressive,gnb_2,4,21.896,7928.000000,1982.000000,1990.100218,9.088672,2,2,0
21.9,2,aggressive,gnb_2,4,21.998,7928.000000,1982.000000,1986.374118,9.120805,2,2,0
22.0,2,aggressive,gnb_2,4,22.094,7960.000000,1990.000000,1988.042023,9.153472,2,2,0
22.1,2,aggressive,gnb_2,4,22.196,7960.000000,1990.000000,1988.942693,9.186138,2,2,0
22.2,2,aggressive,gnb_2,4,22.298,7960.000000,1990.000000,1989.429054,9.218805,2,2,0
22.3,2,aggressive,gnb_2,4,22.394,8120.000000,2030.000000,2008.091689,9.254138,2,2,0
22.4,2,aggressive,gnb_2,4,22.496,8120.000000,2030.000000,2018.169512,9.289472,2,2,0
22.5,2,aggressive,gnb_2,4,22.598,8120.000000,2030.000000,2023.611537,9.324805,2,2,0
22.6,2,aggressive,gnb_2,4,22.694,8120.000000,2030.000000,2026.550230,9.360138,2,2,0
22.7,2,aggressive,gnb_2,4,22.796,8120.000000,2030.000000,2028.137124,9.395472,2,2,0
22.8,2,aggressive,gnb_2,4,22.898,8120.000000,2030.000000,2028.994047,9.430805,2,2,0
22.9,2,aggressive,gnb_2,4,22.994,8056.000000,2014.000000,2022.096785,9.465072,2,2,0
23.0,2,aggressive,gnb_1,3,23.096,8120.000000,2706.666667,2336.998931,9.545516,2,2,0
23.1,2,aggressive,gnb_1,3,23.198,8120.000000,2706.666667,2507.046089,9.625960,2,2,0
23.2,2,aggressive,gnb_1,3,23.294,8120.000000,2706.666667,2598.871555,9.706405,2,2,0
23.3,2,aggressive,gnb_1,3,23.396,8120.000000,2706.666667,2648.457306,9.786849,2,2,0
23.4,2,aggressive,gnb_1,3,23.498,8120.000000,2706.666667,2675.233612,9.867294,2,2,0
23.5,2,aggressive,gnb_1,3,23.594,8120.000000,2706.666667,2689.692817,9.947738,2,2,0
23.6,2,aggressive,gnb_1,3,23.696,8120.000000,2706.666667,2697.500788,10.028183,2,2,0
23.7,2,aggressive,gnb_1,3,23.798,8120.000000,2706.666667,2701.717092,10.108627,2,2,0
23.8,2,aggressive,gnb_1,3,23.894,8120.000000,2706.666667,2703.993896,10.189072,2,2,0
23.9,2,aggressive,gnb_1,3,23.996,8120.000000,2706.666667,2705.223371,10.269516,2,2,0
24.0,2,aggressive,gnb_1,4,24.098,8120.000000,2030.000000,2394.620620,10.304849,2,2,0
24.1,2,aggressive,gnb_1,4,24.194,7992.000000,1998.000000,2212.175135,10.338049,2,2,0
24.2,2,aggressive,gnb_1,4,24.296,7992.000000,1998.000000,2113.654573,10.371249,2,2,0
24.3,2,aggressive,gnb_1,4,24.398,7992.000000,1998.000000,2060.453469,10.404449,2,2,0
24.4,2,aggressive,gnb_1,4,24.494,8056.000000,2014.000000,2039.084873,10.438716,2,2,0
24.5,2,aggressive,gnb_1,4,24.596,8056.000000,2014.000000,2027.545832,10.472983,2,2,0
24.6,2,aggressive,gnb_1,4,24.698,8056.000000,2014.000000,2021.314749,10.507249,2,2,0
24.7,2,aggressive,gnb_1,4,24.794,8120.000000,2030.000000,2025.309965,10.542583,2,2,0
24.8,2,aggressive,gnb_1,4,24.896,8120.000000,2030.000000,2027.467381,10.577916,2,2,0
24.9,2,aggressive,gnb_1,4,24.998,8120.000000,2030.000000,2028.632386,10.613249,2,2,0
25.0,2,aggressive,gnb_1,4,25.094,8120.000000,2030.000000,2029.261488,10.648583,2,2,0
25.1,2,aggressive,gnb_1,4,25.196,8120.000000,2030.000000,2029.601204,10.683916,2,2,0
25.2,2,aggressive,gnb_1,4,25.298,8120.000000,2030.000000,2029.784650,10.719249,2,2,0
25.3,2,aggressive,gnb_1,4,25.394,8120.000000,2030.000000,2029.883711,10.754583,2,2,0
25.4,2,aggressive,gnb_1,4,25.496,8120.000000,2030.000000,2029.937204,10.789916,2,2,0
25.5,2,aggressive,gnb_1,4,25.598,8120.000000,2030.000000,2029.966090,10.825249,2,2,0
25.6,2,aggressive,gnb_1,4,25.694,7992.000000,1998.000000,2015.261689,10.858449,2,2,0
25.7,2,aggressive,gnb_1,4,25.796,7992.000000,1998.000000,2007.321312,10.891649,2,2,0
25.8,2,aggressive,gnb_1,4,25.898,8024.000000,2006.000000,2006.713508,10.925383,2,2,0
25.9,2,aggressive,gnb_1,4,25.994,8120.000000,2030.000000,2017.425295,10.960716,2,2,0
26.0,2,aggressive,gnb_1,4,26.096,8120.000000,2030.000000,2023.209659,10.996049,2,2,0
26.1,2,aggressive,gnb_1,4,26.198,8120.000000,2030.000000,2026.333216,11.031383,2,2,0
26.2,2,aggressive,gnb_1,4,26.294,8120.000000,2030.000000,2028.019937,11.066716,2,2,0
26.3,2,aggressive,gnb_1,4,26.396,8120.000000,2030.000000,2028.930766,11.102049,2,2,0
26.4,2,aggressive,gnb_1,4,26.498,8120.000000,2030.000000,2029.422614,11.137383,2,2,0
26.5,2,aggressive,gnb_1,4,26.594,8120.000000,2030.000000,2029.688211,11.172716,2,2,0
26.6,2,aggressive,gnb_1,4,26.696,8120.000000,2030.000000,2029.831634,11.208049,2,2,0
26.7,2,aggressive,gnb_1,4,26.798,8120.000000,2030.000000,2029.909082,11.243383,2,2,0
26.8,2,aggressive,gnb_1,4,26.894,8120.000000,2030.000000,2029.950905,11.278716,2,2,0
26.9,2,aggressive,gnb_1,4,26.996,8120.000000,2030.000000,2029.973488,11.314049,2,2,0
27.0,2,aggressive,gnb_1,4,27.098,8120.000000,2030.000000,2029.985684,11.349383,2,2,0
27.1,2,aggressive,gnb_1,4,27.194,8120.000000,2030.000000,2029.992269,11.384716,2,2,0
27.2,2,aggressive,gnb_1,4,27.296,8120.000000,2030.000000,2029.995825,11.420049,2,2,0
27.3,2,aggressive,gnb_1,4,27.398,8120.000000,2030.000000,2029.997746,11.455383,2,2,0
27.4,2,aggressive,gnb_1,4,27.494,8120.000000,2030.000000,2029.998783,11.490716,2,2,0
27.5,2,aggressive,gnb_1,4,27.596,8120.000000,2030.000000,2029.999343,11.526049,2,2,0
27.6,2,aggressive,gnb_1,4,27.698,8120.000000,2030.000000,2029.999645,11.561383,2,2,0
27.7,2,aggressive,gnb_1,4,27.794,8120.000000,2030.000000,2029.999808,11.596716,2,2,0
27.8,2,aggressive,gnb_1,4,27.896,8120.000000,2030.000000,2029.999896,11.632049,2,2,0
27.9,2,aggressive,gnb_1,4,27.998,8120.000000,2030.000000,2029.999944,11.667383,2,2,0
28.0,2,aggressive,gnb_1,4,28.094,8120.000000,2030.000000,2029.999970,11.702716,2,2,0
28.1,2,aggressive,gnb_1,4,28.196,8120.000000,2030.000000,2029.999984,11.738049,2,2,0
28.2,2,aggressive,gnb_1,4,28.298,8120.000000,2030.000000,2029.999991,11.773383,2,2,0
28.3,2,aggressive,gnb_1,4,28.394,8120.000000,2030.000000,2029.999995,11.808716,2,2,0
28.4,2,aggressive,gnb_1,4,28.496,8120.000000,2030.000000,2029.999997,11.844049,2,2,0
28.5,2,aggressive,gnb_1,4,28.598,8120.000000,2030.000000,2029.999999,11.879383,2,2,0
28.6,2,aggressive,gnb_1,4,28.694,8120.000000,2030.000000,2029.999999,11.914716,2,2,0
28.7,2,aggressive,gnb_1,4,28.796,8120.000000,2030.000000,2030.000000,11.950049,2,2,0
28.8,2,aggressive,gnb_1,4,28.898,8120.000000,2030.000000,2030.000000,11.985383,2,2,0
28.9,2,aggressive,gnb_1,4,28.994,8120.000000,2030.000000,2030.000000,12.000000,2,2,0
29.0,2,aggressive,gnb_1,4,29.096,8120.000000,2030.000000,2030.000000,12.000000,2,2,0
29.1,2,aggressive,gnb_1,4,29.198,8120.000000,2030.000000,2030.000000,12.000000,2,2,0
29.2,2,aggressive,gnb_1,4,29.294,8120.000000,2030.000000,2030.000000,12.000000,2,2,0
29.3,2,aggressive,gnb_1,4,29.396,8120.000000,2030.000000,2030.000000,12.000000,2,2,0
29.4,2,aggressive,gnb_1,4,29.498,8120.000000,2030.000000,2030.000000,12.000000,2,2,0
29.5,2,aggressive,gnb_1,4,29.594,8120.000000,2030.000000,2030.000000,12.000000,2,2,0
29.6,2,aggressive,gnb_1,4,29.696,8120.000000,2030.000000,2030.000000,12.000000,2,2,0
29.7,2,aggressive,gnb_1,4,29.798,8120.000000,2030.000000,2030.000000,12.000000,2,2,0
29.8,2,aggressive,gnb_1,4,29.894,8120.000000,2030.000000,2030.000000,12.000000,2,2,0
29.9,2,aggressive,gnb_1,4,29.996,8120.000000,2030.000000,2030.000000,12.000000,2,2,0
30.0,2,aggressive,gnb_1,4,30.098,8120.000000,2030.000000,2030.000000,12.000000,2,2,0
30.1,2,aggressive,gnb_1,4,30.194,8120.000000,2030.000000,2030.000000,12.000000,2,2,0
30.2,2,aggressive,gnb_1,4,30.296,8120.000000,2030.000000,2030.000000,12.000000,2,2,0
30.3,2,aggressive,gnb_1,4,30.398,8120.000000,2030.000000,2030.000000,12.000000,2,2,0
30.4,2,aggressive,gnb_1,4,30.494,8120.000000,2030.000000,2030.000000,12.000000,2,2,0
30.5,2,aggressive,gnb_1,3,30.596,8120.000000,2706.666667,2341.266667,12.000000,2,2,0
30.6,2,aggressive,gnb_1,3,30.698,8120.000000,2706.666667,2509.350667,12.000000,2,2,0
30.7,2,aggressive,gnb_1,3,30.794,8120.000000,2706.666667,2600.116027,12.000000,2,2,0
30.8,2,aggressive,gnb_1,3,30.896,8120.000000,2706.666667,2649.129321,12.000000,2,2,0
30.9,2,aggressive,gnb_1,3,30.998,8120.000000,2706.666667,2675.596500,12.000000,2,2,0
31.0,2,aggressive,gnb_1,4,31.094,8120.000000,2030.000000,2378.622110,12.000000,2,2,0
31.1,2,aggressive,gnb_1,4,31.196,8120.000000,2030.000000,2218.255939,12.000000,2,2,0
31.2,2,aggressive,gnb_1,4,31.298,8120.000000,2030.000000,2131.658207,12.000000,2,2,0
31.3,2,aggressive,gnb_1,4,31.394,8120.000000,2030.000000,2084.895432,12.000000,2,2,0
31.4,2,aggressive,gnb_1,4,31.496,8120.000000,2030.000000,2059.643533,12.000000,2,2,0
31.5,2,aggressive,gnb_1,4,31.598,8120.000000,2030.000000,2046.007508,12.000000,2,2,0
31.6,2,aggressive,gnb_1,4,31.694,8120.000000,2030.000000,2038.644054,12.000000,2,2,0
31.7,2,aggressive,gnb_1,4,31.796,8120.000000,2030.000000,2034.667789,12.000000,2,2,0
31.8,2,aggressive,gnb_1,4,31.898,8120.000000,2030.000000,2032.520606,12.000000,2,2,0
31.9,2,aggressive,gnb_1,4,31.994,8120.000000,2030.000000,2031.361127,12.000000,2,2,0
32.0,2,aggressive,gnb_1,3,32.096,8120.000000,2706.666667,2342.001675,12.000000,2,2,0
32.1,2,aggressive,gnb_1,3,32.198,8120.000000,2706.666667,2509.747571,12.000000,2,2,0
32.2,2,aggressive,gnb_1,3,32.294,8120.000000,2706.666667,2600.330355,12.000000,2,2,0
32.3,2,aggressive,gnb_1,3,32.396,8120.000000,2706.666667,2649.245058,12.000000,2,2,0
32.4,2,aggressive,gnb_1,3,32.498,8120.000000,2706.666667,2675.658998,12.000000,2,2,0
32.5,2,aggressive,gnb_1,3,32.594,8120.000000,2706.666667,2689.922526,12.000000,2,2,0
32.6,2,aggressive,gnb_1,3,32.696,8120.000000,2706.666667,2697.624831,12.000000,2,2,0
32.7,2,aggressive,gnb_1,3,32.798,8120.000000,2706.666667,2701.784075,12.000000,2,2,0
32.8,2,aggressive,gnb_1,3,32.894,8120.000000,2706.666667,2704.030067,12.000000,2,2,0
32.9,2,aggressive,gnb_1,3,32.996,8120.000000,2706.666667,2705.242903,12.000000,2,2,0
33.0,2,aggressive,gnb_1,3,33.098,8120.000000,2706.666667,2705.897834,12.000000,2,2,0
33.1,2,aggressive,gnb_1,3,33.194,8120.000000,2706.666667,2706.251497,12.000000,2,2,0
33.2,2,aggressive,gnb_1,3,33.296,8120.000000,2706.666667,2706.442475,12.000000,2,2,0
33.3,2,aggressive,gnb_1,3,33.398,8120.000000,2706.666667,2706.545603,12.000000,2,2,0
33.4,2,aggressive,gnb_1,3,33.494,8120.000000,2706.666667,2706.601292,12.000000,2,2,0
33.5,2,aggressive,gnb_1,3,33.596,8120.000000,2706.666667,2706.631365,12.000000,2,2,0
33.6,2,aggressive,gnb_1,3,33.698,8120.000000,2706.666667,2706.647604,12.000000,2,2,0
33.7,2,aggressive,gnb_1,3,33.794,8120.000000,2706.666667,2706.656373,12.000000,2,2,0
33.8,2,aggressive,gnb_1,3,33.896,8120.000000,2706.666667,2706.661108,12.000000,2,2,0
33.9,2,aggressive,gnb_1,3,33.998,8120.000000,2706.666667,2706.663665,12.000000,2,2,0
34.0,2,aggressive,gnb_1,3,34.094,8120.000000,2706.666667,2706.665046,12.000000,2,2,0
34.1,2,aggressive,gnb_1,3,34.196,8120.000000,2706.666667,2706.665791,12.000000,2,2,0
34.2,2,aggressive,gnb_1,3,34.298,8120.000000,2706.666667,2706.666194,12.000000,2,2,0
34.3,2,aggressive,gnb_1,3,34.394,8120.000000,2706.666667,2706.666411,12.000000,2,2,0
34.4,2,aggressive,gnb_1,3,34.496,8120.000000,2706.666667,2706.666529,12.000000,2,2,0
34.5,2,aggressive,gnb_1,3,34.598,8120.000000,2706.666667,2706.666592,12.000000,2,2,0
34.6,2,aggressive,gnb_1,3,34.694,8120.000000,2706.666667,2706.666626,12.000000,2,2,0
34.7,2,aggressive,gnb_1,3,34.796,8120.000000,2706.666667,2706.666645,12.000000,2,2,0
34.8,2,aggressive,gnb_1,3,34.898,8120.000000,2706.666667,2706.666655,12.000000,2,2,0
34.9,2,aggressive,gnb_1,3,34.994,8120.000000,2706.666667,2706.666660,12.000000,2,2,0
35.0,2,aggressive,gnb_1,3,35.096,8120.000000,2706.666667,2706.666663,12.000000,2,2,0
35.1,2,aggressive,gnb_1,3,35.198,8120.000000,2706.666667,2706.666665,12.000000,2,2,0
35.2,2,aggressive,gnb_1,3,35.294,8120.000000,2706.666667,2706.666666,12.000000,2,2,0
35.3,2,aggressive,gnb_1,3,35.396,8120.000000,2706.666667,2706.666666,12.000000,2,2,0
35.4,2,aggressive,gnb_1,2,35.498,8120.000000,4060.000000,3329.200000,12.000000,2,3,0
35.5,2,aggressive,gnb_1,2,35.594,8120.000000,4060.000000,3665.368000,12.000000,3,3,0
35.6,2,aggressive,gnb_1,2,35.696,8120.000000,4060.000000,3846.898720,12.000000,3,3,0
35.7,2,aggressive,gnb_1,2,35.798,8120.000000,4060.000000,3944.925309,12.000000,3,3,0
35.8,2,aggressive,gnb_1,2,35.894,8120.000000,4060.000000,3997.859667,12.000000,3,3,0
35.9,2,aggressive,gnb_1,2,35.996,8120.000000,4060.000000,4026.444220,12.000000,3,3,0
36.0,2,aggressive,gnb_1,2,36.098,8120.000000,4060.000000,4041.879879,12.000000,3,3,0
36.1,2,aggressive,gnb_1,2,36.194,8120.000000,4060.000000,4050.215135,12.000000,3,3,0
36.2,2,aggressive,gnb_1,2,36.296,8120.000000,4060.000000,4054.716173,12.000000,3,3,0
36.3,2,aggressive,gnb_1,2,36.398,8120.000000,4060.000000,4057.146733,12.000000,3,3,0
36.4,2,aggressive,gnb_1,2,36.494,8120.000000,4060.000000,4058.459236,12.000000,3,3,0
36.5,2,aggressive,gnb_1,2,36.596,8120.000000,4060.000000,4059.167987,12.000000,3,3,0
36.6,2,aggressive,gnb_1,2,36.698,8120.000000,4060.000000,4059.550713,12.000000,3,3,0
36.7,2,aggressive,gnb_1,2,36.794,8120.000000,4060.000000,4059.757385,12.000000,3,3,0
36.8,2,aggressive,gnb_1,2,36.896,8120.000000,4060.000000,4059.868988,12.000000,3,3,0
36.9,2,aggressive,gnb_1,2,36.998,8120.000000,4060.000000,4059.929254,12.000000,3,3,0
37.0,2,aggressive,gnb_1,2,37.094,8120.000000,4060.000000,4059.961797,12.000000,3,3,0
37.1,2,aggressive,gnb_1,2,37.196,8120.000000,4060.000000,4059.979370,12.000000,3,3,0
37.2,2,aggressive,gnb_1,2,37.298,8120.000000,4060.000000,4059.988860,12.000000,3,3,0
37.3,2,aggressive,gnb_1,2,37.394,8120.000000,4060.000000,4059.993984,12.000000,3,3,0
37.4,2,aggressive,gnb_1,2,37.496,8120.000000,4060.000000,4059.996752,12.000000,3,3,0
37.5,2,aggressive,gnb_1,2,37.598,8120.000000,4060.000000,4059.998246,12.000000,3,3,0
37.6,2,aggressive,gnb_1,2,37.694,8120.000000,4060.000000,4059.999053,12.000000,3,3,0
37.7,2,aggressive,gnb_1,2,37.796,8120.000000,4060.000000,4059.999488,12.000000,3,3,0
37.8,2,aggressive,gnb_1,2,37.898,8120.000000,4060.000000,4059.999724,12.000000,3,3,0
37.9,2,aggressive,gnb_1,2,37.994,8120.000000,4060.000000,4059.999851,12.000000,3,3,0
38.0,2,aggressive,gnb_1,3,38.096,8120.000000,2706.666667,3437.466586,11.990222,3,2,0
38.1,2,aggressive,gnb_1,3,38.198,8120.000000,2706.666667,3101.298623,12.000000,2,2,0
38.2,2,aggressive,gnb_1,3,38.294,8120.000000,2706.666667,2919.767923,12.000000,2,2,0
38.3,2,aggressive,gnb_1,3,38.396,8120.000000,2706.666667,2821.741345,12.000000,2,2,0
38.4,2,aggressive,gnb_1,3,38.498,8120.000000,2706.666667,2768.806993,12.000000,2,2,0
38.5,2,aggressive,gnb_1,3,38.594,8120.000000,2706.666667,2740.222443,12.000000,2,2,0
38.6,2,aggressive,gnb_1,3,38.696,8120.000000,2706.666667,2724.786786,12.000000,2,2,0
38.7,2,aggressive,gnb_1,3,38.798,8120.000000,2706.666667,2716.451531,12.000000,2,2,0
38.8,2,aggressive,gnb_1,3,38.894,8120.000000,2706.666667,2711.950493,12.000000,2,2,0
38.9,2,aggressive,gnb_1,3,38.996,8120.000000,2706.666667,2709.519933,12.000000,2,2,0
39.0,2,aggressive,gnb_1,3,39.098,8120.000000,2706.666667,2708.207431,12.000000,2,2,0
39.1,2,aggressive,gnb_1,3,39.194,8120.000000,2706.666667,2707.498679,12.000000,2,2,0
39.2,2,aggressive,gnb_1,3,39.296,8120.000000,2706.666667,2707.115953,12.000000,2,2,0
39.3,2,aggressive,gnb_1,3,39.398,8120.000000,2706.666667,2706.909282,12.000000,2,2,0
39.4,2,aggressive,gnb_1,3,39.494,8120.000000,2706.666667,2706.797679,12.000000,2,2,0
39.5,2,aggressive,gnb_1,3,39.596,8120.000000,2706.666667,2706.737413,12.000000,2,2,0
39.6,2,aggressive,gnb_1,3,39.698,8120.000000,2706.666667,2706.704870,12.000000,2,2,0
39.7,2,aggressive,gnb_1,3,39.794,8120.000000,2706.666667,2706.687296,12.000000,2,2,0
39.8,2,aggressive,gnb_1,3,39.896,8120.000000,2706.666667,2706.677807,12.000000,2,2,0
39.9,2,aggressive,gnb_1,3,39.998,8120.000000,2706.666667,2706.672682,12.000000,2,2,0
40.0,2,aggressive,gnb_1,3,40.094,8120.000000,2706.666667,2706.669915,12.000000,2,2,0
40.1,2,aggressive,gnb_1,3,40.196,8120.000000,2706.666667,2706.668421,12.000000,2,2,0
40.2,2,aggressive,gnb_1,3,40.298,8120.000000,2706.666667,2706.667614,12.000000,2,2,0
40.3,2,aggressive,gnb_1,3,40.394,8120.000000,2706.666667,2706.667178,12.000000,2,2,0
40.4,2,aggressive,gnb_1,3,40.496,8120.000000,2706.666667,2706.666943,12.000000,2,2,0
40.5,2,aggressive,gnb_1,3,40.598,8120.000000,2706.666667,2706.666816,12.000000,2,2,0
9.6,3,conservative,gnb_2,4,9.694,8120.000000,2030.000000,974.400000,4.115000,0,0,0
9.7,3,conservative,gnb_2,4,9.796,8120.000000,2030.000000,1206.632000,5.030000,0,0,0
9.8,3,conservative,gnb_2,4,9.898,8120.000000,2030.000000,1387.772960,5.945000,0,1,0
9.9,3,conservative,gnb_2,4,9.994,8120.000000,2030.000000,1529.062909,6.214091,1,1,0
10.0,3,conservative,gnb_2,4,10.096,8120.000000,2030.000000,1639.269069,6.483182,1,2,0
10.1,3,conservative,gnb_2,4,10.198,8120.000000,2030.000000,1725.229874,6.518515,2,2,0
10.2,3,conservative,gnb_2,4,10.294,8120.000000,2030.000000,1792.279301,6.553848,2,2,0
10.3,3,conservative,gnb_2,4,10.396,8120.000000,2030.000000,1844.577855,6.589182,2,2,0
10.4,3,conservative,gnb_2,4,10.498,8120.000000,2030.000000,1885.370727,6.624515,2,2,0
10.5,3,conservative,gnb_2,4,10.594,8120.000000,2030.000000,1917.189167,6.659848,2,2,0
10.6,3,conservative,gnb_2,4,10.696,8120.000000,2030.000000,1942.007550,6.695182,2,2,0
10.7,3,conservative,gnb_2,4,10.798,8120.000000,2030.000000,1961.365889,6.730515,2,2,0
10.8,3,conservative,gnb_2,4,10.894,8120.000000,2030.000000,1976.465394,6.765848,2,2,0
10.9,3,conservative,gnb_2,4,10.996,8120.000000,2030.000000,1988.243007,6.801182,2,2,0
11.0,3,conservative,gnb_2,4,11.098,8120.000000,2030.000000,1997.429545,6.836515,2,2,0
11.1,3,conservative,gnb_2,4,11.194,8120.000000,2030.000000,2004.595045,6.871848,2,2,0
11.2,3,conservative,gnb_2,4,11.296,8120.000000,2030.000000,2010.184135,6.907182,2,2,0
11.3,3,conservative,gnb_2,4,11.398,8120.000000,2030.000000,2014.543626,6.942515,2,2,0
11.4,3,conservative,gnb_2,4,11.494,8120.000000,2030.000000,2017.944028,6.977848,2,2,0
11.5,3,conservative,gnb_2,4,11.596,8120.000000,2030.000000,2020.596342,7.013182,2,2,0
11.6,3,conservative,gnb_2,4,11.698,8120.000000,2030.000000,2022.665147,7.048515,2,2,0
11.7,3,conservative,gnb_2,4,11.794,8120.000000,2030.000000,2024.278814,7.083848,2,2,0
11.8,3,conservative,gnb_2,4,11.896,8120.000000,2030.000000,2025.537475,7.119182,2,2,0
11.9,3,conservative,gnb_2,4,11.998,8120.000000,2030.000000,2026.519231,7.154515,2,2,0
12.0,3,conservative,gnb_2,4,12.094,8120.000000,2030.000000,2027.285000,7.189848,2,2,0
12.1,3,conservative,gnb_2,4,12.196,8120.000000,2030.000000,2027.882300,7.225182,2,2,0
12.2,3,conservative,gnb_2,4,12.298,8120.000000,2030.000000,2028.348194,7.260515,2,2,0
12.3,3,conservative,gnb_2,4,12.394,8120.000000,2030.000000,2028.711591,7.295848,2,2,0
12.4,3,conservative,gnb_2,4,12.496,8120.000000,2030.000000,2028.995041,7.331182,2,2,0
12.5,3,conservative,gnb_2,4,12.598,8120.000000,2030.000000,2029.216132,7.366515,2,2,0
12.6,3,conservative,gnb_2,4,12.694,8120.000000,2030.000000,2029.388583,7.401848,2,2,0
12.7,3,conservative,gnb_2,4,12.796,8120.000000,2030.000000,2029.523095,7.437182,2,2,0
12.8,3,conservative,gnb_2,4,12.898,8120.000000,2030.000000,2029.628014,7.472515,2,2,0
12.9,3,conservative,gnb_2,4,12.994,8120.000000,2030.000000,2029.709851,7.507848,2,2,0
13.0,3,conservative,gnb_2,4,13.096,6520.000000,1630.000000,1941.773684,7.516515,2,1,0
13.1,3,conservative,gnb_2,4,13.198,6520.000000,1630.000000,1873.183473,7.712879,1,1,0
13.2,3,conservative,gnb_2,4,13.294,6520.000000,1630.000000,1819.683109,7.909242,1,1,0
13.3,3,conservative,gnb_2,4,13.396,6520.000000,1630.000000,1777.952825,8.105606,1,1,0
13.4,3,conservative,gnb_2,4,13.498,6520.000000,1630.000000,1745.403204,8.301970,1,1,0
13.5,3,conservative,gnb_2,4,13.594,6520.000000,1630.000000,1720.014499,8.498333,1,1,0
13.6,3,conservative,gnb_2,4,13.696,6520.000000,1630.000000,1700.211309,8.694697,1,1,0
13.7,3,conservative,gnb_2,4,13.798,6600.000000,1650.000000,1689.164821,8.894697,1,1,0
13.8,3,conservative,gnb_2,5,13.894,6696.000000,1339.200000,1612.172560,9.038188,1,1,0
13.9,3,conservative,gnb_2,5,13.996,6696.000000,1339.200000,1552.118597,9.181679,1,1,0
14.0,3,conservative,gnb_2,4,14.098,6696.000000,1674.000000,1578.932506,9.386042,1,2,0
14.1,3,conservative,gnb_2,4,14.194,6696.000000,1674.000000,1599.847355,9.397642,2,2,0
14.2,3,conservative,gnb_2,4,14.296,6696.000000,1674.000000,1616.160937,9.409242,2,2,0
14.3,3,conservative,gnb_2,4,14.398,6696.000000,1674.000000,1628.885530,9.420842,2,2,0
14.4,3,conservative,gnb_2,4,14.494,6696.000000,1674.000000,1638.810714,9.432442,2,2,0
14.5,3,conservative,gnb_2,4,14.596,6696.000000,1674.000000,1646.552357,9.444042,2,2,0
14.6,3,conservative,gnb_2,4,14.698,7752.000000,1938.000000,1710.670838,9.473242,2,2,0
14.7,3,conservative,gnb_2,4,14.794,7752.000000,1938.000000,1760.683254,9.502442,2,2,0
14.8,3,conservative,gnb_2,4,14.896,7752.000000,1938.000000,1799.692938,9.531642,2,2,0
14.9,3,conservative,gnb_2,4,14.998,7752.000000,1938.000000,1830.120492,9.560842,2,2,0
15.0,3,conservative,gnb_2,4,15.094,7752.000000,1938.000000,1853.853983,9.590042,2,2,0
15.1,3,conservative,gnb_2,4,15.196,7752.000000,1938.000000,1872.366107,9.619242,2,2,0
15.2,3,conservative,gnb_2,4,15.298,7752.000000,1938.000000,1886.805564,9.648442,2,2,0
15.3,3,conservative,gnb_2,4,15.394,7464.000000,1866.000000,1882.228340,9.672842,2,2,0
15.4,3,conservative,gnb_2,4,15.496,7608.000000,1902.000000,1886.578105,9.699642,2,2,0
15.5,3,conservative,gnb_2,4,15.598,7608.000000,1902.000000,1889.970922,9.726442,2,2,0
15.6,3,conservative,gnb_2,4,15.694,7608.000000,1902.000000,1892.617319,9.753242,2,2,0
15.7,3,conservative,gnb_2,4,15.796,7608.000000,1902.000000,1894.681509,9.780042,2,2,0
15.8,3,conservative,gnb_2,4,15.898,7608.000000,1902.000000,1896.291577,9.806842,2,2,0
15.9,3,conservative,gnb_2,4,15.994,7928.000000,1982.000000,1915.147430,9.838976,2,2,0
16.0,3,conservative,gnb_2,4,16.096,7928.000000,1982.000000,1929.854995,9.871109,2,2,0
16.1,3,conservative,gnb_2,4,16.198,7928.000000,1982.000000,1941.326896,9.903242,2,2,0
16.2,3,conservative,gnb_2,4,16.294,7928.000000,1982.000000,1950.274979,9.935376,2,2,0
16.3,3,conservative,gnb_2,4,16.396,7928.000000,1982.000000,1957.254484,9.967509,2,2,0
16.4,3,conservative,gnb_2,4,16.498,7928.000000,1982.000000,1962.698497,9.999642,2,2,0
16.5,3,conservative,gnb_2,4,16.594,8120.000000,2030.000000,1977.504828,10.034976,2,2,0
16.6,3,conservative,gnb_2,4,16.696,8120.000000,2030.000000,1989.053766,10.070309,2,2,0
16.7,3,conservative,gnb_2,4,16.798,8120.000000,2030.000000,1998.061937,10.105642,2,2,0
16.8,3,conservative,gnb_2,4,16.894,8120.000000,2030.000000,2005.088311,10.140976,2,2,0
16.9,3,conservative,gnb_2,4,16.996,8120.000000,2030.000000,2010.568883,10.176309,2,2,0
17.0,3,conservative,gnb_2,4,17.098,8120.000000,2030.000000,2014.843728,10.211642,2,2,0
17.1,3,conservative,gnb_2,4,17.194,8120.000000,2030.000000,2018.178108,10.246976,2,2,0
17.2,3,conservative,gnb_2,4,17.296,8120.000000,2030.000000,2020.778924,10.282309,2,2,0
17.3,3,conservative,gnb_2,4,17.398,8120.000000,2030.000000,2022.807561,10.317642,2,2,0
17.4,3,conservative,gnb_2,4,17.494,8120.000000,2030.000000,2024.389898,10.352976,2,2,0
17.5,3,conservative,gnb_2,4,17.596,8088.000000,2022.000000,2023.864120,10.387776,2,2,0
17.6,3,conservative,gnb_2,4,17.698,8088.000000,2022.000000,2023.454014,10.422576,2,2,0
17.7,3,conservative,gnb_2,4,17.794,8088.000000,2022.000000,2023.134131,10.457376,2,2,0
17.8,3,conservative,gnb_2,4,17.896,8088.000000,2022.000000,2022.884622,10.492176,2,2,0
17.9,3,conservative,gnb_2,4,17.998,8088.000000,2022.000000,2022.690005,10.526976,2,2,0
18.0,3,conservative,gnb_2,4,18.094,8024.000000,2006.000000,2019.018204,10.560709,2,2,0
18.1,3,conservative,gnb_2,4,18.196,8024.000000,2006.000000,2016.154199,10.594442,2,2,0
18.2,3,conservative,gnb_2,4,18.298,8024.000000,2006.000000,2013.920275,10.628176,2,2,0
18.3,3,conservative,gnb_2,4,18.394,8024.000000,2006.000000,2012.177815,10.661909,2,2,0
18.4,3,conservative,gnb_2,4,18.496,7608.000000,1902.000000,1987.938695,10.688709,2,2,0
18.5,3,conservative,gnb_2,4,18.598,7608.000000,1902.000000,1969.032182,10.715509,2,2,0
18.6,3,conservative,gnb_2,4,18.694,7608.000000,1902.000000,1954.285102,10.742309,2,2,0
18.7,3,conservative,gnb_2,5,18.796,7608.000000,1521.600000,1859.094380,10.743749,2,1,0
18.8,3,conservative,gnb_2,5,18.898,7464.000000,1492.800000,1778.509616,10.915167,1,1,0
18.9,3,conservative,gnb_2,5,18.994,7464.000000,1492.800000,1715.653501,11.086585,1,1,0
19.0,3,conservative,gnb_2,4,19.096,7464.000000,1866.000000,1748.729731,11.325858,1,2,0
19.1,3,conservative,gnb_2,4,19.198,7464.000000,1866.000000,1774.529190,11.350258,2,2,0
19.2,3,conservative,gnb_2,4,19.294,8088.000000,2022.000000,1828.972768,11.385058,2,2,0
19.3,3,conservative,gnb_2,4,19.396,8088.000000,2022.000000,1871.438759,11.419858,2,2,0
19.4,3,conservative,gnb_2,4,19.498,8088.000000,2022.000000,1904.562232,11.454658,2,2,0
19.5,3,conservative,gnb_2,4,19.594,8088.000000,2022.000000,1930.398541,11.489458,2,2,0
19.6,3,conservative,gnb_2,4,19.696,8120.000000,2030.000000,1952.310862,11.524792,2,2,0
19.7,3,conservative,gnb_2,4,19.798,8120.000000,2030.000000,1969.402472,11.560125,2,2,0
19.8,3,conservative,gnb_2,4,19.894,8120.000000,2030.000000,1982.733928,11.595458,2,2,0
19.9,3,conservative,gnb_2,4,19.996,8120.000000,2030.000000,1993.132464,11.630792,2,2,0
20.0,3,conservative,gnb_2,4,20.098,8120.000000,2030.000000,2001.243322,11.666125,2,2,0
20.1,3,conservative,gnb_2,4,20.194,8120.000000,2030.000000,2007.569791,11.701458,2,2,0
20.2,3,conservative,gnb_2,4,20.296,8120.000000,2030.000000,2012.504437,11.736792,2,2,0
20.3,3,conservative,gnb_2,4,20.398,8120.000000,2030.000000,2016.353461,11.772125,2,2,0
20.4,3,conservative,gnb_2,4,20.494,7752.000000,1938.000000,1999.115700,11.801325,2,2,0
20.5,3,conservative,gnb_2,4,20.596,7752.000000,1938.000000,1985.670246,11.830525,2,2,0
20.6,3,conservative,gnb_2,4,20.698,7752.000000,1938.000000,1975.182792,11.859725,2,2,0
20.7,3,conservative,gnb_2,4,20.794,7752.000000,1938.000000,1967.002577,11.888925,2,2,0
20.8,3,conservative,gnb_2,4,20.896,7992.000000,1998.000000,1973.822010,11.922125,2,2,0
20.9,3,conservative,gnb_2,4,20.998,7992.000000,1998.000000,1979.141168,11.955325,2,2,0
21.0,3,conservative,gnb_2,4,21.094,7992.000000,1998.000000,1983.290111,11.988525,2,2,0
21.1,3,conservative,gnb_2,4,21.196,7992.000000,1998.000000,1986.526287,12.000000,2,2,0
21.2,3,conservative,gnb_2,4,21.298,6936.000000,1734.000000,1930.970504,12.000000,2,2,0
21.3,3,conservative,gnb_2,4,21.394,6936.000000,1734.000000,1887.636993,12.000000,2,2,0
21.4,3,conservative,gnb_2,4,21.496,6936.000000,1734.000000,1853.836854,12.000000,2,2,0
21.5,3,conservative,gnb_2,4,21.598,8120.000000,2030.000000,1892.592746,12.000000,2,2,0
21.6,3,conservative,gnb_2,4,21.694,8120.000000,2030.000000,1922.822342,12.000000,2,2,0
21.7,3,conservative,gnb_2,4,21.796,8120.000000,2030.000000,1946.401427,12.000000,2,2,0
21.8,3,conservative,gnb_2,4,21.898,7992.000000,1998.000000,1957.753113,12.000000,2,2,0
21.9,3,conservative,gnb_2,4,21.994,7992.000000,1998.000000,1966.607428,12.000000,2,2,0
22.0,3,conservative,gnb_2,4,22.096,7992.000000,1998.000000,1973.513794,12.000000,2,2,0
22.1,3,conservative,gnb_2,4,22.198,8088.000000,2022.000000,1984.180759,12.000000,2,2,0
22.2,3,conservative,gnb_2,4,22.294,8088.000000,2022.000000,1992.500992,12.000000,2,2,0
22.3,3,conservative,gnb_2,4,22.396,8088.000000,2022.000000,1998.990774,12.000000,2,2,0
22.4,3,conservative,gnb_2,4,22.498,8120.000000,2030.000000,2005.812804,12.000000,2,2,0
22.5,3,conservative,gnb_2,4,22.594,8120.000000,2030.000000,2011.133987,12.000000,2,2,0
22.6,3,conservative,gnb_2,4,22.696,8120.000000,2030.000000,2015.284510,12.000000,2,2,0
22.7,3,conservative,gnb_2,4,22.798,8120.000000,2030.000000,2018.521918,12.000000,2,2,0
22.8,3,conservative,gnb_2,4,22.894,8120.000000,2030.000000,2021.047096,12.000000,2,2,0
22.9,3,conservative,gnb_2,4,22.996,8120.000000,2030.000000,2023.016735,12.000000,2,2,0
23.0,3,conservative,gnb_2,3,23.098,8120.000000,2706.666667,2173.419720,12.000000,2,2,0
23.1,3,conservative,gnb_2,3,23.194,8120.000000,2706.666667,2290.734048,12.000000,2,2,0
23.2,3,conservative,gnb_2,3,23.296,8120.000000,2706.666667,2382.239224,12.000000,2,2,0
23.3,3,conservative,gnb_2,3,23.398,7960.000000,2653.333333,2441.879928,12.000000,2,2,0
23.4,3,conservative,gnb_2,3,23.494,7960.000000,2653.333333,2488.399677,12.000000,2,2,0
23.5,3,conservative,gnb_2,3,23.596,7960.000000,2653.333333,2524.685082,12.000000,2,2,0
23.6,3,conservative,gnb_2,3,23.698,8120.000000,2706.666667,2564.721030,12.000000,2,2,0
23.7,3,conservative,gnb_2,3,23.794,8120.000000,2706.666667,2595.949070,12.000000,2,2,0
23.8,3,conservative,gnb_2,3,23.896,8120.000000,2706.666667,2620.306942,12.000000,2,2,0
23.9,3,conservative,gnb_2,3,23.998,8120.000000,2706.666667,2639.306081,12.000000,2,2,0
24.0,3,conservative,gnb_1,4,24.094,8120.000000,2030.000000,2505.258743,12.000000,2,2,0
24.1,3,conservative,gnb_1,4,24.196,8120.000000,2030.000000,2400.701820,12.000000,2,2,0
24.2,3,conservative,gnb_1,4,24.298,8120.000000,2030.000000,2319.147419,12.000000,2,2,0
24.3,3,conservative,gnb_1,4,24.394,8120.000000,2030.000000,2255.534987,12.000000,2,2,0
24.4,3,conservative,gnb_1,4,24.496,8120.000000,2030.000000,2205.917290,12.000000,2,2,0
24.5,3,conservative,gnb_1,4,24.598,8120.000000,2030.000000,2167.215486,12.000000,2,2,0
24.6,3,conservative,gnb_1,4,24.694,8120.000000,2030.000000,2137.028079,12.000000,2,2,0
24.7,3,conservative,gnb_1,4,24.796,8120.000000,2030.000000,2113.481902,12.000000,2,2,0
24.8,3,conservative,gnb_1,4,24.898,8120.000000,2030.000000,2095.115883,12.000000,2,2,0
24.9,3,conservative,gnb_1,4,24.994,8120.000000,2030.000000,2080.790389,12.000000,2,2,0
25.0,3,conservative,gnb_1,4,25.096,8120.000000,2030.000000,2069.616503,12.000000,2,2,0
25.1,3,conservative,gnb_1,4,25.198,8120.000000,2030.000000,2060.900873,12.000000,2,2,0
25.2,3,conservative,gnb_1,4,25.294,8120.000000,2030.000000,2054.102681,12.000000,2,2,0
25.3,3,conservative,gnb_1,4,25.396,8120.000000,2030.000000,2048.800091,12.000000,2,2,0
25.4,3,conservative,gnb_1,4,25.498,8088.000000,2022.000000,2042.904071,12.000000,2,2,0
25.5,3,conservative,gnb_1,4,25.594,8088.000000,2022.000000,2038.305175,12.000000,2,2,0
25.6,3,conservative,gnb_1,4,25.696,8088.000000,2022.000000,2034.718037,12.000000,2,2,0
25.7,3,conservative,gnb_1,4,25.798,8120.000000,2030.000000,2033.680069,12.000000,2,2,0
25.8,3,conservative,gnb_1,4,25.894,8120.000000,2030.000000,2032.870454,12.000000,2,2,0
25.9,3,conservative,gnb_1,4,25.996,8120.000000,2030.000000,2032.238954,12.000000,2,2,0
26.0,3,conservative,gnb_1,4,26.098,8120.000000,2030.000000,2031.746384,12.000000,2,2,0
26.1,3,conservative,gnb_1,4,26.194,8120.000000,2030.000000,2031.362179,12.000000,2,2,0
26.2,3,conservative,gnb_1,4,26.296,8120.000000,2030.000000,2031.062500,12.000000,2,2,0
26.3,3,conservative,gnb_1,4,26.398,8120.000000,2030.000000,2030.828750,12.000000,2,2,0
26.4,3,conservative,gnb_1,4,26.494,8120.000000,2030.000000,2030.646425,12.000000,2,2,0
26.5,3,conservative,gnb_1,4,26.596,8120.000000,2030.000000,2030.504211,12.000000,2,2,0
26.6,3,conservative,gnb_1,4,26.698,8120.000000,2030.000000,2030.393285,12.000000,2,2,0
26.7,3,conservative,gnb_1,4,26.794,8120.000000,2030.000000,2030.306762,12.000000,2,2,0
26.8,3,conservative,gnb_1,4,26.896,8120.000000,2030.000000,2030.239275,12.000000,2,2,0
26.9,3,conservative,gnb_1,4,26.998,8120.000000,2030.000000,2030.186634,12.000000,2,2,0
27.0,3,conservative,gnb_1,4,27.094,8120.000000,2030.000000,2030.145575,12.000000,2,2,0
27.1,3,conservative,gnb_1,4,27.196,8120.000000,2030.000000,2030.113548,12.000000,2,2,0
27.2,3,conservative,gnb_1,4,27.298,8120.000000,2030.000000,2030.088568,12.000000,2,2,0
27.3,3,conservative,gnb_1,4,27.394,8120.000000,2030.000000,2030.069083,12.000000,2,2,0
27.4,3,conservative,gnb_1,4,27.496,8120.000000,2030.000000,2030.053885,12.000000,2,2,0
27.5,3,conservative,gnb_1,4,27.598,8120.000000,2030.000000,2030.042030,12.000000,2,2,0
27.6,3,conservative,gnb_1,4,27.694,8120.000000,2030.000000,2030.032783,12.000000,2,2,0
27.7,3,conservative,gnb_1,4,27.796,8120.000000,2030.000000,2030.025571,12.000000,2,2,0
27.8,3,conservative,gnb_1,4,27.898,7992.000000,1998.000000,2022.979945,12.000000,2,2,0
27.9,3,conservative,gnb_1,4,27.994,7992.000000,1998.000000,2017.484357,12.000000,2,2,0
28.0,3,conservative,gnb_1,4,28.096,7992.000000,1998.000000,2013.197799,12.000000,2,2,0
28.1,3,conservative,gnb_1,4,28.198,8120.000000,2030.000000,2016.894283,12.000000,2,2,0
28.2,3,conservative,gnb_1,4,28.294,8120.000000,2030.000000,2019.777541,12.000000,2,2,0
28.3,3,conservative,gnb_1,4,28.396,8120.000000,2030.000000,2022.026482,12.000000,2,2,0
28.4,3,conservative,gnb_1,4,28.498,8120.000000,2030.000000,2023.780656,12.000000,2,2,0
28.5,3,conservative,gnb_1,4,28.594,8120.000000,2030.000000,2025.148912,12.000000,2,2,0
28.6,3,conservative,gnb_1,4,28.696,8120.000000,2030.000000,2026.216151,12.000000,2,2,0
28.7,3,conservative,gnb_1,4,28.798,8120.000000,2030.000000,2027.048598,12.000000,2,2,0
28.8,3,conservative,gnb_1,4,28.894,8120.000000,2030.000000,2027.697906,12.000000,2,2,0
28.9,3,conservative,gnb_1,4,28.996,8120.000000,2030.000000,2028.204367,12.000000,2,2,0
29.0,3,conservative,gnb_1,4,29.098,8120.000000,2030.000000,2028.599406,12.000000,2,2,0
29.1,3,conservative,gnb_1,4,29.194,8120.000000,2030.000000,2028.907537,12.000000,2,2,0
29.2,3,conservative,gnb_1,4,29.296,8120.000000,2030.000000,2029.147879,12.000000,2,2,0
29.3,3,conservative,gnb_1,4,29.398,8120.000000,2030.000000,2029.335345,12.000000,2,2,0
29.4,3,conservative,gnb_1,4,29.494,8120.000000,2030.000000,2029.481569,12.000000,2,2,0
29.5,3,conservative,gnb_1,4,29.596,8120.000000,2030.000000,2029.595624,12.000000,2,2,0
29.6,3,conservative,gnb_1,4,29.698,8120.000000,2030.000000,2029.684587,12.000000,2,2,0
29.7,3,conservative,gnb_1,4,29.794,8120.000000,2030.000000,2029.753978,12.000000,2,2,0
29.8,3,conservative,gnb_1,4,29.896,8120.000000,2030.000000,2029.808103,12.000000,2,2,0
29.9,3,conservative,gnb_1,4,29.998,8120.000000,2030.000000,2029.850320,12.000000,2,2,0
30.0,3,conservative,gnb_1,4,30.094,8120.000000,2030.000000,2029.883250,12.000000,2,2,0
30.1,3,conservative,gnb_1,4,30.196,8120.000000,2030.000000,2029.908935,12.000000,2,2,0
30.2,3,conservative,gnb_1,4,30.298,8120.000000,2030.000000,2029.928969,12.000000,2,2,0
30.3,3,conservative,gnb_1,4,30.394,8120.000000,2030.000000,2029.944596,12.000000,2,2,0
30.4,3,conservative,gnb_1,4,30.496,8120.000000,2030.000000,2029.956785,12.000000,2,2,0
30.5,3,conservative,gnb_1,3,30.598,8120.000000,2706.666667,2178.832959,12.000000,2,2,0
30.6,3,conservative,gnb_1,3,30.694,8120.000000,2706.666667,2294.956375,12.000000,2,2,0
30.7,3,conservative,gnb_1,3,30.796,8120.000000,2706.666667,2385.532639,12.000000,2,2,0
30.8,3,conservative,gnb_1,3,30.898,8120.000000,2706.666667,2456.182125,12.000000,2,2,0
30.9,3,conservative,gnb_1,3,30.994,8120.000000,2706.666667,2511.288724,12.000000,2,2,0
31.0,3,conservative,gnb_1,4,31.096,8120.000000,2030.000000,2405.405205,12.000000,2,2,0
31.1,3,conservative,gnb_1,4,31.198,8120.000000,2030.000000,2322.816060,12.000000,2,2,0
31.2,3,conservative,gnb_1,4,31.294,8120.000000,2030.000000,2258.396527,12.000000,2,2,0
31.3,3,conservative,gnb_1,4,31.396,8120.000000,2030.000000,2208.149291,12.000000,2,2,0
31.4,3,conservative,gnb_1,4,31.498,8120.000000,2030.000000,2168.956447,12.000000,2,2,0
31.5,3,conservative,gnb_1,4,31.594,8120.000000,2030.000000,2138.386028,12.000000,2,2,0
31.6,3,conservative,gnb_1,4,31.696,8120.000000,2030.000000,2114.541102,12.000000,2,2,0
31.7,3,conservative,gnb_1,4,31.798,8120.000000,2030.000000,2095.942060,12.000000,2,2,0
31.8,3,conservative,gnb_1,4,31.894,8120.000000,2030.000000,2081.434807,12.000000,2,2,0
31.9,3,conservative,gnb_1,4,31.996,8120.000000,2030.000000,2070.119149,12.000000,2,2,0
32.0,3,conservative,gnb_1,3,32.098,8120.000000,2706.666667,2210.159603,12.000000,2,2,0
32.1,3,conservative,gnb_1,3,32.194,8120.000000,2706.666667,2319.391157,12.000000,2,2,0
32.2,3,conservative,gnb_1,3,32.296,8120.000000,2706.666667,2404.591769,12.000000,2,2,0
32.3,3,conservative,gnb_1,3,32.398,8120.000000,2706.666667,2471.048247,12.000000,2,2,0
32.4,3,conservative,gnb_1,3,32.494,8120.000000,2706.666667,2522.884299,12.000000,2,2,0
32.5,3,conservative,gnb_1,3,32.596,8120.000000,2706.666667,2563.316420,12.000000,2,2,0
32.6,3,conservative,gnb_1,3,32.698,8120.000000,2706.666667,2594.853474,12.000000,2,2,0
32.7,3,conservative,gnb_1,3,32.794,8120.000000,2706.666667,2619.452377,12.000000,2,2,0
32.8,3,conservative,gnb_1,3,32.896,8120.000000,2706.666667,2638.639520,12.000000,2,2,0
32.9,3,conservative,gnb_1,3,32.998,8120.000000,2706.666667,2653.605493,12.000000,2,2,0
33.0,3,conservative,gnb_1,3,33.094,8120.000000,2706.666667,2665.278951,12.000000,2,2,0
33.1,3,conservative,gnb_1,3,33.196,8120.000000,2706.666667,2674.384248,12.000000,2,2,0
33.2,3,conservative,gnb_1,3,33.298,8120.000000,2706.666667,2681.486380,12.000000,2,2,0
33.3,3,conservative,gnb_1,3,33.394,8120.000000,2706.666667,2687.026043,12.000000,2,2,0
33.4,3,conservative,gnb_1,3,33.496,8120.000000,2706.666667,2691.346980,12.000000,2,2,0
33.5,3,conservative,gnb_1,3,33.598,8120.000000,2706.666667,2694.717311,12.000000,2,2,0
33.6,3,conservative,gnb_1,3,33.694,8120.000000,2706.666667,2697.346170,12.000000,2,2,0
33.7,3,conservative,gnb_1,3,33.796,8120.000000,2706.666667,2699.396679,12.000000,2,2,0
33.8,3,conservative,gnb_1,3,33.898,8120.000000,2706.666667,2700.996076,12.000000,2,2,0
33.9,3,conservative,gnb_1,3,33.994,8120.000000,2706.666667,2702.243606,12.000000,2,2,0
34.0,3,conservative,gnb_1,3,34.096,8120.000000,2706.666667,2703.216679,12.000000,2,2,0
34.1,3,conservative,gnb_1,3,34.198,8120.000000,2706.666667,2703.975677,12.000000,2,2,0
34.2,3,conservative,gnb_1,3,34.294,8120.000000,2706.666667,2704.567694,12.000000,2,2,0
34.3,3,conservative,gnb_1,3,34.396,8120.000000,2706.666667,2705.029468,12.000000,2,2,0
34.4,3,conservative,gnb_1,3,34.498,8120.000000,2706.666667,2705.389652,12.000000,2,2,0
34.5,3,conservative,gnb_1,3,34.594,8120.000000,2706.666667,2705.670595,12.000000,2,2,0
34.6,3,conservative,gnb_1,3,34.696,8120.000000,2706.666667,2705.889731,12.000000,2,2,0
34.7,3,conservative,gnb_1,3,34.798,8120.000000,2706.666667,2706.060657,12.000000,2,2,0
34.8,3,conservative,gnb_1,3,34.894,8120.000000,2706.666667,2706.193979,12.000000,2,2,0
34.9,3,conservative,gnb_1,3,34.996,8120.000000,2706.666667,2706.297970,12.000000,2,2,0
35.0,3,conservative,gnb_1,3,35.098,8120.000000,2706.666667,2706.379083,12.000000,2,2,0
35.1,3,conservative,gnb_1,3,35.194,8120.000000,2706.666667,2706.442352,12.000000,2,2,0
35.2,3,conservative,gnb_1,3,35.296,8120.000000,2706.666667,2706.491701,12.000000,2,2,0
35.3,3,conservative,gnb_1,3,35.398,8120.000000,2706.666667,2706.530193,12.000000,2,2,0
35.4,3,conservative,gnb_1,2,35.494,8120.000000,4060.000000,3004.293551,12.000000,2,2,0
35.5,3,conservative,gnb_1,2,35.596,8120.000000,4060.000000,3236.548970,12.000000,2,3,0
35.6,3,conservative,gnb_1,2,35.698,8120.000000,4060.000000,3417.708196,12.000000,3,3,0
35.7,3,conservative,gnb_1,2,35.794,8120.000000,4060.000000,3559.012393,12.000000,3,3,0
35.8,3,conservative,gnb_1,2,35.896,8120.000000,4060.000000,3669.229667,12.000000,3,3,0
35.9,3,conservative,gnb_1,2,35.998,8120.000000,4060.000000,3755.199140,12.000000,3,3,0
36.0,3,conservative,gnb_1,2,36.094,8120.000000,4060.000000,3822.255329,12.000000,3,3,0
36.1,3,conservative,gnb_1,2,36.196,8120.000000,4060.000000,3874.559157,12.000000,3,3,0
36.2,3,conservative,gnb_1,2,36.298,8120.000000,4060.000000,3915.356142,12.000000,3,3,0
36.3,3,conservative,gnb_1,2,36.394,8120.000000,4060.000000,3947.177791,12.000000,3,3,0
36.4,3,conservative,gnb_1,2,36.496,8120.000000,4060.000000,3971.998677,12.000000,3,3,0
36.5,3,conservative,gnb_1,2,36.598,8120.000000,4060.000000,3991.358968,12.000000,3,3,0
36.6,3,conservative,gnb_1,2,36.694,8120.000000,4060.000000,4006.459995,12.000000,3,3,0
36.7,3,conservative,gnb_1,2,36.796,8120.000000,4060.000000,4018.238796,12.000000,3,3,0
36.8,3,conservative,gnb_1,2,36.898,8120.000000,4060.000000,4027.426261,12.000000,3,3,0
36.9,3,conservative,gnb_1,2,36.994,8120.000000,4060.000000,4034.592484,12.000000,3,3,0
37.0,3,conservative,gnb_1,2,37.096,8120.000000,4060.000000,4040.182137,12.000000,3,3,0
37.1,3,conservative,gnb_1,2,37.198,8120.000000,4060.000000,4044.542067,12.000000,3,3,0
37.2,3,conservative,gnb_1,2,37.294,8120.000000,4060.000000,4047.942812,12.000000,3,3,0
37.3,3,conservative,gnb_1,2,37.396,8120.000000,4060.000000,4050.595394,12.000000,3,3,0
37.4,3,conservative,gnb_1,2,37.498,8120.000000,4060.000000,4052.664407,12.000000,3,3,0
37.5,3,conservative,gnb_1,2,37.594,8120.000000,4060.000000,4054.278237,12.000000,3,3,0
37.6,3,conservative,gnb_1,2,37.696,8120.000000,4060.000000,4055.537025,12.000000,3,3,0
37.7,3,conservative,gnb_1,2,37.798,8120.000000,4060.000000,4056.518880,12.000000,3,3,0
37.8,3,conservative,gnb_1,2,37.894,8120.000000,4060.000000,4057.284726,12.000000,3,3,0
37.9,3,conservative,gnb_1,2,37.996,8120.000000,4060.000000,4057.882086,12.000000,3,3,0
38.0,3,conservative,gnb_1,3,38.098,8120.000000,2706.666667,3760.614694,11.990222,3,2,0
38.1,3,conservative,gnb_1,3,38.194,8120.000000,2706.666667,3528.746128,12.000000,2,2,0
38.2,3,conservative,gnb_1,3,38.296,8120.000000,2706.666667,3347.888647,12.000000,2,2,0
38.3,3,conservative,gnb_1,3,38.398,8120.000000,2706.666667,3206.819811,12.000000,2,2,0
38.4,3,conservative,gnb_1,3,38.494,8120.000000,2706.666667,3096.786119,12.000000,2,2,0
38.5,3,conservative,gnb_1,3,38.596,8120.000000,2706.666667,3010.959840,12.000000,2,2,0
38.6,3,conservative,gnb_1,3,38.698,8120.000000,2706.666667,2944.015342,12.000000,2,2,0
38.7,3,conservative,gnb_1,3,38.794,8120.000000,2706.666667,2891.798633,12.000000,2,2,0
38.8,3,conservative,gnb_1,3,38.896,8120.000000,2706.666667,2851.069600,12.000000,2,2,0
38.9,3,conservative,gnb_1,3,38.998,8120.000000,2706.666667,2819.300955,12.000000,2,2,0
39.0,3,conservative,gnb_1,3,39.094,8120.000000,2706.666667,2794.521412,12.000000,2,2,0
39.1,3,conservative,gnb_1,3,39.196,8120.000000,2706.666667,2775.193368,12.000000,2,2,0
39.2,3,conservative,gnb_1,3,39.298,8120.000000,2706.666667,2760.117493,12.000000,2,2,0
39.3,3,conservative,gnb_1,3,39.394,8120.000000,2706.666667,2748.358312,12.000000,2,2,0
39.4,3,conservative,gnb_1,3,39.496,8120.000000,2706.666667,2739.186150,12.000000,2,2,0
39.5,3,conservative,gnb_1,3,39.598,8120.000000,2706.666667,2732.031863,12.000000,2,2,0
39.6,3,conservative,gnb_1,3,39.694,8120.000000,2706.666667,2726.451520,12.000000,2,2,0
39.7,3,conservative,gnb_1,3,39.796,8120.000000,2706.666667,2722.098852,12.000000,2,2,0
39.8,3,conservative,gnb_1,3,39.898,8120.000000,2706.666667,2718.703772,12.000000,2,2,0
39.9,3,conservative,gnb_1,3,39.994,8120.000000,2706.666667,2716.055608,12.000000,2,2,0
40.0,3,conservative,gnb_1,3,40.096,8120.000000,2706.666667,2713.990041,12.000000,2,2,0
40.1,3,conservative,gnb_1,3,40.198,8120.000000,2706.666667,2712.378899,12.000000,2,2,0
40.2,3,conservative,gnb_1,3,40.294,8120.000000,2706.666667,2711.122208,12.000000,2,2,0
40.3,3,conservative,gnb_1,3,40.396,8120.000000,2706.666667,2710.141989,12.000000,2,2,0
40.4,3,conservative,gnb_1,3,40.498,8120.000000,2706.666667,2709.377418,12.000000,2,2,0
40.5,3,conservative,gnb_1,3,40.594,8120.000000,2706.666667,2708.781053,12.000000,2,2,0
40.6,3,conservative,gnb_1,2,40.696,8120.000000,4060.000000,3006.049221,12.000000,2,2,0
40.7,3,conservative,gnb_1,2,40.798,8120.000000,4060.000000,3237.918392,12.000000,2,3,0
40.8,3,conservative,gnb_1,2,40.894,8120.000000,4060.000000,3418.776346,12.000000,3,3,0
40.9,3,conservative,gnb_1,2,40.996,8120.000000,4060.000000,3559.845550,12.000000,3,3,0
41.0,3,conservative,gnb_1,2,41.098,8120.000000,4060.000000,3669.879529,12.000000,3,3,0
41.1,3,conservative,gnb_1,2,41.194,8120.000000,4060.000000,3755.706033,12.000000,3,3,0
41.2,3,conservative,gnb_1,2,41.296,8120.000000,4060.000000,3822.650705,12.000000,3,3,0
41.3,3,conservative,gnb_1,2,41.398,8120.000000,4060.000000,3874.867550,12.000000,3,3,0
41.4,3,conservative,gnb_1,2,41.494,8120.000000,4060.000000,3915.596689,12.000000,3,3,0
41.5,3,conservative,gnb_1,2,41.596,8120.000000,4060.000000,3947.365418,12.000000,3,3,0
41.6,3,conservative,gnb_1,2,41.698,8120.000000,4060.000000,3972.145026,12.000000,3,3,0
41.7,3,conservative,gnb_1,2,41.794,8120.000000,4060.000000,3991.473120,12.000000,3,3,0
41.8,3,conservative,gnb_1,2,41.896,8120.000000,4060.000000,4006.549034,12.000000,3,3,0
41.9,3,conservative,gnb_1,2,41.998,8120.000000,4060.000000,4018.308246,12.000000,3,3,0
42.0,3,conservative,gnb_1,3,42.094,8120.000000,2706.666667,3729.747099,11.990222,3,2,0
42.1,3,conservative,gnb_1,3,42.196,8120.000000,2706.666667,3504.669404,12.000000,2,2,0
42.2,3,conservative,gnb_1,3,42.298,8120.000000,2706.666667,3329.108802,12.000000,2,2,0
42.3,3,conservative,gnb_1,3,42.394,8120.000000,2706.666667,3192.171532,12.000000,2,2,0
42.4,3,conservative,gnb_1,3,42.496,8120.000000,2706.666667,3085.360462,12.000000,2,2,0
42.5,3,conservative,gnb_1,3,42.598,8120.000000,2706.666667,3002.047827,12.000000,2,2,0
42.6,3,conservative,gnb_1,3,42.694,8120.000000,2706.666667,2937.063971,12.000000,2,2,0
42.7,3,conservative,gnb_1,3,42.796,8120.000000,2706.666667,2886.376564,12.000000,2,2,0
42.8,3,conservative,gnb_1,3,42.898,8120.000000,2706.666667,2846.840387,12.000000,2,2,0
42.9,3,conservative,gnb_1,3,42.994,8120.000000,2706.666667,2816.002168,12.000000,2,2,0
43.0,3,conservative,gnb_1,2,43.096,8120.000000,4060.000000,3089.681691,12.000000,2,2,0
43.1,3,conservative,gnb_1,2,43.198,8120.000000,4060.000000,3303.151719,12.000000,2,3,0
43.2,3,conservative,gnb_1,2,43.294,8120.000000,4060.000000,3469.658341,12.000000,3,3,0
43.3,3,conservative,gnb_1,2,43.396,8120.000000,4060.000000,3599.533506,12.000000,3,3,0
43.4,3,conservative,gnb_1,2,43.498,8120.000000,4060.000000,3700.836135,12.000000,3,3,0
43.5,3,conservative,gnb_1,2,43.594,8120.000000,4060.000000,3779.852185,12.000000,3,3,0
43.6,3,conservative,gnb_1,2,43.696,8120.000000,4060.000000,3841.484704,12.000000,3,3,0
43.7,3,conservative,gnb_1,2,43.798,8120.000000,4060.000000,3889.558069,12.000000,3,3,0
43.8,3,conservative,gnb_1,2,43.894,8120.000000,4060.000000,3927.055294,12.000000,3,3,0
43.9,3,conservative,gnb_1,2,43.996,8120.000000,4060.000000,3956.303129,12.000000,3,3,0
44.0,3,conservative,gnb_1,3,44.098,8120.000000,2706.666667,3681.383108,11.990222,3,2,0
44.1,3,conservative,gnb_1,3,44.194,8120.000000,2706.666667,3466.945491,12.000000,2,2,0
44.2,3,conservative,gnb_1,3,44.296,8120.000000,2706.666667,3299.684149,12.000000,2,2,0
44.3,3,conservative,gnb_1,3,44.398,8120.000000,2706.666667,3169.220303,12.000000,2,2,0
44.4,3,conservative,gnb_1,3,44.494,8120.000000,2706.666667,3067.458503,12.000000,2,2,0
44.5,3,conservative,gnb_1,3,44.596,8120.000000,2706.666667,2988.084299,12.000000,2,2,0
44.6,3,conservative,gnb_1,3,44.698,8120.000000,2706.666667,2926.172420,12.000000,2,2,0
44.7,3,conservative,gnb_1,3,44.794,8120.000000,2706.666667,2877.881154,12.000000,2,2,0
44.8,3,conservative,gnb_1,3,44.896,8120.000000,2706.666667,2840.213967,12.000000,2,2,0
44.9,3,conservative,gnb_1,3,44.998,8120.000000,2706.666667,2810.833561,12.000000,2,2,0
45.0,3,conservative,gnb_1,4,45.094,8120.000000,2030.000000,2639.050178,12.000000,2,2,0
45.1,3,conservative,gnb_1,4,45.196,8120.000000,2030.000000,2505.059138,12.000000,2,2,0
45.2,3,conservative,gnb_1,4,45.298,8120.000000,2030.000000,2400.546128,12.000000,2,2,0
45.3,3,conservative,gnb_1,4,45.394,8120.000000,2030.000000,2319.025980,12.000000,2,2,0
45.4,3,conservative,gnb_1,4,45.496,8120.000000,2030.000000,2255.440264,12.000000,2,2,0
45.5,3,conservative,gnb_1,4,45.598,8120.000000,2030.000000,2205.843406,12.000000,2,2,0
45.6,3,conservative,gnb_1,4,45.694,8120.000000,2030.000000,2167.157857,12.000000,2,2,0
45.7,3,conservative,gnb_1,4,45.796,8120.000000,2030.000000,2136.983128,12.000000,2,2,0
45.8,3,conservative,gnb_1,4,45.898,8120.000000,2030.000000,2113.446840,12.000000,2,2,0
45.9,3,conservative,gnb_1,4,45.994,8120.000000,2030.000000,2095.088535,12.000000,2,2,0
46.0,3,conservative,gnb_1,3,46.096,8120.000000,2706.666667,2229.635724,12.000000,2,2,0
46.1,3,conservative,gnb_1,3,46.198,8120.000000,2706.666667,2334.582532,12.000000,2,2,0
46.2,3,conservative,gnb_1,3,46.294,8120.000000,2706.666667,2416.441041,12.000000,2,2,0
46.3,3,conservative,gnb_1,3,46.396,8120.000000,2706.666667,2480.290679,12.000000,2,2,0
46.4,3,conservative,gnb_1,3,46.498,8120.000000,2706.666667,2530.093396,12.000000,2,2,0
46.5,3,conservative,gnb_1,3,46.594,8120.000000,2706.666667,2568.939516,12.000000,2,2,0
46.6,3,conservative,gnb_1,3,46.696,8120.000000,2706.666667,2599.239489,12.000000,2,2,0
46.7,3,conservative,gnb_1,3,46.798,8120.000000,2706.666667,2622.873468,12.000000,2,2,0
46.8,3,conservative,gnb_1,3,46.894,8120.000000,2706.666667,2641.307972,12.000000,2,2,0
46.9,3,conservative,gnb_1,3,46.996,8120.000000,2706.666667,2655.686885,12.000000,2,2,0
47.0,3,conservative,gnb_1,5,47.098,8120.000000,1624.000000,2428.715770,12.000000,2,1,0
47.1,3,conservative,gnb_1,5,47.194,8120.000000,1624.000000,2251.678301,12.000000,1,1,0
47.2,3,conservative,gnb_1,5,47.296,8120.000000,1624.000000,2113.589074,12.000000,1,1,0
47.3,3,conservative,gnb_1,5,47.398,8120.000000,1624.000000,2005.879478,12.000000,1,1,0
47.4,3,conservative,gnb_1,5,47.494,8120.000000,1624.000000,1921.865993,12.000000,1,1,0
47.5,3,conservative,gnb_1,5,47.596,8120.000000,1624.000000,1856.335474,12.000000,1,1,0
47.6,3,conservative,gnb_1,5,47.698,8120.000000,1624.000000,1805.221670,12.000000,1,1,0
47.7,3,conservative,gnb_1,5,47.794,8120.000000,1624.000000,1765.352903,12.000000,1,1,0
47.8,3,conservative,gnb_1,5,47.896,8120.000000,1624.000000,1734.255264,12.000000,1,1,0
47.9,3,conservative,gnb_1,5,47.998,8120.000000,1624.000000,1709.999106,12.000000,1,1,0
48.0,3,conservative,gnb_1,5,48.094,8120.000000,1624.000000,1691.079303,12.000000,1,1,0
48.1,3,conservative,gnb_1,5,48.196,8120.000000,1624.000000,1676.321856,12.000000,1,1,0
48.2,3,conservative,gnb_1,5,48.298,8120.000000,1624.000000,1664.811048,12.000000,1,1,0
48.3,3,conservative,gnb_1,5,48.394,8120.000000,1624.000000,1655.832617,12.000000,1,1,0
48.4,3,conservative,gnb_1,5,48.496,8120.000000,1624.000000,1648.829441,12.000000,1,1,0
48.5,3,conservative,gnb_1,5,48.598,8120.000000,1624.000000,1643.366964,12.000000,1,1,0
48.6,3,conservative,gnb_1,5,48.694,8120.000000,1624.000000,1639.106232,12.000000,1,1,0
48.7,3,conservative,gnb_1,5,48.796,8120.000000,1624.000000,1635.782861,12.000000,1,1,0
48.8,3,conservative,gnb_1,5,48.898,8120.000000,1624.000000,1633.190632,12.000000,1,1,0
48.9,3,conservative,gnb_1,5,48.994,8120.000000,1624.000000,1631.168693,12.000000,1,1,0
49.0,3,conservative,gnb_1,4,49.096,8120.000000,2030.000000,1718.911580,12.000000,1,2,0
49.1,3,conservative,gnb_1,4,49.198,8120.000000,2030.000000,1787.351033,12.000000,2,2,0
49.2,3,conservative,gnb_1,4,49.294,8120.000000,2030.000000,1840.733805,12.000000,2,2,0
49.3,3,conservative,gnb_1,4,49.396,8120.000000,2030.000000,1882.372368,12.000000,2,2,0
49.4,3,conservative,gnb_1,4,49.498,8120.000000,2030.000000,1914.850447,12.000000,2,2,0
49.5,3,conservative,gnb_1,4,49.594,8120.000000,2030.000000,1940.183349,12.000000,2,2,0
49.6,3,conservative,gnb_1,4,49.696,8120.000000,2030.000000,1959.943012,12.000000,2,2,0
49.7,3,conservative,gnb_1,4,49.798,8120.000000,2030.000000,1975.355549,12.000000,2,2,0
49.8,3,conservative,gnb_1,4,49.894,8120.000000,2030.000000,1987.377329,12.000000,2,2,0
49.9,3,conservative,gnb_1,4,49.996,8120.000000,2030.000000,1996.754316,12.000000,2,2,0
13.8,4,balanced,gnb_2,5,13.894,8120.000000,1624.000000,893.200000,2.195273,1,1,0
13.9,4,balanced,gnb_2,5,13.996,8120.000000,1624.000000,1148.980000,2.390545,1,1,0
14.0,4,balanced,gnb_2,4,14.098,8120.000000,2030.000000,1457.337000,2.659636,1,1,0
14.1,4,balanced,gnb_2,4,14.194,8120.000000,2030.000000,1657.769050,2.928727,1,1,0
14.2,4,balanced,gnb_2,4,14.296,8120.000000,2030.000000,1788.049882,3.197818,1,1,0
14.3,4,balanced,gnb_2,4,14.398,8120.000000,2030.000000,1872.732424,3.466909,1,1,0
14.4,4,balanced,gnb_2,4,14.494,8120.000000,2030.000000,1927.776075,3.736000,1,1,0
14.5,4,balanced,gnb_2,4,14.596,8120.000000,2030.000000,1963.554449,4.005091,1,2,0
14.6,4,balanced,gnb_2,4,14.698,8120.000000,2030.000000,1986.810392,4.040424,2,2,0
14.7,4,balanced,gnb_2,4,14.794,8120.000000,2030.000000,2001.926755,4.075758,2,2,0
14.8,4,balanced,gnb_2,4,14.896,8120.000000,2030.000000,2011.752391,4.111091,2,2,0
14.9,4,balanced,gnb_2,4,14.998,8120.000000,2030.000000,2018.139054,4.146424,2,2,0
15.0,4,balanced,gnb_2,4,15.094,8120.000000,2030.000000,2022.290385,4.181758,2,2,0
15.1,4,balanced,gnb_2,4,15.196,8120.000000,2030.000000,2024.988750,4.217091,2,2,0
15.2,4,balanced,gnb_2,4,15.298,8120.000000,2030.000000,2026.742688,4.252424,2,2,0
15.3,4,balanced,gnb_2,4,15.394,8120.000000,2030.000000,2027.882747,4.287758,2,2,0
15.4,4,balanced,gnb_2,4,15.496,8120.000000,2030.000000,2028.623786,4.323091,2,2,0
15.5,4,balanced,gnb_2,4,15.598,8120.000000,2030.000000,2029.105461,4.358424,2,2,0
15.6,4,balanced,gnb_2,4,15.694,8120.000000,2030.000000,2029.418549,4.393758,2,2,0
15.7,4,balanced,gnb_2,4,15.796,8120.000000,2030.000000,2029.622057,4.429091,2,2,0
15.8,4,balanced,gnb_2,4,15.898,8120.000000,2030.000000,2029.754337,4.464424,2,2,0
15.9,4,balanced,gnb_2,4,15.994,8120.000000,2030.000000,2029.840319,4.499758,2,2,0
16.0,4,balanced,gnb_2,4,16.096,8120.000000,2030.000000,2029.896207,4.535091,2,2,0
16.1,4,balanced,gnb_2,4,16.198,8120.000000,2030.000000,2029.932535,4.570424,2,2,0
16.2,4,balanced,gnb_2,4,16.294,8120.000000,2030.000000,2029.956148,4.605758,2,2,0
16.3,4,balanced,gnb_2,4,16.396,8120.000000,2030.000000,2029.971496,4.641091,2,2,0
16.4,4,balanced,gnb_2,4,16.498,8120.000000,2030.000000,2029.981472,4.676424,2,2,0
16.5,4,balanced,gnb_2,4,16.594,8120.000000,2030.000000,2029.987957,4.711758,2,2,0
16.6,4,balanced,gnb_2,4,16.696,8120.000000,2030.000000,2029.992172,4.747091,2,2,0
16.7,4,balanced,gnb_2,4,16.798,8120.000000,2030.000000,2029.994912,4.782424,2,2,0
16.8,4,balanced,gnb_2,4,16.894,8120.000000,2030.000000,2029.996693,4.817758,2,2,0
16.9,4,balanced,gnb_2,4,16.996,8120.000000,2030.000000,2029.997850,4.853091,2,2,0
17.0,4,balanced,gnb_2,4,17.098,8120.000000,2030.000000,2029.998603,4.888424,2,2,0
17.1,4,balanced,gnb_2,4,17.194,8120.000000,2030.000000,2029.999092,4.923758,2,2,0
17.2,4,balanced,gnb_2,4,17.296,8120.000000,2030.000000,2029.999410,4.959091,2,2,0
17.3,4,balanced,gnb_2,4,17.398,8120.000000,2030.000000,2029.999616,4.994424,2,2,0
17.4,4,balanced,gnb_2,4,17.494,8120.000000,2030.000000,2029.999751,5.029758,2,2,0
17.5,4,balanced,gnb_2,4,17.596,8120.000000,2030.000000,2029.999838,5.065091,2,2,0
17.6,4,balanced,gnb_2,4,17.698,8120.000000,2030.000000,2029.999895,5.100424,2,2,0
17.7,4,balanced,gnb_2,4,17.794,8120.000000,2030.000000,2029.999931,5.135758,2,2,0
17.8,4,balanced,gnb_2,4,17.896,8120.000000,2030.000000,2029.999955,5.171091,2,2,0
17.9,4,balanced,gnb_2,4,17.998,8120.000000,2030.000000,2029.999971,5.206424,2,2,0
18.0,4,balanced,gnb_2,4,18.094,8120.000000,2030.000000,2029.999981,5.241758,2,2,0
18.1,4,balanced,gnb_2,4,18.196,8120.000000,2030.000000,2029.999988,5.277091,2,2,0
18.2,4,balanced,gnb_2,4,18.298,8120.000000,2030.000000,2029.999992,5.312424,2,2,0
18.3,4,balanced,gnb_2,4,18.394,8120.000000,2030.000000,2029.999995,5.347758,2,2,0
18.4,4,balanced,gnb_2,4,18.496,8120.000000,2030.000000,2029.999997,5.383091,2,2,0
18.5,4,balanced,gnb_2,4,18.598,8120.000000,2030.000000,2029.999998,5.418424,2,2,0
18.6,4,balanced,gnb_2,4,18.694,8120.000000,2030.000000,2029.999999,5.453758,2,2,0
18.7,4,balanced,gnb_2,5,18.796,8120.000000,1624.000000,1887.899999,5.462024,2,2,0
18.8,4,balanced,gnb_2,5,18.898,8120.000000,1624.000000,1795.534999,5.470291,2,2,0
18.9,4,balanced,gnb_2,5,18.994,8120.000000,1624.000000,1735.497750,5.478558,2,2,0
19.0,4,balanced,gnb_2,4,19.096,8120.000000,2030.000000,1838.573537,5.513891,2,2,0
19.1,4,balanced,gnb_2,4,19.198,8120.000000,2030.000000,1905.572799,5.549224,2,2,0
19.2,4,balanced,gnb_2,4,19.294,8120.000000,2030.000000,1949.122319,5.584558,2,2,0
19.3,4,balanced,gnb_2,4,19.396,8120.000000,2030.000000,1977.429508,5.619891,2,2,0
19.4,4,balanced,gnb_2,4,19.498,8120.000000,2030.000000,1995.829180,5.655224,2,2,0
19.5,4,balanced,gnb_2,4,19.594,8120.000000,2030.000000,2007.788967,5.690558,2,2,0
19.6,4,balanced,gnb_2,4,19.696,8120.000000,2030.000000,2015.562829,5.725891,2,2,0
19.7,4,balanced,gnb_2,4,19.798,8120.000000,2030.000000,2020.615839,5.761224,2,2,0
19.8,4,balanced,gnb_2,4,19.894,8120.000000,2030.000000,2023.900295,5.796558,2,2,0
19.9,4,balanced,gnb_2,4,19.996,8120.000000,2030.000000,2026.035192,5.831891,2,2,0
20.0,4,balanced,gnb_2,4,20.098,8120.000000,2030.000000,2027.422875,5.867224,2,2,0
20.1,4,balanced,gnb_2,4,20.194,8120.000000,2030.000000,2028.324869,5.902558,2,2,0
20.2,4,balanced,gnb_2,4,20.296,8120.000000,2030.000000,2028.911165,5.937891,2,2,0
20.3,4,balanced,gnb_2,4,20.398,8120.000000,2030.000000,2029.292257,5.973224,2,2,0
20.4,4,balanced,gnb_2,4,20.494,8120.000000,2030.000000,2029.539967,6.008558,2,2,0
20.5,4,balanced,gnb_2,4,20.596,8120.000000,2030.000000,2029.700979,6.043891,2,2,0
20.6,4,balanced,gnb_2,4,20.698,8120.000000,2030.000000,2029.805636,6.079224,2,2,0
20.7,4,balanced,gnb_2,4,20.794,8120.000000,2030.000000,2029.873663,6.114558,2,2,0
20.8,4,balanced,gnb_2,4,20.896,8120.000000,2030.000000,2029.917881,6.149891,2,2,0
20.9,4,balanced,gnb_2,4,20.998,8120.000000,2030.000000,2029.946623,6.185224,2,2,0
21.0,4,balanced,gnb_2,4,21.094,8120.000000,2030.000000,2029.965305,6.220558,2,2,0
21.1,4,balanced,gnb_2,4,21.196,8120.000000,2030.000000,2029.977448,6.255891,2,2,0
21.2,4,balanced,gnb_2,4,21.298,8120.000000,2030.000000,2029.985341,6.291224,2,2,0
21.3,4,balanced,gnb_2,4,21.394,8120.000000,2030.000000,2029.990472,6.326558,2,2,0
21.4,4,balanced,gnb_2,4,21.496,7032.000000,1758.000000,1934.793807,6.343758,2,2,0
21.5,4,balanced,gnb_2,4,21.598,7032.000000,1758.000000,1872.915974,6.360958,2,2,0
21.6,4,balanced,gnb_2,4,21.694,7032.000000,1758.000000,1832.695383,6.378158,2,2,0
21.7,4,balanced,gnb_2,4,21.796,7032.000000,1758.000000,1806.551999,6.395358,2,2,0
21.8,4,balanced,gnb_2,4,21.898,7032.000000,1758.000000,1789.558799,6.412558,2,2,0
21.9,4,balanced,gnb_2,4,21.994,7032.000000,1758.000000,1778.513220,6.429758,2,2,0
22.0,4,balanced,gnb_2,4,22.096,8120.000000,2030.000000,1866.533593,6.465091,2,2,0
22.1,4,balanced,gnb_2,4,22.198,8120.000000,2030.000000,1923.746835,6.500424,2,2,0
22.2,4,balanced,gnb_2,4,22.294,8120.000000,2030.000000,1960.935443,6.535758,2,2,0
22.3,4,balanced,gnb_2,4,22.396,8120.000000,2030.000000,1985.108038,6.571091,2,2,0
22.4,4,balanced,gnb_2,4,22.498,8120.000000,2030.000000,2000.820225,6.606424,2,2,0
22.5,4,balanced,gnb_2,4,22.594,8120.000000,2030.000000,2011.033146,6.641758,2,2,0
22.6,4,balanced,gnb_2,4,22.696,7464.000000,1866.000000,1960.271545,6.666158,2,2,0
22.7,4,balanced,gnb_2,4,22.798,7464.000000,1866.000000,1927.276504,6.690558,2,2,0
22.8,4,balanced,gnb_2,4,22.894,7464.000000,1866.000000,1905.829728,6.714958,2,2,0
22.9,4,balanced,gnb_2,4,22.996,7464.000000,1866.000000,1891.889323,6.739358,2,2,0
23.0,4,balanced,gnb_2,3,23.098,7464.000000,2488.000000,2100.528060,6.805224,2,2,0
23.1,4,balanced,gnb_2,3,23.194,7464.000000,2488.000000,2236.143239,6.871091,2,2,0
23.2,4,balanced,gnb_2,3,23.296,6696.000000,2232.000000,2234.693105,6.919891,2,2,0
23.3,4,balanced,gnb_2,3,23.398,6696.000000,2232.000000,2233.750518,6.968691,2,2,0
23.4,4,balanced,gnb_2,3,23.494,6696.000000,2232.000000,2233.137837,7.017491,2,2,0
23.5,4,balanced,gnb_2,3,23.596,6696.000000,2232.000000,2232.739594,7.066291,2,2,0
23.6,4,balanced,gnb_2,3,23.698,6696.000000,2232.000000,2232.480736,7.115091,2,2,0
23.7,4,balanced,gnb_2,3,23.794,8120.000000,2706.666667,2398.445812,7.195535,2,2,0
23.8,4,balanced,gnb_2,3,23.896,8120.000000,2706.666667,2506.323111,7.275980,2,2,0
23.9,4,balanced,gnb_2,3,23.998,8120.000000,2706.666667,2576.443355,7.356424,2,2,0
24.0,4,balanced,gnb_2,2,24.094,8120.000000,4060.000000,3095.688181,7.527091,2,3,0
24.1,4,balanced,gnb_2,2,24.196,8120.000000,4060.000000,3433.197318,7.562424,3,3,0
24.2,4,balanced,gnb_2,2,24.298,7928.000000,3964.000000,3618.978257,7.594558,3,3,0
24.3,4,balanced,gnb_2,2,24.394,7928.000000,3964.000000,3739.735867,7.626691,3,3,0
24.4,4,balanced,gnb_2,2,24.496,7928.000000,3964.000000,3818.228313,7.658824,3,3,0
24.5,4,balanced,gnb_2,3,24.598,7928.000000,2642.666667,3406.781737,7.646913,3,2,0
24.6,4,balanced,gnb_2,3,24.694,7928.000000,2642.666667,3139.341462,7.723091,2,2,0
24.7,4,balanced,gnb_2,3,24.796,7752.000000,2584.000000,2944.971951,7.795358,2,2,0
24.8,4,balanced,gnb_2,3,24.898,7752.000000,2584.000000,2818.631768,7.867624,2,2,0
24.9,4,balanced,gnb_2,3,24.994,7752.000000,2584.000000,2736.510649,7.939891,2,2,0
25.0,4,balanced,gnb_2,3,25.096,8120.000000,2706.666667,2726.065255,8.020335,2,2,0
25.1,4,balanced,gnb_2,3,25.198,8120.000000,2706.666667,2719.275749,8.100780,2,2,0
25.2,4,balanced,gnb_2,3,25.294,8120.000000,2706.666667,2714.862570,8.181224,2,2,0
25.3,4,balanced,gnb_2,3,25.396,8120.000000,2706.666667,2711.994004,8.261669,2,2,0
25.4,4,balanced,gnb_2,3,25.498,8120.000000,2706.666667,2710.129436,8.342113,2,2,0
25.5,4,balanced,gnb_2,3,25.594,8120.000000,2706.666667,2708.917467,8.422558,2,2,0
25.6,4,balanced,gnb_2,3,25.696,8120.000000,2706.666667,2708.129687,8.503002,2,2,0
25.7,4,balanced,gnb_2,3,25.798,8120.000000,2706.666667,2707.617630,8.583446,2,2,0
25.8,4,balanced,gnb_2,3,25.894,8024.000000,2674.666667,2696.084793,8.661758,2,2,0
25.9,4,balanced,gnb_2,3,25.996,8024.000000,2674.666667,2688.588449,8.740069,2,2,0
26.0,4,balanced,gnb_2,3,26.098,8024.000000,2674.666667,2683.715825,8.818380,2,2,0
26.1,4,balanced,gnb_2,3,26.194,8024.000000,2674.666667,2680.548620,8.896691,2,2,0
26.2,4,balanced,gnb_2,3,26.296,8120.000000,2706.666667,2689.689936,8.977135,2,2,0
26.3,4,balanced,gnb_2,3,26.398,8120.000000,2706.666667,2695.631792,9.057580,2,2,0
26.4,4,balanced,gnb_2,3,26.494,8120.000000,2706.666667,2699.493998,9.138024,2,2,0
26.5,4,balanced,gnb_2,3,26.596,8120.000000,2706.666667,2702.004432,9.218469,2,2,0
26.6,4,balanced,gnb_2,3,26.698,7032.000000,2344.000000,2576.702881,9.274735,2,2,0
26.7,4,balanced,gnb_2,3,26.794,7032.000000,2344.000000,2495.256873,9.331002,2,2,0
26.8,4,balanced,gnb_2,3,26.896,7032.000000,2344.000000,2442.316967,9.387269,2,2,0
26.9,4,balanced,gnb_2,3,26.998,7032.000000,2344.000000,2407.906029,9.443535,2,2,0
27.0,4,balanced,gnb_2,3,27.094,7928.000000,2642.666667,2490.072252,9.519713,2,2,0
27.1,4,balanced,gnb_2,3,27.196,7928.000000,2642.666667,2543.480297,9.595891,2,2,0
27.2,4,balanced,gnb_2,3,27.298,7928.000000,2642.666667,2578.195526,9.672069,2,2,0
27.3,4,balanced,gnb_2,3,27.394,7928.000000,2642.666667,2600.760426,9.748246,2,2,0
27.4,4,balanced,gnb_2,3,27.496,7928.000000,2642.666667,2615.427610,9.824424,2,2,0
27.5,4,balanced,gnb_2,3,27.598,7928.000000,2642.666667,2624.961280,9.900602,2,2,0
27.6,4,balanced,gnb_2,3,27.694,7928.000000,2642.666667,2631.158165,9.976780,2,2,0
27.7,4,balanced,gnb_2,3,27.796,7928.000000,2642.666667,2635.186141,10.052958,2,2,0
27.8,4,balanced,gnb_2,3,27.898,7896.000000,2632.000000,2634.070991,10.128424,2,2,0
27.9,4,balanced,gnb_2,3,27.994,7896.000000,2632.000000,2633.346144,10.203891,2,2,0
28.0,4,balanced,gnb_2,3,28.096,7896.000000,2632.000000,2632.874994,10.279358,2,2,0
28.1,4,balanced,gnb_2,3,28.198,7896.000000,2632.000000,2632.568746,10.354824,2,2,0
28.2,4,balanced,gnb_2,3,28.294,7928.000000,2642.666667,2636.103018,10.431002,2,2,0
28.3,4,balanced,gnb_2,3,28.396,7928.000000,2642.666667,2638.400295,10.507180,2,2,0
28.4,4,balanced,gnb_2,3,28.498,7928.000000,2642.666667,2639.893525,10.583358,2,2,0
28.5,4,balanced,gnb_2,3,28.594,7928.000000,2642.666667,2640.864125,10.659535,2,2,0
28.6,4,balanced,gnb_2,3,28.696,8120.000000,2706.666667,2663.895014,10.739980,2,2,0
28.7,4,balanced,gnb_2,3,28.798,8120.000000,2706.666667,2678.865093,10.820424,2,2,0
28.8,4,balanced,gnb_2,3,28.894,8120.000000,2706.666667,2688.595644,10.900869,2,2,0
28.9,4,balanced,gnb_2,3,28.996,8120.000000,2706.666667,2694.920502,10.981313,2,2,0
29.0,4,balanced,gnb_2,3,29.098,7928.000000,2642.666667,2676.631659,11.057491,2,2,0
29.1,4,balanced,gnb_2,3,29.194,7928.000000,2642.666667,2664.743912,11.133669,2,2,0
29.2,4,balanced,gnb_2,3,29.296,7928.000000,2642.666667,2657.016876,11.209846,2,2,0
29.3,4,balanced,gnb_2,3,29.398,7928.000000,2642.666667,2651.994303,11.286024,2,2,0
29.4,4,balanced,gnb_2,3,29.494,8120.000000,2706.666667,2671.129630,11.366469,2,2,0
29.5,4,balanced,gnb_2,3,29.596,8120.000000,2706.666667,2683.567593,11.446913,2,2,0
29.6,4,balanced,gnb_2,3,29.698,8120.000000,2706.666667,2691.652269,11.527358,2,2,0
29.7,4,balanced,gnb_2,3,29.794,8120.000000,2706.666667,2696.907308,11.607802,2,2,0
29.8,4,balanced,gnb_2,3,29.896,8120.000000,2706.666667,2700.323084,11.688246,2,2,0
29.9,4,balanced,gnb_2,3,29.998,8120.000000,2706.666667,2702.543338,11.768691,2,2,0
30.0,4,balanced,gnb_2,3,30.094,7032.000000,2344.000000,2577.053169,11.824958,2,2,0
30.1,4,balanced,gnb_2,4,30.196,7032.000000,1758.000000,2290.384560,11.842158,2,2,0
30.2,4,balanced,gnb_2,4,30.298,7032.000000,1758.000000,2104.049964,11.859358,2,2,0
30.3,4,balanced,gnb_2,4,30.394,7032.000000,1758.000000,1982.932477,11.876558,2,2,0
30.4,4,balanced,gnb_2,4,30.496,8120.000000,2030.000000,1999.406110,11.911891,2,2,0
30.5,4,balanced,gnb_2,4,30.598,8120.000000,2030.000000,2010.113971,11.947224,2,2,0
30.6,4,balanced,gnb_2,4,30.694,8120.000000,2030.000000,2017.074081,11.982558,2,2,0
30.7,4,balanced,gnb_2,4,30.796,8120.000000,2030.000000,2021.598153,12.000000,2,2,0
30.8,4,balanced,gnb_2,4,30.898,8120.000000,2030.000000,2024.538799,12.000000,2,2,0
30.9,4,balanced,gnb_2,4,30.994,8120.000000,2030.000000,2026.450220,12.000000,2,2,0
31.0,4,balanced,gnb_1,4,31.096,6408.000000,1602.000000,1877.892643,12.000000,2,2,0
31.1,4,balanced,gnb_1,4,31.198,6504.000000,1626.000000,1789.730218,12.000000,2,2,0
31.2,4,balanced,gnb_1,4,31.294,6600.000000,1650.000000,1740.824642,12.000000,2,2,0
31.3,4,balanced,gnb_1,4,31.396,6600.000000,1650.000000,1709.036017,12.000000,2,2,0
31.4,4,balanced,gnb_1,4,31.498,6232.000000,1558.000000,1656.173411,12.000000,2,1,0
31.5,4,balanced,gnb_1,4,31.594,6232.000000,1558.000000,1621.812717,12.000000,1,1,0
31.6,4,balanced,gnb_1,4,31.696,6232.000000,1558.000000,1599.478266,12.000000,1,1,0
31.7,4,balanced,gnb_1,4,31.798,6232.000000,1558.000000,1584.960873,12.000000,1,1,0
31.8,4,balanced,gnb_1,4,31.894,6152.000000,1538.000000,1568.524567,12.000000,1,1,0
31.9,4,balanced,gnb_1,4,31.996,6152.000000,1538.000000,1557.840969,12.000000,1,1,0
32.0,4,balanced,gnb_2,4,32.098,8120.000000,2030.000000,1723.096630,12.000000,1,2,0
32.1,4,balanced,gnb_2,4,32.194,8120.000000,2030.000000,1830.512809,12.000000,2,2,0
32.2,4,balanced,gnb_2,4,32.296,8120.000000,2030.000000,1900.333326,12.000000,2,2,0
32.3,4,balanced,gnb_2,4,32.398,8120.000000,2030.000000,1945.716662,12.000000,2,2,0
32.4,4,balanced,gnb_2,4,32.494,8120.000000,2030.000000,1975.215830,12.000000,2,2,0
32.5,4,balanced,gnb_2,4,32.596,8120.000000,2030.000000,1994.390290,12.000000,2,2,0
32.6,4,balanced,gnb_2,4,32.698,8120.000000,2030.000000,2006.853688,12.000000,2,2,0
32.7,4,balanced,gnb_2,4,32.794,8120.000000,2030.000000,2014.954897,12.000000,2,2,0
32.8,4,balanced,gnb_2,4,32.896,8120.000000,2030.000000,2020.220683,12.000000,2,2,0
32.9,4,balanced,gnb_2,4,32.998,8120.000000,2030.000000,2023.643444,12.000000,2,2,0
33.0,4,balanced,gnb_2,4,33.094,8120.000000,2030.000000,2025.868239,12.000000,2,2,0
33.1,4,balanced,gnb_2,4,33.196,8120.000000,2030.000000,2027.314355,12.000000,2,2,0
33.2,4,balanced,gnb_2,4,33.298,8120.000000,2030.000000,2028.254331,12.000000,2,2,0
33.3,4,balanced,gnb_2,4,33.394,8120.000000,2030.000000,2028.865315,12.000000,2,2,0
33.4,4,balanced,gnb_2,4,33.496,8120.000000,2030.000000,2029.262455,12.000000,2,2,0
33.5,4,balanced,gnb_2,4,33.598,8120.000000,2030.000000,2029.520596,12.000000,2,2,0
33.6,4,balanced,gnb_2,4,33.694,8120.000000,2030.000000,2029.688387,12.000000,2,2,0
33.7,4,balanced,gnb_2,4,33.796,8120.000000,2030.000000,2029.797452,12.000000,2,2,0
33.8,4,balanced,gnb_2,4,33.898,8120.000000,2030.000000,2029.868344,12.000000,2,2,0
33.9,4,balanced,gnb_2,4,33.994,8120.000000,2030.000000,2029.914423,12.000000,2,2,0
34.0,4,balanced,gnb_2,4,34.096,8056.000000,2014.000000,2024.344375,12.000000,2,2,0
34.1,4,balanced,gnb_2,4,34.198,8056.000000,2014.000000,2020.723844,12.000000,2,2,0
34.2,4,balanced,gnb_2,4,34.294,8056.000000,2014.000000,2018.370499,12.000000,2,2,0
34.3,4,balanced,gnb_2,4,34.396,8056.000000,2014.000000,2016.840824,12.000000,2,2,0
34.4,4,balanced,gnb_2,4,34.498,8056.000000,2014.000000,2015.846536,12.000000,2,2,0
34.5,4,balanced,gnb_2,4,34.594,8056.000000,2014.000000,2015.200248,12.000000,2,2,0
34.6,4,balanced,gnb_2,4,34.696,8056.000000,2014.000000,2014.780161,12.000000,2,2,0
34.7,4,balanced,gnb_2,4,34.798,8056.000000,2014.000000,2014.507105,12.000000,2,2,0
34.8,4,balanced,gnb_2,4,34.894,8120.000000,2030.000000,2019.929618,12.000000,2,2,0
34.9,4,balanced,gnb_2,4,34.996,8120.000000,2030.000000,2023.454252,12.000000,2,2,0
35.0,4,balanced,gnb_2,4,35.098,8120.000000,2030.000000,2025.745264,12.000000,2,2,0
35.1,4,balanced,gnb_2,4,35.194,8120.000000,2030.000000,2027.234421,12.000000,2,2,0
35.2,4,balanced,gnb_2,4,35.296,8120.000000,2030.000000,2028.202374,12.000000,2,2,0
35.3,4,balanced,gnb_2,4,35.398,8120.000000,2030.000000,2028.831543,12.000000,2,2,0
35.4,4,balanced,gnb_2,4,35.494,8120.000000,2030.000000,2029.240503,12.000000,2,2,0
35.5,4,balanced,gnb_2,4,35.596,8120.000000,2030.000000,2029.506327,12.000000,2,2,0
35.6,4,balanced,gnb_2,4,35.698,8120.000000,2030.000000,2029.679113,12.000000,2,2,0
35.7,4,balanced,gnb_2,4,35.794,8120.000000,2030.000000,2029.791423,12.000000,2,2,0
35.8,4,balanced,gnb_2,4,35.896,8120.000000,2030.000000,2029.864425,12.000000,2,2,0
35.9,4,balanced,gnb_2,4,35.998,8120.000000,2030.000000,2029.911876,12.000000,2,2,0
36.0,4,balanced,gnb_2,4,36.094,8120.000000,2030.000000,2029.942720,12.000000,2,2,0
36.1,4,balanced,gnb_2,4,36.196,8120.000000,2030.000000,2029.962768,12.000000,2,2,0
36.2,4,balanced,gnb_2,4,36.298,8120.000000,2030.000000,2029.975799,12.000000,2,2,0
36.3,4,balanced,gnb_2,4,36.394,8120.000000,2030.000000,2029.984269,12.000000,2,2,0
36.4,4,balanced,gnb_2,4,36.496,8120.000000,2030.000000,2029.989775,12.000000,2,2,0
36.5,4,balanced,gnb_2,4,36.598,8120.000000,2030.000000,2029.993354,12.000000,2,2,0
36.6,4,balanced,gnb_2,4,36.694,8120.000000,2030.000000,2029.995680,12.000000,2,2,0
36.7,4,balanced,gnb_2,4,36.796,8120.000000,2030.000000,2029.997192,12.000000,2,2,0
36.8,4,balanced,gnb_2,4,36.898,8120.000000,2030.000000,2029.998175,12.000000,2,2,0
36.9,4,balanced,gnb_2,4,36.994,8120.000000,2030.000000,2029.998814,12.000000,2,2,0
37.0,4,balanced,gnb_2,4,37.096,8120.000000,2030.000000,2029.999229,12.000000,2,2,0
37.1,4,balanced,gnb_2,4,37.198,8120.000000,2030.000000,2029.999499,12.000000,2,2,0
37.2,4,balanced,gnb_2,4,37.294,8120.000000,2030.000000,2029.999674,12.000000,2,2,0
37.3,4,balanced,gnb_2,4,37.396,8120.000000,2030.000000,2029.999788,12.000000,2,2,0
37.4,4,balanced,gnb_2,4,37.498,8120.000000,2030.000000,2029.999862,12.000000,2,2,0
37.5,4,balanced,gnb_2,4,37.594,8120.000000,2030.000000,2029.999911,12.000000,2,2,0
37.6,4,balanced,gnb_2,4,37.696,8120.000000,2030.000000,2029.999942,12.000000,2,2,0
37.7,4,balanced,gnb_2,4,37.798,8120.000000,2030.000000,2029.999962,12.000000,2,2,0
37.8,4,balanced,gnb_2,4,37.894,8120.000000,2030.000000,2029.999975,12.000000,2,2,0
37.9,4,balanced,gnb_2,4,37.996,8120.000000,2030.000000,2029.999984,12.000000,2,2,0
38.0,4,balanced,gnb_1,3,38.098,8120.000000,2706.666667,2266.833323,12.000000,2,2,0
38.1,4,balanced,gnb_1,3,38.194,8120.000000,2706.666667,2420.774993,12.000000,2,2,0
38.2,4,balanced,gnb_1,3,38.296,8120.000000,2706.666667,2520.837079,12.000000,2,2,0
38.3,4,balanced,gnb_1,3,38.398,8120.000000,2706.666667,2585.877435,12.000000,2,2,0
38.4,4,balanced,gnb_1,3,38.494,8120.000000,2706.666667,2628.153666,12.000000,2,2,0
38.5,4,balanced,gnb_1,3,38.596,8120.000000,2706.666667,2655.633216,12.000000,2,2,0
38.6,4,balanced,gnb_1,3,38.698,8120.000000,2706.666667,2673.494924,12.000000,2,2,0
38.7,4,balanced,gnb_1,3,38.794,8120.000000,2706.666667,2685.105034,12.000000,2,2,0
38.8,4,balanced,gnb_1,3,38.896,8120.000000,2706.666667,2692.651605,12.000000,2,2,0
38.9,4,balanced,gnb_1,3,38.998,8120.000000,2706.666667,2697.556877,12.000000,2,2,0
39.0,4,balanced,gnb_1,3,39.094,8120.000000,2706.666667,2700.745303,12.000000,2,2,0
39.1,4,balanced,gnb_1,3,39.196,8120.000000,2706.666667,2702.817780,12.000000,2,2,0
39.2,4,balanced,gnb_1,3,39.298,8120.000000,2706.666667,2704.164891,12.000000,2,2,0
39.3,4,balanced,gnb_1,3,39.394,8120.000000,2706.666667,2705.040512,12.000000,2,2,0
39.4,4,balanced,gnb_1,3,39.496,8120.000000,2706.666667,2705.609666,12.000000,2,2,0
39.5,4,balanced,gnb_1,3,39.598,8120.000000,2706.666667,2705.979616,12.000000,2,2,0
39.6,4,balanced,gnb_1,3,39.694,8120.000000,2706.666667,2706.220084,12.000000,2,2,0
39.7,4,balanced,gnb_1,3,39.796,8120.000000,2706.666667,2706.376388,12.000000,2,2,0
39.8,4,balanced,gnb_1,3,39.898,8120.000000,2706.666667,2706.477985,12.000000,2,2,0
39.9,4,balanced,gnb_1,3,39.994,8120.000000,2706.666667,2706.544024,12.000000,2,2,0
40.0,4,balanced,gnb_1,3,40.096,7928.000000,2642.666667,2684.186949,12.000000,2,2,0
40.1,4,balanced,gnb_1,3,40.198,7928.000000,2642.666667,2669.654850,12.000000,2,2,0
40.2,4,balanced,gnb_1,3,40.294,7928.000000,2642.666667,2660.208986,12.000000,2,2,0
40.3,4,balanced,gnb_1,3,40.396,7928.000000,2642.666667,2654.069174,12.000000,2,2,0
40.4,4,balanced,gnb_1,3,40.498,8120.000000,2706.666667,2672.478297,12.000000,2,2,0
40.5,4,balanced,gnb_1,3,40.594,8120.000000,2706.666667,2684.444226,12.000000,2,2,0
40.6,4,balanced,gnb_1,2,40.696,8120.000000,4060.000000,3165.888747,12.000000,2,3,0
40.7,4,balanced,gnb_1,2,40.798,8120.000000,4060.000000,3478.827686,12.000000,3,3,0
40.8,4,balanced,gnb_1,2,40.894,8120.000000,4060.000000,3682.237996,12.000000,3,3,0
40.9,4,balanced,gnb_1,2,40.996,8120.000000,4060.000000,3814.454697,12.000000,3,3,0
41.0,4,balanced,gnb_1,2,41.098,8120.000000,4060.000000,3900.395553,12.000000,3,3,0
41.1,4,balanced,gnb_1,2,41.194,8120.000000,4060.000000,3956.257110,12.000000,3,3,0
41.2,4,balanced,gnb_1,2,41.296,8120.000000,4060.000000,3992.567121,12.000000,3,3,0
41.3,4,balanced,gnb_1,2,41.398,8120.000000,4060.000000,4016.168629,12.000000,3,3,0
41.4,4,balanced,gnb_1,2,41.494,8120.000000,4060.000000,4031.509609,12.000000,3,3,0
41.5,4,balanced,gnb_1,2,41.596,8120.000000,4060.000000,4041.481246,12.000000,3,3,0
41.6,4,balanced,gnb_1,2,41.698,8120.000000,4060.000000,4047.962810,12.000000,3,3,0
41.7,4,balanced,gnb_1,2,41.794,8120.000000,4060.000000,4052.175826,12.000000,3,3,0
41.8,4,balanced,gnb_1,2,41.896,8120.000000,4060.000000,4054.914287,12.000000,3,3,0
41.9,4,balanced,gnb_1,2,41.998,8120.000000,4060.000000,4056.694287,12.000000,3,3,0
42.0,4,balanced,gnb_1,3,42.094,8120.000000,2706.666667,3584.184620,11.990222,3,2,0
42.1,4,balanced,gnb_1,3,42.196,8120.000000,2706.666667,3277.053336,12.000000,2,2,0
42.2,4,balanced,gnb_1,3,42.298,8120.000000,2706.666667,3077.418002,12.000000,2,2,0
42.3,4,balanced,gnb_1,3,42.394,8120.000000,2706.666667,2947.655034,12.000000,2,2,0
42.4,4,balanced,gnb_1,3,42.496,8120.000000,2706.666667,2863.309106,12.000000,2,2,0
42.5,4,balanced,gnb_1,3,42.598,8120.000000,2706.666667,2808.484252,12.000000,2,2,0
42.6,4,balanced,gnb_1,3,42.694,8120.000000,2706.666667,2772.848097,12.000000,2,2,0
42.7,4,balanced,gnb_1,3,42.796,8120.000000,2706.666667,2749.684597,12.000000,2,2,0
42.8,4,balanced,gnb_1,3,42.898,8120.000000,2706.666667,2734.628321,12.000000,2,2,0
42.9,4,balanced,gnb_1,3,42.994,8120.000000,2706.666667,2724.841742,12.000000,2,2,0
43.0,4,balanced,gnb_1,2,43.096,8120.000000,4060.000000,3192.147132,12.000000,2,3,0
43.1,4,balanced,gnb_1,2,43.198,8120.000000,4060.000000,3495.895636,12.000000,3,3,0
43.2,4,balanced,gnb_1,2,43.294,8120.000000,4060.000000,3693.332163,12.000000,3,3,0
43.3,4,balanced,gnb_1,2,43.396,8120.000000,4060.000000,3821.665906,12.000000,3,3,0
43.4,4,balanced,gnb_1,2,43.498,8120.000000,4060.000000,3905.082839,12.000000,3,3,0
43.5,4,balanced,gnb_1,2,43.594,8120.000000,4060.000000,3959.303845,12.000000,3,3,0
43.6,4,balanced,gnb_1,2,43.696,8120.000000,4060.000000,3994.547499,12.000000,3,3,0
43.7,4,balanced,gnb_1,2,43.798,8120.000000,4060.000000,4017.455875,12.000000,3,3,0
43.8,4,balanced,gnb_1,2,43.894,8120.000000,4060.000000,4032.346319,12.000000,3,3,0
43.9,4,balanced,gnb_1,2,43.996,8120.000000,4060.000000,4042.025107,12.000000,3,3,0
44.0,4,balanced,gnb_1,3,44.098,8120.000000,2706.666667,3574.649653,11.990222,3,2,0
44.1,4,balanced,gnb_1,3,44.194,8120.000000,2706.666667,3270.855608,12.000000,2,2,0
44.2,4,balanced,gnb_1,3,44.296,8120.000000,2706.666667,3073.389478,12.000000,2,2,0
44.3,4,balanced,gnb_1,3,44.398,8120.000000,2706.666667,2945.036494,12.000000,2,2,0
44.4,4,balanced,gnb_1,3,44.494,8120.000000,2706.666667,2861.607055,12.000000,2,2,0
44.5,4,balanced,gnb_1,3,44.596,8120.000000,2706.666667,2807.377919,12.000000,2,2,0
44.6,4,balanced,gnb_1,3,44.698,8120.000000,2706.666667,2772.128981,12.000000,2,2,0
44.7,4,balanced,gnb_1,3,44.794,8120.000000,2706.666667,2749.217171,12.000000,2,2,0
44.8,4,balanced,gnb_1,3,44.896,8120.000000,2706.666667,2734.324494,12.000000,2,2,0
44.9,4,balanced,gnb_1,3,44.998,8120.000000,2706.666667,2724.644255,12.000000,2,2,0
45.0,4,balanced,gnb_1,4,45.094,8120.000000,2030.000000,2481.518766,12.000000,2,2,0
45.1,4,balanced,gnb_1,4,45.196,8120.000000,2030.000000,2323.487198,12.000000,2,2,0
45.2,4,balanced,gnb_1,4,45.298,8120.000000,2030.000000,2220.766678,12.000000,2,2,0
45.3,4,balanced,gnb_1,4,45.394,8120.000000,2030.000000,2153.998341,12.000000,2,2,0
45.4,4,balanced,gnb_1,4,45.496,8120.000000,2030.000000,2110.598922,12.000000,2,2,0
45.5,4,balanced,gnb_1,4,45.598,8120.000000,2030.000000,2082.389299,12.000000,2,2,0
45.6,4,balanced,gnb_1,4,45.694,8120.000000,2030.000000,2064.053044,12.000000,2,2,0
45.7,4,balanced,gnb_1,4,45.796,8120.000000,2030.000000,2052.134479,12.000000,2,2,0
45.8,4,balanced,gnb_1,4,45.898,8120.000000,2030.000000,2044.387411,12.000000,2,2,0
45.9,4,balanced,gnb_1,4,45.994,8120.000000,2030.000000,2039.351817,12.000000,2,2,0
46.0,4,balanced,gnb_1,3,46.096,8120.000000,2706.666667,2272.912015,12.000000,2,2,0
46.1,4,balanced,gnb_1,3,46.198,8120.000000,2706.666667,2424.726143,12.000000,2,2,0
46.2,4,balanced,gnb_1,3,46.294,8120.000000,2706.666667,2523.405326,12.000000,2,2,0
46.3,4,balanced,gnb_1,3,46.396,8120.000000,2706.666667,2587.546795,12.000000,2,2,0
46.4,4,balanced,gnb_1,3,46.498,8120.000000,2706.666667,2629.238750,12.000000,2,2,0
46.5,4,balanced,gnb_1,3,46.594,8120.000000,2706.666667,2656.338521,12.000000,2,2,0
46.6,4,balanced,gnb_1,3,46.696,8120.000000,2706.666667,2673.953372,12.000000,2,2,0
46.7,4,balanced,gnb_1,3,46.798,8120.000000,2706.666667,2685.403025,12.000000,2,2,0
46.8,4,balanced,gnb_1,3,46.894,8120.000000,2706.666667,2692.845300,12.000000,2,2,0
46.9,4,balanced,gnb_1,3,46.996,8120.000000,2706.666667,2697.682778,12.000000,2,2,0
47.0,4,balanced,gnb_1,5,47.098,8120.000000,1624.000000,2321.893806,12.000000,2,2,0
47.1,4,balanced,gnb_1,5,47.194,8120.000000,1624.000000,2077.630974,12.000000,2,2,0
47.2,4,balanced,gnb_1,5,47.296,8120.000000,1624.000000,1918.860133,12.000000,2,2,0
47.3,4,balanced,gnb_1,5,47.398,8120.000000,1624.000000,1815.659086,12.000000,2,2,0
47.4,4,balanced,gnb_1,5,47.494,8120.000000,1624.000000,1748.578406,12.000000,2,2,0
47.5,4,balanced,gnb_1,5,47.596,8120.000000,1624.000000,1704.975964,12.000000,2,2,0
47.6,4,balanced,gnb_1,5,47.698,8120.000000,1624.000000,1676.634377,12.000000,2,2,0
47.7,4,balanced,gnb_1,5,47.794,8120.000000,1624.000000,1658.212345,12.000000,2,2,0
47.8,4,balanced,gnb_1,5,47.896,8120.000000,1624.000000,1646.238024,12.000000,2,2,0
47.9,4,balanced,gnb_1,5,47.998,8120.000000,1624.000000,1638.454716,12.000000,2,2,0
48.0,4,balanced,gnb_1,5,48.094,8120.000000,1624.000000,1633.395565,12.000000,2,2,0
48.1,4,balanced,gnb_1,5,48.196,8120.000000,1624.000000,1630.107117,12.000000,2,2,0
48.2,4,balanced,gnb_1,5,48.298,8120.000000,1624.000000,1627.969626,12.000000,2,2,0
48.3,4,balanced,gnb_1,5,48.394,8120.000000,1624.000000,1626.580257,12.000000,2,2,0
48.4,4,balanced,gnb_1,5,48.496,8120.000000,1624.000000,1625.677167,12.000000,2,2,0
48.5,4,balanced,gnb_1,5,48.598,8120.000000,1624.000000,1625.090159,12.000000,2,2,0
48.6,4,balanced,gnb_1,5,48.694,8120.000000,1624.000000,1624.708603,12.000000,2,2,0
48.7,4,balanced,gnb_1,5,48.796,8120.000000,1624.000000,1624.460592,12.000000,2,2,0
48.8,4,balanced,gnb_1,5,48.898,8120.000000,1624.000000,1624.299385,12.000000,2,2,0
48.9,4,balanced,gnb_1,5,48.994,8120.000000,1624.000000,1624.194600,12.000000,2,2,0
49.0,4,balanced,gnb_1,4,49.096,8120.000000,2030.000000,1766.226490,12.000000,2,2,0
49.1,4,balanced,gnb_1,4,49.198,8120.000000,2030.000000,1858.547219,12.000000,2,2,0
49.2,4,balanced,gnb_1,4,49.294,8120.000000,2030.000000,1918.555692,12.000000,2,2,0
49.3,4,balanced,gnb_1,4,49.396,8120.000000,2030.000000,1957.561200,12.000000,2,2,0
49.4,4,balanced,gnb_1,4,49.498,8120.000000,2030.000000,1982.914780,12.000000,2,2,0
49.5,4,balanced,gnb_1,4,49.594,8120.000000,2030.000000,1999.394607,12.000000,2,2,0
49.6,4,balanced,gnb_1,4,49.696,8120.000000,2030.000000,2010.106495,12.000000,2,2,0
49.7,4,balanced,gnb_1,4,49.798,8120.000000,2030.000000,2017.069221,12.000000,2,2,0
49.8,4,balanced,gnb_1,4,49.894,8120.000000,2030.000000,2021.594994,12.000000,2,2,0
49.9,4,balanced,gnb_1,4,49.996,8120.000000,2030.000000,2024.536746,12.000000,2,2,0
18.7,5,aggressive,gnb_2,5,18.794,8120.000000,1624.000000,1071.840000,1.108267,2,1,0
18.8,5,aggressive,gnb_2,5,18.896,8120.000000,1624.000000,1325.833600,1.303539,1,1,0
18.9,5,aggressive,gnb_2,5,18.998,8120.000000,1624.000000,1462.990144,1.498812,1,1,0
19.0,5,aggressive,gnb_2,4,19.094,8120.000000,2030.000000,1723.814678,1.767903,1,1,0
19.1,5,aggressive,gnb_2,4,19.196,8120.000000,2030.000000,1864.659926,2.036994,1,1,0
19.2,5,aggressive,gnb_2,4,19.298,8120.000000,2030.000000,1940.716360,2.306085,1,1,0
19.3,5,aggressive,gnb_2,4,19.394,8120.000000,2030.000000,1981.786834,2.575176,1,2,0
19.4,5,aggressive,gnb_2,4,19.496,8120.000000,2030.000000,2003.964891,2.610509,2,2,0
19.5,5,aggressive,gnb_2,4,19.598,8120.000000,2030.000000,2015.941041,2.645842,2,2,0
19.6,5,aggressive,gnb_2,4,19.694,8120.000000,2030.000000,2022.408162,2.681176,2,2,0
19.7,5,aggressive,gnb_2,4,19.796,8120.000000,2030.000000,2025.900408,2.716509,2,2,0
19.8,5,aggressive,gnb_2,4,19.898,8120.000000,2030.000000,2027.786220,2.751842,2,2,0
19.9,5,aggressive,gnb_2,4,19.994,8120.000000,2030.000000,2028.804559,2.787176,2,2,0
20.0,5,aggressive,gnb_2,4,20.096,8120.000000,2030.000000,2029.354462,2.822509,2,2,0
20.1,5,aggressive,gnb_2,4,20.198,8120.000000,2030.000000,2029.651409,2.857842,2,2,0
20.2,5,aggressive,gnb_2,4,20.294,8120.000000,2030.000000,2029.811761,2.893176,2,2,0
20.3,5,aggressive,gnb_2,4,20.396,8120.000000,2030.000000,2029.898351,2.928509,2,2,0
20.4,5,aggressive,gnb_2,4,20.498,8120.000000,2030.000000,2029.945110,2.963842,2,2,0
20.5,5,aggressive,gnb_2,4,20.594,8120.000000,2030.000000,2029.970359,2.999176,2,2,0
20.6,5,aggressive,gnb_2,4,20.696,8120.000000,2030.000000,2029.983994,3.034509,2,2,0
20.7,5,aggressive,gnb_2,4,20.798,8120.000000,2030.000000,2029.991357,3.069842,2,2,0
20.8,5,aggressive,gnb_2,4,20.894,8120.000000,2030.000000,2029.995333,3.105176,2,2,0
20.9,5,aggressive,gnb_2,4,20.996,8120.000000,2030.000000,2029.997480,3.140509,2,2,0
21.0,5,aggressive,gnb_2,4,21.098,8120.000000,2030.000000,2029.998639,3.175842,2,2,0
21.1,5,aggressive,gnb_2,4,21.194,7960.000000,1990.000000,2011.599265,3.208509,2,2,0
21.2,5,aggressive,gnb_2,4,21.296,7960.000000,1990.000000,2001.663603,3.241176,2,2,0
21.3,5,aggressive,gnb_2,4,21.398,7960.000000,1990.000000,1996.298346,3.273842,2,2,0
21.4,5,aggressive,gnb_2,4,21.494,7960.000000,1990.000000,1993.401107,3.306509,2,2,0
21.5,5,aggressive,gnb_2,4,21.596,7960.000000,1990.000000,1991.836598,3.339176,2,2,0
21.6,5,aggressive,gnb_2,4,21.698,7960.000000,1990.000000,1990.991763,3.371842,2,2,0
21.7,5,aggressive,gnb_2,4,21.794,7960.000000,1990.000000,1990.535552,3.404509,2,2,0
21.8,5,aggressive,gnb_2,4,21.896,7960.000000,1990.000000,1990.289198,3.437176,2,2,0
21.9,5,aggressive,gnb_2,4,21.998,7960.000000,1990.000000,1990.156167,3.469842,2,2,0
22.0,5,aggressive,gnb_2,4,22.094,7960.000000,1990.000000,1990.084330,3.502509,2,2,0
22.1,5,aggressive,gnb_2,4,22.196,7960.000000,1990.000000,1990.045538,3.535176,2,2,0
22.2,5,aggressive,gnb_2,4,22.298,7960.000000,1990.000000,1990.024591,3.567842,2,2,0
22.3,5,aggressive,gnb_2,4,22.394,7960.000000,1990.000000,1990.013279,3.600509,2,2,0
22.4,5,aggressive,gnb_2,4,22.496,7992.000000,1998.000000,1993.687171,3.633709,2,2,0
22.5,5,aggressive,gnb_2,4,22.598,7992.000000,1998.000000,1995.671072,3.666909,2,2,0
22.6,5,aggressive,gnb_2,4,22.694,8120.000000,2030.000000,2011.462379,3.702242,2,2,0
22.7,5,aggressive,gnb_2,4,22.796,8120.000000,2030.000000,2019.989685,3.737576,2,2,0
22.8,5,aggressive,gnb_2,4,22.898,8120.000000,2030.000000,2024.594430,3.772909,2,2,0
22.9,5,aggressive,gnb_2,4,22.994,8120.000000,2030.000000,2027.080992,3.808242,2,2,0
23.0,5,aggressive,gnb_2,3,23.096,8120.000000,2706.666667,2339.690402,3.888687,2,2,0
23.1,5,aggressive,gnb_2,3,23.198,8120.000000,2706.666667,2508.499484,3.969131,2,2,0
23.2,5,aggressive,gnb_2,3,23.294,8120.000000,2706.666667,2599.656388,4.049576,2,2,0
23.3,5,aggressive,gnb_2,3,23.396,8120.000000,2706.666667,2648.881116,4.130020,2,2,0
23.4,5,aggressive,gnb_2,3,23.498,8120.000000,2706.666667,2675.462469,4.210465,2,2,0
23.5,5,aggressive,gnb_2,3,23.594,8120.000000,2706.666667,2689.816400,4.290909,2,2,0
23.6,5,aggressive,gnb_2,3,23.696,8120.000000,2706.666667,2697.567523,4.371354,2,2,0
23.7,5,aggressive,gnb_2,3,23.798,8120.000000,2706.666667,2701.753129,4.451798,2,2,0
23.8,5,aggressive,gnb_2,3,23.894,8120.000000,2706.666667,2704.013356,4.532242,2,2,0
23.9,5,aggressive,gnb_2,3,23.996,8120.000000,2706.666667,2705.233879,4.612687,2,2,0
24.0,5,aggressive,gnb_2,2,24.098,8120.000000,4060.000000,3328.426295,4.783354,2,2,0
24.1,5,aggressive,gnb_2,2,24.194,8120.000000,4060.000000,3664.950199,4.954020,2,3,0
24.2,5,aggressive,gnb_2,2,24.296,8120.000000,4060.000000,3846.673108,4.989354,3,3,0
24.3,5,aggressive,gnb_2,2,24.398,8120.000000,4060.000000,3944.803478,5.024687,3,3,0
24.4,5,aggressive,gnb_2,2,24.494,8120.000000,4060.000000,3997.793878,5.060020,3,3,0
24.5,5,aggressive,gnb_2,3,24.596,8120.000000,2706.666667,3403.875361,5.050242,3,2,0
24.6,5,aggressive,gnb_2,3,24.698,8120.000000,2706.666667,3083.159362,5.130687,2,2,0
24.7,5,aggressive,gnb_2,3,24.794,8120.000000,2706.666667,2909.972722,5.211131,2,2,0
24.8,5,aggressive,gnb_2,3,24.896,8120.000000,2706.666667,2816.451936,5.291576,2,2,0
24.9,5,aggressive,gnb_2,3,24.998,8120.000000,2706.666667,2765.950712,5.372020,2,2,0
25.0,5,aggressive,gnb_2,3,25.094,8120.000000,2706.666667,2738.680051,5.452465,2,2,0
25.1,5,aggressive,gnb_2,3,25.196,8120.000000,2706.666667,2723.953894,5.532909,2,2,0
25.2,5,aggressive,gnb_2,3,25.298,8120.000000,2706.666667,2716.001770,5.613354,2,2,0
25.3,5,aggressive,gnb_2,3,25.394,8120.000000,2706.666667,2711.707622,5.693798,2,2,0
25.4,5,aggressive,gnb_2,3,25.496,8120.000000,2706.666667,2709.388783,5.774242,2,2,0
25.5,5,aggressive,gnb_2,3,25.598,8120.000000,2706.666667,2708.136609,5.854687,2,2,0
25.6,5,aggressive,gnb_2,3,25.694,8120.000000,2706.666667,2707.460436,5.935131,2,2,0
25.7,5,aggressive,gnb_2,3,25.796,8120.000000,2706.666667,2707.095302,6.015576,2,2,0
25.8,5,aggressive,gnb_2,3,25.898,8120.000000,2706.666667,2706.898130,6.096020,2,2,0
25.9,5,aggressive,gnb_2,3,25.994,8120.000000,2706.666667,2706.791657,6.176465,2,2,0
26.0,5,aggressive,gnb_2,3,26.096,8120.000000,2706.666667,2706.734161,6.256909,2,2,0
26.1,5,aggressive,gnb_2,3,26.198,8120.000000,2706.666667,2706.703114,6.337354,2,2,0
26.2,5,aggressive,gnb_2,3,26.294,8120.000000,2706.666667,2706.686348,6.417798,2,2,0
26.3,5,aggressive,gnb_2,3,26.396,8120.000000,2706.666667,2706.677295,6.498242,2,2,0
26.4,5,aggressive,gnb_2,3,26.498,8120.000000,2706.666667,2706.672406,6.578687,2,2,0
26.5,5,aggressive,gnb_2,3,26.594,8120.000000,2706.666667,2706.669766,6.659131,2,2,0
26.6,5,aggressive,gnb_2,3,26.696,8120.000000,2706.666667,2706.668340,6.739576,2,2,0
26.7,5,aggressive,gnb_2,3,26.798,8120.000000,2706.666667,2706.667570,6.820020,2,2,0
26.8,5,aggressive,gnb_2,3,26.894,8120.000000,2706.666667,2706.667155,6.900465,2,2,0
26.9,5,aggressive,gnb_2,3,26.996,8120.000000,2706.666667,2706.666930,6.980909,2,2,0
27.0,5,aggressive,gnb_2,3,27.098,8120.000000,2706.666667,2706.666809,7.061354,2,2,0
27.1,5,aggressive,gnb_2,3,27.194,8120.000000,2706.666667,2706.666744,7.141798,2,2,0
27.2,5,aggressive,gnb_2,3,27.296,8120.000000,2706.666667,2706.666708,7.222242,2,2,0
27.3,5,aggressive,gnb_2,3,27.398,8120.000000,2706.666667,2706.666689,7.302687,2,2,0
27.4,5,aggressive,gnb_2,3,27.494,7960.000000,2653.333333,2682.133345,7.379576,2,2,0
27.5,5,aggressive,gnb_2,3,27.596,7960.000000,2653.333333,2668.885340,7.456465,2,2,0
27.6,5,aggressive,gnb_2,3,27.698,7960.000000,2653.333333,2661.731417,7.533354,2,2,0
27.7,5,aggressive,gnb_2,3,27.794,7960.000000,2653.333333,2657.868298,7.610242,2,2,0
27.8,5,aggressive,gnb_2,3,27.896,7960.000000,2653.333333,2655.782214,7.687131,2,2,0
27.9,5,aggressive,gnb_2,3,27.998,7960.000000,2653.333333,2654.655729,7.764020,2,2,0
28.0,5,aggressive,gnb_2,3,28.094,7960.000000,2653.333333,2654.047427,7.840909,2,2,0
28.1,5,aggressive,gnb_2,3,28.196,7896.000000,2632.000000,2643.905611,7.916376,2,2,0
28.2,5,aggressive,gnb_2,3,28.298,7896.000000,2632.000000,2638.429030,7.991842,2,2,0
28.3,5,aggressive,gnb_2,3,28.394,7896.000000,2632.000000,2635.471676,8.067309,2,2,0
28.4,5,aggressive,gnb_2,3,28.496,7896.000000,2632.000000,2633.874705,8.142776,2,2,0
28.5,5,aggressive,gnb_2,3,28.598,7896.000000,2632.000000,2633.012341,8.218242,2,2,0
28.6,5,aggressive,gnb_2,3,28.694,7896.000000,2632.000000,2632.546664,8.293709,2,2,0
28.7,5,aggressive,gnb_2,3,28.796,7896.000000,2632.000000,2632.295199,8.369176,2,2,0
28.8,5,aggressive,gnb_2,3,28.898,7464.000000,2488.000000,2565.919407,8.435042,2,2,0
28.9,5,aggressive,gnb_2,3,28.994,7464.000000,2488.000000,2530.076480,8.500909,2,2,0
29.0,5,aggressive,gnb_2,3,29.096,7464.000000,2488.000000,2510.721299,8.566776,2,2,0
29.1,5,aggressive,gnb_2,3,29.198,7464.000000,2488.000000,2500.269502,8.632642,2,2,0
29.2,5,aggressive,gnb_2,3,29.294,7464.000000,2488.000000,2494.625531,8.698509,2,2,0
29.3,5,aggressive,gnb_2,3,29.396,7464.000000,2488.000000,2491.577787,8.764376,2,2,0
29.4,5,aggressive,gnb_2,3,29.498,7960.000000,2653.333333,2565.985338,8.841265,2,2,0
29.5,5,aggressive,gnb_2,3,29.594,7960.000000,2653.333333,2606.165416,8.918154,2,2,0
29.6,5,aggressive,gnb_2,3,29.696,7960.000000,2653.333333,2627.862658,8.995042,2,2,0
29.7,5,aggressive,gnb_2,3,29.798,7960.000000,2653.333333,2639.579169,9.071931,2,2,0
29.8,5,aggressive,gnb_2,3,29.894,7960.000000,2653.333333,2645.906084,9.148820,2,2,0
29.9,5,aggressive,gnb_2,3,29.996,7960.000000,2653.333333,2649.322619,9.225709,2,2,0
30.0,5,aggressive,gnb_2,3,30.098,7176.000000,2392.000000,2530.954214,9.285176,2,2,0
30.1,5,aggressive,gnb_2,4,30.194,7176.000000,1794.000000,2191.955276,9.304776,2,2,0
30.2,5,aggressive,gnb_2,4,30.296,7176.000000,1794.000000,2008.895849,9.324376,2,2,0
30.3,5,aggressive,gnb_2,4,30.398,7176.000000,1794.000000,1910.043758,9.343976,2,2,0
30.4,5,aggressive,gnb_2,4,30.494,7176.000000,1794.000000,1856.663630,9.363576,2,2,0
30.5,5,aggressive,gnb_2,4,30.596,7176.000000,1794.000000,1827.838360,9.383176,2,2,0
30.6,5,aggressive,gnb_2,4,30.698,7032.000000,1758.000000,1795.712714,9.400376,2,2,0
30.7,5,aggressive,gnb_2,4,30.794,7032.000000,1758.000000,1778.364866,9.417576,2,2,0
30.8,5,aggressive,gnb_2,4,30.896,7032.000000,1758.000000,1768.997028,9.434776,2,2,0
30.9,5,aggressive,gnb_2,4,30.998,7032.000000,1758.000000,1763.938395,9.451976,2,2,0
31.0,5,aggressive,gnb_2,3,31.094,8120.000000,2706.666667,2197.593400,9.532420,2,2,0
31.1,5,aggressive,gnb_2,3,31.196,8120.000000,2706.666667,2431.767103,9.612865,2,2,0
31.2,5,aggressive,gnb_2,3,31.298,8120.000000,2706.666667,2558.220902,9.693309,2,2,0
31.3,5,aggressive,gnb_2,3,31.394,8120.000000,2706.666667,2626.505954,9.773754,2,2,0
31.4,5,aggressive,gnb_2,3,31.496,8120.000000,2706.666667,2663.379882,9.854198,2,2,0
31.5,5,aggressive,gnb_2,3,31.598,8120.000000,2706.666667,2683.291803,9.934642,2,2,0
31.6,5,aggressive,gnb_2,3,31.694,7992.000000,2664.000000,2674.417574,10.012242,2,2,0
31.7,5,aggressive,gnb_2,3,31.796,7992.000000,2664.000000,2669.625490,10.089842,2,2,0
31.8,5,aggressive,gnb_2,3,31.898,7992.000000,2664.000000,2667.037764,10.167442,2,2,0
31.9,5,aggressive,gnb_2,3,31.994,7992.000000,2664.000000,2665.640393,10.245042,2,2,0
32.0,5,aggressive,gnb_2,4,32.096,7992.000000,1998.000000,2358.525812,10.278242,2,2,0
32.1,5,aggressive,gnb_2,4,32.198,7896.000000,1974.000000,2181.643939,10.309842,2,2,0
32.2,5,aggressive,gnb_2,4,32.294,7896.000000,1974.000000,2086.127727,10.341442,2,2,0
32.3,5,aggressive,gnb_2,4,32.396,7896.000000,1974.000000,2034.548972,10.373042,2,2,0
32.4,5,aggressive,gnb_2,4,32.498,7896.000000,1974.000000,2006.696445,10.404642,2,2,0
32.5,5,aggressive,gnb_2,4,32.594,7928.000000,1982.000000,1995.336080,10.436776,2,2,0
32.6,5,aggressive,gnb_2,4,32.696,7960.000000,1990.000000,1992.881483,10.469442,2,2,0
32.7,5,aggressive,gnb_2,4,32.798,7960.000000,1990.000000,1991.556001,10.502109,2,2,0
32.8,5,aggressive,gnb_2,4,32.894,7960.000000,1990.000000,1990.840241,10.534776,2,2,0
32.9,5,aggressive,gnb_2,4,32.996,7960.000000,1990.000000,1990.453730,10.567442,2,2,0
33.0,5,aggressive,gnb_2,4,33.098,7960.000000,1990.000000,1990.245014,10.600109,2,2,0
33.1,5,aggressive,gnb_2,4,33.194,8120.000000,2030.000000,2008.532308,10.635442,2,2,0
33.2,5,aggressive,gnb_2,4,33.296,8120.000000,2030.000000,2018.407446,10.670776,2,2,0
33.3,5,aggressive,gnb_2,4,33.398,8120.000000,2030.000000,2023.740021,10.706109,2,2,0
33.4,5,aggressive,gnb_2,4,33.494,8120.000000,2030.000000,2026.619611,10.741442,2,2,0
33.5,5,aggressive,gnb_2,4,33.596,8120.000000,2030.000000,2028.174590,10.776776,2,2,0
33.6,5,aggressive,gnb_2,4,33.698,8120.000000,2030.000000,2029.014279,10.812109,2,2,0
33.7,5,aggressive,gnb_2,4,33.794,8120.000000,2030.000000,2029.467710,10.847442,2,2,0
33.8,5,aggressive,gnb_2,4,33.896,8120.000000,2030.000000,2029.712564,10.882776,2,2,0
33.9,5,aggressive,gnb_2,4,33.998,8120.000000,2030.000000,2029.844784,10.918109,2,2,0
34.0,5,aggressive,gnb_2,4,34.094,7992.000000,1998.000000,2015.196184,10.951309,2,2,0
34.1,5,aggressive,gnb_2,4,34.196,7992.000000,1998.000000,2007.285939,10.984509,2,2,0
34.2,5,aggressive,gnb_2,4,34.298,7992.000000,1998.000000,2003.014407,11.017709,2,2,0
34.3,5,aggressive,gnb_2,4,34.394,7992.000000,1998.000000,2000.707780,11.050909,2,2,0
34.4,5,aggressive,gnb_2,4,34.496,7992.000000,1998.000000,1999.462201,11.084109,2,2,0
34.5,5,aggressive,gnb_2,4,34.598,8120.000000,2030.000000,2013.509589,11.119442,2,2,0
34.6,5,aggressive,gnb_2,4,34.694,8120.000000,2030.000000,2021.095178,11.154776,2,2,0
34.7,5,aggressive,gnb_2,4,34.796,8120.000000,2030.000000,2025.191396,11.190109,2,2,0
34.8,5,aggressive,gnb_2,4,34.898,8120.000000,2030.000000,2027.403354,11.225442,2,2,0
34.9,5,aggressive,gnb_2,4,34.994,8120.000000,2030.000000,2028.597811,11.260776,2,2,0
35.0,5,aggressive,gnb_2,4,35.096,8120.000000,2030.000000,2029.242818,11.296109,2,2,0
35.1,5,aggressive,gnb_2,4,35.198,8120.000000,2030.000000,2029.591122,11.331442,2,2,0
35.2,5,aggressive,gnb_2,4,35.294,8120.000000,2030.000000,2029.779206,11.366776,2,2,0
35.3,5,aggressive,gnb_2,4,35.396,8120.000000,2030.000000,2029.880771,11.402109,2,2,0
35.4,5,aggressive,gnb_2,4,35.498,8120.000000,2030.000000,2029.935616,11.437442,2,2,0
35.5,5,aggressive,gnb_2,4,35.594,8024.000000,2006.000000,2018.925233,11.471176,2,2,0
35.6,5,aggressive,gnb_2,4,35.696,8024.000000,2006.000000,2012.979626,11.504909,2,2,0
35.7,5,aggressive,gnb_2,4,35.798,8024.000000,2006.000000,2009.768998,11.538642,2,2,0
35.8,5,aggressive,gnb_2,4,35.894,8024.000000,2006.000000,2008.035259,11.572376,2,2,0
35.9,5,aggressive,gnb_2,4,35.996,8024.000000,2006.000000,2007.099040,11.606109,2,2,0
36.0,5,aggressive,gnb_2,4,36.098,7320.000000,1830.000000,1925.633481,11.628109,2,2,0
36.1,5,aggressive,gnb_2,4,36.194,7320.000000,1830.000000,1881.642080,11.650109,2,2,0
36.2,5,aggressive,gnb_2,4,36.296,7320.000000,1830.000000,1857.886723,11.672109,2,2,0
36.3,5,aggressive,gnb_2,4,36.398,7320.000000,1830.000000,1845.058831,11.694109,2,2,0
36.4,5,aggressive,gnb_2,4,36.494,7320.000000,1830.000000,1838.131768,11.716109,2,2,0
36.5,5,aggressive,gnb_2,4,36.596,8120.000000,2030.000000,1926.391155,11.751442,2,2,0
36.6,5,aggressive,gnb_2,4,36.698,8120.000000,2030.000000,1974.051224,11.786776,2,2,0
36.7,5,aggressive,gnb_2,4,36.794,8120.000000,2030.000000,1999.787661,11.822109,2,2,0
36.8,5,aggressive,gnb_2,4,36.896,8120.000000,2030.000000,2013.685337,11.857442,2,2,0
36.9,5,aggressive,gnb_2,4,36.998,8120.000000,2030.000000,2021.190082,11.892776,2,2,0
37.0,5,aggressive,gnb_2,4,37.094,7960.000000,1990.000000,2006.842644,11.925442,2,2,0
37.1,5,aggressive,gnb_2,4,37.196,7960.000000,1990.000000,1999.095028,11.958109,2,2,0
37.2,5,aggressive,gnb_2,4,37.298,7960.000000,1990.000000,1994.911315,11.990776,2,2,0
37.3,5,aggressive,gnb_2,4,37.394,7960.000000,1990.000000,1992.652110,12.000000,2,2,0
37.4,5,aggressive,gnb_2,4,37.496,7960.000000,1990.000000,1991.432139,12.000000,2,2,0
37.5,5,aggressive,gnb_2,4,37.598,8120.000000,2030.000000,2009.173355,12.000000,2,2,0
37.6,5,aggressive,gnb_2,4,37.694,8120.000000,2030.000000,2018.753612,12.000000,2,2,0
37.7,5,aggressive,gnb_2,4,37.796,8120.000000,2030.000000,2023.926950,12.000000,2,2,0
37.8,5,aggressive,gnb_2,4,37.898,8120.000000,2030.000000,2026.720553,12.000000,2,2,0
37.9,5,aggressive,gnb_2,4,37.994,8120.000000,2030.000000,2028.229099,12.000000,2,2,0
38.0,5,aggressive,gnb_2,3,38.096,8120.000000,2706.666667,2340.310380,12.000000,2,2,0
38.1,5,aggressive,gnb_2,3,38.198,8120.000000,2706.666667,2508.834272,12.000000,2,2,0
38.2,5,aggressive,gnb_2,3,38.294,8120.000000,2706.666667,2599.837173,12.000000,2,2,0
38.3,5,aggressive,gnb_2,3,38.396,8120.000000,2706.666667,2648.978740,12.000000,2,2,0
38.4,5,aggressive,gnb_2,3,38.498,8120.000000,2706.666667,2675.515186,12.000000,2,2,0
38.5,5,aggressive,gnb_2,3,38.594,8120.000000,2706.666667,2689.844867,12.000000,2,2,0
38.6,5,aggressive,gnb_2,3,38.696,8120.000000,2706.666667,2697.582895,12.000000,2,2,0
38.7,5,aggressive,gnb_2,3,38.798,8120.000000,2706.666667,2701.761430,12.000000,2,2,0
38.8,5,aggressive,gnb_2,3,38.894,8120.000000,2706.666667,2704.017839,12.000000,2,2,0
38.9,5,aggressive,gnb_2,3,38.996,8120.000000,2706.666667,2705.236300,12.000000,2,2,0
39.0,5,aggressive,gnb_2,3,39.098,8120.000000,2706.666667,2705.894268,12.000000,2,2,0
39.1,5,aggressive,gnb_2,3,39.194,8120.000000,2706.666667,2706.249572,12.000000,2,2,0
39.2,5,aggressive,gnb_2,3,39.296,8120.000000,2706.666667,2706.441435,12.000000,2,2,0
39.3,5,aggressive,gnb_2,3,39.398,8120.000000,2706.666667,2706.545042,12.000000,2,2,0
39.4,5,aggressive,gnb_2,3,39.494,8120.000000,2706.666667,2706.600989,12.000000,2,2,0
39.5,5,aggressive,gnb_2,3,39.596,8120.000000,2706.666667,2706.631201,12.000000,2,2,0
39.6,5,aggressive,gnb_2,3,39.698,8120.000000,2706.666667,2706.647515,12.000000,2,2,0
39.7,5,aggressive,gnb_2,3,39.794,8120.000000,2706.666667,2706.656325,12.000000,2,2,0
39.8,5,aggressive,gnb_2,3,39.896,8120.000000,2706.666667,2706.661082,12.000000,2,2,0
39.9,5,aggressive,gnb_2,3,39.998,8120.000000,2706.666667,2706.663651,12.000000,2,2,0
40.0,5,aggressive,gnb_2,3,40.094,8120.000000,2706.666667,2706.665038,12.000000,2,2,0
40.1,5,aggressive,gnb_2,3,40.196,8120.000000,2706.666667,2706.665787,12.000000,2,2,0
40.2,5,aggressive,gnb_2,3,40.298,8120.000000,2706.666667,2706.666192,12.000000,2,2,0
40.3,5,aggressive,gnb_2,3,40.394,8120.000000,2706.666667,2706.666410,12.000000,2,2,0
40.4,5,aggressive,gnb_2,3,40.496,8120.000000,2706.666667,2706.666528,12.000000,2,2,0
40.5,5,aggressive,gnb_2,3,40.598,7896.000000,2632.000000,2672.319925,12.000000,2,2,0
40.6,5,aggressive,gnb_2,3,40.694,7896.000000,2632.000000,2653.772760,12.000000,2,2,0
40.7,5,aggressive,gnb_2,3,40.796,7896.000000,2632.000000,2643.757290,12.000000,2,2,0
40.8,5,aggressive,gnb_2,3,40.898,7896.000000,2632.000000,2638.348937,12.000000,2,2,0
40.9,5,aggressive,gnb_2,3,40.994,7896.000000,2632.000000,2635.428426,12.000000,2,2,0
41.0,5,aggressive,gnb_2,3,41.096,8120.000000,2706.666667,2668.198017,12.000000,2,2,0
41.1,5,aggressive,gnb_2,3,41.198,8120.000000,2706.666667,2685.893596,12.000000,2,2,0
41.2,5,aggressive,gnb_2,3,41.294,8120.000000,2706.666667,2695.449208,12.000000,2,2,0
41.3,5,aggressive,gnb_2,3,41.396,8120.000000,2706.666667,2700.609239,12.000000,2,2,0
41.4,5,aggressive,gnb_2,3,41.498,8120.000000,2706.666667,2703.395656,12.000000,2,2,0
41.5,5,aggressive,gnb_2,3,41.594,8120.000000,2706.666667,2704.900321,12.000000,2,2,0
41.6,5,aggressive,gnb_2,3,41.696,8120.000000,2706.666667,2705.712840,12.000000,2,2,0
41.7,5,aggressive,gnb_2,3,41.798,8120.000000,2706.666667,2706.151600,12.000000,2,2,0
41.8,5,aggressive,gnb_2,3,41.894,8120.000000,2706.666667,2706.388531,12.000000,2,2,0
41.9,5,aggressive,gnb_2,3,41.996,8120.000000,2706.666667,2706.516473,12.000000,2,2,0
42.0,5,aggressive,gnb_1,3,42.098,7896.000000,2632.000000,2672.238896,12.000000,2,2,0
42.1,5,aggressive,gnb_1,3,42.194,7896.000000,2632.000000,2653.729004,12.000000,2,2,0
42.2,5,aggressive,gnb_1,3,42.296,7896.000000,2632.000000,2643.733662,12.000000,2,2,0
42.3,5,aggressive,gnb_1,3,42.398,7896.000000,2632.000000,2638.336177,12.000000,2,2,0
42.4,5,aggressive,gnb_1,3,42.494,7896.000000,2632.000000,2635.421536,12.000000,2,2,0
42.5,5,aggressive,gnb_1,3,42.596,7464.000000,2488.000000,2567.607629,12.000000,2,2,0
42.6,5,aggressive,gnb_1,3,42.698,7464.000000,2488.000000,2530.988120,12.000000,2,2,0
42.7,5,aggressive,gnb_1,3,42.794,7464.000000,2488.000000,2511.213585,12.000000,2,2,0
42.8,5,aggressive,gnb_1,3,42.896,7464.000000,2488.000000,2500.535336,12.000000,2,2,0
42.9,5,aggressive,gnb_1,3,42.998,7464.000000,2488.000000,2494.769081,12.000000,2,2,0
43.0,5,aggressive,gnb_2,3,43.094,7896.000000,2632.000000,2557.895304,12.000000,2,2,0
43.1,5,aggressive,gnb_2,3,43.196,7896.000000,2632.000000,2591.983464,12.000000,2,2,0
43.2,5,aggressive,gnb_2,3,43.298,7896.000000,2632.000000,2610.391071,12.000000,2,2,0
43.3,5,aggressive,gnb_2,3,43.394,7896.000000,2632.000000,2620.331178,12.000000,2,2,0
43.4,5,aggressive,gnb_2,3,43.496,7896.000000,2632.000000,2625.698836,12.000000,2,2,0
43.5,5,aggressive,gnb_2,3,43.598,8120.000000,2706.666667,2662.944038,12.000000,2,2,0
43.6,5,aggressive,gnb_2,3,43.694,8120.000000,2706.666667,2683.056447,12.000000,2,2,0
43.7,5,aggressive,gnb_2,3,43.796,8120.000000,2706.666667,2693.917148,12.000000,2,2,0
43.8,5,aggressive,gnb_2,3,43.898,8120.000000,2706.666667,2699.781927,12.000000,2,2,0
43.9,5,aggressive,gnb_2,3,43.994,8120.000000,2706.666667,2702.948907,12.000000,2,2,0
44.0,5,aggressive,gnb_1,3,44.096,7960.000000,2653.333333,2680.125743,12.000000,2,2,0
44.1,5,aggressive,gnb_1,3,44.198,7960.000000,2653.333333,2667.801235,12.000000,2,2,0
44.2,5,aggressive,gnb_1,3,44.294,7960.000000,2653.333333,2661.146000,12.000000,2,2,0
44.3,5,aggressive,gnb_1,3,44.396,7960.000000,2653.333333,2657.552173,12.000000,2,2,0
44.4,5,aggressive,gnb_1,3,44.498,7960.000000,2653.333333,2655.611507,12.000000,2,2,0
44.5,5,aggressive,gnb_1,3,44.594,7960.000000,2653.333333,2654.563547,12.000000,2,2,0
44.6,5,aggressive,gnb_1,3,44.696,7960.000000,2653.333333,2653.997649,12.000000,2,2,0
44.7,5,aggressive,gnb_1,3,44.798,7960.000000,2653.333333,2653.692064,12.000000,2,2,0
44.8,5,aggressive,gnb_1,3,44.894,7960.000000,2653.333333,2653.527048,12.000000,2,2,0
44.9,5,aggressive,gnb_1,3,44.996,7960.000000,2653.333333,2653.437939,12.000000,2,2,0
45.0,5,aggressive,gnb_1,4,45.098,7960.000000,1990.000000,2348.256487,12.000000,2,2,0
45.1,5,aggressive,gnb_1,4,45.194,7960.000000,1990.000000,2183.458503,12.000000,2,2,0
45.2,5,aggressive,gnb_1,4,45.296,7960.000000,1990.000000,2094.467592,12.000000,2,2,0
45.3,5,aggressive,gnb_1,4,45.398,7960.000000,1990.000000,2046.412499,12.000000,2,2,0
45.4,5,aggressive,gnb_1,4,45.494,7992.000000,1998.000000,2024.142750,12.000000,2,2,0
45.5,5,aggressive,gnb_1,4,45.596,7992.000000,1998.000000,2012.117085,12.000000,2,2,0
45.6,5,aggressive,gnb_1,4,45.698,8024.000000,2006.000000,2009.303226,12.000000,2,2,0
45.7,5,aggressive,gnb_1,4,45.794,8024.000000,2006.000000,2007.783742,12.000000,2,2,0
45.8,5,aggressive,gnb_1,4,45.896,8024.000000,2006.000000,2006.963221,12.000000,2,2,0
45.9,5,aggressive,gnb_1,4,45.998,8024.000000,2006.000000,2006.520139,12.000000,2,2,0
46.0,5,aggressive,gnb_1,3,46.094,8120.000000,2706.666667,2328.587542,12.000000,2,2,0
46.1,5,aggressive,gnb_1,3,46.196,8120.000000,2706.666667,2502.503939,12.000000,2,2,0
46.2,5,aggressive,gnb_1,3,46.298,8120.000000,2706.666667,2596.418794,12.000000,2,2,0
46.3,5,aggressive,gnb_1,3,46.394,8120.000000,2706.666667,2647.132815,12.000000,2,2,0
46.4,5,aggressive,gnb_1,3,46.496,8120.000000,2706.666667,2674.518387,12.000000,2,2,0
46.5,5,aggressive,gnb_1,3,46.598,8120.000000,2706.666667,2689.306596,12.000000,2,2,0
46.6,5,aggressive,gnb_1,3,46.694,8120.000000,2706.666667,2697.292228,12.000000,2,2,0
46.7,5,aggressive,gnb_1,3,46.796,8120.000000,2706.666667,2701.604470,12.000000,2,2,0
46.8,5,aggressive,gnb_1,3,46.898,8120.000000,2706.666667,2703.933080,12.000000,2,2,0
46.9,5,aggressive,gnb_1,3,46.994,8120.000000,2706.666667,2705.190530,12.000000,2,2,0
47.0,5,aggressive,gnb_1,5,47.096,8120.000000,1624.000000,2207.842886,12.000000,2,2,0
47.1,5,aggressive,gnb_1,5,47.198,8120.000000,1624.000000,1939.275159,12.000000,2,2,0
47.2,5,aggressive,gnb_1,5,47.294,8120.000000,1624.000000,1794.248586,12.000000,2,2,0
47.3,5,aggressive,gnb_1,5,47.396,8120.000000,1624.000000,1715.934236,12.000000,2,2,0
47.4,5,aggressive,gnb_1,5,47.498,8120.000000,1624.000000,1673.644488,12.000000,2,2,0
47.5,5,aggressive,gnb_1,5,47.594,8120.000000,1624.000000,1650.808023,12.000000,2,2,0
47.6,5,aggressive,gnb_1,5,47.696,8120.000000,1624.000000,1638.476333,12.000000,2,2,0
47.7,5,aggressive,gnb_1,5,47.798,8120.000000,1624.000000,1631.817220,12.000000,2,2,0
47.8,5,aggressive,gnb_1,5,47.894,8120.000000,1624.000000,1628.221299,12.000000,2,2,0
47.9,5,aggressive,gnb_1,5,47.996,8120.000000,1624.000000,1626.279501,12.000000,2,2,0
48.0,5,aggressive,gnb_1,5,48.098,7960.000000,1592.000000,1610.510931,12.000000,2,2,0
48.1,5,aggressive,gnb_1,5,48.194,7960.000000,1592.000000,1601.995903,12.000000,2,2,0
48.2,5,aggressive,gnb_1,5,48.296,7960.000000,1592.000000,1597.397787,12.000000,2,2,0
48.3,5,aggressive,gnb_1,5,48.398,7960.000000,1592.000000,1594.914805,12.000000,2,2,0
48.4,5,aggressive,gnb_1,5,48.494,7960.000000,1592.000000,1593.573995,12.000000,2,2,0
48.5,5,aggressive,gnb_1,5,48.596,8024.000000,1604.800000,1598.737957,12.000000,2,2,0
48.6,5,aggressive,gnb_1,5,48.698,8056.000000,1611.200000,1604.470497,12.000000,2,2,0
48.7,5,aggressive,gnb_1,5,48.794,8056.000000,1611.200000,1607.566068,12.000000,2,2,0
48.8,5,aggressive,gnb_1,5,48.896,8056.000000,1611.200000,1609.237677,12.000000,2,2,0
48.9,5,aggressive,gnb_1,5,48.998,8088.000000,1617.600000,1613.084346,12.000000,2,2,0
49.0,5,aggressive,gnb_1,4,49.094,8120.000000,2030.000000,1804.865547,12.000000,2,2,0
49.1,5,aggressive,gnb_1,4,49.196,8120.000000,2030.000000,1908.427395,12.000000,2,2,0
49.2,5,aggressive,gnb_1,4,49.298,8120.000000,2030.000000,1964.350793,12.000000,2,2,0
49.3,5,aggressive,gnb_1,4,49.394,8120.000000,2030.000000,1994.549428,12.000000,2,2,0
49.4,5,aggressive,gnb_1,4,49.496,8120.000000,2030.000000,2010.856691,12.000000,2,2,0
49.5,5,aggressive,gnb_1,4,49.598,7960.000000,1990.000000,2001.262613,12.000000,2,2,0
49.6,5,aggressive,gnb_1,4,49.694,7960.000000,1990.000000,1996.081811,12.000000,2,2,0
49.7,5,aggressive,gnb_1,4,49.796,7960.000000,1990.000000,1993.284178,12.000000,2,2,0
49.8,5,aggressive,gnb_1,4,49.898,7960.000000,1990.000000,1991.773456,12.000000,2,2,0
49.9,5,aggressive,gnb_1,4,49.994,7960.000000,1990.000000,1990.957666,12.000000,2,2,0
50,5,aggressive,gnb_1,1,50,7960.000000,7960.000000,4736.717140,12.000000,2,3,0
24.5,6,conservative,gnb_2,3,24.594,8120.000000,2706.666667,1299.200000,4.453333,0,0,0
24.6,6,conservative,gnb_2,3,24.696,8120.000000,2706.666667,1608.842667,5.706667,0,1,0
24.7,6,conservative,gnb_2,3,24.798,8120.000000,2706.666667,1850.363947,6.098788,1,2,0
24.8,6,conservative,gnb_2,3,24.894,8120.000000,2706.666667,2038.750545,6.179232,2,2,0
24.9,6,conservative,gnb_2,3,24.996,8120.000000,2706.666667,2185.692092,6.259677,2,2,0
25.0,6,conservative,gnb_2,3,25.098,8120.000000,2706.666667,2300.306498,6.340121,2,2,0
25.1,6,conservative,gnb_2,3,25.194,8120.000000,2706.666667,2389.705735,6.420566,2,2,0
25.2,6,conservative,gnb_2,3,25.296,8120.000000,2706.666667,2459.437140,6.501010,2,2,0
25.3,6,conservative,gnb_2,3,25.398,8120.000000,2706.666667,2513.827636,6.581455,2,2,0
25.4,6,conservative,gnb_2,3,25.494,8120.000000,2706.666667,2556.252223,6.661899,2,2,0
25.5,6,conservative,gnb_2,3,25.596,8120.000000,2706.666667,2589.343400,6.742343,2,2,0
25.6,6,conservative,gnb_2,3,25.698,8120.000000,2706.666667,2615.154519,6.822788,2,2,0
25.7,6,conservative,gnb_2,3,25.794,8120.000000,2706.666667,2635.287191,6.903232,2,2,0
25.8,6,conservative,gnb_2,3,25.896,8120.000000,2706.666667,2650.990676,6.983677,2,2,0
25.9,6,conservative,gnb_2,3,25.998,8120.000000,2706.666667,2663.239394,7.064121,2,2,0
26.0,6,conservative,gnb_2,3,26.094,8120.000000,2706.666667,2672.793394,7.144566,2,2,0
26.1,6,conservative,gnb_2,3,26.196,8120.000000,2706.666667,2680.245514,7.225010,2,2,0
26.2,6,conservative,gnb_2,3,26.298,8120.000000,2706.666667,2686.058168,7.305455,2,2,0
26.3,6,conservative,gnb_2,3,26.394,8120.000000,2706.666667,2690.592037,7.385899,2,2,0
26.4,6,conservative,gnb_2,3,26.496,8120.000000,2706.666667,2694.128456,7.466343,2,2,0
26.5,6,conservative,gnb_2,3,26.598,8120.000000,2706.666667,2696.886862,7.546788,2,2,0
26.6,6,conservative,gnb_2,3,26.694,8120.000000,2706.666667,2699.038419,7.627232,2,2,0
26.7,6,conservative,gnb_2,3,26.796,8120.000000,2706.666667,2700.716634,7.707677,2,2,0
26.8,6,conservative,gnb_2,3,26.898,8120.000000,2706.666667,2702.025641,7.788121,2,2,0
26.9,6,conservative,gnb_2,3,26.994,8120.000000,2706.666667,2703.046667,7.868566,2,2,0
27.0,6,conservative,gnb_2,3,27.096,8120.000000,2706.666667,2703.843067,7.949010,2,2,0
27.1,6,conservative,gnb_2,3,27.198,8120.000000,2706.666667,2704.464259,8.029455,2,2,0
27.2,6,conservative,gnb_2,3,27.294,8120.000000,2706.666667,2704.948788,8.109899,2,2,0
27.3,6,conservative,gnb_2,3,27.396,8120.000000,2706.666667,2705.326722,8.190343,2,2,0
27.4,6,conservative,gnb_2,3,27.498,8120.000000,2706.666667,2705.621510,8.270788,2,2,0
27.5,6,conservative,gnb_2,3,27.594,8120.000000,2706.666667,2705.851444,8.351232,2,2,0
27.6,6,conservative,gnb_2,3,27.696,8120.000000,2706.666667,2706.030793,8.431677,2,2,0
27.7,6,conservative,gnb_2,3,27.798,8120.000000,2706.666667,2706.170685,8.512121,2,2,0
27.8,6,conservative,gnb_2,3,27.894,8120.000000,2706.666667,2706.279801,8.592566,2,2,0
27.9,6,conservative,gnb_2,3,27.996,8120.000000,2706.666667,2706.364912,8.673010,2,2,0
28.0,6,conservative,gnb_2,3,28.098,8120.000000,2706.666667,2706.431298,8.753455,2,2,0
28.1,6,conservative,gnb_2,3,28.194,8120.000000,2706.666667,2706.483079,8.833899,2,2,0
28.2,6,conservative,gnb_2,3,28.296,8120.000000,2706.666667,2706.523468,8.914343,2,2,0
28.3,6,conservative,gnb_2,3,28.398,8120.000000,2706.666667,2706.554972,8.994788,2,2,0
28.4,6,conservative,gnb_2,3,28.494,8120.000000,2706.666667,2706.579545,9.075232,2,2,0
28.5,6,conservative,gnb_2,3,28.596,8120.000000,2706.666667,2706.598712,9.155677,2,2,0
28.6,6,conservative,gnb_2,3,28.698,8120.000000,2706.666667,2706.613662,9.236121,2,2,0
28.7,6,conservative,gnb_2,3,28.794,8120.000000,2706.666667,2706.625323,9.316566,2,2,0
28.8,6,conservative,gnb_2,3,28.896,8120.000000,2706.666667,2706.634418,9.397010,2,2,0
28.9,6,conservative,gnb_2,3,28.998,8120.000000,2706.666667,2706.641513,9.477455,2,2,0
29.0,6,conservative,gnb_2,3,29.094,8120.000000,2706.666667,2706.647047,9.557899,2,2,0
29.1,6,conservative,gnb_2,3,29.196,8120.000000,2706.666667,2706.651363,9.638343,2,2,0
29.2,6,conservative,gnb_2,3,29.298,8120.000000,2706.666667,2706.654730,9.718788,2,2,0
29.3,6,conservative,gnb_2,3,29.394,8120.000000,2706.666667,2706.657356,9.799232,2,2,0
29.4,6,conservative,gnb_2,3,29.496,8120.000000,2706.666667,2706.659404,9.879677,2,2,0
29.5,6,conservative,gnb_2,3,29.598,8120.000000,2706.666667,2706.661002,9.960121,2,2,0
29.6,6,conservative,gnb_2,3,29.694,8120.000000,2706.666667,2706.662248,10.040566,2,2,0
29.7,6,conservative,gnb_2,3,29.796,8120.000000,2706.666667,2706.663220,10.121010,2,2,0
29.8,6,conservative,gnb_2,3,29.898,8120.000000,2706.666667,2706.663979,10.201455,2,2,0
29.9,6,conservative,gnb_2,3,29.994,8120.000000,2706.666667,2706.664570,10.281899,2,2,0
30.0,6,conservative,gnb_2,3,30.096,8120.000000,2706.666667,2706.665031,10.362343,2,2,0
30.1,6,conservative,gnb_2,4,30.198,8120.000000,2030.000000,2557.798724,10.397677,2,2,0
30.2,6,conservative,gnb_2,4,30.294,8120.000000,2030.000000,2441.683005,10.433010,2,2,0
30.3,6,conservative,gnb_2,4,30.396,8120.000000,2030.000000,2351.112744,10.468343,2,2,0
30.4,6,conservative,gnb_2,4,30.498,8120.000000,2030.000000,2280.467940,10.503677,2,2,0
30.5,6,conservative,gnb_2,4,30.594,8120.000000,2030.000000,2225.364993,10.539010,2,2,0
30.6,6,conservative,gnb_2,4,30.696,8120.000000,2030.000000,2182.384695,10.574343,2,2,0
30.7,6,conservative,gnb_2,4,30.798,8120.000000,2030.000000,2148.860062,10.609677,2,2,0
30.8,6,conservative,gnb_2,4,30.894,8120.000000,2030.000000,2122.710848,10.645010,2,2,0
30.9,6,conservative,gnb_2,4,30.996,8120.000000,2030.000000,2102.314462,10.680343,2,2,0
31.0,6,conservative,gnb_2,3,31.098,8120.000000,2706.666667,2235.271947,10.760788,2,2,0
31.1,6,conservative,gnb_2,3,31.194,8120.000000,2706.666667,2338.978785,10.841232,2,2,0
31.2,6,conservative,gnb_2,3,31.296,8120.000000,2706.666667,2419.870119,10.921677,2,2,0
31.3,6,conservative,gnb_2,3,31.398,8120.000000,2706.666667,2482.965360,11.002121,2,2,0
31.4,6,conservative,gnb_2,3,31.494,8120.000000,2706.666667,2532.179647,11.082566,2,2,0
31.5,6,conservative,gnb_2,3,31.596,8120.000000,2706.666667,2570.566791,11.163010,2,2,0
31.6,6,conservative,gnb_2,3,31.698,8120.000000,2706.666667,2600.508764,11.243455,2,2,0
31.7,6,conservative,gnb_2,3,31.794,8120.000000,2706.666667,2623.863503,11.323899,2,2,0
31.8,6,conservative,gnb_2,3,31.896,8120.000000,2706.666667,2642.080199,11.404343,2,2,0
31.9,6,conservative,gnb_2,3,31.998,8120.000000,2706.666667,2656.289222,11.484788,2,2,0
32.0,6,conservative,gnb_2,4,32.094,8120.000000,2030.000000,2518.505593,11.520121,2,2,0
32.1,6,conservative,gnb_2,4,32.196,8120.000000,2030.000000,2411.034362,11.555455,2,2,0
32.2,6,conservative,gnb_2,4,32.298,8120.000000,2030.000000,2327.206803,11.590788,2,2,0
32.3,6,conservative,gnb_2,4,32.394,8120.000000,2030.000000,2261.821306,11.626121,2,2,0
32.4,6,conservative,gnb_2,4,32.496,8120.000000,2030.000000,2210.820619,11.661455,2,2,0
32.5,6,conservative,gnb_2,4,32.598,8120.000000,2030.000000,2171.040083,11.696788,2,2,0
32.6,6,conservative,gnb_2,4,32.694,8120.000000,2030.000000,2140.011264,11.732121,2,2,0
32.7,6,conservative,gnb_2,4,32.796,8120.000000,2030.000000,2115.808786,11.767455,2,2,0
32.8,6,conservative,gnb_2,4,32.898,8120.000000,2030.000000,2096.930853,11.802788,2,2,0
32.9,6,conservative,gnb_2,4,32.994,8120.000000,2030.000000,2082.206066,11.838121,2,2,0
33.0,6,conservative,gnb_2,4,33.096,8120.000000,2030.000000,2070.720731,11.873455,2,2,0
33.1,6,conservative,gnb_2,4,33.198,8120.000000,2030.000000,2061.762170,11.908788,2,2,0
33.2,6,conservative,gnb_2,4,33.294,8120.000000,2030.000000,2054.774493,11.944121,2,2,0
33.3,6,conservative,gnb_2,4,33.396,8120.000000,2030.000000,2049.324104,11.979455,2,2,0
33.4,6,conservative,gnb_2,4,33.498,8120.000000,2030.000000,2045.072801,12.000000,2,2,0
33.5,6,conservative,gnb_2,4,33.594,8120.000000,2030.000000,2041.756785,12.000000,2,2,0
33.6,6,conservative,gnb_2,4,33.696,8120.000000,2030.000000,2039.170292,12.000000,2,2,0
33.7,6,conservative,gnb_2,4,33.798,8120.000000,2030.000000,2037.152828,12.000000,2,2,0
33.8,6,conservative,gnb_2,4,33.894,8120.000000,2030.000000,2035.579206,12.000000,2,2,0
33.9,6,conservative,gnb_2,4,33.996,8120.000000,2030.000000,2034.351781,12.000000,2,2,0
34.0,6,conservative,gnb_2,4,34.098,7896.000000,1974.000000,2021.074389,12.000000,2,2,0
34.1,6,conservative,gnb_2,4,34.194,7896.000000,1974.000000,2010.718023,12.000000,2,2,0
34.2,6,conservative,gnb_2,4,34.296,7896.000000,1974.000000,2002.640058,12.000000,2,2,0
34.3,6,conservative,gnb_2,4,34.398,7896.000000,1974.000000,1996.339245,12.000000,2,2,0
34.4,6,conservative,gnb_2,4,34.494,7896.000000,1974.000000,1991.424611,12.000000,2,2,0
34.5,6,conservative,gnb_2,4,34.596,7896.000000,1974.000000,1987.591197,12.000000,2,2,0
34.6,6,conservative,gnb_2,4,34.698,7896.000000,1974.000000,1984.601134,12.000000,2,2,0
34.7,6,conservative,gnb_2,4,34.794,7896.000000,1974.000000,1982.268884,12.000000,2,2,0
34.8,6,conservative,gnb_2,4,34.896,5736.000000,1434.000000,1861.649730,11.995600,2,1,0
34.9,6,conservative,gnb_2,4,34.998,5736.000000,1434.000000,1767.566789,12.000000,1,1,0
35.0,6,conservative,gnb_2,4,35.094,7896.000000,1974.000000,1812.982096,12.000000,1,2,0
35.1,6,conservative,gnb_2,4,35.196,7896.000000,1974.000000,1848.406035,12.000000,2,2,0
35.2,6,conservative,gnb_2,4,35.298,7896.000000,1974.000000,1876.036707,12.000000,2,2,0
35.3,6,conservative,gnb_2,4,35.394,7896.000000,1974.000000,1897.588631,12.000000,2,2,0
35.4,6,conservative,gnb_2,4,35.496,7896.000000,1974.000000,1914.399132,12.000000,2,2,0
35.5,6,conservative,gnb_2,4,35.598,7896.000000,1974.000000,1927.511323,12.000000,2,2,0
35.6,6,conservative,gnb_2,4,35.694,7896.000000,1974.000000,1937.738832,12.000000,2,2,0
35.7,6,conservative,gnb_2,4,35.796,7960.000000,1990.000000,1949.236289,12.000000,2,2,0
35.8,6,conservative,gnb_2,4,35.898,7960.000000,1990.000000,1958.204306,12.000000,2,2,0
35.9,6,conservative,gnb_2,4,35.994,7960.000000,1990.000000,1965.199358,12.000000,2,2,0
36.0,6,conservative,gnb_2,4,36.096,8120.000000,2030.000000,1979.455499,12.000000,2,2,0
36.1,6,conservative,gnb_2,4,36.198,8120.000000,2030.000000,1990.575290,12.000000,2,2,0
36.2,6,conservative,gnb_2,4,36.294,8120.000000,2030.000000,1999.248726,12.000000,2,2,0
36.3,6,conservative,gnb_2,4,36.396,8120.000000,2030.000000,2006.014006,12.000000,2,2,0
36.4,6,conservative,gnb_2,4,36.498,8120.000000,2030.000000,2011.290925,12.000000,2,2,0
36.5,6,conservative,gnb_2,4,36.594,8120.000000,2030.000000,2015.406921,12.000000,2,2,0
36.6,6,conservative,gnb_2,4,36.696,8120.000000,2030.000000,2018.617399,12.000000,2,2,0
36.7,6,conservative,gnb_2,4,36.798,8120.000000,2030.000000,2021.121571,12.000000,2,2,0
36.8,6,conservative,gnb_2,4,36.894,8120.000000,2030.000000,2023.074825,12.000000,2,2,0
36.9,6,conservative,gnb_2,4,36.996,8120.000000,2030.000000,2024.598364,12.000000,2,2,0
37.0,6,conservative,gnb_2,4,37.098,8120.000000,2030.000000,2025.786724,12.000000,2,2,0
37.1,6,conservative,gnb_2,4,37.194,8120.000000,2030.000000,2026.713645,12.000000,2,2,0
37.2,6,conservative,gnb_2,4,37.296,8120.000000,2030.000000,2027.436643,12.000000,2,2,0
37.3,6,conservative,gnb_2,4,37.398,8120.000000,2030.000000,2028.000581,12.000000,2,2,0
37.4,6,conservative,gnb_2,4,37.494,8120.000000,2030.000000,2028.440453,12.000000,2,2,0
37.5,6,conservative,gnb_2,4,37.596,8120.000000,2030.000000,2028.783554,12.000000,2,2,0
37.6,6,conservative,gnb_2,4,37.698,8120.000000,2030.000000,2029.051172,12.000000,2,2,0
37.7,6,conservative,gnb_2,4,37.794,8120.000000,2030.000000,2029.259914,12.000000,2,2,0
37.8,6,conservative,gnb_2,4,37.896,8120.000000,2030.000000,2029.422733,12.000000,2,2,0
37.9,6,conservative,gnb_2,4,37.998,8120.000000,2030.000000,2029.549732,12.000000,2,2,0
38.0,6,conservative,gnb_2,3,38.094,8120.000000,2706.666667,2178.515457,12.000000,2,2,0
38.1,6,conservative,gnb_2,3,38.196,8120.000000,2706.666667,2294.708723,12.000000,2,2,0
38.2,6,conservative,gnb_2,3,38.298,8120.000000,2706.666667,2385.339471,12.000000,2,2,0
38.3,6,conservative,gnb_2,3,38.394,8120.000000,2706.666667,2456.031454,12.000000,2,2,0
38.4,6,conservative,gnb_2,3,38.496,8120.000000,2706.666667,2511.171201,12.000000,2,2,0
38.5,6,conservative,gnb_2,3,38.598,8120.000000,2706.666667,2554.180203,12.000000,2,2,0
38.6,6,conservative,gnb_2,3,38.694,8120.000000,2706.666667,2587.727225,12.000000,2,2,0
38.7,6,conservative,gnb_2,3,38.796,8120.000000,2706.666667,2613.893902,12.000000,2,2,0
38.8,6,conservative,gnb_2,3,38.898,8120.000000,2706.666667,2634.303910,12.000000,2,2,0
38.9,6,conservative,gnb_2,3,38.994,8120.000000,2706.666667,2650.223717,12.000000,2,2,0
39.0,6,conservative,gnb_2,3,39.096,8120.000000,2706.666667,2662.641166,12.000000,2,2,0
39.1,6,conservative,gnb_2,3,39.198,8120.000000,2706.666667,2672.326776,12.000000,2,2,0
39.2,6,conservative,gnb_2,3,39.294,8120.000000,2706.666667,2679.881552,12.000000,2,2,0
39.3,6,conservative,gnb_2,3,39.396,8120.000000,2706.666667,2685.774277,12.000000,2,2,0
39.4,6,conservative,gnb_2,3,39.498,8120.000000,2706.666667,2690.370603,12.000000,2,2,0
39.5,6,conservative,gnb_2,3,39.594,8120.000000,2706.666667,2693.955737,12.000000,2,2,0
39.6,6,conservative,gnb_2,3,39.696,8120.000000,2706.666667,2696.752141,12.000000,2,2,0
39.7,6,conservative,gnb_2,3,39.798,8120.000000,2706.666667,2698.933337,12.000000,2,2,0
39.8,6,conservative,gnb_2,3,39.894,8120.000000,2706.666667,2700.634670,12.000000,2,2,0
39.9,6,conservative,gnb_2,3,39.996,8120.000000,2706.666667,2701.961709,12.000000,2,2,0
40.0,6,conservative,gnb_2,3,40.098,7896.000000,2632.000000,2686.570133,12.000000,2,2,0
40.1,6,conservative,gnb_2,3,40.194,7896.000000,2632.000000,2674.564704,12.000000,2,2,0
40.2,6,conservative,gnb_2,3,40.296,7896.000000,2632.000000,2665.200469,12.000000,2,2,0
40.3,6,conservative,gnb_2,3,40.398,7896.000000,2632.000000,2657.896366,12.000000,2,2,0
40.4,6,conservative,gnb_2,3,40.494,7896.000000,2632.000000,2652.199165,12.000000,2,2,0
40.5,6,conservative,gnb_2,3,40.596,7896.000000,2632.000000,2647.755349,12.000000,2,2,0
40.6,6,conservative,gnb_2,3,40.698,8120.000000,2706.666667,2660.715839,12.000000,2,2,0
40.7,6,conservative,gnb_2,3,40.794,8120.000000,2706.666667,2670.825021,12.000000,2,2,0
40.8,6,conservative,gnb_2,3,40.896,8120.000000,2706.666667,2678.710183,12.000000,2,2,0
40.9,6,conservative,gnb_2,3,40.998,8120.000000,2706.666667,2684.860609,12.000000,2,2,0
41.0,6,conservative,gnb_2,3,41.094,8120.000000,2706.666667,2689.657942,12.000000,2,2,0
41.1,6,conservative,gnb_2,3,41.196,8120.000000,2706.666667,2693.399861,12.000000,2,2,0
41.2,6,conservative,gnb_2,3,41.298,8120.000000,2706.666667,2696.318559,12.000000,2,2,0
41.3,6,conservative,gnb_2,3,41.394,8120.000000,2706.666667,2698.595142,12.000000,2,2,0
41.4,6,conservative,gnb_2,3,41.496,8120.000000,2706.666667,2700.370878,12.000000,2,2,0
41.5,6,conservative,gnb_2,3,41.598,8120.000000,2706.666667,2701.755951,12.000000,2,2,0
41.6,6,conservative,gnb_2,3,41.694,8120.000000,2706.666667,2702.836309,12.000000,2,2,0
41.7,6,conservative,gnb_2,3,41.796,8120.000000,2706.666667,2703.678987,12.000000,2,2,0
41.8,6,conservative,gnb_2,3,41.898,7992.000000,2664.000000,2694.949610,12.000000,2,2,0
41.9,6,conservative,gnb_2,3,41.994,7992.000000,2664.000000,2688.140696,12.000000,2,2,0
42.0,6,conservative,gnb_2,2,42.096,7992.000000,3996.000000,2975.869743,12.000000,2,2,0
42.1,6,conservative,gnb_2,2,42.198,7992.000000,3996.000000,3200.298399,12.000000,2,3,0
42.2,6,conservative,gnb_2,2,42.294,7992.000000,3996.000000,3375.352752,12.000000,3,3,0
42.3,6,conservative,gnb_2,2,42.396,8024.000000,4012.000000,3515.415146,12.000000,3,3,0
42.4,6,conservative,gnb_2,2,42.498,6888.000000,3444.000000,3499.703814,12.000000,3,3,0
42.5,6,conservative,gnb_2,2,42.594,6888.000000,3444.000000,3487.448975,12.000000,3,3,0
42.6,6,conservative,gnb_2,2,42.696,6888.000000,3444.000000,3477.890200,12.000000,3,3,0
42.7,6,conservative,gnb_2,2,42.798,6888.000000,3444.000000,3470.434356,12.000000,3,3,0
42.8,6,conservative,gnb_2,2,42.894,6888.000000,3444.000000,3464.618798,12.000000,3,3,0
42.9,6,conservative,gnb_2,2,42.996,6888.000000,3444.000000,3460.082662,12.000000,3,3,0
43.0,6,conservative,gnb_2,3,43.098,7896.000000,2632.000000,3277.904477,11.987733,3,2,0
43.1,6,conservative,gnb_2,3,43.194,7896.000000,2632.000000,3135.805492,12.000000,2,2,0
43.2,6,conservative,gnb_2,3,43.296,7896.000000,2632.000000,3024.968284,12.000000,2,2,0
43.3,6,conservative,gnb_2,3,43.398,7896.000000,2632.000000,2938.515261,12.000000,2,2,0
43.4,6,conservative,gnb_2,3,43.494,7896.000000,2632.000000,2871.081904,12.000000,2,2,0
43.5,6,conservative,gnb_2,3,43.596,7896.000000,2632.000000,2818.483885,12.000000,2,2,0
43.6,6,conservative,gnb_2,3,43.698,7896.000000,2632.000000,2777.457430,12.000000,2,2,0
43.7,6,conservative,gnb_2,3,43.794,7896.000000,2632.000000,2745.456796,12.000000,2,2,0
43.8,6,conservative,gnb_2,3,43.896,7896.000000,2632.000000,2720.496301,12.000000,2,2,0
43.9,6,conservative,gnb_2,3,43.998,7896.000000,2632.000000,2701.027114,12.000000,2,2,0
44.0,6,conservative,gnb_2,2,44.094,7896.000000,3948.000000,2975.361149,12.000000,2,2,0
44.1,6,conservative,gnb_2,2,44.196,7896.000000,3948.000000,3189.341696,12.000000,2,3,0
44.2,6,conservative,gnb_2,2,44.298,8120.000000,4060.000000,3380.886523,12.000000,3,3,0
44.3,6,conservative,gnb_2,2,44.394,8120.000000,4060.000000,3530.291488,12.000000,3,3,0
44.4,6,conservative,gnb_2,2,44.496,8120.000000,4060.000000,3646.827361,12.000000,3,3,0
44.5,6,conservative,gnb_2,2,44.598,8120.000000,4060.000000,3737.725341,12.000000,3,3,0
44.6,6,conservative,gnb_2,2,44.694,8120.000000,4060.000000,3808.625766,12.000000,3,3,0
44.7,6,conservative,gnb_2,2,44.796,8120.000000,4060.000000,3863.928098,12.000000,3,3,0
44.8,6,conservative,gnb_2,2,44.898,8120.000000,4060.000000,3907.063916,12.000000,3,3,0
44.9,6,conservative,gnb_2,2,44.994,8120.000000,4060.000000,3940.709855,12.000000,3,3,0
45.0,6,conservative,gnb_1,4,45.096,7896.000000,1974.000000,3508.033687,11.965800,3,2,0
45.1,6,conservative,gnb_1,4,45.198,7896.000000,1974.000000,3170.546276,11.997400,2,2,0
45.2,6,conservative,gnb_1,4,45.294,7896.000000,1974.000000,2907.306095,12.000000,2,2,0
45.3,6,conservative,gnb_1,4,45.396,7928.000000,1982.000000,2703.738754,12.000000,2,2,0
45.4,6,conservative,gnb_1,4,45.498,7928.000000,1982.000000,2544.956228,12.000000,2,2,0
45.5,6,conservative,gnb_1,4,45.594,7960.000000,1990.000000,2422.865858,12.000000,2,2,0
45.6,6,conservative,gnb_1,4,45.696,7896.000000,1974.000000,2324.115369,12.000000,2,2,0
45.7,6,conservative,gnb_1,4,45.798,7896.000000,1974.000000,2247.089988,12.000000,2,2,0
45.8,6,conservative,gnb_1,4,45.894,7896.000000,1974.000000,2187.010191,12.000000,2,2,0
45.9,6,conservative,gnb_1,4,45.996,7896.000000,1974.000000,2140.147949,12.000000,2,2,0
46.0,6,conservative,gnb_2,2,46.098,8120.000000,4060.000000,2562.515400,12.000000,2,2,0
46.1,6,conservative,gnb_2,2,46.194,8120.000000,4060.000000,2891.962012,12.000000,2,2,0
46.2,6,conservative,gnb_2,2,46.296,8120.000000,4060.000000,3148.930369,12.000000,2,3,0
46.3,6,conservative,gnb_2,2,46.398,8120.000000,4060.000000,3349.365688,12.000000,3,3,0
46.4,6,conservative,gnb_2,2,46.494,8120.000000,4060.000000,3505.705237,12.000000,3,3,0
46.5,6,conservative,gnb_2,2,46.596,8120.000000,4060.000000,3627.650085,12.000000,3,3,0
46.6,6,conservative,gnb_2,2,46.698,8120.000000,4060.000000,3722.767066,12.000000,3,3,0
46.7,6,conservative,gnb_2,2,46.794,8120.000000,4060.000000,3796.958311,12.000000,3,3,0
46.8,6,conservative,gnb_2,2,46.896,8120.000000,4060.000000,3854.827483,12.000000,3,3,0
46.9,6,conservative,gnb_2,2,46.998,8120.000000,4060.000000,3899.965437,12.000000,3,3,0
47.0,6,conservative,gnb_1,5,47.094,8120.000000,1624.000000,3399.253041,11.954133,3,1,0
47.1,6,conservative,gnb_1,5,47.196,8120.000000,1624.000000,3008.697372,12.000000,1,1,0
47.2,6,conservative,gnb_1,5,47.298,8120.000000,1624.000000,2704.063950,12.000000,1,1,0
47.3,6,conservative,gnb_1,5,47.394,8120.000000,1624.000000,2466.449881,12.000000,1,1,0
47.4,6,conservative,gnb_1,5,47.496,8120.000000,1624.000000,2281.110907,12.000000,1,1,0
47.5,6,conservative,gnb_1,5,47.598,8120.000000,1624.000000,2136.546508,12.000000,1,1,0
47.6,6,conservative,gnb_1,5,47.694,8120.000000,1624.000000,2023.786276,12.000000,1,1,0
47.7,6,conservative,gnb_1,5,47.796,8120.000000,1624.000000,1935.833295,12.000000,1,1,0
47.8,6,conservative,gnb_1,5,47.898,8120.000000,1624.000000,1867.229970,12.000000,1,1,0
47.9,6,conservative,gnb_1,5,47.994,8120.000000,1624.000000,1813.719377,12.000000,1,1,0
48.0,6,conservative,gnb_1,5,48.096,8120.000000,1624.000000,1771.981114,12.000000,1,1,0
48.1,6,conservative,gnb_1,5,48.198,8120.000000,1624.000000,1739.425269,12.000000,1,1,0
48.2,6,conservative,gnb_1,5,48.294,8120.000000,1624.000000,1714.031710,12.000000,1,1,0
48.3,6,conservative,gnb_1,5,48.396,8120.000000,1624.000000,1694.224734,12.000000,1,1,0
48.4,6,conservative,gnb_1,5,48.498,8120.000000,1624.000000,1678.775292,12.000000,1,1,0
48.5,6,conservative,gnb_1,5,48.594,8120.000000,1624.000000,1666.724728,12.000000,1,1,0
48.6,6,conservative,gnb_1,5,48.696,8120.000000,1624.000000,1657.325288,12.000000,1,1,0
48.7,6,conservative,gnb_1,5,48.798,8120.000000,1624.000000,1649.993724,12.000000,1,1,0
48.8,6,conservative,gnb_1,5,48.894,8120.000000,1624.000000,1644.275105,12.000000,1,1,0
48.9,6,conservative,gnb_1,5,48.996,8120.000000,1624.000000,1639.814582,12.000000,1,1,0
49.0,6,conservative,gnb_1,4,49.098,8120.000000,2030.000000,1725.655374,12.000000,1,2,0
49.1,6,conservative,gnb_1,4,49.194,8120.000000,2030.000000,1792.611192,12.000000,2,2,0
49.2,6,conservative,gnb_1,4,49.296,8120.000000,2030.000000,1844.836729,12.000000,2,2,0
49.3,6,conservative,gnb_1,4,49.398,8120.000000,2030.000000,1885.572649,12.000000,2,2,0
49.4,6,conservative,gnb_1,4,49.494,7896.000000,1974.000000,1905.026666,12.000000,2,2,0
49.5,6,conservative,gnb_1,4,49.596,7896.000000,1974.000000,1920.200800,12.000000,2,2,0
49.6,6,conservative,gnb_1,4,49.698,7896.000000,1974.000000,1932.036624,12.000000,2,2,0
49.7,6,conservative,gnb_1,4,49.794,7896.000000,1974.000000,1941.268567,12.000000,2,2,0
49.8,6,conservative,gnb_1,4,49.896,7896.000000,1974.000000,1948.469482,12.000000,2,2,0
49.9,6,conservative,gnb_1,4,49.998,7896.000000,1974.000000,1954.086196,12.000000,2,2,0
30.1,7,balanced,gnb_2,4,30.194,8120.000000,2030.000000,1116.500000,2.269091,1,1,0
30.2,7,balanced,gnb_2,4,30.296,8120.000000,2030.000000,1436.225000,2.538182,1,1,0
30.3,7,balanced,gnb_2,4,30.398,8120.000000,2030.000000,1644.046250,2.807273,1,1,0
30.4,7,balanced,gnb_2,4,30.494,8120.000000,2030.000000,1779.130062,3.076364,1,1,0
30.5,7,balanced,gnb_2,4,30.596,8120.000000,2030.000000,1866.934541,3.345455,1,1,0
30.6,7,balanced,gnb_2,4,30.698,8120.000000,2030.000000,1924.007451,3.614545,1,1,0
30.7,7,balanced,gnb_2,4,30.794,8120.000000,2030.000000,1961.104843,3.883636,1,1,0
30.8,7,balanced,gnb_2,4,30.896,8120.000000,2030.000000,1985.218148,4.152727,1,2,0
30.9,7,balanced,gnb_2,4,30.998,8120.000000,2030.000000,2000.891796,4.188061,2,2,0
31.0,7,balanced,gnb_2,3,31.094,8120.000000,2706.666667,2247.913001,4.268505,2,2,0
31.1,7,balanced,gnb_2,3,31.196,8120.000000,2706.666667,2408.476784,4.348949,2,2,0
31.2,7,balanced,gnb_2,3,31.298,8120.000000,2706.666667,2512.843243,4.429394,2,2,0
31.3,7,balanced,gnb_2,3,31.394,8120.000000,2706.666667,2580.681441,4.509838,2,2,0
31.4,7,balanced,gnb_2,3,31.496,8120.000000,2706.666667,2624.776270,4.590283,2,2,0
31.5,7,balanced,gnb_2,3,31.598,8120.000000,2706.666667,2653.437909,4.670727,2,2,0
31.6,7,balanced,gnb_2,3,31.694,8120.000000,2706.666667,2672.067974,4.751172,2,2,0
31.7,7,balanced,gnb_2,3,31.796,8120.000000,2706.666667,2684.177517,4.831616,2,2,0
31.8,7,balanced,gnb_2,3,31.898,8120.000000,2706.666667,2692.048719,4.912061,2,2,0
31.9,7,balanced,gnb_2,3,31.994,8120.000000,2706.666667,2697.165001,4.992505,2,2,0
32.0,7,balanced,gnb_2,4,32.096,8120.000000,2030.000000,2463.657250,5.027838,2,2,0
32.1,7,balanced,gnb_2,4,32.198,8120.000000,2030.000000,2311.877213,5.063172,2,2,0
32.2,7,balanced,gnb_2,4,32.294,8120.000000,2030.000000,2213.220188,5.098505,2,2,0
32.3,7,balanced,gnb_2,4,32.396,8120.000000,2030.000000,2149.093122,5.133838,2,2,0
32.4,7,balanced,gnb_2,4,32.498,8120.000000,2030.000000,2107.410530,5.169172,2,2,0
32.5,7,balanced,gnb_2,4,32.594,8120.000000,2030.000000,2080.316844,5.204505,2,2,0
32.6,7,balanced,gnb_2,4,32.696,8120.000000,2030.000000,2062.705949,5.239838,2,2,0
32.7,7,balanced,gnb_2,4,32.798,8120.000000,2030.000000,2051.258867,5.275172,2,2,0
32.8,7,balanced,gnb_2,4,32.894,8120.000000,2030.000000,2043.818263,5.310505,2,2,0
32.9,7,balanced,gnb_2,4,32.996,8120.000000,2030.000000,2038.981871,5.345838,2,2,0
33.0,7,balanced,gnb_2,4,33.098,8120.000000,2030.000000,2035.838216,5.381172,2,2,0
33.1,7,balanced,gnb_2,4,33.194,8056.000000,2014.000000,2028.194841,5.415438,2,2,0
33.2,7,balanced,gnb_2,4,33.296,8056.000000,2014.000000,2023.226646,5.449705,2,2,0
33.3,7,balanced,gnb_2,4,33.398,8088.000000,2022.000000,2022.797320,5.484505,2,2,0
33.4,7,balanced,gnb_2,4,33.494,8088.000000,2022.000000,2022.518258,5.519305,2,2,0
33.5,7,balanced,gnb_2,4,33.596,8088.000000,2022.000000,2022.336868,5.554105,2,2,0
33.6,7,balanced,gnb_2,4,33.698,8088.000000,2022.000000,2022.218964,5.588905,2,2,0
33.7,7,balanced,gnb_2,4,33.794,8088.000000,2022.000000,2022.142327,5.623705,2,2,0
33.8,7,balanced,gnb_2,4,33.896,8088.000000,2022.000000,2022.092512,5.658505,2,2,0
33.9,7,balanced,gnb_2,4,33.998,8088.000000,2022.000000,2022.060133,5.693305,2,2,0
34.0,7,balanced,gnb_2,4,34.094,8120.000000,2030.000000,2024.839086,5.728638,2,2,0
34.1,7,balanced,gnb_2,4,34.196,8120.000000,2030.000000,2026.645406,5.763972,2,2,0
34.2,7,balanced,gnb_2,4,34.298,8120.000000,2030.000000,2027.819514,5.799305,2,2,0
34.3,7,balanced,gnb_2,4,34.394,8120.000000,2030.000000,2028.582684,5.834638,2,2,0
34.4,7,balanced,gnb_2,4,34.496,8120.000000,2030.000000,2029.078745,5.869972,2,2,0
34.5,7,balanced,gnb_2,4,34.598,8120.000000,2030.000000,2029.401184,5.905305,2,2,0
34.6,7,balanced,gnb_2,4,34.694,8120.000000,2030.000000,2029.610770,5.940638,2,2,0
34.7,7,balanced,gnb_2,4,34.796,8120.000000,2030.000000,2029.747000,5.975972,2,2,0
34.8,7,balanced,gnb_2,4,34.898,8088.000000,2022.000000,2027.035550,6.010772,2,2,0
34.9,7,balanced,gnb_2,4,34.994,8088.000000,2022.000000,2025.273108,6.045572,2,2,0
35.0,7,balanced,gnb_2,4,35.096,8088.000000,2022.000000,2024.127520,6.080372,2,2,0
35.1,7,balanced,gnb_2,4,35.198,8088.000000,2022.000000,2023.382888,6.115172,2,2,0
35.2,7,balanced,gnb_2,4,35.294,8088.000000,2022.000000,2022.898877,6.149972,2,2,0
35.3,7,balanced,gnb_2,4,35.396,8088.000000,2022.000000,2022.584270,6.184772,2,2,0
35.4,7,balanced,gnb_2,4,35.498,8088.000000,2022.000000,2022.379776,6.219572,2,2,0
35.5,7,balanced,gnb_2,4,35.594,7928.000000,1982.000000,2008.246854,6.251705,2,2,0
35.6,7,balanced,gnb_2,4,35.696,7928.000000,1982.000000,1999.060455,6.283838,2,2,0
35.7,7,balanced,gnb_2,4,35.798,7928.000000,1982.000000,1993.089296,6.315972,2,2,0
35.8,7,balanced,gnb_2,4,35.894,7928.000000,1982.000000,1989.208042,6.348105,2,2,0
35.9,7,balanced,gnb_2,4,35.996,7928.000000,1982.000000,1986.685228,6.380238,2,2,0
36.0,7,balanced,gnb_2,4,36.098,7928.000000,1982.000000,1985.045398,6.412372,2,2,0
36.1,7,balanced,gnb_2,4,36.194,7960.000000,1990.000000,1986.779509,6.445038,2,2,0
36.2,7,balanced,gnb_2,4,36.296,6888.000000,1722.000000,1894.106681,6.459838,2,2,0
36.3,7,balanced,gnb_2,4,36.398,6888.000000,1722.000000,1833.869342,6.474638,2,2,0
36.4,7,balanced,gnb_2,4,36.494,6888.000000,1722.000000,1794.715073,6.489438,2,2,0
36.5,7,balanced,gnb_2,4,36.596,6888.000000,1722.000000,1769.264797,6.504238,2,2,0
36.6,7,balanced,gnb_2,4,36.698,7032.000000,1758.000000,1765.322118,6.521438,2,2,0
36.7,7,balanced,gnb_2,4,36.794,7032.000000,1758.000000,1762.759377,6.538638,2,2,0
36.8,7,balanced,gnb_2,4,36.896,7464.000000,1866.000000,1798.893595,6.563038,2,2,0
36.9,7,balanced,gnb_2,4,36.998,7464.000000,1866.000000,1822.380837,6.587438,2,2,0
37.0,7,balanced,gnb_2,4,37.094,7464.000000,1866.000000,1837.647544,6.611838,2,2,0
37.1,7,balanced,gnb_2,4,37.196,7464.000000,1866.000000,1847.570904,6.636238,2,2,0
37.2,7,balanced,gnb_2,4,37.298,7464.000000,1866.000000,1854.021087,6.660638,2,2,0
37.3,7,balanced,gnb_2,4,37.394,7464.000000,1866.000000,1858.213707,6.685038,2,2,0
37.4,7,balanced,gnb_2,4,37.496,8088.000000,2022.000000,1915.538909,6.719838,2,2,0
37.5,7,balanced,gnb_2,4,37.598,8088.000000,2022.000000,1952.800291,6.754638,2,2,0
37.6,7,balanced,gnb_2,4,37.694,8088.000000,2022.000000,1977.020189,6.789438,2,2,0
37.7,7,balanced,gnb_2,4,37.796,8088.000000,2022.000000,1992.763123,6.824238,2,2,0
37.8,7,balanced,gnb_2,4,37.898,8088.000000,2022.000000,2002.996030,6.859038,2,2,0
37.9,7,balanced,gnb_2,4,37.994,8088.000000,2022.000000,2009.647419,6.893838,2,2,0
38.0,7,balanced,gnb_2,3,38.096,8120.000000,2706.666667,2253.604156,6.974283,2,2,0
38.1,7,balanced,gnb_2,3,38.198,8120.000000,2706.666667,2412.176035,7.054727,2,2,0
38.2,7,balanced,gnb_2,3,38.294,8120.000000,2706.666667,2515.247756,7.135172,2,2,0
38.3,7,balanced,gnb_2,3,38.396,8120.000000,2706.666667,2582.244375,7.215616,2,2,0
38.4,7,balanced,gnb_2,3,38.498,8120.000000,2706.666667,2625.792177,7.296061,2,2,0
38.5,7,balanced,gnb_2,3,38.594,8120.000000,2706.666667,2654.098248,7.376505,2,2,0
38.6,7,balanced,gnb_2,3,38.696,7464.000000,2488.000000,2595.963861,7.442372,2,2,0
38.7,7,balanced,gnb_2,3,38.798,7464.000000,2488.000000,2558.176510,7.508238,2,2,0
38.8,7,balanced,gnb_2,3,38.894,7464.000000,2488.000000,2533.614731,7.574105,2,2,0
38.9,7,balanced,gnb_2,3,38.996,7464.000000,2488.000000,2517.649575,7.639972,2,2,0
39.0,7,balanced,gnb_2,3,39.098,7464.000000,2488.000000,2507.272224,7.705838,2,2,0
39.1,7,balanced,gnb_2,3,39.194,7464.000000,2488.000000,2500.526946,7.771705,2,2,0
39.2,7,balanced,gnb_2,3,39.296,7896.000000,2632.000000,2546.542515,7.847172,2,2,0
39.3,7,balanced,gnb_2,3,39.398,7896.000000,2632.000000,2576.452635,7.922638,2,2,0
39.4,7,balanced,gnb_2,3,39.494,7896.000000,2632.000000,2595.894212,7.998105,2,2,0
39.5,7,balanced,gnb_2,3,39.596,7896.000000,2632.000000,2608.531238,8.073572,2,2,0
39.6,7,balanced,gnb_2,3,39.698,7896.000000,2632.000000,2616.745305,8.149038,2,2,0
39.7,7,balanced,gnb_2,3,39.794,7896.000000,2632.000000,2622.084448,8.224505,2,2,0
39.8,7,balanced,gnb_2,3,39.896,8120.000000,2706.666667,2651.688225,8.304949,2,2,0
39.9,7,balanced,gnb_2,3,39.998,8120.000000,2706.666667,2670.930679,8.385394,2,2,0
40.0,7,balanced,gnb_2,3,40.094,8120.000000,2706.666667,2683.438275,8.465838,2,2,0
40.1,7,balanced,gnb_2,3,40.196,8120.000000,2706.666667,2691.568212,8.546283,2,2,0
40.2,7,balanced,gnb_2,3,40.298,8120.000000,2706.666667,2696.852671,8.626727,2,2,0
40.3,7,balanced,gnb_2,3,40.394,8120.000000,2706.666667,2700.287570,8.707172,2,2,0
40.4,7,balanced,gnb_2,3,40.496,8120.000000,2706.666667,2702.520254,8.787616,2,2,0
40.5,7,balanced,gnb_2,3,40.598,8120.000000,2706.666667,2703.971498,8.868061,2,2,0
40.6,7,balanced,gnb_2,3,40.694,8120.000000,2706.666667,2704.914807,8.948505,2,2,0
40.7,7,balanced,gnb_2,3,40.796,8120.000000,2706.666667,2705.527958,9.028949,2,2,0
40.8,7,balanced,gnb_2,3,40.898,8120.000000,2706.666667,2705.926506,9.109394,2,2,0
40.9,7,balanced,gnb_2,3,40.994,8120.000000,2706.666667,2706.185562,9.189838,2,2,0
41.0,7,balanced,gnb_2,3,41.096,8120.000000,2706.666667,2706.353949,9.270283,2,2,0
41.1,7,balanced,gnb_2,3,41.198,8120.000000,2706.666667,2706.463400,9.350727,2,2,0
41.2,7,balanced,gnb_2,3,41.294,8120.000000,2706.666667,2706.534543,9.431172,2,2,0
41.3,7,balanced,gnb_2,3,41.396,8120.000000,2706.666667,2706.580787,9.511616,2,2,0
41.4,7,balanced,gnb_2,3,41.498,8120.000000,2706.666667,2706.610845,9.592061,2,2,0
41.5,7,balanced,gnb_2,3,41.594,8120.000000,2706.666667,2706.630382,9.672505,2,2,0
41.6,7,balanced,gnb_2,3,41.696,8120.000000,2706.666667,2706.643082,9.752949,2,2,0
41.7,7,balanced,gnb_2,3,41.798,8120.000000,2706.666667,2706.651337,9.833394,2,2,0
41.8,7,balanced,gnb_2,3,41.894,8120.000000,2706.666667,2706.656702,9.913838,2,2,0
41.9,7,balanced,gnb_2,3,41.996,8120.000000,2706.666667,2706.660190,9.994283,2,2,0
42.0,7,balanced,gnb_2,2,42.098,8120.000000,4060.000000,3180.329123,10.164949,2,3,0
42.1,7,balanced,gnb_2,2,42.194,8120.000000,4060.000000,3488.213930,10.200283,3,3,0
42.2,7,balanced,gnb_2,2,42.296,8024.000000,4012.000000,3671.539055,10.234016,3,3,0
42.3,7,balanced,gnb_2,2,42.398,8024.000000,4012.000000,3790.700385,10.267749,3,3,0
42.4,7,balanced,gnb_2,2,42.494,8024.000000,4012.000000,3868.155251,10.301483,3,3,0
42.5,7,balanced,gnb_2,2,42.596,8024.000000,4012.000000,3918.500913,10.335216,3,3,0
42.6,7,balanced,gnb_2,2,42.698,8024.000000,4012.000000,3951.225593,10.368949,3,3,0
42.7,7,balanced,gnb_2,2,42.794,8024.000000,4012.000000,3972.496636,10.402683,3,3,0
42.8,7,balanced,gnb_2,2,42.896,8024.000000,4012.000000,3986.322813,10.436416,3,3,0
42.9,7,balanced,gnb_2,2,42.998,8024.000000,4012.000000,3995.309829,10.470149,3,3,0
43.0,7,balanced,gnb_2,3,43.094,8024.000000,2674.666667,3533.084722,10.459305,3,2,0
43.1,7,balanced,gnb_2,3,43.196,8024.000000,2674.666667,3232.638403,10.537616,2,2,0
43.2,7,balanced,gnb_2,3,43.298,8024.000000,2674.666667,3037.348295,10.615927,2,2,0
43.3,7,balanced,gnb_2,3,43.394,8024.000000,2674.666667,2910.409725,10.694238,2,2,0
43.4,7,balanced,gnb_2,3,43.496,8120.000000,2706.666667,2839.099655,10.774683,2,2,0
43.5,7,balanced,gnb_2,3,43.598,8120.000000,2706.666667,2792.748109,10.855127,2,2,0
43.6,7,balanced,gnb_2,3,43.694,8120.000000,2706.666667,2762.619604,10.935572,2,2,0
43.7,7,balanced,gnb_2,3,43.796,8120.000000,2706.666667,2743.036076,11.016016,2,2,0
43.8,7,balanced,gnb_2,3,43.898,8120.000000,2706.666667,2730.306783,11.096461,2,2,0
43.9,7,balanced,gnb_2,3,43.994,8120.000000,2706.666667,2722.032742,11.176905,2,2,0
44.0,7,balanced,gnb_2,2,44.096,7176.000000,3588.000000,3025.121282,11.316105,2,2,0
44.1,7,balanced,gnb_2,2,44.198,7176.000000,3588.000000,3222.128834,11.455305,2,3,0
44.2,7,balanced,gnb_2,2,44.294,7176.000000,3588.000000,3350.183742,11.474905,3,3,0
44.3,7,balanced,gnb_2,2,44.396,7176.000000,3588.000000,3433.419432,11.494505,3,3,0
44.4,7,balanced,gnb_2,2,44.498,7176.000000,3588.000000,3487.522631,11.514105,3,3,0
44.5,7,balanced,gnb_2,2,44.594,7176.000000,3588.000000,3522.689710,11.533705,3,3,0
44.6,7,balanced,gnb_2,2,44.696,5448.000000,2724.000000,3243.148312,11.524505,3,2,0
44.7,7,balanced,gnb_2,2,44.798,5448.000000,2724.000000,3061.446403,11.606105,2,2,0
44.8,7,balanced,gnb_2,2,44.894,5448.000000,2724.000000,2943.340162,11.687705,2,2,0
44.9,7,balanced,gnb_2,2,44.996,5448.000000,2724.000000,2866.571105,11.769305,2,2,0
45.0,7,balanced,gnb_2,1,45.098,5552.000000,5552.000000,3806.471218,12.000000,2,3,0
45.1,7,balanced,gnb_2,1,45.194,5552.000000,5552.000000,4417.406292,12.000000,3,3,0
45.2,7,balanced,gnb_2,1,45.296,7896.000000,7896.000000,5634.914090,12.000000,3,3,0
45.3,7,balanced,gnb_2,1,45.398,7896.000000,7896.000000,6426.294158,12.000000,3,4,0
45.4,7,balanced,gnb_2,1,45.494,7896.000000,7896.000000,6940.691203,12.000000,4,4,0
45.5,7,balanced,gnb_2,1,45.596,7896.000000,7896.000000,7275.049282,12.000000,4,4,0
45.6,7,balanced,gnb_2,1,45.698,7896.000000,7896.000000,7492.382033,12.000000,4,4,0
45.7,7,balanced,gnb_2,1,45.794,7896.000000,7896.000000,7633.648322,12.000000,4,4,0
45.8,7,balanced,gnb_2,1,45.896,7896.000000,7896.000000,7725.471409,12.000000,4,4,0
45.9,7,balanced,gnb_2,1,45.998,7896.000000,7896.000000,7785.156416,12.000000,4,5,0
46.0,7,balanced,gnb_2,2,46.094,7896.000000,3948.000000,6442.151670,11.952640,5,3,0
46.1,7,balanced,gnb_2,2,46.196,7896.000000,3948.000000,5569.198586,11.984240,3,3,0
46.2,7,balanced,gnb_2,2,46.298,7896.000000,3948.000000,5001.779081,12.000000,3,3,0
46.3,7,balanced,gnb_2,2,46.394,7896.000000,3948.000000,4632.956402,12.000000,3,3,0
46.4,7,balanced,gnb_2,2,46.496,8120.000000,4060.000000,4432.421662,12.000000,3,3,0
46.5,7,balanced,gnb_2,2,46.598,8120.000000,4060.000000,4302.074080,12.000000,3,3,0
46.6,7,balanced,gnb_2,2,46.694,8120.000000,4060.000000,4217.348152,12.000000,3,3,0
46.7,7,balanced,gnb_2,2,46.796,8120.000000,4060.000000,4162.276299,12.000000,3,3,0
46.8,7,balanced,gnb_2,2,46.898,8120.000000,4060.000000,4126.479594,12.000000,3,3,0
46.9,7,balanced,gnb_2,2,46.994,8120.000000,4060.000000,4103.211736,12.000000,3,3,0
47.0,7,balanced,gnb_1,5,47.096,8120.000000,1624.000000,3235.487629,11.954133,3,2,0
47.1,7,balanced,gnb_1,5,47.198,8120.000000,1624.000000,2671.466959,11.962400,2,2,0
47.2,7,balanced,gnb_1,5,47.294,8120.000000,1624.000000,2304.853523,11.970667,2,2,0
47.3,7,balanced,gnb_1,5,47.396,8120.000000,1624.000000,2066.554790,11.978933,2,2,0
47.4,7,balanced,gnb_1,5,47.498,8120.000000,1624.000000,1911.660613,11.987200,2,2,0
47.5,7,balanced,gnb_1,5,47.594,8120.000000,1624.000000,1810.979399,11.995467,2,2,0
47.6,7,balanced,gnb_1,5,47.696,7928.000000,1585.600000,1732.096609,12.000000,2,2,0
47.7,7,balanced,gnb_1,5,47.798,7928.000000,1585.600000,1680.822796,12.000000,2,2,0
47.8,7,balanced,gnb_1,5,47.894,7960.000000,1592.000000,1649.734817,12.000000,2,2,0
47.9,7,balanced,gnb_1,5,47.996,7960.000000,1592.000000,1629.527631,12.000000,2,2,0
48.0,7,balanced,gnb_1,5,48.098,7960.000000,1592.000000,1616.392960,12.000000,2,2,0
48.1,7,balanced,gnb_1,5,48.194,7960.000000,1592.000000,1607.855424,12.000000,2,2,0
48.2,7,balanced,gnb_1,5,48.296,8120.000000,1624.000000,1613.506026,12.000000,2,2,0
48.3,7,balanced,gnb_1,5,48.398,8120.000000,1624.000000,1617.178917,12.000000,2,2,0
48.4,7,balanced,gnb_1,5,48.494,8120.000000,1624.000000,1619.566296,12.000000,2,2,0
48.5,7,balanced,gnb_1,5,48.596,8120.000000,1624.000000,1621.118092,12.000000,2,2,0
48.6,7,balanced,gnb_1,5,48.698,8120.000000,1624.000000,1622.126760,12.000000,2,2,0
48.7,7,balanced,gnb_1,5,48.794,8120.000000,1624.000000,1622.782394,12.000000,2,2,0
48.8,7,balanced,gnb_1,5,48.896,8120.000000,1624.000000,1623.208556,12.000000,2,2,0
48.9,7,balanced,gnb_1,5,48.998,8120.000000,1624.000000,1623.485561,12.000000,2,2,0
49.0,7,balanced,gnb_2,1,49.094,8120.000000,8120.000000,3897.265615,12.000000,2,3,0
49.1,7,balanced,gnb_2,1,49.196,8120.000000,8120.000000,5375.222650,12.000000,3,3,0
49.2,7,balanced,gnb_2,1,49.298,8120.000000,8120.000000,6335.894722,12.000000,3,4,0
49.3,7,balanced,gnb_2,1,49.394,8120.000000,8120.000000,6960.331570,12.000000,4,4,0
49.4,7,balanced,gnb_2,1,49.496,8120.000000,8120.000000,7366.215520,12.000000,4,4,0
49.5,7,balanced,gnb_2,1,49.598,8120.000000,8120.000000,7630.040088,12.000000,4,4,0
49.6,7,balanced,gnb_2,1,49.694,8120.000000,8120.000000,7801.526057,12.000000,4,5,0
49.7,7,balanced,gnb_2,1,49.796,8120.000000,8120.000000,7912.991937,12.000000,5,5,0
49.8,7,balanced,gnb_2,1,49.898,8120.000000,8120.000000,7985.444759,12.000000,5,5,0
49.9,7,balanced,gnb_2,1,49.994,8120.000000,8120.000000,8032.539093,12.000000,5,5,0
50,7,balanced,gnb_2,1,50,8120.000000,8120.000000,8063.150411,12.000000,5,5,0
