timestamp_s,sumo_vehicle_id,ue_module_path,x_m,y_m,speed_mps
0.2,0,Highway.car[0],226.65,416.134329244136,0.156707558642142
0.3,0,Highway.car[0],226.65,416.103310410344,0.310188337914881
0.4,0,Highway.car[0],226.65,416.05632227748,0.469881328638984
0.5,0,Highway.car[0],226.65,415.993564450441,0.627578270394723
0.6,0,Highway.car[0],226.65,415.915221619346,0.78342831094982
0.7,0,Highway.car[0],226.65,415.821871002083,0.933506172625551
0.8,0,Highway.car[0],226.65,415.714211004877,1.0765999720642
0.9,0,Highway.car[0],226.65,415.593110289617,1.21100715260219
1,0,Highway.car[0],226.65,415.456346446103,1.36763843514024
1.1,0,Highway.car[0],226.65,415.306008543452,1.50337902650724
1.2,0,Highway.car[0],226.65,415.142151166036,1.6385737741601
1.3,0,Highway.car[0],226.65,414.964187132437,1.77964033599499
1.4,0,Highway.car[0],226.65,414.770438659716,1.93748472720872
1.5,0,Highway.car[0],226.65,414.564033883822,2.06404775893803
1.6,0,Highway.car[0],226.65,414.345471724161,2.1856215966076
1.7,0,Highway.car[0],226.65,414.111039426782,2.34432297379266
1.8,0,Highway.car[0],226.65,413.864528846898,2.46510579883608
1.9,0,Highway.car[0],226.65,413.60230470283,2.62224144068103
2,0,Highway.car[0],226.65,413.326165069358,2.76139633472565
2.1,0,Highway.car[0],226.65,413.034894964898,2.91270104459043
2.2,0,Highway.car[0],226.65,412.730171073814,3.0472389108457
2.3,0,Highway.car[0],226.65,412.412225693792,3.17945380022305
2.4,0,Highway.car[0],226.65,412.081339341571,3.30886352221038
2.5,0,Highway.car[0],226.65,411.734728638405,3.46610703165199
2.6,0,Highway.car[0],226.65,411.375177756419,3.59550881986062
2.7,0,Highway.car[0],226.65,411.002287034898,3.72890721520896
2.8,0,Highway.car[0],226.65,410.61506705569,3.8721997920845
2.9,0,Highway.car[0],226.65,410.213874553445,4.01192502244863
3,0,Highway.car[0],226.65,409.799757272423,4.14117281022038
3,1,Highway.car[1],226.65,416.136171190872,0.138288091282244
3.1,0,Highway.car[0],226.65,409.37133279841,4.28424474012594
3.1,1,Highway.car[1],226.65,416.108638707048,0.275324838235466
3.2,0,Highway.car[0],226.65,408.930612738705,4.40720059705454
3.2,1,Highway.car[1],226.65,416.06737931678,0.412593902686169
3.3,0,Highway.car[0],226.65,408.476620384949,4.53992353756468
3.3,1,Highway.car[1],226.65,416.012759000929,0.54620315850894
3.4,0,Highway.car[0],226.65,408.008101853568,4.68518531380709
3.4,1,Highway.car[1],226.65,415.94471594695,0.68043053978397
3.5,0,Highway.car[0],226.65,407.527018961605,4.81082891962979
3.5,1,Highway.car[1],226.65,415.86337490287,0.813410440807198
3.6,0,Highway.car[0],226.65,407.03145805237,4.95560909234475
3.6,1,Highway.car[1],226.65,415.769657482607,0.937174202621441
3.7,0,Highway.car[0],226.65,406.520276960177,5.11181092193838
3.7,1,Highway.car[1],226.65,415.663454489288,1.06202993319551
3.8,0,Highway.car[0],226.65,405.994395430835,5.25881529341939
3.8,1,Highway.car[1],226.65,415.544551590601,1.18902898687093
3.9,0,Highway.car[0],226.65,405.454174350241,5.40221080593321
3.9,1,Highway.car[1],226.65,415.413273955681,1.31277634919758
4,0,Highway.car[0],226.65,404.900922365414,5.53251984826777
4,1,Highway.car[1],226.65,415.271385322671,1.41888633010464
4.1,0,Highway.car[0],226.65,404.334302016074,5.66620349340629
4.1,1,Highway.car[1],226.65,415.117031543768,1.54353778903044
4.2,0,Highway.car[0],226.65,403.752486934054,5.81815082019683
4.2,1,Highway.car[1],226.65,414.951166227693,1.65865316074595
4.3,0,Highway.car[0],226.65,403.157905803679,5.94581130374711
4.3,1,Highway.car[1],226.65,414.774209352168,1.76956875524504
4.4,0,Highway.car[0],226.65,402.550470283064,6.07435520614985
4.4,1,Highway.car[1],226.65,414.585272043026,1.8893730914199
4.5,0,Highway.car[0],226.65,401.928614520988,6.21855762076121
4.5,1,Highway.car[1],226.65,414.385472948416,1.99799094610519
4.6,0,Highway.car[0],226.65,401.292801223844,6.35813297144625
4.6,1,Highway.car[1],226.65,414.174964363155,2.10508585261085
4.7,0,Highway.car[0],226.65,400.644172564842,6.48628659002039
4.7,1,Highway.car[1],226.65,413.953206509942,2.21757853212904
4.8,0,Highway.car[0],226.65,399.981325415831,6.62847149010304
4.8,1,Highway.car[1],226.65,413.719551537417,2.33654972525218
4.9,0,Highway.car[0],226.65,399.305450534477,6.75874881354648
4.9,1,Highway.car[1],226.65,413.473578876316,2.45972661101164
5,0,Highway.car[0],226.65,398.61389064941,6.9155988506649
5,1,Highway.car[1],226.65,413.216067954851,2.57510921464323
5.1,0,Highway.car[0],226.65,397.908281345379,7.05609304030914
5.1,1,Highway.car[1],226.65,412.946660437252,2.69407517598846
5.2,0,Highway.car[0],226.65,397.188409595914,7.1987174946491
5.2,1,Highway.car[1],226.65,412.666696395373,2.79964041879422
5.3,0,Highway.car[0],226.65,396.453522078229,7.34887517685558
5.3,1,Highway.car[1],226.65,412.374218335432,2.92478059940643
5.4,0,Highway.car[0],226.65,395.70608112342,7.47440954808634
5.4,1,Highway.car[1],226.65,412.069696471194,3.04521864237983
5.5,0,Highway.car[0],226.65,394.94272025886,7.63360864560608
5.5,1,Highway.car[1],226.65,411.752552072744,3.17144398450523
5.6,0,Highway.car[0],226.65,394.165162701126,7.77557557733286
5.6,1,Highway.car[1],226.65,411.423911197996,3.28640874747441
5.7,0,Highway.car[0],226.65,393.371794834878,7.9336786624838
5.7,1,Highway.car[1],226.65,411.082844798424,3.41066399572322
5.8,0,Highway.car[0],226.65,392.564417878606,8.07376956271495
5.8,1,Highway.car[1],226.65,410.730228817655,3.5261598076883
5.9,0,Highway.car[0],226.65,391.744476018353,8.19941860253479
5.9,1,Highway.car[1],226.65,410.366061168759,3.64167648896363
6,0,Highway.car[0],226.65,390.909873420723,8.34602597630139
6,1,Highway.car[1],226.65,409.99035358134,3.75707587419215
6.1,0,Highway.car[0],226.65,390.06287718321,8.46996237513166
6.1,1,Highway.car[1],226.65,409.602635606805,3.87717974534512
6.1,2,Highway.car[2],226.65,416.13804423952,0.119557604800165
6.2,0,Highway.car[0],226.65,389.201054418837,8.61822764372941
6.2,1,Highway.car[1],226.65,409.201468650382,4.01166956422988
6.2,2,Highway.car[2],226.65,416.114680600438,0.23363639082248
6.3,0,Highway.car[0],226.65,388.326381195629,8.74673223207261
6.3,1,Highway.car[1],226.65,408.789466071033,4.1200257934958
6.3,2,Highway.car[2],226.65,416.080022401302,0.346581991357288
6.4,0,Highway.car[0],226.65,387.438109099209,8.88272096420195
6.4,1,Highway.car[1],226.65,408.365984206277,4.23481864755878
6.4,2,Highway.car[2],226.65,416.034365635014,0.456567662879355
6.5,0,Highway.car[0],226.65,386.535994024101,9.02115075108152
6.5,1,Highway.car[1],226.65,407.929607405352,4.36376800925026
6.5,2,Highway.car[2],226.65,415.977525197659,0.568404373555431
6.6,0,Highway.car[0],226.65,385.618060837484,9.17933186617237
6.6,1,Highway.car[1],226.65,407.482383010687,4.47224394664771
6.6,2,Highway.car[2],226.65,415.909487442852,0.680377548061603
6.7,0,Highway.car[0],226.65,384.685625700913,9.32435136571083
6.7,1,Highway.car[1],226.65,407.022217608299,4.60165402387988
6.7,2,Highway.car[2],226.65,415.830716973314,0.787704695380688
6.8,0,Highway.car[0],226.65,383.739210511328,9.46415189585205
6.8,1,Highway.car[1],226.65,406.550482932901,4.71734675397768
6.8,2,Highway.car[2],226.65,415.741424150664,0.892928226498244
6.9,0,Highway.car[0],226.65,382.778497594809,9.6071291651905
6.9,1,Highway.car[1],226.65,406.065931579336,4.84551353564856
6.9,2,Highway.car[2],226.65,415.642071825061,0.99352325603516
7,0,Highway.car[0],226.65,381.802056766978,9.76440827830251
7,1,Highway.car[1],226.65,405.569460362151,4.96471217185512
7,2,Highway.car[2],226.65,415.533600552029,1.08471273032055
7.1,0,Highway.car[0],226.65,380.811433063045,9.90623703933809
7.1,1,Highway.car[1],226.65,405.06206234398,5.07398018170402
7.1,2,Highway.car[2],226.65,415.416426074121,1.17174477907774
7.2,0,Highway.car[0],226.65,379.804829423957,10.066036390872
7.2,1,Highway.car[1],226.65,404.543268561722,5.18793782258194
7.2,2,Highway.car[2],226.65,415.288335632744,1.28090441377499
7.3,0,Highway.car[0],226.65,378.785943728075,10.1888569588263
7.3,1,Highway.car[1],226.65,404.012334062802,5.30934498920592
7.3,2,Highway.car[2],226.65,415.151453432113,1.36882200631072
7.4,0,Highway.car[0],226.65,377.754904438265,10.3103928980932
7.4,1,Highway.car[1],226.65,403.468520730106,5.43813332695185
7.4,2,Highway.car[2],226.65,415.003067538456,1.48385893657004
7.5,0,Highway.car[0],226.65,376.710625253838,10.442791844276
7.5,1,Highway.car[1],226.65,402.913390343769,5.55130386337076
7.5,2,Highway.car[2],226.65,414.842893569861,1.60173968594466
7.6,0,Highway.car[0],226.65,375.653261667424,10.5736358641416
7.6,1,Highway.car[1],226.65,402.344966200948,5.68424142821829
7.6,2,Highway.car[2],226.65,414.67322915654,1.69664413321057
7.7,0,Highway.car[0],226.65,374.582790328081,10.7047133934267
7.7,1,Highway.car[1],226.65,401.76437616644,5.80590034507701
7.7,2,Highway.car[2],226.65,414.494271978935,1.78957177605425
7.8,0,Highway.car[0],226.65,373.497874735957,10.8491559212424
7.8,1,Highway.car[1],226.65,401.170819965878,5.93556200561833
7.8,2,Highway.car[2],226.65,414.306264056954,1.88007921981105
7.9,0,Highway.car[0],226.65,372.40079293154,10.9708180441663
7.9,1,Highway.car[1],226.65,400.56352802748,6.07291938398403
7.9,2,Highway.car[2],226.65,414.106271842758,1.99992214195655
8,0,Highway.car[0],226.65,371.290348855476,11.1044407606453
8,1,Highway.car[1],226.65,399.943460186573,6.20067840907045
8,2,Highway.car[2],226.65,413.895892679021,2.10379163736516
8.1,0,Highway.car[0],226.65,370.164694708896,11.2565414657958
8.1,1,Highway.car[1],226.65,399.309460537174,6.33999649398864
8.1,2,Highway.car[2],226.65,413.675088833911,2.20803845110201
8.2,0,Highway.car[0],226.65,369.026140772388,11.3855393650804
8.2,1,Highway.car[1],226.65,398.664714542603,6.44745994570569
8.2,2,Highway.car[2],226.65,413.445267120805,2.29821713106
8.3,0,Highway.car[0],226.65,367.872707817803,11.5343295458474
8.3,1,Highway.car[1],226.65,398.008637491419,6.56077051184277
8.3,2,Highway.car[2],226.65,413.204985789728,2.40281331076884
8.4,0,Highway.car[0],226.65,366.706479698292,11.6622811951071
8.4,1,Highway.car[1],226.65,397.340188517618,6.68448973801007
8.4,2,Highway.car[2],226.65,412.953831796153,2.51153993575313
8.5,0,Highway.car[0],226.65,365.52767207405,11.7880762424276
8.5,1,Highway.car[1],226.65,396.659681695298,6.80506822319954
8.5,2,Highway.car[2],226.65,412.6942215952,2.59610200952498
8.6,0,Highway.car[0],226.65,364.334458447194,11.9321362685554
8.6,1,Highway.car[1],226.65,395.966846919449,6.92834775849033
8.6,2,Highway.car[2],226.65,412.423956385998,2.70265209202507
8.7,0,Highway.car[0],226.65,363.127391637798,12.0706680939582
8.7,1,Highway.car[1],226.65,395.260919026637,7.05927892812199
8.7,2,Highway.car[2],226.65,412.144507113282,2.79449272716084
8.8,0,Highway.car[0],226.65,361.907825454669,12.1956618312888
8.8,1,Highway.car[1],226.65,394.543843022267,7.17076004369321
8.8,2,Highway.car[2],226.65,411.85316102056,2.91346092721858
8.9,0,Highway.car[0],226.65,360.672841892087,12.3498356258266
8.9,1,Highway.car[1],226.65,393.813725723622,7.30117298645453
8.9,2,Highway.car[2],226.65,411.551050554626,3.02110465933887
9,0,Highway.car[0],226.65,359.423792252782,12.4904963930466
9,1,Highway.car[1],226.65,393.07204309463,7.4168262899215
9,2,Highway.car[2],226.65,411.240325149833,3.1072540479269
9.1,0,Highway.car[0],226.65,358.159495490985,12.642967617973
9.1,1,Highway.car[1],226.65,392.317821721625,7.54221373005092
9.1,2,Highway.car[2],226.65,410.919239273928,3.21085875905623
9.2,0,Highway.car[0],226.65,356.880707849605,12.7878764137954
9.2,1,Highway.car[1],226.65,391.552996829387,7.64824892238035
9.2,2,Highway.car[2],226.65,410.589330417872,3.29908856056203
9.3,0,Highway.car[0],226.65,355.589897591379,12.9081025822603
9.3,1,Highway.car[1],226.65,390.776663397835,7.76333431551602
9.3,2,Highway.car[2],226.65,410.250123391977,3.39207025894468
9.4,0,Highway.car[0],226.65,354.284787747283,13.0510984409649
9.4,1,Highway.car[1],226.65,389.98812297742,7.88540420415133
9.4,2,Highway.car[2],226.65,409.900371967168,3.49751424809304
9.5,0,Highway.car[0],226.65,352.965736992532,13.1905075475064
9.5,1,Highway.car[1],226.65,389.18799502894,8.00127948480096
9.5,2,Highway.car[2],226.65,409.538869562038,3.61502405129691
9.6,0,Highway.car[0],226.65,351.632609927442,13.3312706509002
9.6,1,Highway.car[1],226.65,388.377266218733,8.10728810206774
9.6,2,Highway.car[2],226.65,409.166849342067,3.72020219971092
9.6,3,Highway.car[3],226.65,416.140334187142,0.0966581285825232
9.7,0,Highway.car[0],226.65,350.286505676548,13.4610425089442
9.7,1,Highway.car[1],226.65,387.555267465597,8.21998753136277
9.7,2,Highway.car[2],226.65,408.78423066134,3.82618680727241
9.7,3,Highway.car[3],226.65,416.12125239607,0.190817910712636
9.8,0,Highway.car[0],226.65,348.924674263219,13.6183141332914
9.8,1,Highway.car[1],226.65,386.720666492421,8.34600973175393
9.8,2,Highway.car[2],226.65,408.391172614391,3.93058046948855
9.8,3,Highway.car[3],226.65,416.09298176406,0.282706320108418
9.9,0,Highway.car[0],226.65,347.548706213745,13.7596804947362
9.9,1,Highway.car[1],226.65,385.872127366753,8.48539125668022
9.9,2,Highway.car[2],226.65,407.98639343468,4.04779179711027
9.9,3,Highway.car[3],226.65,416.054935418295,0.380463457641869
10,0,Highway.car[0],226.65,346.158256296435,13.9044991731041
10,1,Highway.car[1],226.65,385.01029024494,8.6183712181288
10,2,Highway.car[2],226.65,407.570706988283,4.15686446397138
10,3,Highway.car[3],226.65,416.007293937316,0.476414809794474
10.1,0,Highway.car[0],226.65,344.752975086872,14.0528120956246
10.1,1,Highway.car[1],226.65,384.134722868068,8.75567376872778
10.1,2,Highway.car[2],226.65,407.144019535455,4.26687452828271
10.1,3,Highway.car[3],226.65,415.951128896438,0.561650408782757
10.2,0,Highway.car[0],226.65,343.331826768243,14.2114831862927
10.2,1,Highway.car[1],226.65,383.245516536963,8.89206331104526
10.2,2,Highway.car[2],226.65,406.707902032924,4.36117502530237
10.2,3,Highway.car[3],226.65,415.885924129892,0.652047665458613
10.3,0,Highway.car[0],226.65,341.895987599129,14.3583916911345
10.3,1,Highway.car[1],226.65,382.343084355315,9.02432181648232
10.3,2,Highway.car[2],226.65,406.261158817277,4.46743215647285
10.3,3,Highway.car[3],226.65,415.81319339596,0.727307339322586
10.4,0,Highway.car[0],226.65,340.444398935061,14.515886640684
10.4,1,Highway.car[1],226.65,381.428422685242,9.14661670072491
10.4,2,Highway.car[2],226.65,405.803014546551,4.58144270725773
10.4,3,Highway.car[3],226.65,415.732225504438,0.809678915213062
10.5,0,Highway.car[0],226.65,338.978514716623,14.6588421843809
10.5,1,Highway.car[1],226.65,380.501803717111,9.26618968131623
10.5,2,Highway.car[2],226.65,405.334280279533,4.68734267017843
10.5,3,Highway.car[3],226.65,415.642829836901,0.893956675374658
10.6,0,Highway.car[0],226.65,337.498423437767,14.8009127885618
10.6,1,Highway.car[1],226.65,379.56176859739,9.40035119721221
10.6,2,Highway.car[2],226.65,404.854594790318,4.79685489215554
10.6,3,Highway.car[3],226.65,415.546213145209,0.966166916919399
10.7,0,Highway.car[0],226.65,336.003798469447,14.9462496831969
10.7,1,Highway.car[1],226.65,378.610559657732,9.512089396578
10.7,2,Highway.car[2],226.65,404.364776723792,4.8981806652587
10.7,3,Highway.car[3],226.65,415.4418915056,1.04321639609313
10.8,0,Highway.car[0],226.65,334.495944287954,15.0785418149319
10.8,1,Highway.car[1],226.65,377.645800282587,9.64759375144981
10.8,2,Highway.car[2],226.65,403.863795982034,5.00980741757566
10.8,3,Highway.car[3],226.65,415.32958395081,1.12307554789259
10.9,0,Highway.car[0],226.65,332.974775941282,15.2116834667188
10.9,1,Highway.car[1],226.65,376.668027231124,9.77773051462972
10.9,2,Highway.car[2],226.65,403.351975868037,5.11820113997852
10.9,3,Highway.car[3],226.65,415.208187443507,1.21396507303369
11,0,Highway.car[0],226.65,331.441430317366,15.3334562391557
11,1,Highway.car[1],226.65,375.678395781051,9.89631450072534
11,2,Highway.car[2],226.65,402.82951469881,5.22461169226413
11,3,Highway.car[3],226.65,415.07897660839,1.29210835116705
11.1,0,Highway.car[0],226.65,329.894020268783,15.4741004858308
11.1,1,Highway.car[1],226.65,374.676083066669,10.0231271438186
11.1,2,Highway.car[2],226.65,402.297461077849,5.32053620961068
11.1,3,Highway.car[3],226.65,414.941226623642,1.37749984748102
11.2,0,Highway.car[0],226.65,328.344219209618,15.4980105916538
11.2,1,Highway.car[1],226.65,373.661090862354,10.149922043154
11.2,2,Highway.car[2],226.65,401.755940063498,5.41521014350878
11.2,3,Highway.car[3],226.65,414.794101009994,1.47125613648467
11.3,0,Highway.car[0],226.65,326.793276111231,15.5094309838709
11.3,1,Highway.car[1],226.65,372.632222635957,10.2886822639664
11.3,2,Highway.car[2],226.65,401.204084517871,5.51855545626806
11.3,3,Highway.car[3],226.65,414.638545569472,1.55555440521938
11.4,0,Highway.car[0],226.65,325.243375972849,15.4990013838221
11.4,1,Highway.car[1],226.65,371.592242998528,10.3997963742891
11.4,2,Highway.car[2],226.65,400.643500570668,5.60583947203347
11.4,3,Highway.car[3],226.65,414.4742059669,1.64339602571935
11.5,0,Highway.car[0],226.65,323.692734003662,15.506419691866
11.5,1,Highway.car[1],226.65,370.538752950865,10.5349004766335
11.5,2,Highway.car[2],226.65,400.072997613947,5.70502956721318
11.5,3,Highway.car[3],226.65,414.301064958849,1.73141008051251
11.6,0,Highway.car[0],226.65,322.143110546918,15.4962345674389
11.6,1,Highway.car[1],226.65,369.474646033172,10.6410691769295
11.6,2,Highway.car[2],226.65,399.491517706721,5.81479907226135
11.6,3,Highway.car[3],226.65,414.118743961547,1.82320997301628
11.7,0,Highway.car[0],226.65,320.593564322696,15.4954622422193
11.7,1,Highway.car[1],226.65,368.397937763822,10.7670826934979
11.7,2,Highway.car[2],226.65,398.901478417762,5.90039288958201
11.7,3,Highway.car[3],226.65,413.92977085643,1.88973105117119
11.8,0,Highway.car[0],226.65,319.042920804185,15.5064351851155
11.8,1,Highway.car[1],226.65,367.309567278165,10.8837048565773
11.8,2,Highway.car[2],226.65,398.30269015265,5.98788265112174
11.8,3,Highway.car[3],226.65,413.73222750543,1.97543350999732
11.9,0,Highway.car[0],226.65,317.493601555309,15.4931924887595
11.9,1,Highway.car[1],226.65,366.209620440328,10.9994683783608
11.9,2,Highway.car[2],226.65,397.692968372443,6.09721780207512
11.9,3,Highway.car[3],226.65,413.52716163578,2.05065869650361
12,0,Highway.car[0],226.65,315.944351966608,15.4924958870035
12,1,Highway.car[1],226.65,365.096401351196,11.1321908913275
12,2,Highway.car[2],226.65,397.073918371017,6.19050001425894
12,3,Highway.car[3],226.65,413.313018933011,2.14142702768463
12.1,0,Highway.car[0],226.65,314.393737478441,15.506144881671
12.1,1,Highway.car[1],226.65,363.972049068426,11.2435228276953
12.1,2,Highway.car[2],226.65,396.444116447439,6.29801923578085
12.1,3,Highway.car[3],226.65,413.089525557356,2.23493375655752
12.2,0,Highway.car[0],226.65,312.843989382753,15.4974809568875
12.2,1,Highway.car[1],226.65,362.836326223641,11.3572284478545
12.2,2,Highway.car[2],226.65,395.804719936412,6.39396511026697
12.2,3,Highway.car[3],226.65,412.856396258801,2.33129298554756
12.3,0,Highway.car[0],226.65,311.293457564224,15.50531818529
12.3,1,Highway.car[1],226.65,361.689333387897,11.4699283574396
12.3,2,Highway.car[2],226.65,395.155857830169,6.48862106242628
12.3,3,Highway.car[3],226.65,412.614500456078,2.41895802722568
12.4,0,Highway.car[0],226.65,309.745342017986,15.4811554623802
12.4,1,Highway.car[1],226.65,360.531401492512,11.5793189538435
12.4,2,Highway.car[2],226.65,394.496231929369,6.59625900799913
12.4,3,Highway.car[3],226.65,412.364657546641,2.49842909437511
12.5,0,Highway.car[0],226.65,308.197090257907,15.4825176007894
12.5,1,Highway.car[1],226.65,359.359729012374,11.7167248013851
12.5,2,Highway.car[2],226.65,393.826441546061,6.69790383308326
12.5,3,Highway.car[3],226.65,412.106500898435,2.58156648205267
12.6,0,Highway.car[0],226.65,306.647610165554,15.494800923526
12.6,1,Highway.car[1],226.65,358.175875427104,11.8385358527002
12.6,2,Highway.car[2],226.65,393.147558955412,6.78882590648943
12.6,3,Highway.car[3],226.65,411.839112568337,2.67388330098148
12.7,0,Highway.car[0],226.65,305.098246475309,15.4936369024531
12.7,1,Highway.car[1],226.65,356.978243286401,11.976321407034
12.7,2,Highway.car[2],226.65,392.457445959221,6.90112996191198
12.7,3,Highway.car[3],226.65,411.563272402952,2.75840165385301
12.8,0,Highway.car[0],226.65,303.546590053417,15.5165642189176
12.8,1,Highway.car[1],226.65,355.76715789606,12.1108539034021
12.8,2,Highway.car[2],226.65,391.75789621928,6.99549739940876
12.8,3,Highway.car[3],226.65,411.279968161515,2.83304241436789
12.9,0,Highway.car[0],226.65,301.995349619442,15.5124043397453
12.9,1,Highway.car[1],226.65,354.545554837719,12.216030583411
12.9,2,Highway.car[2],226.65,391.048353386555,7.09542832724789
12.9,3,Highway.car[3],226.65,410.988624125751,2.91344035764597
13,0,Highway.car[0],226.65,300.447523066238,15.4782655320444
13,1,Highway.car[1],226.65,353.313201234651,12.3235360306806
13,2,Highway.car[2],226.65,390.328163395468,7.20189991086946
13,3,Highway.car[3],226.65,410.689459137675,2.99164988075522
13.1,0,Highway.car[0],226.65,298.897912798032,15.4961026820575
13.1,1,Highway.car[1],226.65,352.068249969508,12.4495126514349
13.1,2,Highway.car[2],226.65,389.597638509173,7.30524886295052
13.1,3,Highway.car[3],226.65,410.381637834464,3.07821303211292
13.2,0,Highway.car[0],226.65,297.350079739659,15.4783305837341
13.2,1,Highway.car[1],226.65,350.812397976013,12.5585199349515
13.2,2,Highway.car[2],226.65,388.856364008223,7.41274500950372
13.2,3,Highway.car[3],226.65,410.064833738658,3.16804095805878
13.3,0,Highway.car[0],226.65,295.798956980761,15.5112275889736
13.3,1,Highway.car[1],226.65,349.542605897533,12.6979207847922
13.3,2,Highway.car[2],226.65,388.106630141207,7.49733867015915
13.3,3,Highway.car[3],226.65,409.740241902316,3.24591836341912
13.4,0,Highway.car[0],226.65,294.24744854187,15.5150843889114
13.4,1,Highway.car[1],226.65,348.261719826931,12.8088607060248
13.4,2,Highway.car[2],226.65,387.347164419358,7.59465721849298
13.4,3,Highway.car[3],226.65,409.408848791669,3.31393110646656
13.5,0,Highway.car[0],226.65,292.69713838988,15.5031015198991
13.5,1,Highway.car[1],226.65,346.966896916985,12.9482290994541
13.5,2,Highway.car[2],226.65,386.578160926504,7.69003492853922
13.5,3,Highway.car[3],226.65,409.070382956441,3.38465835228352
13.6,0,Highway.car[0],226.65,291.148741754091,15.4839663578884
13.6,1,Highway.car[1],226.65,345.659501065723,13.0739585126252
13.6,2,Highway.car[2],226.65,385.799837001055,7.7832392544862
13.6,3,Highway.car[3],226.65,408.723660031248,3.46722925192816
13.7,0,Highway.car[0],226.65,289.600897622158,15.4784413193387
13.7,1,Highway.car[1],226.65,344.33978174497,13.1971932075303
13.7,2,Highway.car[2],226.65,385.011678756086,7.88158244968803
13.7,3,Highway.car[3],226.65,408.367083624761,3.5657640648717
13.8,0,Highway.car[0],226.65,288.051392968521,15.4950465363671
13.8,1,Highway.car[1],226.65,343.008979346401,13.3080239856839
13.8,2,Highway.car[2],226.65,384.214817573859,7.96861182227118
13.8,3,Highway.car[3],226.65,408.000593690535,3.66489934225706
13.8,4,Highway.car[4],226.65,415.142201405309,0.0779859469048679
13.9,0,Highway.car[0],226.65,286.502303835859,15.4908913266227
13.9,1,Highway.car[1],226.65,341.666776612616,13.4220273378552
13.9,2,Highway.car[2],226.65,383.40613963288,8.08677940979359
13.9,3,Highway.car[3],226.65,407.625450032461,3.75143658074573
13.9,4,Highway.car[4],226.65,415.126691471122,0.155099341879316
14,0,Highway.car[0],226.65,284.953328526889,15.4897530896996
14,1,Highway.car[1],226.65,340.312475459379,13.5430115323702
14,2,Highway.car[2],226.65,382.585674305846,8.20465327034184
14,3,Highway.car[3],226.65,407.240608741143,3.8484129131739
14,4,Highway.car[4],226.65,415.103958201161,0.227332699604831
14.1,0,Highway.car[0],226.65,283.405304281605,15.4802424528391
14.1,1,Highway.car[1],226.65,338.945862605639,13.6661285374002
14.1,2,Highway.car[2],226.65,381.754274823775,8.31399482071066
14.1,3,Highway.car[3],226.65,406.847034124048,3.93574617095431
14.1,4,Highway.car[4],226.65,415.073539806905,0.304183942560664
14.2,0,Highway.car[0],226.65,281.854427807821,15.5087647378386
14.2,1,Highway.car[1],226.65,337.565732815545,13.8012979009401
14.2,2,Highway.car[2],226.65,380.913146424224,8.41128399550301
14.2,3,Highway.car[3],226.65,406.44656496786,4.00469156188215
14.2,4,Highway.car[4],226.65,415.035908465449,0.376313414555936
14.3,0,Highway.car[0],226.65,280.303582964108,15.5084484371298
14.3,1,Highway.car[1],226.65,336.174868255685,13.9086455986022
14.3,2,Highway.car[2],226.65,380.060135741485,8.53010682739263
14.3,3,Highway.car[3],226.65,406.036653148802,4.09911819057678
14.3,4,Highway.car[4],226.65,414.991251649261,0.446568161879501
14.4,0,Highway.car[0],226.65,278.754843928918,15.4873903519043
14.4,1,Highway.car[1],226.65,334.770088215991,14.047800396936
14.4,2,Highway.car[2],226.65,379.196147186713,8.63988554772307
14.4,3,Highway.car[3],226.65,405.617509887218,4.19143261583778
14.4,4,Highway.car[4],226.65,414.940208777333,0.510428719283619
14.5,0,Highway.car[0],226.65,277.206666148706,15.4817778021131
14.5,1,Highway.car[1],226.65,333.353468940777,14.1661927521394
14.5,2,Highway.car[2],226.65,378.320786478289,8.75360708424208
14.5,3,Highway.car[3],226.65,405.191037981324,4.26471905894367
14.5,4,Highway.car[4],226.65,414.883002633631,0.572061437025102
14.6,0,Highway.car[0],226.65,275.658058120433,15.4860802827344
14.6,1,Highway.car[1],226.65,331.924803397125,14.2866554365228
14.6,2,Highway.car[2],226.65,377.434488879505,8.8629759878371
14.6,3,Highway.car[3],226.65,404.756109328947,4.34928652376541
14.6,4,Highway.car[4],226.65,414.819443346416,0.635592872142314
14.7,0,Highway.car[0],226.65,274.108582748203,15.4947537223005
14.7,1,Highway.car[1],226.65,330.484640956798,14.4016244032644
14.7,2,Highway.car[2],226.65,376.538698309463,8.95790570041389
14.7,3,Highway.car[3],226.65,404.311230712543,4.44878616403811
14.7,4,Highway.car[4],226.65,414.748199288072,0.71244058344387
14.8,0,Highway.car[0],226.65,272.557101041412,15.5148170679097
14.8,1,Highway.car[1],226.65,329.032717206227,14.5192375057135
14.8,2,Highway.car[2],226.65,375.632551586442,9.06146723021605
14.8,3,Highway.car[3],226.65,403.85777543612,4.5345527642304
14.8,4,Highway.car[4],226.65,414.669308619285,0.788906687867905
14.9,0,Highway.car[0],226.65,271.006041661191,15.5105938022059
14.9,1,Highway.car[1],226.65,327.578030208576,14.5468699765105
14.9,2,Highway.car[2],226.65,374.717251331333,9.15300255109221
14.9,3,Highway.car[3],226.65,403.397778526753,4.59996909367176
14.9,4,Highway.car[4],226.65,414.582608930591,0.866996886943544
15,0,Highway.car[0],226.65,269.45615765724,15.4988400395156
15,1,Highway.car[1],226.65,326.121167608178,14.5686260039795
15,2,Highway.car[2],226.65,373.793502484105,9.23748847227302
15,3,Highway.car[3],226.65,402.929753811264,4.68024715489265
15,4,Highway.car[4],226.65,414.489397285809,0.932116447818543
15.1,0,Highway.car[0],226.65,267.906980363468,15.4917729377129
15.1,1,Highway.car[1],226.65,324.665628093158,14.5553951502002
15.1,2,Highway.car[2],226.65,372.857843645874,9.3565883823134
15.1,3,Highway.car[3],226.65,402.452400778753,4.77353032510867
15.1,4,Highway.car[4],226.65,414.389075874725,1.00321411084112
15.2,0,Highway.car[0],226.65,266.357770024383,15.4921033908554
15.2,1,Highway.car[1],226.65,323.211849410467,14.5377868269097
15.2,2,Highway.car[2],226.65,371.912189826902,9.45653818971888
15.2,3,Highway.car[3],226.65,401.968173773775,4.84227004978479
15.2,4,Highway.car[4],226.65,414.282442132209,1.06633742516216
15.3,0,Highway.car[0],226.65,264.806144520033,15.516255043497
15.3,1,Highway.car[1],226.65,321.755994112863,14.5585529760427
15.3,2,Highway.car[2],226.65,370.95745664482,9.54733182081897
15.3,3,Highway.car[3],226.65,401.475678323933,4.9249544984186
15.3,4,Highway.car[4],226.65,414.169450010203,1.12992122006145
15.4,0,Highway.car[0],226.65,263.25455335696,15.5159116307308
15.4,1,Highway.car[1],226.65,320.302003200893,14.5399091197019
15.4,2,Highway.car[2],226.65,369.994021811083,9.63434833737314
15.4,3,Highway.car[3],226.65,400.975997174286,4.99681149647128
15.4,4,Highway.car[4],226.65,414.050821600036,1.18628410166975
15.5,0,Highway.car[0],226.65,261.706210637248,15.4834271971171
15.5,1,Highway.car[1],226.65,318.846712941202,14.5529025969065
15.5,2,Highway.car[2],226.65,369.020160446325,9.73861364758145
15.5,3,Highway.car[3],226.65,400.467591247445,5.08405926840286
15.5,4,Highway.car[4],226.65,413.926280039372,1.24541560663756
15.6,0,Highway.car[0],226.65,260.154729958311,15.5148067893681
15.6,1,Highway.car[1],226.65,317.391562170953,14.5515077024947
15.6,2,Highway.car[2],226.65,368.036676667686,9.83483778639175
15.6,3,Highway.car[3],226.65,399.950400308428,5.17190939017012
15.6,4,Highway.car[4],226.65,413.795475257532,1.30804781839725
15.7,0,Highway.car[0],226.65,258.60674563199,15.4798432632104
15.7,1,Highway.car[1],226.65,315.935026554213,14.5653561673912
15.7,2,Highway.car[2],226.65,367.042849328872,9.93827338814027
15.7,3,Highway.car[3],226.65,399.4252148256,5.25185482828551
15.7,4,Highway.car[4],226.65,413.658120831893,1.37354425638643
15.8,0,Highway.car[0],226.65,257.058246574601,15.4849905738921
15.8,1,Highway.car[1],226.65,314.480882291993,14.5414426222017
15.8,2,Highway.car[2],226.65,366.038399233793,10.0445009507811
15.8,3,Highway.car[3],226.65,398.891076759327,5.34138066272623
15.8,4,Highway.car[4],226.65,413.515737333354,1.42383498539504
15.9,0,Highway.car[0],226.65,255.510388616142,15.4785795845964
15.9,1,Highway.car[1],226.65,313.023887178287,14.5699511370661
15.9,2,Highway.car[2],226.65,365.025440280025,10.1295895376815
15.9,3,Highway.car[3],226.65,398.349562382654,5.41514376673637
15.9,4,Highway.car[4],226.65,413.365923934663,1.49813398690995
16,0,Highway.car[0],226.65,253.962470116009,15.4791850013227
16,1,Highway.car[1],226.65,311.569063262856,14.5482391543074
16,2,Highway.car[2],226.65,364.003585343508,10.2185493651763
16,3,Highway.car[3],226.65,397.800267276005,5.49295106648955
16,4,Highway.car[4],226.65,413.209186915623,1.56737019039419
16.1,0,Highway.car[0],226.65,252.41239417454,15.5007594146893
16.1,1,Highway.car[1],226.65,310.114286191168,14.5477707168767
16.1,2,Highway.car[2],226.65,362.970382982533,10.3320236097438
16.1,3,Highway.car[3],226.65,397.241091317659,5.59175958345666
16.1,4,Highway.car[4],226.65,413.047394668151,1.61792247472432
16.2,0,Highway.car[0],226.65,250.860763985592,15.5163018894882
16.2,1,Highway.car[1],226.65,308.657515939645,14.5677025152328
16.2,2,Highway.car[2],226.65,361.927536698108,10.4284628442576
16.2,3,Highway.car[3],226.65,396.673201869747,5.6788944791213
16.2,4,Highway.car[4],226.65,412.878380764759,1.6901390339258
16.3,0,Highway.car[0],226.65,249.312753180248,15.4801080534362
16.3,1,Highway.car[1],226.65,307.203369145889,14.5414679375563
16.3,2,Highway.car[2],226.65,360.873072873974,10.5446382413352
16.3,3,Highway.car[3],226.65,396.096579560127,5.76622309620049
16.3,4,Highway.car[4],226.65,412.70317946512,1.75201299638775
16.4,0,Highway.car[0],226.65,247.762412973316,15.5034020693169
16.4,1,Highway.car[1],226.65,305.747198726667,14.5617041922214
16.4,2,Highway.car[2],226.65,359.808394310908,10.6467856306568
16.4,3,Highway.car[3],226.65,395.513152698506,5.83426861620297
16.4,4,Highway.car[4],226.65,412.522229292273,1.80950172846493
16.5,0,Highway.car[0],226.65,246.214172501954,15.4824047136248
16.5,1,Highway.car[1],226.65,304.292517331979,14.546813946886
16.5,2,Highway.car[2],226.65,358.734251390332,10.7414292057626
16.5,3,Highway.car[3],226.65,394.921315107744,5.91837590762552
16.5,4,Highway.car[4],226.65,412.33557675712,1.86652535152909
16.6,0,Highway.car[0],226.65,244.662534608809,15.5163789314438
16.6,1,Highway.car[1],226.65,302.836708295991,14.5580903598776
16.6,2,Highway.car[2],226.65,357.64898870764,10.8526268269246
16.6,3,Highway.car[3],226.65,394.321666502611,5.99648605132847
16.6,4,Highway.car[4],226.65,412.141029819924,1.9454693719643
16.7,0,Highway.car[0],226.65,243.113534673885,15.4899993492418
16.7,1,Highway.car[1],226.65,301.382865009286,14.5384328670525
16.7,2,Highway.car[2],226.65,356.554033116756,10.9495559088368
16.7,3,Highway.car[3],226.65,393.712209664889,6.09456837722471
16.7,4,Highway.car[4],226.65,411.941156302019,1.99873517904904
16.8,0,Highway.car[0],226.65,241.562246733146,15.5128794073907
16.8,1,Highway.car[1],226.65,299.928260748687,14.5460426059847
16.8,2,Highway.car[2],226.65,355.450252204808,11.037809119481
16.8,3,Highway.car[3],226.65,393.095813472132,6.16396192756969
16.8,4,Highway.car[4],226.65,411.735703345968,2.05452956051108
16.9,0,Highway.car[0],226.65,240.01302524998,15.4922148316574
16.9,1,Highway.car[1],226.65,298.474151086497,14.5410966218966
16.9,2,Highway.car[2],226.65,354.335024580938,11.1522762387007
16.9,3,Highway.car[3],226.65,392.469979798864,6.25833673267763
16.9,4,Highway.car[4],226.65,411.523234513726,2.12468832241472
17,0,Highway.car[0],226.65,238.463329988575,15.4969526140519
17,1,Highway.car[1],226.65,297.017036392603,14.5711469389445
17,2,Highway.car[2],226.65,353.21132137624,11.2370320469797
17,3,Highway.car[3],226.65,391.834212054011,6.35767744852368
17,4,Highway.car[4],226.65,411.305909794986,2.17324718740311
17.1,0,Highway.car[0],226.65,236.912610121399,15.5071986717672
17.1,1,Highway.car[1],226.65,295.560306890565,14.5672950203803
17.1,2,Highway.car[2],226.65,352.078019143679,11.333022325612
17.1,3,Highway.car[3],226.65,391.190296430116,6.43915623895147
17.1,4,Highway.car[4],226.65,411.082492475107,2.23417319878664
17.2,0,Highway.car[0],226.65,235.362436269173,15.5017385222518
17.2,1,Highway.car[1],226.65,294.10330232325,14.5700456731527
17.2,2,Highway.car[2],226.65,350.935821878507,11.4219726517167
17.2,3,Highway.car[3],226.65,390.537153849236,6.5314258087999
17.2,4,Highway.car[4],226.65,410.851266098431,2.31226376676288
17.3,0,Highway.car[0],226.65,233.812568960631,15.4986730854248
17.3,1,Highway.car[1],226.65,292.648017378547,14.5528494470257
17.3,2,Highway.car[2],226.65,349.783138730786,11.5268314772047
17.3,3,Highway.car[3],226.65,389.874665006442,6.62488842794111
17.3,4,Highway.car[4],226.65,410.612270539077,2.389955593546
17.4,0,Highway.car[0],226.65,232.264756520043,15.4781244058755
17.4,1,Highway.car[1],226.65,291.191746073401,14.5627130514586
17.4,2,Highway.car[2],226.65,348.620186690199,11.6295204058759
17.4,3,Highway.car[3],226.65,389.203379011212,6.712859952301
17.4,4,Highway.car[4],226.65,410.367011054547,2.45259484529224
17.5,0,Highway.car[0],226.65,230.714307546552,15.504489734912
17.5,1,Highway.car[1],226.65,289.73593476718,14.5581130622157
17.5,2,Highway.car[2],226.65,347.446661968991,11.7352472120797
17.5,3,Highway.car[3],226.65,388.522179161312,6.81199849899647
17.5,4,Highway.car[4],226.65,410.114415094147,2.52595960399982
17.6,0,Highway.car[0],226.65,229.1651931292,15.4911441735213
17.6,1,Highway.car[1],226.65,288.281248904347,14.546858628324
17.6,2,Highway.car[2],226.65,346.261308711721,11.853532572701
17.6,3,Highway.car[3],226.65,387.832016017694,6.90163143618403
17.6,4,Highway.car[4],226.65,409.854800124159,2.59614969987896
17.7,0,Highway.car[0],226.65,227.615605320733,15.4958780846686
17.7,1,Highway.car[1],226.65,286.826348455363,14.5490044898474
17.7,2,Highway.car[2],226.65,345.065452848408,11.9585586331248
17.7,3,Highway.car[3],226.65,387.132766321878,6.99249695815866
17.7,4,Highway.car[4],226.65,409.587841937085,2.66958187073943
17.8,0,Highway.car[0],226.65,226.066624709211,15.4898061152209
17.8,1,Highway.car[1],226.65,285.370504766011,14.558436893515
17.8,2,Highway.car[2],226.65,343.858852587415,12.0660026099331
17.8,3,Highway.car[3],226.65,386.424271361007,7.08494960871314
17.8,4,Highway.car[4],226.65,409.315445112613,2.72396824472126
17.9,0,Highway.car[0],226.65,224.518755559628,15.478691495828
17.9,1,Highway.car[1],226.65,283.913480884474,14.5702388153719
17.9,2,Highway.car[2],226.65,342.642859855719,12.1599273169556
17.9,3,Highway.car[3],226.65,385.707885726127,7.16385634880069
17.9,4,Highway.car[4],226.65,409.0382155739,2.77229538713124
18,0,Highway.car[0],226.65,222.967838513572,15.5091704605647
18,1,Highway.car[1],226.65,282.458511005698,14.5496987877628
18,2,Highway.car[2],226.65,341.416550584467,12.2630927125238
18,3,Highway.car[3],226.65,384.983774218683,7.24111507443965
18,4,Highway.car[4],226.65,408.755420747867,2.8279482603344
18.1,0,Highway.car[0],226.65,221.419243352607,15.4859516096522
18.1,1,Highway.car[1],226.65,281.003520062543,14.5499094315413
18.1,2,Highway.car[2],226.65,340.181469559644,12.3508102482337
18.1,3,Highway.car[3],226.65,384.250194781305,7.33579437377418
18.1,4,Highway.car[4],226.65,408.467671947088,2.87748800778863
18.2,0,Highway.car[0],226.65,219.870713070628,15.4853028197807
18.2,1,Highway.car[1],226.65,279.547250212275,14.5626985026831
18.2,2,Highway.car[2],226.65,338.935834543018,12.4563501662522
18.2,3,Highway.car[3],226.65,383.507769558481,7.42425222824698
18.2,4,Highway.car[4],226.65,408.172807192997,2.94864754090932
18.3,0,Highway.car[0],226.65,218.322992838047,15.4772023258113
18.3,1,Highway.car[1],226.65,278.09188622299,14.5536398928489
18.3,2,Highway.car[2],226.65,337.678725757556,12.5710878546223
18.3,3,Highway.car[3],226.65,382.758361164164,7.49408394317164
18.3,4,Highway.car[4],226.65,407.870173524055,3.02633668941733
18.4,0,Highway.car[0],226.65,216.77171959895,15.5127323909697
18.4,1,Highway.car[1],226.65,276.636413746973,14.5547247601724
18.4,2,Highway.car[2],226.65,336.411049436777,12.6767632077927
18.4,3,Highway.car[3],226.65,381.999433468966,7.58927695197889
18.4,4,Highway.car[4],226.65,407.561178708237,3.08994815818694
18.5,0,Highway.car[0],226.65,215.221396248004,15.5032335094676
18.5,1,Highway.car[1],226.65,275.181455876377,14.5495787059555
18.5,2,Highway.car[2],226.65,335.133591732255,12.774577045224
18.5,3,Highway.car[3],226.65,381.232914923291,7.66518545674763
18.5,4,Highway.car[4],226.65,407.245704173626,3.15474534610387
18.6,0,Highway.car[0],226.65,213.673066521551,15.4832972645235
18.6,1,Highway.car[1],226.65,273.724605041599,14.5685083477844
18.6,2,Highway.car[2],226.65,333.845023566224,12.8856816603107
18.6,3,Highway.car[3],226.65,380.456406700631,7.76508222660304
18.6,4,Highway.car[4],226.65,406.922685310773,3.23018862852928
18.7,0,Highway.car[0],226.65,212.124104328039,15.4896219351177
18.7,1,Highway.car[1],226.65,272.269804061735,14.5480097986367
18.7,2,Highway.car[2],226.65,332.547183647459,12.9783991876425
18.7,3,Highway.car[3],226.65,379.673291795254,7.83114905377056
18.7,4,Highway.car[4],226.65,406.594374924844,3.28310385929522
18.7,5,Highway.car[5],226.65,415.144255942964,0.0574405703631928
18.8,0,Highway.car[0],226.65,210.574099329639,15.5000499840022
18.8,1,Highway.car[1],226.65,270.814891652038,14.5491240969712
18.8,2,Highway.car[2],226.65,331.238391226243,13.0879242121637
18.8,3,Highway.car[3],226.65,378.881764859212,7.91526936041911
18.8,4,Highway.car[4],226.65,406.259719639888,3.34655284955826
18.8,5,Highway.car[5],226.65,415.132530068527,0.117258744368301
18.9,0,Highway.car[0],226.65,209.023227891314,15.5087143832479
18.9,1,Highway.car[1],226.65,269.358363759582,14.5652789245574
18.9,2,Highway.car[2],226.65,329.9211917235,13.171995027427
18.9,3,Highway.car[3],226.65,378.082719455254,7.99045403958086
18.9,4,Highway.car[4],226.65,405.919521014321,3.40198625566539
18.9,5,Highway.car[5],226.65,415.114827573095,0.177024954315573
19,0,Highway.car[0],226.65,207.473968913622,15.4925897769292
19,1,Highway.car[1],226.65,267.901409686473,14.5695407310959
19,2,Highway.car[2],226.65,328.595481337693,13.2571038580736
19,3,Highway.car[3],226.65,377.275062834501,8.07656620752553
19,4,Highway.car[4],226.65,405.572612563433,3.46908450888571
19,5,Highway.car[5],226.65,415.091481032821,0.233465402741124
19.1,0,Highway.car[0],226.65,205.923729699483,15.5023921413847
19.1,1,Highway.car[1],226.65,266.446097642547,14.5531204392579
19.1,2,Highway.car[2],226.65,327.25817011849,13.3731121920276
19.1,3,Highway.car[3],226.65,376.458462216571,8.1660061793043
19.1,4,Highway.car[4],226.65,405.219442747906,3.53169815526631
19.1,5,Highway.car[5],226.65,415.063255039585,0.282259932363992
19.2,0,Highway.car[0],226.65,204.372799701622,15.509299978608
19.2,1,Highway.car[1],226.65,264.990030576723,14.5606706582445
19.2,2,Highway.car[2],226.65,325.908868785461,13.493013330296
19.2,3,Highway.car[3],226.65,375.634505742071,8.23956474500031
19.2,4,Highway.car[4],226.65,404.859480708978,3.59962038927999
19.2,5,Highway.car[5],226.65,415.029256037234,0.339990023507279
19.3,0,Highway.car[0],226.65,202.824396165448,15.4840353617386
19.3,1,Highway.car[1],226.65,263.535398854033,14.546317226893
19.3,2,Highway.car[2],226.65,324.549249260648,13.5961952481292
19.3,3,Highway.car[3],226.65,374.802742434489,8.31763307581211
19.3,4,Highway.car[4],226.65,404.492994065453,3.66486643524942
19.3,5,Highway.car[5],226.65,414.990762186857,0.384938503767773
19.4,0,Highway.car[0],226.65,201.273813767596,15.5058239785244
19.4,1,Highway.car[1],226.65,262.080118883494,14.5527997053885
19.4,2,Highway.car[2],226.65,323.180761848534,13.6848741211364
19.4,3,Highway.car[3],226.65,373.962782966196,8.39959468293723
19.4,4,Highway.car[4],226.65,404.120943190583,3.72050874870744
19.4,5,Highway.car[5],226.65,414.947665083877,0.43097102979753
19.5,0,Highway.car[0],226.65,199.723148165785,15.5066560181078
19.5,1,Highway.car[1],226.65,260.624148897466,14.5596998602855
19.5,2,Highway.car[2],226.65,321.80245646461,13.7830538392359
19.5,3,Highway.car[3],226.65,373.115447676321,8.47335289875066
19.5,4,Highway.car[4],226.65,403.743491298756,3.77451891826567
19.5,5,Highway.car[5],226.65,414.899370624016,0.482944598615873
19.6,0,Highway.car[0],226.65,198.175323549352,15.4782461643346
19.6,1,Highway.car[1],226.65,259.169059921778,14.5508897568826
19.6,2,Highway.car[2],226.65,320.41464850049,13.8780796412015
19.6,3,Highway.car[3],226.65,372.260164596661,8.55283079659121
19.6,4,Highway.car[4],226.65,403.361067063582,3.82424235173789
19.6,5,Highway.car[5],226.65,414.847327727821,0.520428961950735
19.7,0,Highway.car[0],226.65,196.625500994674,15.4982255467807
19.7,1,Highway.car[1],226.65,257.71467654705,14.5438337472738
19.7,2,Highway.car[2],226.65,319.02653329229,13.8811520820064
19.7,3,Highway.car[3],226.65,371.398343222019,8.61821374642101
19.7,4,Highway.car[4],226.65,402.97319765722,3.87869406362352
19.7,5,Highway.car[5],226.65,414.790599175118,0.5672855270321
19.8,0,Highway.car[0],226.65,195.074228771079,15.5127222359494
19.8,1,Highway.car[1],226.65,256.259452554181,14.5522399286954
19.8,2,Highway.car[2],226.65,317.63727077531,13.8926251697959
19.8,3,Highway.car[3],226.65,370.529185455868,8.69157766151262
19.8,4,Highway.car[4],226.65,402.579976516157,3.93221141063151
19.8,5,Highway.car[5],226.65,414.728271947042,0.623272280758012
19.9,0,Highway.car[0],226.65,193.526080976762,15.4814779431687
19.9,1,Highway.car[1],226.65,254.803631963721,14.558205904599
19.9,2,Highway.car[2],226.65,316.248500999422,13.8876977588758
19.9,3,Highway.car[3],226.65,369.652363841287,8.76821614580715
19.9,4,Highway.car[4],226.65,402.179329198998,4.00647317158159
19.9,5,Highway.car[5],226.65,414.660191867097,0.68080079945037
20,0,Highway.car[0],226.65,191.976682014673,15.493989620892
20,1,Highway.car[1],226.65,253.346383767943,14.5724819577769
20,2,Highway.car[2],226.65,314.861447272812,13.8705372661073
20,3,Highway.car[3],226.65,368.766336184351,8.86027656936689
20,4,Highway.car[4],226.65,401.772725806598,4.06603392400321
20,5,Highway.car[5],226.65,414.586646842601,0.735450244962702
20.1,0,Highway.car[0],226.65,190.426591648516,15.5009036615711
20.1,1,Highway.car[1],226.65,251.891405755468,14.5497801247558
20.1,2,Highway.car[2],226.65,313.475009872455,13.8643740035621
20.1,3,Highway.car[3],226.65,367.873071786709,8.93264397641199
20.1,4,Highway.car[4],226.65,401.360000799872,4.12725006726113
20.1,5,Highway.car[5],226.65,414.508462545288,0.781842973127028
20.2,0,Highway.car[0],226.65,188.878174111498,15.4841753701714
20.2,1,Highway.car[1],226.65,250.437408315089,14.5399744037881
20.2,2,Highway.car[2],226.65,312.086018275599,13.8899159685634
20.2,3,Highway.car[3],226.65,366.970515652823,9.02556133886121
20.2,4,Highway.car[4],226.65,400.942014616381,4.17986183491078
20.2,5,Highway.car[5],226.65,414.425392664869,0.830698804193175
20.3,0,Highway.car[0],226.65,187.327821645161,15.5035246633773
20.3,1,Highway.car[1],226.65,248.98272621547,14.5468209961841
20.3,2,Highway.car[2],226.65,310.696641479038,13.8937679656073
20.3,3,Highway.car[3],226.65,366.058245811761,9.12269841062857
20.3,4,Highway.car[4],226.65,400.518028172994,4.23986443387446
20.3,5,Highway.car[5],226.65,414.336753684469,0.886389803997472
20.4,0,Highway.car[0],226.65,185.778981795513,15.4883984964748
20.4,1,Highway.car[1],226.65,247.526881712317,14.5584450315293
20.4,2,Highway.car[2],226.65,309.308554325172,13.8808715386596
20.4,3,Highway.car[3],226.65,365.136411902508,9.21833909252446
20.4,4,Highway.car[4],226.65,400.089021957816,4.2900621517795
20.4,5,Highway.car[5],226.65,414.24276236425,0.939913202188907
20.5,0,Highway.car[0],226.65,184.227685175964,15.5129661954881
20.5,1,Highway.car[1],226.65,246.072072227656,14.5480948466195
20.5,2,Highway.car[2],226.65,307.919876523711,13.8867780146105
20.5,3,Highway.car[3],226.65,364.205559890778,9.30852011730216
20.5,4,Highway.car[4],226.65,399.65340322286,4.35618734955516
20.5,5,Highway.car[5],226.65,414.14292618543,0.998361788197652
20.6,0,Highway.car[0],226.65,182.676031489993,15.5165368597151
20.6,1,Highway.car[1],226.65,244.617729405847,14.5434282180834
20.6,2,Highway.car[2],226.65,306.531324060063,13.8855246364847
20.6,3,Highway.car[3],226.65,363.264763628673,9.4079626210455
20.6,4,Highway.car[4],226.65,399.2114493764,4.41953846459564
20.6,5,Highway.car[5],226.65,414.038790178898,1.04136006532586
20.7,0,Highway.car[0],226.65,181.127711361004,15.4832012898882
20.7,1,Highway.car[1],226.65,243.160501868166,14.5722753768081
20.7,2,Highway.car[2],226.65,305.142133969049,13.8919009101372
20.7,3,Highway.car[3],226.65,362.315331931709,9.49431696964681
20.7,4,Highway.car[4],226.65,398.763219280382,4.48230096018043
20.7,5,Highway.car[5],226.65,413.930981469322,1.07808709575399
20.8,0,Highway.car[0],226.65,179.576262557719,15.5144880328548
20.8,1,Highway.car[1],226.65,241.704351648883,14.5615021928323
20.8,2,Highway.car[2],226.65,303.752862289226,13.8927167982301
20.8,3,Highway.car[3],226.65,361.357304269477,9.58027662231258
20.8,4,Highway.car[4],226.65,398.309891071722,4.53328208660808
20.8,5,Highway.car[5],226.65,413.817957071124,1.13024398198258
20.9,0,Highway.car[0],226.65,178.024990404157,15.5127215356135
20.9,1,Highway.car[1],226.65,240.250318033342,14.5403361554111
20.9,2,Highway.car[2],226.65,302.365957121244,13.869051679818
20.9,3,Highway.car[3],226.65,360.390899542754,9.66404726723695
20.9,4,Highway.car[4],226.65,397.850426119682,4.59464952039447
20.9,5,Highway.car[5],226.65,413.701224601499,1.16732469624467
21,0,Highway.car[0],226.65,176.473423615763,15.5156678839435
21,1,Highway.car[1],226.65,238.794160266021,14.5615776732091
21,2,Highway.car[2],226.65,300.979503457579,13.8645366366487
21,3,Highway.car[3],226.65,359.416845231427,9.74054311327074
21,4,Highway.car[4],226.65,397.383646828549,4.66779291133311
21,5,Highway.car[5],226.65,413.578825022076,1.22399579423317
21.1,0,Highway.car[0],226.65,174.924356796071,15.4906681969144
21.1,1,Highway.car[1],226.65,237.339102336053,14.5505792996781
21.1,2,Highway.car[2],226.65,299.59153237491,13.8797108266978
21.1,3,Highway.car[3],226.65,358.434923882843,9.81921348583439
21.1,4,Highway.car[4],226.65,396.910459772219,4.73187056329575
21.1,5,Highway.car[5],226.65,413.452427867392,1.26397154684341
21.2,0,Highway.car[0],226.65,173.375486477806,15.4887031826504
21.2,1,Highway.car[1],226.65,235.884112315272,14.5499002078099
21.2,2,Highway.car[2],226.65,298.203022350072,13.8851002483806
21.2,3,Highway.car[3],226.65,357.446279268022,9.88644614821436
21.2,4,Highway.car[4],226.65,396.431738201916,4.7872157030302
21.2,5,Highway.car[5],226.65,413.320952172263,1.31475695128599
21.3,0,Highway.car[0],226.65,171.826027493744,15.4945898406242
21.3,1,Highway.car[1],226.65,234.427178006952,14.5693430832056
21.3,2,Highway.car[2],226.65,296.8156949536,13.873273964718
21.3,3,Highway.car[3],226.65,356.450257914458,9.96021353563779
21.3,4,Highway.car[4],226.65,395.9450617182,4.86676483715799
21.3,5,Highway.car[5],226.65,413.18357278786,1.37379384402628
21.4,0,Highway.car[0],226.65,170.277752907875,15.4827458586857
21.4,1,Highway.car[1],226.65,232.970110049858,14.570679570941
21.4,2,Highway.car[2],226.65,295.427576052598,13.8811890100148
21.4,3,Highway.car[3],226.65,355.446998098039,10.0325981641912
21.4,4,Highway.car[4],226.65,395.452271915828,4.92789802372184
21.4,5,Highway.car[5],226.65,413.04101609927,1.42556688590883
21.5,0,Highway.car[0],226.65,168.729494870042,15.4825803783384
21.5,1,Highway.car[1],226.65,231.513090966208,14.5701908364932
21.5,2,Highway.car[2],226.65,294.03920156235,13.8837449024832
21.5,3,Highway.car[3],226.65,354.435322966238,10.1167513180072
21.5,4,Highway.car[4],226.65,394.953859192807,4.98412723021683
21.5,5,Highway.car[5],226.65,412.894430959966,1.46585139303654
21.6,0,Highway.car[0],226.65,167.181526057318,15.4796881272399
21.6,1,Highway.car[1],226.65,230.059216276884,14.5387468932411
21.6,2,Highway.car[2],226.65,292.651707351682,13.8749421066791
21.6,3,Highway.car[3],226.65,353.415636788818,10.1968617742057
21.6,4,Highway.car[4],226.65,394.450007108583,5.03852084223655
21.6,5,Highway.car[5],226.65,412.74437360834,1.50057351626456
21.7,0,Highway.car[0],226.65,165.630930326591,15.5059573072695
21.7,1,Highway.car[1],226.65,228.602017732827,14.5719854405736
21.7,2,Highway.car[2],226.65,291.26311536676,13.8859198492207
21.7,3,Highway.car[3],226.65,352.388143641979,10.2749314683899
21.7,4,Highway.car[4],226.65,393.939985527278,5.10021581305292
21.7,5,Highway.car[5],226.65,412.589137611901,1.55235996438097
21.8,0,Highway.car[0],226.65,164.081877818214,15.4905250837688
21.8,1,Highway.car[1],226.65,227.145730118291,14.5628761453582
21.8,2,Highway.car[2],226.65,289.876623929328,13.8649143743236
21.8,3,Highway.car[3],226.65,351.354135926718,10.3400771526028
21.8,4,Highway.car[4],226.65,393.422580680668,5.17404846609858
21.8,5,Highway.car[5],226.65,412.428517682108,1.60619929793128
21.9,0,Highway.car[0],226.65,162.5319842915,15.4989352671371
21.9,1,Highway.car[1],226.65,225.690462797636,14.5526732065533
21.9,2,Highway.car[2],226.65,288.489383245917,13.8724068341115
21.9,3,Highway.car[3],226.65,350.310201569695,10.4393435702335
21.9,4,Highway.car[4],226.65,392.899724914726,5.22855765942213
21.9,5,Highway.car[5],226.65,412.264351597688,1.64166084420052
22,0,Highway.car[0],226.65,160.981894215264,15.500900762364
22,1,Highway.car[1],226.65,224.233960456405,14.5650234123033
22,2,Highway.car[2],226.65,287.101583069682,13.8780017623492
22,3,Highway.car[3],226.65,349.259049492272,10.5115207742343
22,4,Highway.car[4],226.65,392.36961714217,5.30107772555676
22,5,Highway.car[5],226.65,412.095974486855,1.68377110832953
22.1,0,Highway.car[0],226.65,159.433760756797,15.4813345846661
22.1,1,Highway.car[1],226.65,222.778231154305,14.5572930210065
22.1,2,Highway.car[2],226.65,285.7136481883,13.8793488138169
22.1,3,Highway.car[3],226.65,348.200758629737,10.582908625341
22.1,4,Highway.car[4],226.65,391.833642963872,5.35974178298292
22.1,5,Highway.car[5],226.65,411.922612958147,1.7336152870825
22.2,0,Highway.car[0],226.65,157.884771252065,15.489895047316
22.2,1,Highway.car[1],226.65,221.323356931604,14.5487422270076
22.2,2,Highway.car[2],226.65,284.32530655217,13.8834163612993
22.2,3,Highway.car[3],226.65,347.134826014629,10.6593261510869
22.2,4,Highway.car[4],226.65,391.292720284524,5.40922679348019
22.2,5,Highway.car[5],226.65,411.743521702036,1.79091256110906
22.3,0,Highway.car[0],226.65,156.336059682885,15.4871156918012
22.3,1,Highway.car[1],226.65,219.866724914624,14.5663201697979
22.3,2,Highway.car[2],226.65,282.936720333526,13.8858621864375
22.3,3,Highway.car[3],226.65,346.060696736868,10.7412927776088
22.3,4,Highway.car[4],226.65,390.745313362041,5.47406922482428
22.3,5,Highway.car[5],226.65,411.559120982713,1.84400719323195
22.4,0,Highway.car[0],226.65,154.785019153141,15.5104052974411
22.4,1,Highway.car[1],226.65,218.411943154738,14.5478175988577
22.4,2,Highway.car[2],226.65,281.548244981274,13.8847535225237
22.4,3,Highway.car[3],226.65,344.977303901581,10.8339283528635
22.4,4,Highway.car[4],226.65,390.191554210267,5.53759151774374
22.4,5,Highway.car[5],226.65,411.369479637341,1.89641345371771
22.5,0,Highway.car[0],226.65,153.23616970221,15.488494509313
22.5,1,Highway.car[1],226.65,216.954792006614,14.5715114812418
22.5,2,Highway.car[2],226.65,280.161302060634,13.8694292063946
22.5,3,Highway.car[3],226.65,343.885190787908,10.92113113674
22.5,4,Highway.car[4],226.65,389.630879167896,5.60675042370436
22.5,5,Highway.car[5],226.65,411.17476363673,1.94716000611544
22.6,0,Highway.car[0],226.65,151.687009261606,15.4916044060361
22.6,1,Highway.car[1],226.65,215.497585065907,14.5720694070686
22.6,2,Highway.car[2],226.65,278.772067775023,13.8923428561157
22.6,3,Highway.car[3],226.65,342.783083100034,11.021076878732
22.6,4,Highway.car[4],226.65,389.065191729476,5.65687438419935
22.6,5,Highway.car[5],226.65,410.974651859912,2.00111776817497
22.7,0,Highway.car[0],226.65,150.138229509197,15.4877975240943
22.7,1,Highway.car[1],226.65,214.041456354954,14.5612871095368
22.7,2,Highway.car[2],226.65,277.384157834682,13.8790994034065
22.7,3,Highway.car[3],226.65,341.673267526184,11.0981557385067
22.7,4,Highway.car[4],226.65,388.493508006592,5.71683722883937
22.7,5,Highway.car[5],226.65,410.7696486321,2.05003227812471
22.8,0,Highway.car[0],226.65,148.587788029089,15.5044148010795
22.8,1,Highway.car[1],226.65,212.586150913171,14.5530544178274
22.8,2,Highway.car[2],226.65,275.997245476595,13.869123580873
22.8,3,Highway.car[3],226.65,340.555940468166,11.1732705801739
22.8,4,Highway.car[4],226.65,387.916024070626,5.77483935966072
22.8,5,Highway.car[5],226.65,410.561232193773,2.08416438326705
22.9,0,Highway.car[0],226.65,147.037556842317,15.5023118677211
22.9,1,Highway.car[1],226.65,211.13148492284,14.5466599033056
22.9,2,Highway.car[2],226.65,274.609970305976,13.8727517061932
22.9,3,Highway.car[3],226.65,339.436360095972,11.1958037219464
22.9,4,Highway.car[4],226.65,387.333698805012,5.82325265614417
22.9,5,Highway.car[5],226.65,410.348620068203,2.12612125569512
23,0,Highway.car[0],226.65,145.489084000411,15.4847284190577
23,1,Highway.car[1],226.65,209.676762410463,14.5472251237747
23,2,Highway.car[2],226.65,273.220928258411,13.8904204756506
23,3,Highway.car[3],226.65,338.317553331988,11.1880676398345
23,4,Highway.car[4],226.65,386.744463293422,5.89235511590269
23,5,Highway.car[5],226.65,410.132232354084,2.16387714119698
23.1,0,Highway.car[0],226.65,143.938726783632,15.5035721677949
23.1,1,Highway.car[1],226.65,208.222952079397,14.538103310663
23.1,2,Highway.car[2],226.65,271.833303519991,13.8762473841915
23.1,3,Highway.car[3],226.65,337.200873942369,11.1667938961869
23.1,4,Highway.car[4],226.65,386.148141485445,5.96321807976541
23.1,5,Highway.car[5],226.65,409.910415040207,2.21817313876725
23.2,0,Highway.car[0],226.65,142.388547795333,15.5017898829874
23.2,1,Highway.car[1],226.65,206.769048272484,14.5390380691287
23.2,2,Highway.car[2],226.65,270.443925703838,13.8937781615388
23.2,3,Highway.car[3],226.65,336.083172366064,11.1770157630544
23.2,4,Highway.car[4],226.65,385.543902934994,6.04238550451127
23.2,5,Highway.car[5],226.65,409.684418150525,2.25996889681951
23.3,0,Highway.car[0],226.65,140.838310508784,15.5023728654847
23.3,1,Highway.car[1],226.65,205.313697956135,14.5535031634888
23.3,2,Highway.car[2],226.65,269.055459827469,13.8846587636834
23.3,3,Highway.car[3],226.65,334.964590841021,11.1858152504324
23.3,4,Highway.car[4],226.65,384.933873945005,6.1002898998904
23.3,5,Highway.car[5],226.65,409.453514560775,2.3090358975057
23.4,0,Highway.car[0],226.65,139.289903916657,15.4840659212728
23.4,1,Highway.car[1],226.65,203.859880871993,14.5381708414159
23.4,2,Highway.car[2],226.65,267.668232011075,13.8722781639434
23.4,3,Highway.car[3],226.65,333.845144657789,11.1944618323131
23.4,4,Highway.car[4],226.65,384.316930929391,6.16943015613881
23.4,5,Highway.car[5],226.65,409.218848671745,2.34665889029018
23.5,0,Highway.car[0],226.65,137.738968069748,15.5093584690929
23.5,1,Highway.car[1],226.65,202.404387263149,14.5549360884405
23.5,2,Highway.car[2],226.65,266.281388836082,13.8684317499259
23.5,3,Highway.car[3],226.65,332.726647561382,11.1849709640781
23.5,4,Highway.car[4],226.65,383.692300395366,6.24630534025011
23.5,5,Highway.car[5],226.65,408.979672574115,2.39176097630244
23.6,0,Highway.car[0],226.65,136.189367076028,15.4960099372023
23.6,1,Highway.car[1],226.65,200.948335466667,14.5605179648187
23.6,2,Highway.car[2],226.65,264.893270488492,13.8811834759051
23.6,3,Highway.car[3],226.65,331.609595427392,11.1705213398929
23.6,4,Highway.car[4],226.65,383.061207716573,6.31092678793249
23.6,5,Highway.car[5],226.65,408.735802439458,2.43870134657528
23.7,0,Highway.car[0],226.65,134.641139418643,15.4822765738458
23.7,1,Highway.car[1],226.65,199.494319085676,14.5401638099102
23.7,2,Highway.car[2],226.65,263.50505338536,13.8821710313177
23.7,3,Highway.car[3],226.65,330.48996361432,11.1963181307237
23.7,4,Highway.car[4],226.65,382.422198977607,6.39008738966015
23.7,5,Highway.car[5],226.65,408.486577558979,2.49224880478508
23.8,0,Highway.car[0],226.65,133.0906583931,15.5048102554341
23.8,1,Highway.car[1],226.65,198.037757723215,14.565613624617
23.8,2,Highway.car[2],226.65,262.11744145099,13.8761193436971
23.8,3,Highway.car[3],226.65,329.372744618641,11.1721899567859
23.8,4,Highway.car[4],226.65,381.777520254768,6.44678722838787
23.8,5,Highway.car[5],226.65,408.232677057529,2.53900501450105
23.9,0,Highway.car[0],226.65,131.542943614434,15.477147786658
23.9,1,Highway.car[1],226.65,196.581885805984,14.5587191723105
23.9,2,Highway.car[2],226.65,260.730268358405,13.8717309258552
23.9,3,Highway.car[3],226.65,328.255610861275,11.1713375736598
23.9,4,Highway.car[4],226.65,381.126468925052,6.51051329716024
23.9,5,Highway.car[5],226.65,407.974537264764,2.58139792765141
24,0,Highway.car[0],226.65,129.992186420704,15.5075719372962
24,1,Highway.car[1],226.65,195.126262494181,14.5562331180244
24,2,Highway.car[2],226.65,259.341602130759,13.8866622764533
24,3,Highway.car[3],226.65,327.138529223834,11.1708163744153
24,4,Highway.car[4],226.65,380.467901350031,6.58567575021562
24,5,Highway.car[5],226.65,407.71265228623,2.61884978533769
24.1,0,Highway.car[0],226.65,128.441393270166,15.5079315053799
24.1,1,Highway.car[1],226.65,193.669468889989,14.5679360419167
24.1,2,Highway.car[2],226.65,257.954272327261,13.873298034979
24.1,3,Highway.car[3],226.65,326.021535404311,11.169938195229
24.1,4,Highway.car[4],226.65,379.803496009998,6.64405340032754
24.1,5,Highway.car[5],226.65,407.446513963646,2.66138322584517
24.2,0,Highway.car[0],226.65,126.892943918234,15.4844935193226
24.2,1,Highway.car[1],226.65,192.214731099514,14.5473779047541
24.2,2,Highway.car[2],226.65,256.566653699285,13.8761862797653
24.2,3,Highway.car[3],226.65,324.901648031957,11.1988737235393
24.2,4,Highway.car[4],226.65,379.131956095122,6.71539914875952
24.2,5,Highway.car[5],226.65,407.175895721853,2.70618241792475
24.3,0,Highway.car[0],226.65,125.342749737981,15.5019418025237
24.3,1,Highway.car[1],226.65,190.759505178086,14.5522592142823
24.3,2,Highway.car[2],226.65,255.178277187343,13.8837651194241
24.3,3,Highway.car[3],226.65,323.78371309605,11.1793493590725
24.3,4,Highway.car[4],226.65,378.453829426653,6.78126668468592
24.3,5,Highway.car[5],226.65,406.899515334668,2.76380387185281
24.4,0,Highway.car[0],226.65,123.794963823509,15.4778591447265
24.4,1,Highway.car[1],226.65,189.302777018068,14.567281600178
24.4,2,Highway.car[2],226.65,253.789052096224,13.8922509111892
24.4,3,Highway.car[3],226.65,322.664877517218,11.1883557883173
24.4,4,Highway.car[4],226.65,377.769978551092,6.83850875561413
24.4,5,Highway.car[5],226.65,406.618893135409,2.80622199259
24.5,0,Highway.car[0],226.65,122.247218846129,15.4774497737956
24.5,1,Highway.car[1],226.65,187.848252284155,14.5452473391294
24.5,2,Highway.car[2],226.65,252.400095898447,13.8895619777674
24.5,3,Highway.car[3],226.65,321.54599959601,11.1887792120804
24.5,4,Highway.car[4],226.65,377.079587076908,6.90391474183378
24.5,5,Highway.car[5],226.65,406.333687680659,2.85205454749521
24.5,6,Highway.car[6],226.65,415.145165699823,0.0483430017681676
24.6,0,Highway.car[0],226.65,120.697732128657,15.494867174722
24.6,1,Highway.car[1],226.65,186.391554967779,14.5669731637561
24.6,2,Highway.car[2],226.65,251.011385197107,13.887107013396
24.6,3,Highway.car[3],226.65,320.426022988124,11.1997660788603
24.6,4,Highway.car[4],226.65,376.384299185352,6.95287891556052
24.6,5,Highway.car[5],226.65,406.044340248131,2.8934743252832
24.6,6,Highway.car[6],226.65,415.135681741461,0.0948395836219952
24.7,0,Highway.car[0],226.65,119.14933748651,15.4839464214665
24.7,1,Highway.car[1],226.65,184.936884149248,14.5467081853135
24.7,2,Highway.car[2],226.65,249.62498288159,13.8640231551752
24.7,3,Highway.car[3],226.65,319.307787932842,11.1823505528225
24.7,4,Highway.car[4],226.65,375.681631817833,7.02667367519167
24.7,5,Highway.car[5],226.65,405.749078749712,2.95261498418893
24.7,6,Highway.car[6],226.65,415.121450272901,0.142314685602211
24.8,0,Highway.car[0],226.65,117.600481130558,15.4885635595244
24.8,1,Highway.car[1],226.65,183.480515537435,14.5636861181275
24.8,2,Highway.car[2],226.65,248.238017993104,13.8696488848617
24.8,3,Highway.car[3],226.65,318.188821029072,11.1896690377011
24.8,4,Highway.car[4],226.65,374.972416318451,7.09215499382195
24.8,5,Highway.car[5],226.65,405.450121609458,2.98957140254252
24.8,6,Highway.car[6],226.65,415.103004569557,0.184457033440627
24.9,0,Highway.car[0],226.65,116.049201238443,15.5127989211527
24.9,1,Highway.car[1],226.65,182.025872388286,14.546431491493
24.9,2,Highway.car[2],226.65,246.850420834067,13.8759715903662
24.9,3,Highway.car[3],226.65,317.070874013416,11.1794701565558
24.9,4,Highway.car[4],226.65,374.255996458147,7.16419860303876
24.9,5,Highway.car[5],226.65,405.146063016454,3.04058593003824
24.9,6,Highway.car[6],226.65,415.079780691756,0.232238778007152
25,0,Highway.car[0],226.65,114.500139997593,15.4906124084943
25,1,Highway.car[1],226.65,180.569047622915,14.5682476537062
25,2,Highway.car[2],226.65,245.463474068706,13.8694676536061
25,3,Highway.car[3],226.65,315.951225593106,11.1964842031011
25,4,Highway.car[4],226.65,373.533003988788,7.22992469358918
25,5,Highway.car[5],226.65,404.837248713241,3.08814303212985
25,6,Highway.car[6],226.65,415.052545823026,0.272348687301995
25.1,0,Highway.car[0],226.65,112.948790861165,15.5134913642832
25.1,1,Highway.car[1],226.65,179.111860596331,14.5718702658445
25.1,2,Highway.car[2],226.65,244.073955441799,13.8951862690775
25.1,3,Highway.car[3],226.65,314.833858385054,11.1736720805161
25.1,4,Highway.car[4],226.65,372.803417573244,7.29586415544626
25.1,5,Highway.car[5],226.65,404.52426315422,3.12985559021472
25.1,6,Highway.car[6],226.65,415.020513187011,0.320326360151216
25.2,0,Highway.car[0],226.65,111.397252007744,15.5153885342122
25.2,1,Highway.car[1],226.65,177.655202630383,14.5665796594757
25.2,2,Highway.car[2],226.65,242.686517383581,13.8743805821734
25.2,3,Highway.car[3],226.65,313.715741290007,11.1811709504691
25.2,4,Highway.car[4],226.65,372.068612143849,7.34805429395017
25.2,5,Highway.car[5],226.65,404.207258355104,3.17004799115448
25.2,6,Highway.car[6],226.65,414.98489270142,0.356204855906704
25.3,0,Highway.car[0],226.65,109.847329860384,15.4992214736004
25.3,1,Highway.car[1],226.65,176.201312750391,14.5388987999228
25.3,2,Highway.car[2],226.65,241.298472894858,13.880444887232
25.3,3,Highway.car[3],226.65,312.598238097558,11.1750319244957
25.3,4,Highway.car[4],226.65,371.327651706649,7.40960437199203
25.3,5,Highway.car[5],226.65,403.886740779864,3.20517575240182
25.3,6,Highway.car[6],226.65,414.945684794619,0.392079068009071
25.4,0,Highway.car[0],226.65,108.297609840443,15.4972001994063
25.4,1,Highway.car[1],226.65,174.745024848592,14.5628790179959
25.4,2,Highway.car[2],226.65,239.909106976413,13.8936591844549
25.4,3,Highway.car[3],226.65,311.481717753437,11.1652034412045
25.4,4,Highway.car[4],226.65,370.581026526281,7.466251803686
25.4,5,Highway.car[5],226.65,403.562751492093,3.23989287770633
25.4,6,Highway.car[6],226.65,414.90162631843,0.440584761892052
25.5,0,Highway.car[0],226.65,106.747881715154,15.4972812528943
25.5,1,Highway.car[1],226.65,173.290640901015,14.5438394757702
25.5,2,Highway.car[2],226.65,238.5195757293,13.8953124711271
25.5,3,Highway.car[3],226.65,310.363025433202,11.1869232023589
25.5,4,Highway.car[4],226.65,369.829282080389,7.51744445892153
25.5,5,Highway.car[5],226.65,403.234701707267,3.28049784826254
25.5,6,Highway.car[6],226.65,414.853411017339,0.482153010913413
25.6,0,Highway.car[0],226.65,105.197839577941,15.5004213721246
25.6,1,Highway.car[1],226.65,171.834667449999,14.5597345101582
25.6,2,Highway.car[2],226.65,237.132420032715,13.8715569658503
25.6,3,Highway.car[3],226.65,309.245442413586,11.1758301961585
25.6,4,Highway.car[4],226.65,369.070628473543,7.58653606845168
25.6,5,Highway.car[5],226.65,402.902419405691,3.3228230157597
25.6,6,Highway.car[6],226.65,414.802123715464,0.512873018745692
25.7,0,Highway.car[0],226.65,103.64774945611,15.5009012183116
25.7,1,Highway.car[1],226.65,170.379032885056,14.5563456494226
25.7,2,Highway.car[2],226.65,235.744834867541,13.8758516517356
25.7,3,Highway.car[3],226.65,308.125679788776,11.1976262480987
25.7,4,Highway.car[4],226.65,368.306116705576,7.6451176796752
25.7,5,Highway.car[5],226.65,402.566055737072,3.36363668619352
25.7,6,Highway.car[6],226.65,414.746192267933,0.559314475310627
25.8,0,Highway.car[0],226.65,102.099017193902,15.4873226220847
25.8,1,Highway.car[1],226.65,168.922416244738,14.56616640318
25.8,2,Highway.car[2],226.65,234.356216397292,13.8861847024914
25.8,3,Highway.car[3],226.65,307.007478065694,11.1820172308199
25.8,4,Highway.car[4],226.65,367.536600568265,7.69516137311337
25.8,5,Highway.car[5],226.65,402.225386776547,3.40668960524397
25.8,6,Highway.car[6],226.65,414.686898153288,0.592941146448962
25.9,0,Highway.car[0],226.65,100.549537809654,15.4947938424756
25.9,1,Highway.car[1],226.65,167.465674819233,14.5674142550588
25.9,2,Highway.car[2],226.65,232.967763832441,13.8845256485082
25.9,3,Highway.car[3],226.65,305.890439592155,11.1703847353929
25.9,4,Highway.car[4],226.65,366.760267548502,7.76333019762215
25.9,5,Highway.car[5],226.65,401.880103728484,3.45283048063284
25.9,6,Highway.car[6],226.65,414.624761643798,0.621365094903982
26,0,Highway.car[0],226.65,98.9995372638148,15.5000054583919
26,1,Highway.car[1],226.65,166.00840456778,14.5727025145274
26,2,Highway.car[2],226.65,231.578864192597,13.8889963984406
26,3,Highway.car[3],226.65,304.773604329437,11.1683526271721
26,4,Highway.car[4],226.65,365.976735226246,7.83532322256741
26,5,Highway.car[5],226.65,401.529093810441,3.51009918042668
26,6,Highway.car[6],226.65,414.559728297911,0.650333458866468
26.1,0,Highway.car[0],226.65,97.4481303488074,15.514069150075
26.1,1,Highway.car[1],226.65,164.552733740603,14.5567082717658
26.1,2,Highway.car[2],226.65,230.191844094833,13.8702009776393
26.1,3,Highway.car[3],226.65,303.655817324672,11.1778700476524
26.1,4,Highway.car[4],226.65,365.187876230317,7.88858995928345
26.1,5,Highway.car[5],226.65,401.174252741663,3.5484106877828
26.1,6,Highway.car[6],226.65,414.49013567478,0.695926231306754
26.2,0,Highway.car[0],226.65,95.8964994434899,15.5163090531749
26.2,1,Highway.car[1],226.65,163.095593585983,14.5714015462033
26.2,2,Highway.car[2],226.65,228.802461418237,13.8938267659657
26.2,3,Highway.car[3],226.65,302.536593221305,11.1922410336707
26.2,4,Highway.car[4],226.65,364.393472239077,7.94403991240737
26.2,5,Highway.car[5],226.65,400.814508924268,3.59743817394786
26.2,6,Highway.car[6],226.65,414.417073668435,0.730620063448101
26.3,0,Highway.car[0],226.65,94.3464661490083,15.5003329448157
26.3,1,Highway.car[1],226.65,161.640884229634,14.5470935634936
26.3,2,Highway.car[2],226.65,227.413063119386,13.8939829885056
26.3,3,Highway.car[3],226.65,301.416800703248,11.197925180567
26.3,4,Highway.car[4],226.65,363.592078794084,8.01393444992331
26.3,5,Highway.car[5],226.65,400.449425498268,3.65083426000294
26.3,6,Highway.car[6],226.65,414.339620353663,0.774533147723656
26.4,0,Highway.car[0],226.65,92.795998413208,15.504677358003
26.4,1,Highway.car[1],226.65,160.185985793226,14.5489843640749
26.4,2,Highway.car[2],226.65,226.023422471815,13.8964064757125
26.4,3,Highway.car[3],226.65,300.296981856375,11.1981884687312
26.4,4,Highway.car[4],226.65,362.785540008569,8.06538785515455
26.4,5,Highway.car[5],226.65,400.078711237027,3.70714261241071
26.4,6,Highway.car[6],226.65,414.257320403956,0.82299949707022
26.5,0,Highway.car[0],226.65,91.2474666381764,15.4853177503158
26.5,1,Highway.car[1],226.65,158.729221120368,14.567646728581
26.5,2,Highway.car[2],226.65,224.634835264693,13.8858720712159
26.5,3,Highway.car[3],226.65,299.180006887456,11.1697496891883
26.5,4,Highway.car[4],226.65,361.973823150217,8.11716858351705
26.5,5,Highway.car[5],226.65,399.703609675083,3.7510156194428
26.5,6,Highway.car[6],226.65,414.17071279147,0.866076124856724
26.6,0,Highway.car[0],226.65,89.6981175184169,15.4934911975951
26.6,1,Highway.car[1],226.65,157.273818577008,14.554025433603
26.6,2,Highway.car[2],226.65,223.245626014132,13.8920925056161
26.6,3,Highway.car[3],226.65,298.06235665528,11.1765023217595
26.6,4,Highway.car[4],226.65,361.157165701244,8.16657448973236
26.6,5,Highway.car[5],226.65,399.323561413501,3.80048261582199
26.6,6,Highway.car[6],226.65,414.081347478815,0.893653126551314
26.7,0,Highway.car[0],226.65,88.1472662655552,15.5085125286166
26.7,1,Highway.car[1],226.65,155.819910182383,14.5390839462476
26.7,2,Highway.car[2],226.65,221.85785100257,13.8777501156135
26.7,3,Highway.car[3],226.65,296.94368939256,11.1866726272041
26.7,4,Highway.car[4],226.65,360.335432754838,8.21732946406034
26.7,5,Highway.car[5],226.65,398.939411482604,3.84149930896144
26.7,6,Highway.car[6],226.65,413.988058970379,0.932885084359684
26.8,0,Highway.car[0],226.65,86.5985920256736,15.4867423988168
26.8,1,Highway.car[1],226.65,154.365216461649,14.5469372073368
26.8,2,Highway.car[2],226.65,220.470851023323,13.8699997924753
26.8,3,Highway.car[3],226.65,295.824699881489,11.1898951107136
26.8,4,Highway.car[4],226.65,359.506767645504,8.2866510933387
26.8,5,Highway.car[5],226.65,398.551779475579,3.87632007025834
26.8,6,Highway.car[6],226.65,413.891183626347,0.968753440322131
26.9,0,Highway.car[0],226.65,85.0471785534482,15.514134722253
26.9,1,Highway.car[1],226.65,152.91121845425,14.5399800739942
26.9,2,Highway.car[2],226.65,219.082333971667,13.8851705165571
26.9,3,Highway.car[3],226.65,294.707077441845,11.1762243964348
26.9,4,Highway.car[4],226.65,358.670431517573,8.36336127930609
26.9,5,Highway.car[5],226.65,398.16056933751,3.91210138068534
26.9,6,Highway.car[6],226.65,413.791071606871,1.00112019475865
27,0,Highway.car[0],226.65,83.4994929615602,15.4768559188803
27,1,Highway.car[1],226.65,151.455088331656,14.5613012259388
27,2,Highway.car[2],226.65,217.695489183918,13.8684478774872
27,3,Highway.car[3],226.65,293.590264817918,11.1681262392714
27,4,Highway.car[4],226.65,357.827768610853,8.42662906720219
27,5,Highway.car[5],226.65,397.764882075917,3.95687261592853
27,6,Highway.car[6],226.65,413.686824227328,1.04247379543575
27.1,0,Highway.car[0],226.65,81.9512307858723,15.4826217568793
27.1,1,Highway.car[1],226.65,149.998117741032,14.5697059062361
27.1,2,Highway.car[2],226.65,216.308632960919,13.8685622299984
27.1,3,Highway.car[3],226.65,292.470920292336,11.1934452558227
27.1,4,Highway.car[4],226.65,356.977161487357,8.50607123496113
27.1,5,Highway.car[5],226.65,397.365101182571,3.99780893346667
27.1,6,Highway.car[6],226.65,413.57923721902,1.07587008307654
27.2,0,Highway.car[0],226.65,80.4017979326463,15.4943285322596
27.2,1,Highway.car[1],226.65,148.541369311289,14.5674842974292
27.2,2,Highway.car[2],226.65,214.920459916354,13.8817304456467
27.2,3,Highway.car[3],226.65,291.353392094416,11.1752819791937
27.2,4,Highway.car[4],226.65,356.121179264614,8.55982222743062
27.2,5,Highway.car[5],226.65,396.960342987697,4.04758194873645
27.2,6,Highway.car[6],226.65,413.46680854987,1.12428669149604
27.3,0,Highway.car[0],226.65,78.8502105871446,15.5158734550175
27.3,1,Highway.car[1],226.65,147.085586891841,14.5578241944876
27.3,2,Highway.car[2],226.65,213.532025241332,13.8843467502212
27.3,3,Highway.car[3],226.65,290.234626761788,11.1876533262862
27.3,4,Highway.car[4],226.65,355.258636853876,8.6254241073775
27.3,5,Highway.car[5],226.65,396.550052961256,4.10290026441379
27.3,6,Highway.car[6],226.65,413.351164801681,1.15643748189114
27.4,0,Highway.car[0],226.65,77.300536172775,15.4967441436962
27.4,1,Highway.car[1],226.65,145.62972215356,14.5586473828035
27.4,2,Highway.car[2],226.65,212.145623185711,13.8640205562068
27.4,3,Highway.car[3],226.65,289.114705649629,11.1992111215857
27.4,4,Highway.car[4],226.65,354.390637784999,8.67999068877575
27.4,5,Highway.car[5],226.65,396.135346916832,4.14706044423068
27.4,6,Highway.car[6],226.65,413.231272298603,1.19892503078527
27.5,0,Highway.car[0],226.65,75.7502143978095,15.503217749655
27.5,1,Highway.car[1],226.65,144.173610392199,14.5611176136117
27.5,2,Highway.car[2],226.65,210.755751572102,13.8987161360877
27.5,3,Highway.car[3],226.65,287.997636848124,11.1706880150491
27.5,4,Highway.car[4],226.65,353.517704820047,8.72932964952019
27.5,5,Highway.car[5],226.65,395.714929774796,4.20417142036534
27.5,6,Highway.car[6],226.65,413.10781806541,1.2345423319263
27.6,0,Highway.car[0],226.65,74.2009896101231,15.4922478768636
27.6,1,Highway.car[1],226.65,142.717111518763,14.5649887343652
27.6,2,Highway.car[2],226.65,209.368837939344,13.8691363275852
27.6,3,Highway.car[3],226.65,286.878872217435,11.1876463068952
27.6,4,Highway.car[4],226.65,352.638001360757,8.7970345928967
27.6,5,Highway.car[5],226.65,395.289695377463,4.25234397332812
27.6,6,Highway.car[6],226.65,412.979463927912,1.28354137498211
27.7,0,Highway.car[0],226.65,72.6507900880102,15.5019952211284
27.7,1,Highway.car[1],226.65,141.262569641102,14.5454187766036
27.7,2,Highway.car[2],226.65,207.980737486373,13.8810045297071
27.7,3,Highway.car[3],226.65,285.760482867748,11.1838934968703
27.7,4,Highway.car[4],226.65,351.760380607916,8.77620752840489
27.7,5,Highway.car[5],226.65,394.859664477567,4.30030899895774
27.7,6,Highway.car[6],226.65,412.846168373628,1.33295554283565
27.8,0,Highway.car[0],226.65,71.101480243476,15.4930984453426
27.8,1,Highway.car[1],226.65,139.807932143151,14.5463749795167
27.8,2,Highway.car[2],226.65,206.594058409208,13.8667907716511
27.8,3,Highway.car[3],226.65,284.642700184341,11.1778268340661
27.8,4,Highway.car[4],226.65,350.882776096776,8.77604511140287
27.8,5,Highway.car[5],226.65,394.425526339612,4.34138137955288
27.8,6,Highway.car[6],226.65,412.709095570119,1.37072803509853
27.9,0,Highway.car[0],226.65,69.5525915417918,15.4888870168418
27.9,1,Highway.car[1],226.65,138.354011491747,14.5392065140353
27.9,2,Highway.car[2],226.65,205.204455153217,13.8960325599089
27.9,3,Highway.car[3],226.65,283.524617121533,11.1808306280791
27.9,4,Highway.car[4],226.65,350.004759549642,8.78016547134519
27.9,5,Highway.car[5],226.65,393.986661744832,4.38864594780071
27.9,6,Highway.car[6],226.65,412.567874715339,1.41220854779031
28,0,Highway.car[0],226.65,68.0028811381526,15.4971040363923
28,1,Highway.car[1],226.65,136.900196291214,14.5381520053318
28,2,Highway.car[2],226.65,203.817145703226,13.8730944999065
28,3,Highway.car[3],226.65,282.404809747215,11.198073743179
28,4,Highway.car[4],226.65,349.127100464786,8.77659084855765
28,5,Highway.car[5],226.65,393.542586175285,4.44075569546735
28,6,Highway.car[6],226.65,412.422865720729,1.45008994610015
28.1,0,Highway.car[0],226.65,66.4549769399527,15.4790419819985
28.1,1,Highway.car[1],226.65,135.445342914142,14.5485337707172
28.1,2,Highway.car[2],226.65,202.428947719358,13.8819798386814
28.1,3,Highway.car[3],226.65,281.287338213,11.174715342155
28.1,4,Highway.car[4],226.65,348.249647471087,8.77452993698418
28.1,5,Highway.car[5],226.65,393.09334621414,4.49239961145352
28.1,6,Highway.car[6],226.65,412.27491599181,1.47949728919625
28.2,0,Highway.car[0],226.65,64.9033608881043,15.5161605184839
28.2,1,Highway.car[1],226.65,133.990456809735,14.5488610440707
28.2,2,Highway.car[2],226.65,201.041107019628,13.8784069973016
28.2,3,Highway.car[3],226.65,280.167437010017,11.1990120298264
28.2,4,Highway.car[4],226.65,347.372568292885,8.77079178202152
28.2,5,Highway.car[5],226.65,392.639418255058,4.53927959082229
28.2,6,Highway.car[6],226.65,412.123384550457,1.51531441353111
28.3,0,Highway.car[0],226.65,63.3536536168922,15.4970727121212
28.3,1,Highway.car[1],226.65,132.533554942876,14.5690186685957
28.3,2,Highway.car[2],226.65,199.651910288862,13.8919673076598
28.3,3,Highway.car[3],226.65,279.049431922927,11.1800508709054
28.3,4,Highway.car[4],226.65,346.493958124268,8.78610168617219
28.3,5,Highway.car[5],226.65,392.181531258373,4.57886996684526
28.3,6,Highway.car[6],226.65,411.968922900731,1.5446164972582
28.4,0,Highway.car[0],226.65,61.8030259582761,15.5062765861616
28.4,1,Highway.car[1],226.65,131.077673980818,14.5588096205778
28.4,2,Highway.car[2],226.65,198.264716859412,13.871934294505
28.4,3,Highway.car[3],226.65,277.930651546932,11.1878037599497
28.4,4,Highway.car[4],226.65,345.61685871445,8.77099409817904
28.4,5,Highway.car[5],226.65,391.71860620732,4.62925051053497
28.4,6,Highway.car[6],226.65,411.810938062099,1.57984838632193
28.5,0,Highway.car[0],226.65,60.2534057192665,15.4962023900949
28.5,1,Highway.car[1],226.65,129.623159976598,14.5451400421983
28.5,2,Highway.car[2],226.65,196.878196097729,13.8652076168237
28.5,3,Highway.car[3],226.65,276.812203519684,11.1844802724756
28.5,4,Highway.car[4],226.65,344.738599351448,8.7825936300233
28.5,5,Highway.car[5],226.65,391.251081050338,4.67525156981311
28.5,6,Highway.car[6],226.65,411.650126289129,1.60811772969285
28.6,0,Highway.car[0],226.65,58.702276060393,15.5112965887354
28.6,1,Highway.car[1],226.65,128.166607730099,14.5655224649846
28.6,2,Highway.car[2],226.65,195.488952828952,13.8924326877715
28.6,3,Highway.car[3],226.65,275.695294136058,11.1690938362584
28.6,4,Highway.car[4],226.65,343.860182586277,8.7841676517129
28.6,5,Highway.car[5],226.65,390.779898810059,4.71182240279461
28.6,6,Highway.car[6],226.65,411.485034269317,1.65092019811995
28.7,0,Highway.car[0],226.65,57.1526814923972,15.4959456799586
28.7,1,Highway.car[1],226.65,126.712192955253,14.5441477484691
28.7,2,Highway.car[2],226.65,194.101013022663,13.879398062896
28.7,3,Highway.car[3],226.65,274.576975977886,11.1831815817195
28.7,4,Highway.car[4],226.65,342.980487371981,8.79695214295387
28.7,5,Highway.car[5],226.65,390.303777483283,4.76121326775965
28.7,6,Highway.car[6],226.65,411.316365256644,1.68669012673456
28.8,0,Highway.car[0],226.65,55.6034944675585,15.4918702483863
28.8,1,Highway.car[1],226.65,125.25802218837,14.5417076688218
28.8,2,Highway.car[2],226.65,192.711797474848,13.8921554781506
28.8,3,Highway.car[3],226.65,273.457840619284,11.1913535860227
28.8,4,Highway.car[4],226.65,342.103321699394,8.77165672586858
28.8,5,Highway.car[5],226.65,389.824297765681,4.79479717602254
28.8,6,Highway.car[6],226.65,411.142823767536,1.73541489108315
28.9,0,Highway.car[0],226.65,54.054599030582,15.4889543697645
28.9,1,Highway.car[1],226.65,123.802879225256,14.5514296311447
28.9,2,Highway.car[2],226.65,191.323388431918,13.8840904292921
28.9,3,Highway.car[3],226.65,272.338572469255,11.1926815002901
28.9,4,Highway.car[4],226.65,341.225129777818,8.78191921576113
28.9,5,Highway.car[5],226.65,389.341506853655,4.82790912025165
28.9,6,Highway.car[6],226.65,410.964939680949,1.77884086587025
29,0,Highway.car[0],226.65,52.5041717204614,15.5042731012066
29,1,Highway.car[1],226.65,122.348136361544,14.547428637123
29,2,Highway.car[2],226.65,189.935040660833,13.8834777108543
29,3,Highway.car[3],226.65,271.220539915513,11.1803255374241
29,4,Highway.car[4],226.65,340.348302083971,8.76827693847567
29,5,Highway.car[5],226.65,388.855202448236,4.86304405419318
29,6,Highway.car[6],226.65,410.783234960665,1.81704720283766
29.1,0,Highway.car[0],226.65,50.9527597571212,15.5141196334024
29.1,1,Highway.car[1],226.65,120.891664329331,14.5647203221212
29.1,2,Highway.car[2],226.65,188.545159469731,13.8988119110158
29.1,3,Highway.car[3],226.65,270.102809992962,11.1772992255026
29.1,4,Highway.car[4],226.65,339.469485450705,8.78816633265466
29.1,5,Highway.car[5],226.65,388.363967531972,4.9123491626454
29.1,6,Highway.car[6],226.65,410.598602954269,1.8463200639604
29.2,0,Highway.car[0],226.65,49.4034240074109,15.4933574971032
29.2,1,Highway.car[1],226.65,119.434619267528,14.57045061803
29.2,2,Highway.car[2],226.65,187.157501744973,13.876577247587
29.2,3,Highway.car[3],226.65,268.984998688354,11.1781130460848
29.2,4,Highway.car[4],226.65,338.591514765839,8.77970684865862
29.2,5,Highway.car[5],226.65,387.867884981694,4.96082550277304
29.2,6,Highway.car[6],226.65,410.409038615979,1.89564338289575
29.3,0,Highway.car[0],226.65,47.855685109855,15.4773889755585
29.3,1,Highway.car[1],226.65,117.980299469256,14.5431979827285
29.3,2,Highway.car[2],226.65,185.770724449056,13.8677729591671
29.3,3,Highway.car[3],226.65,267.868414710847,11.1658397750685
29.3,4,Highway.car[4],226.65,337.711987781762,8.79526984076947
29.3,5,Highway.car[5],226.65,387.367364532076,5.00520449617877
29.3,6,Highway.car[6],226.65,410.214500996125,1.94537619854232
29.4,0,Highway.car[0],226.65,46.3070814686399,15.4860364121512
29.4,1,Highway.car[1],226.65,116.525457116287,14.5484235296892
29.4,2,Highway.car[2],226.65,184.381943985931,13.8878046312509
29.4,3,Highway.car[3],226.65,266.75051469436,11.1790001648688
29.4,4,Highway.car[4],226.65,336.832927391132,8.79060390630364
29.4,5,Highway.car[5],226.65,386.862884613282,5.04479918794729
29.4,6,Highway.car[6],226.65,410.015130696881,1.99370299244382
29.5,0,Highway.car[0],226.65,44.7558228039198,15.512586647201
29.5,1,Highway.car[1],226.65,115.068400308571,14.5705680771561
29.5,2,Highway.car[2],226.65,182.994805867746,13.871381181851
29.5,3,Highway.car[3],226.65,265.632860669358,11.1765402500203
29.5,4,Highway.car[4],226.65,335.955080911681,8.77846479450911
29.5,5,Highway.car[5],226.65,386.354304180576,5.08580432706069
29.5,6,Highway.car[6],226.65,409.810857595243,2.04273101638037
29.6,0,Highway.car[0],226.65,43.2054825440564,15.5034025986341
29.6,1,Highway.car[1],226.65,113.613423758762,14.5497654980915
29.6,2,Highway.car[2],226.65,181.608116808062,13.8668905968321
29.6,3,Highway.car[3],226.65,264.514453556103,11.1840711325535
29.6,4,Highway.car[4],226.65,335.076428144381,8.78652767299861
29.6,5,Highway.car[5],226.65,385.840589831329,5.13714349246816
29.6,6,Highway.car[6],226.65,409.602885736393,2.07971858850064
29.7,0,Highway.car[0],226.65,41.6549419811739,15.5054056288243
29.7,1,Highway.car[1],226.65,112.156880875253,14.5654288350912
29.7,2,Highway.car[2],226.65,180.218415657264,13.897011507987
29.7,3,Highway.car[3],226.65,263.395261517872,11.1919203823106
29.7,4,Highway.car[4],226.65,334.19674652369,8.79681620690972
29.7,5,Highway.car[5],226.65,385.322650750185,5.17939081143866
29.7,6,Highway.car[6],226.65,409.391758839485,2.11126896907425
29.8,0,Highway.car[0],226.65,40.1064349213033,15.4850705987063
29.8,1,Highway.car[1],226.65,110.701365259099,14.5551561615353
29.8,2,Highway.car[2],226.65,178.829726759974,13.8868889728952
29.8,3,Highway.car[3],226.65,262.277236567207,11.1802495066426
29.8,4,Highway.car[4],226.65,333.319048283351,8.77698240339756
29.8,5,Highway.car[5],226.65,384.801012474901,5.21638275284063
29.8,6,Highway.car[6],226.65,409.176639111144,2.15119728341199
29.9,0,Highway.car[0],226.65,38.5557710506899,15.5066387061343
29.9,1,Highway.car[1],226.65,109.244190198694,14.5717506040486
29.9,2,Highway.car[2],226.65,177.441826016397,13.8790074357735
29.9,3,Highway.car[3],226.65,261.160120707414,11.171158597935
29.9,4,Highway.car[4],226.65,332.441534584695,8.77513698655367
29.9,5,Highway.car[5],226.65,384.27427407269,5.26738402211013
29.9,6,Highway.car[6],226.65,408.958264018321,2.18375092822675
30,0,Highway.car[0],226.65,37.0079016625302,15.4786938815971
30,1,Highway.car[1],226.65,107.788893617358,14.5529658133611
30,2,Highway.car[2],226.65,176.051852529401,13.8997348699588
30,3,Highway.car[3],226.65,260.041275080703,11.1884562671068
30,4,Highway.car[4],226.65,331.562863517132,8.78671067563444
30,5,Highway.car[5],226.65,383.742399677683,5.3187439500722
30,6,Highway.car[6],226.65,408.735302510862,2.22961507458904
30.1,0,Highway.car[0],226.65,35.4586621234114,15.4923953911883
30.1,1,Highway.car[1],226.65,106.334724540854,14.5416907650458
30.1,2,Highway.car[2],226.65,174.664393140679,13.8745938872173
30.1,3,Highway.car[3],226.65,258.922231893934,11.1904318676947
30.1,4,Highway.car[4],226.65,330.683498290178,8.79365226953477
30.1,5,Highway.car[5],226.65,383.205309359607,5.37090318075473
30.1,6,Highway.car[6],226.65,408.50915888776,2.26143623102539
30.1,7,Highway.car[7],226.65,416.140139305787,0.098606942129205
30.2,0,Highway.car[0],226.65,33.9104979151022,15.4816420830914
30.2,1,Highway.car[1],226.65,104.879910890658,14.5481365019565
30.2,2,Highway.car[2],226.65,173.274415464662,13.8997767601712
30.2,3,Highway.car[3],226.65,257.804491995962,11.1773989797174
30.2,4,Highway.car[4],226.65,329.805726799599,8.77771490579098
30.2,5,Highway.car[5],226.65,382.663047216596,5.42262143011111
30.2,6,Highway.car[6],226.65,408.279671370686,2.29487517074008
30.2,7,Highway.car[7],226.65,416.120652175877,0.19487129910135
30.3,0,Highway.car[0],226.65,32.3598548303979,15.5064308470429
30.3,1,Highway.car[1],226.65,103.4240763931,14.5583449755788
30.3,2,Highway.car[2],226.65,171.887950108722,13.8646535594035
30.3,3,Highway.car[3],226.65,256.685591584731,11.1890041123109
30.3,4,Highway.car[4],226.65,328.927990785453,8.77736014146358
30.3,5,Highway.car[5],226.65,382.11613539193,5.46911824665799
30.3,6,Highway.car[6],226.65,408.0463930264,2.33278344286164
30.3,7,Highway.car[7],226.65,416.091753147873,0.288990280035747
30.4,0,Highway.car[0],226.65,30.8083416280144,15.5151320238353
30.4,1,Highway.car[1],226.65,101.967922124659,14.5615426844084
30.4,2,Highway.car[2],226.65,170.499553245737,13.8839686298454
30.4,3,Highway.car[3],226.65,255.567368713312,11.1822287141893
30.4,4,Highway.car[4],226.65,328.051070979796,8.76919805657119
30.4,5,Highway.car[5],226.65,381.565823842521,5.50311549409664
30.4,6,Highway.car[6],226.65,407.809350774539,2.37042251860107
30.4,7,Highway.car[7],226.65,416.052935148217,0.388179996560485
30.5,1,Highway.car[1],226.65,100.513163239806,14.5475888485326
30.5,2,Highway.car[2],226.65,169.110151120431,13.8940212530671
30.5,3,Highway.car[3],226.65,254.449084415542,11.1828429777001
30.5,4,Highway.car[4],226.65,327.17192404515,8.79146934645623
30.5,5,Highway.car[5],226.65,381.010695360339,5.55128482181415
30.5,6,Highway.car[6],226.65,407.569078861207,2.40271913332947
30.5,7,Highway.car[7],226.65,416.005804819233,0.471303289842738
30.6,1,Highway.car[1],226.65,99.0577758307648,14.5538740904133
30.6,2,Highway.car[2],226.65,167.721252824366,13.8889829606488
30.6,3,Highway.car[3],226.65,253.331484311613,11.1760010392882
30.6,4,Highway.car[4],226.65,326.29330778163,8.78616263519973
30.6,5,Highway.car[5],226.65,380.451864231588,5.58831128750833
30.6,6,Highway.car[6],226.65,407.3257805361,2.43298325106177
30.6,7,Highway.car[7],226.65,415.950523918898,0.552809003354237
30.7,1,Highway.car[1],226.65,97.6011322176287,14.5664361313607
30.7,2,Highway.car[2],226.65,166.333544371047,13.8770845331829
30.7,3,Highway.car[3],226.65,252.214469495544,11.1701481606951
30.7,4,Highway.car[4],226.65,325.415671278852,8.77636502777785
30.7,5,Highway.car[5],226.65,379.887675498169,5.64188733419588
30.7,6,Highway.car[6],226.65,407.077530861787,2.48249674313202
30.7,7,Highway.car[7],226.65,415.885555824793,0.649680941046222
30.8,1,Highway.car[1],226.65,96.1450317691914,14.5610044843731
30.8,2,Highway.car[2],226.65,164.944221325774,13.8932304527313
30.8,3,Highway.car[3],226.65,251.097684365195,11.167851303491
30.8,4,Highway.car[4],226.65,324.536527617771,8.79143661081791
30.8,5,Highway.car[5],226.65,379.319693345767,5.67982152402004
30.8,6,Highway.car[6],226.65,406.824872866164,2.52657995623211
30.8,7,Highway.car[7],226.65,415.810651850967,0.749039738261539
30.9,1,Highway.car[1],226.65,94.6877845195691,14.5724724962229
30.9,2,Highway.car[2],226.65,163.557368137103,13.8685318867126
30.9,3,Highway.car[3],226.65,249.979284464963,11.1839990023174
30.9,4,Highway.car[4],226.65,323.657262387169,8.79265230601281
30.9,5,Highway.car[5],226.65,378.748301523609,5.71391822157682
30.9,6,Highway.car[6],226.65,406.568379643965,2.56493222198706
30.9,7,Highway.car[7],226.65,415.728340109989,0.823117409780392
31,1,Highway.car[1],226.65,93.2338824304685,14.5390208910061
31,2,Highway.car[2],226.65,162.167638424513,13.8972971258974
31,3,Highway.car[3],226.65,248.861204571909,11.1807989305339
31,4,Highway.car[4],226.65,322.778383411028,8.78878976141661
31,5,Highway.car[5],226.65,378.173270841135,5.75030682473931
31,6,Highway.car[6],226.65,406.306897391566,2.61482252399694
31,7,Highway.car[7],226.65,415.638767025848,0.895730841411224
31.1,1,Highway.car[1],226.65,91.7785119381952,14.5537049227329
31.1,2,Highway.car[2],226.65,160.779867032292,13.8777139222119
31.1,3,Highway.car[3],226.65,247.744346770879,11.1685780103004
31.1,4,Highway.car[4],226.65,321.899745873763,8.78637537264824
31.1,5,Highway.car[5],226.65,377.593524564027,5.79746277108461
31.1,6,Highway.car[6],226.65,406.041295911279,2.65601480286709
31.1,7,Highway.car[7],226.65,415.542268971725,0.964980541224461
31.2,1,Highway.car[1],226.65,90.323602750621,14.5490918757422
31.2,2,Highway.car[2],226.65,159.392370052718,13.874969795743
31.2,3,Highway.car[3],226.65,246.624911822688,11.194349481914
31.2,4,Highway.car[4],226.65,321.02252648989,8.77219383872301
31.2,5,Highway.car[5],226.65,377.009182004026,5.84342560000786
31.2,6,Highway.car[6],226.65,405.771284030459,2.70011880820001
31.2,7,Highway.car[7],226.65,415.438564561253,1.03704410472197
31.3,1,Highway.car[1],226.65,88.8697408895489,14.5386186107206
31.3,2,Highway.car[2],226.65,158.00516347667,13.8720657604737
31.3,3,Highway.car[3],226.65,245.506501320963,11.1841050172527
31.3,4,Highway.car[4],226.65,320.145254750792,8.7727173909843
31.3,5,Highway.car[5],226.65,376.419610943119,5.89571060907048
31.3,6,Highway.car[6],226.65,405.497552072787,2.73731957671489
31.3,7,Highway.car[7],226.65,415.325084281013,1.13480280240193
31.4,1,Highway.car[1],226.65,87.4129428456806,14.5679804386832
31.4,2,Highway.car[2],226.65,156.617485404474,13.8767807219662
31.4,3,Highway.car[3],226.65,244.387028287291,11.194730336715
31.4,4,Highway.car[4],226.65,319.268329079992,8.76925670800358
31.4,5,Highway.car[5],226.65,375.826189855592,5.9342108752725
31.4,6,Highway.car[6],226.65,405.219275882743,2.78276190044208
31.4,7,Highway.car[7],226.65,415.203025844727,1.22058436285715
31.5,1,Highway.car[1],226.65,85.9576370703514,14.5530577532917
31.5,2,Highway.car[2],226.65,155.229391576235,13.8809382823883
31.5,3,Highway.car[3],226.65,243.269955906598,11.1707238069328
31.5,4,Highway.car[4],226.65,318.390684075999,8.77645003993064
31.5,5,Highway.car[5],226.65,375.228831549325,5.97358306266552
31.5,6,Highway.car[6],226.65,404.937638607336,2.81637275407522
31.5,7,Highway.car[7],226.65,415.073255150879,1.29770693847803
31.6,1,Highway.car[1],226.65,84.5030505055674,14.5458656478398
31.6,2,Highway.car[2],226.65,153.842977571254,13.8641400498087
31.6,3,Highway.car[3],226.65,242.15063642257,11.1931948402757
31.6,4,Highway.car[4],226.65,317.512936891484,8.77747184514254
31.6,5,Highway.car[5],226.65,374.625675579224,6.03155970101034
31.6,6,Highway.car[6],226.65,404.652700892645,2.84937714690716
31.6,7,Highway.car[7],226.65,414.935284490749,1.37970660129922
31.7,1,Highway.car[1],226.65,83.0482596121246,14.5479089344286
31.7,2,Highway.car[2],226.65,152.456340365574,13.8663720567962
31.7,3,Highway.car[3],226.65,241.031568301698,11.1906812087214
31.7,4,Highway.car[4],226.65,316.635326856711,8.77610034773499
31.7,5,Highway.car[5],226.65,374.018647682222,6.07027897001638
31.7,6,Highway.car[6],226.65,404.362861176495,2.89839716150042
31.7,7,Highway.car[7],226.65,414.789382154027,1.45902336722716
31.8,1,Highway.car[1],226.65,81.5919986322554,14.5626097986922
31.8,2,Highway.car[2],226.65,151.067410121753,13.8893024382126
31.8,3,Highway.car[3],226.65,239.912737268754,11.1883103294414
31.8,4,Highway.car[4],226.65,315.758522357867,8.76804498843849
31.8,5,Highway.car[5],226.65,373.406198361481,6.12449320741229
31.8,6,Highway.car[6],226.65,404.068662370123,2.94198806372204
31.8,7,Highway.car[7],226.65,414.63682123025,1.52560923776949
31.9,1,Highway.car[1],226.65,80.1380996414476,14.5389899080775
31.9,2,Highway.car[2],226.65,149.677843917664,13.8956620408883
31.9,3,Highway.car[3],226.65,238.794014867092,11.1872240166191
31.9,4,Highway.car[4],226.65,314.879922539204,8.78599818663299
31.9,5,Highway.car[5],226.65,372.788181577169,6.18016784311806
31.9,6,Highway.car[6],226.65,403.771250217478,2.97412152644445
31.9,7,Highway.car[7],226.65,414.476596883845,1.60224346405138
32,1,Highway.car[1],226.65,78.6835313996813,14.5456824176635
32,2,Highway.car[2],226.65,148.288389589447,13.8945432821708
32,3,Highway.car[3],226.65,237.677143924973,11.1687094211928
32,4,Highway.car[4],226.65,314.001912751258,8.78009787945449
32,5,Highway.car[5],226.65,372.164478722765,6.23702854404364
32,6,Highway.car[6],226.65,403.469073883949,3.02176333528793
32,7,Highway.car[7],226.65,414.309865298212,1.66731585632904
32.1,1,Highway.car[1],226.65,77.2292912742492,14.5424012543207
32.1,2,Highway.car[2],226.65,146.90073903632,13.8765055312775
32.1,3,Highway.car[3],226.65,236.559036036787,11.1810788818565
32.1,4,Highway.car[4],226.65,313.12365567307,8.78257078188658
32.1,5,Highway.car[5],226.65,371.536621183656,6.27857539108557
32.1,6,Highway.car[6],226.65,403.163736936066,3.05336947882979
32.1,7,Highway.car[7],226.65,414.134643676811,1.75221621400687
32.2,1,Highway.car[1],226.65,75.774805153882,14.5448612036724
32.2,2,Highway.car[2],226.65,145.513194511701,13.8754452461833
32.2,3,Highway.car[3],226.65,235.439612819541,11.1942321724619
32.2,4,Highway.car[4],226.65,312.246034456163,8.77621216906607
32.2,5,Highway.car[5],226.65,370.904751899111,6.31869284545815
32.2,6,Highway.car[6],226.65,402.853424199553,3.10312736513117
32.2,7,Highway.car[7],226.65,413.951633731676,1.83009945134875
32.3,1,Highway.car[1],226.65,74.3185278136683,14.562773402137
32.3,2,Highway.car[2],226.65,144.126762311987,13.8643219971387
32.3,3,Highway.car[3],226.65,234.322818401181,11.1679441835964
32.3,4,Highway.car[4],226.65,311.366428639839,8.79605816324055
32.3,5,Highway.car[5],226.65,370.26834973334,6.36402165770366
32.3,6,Highway.car[6],226.65,402.538175269702,3.1524892985148
32.3,7,Highway.car[7],226.65,413.759634718266,1.91999013410077
32.4,1,Highway.car[1],226.65,72.8630554400352,14.5547237363311
32.4,2,Highway.car[2],226.65,142.740008818903,13.8675349308448
32.4,3,Highway.car[3],226.65,233.205211871884,11.1760652929731
32.4,4,Highway.car[4],226.65,310.487689153499,8.78739486339688
32.4,5,Highway.car[5],226.65,369.628133446084,6.40216287256286
32.4,6,Highway.car[6],226.65,402.219915148398,3.18260121303926
32.4,7,Highway.car[7],226.65,413.5592571423,2.00377575966074
32.5,1,Highway.car[1],226.65,71.4071257426137,14.5592969742143
32.5,2,Highway.car[2],226.65,141.350343931227,13.8966488767564
32.5,3,Highway.car[3],226.65,232.08681452821,11.1839734367456
32.5,4,Highway.car[4],226.65,309.609617619026,8.78071534473449
32.5,5,Highway.car[5],226.65,368.983042562579,6.45090883504621
32.5,6,Highway.car[6],226.65,401.896805121946,3.23110026451725
32.5,7,Highway.car[7],226.65,413.35021377691,2.09043365389585
32.6,1,Highway.car[1],226.65,69.9508654754534,14.562602671603
32.6,2,Highway.car[2],226.65,139.963589269845,13.8675466138264
32.6,3,Highway.car[3],226.65,230.967844913936,11.1896961427387
32.6,4,Highway.car[4],226.65,308.731233013491,8.7838460553512
32.6,5,Highway.car[5],226.65,368.332007423061,6.51035139518858
32.6,6,Highway.car[6],226.65,401.57009864362,3.26706478325732
32.6,7,Highway.car[7],226.65,413.131616411972,2.18597364938013
32.7,1,Highway.car[1],226.65,68.4948729371094,14.5599253834393
32.7,2,Highway.car[2],226.65,138.576725772486,13.8686349735856
32.7,3,Highway.car[3],226.65,229.850349028438,11.1749588549731
32.7,4,Highway.car[4],226.65,307.853050056352,8.78182957138866
32.7,5,Highway.car[5],226.65,367.677547418605,6.54460004455268
32.7,6,Highway.car[6],226.65,401.239609971927,3.30488671693043
32.7,7,Highway.car[7],226.65,412.903999188143,2.27617223829391
32.8,1,Highway.car[1],226.65,67.0404819221923,14.5439101491722
32.8,2,Highway.car[2],226.65,137.188119889928,13.8860588255841
32.8,3,Highway.car[3],226.65,228.731095214515,11.192538139231
32.8,4,Highway.car[4],226.65,306.976215151569,8.76834904782474
32.8,5,Highway.car[5],226.65,367.019147612249,6.58399806356731
32.8,6,Highway.car[6],226.65,400.905795182806,3.33814789121529
32.8,7,Highway.car[7],226.65,412.668735685124,2.3526350301901
32.9,1,Highway.car[1],226.65,65.5854023421369,14.5507958005536
32.9,2,Highway.car[2],226.65,135.800258460244,13.8786142968377
32.9,3,Highway.car[3],226.65,227.612588893303,11.1850632121251
32.9,4,Highway.car[4],226.65,306.099246186215,8.76968965354562
32.9,5,Highway.car[5],226.65,366.356591804497,6.62555807751881
32.9,6,Highway.car[6],226.65,400.567468810823,3.38326371982834
32.9,7,Highway.car[7],226.65,412.423978074809,2.44757610315118
33,1,Highway.car[1],226.65,64.1297151988865,14.5568714325041
33,2,Highway.car[2],226.65,134.413424073731,13.8683438651264
33,3,Highway.car[3],226.65,226.492597520376,11.1999137292651
33,4,Highway.car[4],226.65,305.222403958593,8.76842227622122
33,5,Highway.car[5],226.65,365.689721715647,6.66870088849517
33,6,Highway.car[6],226.65,400.225667472845,3.41801337978244
33,7,Highway.car[7],226.65,412.171343814426,2.52634260382863
33.1,1,Highway.car[1],226.65,62.6725916057347,14.5712359315185
33.1,2,Highway.car[2],226.65,133.025387968313,13.8803610541774
33.1,3,Highway.car[3],226.65,225.37523852538,11.1735899499583
33.1,4,Highway.car[4],226.65,304.34342224552,8.78981713072211
33.1,5,Highway.car[5],226.65,365.017788659732,6.71933055915286
33.1,6,Highway.car[6],226.65,399.879054227095,3.46613245749812
33.1,7,Highway.car[7],226.65,411.911051972077,2.60291842349117
33.2,1,Highway.car[1],226.65,61.2185837929972,14.5400781273753
33.2,2,Highway.car[2],226.65,131.637832193347,13.8755577496635
33.2,3,Highway.car[3],226.65,224.258332637997,11.1690588738362
33.2,4,Highway.car[4],226.65,303.465164398497,8.7825784702301
33.2,5,Highway.car[5],226.65,364.342427036899,6.75361622832597
33.2,6,Highway.car[6],226.65,399.529674756266,3.49379470828712
33.2,7,Highway.car[7],226.65,411.643165798857,2.67886173219896
33.3,1,Highway.car[1],226.65,59.7634984721435,14.5508532085367
33.3,2,Highway.car[2],226.65,130.249066879975,13.8876531337239
33.3,3,Highway.car[3],226.65,223.141821667442,11.1651097055525
33.3,4,Highway.car[4],226.65,302.586344425363,8.78819973134249
33.3,5,Highway.car[5],226.65,363.664669094056,6.77757942843367
33.3,6,Highway.car[6],226.65,399.176571294775,3.53103461491492
33.3,7,Highway.car[7],226.65,411.365490875376,2.77674923481197
33.4,1,Highway.car[1],226.65,58.3082590533592,14.5523941878432
33.4,2,Highway.car[2],226.65,128.860109757291,13.8895712268371
33.4,3,Highway.car[3],226.65,222.024918983836,11.1690268360591
33.4,4,Highway.car[4],226.65,301.706620141017,8.79724284345657
33.4,5,Highway.car[5],226.65,362.986200163713,6.78468930342421
33.4,6,Highway.car[6],226.65,398.818663350066,3.57907944708388
33.4,7,Highway.car[7],226.65,411.079062511666,2.86428363709488
33.5,1,Highway.car[1],226.65,56.8521214684664,14.5613758489273
33.5,2,Highway.car[2],226.65,127.470948485153,13.8916127213798
33.5,3,Highway.car[3],226.65,220.904919274664,11.1999970917183
33.5,4,Highway.car[4],226.65,300.828611395036,8.78008745981753
33.5,5,Highway.car[5],226.65,362.30708883133,6.79111332383798
33.5,6,Highway.car[6],226.65,398.457662528986,3.61000821080897
33.5,7,Highway.car[7],226.65,410.784893479311,2.94169032355315
33.6,1,Highway.car[1],226.65,55.3981203340527,14.5400113441369
33.6,2,Highway.car[2],226.65,126.084443963806,13.8650452134684
33.6,3,Highway.car[3],226.65,219.785970708564,11.1894856609963
33.6,4,Highway.car[4],226.65,299.94884053168,8.79770863355696
33.6,5,Highway.car[5],226.65,361.627333136645,6.79755694684735
33.6,6,Highway.car[6],226.65,398.092158944003,3.65503584983026
33.6,7,Highway.car[7],226.65,410.482805622404,3.02087856906477
33.7,1,Highway.car[1],226.65,53.9435887482733,14.5453158577944
33.7,2,Highway.car[2],226.65,124.695762897554,13.8868106625173
33.7,3,Highway.car[3],226.65,218.668070528135,11.179001804291
33.7,4,Highway.car[4],226.65,299.069307864174,8.79532667505741
33.7,5,Highway.car[5],226.65,360.949271783266,6.78061353378929
33.7,6,Highway.car[6],226.65,397.722592612993,3.69566331009521
33.7,7,Highway.car[7],226.65,410.173818345466,3.08987276938405
33.8,1,Highway.car[1],226.65,52.4893060850721,14.5428266320114
33.8,2,Highway.car[2],226.65,123.309198673742,13.8656422381252
33.8,3,Highway.car[3],226.65,217.550836949929,11.1723357820592
33.8,4,Highway.car[4],226.65,298.192334789936,8.76973074238748
33.8,5,Highway.car[5],226.65,360.270292708784,6.78979074482433
33.8,6,Highway.car[6],226.65,397.348724598932,3.73868014060916
33.8,7,Highway.car[7],226.65,409.855922538708,3.17895806757977
33.9,1,Highway.car[1],226.65,51.0339358454804,14.5537023959174
33.9,2,Highway.car[2],226.65,121.919306948446,13.8989172529643
33.9,3,Highway.car[3],226.65,216.433919344773,11.1691760515666
33.9,4,Highway.car[4],226.65,297.312847803807,8.79486986128241
33.9,5,Highway.car[5],226.65,359.591727102732,6.78565606051451
33.9,6,Highway.car[6],226.65,396.970229422713,3.78495176218765
33.9,7,Highway.car[7],226.65,409.529957850363,3.25964688345335
34,1,Highway.car[1],226.65,49.5781511295252,14.5578471595519
34,2,Highway.car[2],226.65,120.529673101122,13.8963384732399
34,3,Highway.car[3],226.65,215.316565842981,11.173535017916
34,4,Highway.car[4],226.65,296.434883358806,8.77964445000887
34,5,Highway.car[5],226.65,358.913940482935,6.7778661979693
34,6,Highway.car[6],226.65,396.58792466285,3.82304759863438
34,7,Highway.car[7],226.65,409.196517101664,3.33440748699136
34.1,1,Highway.car[1],226.65,48.1237245607172,14.5442656880808
34.1,2,Highway.car[2],226.65,119.142781909055,13.8689119206686
34.1,3,Highway.car[3],226.65,214.198258814205,11.183070287758
34.1,4,Highway.car[4],226.65,295.557885592898,8.7699776590839
34.1,5,Highway.car[5],226.65,358.234382512695,6.79557970239827
34.1,6,Highway.car[6],226.65,396.20269836382,3.85226299029624
34.1,7,Highway.car[7],226.65,408.853896579871,3.4262052179292
34.2,1,Highway.car[1],226.65,46.6670910000895,14.5663356062763
34.2,2,Highway.car[2],226.65,117.753175494281,13.8960641477397
34.2,3,Highway.car[3],226.65,213.07881668817,11.1944212603546
34.2,4,Highway.car[4],226.65,294.68047331729,8.77412275607884
34.2,5,Highway.car[5],226.65,357.555158862161,6.79223650534009
34.2,6,Highway.car[6],226.65,395.813243495693,3.89454868127383
34.2,7,Highway.car[7],226.65,408.501751147752,3.52145432118686
34.3,1,Highway.car[1],226.65,45.2108790852424,14.5621191484707
34.3,2,Highway.car[2],226.65,116.364203751203,13.8897174307732
34.3,3,Highway.car[3],226.65,211.961632559655,11.1718412851496
34.3,4,Highway.car[4],226.65,293.802360934483,8.78112382806838
34.3,5,Highway.car[5],226.65,356.875708261337,6.79450600824342
34.3,6,Highway.car[6],226.65,395.420420908076,3.92822587617231
34.3,7,Highway.car[7],226.65,408.142519181266,3.59231966486211
34.4,1,Highway.car[1],226.65,43.7540840145412,14.5679507070121
34.4,2,Highway.car[2],226.65,114.975994628998,13.8820912220543
34.4,3,Highway.car[3],226.65,210.842178159723,11.1945439993136
34.4,4,Highway.car[4],226.65,292.923223986915,8.79136947568506
34.4,5,Highway.car[5],226.65,356.197883708065,6.77824553271523
34.4,6,Highway.car[6],226.65,395.023996593662,3.96424314413592
34.4,7,Highway.car[7],226.65,407.773540589147,3.68978592119307
34.5,1,Highway.car[1],226.65,42.2994462373901,14.5463777715112
34.5,2,Highway.car[2],226.65,113.587093457888,13.8890117110964
34.5,3,Highway.car[3],226.65,209.725564115362,11.1661404436151
34.5,4,Highway.car[4],226.65,292.045867997351,8.7735598956421
34.5,5,Highway.car[5],226.65,355.518543653038,6.79340055027977
34.5,6,Highway.car[6],226.65,394.622668576671,4.01328016990645
34.5,7,Highway.car[7],226.65,407.396266633982,3.77273955164488
34.6,1,Highway.car[1],226.65,40.8450184706782,14.5442776671196
34.6,2,Highway.car[2],226.65,112.19937559668,13.8771786120832
34.6,3,Highway.car[3],226.65,208.606861539616,11.1870257574588
34.6,4,Highway.car[4],226.65,291.168188375723,8.77679621627182
34.6,5,Highway.car[5],226.65,354.841024056423,6.77519596614293
34.6,6,Highway.car[6],226.65,394.216633903164,4.06034673507407
34.6,7,Highway.car[7],226.65,407.010414291408,3.85852342574402
34.7,1,Highway.car[1],226.65,39.3881855999971,14.56832870681
34.7,2,Highway.car[2],226.65,110.809741209599,13.8963438708084
34.7,3,Highway.car[3],226.65,207.487748963166,11.1911257644964
34.7,4,Highway.car[4],226.65,290.289865997954,8.78322377769649
34.7,5,Highway.car[5],226.65,354.161304832644,6.79719223778904
34.7,6,Highway.car[6],226.65,393.806599330469,4.10034572694998
34.7,7,Highway.car[7],226.65,406.617235069006,3.93179222401358
34.8,1,Highway.car[1],226.65,37.9317476823215,14.5643791767564
34.8,2,Highway.car[2],226.65,109.420823245904,13.8891796369525
34.8,3,Highway.car[3],226.65,206.369086942963,11.1866202020284
34.8,4,Highway.car[4],226.65,289.412856475245,8.77009522708505
34.8,5,Highway.car[5],226.65,353.481509190809,6.7979564183529
34.8,6,Highway.car[6],226.65,393.392682062001,4.13917268468149
34.8,7,Highway.car[7],226.65,406.214751024464,4.02484044542663
34.9,1,Highway.car[1],226.65,36.4748733530474,14.568743292741
34.9,2,Highway.car[2],226.65,108.031039521381,13.8978372452268
34.9,3,Highway.car[3],226.65,205.249205235998,11.1988170696551
34.9,4,Highway.car[4],226.65,288.534159429824,8.78697045420855
34.9,5,Highway.car[5],226.65,352.804112524735,6.77396666074451
34.9,6,Highway.car[6],226.65,392.973783032253,4.18899029747548
34.9,7,Highway.car[7],226.65,405.804777947389,4.09973077074984
35,1,Highway.car[1],226.65,35.0184566231852,14.5641672986215
35,2,Highway.car[2],226.65,106.642971221135,13.8806830024663
35,3,Highway.car[3],226.65,204.130069151851,11.191360841468
35,4,Highway.car[4],226.65,287.655096056175,8.7906337364912
35,5,Highway.car[5],226.65,352.125039175605,6.79073349129502
35,6,Highway.car[6],226.65,392.550944311485,4.22838720768597
35,7,Highway.car[7],226.65,405.386988525534,4.17789421854668
35.1,1,Highway.car[1],226.65,33.5614105536761,14.5704606950916
35.1,2,Highway.car[2],226.65,105.254089994229,13.8888122690581
35.1,3,Highway.car[3],226.65,203.012562162011,11.1750698983995
35.1,4,Highway.car[4],226.65,286.776716059569,8.78379996605963
35.1,5,Highway.car[5],226.65,351.446137242616,6.78901932989014
35.1,6,Highway.car[6],226.65,392.124480464403,4.26463847082015
35.1,7,Highway.car[7],226.65,404.960772136332,4.2621638920229
35.2,1,Highway.car[1],226.65,32.1060086086345,14.5540194504154
35.2,2,Highway.car[2],226.65,103.865431853721,13.8865814050771
35.2,3,Highway.car[3],226.65,201.893758490611,11.1880367140064
35.2,4,Highway.car[4],226.65,285.898099270026,8.78616789542884
35.2,5,Highway.car[5],226.65,350.768061455627,6.78075786989159
35.2,6,Highway.car[6],226.65,391.695222822281,4.2925764212166
35.2,7,Highway.car[7],226.65,404.526307216643,4.3446491968819
35.3,1,Highway.car[1],226.65,30.6508360222072,14.5517258642735
35.3,2,Highway.car[2],226.65,102.478293839741,13.8713801397961
35.3,3,Highway.car[3],226.65,200.776168262609,11.1759022800182
35.3,4,Highway.car[4],226.65,285.019204224905,8.78895045121759
35.3,5,Highway.car[5],226.65,350.088934021368,6.79127434259094
35.3,6,Highway.car[6],226.65,391.262641417203,4.32581405077735
35.3,7,Highway.car[7],226.65,404.085248451795,4.41058764848286
35.4,2,Highway.car[2],226.65,101.090017165102,13.8827667463943
35.4,3,Highway.car[3],226.65,199.657670762709,11.1849749990017
35.4,4,Highway.car[4],226.65,284.140049599549,8.79154625355452
35.4,5,Highway.car[5],226.65,349.411223553339,6.77710468028579
35.4,6,Highway.car[6],226.65,390.825447200938,4.37194216265367
35.4,7,Highway.car[7],226.65,403.635333654342,4.49914797453569
35.5,2,Highway.car[2],226.65,99.7014856010267,13.8853156407531
35.5,3,Highway.car[3],226.65,198.5402773253,11.1739343740861
35.5,4,Highway.car[4],226.65,283.260465431313,8.79584168235958
35.5,5,Highway.car[5],226.65,348.73388711285,6.77336440489581
35.5,6,Highway.car[6],226.65,390.383638738231,4.41808462707233
35.5,7,Highway.car[7],226.65,403.176244865544,4.59088788797507
35.6,2,Highway.car[2],226.65,98.3131999276213,13.8828567340542
35.6,3,Highway.car[3],226.65,197.421073167921,11.1920415737934
35.6,4,Highway.car[4],226.65,282.382614728737,8.77850702576339
35.6,5,Highway.car[5],226.65,348.055530254523,6.78356858326588
35.6,6,Highway.car[6],226.65,389.937952791595,4.45685946635518
35.6,7,Highway.car[7],226.65,402.708972665844,4.67272199700131
35.7,2,Highway.car[2],226.65,96.9262764947517,13.8692343286965
35.7,3,Highway.car[3],226.65,196.302196695061,11.1887647285953
35.7,4,Highway.car[4],226.65,281.503698665596,8.78916063141078
35.7,5,Highway.car[5],226.65,347.377147180465,6.78383074057708
35.7,6,Highway.car[6],226.65,389.487655861029,4.50296930566162
35.7,7,Highway.car[7],226.65,402.233462326799,4.7551033904451
35.8,2,Highway.car[2],226.65,95.5395681746996,13.8670832005199
35.8,3,Highway.car[3],226.65,195.184425405147,11.177712899145
35.8,4,Highway.car[4],226.65,280.626132319553,8.77566346042603
35.8,5,Highway.car[5],226.65,346.698322044869,6.78825135596399
35.8,6,Highway.car[6],226.65,389.034008426798,4.53647434231441
35.8,7,Highway.car[7],226.65,401.750455207833,4.83007118966906
35.9,2,Highway.car[2],226.65,94.1522605641344,13.8730761056524
35.9,3,Highway.car[3],226.65,194.066762877335,11.1766252781113
35.9,4,Highway.car[4],226.65,279.748606277543,8.7752604200989
35.9,5,Highway.car[5],226.65,346.018932912214,6.79389132654807
35.9,6,Highway.car[6],226.65,388.577278264512,4.56730162285408
35.9,7,Highway.car[7],226.65,401.260356921856,4.9009828597704
36,2,Highway.car[2],226.65,92.7653157226318,13.8694484150261
36,3,Highway.car[3],226.65,192.947424609045,11.1933826829086
36,4,Highway.car[4],226.65,278.871789087866,8.7681718967706
36,5,Highway.car[5],226.65,345.341548599926,6.77384312287858
36,6,Highway.car[6],226.65,388.115608928076,4.6166933643599
36,7,Highway.car[7],226.65,400.764464157261,4.95892764594355
36.1,2,Highway.car[2],226.65,91.3771613568701,13.8815436576167
36.1,3,Highway.car[3],226.65,191.829982972647,11.1744163639785
36.1,4,Highway.car[4],226.65,277.992389650893,8.79399436973035
36.1,5,Highway.car[5],226.65,344.661788091766,6.79760508160689
36.1,6,Highway.car[6],226.65,387.649905507224,4.65703420852101
36.1,7,Highway.car[7],226.65,400.269691987304,4.94772169956713
36.2,2,Highway.car[2],226.65,89.9883573710788,13.8880398579137
36.2,3,Highway.car[3],226.65,190.7111700435,11.1881292914716
36.2,4,Highway.car[4],226.65,277.112809681778,8.7957996911481
36.2,5,Highway.car[5],226.65,343.982528472707,6.79259619058738
36.2,6,Highway.car[6],226.65,387.180432803907,4.69472703316738
36.2,7,Highway.car[7],226.65,399.773872348676,4.95819638628023
36.3,2,Highway.car[2],226.65,88.5986604688187,13.8969690226009
36.3,3,Highway.car[3],226.65,189.593121864017,11.1804817948304
36.3,4,Highway.car[4],226.65,276.234744055474,8.78065626303852
36.3,5,Highway.car[5],226.65,343.302752081015,6.79776391692017
36.3,6,Highway.car[6],226.65,386.707857032227,4.72575771680649
36.3,7,Highway.car[7],226.65,399.276182405922,4.97689942754179
36.4,2,Highway.car[2],226.65,87.2091510923042,13.8950937651452
36.4,3,Highway.car[3],226.65,188.473323793157,11.1979807085916
36.4,4,Highway.car[4],226.65,275.355153334378,8.79590721096099
36.4,5,Highway.car[5],226.65,342.624297733058,6.78454347956972
36.4,6,Highway.car[6],226.65,386.231429164971,4.76427867255371
36.4,7,Highway.car[7],226.65,398.777257611342,4.98924794580516
36.5,2,Highway.car[2],226.65,85.8203739292676,13.8877716303654
36.5,3,Highway.car[3],226.65,187.356336314707,11.1698747845006
36.5,4,Highway.car[4],226.65,274.476561813091,8.78591521287709
36.5,5,Highway.car[5],226.65,341.946624037936,6.77673695122148
36.5,6,Highway.car[6],226.65,385.751205508133,4.80223656838667
36.5,7,Highway.car[7],226.65,398.277664107412,4.99593503929997
36.6,2,Highway.car[2],226.65,84.4316714281224,13.8870250114519
36.6,3,Highway.car[3],226.65,186.236726526956,11.1960978775099
36.6,4,Highway.car[4],226.65,273.599357311486,8.77204501604289
36.6,5,Highway.car[5],226.65,341.268810921579,6.77813116357219
36.6,6,Highway.car[6],226.65,385.267579385979,4.83626122153387
36.6,7,Highway.car[7],226.65,397.778589555222,4.99074552189989
36.7,2,Highway.car[2],226.65,83.0450165676351,13.866548604873
36.7,3,Highway.car[3],226.65,185.117379922902,11.1934660405456
36.7,4,Highway.car[4],226.65,272.720995898593,8.78361412893236
36.7,5,Highway.car[5],226.65,340.589592104933,6.79218816645397
36.7,6,Highway.car[6],226.65,384.780591697281,4.86987688698189
36.7,7,Highway.car[7],226.65,397.27937357534,4.99215979881729
36.8,2,Highway.car[2],226.65,81.6566818099565,13.8833475767868
36.8,3,Highway.car[3],226.65,183.999247977552,11.1813194534951
36.8,4,Highway.car[4],226.65,271.842202832243,8.78793066350371
36.8,5,Highway.car[5],226.65,339.910695525286,6.7889657964725
36.8,6,Highway.car[6],226.65,384.288843657807,4.91748039474501
36.8,7,Highway.car[7],226.65,396.778461446873,5.00912128467492
36.9,2,Highway.car[2],226.65,80.268369859236,13.8831195072047
36.9,3,Highway.car[3],226.65,182.880909848658,11.1833812889457
36.9,4,Highway.car[4],226.65,270.96384488004,8.78357952202857
36.9,5,Highway.car[5],226.65,339.231514963532,6.79180561753944
36.9,6,Highway.car[6],226.65,383.792439027916,4.96404629890364
36.9,7,Highway.car[7],226.65,396.274875578165,5.03585868707716
37,2,Highway.car[2],226.65,78.8789854919919,13.8938436724404
37,3,Highway.car[3],226.65,181.764094425736,11.1681542292167
37,4,Highway.car[4],226.65,270.086147808923,8.77697071117163
37,5,Highway.car[5],226.65,338.553987959965,6.77527003567177
37,6,Highway.car[6],226.65,383.291622068675,5.00816959241545
37,7,Highway.car[7],226.65,395.769542308419,5.0533326974591
37.1,2,Highway.car[2],226.65,77.4921986064437,13.867868855482
37.1,3,Highway.car[3],226.65,180.647518303847,11.1657612188894
37.1,4,Highway.car[4],226.65,269.206150742558,8.79997066365183
37.1,5,Highway.car[5],226.65,337.876648292336,6.77339667628962
37.1,6,Highway.car[6],226.65,382.785909880774,5.05712187900988
37.1,7,Highway.car[7],226.65,395.261937133235,5.07605175184177
37.2,2,Highway.car[2],226.65,76.1033119247404,13.8888668170339
37.2,3,Highway.car[3],226.65,179.527682312853,11.1983599099377
37.2,4,Highway.car[4],226.65,268.327603399472,8.78547343085706
37.2,5,Highway.car[5],226.65,337.198329223789,6.78319068547152
37.2,6,Highway.car[6],226.65,382.276893979626,5.09015901147702
37.2,7,Highway.car[7],226.65,394.752138041537,5.0979909169824
37.3,2,Highway.car[2],226.65,74.7140054642981,13.8930646044221
37.3,3,Highway.car[3],226.65,178.407825800494,11.1985651235899
37.3,4,Highway.car[4],226.65,267.447765952909,8.79837446562946
37.3,5,Highway.car[5],226.65,336.519648034408,6.78681189380214
37.3,6,Highway.car[6],226.65,381.763775151438,5.13118828187603
37.3,7,Highway.car[7],226.65,394.239785225119,5.12352816417944
37.4,2,Highway.car[2],226.65,73.3249000446693,13.8910541962879
37.4,3,Highway.car[3],226.65,177.291260549567,11.1656525092758
37.4,4,Highway.car[4],226.65,266.570872100434,8.7689385247454
37.4,5,Highway.car[5],226.65,335.840192762295,6.79455272113881
37.4,6,Highway.car[6],226.65,381.247000539094,5.16774612344417
37.4,7,Highway.car[7],226.65,393.72703330132,5.12751923798795
37.5,2,Highway.car[2],226.65,71.9378864860698,13.8701355859954
37.5,3,Highway.car[3],226.65,176.172896084276,11.1836446529126
37.5,4,Highway.car[4],226.65,265.693293419445,8.77578680989146
37.5,5,Highway.car[5],226.65,335.160406014131,6.79786748163076
37.5,6,Highway.car[6],226.65,380.725241768731,5.21758770363021
37.5,7,Highway.car[7],226.65,393.212705932923,5.14327368396831
37.6,2,Highway.car[2],226.65,70.5479685552317,13.8991793083809
37.6,3,Highway.car[3],226.65,175.053101311295,11.1979477298004
37.6,4,Highway.car[4],226.65,264.813536952521,8.79756466924399
37.6,5,Highway.car[5],226.65,334.481713720356,6.78692293775827
37.6,6,Highway.car[6],226.65,380.199826290558,5.25415478173084
37.6,7,Highway.car[7],226.65,392.692505988784,5.20199944139181
37.7,2,Highway.car[2],226.65,69.1600985650944,13.8786999013741
37.7,3,Highway.car[3],226.65,173.934083523511,11.1901778778422
37.7,4,Highway.car[4],226.65,263.93364791133,8.79889041190595
37.7,5,Highway.car[5],226.65,333.802383281727,6.79330438629095
37.7,6,Highway.car[6],226.65,379.671554959822,5.28271330735669
37.7,7,Highway.car[7],226.65,392.173035771801,5.19470216982622
37.8,2,Highway.car[2],226.65,67.773231541485,13.868670236093
37.8,3,Highway.car[3],226.65,172.815802775188,11.182807483233
37.8,4,Highway.car[4],226.65,263.055060358,8.78587553329766
37.8,5,Highway.car[5],226.65,333.1226295332,6.79753748526261
37.8,6,Highway.car[6],226.65,379.138885633191,5.32669326631142
37.8,7,Highway.car[7],226.65,391.651413178014,5.21622593786731
37.9,2,Highway.car[2],226.65,66.3859937180203,13.8723782346472
37.9,3,Highway.car[3],226.65,171.696107832147,11.1969494304084
37.9,4,Highway.car[4],226.65,262.176235192393,8.7882516560778
37.9,5,Highway.car[5],226.65,332.444569800207,6.7805973299318
37.9,6,Highway.car[6],226.65,378.601986283531,5.36899349660112
37.9,7,Highway.car[7],226.65,391.124504992615,5.26908185399655
38,2,Highway.car[2],226.65,64.9976345808428,13.8835913717747
38,3,Highway.car[3],226.65,170.579062802169,11.1704502997827
38,4,Highway.car[4],226.65,261.298513736088,8.77721456304938
38,5,Highway.car[5],226.65,331.766696310457,6.77873489749827
38,6,Highway.car[6],226.65,378.06378207868,5.38204204850772
38,7,Highway.car[7],226.65,390.597972058542,5.26532934072311
38.1,2,Highway.car[2],226.65,63.6108572648162,13.8677731602658
38.1,3,Highway.car[3],226.65,169.460145594055,11.1891720811406
38.1,4,Highway.car[4],226.65,260.420152315791,8.78361420296878
38.1,5,Highway.car[5],226.65,331.087246799585,6.79449510872248
38.1,6,Highway.car[6],226.65,377.524066420384,5.39715658295725
38.1,7,Highway.car[7],226.65,390.069055917242,5.28916141300154
38.2,2,Highway.car[2],226.65,62.2226210959661,13.8823616885012
38.2,3,Highway.car[3],226.65,168.341160650881,11.1898494317394
38.2,4,Highway.car[4],226.65,259.541418992387,8.78733323403448
38.2,5,Highway.car[5],226.65,330.408099570082,6.79147229502886
38.2,6,Highway.car[6],226.65,376.984074102736,5.39992317648896
38.2,7,Highway.car[7],226.65,389.538742562606,5.30313354636019
38.3,2,Highway.car[2],226.65,60.8352966902689,13.8732440569727
38.3,3,Highway.car[3],226.65,167.223722565298,11.1743808558292
38.3,4,Highway.car[4],226.65,258.662803145616,8.78615846771747
38.3,5,Highway.car[5],226.65,329.72990815533,6.78191414752277
38.3,6,Highway.car[6],226.65,376.445859048645,5.38215054090251
38.3,7,Highway.car[7],226.65,389.006726229235,5.32016333371288
38.4,2,Highway.car[2],226.65,59.4480580618933,13.8723862837553
38.4,3,Highway.car[3],226.65,166.106804972833,11.1691759246448
38.4,4,Highway.car[4],226.65,257.783778478146,8.79024667469412
38.4,5,Highway.car[5],226.65,329.051202036125,6.78706119205011
38.4,6,Highway.car[6],226.65,375.908042025658,5.37817022987001
38.4,7,Highway.car[7],226.65,388.475974054788,5.30752174446919
38.5,2,Highway.car[2],226.65,58.0581039576085,13.8995410428485
38.5,3,Highway.car[3],226.65,164.989000984487,11.1780398834671
38.5,4,Highway.car[4],226.65,256.906770487656,8.770079904899
38.5,5,Highway.car[5],226.65,328.373253158171,6.7794887795425
38.5,6,Highway.car[6],226.65,375.368579093939,5.39462931719434
38.5,7,Highway.car[7],226.65,387.945919053291,5.3005500149686
38.6,2,Highway.car[2],226.65,56.6698843713002,13.882195863083
38.6,3,Highway.car[3],226.65,163.869121229976,11.1987975451048
38.6,4,Highway.car[4],226.65,256.029253839164,8.77516648492217
38.6,5,Highway.car[5],226.65,327.694075943509,6.79177214661357
38.6,6,Highway.car[6],226.65,374.829014474052,5.39564619886922
38.6,7,Highway.car[7],226.65,387.412740316844,5.3317873644753
38.7,2,Highway.car[2],226.65,55.2822709116144,13.8761345968582
38.7,3,Highway.car[3],226.65,162.750525388328,11.1859584164841
38.7,4,Highway.car[4],226.65,255.152151427947,8.77102411217242
38.7,5,Highway.car[5],226.65,327.016183732615,6.77892210894008
38.7,6,Highway.car[6],226.65,374.290296469696,5.38718004355731
38.7,7,Highway.car[7],226.65,386.878968859573,5.33771457270809
38.8,2,Highway.car[2],226.65,53.8936293581864,13.8864155342793
38.8,3,Highway.car[3],226.65,161.632065828284,11.1845956004399
38.8,4,Highway.car[4],226.65,254.27480072431,8.77350703636557
38.8,5,Highway.car[5],226.65,326.338809456464,6.77374276151136
38.8,6,Highway.car[6],226.65,373.752431584524,5.37864885171759
38.8,7,Highway.car[7],226.65,386.348431032277,5.30537827296019
38.9,2,Highway.car[2],226.65,52.505486882923,13.881424752634
38.9,3,Highway.car[3],226.65,160.514731355563,11.1733447272121
38.9,4,Highway.car[4],226.65,253.396089041921,8.78711682388932
38.9,5,Highway.car[5],226.65,325.660133265474,6.78676190990256
38.9,6,Highway.car[6],226.65,373.214568886087,5.37862698437471
38.9,7,Highway.car[7],226.65,385.816814927442,5.31616104834515
39,2,Highway.car[2],226.65,51.1159746132798,13.8951226964323
39,3,Highway.car[3],226.65,159.394923260789,11.1980809477414
39,4,Highway.car[4],226.65,252.51843251926,8.77656522661448
39,5,Highway.car[5],226.65,324.982362495519,6.77770769954566
39,6,Highway.car[6],226.65,372.676686895308,5.37881990778493
39,7,Highway.car[7],226.65,385.283918240855,5.32896686587672
39.1,2,Highway.car[2],226.65,49.7274178844219,13.8855672885785
39.1,3,Highway.car[3],226.65,158.275819996424,11.191032643643
39.1,4,Highway.car[4],226.65,251.640985831281,8.77446687979251
39.1,5,Highway.car[5],226.65,324.304437484094,6.77925011425209
39.1,6,Highway.car[6],226.65,372.137872913162,5.38813982146327
39.1,7,Highway.car[7],226.65,384.750566264741,5.33351976113898
39.2,2,Highway.car[2],226.65,48.3397495582028,13.8766832621917
39.2,3,Highway.car[3],226.65,157.158136573055,11.1768342336873
39.2,4,Highway.car[4],226.65,250.762873050412,8.78112780868262
39.2,5,Highway.car[5],226.65,323.627086123518,6.77351360576251
39.2,6,Highway.car[6],226.65,371.597998418901,5.39874494260701
39.2,7,Highway.car[7],226.65,384.218423032761,5.32143231979847
39.3,2,Highway.car[2],226.65,46.9514521322434,13.8829742595935
39.3,3,Highway.car[3],226.65,156.039548881321,11.1858769173408
39.3,4,Highway.car[4],226.65,249.886003767102,8.76869283310324
39.3,5,Highway.car[5],226.65,322.947756627741,6.79329495776887
39.3,6,Highway.car[6],226.65,371.058845997236,5.39152421665785
39.3,7,Highway.car[7],226.65,383.684640881773,5.33782150988192
39.4,2,Highway.car[2],226.65,45.5625442803354,13.8890785190808
39.4,3,Highway.car[3],226.65,154.920017432498,11.1953144882293
39.4,4,Highway.car[4],226.65,249.00807101469,8.77932752412558
39.4,5,Highway.car[5],226.65,322.269819426281,6.77937201459799
39.4,6,Highway.car[6],226.65,370.519797486724,5.39048510511755
39.4,7,Highway.car[7],226.65,383.149140109394,5.35500772378347
39.5,2,Highway.car[2],226.65,44.1739029566612,13.886413236741
39.5,3,Highway.car[3],226.65,153.803177127378,11.1684030512045
39.5,4,Highway.car[4],226.65,248.128334450078,8.79736564611644
39.5,5,Highway.car[5],226.65,321.591972246804,6.77847179477126
39.5,6,Highway.car[6],226.65,369.980163551603,5.39633935120655
39.5,7,Highway.car[7],226.65,382.613582714685,5.35557394708907
39.6,2,Highway.car[2],226.65,42.7862803768487,13.8762257981254
39.6,3,Highway.car[3],226.65,152.686034512849,11.1714261452935
39.6,4,Highway.car[4],226.65,247.250198096398,8.78136353679746
39.6,5,Highway.car[5],226.65,320.91312178898,6.78850457824394
39.6,6,Highway.car[6],226.65,369.440737140093,5.3942641151062
39.6,7,Highway.car[7],226.65,382.077699904702,5.35882809983071
39.7,2,Highway.car[2],226.65,41.3967343715833,13.8954600526541
39.7,3,Highway.car[3],226.65,151.568439757878,11.1759475497052
39.7,4,Highway.car[4],226.65,246.3724421171,8.77755979298055
39.7,5,Highway.car[5],226.65,320.233492873803,6.79628915176634
39.7,6,Highway.car[6],226.65,368.901486469912,5.39250670181005
39.7,7,Highway.car[7],226.65,381.54234154424,5.35358360462467
39.8,2,Highway.car[2],226.65,40.0094692006415,13.8726517094178
39.8,3,Highway.car[3],226.65,150.448576790521,11.1986296735669
39.8,4,Highway.car[4],226.65,245.493979121774,8.78462995326519
39.8,5,Highway.car[5],226.65,319.554190825179,6.79302048623911
39.8,6,Highway.car[6],226.65,368.362465503297,5.39020966614538
39.8,7,Highway.car[7],226.65,381.008813969937,5.33527574302847
39.9,2,Highway.car[2],226.65,38.6205306103063,13.8893859033519
39.9,3,Highway.car[3],226.65,149.331190824508,11.1738596601377
39.9,4,Highway.car[4],226.65,244.614350149539,8.79628972234577
39.9,5,Highway.car[5],226.65,318.876237342287,6.77953482891805
39.9,6,Highway.car[6],226.65,367.823928939731,5.38536563565605
39.9,7,Highway.car[7],226.65,380.472767561961,5.36046407976291
40,2,Highway.car[2],226.65,37.231436252794,13.8909435751233
40,3,Highway.car[3],226.65,148.212991018616,11.1819980589126
40,4,Highway.car[4],226.65,243.735257839184,8.79092310354859
40,5,Highway.car[5],226.65,318.197110852338,6.79126489949692
40,6,Highway.car[6],226.65,367.285450260593,5.38478679138701
40,7,Highway.car[7],226.65,379.937499226363,5.35268335598051
40.1,2,Highway.car[2],226.65,35.8439833375979,13.8745291519603
40.1,3,Highway.car[3],226.65,147.095989231441,11.1700178717508
40.1,4,Highway.car[4],226.65,242.855396369106,8.79861470077932
40.1,5,Highway.car[5],226.65,317.517680247319,6.79430605018372
40.1,6,Highway.car[6],226.65,366.747567680377,5.37882580215926
40.1,7,Highway.car[7],226.65,379.40188966388,5.35609562482287
40.2,2,Highway.car[2],226.65,34.4570440198299,13.8693931776807
40.2,3,Highway.car[3],226.65,145.977659807079,11.1832942436251
40.2,4,Highway.car[4],226.65,241.976684999087,8.78711370019615
40.2,5,Highway.car[5],226.65,316.839472571932,6.78207675387524
40.2,6,Highway.car[6],226.65,366.208848040024,5.38719640352356
40.2,7,Highway.car[7],226.65,378.866596080382,5.35293583498473
40.3,2,Highway.car[2],226.65,33.0703425890376,13.8670143079227
40.3,3,Highway.car[3],226.65,144.859126501932,11.1853330514673
40.3,4,Highway.car[4],226.65,241.098949818224,8.77735180862248
40.3,5,Highway.car[5],226.65,316.15953639467,6.79936177261663
40.3,6,Highway.car[6],226.65,365.66937954699,5.39468493034132
40.3,7,Highway.car[7],226.65,378.332508141523,5.34087938858665
40.4,2,Highway.car[2],226.65,31.6828454306439,13.8749715839382
40.4,3,Highway.car[3],226.65,143.739652913278,11.1947358865431
40.4,4,Highway.car[4],226.65,240.220669421814,8.78280396410078
40.4,5,Highway.car[5],226.65,315.4795625605,6.79973834169912
40.4,6,Highway.car[6],226.65,365.130686230161,5.38693316829333
40.4,7,Highway.car[7],226.65,377.795712719684,5.36795421839553
40.5,2,Highway.car[2],226.65,30.2963590766514,13.8648635399248
40.5,3,Highway.car[3],226.65,142.620623756983,11.1902915629453
40.5,4,Highway.car[4],226.65,239.342414380689,8.78255041125417
40.5,5,Highway.car[5],226.65,314.801689427039,6.77873133460898
40.5,6,Highway.car[6],226.65,364.590975146511,5.39711083649949
40.5,7,Highway.car[7],226.65,377.258203150485,5.37509569199147
40.6,3,Highway.car[3],226.65,141.500911319375,11.1971243760828
40.6,4,Highway.car[4],226.65,238.463356291615,8.79058089073748
40.6,5,Highway.car[5],226.65,314.122879170358,6.78810256681428
40.6,6,Highway.car[6],226.65,364.051710833275,5.39264313236112
40.6,7,Highway.car[7],226.65,376.722739153872,5.35463996612356
40.7,3,Highway.car[3],226.65,140.383116546286,11.1779477308865
40.7,4,Highway.car[4],226.65,237.58598169489,8.77374596725404
40.7,5,Highway.car[5],226.65,313.443517604104,6.79361566253961
40.7,6,Highway.car[6],226.65,363.513152825954,5.38558007321146
40.7,7,Highway.car[7],226.65,376.186749563429,5.35989590443368
40.8,3,Highway.car[3],226.65,139.26438453114,11.1873201514641
40.8,4,Highway.car[4],226.65,236.707174951877,8.78806743012369
40.8,5,Highway.car[5],226.65,312.766062001456,6.77455602648132
40.8,6,Highway.car[6],226.65,362.974008961031,5.39143864922924
40.8,7,Highway.car[7],226.65,375.650218642458,5.36530920970835
40.9,3,Highway.car[3],226.65,138.144524971095,11.198595600453
40.9,4,Highway.car[4],226.65,235.827740496522,8.79434455355257
40.9,5,Highway.car[5],226.65,312.087841498485,6.78220502970205
40.9,6,Highway.car[6],226.65,362.435113440435,5.38895520595776
40.9,7,Highway.car[7],226.65,375.112126700196,5.38091942261996
41,3,Highway.car[3],226.65,137.027819938091,11.1670503300359
41,4,Highway.car[4],226.65,234.948773201959,8.78967294563353
41,5,Highway.car[5],226.65,311.407978480362,6.79863018123177
41,6,Highway.car[6],226.65,361.895481390781,5.3963204965397
41,7,Highway.car[7],226.65,374.573928821711,5.38197878484696
41.1,3,Highway.car[3],226.65,135.910732175006,11.1708776308468
41.1,4,Highway.car[4],226.65,234.070446128376,8.78327073582262
41.1,5,Highway.car[5],226.65,310.729470624464,6.78507855898235
41.1,6,Highway.car[6],226.65,361.356309257615,5.39172133166401
41.1,7,Highway.car[7],226.65,374.038549592793,5.3537922891871
41.2,3,Highway.car[3],226.65,134.792428247789,11.1830392721761
41.2,4,Highway.car[4],226.65,233.192729987183,8.7771614119336
41.2,5,Highway.car[5],226.65,310.049579871398,6.79890753065655
41.2,6,Highway.car[6],226.65,360.816501007273,5.39808250342263
41.2,7,Highway.car[7],226.65,373.500121067083,5.38428525709829
41.3,3,Highway.car[3],226.65,133.675745207925,11.1668303986371
41.3,4,Highway.car[4],226.65,232.314831783296,8.77898203887045
41.3,5,Highway.car[5],226.65,309.371069976951,6.78509894447704
41.3,6,Highway.car[6],226.65,360.27832770342,5.38173303852032
41.3,7,Highway.car[7],226.65,372.962618194944,5.37502872138993
41.4,3,Highway.car[3],226.65,132.556454925258,11.1929028266715
41.4,4,Highway.car[4],226.65,231.43702098332,8.77810799975693
41.4,5,Highway.car[5],226.65,308.692930172671,6.78139804279851
41.4,6,Highway.car[6],226.65,359.739707026034,5.38620677386236
41.4,7,Highway.car[7],226.65,372.427298416466,5.35319778478033
41.5,3,Highway.car[3],226.65,131.436928256108,11.1952666914987
41.5,4,Highway.car[4],226.65,230.559888471191,8.77132512129843
41.5,5,Highway.car[5],226.65,308.014196905921,6.78733266750001
41.5,6,Highway.car[6],226.65,359.201700382157,5.38006643877598
41.5,7,Highway.car[7],226.65,371.890139001601,5.37159414864429
41.6,3,Highway.car[3],226.65,130.317424141532,11.1950411457557
41.6,4,Highway.car[4],226.65,229.680040409391,8.79848061799258
41.6,5,Highway.car[5],226.65,307.336667218026,6.77529687894927
41.6,6,Highway.car[6],226.65,358.662908344893,5.38792037263513
41.6,7,Highway.car[7],226.65,371.351879606161,5.38259395440559
41.7,3,Highway.car[3],226.65,129.199510037377,11.1791410415526
41.7,4,Highway.car[4],226.65,228.80316346488,8.76876944511384
41.7,5,Highway.car[5],226.65,306.657229455054,6.79437762971525
41.7,6,Highway.car[6],226.65,358.12296082762,5.39947517273307
41.7,7,Highway.car[7],226.65,370.814645662535,5.37233943625876
41.8,3,Highway.car[3],226.65,128.079581984812,11.1992805256473
41.8,4,Highway.car[4],226.65,227.92505012685,8.7811333803013
41.8,5,Highway.car[5],226.65,305.97978012275,6.77449332304578
41.8,6,Highway.car[6],226.65,357.5837744949,5.39186332719633
41.8,7,Highway.car[7],226.65,370.275931284353,5.38714378182243
41.9,3,Highway.car[3],226.65,126.960341653266,11.1924033154664
41.9,4,Highway.car[4],226.65,227.046391314775,8.78658812074363
41.9,5,Highway.car[5],226.65,305.300381137186,6.79398985564173
41.9,6,Highway.car[6],226.65,357.045429170162,5.38345324738242
41.9,7,Highway.car[7],226.65,369.740061742187,5.35869542165514
42,3,Highway.car[3],226.65,125.840612778135,11.19728875131
42,4,Highway.car[4],226.65,226.169522280913,8.7686903386265
42,5,Highway.car[5],226.65,304.622949070111,6.77432067074347
42,6,Highway.car[6],226.65,356.507582762547,5.37846407615114
42,7,Highway.car[7],226.65,369.202283456689,5.37778285498609
42.1,3,Highway.car[3],226.65,124.721417521166,11.1919525696884
42.1,4,Highway.car[4],226.65,225.291703264689,8.77819016223401
42.1,5,Highway.car[5],226.65,303.94460666358,6.7834240653161
42.1,6,Highway.car[6],226.65,355.967943798701,5.39638963846082
42.1,7,Highway.car[7],226.65,368.664375559551,5.37907897137386
42.2,3,Highway.car[3],226.65,123.602660916767,11.1875660439907
42.2,4,Highway.car[4],226.65,224.414407564916,8.77295699772984
42.2,5,Highway.car[5],226.65,303.267184040777,6.77422622802248
42.2,6,Highway.car[6],226.65,355.428569997207,5.39373801493726
42.2,7,Highway.car[7],226.65,368.126499646715,5.37875912836415
42.3,3,Highway.car[3],226.65,122.485231084808,11.1742983195861
42.3,4,Highway.car[4],226.65,223.536815979686,8.77591585230082
42.3,5,Highway.car[5],226.65,302.587378828977,6.79805211800733
42.3,6,Highway.car[6],226.65,354.888875761089,5.39694236118346
42.3,7,Highway.car[7],226.65,367.587327339537,5.39172307177744
42.4,3,Highway.car[3],226.65,121.368380881736,11.1685020307195
42.4,4,Highway.car[4],226.65,222.657024221098,8.79791758588702
42.4,5,Highway.car[5],226.65,301.909952644443,6.77426184533583
42.4,6,Highway.car[6],226.65,354.350669032976,5.38206728112709
42.4,7,Highway.car[7],226.65,367.049127342871,5.38199996665556
42.5,3,Highway.car[3],226.65,120.249221341971,11.1915953976568
42.5,4,Highway.car[4],226.65,221.778876569836,8.78147651261836
42.5,5,Highway.car[5],226.65,301.232314869515,6.776377749281
42.5,6,Highway.car[6],226.65,353.811476005618,5.39193027357746
42.5,7,Highway.car[7],226.65,366.511736383636,5.3739095923514
42.6,3,Highway.car[3],226.65,119.130368822981,11.1885251898924
42.6,4,Highway.car[4],226.65,220.899819752125,8.79056817711145
42.6,5,Highway.car[5],226.65,300.553469538853,6.78845330662001
42.6,6,Highway.car[6],226.65,353.273059753913,5.38416251705086
42.6,7,Highway.car[7],226.65,365.974720338413,5.37016045223047
42.7,3,Highway.car[3],226.65,118.012521861569,11.1784696141235
42.7,4,Highway.car[4],226.65,220.021083563263,8.78736188861728
42.7,5,Highway.car[5],226.65,299.873587700028,6.79881838824879
42.7,6,Highway.car[6],226.65,352.735279302952,5.37780450961262
42.7,7,Highway.car[7],226.65,365.435568541781,5.39151796632043
42.8,3,Highway.car[3],226.65,116.893011480427,11.1951038114226
42.8,4,Highway.car[4],226.65,219.143585812958,8.77497750304639
42.8,5,Highway.car[5],226.65,299.194125381059,6.79462318968889
42.8,6,Highway.car[6],226.65,352.19631331961,5.38965983341914
42.8,7,Highway.car[7],226.65,364.898028705659,5.37539836122506
42.9,3,Highway.car[3],226.65,115.774145782669,11.1886569775816
42.9,4,Highway.car[4],226.65,218.265562098841,8.78023714117706
42.9,5,Highway.car[5],226.65,298.51492775708,6.79197623979091
42.9,6,Highway.car[6],226.65,351.65666956189,5.39643757719488
42.9,7,Highway.car[7],226.65,364.359348765498,5.38679940160719
43,3,Highway.car[3],226.65,114.655412290848,11.187334918211
43,4,Highway.car[4],226.65,217.385642463634,8.79919635206461
43,5,Highway.car[5],226.65,297.836520232768,6.78407524312334
43,6,Highway.car[6],226.65,351.118552740674,5.38116821216187
43,7,Highway.car[7],226.65,363.82025960868,5.3908915681795
43.1,3,Highway.car[3],226.65,113.536254684928,11.1915760591987
43.1,4,Highway.car[4],226.65,216.506965915351,8.78676548282802
43.1,5,Highway.car[5],226.65,297.15895987765,6.77560355117568
43.1,6,Highway.car[6],226.65,350.580802233054,5.37750507620105
43.1,7,Highway.car[7],226.65,363.282437040631,5.37822568048717
43.2,3,Highway.car[3],226.65,112.417694628932,11.1856005599548
43.2,4,Highway.car[4],226.65,215.629322375487,8.7764353986457
43.2,5,Highway.car[5],226.65,296.481471647966,6.77488229683996
43.2,6,Highway.car[6],226.65,350.042124299765,5.38677933288796
43.2,7,Highway.car[7],226.65,362.747015540786,5.35421499845422
43.3,3,Highway.car[3],226.65,111.298274534032,11.1942009490053
43.3,4,Highway.car[4],226.65,214.749438316004,8.79884059482813
43.3,5,Highway.car[5],226.65,295.801475271692,6.79996376274433
43.3,6,Highway.car[6],226.65,349.503601274485,5.38523025280098
43.3,7,Highway.car[7],226.65,362.209504772753,5.37510768032936
43.4,3,Highway.car[3],226.65,110.180941322412,11.1733321161964
43.4,4,Highway.car[4],226.65,213.870515839463,8.78922476540506
43.4,5,Highway.car[5],226.65,295.121927502403,6.79547769288695
43.4,6,Highway.car[6],226.65,348.965554326046,5.38046948439209
43.4,7,Highway.car[7],226.65,361.670414922739,5.39089850013902
43.5,3,Highway.car[3],226.65,109.063515028206,11.1742629420583
43.5,4,Highway.car[4],226.65,212.991490572333,8.79025267130882
43.5,5,Highway.car[5],226.65,294.443448411792,6.78479090611567
43.5,6,Highway.car[6],226.65,348.425631586064,5.39922739982489
43.5,7,Highway.car[7],226.65,361.131591462899,5.3882345983992
43.6,3,Highway.car[3],226.65,107.946974381392,11.1654064681428
43.6,4,Highway.car[4],226.65,212.114109695272,8.77380877060443
43.6,5,Highway.car[5],226.65,293.765538101358,6.77910310433735
43.6,6,Highway.car[6],226.65,347.887545891481,5.380856945829
43.6,7,Highway.car[7],226.65,360.591606453745,5.39985009153686
43.7,3,Highway.car[3],226.65,106.82837147901,11.1860290238215
43.7,4,Highway.car[4],226.65,211.234663034446,8.79446660826355
43.7,5,Highway.car[5],226.65,293.08630670556,6.79231395797897
43.7,6,Highway.car[6],226.65,347.34896961338,5.38576278100431
43.7,7,Highway.car[7],226.65,360.05261245868,5.3899399506562
43.8,3,Highway.car[3],226.65,105.711153777886,11.1721770112345
43.8,4,Highway.car[4],226.65,210.356497543964,8.78165490481257
43.8,5,Highway.car[5],226.65,292.407405289685,6.78901415874413
43.8,6,Highway.car[6],226.65,346.8094546141,5.39514999279985
43.8,7,Highway.car[7],226.65,359.513376223919,5.39236234760622
43.9,3,Highway.car[3],226.65,104.593793350252,11.1736042763456
43.9,4,Highway.car[4],226.65,209.476818052035,8.7967949192971
43.9,5,Highway.car[5],226.65,291.729140240357,6.78265049328236
43.9,6,Highway.car[6],226.65,346.270458637936,5.38995976164588
43.9,7,Highway.car[7],226.65,358.97468161902,5.38694604899132
44,3,Highway.car[3],226.65,103.476164899126,11.1762845112628
44,4,Highway.car[4],226.65,208.598694643569,8.78123408465833
44,5,Highway.car[5],226.65,291.05115279162,6.77987448737421
44,6,Highway.car[6],226.65,345.732384960338,5.3807367759815
44,7,Highway.car[7],226.65,358.436143982862,5.38537636158259
44.1,3,Highway.car[3],226.65,102.356247890966,11.1991700815933
44.1,4,Highway.car[4],226.65,207.721317664518,8.77376979050785
44.1,5,Highway.car[5],226.65,290.373424124168,6.77728667452093
44.1,6,Highway.car[6],226.65,345.192539461115,5.398454992224
44.1,7,Highway.car[7],226.65,357.897780166027,5.38363816834575
44.2,3,Highway.car[3],226.65,101.237753330765,11.184945602013
44.2,4,Highway.car[4],226.65,206.842686431442,8.78631233076006
44.2,5,Highway.car[5],226.65,289.694407195136,6.79016929031559
44.2,6,Highway.car[6],226.65,344.654705497462,5.37833963653597
44.2,7,Highway.car[7],226.65,357.358014910538,5.39765255488907
44.3,3,Highway.car[3],226.65,100.121186405868,11.1656692489702
44.3,4,Highway.car[4],226.65,205.963914119025,8.78772312416881
44.3,5,Highway.car[5],226.65,289.016073019645,6.78334175491589
44.3,6,Highway.car[6],226.65,344.115419606746,5.39285890715488
44.3,7,Highway.car[7],226.65,356.821491241098,5.36523669440507
44.4,3,Highway.car[3],226.65,99.0038495540918,11.1733685177611
44.4,4,Highway.car[4],226.65,205.08697635299,8.76937766034901
44.4,5,Highway.car[5],226.65,288.338196975036,6.77876044608606
44.4,6,Highway.car[6],226.65,343.575881063062,5.39538543684525
44.4,7,Highway.car[7],226.65,356.283299246735,5.38191994363082
44.5,3,Highway.car[3],226.65,97.8858679088278,11.1798164526396
44.5,4,Highway.car[4],226.65,204.210000282628,8.7697607036233
44.5,5,Highway.car[5],226.65,287.659340917695,6.78856057341397
44.5,6,Highway.car[6],226.65,343.037768840756,5.38112222305324
44.5,7,Highway.car[7],226.65,355.746634711165,5.36664535570243
44.6,3,Highway.car[3],226.65,96.7677200866892,11.1814782213862
44.6,4,Highway.car[4],226.65,203.330134342952,8.79865939676017
44.6,5,Highway.car[5],226.65,286.979513095454,6.79827822240605
44.6,6,Highway.car[6],226.65,342.499970607321,5.37798233435489
44.6,7,Highway.car[7],226.65,355.21014629545,5.3648841571461
44.7,3,Highway.car[3],226.65,95.6486641943413,11.1905589234782
44.7,4,Highway.car[4],226.65,202.450289699223,8.7984464372918
44.7,5,Highway.car[5],226.65,286.30140718679,6.78105908663687
44.7,6,Highway.car[6],226.65,341.960988654109,5.38981953211245
44.7,7,Highway.car[7],226.65,354.672146361791,5.37999933658471
44.8,3,Highway.car[3],226.65,94.5293209450628,11.1934324927861
44.8,4,Highway.car[4],226.65,201.57307709862,8.77212600602955
44.8,5,Highway.car[5],226.65,285.62178409176,6.79623095030547
44.8,6,Highway.car[6],226.65,341.421153539903,5.39835114206246
44.8,7,Highway.car[7],226.65,354.134643885062,5.37502476729553
44.9,3,Highway.car[3],226.65,93.4094266175512,11.1989432751155
44.9,4,Highway.car[4],226.65,200.69579092792,8.77286170699447
44.9,5,Highway.car[5],226.65,284.943814392754,6.77969699005946
44.9,6,Highway.car[6],226.65,340.882764129695,5.38389410208212
44.9,7,Highway.car[7],226.65,353.597351810241,5.37292074820821
45,3,Highway.car[3],226.65,92.2920139304988,11.1741268705239
45,4,Highway.car[4],226.65,199.817046805134,8.78744122786075
45,5,Highway.car[5],226.65,284.264317159296,6.7949723345777
45,6,Highway.car[6],226.65,340.343451623422,5.39312506272923
45,7,Highway.car[7],226.65,353.059792487311,5.37559322930067
45.1,3,Highway.car[3],226.65,91.1738505108707,11.1816341962805
45.1,4,Highway.car[4],226.65,198.939066488233,8.77980316901207
45.1,5,Highway.car[5],226.65,283.585701107501,6.78616051795357
45.1,6,Highway.car[6],226.65,339.805220439611,5.38231183810858
45.1,7,Highway.car[7],226.65,352.520778343251,5.39014144059952
45.2,3,Highway.car[3],226.65,90.0552171380152,11.1863337285549
45.2,4,Highway.car[4],226.65,198.062180038851,8.76886449382454
45.2,5,Highway.car[5],226.65,282.907734210142,6.77966897359001
45.2,6,Highway.car[6],226.65,339.265456049454,5.39764390156895
45.2,7,Highway.car[7],226.65,351.984397294738,5.36381048513049
45.3,3,Highway.car[3],226.65,88.9369415673845,11.1827557063079
45.3,4,Highway.car[4],226.65,197.183074163877,8.79105874973536
45.3,5,Highway.car[5],226.65,282.228863156787,6.78871053354279
45.3,6,Highway.car[6],226.65,338.72611297627,5.39343073184718
45.3,7,Highway.car[7],226.65,351.444668868427,5.39728426310516
45.4,3,Highway.car[3],226.65,87.8169746905928,11.1996687679167
45.4,4,Highway.car[4],226.65,196.305577901415,8.77496262461692
45.4,5,Highway.car[5],226.65,281.550465929568,6.78397227219725
45.4,6,Highway.car[6],226.65,338.186721038807,5.39391937462671
45.4,7,Highway.car[7],226.65,350.907255218678,5.37413649749453
45.5,3,Highway.car[3],226.65,86.6986526487684,11.1832204182434
45.5,4,Highway.car[4],226.65,195.427242151717,8.7833574969843
45.5,5,Highway.car[5],226.65,280.87205990695,6.78406022618106
45.5,6,Highway.car[6],226.65,337.648873974463,5.37847064344038
45.5,7,Highway.car[7],226.65,350.36805301376,5.39202204917995
45.6,3,Highway.car[3],226.65,85.5792192979974,11.1943335077108
45.6,4,Highway.car[4],226.65,194.550006465259,8.77235686457902
45.6,5,Highway.car[5],226.65,280.194309297416,6.77750609533465
45.6,6,Highway.car[6],226.65,337.110408607136,5.38465367326979
45.6,7,Highway.car[7],226.65,349.831658011229,5.36395002531294
45.7,3,Highway.car[3],226.65,84.460175138104,11.1904415989341
45.7,4,Highway.car[4],226.65,193.67222542934,8.77781035918743
45.7,5,Highway.car[5],226.65,279.51489379793,6.79415499485866
45.7,6,Highway.car[6],226.65,336.571492042986,5.38916564149491
45.7,7,Highway.car[7],226.65,349.293461983721,5.38196027507246
45.8,3,Highway.car[3],226.65,83.3428478517768,11.1732728632714
45.8,4,Highway.car[4],226.65,192.793895909265,8.78329520075023
45.8,5,Highway.car[5],226.65,278.836202055652,6.7869174227824
45.8,6,Highway.car[6],226.65,336.033498381916,5.37993661070766
45.8,7,Highway.car[7],226.65,348.756225121185,5.37236862536186
45.9,3,Highway.car[3],226.65,82.2240601568121,11.1878769496467
45.9,4,Highway.car[4],226.65,191.915504672729,8.78391236536205
45.9,5,Highway.car[5],226.65,278.158313307521,6.77888748130528
45.9,6,Highway.car[6],226.65,335.495505329593,5.37993052322476
45.9,7,Highway.car[7],226.65,348.217524245505,5.38700875680563
46,3,Highway.car[3],226.65,81.1072146259098,11.1684553090227
46,4,Highway.car[4],226.65,191.036779136129,8.787255366005
46,5,Highway.car[5],226.65,277.479105897878,6.79207409643172
46,6,Highway.car[6],226.65,334.957632352635,5.37872976958402
46,7,Highway.car[7],226.65,347.678987855873,5.38536389632021
46.1,3,Highway.car[3],226.65,79.9902345404247,11.1698008548515
46.1,4,Highway.car[4],226.65,190.159264787316,8.77514348812401
46.1,5,Highway.car[5],226.65,276.799909727673,6.79196170205669
46.1,6,Highway.car[6],226.65,334.418090056821,5.39542295814143
46.1,7,Highway.car[7],226.65,347.141476964378,5.37510891494687
46.2,3,Highway.car[3],226.65,78.8707249485926,11.1950959183206
46.2,4,Highway.car[4],226.65,189.279530464242,8.79734323074669
46.2,5,Highway.car[5],226.65,276.122318280066,6.77591447606333
46.2,6,Highway.car[6],226.65,333.87895296741,5.39137089410971
46.2,7,Highway.car[7],226.65,346.60164364054,5.39833323838265
46.3,3,Highway.car[3],226.65,77.753779424359,11.1694552423363
46.3,4,Highway.car[4],226.65,188.400570275245,8.78960188996792
46.3,5,Highway.car[5],226.65,275.443682367733,6.78635912333755
46.3,6,Highway.car[6],226.65,333.339488312165,5.3946465524513
46.3,7,Highway.car[7],226.65,346.061119553074,5.40524087465255
46.4,3,Highway.car[3],226.65,76.6355837734656,11.181956508935
46.4,4,Highway.car[4],226.65,187.521518984751,8.79051290493459
46.4,5,Highway.car[5],226.65,274.764962413799,6.78719953933079
46.4,6,Highway.car[6],226.65,332.80063061046,5.38857701704314
46.4,7,Highway.car[7],226.65,345.522843803321,5.38275749753214
46.5,3,Highway.car[3],226.65,75.5178912067225,11.17692566743
46.5,4,Highway.car[4],226.65,186.644236928457,8.77282056294382
46.5,5,Highway.car[5],226.65,274.08740105068,6.77561363119166
46.5,6,Highway.car[6],226.65,332.261457334731,5.39173275729292
46.5,7,Highway.car[7],226.65,344.984773002813,5.38070800508048
46.6,3,Highway.car[3],226.65,74.4012089428779,11.1668226384465
46.6,4,Highway.car[4],226.65,185.765777824314,8.78459104143083
46.6,5,Highway.car[5],226.65,273.407572545077,6.7982850560355
46.6,6,Highway.car[6],226.65,331.722536836719,5.38920498012391
46.6,7,Highway.car[7],226.65,344.445251347097,5.39521655716071
46.7,3,Highway.car[3],226.65,73.2831839809044,11.1802496197354
46.7,4,Highway.car[4],226.65,184.886706181405,8.79071642909199
46.7,5,Highway.car[5],226.65,272.728678693256,6.78893851821194
46.7,6,Highway.car[6],226.65,331.183301556334,5.39235280384426
46.7,7,Highway.car[7],226.65,343.908273914765,5.36977432332549
46.8,3,Highway.car[3],226.65,72.1642126368456,11.1897134405875
46.8,4,Highway.car[4],226.65,184.007035271532,8.79670909872651
46.8,5,Highway.car[5],226.65,272.050920930271,6.7775776298428
46.8,6,Highway.car[6],226.65,330.644047347693,5.39254208640719
46.8,7,Highway.car[7],226.65,343.369019687396,5.3925422736839
46.9,3,Highway.car[3],226.65,71.0472812165997,11.1693142024591
46.9,4,Highway.car[4],226.65,183.129582031999,8.7745323953256
46.9,5,Highway.car[5],226.65,271.37282582398,6.78095106291305
46.9,6,Highway.car[6],226.65,330.106211847248,5.37835500445159
46.9,7,Highway.car[7],226.65,342.830487965716,5.38531721679897
47,3,Highway.car[3],226.65,69.9281168553627,11.1916436123697
47,4,Highway.car[4],226.65,182.251960983204,8.77621048795432
47,5,Highway.car[5],226.65,270.693847966228,6.78977857751958
47,6,Highway.car[6],226.65,329.568336272326,5.37875574921956
47,7,Highway.car[7],226.65,342.290988584699,5.39499381017363
47.1,3,Highway.car[3],226.65,68.8104561897874,11.176606655753
47.1,4,Highway.car[4],226.65,181.374411402756,8.77549580448121
47.1,5,Highway.car[5],226.65,270.015258611745,6.78589354483038
47.1,6,Highway.car[6],226.65,329.028531433914,5.39804838412616
47.1,7,Highway.car[7],226.65,341.751774510931,5.39214073767492
47.2,3,Highway.car[3],226.65,67.6933031454793,11.1715304430807
47.2,4,Highway.car[4],226.65,180.497329448341,8.77081954415143
47.2,5,Highway.car[5],226.65,269.337504053319,6.77754558426375
47.2,6,Highway.car[6],226.65,328.489738885059,5.38792548855068
47.2,7,Highway.car[7],226.65,341.212439050516,5.39335460415758
47.3,3,Highway.car[3],226.65,66.5762880950417,11.1701505043765
47.3,4,Highway.car[4],226.65,179.618039743689,8.79289704652131
47.3,5,Highway.car[5],226.65,268.658798129036,6.78705924282386
47.3,6,Highway.car[6],226.65,327.950516790095,5.39222094963945
47.3,7,Highway.car[7],226.65,340.673096878147,5.3934217236858
47.4,3,Highway.car[3],226.65,65.4566283434519,11.1965975158976
47.4,4,Highway.car[4],226.65,178.739547800954,8.78491942734271
47.4,5,Highway.car[5],226.65,267.978809021482,6.79989107553801
47.4,6,Highway.car[6],226.65,327.411902188257,5.38614601837588
47.4,7,Highway.car[7],226.65,340.134614357411,5.38482520735776
47.5,3,Highway.car[3],226.65,64.339868634014,11.1675970943796
47.5,4,Highway.car[4],226.65,177.861168376079,8.7837942487523
47.5,5,Highway.car[5],226.65,267.299781356375,6.79027665107907
47.5,6,Highway.car[6],226.65,326.873643530985,5.38258657271799
47.5,7,Highway.car[7],226.65,339.597152444225,5.37461913186619
47.6,3,Highway.car[3],226.65,63.2211284929123,11.1874014110165
47.6,4,Highway.car[4],226.65,176.981921854181,8.79246521898359
47.6,5,Highway.car[5],226.65,266.620374583166,6.7940677320864
47.6,6,Highway.car[6],226.65,326.334051641512,5.3959188947326
47.6,7,Highway.car[7],226.65,339.058227365842,5.38925078382461
47.7,3,Highway.car[3],226.65,62.1026537320814,11.1847476083087
47.7,4,Highway.car[4],226.65,176.10301467476,8.78907179420441
47.7,5,Highway.car[5],226.65,265.942502612466,6.77871970699402
47.7,6,Highway.car[6],226.65,325.796223883087,5.37827758424857
47.7,7,Highway.car[7],226.65,338.517908273371,5.40319092471494
47.8,3,Highway.car[3],226.65,60.9858022585552,11.1685147352621
47.8,4,Highway.car[4],226.65,175.224681887268,8.78332787492126
47.8,5,Highway.car[5],226.65,265.264892555551,6.776100569156
47.8,6,Highway.car[6],226.65,325.257174349823,5.39049533264246
47.8,7,Highway.car[7],226.65,337.980276460263,5.3763181310735
47.9,3,Highway.car[3],226.65,59.8668644949916,11.1893776356359
47.9,4,Highway.car[4],226.65,174.34473668207,8.79945205198228
47.9,5,Highway.car[5],226.65,264.587333524532,6.77559031019313
47.9,6,Highway.car[6],226.65,324.718333875679,5.38840474143508
47.9,7,Highway.car[7],226.65,337.440555512849,5.39720947414412
48,3,Highway.car[3],226.65,58.7472901233103,11.1957437168132
48,4,Highway.car[4],226.65,173.465801575515,8.78935106554627
48,5,Highway.car[5],226.65,263.908663932805,6.78669591726991
48,6,Highway.car[6],226.65,324.180299692726,5.38034182953648
48,7,Highway.car[7],226.65,336.902092031553,5.38463481295915
48.1,3,Highway.car[3],226.65,57.6280737073862,11.1921641592402
48.1,4,Highway.car[4],226.65,172.588543166932,8.77258408583701
48.1,5,Highway.car[5],226.65,263.230200212363,6.78463720441842
48.1,6,Highway.car[6],226.65,323.641826637195,5.38473055530223
48.1,7,Highway.car[7],226.65,336.363497538767,5.38594492786315
48.2,3,Highway.car[3],226.65,56.5083788433653,11.1969486402092
48.2,4,Highway.car[4],226.65,171.709371460231,8.7917170670107
48.2,5,Highway.car[5],226.65,262.552841512524,6.77358699838771
48.2,6,Highway.car[6],226.65,323.102986152543,5.38840484652843
48.2,7,Highway.car[7],226.65,335.825031241906,5.38466296861203
48.3,3,Highway.car[3],226.65,55.3905786801704,11.1780016319489
48.3,4,Highway.car[4],226.65,170.831732080313,8.7763937991783
48.3,5,Highway.car[5],226.65,261.875281773769,6.77559738754737
48.3,6,Highway.car[6],226.65,322.563561490932,5.39424661610217
48.3,7,Highway.car[7],226.65,335.285210219179,5.398210227266
48.4,3,Highway.car[3],226.65,54.2732442161288,11.1733446404163
48.4,4,Highway.car[4],226.65,169.951905177089,8.79826903223992
48.4,5,Highway.car[5],226.65,261.195833303925,6.79448469844274
48.4,6,Highway.car[6],226.65,322.024951103884,5.38610387048917
48.4,7,Highway.car[7],226.65,334.744895070239,5.40315148939952
48.5,3,Highway.car[3],226.65,53.1561633149063,11.1708090122254
48.5,4,Highway.car[4],226.65,169.071984968097,8.79920208992064
48.5,5,Highway.car[5],226.65,260.518272356611,6.77560947313486
48.5,6,Highway.car[6],226.65,321.48571434621,5.39236757673381
48.5,7,Highway.car[7],226.65,334.205776069039,5.39119001199994
48.6,3,Highway.car[3],226.65,52.0384584645235,11.1770485038275
48.6,4,Highway.car[4],226.65,168.193933554107,8.78051413989812
48.6,5,Highway.car[5],226.65,259.838581156865,6.79691199746891
48.6,6,Highway.car[6],226.65,320.947309234617,5.38405111593136
48.6,7,Highway.car[7],226.65,333.665601320853,5.40174748185877
48.7,3,Highway.car[3],226.65,50.9196618143393,11.187966501842
48.7,4,Highway.car[4],226.65,167.314461614878,8.79471939228475
48.7,5,Highway.car[5],226.65,259.160146916746,6.78434240118065
48.7,6,Highway.car[6],226.65,320.407584280243,5.39724954373785
48.7,7,Highway.car[7],226.65,333.128642439142,5.36958881711235
48.8,3,Highway.car[3],226.65,49.8027274365921,11.1693437774724
48.8,4,Highway.car[4],226.65,166.436486531281,8.7797508359775
48.8,5,Highway.car[5],226.65,258.482418731033,6.77728185713105
48.8,6,Highway.car[6],226.65,319.869701897367,5.37882382876065
48.8,7,Highway.car[7],226.65,332.590889324601,5.37753114540622
48.9,3,Highway.car[3],226.65,48.6852856689477,11.1744176764437
48.9,4,Highway.car[4],226.65,165.558000095279,8.78486436001212
48.9,5,Highway.car[5],226.65,257.804616369605,6.77802361428505
48.9,6,Highway.car[6],226.65,319.330487609599,5.3921428776806
48.9,7,Highway.car[7],226.65,332.052332576036,5.38556748565113
49,3,Highway.car[3],226.65,47.5665258850446,11.1875978390314
49,4,Highway.car[4],226.65,164.679385413974,8.78614681305736
49,5,Highway.car[5],226.65,257.124722303222,6.79894066382525
49,6,Highway.car[6],226.65,318.791531409732,5.38956199867185
49,7,Highway.car[7],226.65,331.514203061438,5.38129514598402
49.1,3,Highway.car[3],226.65,46.4483824474077,11.181434376369
49.1,4,Highway.car[4],226.65,163.799947566714,8.79437847259641
49.1,5,Highway.car[5],226.65,256.44684122156,6.77881081662606
49.1,6,Highway.car[6],226.65,318.252671220539,5.38860189192812
49.1,7,Highway.car[7],226.65,330.977100750425,5.37102311013183
49.2,3,Highway.car[3],226.65,45.3301956267425,11.1818682066526
49.2,4,Highway.car[4],226.65,162.921020659166,8.78926907548308
49.2,5,Highway.car[5],226.65,255.768668843579,6.78172377980407
49.2,6,Highway.car[6],226.65,317.713347217411,5.39324003128102
49.2,7,Highway.car[7],226.65,330.437728603805,5.39372146619955
49.3,3,Highway.car[3],226.65,44.2121144398241,11.1808118691831
49.3,4,Highway.car[4],226.65,162.041852279408,8.79168379757553
49.3,5,Highway.car[5],226.65,255.089389770437,6.79279073142516
49.3,6,Highway.car[6],226.65,317.174680118173,5.3866709923785
49.3,7,Highway.car[7],226.65,329.897260105061,5.40468498743425
49.4,3,Highway.car[3],226.65,43.0945875429653,11.1752689685882
49.4,4,Highway.car[4],226.65,161.163301975031,8.78550304377079
49.4,5,Highway.car[5],226.65,254.409404108967,6.7998566146947
49.4,6,Highway.car[6],226.65,316.636916187382,5.37763930791174
49.4,7,Highway.car[7],226.65,329.35773192964,5.39528175421152
49.5,3,Highway.car[3],226.65,41.9774980653606,11.1708947760472
49.5,4,Highway.car[4],226.65,160.284774301138,8.78527673892677
49.5,5,Highway.car[5],226.65,253.729494936104,6.79909172863653
49.5,6,Highway.car[6],226.65,316.097796144661,5.39120042720635
49.5,7,Highway.car[7],226.65,328.819356712452,5.38375217188123
49.6,3,Highway.car[3],226.65,40.8578576567231,11.1964040863747
49.6,4,Highway.car[4],226.65,159.407261875047,8.77512426091731
49.6,5,Highway.car[5],226.65,253.051968662655,6.775262734483
49.6,6,Highway.car[6],226.65,315.558952901314,5.38843243347772
49.6,7,Highway.car[7],226.65,328.28079925721,5.38557455242355
49.7,3,Highway.car[3],226.65,39.7402645628725,11.1759309385053
49.7,4,Highway.car[4],226.65,158.528578645571,8.78683229475469
49.7,5,Highway.car[5],226.65,252.372513955316,6.79454707339359
49.7,6,Highway.car[6],226.65,315.020711122571,5.38241778742871
49.7,7,Highway.car[7],226.65,327.741956991512,5.38842265698002
49.8,3,Highway.car[3],226.65,38.6236934840649,11.165710788077
49.8,4,Highway.car[4],226.65,157.64957573509,8.79002910481393
49.8,5,Highway.car[5],226.65,251.693650784548,6.78863170768414
49.8,6,Highway.car[6],226.65,314.481748561239,5.3896256133198
49.8,7,Highway.car[7],226.65,327.202186539082,5.39770452429581
49.9,3,Highway.car[3],226.65,37.5067054490193,11.1698803504556
49.9,4,Highway.car[4],226.65,156.771677203599,8.7789853149131
49.9,5,Highway.car[5],226.65,251.014736900754,6.7891388379361
49.9,6,Highway.car[6],226.65,313.943295818508,5.38452742730733
49.9,7,Highway.car[7],226.65,326.663201134292,5.38985404789651
50,3,Highway.car[3],226.65,36.3900353815305,11.166700674888
50,4,Highway.car[4],226.65,155.893664614974,8.78012588624656
50,5,Highway.car[5],226.65,250.337190134933,6.77546765821055
50,6,Highway.car[6],226.65,313.403866692035,5.39429126472969
50,7,Highway.car[7],226.65,326.126510208186,5.36690926106769
