dispersion,seed,scenario_index,fast_utility,multikey_utility,winning_key,No grouping,CQI k-means,Resource-cost k-means,Multi-feature k-means,LE-GRA MVP
low,1,0,0.9332482288996723,0.9522459285111842,cqi,0.9326666666666669,0.9522459285111842,0.9326666666666669,0.9450969728477964,0.9398392675404009
low,1,1,0.9377446866990166,0.9544161373785065,cqi,0.9360000000000003,0.9423971845630603,0.9375508326213481,0.9472435365047727,0.9375508326213481
low,1,2,0.9332718741100183,0.9513003033331877,cqi,0.9313333333333337,0.9513003033331877,0.9332718741100183,0.94335228614878,0.9332718741100183
low,1,3,0.9368841659546816,0.9539433247895084,cqi,0.9353333333333335,0.9425059342070676,0.9368841659546814,0.9428936423624047,0.9368841659546814
low,1,4,0.9342174992880149,0.9520520744335156,cqi,0.9326666666666668,0.9404208297734065,0.9336359370550091,0.944879473559782,0.9342174992880147
low,1,5,0.9365201030096906,0.9531915536891805,cqi,0.9340000000000002,0.9423357253397453,0.9361323948543535,0.9448558283494356,0.9361323948543535
low,1,6,0.9262884349190531,0.9446809270872135,cqi,0.9220000000000003,0.9330496824271042,0.9249078111650275,0.9328558283494359,0.9249078111650275
low,1,7,0.9365201030096906,0.9531915536891805,cqi,0.9340000000000002,0.9398156223300547,0.9353569785436794,0.9439102031714394,0.935938540776685
low,1,8,0.9326052074433516,0.9508274907441898,cqi,0.9306666666666669,0.9384208297734066,0.9324113533656834,0.9409409327830969,0.9324113533656834
low,1,9,0.9314420829773408,0.9508274907441898,cqi,0.9306666666666669,0.939002392006412,0.9310543748220038,0.9426856194821134,0.9314420829773408
low,1,10,0.934652497864044,0.9513003033331877,cqi,0.9313333333333337,0.9383120801293994,0.9324964577993444,0.9414137453720951,0.9324964577993444
low,1,11,0.931900726763716,0.9508274907441898,cqi,0.9306666666666669,0.9384208297734066,0.9306666666666669,0.945787284724809,0.9312482288996724
low,1,12,0.9348841659546814,0.9527187411001823,cqi,0.9333333333333336,0.9414752045954102,0.9344964577993444,0.9467329099028052,0.9344964577993444
low,1,13,0.9337446866990168,0.951773115922186,cqi,0.932,0.9393664549514028,0.932,0.9447943691261206,0.9333569785436797
low,1,14,0.937574477831694,0.9536643662781789,cqi,0.934666666666667,0.9420331216180695,0.9369929155986889,0.9424208297734066,0.9369929155986889
low,1,15,0.9340472904206923,0.9511064492555192,cqi,0.9313333333333335,0.9385059342070678,0.9313333333333335,0.9408321831390896,0.93307802003235
low,1,16,0.9369078111650272,0.9531915536891805,cqi,0.9340000000000002,0.9423357253397453,0.9357446866990167,0.9438865579610933,0.9357446866990167
low,1,17,0.9335508326213481,0.951773115922186,cqi,0.9320000000000005,0.9399480171844086,0.9331631244660112,0.9430496824271042,0.9331631244660112
low,1,18,0.9359621859870311,0.952997699611512,cqi,0.9340000000000002,0.94175416310674,0.9340000000000002,0.9466005150484521,0.9349692703883424
low,1,19,0.9362174992880148,0.9536643662781789,cqi,0.934666666666667,0.9428085379287434,0.934666666666667,0.946127702459454,0.9362174992880146
low,2,0,0.9379621859870311,0.9546099914561751,cqi,0.936,0.9439480171844084,0.936,0.9451347868607654,0.9369692703883424
low,2,1,0.9338534363430236,0.9509125951778508,cqi,0.9313333333333335,0.9381182260517308,0.9332718741100184,0.9406383290614211,0.9332718741100184
low,2,2,0.94307802003235,0.9583924921681607,cqi,0.9413333333333335,0.9492813505177418,0.9413333333333335,0.9519953076051008,0.94307802003235
low,2,3,0.9266903118770129,0.9468511359545357,cqi,0.9253333333333336,0.9317305178963939,0.926302603721676,0.9365768698381061,0.9264964577993445
low,2,4,0.9344964577993443,0.9523310329448454,cqi,0.9333333333333333,0.9414752045954102,0.9333333333333333,0.9447707239157745,0.9344964577993443
low,2,5,0.9326903118770129,0.9513003033331877,cqi,0.9313333333333335,0.9394752045954101,0.9313333333333335,0.9419953076051008,0.9326903118770129
low,2,6,0.9362174992880148,0.9536643662781789,cqi,0.934666666666667,0.9428085379287434,0.934666666666667,0.9462979113267764,0.9362174992880148
low,2,7,0.9281560400646997,0.9475178026212023,cqi,0.9260000000000003,0.9339480171844083,0.9260000000000003,0.9362742661164303,0.9273569785436795
low,2,8,0.9335508326213481,0.9515792618445176,cqi,0.932,0.9403357253397454,0.9335508326213483,0.9432435365047728,0.9335508326213483
low,2,9,0.9346903118770128,0.9527187411001823,cqi,0.9333333333333336,0.9401182260517307,0.9341087496440075,0.9416927038834247,0.9344964577993443
low,2,10,0.9341323948543535,0.9511915536891805,cqi,0.932,0.9399480171844083,0.932,0.943437390582441,0.9341323948543536
low,2,11,0.9245201030096905,0.9444870730095448,cqi,0.9220000000000003,0.9326619742717673,0.9241323948543535,0.9324681201940989,0.9241323948543535
low,2,12,0.9394420829773407,0.9563073877344993,cqi,0.9386666666666668,0.9563073877344993,0.9386666666666668,0.9485532246277599,0.9394420829773407
low,2,13,0.9250780200323501,0.9454326981875412,cqi,0.9233333333333336,0.9326383290614211,0.9241087496440075,0.9369031187701279,0.9244964577993446
low,2,14,0.9336595822653555,0.9513003033331877,cqi,0.9313333333333337,0.9404444749837529,0.9323026037216757,0.9452908269254648,0.9326903118770129
low,2,15,0.9370780200323501,0.954137178867177,cqi,0.9353333333333336,0.9430874964400732,0.9368841659546814,0.9485154106147907,0.9368841659546814
low,2,16,0.9337446866990164,0.9515792618445176,cqi,0.9320000000000003,0.9411111416504195,0.9320000000000003,0.9411111416504195,0.9337446866990164
low,2,17,0.9279148955663391,0.9484634277991988,cqi,0.9273333333333335,0.9356690586730787,0.9273333333333335,0.9376075994497636,0.9279148955663391
low,2,18,0.9357446866990167,0.9531915536891805,cqi,0.9340000000000002,0.9413664549514029,0.9340000000000002,0.9429172875727507,0.9357446866990164
low,2,19,0.9316595822653555,0.9498818655661933,cqi,0.9293333333333336,0.9363120801293993,0.9293333333333336,0.9398014535274322,0.9310780200323499
low,3,0,0.9344964577993443,0.9527187411001823,cqi,0.9333333333333336,0.9412813505177416,0.9343026037216757,0.943026037216758,0.9343026037216757
low,3,1,0.9326524978640441,0.9508274907441898,cqi,0.9306666666666669,0.9388085379287436,0.9306666666666669,0.9446241602587983,0.9320236452103463
low,3,2,0.9429692703883426,0.9588653047571586,cqi,0.9420000000000001,0.9588653047571586,0.942775416310674,0.9514988498057562,0.942775416310674
low,3,3,0.9304822889967216,0.9482695737215302,cqi,0.9273333333333335,0.9368321831390897,0.9300472904206922,0.9345059342070677,0.9300472904206922
low,3,4,0.931489373398033,0.9487423863105285,cqi,0.9280000000000003,0.9382742661164302,0.9311016652426959,0.9411820772814574,0.9312955193203645
low,3,5,0.9362411444983606,0.9536643662781789,cqi,0.9346666666666668,0.9536643662781789,0.9356359370550092,0.9493995765694719,0.9356359370550092
low,3,6,0.9322174992880148,0.9508274907441898,cqi,0.9306666666666669,0.9386146838510752,0.9318297911326777,0.9440425980257927,0.9318297911326777
low,3,7,0.9358534363430238,0.9527187411001823,cqi,0.9333333333333336,0.9410874964400732,0.9352718741100183,0.943801453527432,0.9352718741100183
low,3,8,0.9348841659546815,0.9525248870225137,cqi,0.9333333333333336,0.9410874964400732,0.9343026037216757,0.9457399943041167,0.9344964577993444
low,3,9,0.9378534363430239,0.9537494707118397,cqi,0.9353333333333336,0.9438629127507471,0.9374657281876868,0.9463830157604375,0.9374657281876868
low,3,10,0.9311867696763572,0.9494090529771954,cqi,0.9286666666666668,0.9387470787054284,0.9311867696763572,0.9399102031714393,0.9311867696763572
low,3,11,0.9379148955663389,0.9553617625565027,cqi,0.9373333333333335,0.9454752045954101,0.9379148955663389,0.9493522861487801,0.9379148955663389
low,3,12,0.9347990615210201,0.9522459285111842,cqi,0.9326666666666669,0.9394515593850641,0.9344113533656833,0.9444917654044448,0.9344113533656833
low,3,13,0.9328841659546815,0.9511064492555192,cqi,0.9313333333333335,0.9406383290614212,0.9313333333333335,0.9439338483817854,0.9324964577993444
low,3,14,0.9302174992880149,0.9492151988995268,cqi,0.9286666666666668,0.9356454134627327,0.9286666666666668,0.9387470787054284,0.9296359370550094
low,3,15,0.9367754163106742,0.9544161373785065,cqi,0.9360000000000003,0.9439480171844084,0.9360000000000003,0.9474373905824413,0.9367754163106742
low,3,16,0.92655322462776,0.9456265522652098,cqi,0.9233333333333337,0.9322506209060842,0.9241087496440075,0.9341891616827691,0.9250780200323501
low,3,17,0.935938540776685,0.9531915536891805,cqi,0.9340000000000004,0.9409787467960659,0.9340000000000004,0.9481513476698001,0.9355508326213482
low,3,18,0.9382174992880149,0.9548889499675046,cqi,0.9366666666666669,0.94267614307439,0.9380236452103463,0.9436454134627326,0.9380236452103463
low,3,19,0.9325201030096906,0.950160824077523,cqi,0.9300000000000004,0.9393049957280878,0.9317446866990167,0.9416312446601097,0.9323262489320219
low,4,0,0.9322174992880148,0.9508274907441898,cqi,0.9306666666666669,0.9508274907441898,0.9310543748220037,0.9397260952222499,0.9316359370550092
low,4,1,0.9308841659546816,0.9498818655661933,cqi,0.9293333333333336,0.9498818655661933,0.9293333333333336,0.9423215565371226,0.9306903118770129
low,4,2,0.9412718741100184,0.956974054401166,cqi,0.9393333333333336,0.9468936423624048,0.9412718741100184,0.9480567668284158,0.9412718741100184
low,4,3,0.9354657281876869,0.9527187411001825,cqi,0.9333333333333337,0.9408936423624048,0.9344964577993444,0.9422506209060842,0.9344964577993444
low,4,4,0.9348841659546815,0.9527187411001823,cqi,0.9333333333333336,0.9418629127507472,0.9337210414886704,0.944576869838106,0.9344964577993444
low,4,5,0.9416359370550093,0.9579196795791624,cqi,0.9406666666666669,0.9579196795791624,0.941635937055009,0.9538487439481241,0.941635937055009
low,4,6,0.9353569785436796,0.952997699611512,cqi,0.9340000000000002,0.9413664549514029,0.9340000000000002,0.9454373905824411,0.9353569785436796
low,4,7,0.9360472904206922,0.9525248870225137,cqi,0.9333333333333336,0.9432198912944265,0.9356595822653553,0.9486478054691441,0.9356595822653553
low,4,8,0.9344113533656833,0.9522459285111842,cqi,0.9326666666666669,0.9404208297734067,0.9338297911326776,0.9442979113267764,0.9338297911326776
low,4,9,0.9311631244660111,0.9503546781551916,cqi,0.9300000000000002,0.9396927038834249,0.9311631244660109,0.9424066609707836,0.9311631244660109
low,4,10,0.9307139570873588,0.9487423863105285,cqi,0.9280000000000003,0.9384681201940986,0.9280000000000003,0.9394373905824412,0.9299385407766849
low,4,11,0.9328841659546815,0.9513003033331877,cqi,0.9313333333333335,0.9386997882847362,0.9313333333333335,0.9398629127507472,0.9328841659546815
low,4,12,0.9386052074433517,0.9546950958898364,cqi,0.9366666666666669,0.9451962460840806,0.9382174992880149,0.945002392006412,0.9386052074433519
low,4,13,0.9424113533656834,0.9579196795791624,cqi,0.9406666666666669,0.9493901001617489,0.9418297911326776,0.9499953076051006,0.9420236452103461
low,4,14,0.9392718741100183,0.9555556166341713,cqi,0.9373333333333337,0.9443120801293992,0.9390780200323502,0.9390780200323502,0.9390780200323502
low,4,15,0.9414657281876867,0.956974054401166,cqi,0.9393333333333336,0.9463120801293993,0.9393333333333336,0.9505768698381061,0.9414657281876867
low,4,16,0.9297446866990167,0.9487423863105285,cqi,0.9280000000000003,0.9487423863105285,0.9295508326213481,0.9378865579610933,0.9295508326213481
low,4,17,0.9377446866990166,0.9546099914561751,cqi,0.9360000000000003,0.942978746796066,0.9377446866990166,0.9454988498057564,0.9377446866990166
low,4,18,0.9393569785436794,0.9558345751455011,cqi,0.9380000000000003,0.9447848927183973,0.9393569785436798,0.9478865579610931,0.9393569785436798
low,4,19,0.9386052074433517,0.9548889499675046,cqi,0.9366666666666666,0.9448085379287435,0.9386052074433517,0.9459716623947543,0.9386052074433517
low,5,0,0.9324113533656831,0.9506336366665209,cqi,0.9306666666666669,0.9388085379287436,0.9322174992880148,0.941328640938434,0.9322174992880148
low,5,1,0.9348841659546814,0.9527187411001823,cqi,0.9333333333333337,0.9410874964400732,0.9344964577993444,0.9447707239157745,0.9344964577993444
low,5,2,0.9347139570873588,0.9515792618445176,cqi,0.932,0.9399480171844083,0.932,0.943437390582441,0.9335508326213483
low,5,3,0.9397446866990167,0.9560284292231696,cqi,0.9380000000000002,0.9471111416504194,0.939550832621348,0.9527329099028055,0.939550832621348
low,5,4,0.9303262489320219,0.9487423863105285,cqi,0.9280000000000002,0.9369172875727508,0.9301323948543535,0.9386619742717673,0.9301323948543535
low,5,5,0.9423026037216758,0.9583924921681607,cqi,0.9413333333333337,0.9583924921681607,0.9413333333333337,0.9531584320711115,0.941914895566339
low,5,6,0.9391631244660112,0.9558345751455011,cqi,0.9380000000000002,0.9558345751455011,0.939163124466011,0.9492435365047726,0.939163124466011
low,5,7,0.9324349985760292,0.9498818655661933,cqi,0.9293333333333336,0.9390260372167583,0.9320472904206923,0.9419338483817853,0.9320472904206923
low,5,8,0.9284586437863754,0.9470449900322042,cqi,0.9253333333333336,0.9328936423624049,0.9253333333333336,0.9323120801293991,0.9272718741100182
low,5,9,0.9367990615210201,0.9532766581228418,cqi,0.934666666666667,0.943390100161749,0.9358297911326775,0.945328640938434,0.9362174992880148
low,5,10,0.9361323948543537,0.9531915536891805,cqi,0.9340000000000002,0.942917287572751,0.9340000000000002,0.9431111416504194,0.935938540776685
low,5,11,0.9376359370550091,0.9550828040451732,cqi,0.9366666666666666,0.9444208297734065,0.9366666666666666,0.9481040572491078,0.9376359370550091
low,5,12,0.9364964577993445,0.954137178867177,cqi,0.9353333333333335,0.9438629127507473,0.9363026037216761,0.9477399943041168,0.9363026037216761
low,5,13,0.9316595822653555,0.9496880114885248,cqi,0.9293333333333336,0.9365059342070677,0.9303026037216758,0.9404186184363348,0.9303026037216758
low,5,14,0.9311631244660109,0.950160824077523,cqi,0.9300000000000004,0.9373664549514028,0.9311631244660111,0.9375280881911935,0.9311631244660111
low,5,15,0.9375508326213481,0.9546099914561751,cqi,0.9360000000000003,0.9443357253397454,0.9373569785436797,0.9511206180581422,0.9373569785436797
low,5,16,0.9357446866990164,0.9531915536891805,cqi,0.9340000000000002,0.9433049957280878,0.9347754163106741,0.9458250987377782,0.9357446866990164
low,5,17,0.930411353365683,0.9492151988995268,cqi,0.928666666666667,0.9358392675404011,0.9302174992880149,0.9422600973138071,0.9302174992880149
low,5,18,0.9347139570873588,0.951773115922186,cqi,0.932,0.9422742661164303,0.934326248932022,0.9434373905824412,0.934326248932022
low,5,19,0.9290780200323498,0.9482695737215302,cqi,0.9273333333333337,0.9372198912944266,0.9290780200323498,0.9399338483817854,0.9290780200323498
low,6,0,0.9327990615210202,0.9506336366665209,cqi,0.9306666666666669,0.9386146838510752,0.9310899774979009,0.9442956999897043,0.9316359370550092
low,6,1,0.9332718741100183,0.9513003033331877,cqi,0.9313333333333337,0.9402506209060842,0.9313333333333337,0.94335228614878,0.9326903118770129
low,6,2,0.9292718741100183,0.9484634277991988,cqi,0.9273333333333337,0.9368321831390897,0.9281087496440076,0.9397636395144631,0.9281087496440076
low,6,3,0.9396359370550091,0.9563073877344993,cqi,0.938666666666667,0.9468085379287436,0.938666666666667,0.9495224950161023,0.9396359370550094
low,6,4,0.9300236452103462,0.9494090529771951,cqi,0.9286666666666668,0.9370023920064121,0.9286666666666668,0.9428180143364667,0.9296359370550091
low,6,5,0.930349894142368,0.9476029070548636,cqi,0.9266666666666671,0.9355839542394176,0.9295744778316941,0.9295744778316941,0.9295744778316941
low,6,6,0.9345201030096905,0.951773115922186,cqi,0.932,0.9403357253397454,0.9331631244660112,0.9426619742717673,0.9335508326213481
low,6,7,0.9304349985760291,0.9494090529771951,cqi,0.928666666666667,0.9381655164724229,0.928666666666667,0.9383593705500914,0.9304113533656835
low,6,8,0.9326903118770129,0.9511064492555192,cqi,0.9313333333333337,0.9398629127507472,0.9326903118770129,0.941801453527432,0.9326903118770129
low,6,9,0.9324964577993444,0.9513003033331877,cqi,0.9313333333333337,0.9396690586730788,0.9324964577993444,0.9439338483817854,0.9324964577993444
low,6,10,0.933040206019381,0.9504397825888528,cqi,0.9306666666666669,0.9393901001617491,0.9327990615210204,0.9393901001617491,0.9327990615210204
low,6,11,0.9363026037216758,0.954137178867177,cqi,0.9353333333333335,0.9426997882847362,0.9359148955663388,0.9458014535274322,0.9363026037216758
low,6,12,0.9323026037216758,0.9513003033331877,cqi,0.9313333333333337,0.9394752045954101,0.9323026037216758,0.941801453527432,0.9323026037216758
low,6,13,0.9277683319093626,0.9461844692878689,cqi,0.924666666666667,0.9357163490937709,0.9269929155986887,0.9378487439481243,0.9277683319093626
low,6,14,0.9351631244660111,0.9531915536891805,cqi,0.9340000000000002,0.9421418712620768,0.9340000000000002,0.9510591588348272,0.9351631244660109
low,6,15,0.9404964577993443,0.956974054401166,cqi,0.9393333333333336,0.9468936423624048,0.9404964577993443,0.9523215565371226,0.9404964577993443
low,6,16,0.9324964577993442,0.9509125951778508,cqi,0.9313333333333337,0.9398629127507472,0.9324964577993442,0.94335228614878,0.9324964577993442
low,6,17,0.9333806237540255,0.9508274907441898,cqi,0.9306666666666669,0.9393901001617491,0.9324113533656834,0.9440425980257927,0.9324113533656834
low,6,18,0.9304964577993443,0.9498818655661933,cqi,0.9293333333333333,0.9361182260517308,0.929914895566339,0.9463924921681606,0.9301087496440075
low,6,19,0.9403026037216758,0.956974054401166,cqi,0.9393333333333336,0.956974054401166,0.9393333333333336,0.9505768698381061,0.9403026037216758
low,7,0,0.9297446866990167,0.948936240388197,cqi,0.9279999999999999,0.9357541631067398,0.929550832621348,0.9407943691261206,0.929550832621348
low,7,1,0.9339385407766849,0.951773115922186,cqi,0.9320000000000003,0.9393664549514028,0.9335508326213481,0.9430496824271042,0.9335508326213481
low,7,2,0.9384964577993444,0.9553617625565027,cqi,0.9373333333333335,0.9456690586730785,0.938302603721676,0.9472198912944266,0.938302603721676
low,7,3,0.9302174992880148,0.9494090529771951,cqi,0.9286666666666668,0.9371962460840806,0.9300236452103462,0.9391347868607655,0.9300236452103462
low,7,4,0.9309078111650274,0.948936240388197,cqi,0.9280000000000003,0.9359480171844085,0.9293569785436796,0.9406005150484521,0.9293569785436796
low,7,5,0.9263262489320221,0.9459055107765395,cqi,0.9240000000000002,0.9327234334950824,0.9240000000000002,0.9342742661164304,0.9253569785436796
low,7,6,0.9400236452103462,0.9565012418121679,cqi,0.9386666666666668,0.9468085379287436,0.9400236452103462,0.9484066609707834,0.9400236452103462
low,7,7,0.9381323948543534,0.9546099914561751,cqi,0.9360000000000003,0.9546099914561751,0.9369692703883424,0.9445295794174138,0.9379385407766849
low,7,8,0.9334657281876868,0.9511064492555192,cqi,0.9313333333333337,0.9392813505177418,0.9313333333333337,0.9390874964400733,0.9326903118770131
low,7,9,0.933163124466011,0.951773115922186,cqi,0.9320000000000003,0.951773115922186,0.9327754163106742,0.9459811388024775,0.9327754163106742
low,7,10,0.9339385407766851,0.9515792618445176,cqi,0.9320000000000003,0.9393664549514028,0.9320000000000003,0.9401418712620769,0.9335508326213483
low,7,11,0.9368841659546816,0.9539433247895084,cqi,0.9353333333333336,0.9432813505177418,0.9368841659546814,0.9454373905824411,0.9368841659546814
low,7,12,0.9295508326213481,0.9487423863105285,cqi,0.9280000000000003,0.9487423863105285,0.9280000000000003,0.9361418712620769,0.9295508326213481
low,7,13,0.9326052074433516,0.9508274907441898,cqi,0.9306666666666669,0.9393901001617491,0.9324113533656834,0.9434610357927873,0.9324113533656834
low,7,14,0.9327990615210202,0.9508274907441898,cqi,0.930666666666667,0.9390023920064122,0.9320236452103465,0.945787284724809,0.9320236452103465
low,7,15,0.9360472904206922,0.9523310329448454,cqi,0.9333333333333336,0.9399243719740622,0.9352718741100183,0.9422506209060841,0.9352718741100183
low,7,16,0.9272718741100182,0.9470449900322042,cqi,0.9253333333333336,0.9328936423624047,0.9268841659546814,0.927358149044627,0.9268841659546814
low,7,17,0.9299385407766849,0.948936240388197,cqi,0.9280000000000003,0.9386619742717676,0.929163124466011,0.9429267639804738,0.929163124466011
low,7,18,0.9364964577993443,0.9539433247895084,cqi,0.9353333333333336,0.9539433247895084,0.9353333333333336,0.9493144721358107,0.9361087496440074
low,7,19,0.9334657281876868,0.9513003033331877,cqi,0.9313333333333337,0.9406383290614212,0.93307802003235,0.9416075994497635,0.93307802003235
low,8,0,0.9294893733980328,0.9482695737215302,cqi,0.9273333333333335,0.9352813505177419,0.9288841659546815,0.9368321831390897,0.9288841659546815
low,8,1,0.9396359370550094,0.9563073877344993,cqi,0.938666666666667,0.9468085379287436,0.9396359370550091,0.9483593705500915,0.9396359370550091
low,8,2,0.9325815622330057,0.951773115922186,cqi,0.932,0.9393664549514028,0.9325815622330057,0.9411111416504195,0.9325815622330057
low,8,3,0.934387708155337,0.9531915536891805,cqi,0.9340000000000002,0.9531915536891805,0.934387708155337,0.9469882232037892,0.934387708155337
low,8,4,0.9299385407766849,0.948936240388197,cqi,0.9280000000000002,0.934978746796066,0.9280000000000002,0.9323510646433154,0.9295508326213483
low,8,5,0.9249692703883425,0.946099364854208,cqi,0.9240000000000002,0.9307848927183974,0.9240000000000002,0.9360189528154467,0.9247754163106743
low,8,6,0.9307990615210203,0.9494090529771951,cqi,0.928666666666667,0.9387470787054284,0.9306052074433516,0.9414610357927872,0.9306052074433516
low,8,7,0.9356595822653554,0.9527187411001823,cqi,0.9333333333333336,0.9527187411001823,0.9333333333333336,0.9432198912944267,0.9354657281876869
low,8,8,0.9317446866990167,0.9503546781551916,cqi,0.9300000000000004,0.9387234334950825,0.9300000000000004,0.9435697854367944,0.9315508326213482
low,8,9,0.9346903118770128,0.9527187411001823,cqi,0.9333333333333337,0.9414752045954102,0.9333333333333337,0.9422742661164303,0.9344964577993444
low,8,10,0.9315508326213482,0.9503546781551916,cqi,0.9300000000000004,0.9385295794174139,0.9311631244660111,0.9439574935921314,0.9311631244660111
low,8,11,0.9281087496440076,0.9484634277991988,cqi,0.9273333333333335,0.9350874964400733,0.9273333333333335,0.9407092646924593,0.9281087496440074
low,8,12,0.9343026037216757,0.9527187411001823,cqi,0.9333333333333333,0.9422506209060842,0.9341087496440075,0.9451584320711116,0.9343026037216757
low,8,13,0.9349078111650275,0.951773115922186,cqi,0.9320000000000003,0.9416927038834247,0.934326248932022,0.9420804120387618,0.9347139570873588
low,8,14,0.9338770815533699,0.9503546781551916,cqi,0.9300000000000004,0.9377541631067398,0.9307754163106743,0.9439574935921317,0.9307754163106743
low,8,15,0.9320472904206923,0.9496880114885248,cqi,0.9293333333333336,0.9394137453720951,0.9310780200323499,0.9415461402264487,0.9310780200323499
low,8,16,0.9339385407766851,0.951385407766849,cqi,0.932,0.9397541631067399,0.932,0.9432435365047726,0.9339385407766851
low,8,17,0.9305201030096906,0.9487423863105285,cqi,0.9280000000000003,0.9367234334950824,0.9280000000000003,0.9394373905824412,0.930326248932022
low,8,18,0.9302174992880148,0.9494090529771954,cqi,0.928666666666667,0.936614683851075,0.9296359370550091,0.9422364521034611,0.9296359370550091
low,8,19,0.9389078111650275,0.9544161373785065,cqi,0.9360000000000003,0.9437541631067399,0.9385201030096905,0.9422033304853921,0.9385201030096905
low,9,0,0.934567393430383,0.9527187411001823,cqi,0.9333333333333336,0.9527187411001823,0.9337210414886704,0.9476785350808018,0.9337210414886704
low,9,1,0.9368841659546814,0.954137178867177,cqi,0.9353333333333336,0.9425059342070676,0.9368841659546814,0.945026037216758,0.9368841659546814
low,9,2,0.9357446866990164,0.952997699611512,cqi,0.9340000000000002,0.9438865579610933,0.9340000000000002,0.9477636395144631,0.9357446866990164
low,9,3,0.9280236452103462,0.9479906152102004,cqi,0.9266666666666666,0.9351962460840806,0.9280236452103462,0.9386856194821133,0.9280236452103462
low,9,4,0.9353569785436796,0.9528038455338436,cqi,0.9340000000000002,0.94175416310674,0.9347754163106741,0.9460189528154467,0.9351631244660109
low,9,5,0.9327754163106742,0.951773115922186,cqi,0.9320000000000003,0.9399480171844083,0.9325815622330057,0.944600515048452,0.9327754163106742
low,9,6,0.9375508326213482,0.9546099914561751,cqi,0.9360000000000003,0.9437541631067399,0.9373569785436795,0.9487943691261207,0.9373569785436795
low,9,7,0.939163124466011,0.9560284292231696,cqi,0.9380000000000002,0.9449787467960659,0.939163124466011,0.9488558283494355,0.939163124466011
low,9,8,0.9257683319093625,0.9451537396762116,cqi,0.9226666666666669,0.9317778083170861,0.9249929155986888,0.9319716623947545,0.9249929155986888
low,9,9,0.9313806237540255,0.9494090529771951,cqi,0.928666666666667,0.9385532246277599,0.9307990615210203,0.9428180143364667,0.9307990615210203
low,9,10,0.9354657281876869,0.9527187411001823,cqi,0.9333333333333336,0.9527187411001823,0.9333333333333336,0.9444066609707836,0.9341087496440076
low,9,11,0.9313569785436797,0.9503546781551916,cqi,0.9300000000000004,0.935815622330055,0.9309692703883427,0.9410496824271042,0.9309692703883427
low,9,12,0.9361323948543535,0.9531915536891805,cqi,0.9340000000000002,0.9409787467960659,0.9349692703883424,0.9442742661164302,0.9349692703883424
low,9,13,0.9293806237540256,0.9474090529771952,cqi,0.9266666666666671,0.9367470787054285,0.9286052074433517,0.9390733276374502,0.9287990615210202
low,9,14,0.9280472904206923,0.9477967611325321,cqi,0.9266666666666666,0.9342269756957381,0.9266666666666666,0.9363830157604376,0.9278297911326776
low,9,15,0.9263498941423681,0.946099364854208,cqi,0.9240000000000002,0.9327234334950824,0.9251631244660111,0.9340804120387619,0.9261323948543537
low,9,16,0.9260236452103464,0.9459906152102008,cqi,0.924666666666667,0.9335839542394175,0.9256359370550092,0.9262333933475639,0.9258297911326775
low,9,17,0.9365201030096904,0.9531915536891805,cqi,0.9340000000000002,0.9419480171844085,0.935938540776685,0.9450496824271043,0.935938540776685
low,9,18,0.9316832274757015,0.948936240388197,cqi,0.9280000000000003,0.9361418712620768,0.9295508326213483,0.9404066609707835,0.9295508326213483
low,9,19,0.9336595822653555,0.9513003033331877,cqi,0.9313333333333337,0.9410260372167579,0.9324964577993444,0.9460662432361387,0.93307802003235
low,10,0,0.9363026037216758,0.954137178867177,cqi,0.9353333333333335,0.9436690586730786,0.9361087496440074,0.9471584320711114,0.9363026037216758
low,10,1,0.9362174992880146,0.9536643662781789,cqi,0.934666666666667,0.9437778083170862,0.9362174992880148,0.9466856194821134,0.9362174992880148
low,10,2,0.9347990615210203,0.9522459285111842,cqi,0.9326666666666669,0.9417778083170861,0.9342174992880147,0.9460662432361385,0.9342174992880147
low,10,3,0.9405815622330056,0.9574468669901641,cqi,0.94,0.9574468669901641,0.94,0.9526005150484519,0.9403877081553369
low,10,4,0.9334515593850641,0.9508274907441898,cqi,0.930666666666667,0.9395839542394174,0.9329929155986887,0.9403593705500914,0.9329929155986887
low,10,5,0.9328841659546815,0.9513003033331877,cqi,0.9313333333333337,0.9394752045954103,0.9328841659546815,0.9447092646924593,0.9328841659546815
low,10,6,0.9332955193203645,0.950160824077523,cqi,0.9300000000000002,0.938917287572751,0.9315508326213482,0.9381418712620768,0.931938540776685
low,10,7,0.9306903118770129,0.9498818655661935,cqi,0.9293333333333336,0.9382506209060841,0.9306903118770129,0.9429031187701279,0.9306903118770129
low,10,8,0.9297446866990167,0.9487423863105285,cqi,0.9280000000000003,0.9361418712620768,0.9297446866990167,0.9400189528154467,0.9297446866990167
low,10,9,0.925938540776685,0.945711656698871,cqi,0.9240000000000002,0.9329172875727509,0.9249692703883425,0.9352435365047727,0.9255508326213482
low,10,10,0.9263026037216758,0.9468511359545357,cqi,0.9253333333333338,0.9321182260517308,0.9259148955663392,0.9371584320711115,0.9259148955663392
low,10,11,0.9273569785436797,0.947323948543534,cqi,0.9260000000000003,0.9351111416504195,0.9273569785436797,0.9378250987377783,0.9273569785436797
low,10,12,0.9386903118770128,0.9555556166341713,cqi,0.9373333333333335,0.9450874964400733,0.9381087496440076,0.9503215565371225,0.9386903118770129
low,10,13,0.9293569785436796,0.948936240388197,cqi,0.9280000000000003,0.934978746796066,0.9289692703883425,0.9392435365047728,0.9289692703883425
low,10,14,0.9364113533656833,0.9536643662781789,cqi,0.9346666666666668,0.943390100161749,0.9364113533656833,0.9468794735597819,0.9364113533656833
low,10,15,0.9372955193203645,0.952997699611512,cqi,0.9340000000000002,0.9436927038834249,0.936713957087359,0.9462128068931153,0.936713957087359
low,10,16,0.932775416310674,0.9515792618445176,cqi,0.932,0.9515792618445176,0.932,0.9397541631067399,0.932775416310674
low,10,17,0.9383498941423681,0.9536643662781789,cqi,0.9346666666666668,0.9435839542394175,0.9360236452103462,0.9468794735597821,0.9360236452103462
low,10,18,0.9319858311973773,0.9503546781551916,cqi,0.9300000000000004,0.9377541631067398,0.9313569785436797,0.9402742661164303,0.9313569785436797
low,10,19,0.9387139570873588,0.9546099914561751,cqi,0.9360000000000003,0.9427848927183973,0.9375508326213482,0.9478250987377783,0.9375508326213482
low,11,0,0.929186769676357,0.9474090529771952,cqi,0.9266666666666669,0.9357778083170861,0.9280236452103463,0.9384917654044447,0.9287990615210202
low,11,1,0.9306052074433516,0.9494090529771954,cqi,0.928666666666667,0.9375839542394175,0.9306052074433516,0.9385532246277599,0.9306052074433516
low,11,2,0.9340945808413844,0.9513003033331877,cqi,0.9313333333333337,0.9383120801293992,0.9324964577993444,0.9468416595468127,0.9324964577993444
low,11,3,0.9306052074433517,0.9492151988995267,cqi,0.928666666666667,0.9381655164724231,0.928666666666667,0.9426241602587981,0.9296359370550091
low,11,4,0.9376595822653553,0.9539433247895084,cqi,0.9353333333333335,0.9454137453720949,0.9364964577993443,0.9479338483817853,0.9364964577993443
low,11,5,0.9361323948543535,0.9531915536891805,cqi,0.9340000000000002,0.9415603090290714,0.9353569785436796,0.9448558283494356,0.9353569785436796
low,11,6,0.9375508326213482,0.9546099914561751,cqi,0.9360000000000003,0.9546099914561751,0.9360000000000003,0.9474373905824413,0.9367754163106742
low,11,7,0.9304964577993443,0.9498818655661933,cqi,0.9293333333333336,0.9498818655661933,0.9297210414886704,0.9431206180581421,0.9297210414886704
low,11,8,0.931550832621348,0.9503546781551916,cqi,0.9300000000000004,0.9375603090290716,0.9307754163106743,0.9429882232037892,0.9307754163106743
low,11,9,0.9318297911326776,0.9508274907441898,cqi,0.9306666666666669,0.9403593705500914,0.9318297911326777,0.9446241602587983,0.9318297911326777
low,11,10,0.9327754163106742,0.951773115922186,cqi,0.932,0.9401418712620769,0.9325815622330057,0.9428558283494358,0.9325815622330057
low,11,11,0.9305201030096906,0.94854853223286,cqi,0.9280000000000003,0.9367234334950824,0.9301323948543537,0.9369172875727508,0.9305201030096906
low,11,12,0.931550832621348,0.9503546781551916,cqi,0.9300000000000004,0.9385295794174139,0.9300000000000004,0.9437636395144631,0.9313569785436795
low,11,13,0.9353569785436796,0.9531915536891805,cqi,0.9340000000000002,0.9413664549514029,0.9351631244660111,0.9458250987377782,0.9353569785436796
low,11,14,0.9366288526536979,0.9521371788671771,cqi,0.9333333333333336,0.9412813505177416,0.9360472904206922,0.9362411444983608,0.9362411444983608
low,11,15,0.9320472904206923,0.9496880114885248,cqi,0.9293333333333336,0.9374752045954102,0.9293333333333336,0.945423221779818,0.9301087496440072
low,11,16,0.9285437482200365,0.9484634277991988,cqi,0.9273333333333335,0.9379953076051007,0.9273333333333335,0.9409031187701279,0.928302603721676
low,11,17,0.9302411444983609,0.9484634277991988,cqi,0.9273333333333335,0.9368321831390897,0.9290780200323502,0.9374137453720952,0.9290780200323502
low,11,18,0.9304113533656835,0.9492151988995268,cqi,0.9286666666666668,0.939328640938434,0.9302174992880148,0.943011868414135,0.930411353365683
low,11,19,0.9328841659546815,0.9513003033331877,cqi,0.9313333333333337,0.9398629127507472,0.9326903118770129,0.941801453527432,0.9326903118770129
low,12,0,0.928264789708707,0.9468511359545357,cqi,0.9253333333333336,0.9358014535274322,0.927465728187687,0.93735228614878,0.927465728187687
low,12,1,0.9295508326213481,0.948936240388197,cqi,0.9280000000000003,0.9361418712620768,0.9285815622330055,0.9394373905824412,0.9289692703883425
low,12,2,0.9327990615210204,0.9508274907441898,cqi,0.9306666666666669,0.9407470787054285,0.9326052074433516,0.9459811388024775,0.9326052074433516
low,12,3,0.9379385407766849,0.9546099914561751,cqi,0.9360000000000003,0.9443357253397454,0.937938540776685,0.9468558283494356,0.937938540776685
low,12,4,0.930652497864044,0.9494090529771951,cqi,0.928666666666667,0.9397163490937709,0.9302174992880148,0.9432057224918036,0.9302174992880148
low,12,5,0.9355508326213482,0.952997699611512,cqi,0.9340000000000004,0.9427234334950821,0.9340000000000004,0.9446619742717675,0.9353569785436796
low,12,6,0.9324964577993444,0.9513003033331877,cqi,0.9313333333333337,0.9379243719740623,0.9323026037216757,0.946647805469144,0.9323026037216757
low,12,7,0.9324349985760294,0.9508274907441898,cqi,0.9306666666666669,0.9382269756957381,0.9314420829773408,0.9426856194821134,0.9314420829773408
low,12,8,0.9357446866990164,0.9528038455338436,cqi,0.9340000000000002,0.9423357253397453,0.9355508326213482,0.9477636395144631,0.9355508326213482
low,12,9,0.927163124466011,0.9475178026212026,cqi,0.9260000000000003,0.93375416310674,0.927163124466011,0.9362742661164303,0.927163124466011
low,12,10,0.9329929155986886,0.9506336366665209,cqi,0.9306666666666669,0.9397778083170861,0.9320236452103463,0.94055322462776,0.9327990615210202
low,12,11,0.933101665242696,0.950160824077523,cqi,0.9300000000000002,0.9410496824271042,0.9315508326213482,0.943375931359126,0.9321323948543537
low,12,12,0.9394657281876868,0.9553617625565027,cqi,0.9373333333333335,0.9446997882847362,0.9386903118770128,0.9487707239157744,0.9386903118770128
low,12,13,0.933186769676357,0.9508274907441898,cqi,0.9306666666666669,0.9399716623947544,0.9306666666666669,0.9422979113267763,0.9318297911326777
low,12,14,0.9320472904206923,0.9498818655661933,cqi,0.9293333333333336,0.9390260372167583,0.9293333333333336,0.940189161682769,0.9316595822653555
low,12,15,0.9390780200323499,0.9553617625565027,cqi,0.9373333333333337,0.9460567668284157,0.9386903118770129,0.950127702459454,0.9390780200323499
low,12,16,0.9251253104530422,0.9446809270872135,cqi,0.9220000000000005,0.9311111416504197,0.9231631244660112,0.9311111416504197,0.9239385407766851
low,12,17,0.9427990615210202,0.9579196795791624,cqi,0.9406666666666669,0.9486146838510752,0.9427990615210202,0.9503593705500915,0.9427990615210202
low,12,18,0.9328841659546815,0.9511064492555192,cqi,0.9313333333333337,0.9412198912944266,0.9326903118770131,0.9435461402264487,0.9326903118770131
low,12,19,0.9345201030096905,0.951773115922186,cqi,0.9320000000000003,0.9411111416504195,0.9337446866990168,0.9434373905824412,0.934326248932022
low,13,0,0.9326052074433516,0.9508274907441898,cqi,0.930666666666667,0.937451559385064,0.930666666666667,0.9411347868607656,0.9320236452103463
low,13,1,0.9308841659546814,0.9498818655661933,cqi,0.9293333333333336,0.9378629127507471,0.9293333333333336,0.9430969728477965,0.930302603721676
low,13,2,0.9266052074433518,0.9465721774432061,cqi,0.9246666666666667,0.9339716623947546,0.9264113533656833,0.9388180143364665,0.9264113533656833
low,13,3,0.9326903118770129,0.9511064492555192,cqi,0.9313333333333337,0.9394752045954103,0.9324964577993444,0.9406383290614211,0.9324964577993444
low,13,4,0.9305201030096906,0.9487423863105285,cqi,0.9280000000000003,0.9359480171844085,0.929163124466011,0.9386619742717676,0.9297446866990167
low,13,5,0.9367139570873589,0.9528038455338436,cqi,0.9340000000000002,0.9434988498057563,0.9357446866990164,0.9431111416504194,0.9363262489320219
low,13,6,0.9392718741100183,0.9555556166341713,cqi,0.9373333333333335,0.9445059342070677,0.9388841659546815,0.9452813505177416,0.9388841659546815
low,13,7,0.9361323948543535,0.9528038455338436,cqi,0.9340000000000002,0.942141871262077,0.9359385407766851,0.9467943691261206,0.9359385407766851
low,13,8,0.9325437482200365,0.9499669699998545,cqi,0.9300000000000002,0.9385295794174139,0.9300000000000002,0.9400804120387617,0.9323262489320221
low,13,9,0.935938540776685,0.952997699611512,cqi,0.9340000000000002,0.9423357253397455,0.9357446866990164,0.9454373905824411,0.9357446866990164
low,13,10,0.9288841659546813,0.9478818655661934,cqi,0.9273333333333335,0.9354752045954103,0.9273333333333335,0.9337305178963938,0.9288841659546817
low,13,11,0.9335508326213481,0.9515792618445176,cqi,0.9320000000000003,0.9420804120387618,0.9320000000000003,0.9465390558251366,0.9333569785436796
low,13,12,0.9372718741100182,0.954137178867177,cqi,0.9353333333333335,0.9440567668284157,0.9372718741100184,0.9479338483817853,0.9372718741100184
low,13,13,0.9409692703883424,0.9574468669901641,cqi,0.94,0.948917287572751,0.9407754163106741,0.9524066609707836,0.9409692703883424
low,13,14,0.924326248932022,0.9442932189318765,cqi,0.922,0.9314988498057563,0.9239385407766851,0.9303357253397454,0.9241323948543536
low,13,15,0.9334657281876868,0.9513003033331877,cqi,0.9313333333333335,0.9404444749837529,0.9321087496440076,0.9445154106147909,0.93307802003235
low,13,16,0.9296595822653554,0.9482695737215302,cqi,0.9273333333333335,0.9366383290614211,0.9294657281876869,0.9376075994497637,0.9294657281876869
low,13,17,0.9293569785436796,0.948936240388197,cqi,0.9280000000000003,0.9357541631067398,0.929163124466011,0.9388558283494357,0.929163124466011
low,13,18,0.9304964577993445,0.9496880114885248,cqi,0.9293333333333336,0.9359243719740622,0.9304964577993445,0.9419574935921315,0.9304964577993445
low,13,19,0.9312955193203645,0.9498818655661933,cqi,0.9293333333333336,0.9382506209060841,0.9308841659546814,0.9417399943041168,0.9308841659546814
low,14,0,0.9278534363430239,0.9462695737215303,cqi,0.9253333333333336,0.9348321831390896,0.9278534363430236,0.9365768698381061,0.9278534363430236
low,14,1,0.9300236452103464,0.9494090529771951,cqi,0.9286666666666668,0.9362269756957382,0.9298297911326777,0.9387470787054284,0.9298297911326777
low,14,2,0.9342174992880149,0.9522459285111842,cqi,0.9326666666666669,0.9411962460840804,0.9336359370550091,0.9435224950161023,0.9342174992880149
low,14,3,0.9389692703883423,0.9560284292231696,cqi,0.9380000000000002,0.9451726008737343,0.9380000000000002,0.9531206180581421,0.9387754163106742
low,14,4,0.9397446866990167,0.9560284292231696,cqi,0.9380000000000002,0.9467234334950824,0.9397446866990167,0.950600515048452,0.9397446866990167
low,14,5,0.9293806237540256,0.9487423863105285,cqi,0.9280000000000003,0.9357541631067399,0.9280000000000003,0.9404066609707837,0.9289692703883425
low,14,6,0.9358534363430238,0.9527187411001825,cqi,0.9333333333333337,0.9424444749837528,0.9341087496440075,0.9428321831390895,0.9352718741100183
low,14,7,0.9258297911326777,0.9465721774432061,cqi,0.924666666666667,0.9339716623947546,0.924666666666667,0.9397872847248088,0.925635937055009
low,14,8,0.9358534363430238,0.9527187411001823,cqi,0.9333333333333337,0.9424444749837529,0.934690311877013,0.9488416595468128,0.934690311877013
low,14,9,0.9344964577993444,0.9527187411001823,cqi,0.9333333333333336,0.9420567668284158,0.9344964577993444,0.9441891616827691,0.9344964577993444
low,14,10,0.9342174992880149,0.9522459285111842,cqi,0.9326666666666669,0.9408085379287435,0.9334420829773408,0.9442979113267764,0.9340236452103462
low,14,11,0.9315508326213482,0.9503546781551916,cqi,0.9300000000000004,0.9360094764077235,0.9315508326213482,0.9375603090290715,0.9315508326213482
low,14,12,0.9414657281876867,0.956974054401166,cqi,0.9393333333333336,0.9476690586730787,0.9412718741100184,0.9482506209060841,0.9412718741100184
low,14,13,0.9301087496440075,0.9498818655661933,cqi,0.9293333333333336,0.9363120801293993,0.9293333333333336,0.9429031187701279,0.9301087496440075
low,14,14,0.9364349985760292,0.9525248870225139,cqi,0.9333333333333333,0.9410874964400732,0.9350780200323496,0.9432198912944265,0.9350780200323496
low,14,15,0.9312340600970495,0.9494090529771951,cqi,0.928666666666667,0.9344822889967215,0.9296359370550091,0.9418487439481245,0.9296359370550091
low,14,16,0.9360472904206922,0.9525248870225137,cqi,0.9333333333333337,0.9420567668284158,0.9333333333333337,0.943413745372095,0.9354657281876869
low,14,17,0.9324113533656831,0.9506336366665211,cqi,0.930666666666667,0.9395839542394175,0.9322174992880148,0.94055322462776,0.9324113533656831
low,14,18,0.9337683319093626,0.9504397825888526,cqi,0.9306666666666669,0.9386146838510749,0.9308605207443351,0.9432671817151188,0.9320236452103463
low,14,19,0.9333806237540255,0.9506336366665211,cqi,0.930666666666667,0.9384208297734066,0.930666666666667,0.937839267540401,0.9329929155986887
low,15,0,0.9278534363430239,0.9468511359545357,cqi,0.9253333333333335,0.9325059342070678,0.9268841659546816,0.9369645779934429,0.9268841659546816
low,15,1,0.9384113533656834,0.9550828040451732,cqi,0.9366666666666669,0.9428699971520587,0.9382174992880149,0.9453901001617491,0.9382174992880149
low,15,2,0.9300236452103464,0.9488274907441898,cqi,0.928666666666667,0.9358392675404009,0.9294420829773407,0.939328640938434,0.9298297911326775
low,15,3,0.9286052074433517,0.9476029070548636,cqi,0.9266666666666666,0.9353901001617491,0.9280236452103463,0.9383215565371223,0.9284113533656831
low,15,4,0.9369929155986887,0.9536643662781789,cqi,0.934666666666667,0.9431962460840805,0.9367990615210201,0.9464917654044448,0.9367990615210201
low,15,5,0.93307802003235,0.9511064492555192,cqi,0.9313333333333337,0.9400567668284157,0.93307802003235,0.9406383290614211,0.93307802003235
low,15,6,0.9283735393527142,0.9484634277991988,cqi,0.9273333333333335,0.9350874964400733,0.9279148955663391,0.937995307605101,0.9279148955663391
low,15,7,0.9375508326213482,0.9544161373785065,cqi,0.9360000000000003,0.9435603090290715,0.9360000000000003,0.9487943691261207,0.9373569785436797
low,15,8,0.9323262489320221,0.9503546781551916,cqi,0.9300000000000002,0.9398865579610932,0.9311631244660111,0.9439574935921314,0.931938540776685
low,15,9,0.9404964577993443,0.956974054401166,cqi,0.9393333333333336,0.9470874964400732,0.9404964577993443,0.9503830157604375,0.9404964577993443
low,15,10,0.9368841659546814,0.954137178867177,cqi,0.9353333333333336,0.9446383290614212,0.9366903118770131,0.9489031187701278,0.9366903118770131
low,15,11,0.9344964577993444,0.9527187411001823,cqi,0.9333333333333336,0.9416690586730787,0.934302603721676,0.9451820772814575,0.934302603721676
low,15,12,0.9381560400646997,0.9546099914561751,cqi,0.9360000000000003,0.9427848927183974,0.9360000000000003,0.9447234334950823,0.9373569785436795
low,15,13,0.9464349985760293,0.9598109299351549,cqi,0.9433333333333335,0.9514752045954101,0.9458534363430238,0.9543830157604375,0.9458534363430238
low,15,14,0.9389078111650273,0.9546099914561751,cqi,0.9360000000000003,0.94375416310674,0.9360000000000003,0.9474373905824413,0.9375508326213482
low,15,15,0.9329692703883425,0.951773115922186,cqi,0.9320000000000003,0.9397541631067399,0.9320000000000003,0.9475319714238253,0.932775416310674
low,15,16,0.9304964577993445,0.9498818655661933,cqi,0.9293333333333336,0.9372813505177415,0.9304964577993443,0.9432908269254647,0.9304964577993443
low,15,17,0.9364349985760293,0.9536643662781789,cqi,0.934666666666667,0.942614683851075,0.9354420829773409,0.9470733276374502,0.9356359370550094
low,15,18,0.9298534363430239,0.9482695737215302,cqi,0.9273333333333335,0.937801453527432,0.9288841659546815,0.9399338483817854,0.9298534363430239
low,15,19,0.9310780200323499,0.9496880114885248,cqi,0.9293333333333336,0.9361182260517308,0.9293333333333336,0.9363120801293993,0.9310780200323499
low,16,0,0.9341323948543536,0.9515792618445176,cqi,0.9320000000000003,0.9401418712620769,0.9335508326213483,0.9405295794174138,0.9335508326213483
low,16,1,0.9320472904206923,0.9496880114885248,cqi,0.9293333333333336,0.9355366638187254,0.930690311877013,0.934183067113065,0.930690311877013
low,16,2,0.9411631244660111,0.9574468669901641,cqi,0.94,0.9473664549514027,0.9407754163106741,0.9527943691261207,0.9407754163106741
low,16,3,0.9352955193203644,0.9525248870225137,cqi,0.9333333333333337,0.9414752045954102,0.9344964577993444,0.9447707239157745,0.9344964577993444
low,16,4,0.9381323948543534,0.9546099914561751,cqi,0.9360000000000003,0.9423971845630603,0.937163124466011,0.9464681201940988,0.937163124466011
low,16,5,0.9309929155986887,0.9494090529771954,cqi,0.928666666666667,0.939328640938434,0.9309929155986887,0.940879473559782,0.9309929155986887
low,16,6,0.9358297911326777,0.9534705122005104,cqi,0.934666666666667,0.9424208297734066,0.9356359370550092,0.9493995765694719,0.9356359370550092
low,16,7,0.9376359370550091,0.9550828040451732,cqi,0.9366666666666671,0.9457778083170861,0.9376359370550091,0.9502364521034611,0.9376359370550091
low,16,8,0.9336595822653554,0.9509125951778508,cqi,0.9313333333333335,0.9406383290614211,0.933465728187687,0.9414137453720951,0.933465728187687
low,16,9,0.9262647897087068,0.9465721774432061,cqi,0.924666666666667,0.9331962460840805,0.9256359370550092,0.9380425980257928,0.9258297911326777
low,16,10,0.9384964577993444,0.9555556166341713,cqi,0.9373333333333335,0.9445059342070677,0.9384964577993442,0.9474137453720952,0.9384964577993442
low,16,11,0.9303026037216758,0.9498818655661933,cqi,0.9293333333333336,0.9374752045954102,0.9301087496440075,0.9423215565371224,0.9301087496440075
low,16,12,0.934690311877013,0.9527187411001823,cqi,0.9333333333333336,0.9410874964400732,0.934690311877013,0.9470969728477963,0.934690311877013
low,16,13,0.9301323948543537,0.9487423863105285,cqi,0.9280000000000003,0.9369172875727508,0.9295508326213481,0.9423452017474684,0.9295508326213481
low,16,14,0.9344349985760293,0.9511064492555192,cqi,0.9313333333333335,0.9511064492555192,0.9313333333333335,0.9400567668284157,0.9323026037216758
low,16,15,0.9283262489320221,0.9475178026212026,cqi,0.9260000000000003,0.9339480171844083,0.9273569785436795,0.9384066609707834,0.9273569785436795
low,16,16,0.9399385407766849,0.9560284292231696,cqi,0.9380000000000003,0.9461418712620769,0.939163124466011,0.9484681201940987,0.939163124466011
low,16,17,0.9285201030096905,0.947323948543534,cqi,0.9260000000000003,0.9356927038834247,0.9275508326213481,0.9387943691261207,0.9275508326213481
low,16,18,0.9342411444983607,0.9513003033331877,cqi,0.9313333333333337,0.9404444749837529,0.9334657281876868,0.9429645779934431,0.9334657281876868
low,16,19,0.9255130186083792,0.943735301909217,cqi,0.9206666666666669,0.9291962460840807,0.9233806237540256,0.9282269756957383,0.9233806237540256
low,17,0,0.9370780200323497,0.9539433247895084,cqi,0.9353333333333335,0.945026037216758,0.9370780200323497,0.9475461402264485,0.9370780200323497
low,17,1,0.940326248932022,0.9560284292231696,cqi,0.9380000000000003,0.9471111416504194,0.9401323948543535,0.9502128068931152,0.9401323948543535
low,17,2,0.9327990615210202,0.9506336366665209,cqi,0.9306666666666669,0.9391962460840805,0.9327990615210202,0.94055322462776,0.9327990615210202
low,17,3,0.9321323948543536,0.9503546781551916,cqi,0.9300000000000004,0.9400804120387617,0.9321323948543536,0.9435697854367944,0.9321323948543536
low,17,4,0.9318297911326777,0.9508274907441898,cqi,0.9306666666666669,0.9382269756957383,0.9318297911326777,0.9438487439481241,0.9318297911326777
low,17,5,0.9323262489320219,0.950160824077523,cqi,0.9300000000000002,0.9387234334950825,0.9323262489320219,0.9391111416504194,0.9323262489320219
low,17,6,0.9365201030096904,0.952997699611512,cqi,0.9340000000000002,0.9431111416504196,0.9365201030096904,0.9448558283494357,0.9365201030096904
low,17,7,0.9318297911326777,0.9508274907441898,cqi,0.930666666666667,0.9508274907441898,0.930666666666667,0.9444303061811297,0.9331867696763573
low,17,8,0.9311867696763572,0.9492151988995268,cqi,0.928666666666667,0.9381655164724229,0.9306052074433517,0.9311867696763572,0.9311867696763572
low,17,9,0.9308463519417125,0.9471300944658655,cqi,0.9260000000000004,0.9351111416504196,0.9260000000000004,0.9380189528154468,0.929101665242696
low,17,10,0.9377446866990166,0.9544161373785065,cqi,0.9360000000000003,0.9431726008737344,0.9375508326213482,0.943366454951403,0.9377446866990166
low,17,11,0.9307990615210203,0.9503546781551916,cqi,0.9300000000000002,0.9377541631067398,0.9300000000000002,0.94163124466011,0.9305815622330056
low,17,12,0.9333569785436796,0.9515792618445176,cqi,0.9320000000000003,0.9397541631067399,0.9320000000000003,0.9432435365047728,0.933163124466011
low,17,13,0.934713957087359,0.951773115922186,cqi,0.9320000000000003,0.9407234334950823,0.9341323948543536,0.9451820772814575,0.9341323948543536
low,17,14,0.9333806237540255,0.9508274907441898,cqi,0.9306666666666669,0.9391962460840804,0.9306666666666669,0.9424917654044449,0.9322174992880148
low,17,15,0.9344964577993443,0.9525248870225137,cqi,0.9333333333333337,0.9401182260517307,0.9333333333333337,0.9442128068931152,0.9344964577993443
low,17,16,0.930326248932022,0.948936240388197,cqi,0.9280000000000003,0.9373049957280879,0.9280000000000003,0.9413759313591261,0.9303262489320222
low,17,17,0.928326248932022,0.9471300944658655,cqi,0.9260000000000003,0.9349172875727508,0.927938540776685,0.9384066609707836,0.927938540776685
low,17,18,0.9373569785436795,0.9544161373785065,cqi,0.9360000000000003,0.9412340600970495,0.9360000000000003,0.9484066609707834,0.9371631244660111
low,17,19,0.9401323948543535,0.9560284292231696,cqi,0.9380000000000002,0.9465295794174138,0.9393569785436796,0.9500189528154467,0.9393569785436796
low,18,0,0.9357683319093625,0.9531915536891805,cqi,0.9340000000000002,0.9425295794174139,0.9355508326213482,0.9444681201940989,0.9355508326213482
low,18,1,0.9310780200323497,0.9494941574108564,cqi,0.9293333333333336,0.9368936423624048,0.9293333333333336,0.9405768698381061,0.9310780200323501
low,18,2,0.9374893733980328,0.952997699611512,cqi,0.9340000000000002,0.9413664549514029,0.935550832621348,0.9436927038834249,0.935550832621348
low,18,3,0.9308841659546814,0.9498818655661933,cqi,0.9293333333333336,0.9374752045954102,0.9308841659546816,0.9411584320711114,0.9308841659546816
low,18,4,0.9343498941423682,0.9506336366665209,cqi,0.9306666666666669,0.9419102031714393,0.9333806237540255,0.9417163490937708,0.9333806237540255
low,18,5,0.9386052074433515,0.9548889499675046,cqi,0.9366666666666669,0.9440331216180694,0.9384113533656834,0.948879473559782,0.9386052074433517
low,18,6,0.9250780200323501,0.9456265522652098,cqi,0.9233333333333336,0.9328321831390897,0.9241087496440075,0.9324444749837529,0.924690311877013
low,18,7,0.9334657281876868,0.9513003033331877,cqi,0.9313333333333335,0.9394752045954103,0.9334657281876868,0.9429645779934429,0.9334657281876868
low,18,8,0.9331016652426958,0.9511064492555192,cqi,0.9313333333333335,0.9375366638187252,0.9328841659546815,0.9406383290614211,0.9328841659546815
low,18,9,0.9408841659546816,0.9567802003234974,cqi,0.9393333333333336,0.9466997882847363,0.9408841659546816,0.9496075994497636,0.9408841659546816
low,18,10,0.9344586437863757,0.9511064492555192,cqi,0.9313333333333337,0.9396690586730786,0.9313333333333337,0.9375366638187255,0.9336595822653554
low,18,11,0.9326052074433516,0.9504397825888526,cqi,0.9306666666666669,0.9380331216180696,0.9318297911326776,0.9386146838510752,0.9324113533656834
low,18,12,0.9276832274757015,0.9468511359545357,cqi,0.9253333333333336,0.936189161682769,0.9266903118770129,0.9381277024594541,0.927465728187687
low,18,13,0.9323026037216761,0.9509125951778509,cqi,0.9313333333333337,0.9394752045954101,0.9313333333333337,0.9425768698381061,0.9323026037216758
low,18,14,0.9249078111650275,0.9442932189318765,cqi,0.922,0.9316927038834247,0.9237446866990165,0.9328558283494357,0.9237446866990165
low,18,15,0.9287990615210202,0.9479906152102007,cqi,0.9266666666666671,0.9351962460840806,0.9278297911326778,0.9373286409384342,0.9278297911326778
low,18,16,0.9280236452103463,0.9479906152102004,cqi,0.9266666666666669,0.9353901001617491,0.9280236452103463,0.9373286409384342,0.9280236452103463
low,18,17,0.9354657281876869,0.9525248870225137,cqi,0.9333333333333337,0.9403120801293994,0.9333333333333337,0.9420567668284158,0.9350780200323501
low,18,18,0.9347990615210203,0.9518582203558473,cqi,0.9326666666666671,0.9392577053073956,0.9344113533656834,0.9400331216180695,0.9347990615210204
low,18,19,0.9350780200323501,0.9527187411001823,cqi,0.9333333333333336,0.9416690586730787,0.9333333333333336,0.9432198912944265,0.9344964577993443
low,19,0,0.9315508326213482,0.9503546781551916,cqi,0.93,0.9389172875727507,0.931550832621348,0.9400804120387617,0.931550832621348
low,19,1,0.9372718741100182,0.954137178867177,cqi,0.9353333333333336,0.9428936423624047,0.935914895566339,0.9471584320711114,0.9368841659546814
low,19,2,0.9335508326213481,0.951773115922186,cqi,0.9320000000000003,0.9395603090290714,0.9335508326213481,0.9438487439481241,0.9335508326213481
low,19,3,0.93707802003235,0.954137178867177,cqi,0.9353333333333335,0.9432813505177418,0.93707802003235,0.9436690586730788,0.93707802003235
low,19,4,0.9272955193203645,0.9468511359545357,cqi,0.9253333333333336,0.9348321831390896,0.9266903118770129,0.9365768698381061,0.9266903118770129
low,19,5,0.9387612475080512,0.9534705122005104,cqi,0.934666666666667,0.9424208297734066,0.9366052074433516,0.9470733276374503,0.9366052074433516
low,19,6,0.9280472904206923,0.9479906152102004,cqi,0.9266666666666669,0.9334515593850641,0.9266666666666669,0.9369409327830969,0.9274420829773408
low,19,7,0.9318297911326777,0.9508274907441898,cqi,0.9306666666666669,0.9376454134627326,0.9318297911326776,0.9444303061811297,0.9318297911326776
low,19,8,0.9268841659546816,0.9468511359545357,cqi,0.9253333333333336,0.9356075994497637,0.9253333333333336,0.9379338483817855,0.9264964577993445
low,19,9,0.9370780200323497,0.9539433247895084,cqi,0.9353333333333335,0.9436690586730788,0.9370780200323497,0.9479574935921313,0.9370780200323497
low,19,10,0.94307802003235,0.9581986380904918,cqi,0.9413333333333335,0.9486997882847364,0.9428841659546815,0.9516075994497635,0.9428841659546815
low,19,11,0.9337446866990164,0.9515792618445176,cqi,0.932,0.9411111416504193,0.9337446866990164,0.9337446866990164,0.9337446866990164
low,19,12,0.9301323948543535,0.948936240388197,cqi,0.9280000000000003,0.9359480171844085,0.9297446866990167,0.9440898884464847,0.9297446866990167
low,19,13,0.9326052074433516,0.9506336366665209,cqi,0.9306666666666669,0.9395839542394175,0.9324113533656831,0.9456170758574864,0.9324113533656831
low,19,14,0.9321323948543536,0.9503546781551916,cqi,0.9300000000000002,0.9379480171844083,0.9313569785436797,0.9427943691261207,0.9313569785436797
low,19,15,0.9417446866990167,0.9572530129124955,cqi,0.9400000000000002,0.9458156223300548,0.9400000000000002,0.9483357253397454,0.9411631244660109
low,19,16,0.9360236452103461,0.9534705122005104,cqi,0.934666666666667,0.9420331216180695,0.9354420829773409,0.9495934306471402,0.9356359370550092
low,19,17,0.9351867696763572,0.9531915536891805,cqi,0.9340000000000002,0.9411726008737343,0.9351631244660109,0.9436927038834249,0.9351631244660109
low,19,18,0.933186769676357,0.9508274907441898,cqi,0.9306666666666669,0.9382269756957381,0.9327990615210202,0.9399716623947544,0.9327990615210202
low,19,19,0.9282174992880149,0.9476029070548638,cqi,0.9266666666666671,0.9351962460840806,0.9266666666666671,0.9400425980257927,0.928217499288015
low,20,0,0.9355508326213482,0.9531915536891805,cqi,0.9340000000000002,0.9421418712620768,0.9355508326213482,0.9448558283494356,0.9355508326213482
low,20,1,0.9325201030096905,0.9499669699998545,cqi,0.9300000000000004,0.9394988498057564,0.9315508326213482,0.9412435365047727,0.9315508326213482
low,20,2,0.930775416310674,0.950160824077523,cqi,0.9300000000000002,0.9373664549514029,0.9307754163106741,0.9427943691261207,0.9307754163106741
low,20,3,0.9358297911326777,0.9536643662781789,cqi,0.934666666666667,0.9536643662781789,0.9348605207443355,0.9496170758574864,0.9350543748220038
low,20,4,0.93307802003235,0.9513003033331877,cqi,0.9313333333333337,0.9383120801293992,0.9328841659546815,0.9392813505177418,0.9328841659546815
low,20,5,0.9291016652426959,0.9484634277991988,cqi,0.9273333333333335,0.9356690586730787,0.9273333333333335,0.938988223203789,0.928690311877013
low,20,6,0.9388841659546815,0.9555556166341713,cqi,0.9373333333333335,0.9443120801293992,0.9388841659546815,0.9485768698381062,0.9388841659546815
low,20,7,0.9336359370550094,0.9522459285111842,cqi,0.9326666666666669,0.9417778083170861,0.9326666666666669,0.9454610357927874,0.9336359370550094
low,20,8,0.9311631244660111,0.9503546781551916,cqi,0.9300000000000004,0.9385295794174139,0.9300000000000004,0.9402742661164303,0.9311631244660111
low,20,9,0.9316359370550092,0.9508274907441898,cqi,0.9306666666666669,0.9380331216180696,0.9306666666666669,0.9417399943041169,0.9314420829773408
low,20,10,0.9357446866990167,0.9531915536891805,cqi,0.9340000000000002,0.9407848927183974,0.934387708155337,0.9452435365047727,0.9355508326213482
low,20,11,0.9384113533656834,0.9550828040451732,cqi,0.9366666666666669,0.9448085379287435,0.9380236452103461,0.9486856194821133,0.9380236452103461
low,20,12,0.9272718741100182,0.9470449900322042,cqi,0.9253333333333335,0.9346383290614212,0.9270780200323501,0.9367707239157745,0.9270780200323501
low,20,13,0.9293569785436796,0.948936240388197,cqi,0.9280000000000003,0.9367234334950824,0.9289692703883425,0.9394373905824411,0.9289692703883425
low,20,14,0.9252955193203644,0.9446809270872135,cqi,0.9220000000000003,0.9289787467960657,0.923163124466011,0.9320804120387618,0.923163124466011
low,20,15,0.9301323948543535,0.9487423863105285,cqi,0.9280000000000003,0.9351726008737343,0.9295508326213481,0.9394373905824412,0.9295508326213481
low,20,16,0.9276595822653553,0.9468511359545357,cqi,0.9253333333333336,0.9352198912944266,0.9253333333333336,0.9358014535274322,0.9272718741100184
low,20,17,0.9302174992880148,0.9494090529771951,cqi,0.928666666666667,0.9379716623947544,0.928666666666667,0.9424303061811297,0.9302174992880148
low,20,18,0.9390780200323499,0.9553617625565027,cqi,0.9373333333333335,0.9439243719740621,0.9388841659546817,0.9431489556633882,0.9388841659546817
low,20,19,0.9402174992880148,0.9565012418121679,cqi,0.9386666666666668,0.9454515593850641,0.9386666666666668,0.9518960343688161,0.9400236452103462
low,21,0,0.928326248932022,0.947323948543534,cqi,0.9260000000000003,0.9339480171844086,0.9260000000000003,0.9353049957280878,0.9269692703883424
low,21,1,0.9366903118770129,0.9539433247895084,cqi,0.9353333333333335,0.9426997882847362,0.9366903118770129,0.9487092646924594,0.9366903118770129
low,21,2,0.9408841659546816,0.9567802003234974,cqi,0.9393333333333334,0.9567802003234974,0.9393333333333334,0.950964577993443,0.940690311877013
low,21,3,0.9285201030096905,0.947323948543534,cqi,0.9260000000000003,0.9351111416504195,0.928326248932022,0.9341418712620769,0.928326248932022
low,21,4,0.929186769676357,0.9479906152102007,cqi,0.9266666666666669,0.9344208297734065,0.9287990615210202,0.9340331216180694,0.9287990615210202
low,21,5,0.9356595822653553,0.9525248870225139,cqi,0.9333333333333333,0.9403120801293993,0.9333333333333333,0.9461277024594538,0.9350780200323501
low,21,6,0.9401323948543535,0.9560284292231696,cqi,0.9380000000000003,0.9453664549514027,0.9393569785436796,0.9500189528154467,0.9393569785436796
low,21,7,0.9340236452103462,0.9522459285111842,cqi,0.9326666666666669,0.9417778083170861,0.9338297911326776,0.9456548898704559,0.9338297911326776
low,21,8,0.9281323948543534,0.9475178026212026,cqi,0.9260000000000003,0.9347234334950822,0.9281323948543534,0.9353049957280878,0.9281323948543534
low,21,9,0.9353569785436796,0.9531915536891805,cqi,0.9340000000000002,0.9411726008737343,0.9340000000000002,0.9458250987377782,0.9347754163106741
low,21,10,0.9346288526536978,0.9522459285111842,cqi,0.9326666666666669,0.9419716623947545,0.9326666666666669,0.9433286409384342,0.9336359370550091
low,21,11,0.939163124466011,0.9560284292231696,cqi,0.9380000000000002,0.9560284292231696,0.9385815622330057,0.9500189528154467,0.9387754163106742
low,21,12,0.9313191645307106,0.9483546781551915,cqi,0.9280000000000003,0.9363357253397455,0.9295508326213481,0.9402128068931151,0.9297446866990167
low,21,13,0.9305815622330058,0.9503546781551916,cqi,0.9300000000000002,0.9503546781551916,0.9305815622330056,0.9429882232037889,0.9305815622330056
low,21,14,0.9302174992880148,0.9494090529771951,cqi,0.928666666666667,0.9360331216180695,0.9300236452103462,0.9391347868607655,0.9300236452103462
low,21,15,0.9361323948543533,0.9531915536891805,cqi,0.9340000000000002,0.9415603090290714,0.9340000000000002,0.9442742661164302,0.9353569785436794
low,21,16,0.9297446866990167,0.948936240388197,cqi,0.9280000000000003,0.9359480171844082,0.9293569785436796,0.9374988498057563,0.9293569785436796
low,21,17,0.9336595822653552,0.9511064492555192,cqi,0.9313333333333337,0.9404444749837527,0.93307802003235,0.9447092646924595,0.93307802003235
low,21,18,0.9358297911326777,0.9536643662781789,cqi,0.9346666666666668,0.9428085379287434,0.9346666666666668,0.9461040572491077,0.9356359370550094
low,21,19,0.9376359370550091,0.9550828040451732,cqi,0.9366666666666671,0.9550828040451732,0.937442082977341,0.9506478054691441,0.937442082977341
low,22,0,0.9357446866990164,0.9531915536891805,cqi,0.9340000000000004,0.9413664549514029,0.9353569785436796,0.9440804120387618,0.9353569785436796
low,22,1,0.9345201030096904,0.9515792618445176,cqi,0.9320000000000005,0.9401418712620769,0.9341323948543536,0.9405295794174138,0.9341323948543536
low,22,2,0.9349929155986888,0.9522459285111842,cqi,0.9326666666666669,0.9415839542394174,0.9349929155986888,0.942940932783097,0.9349929155986888
low,22,3,0.9289929155986886,0.9477967611325321,cqi,0.9266666666666669,0.9357778083170861,0.9287990615210202,0.9353901001617491,0.9287990615210202
low,22,4,0.9346288526536978,0.9522459285111842,cqi,0.9326666666666669,0.9392577053073956,0.9326666666666669,0.9421655164724229,0.9344113533656833
low,22,5,0.9382411444983607,0.9548889499675046,cqi,0.9366666666666671,0.9440331216180694,0.9382174992880149,0.9436454134627326,0.9382174992880149
low,22,6,0.9306903118770129,0.9498818655661933,cqi,0.9293333333333336,0.9388321831390897,0.9301087496440075,0.9430969728477965,0.9301087496440075
low,22,7,0.9307376022977049,0.9487423863105285,cqi,0.9280000000000002,0.9363357253397453,0.9280000000000002,0.9347848927183975,0.9301323948543535
low,22,8,0.9395508326213483,0.9556407210678325,cqi,0.9380000000000003,0.9457541631067398,0.9391631244660109,0.9482742661164303,0.9391631244660109
low,22,9,0.9289692703883425,0.9487423863105285,cqi,0.9280000000000003,0.9351726008737343,0.9289692703883425,0.9357541631067399,0.9289692703883425
low,22,10,0.9314042689643717,0.950160824077523,cqi,0.9300000000000004,0.9375603090290715,0.9309692703883424,0.9429882232037892,0.9311631244660109
low,22,11,0.93907802003235,0.9555556166341713,cqi,0.9373333333333335,0.9454752045954101,0.9373333333333335,0.9487707239157744,0.93907802003235
low,22,12,0.9306903118770129,0.9494941574108564,cqi,0.9293333333333336,0.9388321831390897,0.9301087496440075,0.9394137453720951,0.930690311877013
low,22,13,0.9407990615210201,0.9565012418121679,cqi,0.9386666666666668,0.9456454134627325,0.9407990615210201,0.9483593705500915,0.9407990615210201
low,22,14,0.935938540776685,0.9528038455338436,cqi,0.9340000000000004,0.9429172875727507,0.9357446866990167,0.9454373905824411,0.9357446866990167
low,22,15,0.9290780200323498,0.9482695737215302,cqi,0.9273333333333335,0.9358629127507472,0.9284964577993444,0.9368321831390897,0.9288841659546815
low,22,16,0.9318297911326777,0.9508274907441898,cqi,0.9306666666666669,0.939002392006412,0.9318297911326776,0.9461749928801461,0.9318297911326776
low,22,17,0.934411353365683,0.9518582203558473,cqi,0.9326666666666669,0.9400331216180695,0.9326666666666669,0.9423593705500916,0.934411353365683
low,22,18,0.9339385407766849,0.951773115922186,cqi,0.9320000000000005,0.9407234334950823,0.9337446866990168,0.9424681201940989,0.9337446866990168
low,22,19,0.9325201030096905,0.9511064492555192,cqi,0.9313333333333335,0.9406383290614211,0.9313333333333335,0.9439338483817854,0.9324964577993444
low,23,0,0.9347990615210201,0.9522459285111842,cqi,0.9326666666666669,0.9419716623947545,0.9326666666666669,0.9439102031714394,0.9346052074433517
low,23,1,0.9354657281876869,0.9525248870225137,cqi,0.9333333333333337,0.9434137453720952,0.9333333333333337,0.9469031187701279,0.9350780200323501
low,23,2,0.9305201030096906,0.9487423863105285,cqi,0.9280000000000003,0.9359480171844085,0.9305201030096906,0.9365295794174138,0.9305201030096906
low,23,3,0.9292718741100183,0.9484634277991988,cqi,0.9273333333333335,0.9360567668284158,0.9290780200323502,0.937995307605101,0.9290780200323502
low,23,4,0.93707802003235,0.954137178867177,cqi,0.9353333333333335,0.9434752045954102,0.9370780200323501,0.9467707239157745,0.9370780200323501
low,23,5,0.9323498941423681,0.9503546781551916,cqi,0.9300000000000004,0.9400804120387617,0.9317446866990167,0.9449267639804738,0.9317446866990167
low,23,6,0.9381323948543534,0.9546099914561751,cqi,0.9360000000000003,0.9449172875727508,0.9367754163106742,0.9480189528154468,0.9373569785436795
low,23,7,0.9342411444983607,0.9513003033331877,cqi,0.9313333333333337,0.9408321831390896,0.9332718741100184,0.941413745372095,0.9332718741100184
low,23,8,0.93307802003235,0.9513003033331877,cqi,0.9313333333333335,0.9388936423624049,0.9328841659546815,0.9416075994497637,0.9328841659546815
low,23,9,0.9366288526536979,0.9525248870225137,cqi,0.9333333333333336,0.9418629127507471,0.9350780200323501,0.9451584320711114,0.9350780200323501
low,23,10,0.9317446866990163,0.950160824077523,cqi,0.93,0.9398865579610932,0.9317446866990167,0.943375931359126,0.9317446866990167
low,23,11,0.93879906152102,0.9548889499675048,cqi,0.9366666666666671,0.943839267540401,0.9380236452103461,0.9442269756957383,0.9384113533656834
low,23,12,0.9211489556633884,0.9427896767312207,cqi,0.9193333333333336,0.9284444749837528,0.9201087496440075,0.9330969728477965,0.9201087496440075
low,23,13,0.9322411444983607,0.9496880114885248,cqi,0.9293333333333336,0.9368936423624048,0.9293333333333336,0.9363120801293993,0.9312718741100184
low,23,14,0.9319385407766853,0.9503546781551916,cqi,0.9300000000000002,0.9371726008737344,0.9300000000000002,0.9393049957280878,0.9317446866990167
low,23,15,0.9277446866990168,0.9475178026212026,cqi,0.9260000000000003,0.9339480171844083,0.9260000000000003,0.9378250987377783,0.927163124466011
low,23,16,0.935938540776685,0.9531915536891805,cqi,0.9340000000000002,0.9425295794174139,0.9353569785436796,0.9456312446601096,0.9353569785436796
low,23,17,0.9351867696763572,0.9520520744335156,cqi,0.9326666666666669,0.9408085379287435,0.9344113533656833,0.9411962460840806,0.9344113533656833
low,23,18,0.9349692703883425,0.952997699611512,cqi,0.9340000000000002,0.952997699611512,0.9345815622330057,0.9425134689984748,0.9345815622330057
low,23,19,0.9377446866990166,0.9546099914561751,cqi,0.9360000000000003,0.9433664549514028,0.9375508326213482,0.9453049957280878,0.9375508326213482
low,24,0,0.9304964577993443,0.9498818655661935,cqi,0.9293333333333336,0.9382506209060841,0.930302603721676,0.9429267639804736,0.930302603721676
low,24,1,0.9327139570873589,0.9503546781551916,cqi,0.9300000000000004,0.9375603090290715,0.9321323948543536,0.9424066609707836,0.9321323948543536
low,24,2,0.9342411444983607,0.9520520744335156,cqi,0.9326666666666669,0.9398392675404011,0.9338297911326776,0.9454610357927872,0.9338297911326776
low,24,3,0.9344113533656833,0.9522459285111844,cqi,0.9326666666666669,0.9394515593850641,0.9326666666666669,0.9431347868607655,0.933442082977341
low,24,4,0.937442082977341,0.9550828040451732,cqi,0.9366666666666669,0.9442269756957381,0.9374420829773408,0.9502364521034611,0.9374420829773408
low,24,5,0.9341323948543535,0.951773115922186,cqi,0.9320000000000003,0.9413049957280877,0.9339385407766851,0.9465390558251369,0.9339385407766851
low,24,6,0.9341323948543535,0.9515792618445176,cqi,0.9320000000000003,0.9382033304853921,0.9320000000000003,0.9440425980257927,0.9333569785436796
low,24,7,0.933040206019381,0.9508274907441898,cqi,0.9306666666666669,0.937839267540401,0.9322174992880148,0.9411347868607653,0.9322174992880148
low,24,8,0.9390780200323502,0.9555556166341713,cqi,0.9373333333333335,0.9460567668284157,0.9388841659546815,0.9505154106147908,0.9388841659546815
low,24,9,0.9357446866990167,0.9531915536891805,cqi,0.9340000000000004,0.9409787467960659,0.9351631244660111,0.9464066609707837,0.9353569785436796
low,24,10,0.9370165608090347,0.9523310329448454,cqi,0.9333333333333337,0.9416690586730787,0.9356595822653554,0.9443830157604375,0.9356595822653554
low,24,11,0.9289929155986886,0.9476029070548636,cqi,0.9266666666666666,0.9340331216180696,0.9284113533656831,0.928605207443352,0.928605207443352
low,24,12,0.9347990615210203,0.9518582203558473,cqi,0.9326666666666669,0.9411962460840804,0.9342174992880149,0.9452671817151187,0.9342174992880149
low,24,13,0.9408841659546814,0.956974054401166,cqi,0.9393333333333334,0.9466997882847363,0.9393333333333334,0.9484444749837528,0.9406903118770128
low,24,14,0.9395508326213481,0.9560284292231696,cqi,0.9380000000000003,0.9471111416504194,0.9387754163106742,0.9484681201940987,0.9393569785436796
low,24,15,0.9350780200323501,0.9527187411001825,cqi,0.9333333333333337,0.9406997882847361,0.9333333333333337,0.9409172875727508,0.934690311877013
low,24,16,0.9281323948543536,0.9473239485435339,cqi,0.9260000000000003,0.9347234334950822,0.9267754163106742,0.9378250987377781,0.9275508326213481
low,24,17,0.9340236452103462,0.9522459285111842,cqi,0.9326666666666669,0.9408085379287435,0.9340236452103462,0.9456548898704557,0.9340236452103462
low,24,18,0.9305201030096906,0.94854853223286,cqi,0.9280000000000003,0.9373049957280879,0.9301323948543537,0.9301323948543537,0.9301323948543537
low,24,19,0.9350165608090348,0.9520520744335158,cqi,0.9326666666666669,0.9396454134627326,0.9346052074433517,0.9454610357927874,0.9346052074433517
low,25,0,0.9317446866990167,0.9503546781551916,cqi,0.9300000000000004,0.9383357253397454,0.9317446866990167,0.9391111416504194,0.9317446866990167
low,25,1,0.9365815622330054,0.9546099914561751,cqi,0.9360000000000003,0.9546099914561751,0.9360000000000003,0.9511206180581422,0.9365815622330056
low,25,2,0.9393569785436796,0.9558345751455011,cqi,0.9380000000000002,0.9558345751455011,0.9387754163106741,0.9494373905824413,0.9387754163106741
low,25,3,0.9337446866990164,0.9515792618445176,cqi,0.9320000000000003,0.9387848927183975,0.9337446866990164,0.9337446866990164,0.9337446866990164
low,25,4,0.9372104148867032,0.9536643662781789,cqi,0.9346666666666668,0.9424208297734064,0.9360236452103462,0.9476548898704558,0.9360236452103462
low,25,5,0.9376359370550091,0.9548889499675046,cqi,0.9366666666666669,0.9548889499675046,0.9372482288996724,0.9482979113267763,0.9372482288996724
low,25,6,0.9332718741100183,0.9513003033331877,cqi,0.9313333333333337,0.9396690586730786,0.9328841659546815,0.94335228614878,0.9328841659546815
low,25,7,0.9328841659546815,0.9511064492555192,cqi,0.9313333333333337,0.9408321831390896,0.9328841659546815,0.9443215565371225,0.9328841659546815
low,25,8,0.9410780200323499,0.956974054401166,cqi,0.9393333333333336,0.9476690586730787,0.9393333333333336,0.9515461402264487,0.9404964577993443
low,25,9,0.9386903118770129,0.9553617625565027,cqi,0.9373333333333335,0.9454752045954101,0.9373333333333335,0.9472198912944266,0.9383026037216757
low,25,10,0.9329929155986887,0.9506336366665209,cqi,0.9306666666666669,0.9380331216180694,0.9329929155986886,0.9329929155986886,0.9329929155986886
low,25,11,0.9314657281876868,0.9498818655661933,cqi,0.9293333333333336,0.940189161682769,0.9293333333333336,0.9427092646924594,0.9308841659546816
low,25,12,0.9376595822653553,0.954137178867177,cqi,0.9353333333333335,0.9432813505177415,0.9353333333333335,0.9471820772814574,0.9372718741100182
low,25,13,0.9341087496440075,0.9525248870225137,cqi,0.9333333333333337,0.9410874964400733,0.9341087496440075,0.9453522861487801,0.9341087496440075
low,25,14,0.933101665242696,0.950160824077523,cqi,0.9300000000000004,0.9393049957280878,0.9317446866990167,0.9445390558251366,0.931938540776685
low,25,15,0.9349078111650275,0.9527187411001823,cqi,0.9333333333333333,0.9393428097410568,0.934690311877013,0.9393428097410568,0.934690311877013
low,25,16,0.936217499288015,0.9532766581228418,cqi,0.934666666666667,0.9424208297734066,0.9362174992880148,0.9480425980257928,0.9362174992880148
low,25,17,0.9328841659546816,0.9513003033331877,cqi,0.9313333333333337,0.9406383290614212,0.9319148955663388,0.9447092646924595,0.9321087496440076
low,25,18,0.934349894142368,0.9508274907441898,cqi,0.9306666666666669,0.9424917654044449,0.9333806237540258,0.9452057224918035,0.9333806237540258
low,25,19,0.9288841659546815,0.9484634277991988,cqi,0.9273333333333335,0.9364444749837527,0.9288841659546815,0.9403215565371225,0.9288841659546815
low,26,0,0.9346052074433517,0.9522459285111842,cqi,0.9326666666666669,0.940614683851075,0.9346052074433517,0.9431347868607655,0.9346052074433517
low,26,1,0.9314279141747179,0.9492151988995268,cqi,0.9286666666666671,0.9370023920064121,0.9300236452103464,0.9406856194821133,0.9306052074433517
low,26,2,0.9335508326213481,0.951385407766849,cqi,0.932,0.9385910386407289,0.9329692703883425,0.9387053814598272,0.933163124466011
low,26,3,0.9344113533656833,0.9522459285111842,cqi,0.9326666666666669,0.940614683851075,0.9336359370550094,0.9423830157604374,0.9342174992880147
low,26,4,0.9337446866990166,0.951773115922186,cqi,0.932,0.9414988498057562,0.9337446866990168,0.9453759313591259,0.9337446866990168
low,26,5,0.9343262489320222,0.951773115922186,cqi,0.9320000000000003,0.9395603090290714,0.9339385407766851,0.9393664549514028,0.9339385407766851
low,26,6,0.9356595822653554,0.9527187411001823,cqi,0.9333333333333337,0.9405059342070675,0.9344964577993444,0.943049682427104,0.9344964577993444
low,26,7,0.9358297911326777,0.9536643662781789,cqi,0.9346666666666668,0.9404822889967215,0.9358297911326777,0.9497872847248088,0.9358297911326777
low,26,8,0.9351631244660111,0.952997699611512,cqi,0.9340000000000002,0.940203330485392,0.9340000000000002,0.9456312446601096,0.9349692703883425
low,26,9,0.9353806237540256,0.9522459285111842,cqi,0.9326666666666669,0.9415839542394174,0.9346052074433517,0.9421655164724231,0.9346052074433517
low,26,10,0.9305201030096906,0.9487423863105285,cqi,0.9280000000000003,0.9380804120387616,0.9305201030096906,0.940988223203789,0.9305201030096906
low,26,11,0.9355508326213482,0.952997699611512,cqi,0.9340000000000002,0.9413664549514029,0.9340000000000002,0.9483452017474683,0.9345815622330057
low,26,12,0.9245201030096905,0.944487073009545,cqi,0.9220000000000003,0.9328558283494357,0.9235508326213483,0.9342128068931151,0.9237446866990168
low,26,13,0.9282174992880149,0.9479906152102004,cqi,0.9266666666666669,0.9367470787054284,0.9266666666666669,0.9386856194821133,0.9280236452103462
low,26,14,0.9353569785436796,0.9531915536891805,cqi,0.9340000000000002,0.94175416310674,0.9353569785436796,0.9425295794174139,0.9353569785436796
low,26,15,0.9346052074433517,0.9520520744335156,cqi,0.9326666666666669,0.9402269756957382,0.9338297911326778,0.9444917654044449,0.9338297911326778
low,26,16,0.9338534363430236,0.9513003033331877,cqi,0.9313333333333335,0.9406383290614209,0.9334657281876868,0.9419953076051008,0.9334657281876868
low,26,17,0.934326248932022,0.9515792618445176,cqi,0.9320000000000005,0.9397541631067399,0.9320000000000005,0.9414988498057562,0.9335508326213483
low,26,18,0.9366288526536979,0.9527187411001823,cqi,0.9333333333333337,0.9410874964400732,0.9333333333333337,0.9469031187701277,0.9344964577993444
low,26,19,0.92707802003235,0.9470449900322042,cqi,0.9253333333333336,0.9328936423624047,0.9270780200323501,0.9342506209060841,0.9270780200323501
low,27,0,0.9315508326213484,0.9503546781551916,cqi,0.9300000000000002,0.9373664549514028,0.9311631244660109,0.9402742661164303,0.9311631244660109
low,27,1,0.9371867696763572,0.9534705122005104,cqi,0.9346666666666668,0.9424208297734066,0.9366052074433516,0.9472671817151187,0.9366052074433516
low,27,2,0.9337446866990168,0.951773115922186,cqi,0.9320000000000003,0.9409172875727508,0.9333569785436797,0.9418865579610934,0.9333569785436797
low,27,3,0.9358534363430238,0.9527187411001823,cqi,0.9333333333333336,0.9418629127507472,0.9352718741100182,0.9443830157604373,0.9352718741100182
low,27,4,0.9325437482200366,0.9494090529771951,cqi,0.9286666666666668,0.9383593705500914,0.9313806237540256,0.9381655164724229,0.9313806237540256
low,27,5,0.9357446866990164,0.952997699611512,cqi,0.9340000000000002,0.9444681201940988,0.9340000000000002,0.9475697854367945,0.935550832621348
low,27,6,0.9322174992880147,0.9506336366665209,cqi,0.9306666666666669,0.9382269756957383,0.9318297911326777,0.9403593705500914,0.9320236452103465
low,27,7,0.9298297911326777,0.9492151988995267,cqi,0.9286666666666668,0.937390100161749,0.9296359370550094,0.9395224950161023,0.9298297911326778
low,27,8,0.9382174992880149,0.9548889499675046,cqi,0.9366666666666666,0.9436454134627326,0.9380236452103463,0.9469409327830969,0.9380236452103463
low,27,9,0.935574477831694,0.9522459285111842,cqi,0.9326666666666669,0.9415839542394174,0.9342174992880147,0.9450733276374501,0.9347990615210201
low,27,10,0.9361323948543535,0.9531915536891805,cqi,0.9340000000000002,0.9431111416504196,0.9353569785436796,0.942917287572751,0.9353569785436796
low,27,11,0.9393569785436796,0.9560284292231696,cqi,0.9380000000000003,0.9560284292231696,0.939163124466011,0.9480804120387616,0.939163124466011
low,27,12,0.92907802003235,0.9484634277991988,cqi,0.9273333333333335,0.9368321831390897,0.928302603721676,0.9397399943041171,0.928302603721676
low,27,13,0.9358534363430238,0.9527187411001825,cqi,0.9333333333333336,0.9426383290614211,0.9354657281876869,0.9455461402264486,0.9354657281876869
low,27,14,0.9326903118770129,0.9513003033331877,cqi,0.9313333333333337,0.9386997882847362,0.9321087496440076,0.9441277024594539,0.9323026037216757
low,27,15,0.9319621859870311,0.9494090529771954,cqi,0.9286666666666668,0.9385532246277599,0.9315744778316942,0.9319621859870311,0.9315744778316942
low,27,16,0.9332955193203645,0.9503546781551916,cqi,0.9300000000000002,0.9387234334950822,0.9317446866990167,0.9408558283494358,0.9317446866990167
low,27,17,0.9421560400646996,0.9565012418121679,cqi,0.9386666666666668,0.9458392675404009,0.9404113533656835,0.9520425980257928,0.9404113533656835
low,27,18,0.9357683319093627,0.9522459285111842,cqi,0.9326666666666669,0.9435224950161023,0.9340236452103462,0.9441040572491078,0.9342174992880149
low,27,19,0.9322174992880148,0.9508274907441898,cqi,0.9306666666666669,0.937839267540401,0.9322174992880148,0.9322174992880148,0.9322174992880148
low,28,0,0.9358770815533698,0.9527187411001823,cqi,0.9333333333333336,0.9410874964400733,0.9358534363430238,0.9442128068931154,0.9358534363430238
low,28,1,0.9367754163106742,0.9546099914561751,cqi,0.9360000000000003,0.9441418712620769,0.9367754163106742,0.9507329099028053,0.9367754163106742
low,28,2,0.930326248932022,0.948936240388197,cqi,0.9280000000000002,0.9380804120387618,0.9295508326213481,0.9402128068931154,0.9295508326213481
low,28,3,0.9306288526536978,0.9478818655661934,cqi,0.9273333333333335,0.9381891616827689,0.9294657281876867,0.9401277024594541,0.9304349985760293
low,28,4,0.9351631244660111,0.952997699611512,cqi,0.9340000000000002,0.9405910386407288,0.9340000000000002,0.9431111416504196,0.9347754163106741
low,28,5,0.9389692703883425,0.9558345751455011,cqi,0.9380000000000003,0.9558345751455011,0.9387754163106738,0.9486619742717672,0.9389692703883425
low,28,6,0.937442082977341,0.9550828040451732,cqi,0.9366666666666671,0.9550828040451732,0.9372482288996722,0.9510118684141351,0.9372482288996722
low,28,7,0.935938540776685,0.9531915536891805,cqi,0.9340000000000002,0.9411726008737343,0.9340000000000002,0.947375931359126,0.9349692703883425
low,28,8,0.9324113533656834,0.9508274907441898,cqi,0.9306666666666669,0.9382269756957381,0.9324113533656831,0.9401655164724227,0.9324113533656831
low,28,9,0.9347990615210203,0.9518582203558473,cqi,0.9326666666666669,0.9404208297734065,0.9344113533656833,0.9347990615210203,0.9347990615210203
low,28,10,0.9326903118770129,0.9509125951778508,cqi,0.9313333333333337,0.9402506209060842,0.9323026037216758,0.9431584320711117,0.9323026037216758
low,28,11,0.9402174992880148,0.9565012418121679,cqi,0.9386666666666671,0.9454515593850641,0.9386666666666671,0.948940932783097,0.9400236452103464
low,28,12,0.9301323948543537,0.948936240388197,cqi,0.9280000000000003,0.9361418712620769,0.9280000000000003,0.9376927038834247,0.9295508326213483
low,28,13,0.9328841659546815,0.9513003033331877,cqi,0.9313333333333337,0.9394752045954101,0.9323026037216757,0.9439338483817854,0.9323026037216757
low,28,14,0.9398534363430238,0.9565012418121679,cqi,0.9386666666666668,0.9475839542394175,0.9398297911326777,0.9514610357927872,0.9398297911326777
low,28,15,0.9326903118770129,0.9513003033331877,cqi,0.9313333333333337,0.938699788284736,0.9321087496440076,0.9452908269254646,0.9321087496440076
low,28,16,0.9290543748220038,0.9494090529771951,cqi,0.9286666666666668,0.9494090529771951,0.9290543748220038,0.9410733276374501,0.9290543748220038
low,28,17,0.9344964577993444,0.9527187411001823,cqi,0.9333333333333337,0.9422506209060842,0.9344964577993444,0.9463215565371225,0.9344964577993444
low,28,18,0.9373569785436797,0.9544161373785065,cqi,0.9360000000000003,0.9447234334950825,0.9371631244660111,0.9495697854367946,0.9373569785436795
low,28,19,0.9322647897087069,0.9498818655661933,cqi,0.9293333333333336,0.9390260372167583,0.9310780200323499,0.943290826925465,0.9310780200323499
low,29,0,0.927465728187687,0.9468511359545357,cqi,0.9253333333333335,0.935026037216758,0.9272718741100184,0.9358014535274322,0.9272718741100184
low,29,1,0.9337446866990164,0.9515792618445176,cqi,0.932,0.9401418712620769,0.932,0.9440545554913439,0.933163124466011
low,29,2,0.9358297911326777,0.9536643662781789,cqi,0.934666666666667,0.9420331216180693,0.9356359370550092,0.9447470787054285,0.9356359370550092
low,29,3,0.9310780200323499,0.9496880114885248,cqi,0.9293333333333336,0.9368936423624048,0.9303026037216758,0.9434846810031331,0.930690311877013
low,29,4,0.930288434919053,0.948075719643862,cqi,0.9273333333333337,0.9345059342070677,0.9288841659546815,0.9378250987377783,0.9288841659546815
low,29,5,0.9351867696763572,0.9522459285111842,cqi,0.9326666666666669,0.9402269756957382,0.9344113533656834,0.9425532246277599,0.9344113533656834
low,29,6,0.9404349985760293,0.9555556166341714,cqi,0.9373333333333335,0.9458629127507472,0.9373333333333335,0.9476075994497635,0.9398534363430238
low,29,7,0.9308841659546814,0.9496880114885248,cqi,0.9293333333333336,0.9398014535274322,0.930302603721676,0.9446478054691441,0.9304964577993445
low,29,8,0.9414657281876867,0.9567802003234974,cqi,0.9393333333333336,0.9461182260517308,0.9408841659546814,0.9476690586730786,0.9408841659546814
low,29,9,0.9325201030096905,0.9503546781551916,cqi,0.9300000000000004,0.9375603090290715,0.9317446866990167,0.9414373905824411,0.9317446866990167
low,29,10,0.9360472904206922,0.9525248870225137,cqi,0.9333333333333336,0.9424444749837528,0.9352718741100183,0.9457399943041169,0.9352718741100183
low,29,11,0.9334657281876868,0.9513003033331877,cqi,0.9313333333333337,0.9404444749837529,0.9332718741100183,0.9456785350808017,0.9332718741100183
low,29,12,0.9356595822653554,0.9527187411001825,cqi,0.9333333333333336,0.9408936423624048,0.9341087496440075,0.9474846810031333,0.9353386567876689
low,29,13,0.9357446866990167,0.9531915536891805,cqi,0.9340000000000002,0.9423357253397453,0.9340000000000002,0.9456548898704557,0.9349692703883425
low,29,14,0.9293569785436796,0.948936240388197,cqi,0.9280000000000003,0.9386619742717673,0.9285815622330057,0.9425390558251369,0.9293569785436796
low,29,15,0.9247754163106741,0.945711656698871,cqi,0.9240000000000002,0.9331111416504194,0.9240000000000002,0.9389267639804738,0.9247754163106741
low,29,16,0.9333806237540255,0.9506336366665209,cqi,0.9306666666666669,0.9399716623947544,0.9327990615210202,0.9421040572491078,0.9327990615210202
low,29,17,0.9374657281876868,0.9539433247895084,cqi,0.9353333333333335,0.9438629127507471,0.9372718741100184,0.9454137453720951,0.9374657281876868
low,29,18,0.929163124466011,0.9487423863105285,cqi,0.9280000000000002,0.9351726008737343,0.929163124466011,0.9307290266701733,0.929163124466011
low,29,19,0.9357446866990164,0.952997699611512,cqi,0.9340000000000002,0.9425295794174139,0.9353569785436796,0.9436927038834249,0.9353569785436796
low,30,0,0.9271016652426958,0.9470449900322042,cqi,0.9253333333333335,0.9344444749837528,0.9268841659546814,0.9394846810031333,0.9268841659546814
low,30,1,0.937465728187687,0.9537494707118397,cqi,0.9353333333333335,0.9426997882847362,0.9366903118770131,0.946189161682769,0.9366903118770131
low,30,2,0.9325673934303829,0.9503546781551916,cqi,0.9300000000000002,0.9373664549514028,0.9300000000000002,0.9391111416504196,0.931938540776685
low,30,3,0.9383262489320218,0.9544161373785065,cqi,0.9360000000000003,0.9456927038834247,0.9375508326213481,0.9478250987377781,0.9375508326213481
low,30,4,0.9292955193203646,0.9490213448218583,cqi,0.9286666666666668,0.9352577053073956,0.9292482288996723,0.9435300298075094,0.9292482288996723
low,30,5,0.9368841659546814,0.9539433247895084,cqi,0.9353333333333335,0.9434752045954102,0.9368841659546816,0.9487329099028052,0.9368841659546816
low,30,6,0.9353806237540256,0.9522459285111842,cqi,0.9326666666666669,0.941390100161749,0.9342174992880147,0.9435224950161023,0.9342174992880147
low,30,7,0.9241040572491079,0.9422081144982152,cqi,0.9193333333333336,0.9282506209060841,0.9204964577993443,0.9286383290614212,0.9210780200323498
low,30,8,0.9322174992880148,0.9506336366665209,cqi,0.930666666666667,0.9399716623947544,0.9322174992880148,0.945787284724809,0.9322174992880148
low,30,9,0.9334657281876868,0.9513003033331877,cqi,0.9313333333333337,0.9513003033331877,0.9313333333333337,0.9454846810031334,0.93307802003235
low,30,10,0.9312718741100184,0.9494941574108564,cqi,0.9293333333333336,0.9384444749837528,0.9306903118770132,0.9438723891584702,0.9306903118770132
low,30,11,0.9325201030096905,0.9503546781551916,cqi,0.9300000000000004,0.9375603090290715,0.9307754163106743,0.9414373905824411,0.9315508326213482
low,30,12,0.9329692703883425,0.951773115922186,cqi,0.9320000000000003,0.9389787467960657,0.9327754163106742,0.9459574935921314,0.9327754163106742
low,30,13,0.9323262489320219,0.9499669699998545,cqi,0.9300000000000002,0.9394988498057564,0.9300000000000002,0.9398865579610932,0.931938540776685
low,30,14,0.931938540776685,0.9503546781551916,cqi,0.9300000000000002,0.938917287572751,0.9300000000000002,0.9435697854367944,0.9319385407766848
low,30,15,0.9354042689643717,0.9518582203558473,cqi,0.9326666666666669,0.9392577053073956,0.9336359370550094,0.9410023920064121,0.9338297911326775
low,30,16,0.9446524978640441,0.9583924921681607,cqi,0.9413333333333337,0.9492813505177418,0.9440472904206924,0.9523830157604376,0.9440472904206924
low,30,17,0.9338534363430239,0.9511064492555192,cqi,0.9313333333333337,0.9390874964400733,0.9336595822653554,0.9346288526536978,0.9336595822653554
low,30,18,0.9310165608090347,0.9482695737215302,cqi,0.9273333333333337,0.937413745372095,0.9294657281876869,0.9416785350808016,0.9294657281876869
low,30,19,0.9320472904206923,0.9498818655661935,cqi,0.9293333333333336,0.9374752045954102,0.9293333333333336,0.9378629127507471,0.9312718741100184
mid_v2,1,0,0.8245297145900801,0.8245297145900801,cost,0.6838508447506849,0.732354685955714,0.82452971459008,0.7946783769934571,0.82452971459008
mid_v2,1,1,0.7735541866876378,0.7735541866876378,cost,0.6845175114173516,0.7004576975369218,0.7378282045569649,0.7352842580663151,0.7247520023097503
mid_v2,1,2,0.7667410827522965,0.7680744160856299,cqi,0.6865175114173516,0.6961491412708178,0.7237482576256014,0.7260004788674409,0.731751769277724
mid_v2,1,3,0.820080208938509,0.820080208938509,cost,0.685850844750685,0.74004967455367,0.7777527081951456,0.7459942892917497,0.7509500792560881
mid_v2,1,4,0.8119126020578723,0.8119126020578723,cost,0.6851841780840182,0.7223585892680034,0.7770860415284789,0.7522099268646265,0.749084170482953
mid_v2,1,5,0.7397718695327005,0.7522099268646265,cqi,0.6731841780840182,0.6999700860705363,0.6731841780840182,0.6731841780840182,0.7144193680724952
mid_v2,1,6,0.7354182029123647,0.7354182029123647,cost,0.6878508447506849,0.6878508447506849,0.7054799886082337,0.6878508447506849,0.7317517692777241
mid_v2,1,7,0.758026999276636,0.7768875200209711,cqi,0.683850844750685,0.7032356100703386,0.7270855686751095,0.7288462007343889,0.7220858017071357
mid_v2,1,8,0.7514137591321376,0.7539013705985227,cqi_then_cost,0.6798508447506848,0.6941986954052769,0.6934205332326258,0.7514137591321374,0.6934205332326258
mid_v2,1,9,0.7977475747012539,0.7977475747012539,cost,0.6891841780840182,0.719212483419088,0.7457223153982414,0.7158709778016185,0.745084170482953
mid_v2,1,10,0.754978086926602,0.7624161056241296,cqi_then_cost,0.6831841780840183,0.6993034194038699,0.7147524683738025,0.7391052028660338,0.7097527014058286
mid_v2,1,11,0.8214135422718424,0.8214135422718424,cost,0.6765175114173516,0.7062029779642667,0.7765984300620936,0.7624451285659618,0.7697499050215151
mid_v2,1,12,0.7757489728934107,0.7830818401626919,cqi_then_cost,0.683850844750685,0.683850844750685,0.7254186689764168,0.7585184831307303,0.7254186689764168
mid_v2,1,13,0.7847487398613847,0.7847487398613847,cost,0.683850844750685,0.6926863068716621,0.7523889820649079,0.7150748100691294,0.731751769277724
mid_v2,1,14,0.7425558179118206,0.7425558179118206,cost,0.6778508447506849,0.6872234724725068,0.7050865008032141,0.7220500330018997,0.7000867338352402
mid_v2,1,15,0.7602255207841438,0.7602255207841438,cost,0.6831841780840182,0.6895320287386103,0.6831841780840182,0.7268462007343889,0.7087529344378547
mid_v2,1,16,0.7654153492163981,0.7654153492163981,cost,0.6778508447506849,0.7057910308702551,0.7206994025872208,0.7381299799332632,0.7050865008032141
mid_v2,1,17,0.7570556487315746,0.7570556487315746,cost,0.6765175114173517,0.7023281964710993,0.6954908122749697,0.7371547570004927,0.7027534005019069
mid_v2,1,18,0.7846140239816111,0.7895892469143814,cqi,0.43126972502582106,0.6332015235906157,0.7418905494373106,0.759966518652499,0.7444179698803385
mid_v2,1,19,0.7967478077332801,0.7967478077332801,cost,0.6851841780840182,0.6984576975369217,0.6859041669828362,0.7222101166842043,0.7527506041175935
mid_v2,2,0,0.8218630479234134,0.8218630479234134,cost,0.6931841780840182,0.7261795340677223,0.80578310099205,0.7734441519290417,0.818221158323976
mid_v2,2,1,0.8009869332595609,0.8109373791251018,cqi,0.6771841780840183,0.7319640096637237,0.7380848695790313,0.7487470924654709,0.7480844035149791
mid_v2,2,2,0.8047435250474334,0.8047435250474334,cost,0.6771841780840183,0.7313338122007741,0.7344184359443906,0.7437718695327004,0.7444179698803385
mid_v2,2,3,0.7967478077332801,0.7967478077332801,cost,0.6865175114173517,0.7681108185957084,0.7564170377522341,0.7681108185957084,0.7527506041175935
mid_v2,2,4,0.764541619678936,0.7686339803612959,cqi,0.4259363916924877,0.7187808705313686,0.7505348720923778,0.7437578656974435,0.7370851026110574
mid_v2,2,5,0.7970813740986396,0.8007478077332801,cqi_then_cost,0.6878508447506849,0.6999700860705363,0.7571851497973968,0.7273338122007741,0.7504175038162861
mid_v2,2,6,0.7736595524706557,0.7812510928935034,cqi,0.6811841780840183,0.6967532476961577,0.7388329919412621,0.714099587136359,0.7084198341365474
mid_v2,2,7,0.8100916572581537,0.8100916572581537,cost,0.6831841780840183,0.705226982931456,0.7901907655270719,0.7354633132665966,0.8076040457917685
mid_v2,2,8,0.7887487398613845,0.7887487398613846,cqi,0.6718508447506849,0.7205740324678118,0.7289343267477143,0.7439509247329817,0.7432933907792638
mid_v2,2,9,0.7746851245800154,0.7768875200209711,cqi,0.6825175114173515,0.7127662538030256,0.739987270074314,0.7500804257988043,0.7320853356430835
mid_v2,2,10,0.7772206203222782,0.7772501847738053,cqi,0.6831841780840183,0.7014329204696923,0.7557503710855673,0.7213338122007742,0.7507506041175933
mid_v2,2,11,0.7412842580663151,0.7412842580663151,cost,0.6865175114173516,0.6865175114173516,0.7017531674698808,0.7313338122007742,0.6865175114173516
mid_v2,2,12,0.8353258823225691,0.8353258823225691,cost,0.6725175114173516,0.7631851497973969,0.8278630479234131,0.7855736529948641,0.8328382708561838
mid_v2,2,13,0.7639325584375574,0.7639325584375574,cost,0.6791841780840182,0.6946863068716622,0.7077531674698808,0.6791841780840182,0.7077531674698808
mid_v2,2,14,0.8071164343253834,0.8096040457917685,cqi,0.683850844750685,0.7225376444682851,0.7921907655270718,0.7573642049976784,0.7617503710855674
mid_v2,2,15,0.7688270393968343,0.7688270393968343,cost,0.6798508447506849,0.714099587136359,0.7044198341365474,0.6798508447506849,0.7044198341365474
mid_v2,2,16,0.7585184831307304,0.7616974878962482,cqi,0.6838508447506849,0.6988158079374845,0.7185599859743605,0.7435928143324188,0.7444179698803385
mid_v2,2,17,0.8063877997732611,0.8063877997732611,cost,0.6865175114173516,0.708945309003307,0.7687288632560206,0.7636727612637821,0.7457513032136718
mid_v2,2,18,0.7758682054257112,0.783395392836713,cqi,0.6871841780840182,0.6951243642035885,0.7330846365470052,0.6871841780840182,0.7330846365470052
mid_v2,2,19,0.7960117103267905,0.7960117103267905,cost,0.6878508447506849,0.6989948631377659,0.751234703931856,0.741284258066315,0.7180858017071359
mid_v2,3,0,0.8181088412619314,0.8181088412619314,cost,0.6911841780840183,0.6911841780840183,0.7673154459053496,0.7150252559346704,0.7845356671345081
mid_v2,3,1,0.8090668801909243,0.8140421031236946,cqi,0.6905175114173516,0.7195128674010556,0.7593146508632196,0.7468765935312932,0.8090668801909243
mid_v2,3,2,0.8064142413679207,0.8064142413679207,cost,0.6791841780840182,0.7366175913996483,0.7764697240384014,0.7664689289962713,0.7660834713868745
mid_v2,3,3,0.7675744480369944,0.7675744480369944,cost,0.6831841780840183,0.7132538652694109,0.7274186689764168,0.745592814332419,0.7150860347391619
mid_v2,3,4,0.7300004788674408,0.7361019722627494,cqi,0.6811841780840183,0.6877110839388918,0.6962358357887395,0.7200500330018997,0.6811841780840183
mid_v2,3,5,0.7907482737973323,0.7981412113926126,cqi,0.6971841780840183,0.7221829233237064,0.748388982064908,0.7085871986027441,0.7277517692777241
mid_v2,3,6,0.7931659884598423,0.7931659884598423,cost,0.6905175114173516,0.6961491412708178,0.758339427930449,0.7359509247329818,0.737751303213672
mid_v2,3,7,0.7541703004852465,0.7541703004852465,cost,0.4299363916924877,0.7069020437049791,0.7479764464075781,0.6858874812640585,0.6798440515532246
mid_v2,3,8,0.7992954895256648,0.8117335468575909,cqi_then_cost,0.6878508447506849,0.709741476735796,0.7570060945971154,0.7545184831307303,0.7464175038162861
mid_v2,3,9,0.7588765935312932,0.7588765935312932,cost,0.6785175114173516,0.7165871986027441,0.6970869668672663,0.6785175114173516,0.6934205332326259
mid_v2,3,10,0.7537223153982414,0.7537223153982414,cost,0.6798508447506849,0.6965072516713807,0.6857540995979853,0.7537223153982414,0.695753633533933
mid_v2,3,11,0.7684156395600773,0.7684156395600773,cost,0.6778508447506849,0.7012538652694109,0.7317513032136719,0.6839533654713918,0.7280848695790313
mid_v2,3,12,0.816579268724539,0.816579268724539,cost,0.6778508447506849,0.7245376444682851,0.796678376993457,0.7618518164640636,0.8140916572581537
mid_v2,3,13,0.7431052028660338,0.7431052028660338,cost,0.6791841780840182,0.6958405850047141,0.7087529344378548,0.7406175913996484,0.7124193680724953
mid_v2,3,14,0.8056543949683578,0.8056543949683578,cost,0.6891841780840183,0.7371991696585699,0.7754163386561557,0.7307560762413126,0.7654168047202079
mid_v2,3,15,0.7612215524503828,0.7649077813703277,cqi_then_cost,0.6778508447506849,0.7056119756699736,0.7274186689764169,0.7354633132665965,0.7274186689764169
mid_v2,3,16,0.7859473573149444,0.7859473573149444,cost,0.6798508447506849,0.7177414767357961,0.7257522353417762,0.6798508447506849,0.7257522353417762
mid_v2,3,17,0.8044357638234598,0.8044357638234598,cost,0.6838508447506849,0.7235128674010556,0.7669928858039888,0.7023913123851693,0.7517508371496197
mid_v2,3,18,0.7850818401626918,0.7887482737973325,cqi_then_cost,0.6791841780840182,0.7119560048256166,0.7488485858607793,0.760339427930449,0.7360848695790313
mid_v2,3,19,0.7290851026110575,0.7310764001533896,cqi,0.43393639169248766,0.6831443900522002,0.6878725678858787,0.6241080298667081,0.708086267771188
mid_v2,4,0,0.7695092999830181,0.7833805939593259,cqi_then_cost,0.6878508447506849,0.7065053462207446,0.7511365277910425,0.7286671455341075,0.731751769277724
mid_v2,4,1,0.757401345381141,0.757401345381141,cost,0.6778508447506849,0.6943281964710993,0.7084193680724952,0.6778508447506849,0.7047529344378547
mid_v2,4,2,0.750016072786958,0.7504175038162862,cqi,0.6731841780840183,0.7139205319360775,0.7394182029123647,0.6731841780840183,0.7320853356430834
mid_v2,4,3,0.7862203872902521,0.7862203872902521,cost,0.6858508447506849,0.7044576975369217,0.7537508371496195,0.7042852052686306,0.7537508371496195
mid_v2,4,4,0.7943202665928942,0.7943202665928942,cost,0.6905175114173516,0.7043101080894086,0.7868574321937386,0.7545184831307304,0.7214186689764168
mid_v2,4,5,0.824887824990643,0.824887824990643,cost,0.6771841780840182,0.7378214236671593,0.8149373791251018,0.7676727612637821,0.8224002135242575
mid_v2,4,6,0.7927482737973323,0.7927482737973323,cost,0.6831841780840182,0.721317427058213,0.7360848695790313,0.740438536199367,0.7510841704829528
mid_v2,4,7,0.7581116136378386,0.7630868365706092,cqi,0.6831841780840182,0.7144081434024627,0.7274186689764169,0.6831841780840182,0.7274186689764169
mid_v2,4,8,0.7676883551832996,0.7701759666496848,cqi_then_cost,0.6818508447506849,0.7144081434024627,0.7078613937381825,0.7492347039318561,0.722418902008443
mid_v2,4,9,0.7442222515464612,0.7478886851811016,cqi,0.6918508447506849,0.6918508447506849,0.7018613937381827,0.6918508447506849,0.7114191350404692
mid_v2,4,10,0.7607496719894891,0.7680825392587701,cqi,0.683850844750685,0.6863777506055585,0.7167524683738024,0.683850844750685,0.7167524683738024
mid_v2,4,11,0.8177335468575909,0.8202211583239761,cqi,0.6818508447506849,0.7455928143324188,0.7903698207273533,0.7804193748618123,0.8152459353912057
mid_v2,4,12,0.7501703004852466,0.7501703004852466,cost,0.4326030583591544,0.7027467604398612,0.7152243488346961,0.6281080298667081,0.7404179698803385
mid_v2,4,13,0.7895892469143814,0.7895892469143814,cost,0.6825175114173515,0.7238709778016182,0.7394182029123645,0.6825175114173515,0.7330851026110573
mid_v2,4,14,0.7543605656419953,0.7768875200209711,cqi,0.43126972502582106,0.7087662538030256,0.7473997552968805,0.6551584855129107,0.7394182029123645
mid_v2,4,15,0.7804845229157885,0.7867487398613846,cqi,0.6818508447506849,0.7222290882021813,0.7171138480120479,0.7595432601979598,0.73275200230975
mid_v2,4,16,0.7632354989739863,0.7657231104403714,cqi_then_cost,0.6765175114173516,0.7109453090033071,0.7157068825731046,0.7631851497973969,0.7100862677711879
mid_v2,4,17,0.8247087697903613,0.8247087697903613,cost,0.6771841780840182,0.7439509247329816,0.8160916572581537,0.7937031540606866,0.8235544916573094
mid_v2,4,18,0.8207468756051757,0.8207468756051757,cost,0.6825175114173515,0.718537644468285,0.7804161056241297,0.7619667608487716,0.7804161056241297
mid_v2,4,19,0.7908434283584818,0.7908434283584818,cost,0.6771841780840183,0.7311547570004927,0.7330851026110574,0.7585184831307303,0.7330851026110574
mid_v2,5,0,0.7787487398613845,0.7787487398613845,cost,0.6871841780840183,0.6929948631377659,0.7170855686751096,0.7377718695327004,0.7270851026110573
mid_v2,5,1,0.7774154065280513,0.7774154065280513,cost,0.6951841780840182,0.6951841780840183,0.7407510701816459,0.736438536199367,0.7357513032136719
mid_v2,5,2,0.7598518164640637,0.7598518164640637,cost,0.6825175114173516,0.7125871986027441,0.6980867338352402,0.6825175114173516,0.6880871998992925
mid_v2,5,3,0.8017480407653061,0.8017480407653061,cost,0.6845175114173516,0.7176919226013369,0.7980816071306658,0.7249874746111942,0.7870823062267441
mid_v2,5,4,0.7815892469143816,0.7890520813135371,cqi,0.6865175114173517,0.7034329204696923,0.7427510701816457,0.7482099268646264,0.7377513032136719
mid_v2,5,5,0.8127473416692279,0.8164137753038685,cqi,0.6845175114173516,0.8066715492960624,0.7752650967287603,0.7510962242552015,0.7670832383548484
mid_v2,5,6,0.8026288228589982,0.8026288228589982,cost,0.6885175114173516,0.7391085921220176,0.7702898737959899,0.7328923543282979,0.7447510701816457
mid_v2,5,7,0.7346671455341074,0.7371547570004927,cqi,0.6818508447506849,0.6824273047400174,0.6864207662646519,0.7321795340677223,0.6818508447506849
mid_v2,5,8,0.7840816071306657,0.7840816071306657,cost,0.6945175114173516,0.6945175114173516,0.7277517692777241,0.7359509247329818,0.732751536245698
mid_v2,5,9,0.7223619638341517,0.7281151810558761,cqi_then_cost,0.43860305835915436,0.5858977668340494,0.6972252809628007,0.623059989740457,0.7087529344378547
mid_v2,5,10,0.7560834713868743,0.7597499050215152,cqi_then_cost,0.6718508447506849,0.7068158079374847,0.7047534005019069,0.7441299799332631,0.7047534005019069
mid_v2,5,11,0.7788875200209711,0.7825539536556115,cqi,0.6791841780840182,0.7256919226013369,0.7529129388726256,0.7754441519290418,0.7350851026110573
mid_v2,5,12,0.7643394279304491,0.7643394279304491,cost,0.6818508447506849,0.712099587136359,0.7150860347391619,0.7568765935312933,0.7150860347391619
mid_v2,5,13,0.7602099268646266,0.7626975383310118,cqi,0.6758508447506849,0.7179205319360775,0.7089107148406154,0.7502594809990856,0.7034200671685735
mid_v2,5,14,0.7935240988604052,0.7960117103267905,cqi_then_cost,0.6785175114173517,0.7014824746041513,0.7910364873940199,0.708945309003307,0.7294186689764168
mid_v2,5,15,0.7769721343821739,0.7769721343821739,cost,0.6831841780840183,0.7069453090033071,0.7210855686751096,0.7343090351335446,0.7360848695790313
mid_v2,5,16,0.7389261476657523,0.7389261476657523,cost,0.6778508447506849,0.6817110839388919,0.7070860347391619,0.6778508447506849,0.7034196011045213
mid_v2,5,17,0.7552850531084453,0.7552850531084453,cost,0.4299363916924877,0.6241015826201747,0.6647552647581159,0.6604181867406337,0.7097531674698808
mid_v2,5,18,0.7613006470279625,0.7613006470279625,cost,0.6885175114173516,0.6885175114173516,0.6885175114173516,0.6885175114173516,0.7034196011045214
mid_v2,5,19,0.7522217854824089,0.75955465275169,cqi_then_cost,0.6885175114173516,0.6885175114173516,0.6885175114173516,0.7021314145879021,0.6885175114173516
mid_v2,6,0,0.7883698207273533,0.7983202665928941,cqi_then_cost,0.6865175114173516,0.6988158079374845,0.7634937060635008,0.75354326019796,0.7278305563801082
mid_v2,6,1,0.7749069863281978,0.7773945977945829,cqi,0.6885175114173516,0.6885175114173516,0.7674441519290418,0.7226671455341076,0.7294182029123646
mid_v2,6,2,0.7293338122007742,0.7293338122007742,cost,0.6805175114173516,0.6805175114173516,0.682420766264652,0.719383366335233,0.6805175114173516
mid_v2,6,3,0.7532347039318561,0.7557223153982413,cqi,0.6765175114173515,0.7134329204696922,0.7237522353417764,0.7383090351335446,0.7164193680724952
mid_v2,6,4,0.7928574321937386,0.7978326551265089,cqi,0.6911841780840183,0.7033034194038698,0.7605184831307302,0.7406175913996484,0.7273429449137229
mid_v2,6,5,0.7500028639938314,0.7500028639938314,cost,0.6885175114173516,0.6916615298044327,0.7100723745079753,0.7389261476657523,0.7197522353417763
mid_v2,6,6,0.7498886851811015,0.7687492059254368,cqi,0.6845175114173516,0.6887186715405978,0.7147524683738024,0.6921689588801151,0.7197522353417763
mid_v2,6,7,0.7278214236671594,0.7390841704829529,cqi_then_cost,0.6818508447506849,0.6830444172722251,0.6818508447506849,0.6818508447506849,0.6974200671685736
mid_v2,6,8,0.7860612644612495,0.7860612644612495,cost,0.683850844750685,0.7039700860705365,0.7417513032136718,0.7313338122007742,0.7217522353417765
mid_v2,6,9,0.7468369671519132,0.7477223153982412,cqi,0.685850844750685,0.6954824746041511,0.720292204116251,0.7303090351335446,0.7097527014058286
mid_v2,6,10,0.7475152525274462,0.7614163386561558,cqi_then_cost,0.6751841780840183,0.6919944288832481,0.7228779917234499,0.7054329204696923,0.7147524683738025
mid_v2,6,11,0.8040273042463078,0.8040273042463078,cost,0.6771841780840183,0.7340004788674408,0.7557508371496195,0.7713146508632195,0.7557508371496195
mid_v2,6,12,0.7816735563059125,0.7876099983361964,cqi_then_cost,0.6771841780840182,0.7406671455341075,0.7416568623745932,0.7779813175298861,0.7287524683738025
mid_v2,6,13,0.7230252559346705,0.7230252559346705,cost,0.6831841780840183,0.6831841780840183,0.6831841780840183,0.6831841780840183,0.6831841780840183
mid_v2,6,14,0.794678376993457,0.7996535999262276,cqi,0.6825175114173515,0.6890469144516219,0.7872155425943013,0.7548765935312932,0.7316515011798268
mid_v2,6,15,0.7590060945971158,0.7639813175298862,cqi_then_cost,0.6765175114173516,0.7067662538030256,0.7300376192509034,0.7490556487315747,0.7247520023097502
mid_v2,6,16,0.7799969114494034,0.7799969114494034,cost,0.6805175114173516,0.7074824746041511,0.7040867338352402,0.7522594809990856,0.7077531674698808
mid_v2,6,17,0.801360637579641,0.801360637579641,cost,0.6805175114173516,0.7306671455341075,0.7415827642049309,0.777931763395427,0.7514350339296582
mid_v2,6,18,0.789768302114663,0.789768302114663,cost,0.6825175114173515,0.7315128674010555,0.7270855686751097,0.7588765935312931,0.7270855686751097
mid_v2,6,19,0.7477508371496195,0.7582217854824089,cqi_then_cost,0.6785175114173516,0.7049453090033071,0.7440844035149791,0.7323090351335445,0.7404179698803385
mid_v2,7,0,0.782240319661531,0.782240319661531,cost,0.6865175114173515,0.7239374981764777,0.7122926701803033,0.7200500330018998,0.7167524683738024
mid_v2,7,1,0.7894457420133023,0.7919977064915334,cqi,0.683850844750685,0.7148957548688478,0.7621676196840251,0.7522099268646266,0.7504175038162862
mid_v2,7,2,0.7655951994588095,0.7705704223915799,cqi,0.675850844750685,0.7072538652694107,0.7404179698803386,0.7221795340677223,0.7404179698803386
mid_v2,7,3,0.7940816071306658,0.7977480407653063,cqi,0.6871841780840183,0.7239584545355316,0.7560839374509267,0.7341299799332631,0.7610837044189007
mid_v2,7,4,0.7777527081951457,0.7777527081951457,cost,0.6898508447506849,0.6898508447506849,0.6898508447506849,0.7130748100691293,0.6947534005019069
mid_v2,7,5,0.7567496719894892,0.7634853571081163,cqi,0.6945175114173516,0.6945175114173516,0.6945175114173516,0.7055624215355145,0.7224184359443907
mid_v2,7,6,0.7810818401626918,0.7810818401626918,cost,0.6845175114173516,0.6954824746041511,0.7370846365470052,0.7310230772870913,0.7320848695790313
mid_v2,7,7,0.7988078780592797,0.7988078780592797,cost,0.685850844750685,0.7104979572459541,0.7714441519290418,0.7216919226013369,0.7234186689764168
mid_v2,7,8,0.7487510701816456,0.7524175038162861,cqi_then_cost,0.6845175114173516,0.7071243642035884,0.6845175114173516,0.6845175114173516,0.7190860347391618
mid_v2,7,9,0.7908574321937385,0.7908574321937385,cost,0.6825175114173515,0.7087662538030256,0.7634937060635008,0.7162290882021813,0.7280853356430835
mid_v2,7,10,0.7413650000398087,0.7438526115061939,cqi_then_cost,0.4319363916924877,0.6183349749830673,0.7164888853759562,0.634589926176837,0.7100862677711879
mid_v2,7,11,0.7740324617486055,0.7789433316695299,cqi_then_cost,0.6791841780840182,0.7155624215355144,0.7610837044189007,0.7479013705985227,0.7537508371496195
mid_v2,7,12,0.7930818401626918,0.7954101917141,cqi,0.6845175114173516,0.7199934967551437,0.7427515362456979,0.7321795340677223,0.737751769277724
mid_v2,7,13,0.7309757018002113,0.7334633132665965,cqi,0.6811841780840183,0.6811841780840183,0.6811841780840183,0.7260004788674408,0.6854205332326259
mid_v2,7,14,0.7986288228589982,0.8070804419705351,cqi_then_cost,0.6845175114173516,0.7935164990629703,0.7513642049976785,0.7215128674010556,0.7407702290136765
mid_v2,7,15,0.7733302447827367,0.7733302447827367,cost,0.6798508447506849,0.702636752737203,0.736751536245698,0.7499013705985228,0.731751769277724
mid_v2,7,16,0.8114249905914871,0.8139126020578722,cqi,0.6871841780840183,0.7094329204696923,0.7989869332595609,0.7492347039318561,0.7460844035149791
mid_v2,7,17,0.7725984300620939,0.7800612644612493,cqi_then_cost,0.6938508447506849,0.693850844750685,0.7070860347391618,0.7253338122007741,0.7120858017071356
mid_v2,7,18,0.8052954895256648,0.8052954895256648,cost,0.6778508447506849,0.708770316123161,0.7704689289962713,0.7480804257988042,0.7324184359443907
mid_v2,7,19,0.7680620595033797,0.76819751311363,cqi,0.6811841780840183,0.7162290882021813,0.7459377159398551,0.6978023768303973,0.7230855686751096
mid_v2,8,0,0.7528884521490755,0.7528884521490755,cost,0.6811841780840183,0.700149141270818,0.708086267771188,0.6811841780840183,0.6980867338352402
mid_v2,8,1,0.7812806906482777,0.7812806906482777,cost,0.685850844750685,0.6994824746041514,0.7452066962613423,0.685850844750685,0.7074196011045215
mid_v2,8,2,0.7801264125152257,0.7851016354479962,cqi,0.6785175114173516,0.7200500330018998,0.6867538665659589,0.7548765935312932,0.7117527014058286
mid_v2,8,3,0.7718178562491219,0.7743054677155072,cqi,0.6858508447506849,0.6918405850047141,0.6964476474094337,0.7316423684668779,0.7034196011045214
mid_v2,8,4,0.7890818401626918,0.7927482737973325,cqi,0.6858508447506849,0.7231710807593067,0.7670832383548484,0.7142290882021812,0.7497508371496195
mid_v2,8,5,0.8174135422718423,0.8174135422718424,cqi_then_cost,0.6911841780840183,0.6911841780840183,0.7810364873940198,0.7462099268646265,0.7644165716881818
mid_v2,8,6,0.7804151734960252,0.7804151734960252,cost,0.6945175114173516,0.7048324253298075,0.7570832383548485,0.7132043111349516,0.7460839374509266
mid_v2,8,7,0.765135595662938,0.7657499050215152,cqi,0.6831841780840183,0.7187172733484412,0.7547506041175935,0.765135595662938,0.7547506041175935
mid_v2,8,8,0.8003202665928942,0.8028078780592796,cqi,0.6818508447506849,0.7132538652694109,0.7928574321937385,0.7630060945971157,0.727418668976417
mid_v2,8,9,0.7687492059254368,0.7724156395600773,cqi,0.6885175114173516,0.6969881746589778,0.6938055247779703,0.726488090333826,0.725751769277724
mid_v2,8,10,0.7984147074319727,0.7984147074319727,cost,0.6851841780840182,0.7299294335081641,0.7654168047202078,0.7291813286888627,0.760417037752234
mid_v2,8,11,0.7996535999262276,0.8071164343253833,cqi,0.6851841780840182,0.7100995871363589,0.7698022623296046,0.7442988346297414,0.7454177368483123
mid_v2,8,12,0.7790823062267441,0.7900816071306657,cqi,0.6911841780840183,0.6911841780840183,0.7497508371496197,0.7178709778016185,0.7447510701816457
mid_v2,8,13,0.7525680372651895,0.7525680372651895,cost,0.6718508447506849,0.707791030870255,0.7150327985633586,0.6718508447506849,0.694753866565959
mid_v2,8,14,0.75991696451804,0.770535271209077,cqi,0.6785175114173516,0.6941986954052769,0.7251259542878487,0.7190748100691293,0.6994776034818431
mid_v2,8,15,0.7607496719894891,0.7607496719894891,cost,0.6878508447506849,0.697482474604151,0.7154191350404692,0.7323090351335445,0.7154191350404692
mid_v2,8,16,0.7695546527516899,0.7695546527516899,cost,0.6798508447506849,0.7087662538030256,0.7499577056227871,0.7336423684668779,0.7294186689764167
mid_v2,8,17,0.7404385361993671,0.7462222515464612,cqi,0.6831841780840183,0.6906863068716622,0.7210855686751096,0.7205376444682849,0.7210855686751096
mid_v2,8,18,0.7867279311279162,0.7867279311279163,cqi_then_cost,0.6805175114173516,0.6971739183380473,0.6987534005019068,0.7170748100691294,0.7087529344378547
mid_v2,8,19,0.7529912957197287,0.7529912957197287,cost,0.43860305835915436,0.6308265973775646,0.6987534005019069,0.6710369763689584,0.6937536335339332
mid_v2,9,0,0.8004142413679205,0.8004142413679206,cqi,0.6891841780840182,0.6891841780840183,0.7314182029123646,0.7246671455341075,0.7414177368483124
mid_v2,9,1,0.7659813175298861,0.7720324617486054,cqi,0.6771841780840183,0.7081036494564944,0.7472910389561204,0.7510556487315747,0.7204189020084428
mid_v2,9,2,0.7821264125152259,0.7821264125152259,cost,0.6858508447506849,0.6971739183380475,0.7216082403682386,0.7469261476657522,0.7137527014058285
mid_v2,9,3,0.7568765935312932,0.7643394279304488,cqi_then_cost,0.6805175114173516,0.7195624215355146,0.6805175114173516,0.7469261476657523,0.6887538665659593
mid_v2,9,4,0.766554885783716,0.7690356122410533,cqi_then_cost,0.6805175114173516,0.7071243642035884,0.7457578656974434,0.714587198602744,0.7414182029123647
mid_v2,9,5,0.8100806750025612,0.8100806750025612,cost,0.6845175114173516,0.7293338122007741,0.7610837044189005,0.7765984300620937,0.7687674351348869
mid_v2,9,6,0.7755736529948644,0.7880117103267904,cqi,0.6825175114173515,0.711945345678028,0.753185149797397,0.753185149797397,0.7314182029123647
mid_v2,9,7,0.7854597458485592,0.7854597458485592,cost,0.6765175114173516,0.709791030870255,0.7132192711067191,0.7054502713509573,0.7075427515358195
mid_v2,9,8,0.7485680372651895,0.7485680372651895,cost,0.6811841780840183,0.6913529735383289,0.7130860347391619,0.743592814332419,0.7044198341365475
mid_v2,9,9,0.7808574321937385,0.7833450436601238,cqi_then_cost,0.6965175114173516,0.7584689289962714,0.7217517692777241,0.7584689289962714,0.7217517692777241
mid_v2,9,10,0.7870813740986395,0.7870813740986395,cost,0.6791841780840183,0.7002445102425015,0.7538518164640637,0.7339509247329817,0.7157522353417763
mid_v2,9,11,0.7974144743999467,0.8010809080345873,cqi,0.6911841780840183,0.6911841780840183,0.7680830053228224,0.7050748100691295,0.7630832383548485
mid_v2,9,12,0.777135595662938,0.7796232071293232,cqi,0.6738508447506848,0.7472842580663152,0.7404184359443907,0.690420766264652,0.7404184359443907
mid_v2,9,13,0.7614937060635011,0.7614937060635011,cost,0.6751841780840183,0.7092538652694108,0.7324184359443907,0.7515432601979599,0.7324184359443907
mid_v2,9,14,0.7647496719894891,0.7684161056241297,cqi,0.6878508447506849,0.6913529735383289,0.7167524683738024,0.7286671455341075,0.7217522353417762
mid_v2,9,15,0.7989869332595609,0.7989869332595609,cost,0.6845175114173516,0.7111429918600434,0.7360848695790313,0.7467470924654708,0.7360848695790313
mid_v2,9,16,0.728751536245698,0.7292199050544691,cqi_then_cost,0.4406030583591544,0.6567246982234897,0.7150855686751096,0.7100858017071358,0.728751536245698
mid_v2,9,17,0.7997690971567931,0.7997690971567931,cost,0.6831841780840182,0.6831841780840182,0.7557503710855674,0.7289757018002112,0.747084170482953
mid_v2,9,18,0.7789069863281977,0.7820816071306657,cqi,0.6898508447506849,0.689850844750685,0.7034196011045214,0.7092538652694107,0.7057366056134878
mid_v2,9,19,0.7637379093177586,0.7662255207841436,cqi_then_cost,0.6811841780840183,0.6980196402049956,0.7339340937156881,0.7082476609764176,0.7084198341365474
mid_v2,10,0,0.8030809080345873,0.8030809080345873,cost,0.6878508447506849,0.7210252559346703,0.7577503710855672,0.7608270393968342,0.7477508371496195
mid_v2,10,1,0.7804053710265554,0.7804053710265554,cost,0.6845175114173516,0.7208957548688478,0.7557223153982413,0.7557223153982413,0.7150860347391619
mid_v2,10,2,0.7774812923125043,0.7875604442017373,cqi,0.6818508447506849,0.7235677782435413,0.712813321941567,0.7026473265973053,0.7610837044189006
mid_v2,10,3,0.8150025271790783,0.8150025271790783,cost,0.6791841780840183,0.6791841780840183,0.7651673866519989,0.773931763395427,0.7647501380535412
mid_v2,10,4,0.7705544197196639,0.7705544197196639,cost,0.6865175114173516,0.6911739183380475,0.7404179698803386,0.6906948867387533,0.7404179698803386
mid_v2,10,5,0.7704161056241297,0.7740825392587701,cqi,0.6898508447506849,0.7517223153982413,0.7374182029123646,0.6898508447506849,0.7374182029123646
mid_v2,10,6,0.7907435250474334,0.7932311365138186,cqi_then_cost,0.6825175114173515,0.7200500330018998,0.7430846365470053,0.7598518164640637,0.7532559787293768
mid_v2,10,7,0.7714158725921035,0.7714158725921035,cost,0.6831841780840183,0.7031243642035886,0.7347515362456981,0.7479013705985227,0.7347515362456981
mid_v2,10,8,0.7484253274062405,0.7583757732717813,cqi,0.6838508447506849,0.6863777506055585,0.7287234805583719,0.7261795340677222,0.7130860347391619
mid_v2,10,9,0.7565548857837161,0.7565548857837161,cost,0.6885175114173516,0.6885175114173516,0.7147524683738024,0.7031243642035886,0.7197522353417763
mid_v2,10,10,0.7668426333163515,0.7694158725921035,cqi_then_cost,0.6905175114173516,0.6905175114173516,0.7345036842533433,0.7210252559346703,0.7140858017071359
mid_v2,10,11,0.761774254659091,0.761774254659091,cost,0.6905175114173516,0.6905175114173516,0.7240853356430834,0.6905175114173516,0.7240853356430834
mid_v2,10,12,0.7848574321937385,0.789832655126509,cqi_then_cost,0.6885175114173516,0.6903281964710993,0.7394177368483124,0.7351052028660335,0.7344179698803385
mid_v2,10,13,0.7548884521490755,0.7585548857837161,cqi,0.6878508447506849,0.7037910308702552,0.7290851026110574,0.7485680372651893,0.7254186689764168
mid_v2,10,14,0.7520804257988041,0.7580834713868747,cqi_then_cost,0.6805175114173516,0.7073034194038696,0.7164193680724952,0.7471052028660335,0.7164193680724952
mid_v2,10,15,0.7821264125152257,0.7821264125152257,cost,0.6771841780840183,0.6978405850047141,0.7635588541174771,0.6771841780840183,0.7194191350404691
mid_v2,10,16,0.7586703257026282,0.7616727612637822,cqi,0.6791841780840183,0.7044576975369218,0.7075064061944871,0.688516603638512,0.7024198341365475
mid_v2,10,17,0.7620308716643452,0.7620308716643452,cost,0.6778508447506849,0.7570556487315746,0.6992474040628422,0.7446175913996484,0.6790878989953707
mid_v2,10,18,0.790564469847152,0.7955396927799223,cqi_then_cost,0.6825175114173515,0.7148957548688478,0.7383476070124111,0.7571851497973969,0.7404179698803386
mid_v2,10,19,0.8152459353912057,0.8177335468575909,cqi_then_cost,0.6791841780840183,0.7232043111349516,0.7754441519290418,0.7580308716643451,0.7574172707842602
mid_v2,11,0,0.7572502978513733,0.764713132250529,cqi,0.6865175114173517,0.6915320287386104,0.7144193680724953,0.7238709778016185,0.7044198341365475
mid_v2,11,1,0.7553642049976785,0.760339427930449,cqi_then_cost,0.6871841780840183,0.7105871986027442,0.7011978499283833,0.7528765935312932,0.7010865008032141
mid_v2,11,2,0.7384385361993672,0.7430068896392459,cqi_then_cost,0.683850844750685,0.6936615298044326,0.7104193680724953,0.7284880903338259,0.7004198341365474
mid_v2,11,3,0.7910364873940199,0.79103648739402,cqi,0.6825175114173515,0.7064576975369217,0.7885488759276347,0.741284258066315,0.7280853356430834
mid_v2,11,4,0.8024142413679206,0.8024142413679206,cost,0.6818508447506849,0.7104081434024626,0.7477083115629845,0.7387285477983346,0.758417037752234
mid_v2,11,5,0.7890813740986395,0.7890813740986395,cost,0.6905175114173516,0.6909948631377659,0.7506975383310117,0.7446234116662034,0.7350846365470053
mid_v2,11,6,0.8026791720355873,0.8051667835019725,cqi,0.6831841780840183,0.7205376444682849,0.7425903787712648,0.7777527081951457,0.7474177368483123
mid_v2,11,7,0.7924993217931757,0.7924993217931757,cost,0.6831841780840183,0.7331045811939056,0.7576727612637822,0.7427470924654709,0.7421035623470097
mid_v2,11,8,0.8175544916573095,0.8200421031236947,cqi_then_cost,0.6898508447506849,0.7230252559346703,0.7777527081951456,0.7404385361993671,0.8175544916573095
mid_v2,11,9,0.8112459353912057,0.8112459353912057,cost,0.6831841780840183,0.7184443921833831,0.7988078780592794,0.7304671018807478,0.8112459353912057
mid_v2,11,10,0.7964993217931756,0.7989869332595609,cqi,0.6805175114173516,0.7119205319360774,0.7741108185957085,0.739284258066315,0.7410846365470051
mid_v2,11,11,0.7396927176434672,0.7396927176434672,cost,0.43326972502582106,0.6929661069519588,0.6918489226755326,0.6497028980676125,0.7240858017071357
mid_v2,11,12,0.7631851497973972,0.7656727612637824,cqi,0.6805175114173515,0.7233833663352333,0.7464179698803385,0.7582099268646266,0.7464179698803385
mid_v2,11,13,0.8017039491028167,0.8017039491028167,cost,0.6805175114173515,0.7295128674010556,0.7656587574285253,0.680929410114118,0.7400747596343656
mid_v2,11,14,0.7690060945971158,0.7690060945971158,cost,0.6745175114173516,0.7267166996685666,0.7177805146787147,0.7466175913996483,0.7097531674698807
mid_v2,11,15,0.7909077813703278,0.7909077813703278,cost,0.42860305835915435,0.5839352111013041,0.7561455738527804,0.6500287514150621,0.7517508371496197
mid_v2,11,16,0.7834149404639991,0.7834149404639991,cost,0.6885175114173516,0.6906863068716622,0.7197522353417762,0.7180500330018998,0.7147524683738025
mid_v2,11,17,0.7460274653406881,0.7612215524503828,cqi_then_cost,0.6791841780840182,0.7132538652694108,0.708007226453999,0.7306671455341074,0.6791841780840182
mid_v2,11,18,0.7374633132665965,0.7374633132665965,cost,0.6838508447506849,0.6877110839388918,0.691753633533933,0.7275128674010555,0.6838508447506849
mid_v2,11,19,0.7612502978513734,0.7612502978513734,cost,0.6791841780840182,0.7011739183380474,0.6857819128708714,0.7434633132665965,0.6864207662646519
mid_v2,12,0,0.7223585892680038,0.7298074198319024,cqi,0.6811841780840183,0.6811841780840183,0.6967534005019069,0.7223585892680034,0.6817540995979853
mid_v2,12,1,0.7884151734960252,0.8032954895256647,cqi,0.6865175114173517,0.713741476735796,0.7496439585511384,0.7460804257988042,0.7467510701816458
mid_v2,12,2,0.7295128674010556,0.7369757018002113,cqi,0.685850844750685,0.685850844750685,0.7043009838427158,0.685850844750685,0.685850844750685
mid_v2,12,3,0.773724700524632,0.7785539536556116,cqi_then_cost,0.6778508447506849,0.7056119756699737,0.7410846365470052,0.7578518164640635,0.7360848695790313
mid_v2,12,4,0.7477718695327005,0.7477718695327005,cost,0.6758508447506849,0.7054824746041511,0.6758508447506849,0.7353338122007742,0.6784212323287042
mid_v2,12,5,0.7927790753466355,0.7927790753466355,cost,0.6765175114173516,0.7318214236671594,0.7500844035149791,0.7566975383310118,0.7350851026110573
mid_v2,12,6,0.8054144743999467,0.8054144743999467,cost,0.6831841780840183,0.7144081434024627,0.8017480407653061,0.7293338122007742,0.7624170377522339
mid_v2,12,7,0.7953450436601237,0.8003202665928942,cqi,0.6805175114173516,0.7107662538030256,0.767981317529886,0.7455928143324188,0.7324184359443907
mid_v2,12,8,0.7726681564767476,0.785101635447996,cqi,0.6751841780840183,0.7276309093624165,0.7437513032136718,0.7347616313695048,0.7437513032136718
mid_v2,12,9,0.7716232071293232,0.7741108185957085,cqi_then_cost,0.6885175114173516,0.6994824746041514,0.7367966465999298,0.7293338122007741,0.7260853356430836
mid_v2,12,10,0.8000811410666134,0.8000811410666134,cost,0.6845175114173516,0.7105871986027442,0.751084170482953,0.7412069155155248,0.751084170482953
mid_v2,12,11,0.7495284613205729,0.752016072786958,cqi_then_cost,0.4346030583591544,0.621001641649734,0.6993117570746884,0.6671161783323092,0.7040867338352402
mid_v2,12,12,0.7960816071306657,0.7960816071306657,cost,0.6785175114173516,0.7273925156426394,0.7630837044189007,0.7709565404626566,0.7444179698803385
mid_v2,12,13,0.7957480407653063,0.7957480407653063,cost,0.6891841780840183,0.696149141270818,0.7459013705985228,0.7210252559346703,0.7477508371496195
mid_v2,12,14,0.7644689289962715,0.7644689289962715,cost,0.683850844750685,0.6997910308702551,0.7244460788280553,0.683850844750685,0.7117527014058286
mid_v2,12,15,0.770549670969765,0.770549670969765,cost,0.6731841780840184,0.7087662538030256,0.7548625896960364,0.6731841780840184,0.7317662033682619
mid_v2,12,16,0.7481611677722977,0.7481611677722977,cost,0.6898508447506849,0.6898508447506849,0.7074196011045213,0.6898508447506849,0.7024198341365474
mid_v2,12,17,0.7662213194183568,0.7662213194183568,cost,0.6818508447506849,0.7061432248920696,0.7446431130742447,0.7415928143324189,0.7447510701816457
mid_v2,12,18,0.7540804257988041,0.7565680372651894,cqi,0.6731841780840184,0.7366671455341074,0.7374186689764168,0.7441299799332631,0.7374186689764168
mid_v2,12,19,0.7594168047202078,0.759416804720208,cqi,0.6818508447506849,0.6993034194038698,0.7447510701816455,0.6818508447506849,0.7447510701816455
mid_v2,13,0,0.7646479841965529,0.7671355956629379,cqi_then_cost,0.6851841780840182,0.720717273348441,0.7219584673616701,0.757185149797397,0.760417037752234
mid_v2,13,1,0.8031164343253832,0.8031164343253832,cost,0.6891841780840183,0.6986367527372032,0.7608270393968342,0.7508765935312933,0.7857031540606865
mid_v2,13,2,0.7560834713868744,0.7560834713868744,cost,0.6851841780840182,0.7085871986027441,0.732088138816714,0.6851841780840182,0.7290851026110574
mid_v2,13,3,0.767749438957463,0.767749438957463,cost,0.6805175114173516,0.7182290882021811,0.7237522353417764,0.7530556487315746,0.7237522353417764
mid_v2,13,4,0.7652658917708907,0.7652658917708907,cost,0.6825175114173515,0.7091243642035884,0.7220858017071358,0.6825175114173515,0.7170860347391619
mid_v2,13,5,0.7609573355047867,0.7609573355047867,cost,0.6745175114173516,0.706636752737203,0.7163735492397713,0.7439509247329816,0.7034200671685735
mid_v2,13,6,0.8177471086372017,0.8177471086372018,cqi_then_cost,0.6805175114173516,0.7503537538276096,0.792082073194718,0.7565184831307303,0.784749205925437
mid_v2,13,7,0.7612658917708907,0.7637535032372758,cqi,0.6818508447506849,0.6969948631377659,0.7137527014058285,0.6818508447506849,0.7135575504132066
mid_v2,13,8,0.7875537206235855,0.7875537206235855,cost,0.681850844750685,0.728021585654407,0.7760851960515853,0.681850844750685,0.7524175038162862
mid_v2,13,9,0.7284184359443908,0.742084403514979,cqi_then_cost,0.6885175114173516,0.6959884076910038,0.6885175114173516,0.7115624215355147,0.6885175114173516
mid_v2,13,10,0.8044142413679206,0.8044142413679207,cqi,0.6878508447506849,0.723291787868865,0.7584541301188842,0.7546975383310117,0.7454177368483124
mid_v2,13,11,0.7738872869889449,0.7738872869889449,cost,0.6918508447506849,0.6918508447506849,0.7364179698803386,0.7170252559346704,0.7364179698803386
mid_v2,13,12,0.749222018514435,0.7591075879924243,cqi,0.6891841780840183,0.6915631552434537,0.7264184359443907,0.7244880903338261,0.7064193680724953
mid_v2,13,13,0.771395392836713,0.771395392836713,cost,0.6731841780840182,0.7326671455341075,0.7287061834770261,0.7600308716643451,0.73075200230975
mid_v2,13,14,0.7234485143892095,0.7234485143892095,cost,0.447269725025821,0.6597774126914115,0.6310573383578569,0.6375516121349544,0.6990865008032141
mid_v2,13,15,0.7829069863281977,0.787882209260968,cqi_then_cost,0.6818508447506849,0.7082786423366404,0.7074196011045215,0.745592814332419,0.7274186689764169
mid_v2,13,16,0.7532347039318561,0.7557223153982413,cqi,0.6778508447506849,0.7109453090033071,0.7030179996859717,0.7482594809990857,0.7164193680724953
mid_v2,13,17,0.7923202665928943,0.7923202665928943,cost,0.6911841780840183,0.7002786423366404,0.7923202665928942,0.7326175913996484,0.7494172707842601
mid_v2,13,18,0.7847139272926591,0.7847139272926591,cost,0.6811841780840183,0.7066606294858625,0.7472710492731884,0.7462594809990855,0.7380848695790313
mid_v2,13,19,0.7689928858039888,0.7746835067616135,cqi_then_cost,0.6831841780840183,0.7069453090033071,0.738751536245698,0.7492347039318562,0.738751536245698
mid_v2,14,0,0.7507974416420601,0.7528278344389643,cqi,0.6765175114173515,0.6910444172722252,0.7331911023418249,0.723383366335233,0.7127529344378546
mid_v2,14,1,0.7814154065280512,0.7814154065280512,cost,0.6831841780840183,0.7033034194038699,0.7324184359443907,0.7406175913996484,0.7124193680724951
mid_v2,14,2,0.7933450436601238,0.7933450436601238,cost,0.6771841780840182,0.7277870418995616,0.7585184831307303,0.7460804257988042,0.7404179698803386
mid_v2,14,3,0.7709936808461191,0.774887520020971,cqi,0.6845175114173516,0.7162920209008911,0.7570837044189007,0.7341725723919912,0.7434177368483124
mid_v2,14,4,0.7695541866876376,0.7695541866876378,cqi,0.6831841780840183,0.6991243642035884,0.7407510701816457,0.6831841780840183,0.7357513032136718
mid_v2,14,5,0.7697494389574631,0.777082306226744,cqi,0.6811841780840183,0.7261795340677223,0.7272428830138181,0.7435928143324189,0.7217522353417762
mid_v2,14,6,0.7868574321937386,0.7868574321937386,cost,0.6865175114173516,0.6903053250612565,0.7077527014058287,0.7520308716643452,0.7227520023097502
mid_v2,14,7,0.7897031540606866,0.7921907655270718,cqi_then_cost,0.6891841780840183,0.6951739183380475,0.7499013705985227,0.7324880903338261,0.7017531674698808
mid_v2,14,8,0.7756232071293232,0.7790823062267441,cqi,0.6778508447506849,0.7134329204696922,0.7242994510701087,0.7706479841965528,0.7214191350404691
mid_v2,14,9,0.7892155425943014,0.7941907655270718,cqi_then_cost,0.6831841780840182,0.7104477702300614,0.72875200230975,0.7419509247329816,0.72875200230975
mid_v2,14,10,0.7487470924654709,0.7487470924654709,cost,0.6825175114173515,0.6989948631377659,0.7107529344378546,0.7363090351335446,0.7107529344378546
mid_v2,14,11,0.7618518164640637,0.7641323650596538,cqi,0.6845175114173516,0.7096119756699737,0.7343726171116667,0.7568765935312931,0.7200858017071358
mid_v2,14,12,0.793414940463999,0.793414940463999,cost,0.6878508447506849,0.7137414767357959,0.7210888379127923,0.7435928143324189,0.7130860347391619
mid_v2,14,13,0.7793302447827367,0.7793302447827367,cost,0.6831841780840183,0.7185871986027441,0.7347034908754397,0.748438536199367,0.7417802072035189
mid_v2,14,14,0.7744156395600773,0.7780820731947178,cqi_then_cost,0.6878508447506849,0.6878648010012983,0.7327515362456978,0.7269757018002112,0.7327515362456978
mid_v2,14,15,0.7917480407653062,0.7940273042463076,cqi,0.6865175114173517,0.7084081434024627,0.7514172707842601,0.763135595662938,0.7464175038162864
mid_v2,14,16,0.7694937060635009,0.769493706063501,cqi,0.6805175114173516,0.6805175114173516,0.7064198341365475,0.7670060945971154,0.7164193680724952
mid_v2,14,17,0.7580834713868744,0.763185149797397,cqi,0.6778508447506849,0.68717896620776,0.7329980433062868,0.6806748550402834,0.7127529344378547
mid_v2,14,18,0.7486487792386831,0.7486487792386831,cost,0.05777973312085848,0.4997624887509255,0.7085586142961339,0.6985228455908981,0.6430109045316534
mid_v2,14,19,0.7563889820649081,0.7563889820649081,cost,0.6798508447506848,0.7041491412708177,0.7020867338352403,0.6798508447506848,0.7020867338352403
mid_v2,15,0,0.7975396927799225,0.8001272075573559,cqi,0.685850844750685,0.7168957548688479,0.7474177368483124,0.7790860415284788,0.7274186689764169
mid_v2,15,1,0.7757387043598888,0.7832658917708906,cqi,0.6851841780840182,0.6851841780840182,0.7483749782296509,0.7546975383310117,0.717751404490875
mid_v2,15,2,0.7700620595033797,0.7700620595033797,cost,0.6851841780840182,0.7139205319360775,0.7294186689764168,0.7537223153982414,0.7294186689764168
mid_v2,15,3,0.7797527081951456,0.7847279311279161,cqi_then_cost,0.6811841780840183,0.6872013731627037,0.7648270393968343,0.7474137591321375,0.6865527297256618
mid_v2,15,4,0.7532347039318561,0.7557223153982413,cqi,0.673850844750685,0.7084576975369218,0.7256639149308233,0.7457718695327004,0.6927538665659592
mid_v2,15,5,0.7494021942907713,0.7520588451082028,cqi,0.689850844750685,0.689850844750685,0.7137282679426694,0.689850844750685,0.7344179698803386
mid_v2,15,6,0.7894149404639991,0.7930813740986395,cqi_then_cost,0.6878508447506849,0.715079394677116,0.7459013705985228,0.7335059057253246,0.7127524683738025
mid_v2,15,7,0.7918868209248927,0.7955532545595333,cqi,0.6838508447506849,0.6844278856929749,0.7705580086405834,0.7545184831307301,0.7740830053228224
mid_v2,15,8,0.7446348522130163,0.7527338836723441,cqi_then_cost,0.6818508447506849,0.6881986954052771,0.6818508447506849,0.698149141270818,0.6874205332326259
mid_v2,15,9,0.7678877530529972,0.7685544197196639,cqi,0.6811841780840183,0.706099587136359,0.7290851026110574,0.7459013705985228,0.7140858017071359
mid_v2,15,10,0.7478741579701392,0.7484697240384014,cqi_then_cost,0.6825175114173515,0.6898405850047141,0.7127524683738025,0.6825175114173515,0.7127524683738025
mid_v2,15,11,0.8090804419705351,0.8090804419705351,cost,0.6891841780840183,0.7018856277418987,0.7619813175298862,0.7296423684668778,0.7564170377522339
mid_v2,15,12,0.7897485068293585,0.7971659884598423,cqi_then_cost,0.6891841780840182,0.700149141270818,0.7598518164640636,0.732488090333826,0.7267520023097501
mid_v2,15,13,0.7785984300620938,0.783573652994864,cqi,0.6731841780840183,0.7263585892680037,0.7485400295946755,0.7761108185957084,0.7231490908360544
mid_v2,15,14,0.7446175913996486,0.7446175913996486,cost,0.6751841780840183,0.699840585004714,0.71834175825071,0.729691922601337,0.6877540995979851
mid_v2,15,15,0.771817856249122,0.774305467715507,cqi_then_cost,0.6898508447506849,0.6898508447506849,0.7213483061084893,0.6898508447506849,0.6932341952697155
mid_v2,15,16,0.7450068896392459,0.7450068896392459,cost,0.6825175114173515,0.6913529735383289,0.692244514238001,0.7386175913996484,0.6825175114173515
mid_v2,15,17,0.7594163386561558,0.7625340770502478,cqi_then_cost,0.6811841780840183,0.7024576975369219,0.6921881792137367,0.7223585892680036,0.6990865008032141
mid_v2,15,18,0.7793302447827367,0.7892806906482775,cqi,0.6971841780840182,0.6971841780840183,0.7200853356430835,0.7133833663352332,0.7063529231035652
mid_v2,15,19,0.7838682054257111,0.7877485068293585,cqi_then_cost,0.6805175114173516,0.7142290882021812,0.7514649033508569,0.7515432601979597,0.7410846365470052
mid_v2,16,0,0.7692215524503828,0.7802208533543045,cqi,0.6871841780840183,0.6994824746041514,0.7342306782864417,0.7168957548688479,0.7524175038162864
mid_v2,16,1,0.7821264125152257,0.783459745848559,cqi,0.6785175114173516,0.7227166996685666,0.7537083115629845,0.7575432601979599,0.7157527014058285
mid_v2,16,2,0.7954745447259461,0.7954745447259461,cost,0.6825175114173515,0.6961853900517382,0.78303648739402,0.7108957548688479,0.7387510701816458
mid_v2,16,3,0.7824845229157886,0.7849721343821738,cqi,0.6745175114173516,0.7267166996685663,0.6851961252636724,0.7665184831307303,0.7247524683738025
mid_v2,16,4,0.7914101917141001,0.7914101917141001,cost,0.6791841780840182,0.7331547570004927,0.7629920907618586,0.7754441519290417,0.7200858017071358
mid_v2,16,5,0.7321151810558763,0.7346027925222613,cqi_then_cost,0.4399363916924878,0.7034824746041511,0.7014200671685736,0.6471661985308205,0.6840876659633448
mid_v2,16,6,0.7542099268646266,0.7616727612637822,cqi,0.6791841780840182,0.7119205319360774,0.733751769277724,0.6791841780840182,0.7237522353417764
mid_v2,16,7,0.7572220185144349,0.7577223153982413,cqi_then_cost,0.6771841780840183,0.7179205319360775,0.728418902008443,0.6874722446657434,0.728418902008443
mid_v2,16,8,0.7617379093177586,0.766713132250529,cqi,0.6778508447506849,0.7084576975369218,0.7017490193644843,0.7383090351335446,0.6962589723369451
mid_v2,16,9,0.7420844035149788,0.7420844035149788,cost,0.6885175114173516,0.6897474595359394,0.6885175114173516,0.6885175114173516,0.7074196011045214
mid_v2,16,10,0.7957187479802038,0.8006939709129742,cqi,0.6811841780840183,0.7250252559346703,0.753084170482953,0.7722898737959899,0.7580839374509268
mid_v2,16,11,0.7470068896392459,0.7564904754602165,cqi_then_cost,0.6831841780840183,0.7033034194038698,0.7087529344378546,0.6831841780840183,0.7087529344378546
mid_v2,16,12,0.8014144743999466,0.8014144743999466,cost,0.6871841780840183,0.7303675336521798,0.7480804257988043,0.7256919226013369,0.7210855686751096
mid_v2,16,13,0.7940117103267905,0.803747574701254,cqi,0.6885175114173516,0.706945309003307,0.7560839374509267,0.7467470924654708,0.7560839374509267
mid_v2,16,14,0.8320797428744565,0.8320797428744567,cqi,0.6878508447506849,0.7095624215355145,0.7209270797938567,0.7195128674010556,0.7677499050215152
mid_v2,16,15,0.7929869332595609,0.8004497676587166,cqi,0.6931841780840183,0.6938217245229833,0.7929869332595608,0.7581603727301673,0.7300848695790312
mid_v2,16,16,0.784082073194718,0.7877485068293585,cqi,0.685850844750685,0.7044576975369217,0.7374182029123646,0.7268462007343889,0.7474177368483124
mid_v2,16,17,0.7505192781728606,0.7505192781728606,cost,0.6798508447506848,0.6993529735383289,0.7126095401088194,0.741642368466878,0.704753400501907
mid_v2,16,18,0.7270281644367665,0.7270281644367665,cost,0.4426030583591544,0.6231766859219033,0.6911467057096639,0.6403489780217725,0.6736596355631018
mid_v2,16,19,0.7145871986027441,0.7295128674010556,cqi,0.6818508447506849,0.6818508447506849,0.6877540995979853,0.6818508447506849,0.6818508447506849
mid_v2,17,0,0.7372702542310583,0.7409261476657524,cqi_then_cost,0.6785175114173516,0.6911739183380475,0.7196639149308233,0.738438536199367,0.7017531674698808
mid_v2,17,1,0.7557499050215152,0.7573642049976784,cqi,0.6731841780840182,0.7200500330018997,0.6817540995979854,0.742438536199367,0.7067529344378546
mid_v2,17,2,0.7762208533543045,0.7864705190805318,cqi_then_cost,0.6818508447506849,0.726846200734389,0.751729562352099,0.7591851497973972,0.7374182029123647
mid_v2,17,3,0.7680825392587701,0.7680825392587702,cqi_then_cost,0.683850844750685,0.7011243642035885,0.7232183389786148,0.7409261476657522,0.7027529344378546
mid_v2,17,4,0.8024142413679206,0.8097471086372019,cqi,0.6951841780840182,0.6951841780840182,0.7525184831307303,0.7077414767357961,0.7644165716881818
mid_v2,17,5,0.7652215524503828,0.7663765683139114,cqi,0.6818508447506849,0.7168957548688479,0.7547506041175935,0.7566975383310118,0.7474177368483124
mid_v2,17,6,0.7630832383548485,0.7740825392587701,cqi,0.6831841780840183,0.7112922539329172,0.7198676967635708,0.6831841780840183,0.7484175038162862
mid_v2,17,7,0.7913450436601238,0.7913450436601238,cost,0.6871841780840182,0.6968158079374847,0.7863698207273533,0.7167166996685668,0.7888574321937386
mid_v2,17,8,0.7154840646884116,0.7341299799332632,cqi,0.6818508447506849,0.6818508447506849,0.6818508447506849,0.6818508447506849,0.706086267771188
mid_v2,17,9,0.7207166996685667,0.7207166996685667,cost,0.6791841780840183,0.683402527672788,0.6882210369113524,0.7008158079374844,0.6791841780840183
mid_v2,17,10,0.7630060945971157,0.7679813175298861,cqi_then_cost,0.6818508447506849,0.7082786423366404,0.7434177368483125,0.767981317529886,0.7397513032136719
mid_v2,17,11,0.8154249905914871,0.8154249905914871,cost,0.6885175114173516,0.7283585892680037,0.8104497676587165,0.763185149797397,0.8129373791251019
mid_v2,17,12,0.758388982064908,0.7608765935312931,cqi,0.6751841780840183,0.7111243642035884,0.7240858017071358,0.7459509247329816,0.7390851026110574
mid_v2,17,13,0.7862559135810483,0.7887435250474333,cqi,0.6878508447506849,0.7013034194038698,0.7254186689764168,0.7659813175298861,0.7381021666603771
mid_v2,17,14,0.7917031540606866,0.7941907655270718,cqi,0.6778508447506849,0.712099587136359,0.7817527081951456,0.7444385361993671,0.7892155425943014
mid_v2,17,15,0.787414940463999,0.79474780773328,cqi,0.6885175114173516,0.7057465274078351,0.691197054886253,0.7185722380128792,0.7284184359443908
mid_v2,17,16,0.7371176806512494,0.7547496719894891,cqi,0.6831841780840182,0.6831841780840182,0.6831841780840182,0.7017910308702551,0.6831841780840182
mid_v2,17,17,0.7183437903906167,0.7183437903906167,cost,0.43860305835915436,0.6847358610061214,0.7183437903906166,0.6096484272995573,0.6560680721981639
mid_v2,17,18,0.789220154258226,0.7892201542582261,cqi,0.4259363916924877,0.7238377474259733,0.7354182029123645,0.6379232595101703,0.7454177368483124
mid_v2,17,19,0.77666357811607,0.7816388010488405,cqi,0.6725175114173516,0.7134329204696922,0.696764824016594,0.7507470924654708,0.7064198341365473
mid_v2,18,0,0.7984142413679206,0.7984142413679206,cost,0.693850844750685,0.693850844750685,0.7598022623296047,0.732438536199367,0.7467506041175934
mid_v2,18,1,0.7590416448963179,0.7676727612637821,cqi,0.679850844750685,0.712945309003307,0.7210860347391619,0.679850844750685,0.7033488974581509
mid_v2,18,2,0.739889151245154,0.7467154959256344,cqi_then_cost,0.6871841780840183,0.689352973538329,0.6951467057096639,0.6993034194038699,0.6871841780840183
mid_v2,18,3,0.8029869332595609,0.8045508421865042,cqi_then_cost,0.6818508447506849,0.7159205319360774,0.7656727612637823,0.7358214236671594,0.7350851026110574
mid_v2,18,4,0.7408469957765191,0.7458222187092896,cqi,0.4346030583591543,0.6210016416497338,0.6614563433978876,0.6254237956809916,0.7040867338352402
mid_v2,18,5,0.7947435250474334,0.7947435250474334,cost,0.42793639169248765,0.6046717488090774,0.789768302114663,0.6568812541718155,0.7364184359443908
mid_v2,18,6,0.7567496719894891,0.7604161056241295,cqi,0.6918508447506849,0.6918508447506849,0.7090860347391619,0.7347966465999299,0.7090860347391619
mid_v2,18,7,0.7268462007343889,0.7343090351335447,cqi,0.6831841780840183,0.6845568058058401,0.7074196011045213,0.6831841780840183,0.7037531674698807
mid_v2,18,8,0.7613146508632194,0.7638022623296047,cqi,0.6871841780840182,0.6991243642035884,0.7397513032136719,0.758827039396834,0.7347515362456979
mid_v2,18,9,0.7541455738527806,0.7541455738527806,cost,0.6765175114173516,0.7180500330018997,0.7473097797409113,0.6769857451383823,0.7314186689764167
mid_v2,18,10,0.7656727612637824,0.7656727612637824,cost,0.6805175114173516,0.7184081434024627,0.7250855686751095,0.6805175114173516,0.7177527014058285
mid_v2,18,11,0.785366590124069,0.785366590124069,cost,0.42393639169248765,0.6278098421665591,0.7588369671519132,0.7481455738527802,0.7527510701816457
mid_v2,18,12,0.7552502978513734,0.7577379093177586,cqi,0.6871841780840183,0.6895320287386103,0.6954233364062563,0.7343090351335447,0.6924203002005996
mid_v2,18,13,0.7696883551832997,0.7721759666496847,cqi_then_cost,0.6865175114173516,0.7039700860705363,0.7144193680724952,0.7462594809990856,0.7094196011045213
mid_v2,18,14,0.7549772918844718,0.7549772918844718,cost,0.6825175114173515,0.6953529735383288,0.7120862677711879,0.7227166996685664,0.7120862677711879
mid_v2,18,15,0.7646975383310118,0.7646975383310118,cost,0.6805175114173516,0.7174329204696923,0.7471369938550948,0.7646975383310117,0.6890874329313187
mid_v2,18,16,0.7855240988604051,0.7855240988604051,cost,0.6878508447506849,0.6878508447506849,0.7350846365470052,0.7357718695327002,0.7300848695790313
mid_v2,18,17,0.7656455486353987,0.7706851245800153,cqi,0.6798508447506849,0.7099205319360775,0.7232918006950035,0.7522099268646265,0.7267520023097502
mid_v2,18,18,0.7835537206235853,0.7835537206235853,cost,0.6845175114173516,0.7079205319360774,0.7164467152813291,0.7228462007343889,0.7584170377522339
mid_v2,18,19,0.8010813740986396,0.8010813740986396,cost,0.6771841780840182,0.7340004788674408,0.757084170482953,0.7663394279304488,0.757084170482953
mid_v2,19,0,0.7610837044189008,0.7684165716881817,cqi_then_cost,0.6871841780840183,0.6993034194038698,0.7190071760192355,0.7142290882021813,0.7574172707842601
mid_v2,19,1,0.7920816071306657,0.8067473416692278,cqi,0.6865175114173517,0.728199402690596,0.7664165716881818,0.7059205319360774,0.7664165716881818
mid_v2,19,2,0.7944993217931757,0.7944993217931757,cost,0.6851841780840182,0.7359543139889659,0.7190855686751096,0.757185149797397,0.7240853356430836
mid_v2,19,3,0.7770720376932222,0.7796240021714534,cqi,0.6851841780840182,0.7112538652694108,0.7498031944577092,0.7485680372651893,0.731751769277724
mid_v2,19,4,0.7490832383548485,0.7637489728934108,cqi_then_cost,0.695850844750685,0.695850844750685,0.7160853356430835,0.7229757018002113,0.7110855686751097
mid_v2,19,5,0.7665696273494498,0.7665696273494498,cost,0.6765175114173516,0.6765175114173516,0.7316787138082103,0.7356423684668779,0.6937536335339332
mid_v2,19,6,0.8000811410666134,0.8000811410666134,cost,0.6871841780840182,0.6979700860705365,0.7576727612637822,0.7327966465999299,0.7484175038162862
mid_v2,19,7,0.8204137753038684,0.8204137753038684,cost,0.6831841780840183,0.7283585892680035,0.7731355956629379,0.7358214236671592,0.7550841704829527
mid_v2,19,8,0.7505680372651894,0.7619325584375573,cqi_then_cost,0.6885175114173516,0.7033034194038699,0.7137527014058285,0.6885175114173516,0.7137527014058285
mid_v2,19,9,0.7602217854824089,0.7602217854824089,cost,0.6858508447506849,0.6996615298044326,0.7120332019846062,0.7394633132665965,0.6858508447506849
mid_v2,19,10,0.7837683021146631,0.7837683021146631,cost,0.6805175114173516,0.7080995871363589,0.6860871998992923,0.7354633132665965,0.7360848695790313
mid_v2,19,11,0.7396536243591227,0.7396536243591227,cost,0.683850844750685,0.6900196402049956,0.7054196011045213,0.683850844750685,0.6954200671685736
mid_v2,19,12,0.8014144743999467,0.8087473416692279,cqi,0.6911841780840183,0.7142290882021812,0.729751769277724,0.7216919226013371,0.7447510701816458
mid_v2,19,13,0.7874101917141001,0.7899977064915334,cqi,0.685850844750685,0.6918405850047141,0.729751769277724,0.7465680372651895,0.7449228784280696
mid_v2,19,14,0.7794154065280513,0.7830818401626919,cqi,0.6891841780840182,0.7008674675494194,0.7340848695790314,0.7459013705985227,0.7290851026110574
mid_v2,19,15,0.8306592156559023,0.8306592156559024,cqi_then_cost,0.6851841780840183,0.7336423684668779,0.7908574321937384,0.7535432601979598,0.7790827722907963
mid_v2,19,16,0.8067473416692278,0.8140802089385091,cqi,0.683850844750685,0.683850844750685,0.7929869332595609,0.743234703931856,0.7564170377522339
mid_v2,19,17,0.7643394279304491,0.7643897771070381,cqi,0.6791841780840182,0.7195624215355145,0.7407548054833806,0.7419509247329817,0.737751769277724
mid_v2,19,18,0.7749721343821738,0.7749721343821738,cost,0.6885175114173516,0.7017910308702551,0.7478370175866768,0.7391052028660337,0.6997531674698808
mid_v2,19,19,0.763891341973917,0.7717229973628035,cqi,0.6891841780840182,0.7011243642035885,0.7440844035149791,0.6891841780840182,0.7354182029123647
mid_v2,20,0,0.7787487398613846,0.7860816071306658,cqi,0.6871841780840183,0.7002008008827528,0.7334182029123646,0.7223408396429977,0.7334182029123646
mid_v2,20,1,0.7753302447827367,0.7778178562491219,cqi_then_cost,0.6831841780840183,0.7145871986027442,0.7493354022850344,0.6831841780840183,0.7164193680724952
mid_v2,20,2,0.7557223153982413,0.7639325584375571,cqi_then_cost,0.6805175114173516,0.6985072516713807,0.7005285264689013,0.7557223153982413,0.7100862677711879
mid_v2,20,3,0.8041412113926129,0.8116040457917684,cqi,0.6791841780840182,0.7369757018002112,0.7767774852623751,0.7643394279304487,0.750084403514979
mid_v2,20,4,0.7784156395600774,0.7784156395600774,cost,0.6798508447506849,0.7053272961525293,0.7380848695790312,0.7548765935312931,0.7408179213974506
mid_v2,20,5,0.7684161056241295,0.7732019378757438,cqi,0.6825175114173515,0.6966863068716621,0.7001390911433298,0.7265376444682852,0.712086267771188
mid_v2,20,6,0.8157471086372018,0.8157471086372019,cqi,0.6811841780840183,0.732488090333826,0.7847279311279161,0.7648270393968342,0.7479748563233176
mid_v2,20,7,0.7988574321937385,0.8001907655270717,cqi,0.6745175114173516,0.7106367527372031,0.7078055247779703,0.7330252559346703,0.7977031540606865
mid_v2,20,8,0.779817856249122,0.7824151734960251,cqi,0.6845175114173516,0.691595286568294,0.7394177368483122,0.7337718695327003,0.7394177368483122
mid_v2,20,9,0.793882209260968,0.799052081313537,cqi_then_cost,0.683850844750685,0.7366671455341075,0.7512246538043679,0.7889069863281974,0.7334186689764168
mid_v2,20,10,0.7982559135810483,0.808206359446589,cqi,0.683850844750685,0.7124081434024627,0.7404179698803385,0.7372842580663149,0.7454177368483124
mid_v2,20,11,0.8080806750025612,0.8080806750025612,cost,0.6905175114173516,0.7208462007343889,0.763135595662938,0.7506975383310117,0.7514516945577301
mid_v2,20,12,0.7813945977945829,0.7813945977945829,cost,0.6898508447506848,0.6898508447506849,0.7764193748618123,0.7241795340677222,0.7147524683738024
mid_v2,20,13,0.7844151734960252,0.7844151734960252,cost,0.6811841780840183,0.7072538652694108,0.7514172707842601,0.7495432601979599,0.7514172707842601
mid_v2,20,14,0.7781264125152259,0.7857485068293585,cqi_then_cost,0.6918508447506849,0.7029881746589778,0.7267520023097501,0.7298214236671594,0.7167524683738024
mid_v2,20,15,0.7712370890582466,0.7735541866876379,cqi_then_cost,0.6818508447506849,0.711741476735796,0.7490628956854323,0.7440804257988041,0.7410846365470053
mid_v2,20,16,0.7618518164640639,0.764339427930449,cqi,0.6791841780840182,0.7170748100691294,0.7200858017071358,0.7593642049976785,0.7164193680724952
mid_v2,20,17,0.7628879860850233,0.7628879860850233,cost,0.6905175114173516,0.7015626891794015,0.7218577690084916,0.6905175114173516,0.7264184359443908
mid_v2,20,18,0.7782766650028633,0.7782766650028633,cost,0.6811841780840183,0.7112538652694108,0.7630868365706092,0.6811841780840183,0.7380848695790313
mid_v2,20,19,0.7805539536556116,0.7805539536556116,cost,0.683850844750685,0.7162634659375756,0.7517508371496198,0.7472347039318561,0.7517508371496198
mid_v2,21,0,0.7880816071306657,0.7880816071306657,cost,0.6825175114173515,0.7076119756699738,0.7361863149575275,0.7300004788674408,0.7180858017071359
mid_v2,21,1,0.7926783769934571,0.7926783769934571,cost,0.6818508447506849,0.7056119756699738,0.7603394279304488,0.750388982064908,0.7447510701816457
mid_v2,21,2,0.80074780773328,0.80074780773328,cost,0.6811841780840183,0.6811841780840183,0.7504175038162864,0.7460804257988042,0.7504175038162864
mid_v2,21,3,0.7568879860850233,0.7568879860850233,cost,0.689850844750685,0.689850844750685,0.7120858017071358,0.7337718695327003,0.707086034739162
mid_v2,21,4,0.729485654772672,0.729485654772672,cost,0.6865175114173517,0.6865175114173517,0.7017531674698808,0.7160500330018998,0.7017531674698808
mid_v2,21,5,0.7672210863863305,0.7672210863863305,cost,0.6805175114173516,0.7054329204696923,0.7334182029123646,0.7452347039318562,0.7384179698803385
mid_v2,21,6,0.80978310099205,0.80978310099205,cost,0.6771841780840183,0.7227166996685664,0.7774441519290418,0.7625184831307302,0.8023202665928941
mid_v2,21,7,0.7774154065280514,0.7774154065280514,cost,0.6831841780840183,0.6991243642035885,0.7270851026110574,0.7264880903338261,0.7270851026110574
mid_v2,21,8,0.7690823062267441,0.7727487398613846,cqi,0.6918508447506849,0.6918508447506849,0.7140858017071359,0.7323090351335447,0.7090860347391619
mid_v2,21,9,0.7950813740986395,0.7998334501686392,cqi,0.6845175114173516,0.7215128674010556,0.7620834713868745,0.7712650967287603,0.7620834713868745
mid_v2,21,10,0.7984993217931757,0.8084497676587165,cqi,0.6771841780840183,0.7094369827898277,0.7960117103267904,0.7686479841965527,0.7317517692777241
mid_v2,21,11,0.7887482737973324,0.7960811410666134,cqi,0.6885175114173516,0.6968158079374844,0.7540308716643451,0.7391052028660337,0.7234186689764169
mid_v2,21,12,0.753084170482953,0.7567506041175934,cqi,0.4326030583591544,0.7091720128874113,0.713520410029744,0.6839046330468883,0.7457513032136719
mid_v2,21,13,0.7734441519290418,0.7818154892727701,cqi,0.6878508447506849,0.6878508447506849,0.7510556487315747,0.733642368466878,0.7004198341365475
mid_v2,21,14,0.780614023981611,0.7831016354479962,cqi_then_cost,0.6851841780840182,0.7074329204696924,0.7417513032136719,0.6851841780840182,0.7417513032136719
mid_v2,21,15,0.7510556487315747,0.75354326019796,cqi_then_cost,0.6811841780840183,0.7092351440062864,0.7467510701816457,0.7510556487315747,0.7380848695790312
mid_v2,21,16,0.7920816071306657,0.7920816071306657,cost,0.6878508447506849,0.7151715468233588,0.7517508371496195,0.7386175913996483,0.7467510701816457
mid_v2,21,17,0.7286671455341075,0.7286671455341075,cost,0.6825175114173516,0.6825175114173516,0.6825175114173516,0.6825175114173516,0.6825175114173516
mid_v2,21,18,0.7796388010488403,0.7796388010488403,cost,0.6745175114173516,0.7152538652694108,0.7007534005019068,0.6745175114173516,0.7057531674698808
mid_v2,21,19,0.8268382708561838,0.8268382708561838,cost,0.6851841780840182,0.8035796301818459,0.8157335468575909,0.7545558198262851,0.8231963812567465
mid_v2,22,0,0.7952311365138186,0.7952311365138186,cost,0.6805175114173516,0.7320004788674407,0.7630378855861765,0.764339427930449,0.7400848695790312
mid_v2,22,1,0.7788875200209711,0.7788875200209711,cost,0.6831841780840182,0.7136603964538365,0.7464179698803385,0.6831841780840182,0.7464179698803385
mid_v2,22,2,0.7608765935312933,0.7633642049976784,cqi,0.6765175114173517,0.7260500330018997,0.7204193680724952,0.758388982064908,0.7204193680724952
mid_v2,22,3,0.7519013705985228,0.7519013705985228,cost,0.6818508447506849,0.6971739183380473,0.7064198341365474,0.7344880903338261,0.7064198341365474
mid_v2,22,4,0.7888870539569188,0.7889166184084458,cqi,0.6831841780840183,0.7119205319360775,0.7587506041175934,0.7367966465999298,0.7387515362456979
mid_v2,22,5,0.8092459353912056,0.814221158323976,cqi,0.6878508447506849,0.7181998687546483,0.756417037752234,0.7769069863281975,0.76402713636261
mid_v2,22,6,0.7892155425943014,0.7917031540606865,cqi_then_cost,0.6791841780840182,0.6971739183380474,0.7137527014058285,0.7170748100691293,0.7137527014058285
mid_v2,22,7,0.7304880903338261,0.7379509247329817,cqi_then_cost,0.6845175114173516,0.7329757018002112,0.7018133723763306,0.6845175114173516,0.6950869668672663
mid_v2,22,8,0.7566975383310119,0.7566975383310119,cost,0.6791841780840182,0.7218709778016184,0.7310851026110574,0.7442594809990855,0.7200858017071358
mid_v2,22,9,0.7550832383548486,0.7550832383548486,cost,0.6885175114173516,0.6885175114173516,0.6885175114173516,0.7182290882021813,0.688681435749354
mid_v2,22,10,0.8024147074319729,0.8060811410666135,cqi_then_cost,0.6865175114173517,0.7370499075856962,0.7767496719894891,0.7286671455341074,0.7530841704829528
mid_v2,22,11,0.7895892469143816,0.7907482737973324,cqi,0.6771841780840183,0.7313338122007742,0.7223239951053121,0.7487470924654709,0.7344184359443907
mid_v2,22,12,0.7708879860850234,0.7708879860850234,cost,0.6798508447506849,0.7135396893442782,0.7457513032136717,0.7462594809990855,0.7457513032136717
mid_v2,22,13,0.7696883551832996,0.7721759666496848,cqi_then_cost,0.6785175114173516,0.6989948631377658,0.719419135040469,0.7313338122007741,0.7144193680724952
mid_v2,22,14,0.7445680372651896,0.7495936093745491,cqi_then_cost,0.6891841780840183,0.6923281964710994,0.6891841780840183,0.6891841780840183,0.7254186689764167
mid_v2,22,15,0.7894149404639991,0.7930813740986395,cqi_then_cost,0.683850844750685,0.698636752737203,0.7527506041175933,0.7508765935312931,0.7527506041175933
mid_v2,22,16,0.7994745447259463,0.8040806750025612,cqi_then_cost,0.6785175114173516,0.7136515882893114,0.7621603727301673,0.7522099268646265,0.7944993217931756
mid_v2,22,17,0.7966000201463541,0.7966000201463541,cost,0.6765175114173516,0.7258709778016184,0.7541175661822667,0.7606975383310117,0.750084403514979
mid_v2,22,18,0.7785544197196638,0.7785544197196638,cost,0.6798508447506848,0.7240500330018997,0.7438082148740326,0.7539013705985227,0.7484179698803385
mid_v2,22,19,0.7451423432494962,0.7456735563059126,cqi_then_cost,0.6805175114173516,0.6805175114173516,0.7178429701311047,0.6968411806749738,0.7110860347391618
mid_v2,23,0,0.7492207000965995,0.7503889820649079,cqi,0.6831841780840183,0.7105871986027442,0.7324184359443907,0.6831841780840183,0.7287520023097501
mid_v2,23,1,0.7266950641354593,0.7417508371496196,cqi,0.4346030583591543,0.6842648641297324,0.6595537187970942,0.679402527672788,0.7047529344378548
mid_v2,23,2,0.7507506041175934,0.7533603326099693,cqi,0.6858508447506849,0.7042786423366404,0.7088537433630774,0.6858508447506849,0.7360848695790313
mid_v2,23,3,0.7602906688381201,0.7613642049976783,cqi_then_cost,0.683850844750685,0.706636752737203,0.683850844750685,0.683850844750685,0.6970869668672662
mid_v2,23,4,0.8109373791251019,0.8109373791251019,cost,0.6798508447506848,0.7263585892680036,0.7910364873940199,0.761185149797397,0.8034745447259461
mid_v2,23,5,0.7327966465999299,0.7327966465999299,cost,0.6778508447506849,0.6778508447506849,0.6997531674698808,0.6778508447506849,0.6997531674698808
mid_v2,23,6,0.7833945977945829,0.7883698207273532,cqi_then_cost,0.679850844750685,0.7286671455341075,0.7394361006382129,0.7784193748618122,0.736751536245698
mid_v2,23,7,0.7964993217931757,0.8001412113926127,cqi,0.6818508447506849,0.7044576975369218,0.7989869332595608,0.7467470924654708,0.7197522353417763
mid_v2,23,8,0.7636092032940665,0.7647492059254368,cqi,0.6845175114173516,0.6845175114173516,0.6888548458804032,0.7301299799332632,0.7057527014058286
mid_v2,23,9,0.7684161056241295,0.7684161056241295,cost,0.6745175114173516,0.7140995871363589,0.712086267771188,0.7489261476657522,0.7070865008032141
mid_v2,23,10,0.721190307299695,0.7261655302324654,cqi,0.443269725025821,0.5772437067659252,0.682943229928954,0.6860847882589718,0.6626763907741072
mid_v2,23,11,0.7894101917141001,0.7918978031804852,cqi_then_cost,0.42060305835915435,0.6496116380397109,0.779459745848559,0.7373989602547504,0.7330851026110574
mid_v2,23,12,0.7504253274062404,0.752121976227078,cqi_then_cost,0.6831841780840182,0.692198695405277,0.7000867338352403,0.7145871986027441,0.7000867338352403
mid_v2,23,13,0.7973450436601238,0.7973450436601238,cost,0.6825175114173515,0.7102786423366405,0.7873945977945828,0.7426175913996484,0.7948574321937385
mid_v2,23,14,0.8072459353912057,0.8072459353912057,cost,0.6885175114173516,0.7052538652694108,0.7674441519290417,0.7425680372651894,0.7507506041175934
mid_v2,23,15,0.7809573355047867,0.783444946971172,cqi_then_cost,0.6851841780840182,0.6988158079374845,0.7460664219635473,0.7007204735654156,0.7003884734027674
mid_v2,23,16,0.8168878249906428,0.8217466425731494,cqi,0.6865175114173517,0.7298214236671594,0.7820612644612495,0.767135595662938,0.7592082863456027
mid_v2,23,17,0.7950813740986395,0.7950813740986395,cost,0.6791841780840182,0.7146601634218104,0.7603712189195101,0.7517223153982414,0.7473081896566508
mid_v2,23,18,0.8020117103267905,0.8119621561923313,cqi_then_cost,0.673850844750685,0.7373338122007741,0.7696727612637821,0.7447966465999298,0.7527510701816457
mid_v2,23,19,0.7867487398613845,0.7867487398613845,cost,0.6831841780840182,0.7268462007343889,0.7647501380535412,0.7492347039318562,0.7610837044189007
mid_v2,24,0,0.7845488759276346,0.7845488759276347,cqi,0.6905175114173516,0.6905175114173516,0.7845488759276346,0.7372842580663151,0.7052489941471026
mid_v2,24,1,0.7773945977945829,0.7773945977945829,cost,0.693850844750685,0.693850844750685,0.7724193748618123,0.7226671455341076,0.6980862677711881
mid_v2,24,2,0.7554168047202077,0.7554168047202077,cost,0.6791841780840182,0.7031243642035886,0.7260853356430834,0.7379509247329818,0.7210855686751096
mid_v2,24,3,0.8190799759064827,0.819079975906483,cqi,0.6878508447506849,0.6878508447506849,0.7537503710855673,0.7369287344120856,0.7687502726339914
mid_v2,24,4,0.7774154065280513,0.7774154065280513,cost,0.6898508447506849,0.6952010339147789,0.7184189020084429,0.7316423684668779,0.7234186689764168
mid_v2,24,5,0.7543114202599351,0.7543114202599351,cost,0.6878508447506849,0.6878508447506849,0.722036824208773,0.7283090351335446,0.7240853356430836
mid_v2,24,6,0.8119126020578723,0.8193754364570279,cqi_then_cost,0.6838508447506849,0.7183860440926599,0.7809069863281974,0.7111775680156032,0.8082707124584352
mid_v2,24,7,0.7834154065280512,0.7834154065280512,cost,0.6825175114173515,0.7039700860705363,0.7435648066619052,0.7636727612637821,0.7207524683738025
mid_v2,24,8,0.7755248939025354,0.7825208682571207,cqi_then_cost,0.6818508447506849,0.7168957548688479,0.7274186689764168,0.7367966465999297,0.7374182029123646
mid_v2,24,9,0.7821264125152257,0.7821264125152257,cost,0.6731841780840183,0.7213833663352331,0.7170979466173351,0.751234703931856,0.7144193680724953
mid_v2,24,10,0.7910520813135372,0.7935396927799223,cqi,0.6858508447506849,0.7178709778016183,0.758619976526039,0.7156541412778609,0.7334182029123646
mid_v2,24,11,0.7508278344389644,0.7508278344389644,cost,0.6825175114173515,0.6989948631377659,0.7275492127423878,0.7363090351335446,0.7170860347391619
mid_v2,24,12,0.7859473573149444,0.7909225802477149,cqi,0.6785175114173516,0.7196313754264687,0.7506431130742448,0.7276919226013369,0.740751536245698
mid_v2,24,13,0.8012954895256648,0.8037831009920499,cqi_then_cost,0.6871841780840183,0.69930341940387,0.7515432601979599,0.7092538652694108,0.7384179698803386
mid_v2,24,14,0.7809721343821739,0.7884349687813296,cqi_then_cost,0.6845175114173516,0.7208957548688478,0.7155278273728229,0.7358214236671594,0.7100862677711879
mid_v2,24,15,0.7989869332595609,0.8014745447259461,cqi_then_cost,0.6845175114173516,0.7044576975369217,0.7560839374509268,0.759185149797397,0.7560839374509268
mid_v2,24,16,0.7379764464075781,0.7459525148172421,cqi_then_cost,0.6885175114173516,0.6885175114173516,0.7009824493867695,0.7035624215355147,0.7130855686751096
mid_v2,24,17,0.7747487398613847,0.7768342614188767,cqi,0.6885175114173516,0.6885175114173516,0.7375928143324189,0.7201795340677222,0.7007529344378547
mid_v2,24,18,0.7721603727301676,0.7746479841965527,cqi,0.6765175114173516,0.7149453090033071,0.7395268952447184,0.7497718695327003,0.7040867338352402
mid_v2,24,19,0.7863418130568395,0.7964209649460725,cqi,0.6831841780840183,0.7205376444682852,0.693753633533933,0.7678022623296047,0.738751536245698
mid_v2,25,0,0.7988582272358687,0.7988582272358687,cost,0.685850844750685,0.7216919226013371,0.7290147397431298,0.7590060945971155,0.7560839374509268
mid_v2,25,1,0.8001915605692019,0.800191560569202,cqi,0.6818508447506849,0.7155624215355147,0.7453473739803849,0.7454137591321375,0.7272142388900307
mid_v2,25,2,0.7883210616350244,0.7883210616350244,cost,0.41526972502582105,0.6307930869555537,0.7297522353417762,0.6840591442119663,0.7697503710855672
mid_v2,25,3,0.7894101917141001,0.7894101917141001,cost,0.6851841780840182,0.7087662538030256,0.7267520023097501,0.7411052028660338,0.7267520023097501
mid_v2,25,4,0.7446175913996484,0.7471052028660338,cqi,0.6778508447506849,0.6778508447506849,0.7044231033742301,0.7446175913996484,0.6950869668672662
mid_v2,25,5,0.8062707124584352,0.8087583239248203,cqi_then_cost,0.6845175114173516,0.7916372061725286,0.7764193748618121,0.7440804257988041,0.8037831009920499
mid_v2,25,6,0.7822559135810482,0.7847435250474333,cqi,0.6858508447506849,0.7140500330018998,0.7372570454379315,0.6858508447506849,0.7195220001140042
mid_v2,25,7,0.753222018514435,0.7568884521490756,cqi,0.683850844750685,0.683850844750685,0.683850844750685,0.7235128674010556,0.683850844750685
mid_v2,25,8,0.8017475747012541,0.8017475747012541,cost,0.6851841780840182,0.6948158079374845,0.7577503710855673,0.7445680372651894,0.7577503710855673
mid_v2,25,9,0.7923854146468705,0.7948730261132557,cqi_then_cost,0.6831841780840183,0.7142290882021812,0.7600464655838625,0.7366175913996484,0.7697499050215151
mid_v2,25,10,0.7937480407653061,0.7937480407653061,cost,0.6885175114173516,0.7300086511515769,0.7515432601979599,0.711741476735796,0.7334182029123646
mid_v2,25,11,0.7540960197183214,0.7628617898618548,cqi,0.6831841780840183,0.6933529735383289,0.7231903072996947,0.7107662538030255,0.7000867338352402
mid_v2,25,12,0.811733546857591,0.8167087697903613,cqi_then_cost,0.6878508447506849,0.7147166996685663,0.7664165716881818,0.7644689289962713,0.7664165716881818
mid_v2,25,13,0.7605548857837162,0.7715541866876378,cqi,0.6825175114173516,0.6959700860705363,0.7329484891718275,0.6825175114173516,0.7264184359443907
mid_v2,25,14,0.7184237373219801,0.7184237373219801,cost,0.4399363916924877,0.6593581814361057,0.6902255139948268,0.7084732914564389,0.6320918222255196
mid_v2,25,15,0.8120916572581537,0.8170668801909242,cqi,0.6851841780840182,0.7250252559346703,0.782240319661531,0.7548765935312931,0.7617503710855674
mid_v2,25,16,0.8121072511776711,0.8121072511776711,cost,0.6845175114173516,0.6845175114173516,0.7857489728934107,0.7284515309033208,0.7820825392587702
mid_v2,25,17,0.795832655126509,0.7983202665928941,cqi_then_cost,0.6865175114173515,0.7062786423366404,0.7858822092609679,0.7585184831307303,0.7354182029123647
mid_v2,25,18,0.7782898737959899,0.7782898737959899,cost,0.6818508447506849,0.6986863068716622,0.6877540995979853,0.7310252559346704,0.6818508447506849
mid_v2,25,19,0.7743402229725792,0.7756232071293232,cqi,0.6791841780840182,0.7184081434024627,0.7340879684274926,0.6791841780840182,0.7214191350404692
mid_v2,26,0,0.7708781836155536,0.7718961329853886,cqi,0.6771841780840183,0.7008734887416637,0.7209972482641565,0.723691922601337,0.7167524683738024
mid_v2,26,1,0.7607501380535411,0.7644165716881818,cqi,0.6845175114173516,0.7128957548688479,0.7497508371496197,0.6845175114173516,0.7460844035149792
mid_v2,26,2,0.7982411147036611,0.8057039491028166,cqi_then_cost,0.6818508447506849,0.7292978090611092,0.7659817835939382,0.7360004788674408,0.7440848695790312
mid_v2,26,3,0.7680825392587702,0.7717489728934107,cqi,0.6825175114173516,0.691352973538329,0.7154191350404692,0.7286671455341076,0.7104193680724953
mid_v2,26,4,0.7680620595033797,0.7680620595033797,cost,0.6858508447506849,0.7069305986682944,0.7374182029123647,0.6951832703051787,0.7424179698803385
mid_v2,26,5,0.782082073194718,0.7857485068293585,cqi_then_cost,0.6785175114173516,0.7089453090033071,0.7125453574861949,0.7378735821821913,0.7244189020084429
mid_v2,26,6,0.7800825392587701,0.7837489728934107,cqi,0.683850844750685,0.7228957548688479,0.7676727612637823,0.7477718695327004,0.7420848695790313
mid_v2,26,7,0.8036535999262275,0.8036535999262275,cost,0.6785175114173516,0.746442697555391,0.7862403196615307,0.7439509247329816,0.7244824241693876
mid_v2,26,8,0.7910813740986394,0.7927291252867454,cqi_then_cost,0.6845175114173516,0.7127166996685664,0.7674441519290417,0.7525184831307302,0.7394177368483124
mid_v2,26,9,0.7917187479802038,0.7943062627576373,cqi,0.6865175114173516,0.7160500330018998,0.7469129388726256,0.7483889820649079,0.7390846365470051
mid_v2,26,10,0.8090804419705351,0.8090804419705351,cost,0.6971841780840183,0.6971841780840183,0.7652650967287603,0.718000478867441,0.7660830053228224
mid_v2,26,11,0.7972163376364316,0.7997039491028167,cqi,0.6825175114173515,0.7100995871363589,0.7698526115061939,0.6825175114173515,0.7394182029123647
mid_v2,26,12,0.6974824746041515,0.7124081434024627,cqi,0.6825175114173515,0.6825175114173515,0.6825175114173515,0.6825175114173515,0.6825175114173515
mid_v2,26,13,0.7546487792386831,0.7546487792386831,cost,0.6765175114173515,0.6935320287386104,0.6840139740405572,0.6780182042228518,0.681420999296678
mid_v2,26,14,0.7880816071306657,0.7880816071306657,cost,0.6825175114173516,0.7173833663352331,0.7120645269096151,0.7422594809990856,0.7340848695790313
mid_v2,26,15,0.7893450436601238,0.7943202665928942,cqi_then_cost,0.683850844750685,0.7382628702550696,0.7669565404626566,0.7545184831307303,0.7464175038162864
mid_v2,26,16,0.7842203872902522,0.7842203872902522,cost,0.683850844750685,0.7199298995722162,0.7590837044189005,0.712489075195534,0.7504175038162861
mid_v2,26,17,0.767493706063501,0.767493706063501,cost,0.6838508447506849,0.7650060945971155,0.7407515362456979,0.7625184831307303,0.7370851026110573
mid_v2,26,18,0.8107473416692279,0.8119126020578723,cqi,0.6891841780840182,0.7099205319360774,0.7704165716881818,0.7522099268646265,0.7704165716881818
mid_v2,26,19,0.7519013705985228,0.754388982064908,cqi,0.6805175114173516,0.7046367527372032,0.7090865008032141,0.7519013705985227,0.7090865008032141
mid_v2,27,0,0.7509780869266018,0.7509780869266018,cost,0.6885175114173517,0.6885175114173517,0.7194186689764169,0.6885175114173517,0.7157522353417763
mid_v2,27,1,0.7306671455341076,0.7365755798938778,cqi_then_cost,0.6791841780840182,0.6958405850047141,0.6993257609099452,0.7281795340677222,0.6914205332326259
mid_v2,27,2,0.7829457167959204,0.7829457167959204,cost,0.6798508447506848,0.7172982751251615,0.752084403514979,0.7439509247329816,0.752084403514979
mid_v2,27,3,0.7813657950819388,0.7813657950819388,cost,0.6745175114173516,0.7228957548688479,0.749161537890298,0.755234703931856,0.7010869668672665
mid_v2,27,4,0.768211516948887,0.7706991284152721,cqi_then_cost,0.6891841780840183,0.692201266946805,0.7254186689764168,0.6891841780840183,0.7254186689764168
mid_v2,27,5,0.7411052028660338,0.743592814332419,cqi_then_cost,0.6771841780840183,0.6913529735383289,0.7198429701311045,0.7212043111349515,0.7094196011045213
mid_v2,27,6,0.7744689289962714,0.7744689289962714,cost,0.6778508447506849,0.7172538652694108,0.6943008492622653,0.7520804257988042,0.7214191350404692
mid_v2,27,7,0.7925356671345081,0.7925356671345081,cost,0.6871841780840183,0.7067662538030256,0.7697499050215151,0.7374182029123647,0.7624170377522339
mid_v2,27,8,0.795747574701254,0.7971164343253833,cqi,0.6898508447506849,0.7107776001177079,0.7517503710855673,0.7125376444682853,0.7517503710855673
mid_v2,27,9,0.7606975383310118,0.763185149797397,cqi,0.6765175114173516,0.7233833663352333,0.7250855686751096,0.7606975383310117,0.7214191350404691
mid_v2,27,10,0.7983358605124116,0.7983358605124116,cost,0.685850844750685,0.7288660693572626,0.7780825392587701,0.7326175913996483,0.7620834713868745
mid_v2,27,11,0.76555465275169,0.7662482384648285,cqi,0.6798508447506848,0.7076119756699738,0.7060895370088706,0.7449261476657522,0.7330851026110574
mid_v2,27,12,0.7787930791818924,0.7787930791818924,cost,0.685850844750685,0.7009687528998512,0.7128857047413599,0.750388982064908,0.7024198341365474
mid_v2,27,13,0.7590837044189006,0.763493706063501,cqi,0.675850844750685,0.7127523155680532,0.7480844035149791,0.7411052028660335,0.7394182029123645
mid_v2,27,14,0.8016535999262276,0.8066288228589978,cqi,0.6845175114173516,0.7170748100691294,0.7654153492163979,0.7469261476657523,0.7550144322679341
mid_v2,27,15,0.7430779902376503,0.7445680372651895,cqi,0.683850844750685,0.683850844750685,0.6956846663526384,0.7346175913996484,0.6990865008032141
mid_v2,27,16,0.7515432601979599,0.7565184831307304,cqi_then_cost,0.6805175114173516,0.6805175114173516,0.7193948841745725,0.6805175114173516,0.7197522353417761
mid_v2,27,17,0.7820332567907357,0.7820332567907357,cost,0.6771841780840182,0.7172061229789186,0.7567506041175934,0.6771841780840182,0.7194191350404691
mid_v2,27,18,0.7590060945971158,0.7590060945971158,cost,0.685850844750685,0.7017910308702551,0.7334182029123646,0.685850844750685,0.7334182029123646
mid_v2,27,19,0.7636727612637824,0.765086836570609,cqi,0.6798508447506849,0.7238709778016184,0.7394182029123647,0.6798508447506849,0.7344184359443907
mid_v2,28,0,0.7667496719894892,0.7667496719894892,cost,0.6831841780840183,0.6993563171798968,0.7242802324209007,0.7318214236671594,0.7174191350404691
mid_v2,28,1,0.7809069863281975,0.7872119537249785,cqi,0.683850844750685,0.7872119537249788,0.7560308716643451,0.7336423684668779,0.7154191350404692
mid_v2,28,2,0.7582217854824088,0.763769870747638,cqi_then_cost,0.6891841780840182,0.6891841780840182,0.7330851026110574,0.7175624215355147,0.7230855686751095
mid_v2,28,3,0.7114049127991784,0.7164081434024626,cqi,0.6811841780840183,0.6811841780840183,0.6887589975543269,0.6811841780840183,0.6870874329313187
mid_v2,28,4,0.7887147223347893,0.7912023338011746,cqi,0.6818508447506849,0.7291547570004927,0.746084403514979,0.7739317633954271,0.746084403514979
mid_v2,28,5,0.790414707431973,0.790414707431973,cost,0.6811841780840183,0.7049453090033071,0.7184221712461256,0.7251913445380979,0.7304184359443908
mid_v2,28,6,0.8157466425731495,0.8157466425731495,cost,0.689850844750685,0.7932119537249785,0.7584689289962715,0.7410556487315747,0.7654163386561557
mid_v2,28,7,0.8177335468575908,0.8190668801909242,cqi,0.6845175114173516,0.7295128674010555,0.7991659884598422,0.7543889820649078,0.8116040457917686
mid_v2,28,8,0.7617494389574629,0.7617494389574629,cost,0.6878508447506849,0.6878508447506849,0.7156639149308233,0.7084081434024627,0.7127524683738025
mid_v2,28,9,0.7795555848797945,0.7871735310885306,cqi_then_cost,0.41526972502582105,0.6820357168165947,0.7733617308021259,0.716086267771188,0.7784165716881817
mid_v2,28,10,0.7574145541742677,0.7598518164640637,cqi_then_cost,0.6811841780840183,0.6877110839388918,0.7461167711401365,0.7598518164640635,0.695753633533933
mid_v2,28,11,0.7870818401626919,0.7870818401626919,cost,0.6851841780840182,0.7082565430268375,0.7540839374509268,0.7633146508632194,0.7540839374509268
mid_v2,28,12,0.7924993217931757,0.7924993217931757,cost,0.6898508447506849,0.6898508447506849,0.7502099268646266,0.7253338122007742,0.7407510701816458
mid_v2,28,13,0.7303614977700998,0.7350846365470053,cqi,0.6918508447506849,0.6918508447506849,0.7190855686751095,0.6918508447506849,0.7140858017071356
mid_v2,28,14,0.7886000201463542,0.7886000201463542,cost,0.6871841780840183,0.7128957548688479,0.7484175038162862,0.7126097823050923,0.7484175038162862
mid_v2,28,15,0.7940117103267905,0.7940117103267905,cost,0.6778508447506849,0.708770316123161,0.7542099268646265,0.7293338122007742,0.7915240988604052
mid_v2,28,16,0.7880117103267905,0.7954745447259461,cqi,0.6945175114173516,0.700945309003307,0.7556727612637822,0.7307966465999299,0.7375515978687784
mid_v2,28,17,0.7910813740986394,0.7910813740986394,cost,0.685850844750685,0.7080995871363588,0.7349484891718275,0.7528765935312932,0.752434800897632
mid_v2,28,18,0.7648879860850232,0.780082073194718,cqi_then_cost,0.6805175114173516,0.6979700860705365,0.7287686389294161,0.735284258066315,0.7184189020084429
mid_v2,28,19,0.7670827722907964,0.7670827722907964,cost,0.6891841780840183,0.6891841780840183,0.720418902008443,0.7235128674010556,0.720418902008443
mid_v2,29,0,0.769021688516633,0.7701759666496848,cqi,0.685850844750685,0.685850844750685,0.685850844750685,0.685850844750685,0.6887538665659592
mid_v2,29,1,0.7590060945971158,0.7628879860850233,cqi,0.681850844750685,0.7117414767357961,0.7370846365470052,0.7465680372651894,0.7334182029123646
mid_v2,29,2,0.7761264125152258,0.7817485068293584,cqi,0.6878508447506849,0.6986367527372032,0.7157309605442557,0.7309757018002113,0.7276515011798267
mid_v2,29,3,0.7700825392587702,0.7810818401626919,cqi,0.6898508447506848,0.692994863137766,0.7288847726132553,0.7377718695327004,0.7257662033682619
mid_v2,29,4,0.7765200732149907,0.7765200732149907,cost,0.6778508447506849,0.7006367527372032,0.7366539367409808,0.740438536199367,0.7187524683738025
mid_v2,29,5,0.8114140083358946,0.8114140083358946,cost,0.6765175114173516,0.7207166996685664,0.7437513032136718,0.7401049805520731,0.7487510701816457
mid_v2,29,6,0.7817489728934107,0.7817489728934107,cost,0.6778508447506849,0.7134189822347198,0.7450846365470051,0.7555432601979598,0.7450846365470051
mid_v2,29,7,0.742324629053062,0.7487035384600834,cqi,0.6811841780840183,0.6815815828730695,0.7010756051112594,0.6811841780840183,0.6811841780840183
mid_v2,29,8,0.790564469847152,0.790564469847152,cost,0.6851841780840182,0.7243837069830816,0.7554172707842601,0.7323090351335446,0.7504175038162862
mid_v2,29,9,0.786240319661531,0.7912155425943013,cqi,0.679850844750685,0.6991739183380474,0.7563889820649079,0.7389757018002112,0.7007534005019069
mid_v2,29,10,0.7605548857837162,0.7731867398816573,cqi_then_cost,0.683850844750685,0.698838912586104,0.7354182029123646,0.7495432601979598,0.7304184359443907
mid_v2,29,11,0.7645340770502478,0.7696092032940663,cqi_then_cost,0.6891841780840182,0.6891841780840183,0.7167524683738024,0.7361299799332632,0.7167524683738022
mid_v2,29,12,0.7666479841965529,0.7666479841965529,cost,0.6818508447506849,0.6820691943394547,0.7666479841965528,0.7119205319360775,0.6860871998992926
mid_v2,29,13,0.7695092999830181,0.773082306226744,cqi,0.6785175114173516,0.6998890439570107,0.7296143607963643,0.7411052028660337,0.7154191350404691
mid_v2,29,14,0.7487470924654709,0.7586975383310117,cqi,0.679850844750685,0.7064576975369219,0.7207524683738026,0.7586975383310118,0.7207524683738026
mid_v2,29,15,0.7623394279304491,0.7673146508632194,cqi,0.683850844750685,0.7175624215355145,0.7461167711401364,0.7548765935312932,0.7457513032136719
mid_v2,29,16,0.7305755798938779,0.742594788816076,cqi_then_cost,0.6811841780840183,0.686198695405277,0.6954200671685736,0.7359509247329818,0.6954200671685736
mid_v2,29,17,0.7688270393968344,0.7713146508632195,cqi,0.6758508447506849,0.7290252559346702,0.7401019722627493,0.7613642049976783,0.7147529344378546
mid_v2,29,18,0.7546975383310119,0.7631719410042702,cqi_then_cost,0.6865175114173515,0.7546975383310117,0.7333206034076473,0.7422594809990855,0.7154191350404692
mid_v2,29,19,0.7582099268646266,0.7582099268646266,cost,0.6765175114173516,0.7184081434024626,0.7281515263972085,0.7482594809990857,0.7027534005019069
mid_v2,30,0,0.7938868209248926,0.7990876316127392,cqi,0.6845175114173516,0.727021818686433,0.7592214951387293,0.7256919226013369,0.7514177368483125
mid_v2,30,1,0.7786999234574024,0.7786999234574024,cost,0.6778508447506849,0.7167166996685665,0.7413213984497775,0.7515432601979598,0.7360848695790313
mid_v2,30,2,0.7816543949683579,0.7821116136378388,cqi_then_cost,0.683850844750685,0.7248462007343889,0.7517508371496197,0.7039230839399554,0.7517508371496197
mid_v2,30,3,0.7379509247329818,0.7429261476657524,cqi,0.6831841780840183,0.6931739183380474,0.7234186689764168,0.7280004788674408,0.706086267771188
mid_v2,30,4,0.8028861218288145,0.8028861218288145,cost,0.6905175114173516,0.7158709778016183,0.7619029606827832,0.7581603727301676,0.7690832383548485
mid_v2,30,5,0.7787487398613846,0.7787487398613846,cost,0.685850844750685,0.685850844750685,0.7118222187092896,0.6880196402049955,0.7184189020084429
mid_v2,30,6,0.7900117103267905,0.7974745447259461,cqi_then_cost,0.685850844750685,0.7004576975369218,0.7800612644612495,0.7526975383310116,0.7158157575027211
mid_v2,30,7,0.7653348231434143,0.7653348231434143,cost,0.6931841780840183,0.7036833962889598,0.7563641545629151,0.6931841780840183,0.7477508371496197
mid_v2,30,8,0.7887279311279162,0.7887279311279162,cost,0.679850844750685,0.7439509247329817,0.7649920907618588,0.7613642049976784,0.7420848695790314
mid_v2,30,9,0.8238630479234134,0.8238630479234134,cost,0.6885175114173516,0.7218709778016184,0.8188878249906427,0.7765984300620935,0.8238630479234132
mid_v2,30,10,0.7481703004852466,0.770917084472498,cqi_then_cost,0.6845175114173516,0.692994863137766,0.7347515362456979,0.7427470924654708,0.7347515362456979
mid_v2,30,11,0.8007478077332801,0.8007478077332801,cost,0.6891841780840182,0.7037910308702552,0.7517508371496198,0.7460804257988042,0.7517508371496198
mid_v2,30,12,0.7964142413679207,0.7964142413679207,cost,0.6905175114173516,0.6956119756699737,0.7560834713868746,0.7453642049976785,0.7560834713868746
mid_v2,30,13,0.741889151245154,0.7487470924654709,cqi,0.6825175114173515,0.6890444172722252,0.7044198341365474,0.6825175114173515,0.7044198341365474
mid_v2,30,14,0.7304880903338261,0.750246272205959,cqi,0.6791841780840183,0.6931739183380475,0.710545357486195,0.7255128674010556,0.6824207662646521
mid_v2,30,15,0.7930813740986397,0.7930813740986397,cost,0.6865175114173516,0.7074329204696924,0.7354182029123646,0.7447470924654709,0.7354182029123646
mid_v2,30,16,0.8152459353912058,0.8177335468575908,cqi,0.6751841780840183,0.7406175913996482,0.777931763395427,0.7530556487315747,0.8152459353912056
mid_v2,30,17,0.7676727612637823,0.7676727612637823,cost,0.6771841780840182,0.7303585892680035,0.7334186689764168,0.6965535365681569,0.7247524683738024
mid_v2,30,18,0.7599813175298861,0.7697489728934107,cqi_then_cost,0.689850844750685,0.7102290882021812,0.7220853356430835,0.7574937060635009,0.7220853356430835
mid_v2,30,19,0.7970809080345873,0.7970809080345873,cost,0.6898508447506849,0.7095622231153493,0.7430841704829528,0.7201795340677222,0.7430841704829528
high,1,0,0.475016852482811,0.4767814431848173,cqi,0.10577973312085849,0.4383025274138209,0.4227519077637992,0.39451243516099843,0.3571226051154154
high,1,1,0.4401410999819354,0.4401410999819354,cost,0.1271130664541918,0.37237808054029037,0.29286171679602463,0.3460334899553973,0.42510401324323893
high,1,2,0.4272053962609413,0.4272053962609413,cost,0.12844639978752515,0.3588180143364666,0.3297621156290209,0.35607782170167684,0.4108269963482253
high,1,3,0.46493770059357786,0.46493770059357786,cost,0.11377973312085847,0.3420757319999165,0.38629455305509625,0.36322638467847224,0.4538189727597281
high,1,4,0.5104140091338814,0.5104140091338814,cost,0.11044639978752514,0.3781401603305476,0.45863927488715983,0.37928256247699865,0.3907530644023396
high,1,5,0.4233232870604238,0.4272065908789775,cqi,0.11911306645419178,0.3830797805874209,0.13363038552014042,0.3530147178092907,0.31308948747999354
high,1,6,0.4253192531902217,0.4253192531902217,cost,0.12777973312085847,0.3871944598337662,0.30952838346269135,0.32791371496288896,0.30952838346269135
high,1,7,0.40901380270225757,0.40901380270225757,cost,0.13444639978752515,0.3201277024594539,0.2500930480719089,0.32810857853982345,0.37047546644707485
high,1,8,0.41051243516099856,0.41171293683207677,cqi,0.1271130664541918,0.3088503337909163,0.1271130664541918,0.27091801851704184,0.3992166461198782
high,1,9,0.4333150780330531,0.4333150780330531,cost,0.1271130664541918,0.3260425980257927,0.3785875237454247,0.29227204745116475,0.32126480244358163
high,1,10,0.42173374063058683,0.42543998324187,cqi,0.12777973312085847,0.38872565817287996,0.3862354182659848,0.32183212209004036,0.3106436599098143
high,1,11,0.48847281912321194,0.48847281912321194,cost,0.10044639978752513,0.4358109299351552,0.4270664689510258,0.4491246827470466,0.3993005939039444
high,1,12,0.4424628186927837,0.4424628186927837,cost,0.11777973312085849,0.4022193122197808,0.18608244668732346,0.3616438401837443,0.33554181933859534
high,1,13,0.42165505429460204,0.42343421519811464,cqi,0.1251130664541918,0.35329082692546476,0.32275306956728295,0.38171801366113733,0.3179314691102483
high,1,14,0.4044923261024214,0.4044923261024214,cost,0.13577973312085848,0.3539194451565512,0.38427296255819793,0.3673292789965175,0.3842729625581979
high,1,15,0.39800480486282425,0.4049940125574038,cqi_then_cost,0.1371130664541918,0.35335925601748885,0.3283343654650151,0.3453668232887306,0.3863963439924465
high,1,16,0.4252065908789776,0.4271482427882544,cqi_then_cost,0.12377973312085847,0.3466241602587981,0.30094086868525777,0.2988503337909163,0.33501439889556733
high,1,17,0.4238732575456443,0.4238732575456443,cost,0.12377973312085847,0.3557181614601819,0.2810763222955083,0.3141461228320366,0.36497717351707765
high,1,18,0.4554907119103645,0.46232471369993317,cqi,0.12244639978752514,0.41192555483106397,0.35949493190988996,0.3550147178092907,0.36560597697780783
high,1,19,0.42083166466592664,0.42824414988849296,cqi_then_cost,0.12511306645419182,0.33156978543679455,0.341887062342572,0.31846068401926336,0.3473289600827942
high,2,0,0.48442732077027645,0.48442732077027645,cost,0.11777973312085849,0.38874847890649117,0.36413699223886736,0.41278945205601203,0.35993649784640697
high,2,1,0.47805844536252873,0.48176468797381183,cqi,0.10044639978752515,0.4508753186326525,0.3321235525789198,0.4091796622728957,0.37065934231159997
high,2,2,0.4648813694379559,0.4648813694379559,cost,0.10711306645419183,0.4247606311933297,0.4184373465765723,0.3962200190298431,0.368541680698802
high,2,3,0.45067681917937286,0.45315028915796024,cqi,0.12177973312085849,0.37702143249669784,0.22741578002065674,0.4393810301382526,0.35143066201421985
high,2,4,0.46865523456853214,0.4694856541436971,cqi,0.11244639978752514,0.42535884385214057,0.4433810301382526,0.39819787397377165,0.4490289246588127
high,2,5,0.4501690613040669,0.4501690613040669,cost,0.12311306645419179,0.3531568861069483,0.35848119691543046,0.3081461228320365,0.3204325057970575
high,2,6,0.42229778143921026,0.42229778143921026,cost,0.13244639978752515,0.33890311877012785,0.3250162970731211,0.3104982283114764,0.37262506803763773
high,2,7,0.4767063251657865,0.47731464374172977,cqi_then_cost,0.11577973312085847,0.36873290990280544,0.39384576849433184,0.4046161730899185,0.4716063841953456
high,2,8,0.44872306565948955,0.4524293082707726,cqi_then_cost,0.10977973312085848,0.39112061805814236,0.29660173059494666,0.34234805114262407,0.3749298549181913
high,2,9,0.4384440318293747,0.4421502744406579,cqi_then_cost,0.12377973312085847,0.39996511605837826,0.3009408686852578,0.34803348995539723,0.3413945932742705
high,2,10,0.4470315760414131,0.4489732279506898,cqi,0.11377973312085847,0.3539027046628481,0.3491631285235364,0.3499187436990475,0.32117832435295723
high,2,11,0.3914151161385531,0.39335676804782993,cqi_then_cost,0.13844639978752515,0.38188391779943925,0.3089028226876211,0.3347752452064901,0.31340552421948414
high,2,12,0.5126762229860632,0.5126762229860632,cost,0.10044639978752513,0.4756407210678328,0.4789162917821735,0.43373313561769244,0.48418119234927814
high,2,13,0.43795240943487757,0.43795240943487757,cost,0.12111306645419181,0.4153608313526369,0.29886171679602463,0.36897717351707765,0.4198082242021187
high,2,14,0.4850376562813211,0.4850376562813211,cost,0.10777973312085848,0.4430295591063118,0.4599726082204932,0.3921978739737717,0.47126839726161324
high,2,15,0.4373440908589339,0.44122739467748756,cqi_then_cost,0.12777973312085847,0.39339434177464777,0.300195050129358,0.4201227853893454,0.3278578560780859
high,2,16,0.4279316056363674,0.4316378482476506,cqi,0.1271130664541918,0.4164587553879766,0.3093137779632077,0.3261085785398235,0.3359595580095115
high,2,17,0.46436844336684524,0.4674889174443773,cqi,0.1271130664541918,0.3693995765694721,0.4390664689510258,0.3940402774094638,0.3731066454340431
high,2,18,0.4467733460098083,0.4467733460098083,cost,0.12044639978752514,0.41959021927993206,0.41012278538934543,0.3604553559652734,0.34192414290885714
high,2,19,0.43018580179777,0.43406910561632356,cqi,0.12911306645419182,0.3383902637525384,0.3025679594073079,0.3889020849326515,0.3188109950327161
high,3,0,0.5014327812799879,0.501432781279988,cqi,0.11777973312085849,0.3620402046428044,0.4300476968049192,0.40768697365734663,0.35008244668732347
high,3,1,0.4871182200927611,0.4871182200927611,cost,0.11577973312085847,0.3784539513914758,0.43039980228435903,0.39258010434996915,0.38584544958060846
high,3,2,0.47509600437204424,0.47509600437204424,cost,0.1011130664541918,0.36047549588167965,0.4237331356176925,0.36781971559256293,0.36999267564493327
high,3,3,0.430751907763799,0.4307519077637993,cqi,0.12311306645419179,0.3499574935921315,0.2979012927406412,0.3912166461198783,0.4194561187226788
high,3,4,0.3910114477910399,0.39386919424083716,cqi_then_cost,0.13444639978752515,0.2829254223753425,0.2699575944616585,0.3120872770946268,0.33940436758094367
high,3,5,0.4522496251155069,0.4522496251155069,cost,0.14044639978752513,0.3389362003675566,0.3256205027410531,0.2919548124389969,0.4322421329533919
high,3,6,0.43449834604989557,0.4346754072571661,cqi_then_cost,0.13644639978752515,0.3240716686951094,0.30960753535192453,0.3753174329442708,0.35066229341612754
high,3,7,0.4255654815810674,0.4298720629276079,cqi,0.1271130664541918,0.34995749359213146,0.33625900618917026,0.3626626123298508,0.3909020849326515
high,3,8,0.4565266420105205,0.4608412031977475,cqi,0.12111306645419181,0.3572057224918037,0.35185997534385377,0.35532927899651756,0.35508653637546606
high,3,9,0.42681722204155204,0.42681722204155204,cost,0.11844639978752514,0.3874526898653709,0.29619505012935793,0.2815190055972481,0.34612689313241335
high,3,10,0.42143998324187015,0.42143998324187015,cost,0.12377973312085847,0.38860896199143374,0.12377973312085847,0.3805875237454247,0.38623541826598473
high,3,11,0.42075190776379906,0.42075190776379934,cqi,0.11977973312085846,0.36974443031898657,0.18451165768629063,0.3981603296815587,0.2935888190237583
high,3,12,0.4668210044121317,0.4687626563214085,cqi,0.11311306645419182,0.378926763980474,0.3496447541422464,0.3556438401837443,0.4500543820577217
high,3,13,0.4114775275340831,0.41518377014536634,cqi,0.12644639978752512,0.40565257180625247,0.29886171679602463,0.27061086118811567,0.30256795940730785
high,3,14,0.4371670296516634,0.44087327226294654,cqi,0.12511306645419182,0.33423645210346126,0.3455627750709766,0.3894395212138599,0.39054997945321157
high,3,15,0.4373065465667209,0.44118985038527436,cqi,0.11377973312085847,0.4009463439122717,0.32291040791439757,0.35536738373396126,0.4098082242021187
high,3,16,0.45036225799214613,0.45601015251270627,cqi,0.11911306645419183,0.39408181223982447,0.2989408686852579,0.4390664689510258,0.3572098229177325
high,3,17,0.48189751963606703,0.48189751963606703,cost,0.11511306645419182,0.4197706799099056,0.35279304642762316,0.45930594155382637,0.3483542365173231
high,3,18,0.4616627153509677,0.4616627153509677,cost,0.10977973312085847,0.4235379219945122,0.34816159857655665,0.3888645406404383,0.4396955913254794
high,3,19,0.4258732575456443,0.4258732575456443,cost,0.1271130664541918,0.38933599368392463,0.294195050129358,0.2981836671242497,0.33076547089981695
high,4,0,0.4261227853893455,0.4261227853893457,cqi,0.13244639978752515,0.3414043675809437,0.2921158982401248,0.35270015662206394,0.416204559226574
high,4,1,0.4295191351311033,0.4371086815609401,cqi,0.11911306645419181,0.4125754515694229,0.32413874840834067,0.35147854105833676,0.3162179413982119
high,4,2,0.42563986518275176,0.4275815170920285,cqi_then_cost,0.11644639978752513,0.3752057224918036,0.28248880751807465,0.33905226210150385,0.3349328060227188
high,4,3,0.4528920591263555,0.4528920591263555,cost,0.12977973312085847,0.4435379219945122,0.35767431859377347,0.3348054150750074,0.34993797339867067
high,4,4,0.43438164986844946,0.43438164986844946,cost,0.13244639978752518,0.4080838291749256,0.2830763222955083,0.373632271411084,0.30694086868525783
high,4,5,0.511470325572201,0.511470325572201,cost,0.10977973312085848,0.4445587405103246,0.38269094988228797,0.42110401324323893,0.49452664201052043
high,4,6,0.4612898060730178,0.4632314579822944,cqi_then_cost,0.11577973312085847,0.43251914984840556,0.3371926929750634,0.35431050685041093,0.45193566894117426
high,4,7,0.43820660559628,0.44208990941483356,cqi,0.12511306645419182,0.40361099364383723,0.33272536686644094,0.3531920687703731,0.3369487657040911
high,4,8,0.4317904700547594,0.4349109441322914,cqi_then_cost,0.1257797331208585,0.3446925893508222,0.2790763222955082,0.34838559543483716,0.3365446318033296
high,4,9,0.4142696925399471,0.4142696925399471,cost,0.13244639978752515,0.31452370042768774,0.24809304807190893,0.33442313972705023,0.33564499682228466
high,4,10,0.4319376961190843,0.4319376961190843,cost,0.12844639978752515,0.3666626123298508,0.33250696875356905,0.4118457684943318,0.4287894520560121
high,4,11,0.5180456250593459,0.5205730455023737,cqi,0.10444639978752512,0.4318109299351551,0.46228716940771997,0.47065344010254506,0.47945214372168626
high,4,12,0.4219295887012663,0.4277545444290968,cqi,0.13244639978752518,0.34015283751944364,0.2756638370729417,0.3882354182659848,0.31901587444783114
high,4,13,0.455385698455954,0.4573273503652307,cqi,0.12177973312085849,0.36453905582513696,0.35223226891967996,0.3543480511426241,0.4390664689510258
high,4,14,0.4207314797914988,0.4302481079291061,cqi_then_cost,0.12911306645419182,0.3467569423626683,0.3420110436247714,0.3194794561653699,0.3816062958915312
high,4,15,0.4408732722629467,0.4408732722629467,cost,0.12777973312085847,0.34652776373249466,0.30256795940730785,0.42145611872267874,0.4278128925198199
high,4,16,0.43487723030355996,0.4394836077739912,cqi,0.11711306645419182,0.3992401013009884,0.26803674635089164,0.3410522621015038,0.4201227853893455
high,4,17,0.49386380580733547,0.4957981726158591,cqi,0.10644639978752514,0.441338117346157,0.48091629178217343,0.47526839726161324,0.48091629178217343
high,4,18,0.45473983558779735,0.4566814874970741,cqi_then_cost,0.11444639978752515,0.3653172068205157,0.34834195069179175,0.3167793588356156,0.33684558822040167
high,4,19,0.4678585634216471,0.47003644694598223,cqi,0.11244639978752512,0.3817872847248091,0.36565323568835634,0.33505226210150385,0.3572618513390542
high,5,0,0.418950377782474,0.418950377782474,cost,0.13044639978752515,0.3302364521034612,0.2810763222955083,0.32016089012678917,0.30351520599159587
high,5,1,0.40163176800774253,0.40163176800774253,cost,0.13977973312085848,0.28723998356256925,0.34936682328873064,0.30418366712424966,0.34371892876817045
high,5,2,0.4431690465867644,0.4431690465867644,cost,0.12511306645419182,0.4027484789064912,0.3229399723659245,0.3975312073071051,0.3461348729730996
high,5,3,0.4863790970324725,0.4863790970324725,cost,0.10844639978752513,0.40522936770214973,0.348838841251941,0.4154561187226789,0.38503953669030305
high,5,4,0.45187058737534436,0.45246364100984826,cqi_then_cost,0.12444639978752514,0.3658723891584703,0.4078457684943317,0.37360833188902554,0.40784576849433174
high,5,5,0.45923145798229464,0.4631147618008481,cqi,0.11444639978752515,0.35281801433646665,0.39936682917478816,0.36231990235502304,0.35140109756269283
high,5,6,0.43650036298499684,0.43667742419226707,cqi,0.12977973312085847,0.4252045739438764,0.3056075353519245,0.3171820772814576,0.32439325636179994
high,5,7,0.38680679756260955,0.38680679756260955,cost,0.13844639978752515,0.34674035229687716,0.13844639978752515,0.35038559543483716,0.27537891087248456
high,5,8,0.420633799660146,0.42434004227142924,cqi,0.13977973312085845,0.4073963587097489,0.40121664611987823,0.374979209514572,0.40686454064043837
high,5,9,0.3982776308758992,0.4000422215779055,cqi,0.14044639978752513,0.30685236978841063,0.32603681546291,0.3483855954348371,0.29506287413299415
high,5,10,0.42826023714699724,0.4300393980505098,cqi_then_cost,0.11377973312085847,0.388926763980474,0.2596638370729417,0.3334043675809436,0.32973871891302414
high,5,11,0.46689618272359645,0.46926839726161357,cqi,0.10977973312085847,0.4241462405704557,0.35904197442337366,0.4127894520560121,0.46362050274105315
high,5,12,0.42624616682359423,0.42624616682359423,cost,0.1157797331208585,0.397475510598982,0.3300739651412135,0.41047489086878536,0.31971860985444717
high,5,13,0.42405031875291477,0.4247515888500757,cqi_then_cost,0.12511306645419182,0.3760402046428044,0.32535867646819244,0.3550147178092907,0.3945499794532117
high,5,14,0.44039385844116746,0.44039385844116746,cost,0.11977973312085849,0.36920572249180356,0.3652917347043044,0.31032822524969106,0.3494226821735336
high,5,15,0.4357170001368838,0.4357170001368838,cost,0.11977973312085849,0.33556978543679455,0.3326624453499988,0.3343855954348371,0.37956875159931813
high,5,16,0.4040670592466178,0.40600871115589454,cqi_then_cost,0.12311306645419179,0.3677068565921687,0.27062426112832516,0.25998173881366216,0.39082961829622054
high,5,17,0.43906646895102586,0.43906646895102586,cost,0.12311306645419182,0.3759818565520813,0.33339203353310765,0.399531207307105,0.4164748908687854
high,5,18,0.4191613476803057,0.42168876812333367,cqi,0.13644639978752512,0.3357564730603836,0.29611589824012474,0.39223541826598474,0.3090613985807304
high,5,19,0.4059463291949693,0.41292755704886275,cqi_then_cost,0.13844639978752513,0.30923462607397456,0.30923462607397456,0.2974835697944953,0.2968284302663522
high,6,0,0.4414212258130659,0.4414212258130659,cost,0.13044639978752515,0.4048839619513464,0.32139292985244095,0.3450327134881574,0.3213929298524409
high,6,1,0.40365257180625264,0.4054171625082589,cqi_then_cost,0.13244639978752515,0.3048758059071276,0.2555055332944754,0.25998173881366216,0.3031270317722066
high,6,2,0.38061296642703124,0.38061296642703124,cost,0.13511306645419183,0.3499006582931422,0.13511306645419183,0.27096296666755554,0.36931717738591086
high,6,3,0.4331690465867645,0.4368752891980477,cqi_then_cost,0.11244639978752512,0.36901186841413514,0.11244639978752512,0.3842354182659848,0.39553120730710506
high,6,4,0.43180642973613176,0.43433385017915954,cqi_then_cost,0.13511306645419183,0.3171193123801304,0.3503381580784034,0.31791994197172485,0.42478945205601215
high,6,5,0.42920457394387657,0.43114622585315326,cqi,0.13111306645419182,0.3263674430189273,0.30723462607397456,0.38593885275762463,0.31517108035284214
high,6,6,0.4185171034786998,0.4185171034786998,cost,0.1311130664541918,0.3109408686852578,0.32383747490486575,0.2855545447497961,0.33344809724785585
high,6,7,0.39629641773930807,0.39823806964858494,cqi_then_cost,0.13111306645419182,0.36364245769614223,0.28366383707294174,0.37827296255819787,0.2974492315734581
high,6,8,0.4401482575055568,0.4401482575055568,cost,0.12111306645419181,0.4306170591664429,0.3365231991263601,0.297517000457583,0.3515042750463822
high,6,9,0.44064043152570015,0.44064043152570015,cost,0.1317797331208585,0.33642313972705024,0.33338920635107094,0.370310506850411,0.3000721908861508
high,6,10,0.4186566203937572,0.4244815761215877,cqi_then_cost,0.12244639978752514,0.3860026603505913,0.2555846851837085,0.3658211911448267,0.3280331710416739
high,6,11,0.46378751895023196,0.46378751895023196,cost,0.1031130664541918,0.43714426326848854,0.4493434858460395,0.38156875159931813,0.4549913803665996
high,6,12,0.471007340047972,0.471007340047972,cost,0.11644639978752513,0.4493669115925449,0.35835907738391604,0.44573313561769246,0.4513810301382526
high,6,13,0.3743527194603253,0.37805896207160855,cqi,0.14711306645419184,0.3378154555986058,0.2717992906831921,0.30320243927035617,0.2717992906831921
high,6,14,0.4420315613241106,0.4439732132333874,cqi_then_cost,0.12577973312085847,0.39790475103255396,0.3066471112965411,0.31810857853982344,0.32930087118353096
high,6,15,0.4400919263499349,0.4400919263499349,cost,0.11444639978752515,0.3419234790267533,0.17400329479809035,0.3360334899553972,0.341116100826993
high,6,16,0.4267436090093897,0.4273366626438938,cqi,0.12444639978752517,0.37129640302200556,0.3209399723659246,0.3639959456631841,0.33847101877116714
high,6,17,0.4854085486241699,0.4854085486241699,cost,0.1117797331208585,0.4432233902418902,0.4460101525127062,0.434714363471586,0.4573059415538265
high,6,18,0.45769559132547943,0.45769559132547943,cost,0.11844639978752514,0.37297717351707765,0.3389285000378736,0.4181603296815584,0.4407519077637989
high,6,19,0.42068595565859945,0.42068595565859945,cost,0.11777973312085849,0.35881801433646665,0.30681316390168845,0.30947945616536987,0.35466261232985086
high,7,0,0.44415322919982636,0.44415322919982636,cost,0.13244639978752518,0.32242780804475146,0.38290208493265143,0.3793954726332244,0.38854997945321157
high,7,1,0.48261769027631907,0.48261769027631907,cost,0.1177797331208585,0.38956875159931814,0.2339469930770731,0.45169559132547943,0.38306910114183
high,7,2,0.4456211077539476,0.4456211077539476,cost,0.11377973312085847,0.40714219198295115,0.32794998385901414,0.3459574935921315,0.3480316954894102
high,7,3,0.4575231984359102,0.4575231984359102,cost,0.12244639978752517,0.36572766039067867,0.36015690964383507,0.3682729625581979,0.3411240806676792
high,7,4,0.4000476968049193,0.4031026013210321,cqi,0.1371130664541918,0.2892071075880574,0.2890763222955082,0.28888787808312943,0.2956263633159714
high,7,5,0.395546848074754,0.41367663890544276,cqi_then_cost,0.14577973312085848,0.3085612447199008,0.3319919860699438,0.3344231397270503,0.2937429889621749
high,7,6,0.43373313561769244,0.4355379219945121,cqi,0.1271130664541918,0.3368946222051414,0.3119804446298744,0.3584597689122302,0.3142915544303744
high,7,7,0.44387058737534424,0.45091629178217374,cqi_then_cost,0.12044639978752514,0.31929032278209757,0.3941978739737717,0.38269924151503076,0.39984576849433184
high,7,8,0.4489919853794941,0.4489919853794941,cost,0.1257797331208585,0.4376961963383738,0.28203674635089165,0.4301227853893453,0.34442134526106316
high,7,9,0.4373511467730024,0.4373511467730024,cost,0.12044639978752517,0.35215134766979994,0.3542102863573067,0.3418823976795118,0.32130087118353096
high,7,10,0.39363259032480735,0.39885042209473065,cqi,0.12977973312085847,0.34381806477123017,0.272997170406275,0.3038315616448097,0.30238675207337756
high,7,11,0.4612918230081189,0.4612918230081189,cost,0.10977973312085847,0.4323441055762362,0.23512202263194004,0.32838559543483714,0.3615684326855948
high,7,12,0.45921988039004996,0.45921988039004996,cost,0.11711306645419181,0.3570368628653622,0.34906871169286396,0.38427296255819793,0.3756996990685474
high,7,13,0.38900466256839006,0.38900466256839006,cost,0.12844639978752515,0.35264445991394094,0.26721177590575856,0.3204606840192633,0.283795173991137
high,7,14,0.48513948578987853,0.49702093702924505,cqi_then_cost,0.1131130664541918,0.4288761284238951,0.4067894520560121,0.4285410845054922,0.45886056563944566
high,7,15,0.43784249847608103,0.4434903929966411,cqi_then_cost,0.11711306645419181,0.36434520174746843,0.40317910182766514,0.3523480511426241,0.3394682063064329
high,7,16,0.4519940170318975,0.4519940170318975,cost,0.12177973312085849,0.36833597896662224,0.3127262631857743,0.37957876743749863,0.3462445547452113
high,7,17,0.4203963734270513,0.42233802533632814,cqi_then_cost,0.14244639978752513,0.4110422362952078,0.256692811632973,0.2815920890420091,0.3233137779632077
high,7,18,0.4582522470635022,0.4650564137101251,cqi,0.12377973312085847,0.4114628481591984,0.39549366301489186,0.3686631727750814,0.44258153180933096
high,7,19,0.44702892465881283,0.44702892465881283,cost,0.11444639978752515,0.3942776603105039,0.30302002057449107,0.3736062958915312,0.35047752305958957
high,8,0,0.42545877010527905,0.42740042201455586,cqi,0.12444639978752514,0.3277564730603836,0.3284917038121297,0.3898833127865449,0.3104308006540131
high,8,1,0.42812543677194576,0.4337733312925059,cqi,0.1271130664541918,0.3198487439481242,0.31568668724115767,0.32775647306038364,0.3257265896951333
high,8,2,0.44357613524669454,0.4536858170188061,cqi,0.11244639978752514,0.38626009731380717,0.4084748908687854,0.3875988764960756,0.4254185744304658
high,8,3,0.4114775275340832,0.41341917944336004,cqi_then_cost,0.1291130664541918,0.3032671817151187,0.32580694502198715,0.3692917347043044,0.3051270317722067
high,8,4,0.4525231837186079,0.4525231837186079,cost,0.12377973312085847,0.4375211520662043,0.324225649124255,0.40100582286157144,0.34287515267192864
high,8,5,0.48152726174071725,0.48152726174071725,cost,0.10977973312085847,0.3707329099028055,0.4281177625392445,0.42654906434617845,0.36396458674567017
high,8,6,0.42732127012532267,0.4393420739238328,cqi,0.13044639978752512,0.33014668327726715,0.32703156201456035,0.29320243927035616,0.3405116576862906
high,8,7,0.4716023503251434,0.4716023503251434,cost,0.11444639978752515,0.4566003186727398,0.3547491133539901,0.3362179002975739,0.37244795860806257
high,8,8,0.48323085296940027,0.48323085296940027,cost,0.11911306645419181,0.3722964177393081,0.317472081741674,0.43239980228435904,0.4526023356078411
high,8,9,0.4090462701654102,0.4090462701654102,cost,0.13377973312085847,0.2947966540178944,0.2303076535713925,0.36944099676612363,0.3081818726582625
high,8,10,0.47664596013996213,0.47664596013996213,cost,0.1131130664541918,0.4595252153710113,0.32555123363090727,0.4084769268662797,0.4653501710988419
high,8,11,0.46317109295647035,0.4688189874770304,cqi_then_cost,0.11711306645419181,0.4536398946173565,0.41643734657657233,0.3679308729169385,0.35614137726152195
high,8,12,0.43322336080728535,0.43322336080728535,cost,0.13177973312085847,0.41804426794761135,0.3227262631857743,0.34403348995539734,0.32643250579705746
high,8,13,0.44432531871282727,0.44432531871282727,cost,0.12111306645419181,0.3348845669642405,0.12155123363090728,0.4005124351609985,0.37227296255819786
high,8,14,0.3967985885352388,0.4018534294212946,cqi_then_cost,0.12777973312085847,0.3546241602587981,0.13976583913039073,0.29688787808312944,0.3222019817168396
high,8,15,0.4328940466268519,0.4328940466268519,cost,0.12844639978752515,0.40994834613007036,0.32901629707312113,0.3740340504006278,0.4181462111358509
high,8,16,0.4563085782191243,0.4563085782191243,cost,0.11777973312085846,0.36584637350722604,0.31139292985244094,0.3024982283114764,0.3487639953475532
high,8,17,0.4269691646458829,0.4269691646458829,cost,0.12311306645419179,0.4172609050994984,0.3096190767919938,0.29951700045758295,0.35599594566318415
high,8,18,0.4251279527652974,0.426187818732871,cqi,0.1257797331208585,0.3822380696485849,0.3306948369835624,0.3297706382757688,0.4154561187226788
high,8,19,0.41685476633376517,0.41685476633376517,cost,0.13044639978752515,0.3208127894987032,0.31335488385480403,0.33210857853982345,0.38858752374542466
high,9,0,0.4320691056163237,0.4377170001368836,cqi,0.12577973312085847,0.34595749359213146,0.2589180185170419,0.31912735068593,0.32691269696414177
high,9,1,0.44319594086799136,0.44319594086799136,cost,0.12111306645419179,0.35015134766979994,0.3602656259845952,0.34403348995539723,0.437835713253431
high,9,2,0.43114622585315343,0.43114622585315343,cost,0.12844639978752515,0.42161502751403945,0.3109408686852578,0.35136682328873065,0.4021978739737717
high,9,3,0.4166099877152194,0.41882699634822534,cqi,0.13244639978752512,0.3510522621015038,0.27595759446165846,0.3962354182659848,0.31929436689510854
high,9,4,0.42766718351249294,0.4352273946774876,cqi,0.1271130664541918,0.34462416025879816,0.31955898245758835,0.3051648949781431,0.42781490945492107
high,9,5,0.4960349713937186,0.49662802502822284,cqi,0.1071130664541918,0.3898833127865449,0.46330594155382643,0.4181227853893455,0.37865136247091385
high,9,6,0.4465292742013248,0.44683968601134677,cqi,0.12177973312085849,0.3733995765694721,0.2939012927406412,0.34736682328873064,0.40384576849433174
high,9,7,0.4269128334902608,0.4269128334902608,cost,0.12044639978752517,0.3866693270172579,0.2915283834626913,0.351924368628516,0.38854997945321157
high,9,8,0.42149833133259323,0.42149833133259323,cost,0.12444639978752514,0.41390878490275623,0.36862506803763767,0.35168138447595737,0.33091269696414166
high,9,9,0.4437331356176927,0.44373313561769284,cqi_then_cost,0.12644639978752514,0.3590147178092908,0.32272626318577435,0.342636559428082,0.3492633268913179
high,9,10,0.4241294706421479,0.4259081316675572,cqi,0.11244639978752514,0.35215134766979994,0.2959726082204931,0.3084606840192633,0.32827411919673827
high,9,11,0.4206392748871599,0.42545877010527905,cqi,0.13244639978752512,0.3210341096855939,0.35010546045544394,0.34654906434617844,0.38854997945321157
high,9,12,0.4742147027712892,0.4759792934732955,cqi_then_cost,0.1071130664541918,0.4357357870002927,0.3211783243529573,0.3211783243529573,0.460977261820892
high,9,13,0.44356275966322445,0.4511523060930614,cqi,0.10577973312085848,0.4396794558446707,0.38886454064043835,0.3097940173525967,0.3502726436444746
high,9,14,0.41663581659524707,0.41663581659524707,cost,0.13377973312085847,0.3126424135442351,0.33393189173553833,0.3859308729169385,0.33165297666297083
high,9,15,0.44702892465881283,0.45267681917937297,cqi_then_cost,0.12377973312085847,0.36256937132951483,0.29960753535192447,0.362310506850411,0.34764352127002096
high,9,16,0.4356338143774484,0.4356338143774484,cost,0.13244639978752515,0.397154898606452,0.36237620407604026,0.33272626318577425,0.32531377796320776
high,9,17,0.4672999977106347,0.4672999977106347,cost,0.1197797331208585,0.3647329099028054,0.36066409376817227,0.4409948919163579,0.37335557342979364
high,9,18,0.42282964773082543,0.42282964773082543,cost,0.1331130664541918,0.4113567974824346,0.31427420201859113,0.3523480511426241,0.3142742020185912
high,9,19,0.4303045149143173,0.4303045149143173,cost,0.12977973312085847,0.34197779324727423,0.29686171679602463,0.415141557535452,0.31561690792302155
high,10,0,0.47209397271964065,0.47209397271964065,cost,0.11977973312085846,0.36439432705734537,0.35381453024876386,0.39086454064043835,0.3513292789965175
high,10,1,0.4520379224982462,0.4520379224982462,cost,0.1257797331208585,0.34862416025879817,0.4181227853893455,0.4064408581263304,0.4367377892180915
high,10,2,0.4733689579622508,0.4809585043920878,cqi,0.10977973312085848,0.36987238915847026,0.3746928116329729,0.37629510761426926,0.35992851800572084
high,10,3,0.4734481098514841,0.47945012678658505,cqi_then_cost,0.11044639978752514,0.37661299586163594,0.4336955913254794,0.3891811378251595,0.4718605803567481
high,10,4,0.44226697062210424,0.444208622531381,cqi,0.11977973312085849,0.4113776012809448,0.2518784425724253,0.2801074858060333,0.33368904540292016
high,10,5,0.4265191204138009,0.42846077232307767,cqi_then_cost,0.13311306645419183,0.4189295739839638,0.2954492315734581,0.3732917347043044,0.4228128778025176
high,10,6,0.4555306111137952,0.4555306111137952,cost,0.11711306645419182,0.3767329099028054,0.34240204502619725,0.3765875237454247,0.44105436734041925
high,10,7,0.4382649536870032,0.4402066055962799,cqi,0.11777973312085849,0.40155062861801305,0.36860800537966654,0.3684222246200171,0.33761543237075775
high,10,8,0.409529412841118,0.409529412841118,cost,0.1271130664541918,0.3327092646924594,0.23638680546062565,0.30085033379091625,0.33150575059864595
high,10,9,0.4051441794834475,0.4088504220947306,cqi,0.13577973312085848,0.3973775718463399,0.3222857434586605,0.2829254223753425,0.3619959456631842
high,10,10,0.4175378925599074,0.4175378925599074,cost,0.13911306645419177,0.3272695189835876,0.28603674635089166,0.28036576954190423,0.3020801707268369
high,10,11,0.43169417940327265,0.43169417940327265,cost,0.13111306645419182,0.40468811388066694,0.22773238757758946,0.2928503337909163,0.4278108755847189
high,10,12,0.42270191533997176,0.44008344663114524,cqi,0.13044639978752515,0.37835274889493015,0.3555503373115739,0.348348051142624,0.300255485690425
high,10,13,0.426269692539947,0.4299832202519835,cqi_then_cost,0.13511306645419183,0.32622994303897096,0.3381798542999371,0.39160629589153123,0.3500172113603017
high,10,14,0.4194420001769712,0.4194420001769712,cost,0.12244639978752517,0.3813172068205157,0.32145212786751315,0.3622309499750567,0.4088269963482252
high,10,15,0.43426697062210423,0.43426697062210423,cost,0.11977973312085846,0.3285089768690857,0.3274530932988648,0.3400334899553973,0.3965124351609984
high,10,16,0.45752319843591027,0.45752319843591027,cost,0.12111306645419181,0.42116299578146116,0.3676323163828437,0.34400596150136464,0.33029007887811057
high,10,17,0.40114619641854854,0.40114619641854854,cost,0.12444639978752513,0.3628443418548226,0.12444639978752513,0.3683105068504109,0.3974399538072652
high,10,18,0.4668793525028548,0.4725272470234148,cqi,0.10844639978752516,0.4284004367318582,0.33889893558634665,0.3815687515993181,0.3845777494387514
high,10,19,0.49021208082329376,0.49021208082329376,cost,0.11377973312085847,0.40700324436332685,0.3603600428152677,0.45546880838580034,0.47427506779711337
high,11,0,0.4072884646860536,0.408474571955062,cqi_then_cost,0.12977973312085847,0.31049822831147644,0.2907825649067915,0.3217940173525967,0.3349047171234556
high,11,1,0.4477650549804371,0.4477650549804371,cost,0.13044639978752515,0.4273212701253226,0.39721664611987817,0.378414244779331,0.39721664611987817
high,11,2,0.38623126888878007,0.38623126888878007,cost,0.13311306645419183,0.3181461228320365,0.31974305807419334,0.34638559543483716,0.3663547363954264
high,11,3,0.4351690465867644,0.44081694110732456,cqi,0.11844639978752515,0.39845472151777434,0.31864621497720774,0.33140436758094366,0.35016296187236273
high,11,4,0.44885854870434466,0.4545064432249047,cqi_then_cost,0.10777973312085848,0.42026495368700306,0.33928710980573584,0.3459959456631841,0.3459959456631841
high,11,5,0.45095383607438655,0.4509538360743867,cqi,0.13577973312085848,0.4149463439122716,0.3771812206470123,0.3806711526157676,0.3139804446298744
high,11,6,0.464210668901087,0.4711182200927613,cqi,0.11044639978752514,0.45273781865269624,0.3602407504657898,0.3769020849326514,0.44467681917937285
high,11,7,0.45126839726161344,0.45126839726161344,cost,0.11444639978752515,0.41182966244812785,0.4250664689510258,0.35501527825452134,0.32288313251261475
high,11,8,0.48308330799135213,0.4867968357033885,cqi_then_cost,0.11911306645419181,0.3726250680376378,0.4234561187226787,0.45753444157727663,0.39302357700893076
high,11,9,0.46781560784949516,0.4728704487355509,cqi,0.10977973312085848,0.43582900985059014,0.4496580470332663,0.37501380270225765,0.4553059415538264
high,11,10,0.4546627006336652,0.456604352542942,cqi_then_cost,0.11977973312085846,0.3600797658701186,0.4274185744304657,0.37093962922486456,0.4359544263699784
high,11,11,0.41643996852456766,0.4199691499285804,cqi,0.12777973312085847,0.4030254663669,0.12777973312085847,0.37031050685041095,0.3872541904120913
high,11,12,0.4553877153910551,0.45909395800233826,cqi_then_cost,0.11444639978752515,0.447798168961218,0.34372011341809133,0.41447489086878536,0.4201227853893455
high,11,13,0.47028716940772,0.4759350639282802,cqi_then_cost,0.11777973312085849,0.40836884695781456,0.33570953740937365,0.38558646999859825,0.4361502744406579
high,11,14,0.44052318371860794,0.44052318371860794,cost,0.1131130664541918,0.4023983903621524,0.2956075353519244,0.33705226210150374,0.34496887476266813
high,11,15,0.44810869627824274,0.4502274093947899,cqi,0.12244639978752517,0.339861097065828,0.4078082242021187,0.37147706550607296,0.3362164658459481
high,11,16,0.4159175870605072,0.4159175870605072,cost,0.13244639978752518,0.3134794561653699,0.3360710342476103,0.3134794561653699,0.3417189287681705
high,11,17,0.44050118530206156,0.44733518709163006,cqi_then_cost,0.11444639978752515,0.39121929750247836,0.39023541826598473,0.38749717456465,0.32238527652111376
high,11,18,0.4036921330335668,0.4040462554481076,cqi,0.13111306645419177,0.3240318752285835,0.27995759446165847,0.3214794561653699,0.35536682328873065
high,11,19,0.42621618856636173,0.42621618856636173,cost,0.13311306645419183,0.33746738398936804,0.3309552373073638,0.405531207307105,0.4055312073071051
high,12,0,0.40083465727518813,0.40437960349874347,cqi,0.12644639978752512,0.36607774893501743,0.3268617859080431,0.30151700045758295,0.33037729668042765
high,12,1,0.4439148651426643,0.4439148651426643,cost,0.12111306645419179,0.39804956789450163,0.274319902355023,0.33438559543483715,0.3328095194804524
high,12,2,0.3985318270373017,0.3985318270373017,cost,0.14177973312085848,0.37788190086433804,0.14177973312085848,0.2513472295160091,0.2977429889621748
high,12,3,0.45413353394695494,0.45413353394695494,cost,0.10844639978752513,0.4137129662666815,0.3108054150750074,0.3310522621015038,0.3698750140321354
high,12,4,0.4056545887413537,0.41130248326191376,cqi,0.12311306645419179,0.3692943860869045,0.25283886662780874,0.34848135352307097,0.32272940215986756
high,12,5,0.4792308529694003,0.4792308529694003,cost,0.10444639978752515,0.4151066646258391,0.3499260737715605,0.4566392748871598,0.46793506392827994
high,12,6,0.45605438205772164,0.46081427093702454,cqi_then_cost,0.12044639978752514,0.3632057224918036,0.3461366733251442,0.3400497328024137,0.3646528380231776
high,12,7,0.436799786807916,0.436799786807916,cost,0.12511306645419176,0.34395749359213146,0.3059804446298744,0.37227296255819786,0.41180822420211866
high,12,8,0.4607486377455483,0.4638691118230805,cqi,0.1091130664541918,0.40150832621347937,0.3458145302487638,0.34136682328873064,0.38330206945620826
high,12,9,0.4246081932492324,0.4305387295942745,cqi_then_cost,0.1317797331208585,0.3181461228320365,0.36897717351707765,0.340737700914277,0.385920857078758
high,12,10,0.4510289246588128,0.45463927488716005,cqi,0.12377973312085847,0.358686067510961,0.3096866872411578,0.4001978739737717,0.365458750913483
high,12,11,0.4385925524815833,0.43949601792610954,cqi_then_cost,0.11644639978752515,0.3537189287681705,0.11644639978752515,0.4101978739737717,0.37470251153328166
high,12,12,0.46621268583618813,0.46621268583618813,cost,0.10644639978752515,0.42596917936318524,0.3319986058653687,0.3612917347043044,0.45703560991161507
high,12,13,0.4363816498684494,0.4363816498684494,cost,0.12511306645419182,0.3268007173227014,0.3385908095755238,0.2652195938444581,0.43638164986844924
high,12,14,0.46663927488715984,0.46663927488715984,cost,0.12511306645419182,0.3932340504956851,0.191042870742707,0.45534348584603945,0.4496955913254794
high,12,15,0.4511933086771873,0.4511933086771873,cost,0.11311306645419182,0.3626250680376377,0.424751907763799,0.3682729625581979,0.3656340658770711
high,12,16,0.42471295154937927,0.42471295154937927,cost,0.13644639978752512,0.31183156164480974,0.31518510774828673,0.3513668232887306,0.3325245227447526
high,12,17,0.43165865204616066,0.43165865204616066,cost,0.11644639978752515,0.3840026603505913,0.15629705218680712,0.26669500058346673,0.3845499794532115
high,12,18,0.4491879610273053,0.4491879610273053,cost,0.10977973312085847,0.3515130254565904,0.29123462607397455,0.39654997945321163,0.4134936630148919
high,12,19,0.4445211667835069,0.4445211667835069,cost,0.12311306645419179,0.34462416025879816,0.33978020775249684,0.3925499794532116,0.35156990823785855
high,13,0,0.4519960339669986,0.4519960339669986,cost,0.10777973312085844,0.3944539513914757,0.3359051544660479,0.33571892876817044,0.35419903061231206
high,13,1,0.4499336520060733,0.4499336520060733,cost,0.12244639978752514,0.4135734493516242,0.3464020450261973,0.3104606840192633,0.338003606590147
high,13,2,0.4498753039153502,0.4498753039153502,cost,0.1151130664541918,0.41157344935162415,0.32926805225090816,0.33638559543483715,0.3474386418549059
high,13,3,0.4350942389365658,0.44074213345712576,cqi,0.1137797331208585,0.36587646523864825,0.3785875237454247,0.32775647306038364,0.3842354182659848
high,13,4,0.4312649389697008,0.4423836668035503,cqi_then_cost,0.12511306645419182,0.3417636395144631,0.14600329479809035,0.38027296255819787,0.4254561187226787
high,13,5,0.432129470642148,0.43601277446070147,cqi,0.11644639978752513,0.3486241602587981,0.3842354182659848,0.3563781760393816,0.4266586373288582
high,13,6,0.4715084748773084,0.475391778695862,cqi,0.10177973312085847,0.43514827222285923,0.3460329283616357,0.42580080480666316,0.37657774943875144
high,13,7,0.43736092107967567,0.4373609210796758,cqi,0.12911306645419182,0.38617568768765964,0.1628845669642406,0.29144923157345815,0.336773450740503
high,13,8,0.46542730605297405,0.4671918967549804,cqi,0.11044639978752514,0.378926763980474,0.3613133252012028,0.4133925215286969,0.3571882383068917
high,13,9,0.4153567974824347,0.4172984493917115,cqi,0.13177973312085847,0.40953184175460405,0.366310506850411,0.33242313972705023,0.3219804446298744
high,13,10,0.4559336520060733,0.4560240404485051,cqi_then_cost,0.12844639978752515,0.3587444156016842,0.3573023747471752,0.3641969588667386,0.33184499101962395
high,13,11,0.4285358903421088,0.4285358903421088,cost,0.13777973312085848,0.4078859641691451,0.3419013618526596,0.34626434489006497,0.31627420201859113
high,13,12,0.41075049584159234,0.4181629810641587,cqi,0.13777973312085848,0.36838827625204207,0.2984888075180747,0.3320216439031504,0.2984888075180747
high,13,13,0.46499806561940205,0.46499806561940205,cost,0.10844639978752513,0.44805438205772175,0.3274711854223408,0.2944982283114765,0.3559205381650346
high,13,14,0.40634893050157794,0.41717910182766516,cqi,0.13644639978752512,0.35962165389763223,0.13644639978752512,0.2916638370729418,0.2916638370729417
high,13,15,0.42485448539953774,0.42485448539953774,cost,0.12177973312085849,0.3588180143364666,0.32819794642341305,0.39553120730710506,0.42377067990990563
high,13,16,0.4287357722829904,0.43141857443046594,cqi,0.11844639978752515,0.39820052535637185,0.2972346260739746,0.28211589824012484,0.34020050616457587
high,13,17,0.4616243332045348,0.4616243332045348,cost,0.1291130664541918,0.3485465505959036,0.4204373465765723,0.35269490609558074,0.3356234122114439
high,13,18,0.4489544410872809,0.4489544410872809,cost,0.11577973312085847,0.4198296624481278,0.11577973312085847,0.30614612283203657,0.3582070104529983
high,13,19,0.43064043152570025,0.43064043152570025,cost,0.11911306645419178,0.3367651899655894,0.32675589674931954,0.3207752452064901,0.40549366301489187
high,14,0,0.42774079654465536,0.42774079654465536,cost,0.12644639978752512,0.4020670592466178,0.33545309329886486,0.31712735068593,0.40184576849433173
high,14,1,0.43971700013688375,0.43971700013688375,cost,0.1251130664541918,0.3520334899553973,0.3062742020185911,0.36897717351707765,0.38592085707875795
high,14,2,0.4597794115324139,0.46263927488716006,cqi,0.11177973312085847,0.42147755696868794,0.44004769680491923,0.3615347188568631,0.4513434858460395
high,14,3,0.4389336372887709,0.44458153180933097,cqi_then_cost,0.12311306645419182,0.33709697284779644,0.3321197599655315,0.3320710342476104,0.40549366301489187
high,14,4,0.45920863724868344,0.46115028915796036,cqi,0.12444639978752513,0.3394265126370151,0.2087491133539901,0.3121461228320365,0.34400360659014706
high,14,5,0.4496657079602293,0.45765804703326646,cqi_then_cost,0.1071130664541918,0.40970218029114797,0.42377067990990563,0.39553120730710506,0.44071436347158605
high,14,6,0.4214561187226788,0.42145611872267896,cqi,0.1371130664541918,0.3464070336808462,0.29278256490679144,0.3762729625581978,0.3210158744478311
high,14,7,0.4536955913254794,0.4536955913254794,cost,0.13844639978752515,0.3444431509177936,0.38027296255819787,0.41583982465114006,0.43295239471757496
high,14,8,0.44969559132547954,0.44969559132547954,cost,0.11844639978752515,0.36178399154630075,0.30968668724115767,0.4271040132432389,0.33620848600526204
high,14,9,0.43189406134415415,0.4340127744607016,cqi_then_cost,0.12511306645419182,0.3439574935921315,0.35266261232985086,0.32864278643691797,0.34125534705063176
high,14,10,0.4178200345062863,0.4178200345062863,cost,0.12977973312085847,0.32446068401926337,0.14117832435295732,0.33575647306038353,0.32553531505017297
high,14,11,0.42471966948733114,0.4323019308164149,cqi_then_cost,0.12511306645419182,0.360348051142624,0.37729173470430444,0.3716438401837443,0.3885875237454246
high,14,12,0.4339161115082435,0.43422652331826544,cqi,0.12311306645419179,0.34776363951446304,0.33216555478984944,0.4000686435883134,0.38854997945321157
high,14,13,0.44128315867030854,0.44708625909587957,cqi_then_cost,0.13511306645419183,0.3693292789965175,0.2820367463508916,0.41451243516099856,0.42016032968155853
high,14,14,0.4063192384729193,0.4080838291749256,cqi_then_cost,0.13244639978752515,0.2999338483817854,0.33141973623394955,0.3164606840192633,0.295822140851408
high,14,15,0.461239989448627,0.46299138036659987,cqi_then_cost,0.11111306645419182,0.36178600848140186,0.30502002057449107,0.4347519077637989,0.34044943416032636
high,14,16,0.45011071321334367,0.4520523651226206,cqi,0.11577973312085846,0.37905954608434417,0.40184576849433173,0.40184576849433173,0.3633931177220067
high,14,17,0.44797523016848856,0.44797523016848856,cost,0.1131130664541918,0.40949631439749207,0.3300892300826529,0.3862354182659848,0.3425886803839651
high,14,18,0.41640040729725347,0.41834205920653034,cqi,0.12377973312085845,0.33156978543679455,0.32549792269183114,0.38192085707875806,0.31375615414666025
high,14,19,0.42145611872267885,0.421456118722679,cqi_then_cost,0.12777973312085847,0.3743923101222443,0.1450991724637241,0.4158082242021187,0.40528167946340377
high,15,0,0.4700356246289176,0.4700356246289176,cost,0.1117797331208585,0.41443596408897027,0.32317832435295735,0.3181387484083407,0.37142918646195605
high,15,1,0.4387545591463994,0.4387545591463994,cost,0.12644639978752514,0.42163381437744835,0.32650696875356905,0.32972894460635094,0.32937448421569343
high,15,2,0.4498545001168402,0.4517961520261169,cqi_then_cost,0.1271130664541918,0.43291081655515967,0.3183533539078243,0.4134936630148919,0.4367941203737134
high,15,3,0.3944843462617353,0.39819787397377177,cqi,0.13644639978752518,0.3535069746512871,0.3200701725278253,0.3812541904120913,0.2879704889547252
high,15,4,0.43900466622303097,0.4424355521105852,cqi,0.12111306645419181,0.3795827078499315,0.3253586764681924,0.3789396292248645,0.40717910182766504
high,15,5,0.40153120730710495,0.4071791018276653,cqi,0.14244639978752516,0.3650341391201988,0.2970763222955083,0.28001024179332423,0.2970763222955083
high,15,6,0.4280483018178136,0.4280483018178136,cost,0.13244639978752515,0.42028169418070616,0.33008640290061625,0.36425488949711515,0.42610664990853675
high,15,7,0.5037473424672146,0.5037473424672146,cost,0.1091130664541918,0.42314426326848853,0.4513434858460395,0.37704161432193434,0.40338218677679305
high,15,8,0.40582963301352304,0.40582963301352304,cost,0.13444639978752515,0.3731756729703572,0.31827047851722123,0.2958691059370228,0.31210825962610017
high,15,9,0.4340107575256006,0.4357753482276068,cqi_then_cost,0.11911306645419181,0.35215134766979994,0.3334378283574255,0.3247752452064901,0.409493663014892
high,15,10,0.4239899537270905,0.4239899537270905,cost,0.11844639978752515,0.40457343463432177,0.12955123363090726,0.3048127894987032,0.3128846080648785
high,15,11,0.4568787474899605,0.46119330867718733,cqi,0.12311306645419179,0.3441173101623317,0.40580822420211865,0.3341341285876375,0.4368149241722234
high,15,12,0.4568518152292377,0.4593792356722654,cqi_then_cost,0.12644639978752512,0.3349985823284819,0.41847489086878525,0.35070015662206394,0.4297706799099055
high,15,13,0.45636692630984743,0.4581315170118538,cqi,0.11844639978752514,0.35935475111272885,0.3487902192455865,0.2835545447497961,0.3531521695669424
high,15,14,0.4152441351711907,0.4152441351711907,cost,0.12911306645419182,0.3983004516095102,0.1852574762421905,0.29618366712424965,0.402183755428064
high,15,15,0.4043755696285412,0.406317221537818,cqi_then_cost,0.13444639978752515,0.306981812400174,0.3203533539078244,0.31693248710899546,0.30552838346269123
high,15,16,0.4140254810842026,0.4142025422914729,cqi,0.13244639978752512,0.40272969204308223,0.1487262631857743,0.34870015662206394,0.30327425783653156
high,15,17,0.4236550542946021,0.4236550542946021,cost,0.12444639978752514,0.35615134766979994,0.33348362318174346,0.3134794561653699,0.39192955926666145
high,15,18,0.43463927488715975,0.43895383607438665,cqi,0.14644639978752513,0.30121722169816767,0.3209408686852578,0.2712015017209821,0.3283533539078243
high,15,19,0.4667606393863074,0.46870229129558416,cqi,0.11177973312085847,0.37867134395235913,0.3496294892008071,0.34301471780929066,0.361048992083253
high,16,0,0.42713976306946505,0.4321946039555208,cqi,0.12377973312085849,0.35681801433646665,0.34788988952460864,0.31846068401926336,0.4201227853893455
high,16,1,0.43567931273038385,0.43567931273038385,cost,0.11911306645419181,0.35168138447595737,0.3912166461198783,0.38556875159931814,0.39686454064043836
high,16,2,0.4342669706221041,0.43973780393539375,cqi_then_cost,0.11844639978752515,0.36387238915847026,0.3236228694053822,0.3144606840192634,0.34556990823785855
high,16,3,0.4483622579921462,0.4483622579921462,cost,0.11711306645419181,0.4055083262134795,0.2828617167960246,0.4088269963482252,0.34868240247470456
high,16,4,0.4498773208504512,0.45923145798229453,cqi_then_cost,0.11444639978752515,0.3789267639804739,0.3141387484083407,0.4064748908687855,0.4403622579921462
high,16,5,0.406612995861636,0.406612995861636,cost,0.13644639978752515,0.3665465505959037,0.3331783243529573,0.25475971473857567,0.28499717040627504
high,16,6,0.43705235040531826,0.43705235040531826,cost,0.11911306645419178,0.3890422362952079,0.29390129274064125,0.32775647306038364,0.3368671728312425
high,16,7,0.44154195586471434,0.44348360777399115,cqi,0.11711306645419181,0.4032401013009884,0.3352375223680296,0.4045124351609984,0.34140257311495664
high,16,8,0.43610503124198613,0.43610503124198613,cost,0.13777973312085848,0.34140436758094367,0.34143782835742553,0.41264573754144546,0.4146773947576623
high,16,9,0.40594632919496937,0.4094755105989821,cqi_then_cost,0.13577973312085848,0.31130706327580066,0.21029705218680717,0.32410857853982344,0.30958881902375834
high,16,10,0.4699510236096524,0.4730714976871846,cqi,0.11044639978752514,0.427556708857921,0.3494749780357291,0.43338103013825263,0.46162050274105315
high,16,11,0.42398995372709053,0.4276961963383737,cqi_then_cost,0.12377973312085847,0.41075251277669333,0.15621790029757393,0.36897717351707765,0.3461268931324134
high,16,12,0.4455719858694897,0.4455719858694897,cost,0.12777973312085847,0.34529082692546476,0.38756875159931814,0.41423597871121537,0.3529768546033543
high,16,13,0.4597002596431808,0.4597002596431808,cost,0.12311306645419179,0.36453905582513696,0.34323085296940026,0.3473668232887307,0.3419299935579846
high,16,14,0.4753041470878395,0.4753041470878395,cost,0.12377973312085847,0.3612057224918036,0.4231040132432388,0.38313266258773276,0.35893931031114124
high,16,15,0.4347519077637991,0.44039980228435943,cqi,0.13377973312085847,0.3418570631956258,0.2971554741847413,0.3613292789965175,0.3291335360606291
high,16,16,0.4241086668436379,0.42601928899193275,cqi_then_cost,0.12844639978752515,0.3437636395144631,0.3825875237454246,0.303517000457583,0.38258752374542465
high,16,17,0.41026290731729725,0.4159108018378572,cqi,0.12577973312085844,0.39331922375561673,0.2706242611283251,0.3274419118731568,0.3343036836482652
high,16,18,0.40727764559320156,0.40727764559320156,cost,0.1431130664541918,0.3866277194202379,0.295370079684225,0.3314419118731568,0.3943943270573454
high,16,19,0.3953567680478299,0.3953567680478299,cost,0.13511306645419183,0.2955406210659181,0.3008389357398271,0.3228127894987032,0.3567001566220639
high,17,0,0.421027512736606,0.421027512736606,cost,0.12177973312085849,0.31984874394812424,0.3147673690773706,0.3286084705288188,0.3842354182659848
high,17,1,0.4407585930166015,0.4425231837186078,cqi_then_cost,0.11244639978752512,0.39839637342705125,0.3013137779632078,0.36440626493864475,0.35261676928322827
high,17,2,0.45680020061362153,0.45874185252289834,cqi,0.1071130664541918,0.4165566941406187,0.33012258714756815,0.40549366301489187,0.4393810301382527
high,17,3,0.4280691056163238,0.4419320711896157,cqi,0.12311306645419179,0.36806624323613873,0.3002742020185912,0.32046068401926336,0.35216296187236273
high,17,4,0.4725514608915329,0.4725514608915329,cost,0.1317797331208585,0.35121321726257027,0.39412721793219435,0.34968138447595737,0.42875190776379907
high,17,5,0.477368957962251,0.477368957962251,cost,0.11644639978752513,0.4237109493315805,0.3332833171923475,0.3950058228615714,0.351438641854906
high,17,6,0.47525024484570355,0.47525024484570355,cost,0.11377973312085847,0.42141517500776254,0.3507291594798292,0.3770513469944707,0.3677892717820821
high,17,7,0.42685045152933543,0.42685045152933543,cost,0.13044639978752517,0.336737700914277,0.29382214085140795,0.37062506803763773,0.3277265896951333
high,17,8,0.4018671773057362,0.4018671773057362,cost,0.13777973312085848,0.30751700045758296,0.13777973312085848,0.3470522621015038,0.2910628741329942
high,17,9,0.394162951629554,0.39981084615011403,cqi_then_cost,0.1317797331208585,0.36133193037911765,0.1317797331208585,0.3124982283114764,0.36332927899651757
high,17,10,0.44756074272812335,0.45162110775394754,cqi,0.11711306645419181,0.38159343064714063,0.35153507237013465,0.3197658391303908,0.34452304719248883
high,17,11,0.4685266420105205,0.4685266420105206,cqi,0.12244639978752517,0.3674922510926851,0.3663600428152677,0.40875541931355713,0.3709673992104044
high,17,12,0.431700230208576,0.4373481247291359,cqi_then_cost,0.11977973312085846,0.42216903186946203,0.377920857078758,0.38674891502513487,0.3892166461198782
high,17,13,0.4440878924797326,0.4440878924797326,cost,0.12644639978752512,0.3450522621015038,0.3357468506875816,0.39588331278654487,0.33351373043933213
high,17,14,0.43189406134415426,0.43189406134415426,cost,0.11444639978752515,0.4010046920029948,0.3098222099634264,0.3682013855235298,0.33161543237075775
high,17,15,0.4375191351311033,0.4375191351311033,cost,0.13111306645419182,0.4260462848827125,0.3173137779632077,0.2785733168959026,0.4375191351311033
high,17,16,0.38821928278517603,0.39210258660372976,cqi_then_cost,0.13244639978752515,0.3786880844460621,0.2796638370729417,0.262567226687879,0.2796638370729417
high,17,17,0.39451594671075657,0.3970433671537844,cqi_then_cost,0.13111306645419182,0.3517256140209728,0.2507597147385755,0.27229630000088895,0.29335228614877995
high,17,18,0.4517565907988027,0.4517565907988027,cost,0.12044639978752514,0.34174440088438174,0.339532245188098,0.3630968711273699,0.3526327289646006
high,17,19,0.43226898755720544,0.4328077666486021,cqi,0.11044639978752514,0.40289608480357997,0.38953120730710494,0.3855908966553895,0.3838833127865449
high,18,0,0.43875455914639927,0.43875455914639927,cost,0.12911306645419182,0.3237027932873616,0.37956875159931813,0.31308594018215624,0.32243250579705746
high,18,1,0.45677939681511165,0.45872104872438824,cqi_then_cost,0.12044639978752514,0.44354195586471434,0.3382923632540855,0.39984576849433184,0.4530731542038282
high,18,2,0.3905318270373016,0.3961797215578618,cqi_then_cost,0.13777973312085848,0.36352576151469596,0.3203315382829785,0.24170472191864842,0.3433668232887306
high,18,3,0.4594809376036913,0.4594809376036913,cost,0.11377973312085847,0.4083688469578146,0.4154561187226788,0.44388654705671654,0.3890235770089308
high,18,4,0.42323496071246824,0.42398322025198343,cqi_then_cost,0.12377973312085847,0.363096521081124,0.2776638370729418,0.4025499794532116,0.3273960688265342
high,18,5,0.49056418630273363,0.49056418630273363,cost,0.11177973312085847,0.39648683018429765,0.42843734657657223,0.3832541904120913,0.4632146880539867
high,18,6,0.40351305489119516,0.40351305489119516,cost,0.1477797331208585,0.39398185655208123,0.30078256490679145,0.35368138447595737,0.3067468373935036
high,18,7,0.3985338439724028,0.40418173849296285,cqi_then_cost,0.1331130664541918,0.3717048396570676,0.1331130664541918,0.33622029630942957,0.2933774353202209
high,18,8,0.43959627008523533,0.44330251269651855,cqi,0.12644639978752512,0.33389864135804115,0.3921978739737717,0.39219787397377176,0.3290991724637241
high,18,9,0.4445292742013248,0.4445292742013248,cost,0.11711306645419181,0.37187238915847026,0.33632289313696406,0.413141557535452,0.413141557535452
high,18,10,0.4561107132133438,0.4561107132133438,cost,0.1257797331208585,0.43563784824765056,0.17704287074270697,0.4138082242021187,0.3359675378501976
high,18,11,0.4642868504939966,0.46740732457152867,cqi,0.11444639978752515,0.40647552531628456,0.30435335390782436,0.4058457684943318,0.3645792249910152
high,18,12,0.4061978739737717,0.4061978739737718,cqi,0.1391130664541918,0.3523298987267142,0.33456706308797457,0.3892541904120913,0.40054997945321164
high,18,13,0.4123400422714293,0.41992958870126623,cqi,0.12111306645419181,0.3833923248395467,0.29486171679602463,0.3453668232887306,0.31169052095518396
high,18,14,0.40718676275462795,0.40718676275462795,cost,0.13044639978752515,0.35215485445454475,0.2527597147385756,0.34740436758094373,0.3812917347043044
high,18,15,0.4403140600343059,0.4403140600343059,cost,0.12911306645419182,0.393079780587421,0.301822140851408,0.40121664611987823,0.42945611872267886
high,18,16,0.439048316535116,0.44098996844439287,cqi,0.13177973312085847,0.4296941794032726,0.319020020574491,0.26917379902014016,0.3232727822842678
high,18,17,0.44785651705194124,0.44785651705194124,cost,0.11111306645419182,0.3636785350808018,0.40682699634822517,0.3765815799022329,0.3558844694250853
high,18,18,0.4420834466311454,0.4420834466311454,cost,0.11777973312085849,0.3996130105789384,0.3391926929750634,0.32210857853982344,0.4294185744304655
high,18,19,0.466695133771963,0.4678812410409713,cqi_then_cost,0.10511306645419181,0.4165627010354831,0.4064748908687853,0.4068571212449828,0.3995134531597457
high,19,0,0.43795240943487745,0.43795240943487745,cost,0.12244639978752514,0.40159220678042834,0.3025679594073079,0.3825975395836052,0.32579222288660953
high,19,1,0.43415291028610303,0.4366803307291309,cqi,0.12111306645419181,0.3482360232788791,0.3026392748871597,0.39806864358831345,0.34258868038396506
high,19,2,0.4392461815408966,0.4486003186727398,cqi,0.11844639978752515,0.4083568121997371,0.41777067990990574,0.40082699634822533,0.3322164658459481
high,19,3,0.43942324274816713,0.43942324274816713,cost,0.12377973312085847,0.40482763079572426,0.30968668724115767,0.3955332433045993,0.4339524094348774
high,19,4,0.41306102315861687,0.41888597888644746,cqi_then_cost,0.1371130664541918,0.40547147672877987,0.3424287822956876,0.2593150721469954,0.32939292985244095
high,19,5,0.41057545156942293,0.41816499799925977,cqi,0.12644639978752512,0.3116548898704557,0.2924888075180747,0.3356553315741885,0.3093023467357947
high,19,6,0.43820862253138104,0.44385651705194107,cqi,0.12177973312085849,0.3472908269254648,0.3343839529027214,0.3380497328024136,0.4345023799200978
high,19,7,0.46430281017536895,0.46726807834789,cqi,0.11577973312085846,0.41789603436881634,0.4031791018276651,0.3692917347043045,0.4482897913557154
high,19,8,0.44475455914639944,0.448714363471586,cqi_then_cost,0.13111306645419182,0.4166921477508691,0.35038581465340624,0.4148269963482253,0.3197641339873464
high,19,9,0.4270087258731971,0.4270087258731971,cost,0.13244639978752515,0.3136075353519245,0.3340406080762983,0.31183156164480974,0.338773450740503
high,19,10,0.4537586077339038,0.4537586077339038,cost,0.11777973312085849,0.361011868414135,0.3281044950240922,0.40064573754144545,0.42243734657657217
high,19,11,0.40357543685212055,0.40357543685212055,cost,0.13244639978752512,0.32251948669496877,0.16563038552014045,0.3048503337909163,0.3613292789965175
high,19,12,0.44869245994702195,0.4598330430831311,cqi_then_cost,0.11444639978752515,0.34776520468289185,0.341068711692864,0.34238559543483715,0.4158082242021187
high,19,13,0.4310483165351161,0.44969559132547954,cqi_then_cost,0.11977973312085846,0.3908048100621132,0.327716320804703,0.3932166461198783,0.3274401174071698
high,19,14,0.44845878482258145,0.4541066793431415,cqi,0.1331130664541918,0.42586720674034095,0.3307262631857743,0.337151850653219,0.3344325057970574
high,19,15,0.4825343029374834,0.48565477701501547,cqi,0.1071130664541918,0.40922936770214974,0.4014703255722009,0.3606250680376378,0.38296592365814064
high,19,16,0.4546251775830792,0.4546251775830792,cost,0.1157797331208585,0.3681609346944528,0.42773313561769244,0.400902645377882,0.43338103013825263
high,19,17,0.4383836668035505,0.4383836668035505,cost,0.12111306645419184,0.40202346414910134,0.32787083196978095,0.32810857853982345,0.3479220137172984
high,19,18,0.4134936630148919,0.413493663014892,cqi,0.13777973312085848,0.33140701896354385,0.2870763222955083,0.3344231397270503,0.313367979927271
high,19,19,0.44226495368700314,0.44226495368700314,cost,0.1257797331208585,0.4288504515293353,0.4065124351609984,0.3500334899553973,0.4178082242021186
high,20,0,0.4243004810441151,0.42624213295339186,cqi,0.13044639978752515,0.28773999430411684,0.3242561790071336,0.26145229146741766,0.3250991724637241
high,20,1,0.4520299426575601,0.4589913803665998,cqi_then_cost,0.12577973312085844,0.35484434185482255,0.4081603296815586,0.4025124351609985,0.4363998022843591
high,20,2,0.4155982575857316,0.41912743898974436,cqi_then_cost,0.12511306645419182,0.38082558442601844,0.283742988962175,0.30151700045758295,0.4136566056764547
high,20,3,0.4691933086771872,0.4691933086771872,cost,0.1071130664541918,0.4468653047571588,0.34483884125194103,0.3672917347043045,0.45201015251270615
high,20,4,0.4226566203937571,0.432187818732871,cqi_then_cost,0.12644639978752512,0.3861193565320376,0.2948617167960245,0.30316489497814314,0.32950575059864606
high,20,5,0.4127891331422889,0.4178439740283447,cqi_then_cost,0.12577973312085847,0.3992816794634037,0.3057430580741933,0.31254108450549223,0.36120982291773257
high,20,6,0.4810980213071453,0.4851193767313014,cqi,0.10111306645419181,0.4426714506794903,0.3503600428152676,0.44294936778345856,0.41527102945241756
high,20,7,0.4250661500373026,0.4250661500373026,cost,0.11977973312085846,0.36481801433646655,0.2542513518503752,0.3101461228320366,0.34968138447595737
high,20,8,0.43249703592485683,0.43249703592485683,cost,0.12511306645419176,0.34529082692546476,0.3706250680376378,0.34238559543483715,0.3649771735170777
high,20,9,0.46030857821912435,0.46030857821912435,cost,0.1151130664541918,0.4414232427481669,0.3413366281314237,0.434751907763799,0.44918985038527437
high,20,10,0.46760436726024457,0.46760436726024457,cost,0.11511306645419178,0.45418986510257686,0.32992414290885713,0.3779589618162017,0.35280804392818865
high,20,11,0.4668625825745468,0.4708412031977474,cqi,0.11911306645419181,0.36221726585007485,0.3857124337034286,0.45103096065630716,0.4649538360743866
high,20,12,0.4177317236954858,0.421437966306769,cqi_then_cost,0.13644639978752512,0.30754247257379425,0.3340558730177377,0.31299489191635776,0.30352838346269123
high,20,13,0.45515230609306145,0.45515230609306145,cost,0.11377973312085847,0.44173780393539386,0.3303534230198426,0.2944982283114765,0.34789244926577145
high,20,14,0.4337733312925058,0.4395982870203363,cqi,0.12977973312085847,0.4187712996401023,0.3119804446298745,0.34438559543483716,0.3119804446298744
high,20,15,0.4464064875371616,0.4464064875371616,cost,0.11644639978752515,0.3773995765694721,0.4068269963482252,0.37293962922486457,0.41247489086878525
high,20,16,0.44538103013825264,0.44538103013825264,cost,0.11311306645419182,0.4082434219721701,0.2956075353519245,0.3945499794532116,0.4397331356176925
high,20,17,0.4289108165551597,0.4292991183516806,cqi,0.1297797331208585,0.3171820772814576,0.34117460085158746,0.36031050685041094,0.3106471112965411
high,20,18,0.4355399389296133,0.4355399389296133,cost,0.12377973312085852,0.34762770470293547,0.33900482474507004,0.33438559543483715,0.42812745370704675
high,20,19,0.44762110775394753,0.44762110775394753,cost,0.11311306645419185,0.36920572249180367,0.11311306645419185,0.31312735068593006,0.3677076789092335
high,21,0,0.44340465074658786,0.44340465074658786,cost,0.12577973312085844,0.33575647306038353,0.3347711616907589,0.3752917347043044,0.32571063001376094
high,21,1,0.4374167799644787,0.4374167799644787,cost,0.12377973312085847,0.37390526795129214,0.3965124351609984,0.38781173575187683,0.4078082242021187
high,21,2,0.4668793525028548,0.4668793525028548,cost,0.11111306645419183,0.4303420886411351,0.3328412031977474,0.3583452017474684,0.36453905582513685
high,21,3,0.4091629663468564,0.4091629663468564,cost,0.1351130664541918,0.3938068122799118,0.18888456696424058,0.338737700914277,0.30965445221523463
high,21,4,0.37849223637538276,0.38431719210321336,cqi,0.13844639978752515,0.2824917654044448,0.22785559240420938,0.2616671776264353,0.2694525239046471
high,21,5,0.4285587110757199,0.4285587110757199,cost,0.11844639978752514,0.39961099364383723,0.30835335390782426,0.3556438401837443,0.32596753785019766
high,21,6,0.4708787474899605,0.4723430282925229,cqi_then_cost,0.11444639978752512,0.3988416595468127,0.4234185744304656,0.38578189402076335,0.4290664689510257
high,21,7,0.4243024979792162,0.428837331100129,cqi,0.12444639978752514,0.39553184175460404,0.20208244668732347,0.3417189287681705,0.39819787397377165
high,21,8,0.3944734789465786,0.4001213734671386,cqi,0.13444639978752515,0.2829254223753425,0.31471874707101594,0.305517000457583,0.3135808391830722
high,21,9,0.4981745365310808,0.4981745365310808,cost,0.11844639978752514,0.4365359197767136,0.46428716940771986,0.46428716940771986,0.47558295844883997
high,21,10,0.4564856394263948,0.460191882037678,cqi,0.1137797331208585,0.44695444108728083,0.3188054150750073,0.3947193505736078,0.36005978438867337
high,21,11,0.4240483018178136,0.4240483018178136,cost,0.13111306645419182,0.33490311877012785,0.3425231991263601,0.32477524520649015,0.37560629589153116
high,21,12,0.43861705916644295,0.43861705916644295,cost,0.12644639978752517,0.42714420891805216,0.20410529685553938,0.3972166461198782,0.35444943416032637
high,21,13,0.41875190776379917,0.41875190776379917,cost,0.13511306645419183,0.3232695189835875,0.28707632229550817,0.3002019026367057,0.2870763222955082
high,21,14,0.4546768191793729,0.4546768191793729,cost,0.12444639978752514,0.3552923691518035,0.31405959651910764,0.45467681917937275,0.34697685460335426
high,21,15,0.4413810301382527,0.4413810301382527,cost,0.12244639978752513,0.4008068269972142,0.30256795940730785,0.36730973038317105,0.323865835918772
high,21,16,0.4188712258932408,0.4245191204138008,cqi,0.13511306645419183,0.4093400275541268,0.29478256490679144,0.3048503337909163,0.37827296255819787
high,21,17,0.39290208493265144,0.39290208493265144,cost,0.1371130664541918,0.3047966540178944,0.2604659573498588,0.35336682328873065,0.3816062958915312
high,21,18,0.43942525968326823,0.4431315022945513,cqi_then_cost,0.11644639978752515,0.3935338586897052,0.2925679594073079,0.3855687515993181,0.41945611872267885
high,21,19,0.48911822009276107,0.4891182200927613,cqi,0.11111306645419182,0.4092293677021497,0.43804769680491934,0.36880066616686996,0.3984009589228996
high,22,0,0.4554085191895652,0.4554085191895652,cost,0.11177973312085844,0.4093400569887317,0.24274911335399016,0.3739666643773013,0.43738103013825264
high,22,1,0.46338753442667513,0.46338753442667513,cost,0.11711306645419181,0.3775714029819182,0.3157658391303908,0.36168992476187417,0.3512257825991048
high,22,2,0.43475956869076193,0.43891094413229137,cqi_then_cost,0.12177973312085849,0.3693292789965175,0.2780367463508917,0.38627296255819793,0.34692482618203263
high,22,3,0.4030274833020012,0.4030274833020012,cost,0.13377973312085847,0.3225154106147909,0.2632117759057586,0.27794419452144903,0.311572859342386
high,22,4,0.4535184818959043,0.4566389559734365,cqi,0.11911306645419181,0.3831206180581424,0.3393472041401414,0.36431050685041094,0.42643734657657223
high,22,5,0.46330977201730794,0.46330977201730794,cost,0.11511306645419182,0.3882354182659848,0.4390664689510258,0.40517910182766514,0.35754034378633165
high,22,6,0.4101462111358511,0.4101462111358511,cost,0.12577973312085844,0.39302546636690006,0.275370079684225,0.2925357726036895,0.3772541904120913
high,22,7,0.38480679756260955,0.3867484494718863,cqi_then_cost,0.14444639978752516,0.375452660430766,0.14444639978752516,0.2766108611881157,0.30116457606441976
high,22,8,0.4333984653718888,0.4333984653718888,cost,0.11777973312085849,0.36751755979595513,0.32478546120084656,0.4188269963482252,0.4188269963482252
high,22,9,0.36980476591020606,0.37174641781948287,cqi,0.15111306645419184,0.28359208904200917,0.3121121747387549,0.3061836671242496,0.27663863117365556
high,22,10,0.4536419115524577,0.4536419115524577,cost,0.11511306645419182,0.37120572249180356,0.34542635602937455,0.3450147178092907,0.3364574140010124
high,22,11,0.45874185252289845,0.4643897470434585,cqi,0.10977973312085847,0.4223816498684493,0.4184373465765723,0.4052828397565851,0.35605978438867336
high,22,12,0.45836894324494853,0.45836894324494853,cost,0.11444639978752515,0.4183024979792162,0.27040965562884156,0.3878833127865449,0.4274185744304657
high,22,13,0.4160071597740419,0.4171932670430503,cqi_then_cost,0.12244639978752513,0.328893191015049,0.33971892876817045,0.3123282252496911,0.3458404208444498
high,22,14,0.43667339032206504,0.43667339032206504,cost,0.1271130664541918,0.40190071716235176,0.34038298747136964,0.3492455727439585,0.3337658391303908
high,22,15,0.452171078239168,0.45587732085045113,cqi,0.11777973312085849,0.4195171181960022,0.28248880751807465,0.38283050789798345,0.3462445547452113
high,22,16,0.47893991239050876,0.48770828098860086,cqi_then_cost,0.11511306645419182,0.37786971765209004,0.36662423575245745,0.388615895810332,0.33125534705063175
high,22,17,0.4795084748773083,0.4795084748773083,cost,0.10177973312085849,0.4523253481474321,0.4323998022843592,0.4069307342771452,0.4194232217798182
high,22,18,0.44963378859748454,0.4530646744850387,cqi,0.11777973312085849,0.3450797511528162,0.40651243516099844,0.3613292789965175,0.40651243516099844
high,22,19,0.4170670739639202,0.4170670739639202,cost,0.12844639978752515,0.40012339040223976,0.1702179002975739,0.3064982283114764,0.31768254111449773
high,23,0,0.4462274093947901,0.44816906130406675,cqi,0.11577973312085846,0.40404225101251035,0.1836532356883563,0.3689416652223589,0.33428209903742445
high,23,1,0.42847955918648667,0.4321858017977698,cqi,0.12311306645419182,0.32295259616757255,0.12311306645419182,0.2672775278547824,0.42847955918648667
high,23,2,0.4278064297361317,0.4278064297361317,cost,0.12444639978752514,0.34509697284779645,0.3336076044639429,0.3643105068504109,0.4094936630148919
high,23,3,0.41906707396392023,0.4208316646659264,cqi_then_cost,0.1291130664541918,0.3181461228320366,0.29886171679602463,0.32944191187315675,0.33988594497734903
high,23,4,0.45739934473084265,0.45739934473084265,cost,0.11111306645419182,0.408551978238274,0.4084748908687853,0.3971791018276651,0.4084748908687853
high,23,5,0.4062617126992609,0.4163420592065303,cqi,0.12444639978752514,0.37045065821296735,0.3060062855800314,0.3503480511426241,0.3842354182659848
high,23,6,0.4671127448657472,0.4671127448657472,cost,0.11377973312085847,0.3857872847248091,0.4277706799099055,0.4334185744304657,0.4560101525127062
high,23,7,0.4224290478221629,0.4249564682651907,cqi,0.12177973312085845,0.34984686748387406,0.387920857078758,0.3427377009142771,0.3935687515993182
high,23,8,0.4043192384729193,0.4043192384729193,cost,0.13044639978752515,0.36990068772774704,0.33205587301773765,0.33002339673500075,0.2948860836171423
high,23,9,0.4236311147725436,0.4236311147725436,cost,0.11777973312085849,0.39778728472480895,0.3739584013709711,0.35701471780929067,0.3739584013709711
high,23,10,0.403023449431799,0.403023449431799,cost,0.13911306645419177,0.3917276603906787,0.29270341301755837,0.3174794561653699,0.2992381890965822
high,23,11,0.4991436351670833,0.4991436351670833,cost,0.10977973312085847,0.41189603436881644,0.36640866482162215,0.44369559132547937,0.46146888421538934
high,23,12,0.40608639773567284,0.4086138181787007,cqi,0.12844639978752515,0.29622121141646274,0.3414043675809437,0.32446068401926337,0.3301085785398235
high,23,13,0.43891283349026083,0.44067742419226713,cqi,0.1337797331208585,0.34571892876817056,0.2934492315734581,0.3772857908611127,0.35020848600526205
high,23,14,0.4680772027913328,0.472601730594947,cqi,0.12244639978752513,0.37263628762980494,0.41047489086878536,0.40876339915424337,0.4530148061131051
high,23,15,0.4427565760815005,0.4485815318093309,cqi_then_cost,0.12444639978752514,0.34729082692546487,0.33342256341598625,0.37427296255819786,0.41945611872267874
high,23,16,0.5027794004697524,0.51513386086041,cqi,0.11711306645419181,0.42228374252415346,0.4483622579921462,0.43566155858302447,0.47221470277128913
high,23,17,0.46548767107879824,0.46548767107879824,cost,0.1091130664541918,0.39264780546914424,0.36822094002293376,0.3769020849326515,0.44467681917937285
high,23,18,0.47478470648549775,0.4798395473715535,cqi,0.10977973312085848,0.43495040919081984,0.40117910182766514,0.3898833127865449,0.3842354182659848
high,23,19,0.4618189727597282,0.4618189727597282,cost,0.11644639978752515,0.3796062958915312,0.33712880602726947,0.43043734657657223,0.45246483562788475
high,24,0,0.4303420592065304,0.4303420592065304,cost,0.1411130664541918,0.4073963587097489,0.2994492315734581,0.3477189287681705,0.308195050129358
high,24,1,0.41002076454419656,0.4120825672721914,cqi_then_cost,0.1477797331208585,0.2943318862272104,0.2819575944616585,0.3167539437612934,0.3068781037764562
high,24,2,0.43165663511105945,0.4335982870203363,cqi,0.12244639978752514,0.40288597888644745,0.23416159857655666,0.3682729625581979,0.3228470637726655
high,24,3,0.47550645794220725,0.47550645794220725,cost,0.1117797331208585,0.3631984937039684,0.36214261013374743,0.4107338347027164,0.36473290990280544
high,24,4,0.4231254220546433,0.4231254220546433,cost,0.13511306645419183,0.4098879811042462,0.34171632080470293,0.28150091347377215,0.3204964338454893
high,24,5,0.42398793679198943,0.42398793679198943,cost,0.13111306645419182,0.30618366712424966,0.3199919860699438,0.31183156164480974,0.3796062958915312
high,24,6,0.44595632962539755,0.44907680370292963,cqi_then_cost,0.11511306645419182,0.3712057224918036,0.2973137779632077,0.38507943589373383,0.32887515267192863
high,24,7,0.43612947064214796,0.43849320546137527,cqi,0.11777973312085849,0.4052401013009884,0.13866996146475705,0.38956875159931814,0.3453289600827942
high,24,8,0.46860173059494686,0.4716835191494776,cqi,0.11044639978752514,0.42385046624663775,0.32288456696424056,0.3778853487840393,0.3457532030421328
high,24,9,0.43012947064214796,0.43012947064214796,cost,0.11977973312085846,0.3603452017474684,0.2982742020185912,0.32708980639371693,0.3835687515993181
high,24,10,0.46673983558779736,0.46673983558779736,cost,0.11977973312085846,0.4628565317692435,0.35392324658952384,0.36960629589153127,0.34811328836225885
high,24,11,0.43242322803086475,0.43242322803086475,cost,0.1271130664541918,0.41724413517119063,0.3172947895203986,0.32908980639371693,0.426952394717575
high,24,12,0.4716063841953456,0.4770772175086351,cqi,0.11044639978752514,0.4331274684243491,0.4021603296815585,0.36827296255819786,0.3751427141739924
high,24,13,0.4704245759188525,0.4704245759188525,cost,0.1257797331208585,0.37338964881439324,0.3592917347043044,0.3508355366341419,0.43444201489427353
high,24,14,0.4525439875171179,0.4562502301284011,cqi,0.11311306645419182,0.3820662432361387,0.309392929852441,0.3991791018276651,0.4104748908687854
high,24,15,0.43510868156094024,0.4426982279907772,cqi_then_cost,0.12911306645419182,0.3520589620716085,0.342850313579992,0.32708980639371693,0.33189392481803526
high,24,16,0.40230723683216013,0.40230723683216013,cost,0.1331130664541918,0.31681278949870323,0.3221770271179004,0.32246068401926337,0.3450522621015038
high,24,17,0.3999443122598682,0.4029481695107813,cqi,0.1371130664541918,0.2929133501993406,0.29782214085140796,0.32010857853982344,0.31138393960864336
high,24,18,0.4257706799099057,0.4257706799099059,cqi,0.12911306645419182,0.3451944303991613,0.21800329479809033,0.3636438401837443,0.32133043563505786
high,24,19,0.4723501858161444,0.4723501858161444,cost,0.1071130664541918,0.4321066793431415,0.335022916868546,0.3632917347043044,0.36542918646195605
high,25,0,0.4632294410471935,0.46887733556775363,cqi,0.11911306645419178,0.36806624323613873,0.42110401324323893,0.3794315413731737,0.38279858853523874
high,25,1,0.4496955913254794,0.45534348584603956,cqi,0.12377973312085847,0.3593292789965175,0.4214561187226789,0.4327519077637991,0.3299675378501976
high,25,2,0.47715692102351465,0.4826496096390637,cqi_then_cost,0.10044639978752515,0.35599594566318415,0.44071436347158605,0.3898833127865449,0.44782098969482914
high,25,3,0.4257706799099056,0.42577067990990575,cqi,0.12377973312085847,0.37804222157790546,0.33779547269393617,0.36364384018374435,0.41447489086878536
high,25,4,0.4078899980393473,0.4115962406506305,cqi,0.12844639978752515,0.37894228060746465,0.316209418751464,0.35174905366492804,0.4061254073373408
high,25,5,0.4767063251657865,0.4791959306251825,cqi,0.11844639978752514,0.3536785350808018,0.39949366301489203,0.3869401896700951,0.47586058035674816
high,25,6,0.4413192274102578,0.4420315613241106,cqi,0.12044639978752514,0.3530147178092907,0.21778868929860673,0.36431050685041094,0.4038457684943318
high,25,7,0.41617213998572616,0.4338640830869217,cqi,0.1311130664541918,0.32846068401926337,0.32410070241070393,0.3736438401837443,0.33771063001376106
high,25,8,0.4287337553478893,0.4304983460498956,cqi,0.1297797331208585,0.32783827633221685,0.30056795940730785,0.33073770091427707,0.3106471112965411
high,25,9,0.4534480804168794,0.45538973232615604,cqi,0.11777973312085849,0.37873290990280545,0.3971791018276651,0.3456695384237106,0.4478001858963191
high,25,10,0.41865460345865607,0.42753591712954025,cqi_then_cost,0.12977973312085847,0.3136548898704557,0.35199594566318415,0.29551700045758295,0.3116866872411576
high,25,11,0.42436341463068655,0.4277943005182407,cqi,0.13377973312085847,0.32014612283203653,0.2592117759057586,0.32014612283203653,0.37662506803763773
high,25,12,0.49884120319774733,0.4988412031977475,cqi,0.11377973312085847,0.3831206180581424,0.4536580470332663,0.36893962922486456,0.4762496251155068
high,25,13,0.4554440465466771,0.4591502891579603,cqi_then_cost,0.12244639978752513,0.3463421072994323,0.20824075046578983,0.39188331278654487,0.3477907473343458
high,25,14,0.39719653706130115,0.3975069488713232,cqi_then_cost,0.13044639978752515,0.35476115609538716,0.13044639978752515,0.3995687515993181,0.3076104036345992
high,25,15,0.4753618004386296,0.4835371154022176,cqi_then_cost,0.11777973312085849,0.4083688469578145,0.4377331356176925,0.44730945310358455,0.4490289246588127
high,25,16,0.4961745365310808,0.4961745365310808,cost,0.10444639978752515,0.4760564284274276,0.3537473424672145,0.42207929725394067,0.38802076454419654
high,25,17,0.4358920444090532,0.4358920444090532,cost,0.1297797331208585,0.4189483608473727,0.23053450785450655,0.3855687515993181,0.31309746732067967
high,25,18,0.40220553490073463,0.4109739034988268,cqi,0.13644639978752518,0.3028878780831294,0.3232156376311653,0.34242313972705024,0.38195840137097115
high,25,19,0.45675841205222145,0.4592858324952496,cqi_then_cost,0.11377973312085847,0.43461907610154404,0.11377973312085847,0.36900729841383517,0.4443273356479283
high,26,0,0.4289148504253619,0.4326210930366451,cqi_then_cost,0.11777973312085849,0.36853905582513685,0.31166769879834844,0.3094794561653698,0.3564695432189034
high,26,1,0.462189865102577,0.462189865102577,cost,0.11911306645419178,0.3657256434555777,0.21928032641040648,0.36396043736846545,0.3489192012525642
high,26,2,0.4508597950699239,0.4508597950699239,cost,0.11377973312085847,0.4150355136244812,0.3742871694077199,0.4212293677021497,0.4212293677021497
high,26,3,0.41136083135263696,0.41136083135263696,cost,0.12244639978752513,0.3785298101022006,0.12244639978752513,0.30881278949870317,0.33336650437500726
high,26,4,0.45222740939479006,0.45222740939479006,cost,0.12311306645419182,0.40792353789596303,0.32443250579705746,0.4138082242021188,0.3484574140010125
high,26,5,0.44534348584603967,0.44534348584603967,cost,0.11777973312085849,0.40943796630676893,0.3431926929750634,0.34368138447595736,0.40016032968155857
high,26,6,0.44797791423623845,0.44797791423623845,cost,0.12577973312085847,0.35536682328873065,0.39490208493265144,0.3384231397270503,0.40619787397377166
high,26,7,0.4465990567700057,0.4469094685800277,cqi_then_cost,0.12111306645419181,0.3603452017474684,0.3033137779632077,0.36097717351707764,0.43534610779403493
high,26,8,0.44372336131101936,0.44684383538855144,cqi,0.11911306645419181,0.33076317303048836,0.4098082242021186,0.3590968711273698,0.4041603296815585
high,26,9,0.4644460781990805,0.4644460781990805,cost,0.11911306645419181,0.4204963291147945,0.35694755759270114,0.38556875159931814,0.336003606590147
high,26,10,0.4776815022143766,0.4828036589055344,cqi_then_cost,0.11844639978752514,0.3572057224918036,0.43039980228435903,0.42942859026864627,0.36372363859060586
high,26,11,0.45132331649502866,0.45326496840430547,cqi_then_cost,0.12777973312085847,0.44373377006519166,0.43141857443046555,0.4370664689510258,0.3388845669642406
high,26,12,0.3749969636619314,0.3749969636619314,cost,0.14177973312085845,0.2734089770294354,0.21369728862574305,0.3028878780831294,0.31421143710978955
high,26,13,0.41641308814079053,0.4245884031043786,cqi,0.1251130664541918,0.33940436758094367,0.32177641513910854,0.3789396292248645,0.40643795158946655
high,26,14,0.4258920444090532,0.43338103013825263,cqi,0.12111306645419181,0.3988859788864475,0.2704096556288416,0.3317189287681704,0.32775467859439655
high,26,15,0.461897519636067,0.461897519636067,cost,0.12044639978752514,0.348254810142288,0.307392929852441,0.4087894520560122,0.44832471369993293
high,26,16,0.44070024492587834,0.44070024492587834,cost,0.11577973312085846,0.3595921773458235,0.40647489086878535,0.2991648949781431,0.3372553470506317
high,26,17,0.44271436347158594,0.4483622579921461,cqi,0.11577973312085847,0.3929838882044848,0.2959012927406412,0.4201227853893454,0.44271436347158594
high,26,18,0.4747794262497163,0.4771182200927613,cqi_then_cost,0.11777973312085849,0.36919849370396834,0.3709865690216897,0.41678945205601203,0.4393810301382526
high,26,19,0.4244290478221629,0.4244290478221629,cost,0.13044639978752515,0.37450900630369055,0.1431783243529573,0.37862506803763774,0.39556875159931804
high,27,0,0.41298590513958594,0.4147504958415922,cqi,0.13511306645419183,0.2942513363132202,0.3334043675809438,0.2882212114164628,0.3071350116128928
high,27,1,0.395808829215013,0.39775048112428985,cqi,0.13377973312085847,0.36121321726257033,0.28749033746505454,0.3148127894987032,0.31158083918307217
high,27,2,0.45660233560784114,0.45660233560784114,cost,0.12044639978752514,0.35481801433646665,0.33449266924348137,0.3490147178092907,0.3361428528137857
high,27,3,0.4496497482788569,0.4502428019133611,cqi,0.12444639978752514,0.35481801433646665,0.42078945205601204,0.3643105068504109,0.4207894520560121
high,27,4,0.44420660559627995,0.44420660559627995,cost,0.12977973312085847,0.42726292203459953,0.3552384877993813,0.3807447656479301,0.32586583591877205
high,27,5,0.4158524537471342,0.4158524537471342,cost,0.12111306645419181,0.32613870343658097,0.1717886892986067,0.31877524520649014,0.31747766169938274
high,27,6,0.4385668184935378,0.4385668184935378,cost,0.12377973312085847,0.38512061805814246,0.38458752374542465,0.402044704066255,0.35149629520569614
high,27,7,0.47672107815899323,0.47672107815899323,cost,0.11111306645419182,0.43841922359526736,0.3616781112071617,0.3815687515993181,0.3750850608232023
high,27,8,0.4385191498484056,0.4385191498484056,cost,0.12444639978752514,0.3327611560953872,0.34219891185476464,0.2815545447497961,0.3279755176908838
high,27,9,0.4356982132734749,0.4431106984960413,cqi_then_cost,0.11644639978752518,0.3472792865726903,0.3487739888727954,0.41051243516099833,0.41616032968155847
high,27,10,0.4701369922388676,0.4701369922388676,cost,0.11377973312085847,0.3651984937039684,0.424714363471586,0.32956978543679455,0.3406407088052867
high,27,11,0.4252649389697007,0.4252649389697007,cost,0.1257797331208585,0.3774318860668609,0.33872536686644095,0.36266261232985086,0.329710630013761
high,27,12,0.41822536302508423,0.41822536302508423,cost,0.12644639978752514,0.37604020464280435,0.2847825649067914,0.3653673837339612,0.31108948747999354
high,27,13,0.44962312468904875,0.4522587615947333,cqi,0.11444639978752512,0.38912061805814235,0.315472081741674,0.3636438401837443,0.397531207307105
high,27,14,0.4612898060730178,0.4632314579822944,cqi_then_cost,0.11444639978752515,0.4265171329133046,0.3659899607193544,0.33870015662206393,0.35287367711966494
high,27,15,0.41726292203459964,0.41726292203459964,cost,0.11844639978752514,0.3844319007841633,0.3009408686852579,0.3217564730603836,0.32803317104167395
high,27,16,0.4415982870203364,0.4415982870203364,cost,0.12511306645419182,0.3974714767287798,0.3139804446298744,0.2736638370729418,0.32519916925210535
high,27,17,0.45740650225446405,0.45740650225446405,cost,0.11044639978752514,0.3740662432361388,0.321844991019624,0.34136682328873064,0.4430289246588128
high,27,18,0.44220660559628006,0.44271436347158605,cqi_then_cost,0.12111306645419181,0.34901736919189086,0.41447489086878536,0.39753120730710506,0.3315793636308085
high,27,19,0.4523669263098474,0.4523669263098474,cost,0.1117797331208585,0.4160067236553983,0.33095902992075216,0.3878833127865449,0.4274185744304656
high,28,0,0.41092957398396385,0.4128712258932406,cqi_then_cost,0.1317797331208585,0.3959275423315603,0.281370079684225,0.32842313972705023,0.3082475058497388
high,28,1,0.4363581086149414,0.4363581086149414,cost,0.12511306645419182,0.3466241602587981,0.27678256490679143,0.40118113782515946,0.3795687515993182
high,28,2,0.41210650679424987,0.41967539253986363,cqi,0.13577973312085845,0.4007900570689064,0.2800367463508917,0.3619959456631842,0.3278578560780859
high,28,3,0.39755261611850934,0.39755261611850934,cost,0.1391130664541918,0.35730910964550644,0.3120816448558763,0.2537047219186484,0.28674831294576736
high,28,4,0.4729564874569869,0.4729564874569869,cost,0.10911306645419179,0.408562701035483,0.43141857443046583,0.37493962922486457,0.38910516988177934
high,28,5,0.45958295844884023,0.4595829584488405,cqi,0.12244639978752514,0.372636287629805,0.37017500176731094,0.36940345247391054,0.3385966602246512
high,28,6,0.45830857821912424,0.4620148208304074,cqi_then_cost,0.11711306645419181,0.32991944515655114,0.4024748908687853,0.34599594566318415,0.4563669263098474
high,28,7,0.5015333125460206,0.5015333125460206,cost,0.11844639978752514,0.4058960343688164,0.3862245892050172,0.42079121077392007,0.4684480951341817
high,28,8,0.4094151455731579,0.41445472151777435,cqi,0.1371130664541918,0.3903695188232379,0.1371130664541918,0.34701471780929066,0.3243533539078243
high,28,9,0.4830980213071453,0.4845641863027336,cqi_then_cost,0.10177973312085847,0.44200478401282367,0.33200329479809026,0.3772541904120913,0.3874197310690062
high,28,10,0.43338103013825263,0.43338103013825263,cost,0.1291130664541918,0.34160488396932437,0.3319795483105411,0.40717910182766515,0.4128269963482252
high,28,11,0.4660336076938165,0.4660336076938165,cost,0.10977973312085848,0.4353212995599275,0.3264774043020421,0.38054997945321156,0.3974936630148919
high,28,12,0.4442226928547841,0.4454088001237924,cqi_then_cost,0.1317797331208585,0.3273486708728207,0.35944162097081384,0.3493668232887306,0.41714155753545196
high,28,13,0.40629641773930814,0.40629641773930814,cost,0.13977973312085845,0.3596313920521301,0.32034583779306613,0.27962963333422225,0.3318297671788227
high,28,14,0.46632938201763435,0.4682710339269111,cqi,0.11311306645419182,0.35901186841413507,0.2269074171324565,0.3204231397270503,0.3586608178638637
high,28,15,0.4132441351711907,0.4132441351711907,cost,0.13111306645419182,0.35999037238495335,0.2679575944616585,0.364310506850411,0.309367979927271
high,28,16,0.4512683972616134,0.45558295844884045,cqi_then_cost,0.1331130664541918,0.33637755712903755,0.3176866872411577,0.37062506803763773,0.32639325636179994
high,28,17,0.44744404654667713,0.4511502891579603,cqi,0.11844639978752515,0.3428423249197215,0.21578868929860676,0.40184576849433173,0.4413810301382526
high,28,18,0.44713150229455134,0.44889609299655775,cqi,0.11911306645419183,0.34462416025879816,0.33436868796128194,0.38968046936892425,0.33540257311495664
high,28,19,0.4356952724117561,0.4356952724117561,cost,0.1271130664541918,0.3264881730705757,0.2767034130175583,0.40094816951078127,0.30225548569042504
high,29,0,0.4131609494117553,0.41880884393231527,cqi,0.13977973312085848,0.40362975107264143,0.3034492315734581,0.36231050685041094,0.41139635870974883
high,29,1,0.44094701287224086,0.44094701287224086,cost,0.11577973312085847,0.39353184175460404,0.31512501341388116,0.366310506850411,0.3832541904120913
high,29,2,0.4253070981923669,0.4376003039554375,cqi,0.12577973312085847,0.40125419520414285,0.3332833171923475,0.36127190881137156,0.3229126969641417
high,29,3,0.4213796182160459,0.4213796182160459,cost,0.1317797331208585,0.3129549577963607,0.3369256728558369,0.31014612283203663,0.3039012927406412
high,29,4,0.43565865204616067,0.43565865204616067,cost,0.12577973312085847,0.40936083135263684,0.3002742020185911,0.32508980639371693,0.4171274389897443
high,29,5,0.46044809513418167,0.46415433774546483,cqi,0.10777973312085848,0.38159343064714063,0.3225908095755239,0.3160216439031505,0.38159343064714063
high,29,6,0.45460435254294207,0.4565460044522189,cqi,0.10844639978752513,0.41789002747395204,0.10844639978752513,0.3559959456631841,0.3682271195115753
high,29,7,0.39115069401467867,0.3932402667282132,cqi,0.13177973312085847,0.29688787808312944,0.32512735068592996,0.3025357726036895,0.3307752452064901
high,29,8,0.45905237983992303,0.45905237983992303,cost,0.11511306645419182,0.41704428266491383,0.3316409615288581,0.32983862637846273,0.3492257825991048
high,29,9,0.44071436347158593,0.44071436347158605,cqi,0.12444639978752514,0.3636785350808018,0.32943782835742547,0.4064328782856443,0.4240523356880157
high,29,10,0.44147957390378906,0.4451858165150723,cqi_then_cost,0.12977973312085847,0.42630048104411505,0.35643257490907587,0.3691784640002185,0.3308054150750074
high,29,11,0.4187129515493792,0.4187129515493792,cost,0.13311306645419185,0.3805881581929237,0.2649180185170419,0.29751700045758295,0.2951554741847413
high,29,12,0.3937504811242899,0.3937504811242899,cost,0.13111306645419182,0.36109652108112406,0.27566383707294173,0.2711890639615795,0.2802569612426888
high,29,13,0.41526292203459964,0.4254463444160056,cqi,0.12177973312085849,0.3136424282615375,0.340741597239232,0.30841927351548953,0.30495822109704096
high,29,14,0.45854398751711783,0.45854398751711783,cost,0.11644639978752513,0.41830048104411505,0.1657886892986067,0.4011791018276652,0.4350664689510258
high,29,15,0.4480595071090869,0.4480595071090869,cost,0.11711306645419181,0.354700156622064,0.39423541826598474,0.354700156622064,0.38207989344725046
high,29,16,0.38943591993706306,0.3913775718463399,cqi,0.13111306645419182,0.2862128068931152,0.2807034130175583,0.30383156164480973,0.281590294576022
high,29,17,0.4530528641808712,0.45617333825840356,cqi,0.11244639978752514,0.39924211823608946,0.4264373465765722,0.44338103013825264,0.43773313561769234
high,29,18,0.42463927488715975,0.4246392748871601,cqi,0.13377973312085847,0.4125150865435986,0.3096075353519245,0.3121461228320366,0.40816032968155863
high,29,19,0.4370664689510259,0.4370664689510259,cost,0.12644639978752512,0.38368608222826345,0.30019505012935793,0.37575555795335047,0.32207869517457316
high,30,0,0.47725226178080465,0.47725226178080465,cost,0.11511306645419182,0.46013151701185373,0.22653450785450663,0.3659584013709711,0.37654966053948824
high,30,1,0.45515230609306145,0.45515230609306145,cost,0.11644639978752513,0.35481801433646665,0.331686756353176,0.33238559543483714,0.3441709417130489
high,30,2,0.4746017305949468,0.4746017305949468,cost,0.11111306645419182,0.4250047214375996,0.34790798164808456,0.46330594155382643,0.3554747105948553
high,30,3,0.41114155753545206,0.4204191941606625,cqi,0.12844639978752515,0.3748819155816404,0.3376303855201404,0.3885499794532116,0.3093759597679572
high,30,4,0.489470325572201,0.49378488675942783,cqi,0.11844639978752515,0.39188331278654487,0.3701928511236706,0.41142978854132356,0.3846513624709139
high,30,5,0.40820254229147296,0.41014419420074977,cqi,0.1317797331208585,0.3736069303390302,0.25987844257242526,0.34457890607729186,0.39884840515962955
high,30,6,0.42593506392828007,0.42593506392828007,cost,0.12644639978752514,0.3408403079846204,0.34268053747347477,0.33391223941062514,0.30888460806487855
high,30,7,0.4445629880300563,0.4480295443890094,cqi_then_cost,0.1297797331208585,0.35270015662206394,0.3260595965191076,0.3978833127865449,0.34873590644828995
high,30,8,0.4749538360743867,0.4809001563013646,cqi,0.11311306645419182,0.43324416460579535,0.4467143634715859,0.42412278538934534,0.4467143634715859
high,30,9,0.4753126268066289,0.4753126268066289,cost,0.1131130664541918,0.3988416595468127,0.43871436347158604,0.41737656184732463,0.3693555734297936
high,30,10,0.4307519077637991,0.4307519077637993,cqi,0.11911306645419178,0.34038559543483715,0.4081603296815585,0.32640359111370376,0.33628209903742445
high,30,11,0.4467753629449093,0.448676819179373,cqi_then_cost,0.12644639978752514,0.35674441560168413,0.2844888075180747,0.30747945616536987,0.3248054150750074
high,30,12,0.434714363471586,0.4403622579921462,cqi_then_cost,0.12111306645419181,0.3479985970457843,0.3516113970773313,0.383883312786545,0.4213232870604238
high,30,13,0.42140229583537014,0.4223608460699393,cqi_then_cost,0.12311306645419179,0.3860006434154902,0.38258752374542465,0.34305226210150375,0.33017241726531266
high,30,14,0.39722845642404586,0.39722845642404586,cost,0.13577973312085845,0.3244691375183796,0.2628388666278087,0.354700156622064,0.2641191905713138
high,30,15,0.42861234262643705,0.42861234262643705,cost,0.12911306645419182,0.34309697284779644,0.28374298896217487,0.32810857853982345,0.32905194318778047
high,30,16,0.4799437661161836,0.4799437661161836,cost,0.10177973312085847,0.4331442632684885,0.4270664689510258,0.42890531920282304,0.3903929790822135
high,30,17,0.4586605405842773,0.4586605405842773,cost,0.12311306645419179,0.3859584013709711,0.12888456696424058,0.4254936630148919,0.43678945205601205
high,30,18,0.45334348584603956,0.4533434858460398,cqi,0.12844639978752515,0.40980482477941554,0.35755033731157393,0.29686171679602463,0.33213874840834073
high,30,19,0.42569417940327264,0.42569417940327264,cost,0.12911306645419182,0.4142213291548818,0.33931384707522616,0.3475601339311853,0.3161523082067356
