dispersion,seed,scenario_index,method,utility,adr_kbps,served_ratio,average_quality,system_spectral_efficiency
low,1,0,No grouping,0.9326666666666669,7500.0,1.0,5.0,250.0
low,1,0,CQI k-means,0.9522459285111842,6355.333333333333,1.0,4.326666666666667,211.84444444444443
low,1,0,Resource-cost k-means,0.9326666666666669,7500.0,1.0,5.0,250.0
low,1,0,Multi-feature k-means,0.9450969728477964,6695.333333333333,1.0,4.526666666666666,223.17777777777778
low,1,0,Offline teacher,0.9332482288996723,7466.0,1.0,4.98,248.86666666666667
low,1,1,No grouping,0.9360000000000003,7500.0,1.0,5.0,250.0
low,1,1,CQI k-means,0.9423971845630603,7126.0,1.0,4.78,237.53333333333333
low,1,1,Resource-cost k-means,0.9375508326213481,7409.333333333333,1.0,4.946666666666666,246.9777777777778
low,1,1,Multi-feature k-means,0.9472435365047727,6842.666666666667,1.0,4.613333333333333,228.0888888888889
low,1,1,Offline teacher,0.9377446866990166,7398.0,1.0,4.94,246.6
low,1,2,No grouping,0.9313333333333337,7500.0,1.0,5.0,250.0
low,1,2,CQI k-means,0.9513003033331877,6332.666666666667,1.0,4.3133333333333335,211.0888888888889
low,1,2,Resource-cost k-means,0.9332718741100183,7386.666666666667,1.0,4.933333333333334,246.22222222222223
low,1,2,Multi-feature k-means,0.94335228614878,6797.333333333333,1.0,4.586666666666667,226.57777777777778
low,1,2,Offline teacher,0.9332718741100183,7386.666666666667,1.0,4.933333333333334,246.22222222222223
low,1,3,No grouping,0.9353333333333335,7500.0,1.0,5.0,250.0
low,1,3,CQI k-means,0.9425059342070676,7080.666666666667,1.0,4.753333333333333,236.0222222222222
low,1,3,Resource-cost k-means,0.9368841659546814,7409.333333333333,1.0,4.946666666666666,246.9777777777778
low,1,3,Multi-feature k-means,0.9428936423624047,7058.0,1.0,4.74,235.26666666666668
low,1,3,Offline teacher,0.9368841659546816,7409.333333333333,1.0,4.946666666666666,246.9777777777778
low,1,4,No grouping,0.9326666666666668,7500.0,1.0,5.0,250.0
low,1,4,CQI k-means,0.9404208297734065,7046.666666666667,1.0,4.733333333333333,234.88888888888889
low,1,4,Resource-cost k-means,0.9336359370550091,7443.333333333333,1.0,4.966666666666667,248.11111111111111
low,1,4,Multi-feature k-means,0.944879473559782,6786.0,1.0,4.58,226.2
low,1,4,Offline teacher,0.9342174992880149,7409.333333333333,1.0,4.946666666666666,246.9777777777778
low,1,5,No grouping,0.9340000000000002,7500.0,1.0,5.0,250.0
low,1,5,CQI k-means,0.9423357253397453,7012.666666666667,1.0,4.713333333333333,233.75555555555556
low,1,5,Resource-cost k-means,0.9361323948543535,7375.333333333333,1.0,4.926666666666667,245.84444444444443
low,1,5,Multi-feature k-means,0.9448558283494356,6865.333333333333,1.0,4.626666666666667,228.84444444444443
low,1,5,Offline teacher,0.9365201030096906,7352.666666666667,1.0,4.913333333333333,245.0888888888889
low,1,6,No grouping,0.9220000000000003,7500.0,1.0,5.0,250.0
low,1,6,CQI k-means,0.9330496824271042,6854.0,1.0,4.62,228.46666666666667
low,1,6,Resource-cost k-means,0.9249078111650275,7330.0,1.0,4.9,244.33333333333334
low,1,6,Multi-feature k-means,0.9328558283494359,6865.333333333333,1.0,4.626666666666667,228.84444444444443
low,1,6,Offline teacher,0.9262884349190531,7171.333333333333,1.0,4.806666666666667,239.04444444444445
low,1,7,No grouping,0.9340000000000002,7500.0,1.0,5.0,250.0
low,1,7,CQI k-means,0.9398156223300547,7160.0,1.0,4.8,238.66666666666666
low,1,7,Resource-cost k-means,0.9353569785436794,7420.666666666667,1.0,4.953333333333333,247.35555555555555
low,1,7,Multi-feature k-means,0.9439102031714394,6842.666666666667,1.0,4.613333333333333,228.0888888888889
low,1,7,Offline teacher,0.9365201030096906,7352.666666666667,1.0,4.913333333333333,245.0888888888889
low,1,8,No grouping,0.9306666666666669,7500.0,1.0,5.0,250.0
low,1,8,CQI k-means,0.9384208297734066,7046.666666666667,1.0,4.733333333333333,234.88888888888889
low,1,8,Resource-cost k-means,0.9324113533656834,7398.0,1.0,4.94,246.6
low,1,8,Multi-feature k-means,0.9409409327830969,6899.333333333333,1.0,4.6466666666666665,229.9777777777778
low,1,8,Offline teacher,0.9326052074433516,7386.666666666667,1.0,4.933333333333334,246.22222222222223
low,1,9,No grouping,0.9306666666666669,7500.0,1.0,5.0,250.0
low,1,9,CQI k-means,0.939002392006412,7012.666666666667,1.0,4.713333333333333,233.75555555555556
low,1,9,Resource-cost k-means,0.9310543748220038,7477.333333333333,1.0,4.986666666666666,249.24444444444444
low,1,9,Multi-feature k-means,0.9426856194821134,6797.333333333333,1.0,4.586666666666667,226.57777777777778
low,1,9,Offline teacher,0.9314420829773408,7454.666666666667,1.0,4.973333333333334,248.48888888888888
low,1,10,No grouping,0.9313333333333337,7500.0,1.0,5.0,250.0
low,1,10,CQI k-means,0.9383120801293994,7092.0,1.0,4.76,236.4
low,1,10,Resource-cost k-means,0.9324964577993444,7432.0,1.0,4.96,247.73333333333332
low,1,10,Multi-feature k-means,0.9414137453720951,6910.666666666667,1.0,4.653333333333333,230.35555555555555
low,1,10,Offline teacher,0.934652497864044,7228.0,1.0,4.84,240.93333333333334
low,1,11,No grouping,0.9306666666666669,7500.0,1.0,5.0,250.0
low,1,11,CQI k-means,0.9384208297734066,7046.666666666667,1.0,4.733333333333333,234.88888888888889
low,1,11,Resource-cost k-means,0.9306666666666669,7500.0,1.0,5.0,250.0
low,1,11,Multi-feature k-means,0.945787284724809,6616.0,1.0,4.48,220.53333333333333
low,1,11,Offline teacher,0.931900726763716,7194.0,1.0,4.82,239.8
low,1,12,No grouping,0.9333333333333336,7500.0,1.0,5.0,250.0
low,1,12,CQI k-means,0.9414752045954102,7024.0,1.0,4.72,234.13333333333333
low,1,12,Resource-cost k-means,0.9344964577993444,7432.0,1.0,4.96,247.73333333333332
low,1,12,Multi-feature k-means,0.9467329099028052,6638.666666666667,1.0,4.493333333333333,221.2888888888889
low,1,12,Offline teacher,0.9348841659546814,7409.333333333333,1.0,4.946666666666666,246.9777777777778
low,1,13,No grouping,0.932,7500.0,1.0,5.0,250.0
low,1,13,CQI k-means,0.9393664549514028,7069.333333333333,1.0,4.746666666666667,235.64444444444445
low,1,13,Resource-cost k-means,0.932,7500.0,1.0,5.0,250.0
low,1,13,Multi-feature k-means,0.9447943691261206,6752.0,1.0,4.56,225.06666666666666
low,1,13,Offline teacher,0.9337446866990168,7398.0,1.0,4.94,246.6
low,1,14,No grouping,0.934666666666667,7500.0,1.0,5.0,250.0
low,1,14,CQI k-means,0.9420331216180695,7069.333333333333,1.0,4.746666666666667,235.64444444444445
low,1,14,Resource-cost k-means,0.9369929155986889,7364.0,1.0,4.92,245.46666666666667
low,1,14,Multi-feature k-means,0.9424208297734066,7046.666666666667,1.0,4.733333333333333,234.88888888888889
low,1,14,Offline teacher,0.937574477831694,7330.0,1.0,4.9,244.33333333333334
low,1,15,No grouping,0.9313333333333335,7500.0,1.0,5.0,250.0
low,1,15,CQI k-means,0.9385059342070678,7080.666666666667,1.0,4.753333333333333,236.0222222222222
low,1,15,Resource-cost k-means,0.9313333333333335,7500.0,1.0,5.0,250.0
low,1,15,Multi-feature k-means,0.9408321831390896,6944.666666666667,1.0,4.673333333333333,231.48888888888888
low,1,15,Offline teacher,0.9340472904206923,7341.333333333333,1.0,4.906666666666666,244.7111111111111
low,1,16,No grouping,0.9340000000000002,7500.0,1.0,5.0,250.0
low,1,16,CQI k-means,0.9423357253397453,7012.666666666667,1.0,4.713333333333333,233.75555555555556
low,1,16,Resource-cost k-means,0.9357446866990167,7398.0,1.0,4.94,246.6
low,1,16,Multi-feature k-means,0.9438865579610933,6922.0,1.0,4.66,230.73333333333332
low,1,16,Offline teacher,0.9369078111650272,7330.0,1.0,4.9,244.33333333333334
low,1,17,No grouping,0.9320000000000005,7500.0,1.0,5.0,250.0
low,1,17,CQI k-means,0.9399480171844086,7035.333333333333,1.0,4.726666666666667,234.51111111111112
low,1,17,Resource-cost k-means,0.9331631244660112,7432.0,1.0,4.96,247.73333333333332
low,1,17,Multi-feature k-means,0.9430496824271042,6854.0,1.0,4.62,228.46666666666667
low,1,17,Offline teacher,0.9335508326213481,7409.333333333333,1.0,4.946666666666666,246.9777777777778
low,1,18,No grouping,0.9340000000000002,7500.0,1.0,5.0,250.0
low,1,18,CQI k-means,0.94175416310674,7046.666666666667,1.0,4.733333333333333,234.88888888888889
low,1,18,Resource-cost k-means,0.9340000000000002,7500.0,1.0,5.0,250.0
low,1,18,Multi-feature k-means,0.9466005150484521,6763.333333333333,1.0,4.566666666666666,225.44444444444446
low,1,18,Offline teacher,0.9359621859870311,7307.333333333333,1.0,4.886666666666667,243.57777777777778
low,1,19,No grouping,0.934666666666667,7500.0,1.0,5.0,250.0
low,1,19,CQI k-means,0.9428085379287434,7024.0,1.0,4.72,234.13333333333333
low,1,19,Resource-cost k-means,0.934666666666667,7500.0,1.0,5.0,250.0
low,1,19,Multi-feature k-means,0.946127702459454,6752.0,1.0,4.56,225.06666666666666
low,1,19,Offline teacher,0.9362174992880148,7409.333333333333,1.0,4.946666666666666,246.9777777777778
low,2,0,No grouping,0.936,7500.0,1.0,5.0,250.0
low,2,0,CQI k-means,0.9439480171844084,7035.333333333333,1.0,4.726666666666667,234.51111111111112
low,2,0,Resource-cost k-means,0.936,7500.0,1.0,5.0,250.0
low,2,0,Multi-feature k-means,0.9451347868607654,6888.0,1.0,4.64,229.6
low,2,0,Offline teacher,0.9379621859870311,7307.333333333333,1.0,4.886666666666667,243.57777777777778
low,2,1,No grouping,0.9313333333333335,7500.0,1.0,5.0,250.0
low,2,1,CQI k-means,0.9381182260517308,7103.333333333333,1.0,4.766666666666667,236.77777777777777
low,2,1,Resource-cost k-means,0.9332718741100184,7386.666666666667,1.0,4.933333333333334,246.22222222222223
low,2,1,Multi-feature k-means,0.9406383290614211,6956.0,1.0,4.68,231.86666666666667
low,2,1,Offline teacher,0.9338534363430236,7352.666666666667,1.0,4.913333333333333,245.0888888888889
low,2,2,No grouping,0.9413333333333335,7500.0,1.0,5.0,250.0
low,2,2,CQI k-means,0.9492813505177418,7035.333333333333,1.0,4.726666666666667,234.51111111111112
low,2,2,Resource-cost k-means,0.9413333333333335,7500.0,1.0,5.0,250.0
low,2,2,Multi-feature k-means,0.9519953076051008,6876.666666666667,1.0,4.633333333333334,229.22222222222223
low,2,2,Offline teacher,0.94307802003235,7398.0,1.0,4.94,246.6
low,2,3,No grouping,0.9253333333333336,7500.0,1.0,5.0,250.0
low,2,3,CQI k-means,0.9317305178963939,7126.0,1.0,4.78,237.53333333333333
low,2,3,Resource-cost k-means,0.926302603721676,7443.333333333333,1.0,4.966666666666667,248.11111111111111
low,2,3,Multi-feature k-means,0.9365768698381061,6842.666666666667,1.0,4.613333333333333,228.0888888888889
low,2,3,Offline teacher,0.9266903118770129,7420.666666666667,1.0,4.953333333333333,247.35555555555555
low,2,4,No grouping,0.9333333333333333,7500.0,1.0,5.0,250.0
low,2,4,CQI k-means,0.9414752045954102,7024.0,1.0,4.72,234.13333333333333
low,2,4,Resource-cost k-means,0.9333333333333333,7500.0,1.0,5.0,250.0
low,2,4,Multi-feature k-means,0.9447707239157745,6831.333333333333,1.0,4.6066666666666665,227.7111111111111
low,2,4,Offline teacher,0.9344964577993443,7432.0,1.0,4.96,247.73333333333332
low,2,5,No grouping,0.9313333333333335,7500.0,1.0,5.0,250.0
low,2,5,CQI k-means,0.9394752045954101,7024.0,1.0,4.72,234.13333333333333
low,2,5,Resource-cost k-means,0.9313333333333335,7500.0,1.0,5.0,250.0
low,2,5,Multi-feature k-means,0.9419953076051008,6876.666666666667,1.0,4.633333333333334,229.22222222222223
low,2,5,Offline teacher,0.9326903118770129,7420.666666666667,1.0,4.953333333333333,247.35555555555555
low,2,6,No grouping,0.934666666666667,7500.0,1.0,5.0,250.0
low,2,6,CQI k-means,0.9428085379287434,7024.0,1.0,4.72,234.13333333333333
low,2,6,Resource-cost k-means,0.934666666666667,7500.0,1.0,5.0,250.0
low,2,6,Multi-feature k-means,0.9462979113267764,6820.0,1.0,4.6,227.33333333333334
low,2,6,Offline teacher,0.9362174992880148,7409.333333333333,1.0,4.946666666666666,246.9777777777778
low,2,7,No grouping,0.9260000000000003,7500.0,1.0,5.0,250.0
low,2,7,CQI k-means,0.9339480171844083,7035.333333333333,1.0,4.726666666666667,234.51111111111112
low,2,7,Resource-cost k-means,0.9260000000000003,7500.0,1.0,5.0,250.0
low,2,7,Multi-feature k-means,0.9362742661164303,6899.333333333333,1.0,4.6466666666666665,229.9777777777778
low,2,7,Offline teacher,0.9281560400646997,7296.0,1.0,4.88,243.2
low,2,8,No grouping,0.932,7500.0,1.0,5.0,250.0
low,2,8,CQI k-means,0.9403357253397454,7012.666666666667,1.0,4.713333333333333,233.75555555555556
low,2,8,Resource-cost k-means,0.9335508326213483,7409.333333333333,1.0,4.946666666666666,246.9777777777778
low,2,8,Multi-feature k-means,0.9432435365047728,6842.666666666667,1.0,4.613333333333333,228.0888888888889
low,2,8,Offline teacher,0.9335508326213481,7409.333333333333,1.0,4.946666666666666,246.9777777777778
low,2,9,No grouping,0.9333333333333336,7500.0,1.0,5.0,250.0
low,2,9,CQI k-means,0.9401182260517307,7103.333333333333,1.0,4.766666666666667,236.77777777777777
low,2,9,Resource-cost k-means,0.9341087496440075,7454.666666666667,1.0,4.973333333333334,248.48888888888888
low,2,9,Multi-feature k-means,0.9416927038834247,6933.333333333333,1.0,4.666666666666667,231.11111111111111
low,2,9,Offline teacher,0.9346903118770128,7420.666666666667,1.0,4.953333333333333,247.35555555555555
low,2,10,No grouping,0.932,7500.0,1.0,5.0,250.0
low,2,10,CQI k-means,0.9399480171844083,7035.333333333333,1.0,4.726666666666667,234.51111111111112
low,2,10,Resource-cost k-means,0.932,7500.0,1.0,5.0,250.0
low,2,10,Multi-feature k-means,0.943437390582441,6831.333333333333,1.0,4.6066666666666665,227.7111111111111
low,2,10,Offline teacher,0.9341323948543535,7375.333333333333,1.0,4.926666666666667,245.84444444444443
low,2,11,No grouping,0.9220000000000003,7500.0,1.0,5.0,250.0
low,2,11,CQI k-means,0.9326619742717673,6876.666666666667,1.0,4.633333333333334,229.22222222222223
low,2,11,Resource-cost k-means,0.9241323948543535,7375.333333333333,1.0,4.926666666666667,245.84444444444443
low,2,11,Multi-feature k-means,0.9324681201940989,6888.0,1.0,4.64,229.6
low,2,11,Offline teacher,0.9245201030096905,7352.666666666667,1.0,4.913333333333333,245.0888888888889
low,2,12,No grouping,0.9386666666666668,7500.0,1.0,5.0,250.0
low,2,12,CQI k-means,0.9563073877344993,6468.666666666667,1.0,4.3933333333333335,215.62222222222223
low,2,12,Resource-cost k-means,0.9386666666666668,7500.0,1.0,5.0,250.0
low,2,12,Multi-feature k-means,0.9485532246277599,6922.0,1.0,4.66,230.73333333333332
low,2,12,Offline teacher,0.9394420829773407,7454.666666666667,1.0,4.973333333333334,248.48888888888888
low,2,13,No grouping,0.9233333333333336,7500.0,1.0,5.0,250.0
low,2,13,CQI k-means,0.9326383290614211,6956.0,1.0,4.68,231.86666666666667
low,2,13,Resource-cost k-means,0.9241087496440075,7454.666666666667,1.0,4.973333333333334,248.48888888888888
low,2,13,Multi-feature k-means,0.9369031187701279,6706.666666666667,1.0,4.533333333333333,223.55555555555554
low,2,13,Offline teacher,0.9250780200323501,7398.0,1.0,4.94,246.6
low,2,14,No grouping,0.9313333333333337,7500.0,1.0,5.0,250.0
low,2,14,CQI k-means,0.9404444749837529,6967.333333333333,1.0,4.6866666666666665,232.24444444444444
low,2,14,Resource-cost k-means,0.9323026037216757,7443.333333333333,1.0,4.966666666666667,248.11111111111111
low,2,14,Multi-feature k-means,0.9452908269254648,6684.0,1.0,4.52,222.8
low,2,14,Offline teacher,0.9336595822653555,7364.0,1.0,4.92,245.46666666666667
low,2,15,No grouping,0.9353333333333336,7500.0,1.0,5.0,250.0
low,2,15,CQI k-means,0.9430874964400732,7046.666666666667,1.0,4.733333333333333,234.88888888888889
low,2,15,Resource-cost k-means,0.9368841659546814,7409.333333333333,1.0,4.946666666666666,246.9777777777778
low,2,15,Multi-feature k-means,0.9485154106147907,6729.333333333333,1.0,4.546666666666667,224.3111111111111
low,2,15,Offline teacher,0.9370780200323501,7398.0,1.0,4.94,246.6
low,2,16,No grouping,0.9320000000000003,7500.0,1.0,5.0,250.0
low,2,16,CQI k-means,0.9411111416504195,6967.333333333333,1.0,4.6866666666666665,232.24444444444444
low,2,16,Resource-cost k-means,0.9320000000000003,7500.0,1.0,5.0,250.0
low,2,16,Multi-feature k-means,0.9411111416504195,6967.333333333333,1.0,4.6866666666666665,232.24444444444444
low,2,16,Offline teacher,0.9337446866990164,7398.0,1.0,4.94,246.6
low,2,17,No grouping,0.9273333333333335,7500.0,1.0,5.0,250.0
low,2,17,CQI k-means,0.9356690586730787,7012.666666666667,1.0,4.713333333333333,233.75555555555556
low,2,17,Resource-cost k-means,0.9273333333333335,7500.0,1.0,5.0,250.0
low,2,17,Multi-feature k-means,0.9376075994497636,6899.333333333333,1.0,4.6466666666666665,229.9777777777778
low,2,17,Offline teacher,0.9279148955663391,7466.0,1.0,4.98,248.86666666666667
low,2,18,No grouping,0.9340000000000002,7500.0,1.0,5.0,250.0
low,2,18,CQI k-means,0.9413664549514029,7069.333333333333,1.0,4.746666666666667,235.64444444444445
low,2,18,Resource-cost k-means,0.9340000000000002,7500.0,1.0,5.0,250.0
low,2,18,Multi-feature k-means,0.9429172875727507,6978.666666666667,1.0,4.693333333333333,232.62222222222223
low,2,18,Offline teacher,0.9357446866990167,7398.0,1.0,4.94,246.6
low,2,19,No grouping,0.9293333333333336,7500.0,1.0,5.0,250.0
low,2,19,CQI k-means,0.9363120801293993,7092.0,1.0,4.76,236.4
low,2,19,Resource-cost k-means,0.9293333333333336,7500.0,1.0,5.0,250.0
low,2,19,Multi-feature k-means,0.9398014535274322,6888.0,1.0,4.64,229.6
low,2,19,Offline teacher,0.9316595822653555,7364.0,1.0,4.92,245.46666666666667
low,3,0,No grouping,0.9333333333333336,7500.0,1.0,5.0,250.0
low,3,0,CQI k-means,0.9412813505177416,7035.333333333333,1.0,4.726666666666667,234.51111111111112
low,3,0,Resource-cost k-means,0.9343026037216757,7443.333333333333,1.0,4.966666666666667,248.11111111111111
low,3,0,Multi-feature k-means,0.943026037216758,6933.333333333333,1.0,4.666666666666667,231.11111111111111
low,3,0,Offline teacher,0.9344964577993443,7432.0,1.0,4.96,247.73333333333332
low,3,1,No grouping,0.9306666666666669,7500.0,1.0,5.0,250.0
low,3,1,CQI k-means,0.9388085379287436,7024.0,1.0,4.72,234.13333333333333
low,3,1,Resource-cost k-means,0.9306666666666669,7500.0,1.0,5.0,250.0
low,3,1,Multi-feature k-means,0.9446241602587983,6684.0,1.0,4.52,222.8
low,3,1,Offline teacher,0.9326524978640441,7228.0,1.0,4.84,240.93333333333334
low,3,2,No grouping,0.9420000000000001,7500.0,1.0,5.0,250.0
low,3,2,CQI k-means,0.9588653047571586,6514.0,1.0,4.42,217.13333333333333
low,3,2,Resource-cost k-means,0.942775416310674,7454.666666666667,1.0,4.973333333333334,248.48888888888888
low,3,2,Multi-feature k-means,0.9514988498057562,6944.666666666667,1.0,4.673333333333333,231.48888888888888
low,3,2,Offline teacher,0.9429692703883426,7443.333333333333,1.0,4.966666666666667,248.11111111111111
low,3,3,No grouping,0.9273333333333335,7500.0,1.0,5.0,250.0
low,3,3,CQI k-means,0.9368321831390897,6944.666666666667,1.0,4.673333333333333,231.48888888888888
low,3,3,Resource-cost k-means,0.9300472904206922,7341.333333333333,1.0,4.906666666666666,244.7111111111111
low,3,3,Multi-feature k-means,0.9345059342070677,7080.666666666667,1.0,4.753333333333333,236.0222222222222
low,3,3,Offline teacher,0.9304822889967216,7160.0,1.0,4.8,238.66666666666666
low,3,4,No grouping,0.9280000000000003,7500.0,1.0,5.0,250.0
low,3,4,CQI k-means,0.9382742661164302,6899.333333333333,1.0,4.6466666666666665,229.9777777777778
low,3,4,Resource-cost k-means,0.9311016652426959,7318.666666666667,1.0,4.8933333333333335,243.95555555555555
low,3,4,Multi-feature k-means,0.9411820772814574,6729.333333333333,1.0,4.546666666666667,224.3111111111111
low,3,4,Offline teacher,0.931489373398033,7296.0,1.0,4.88,243.2
low,3,5,No grouping,0.9346666666666668,7500.0,1.0,5.0,250.0
low,3,5,CQI k-means,0.9536643662781789,6389.333333333333,1.0,4.346666666666667,212.9777777777778
low,3,5,Resource-cost k-means,0.9356359370550092,7443.333333333333,1.0,4.966666666666667,248.11111111111111
low,3,5,Multi-feature k-means,0.9493995765694719,6638.666666666667,1.0,4.493333333333333,221.2888888888889
low,3,5,Offline teacher,0.9362411444983606,7330.0,1.0,4.9,244.33333333333334
low,3,6,No grouping,0.9306666666666669,7500.0,1.0,5.0,250.0
low,3,6,CQI k-means,0.9386146838510752,7035.333333333333,1.0,4.726666666666667,234.51111111111112
low,3,6,Resource-cost k-means,0.9318297911326777,7432.0,1.0,4.96,247.73333333333332
low,3,6,Multi-feature k-means,0.9440425980257927,6718.0,1.0,4.54,223.93333333333334
low,3,6,Offline teacher,0.9322174992880148,7409.333333333333,1.0,4.946666666666666,246.9777777777778
low,3,7,No grouping,0.9333333333333336,7500.0,1.0,5.0,250.0
low,3,7,CQI k-means,0.9410874964400732,7046.666666666667,1.0,4.733333333333333,234.88888888888889
low,3,7,Resource-cost k-means,0.9352718741100183,7386.666666666667,1.0,4.933333333333334,246.22222222222223
low,3,7,Multi-feature k-means,0.943801453527432,6888.0,1.0,4.64,229.6
low,3,7,Offline teacher,0.9358534363430238,7352.666666666667,1.0,4.913333333333333,245.0888888888889
low,3,8,No grouping,0.9333333333333336,7500.0,1.0,5.0,250.0
low,3,8,CQI k-means,0.9410874964400732,7046.666666666667,1.0,4.733333333333333,234.88888888888889
low,3,8,Resource-cost k-means,0.9343026037216757,7443.333333333333,1.0,4.966666666666667,248.11111111111111
low,3,8,Multi-feature k-means,0.9457399943041167,6774.666666666667,1.0,4.573333333333333,225.82222222222222
low,3,8,Offline teacher,0.9348841659546815,7409.333333333333,1.0,4.946666666666666,246.9777777777778
low,3,9,No grouping,0.9353333333333336,7500.0,1.0,5.0,250.0
low,3,9,CQI k-means,0.9438629127507471,7001.333333333333,1.0,4.706666666666667,233.37777777777777
low,3,9,Resource-cost k-means,0.9374657281876868,7375.333333333333,1.0,4.926666666666667,245.84444444444443
low,3,9,Multi-feature k-means,0.9463830157604375,6854.0,1.0,4.62,228.46666666666667
low,3,9,Offline teacher,0.9378534363430239,7352.666666666667,1.0,4.913333333333333,245.0888888888889
low,3,10,No grouping,0.9286666666666668,7500.0,1.0,5.0,250.0
low,3,10,CQI k-means,0.9387470787054284,6910.666666666667,1.0,4.653333333333333,230.35555555555555
low,3,10,Resource-cost k-means,0.9311867696763572,7352.666666666667,1.0,4.913333333333333,245.0888888888889
low,3,10,Multi-feature k-means,0.9399102031714393,6842.666666666667,1.0,4.613333333333333,228.0888888888889
low,3,10,Offline teacher,0.9311867696763572,7352.666666666667,1.0,4.913333333333333,245.0888888888889
low,3,11,No grouping,0.9373333333333335,7500.0,1.0,5.0,250.0
low,3,11,CQI k-means,0.9454752045954101,7024.0,1.0,4.72,234.13333333333333
low,3,11,Resource-cost k-means,0.9379148955663389,7466.0,1.0,4.98,248.86666666666667
low,3,11,Multi-feature k-means,0.9493522861487801,6797.333333333333,1.0,4.586666666666667,226.57777777777778
low,3,11,Offline teacher,0.9379148955663389,7466.0,1.0,4.98,248.86666666666667
low,3,12,No grouping,0.9326666666666669,7500.0,1.0,5.0,250.0
low,3,12,CQI k-means,0.9394515593850641,7103.333333333333,1.0,4.766666666666667,236.77777777777777
low,3,12,Resource-cost k-means,0.9344113533656833,7398.0,1.0,4.94,246.6
low,3,12,Multi-feature k-means,0.9444917654044448,6808.666666666667,1.0,4.593333333333334,226.95555555555555
low,3,12,Offline teacher,0.9347990615210201,7375.333333333333,1.0,4.926666666666667,245.84444444444443
low,3,13,No grouping,0.9313333333333335,7500.0,1.0,5.0,250.0
low,3,13,CQI k-means,0.9406383290614212,6956.0,1.0,4.68,231.86666666666667
low,3,13,Resource-cost k-means,0.9313333333333335,7500.0,1.0,5.0,250.0
low,3,13,Multi-feature k-means,0.9439338483817854,6763.333333333333,1.0,4.566666666666666,225.44444444444446
low,3,13,Offline teacher,0.9328841659546815,7409.333333333333,1.0,4.946666666666666,246.9777777777778
low,3,14,No grouping,0.9286666666666668,7500.0,1.0,5.0,250.0
low,3,14,CQI k-means,0.9356454134627327,7092.0,1.0,4.76,236.4
low,3,14,Resource-cost k-means,0.9286666666666668,7500.0,1.0,5.0,250.0
low,3,14,Multi-feature k-means,0.9387470787054284,6910.666666666667,1.0,4.653333333333333,230.35555555555555
low,3,14,Offline teacher,0.9302174992880149,7409.333333333333,1.0,4.946666666666666,246.9777777777778
low,3,15,No grouping,0.9360000000000003,7500.0,1.0,5.0,250.0
low,3,15,CQI k-means,0.9439480171844084,7035.333333333333,1.0,4.726666666666667,234.51111111111112
low,3,15,Resource-cost k-means,0.9360000000000003,7500.0,1.0,5.0,250.0
low,3,15,Multi-feature k-means,0.9474373905824413,6831.333333333333,1.0,4.6066666666666665,227.7111111111111
low,3,15,Offline teacher,0.9367754163106742,7454.666666666667,1.0,4.973333333333334,248.48888888888888
low,3,16,No grouping,0.9233333333333337,7500.0,1.0,5.0,250.0
low,3,16,CQI k-means,0.9322506209060842,6978.666666666667,1.0,4.693333333333333,232.62222222222223
low,3,16,Resource-cost k-means,0.9241087496440075,7454.666666666667,1.0,4.973333333333334,248.48888888888888
low,3,16,Multi-feature k-means,0.9341891616827691,6865.333333333333,1.0,4.626666666666667,228.84444444444443
low,3,16,Offline teacher,0.92655322462776,6922.0,1.0,4.66,230.73333333333332
low,3,17,No grouping,0.9340000000000004,7500.0,1.0,5.0,250.0
low,3,17,CQI k-means,0.9409787467960659,7092.0,1.0,4.76,236.4
low,3,17,Resource-cost k-means,0.9340000000000004,7500.0,1.0,5.0,250.0
low,3,17,Multi-feature k-means,0.9481513476698001,6672.666666666667,1.0,4.513333333333334,222.42222222222222
low,3,17,Offline teacher,0.935938540776685,7386.666666666667,1.0,4.933333333333334,246.22222222222223
low,3,18,No grouping,0.9366666666666669,7500.0,1.0,5.0,250.0
low,3,18,CQI k-means,0.94267614307439,7148.666666666667,1.0,4.793333333333333,238.2888888888889
low,3,18,Resource-cost k-means,0.9380236452103463,7420.666666666667,1.0,4.953333333333333,247.35555555555555
low,3,18,Multi-feature k-means,0.9436454134627326,7092.0,1.0,4.76,236.4
low,3,18,Offline teacher,0.9382174992880149,7409.333333333333,1.0,4.946666666666666,246.9777777777778
low,3,19,No grouping,0.9300000000000004,7500.0,1.0,5.0,250.0
low,3,19,CQI k-means,0.9393049957280878,6956.0,1.0,4.68,231.86666666666667
low,3,19,Resource-cost k-means,0.9317446866990167,7398.0,1.0,4.94,246.6
low,3,19,Multi-feature k-means,0.9416312446601097,6820.0,1.0,4.6,227.33333333333334
low,3,19,Offline teacher,0.9325201030096906,7352.666666666667,1.0,4.913333333333333,245.0888888888889
low,4,0,No grouping,0.9306666666666669,7500.0,1.0,5.0,250.0
low,4,0,CQI k-means,0.9508274907441898,6321.333333333333,1.0,4.306666666666667,210.7111111111111
low,4,0,Resource-cost k-means,0.9310543748220037,7477.333333333333,1.0,4.986666666666666,249.24444444444444
low,4,0,Multi-feature k-means,0.9397260952222499,6635.333333333333,1.0,4.5,221.17777777777778
low,4,0,Offline teacher,0.9322174992880148,7409.333333333333,1.0,4.946666666666666,246.9777777777778
low,4,1,No grouping,0.9293333333333336,7500.0,1.0,5.0,250.0
low,4,1,CQI k-means,0.9498818655661933,6298.666666666667,1.0,4.293333333333333,209.95555555555555
low,4,1,Resource-cost k-means,0.9293333333333336,7500.0,1.0,5.0,250.0
low,4,1,Multi-feature k-means,0.9423215565371226,6740.666666666667,1.0,4.553333333333334,224.6888888888889
low,4,1,Offline teacher,0.9308841659546816,7409.333333333333,1.0,4.946666666666666,246.9777777777778
low,4,2,No grouping,0.9393333333333336,7500.0,1.0,5.0,250.0
low,4,2,CQI k-means,0.9468936423624048,7058.0,1.0,4.74,235.26666666666668
low,4,2,Resource-cost k-means,0.9412718741100184,7386.666666666667,1.0,4.933333333333334,246.22222222222223
low,4,2,Multi-feature k-means,0.9480567668284158,6990.0,1.0,4.7,233.0
low,4,2,Offline teacher,0.9412718741100184,7386.666666666667,1.0,4.933333333333334,246.22222222222223
low,4,3,No grouping,0.9333333333333337,7500.0,1.0,5.0,250.0
low,4,3,CQI k-means,0.9408936423624048,7058.0,1.0,4.74,235.26666666666668
low,4,3,Resource-cost k-means,0.9344964577993444,7432.0,1.0,4.96,247.73333333333332
low,4,3,Multi-feature k-means,0.9422506209060842,6978.666666666667,1.0,4.693333333333333,232.62222222222223
low,4,3,Offline teacher,0.9354657281876869,7375.333333333333,1.0,4.926666666666667,245.84444444444443
low,4,4,No grouping,0.9333333333333336,7500.0,1.0,5.0,250.0
low,4,4,CQI k-means,0.9418629127507472,7001.333333333333,1.0,4.706666666666667,233.37777777777777
low,4,4,Resource-cost k-means,0.9337210414886704,7477.333333333333,1.0,4.986666666666666,249.24444444444444
low,4,4,Multi-feature k-means,0.944576869838106,6842.666666666667,1.0,4.613333333333333,228.0888888888889
low,4,4,Offline teacher,0.9348841659546815,7409.333333333333,1.0,4.946666666666666,246.9777777777778
low,4,5,No grouping,0.9406666666666669,7500.0,1.0,5.0,250.0
low,4,5,CQI k-means,0.9579196795791624,6491.333333333333,1.0,4.406666666666666,216.37777777777777
low,4,5,Resource-cost k-means,0.941635937055009,7443.333333333333,1.0,4.966666666666667,248.11111111111111
low,4,5,Multi-feature k-means,0.9538487439481241,6729.333333333333,1.0,4.546666666666667,224.3111111111111
low,4,5,Offline teacher,0.9416359370550093,7443.333333333333,1.0,4.966666666666667,248.11111111111111
low,4,6,No grouping,0.9340000000000002,7500.0,1.0,5.0,250.0
low,4,6,CQI k-means,0.9413664549514029,7069.333333333333,1.0,4.746666666666667,235.64444444444445
low,4,6,Resource-cost k-means,0.9340000000000002,7500.0,1.0,5.0,250.0
low,4,6,Multi-feature k-means,0.9454373905824411,6831.333333333333,1.0,4.6066666666666665,227.7111111111111
low,4,6,Offline teacher,0.9353569785436796,7420.666666666667,1.0,4.953333333333333,247.35555555555555
low,4,7,No grouping,0.9333333333333336,7500.0,1.0,5.0,250.0
low,4,7,CQI k-means,0.9432198912944265,6922.0,1.0,4.66,230.73333333333332
low,4,7,Resource-cost k-means,0.9356595822653553,7364.0,1.0,4.92,245.46666666666667
low,4,7,Multi-feature k-means,0.9486478054691441,6604.666666666667,1.0,4.473333333333334,220.15555555555557
low,4,7,Offline teacher,0.9360472904206922,7341.333333333333,1.0,4.906666666666666,244.7111111111111
low,4,8,No grouping,0.9326666666666669,7500.0,1.0,5.0,250.0
low,4,8,CQI k-means,0.9404208297734067,7046.666666666667,1.0,4.733333333333333,234.88888888888889
low,4,8,Resource-cost k-means,0.9338297911326776,7432.0,1.0,4.96,247.73333333333332
low,4,8,Multi-feature k-means,0.9442979113267764,6820.0,1.0,4.6,227.33333333333334
low,4,8,Offline teacher,0.9344113533656833,7398.0,1.0,4.94,246.6
low,4,9,No grouping,0.9300000000000002,7500.0,1.0,5.0,250.0
low,4,9,CQI k-means,0.9396927038834249,6933.333333333333,1.0,4.666666666666667,231.11111111111111
low,4,9,Resource-cost k-means,0.9311631244660109,7432.0,1.0,4.96,247.73333333333332
low,4,9,Multi-feature k-means,0.9424066609707836,6774.666666666667,1.0,4.573333333333333,225.82222222222222
low,4,9,Offline teacher,0.9311631244660111,7432.0,1.0,4.96,247.73333333333332
low,4,10,No grouping,0.9280000000000003,7500.0,1.0,5.0,250.0
low,4,10,CQI k-means,0.9384681201940986,6888.0,1.0,4.64,229.6
low,4,10,Resource-cost k-means,0.9280000000000003,7500.0,1.0,5.0,250.0
low,4,10,Multi-feature k-means,0.9394373905824412,6831.333333333333,1.0,4.6066666666666665,227.7111111111111
low,4,10,Offline teacher,0.9307139570873588,7341.333333333333,1.0,4.906666666666666,244.7111111111111
low,4,11,No grouping,0.9313333333333335,7500.0,1.0,5.0,250.0
low,4,11,CQI k-means,0.9386997882847362,7069.333333333333,1.0,4.746666666666667,235.64444444444445
low,4,11,Resource-cost k-means,0.9313333333333335,7500.0,1.0,5.0,250.0
low,4,11,Multi-feature k-means,0.9398629127507472,7001.333333333333,1.0,4.706666666666667,233.37777777777777
low,4,11,Offline teacher,0.9328841659546815,7409.333333333333,1.0,4.946666666666666,246.9777777777778
low,4,12,No grouping,0.9366666666666669,7500.0,1.0,5.0,250.0
low,4,12,CQI k-means,0.9451962460840806,7001.333333333333,1.0,4.706666666666667,233.37777777777777
low,4,12,Resource-cost k-means,0.9382174992880149,7409.333333333333,1.0,4.946666666666666,246.9777777777778
low,4,12,Multi-feature k-means,0.945002392006412,7012.666666666667,1.0,4.713333333333333,233.75555555555556
low,4,12,Offline teacher,0.9386052074433517,7386.666666666667,1.0,4.933333333333334,246.22222222222223
low,4,13,No grouping,0.9406666666666669,7500.0,1.0,5.0,250.0
low,4,13,CQI k-means,0.9493901001617489,6990.0,1.0,4.7,233.0
low,4,13,Resource-cost k-means,0.9418297911326776,7432.0,1.0,4.96,247.73333333333332
low,4,13,Multi-feature k-means,0.9499953076051006,6876.666666666667,1.0,4.633333333333334,229.22222222222223
low,4,13,Offline teacher,0.9424113533656834,7398.0,1.0,4.94,246.6
low,4,14,No grouping,0.9373333333333337,7500.0,1.0,5.0,250.0
low,4,14,CQI k-means,0.9443120801293992,7092.0,1.0,4.76,236.4
low,4,14,Resource-cost k-means,0.9390780200323502,7398.0,1.0,4.94,246.6
low,4,14,Multi-feature k-means,0.9390780200323502,7398.0,1.0,4.94,246.6
low,4,14,Offline teacher,0.9392718741100183,7386.666666666667,1.0,4.933333333333334,246.22222222222223
low,4,15,No grouping,0.9393333333333336,7500.0,1.0,5.0,250.0
low,4,15,CQI k-means,0.9463120801293993,7092.0,1.0,4.76,236.4
low,4,15,Resource-cost k-means,0.9393333333333336,7500.0,1.0,5.0,250.0
low,4,15,Multi-feature k-means,0.9505768698381061,6842.666666666667,1.0,4.613333333333333,228.0888888888889
low,4,15,Offline teacher,0.9414657281876867,7375.333333333333,1.0,4.926666666666667,245.84444444444443
low,4,16,No grouping,0.9280000000000003,7500.0,1.0,5.0,250.0
low,4,16,CQI k-means,0.9487423863105285,6287.333333333333,1.0,4.286666666666667,209.57777777777778
low,4,16,Resource-cost k-means,0.9295508326213481,7409.333333333333,1.0,4.946666666666666,246.9777777777778
low,4,16,Multi-feature k-means,0.9378865579610933,6922.0,1.0,4.66,230.73333333333332
low,4,16,Offline teacher,0.9297446866990167,7398.0,1.0,4.94,246.6
low,4,17,No grouping,0.9360000000000003,7500.0,1.0,5.0,250.0
low,4,17,CQI k-means,0.942978746796066,7092.0,1.0,4.76,236.4
low,4,17,Resource-cost k-means,0.9377446866990166,7398.0,1.0,4.94,246.6
low,4,17,Multi-feature k-means,0.9454988498057564,6944.666666666667,1.0,4.673333333333333,231.48888888888888
low,4,17,Offline teacher,0.9377446866990166,7398.0,1.0,4.94,246.6
low,4,18,No grouping,0.9380000000000003,7500.0,1.0,5.0,250.0
low,4,18,CQI k-means,0.9447848927183973,7103.333333333333,1.0,4.766666666666667,236.77777777777777
low,4,18,Resource-cost k-means,0.9393569785436798,7420.666666666667,1.0,4.953333333333333,247.35555555555555
low,4,18,Multi-feature k-means,0.9478865579610931,6922.0,1.0,4.66,230.73333333333332
low,4,18,Offline teacher,0.9393569785436794,7420.666666666667,1.0,4.953333333333333,247.35555555555555
low,4,19,No grouping,0.9366666666666666,7500.0,1.0,5.0,250.0
low,4,19,CQI k-means,0.9448085379287435,7024.0,1.0,4.72,234.13333333333333
low,4,19,Resource-cost k-means,0.9386052074433517,7386.666666666667,1.0,4.933333333333334,246.22222222222223
low,4,19,Multi-feature k-means,0.9459716623947543,6956.0,1.0,4.68,231.86666666666667
low,4,19,Offline teacher,0.9386052074433517,7386.666666666667,1.0,4.933333333333334,246.22222222222223
low,5,0,No grouping,0.9306666666666669,7500.0,1.0,5.0,250.0
low,5,0,CQI k-means,0.9388085379287436,7024.0,1.0,4.72,234.13333333333333
low,5,0,Resource-cost k-means,0.9322174992880148,7409.333333333333,1.0,4.946666666666666,246.9777777777778
low,5,0,Multi-feature k-means,0.941328640938434,6876.666666666667,1.0,4.633333333333334,229.22222222222223
low,5,0,Offline teacher,0.9324113533656831,7398.0,1.0,4.94,246.6
low,5,1,No grouping,0.9333333333333337,7500.0,1.0,5.0,250.0
low,5,1,CQI k-means,0.9410874964400732,7046.666666666667,1.0,4.733333333333333,234.88888888888889
low,5,1,Resource-cost k-means,0.9344964577993444,7432.0,1.0,4.96,247.73333333333332
low,5,1,Multi-feature k-means,0.9447707239157745,6831.333333333333,1.0,4.6066666666666665,227.7111111111111
low,5,1,Offline teacher,0.9348841659546814,7409.333333333333,1.0,4.946666666666666,246.9777777777778
low,5,2,No grouping,0.932,7500.0,1.0,5.0,250.0
low,5,2,CQI k-means,0.9399480171844083,7035.333333333333,1.0,4.726666666666667,234.51111111111112
low,5,2,Resource-cost k-means,0.932,7500.0,1.0,5.0,250.0
low,5,2,Multi-feature k-means,0.943437390582441,6831.333333333333,1.0,4.6066666666666665,227.7111111111111
low,5,2,Offline teacher,0.9347139570873588,7341.333333333333,1.0,4.906666666666666,244.7111111111111
low,5,3,No grouping,0.9380000000000002,7500.0,1.0,5.0,250.0
low,5,3,CQI k-means,0.9471111416504194,6967.333333333333,1.0,4.6866666666666665,232.24444444444444
low,5,3,Resource-cost k-means,0.939550832621348,7409.333333333333,1.0,4.946666666666666,246.9777777777778
low,5,3,Multi-feature k-means,0.9527329099028055,6638.666666666667,1.0,4.493333333333333,221.2888888888889
low,5,3,Offline teacher,0.9397446866990167,7398.0,1.0,4.94,246.6
low,5,4,No grouping,0.9280000000000002,7500.0,1.0,5.0,250.0
low,5,4,CQI k-means,0.9369172875727508,6978.666666666667,1.0,4.693333333333333,232.62222222222223
low,5,4,Resource-cost k-means,0.9301323948543535,7375.333333333333,1.0,4.926666666666667,245.84444444444443
low,5,4,Multi-feature k-means,0.9386619742717673,6876.666666666667,1.0,4.633333333333334,229.22222222222223
low,5,4,Offline teacher,0.9303262489320219,7364.0,1.0,4.92,245.46666666666667
low,5,5,No grouping,0.9413333333333337,7500.0,1.0,5.0,250.0
low,5,5,CQI k-means,0.9583924921681607,6502.666666666667,1.0,4.413333333333333,216.75555555555556
low,5,5,Resource-cost k-means,0.9413333333333337,7500.0,1.0,5.0,250.0
low,5,5,Multi-feature k-means,0.9531584320711115,6808.666666666667,1.0,4.593333333333334,226.95555555555555
low,5,5,Offline teacher,0.9423026037216758,7443.333333333333,1.0,4.966666666666667,248.11111111111111
low,5,6,No grouping,0.9380000000000002,7500.0,1.0,5.0,250.0
low,5,6,CQI k-means,0.9558345751455011,6457.333333333333,1.0,4.386666666666667,215.24444444444444
low,5,6,Resource-cost k-means,0.939163124466011,7432.0,1.0,4.96,247.73333333333332
low,5,6,Multi-feature k-means,0.9492435365047726,6842.666666666667,1.0,4.613333333333333,228.0888888888889
low,5,6,Offline teacher,0.9391631244660112,7432.0,1.0,4.96,247.73333333333332
low,5,7,No grouping,0.9293333333333336,7500.0,1.0,5.0,250.0
low,5,7,CQI k-means,0.9390260372167583,6933.333333333333,1.0,4.666666666666667,231.11111111111111
low,5,7,Resource-cost k-means,0.9320472904206923,7341.333333333333,1.0,4.906666666666666,244.7111111111111
low,5,7,Multi-feature k-means,0.9419338483817853,6763.333333333333,1.0,4.566666666666666,225.44444444444446
low,5,7,Offline teacher,0.9324349985760292,7318.666666666667,1.0,4.8933333333333335,243.95555555555555
low,5,8,No grouping,0.9253333333333336,7500.0,1.0,5.0,250.0
low,5,8,CQI k-means,0.9328936423624049,7058.0,1.0,4.74,235.26666666666668
low,5,8,Resource-cost k-means,0.9253333333333336,7500.0,1.0,5.0,250.0
low,5,8,Multi-feature k-means,0.9323120801293991,7092.0,1.0,4.76,236.4
low,5,8,Offline teacher,0.9284586437863754,7239.333333333333,1.0,4.846666666666667,241.3111111111111
low,5,9,No grouping,0.934666666666667,7500.0,1.0,5.0,250.0
low,5,9,CQI k-means,0.943390100161749,6990.0,1.0,4.7,233.0
low,5,9,Resource-cost k-means,0.9358297911326775,7432.0,1.0,4.96,247.73333333333332
low,5,9,Multi-feature k-means,0.945328640938434,6876.666666666667,1.0,4.633333333333334,229.22222222222223
low,5,9,Offline teacher,0.9367990615210201,7375.333333333333,1.0,4.926666666666667,245.84444444444443
low,5,10,No grouping,0.9340000000000002,7500.0,1.0,5.0,250.0
low,5,10,CQI k-means,0.942917287572751,6978.666666666667,1.0,4.693333333333333,232.62222222222223
low,5,10,Resource-cost k-means,0.9340000000000002,7500.0,1.0,5.0,250.0
low,5,10,Multi-feature k-means,0.9431111416504194,6967.333333333333,1.0,4.6866666666666665,232.24444444444444
low,5,10,Offline teacher,0.9361323948543537,7375.333333333333,1.0,4.926666666666667,245.84444444444443
low,5,11,No grouping,0.9366666666666666,7500.0,1.0,5.0,250.0
low,5,11,CQI k-means,0.9444208297734065,7046.666666666667,1.0,4.733333333333333,234.88888888888889
low,5,11,Resource-cost k-means,0.9366666666666666,7500.0,1.0,5.0,250.0
low,5,11,Multi-feature k-means,0.9481040572491078,6831.333333333333,1.0,4.6066666666666665,227.7111111111111
low,5,11,Offline teacher,0.9376359370550091,7443.333333333333,1.0,4.966666666666667,248.11111111111111
low,5,12,No grouping,0.9353333333333335,7500.0,1.0,5.0,250.0
low,5,12,CQI k-means,0.9438629127507473,7001.333333333333,1.0,4.706666666666667,233.37777777777777
low,5,12,Resource-cost k-means,0.9363026037216761,7443.333333333333,1.0,4.966666666666667,248.11111111111111
low,5,12,Multi-feature k-means,0.9477399943041168,6774.666666666667,1.0,4.573333333333333,225.82222222222222
low,5,12,Offline teacher,0.9364964577993445,7432.0,1.0,4.96,247.73333333333332
low,5,13,No grouping,0.9293333333333336,7500.0,1.0,5.0,250.0
low,5,13,CQI k-means,0.9365059342070677,7080.666666666667,1.0,4.753333333333333,236.0222222222222
low,5,13,Resource-cost k-means,0.9303026037216758,7443.333333333333,1.0,4.966666666666667,248.11111111111111
low,5,13,Multi-feature k-means,0.9404186184363348,6801.333333333333,1.0,4.593333333333334,226.7111111111111
low,5,13,Offline teacher,0.9316595822653555,7364.0,1.0,4.92,245.46666666666667
low,5,14,No grouping,0.9300000000000004,7500.0,1.0,5.0,250.0
low,5,14,CQI k-means,0.9373664549514028,7069.333333333333,1.0,4.746666666666667,235.64444444444445
low,5,14,Resource-cost k-means,0.9311631244660111,7432.0,1.0,4.96,247.73333333333332
low,5,14,Multi-feature k-means,0.9375280881911935,6288.666666666667,1.0,4.3133333333333335,209.62222222222223
low,5,14,Offline teacher,0.9311631244660109,7432.0,1.0,4.96,247.73333333333332
low,5,15,No grouping,0.9360000000000003,7500.0,1.0,5.0,250.0
low,5,15,CQI k-means,0.9443357253397454,7012.666666666667,1.0,4.713333333333333,233.75555555555556
low,5,15,Resource-cost k-means,0.9373569785436797,7420.666666666667,1.0,4.953333333333333,247.35555555555555
low,5,15,Multi-feature k-means,0.9511206180581422,6616.0,1.0,4.48,220.53333333333333
low,5,15,Offline teacher,0.9375508326213481,7409.333333333333,1.0,4.946666666666666,246.9777777777778
low,5,16,No grouping,0.9340000000000002,7500.0,1.0,5.0,250.0
low,5,16,CQI k-means,0.9433049957280878,6956.0,1.0,4.68,231.86666666666667
low,5,16,Resource-cost k-means,0.9347754163106741,7454.666666666667,1.0,4.973333333333334,248.48888888888888
low,5,16,Multi-feature k-means,0.9458250987377782,6808.666666666667,1.0,4.593333333333334,226.95555555555555
low,5,16,Offline teacher,0.9357446866990164,7398.0,1.0,4.94,246.6
low,5,17,No grouping,0.928666666666667,7500.0,1.0,5.0,250.0
low,5,17,CQI k-means,0.9358392675404011,7080.666666666667,1.0,4.753333333333333,236.0222222222222
low,5,17,Resource-cost k-means,0.9302174992880149,7409.333333333333,1.0,4.946666666666666,246.9777777777778
low,5,17,Multi-feature k-means,0.9422600973138071,6627.333333333333,1.0,4.486666666666666,220.9111111111111
low,5,17,Offline teacher,0.930411353365683,7398.0,1.0,4.94,246.6
low,5,18,No grouping,0.932,7500.0,1.0,5.0,250.0
low,5,18,CQI k-means,0.9422742661164303,6899.333333333333,1.0,4.6466666666666665,229.9777777777778
low,5,18,Resource-cost k-means,0.934326248932022,7364.0,1.0,4.92,245.46666666666667
low,5,18,Multi-feature k-means,0.9434373905824412,6831.333333333333,1.0,4.6066666666666665,227.7111111111111
low,5,18,Offline teacher,0.9347139570873588,7341.333333333333,1.0,4.906666666666666,244.7111111111111
low,5,19,No grouping,0.9273333333333337,7500.0,1.0,5.0,250.0
low,5,19,CQI k-means,0.9372198912944266,6922.0,1.0,4.66,230.73333333333332
low,5,19,Resource-cost k-means,0.9290780200323498,7398.0,1.0,4.94,246.6
low,5,19,Multi-feature k-means,0.9399338483817854,6763.333333333333,1.0,4.566666666666666,225.44444444444446
low,5,19,Offline teacher,0.9290780200323498,7398.0,1.0,4.94,246.6
low,6,0,No grouping,0.9306666666666669,7500.0,1.0,5.0,250.0
low,6,0,CQI k-means,0.9386146838510752,7035.333333333333,1.0,4.726666666666667,234.51111111111112
low,6,0,Resource-cost k-means,0.9310899774979009,7424.666666666667,1.0,4.96,247.48888888888888
low,6,0,Multi-feature k-means,0.9442956999897043,6574.666666666667,1.0,4.46,219.15555555555557
low,6,0,Offline teacher,0.9327990615210202,7375.333333333333,1.0,4.926666666666667,245.84444444444443
low,6,1,No grouping,0.9313333333333337,7500.0,1.0,5.0,250.0
low,6,1,CQI k-means,0.9402506209060842,6978.666666666667,1.0,4.693333333333333,232.62222222222223
low,6,1,Resource-cost k-means,0.9313333333333337,7500.0,1.0,5.0,250.0
low,6,1,Multi-feature k-means,0.94335228614878,6797.333333333333,1.0,4.586666666666667,226.57777777777778
low,6,1,Offline teacher,0.9332718741100183,7386.666666666667,1.0,4.933333333333334,246.22222222222223
low,6,2,No grouping,0.9273333333333337,7500.0,1.0,5.0,250.0
low,6,2,CQI k-means,0.9368321831390897,6944.666666666667,1.0,4.673333333333333,231.48888888888888
low,6,2,Resource-cost k-means,0.9281087496440076,7454.666666666667,1.0,4.973333333333334,248.48888888888888
low,6,2,Multi-feature k-means,0.9397636395144631,6695.333333333333,1.0,4.526666666666666,223.17777777777778
low,6,2,Offline teacher,0.9292718741100183,7386.666666666667,1.0,4.933333333333334,246.22222222222223
low,6,3,No grouping,0.938666666666667,7500.0,1.0,5.0,250.0
low,6,3,CQI k-means,0.9468085379287436,7024.0,1.0,4.72,234.13333333333333
low,6,3,Resource-cost k-means,0.938666666666667,7500.0,1.0,5.0,250.0
low,6,3,Multi-feature k-means,0.9495224950161023,6865.333333333333,1.0,4.626666666666667,228.84444444444443
low,6,3,Offline teacher,0.9396359370550091,7443.333333333333,1.0,4.966666666666667,248.11111111111111
low,6,4,No grouping,0.9286666666666668,7500.0,1.0,5.0,250.0
low,6,4,CQI k-means,0.9370023920064121,7012.666666666667,1.0,4.713333333333333,233.75555555555556
low,6,4,Resource-cost k-means,0.9286666666666668,7500.0,1.0,5.0,250.0
low,6,4,Multi-feature k-means,0.9428180143364667,6672.666666666667,1.0,4.513333333333334,222.42222222222222
low,6,4,Offline teacher,0.9300236452103462,7420.666666666667,1.0,4.953333333333333,247.35555555555555
low,6,5,No grouping,0.9266666666666671,7500.0,1.0,5.0,250.0
low,6,5,CQI k-means,0.9355839542394176,6978.666666666667,1.0,4.693333333333333,232.62222222222223
low,6,5,Resource-cost k-means,0.9295744778316941,7330.0,1.0,4.9,244.33333333333334
low,6,5,Multi-feature k-means,0.9295744778316941,7330.0,1.0,4.9,244.33333333333334
low,6,5,Offline teacher,0.930349894142368,7284.666666666667,1.0,4.873333333333333,242.82222222222222
low,6,6,No grouping,0.932,7500.0,1.0,5.0,250.0
low,6,6,CQI k-means,0.9403357253397454,7012.666666666667,1.0,4.713333333333333,233.75555555555556
low,6,6,Resource-cost k-means,0.9331631244660112,7432.0,1.0,4.96,247.73333333333332
low,6,6,Multi-feature k-means,0.9426619742717673,6876.666666666667,1.0,4.633333333333334,229.22222222222223
low,6,6,Offline teacher,0.9345201030096905,7352.666666666667,1.0,4.913333333333333,245.0888888888889
low,6,7,No grouping,0.928666666666667,7500.0,1.0,5.0,250.0
low,6,7,CQI k-means,0.9381655164724229,6944.666666666667,1.0,4.673333333333333,231.48888888888888
low,6,7,Resource-cost k-means,0.928666666666667,7500.0,1.0,5.0,250.0
low,6,7,Multi-feature k-means,0.9383593705500914,6933.333333333333,1.0,4.666666666666667,231.11111111111111
low,6,7,Offline teacher,0.9304349985760291,7318.666666666667,1.0,4.8933333333333335,243.95555555555555
low,6,8,No grouping,0.9313333333333337,7500.0,1.0,5.0,250.0
low,6,8,CQI k-means,0.9398629127507472,7001.333333333333,1.0,4.706666666666667,233.37777777777777
low,6,8,Resource-cost k-means,0.9326903118770129,7420.666666666667,1.0,4.953333333333333,247.35555555555555
low,6,8,Multi-feature k-means,0.941801453527432,6888.0,1.0,4.64,229.6
low,6,8,Offline teacher,0.9326903118770129,7420.666666666667,1.0,4.953333333333333,247.35555555555555
low,6,9,No grouping,0.9313333333333337,7500.0,1.0,5.0,250.0
low,6,9,CQI k-means,0.9396690586730788,7012.666666666667,1.0,4.713333333333333,233.75555555555556
low,6,9,Resource-cost k-means,0.9324964577993444,7432.0,1.0,4.96,247.73333333333332
low,6,9,Multi-feature k-means,0.9439338483817854,6763.333333333333,1.0,4.566666666666666,225.44444444444446
low,6,9,Offline teacher,0.9324964577993444,7432.0,1.0,4.96,247.73333333333332
low,6,10,No grouping,0.9306666666666669,7500.0,1.0,5.0,250.0
low,6,10,CQI k-means,0.9393901001617491,6990.0,1.0,4.7,233.0
low,6,10,Resource-cost k-means,0.9327990615210204,7375.333333333333,1.0,4.926666666666667,245.84444444444443
low,6,10,Multi-feature k-means,0.9393901001617491,6990.0,1.0,4.7,233.0
low,6,10,Offline teacher,0.933040206019381,7205.333333333333,1.0,4.826666666666667,240.17777777777778
low,6,11,No grouping,0.9353333333333335,7500.0,1.0,5.0,250.0
low,6,11,CQI k-means,0.9426997882847362,7069.333333333333,1.0,4.746666666666667,235.64444444444445
low,6,11,Resource-cost k-means,0.9359148955663388,7466.0,1.0,4.98,248.86666666666667
low,6,11,Multi-feature k-means,0.9458014535274322,6888.0,1.0,4.64,229.6
low,6,11,Offline teacher,0.9363026037216758,7443.333333333333,1.0,4.966666666666667,248.11111111111111
low,6,12,No grouping,0.9313333333333337,7500.0,1.0,5.0,250.0
low,6,12,CQI k-means,0.9394752045954101,7024.0,1.0,4.72,234.13333333333333
low,6,12,Resource-cost k-means,0.9323026037216758,7443.333333333333,1.0,4.966666666666667,248.11111111111111
low,6,12,Multi-feature k-means,0.941801453527432,6888.0,1.0,4.64,229.6
low,6,12,Offline teacher,0.9323026037216758,7443.333333333333,1.0,4.966666666666667,248.11111111111111
low,6,13,No grouping,0.924666666666667,7500.0,1.0,5.0,250.0
low,6,13,CQI k-means,0.9357163490937709,6854.0,1.0,4.62,228.46666666666667
low,6,13,Resource-cost k-means,0.9269929155986887,7364.0,1.0,4.92,245.46666666666667
low,6,13,Multi-feature k-means,0.9378487439481243,6729.333333333333,1.0,4.546666666666667,224.3111111111111
low,6,13,Offline teacher,0.9277683319093626,7318.666666666667,1.0,4.8933333333333335,243.95555555555555
low,6,14,No grouping,0.9340000000000002,7500.0,1.0,5.0,250.0
low,6,14,CQI k-means,0.9421418712620768,7024.0,1.0,4.72,234.13333333333333
low,6,14,Resource-cost k-means,0.9340000000000002,7500.0,1.0,5.0,250.0
low,6,14,Multi-feature k-means,0.9510591588348272,6502.666666666667,1.0,4.413333333333333,216.75555555555556
low,6,14,Offline teacher,0.9351631244660111,7432.0,1.0,4.96,247.73333333333332
low,6,15,No grouping,0.9393333333333336,7500.0,1.0,5.0,250.0
low,6,15,CQI k-means,0.9468936423624048,7058.0,1.0,4.74,235.26666666666668
low,6,15,Resource-cost k-means,0.9404964577993443,7432.0,1.0,4.96,247.73333333333332
low,6,15,Multi-feature k-means,0.9523215565371226,6740.666666666667,1.0,4.553333333333334,224.6888888888889
low,6,15,Offline teacher,0.9404964577993443,7432.0,1.0,4.96,247.73333333333332
low,6,16,No grouping,0.9313333333333337,7500.0,1.0,5.0,250.0
low,6,16,CQI k-means,0.9398629127507472,7001.333333333333,1.0,4.706666666666667,233.37777777777777
low,6,16,Resource-cost k-means,0.9324964577993442,7432.0,1.0,4.96,247.73333333333332
low,6,16,Multi-feature k-means,0.94335228614878,6797.333333333333,1.0,4.586666666666667,226.57777777777778
low,6,16,Offline teacher,0.9324964577993442,7432.0,1.0,4.96,247.73333333333332
low,6,17,No grouping,0.9306666666666669,7500.0,1.0,5.0,250.0
low,6,17,CQI k-means,0.9393901001617491,6990.0,1.0,4.7,233.0
low,6,17,Resource-cost k-means,0.9324113533656834,7398.0,1.0,4.94,246.6
low,6,17,Multi-feature k-means,0.9440425980257927,6718.0,1.0,4.54,223.93333333333334
low,6,17,Offline teacher,0.9333806237540255,7341.333333333333,1.0,4.906666666666666,244.7111111111111
low,6,18,No grouping,0.9293333333333333,7500.0,1.0,5.0,250.0
low,6,18,CQI k-means,0.9361182260517308,7103.333333333333,1.0,4.766666666666667,236.77777777777777
low,6,18,Resource-cost k-means,0.929914895566339,7466.0,1.0,4.98,248.86666666666667
low,6,18,Multi-feature k-means,0.9463924921681606,6502.666666666667,1.0,4.413333333333333,216.75555555555556
low,6,18,Offline teacher,0.9304964577993443,7432.0,1.0,4.96,247.73333333333332
low,6,19,No grouping,0.9393333333333336,7500.0,1.0,5.0,250.0
low,6,19,CQI k-means,0.956974054401166,6468.666666666667,1.0,4.3933333333333335,215.62222222222223
low,6,19,Resource-cost k-means,0.9393333333333336,7500.0,1.0,5.0,250.0
low,6,19,Multi-feature k-means,0.9505768698381061,6842.666666666667,1.0,4.613333333333333,228.0888888888889
low,6,19,Offline teacher,0.9403026037216758,7443.333333333333,1.0,4.966666666666667,248.11111111111111
low,7,0,No grouping,0.9279999999999999,7500.0,1.0,5.0,250.0
low,7,0,CQI k-means,0.9357541631067398,7046.666666666667,1.0,4.733333333333333,234.88888888888889
low,7,0,Resource-cost k-means,0.929550832621348,7409.333333333333,1.0,4.946666666666666,246.9777777777778
low,7,0,Multi-feature k-means,0.9407943691261206,6752.0,1.0,4.56,225.06666666666666
low,7,0,Offline teacher,0.9297446866990167,7398.0,1.0,4.94,246.6
low,7,1,No grouping,0.9320000000000003,7500.0,1.0,5.0,250.0
low,7,1,CQI k-means,0.9393664549514028,7069.333333333333,1.0,4.746666666666667,235.64444444444445
low,7,1,Resource-cost k-means,0.9335508326213481,7409.333333333333,1.0,4.946666666666666,246.9777777777778
low,7,1,Multi-feature k-means,0.9430496824271042,6854.0,1.0,4.62,228.46666666666667
low,7,1,Offline teacher,0.9339385407766849,7386.666666666667,1.0,4.933333333333334,246.22222222222223
low,7,2,No grouping,0.9373333333333335,7500.0,1.0,5.0,250.0
low,7,2,CQI k-means,0.9456690586730785,7012.666666666667,1.0,4.713333333333333,233.75555555555556
low,7,2,Resource-cost k-means,0.938302603721676,7443.333333333333,1.0,4.966666666666667,248.11111111111111
low,7,2,Multi-feature k-means,0.9472198912944266,6922.0,1.0,4.66,230.73333333333332
low,7,2,Offline teacher,0.9384964577993444,7432.0,1.0,4.96,247.73333333333332
low,7,3,No grouping,0.9286666666666668,7500.0,1.0,5.0,250.0
low,7,3,CQI k-means,0.9371962460840806,7001.333333333333,1.0,4.706666666666667,233.37777777777777
low,7,3,Resource-cost k-means,0.9300236452103462,7420.666666666667,1.0,4.953333333333333,247.35555555555555
low,7,3,Multi-feature k-means,0.9391347868607655,6888.0,1.0,4.64,229.6
low,7,3,Offline teacher,0.9302174992880148,7409.333333333333,1.0,4.946666666666666,246.9777777777778
low,7,4,No grouping,0.9280000000000003,7500.0,1.0,5.0,250.0
low,7,4,CQI k-means,0.9359480171844085,7035.333333333333,1.0,4.726666666666667,234.51111111111112
low,7,4,Resource-cost k-means,0.9293569785436796,7420.666666666667,1.0,4.953333333333333,247.35555555555555
low,7,4,Multi-feature k-means,0.9406005150484521,6763.333333333333,1.0,4.566666666666666,225.44444444444446
low,7,4,Offline teacher,0.9309078111650274,7330.0,1.0,4.9,244.33333333333334
low,7,5,No grouping,0.9240000000000002,7500.0,1.0,5.0,250.0
low,7,5,CQI k-means,0.9327234334950824,6990.0,1.0,4.7,233.0
low,7,5,Resource-cost k-means,0.9240000000000002,7500.0,1.0,5.0,250.0
low,7,5,Multi-feature k-means,0.9342742661164304,6899.333333333333,1.0,4.6466666666666665,229.9777777777778
low,7,5,Offline teacher,0.9263262489320221,7364.0,1.0,4.92,245.46666666666667
low,7,6,No grouping,0.9386666666666668,7500.0,1.0,5.0,250.0
low,7,6,CQI k-means,0.9468085379287436,7024.0,1.0,4.72,234.13333333333333
low,7,6,Resource-cost k-means,0.9400236452103462,7420.666666666667,1.0,4.953333333333333,247.35555555555555
low,7,6,Multi-feature k-means,0.9484066609707834,6774.666666666667,1.0,4.573333333333333,225.82222222222222
low,7,6,Offline teacher,0.9400236452103462,7420.666666666667,1.0,4.953333333333333,247.35555555555555
low,7,7,No grouping,0.9360000000000003,7500.0,1.0,5.0,250.0
low,7,7,CQI k-means,0.9546099914561751,6412.0,1.0,4.36,213.73333333333332
low,7,7,Resource-cost k-means,0.9369692703883424,7443.333333333333,1.0,4.966666666666667,248.11111111111111
low,7,7,Multi-feature k-means,0.9445295794174138,7001.333333333333,1.0,4.706666666666667,233.37777777777777
low,7,7,Offline teacher,0.9381323948543534,7375.333333333333,1.0,4.926666666666667,245.84444444444443
low,7,8,No grouping,0.9313333333333337,7500.0,1.0,5.0,250.0
low,7,8,CQI k-means,0.9392813505177418,7035.333333333333,1.0,4.726666666666667,234.51111111111112
low,7,8,Resource-cost k-means,0.9313333333333337,7500.0,1.0,5.0,250.0
low,7,8,Multi-feature k-means,0.9390874964400733,7046.666666666667,1.0,4.733333333333333,234.88888888888889
low,7,8,Offline teacher,0.9334657281876868,7375.333333333333,1.0,4.926666666666667,245.84444444444443
low,7,9,No grouping,0.9320000000000003,7500.0,1.0,5.0,250.0
low,7,9,CQI k-means,0.951773115922186,6344.0,1.0,4.32,211.46666666666667
low,7,9,Resource-cost k-means,0.9327754163106742,7454.666666666667,1.0,4.973333333333334,248.48888888888888
low,7,9,Multi-feature k-means,0.9459811388024775,6604.666666666667,1.0,4.473333333333334,220.15555555555557
low,7,9,Offline teacher,0.933163124466011,7432.0,1.0,4.96,247.73333333333332
low,7,10,No grouping,0.9320000000000003,7500.0,1.0,5.0,250.0
low,7,10,CQI k-means,0.9393664549514028,7069.333333333333,1.0,4.746666666666667,235.64444444444445
low,7,10,Resource-cost k-means,0.9320000000000003,7500.0,1.0,5.0,250.0
low,7,10,Multi-feature k-means,0.9401418712620769,7024.0,1.0,4.72,234.13333333333333
low,7,10,Offline teacher,0.9339385407766851,7386.666666666667,1.0,4.933333333333334,246.22222222222223
low,7,11,No grouping,0.9353333333333336,7500.0,1.0,5.0,250.0
low,7,11,CQI k-means,0.9432813505177418,7035.333333333333,1.0,4.726666666666667,234.51111111111112
low,7,11,Resource-cost k-means,0.9368841659546814,7409.333333333333,1.0,4.946666666666666,246.9777777777778
low,7,11,Multi-feature k-means,0.9454373905824411,6831.333333333333,1.0,4.6066666666666665,227.7111111111111
low,7,11,Offline teacher,0.9368841659546816,7409.333333333333,1.0,4.946666666666666,246.9777777777778
low,7,12,No grouping,0.9280000000000003,7500.0,1.0,5.0,250.0
low,7,12,CQI k-means,0.9487423863105285,6287.333333333333,1.0,4.286666666666667,209.57777777777778
low,7,12,Resource-cost k-means,0.9280000000000003,7500.0,1.0,5.0,250.0
low,7,12,Multi-feature k-means,0.9361418712620769,7024.0,1.0,4.72,234.13333333333333
low,7,12,Offline teacher,0.9295508326213481,7409.333333333333,1.0,4.946666666666666,246.9777777777778
low,7,13,No grouping,0.9306666666666669,7500.0,1.0,5.0,250.0
low,7,13,CQI k-means,0.9393901001617491,6990.0,1.0,4.7,233.0
low,7,13,Resource-cost k-means,0.9324113533656834,7398.0,1.0,4.94,246.6
low,7,13,Multi-feature k-means,0.9434610357927873,6752.0,1.0,4.56,225.06666666666666
low,7,13,Offline teacher,0.9326052074433516,7386.666666666667,1.0,4.933333333333334,246.22222222222223
low,7,14,No grouping,0.930666666666667,7500.0,1.0,5.0,250.0
low,7,14,CQI k-means,0.9390023920064122,7012.666666666667,1.0,4.713333333333333,233.75555555555556
low,7,14,Resource-cost k-means,0.9320236452103465,7420.666666666667,1.0,4.953333333333333,247.35555555555555
low,7,14,Multi-feature k-means,0.945787284724809,6616.0,1.0,4.48,220.53333333333333
low,7,14,Offline teacher,0.9327990615210202,7375.333333333333,1.0,4.926666666666667,245.84444444444443
low,7,15,No grouping,0.9333333333333336,7500.0,1.0,5.0,250.0
low,7,15,CQI k-means,0.9399243719740622,7114.666666666667,1.0,4.773333333333333,237.15555555555557
low,7,15,Resource-cost k-means,0.9352718741100183,7386.666666666667,1.0,4.933333333333334,246.22222222222223
low,7,15,Multi-feature k-means,0.9422506209060841,6978.666666666667,1.0,4.693333333333333,232.62222222222223
low,7,15,Offline teacher,0.9360472904206922,7341.333333333333,1.0,4.906666666666666,244.7111111111111
low,7,16,No grouping,0.9253333333333336,7500.0,1.0,5.0,250.0
low,7,16,CQI k-means,0.9328936423624047,7058.0,1.0,4.74,235.26666666666668
low,7,16,Resource-cost k-means,0.9268841659546814,7409.333333333333,1.0,4.946666666666666,246.9777777777778
low,7,16,Multi-feature k-means,0.927358149044627,6353.333333333333,1.0,4.36,211.77777777777777
low,7,16,Offline teacher,0.9272718741100182,7386.666666666667,1.0,4.933333333333334,246.22222222222223
low,7,17,No grouping,0.9280000000000003,7500.0,1.0,5.0,250.0
low,7,17,CQI k-means,0.9386619742717676,6876.666666666667,1.0,4.633333333333334,229.22222222222223
low,7,17,Resource-cost k-means,0.929163124466011,7432.0,1.0,4.96,247.73333333333332
low,7,17,Multi-feature k-means,0.9429267639804738,6627.333333333333,1.0,4.486666666666666,220.9111111111111
low,7,17,Offline teacher,0.9299385407766849,7386.666666666667,1.0,4.933333333333334,246.22222222222223
low,7,18,No grouping,0.9353333333333336,7500.0,1.0,5.0,250.0
low,7,18,CQI k-means,0.9539433247895084,6412.0,1.0,4.36,213.73333333333332
low,7,18,Resource-cost k-means,0.9353333333333336,7500.0,1.0,5.0,250.0
low,7,18,Multi-feature k-means,0.9493144721358107,6604.666666666667,1.0,4.473333333333334,220.15555555555557
low,7,18,Offline teacher,0.9364964577993443,7432.0,1.0,4.96,247.73333333333332
low,7,19,No grouping,0.9313333333333337,7500.0,1.0,5.0,250.0
low,7,19,CQI k-means,0.9406383290614212,6956.0,1.0,4.68,231.86666666666667
low,7,19,Resource-cost k-means,0.93307802003235,7398.0,1.0,4.94,246.6
low,7,19,Multi-feature k-means,0.9416075994497635,6899.333333333333,1.0,4.6466666666666665,229.9777777777778
low,7,19,Offline teacher,0.9334657281876868,7375.333333333333,1.0,4.926666666666667,245.84444444444443
low,8,0,No grouping,0.9273333333333335,7500.0,1.0,5.0,250.0
low,8,0,CQI k-means,0.9352813505177419,7035.333333333333,1.0,4.726666666666667,234.51111111111112
low,8,0,Resource-cost k-means,0.9288841659546815,7409.333333333333,1.0,4.946666666666666,246.9777777777778
low,8,0,Multi-feature k-means,0.9368321831390897,6944.666666666667,1.0,4.673333333333333,231.48888888888888
low,8,0,Offline teacher,0.9294893733980328,7296.0,1.0,4.88,243.2
low,8,1,No grouping,0.938666666666667,7500.0,1.0,5.0,250.0
low,8,1,CQI k-means,0.9468085379287436,7024.0,1.0,4.72,234.13333333333333
low,8,1,Resource-cost k-means,0.9396359370550091,7443.333333333333,1.0,4.966666666666667,248.11111111111111
low,8,1,Multi-feature k-means,0.9483593705500915,6933.333333333333,1.0,4.666666666666667,231.11111111111111
low,8,1,Offline teacher,0.9396359370550094,7443.333333333333,1.0,4.966666666666667,248.11111111111111
low,8,2,No grouping,0.932,7500.0,1.0,5.0,250.0
low,8,2,CQI k-means,0.9393664549514028,7069.333333333333,1.0,4.746666666666667,235.64444444444445
low,8,2,Resource-cost k-means,0.9325815622330057,7466.0,1.0,4.98,248.86666666666667
low,8,2,Multi-feature k-means,0.9411111416504195,6967.333333333333,1.0,4.6866666666666665,232.24444444444444
low,8,2,Offline teacher,0.9325815622330057,7466.0,1.0,4.98,248.86666666666667
low,8,3,No grouping,0.9340000000000002,7500.0,1.0,5.0,250.0
low,8,3,CQI k-means,0.9531915536891805,6378.0,1.0,4.34,212.6
low,8,3,Resource-cost k-means,0.934387708155337,7477.333333333333,1.0,4.986666666666666,249.24444444444444
low,8,3,Multi-feature k-means,0.9469882232037892,6740.666666666667,1.0,4.553333333333334,224.6888888888889
low,8,3,Offline teacher,0.934387708155337,7477.333333333333,1.0,4.986666666666666,249.24444444444444
low,8,4,No grouping,0.9280000000000002,7500.0,1.0,5.0,250.0
low,8,4,CQI k-means,0.934978746796066,7092.0,1.0,4.76,236.4
low,8,4,Resource-cost k-means,0.9280000000000002,7500.0,1.0,5.0,250.0
low,8,4,Multi-feature k-means,0.9323510646433154,6217.333333333333,1.0,4.28,207.24444444444444
low,8,4,Offline teacher,0.9299385407766849,7386.666666666667,1.0,4.933333333333334,246.22222222222223
low,8,5,No grouping,0.9240000000000002,7500.0,1.0,5.0,250.0
low,8,5,CQI k-means,0.9307848927183974,7103.333333333333,1.0,4.766666666666667,236.77777777777777
low,8,5,Resource-cost k-means,0.9240000000000002,7500.0,1.0,5.0,250.0
low,8,5,Multi-feature k-means,0.9360189528154467,6797.333333333333,1.0,4.586666666666667,226.57777777777778
low,8,5,Offline teacher,0.9249692703883425,7443.333333333333,1.0,4.966666666666667,248.11111111111111
low,8,6,No grouping,0.928666666666667,7500.0,1.0,5.0,250.0
low,8,6,CQI k-means,0.9387470787054284,6910.666666666667,1.0,4.653333333333333,230.35555555555555
low,8,6,Resource-cost k-means,0.9306052074433516,7386.666666666667,1.0,4.933333333333334,246.22222222222223
low,8,6,Multi-feature k-means,0.9414610357927872,6752.0,1.0,4.56,225.06666666666666
low,8,6,Offline teacher,0.9307990615210203,7375.333333333333,1.0,4.926666666666667,245.84444444444443
low,8,7,No grouping,0.9333333333333336,7500.0,1.0,5.0,250.0
low,8,7,CQI k-means,0.9527187411001823,6366.666666666667,1.0,4.333333333333333,212.22222222222223
low,8,7,Resource-cost k-means,0.9333333333333336,7500.0,1.0,5.0,250.0
low,8,7,Multi-feature k-means,0.9432198912944267,6922.0,1.0,4.66,230.73333333333332
low,8,7,Offline teacher,0.9356595822653554,7364.0,1.0,4.92,245.46666666666667
low,8,8,No grouping,0.9300000000000004,7500.0,1.0,5.0,250.0
low,8,8,CQI k-means,0.9387234334950825,6990.0,1.0,4.7,233.0
low,8,8,Resource-cost k-means,0.9300000000000004,7500.0,1.0,5.0,250.0
low,8,8,Multi-feature k-means,0.9435697854367944,6706.666666666667,1.0,4.533333333333333,223.55555555555554
low,8,8,Offline teacher,0.9317446866990167,7398.0,1.0,4.94,246.6
low,8,9,No grouping,0.9333333333333337,7500.0,1.0,5.0,250.0
low,8,9,CQI k-means,0.9414752045954102,7024.0,1.0,4.72,234.13333333333333
low,8,9,Resource-cost k-means,0.9333333333333337,7500.0,1.0,5.0,250.0
low,8,9,Multi-feature k-means,0.9422742661164303,6899.333333333333,1.0,4.6466666666666665,229.9777777777778
low,8,9,Offline teacher,0.9346903118770128,7420.666666666667,1.0,4.953333333333333,247.35555555555555
low,8,10,No grouping,0.9300000000000004,7500.0,1.0,5.0,250.0
low,8,10,CQI k-means,0.9385295794174139,7001.333333333333,1.0,4.706666666666667,233.37777777777777
low,8,10,Resource-cost k-means,0.9311631244660111,7432.0,1.0,4.96,247.73333333333332
low,8,10,Multi-feature k-means,0.9439574935921314,6684.0,1.0,4.52,222.8
low,8,10,Offline teacher,0.9315508326213482,7409.333333333333,1.0,4.946666666666666,246.9777777777778
low,8,11,No grouping,0.9273333333333335,7500.0,1.0,5.0,250.0
low,8,11,CQI k-means,0.9350874964400733,7046.666666666667,1.0,4.733333333333333,234.88888888888889
low,8,11,Resource-cost k-means,0.9273333333333335,7500.0,1.0,5.0,250.0
low,8,11,Multi-feature k-means,0.9407092646924593,6718.0,1.0,4.54,223.93333333333334
low,8,11,Offline teacher,0.9281087496440076,7454.666666666667,1.0,4.973333333333334,248.48888888888888
low,8,12,No grouping,0.9333333333333333,7500.0,1.0,5.0,250.0
low,8,12,CQI k-means,0.9422506209060842,6978.666666666667,1.0,4.693333333333333,232.62222222222223
low,8,12,Resource-cost k-means,0.9341087496440075,7454.666666666667,1.0,4.973333333333334,248.48888888888888
low,8,12,Multi-feature k-means,0.9451584320711116,6808.666666666667,1.0,4.593333333333334,226.95555555555555
low,8,12,Offline teacher,0.9343026037216757,7443.333333333333,1.0,4.966666666666667,248.11111111111111
low,8,13,No grouping,0.9320000000000003,7500.0,1.0,5.0,250.0
low,8,13,CQI k-means,0.9416927038834247,6933.333333333333,1.0,4.666666666666667,231.11111111111111
low,8,13,Resource-cost k-means,0.934326248932022,7364.0,1.0,4.92,245.46666666666667
low,8,13,Multi-feature k-means,0.9420804120387618,6910.666666666667,1.0,4.653333333333333,230.35555555555555
low,8,13,Offline teacher,0.9349078111650275,7330.0,1.0,4.9,244.33333333333334
low,8,14,No grouping,0.9300000000000004,7500.0,1.0,5.0,250.0
low,8,14,CQI k-means,0.9377541631067398,7046.666666666667,1.0,4.733333333333333,234.88888888888889
low,8,14,Resource-cost k-means,0.9307754163106743,7454.666666666667,1.0,4.973333333333334,248.48888888888888
low,8,14,Multi-feature k-means,0.9439574935921317,6684.0,1.0,4.52,222.8
low,8,14,Offline teacher,0.9338770815533699,7273.333333333333,1.0,4.866666666666666,242.44444444444446
low,8,15,No grouping,0.9293333333333336,7500.0,1.0,5.0,250.0
low,8,15,CQI k-means,0.9394137453720951,6910.666666666667,1.0,4.653333333333333,230.35555555555555
low,8,15,Resource-cost k-means,0.9310780200323499,7398.0,1.0,4.94,246.6
low,8,15,Multi-feature k-means,0.9415461402264487,6786.0,1.0,4.58,226.2
low,8,15,Offline teacher,0.9320472904206923,7341.333333333333,1.0,4.906666666666666,244.7111111111111
low,8,16,No grouping,0.932,7500.0,1.0,5.0,250.0
low,8,16,CQI k-means,0.9397541631067399,7046.666666666667,1.0,4.733333333333333,234.88888888888889
low,8,16,Resource-cost k-means,0.932,7500.0,1.0,5.0,250.0
low,8,16,Multi-feature k-means,0.9432435365047726,6842.666666666667,1.0,4.613333333333333,228.0888888888889
low,8,16,Offline teacher,0.9339385407766851,7386.666666666667,1.0,4.933333333333334,246.22222222222223
low,8,17,No grouping,0.9280000000000003,7500.0,1.0,5.0,250.0
low,8,17,CQI k-means,0.9367234334950824,6990.0,1.0,4.7,233.0
low,8,17,Resource-cost k-means,0.9280000000000003,7500.0,1.0,5.0,250.0
low,8,17,Multi-feature k-means,0.9394373905824412,6831.333333333333,1.0,4.6066666666666665,227.7111111111111
low,8,17,Offline teacher,0.9305201030096906,7352.666666666667,1.0,4.913333333333333,245.0888888888889
low,8,18,No grouping,0.928666666666667,7500.0,1.0,5.0,250.0
low,8,18,CQI k-means,0.936614683851075,7035.333333333333,1.0,4.726666666666667,234.51111111111112
low,8,18,Resource-cost k-means,0.9296359370550091,7443.333333333333,1.0,4.966666666666667,248.11111111111111
low,8,18,Multi-feature k-means,0.9422364521034611,6706.666666666667,1.0,4.533333333333333,223.55555555555554
low,8,18,Offline teacher,0.9302174992880148,7409.333333333333,1.0,4.946666666666666,246.9777777777778
low,8,19,No grouping,0.9360000000000003,7500.0,1.0,5.0,250.0
low,8,19,CQI k-means,0.9437541631067399,7046.666666666667,1.0,4.733333333333333,234.88888888888889
low,8,19,Resource-cost k-means,0.9385201030096905,7352.666666666667,1.0,4.913333333333333,245.0888888888889
low,8,19,Multi-feature k-means,0.9422033304853921,7137.333333333333,1.0,4.786666666666667,237.9111111111111
low,8,19,Offline teacher,0.9389078111650275,7330.0,1.0,4.9,244.33333333333334
low,9,0,No grouping,0.9333333333333336,7500.0,1.0,5.0,250.0
low,9,0,CQI k-means,0.9527187411001823,6366.666666666667,1.0,4.333333333333333,212.22222222222223
low,9,0,Resource-cost k-means,0.9337210414886704,7477.333333333333,1.0,4.986666666666666,249.24444444444444
low,9,0,Multi-feature k-means,0.9476785350808018,6661.333333333333,1.0,4.506666666666667,222.04444444444445
low,9,0,Offline teacher,0.934567393430383,7194.0,1.0,4.82,239.8
low,9,1,No grouping,0.9353333333333336,7500.0,1.0,5.0,250.0
low,9,1,CQI k-means,0.9425059342070676,7080.666666666667,1.0,4.753333333333333,236.0222222222222
low,9,1,Resource-cost k-means,0.9368841659546814,7409.333333333333,1.0,4.946666666666666,246.9777777777778
low,9,1,Multi-feature k-means,0.945026037216758,6933.333333333333,1.0,4.666666666666667,231.11111111111111
low,9,1,Offline teacher,0.9368841659546814,7409.333333333333,1.0,4.946666666666666,246.9777777777778
low,9,2,No grouping,0.9340000000000002,7500.0,1.0,5.0,250.0
low,9,2,CQI k-means,0.9438865579610933,6922.0,1.0,4.66,230.73333333333332
low,9,2,Resource-cost k-means,0.9340000000000002,7500.0,1.0,5.0,250.0
low,9,2,Multi-feature k-means,0.9477636395144631,6695.333333333333,1.0,4.526666666666666,223.17777777777778
low,9,2,Offline teacher,0.9357446866990164,7398.0,1.0,4.94,246.6
low,9,3,No grouping,0.9266666666666666,7500.0,1.0,5.0,250.0
low,9,3,CQI k-means,0.9351962460840806,7001.333333333333,1.0,4.706666666666667,233.37777777777777
low,9,3,Resource-cost k-means,0.9280236452103462,7420.666666666667,1.0,4.953333333333333,247.35555555555555
low,9,3,Multi-feature k-means,0.9386856194821133,6797.333333333333,1.0,4.586666666666667,226.57777777777778
low,9,3,Offline teacher,0.9280236452103462,7420.666666666667,1.0,4.953333333333333,247.35555555555555
low,9,4,No grouping,0.9340000000000002,7500.0,1.0,5.0,250.0
low,9,4,CQI k-means,0.94175416310674,7046.666666666667,1.0,4.733333333333333,234.88888888888889
low,9,4,Resource-cost k-means,0.9347754163106741,7454.666666666667,1.0,4.973333333333334,248.48888888888888
low,9,4,Multi-feature k-means,0.9460189528154467,6797.333333333333,1.0,4.586666666666667,226.57777777777778
low,9,4,Offline teacher,0.9353569785436796,7420.666666666667,1.0,4.953333333333333,247.35555555555555
low,9,5,No grouping,0.9320000000000003,7500.0,1.0,5.0,250.0
low,9,5,CQI k-means,0.9399480171844083,7035.333333333333,1.0,4.726666666666667,234.51111111111112
low,9,5,Resource-cost k-means,0.9325815622330057,7466.0,1.0,4.98,248.86666666666667
low,9,5,Multi-feature k-means,0.944600515048452,6763.333333333333,1.0,4.566666666666666,225.44444444444446
low,9,5,Offline teacher,0.9327754163106742,7454.666666666667,1.0,4.973333333333334,248.48888888888888
low,9,6,No grouping,0.9360000000000003,7500.0,1.0,5.0,250.0
low,9,6,CQI k-means,0.9437541631067399,7046.666666666667,1.0,4.733333333333333,234.88888888888889
low,9,6,Resource-cost k-means,0.9373569785436795,7420.666666666667,1.0,4.953333333333333,247.35555555555555
low,9,6,Multi-feature k-means,0.9487943691261207,6752.0,1.0,4.56,225.06666666666666
low,9,6,Offline teacher,0.9375508326213482,7409.333333333333,1.0,4.946666666666666,246.9777777777778
low,9,7,No grouping,0.9380000000000002,7500.0,1.0,5.0,250.0
low,9,7,CQI k-means,0.9449787467960659,7092.0,1.0,4.76,236.4
low,9,7,Resource-cost k-means,0.939163124466011,7432.0,1.0,4.96,247.73333333333332
low,9,7,Multi-feature k-means,0.9488558283494355,6865.333333333333,1.0,4.626666666666667,228.84444444444443
low,9,7,Offline teacher,0.939163124466011,7432.0,1.0,4.96,247.73333333333332
low,9,8,No grouping,0.9226666666666669,7500.0,1.0,5.0,250.0
low,9,8,CQI k-means,0.9317778083170861,6967.333333333333,1.0,4.6866666666666665,232.24444444444444
low,9,8,Resource-cost k-means,0.9249929155986888,7364.0,1.0,4.92,245.46666666666667
low,9,8,Multi-feature k-means,0.9319716623947545,6956.0,1.0,4.68,231.86666666666667
low,9,8,Offline teacher,0.9257683319093625,7318.666666666667,1.0,4.8933333333333335,243.95555555555555
low,9,9,No grouping,0.928666666666667,7500.0,1.0,5.0,250.0
low,9,9,CQI k-means,0.9385532246277599,6922.0,1.0,4.66,230.73333333333332
low,9,9,Resource-cost k-means,0.9307990615210203,7375.333333333333,1.0,4.926666666666667,245.84444444444443
low,9,9,Multi-feature k-means,0.9428180143364667,6672.666666666667,1.0,4.513333333333334,222.42222222222222
low,9,9,Offline teacher,0.9313806237540255,7341.333333333333,1.0,4.906666666666666,244.7111111111111
low,9,10,No grouping,0.9333333333333336,7500.0,1.0,5.0,250.0
low,9,10,CQI k-means,0.9527187411001823,6366.666666666667,1.0,4.333333333333333,212.22222222222223
low,9,10,Resource-cost k-means,0.9333333333333336,7500.0,1.0,5.0,250.0
low,9,10,Multi-feature k-means,0.9444066609707836,6774.666666666667,1.0,4.573333333333333,225.82222222222222
low,9,10,Offline teacher,0.9354657281876869,7375.333333333333,1.0,4.926666666666667,245.84444444444443
low,9,11,No grouping,0.9300000000000004,7500.0,1.0,5.0,250.0
low,9,11,CQI k-means,0.935815622330055,7160.0,1.0,4.8,238.66666666666666
low,9,11,Resource-cost k-means,0.9309692703883427,7443.333333333333,1.0,4.966666666666667,248.11111111111111
low,9,11,Multi-feature k-means,0.9410496824271042,6854.0,1.0,4.62,228.46666666666667
low,9,11,Offline teacher,0.9313569785436797,7420.666666666667,1.0,4.953333333333333,247.35555555555555
low,9,12,No grouping,0.9340000000000002,7500.0,1.0,5.0,250.0
low,9,12,CQI k-means,0.9409787467960659,7092.0,1.0,4.76,236.4
low,9,12,Resource-cost k-means,0.9349692703883424,7443.333333333333,1.0,4.966666666666667,248.11111111111111
low,9,12,Multi-feature k-means,0.9442742661164302,6899.333333333333,1.0,4.6466666666666665,229.9777777777778
low,9,12,Offline teacher,0.9361323948543535,7375.333333333333,1.0,4.926666666666667,245.84444444444443
low,9,13,No grouping,0.9266666666666671,7500.0,1.0,5.0,250.0
low,9,13,CQI k-means,0.9367470787054285,6910.666666666667,1.0,4.653333333333333,230.35555555555555
low,9,13,Resource-cost k-means,0.9286052074433517,7386.666666666667,1.0,4.933333333333334,246.22222222222223
low,9,13,Multi-feature k-means,0.9390733276374502,6774.666666666667,1.0,4.573333333333333,225.82222222222222
low,9,13,Offline teacher,0.9293806237540256,7341.333333333333,1.0,4.906666666666666,244.7111111111111
low,9,14,No grouping,0.9266666666666666,7500.0,1.0,5.0,250.0
low,9,14,CQI k-means,0.9342269756957381,7058.0,1.0,4.74,235.26666666666668
low,9,14,Resource-cost k-means,0.9266666666666666,7500.0,1.0,5.0,250.0
low,9,14,Multi-feature k-means,0.9363830157604376,6854.0,1.0,4.62,228.46666666666667
low,9,14,Offline teacher,0.9280472904206923,7341.333333333333,1.0,4.906666666666666,244.7111111111111
low,9,15,No grouping,0.9240000000000002,7500.0,1.0,5.0,250.0
low,9,15,CQI k-means,0.9327234334950824,6990.0,1.0,4.7,233.0
low,9,15,Resource-cost k-means,0.9251631244660111,7432.0,1.0,4.96,247.73333333333332
low,9,15,Multi-feature k-means,0.9340804120387619,6910.666666666667,1.0,4.653333333333333,230.35555555555555
low,9,15,Offline teacher,0.9263498941423681,7284.666666666667,1.0,4.873333333333333,242.82222222222222
low,9,16,No grouping,0.924666666666667,7500.0,1.0,5.0,250.0
low,9,16,CQI k-means,0.9335839542394175,6978.666666666667,1.0,4.693333333333333,232.62222222222223
low,9,16,Resource-cost k-means,0.9256359370550092,7443.333333333333,1.0,4.966666666666667,248.11111111111111
low,9,16,Multi-feature k-means,0.9262333933475639,6382.0,1.0,4.36,212.73333333333332
low,9,16,Offline teacher,0.9260236452103464,7420.666666666667,1.0,4.953333333333333,247.35555555555555
low,9,17,No grouping,0.9340000000000002,7500.0,1.0,5.0,250.0
low,9,17,CQI k-means,0.9419480171844085,7035.333333333333,1.0,4.726666666666667,234.51111111111112
low,9,17,Resource-cost k-means,0.935938540776685,7386.666666666667,1.0,4.933333333333334,246.22222222222223
low,9,17,Multi-feature k-means,0.9450496824271043,6854.0,1.0,4.62,228.46666666666667
low,9,17,Offline teacher,0.9365201030096904,7352.666666666667,1.0,4.913333333333333,245.0888888888889
low,9,18,No grouping,0.9280000000000003,7500.0,1.0,5.0,250.0
low,9,18,CQI k-means,0.9361418712620768,7024.0,1.0,4.72,234.13333333333333
low,9,18,Resource-cost k-means,0.9295508326213483,7409.333333333333,1.0,4.946666666666666,246.9777777777778
low,9,18,Multi-feature k-means,0.9404066609707835,6774.666666666667,1.0,4.573333333333333,225.82222222222222
low,9,18,Offline teacher,0.9316832274757015,7284.666666666667,1.0,4.873333333333333,242.82222222222222
low,9,19,No grouping,0.9313333333333337,7500.0,1.0,5.0,250.0
low,9,19,CQI k-means,0.9410260372167579,6933.333333333333,1.0,4.666666666666667,231.11111111111111
low,9,19,Resource-cost k-means,0.9324964577993444,7432.0,1.0,4.96,247.73333333333332
low,9,19,Multi-feature k-means,0.9460662432361387,6638.666666666667,1.0,4.493333333333333,221.2888888888889
low,9,19,Offline teacher,0.9336595822653555,7364.0,1.0,4.92,245.46666666666667
low,10,0,No grouping,0.9353333333333335,7500.0,1.0,5.0,250.0
low,10,0,CQI k-means,0.9436690586730786,7012.666666666667,1.0,4.713333333333333,233.75555555555556
low,10,0,Resource-cost k-means,0.9361087496440074,7454.666666666667,1.0,4.973333333333334,248.48888888888888
low,10,0,Multi-feature k-means,0.9471584320711114,6808.666666666667,1.0,4.593333333333334,226.95555555555555
low,10,0,Offline teacher,0.9363026037216758,7443.333333333333,1.0,4.966666666666667,248.11111111111111
low,10,1,No grouping,0.934666666666667,7500.0,1.0,5.0,250.0
low,10,1,CQI k-means,0.9437778083170862,6967.333333333333,1.0,4.6866666666666665,232.24444444444444
low,10,1,Resource-cost k-means,0.9362174992880148,7409.333333333333,1.0,4.946666666666666,246.9777777777778
low,10,1,Multi-feature k-means,0.9466856194821134,6797.333333333333,1.0,4.586666666666667,226.57777777777778
low,10,1,Offline teacher,0.9362174992880146,7409.333333333333,1.0,4.946666666666666,246.9777777777778
low,10,2,No grouping,0.9326666666666669,7500.0,1.0,5.0,250.0
low,10,2,CQI k-means,0.9417778083170861,6967.333333333333,1.0,4.6866666666666665,232.24444444444444
low,10,2,Resource-cost k-means,0.9342174992880147,7409.333333333333,1.0,4.946666666666666,246.9777777777778
low,10,2,Multi-feature k-means,0.9460662432361385,6638.666666666667,1.0,4.493333333333333,221.2888888888889
low,10,2,Offline teacher,0.9347990615210203,7375.333333333333,1.0,4.926666666666667,245.84444444444443
low,10,3,No grouping,0.94,7500.0,1.0,5.0,250.0
low,10,3,CQI k-means,0.9574468669901641,6480.0,1.0,4.4,216.0
low,10,3,Resource-cost k-means,0.94,7500.0,1.0,5.0,250.0
low,10,3,Multi-feature k-means,0.9526005150484519,6763.333333333333,1.0,4.566666666666666,225.44444444444446
low,10,3,Offline teacher,0.9405815622330056,7466.0,1.0,4.98,248.86666666666667
low,10,4,No grouping,0.930666666666667,7500.0,1.0,5.0,250.0
low,10,4,CQI k-means,0.9395839542394174,6978.666666666667,1.0,4.693333333333333,232.62222222222223
low,10,4,Resource-cost k-means,0.9329929155986887,7364.0,1.0,4.92,245.46666666666667
low,10,4,Multi-feature k-means,0.9403593705500914,6933.333333333333,1.0,4.666666666666667,231.11111111111111
low,10,4,Offline teacher,0.9334515593850641,7103.333333333333,1.0,4.766666666666667,236.77777777777777
low,10,5,No grouping,0.9313333333333337,7500.0,1.0,5.0,250.0
low,10,5,CQI k-means,0.9394752045954103,7024.0,1.0,4.72,234.13333333333333
low,10,5,Resource-cost k-means,0.9328841659546815,7409.333333333333,1.0,4.946666666666666,246.9777777777778
low,10,5,Multi-feature k-means,0.9447092646924593,6718.0,1.0,4.54,223.93333333333334
low,10,5,Offline teacher,0.9328841659546815,7409.333333333333,1.0,4.946666666666666,246.9777777777778
low,10,6,No grouping,0.9300000000000002,7500.0,1.0,5.0,250.0
low,10,6,CQI k-means,0.938917287572751,6978.666666666667,1.0,4.693333333333333,232.62222222222223
low,10,6,Resource-cost k-means,0.9315508326213482,7409.333333333333,1.0,4.946666666666666,246.9777777777778
low,10,6,Multi-feature k-means,0.9381418712620768,7024.0,1.0,4.72,234.13333333333333
low,10,6,Offline teacher,0.9332955193203645,7307.333333333333,1.0,4.886666666666667,243.57777777777778
low,10,7,No grouping,0.9293333333333336,7500.0,1.0,5.0,250.0
low,10,7,CQI k-means,0.9382506209060841,6978.666666666667,1.0,4.693333333333333,232.62222222222223
low,10,7,Resource-cost k-means,0.9306903118770129,7420.666666666667,1.0,4.953333333333333,247.35555555555555
low,10,7,Multi-feature k-means,0.9429031187701279,6706.666666666667,1.0,4.533333333333333,223.55555555555554
low,10,7,Offline teacher,0.9306903118770129,7420.666666666667,1.0,4.953333333333333,247.35555555555555
low,10,8,No grouping,0.9280000000000003,7500.0,1.0,5.0,250.0
low,10,8,CQI k-means,0.9361418712620768,7024.0,1.0,4.72,234.13333333333333
low,10,8,Resource-cost k-means,0.9297446866990167,7398.0,1.0,4.94,246.6
low,10,8,Multi-feature k-means,0.9400189528154467,6797.333333333333,1.0,4.586666666666667,226.57777777777778
low,10,8,Offline teacher,0.9297446866990167,7398.0,1.0,4.94,246.6
low,10,9,No grouping,0.9240000000000002,7500.0,1.0,5.0,250.0
low,10,9,CQI k-means,0.9329172875727509,6978.666666666667,1.0,4.693333333333333,232.62222222222223
low,10,9,Resource-cost k-means,0.9249692703883425,7443.333333333333,1.0,4.966666666666667,248.11111111111111
low,10,9,Multi-feature k-means,0.9352435365047727,6842.666666666667,1.0,4.613333333333333,228.0888888888889
low,10,9,Offline teacher,0.925938540776685,7386.666666666667,1.0,4.933333333333334,246.22222222222223
low,10,10,No grouping,0.9253333333333338,7500.0,1.0,5.0,250.0
low,10,10,CQI k-means,0.9321182260517308,7103.333333333333,1.0,4.766666666666667,236.77777777777777
low,10,10,Resource-cost k-means,0.9259148955663392,7466.0,1.0,4.98,248.86666666666667
low,10,10,Multi-feature k-means,0.9371584320711115,6808.666666666667,1.0,4.593333333333334,226.95555555555555
low,10,10,Offline teacher,0.9263026037216758,7443.333333333333,1.0,4.966666666666667,248.11111111111111
low,10,11,No grouping,0.9260000000000003,7500.0,1.0,5.0,250.0
low,10,11,CQI k-means,0.9351111416504195,6967.333333333333,1.0,4.6866666666666665,232.24444444444444
low,10,11,Resource-cost k-means,0.9273569785436797,7420.666666666667,1.0,4.953333333333333,247.35555555555555
low,10,11,Multi-feature k-means,0.9378250987377783,6808.666666666667,1.0,4.593333333333334,226.95555555555555
low,10,11,Offline teacher,0.9273569785436797,7420.666666666667,1.0,4.953333333333333,247.35555555555555
low,10,12,No grouping,0.9373333333333335,7500.0,1.0,5.0,250.0
low,10,12,CQI k-means,0.9450874964400733,7046.666666666667,1.0,4.733333333333333,234.88888888888889
low,10,12,Resource-cost k-means,0.9381087496440076,7454.666666666667,1.0,4.973333333333334,248.48888888888888
low,10,12,Multi-feature k-means,0.9503215565371225,6740.666666666667,1.0,4.553333333333334,224.6888888888889
low,10,12,Offline teacher,0.9386903118770128,7420.666666666667,1.0,4.953333333333333,247.35555555555555
low,10,13,No grouping,0.9280000000000003,7500.0,1.0,5.0,250.0
low,10,13,CQI k-means,0.934978746796066,7092.0,1.0,4.76,236.4
low,10,13,Resource-cost k-means,0.9289692703883425,7443.333333333333,1.0,4.966666666666667,248.11111111111111
low,10,13,Multi-feature k-means,0.9392435365047728,6842.666666666667,1.0,4.613333333333333,228.0888888888889
low,10,13,Offline teacher,0.9293569785436796,7420.666666666667,1.0,4.953333333333333,247.35555555555555
low,10,14,No grouping,0.9346666666666668,7500.0,1.0,5.0,250.0
low,10,14,CQI k-means,0.943390100161749,6990.0,1.0,4.7,233.0
low,10,14,Resource-cost k-means,0.9364113533656833,7398.0,1.0,4.94,246.6
low,10,14,Multi-feature k-means,0.9468794735597819,6786.0,1.0,4.58,226.2
low,10,14,Offline teacher,0.9364113533656833,7398.0,1.0,4.94,246.6
low,10,15,No grouping,0.9340000000000002,7500.0,1.0,5.0,250.0
low,10,15,CQI k-means,0.9436927038834249,6933.333333333333,1.0,4.666666666666667,231.11111111111111
low,10,15,Resource-cost k-means,0.936713957087359,7341.333333333333,1.0,4.906666666666666,244.7111111111111
low,10,15,Multi-feature k-means,0.9462128068931153,6786.0,1.0,4.58,226.2
low,10,15,Offline teacher,0.9372955193203645,7307.333333333333,1.0,4.886666666666667,243.57777777777778
low,10,16,No grouping,0.932,7500.0,1.0,5.0,250.0
low,10,16,CQI k-means,0.9515792618445176,6355.333333333333,1.0,4.326666666666667,211.84444444444443
low,10,16,Resource-cost k-means,0.932,7500.0,1.0,5.0,250.0
low,10,16,Multi-feature k-means,0.9397541631067399,7046.666666666667,1.0,4.733333333333333,234.88888888888889
low,10,16,Offline teacher,0.932775416310674,7454.666666666667,1.0,4.973333333333334,248.48888888888888
low,10,17,No grouping,0.9346666666666668,7500.0,1.0,5.0,250.0
low,10,17,CQI k-means,0.9435839542394175,6978.666666666667,1.0,4.693333333333333,232.62222222222223
low,10,17,Resource-cost k-means,0.9360236452103462,7420.666666666667,1.0,4.953333333333333,247.35555555555555
low,10,17,Multi-feature k-means,0.9468794735597821,6786.0,1.0,4.58,226.2
low,10,17,Offline teacher,0.9383498941423681,7284.666666666667,1.0,4.873333333333333,242.82222222222222
low,10,18,No grouping,0.9300000000000004,7500.0,1.0,5.0,250.0
low,10,18,CQI k-means,0.9377541631067398,7046.666666666667,1.0,4.733333333333333,234.88888888888889
low,10,18,Resource-cost k-means,0.9313569785436797,7420.666666666667,1.0,4.953333333333333,247.35555555555555
low,10,18,Multi-feature k-means,0.9402742661164303,6899.333333333333,1.0,4.6466666666666665,229.9777777777778
low,10,18,Offline teacher,0.9319858311973773,7228.0,1.0,4.84,240.93333333333334
low,10,19,No grouping,0.9360000000000003,7500.0,1.0,5.0,250.0
low,10,19,CQI k-means,0.9427848927183973,7103.333333333333,1.0,4.766666666666667,236.77777777777777
low,10,19,Resource-cost k-means,0.9375508326213482,7409.333333333333,1.0,4.946666666666666,246.9777777777778
low,10,19,Multi-feature k-means,0.9478250987377783,6808.666666666667,1.0,4.593333333333334,226.95555555555555
low,10,19,Offline teacher,0.9387139570873588,7341.333333333333,1.0,4.906666666666666,244.7111111111111
low,11,0,No grouping,0.9266666666666669,7500.0,1.0,5.0,250.0
low,11,0,CQI k-means,0.9357778083170861,6967.333333333333,1.0,4.6866666666666665,232.24444444444444
low,11,0,Resource-cost k-means,0.9280236452103463,7420.666666666667,1.0,4.953333333333333,247.35555555555555
low,11,0,Multi-feature k-means,0.9384917654044447,6808.666666666667,1.0,4.593333333333334,226.95555555555555
low,11,0,Offline teacher,0.929186769676357,7352.666666666667,1.0,4.913333333333333,245.0888888888889
low,11,1,No grouping,0.928666666666667,7500.0,1.0,5.0,250.0
low,11,1,CQI k-means,0.9375839542394175,6978.666666666667,1.0,4.693333333333333,232.62222222222223
low,11,1,Resource-cost k-means,0.9306052074433516,7386.666666666667,1.0,4.933333333333334,246.22222222222223
low,11,1,Multi-feature k-means,0.9385532246277599,6922.0,1.0,4.66,230.73333333333332
low,11,1,Offline teacher,0.9306052074433516,7386.666666666667,1.0,4.933333333333334,246.22222222222223
low,11,2,No grouping,0.9313333333333337,7500.0,1.0,5.0,250.0
low,11,2,CQI k-means,0.9383120801293992,7092.0,1.0,4.76,236.4
low,11,2,Resource-cost k-means,0.9324964577993444,7432.0,1.0,4.96,247.73333333333332
low,11,2,Multi-feature k-means,0.9468416595468127,6593.333333333333,1.0,4.466666666666667,219.77777777777777
low,11,2,Offline teacher,0.9340945808413844,7182.666666666667,1.0,4.8133333333333335,239.42222222222222
low,11,3,No grouping,0.928666666666667,7500.0,1.0,5.0,250.0
low,11,3,CQI k-means,0.9381655164724231,6944.666666666667,1.0,4.673333333333333,231.48888888888888
low,11,3,Resource-cost k-means,0.928666666666667,7500.0,1.0,5.0,250.0
low,11,3,Multi-feature k-means,0.9426241602587981,6684.0,1.0,4.52,222.8
low,11,3,Offline teacher,0.9306052074433517,7386.666666666667,1.0,4.933333333333334,246.22222222222223
low,11,4,No grouping,0.9353333333333335,7500.0,1.0,5.0,250.0
low,11,4,CQI k-means,0.9454137453720949,6910.666666666667,1.0,4.653333333333333,230.35555555555555
low,11,4,Resource-cost k-means,0.9364964577993443,7432.0,1.0,4.96,247.73333333333332
low,11,4,Multi-feature k-means,0.9479338483817853,6763.333333333333,1.0,4.566666666666666,225.44444444444446
low,11,4,Offline teacher,0.9376595822653553,7364.0,1.0,4.92,245.46666666666667
low,11,5,No grouping,0.9340000000000002,7500.0,1.0,5.0,250.0
low,11,5,CQI k-means,0.9415603090290714,7058.0,1.0,4.74,235.26666666666668
low,11,5,Resource-cost k-means,0.9353569785436796,7420.666666666667,1.0,4.953333333333333,247.35555555555555
low,11,5,Multi-feature k-means,0.9448558283494356,6865.333333333333,1.0,4.626666666666667,228.84444444444443
low,11,5,Offline teacher,0.9361323948543535,7375.333333333333,1.0,4.926666666666667,245.84444444444443
low,11,6,No grouping,0.9360000000000003,7500.0,1.0,5.0,250.0
low,11,6,CQI k-means,0.9546099914561751,6412.0,1.0,4.36,213.73333333333332
low,11,6,Resource-cost k-means,0.9360000000000003,7500.0,1.0,5.0,250.0
low,11,6,Multi-feature k-means,0.9474373905824413,6831.333333333333,1.0,4.6066666666666665,227.7111111111111
low,11,6,Offline teacher,0.9375508326213482,7409.333333333333,1.0,4.946666666666666,246.9777777777778
low,11,7,No grouping,0.9293333333333336,7500.0,1.0,5.0,250.0
low,11,7,CQI k-means,0.9498818655661933,6298.666666666667,1.0,4.293333333333333,209.95555555555555
low,11,7,Resource-cost k-means,0.9297210414886704,7477.333333333333,1.0,4.986666666666666,249.24444444444444
low,11,7,Multi-feature k-means,0.9431206180581421,6616.0,1.0,4.48,220.53333333333333
low,11,7,Offline teacher,0.9304964577993443,7432.0,1.0,4.96,247.73333333333332
low,11,8,No grouping,0.9300000000000004,7500.0,1.0,5.0,250.0
low,11,8,CQI k-means,0.9375603090290716,7058.0,1.0,4.74,235.26666666666668
low,11,8,Resource-cost k-means,0.9307754163106743,7454.666666666667,1.0,4.973333333333334,248.48888888888888
low,11,8,Multi-feature k-means,0.9429882232037892,6740.666666666667,1.0,4.553333333333334,224.6888888888889
low,11,8,Offline teacher,0.931550832621348,7409.333333333333,1.0,4.946666666666666,246.9777777777778
low,11,9,No grouping,0.9306666666666669,7500.0,1.0,5.0,250.0
low,11,9,CQI k-means,0.9403593705500914,6933.333333333333,1.0,4.666666666666667,231.11111111111111
low,11,9,Resource-cost k-means,0.9318297911326777,7432.0,1.0,4.96,247.73333333333332
low,11,9,Multi-feature k-means,0.9446241602587983,6684.0,1.0,4.52,222.8
low,11,9,Offline teacher,0.9318297911326776,7432.0,1.0,4.96,247.73333333333332
low,11,10,No grouping,0.932,7500.0,1.0,5.0,250.0
low,11,10,CQI k-means,0.9401418712620769,7024.0,1.0,4.72,234.13333333333333
low,11,10,Resource-cost k-means,0.9325815622330057,7466.0,1.0,4.98,248.86666666666667
low,11,10,Multi-feature k-means,0.9428558283494358,6865.333333333333,1.0,4.626666666666667,228.84444444444443
low,11,10,Offline teacher,0.9327754163106742,7454.666666666667,1.0,4.973333333333334,248.48888888888888
low,11,11,No grouping,0.9280000000000003,7500.0,1.0,5.0,250.0
low,11,11,CQI k-means,0.9367234334950824,6990.0,1.0,4.7,233.0
low,11,11,Resource-cost k-means,0.9301323948543537,7375.333333333333,1.0,4.926666666666667,245.84444444444443
low,11,11,Multi-feature k-means,0.9369172875727508,6978.666666666667,1.0,4.693333333333333,232.62222222222223
low,11,11,Offline teacher,0.9305201030096906,7352.666666666667,1.0,4.913333333333333,245.0888888888889
low,11,12,No grouping,0.9300000000000004,7500.0,1.0,5.0,250.0
low,11,12,CQI k-means,0.9385295794174139,7001.333333333333,1.0,4.706666666666667,233.37777777777777
low,11,12,Resource-cost k-means,0.9300000000000004,7500.0,1.0,5.0,250.0
low,11,12,Multi-feature k-means,0.9437636395144631,6695.333333333333,1.0,4.526666666666666,223.17777777777778
low,11,12,Offline teacher,0.931550832621348,7409.333333333333,1.0,4.946666666666666,246.9777777777778
low,11,13,No grouping,0.9340000000000002,7500.0,1.0,5.0,250.0
low,11,13,CQI k-means,0.9413664549514029,7069.333333333333,1.0,4.746666666666667,235.64444444444445
low,11,13,Resource-cost k-means,0.9351631244660111,7432.0,1.0,4.96,247.73333333333332
low,11,13,Multi-feature k-means,0.9458250987377782,6808.666666666667,1.0,4.593333333333334,226.95555555555555
low,11,13,Offline teacher,0.9353569785436796,7420.666666666667,1.0,4.953333333333333,247.35555555555555
low,11,14,No grouping,0.9333333333333336,7500.0,1.0,5.0,250.0
low,11,14,CQI k-means,0.9412813505177416,7035.333333333333,1.0,4.726666666666667,234.51111111111112
low,11,14,Resource-cost k-means,0.9360472904206922,7341.333333333333,1.0,4.906666666666666,244.7111111111111
low,11,14,Multi-feature k-means,0.9362411444983608,7330.0,1.0,4.9,244.33333333333334
low,11,14,Offline teacher,0.9366288526536979,7307.333333333333,1.0,4.886666666666667,243.57777777777778
low,11,15,No grouping,0.9293333333333336,7500.0,1.0,5.0,250.0
low,11,15,CQI k-means,0.9374752045954102,7024.0,1.0,4.72,234.13333333333333
low,11,15,Resource-cost k-means,0.9293333333333336,7500.0,1.0,5.0,250.0
low,11,15,Multi-feature k-means,0.945423221779818,6559.333333333333,1.0,4.446666666666666,218.64444444444445
low,11,15,Offline teacher,0.9320472904206923,7341.333333333333,1.0,4.906666666666666,244.7111111111111
low,11,16,No grouping,0.9273333333333335,7500.0,1.0,5.0,250.0
low,11,16,CQI k-means,0.9379953076051007,6876.666666666667,1.0,4.633333333333334,229.22222222222223
low,11,16,Resource-cost k-means,0.9273333333333335,7500.0,1.0,5.0,250.0
low,11,16,Multi-feature k-means,0.9409031187701279,6706.666666666667,1.0,4.533333333333333,223.55555555555554
low,11,16,Offline teacher,0.9285437482200365,7273.333333333333,1.0,4.866666666666666,242.44444444444446
low,11,17,No grouping,0.9273333333333335,7500.0,1.0,5.0,250.0
low,11,17,CQI k-means,0.9368321831390897,6944.666666666667,1.0,4.673333333333333,231.48888888888888
low,11,17,Resource-cost k-means,0.9290780200323502,7398.0,1.0,4.94,246.6
low,11,17,Multi-feature k-means,0.9374137453720952,6910.666666666667,1.0,4.653333333333333,230.35555555555555
low,11,17,Offline teacher,0.9302411444983609,7330.0,1.0,4.9,244.33333333333334
low,11,18,No grouping,0.9286666666666668,7500.0,1.0,5.0,250.0
low,11,18,CQI k-means,0.939328640938434,6876.666666666667,1.0,4.633333333333334,229.22222222222223
low,11,18,Resource-cost k-means,0.9302174992880148,7409.333333333333,1.0,4.946666666666666,246.9777777777778
low,11,18,Multi-feature k-means,0.943011868414135,6661.333333333333,1.0,4.506666666666667,222.04444444444445
low,11,18,Offline teacher,0.9304113533656835,7398.0,1.0,4.94,246.6
low,11,19,No grouping,0.9313333333333337,7500.0,1.0,5.0,250.0
low,11,19,CQI k-means,0.9398629127507472,7001.333333333333,1.0,4.706666666666667,233.37777777777777
low,11,19,Resource-cost k-means,0.9326903118770129,7420.666666666667,1.0,4.953333333333333,247.35555555555555
low,11,19,Multi-feature k-means,0.941801453527432,6888.0,1.0,4.64,229.6
low,11,19,Offline teacher,0.9328841659546815,7409.333333333333,1.0,4.946666666666666,246.9777777777778
low,12,0,No grouping,0.9253333333333336,7500.0,1.0,5.0,250.0
low,12,0,CQI k-means,0.9358014535274322,6888.0,1.0,4.64,229.6
low,12,0,Resource-cost k-means,0.927465728187687,7375.333333333333,1.0,4.926666666666667,245.84444444444443
low,12,0,Multi-feature k-means,0.93735228614878,6797.333333333333,1.0,4.586666666666667,226.57777777777778
low,12,0,Offline teacher,0.928264789708707,7250.666666666667,1.0,4.8533333333333335,241.6888888888889
low,12,1,No grouping,0.9280000000000003,7500.0,1.0,5.0,250.0
low,12,1,CQI k-means,0.9361418712620768,7024.0,1.0,4.72,234.13333333333333
low,12,1,Resource-cost k-means,0.9285815622330055,7466.0,1.0,4.98,248.86666666666667
low,12,1,Multi-feature k-means,0.9394373905824412,6831.333333333333,1.0,4.6066666666666665,227.7111111111111
low,12,1,Offline teacher,0.9295508326213481,7409.333333333333,1.0,4.946666666666666,246.9777777777778
low,12,2,No grouping,0.9306666666666669,7500.0,1.0,5.0,250.0
low,12,2,CQI k-means,0.9407470787054285,6910.666666666667,1.0,4.653333333333333,230.35555555555555
low,12,2,Resource-cost k-means,0.9326052074433516,7386.666666666667,1.0,4.933333333333334,246.22222222222223
low,12,2,Multi-feature k-means,0.9459811388024775,6604.666666666667,1.0,4.473333333333334,220.15555555555557
low,12,2,Offline teacher,0.9327990615210204,7375.333333333333,1.0,4.926666666666667,245.84444444444443
low,12,3,No grouping,0.9360000000000003,7500.0,1.0,5.0,250.0
low,12,3,CQI k-means,0.9443357253397454,7012.666666666667,1.0,4.713333333333333,233.75555555555556
low,12,3,Resource-cost k-means,0.937938540776685,7386.666666666667,1.0,4.933333333333334,246.22222222222223
low,12,3,Multi-feature k-means,0.9468558283494356,6865.333333333333,1.0,4.626666666666667,228.84444444444443
low,12,3,Offline teacher,0.9379385407766849,7386.666666666667,1.0,4.933333333333334,246.22222222222223
low,12,4,No grouping,0.928666666666667,7500.0,1.0,5.0,250.0
low,12,4,CQI k-means,0.9397163490937709,6854.0,1.0,4.62,228.46666666666667
low,12,4,Resource-cost k-means,0.9302174992880148,7409.333333333333,1.0,4.946666666666666,246.9777777777778
low,12,4,Multi-feature k-means,0.9432057224918036,6650.0,1.0,4.5,221.66666666666666
low,12,4,Offline teacher,0.930652497864044,7228.0,1.0,4.84,240.93333333333334
low,12,5,No grouping,0.9340000000000004,7500.0,1.0,5.0,250.0
low,12,5,CQI k-means,0.9427234334950821,6990.0,1.0,4.7,233.0
low,12,5,Resource-cost k-means,0.9340000000000004,7500.0,1.0,5.0,250.0
low,12,5,Multi-feature k-means,0.9446619742717675,6876.666666666667,1.0,4.633333333333334,229.22222222222223
low,12,5,Offline teacher,0.9355508326213482,7409.333333333333,1.0,4.946666666666666,246.9777777777778
low,12,6,No grouping,0.9313333333333337,7500.0,1.0,5.0,250.0
low,12,6,CQI k-means,0.9379243719740623,7114.666666666667,1.0,4.773333333333333,237.15555555555557
low,12,6,Resource-cost k-means,0.9323026037216757,7443.333333333333,1.0,4.966666666666667,248.11111111111111
low,12,6,Multi-feature k-means,0.946647805469144,6604.666666666667,1.0,4.473333333333334,220.15555555555557
low,12,6,Offline teacher,0.9324964577993444,7432.0,1.0,4.96,247.73333333333332
low,12,7,No grouping,0.9306666666666669,7500.0,1.0,5.0,250.0
low,12,7,CQI k-means,0.9382269756957381,7058.0,1.0,4.74,235.26666666666668
low,12,7,Resource-cost k-means,0.9314420829773408,7454.666666666667,1.0,4.973333333333334,248.48888888888888
low,12,7,Multi-feature k-means,0.9426856194821134,6797.333333333333,1.0,4.586666666666667,226.57777777777778
low,12,7,Offline teacher,0.9324349985760294,7318.666666666667,1.0,4.8933333333333335,243.95555555555555
low,12,8,No grouping,0.9340000000000002,7500.0,1.0,5.0,250.0
low,12,8,CQI k-means,0.9423357253397453,7012.666666666667,1.0,4.713333333333333,233.75555555555556
low,12,8,Resource-cost k-means,0.9355508326213482,7409.333333333333,1.0,4.946666666666666,246.9777777777778
low,12,8,Multi-feature k-means,0.9477636395144631,6695.333333333333,1.0,4.526666666666666,223.17777777777778
low,12,8,Offline teacher,0.9357446866990164,7398.0,1.0,4.94,246.6
low,12,9,No grouping,0.9260000000000003,7500.0,1.0,5.0,250.0
low,12,9,CQI k-means,0.93375416310674,7046.666666666667,1.0,4.733333333333333,234.88888888888889
low,12,9,Resource-cost k-means,0.927163124466011,7432.0,1.0,4.96,247.73333333333332
low,12,9,Multi-feature k-means,0.9362742661164303,6899.333333333333,1.0,4.6466666666666665,229.9777777777778
low,12,9,Offline teacher,0.927163124466011,7432.0,1.0,4.96,247.73333333333332
low,12,10,No grouping,0.9306666666666669,7500.0,1.0,5.0,250.0
low,12,10,CQI k-means,0.9397778083170861,6967.333333333333,1.0,4.6866666666666665,232.24444444444444
low,12,10,Resource-cost k-means,0.9320236452103463,7420.666666666667,1.0,4.953333333333333,247.35555555555555
low,12,10,Multi-feature k-means,0.94055322462776,6922.0,1.0,4.66,230.73333333333332
low,12,10,Offline teacher,0.9329929155986886,7364.0,1.0,4.92,245.46666666666667
low,12,11,No grouping,0.9300000000000002,7500.0,1.0,5.0,250.0
low,12,11,CQI k-means,0.9410496824271042,6854.0,1.0,4.62,228.46666666666667
low,12,11,Resource-cost k-means,0.9315508326213482,7409.333333333333,1.0,4.946666666666666,246.9777777777778
low,12,11,Multi-feature k-means,0.943375931359126,6718.0,1.0,4.54,223.93333333333334
low,12,11,Offline teacher,0.933101665242696,7318.666666666667,1.0,4.8933333333333335,243.95555555555555
low,12,12,No grouping,0.9373333333333335,7500.0,1.0,5.0,250.0
low,12,12,CQI k-means,0.9446997882847362,7069.333333333333,1.0,4.746666666666667,235.64444444444445
low,12,12,Resource-cost k-means,0.9386903118770128,7420.666666666667,1.0,4.953333333333333,247.35555555555555
low,12,12,Multi-feature k-means,0.9487707239157744,6831.333333333333,1.0,4.6066666666666665,227.7111111111111
low,12,12,Offline teacher,0.9394657281876868,7375.333333333333,1.0,4.926666666666667,245.84444444444443
low,12,13,No grouping,0.9306666666666669,7500.0,1.0,5.0,250.0
low,12,13,CQI k-means,0.9399716623947544,6956.0,1.0,4.68,231.86666666666667
low,12,13,Resource-cost k-means,0.9306666666666669,7500.0,1.0,5.0,250.0
low,12,13,Multi-feature k-means,0.9422979113267763,6820.0,1.0,4.6,227.33333333333334
low,12,13,Offline teacher,0.933186769676357,7352.666666666667,1.0,4.913333333333333,245.0888888888889
low,12,14,No grouping,0.9293333333333336,7500.0,1.0,5.0,250.0
low,12,14,CQI k-means,0.9390260372167583,6933.333333333333,1.0,4.666666666666667,231.11111111111111
low,12,14,Resource-cost k-means,0.9293333333333336,7500.0,1.0,5.0,250.0
low,12,14,Multi-feature k-means,0.940189161682769,6865.333333333333,1.0,4.626666666666667,228.84444444444443
low,12,14,Offline teacher,0.9320472904206923,7341.333333333333,1.0,4.906666666666666,244.7111111111111
low,12,15,No grouping,0.9373333333333337,7500.0,1.0,5.0,250.0
low,12,15,CQI k-means,0.9460567668284157,6990.0,1.0,4.7,233.0
low,12,15,Resource-cost k-means,0.9386903118770129,7420.666666666667,1.0,4.953333333333333,247.35555555555555
low,12,15,Multi-feature k-means,0.950127702459454,6752.0,1.0,4.56,225.06666666666666
low,12,15,Offline teacher,0.9390780200323499,7398.0,1.0,4.94,246.6
low,12,16,No grouping,0.9220000000000005,7500.0,1.0,5.0,250.0
low,12,16,CQI k-means,0.9311111416504197,6967.333333333333,1.0,4.6866666666666665,232.24444444444444
low,12,16,Resource-cost k-means,0.9231631244660112,7432.0,1.0,4.96,247.73333333333332
low,12,16,Multi-feature k-means,0.9311111416504197,6967.333333333333,1.0,4.6866666666666665,232.24444444444444
low,12,16,Offline teacher,0.9251253104530422,7239.333333333333,1.0,4.846666666666667,241.3111111111111
low,12,17,No grouping,0.9406666666666669,7500.0,1.0,5.0,250.0
low,12,17,CQI k-means,0.9486146838510752,7035.333333333333,1.0,4.726666666666667,234.51111111111112
low,12,17,Resource-cost k-means,0.9427990615210202,7375.333333333333,1.0,4.926666666666667,245.84444444444443
low,12,17,Multi-feature k-means,0.9503593705500915,6933.333333333333,1.0,4.666666666666667,231.11111111111111
low,12,17,Offline teacher,0.9427990615210202,7375.333333333333,1.0,4.926666666666667,245.84444444444443
low,12,18,No grouping,0.9313333333333337,7500.0,1.0,5.0,250.0
low,12,18,CQI k-means,0.9412198912944266,6922.0,1.0,4.66,230.73333333333332
low,12,18,Resource-cost k-means,0.9326903118770131,7420.666666666667,1.0,4.953333333333333,247.35555555555555
low,12,18,Multi-feature k-means,0.9435461402264487,6786.0,1.0,4.58,226.2
low,12,18,Offline teacher,0.9328841659546815,7409.333333333333,1.0,4.946666666666666,246.9777777777778
low,12,19,No grouping,0.9320000000000003,7500.0,1.0,5.0,250.0
low,12,19,CQI k-means,0.9411111416504195,6967.333333333333,1.0,4.6866666666666665,232.24444444444444
low,12,19,Resource-cost k-means,0.9337446866990168,7398.0,1.0,4.94,246.6
low,12,19,Multi-feature k-means,0.9434373905824412,6831.333333333333,1.0,4.6066666666666665,227.7111111111111
low,12,19,Offline teacher,0.9345201030096905,7352.666666666667,1.0,4.913333333333333,245.0888888888889
low,13,0,No grouping,0.930666666666667,7500.0,1.0,5.0,250.0
low,13,0,CQI k-means,0.937451559385064,7103.333333333333,1.0,4.766666666666667,236.77777777777777
low,13,0,Resource-cost k-means,0.930666666666667,7500.0,1.0,5.0,250.0
low,13,0,Multi-feature k-means,0.9411347868607656,6888.0,1.0,4.64,229.6
low,13,0,Offline teacher,0.9326052074433516,7386.666666666667,1.0,4.933333333333334,246.22222222222223
low,13,1,No grouping,0.9293333333333336,7500.0,1.0,5.0,250.0
low,13,1,CQI k-means,0.9378629127507471,7001.333333333333,1.0,4.706666666666667,233.37777777777777
low,13,1,Resource-cost k-means,0.9293333333333336,7500.0,1.0,5.0,250.0
low,13,1,Multi-feature k-means,0.9430969728477965,6695.333333333333,1.0,4.526666666666666,223.17777777777778
low,13,1,Offline teacher,0.9308841659546814,7409.333333333333,1.0,4.946666666666666,246.9777777777778
low,13,2,No grouping,0.9246666666666667,7500.0,1.0,5.0,250.0
low,13,2,CQI k-means,0.9339716623947546,6956.0,1.0,4.68,231.86666666666667
low,13,2,Resource-cost k-means,0.9264113533656833,7398.0,1.0,4.94,246.6
low,13,2,Multi-feature k-means,0.9388180143364665,6672.666666666667,1.0,4.513333333333334,222.42222222222222
low,13,2,Offline teacher,0.9266052074433518,7386.666666666667,1.0,4.933333333333334,246.22222222222223
low,13,3,No grouping,0.9313333333333337,7500.0,1.0,5.0,250.0
low,13,3,CQI k-means,0.9394752045954103,7024.0,1.0,4.72,234.13333333333333
low,13,3,Resource-cost k-means,0.9324964577993444,7432.0,1.0,4.96,247.73333333333332
low,13,3,Multi-feature k-means,0.9406383290614211,6956.0,1.0,4.68,231.86666666666667
low,13,3,Offline teacher,0.9326903118770129,7420.666666666667,1.0,4.953333333333333,247.35555555555555
low,13,4,No grouping,0.9280000000000003,7500.0,1.0,5.0,250.0
low,13,4,CQI k-means,0.9359480171844085,7035.333333333333,1.0,4.726666666666667,234.51111111111112
low,13,4,Resource-cost k-means,0.929163124466011,7432.0,1.0,4.96,247.73333333333332
low,13,4,Multi-feature k-means,0.9386619742717676,6876.666666666667,1.0,4.633333333333334,229.22222222222223
low,13,4,Offline teacher,0.9305201030096906,7352.666666666667,1.0,4.913333333333333,245.0888888888889
low,13,5,No grouping,0.9340000000000002,7500.0,1.0,5.0,250.0
low,13,5,CQI k-means,0.9434988498057563,6944.666666666667,1.0,4.673333333333333,231.48888888888888
low,13,5,Resource-cost k-means,0.9357446866990164,7398.0,1.0,4.94,246.6
low,13,5,Multi-feature k-means,0.9431111416504194,6967.333333333333,1.0,4.6866666666666665,232.24444444444444
low,13,5,Offline teacher,0.9367139570873589,7341.333333333333,1.0,4.906666666666666,244.7111111111111
low,13,6,No grouping,0.9373333333333335,7500.0,1.0,5.0,250.0
low,13,6,CQI k-means,0.9445059342070677,7080.666666666667,1.0,4.753333333333333,236.0222222222222
low,13,6,Resource-cost k-means,0.9388841659546815,7409.333333333333,1.0,4.946666666666666,246.9777777777778
low,13,6,Multi-feature k-means,0.9452813505177416,7035.333333333333,1.0,4.726666666666667,234.51111111111112
low,13,6,Offline teacher,0.9392718741100183,7386.666666666667,1.0,4.933333333333334,246.22222222222223
low,13,7,No grouping,0.9340000000000002,7500.0,1.0,5.0,250.0
low,13,7,CQI k-means,0.942141871262077,7024.0,1.0,4.72,234.13333333333333
low,13,7,Resource-cost k-means,0.9359385407766851,7386.666666666667,1.0,4.933333333333334,246.22222222222223
low,13,7,Multi-feature k-means,0.9467943691261206,6752.0,1.0,4.56,225.06666666666666
low,13,7,Offline teacher,0.9361323948543535,7375.333333333333,1.0,4.926666666666667,245.84444444444443
low,13,8,No grouping,0.9300000000000002,7500.0,1.0,5.0,250.0
low,13,8,CQI k-means,0.9385295794174139,7001.333333333333,1.0,4.706666666666667,233.37777777777777
low,13,8,Resource-cost k-means,0.9300000000000002,7500.0,1.0,5.0,250.0
low,13,8,Multi-feature k-means,0.9400804120387617,6910.666666666667,1.0,4.653333333333333,230.35555555555555
low,13,8,Offline teacher,0.9325437482200365,7273.333333333333,1.0,4.866666666666666,242.44444444444446
low,13,9,No grouping,0.9340000000000002,7500.0,1.0,5.0,250.0
low,13,9,CQI k-means,0.9423357253397455,7012.666666666667,1.0,4.713333333333333,233.75555555555556
low,13,9,Resource-cost k-means,0.9357446866990164,7398.0,1.0,4.94,246.6
low,13,9,Multi-feature k-means,0.9454373905824411,6831.333333333333,1.0,4.6066666666666665,227.7111111111111
low,13,9,Offline teacher,0.935938540776685,7386.666666666667,1.0,4.933333333333334,246.22222222222223
low,13,10,No grouping,0.9273333333333335,7500.0,1.0,5.0,250.0
low,13,10,CQI k-means,0.9354752045954103,7024.0,1.0,4.72,234.13333333333333
low,13,10,Resource-cost k-means,0.9273333333333335,7500.0,1.0,5.0,250.0
low,13,10,Multi-feature k-means,0.9337305178963938,7126.0,1.0,4.78,237.53333333333333
low,13,10,Offline teacher,0.9288841659546813,7409.333333333333,1.0,4.946666666666666,246.9777777777778
low,13,11,No grouping,0.9320000000000003,7500.0,1.0,5.0,250.0
low,13,11,CQI k-means,0.9420804120387618,6910.666666666667,1.0,4.653333333333333,230.35555555555555
low,13,11,Resource-cost k-means,0.9320000000000003,7500.0,1.0,5.0,250.0
low,13,11,Multi-feature k-means,0.9465390558251366,6650.0,1.0,4.5,221.66666666666666
low,13,11,Offline teacher,0.9335508326213481,7409.333333333333,1.0,4.946666666666666,246.9777777777778
low,13,12,No grouping,0.9353333333333335,7500.0,1.0,5.0,250.0
low,13,12,CQI k-means,0.9440567668284157,6990.0,1.0,4.7,233.0
low,13,12,Resource-cost k-means,0.9372718741100184,7386.666666666667,1.0,4.933333333333334,246.22222222222223
low,13,12,Multi-feature k-means,0.9479338483817853,6763.333333333333,1.0,4.566666666666666,225.44444444444446
low,13,12,Offline teacher,0.9372718741100182,7386.666666666667,1.0,4.933333333333334,246.22222222222223
low,13,13,No grouping,0.94,7500.0,1.0,5.0,250.0
low,13,13,CQI k-means,0.948917287572751,6978.666666666667,1.0,4.693333333333333,232.62222222222223
low,13,13,Resource-cost k-means,0.9407754163106741,7454.666666666667,1.0,4.973333333333334,248.48888888888888
low,13,13,Multi-feature k-means,0.9524066609707836,6774.666666666667,1.0,4.573333333333333,225.82222222222222
low,13,13,Offline teacher,0.9409692703883424,7443.333333333333,1.0,4.966666666666667,248.11111111111111
low,13,14,No grouping,0.922,7500.0,1.0,5.0,250.0
low,13,14,CQI k-means,0.9314988498057563,6944.666666666667,1.0,4.673333333333333,231.48888888888888
low,13,14,Resource-cost k-means,0.9239385407766851,7386.666666666667,1.0,4.933333333333334,246.22222222222223
low,13,14,Multi-feature k-means,0.9303357253397454,7012.666666666667,1.0,4.713333333333333,233.75555555555556
low,13,14,Offline teacher,0.924326248932022,7364.0,1.0,4.92,245.46666666666667
low,13,15,No grouping,0.9313333333333335,7500.0,1.0,5.0,250.0
low,13,15,CQI k-means,0.9404444749837529,6967.333333333333,1.0,4.6866666666666665,232.24444444444444
low,13,15,Resource-cost k-means,0.9321087496440076,7454.666666666667,1.0,4.973333333333334,248.48888888888888
low,13,15,Multi-feature k-means,0.9445154106147909,6729.333333333333,1.0,4.546666666666667,224.3111111111111
low,13,15,Offline teacher,0.9334657281876868,7375.333333333333,1.0,4.926666666666667,245.84444444444443
low,13,16,No grouping,0.9273333333333335,7500.0,1.0,5.0,250.0
low,13,16,CQI k-means,0.9366383290614211,6956.0,1.0,4.68,231.86666666666667
low,13,16,Resource-cost k-means,0.9294657281876869,7375.333333333333,1.0,4.926666666666667,245.84444444444443
low,13,16,Multi-feature k-means,0.9376075994497637,6899.333333333333,1.0,4.6466666666666665,229.9777777777778
low,13,16,Offline teacher,0.9296595822653554,7364.0,1.0,4.92,245.46666666666667
low,13,17,No grouping,0.9280000000000003,7500.0,1.0,5.0,250.0
low,13,17,CQI k-means,0.9357541631067398,7046.666666666667,1.0,4.733333333333333,234.88888888888889
low,13,17,Resource-cost k-means,0.929163124466011,7432.0,1.0,4.96,247.73333333333332
low,13,17,Multi-feature k-means,0.9388558283494357,6865.333333333333,1.0,4.626666666666667,228.84444444444443
low,13,17,Offline teacher,0.9293569785436796,7420.666666666667,1.0,4.953333333333333,247.35555555555555
low,13,18,No grouping,0.9293333333333336,7500.0,1.0,5.0,250.0
low,13,18,CQI k-means,0.9359243719740622,7114.666666666667,1.0,4.773333333333333,237.15555555555557
low,13,18,Resource-cost k-means,0.9304964577993445,7432.0,1.0,4.96,247.73333333333332
low,13,18,Multi-feature k-means,0.9419574935921315,6684.0,1.0,4.52,222.8
low,13,18,Offline teacher,0.9304964577993445,7432.0,1.0,4.96,247.73333333333332
low,13,19,No grouping,0.9293333333333336,7500.0,1.0,5.0,250.0
low,13,19,CQI k-means,0.9382506209060841,6978.666666666667,1.0,4.693333333333333,232.62222222222223
low,13,19,Resource-cost k-means,0.9308841659546814,7409.333333333333,1.0,4.946666666666666,246.9777777777778
low,13,19,Multi-feature k-means,0.9417399943041168,6774.666666666667,1.0,4.573333333333333,225.82222222222222
low,13,19,Offline teacher,0.9312955193203645,7307.333333333333,1.0,4.886666666666667,243.57777777777778
low,14,0,No grouping,0.9253333333333336,7500.0,1.0,5.0,250.0
low,14,0,CQI k-means,0.9348321831390896,6944.666666666667,1.0,4.673333333333333,231.48888888888888
low,14,0,Resource-cost k-means,0.9278534363430236,7352.666666666667,1.0,4.913333333333333,245.0888888888889
low,14,0,Multi-feature k-means,0.9365768698381061,6842.666666666667,1.0,4.613333333333333,228.0888888888889
low,14,0,Offline teacher,0.9278534363430239,7352.666666666667,1.0,4.913333333333333,245.0888888888889
low,14,1,No grouping,0.9286666666666668,7500.0,1.0,5.0,250.0
low,14,1,CQI k-means,0.9362269756957382,7058.0,1.0,4.74,235.26666666666668
low,14,1,Resource-cost k-means,0.9298297911326777,7432.0,1.0,4.96,247.73333333333332
low,14,1,Multi-feature k-means,0.9387470787054284,6910.666666666667,1.0,4.653333333333333,230.35555555555555
low,14,1,Offline teacher,0.9300236452103464,7420.666666666667,1.0,4.953333333333333,247.35555555555555
low,14,2,No grouping,0.9326666666666669,7500.0,1.0,5.0,250.0
low,14,2,CQI k-means,0.9411962460840804,7001.333333333333,1.0,4.706666666666667,233.37777777777777
low,14,2,Resource-cost k-means,0.9336359370550091,7443.333333333333,1.0,4.966666666666667,248.11111111111111
low,14,2,Multi-feature k-means,0.9435224950161023,6865.333333333333,1.0,4.626666666666667,228.84444444444443
low,14,2,Offline teacher,0.9342174992880149,7409.333333333333,1.0,4.946666666666666,246.9777777777778
low,14,3,No grouping,0.9380000000000002,7500.0,1.0,5.0,250.0
low,14,3,CQI k-means,0.9451726008737343,7080.666666666667,1.0,4.753333333333333,236.0222222222222
low,14,3,Resource-cost k-means,0.9380000000000002,7500.0,1.0,5.0,250.0
low,14,3,Multi-feature k-means,0.9531206180581421,6616.0,1.0,4.48,220.53333333333333
low,14,3,Offline teacher,0.9389692703883423,7443.333333333333,1.0,4.966666666666667,248.11111111111111
low,14,4,No grouping,0.9380000000000002,7500.0,1.0,5.0,250.0
low,14,4,CQI k-means,0.9467234334950824,6990.0,1.0,4.7,233.0
low,14,4,Resource-cost k-means,0.9397446866990167,7398.0,1.0,4.94,246.6
low,14,4,Multi-feature k-means,0.950600515048452,6763.333333333333,1.0,4.566666666666666,225.44444444444446
low,14,4,Offline teacher,0.9397446866990167,7398.0,1.0,4.94,246.6
low,14,5,No grouping,0.9280000000000003,7500.0,1.0,5.0,250.0
low,14,5,CQI k-means,0.9357541631067399,7046.666666666667,1.0,4.733333333333333,234.88888888888889
low,14,5,Resource-cost k-means,0.9280000000000003,7500.0,1.0,5.0,250.0
low,14,5,Multi-feature k-means,0.9404066609707837,6774.666666666667,1.0,4.573333333333333,225.82222222222222
low,14,5,Offline teacher,0.9293806237540256,7341.333333333333,1.0,4.906666666666666,244.7111111111111
low,14,6,No grouping,0.9333333333333337,7500.0,1.0,5.0,250.0
low,14,6,CQI k-means,0.9424444749837528,6967.333333333333,1.0,4.6866666666666665,232.24444444444444
low,14,6,Resource-cost k-means,0.9341087496440075,7454.666666666667,1.0,4.973333333333334,248.48888888888888
low,14,6,Multi-feature k-means,0.9428321831390895,6944.666666666667,1.0,4.673333333333333,231.48888888888888
low,14,6,Offline teacher,0.9358534363430238,7352.666666666667,1.0,4.913333333333333,245.0888888888889
low,14,7,No grouping,0.924666666666667,7500.0,1.0,5.0,250.0
low,14,7,CQI k-means,0.9339716623947546,6956.0,1.0,4.68,231.86666666666667
low,14,7,Resource-cost k-means,0.924666666666667,7500.0,1.0,5.0,250.0
low,14,7,Multi-feature k-means,0.9397872847248088,6616.0,1.0,4.48,220.53333333333333
low,14,7,Offline teacher,0.9258297911326777,7432.0,1.0,4.96,247.73333333333332
low,14,8,No grouping,0.9333333333333337,7500.0,1.0,5.0,250.0
low,14,8,CQI k-means,0.9424444749837529,6967.333333333333,1.0,4.6866666666666665,232.24444444444444
low,14,8,Resource-cost k-means,0.934690311877013,7420.666666666667,1.0,4.953333333333333,247.35555555555555
low,14,8,Multi-feature k-means,0.9488416595468128,6593.333333333333,1.0,4.466666666666667,219.77777777777777
low,14,8,Offline teacher,0.9358534363430238,7352.666666666667,1.0,4.913333333333333,245.0888888888889
low,14,9,No grouping,0.9333333333333336,7500.0,1.0,5.0,250.0
low,14,9,CQI k-means,0.9420567668284158,6990.0,1.0,4.7,233.0
low,14,9,Resource-cost k-means,0.9344964577993444,7432.0,1.0,4.96,247.73333333333332
low,14,9,Multi-feature k-means,0.9441891616827691,6865.333333333333,1.0,4.626666666666667,228.84444444444443
low,14,9,Offline teacher,0.9344964577993444,7432.0,1.0,4.96,247.73333333333332
low,14,10,No grouping,0.9326666666666669,7500.0,1.0,5.0,250.0
low,14,10,CQI k-means,0.9408085379287435,7024.0,1.0,4.72,234.13333333333333
low,14,10,Resource-cost k-means,0.9334420829773408,7454.666666666667,1.0,4.973333333333334,248.48888888888888
low,14,10,Multi-feature k-means,0.9442979113267764,6820.0,1.0,4.6,227.33333333333334
low,14,10,Offline teacher,0.9342174992880149,7409.333333333333,1.0,4.946666666666666,246.9777777777778
low,14,11,No grouping,0.9300000000000004,7500.0,1.0,5.0,250.0
low,14,11,CQI k-means,0.9360094764077235,7148.666666666667,1.0,4.793333333333333,238.2888888888889
low,14,11,Resource-cost k-means,0.9315508326213482,7409.333333333333,1.0,4.946666666666666,246.9777777777778
low,14,11,Multi-feature k-means,0.9375603090290715,7058.0,1.0,4.74,235.26666666666668
low,14,11,Offline teacher,0.9315508326213482,7409.333333333333,1.0,4.946666666666666,246.9777777777778
low,14,12,No grouping,0.9393333333333336,7500.0,1.0,5.0,250.0
low,14,12,CQI k-means,0.9476690586730787,7012.666666666667,1.0,4.713333333333333,233.75555555555556
low,14,12,Resource-cost k-means,0.9412718741100184,7386.666666666667,1.0,4.933333333333334,246.22222222222223
low,14,12,Multi-feature k-means,0.9482506209060841,6978.666666666667,1.0,4.693333333333333,232.62222222222223
low,14,12,Offline teacher,0.9414657281876867,7375.333333333333,1.0,4.926666666666667,245.84444444444443
low,14,13,No grouping,0.9293333333333336,7500.0,1.0,5.0,250.0
low,14,13,CQI k-means,0.9363120801293993,7092.0,1.0,4.76,236.4
low,14,13,Resource-cost k-means,0.9293333333333336,7500.0,1.0,5.0,250.0
low,14,13,Multi-feature k-means,0.9429031187701279,6706.666666666667,1.0,4.533333333333333,223.55555555555554
low,14,13,Offline teacher,0.9301087496440075,7454.666666666667,1.0,4.973333333333334,248.48888888888888
low,14,14,No grouping,0.9333333333333333,7500.0,1.0,5.0,250.0
low,14,14,CQI k-means,0.9410874964400732,7046.666666666667,1.0,4.733333333333333,234.88888888888889
low,14,14,Resource-cost k-means,0.9350780200323496,7398.0,1.0,4.94,246.6
low,14,14,Multi-feature k-means,0.9432198912944265,6922.0,1.0,4.66,230.73333333333332
low,14,14,Offline teacher,0.9364349985760292,7318.666666666667,1.0,4.8933333333333335,243.95555555555555
low,14,15,No grouping,0.928666666666667,7500.0,1.0,5.0,250.0
low,14,15,CQI k-means,0.9344822889967215,7160.0,1.0,4.8,238.66666666666666
low,14,15,Resource-cost k-means,0.9296359370550091,7443.333333333333,1.0,4.966666666666667,248.11111111111111
low,14,15,Multi-feature k-means,0.9418487439481245,6729.333333333333,1.0,4.546666666666667,224.3111111111111
low,14,15,Offline teacher,0.9312340600970495,7194.0,1.0,4.82,239.8
low,14,16,No grouping,0.9333333333333337,7500.0,1.0,5.0,250.0
low,14,16,CQI k-means,0.9420567668284158,6990.0,1.0,4.7,233.0
low,14,16,Resource-cost k-means,0.9333333333333337,7500.0,1.0,5.0,250.0
low,14,16,Multi-feature k-means,0.943413745372095,6910.666666666667,1.0,4.653333333333333,230.35555555555555
low,14,16,Offline teacher,0.9360472904206922,7341.333333333333,1.0,4.906666666666666,244.7111111111111
low,14,17,No grouping,0.930666666666667,7500.0,1.0,5.0,250.0
low,14,17,CQI k-means,0.9395839542394175,6978.666666666667,1.0,4.693333333333333,232.62222222222223
low,14,17,Resource-cost k-means,0.9322174992880148,7409.333333333333,1.0,4.946666666666666,246.9777777777778
low,14,17,Multi-feature k-means,0.94055322462776,6922.0,1.0,4.66,230.73333333333332
low,14,17,Offline teacher,0.9324113533656831,7398.0,1.0,4.94,246.6
low,14,18,No grouping,0.9306666666666669,7500.0,1.0,5.0,250.0
low,14,18,CQI k-means,0.9386146838510749,7035.333333333333,1.0,4.726666666666667,234.51111111111112
low,14,18,Resource-cost k-means,0.9308605207443351,7488.666666666667,1.0,4.993333333333333,249.62222222222223
low,14,18,Multi-feature k-means,0.9432671817151188,6763.333333333333,1.0,4.566666666666666,225.44444444444446
low,14,18,Offline teacher,0.9337683319093626,7318.666666666667,1.0,4.8933333333333335,243.95555555555555
low,14,19,No grouping,0.930666666666667,7500.0,1.0,5.0,250.0
low,14,19,CQI k-means,0.9384208297734066,7046.666666666667,1.0,4.733333333333333,234.88888888888889
low,14,19,Resource-cost k-means,0.930666666666667,7500.0,1.0,5.0,250.0
low,14,19,Multi-feature k-means,0.937839267540401,7080.666666666667,1.0,4.753333333333333,236.0222222222222
low,14,19,Offline teacher,0.9333806237540255,7341.333333333333,1.0,4.906666666666666,244.7111111111111
low,15,0,No grouping,0.9253333333333335,7500.0,1.0,5.0,250.0
low,15,0,CQI k-means,0.9325059342070678,7080.666666666667,1.0,4.753333333333333,236.0222222222222
low,15,0,Resource-cost k-means,0.9268841659546816,7409.333333333333,1.0,4.946666666666666,246.9777777777778
low,15,0,Multi-feature k-means,0.9369645779934429,6820.0,1.0,4.6,227.33333333333334
low,15,0,Offline teacher,0.9278534363430239,7352.666666666667,1.0,4.913333333333333,245.0888888888889
low,15,1,No grouping,0.9366666666666669,7500.0,1.0,5.0,250.0
low,15,1,CQI k-means,0.9428699971520587,7137.333333333333,1.0,4.786666666666667,237.9111111111111
low,15,1,Resource-cost k-means,0.9382174992880149,7409.333333333333,1.0,4.946666666666666,246.9777777777778
low,15,1,Multi-feature k-means,0.9453901001617491,6990.0,1.0,4.7,233.0
low,15,1,Offline teacher,0.9384113533656834,7398.0,1.0,4.94,246.6
low,15,2,No grouping,0.928666666666667,7500.0,1.0,5.0,250.0
low,15,2,CQI k-means,0.9358392675404009,7080.666666666667,1.0,4.753333333333333,236.0222222222222
low,15,2,Resource-cost k-means,0.9294420829773407,7454.666666666667,1.0,4.973333333333334,248.48888888888888
low,15,2,Multi-feature k-means,0.939328640938434,6876.666666666667,1.0,4.633333333333334,229.22222222222223
low,15,2,Offline teacher,0.9300236452103464,7420.666666666667,1.0,4.953333333333333,247.35555555555555
low,15,3,No grouping,0.9266666666666666,7500.0,1.0,5.0,250.0
low,15,3,CQI k-means,0.9353901001617491,6990.0,1.0,4.7,233.0
low,15,3,Resource-cost k-means,0.9280236452103463,7420.666666666667,1.0,4.953333333333333,247.35555555555555
low,15,3,Multi-feature k-means,0.9383215565371223,6740.666666666667,1.0,4.553333333333334,224.6888888888889
low,15,3,Offline teacher,0.9286052074433517,7386.666666666667,1.0,4.933333333333334,246.22222222222223
low,15,4,No grouping,0.934666666666667,7500.0,1.0,5.0,250.0
low,15,4,CQI k-means,0.9431962460840805,7001.333333333333,1.0,4.706666666666667,233.37777777777777
low,15,4,Resource-cost k-means,0.9367990615210201,7375.333333333333,1.0,4.926666666666667,245.84444444444443
low,15,4,Multi-feature k-means,0.9464917654044448,6808.666666666667,1.0,4.593333333333334,226.95555555555555
low,15,4,Offline teacher,0.9369929155986887,7364.0,1.0,4.92,245.46666666666667
low,15,5,No grouping,0.9313333333333337,7500.0,1.0,5.0,250.0
low,15,5,CQI k-means,0.9400567668284157,6990.0,1.0,4.7,233.0
low,15,5,Resource-cost k-means,0.93307802003235,7398.0,1.0,4.94,246.6
low,15,5,Multi-feature k-means,0.9406383290614211,6956.0,1.0,4.68,231.86666666666667
low,15,5,Offline teacher,0.93307802003235,7398.0,1.0,4.94,246.6
low,15,6,No grouping,0.9273333333333335,7500.0,1.0,5.0,250.0
low,15,6,CQI k-means,0.9350874964400733,7046.666666666667,1.0,4.733333333333333,234.88888888888889
low,15,6,Resource-cost k-means,0.9279148955663391,7466.0,1.0,4.98,248.86666666666667
low,15,6,Multi-feature k-means,0.937995307605101,6876.666666666667,1.0,4.633333333333334,229.22222222222223
low,15,6,Offline teacher,0.9283735393527142,7205.333333333333,1.0,4.826666666666667,240.17777777777778
low,15,7,No grouping,0.9360000000000003,7500.0,1.0,5.0,250.0
low,15,7,CQI k-means,0.9435603090290715,7058.0,1.0,4.74,235.26666666666668
low,15,7,Resource-cost k-means,0.9360000000000003,7500.0,1.0,5.0,250.0
low,15,7,Multi-feature k-means,0.9487943691261207,6752.0,1.0,4.56,225.06666666666666
low,15,7,Offline teacher,0.9375508326213482,7409.333333333333,1.0,4.946666666666666,246.9777777777778
low,15,8,No grouping,0.9300000000000002,7500.0,1.0,5.0,250.0
low,15,8,CQI k-means,0.9398865579610932,6922.0,1.0,4.66,230.73333333333332
low,15,8,Resource-cost k-means,0.9311631244660111,7432.0,1.0,4.96,247.73333333333332
low,15,8,Multi-feature k-means,0.9439574935921314,6684.0,1.0,4.52,222.8
low,15,8,Offline teacher,0.9323262489320221,7364.0,1.0,4.92,245.46666666666667
low,15,9,No grouping,0.9393333333333336,7500.0,1.0,5.0,250.0
low,15,9,CQI k-means,0.9470874964400732,7046.666666666667,1.0,4.733333333333333,234.88888888888889
low,15,9,Resource-cost k-means,0.9404964577993443,7432.0,1.0,4.96,247.73333333333332
low,15,9,Multi-feature k-means,0.9503830157604375,6854.0,1.0,4.62,228.46666666666667
low,15,9,Offline teacher,0.9404964577993443,7432.0,1.0,4.96,247.73333333333332
low,15,10,No grouping,0.9353333333333336,7500.0,1.0,5.0,250.0
low,15,10,CQI k-means,0.9446383290614212,6956.0,1.0,4.68,231.86666666666667
low,15,10,Resource-cost k-means,0.9366903118770131,7420.666666666667,1.0,4.953333333333333,247.35555555555555
low,15,10,Multi-feature k-means,0.9489031187701278,6706.666666666667,1.0,4.533333333333333,223.55555555555554
low,15,10,Offline teacher,0.9368841659546814,7409.333333333333,1.0,4.946666666666666,246.9777777777778
low,15,11,No grouping,0.9333333333333336,7500.0,1.0,5.0,250.0
low,15,11,CQI k-means,0.9416690586730787,7012.666666666667,1.0,4.713333333333333,233.75555555555556
low,15,11,Resource-cost k-means,0.934302603721676,7443.333333333333,1.0,4.966666666666667,248.11111111111111
low,15,11,Multi-feature k-means,0.9451820772814575,6729.333333333333,1.0,4.546666666666667,224.3111111111111
low,15,11,Offline teacher,0.9344964577993444,7432.0,1.0,4.96,247.73333333333332
low,15,12,No grouping,0.9360000000000003,7500.0,1.0,5.0,250.0
low,15,12,CQI k-means,0.9427848927183974,7103.333333333333,1.0,4.766666666666667,236.77777777777777
low,15,12,Resource-cost k-means,0.9360000000000003,7500.0,1.0,5.0,250.0
low,15,12,Multi-feature k-means,0.9447234334950823,6990.0,1.0,4.7,233.0
low,15,12,Offline teacher,0.9381560400646997,7296.0,1.0,4.88,243.2
low,15,13,No grouping,0.9433333333333335,7500.0,1.0,5.0,250.0
low,15,13,CQI k-means,0.9514752045954101,7024.0,1.0,4.72,234.13333333333333
low,15,13,Resource-cost k-means,0.9458534363430238,7352.666666666667,1.0,4.913333333333333,245.0888888888889
low,15,13,Multi-feature k-means,0.9543830157604375,6854.0,1.0,4.62,228.46666666666667
low,15,13,Offline teacher,0.9464349985760293,7318.666666666667,1.0,4.8933333333333335,243.95555555555555
low,15,14,No grouping,0.9360000000000003,7500.0,1.0,5.0,250.0
low,15,14,CQI k-means,0.94375416310674,7046.666666666667,1.0,4.733333333333333,234.88888888888889
low,15,14,Resource-cost k-means,0.9360000000000003,7500.0,1.0,5.0,250.0
low,15,14,Multi-feature k-means,0.9474373905824413,6831.333333333333,1.0,4.6066666666666665,227.7111111111111
low,15,14,Offline teacher,0.9389078111650273,7330.0,1.0,4.9,244.33333333333334
low,15,15,No grouping,0.9320000000000003,7500.0,1.0,5.0,250.0
low,15,15,CQI k-means,0.9397541631067399,7046.666666666667,1.0,4.733333333333333,234.88888888888889
low,15,15,Resource-cost k-means,0.9320000000000003,7500.0,1.0,5.0,250.0
low,15,15,Multi-feature k-means,0.9475319714238253,6514.0,1.0,4.42,217.13333333333333
low,15,15,Offline teacher,0.9329692703883425,7443.333333333333,1.0,4.966666666666667,248.11111111111111
low,15,16,No grouping,0.9293333333333336,7500.0,1.0,5.0,250.0
low,15,16,CQI k-means,0.9372813505177415,7035.333333333333,1.0,4.726666666666667,234.51111111111112
low,15,16,Resource-cost k-means,0.9304964577993443,7432.0,1.0,4.96,247.73333333333332
low,15,16,Multi-feature k-means,0.9432908269254647,6684.0,1.0,4.52,222.8
low,15,16,Offline teacher,0.9304964577993445,7432.0,1.0,4.96,247.73333333333332
low,15,17,No grouping,0.934666666666667,7500.0,1.0,5.0,250.0
low,15,17,CQI k-means,0.942614683851075,7035.333333333333,1.0,4.726666666666667,234.51111111111112
low,15,17,Resource-cost k-means,0.9354420829773409,7454.666666666667,1.0,4.973333333333334,248.48888888888888
low,15,17,Multi-feature k-means,0.9470733276374502,6774.666666666667,1.0,4.573333333333333,225.82222222222222
low,15,17,Offline teacher,0.9364349985760293,7318.666666666667,1.0,4.8933333333333335,243.95555555555555
low,15,18,No grouping,0.9273333333333335,7500.0,1.0,5.0,250.0
low,15,18,CQI k-means,0.937801453527432,6888.0,1.0,4.64,229.6
low,15,18,Resource-cost k-means,0.9288841659546815,7409.333333333333,1.0,4.946666666666666,246.9777777777778
low,15,18,Multi-feature k-means,0.9399338483817854,6763.333333333333,1.0,4.566666666666666,225.44444444444446
low,15,18,Offline teacher,0.9298534363430239,7352.666666666667,1.0,4.913333333333333,245.0888888888889
low,15,19,No grouping,0.9293333333333336,7500.0,1.0,5.0,250.0
low,15,19,CQI k-means,0.9361182260517308,7103.333333333333,1.0,4.766666666666667,236.77777777777777
low,15,19,Resource-cost k-means,0.9293333333333336,7500.0,1.0,5.0,250.0
low,15,19,Multi-feature k-means,0.9363120801293993,7092.0,1.0,4.76,236.4
low,15,19,Offline teacher,0.9310780200323499,7398.0,1.0,4.94,246.6
low,16,0,No grouping,0.9320000000000003,7500.0,1.0,5.0,250.0
low,16,0,CQI k-means,0.9401418712620769,7024.0,1.0,4.72,234.13333333333333
low,16,0,Resource-cost k-means,0.9335508326213483,7409.333333333333,1.0,4.946666666666666,246.9777777777778
low,16,0,Multi-feature k-means,0.9405295794174138,7001.333333333333,1.0,4.706666666666667,233.37777777777777
low,16,0,Offline teacher,0.9341323948543536,7375.333333333333,1.0,4.926666666666667,245.84444444444443
low,16,1,No grouping,0.9293333333333336,7500.0,1.0,5.0,250.0
low,16,1,CQI k-means,0.9355366638187254,7137.333333333333,1.0,4.786666666666667,237.9111111111111
low,16,1,Resource-cost k-means,0.930690311877013,7420.666666666667,1.0,4.953333333333333,247.35555555555555
low,16,1,Multi-feature k-means,0.934183067113065,6394.666666666667,1.0,4.38,213.15555555555557
low,16,1,Offline teacher,0.9320472904206923,7341.333333333333,1.0,4.906666666666666,244.7111111111111
low,16,2,No grouping,0.94,7500.0,1.0,5.0,250.0
low,16,2,CQI k-means,0.9473664549514027,7069.333333333333,1.0,4.746666666666667,235.64444444444445
low,16,2,Resource-cost k-means,0.9407754163106741,7454.666666666667,1.0,4.973333333333334,248.48888888888888
low,16,2,Multi-feature k-means,0.9527943691261207,6752.0,1.0,4.56,225.06666666666666
low,16,2,Offline teacher,0.9411631244660111,7432.0,1.0,4.96,247.73333333333332
low,16,3,No grouping,0.9333333333333337,7500.0,1.0,5.0,250.0
low,16,3,CQI k-means,0.9414752045954102,7024.0,1.0,4.72,234.13333333333333
low,16,3,Resource-cost k-means,0.9344964577993444,7432.0,1.0,4.96,247.73333333333332
low,16,3,Multi-feature k-means,0.9447707239157745,6831.333333333333,1.0,4.6066666666666665,227.7111111111111
low,16,3,Offline teacher,0.9352955193203644,7307.333333333333,1.0,4.886666666666667,243.57777777777778
low,16,4,No grouping,0.9360000000000003,7500.0,1.0,5.0,250.0
low,16,4,CQI k-means,0.9423971845630603,7126.0,1.0,4.78,237.53333333333333
low,16,4,Resource-cost k-means,0.937163124466011,7432.0,1.0,4.96,247.73333333333332
low,16,4,Multi-feature k-means,0.9464681201940988,6888.0,1.0,4.64,229.6
low,16,4,Offline teacher,0.9381323948543534,7375.333333333333,1.0,4.926666666666667,245.84444444444443
low,16,5,No grouping,0.928666666666667,7500.0,1.0,5.0,250.0
low,16,5,CQI k-means,0.939328640938434,6876.666666666667,1.0,4.633333333333334,229.22222222222223
low,16,5,Resource-cost k-means,0.9309929155986887,7364.0,1.0,4.92,245.46666666666667
low,16,5,Multi-feature k-means,0.940879473559782,6786.0,1.0,4.58,226.2
low,16,5,Offline teacher,0.9309929155986887,7364.0,1.0,4.92,245.46666666666667
low,16,6,No grouping,0.934666666666667,7500.0,1.0,5.0,250.0
low,16,6,CQI k-means,0.9424208297734066,7046.666666666667,1.0,4.733333333333333,234.88888888888889
low,16,6,Resource-cost k-means,0.9356359370550092,7443.333333333333,1.0,4.966666666666667,248.11111111111111
low,16,6,Multi-feature k-means,0.9493995765694719,6638.666666666667,1.0,4.493333333333333,221.2888888888889
low,16,6,Offline teacher,0.9358297911326777,7432.0,1.0,4.96,247.73333333333332
low,16,7,No grouping,0.9366666666666671,7500.0,1.0,5.0,250.0
low,16,7,CQI k-means,0.9457778083170861,6967.333333333333,1.0,4.6866666666666665,232.24444444444444
low,16,7,Resource-cost k-means,0.9376359370550091,7443.333333333333,1.0,4.966666666666667,248.11111111111111
low,16,7,Multi-feature k-means,0.9502364521034611,6706.666666666667,1.0,4.533333333333333,223.55555555555554
low,16,7,Offline teacher,0.9376359370550091,7443.333333333333,1.0,4.966666666666667,248.11111111111111
low,16,8,No grouping,0.9313333333333335,7500.0,1.0,5.0,250.0
low,16,8,CQI k-means,0.9406383290614211,6956.0,1.0,4.68,231.86666666666667
low,16,8,Resource-cost k-means,0.933465728187687,7375.333333333333,1.0,4.926666666666667,245.84444444444443
low,16,8,Multi-feature k-means,0.9414137453720951,6910.666666666667,1.0,4.653333333333333,230.35555555555555
low,16,8,Offline teacher,0.9336595822653554,7364.0,1.0,4.92,245.46666666666667
low,16,9,No grouping,0.924666666666667,7500.0,1.0,5.0,250.0
low,16,9,CQI k-means,0.9331962460840805,7001.333333333333,1.0,4.706666666666667,233.37777777777777
low,16,9,Resource-cost k-means,0.9256359370550092,7443.333333333333,1.0,4.966666666666667,248.11111111111111
low,16,9,Multi-feature k-means,0.9380425980257928,6718.0,1.0,4.54,223.93333333333334
low,16,9,Offline teacher,0.9262647897087068,7250.666666666667,1.0,4.8533333333333335,241.6888888888889
low,16,10,No grouping,0.9373333333333335,7500.0,1.0,5.0,250.0
low,16,10,CQI k-means,0.9445059342070677,7080.666666666667,1.0,4.753333333333333,236.0222222222222
low,16,10,Resource-cost k-means,0.9384964577993442,7432.0,1.0,4.96,247.73333333333332
low,16,10,Multi-feature k-means,0.9474137453720952,6910.666666666667,1.0,4.653333333333333,230.35555555555555
low,16,10,Offline teacher,0.9384964577993444,7432.0,1.0,4.96,247.73333333333332
low,16,11,No grouping,0.9293333333333336,7500.0,1.0,5.0,250.0
low,16,11,CQI k-means,0.9374752045954102,7024.0,1.0,4.72,234.13333333333333
low,16,11,Resource-cost k-means,0.9301087496440075,7454.666666666667,1.0,4.973333333333334,248.48888888888888
low,16,11,Multi-feature k-means,0.9423215565371224,6740.666666666667,1.0,4.553333333333334,224.6888888888889
low,16,11,Offline teacher,0.9303026037216758,7443.333333333333,1.0,4.966666666666667,248.11111111111111
low,16,12,No grouping,0.9333333333333336,7500.0,1.0,5.0,250.0
low,16,12,CQI k-means,0.9410874964400732,7046.666666666667,1.0,4.733333333333333,234.88888888888889
low,16,12,Resource-cost k-means,0.934690311877013,7420.666666666667,1.0,4.953333333333333,247.35555555555555
low,16,12,Multi-feature k-means,0.9470969728477963,6695.333333333333,1.0,4.526666666666666,223.17777777777778
low,16,12,Offline teacher,0.934690311877013,7420.666666666667,1.0,4.953333333333333,247.35555555555555
low,16,13,No grouping,0.9280000000000003,7500.0,1.0,5.0,250.0
low,16,13,CQI k-means,0.9369172875727508,6978.666666666667,1.0,4.693333333333333,232.62222222222223
low,16,13,Resource-cost k-means,0.9295508326213481,7409.333333333333,1.0,4.946666666666666,246.9777777777778
low,16,13,Multi-feature k-means,0.9423452017474684,6661.333333333333,1.0,4.506666666666667,222.04444444444445
low,16,13,Offline teacher,0.9301323948543537,7375.333333333333,1.0,4.926666666666667,245.84444444444443
low,16,14,No grouping,0.9313333333333335,7500.0,1.0,5.0,250.0
low,16,14,CQI k-means,0.9511064492555192,6344.0,1.0,4.32,211.46666666666667
low,16,14,Resource-cost k-means,0.9313333333333335,7500.0,1.0,5.0,250.0
low,16,14,Multi-feature k-means,0.9400567668284157,6990.0,1.0,4.7,233.0
low,16,14,Offline teacher,0.9344349985760293,7318.666666666667,1.0,4.8933333333333335,243.95555555555555
low,16,15,No grouping,0.9260000000000003,7500.0,1.0,5.0,250.0
low,16,15,CQI k-means,0.9339480171844083,7035.333333333333,1.0,4.726666666666667,234.51111111111112
low,16,15,Resource-cost k-means,0.9273569785436795,7420.666666666667,1.0,4.953333333333333,247.35555555555555
low,16,15,Multi-feature k-means,0.9384066609707834,6774.666666666667,1.0,4.573333333333333,225.82222222222222
low,16,15,Offline teacher,0.9283262489320221,7364.0,1.0,4.92,245.46666666666667
low,16,16,No grouping,0.9380000000000003,7500.0,1.0,5.0,250.0
low,16,16,CQI k-means,0.9461418712620769,7024.0,1.0,4.72,234.13333333333333
low,16,16,Resource-cost k-means,0.939163124466011,7432.0,1.0,4.96,247.73333333333332
low,16,16,Multi-feature k-means,0.9484681201940987,6888.0,1.0,4.64,229.6
low,16,16,Offline teacher,0.9399385407766849,7386.666666666667,1.0,4.933333333333334,246.22222222222223
low,16,17,No grouping,0.9260000000000003,7500.0,1.0,5.0,250.0
low,16,17,CQI k-means,0.9356927038834247,6933.333333333333,1.0,4.666666666666667,231.11111111111111
low,16,17,Resource-cost k-means,0.9275508326213481,7409.333333333333,1.0,4.946666666666666,246.9777777777778
low,16,17,Multi-feature k-means,0.9387943691261207,6752.0,1.0,4.56,225.06666666666666
low,16,17,Offline teacher,0.9285201030096905,7352.666666666667,1.0,4.913333333333333,245.0888888888889
low,16,18,No grouping,0.9313333333333337,7500.0,1.0,5.0,250.0
low,16,18,CQI k-means,0.9404444749837529,6967.333333333333,1.0,4.6866666666666665,232.24444444444444
low,16,18,Resource-cost k-means,0.9334657281876868,7375.333333333333,1.0,4.926666666666667,245.84444444444443
low,16,18,Multi-feature k-means,0.9429645779934431,6820.0,1.0,4.6,227.33333333333334
low,16,18,Offline teacher,0.9342411444983607,7330.0,1.0,4.9,244.33333333333334
low,16,19,No grouping,0.9206666666666669,7500.0,1.0,5.0,250.0
low,16,19,CQI k-means,0.9291962460840807,7001.333333333333,1.0,4.706666666666667,233.37777777777777
low,16,19,Resource-cost k-means,0.9233806237540256,7341.333333333333,1.0,4.906666666666666,244.7111111111111
low,16,19,Multi-feature k-means,0.9282269756957383,7058.0,1.0,4.74,235.26666666666668
low,16,19,Offline teacher,0.9255130186083792,7216.666666666667,1.0,4.833333333333333,240.55555555555554
low,17,0,No grouping,0.9353333333333335,7500.0,1.0,5.0,250.0
low,17,0,CQI k-means,0.945026037216758,6933.333333333333,1.0,4.666666666666667,231.11111111111111
low,17,0,Resource-cost k-means,0.9370780200323497,7398.0,1.0,4.94,246.6
low,17,0,Multi-feature k-means,0.9475461402264485,6786.0,1.0,4.58,226.2
low,17,0,Offline teacher,0.9370780200323497,7398.0,1.0,4.94,246.6
low,17,1,No grouping,0.9380000000000003,7500.0,1.0,5.0,250.0
low,17,1,CQI k-means,0.9471111416504194,6967.333333333333,1.0,4.6866666666666665,232.24444444444444
low,17,1,Resource-cost k-means,0.9401323948543535,7375.333333333333,1.0,4.926666666666667,245.84444444444443
low,17,1,Multi-feature k-means,0.9502128068931152,6786.0,1.0,4.58,226.2
low,17,1,Offline teacher,0.940326248932022,7364.0,1.0,4.92,245.46666666666667
low,17,2,No grouping,0.9306666666666669,7500.0,1.0,5.0,250.0
low,17,2,CQI k-means,0.9391962460840805,7001.333333333333,1.0,4.706666666666667,233.37777777777777
low,17,2,Resource-cost k-means,0.9327990615210202,7375.333333333333,1.0,4.926666666666667,245.84444444444443
low,17,2,Multi-feature k-means,0.94055322462776,6922.0,1.0,4.66,230.73333333333332
low,17,2,Offline teacher,0.9327990615210202,7375.333333333333,1.0,4.926666666666667,245.84444444444443
low,17,3,No grouping,0.9300000000000004,7500.0,1.0,5.0,250.0
low,17,3,CQI k-means,0.9400804120387617,6910.666666666667,1.0,4.653333333333333,230.35555555555555
low,17,3,Resource-cost k-means,0.9321323948543536,7375.333333333333,1.0,4.926666666666667,245.84444444444443
low,17,3,Multi-feature k-means,0.9435697854367944,6706.666666666667,1.0,4.533333333333333,223.55555555555554
low,17,3,Offline teacher,0.9321323948543536,7375.333333333333,1.0,4.926666666666667,245.84444444444443
low,17,4,No grouping,0.9306666666666669,7500.0,1.0,5.0,250.0
low,17,4,CQI k-means,0.9382269756957383,7058.0,1.0,4.74,235.26666666666668
low,17,4,Resource-cost k-means,0.9318297911326777,7432.0,1.0,4.96,247.73333333333332
low,17,4,Multi-feature k-means,0.9438487439481241,6729.333333333333,1.0,4.546666666666667,224.3111111111111
low,17,4,Offline teacher,0.9318297911326777,7432.0,1.0,4.96,247.73333333333332
low,17,5,No grouping,0.9300000000000002,7500.0,1.0,5.0,250.0
low,17,5,CQI k-means,0.9387234334950825,6990.0,1.0,4.7,233.0
low,17,5,Resource-cost k-means,0.9323262489320219,7364.0,1.0,4.92,245.46666666666667
low,17,5,Multi-feature k-means,0.9391111416504194,6967.333333333333,1.0,4.6866666666666665,232.24444444444444
low,17,5,Offline teacher,0.9323262489320219,7364.0,1.0,4.92,245.46666666666667
low,17,6,No grouping,0.9340000000000002,7500.0,1.0,5.0,250.0
low,17,6,CQI k-means,0.9431111416504196,6967.333333333333,1.0,4.6866666666666665,232.24444444444444
low,17,6,Resource-cost k-means,0.9365201030096904,7352.666666666667,1.0,4.913333333333333,245.0888888888889
low,17,6,Multi-feature k-means,0.9448558283494357,6865.333333333333,1.0,4.626666666666667,228.84444444444443
low,17,6,Offline teacher,0.9365201030096904,7352.666666666667,1.0,4.913333333333333,245.0888888888889
low,17,7,No grouping,0.930666666666667,7500.0,1.0,5.0,250.0
low,17,7,CQI k-means,0.9508274907441898,6321.333333333333,1.0,4.306666666666667,210.7111111111111
low,17,7,Resource-cost k-means,0.930666666666667,7500.0,1.0,5.0,250.0
low,17,7,Multi-feature k-means,0.9444303061811297,6695.333333333333,1.0,4.526666666666666,223.17777777777778
low,17,7,Offline teacher,0.9318297911326777,7432.0,1.0,4.96,247.73333333333332
low,17,8,No grouping,0.928666666666667,7500.0,1.0,5.0,250.0
low,17,8,CQI k-means,0.9381655164724229,6944.666666666667,1.0,4.673333333333333,231.48888888888888
low,17,8,Resource-cost k-means,0.9306052074433517,7386.666666666667,1.0,4.933333333333334,246.22222222222223
low,17,8,Multi-feature k-means,0.9311867696763572,7352.666666666667,1.0,4.913333333333333,245.0888888888889
low,17,8,Offline teacher,0.9311867696763572,7352.666666666667,1.0,4.913333333333333,245.0888888888889
low,17,9,No grouping,0.9260000000000004,7500.0,1.0,5.0,250.0
low,17,9,CQI k-means,0.9351111416504196,6967.333333333333,1.0,4.6866666666666665,232.24444444444444
low,17,9,Resource-cost k-means,0.9260000000000004,7500.0,1.0,5.0,250.0
low,17,9,Multi-feature k-means,0.9380189528154468,6797.333333333333,1.0,4.586666666666667,226.57777777777778
low,17,9,Offline teacher,0.9308463519417125,7216.666666666667,1.0,4.833333333333333,240.55555555555554
low,17,10,No grouping,0.9360000000000003,7500.0,1.0,5.0,250.0
low,17,10,CQI k-means,0.9431726008737344,7080.666666666667,1.0,4.753333333333333,236.0222222222222
low,17,10,Resource-cost k-means,0.9375508326213482,7409.333333333333,1.0,4.946666666666666,246.9777777777778
low,17,10,Multi-feature k-means,0.943366454951403,7069.333333333333,1.0,4.746666666666667,235.64444444444445
low,17,10,Offline teacher,0.9377446866990166,7398.0,1.0,4.94,246.6
low,17,11,No grouping,0.9300000000000002,7500.0,1.0,5.0,250.0
low,17,11,CQI k-means,0.9377541631067398,7046.666666666667,1.0,4.733333333333333,234.88888888888889
low,17,11,Resource-cost k-means,0.9300000000000002,7500.0,1.0,5.0,250.0
low,17,11,Multi-feature k-means,0.94163124466011,6820.0,1.0,4.6,227.33333333333334
low,17,11,Offline teacher,0.9307990615210203,7375.333333333333,1.0,4.926666666666667,245.84444444444443
low,17,12,No grouping,0.9320000000000003,7500.0,1.0,5.0,250.0
low,17,12,CQI k-means,0.9397541631067399,7046.666666666667,1.0,4.733333333333333,234.88888888888889
low,17,12,Resource-cost k-means,0.9320000000000003,7500.0,1.0,5.0,250.0
low,17,12,Multi-feature k-means,0.9432435365047728,6842.666666666667,1.0,4.613333333333333,228.0888888888889
low,17,12,Offline teacher,0.9333569785436796,7420.666666666667,1.0,4.953333333333333,247.35555555555555
low,17,13,No grouping,0.9320000000000003,7500.0,1.0,5.0,250.0
low,17,13,CQI k-means,0.9407234334950823,6990.0,1.0,4.7,233.0
low,17,13,Resource-cost k-means,0.9341323948543536,7375.333333333333,1.0,4.926666666666667,245.84444444444443
low,17,13,Multi-feature k-means,0.9451820772814575,6729.333333333333,1.0,4.546666666666667,224.3111111111111
low,17,13,Offline teacher,0.934713957087359,7341.333333333333,1.0,4.906666666666666,244.7111111111111
low,17,14,No grouping,0.9306666666666669,7500.0,1.0,5.0,250.0
low,17,14,CQI k-means,0.9391962460840804,7001.333333333333,1.0,4.706666666666667,233.37777777777777
low,17,14,Resource-cost k-means,0.9306666666666669,7500.0,1.0,5.0,250.0
low,17,14,Multi-feature k-means,0.9424917654044449,6808.666666666667,1.0,4.593333333333334,226.95555555555555
low,17,14,Offline teacher,0.9333806237540255,7341.333333333333,1.0,4.906666666666666,244.7111111111111
low,17,15,No grouping,0.9333333333333337,7500.0,1.0,5.0,250.0
low,17,15,CQI k-means,0.9401182260517307,7103.333333333333,1.0,4.766666666666667,236.77777777777777
low,17,15,Resource-cost k-means,0.9333333333333337,7500.0,1.0,5.0,250.0
low,17,15,Multi-feature k-means,0.9442128068931152,6786.0,1.0,4.58,226.2
low,17,15,Offline teacher,0.9344964577993443,7432.0,1.0,4.96,247.73333333333332
low,17,16,No grouping,0.9280000000000003,7500.0,1.0,5.0,250.0
low,17,16,CQI k-means,0.9373049957280879,6956.0,1.0,4.68,231.86666666666667
low,17,16,Resource-cost k-means,0.9280000000000003,7500.0,1.0,5.0,250.0
low,17,16,Multi-feature k-means,0.9413759313591261,6718.0,1.0,4.54,223.93333333333334
low,17,16,Offline teacher,0.930326248932022,7364.0,1.0,4.92,245.46666666666667
low,17,17,No grouping,0.9260000000000003,7500.0,1.0,5.0,250.0
low,17,17,CQI k-means,0.9349172875727508,6978.666666666667,1.0,4.693333333333333,232.62222222222223
low,17,17,Resource-cost k-means,0.927938540776685,7386.666666666667,1.0,4.933333333333334,246.22222222222223
low,17,17,Multi-feature k-means,0.9384066609707836,6774.666666666667,1.0,4.573333333333333,225.82222222222222
low,17,17,Offline teacher,0.928326248932022,7364.0,1.0,4.92,245.46666666666667
low,17,18,No grouping,0.9360000000000003,7500.0,1.0,5.0,250.0
low,17,18,CQI k-means,0.9412340600970495,7194.0,1.0,4.82,239.8
low,17,18,Resource-cost k-means,0.9360000000000003,7500.0,1.0,5.0,250.0
low,17,18,Multi-feature k-means,0.9484066609707834,6774.666666666667,1.0,4.573333333333333,225.82222222222222
low,17,18,Offline teacher,0.9373569785436795,7420.666666666667,1.0,4.953333333333333,247.35555555555555
low,17,19,No grouping,0.9380000000000002,7500.0,1.0,5.0,250.0
low,17,19,CQI k-means,0.9465295794174138,7001.333333333333,1.0,4.706666666666667,233.37777777777777
low,17,19,Resource-cost k-means,0.9393569785436796,7420.666666666667,1.0,4.953333333333333,247.35555555555555
low,17,19,Multi-feature k-means,0.9500189528154467,6797.333333333333,1.0,4.586666666666667,226.57777777777778
low,17,19,Offline teacher,0.9401323948543535,7375.333333333333,1.0,4.926666666666667,245.84444444444443
low,18,0,No grouping,0.9340000000000002,7500.0,1.0,5.0,250.0
low,18,0,CQI k-means,0.9425295794174139,7001.333333333333,1.0,4.706666666666667,233.37777777777777
low,18,0,Resource-cost k-means,0.9355508326213482,7409.333333333333,1.0,4.946666666666666,246.9777777777778
low,18,0,Multi-feature k-means,0.9444681201940989,6888.0,1.0,4.64,229.6
low,18,0,Offline teacher,0.9357683319093625,7318.666666666667,1.0,4.8933333333333335,243.95555555555555
low,18,1,No grouping,0.9293333333333336,7500.0,1.0,5.0,250.0
low,18,1,CQI k-means,0.9368936423624048,7058.0,1.0,4.74,235.26666666666668
low,18,1,Resource-cost k-means,0.9293333333333336,7500.0,1.0,5.0,250.0
low,18,1,Multi-feature k-means,0.9405768698381061,6842.666666666667,1.0,4.613333333333333,228.0888888888889
low,18,1,Offline teacher,0.9310780200323497,7398.0,1.0,4.94,246.6
low,18,2,No grouping,0.9340000000000002,7500.0,1.0,5.0,250.0
low,18,2,CQI k-means,0.9413664549514029,7069.333333333333,1.0,4.746666666666667,235.64444444444445
low,18,2,Resource-cost k-means,0.935550832621348,7409.333333333333,1.0,4.946666666666666,246.9777777777778
low,18,2,Multi-feature k-means,0.9436927038834249,6933.333333333333,1.0,4.666666666666667,231.11111111111111
low,18,2,Offline teacher,0.9374893733980328,7296.0,1.0,4.88,243.2
low,18,3,No grouping,0.9293333333333336,7500.0,1.0,5.0,250.0
low,18,3,CQI k-means,0.9374752045954102,7024.0,1.0,4.72,234.13333333333333
low,18,3,Resource-cost k-means,0.9308841659546816,7409.333333333333,1.0,4.946666666666666,246.9777777777778
low,18,3,Multi-feature k-means,0.9411584320711114,6808.666666666667,1.0,4.593333333333334,226.95555555555555
low,18,3,Offline teacher,0.9308841659546814,7409.333333333333,1.0,4.946666666666666,246.9777777777778
low,18,4,No grouping,0.9306666666666669,7500.0,1.0,5.0,250.0
low,18,4,CQI k-means,0.9419102031714393,6842.666666666667,1.0,4.613333333333333,228.0888888888889
low,18,4,Resource-cost k-means,0.9333806237540255,7341.333333333333,1.0,4.906666666666666,244.7111111111111
low,18,4,Multi-feature k-means,0.9417163490937708,6854.0,1.0,4.62,228.46666666666667
low,18,4,Offline teacher,0.9343498941423682,7284.666666666667,1.0,4.873333333333333,242.82222222222222
low,18,5,No grouping,0.9366666666666669,7500.0,1.0,5.0,250.0
low,18,5,CQI k-means,0.9440331216180694,7069.333333333333,1.0,4.746666666666667,235.64444444444445
low,18,5,Resource-cost k-means,0.9384113533656834,7398.0,1.0,4.94,246.6
low,18,5,Multi-feature k-means,0.948879473559782,6786.0,1.0,4.58,226.2
low,18,5,Offline teacher,0.9386052074433515,7386.666666666667,1.0,4.933333333333334,246.22222222222223
low,18,6,No grouping,0.9233333333333336,7500.0,1.0,5.0,250.0
low,18,6,CQI k-means,0.9328321831390897,6944.666666666667,1.0,4.673333333333333,231.48888888888888
low,18,6,Resource-cost k-means,0.9241087496440075,7454.666666666667,1.0,4.973333333333334,248.48888888888888
low,18,6,Multi-feature k-means,0.9324444749837529,6967.333333333333,1.0,4.6866666666666665,232.24444444444444
low,18,6,Offline teacher,0.9250780200323501,7398.0,1.0,4.94,246.6
low,18,7,No grouping,0.9313333333333335,7500.0,1.0,5.0,250.0
low,18,7,CQI k-means,0.9394752045954103,7024.0,1.0,4.72,234.13333333333333
low,18,7,Resource-cost k-means,0.9334657281876868,7375.333333333333,1.0,4.926666666666667,245.84444444444443
low,18,7,Multi-feature k-means,0.9429645779934429,6820.0,1.0,4.6,227.33333333333334
low,18,7,Offline teacher,0.9334657281876868,7375.333333333333,1.0,4.926666666666667,245.84444444444443
low,18,8,No grouping,0.9313333333333335,7500.0,1.0,5.0,250.0
low,18,8,CQI k-means,0.9375366638187252,7137.333333333333,1.0,4.786666666666667,237.9111111111111
low,18,8,Resource-cost k-means,0.9328841659546815,7409.333333333333,1.0,4.946666666666666,246.9777777777778
low,18,8,Multi-feature k-means,0.9406383290614211,6956.0,1.0,4.68,231.86666666666667
low,18,8,Offline teacher,0.9331016652426958,7318.666666666667,1.0,4.8933333333333335,243.95555555555555
low,18,9,No grouping,0.9393333333333336,7500.0,1.0,5.0,250.0
low,18,9,CQI k-means,0.9466997882847363,7069.333333333333,1.0,4.746666666666667,235.64444444444445
low,18,9,Resource-cost k-means,0.9408841659546816,7409.333333333333,1.0,4.946666666666666,246.9777777777778
low,18,9,Multi-feature k-means,0.9496075994497636,6899.333333333333,1.0,4.6466666666666665,229.9777777777778
low,18,9,Offline teacher,0.9408841659546816,7409.333333333333,1.0,4.946666666666666,246.9777777777778
low,18,10,No grouping,0.9313333333333337,7500.0,1.0,5.0,250.0
low,18,10,CQI k-means,0.9396690586730786,7012.666666666667,1.0,4.713333333333333,233.75555555555556
low,18,10,Resource-cost k-means,0.9313333333333337,7500.0,1.0,5.0,250.0
low,18,10,Multi-feature k-means,0.9375366638187255,7137.333333333333,1.0,4.786666666666667,237.9111111111111
low,18,10,Offline teacher,0.9344586437863757,7239.333333333333,1.0,4.846666666666667,241.3111111111111
low,18,11,No grouping,0.9306666666666669,7500.0,1.0,5.0,250.0
low,18,11,CQI k-means,0.9380331216180696,7069.333333333333,1.0,4.746666666666667,235.64444444444445
low,18,11,Resource-cost k-means,0.9318297911326776,7432.0,1.0,4.96,247.73333333333332
low,18,11,Multi-feature k-means,0.9386146838510752,7035.333333333333,1.0,4.726666666666667,234.51111111111112
low,18,11,Offline teacher,0.9326052074433516,7386.666666666667,1.0,4.933333333333334,246.22222222222223
low,18,12,No grouping,0.9253333333333336,7500.0,1.0,5.0,250.0
low,18,12,CQI k-means,0.936189161682769,6865.333333333333,1.0,4.626666666666667,228.84444444444443
low,18,12,Resource-cost k-means,0.9266903118770129,7420.666666666667,1.0,4.953333333333333,247.35555555555555
low,18,12,Multi-feature k-means,0.9381277024594541,6752.0,1.0,4.56,225.06666666666666
low,18,12,Offline teacher,0.9276832274757015,7284.666666666667,1.0,4.873333333333333,242.82222222222222
low,18,13,No grouping,0.9313333333333337,7500.0,1.0,5.0,250.0
low,18,13,CQI k-means,0.9394752045954101,7024.0,1.0,4.72,234.13333333333333
low,18,13,Resource-cost k-means,0.9313333333333337,7500.0,1.0,5.0,250.0
low,18,13,Multi-feature k-means,0.9425768698381061,6842.666666666667,1.0,4.613333333333333,228.0888888888889
low,18,13,Offline teacher,0.9323026037216761,7443.333333333333,1.0,4.966666666666667,248.11111111111111
low,18,14,No grouping,0.922,7500.0,1.0,5.0,250.0
low,18,14,CQI k-means,0.9316927038834247,6933.333333333333,1.0,4.666666666666667,231.11111111111111
low,18,14,Resource-cost k-means,0.9237446866990165,7398.0,1.0,4.94,246.6
low,18,14,Multi-feature k-means,0.9328558283494357,6865.333333333333,1.0,4.626666666666667,228.84444444444443
low,18,14,Offline teacher,0.9249078111650275,7330.0,1.0,4.9,244.33333333333334
low,18,15,No grouping,0.9266666666666671,7500.0,1.0,5.0,250.0
low,18,15,CQI k-means,0.9351962460840806,7001.333333333333,1.0,4.706666666666667,233.37777777777777
low,18,15,Resource-cost k-means,0.9278297911326778,7432.0,1.0,4.96,247.73333333333332
low,18,15,Multi-feature k-means,0.9373286409384342,6876.666666666667,1.0,4.633333333333334,229.22222222222223
low,18,15,Offline teacher,0.9287990615210202,7375.333333333333,1.0,4.926666666666667,245.84444444444443
low,18,16,No grouping,0.9266666666666669,7500.0,1.0,5.0,250.0
low,18,16,CQI k-means,0.9353901001617491,6990.0,1.0,4.7,233.0
low,18,16,Resource-cost k-means,0.9280236452103463,7420.666666666667,1.0,4.953333333333333,247.35555555555555
low,18,16,Multi-feature k-means,0.9373286409384342,6876.666666666667,1.0,4.633333333333334,229.22222222222223
low,18,16,Offline teacher,0.9280236452103463,7420.666666666667,1.0,4.953333333333333,247.35555555555555
low,18,17,No grouping,0.9333333333333337,7500.0,1.0,5.0,250.0
low,18,17,CQI k-means,0.9403120801293994,7092.0,1.0,4.76,236.4
low,18,17,Resource-cost k-means,0.9333333333333337,7500.0,1.0,5.0,250.0
low,18,17,Multi-feature k-means,0.9420567668284158,6990.0,1.0,4.7,233.0
low,18,17,Offline teacher,0.9354657281876869,7375.333333333333,1.0,4.926666666666667,245.84444444444443
low,18,18,No grouping,0.9326666666666671,7500.0,1.0,5.0,250.0
low,18,18,CQI k-means,0.9392577053073956,7114.666666666667,1.0,4.773333333333333,237.15555555555557
low,18,18,Resource-cost k-means,0.9344113533656834,7398.0,1.0,4.94,246.6
low,18,18,Multi-feature k-means,0.9400331216180695,7069.333333333333,1.0,4.746666666666667,235.64444444444445
low,18,18,Offline teacher,0.9347990615210203,7375.333333333333,1.0,4.926666666666667,245.84444444444443
low,18,19,No grouping,0.9333333333333336,7500.0,1.0,5.0,250.0
low,18,19,CQI k-means,0.9416690586730787,7012.666666666667,1.0,4.713333333333333,233.75555555555556
low,18,19,Resource-cost k-means,0.9333333333333336,7500.0,1.0,5.0,250.0
low,18,19,Multi-feature k-means,0.9432198912944265,6922.0,1.0,4.66,230.73333333333332
low,18,19,Offline teacher,0.9350780200323501,7398.0,1.0,4.94,246.6
low,19,0,No grouping,0.93,7500.0,1.0,5.0,250.0
low,19,0,CQI k-means,0.9389172875727507,6978.666666666667,1.0,4.693333333333333,232.62222222222223
low,19,0,Resource-cost k-means,0.931550832621348,7409.333333333333,1.0,4.946666666666666,246.9777777777778
low,19,0,Multi-feature k-means,0.9400804120387617,6910.666666666667,1.0,4.653333333333333,230.35555555555555
low,19,0,Offline teacher,0.9315508326213482,7409.333333333333,1.0,4.946666666666666,246.9777777777778
low,19,1,No grouping,0.9353333333333336,7500.0,1.0,5.0,250.0
low,19,1,CQI k-means,0.9428936423624047,7058.0,1.0,4.74,235.26666666666668
low,19,1,Resource-cost k-means,0.935914895566339,7466.0,1.0,4.98,248.86666666666667
low,19,1,Multi-feature k-means,0.9471584320711114,6808.666666666667,1.0,4.593333333333334,226.95555555555555
low,19,1,Offline teacher,0.9372718741100182,7386.666666666667,1.0,4.933333333333334,246.22222222222223
low,19,2,No grouping,0.9320000000000003,7500.0,1.0,5.0,250.0
low,19,2,CQI k-means,0.9395603090290714,7058.0,1.0,4.74,235.26666666666668
low,19,2,Resource-cost k-means,0.9335508326213481,7409.333333333333,1.0,4.946666666666666,246.9777777777778
low,19,2,Multi-feature k-means,0.9438487439481241,6729.333333333333,1.0,4.546666666666667,224.3111111111111
low,19,2,Offline teacher,0.9335508326213481,7409.333333333333,1.0,4.946666666666666,246.9777777777778
low,19,3,No grouping,0.9353333333333335,7500.0,1.0,5.0,250.0
low,19,3,CQI k-means,0.9432813505177418,7035.333333333333,1.0,4.726666666666667,234.51111111111112
low,19,3,Resource-cost k-means,0.93707802003235,7398.0,1.0,4.94,246.6
low,19,3,Multi-feature k-means,0.9436690586730788,7012.666666666667,1.0,4.713333333333333,233.75555555555556
low,19,3,Offline teacher,0.93707802003235,7398.0,1.0,4.94,246.6
low,19,4,No grouping,0.9253333333333336,7500.0,1.0,5.0,250.0
low,19,4,CQI k-means,0.9348321831390896,6944.666666666667,1.0,4.673333333333333,231.48888888888888
low,19,4,Resource-cost k-means,0.9266903118770129,7420.666666666667,1.0,4.953333333333333,247.35555555555555
low,19,4,Multi-feature k-means,0.9365768698381061,6842.666666666667,1.0,4.613333333333333,228.0888888888889
low,19,4,Offline teacher,0.9272955193203645,7307.333333333333,1.0,4.886666666666667,243.57777777777778
low,19,5,No grouping,0.934666666666667,7500.0,1.0,5.0,250.0
low,19,5,CQI k-means,0.9424208297734066,7046.666666666667,1.0,4.733333333333333,234.88888888888889
low,19,5,Resource-cost k-means,0.9366052074433516,7386.666666666667,1.0,4.933333333333334,246.22222222222223
low,19,5,Multi-feature k-means,0.9470733276374503,6774.666666666667,1.0,4.573333333333333,225.82222222222222
low,19,5,Offline teacher,0.9387612475080512,7182.666666666667,1.0,4.8133333333333335,239.42222222222222
low,19,6,No grouping,0.9266666666666669,7500.0,1.0,5.0,250.0
low,19,6,CQI k-means,0.9334515593850641,7103.333333333333,1.0,4.766666666666667,236.77777777777777
low,19,6,Resource-cost k-means,0.9266666666666669,7500.0,1.0,5.0,250.0
low,19,6,Multi-feature k-means,0.9369409327830969,6899.333333333333,1.0,4.6466666666666665,229.9777777777778
low,19,6,Offline teacher,0.9280472904206923,7341.333333333333,1.0,4.906666666666666,244.7111111111111
low,19,7,No grouping,0.9306666666666669,7500.0,1.0,5.0,250.0
low,19,7,CQI k-means,0.9376454134627326,7092.0,1.0,4.76,236.4
low,19,7,Resource-cost k-means,0.9318297911326776,7432.0,1.0,4.96,247.73333333333332
low,19,7,Multi-feature k-means,0.9444303061811297,6695.333333333333,1.0,4.526666666666666,223.17777777777778
low,19,7,Offline teacher,0.9318297911326777,7432.0,1.0,4.96,247.73333333333332
low,19,8,No grouping,0.9253333333333336,7500.0,1.0,5.0,250.0
low,19,8,CQI k-means,0.9356075994497637,6899.333333333333,1.0,4.6466666666666665,229.9777777777778
low,19,8,Resource-cost k-means,0.9253333333333336,7500.0,1.0,5.0,250.0
low,19,8,Multi-feature k-means,0.9379338483817855,6763.333333333333,1.0,4.566666666666666,225.44444444444446
low,19,8,Offline teacher,0.9268841659546816,7409.333333333333,1.0,4.946666666666666,246.9777777777778
low,19,9,No grouping,0.9353333333333335,7500.0,1.0,5.0,250.0
low,19,9,CQI k-means,0.9436690586730788,7012.666666666667,1.0,4.713333333333333,233.75555555555556
low,19,9,Resource-cost k-means,0.9370780200323497,7398.0,1.0,4.94,246.6
low,19,9,Multi-feature k-means,0.9479574935921313,6684.0,1.0,4.52,222.8
low,19,9,Offline teacher,0.9370780200323497,7398.0,1.0,4.94,246.6
low,19,10,No grouping,0.9413333333333335,7500.0,1.0,5.0,250.0
low,19,10,CQI k-means,0.9486997882847364,7069.333333333333,1.0,4.746666666666667,235.64444444444445
low,19,10,Resource-cost k-means,0.9428841659546815,7409.333333333333,1.0,4.946666666666666,246.9777777777778
low,19,10,Multi-feature k-means,0.9516075994497635,6899.333333333333,1.0,4.6466666666666665,229.9777777777778
low,19,10,Offline teacher,0.94307802003235,7398.0,1.0,4.94,246.6
low,19,11,No grouping,0.932,7500.0,1.0,5.0,250.0
low,19,11,CQI k-means,0.9411111416504193,6967.333333333333,1.0,4.6866666666666665,232.24444444444444
low,19,11,Resource-cost k-means,0.9337446866990164,7398.0,1.0,4.94,246.6
low,19,11,Multi-feature k-means,0.9337446866990164,7398.0,1.0,4.94,246.6
low,19,11,Offline teacher,0.9337446866990164,7398.0,1.0,4.94,246.6
low,19,12,No grouping,0.9280000000000003,7500.0,1.0,5.0,250.0
low,19,12,CQI k-means,0.9359480171844085,7035.333333333333,1.0,4.726666666666667,234.51111111111112
low,19,12,Resource-cost k-means,0.9297446866990167,7398.0,1.0,4.94,246.6
low,19,12,Multi-feature k-means,0.9440898884464847,6559.333333333333,1.0,4.446666666666666,218.64444444444445
low,19,12,Offline teacher,0.9301323948543535,7375.333333333333,1.0,4.926666666666667,245.84444444444443
low,19,13,No grouping,0.9306666666666669,7500.0,1.0,5.0,250.0
low,19,13,CQI k-means,0.9395839542394175,6978.666666666667,1.0,4.693333333333333,232.62222222222223
low,19,13,Resource-cost k-means,0.9324113533656831,7398.0,1.0,4.94,246.6
low,19,13,Multi-feature k-means,0.9456170758574864,6548.0,1.0,4.44,218.26666666666668
low,19,13,Offline teacher,0.9326052074433516,7386.666666666667,1.0,4.933333333333334,246.22222222222223
low,19,14,No grouping,0.9300000000000002,7500.0,1.0,5.0,250.0
low,19,14,CQI k-means,0.9379480171844083,7035.333333333333,1.0,4.726666666666667,234.51111111111112
low,19,14,Resource-cost k-means,0.9313569785436797,7420.666666666667,1.0,4.953333333333333,247.35555555555555
low,19,14,Multi-feature k-means,0.9427943691261207,6752.0,1.0,4.56,225.06666666666666
low,19,14,Offline teacher,0.9321323948543536,7375.333333333333,1.0,4.926666666666667,245.84444444444443
low,19,15,No grouping,0.9400000000000002,7500.0,1.0,5.0,250.0
low,19,15,CQI k-means,0.9458156223300548,7160.0,1.0,4.8,238.66666666666666
low,19,15,Resource-cost k-means,0.9400000000000002,7500.0,1.0,5.0,250.0
low,19,15,Multi-feature k-means,0.9483357253397454,7012.666666666667,1.0,4.713333333333333,233.75555555555556
low,19,15,Offline teacher,0.9417446866990167,7398.0,1.0,4.94,246.6
low,19,16,No grouping,0.934666666666667,7500.0,1.0,5.0,250.0
low,19,16,CQI k-means,0.9420331216180695,7069.333333333333,1.0,4.746666666666667,235.64444444444445
low,19,16,Resource-cost k-means,0.9354420829773409,7454.666666666667,1.0,4.973333333333334,248.48888888888888
low,19,16,Multi-feature k-means,0.9495934306471402,6627.333333333333,1.0,4.486666666666666,220.9111111111111
low,19,16,Offline teacher,0.9360236452103461,7420.666666666667,1.0,4.953333333333333,247.35555555555555
low,19,17,No grouping,0.9340000000000002,7500.0,1.0,5.0,250.0
low,19,17,CQI k-means,0.9411726008737343,7080.666666666667,1.0,4.753333333333333,236.0222222222222
low,19,17,Resource-cost k-means,0.9351631244660109,7432.0,1.0,4.96,247.73333333333332
low,19,17,Multi-feature k-means,0.9436927038834249,6933.333333333333,1.0,4.666666666666667,231.11111111111111
low,19,17,Offline teacher,0.9351867696763572,7352.666666666667,1.0,4.913333333333333,245.0888888888889
low,19,18,No grouping,0.9306666666666669,7500.0,1.0,5.0,250.0
low,19,18,CQI k-means,0.9382269756957381,7058.0,1.0,4.74,235.26666666666668
low,19,18,Resource-cost k-means,0.9327990615210202,7375.333333333333,1.0,4.926666666666667,245.84444444444443
low,19,18,Multi-feature k-means,0.9399716623947544,6956.0,1.0,4.68,231.86666666666667
low,19,18,Offline teacher,0.933186769676357,7352.666666666667,1.0,4.913333333333333,245.0888888888889
low,19,19,No grouping,0.9266666666666671,7500.0,1.0,5.0,250.0
low,19,19,CQI k-means,0.9351962460840806,7001.333333333333,1.0,4.706666666666667,233.37777777777777
low,19,19,Resource-cost k-means,0.9266666666666671,7500.0,1.0,5.0,250.0
low,19,19,Multi-feature k-means,0.9400425980257927,6718.0,1.0,4.54,223.93333333333334
low,19,19,Offline teacher,0.9282174992880149,7409.333333333333,1.0,4.946666666666666,246.9777777777778
low,20,0,No grouping,0.9340000000000002,7500.0,1.0,5.0,250.0
low,20,0,CQI k-means,0.9421418712620768,7024.0,1.0,4.72,234.13333333333333
low,20,0,Resource-cost k-means,0.9355508326213482,7409.333333333333,1.0,4.946666666666666,246.9777777777778
low,20,0,Multi-feature k-means,0.9448558283494356,6865.333333333333,1.0,4.626666666666667,228.84444444444443
low,20,0,Offline teacher,0.9355508326213482,7409.333333333333,1.0,4.946666666666666,246.9777777777778
low,20,1,No grouping,0.9300000000000004,7500.0,1.0,5.0,250.0
low,20,1,CQI k-means,0.9394988498057564,6944.666666666667,1.0,4.673333333333333,231.48888888888888
low,20,1,Resource-cost k-means,0.9315508326213482,7409.333333333333,1.0,4.946666666666666,246.9777777777778
low,20,1,Multi-feature k-means,0.9412435365047727,6842.666666666667,1.0,4.613333333333333,228.0888888888889
low,20,1,Offline teacher,0.9325201030096905,7352.666666666667,1.0,4.913333333333333,245.0888888888889
low,20,2,No grouping,0.9300000000000002,7500.0,1.0,5.0,250.0
low,20,2,CQI k-means,0.9373664549514029,7069.333333333333,1.0,4.746666666666667,235.64444444444445
low,20,2,Resource-cost k-means,0.9307754163106741,7454.666666666667,1.0,4.973333333333334,248.48888888888888
low,20,2,Multi-feature k-means,0.9427943691261207,6752.0,1.0,4.56,225.06666666666666
low,20,2,Offline teacher,0.930775416310674,7454.666666666667,1.0,4.973333333333334,248.48888888888888
low,20,3,No grouping,0.934666666666667,7500.0,1.0,5.0,250.0
low,20,3,CQI k-means,0.9536643662781789,6389.333333333333,1.0,4.346666666666667,212.9777777777778
low,20,3,Resource-cost k-means,0.9348605207443355,7488.666666666667,1.0,4.993333333333333,249.62222222222223
low,20,3,Multi-feature k-means,0.9496170758574864,6548.0,1.0,4.44,218.26666666666668
low,20,3,Offline teacher,0.9358297911326777,7432.0,1.0,4.96,247.73333333333332
low,20,4,No grouping,0.9313333333333337,7500.0,1.0,5.0,250.0
low,20,4,CQI k-means,0.9383120801293992,7092.0,1.0,4.76,236.4
low,20,4,Resource-cost k-means,0.9328841659546815,7409.333333333333,1.0,4.946666666666666,246.9777777777778
low,20,4,Multi-feature k-means,0.9392813505177418,7035.333333333333,1.0,4.726666666666667,234.51111111111112
low,20,4,Offline teacher,0.93307802003235,7398.0,1.0,4.94,246.6
low,20,5,No grouping,0.9273333333333335,7500.0,1.0,5.0,250.0
low,20,5,CQI k-means,0.9356690586730787,7012.666666666667,1.0,4.713333333333333,233.75555555555556
low,20,5,Resource-cost k-means,0.9273333333333335,7500.0,1.0,5.0,250.0
low,20,5,Multi-feature k-means,0.938988223203789,6740.666666666667,1.0,4.553333333333334,224.6888888888889
low,20,5,Offline teacher,0.9291016652426959,7318.666666666667,1.0,4.8933333333333335,243.95555555555555
low,20,6,No grouping,0.9373333333333335,7500.0,1.0,5.0,250.0
low,20,6,CQI k-means,0.9443120801293992,7092.0,1.0,4.76,236.4
low,20,6,Resource-cost k-means,0.9388841659546815,7409.333333333333,1.0,4.946666666666666,246.9777777777778
low,20,6,Multi-feature k-means,0.9485768698381062,6842.666666666667,1.0,4.613333333333333,228.0888888888889
low,20,6,Offline teacher,0.9388841659546815,7409.333333333333,1.0,4.946666666666666,246.9777777777778
low,20,7,No grouping,0.9326666666666669,7500.0,1.0,5.0,250.0
low,20,7,CQI k-means,0.9417778083170861,6967.333333333333,1.0,4.6866666666666665,232.24444444444444
low,20,7,Resource-cost k-means,0.9326666666666669,7500.0,1.0,5.0,250.0
low,20,7,Multi-feature k-means,0.9454610357927874,6752.0,1.0,4.56,225.06666666666666
low,20,7,Offline teacher,0.9336359370550094,7443.333333333333,1.0,4.966666666666667,248.11111111111111
low,20,8,No grouping,0.9300000000000004,7500.0,1.0,5.0,250.0
low,20,8,CQI k-means,0.9385295794174139,7001.333333333333,1.0,4.706666666666667,233.37777777777777
low,20,8,Resource-cost k-means,0.9300000000000004,7500.0,1.0,5.0,250.0
low,20,8,Multi-feature k-means,0.9402742661164303,6899.333333333333,1.0,4.6466666666666665,229.9777777777778
low,20,8,Offline teacher,0.9311631244660111,7432.0,1.0,4.96,247.73333333333332
low,20,9,No grouping,0.9306666666666669,7500.0,1.0,5.0,250.0
low,20,9,CQI k-means,0.9380331216180696,7069.333333333333,1.0,4.746666666666667,235.64444444444445
low,20,9,Resource-cost k-means,0.9306666666666669,7500.0,1.0,5.0,250.0
low,20,9,Multi-feature k-means,0.9417399943041169,6774.666666666667,1.0,4.573333333333333,225.82222222222222
low,20,9,Offline teacher,0.9316359370550092,7443.333333333333,1.0,4.966666666666667,248.11111111111111
low,20,10,No grouping,0.9340000000000002,7500.0,1.0,5.0,250.0
low,20,10,CQI k-means,0.9407848927183974,7103.333333333333,1.0,4.766666666666667,236.77777777777777
low,20,10,Resource-cost k-means,0.934387708155337,7477.333333333333,1.0,4.986666666666666,249.24444444444444
low,20,10,Multi-feature k-means,0.9452435365047727,6842.666666666667,1.0,4.613333333333333,228.0888888888889
low,20,10,Offline teacher,0.9357446866990167,7398.0,1.0,4.94,246.6
low,20,11,No grouping,0.9366666666666669,7500.0,1.0,5.0,250.0
low,20,11,CQI k-means,0.9448085379287435,7024.0,1.0,4.72,234.13333333333333
low,20,11,Resource-cost k-means,0.9380236452103461,7420.666666666667,1.0,4.953333333333333,247.35555555555555
low,20,11,Multi-feature k-means,0.9486856194821133,6797.333333333333,1.0,4.586666666666667,226.57777777777778
low,20,11,Offline teacher,0.9384113533656834,7398.0,1.0,4.94,246.6
low,20,12,No grouping,0.9253333333333335,7500.0,1.0,5.0,250.0
low,20,12,CQI k-means,0.9346383290614212,6956.0,1.0,4.68,231.86666666666667
low,20,12,Resource-cost k-means,0.9270780200323501,7398.0,1.0,4.94,246.6
low,20,12,Multi-feature k-means,0.9367707239157745,6831.333333333333,1.0,4.6066666666666665,227.7111111111111
low,20,12,Offline teacher,0.9272718741100182,7386.666666666667,1.0,4.933333333333334,246.22222222222223
low,20,13,No grouping,0.9280000000000003,7500.0,1.0,5.0,250.0
low,20,13,CQI k-means,0.9367234334950824,6990.0,1.0,4.7,233.0
low,20,13,Resource-cost k-means,0.9289692703883425,7443.333333333333,1.0,4.966666666666667,248.11111111111111
low,20,13,Multi-feature k-means,0.9394373905824411,6831.333333333333,1.0,4.6066666666666665,227.7111111111111
low,20,13,Offline teacher,0.9293569785436796,7420.666666666667,1.0,4.953333333333333,247.35555555555555
low,20,14,No grouping,0.9220000000000003,7500.0,1.0,5.0,250.0
low,20,14,CQI k-means,0.9289787467960657,7092.0,1.0,4.76,236.4
low,20,14,Resource-cost k-means,0.923163124466011,7432.0,1.0,4.96,247.73333333333332
low,20,14,Multi-feature k-means,0.9320804120387618,6910.666666666667,1.0,4.653333333333333,230.35555555555555
low,20,14,Offline teacher,0.9252955193203644,7307.333333333333,1.0,4.886666666666667,243.57777777777778
low,20,15,No grouping,0.9280000000000003,7500.0,1.0,5.0,250.0
low,20,15,CQI k-means,0.9351726008737343,7080.666666666667,1.0,4.753333333333333,236.0222222222222
low,20,15,Resource-cost k-means,0.9295508326213481,7409.333333333333,1.0,4.946666666666666,246.9777777777778
low,20,15,Multi-feature k-means,0.9394373905824412,6831.333333333333,1.0,4.6066666666666665,227.7111111111111
low,20,15,Offline teacher,0.9301323948543535,7375.333333333333,1.0,4.926666666666667,245.84444444444443
low,20,16,No grouping,0.9253333333333336,7500.0,1.0,5.0,250.0
low,20,16,CQI k-means,0.9352198912944266,6922.0,1.0,4.66,230.73333333333332
low,20,16,Resource-cost k-means,0.9253333333333336,7500.0,1.0,5.0,250.0
low,20,16,Multi-feature k-means,0.9358014535274322,6888.0,1.0,4.64,229.6
low,20,16,Offline teacher,0.9276595822653553,7364.0,1.0,4.92,245.46666666666667
low,20,17,No grouping,0.928666666666667,7500.0,1.0,5.0,250.0
low,20,17,CQI k-means,0.9379716623947544,6956.0,1.0,4.68,231.86666666666667
low,20,17,Resource-cost k-means,0.928666666666667,7500.0,1.0,5.0,250.0
low,20,17,Multi-feature k-means,0.9424303061811297,6695.333333333333,1.0,4.526666666666666,223.17777777777778
low,20,17,Offline teacher,0.9302174992880148,7409.333333333333,1.0,4.946666666666666,246.9777777777778
low,20,18,No grouping,0.9373333333333335,7500.0,1.0,5.0,250.0
low,20,18,CQI k-means,0.9439243719740621,7114.666666666667,1.0,4.773333333333333,237.15555555555557
low,20,18,Resource-cost k-means,0.9388841659546817,7409.333333333333,1.0,4.946666666666666,246.9777777777778
low,20,18,Multi-feature k-means,0.9431489556633882,7160.0,1.0,4.8,238.66666666666666
low,20,18,Offline teacher,0.9390780200323499,7398.0,1.0,4.94,246.6
low,20,19,No grouping,0.9386666666666668,7500.0,1.0,5.0,250.0
low,20,19,CQI k-means,0.9454515593850641,7103.333333333333,1.0,4.766666666666667,236.77777777777777
low,20,19,Resource-cost k-means,0.9386666666666668,7500.0,1.0,5.0,250.0
low,20,19,Multi-feature k-means,0.9518960343688161,6570.666666666667,1.0,4.453333333333333,219.0222222222222
low,20,19,Offline teacher,0.9402174992880148,7409.333333333333,1.0,4.946666666666666,246.9777777777778
low,21,0,No grouping,0.9260000000000003,7500.0,1.0,5.0,250.0
low,21,0,CQI k-means,0.9339480171844086,7035.333333333333,1.0,4.726666666666667,234.51111111111112
low,21,0,Resource-cost k-means,0.9260000000000003,7500.0,1.0,5.0,250.0
low,21,0,Multi-feature k-means,0.9353049957280878,6956.0,1.0,4.68,231.86666666666667
low,21,0,Offline teacher,0.928326248932022,7364.0,1.0,4.92,245.46666666666667
low,21,1,No grouping,0.9353333333333335,7500.0,1.0,5.0,250.0
low,21,1,CQI k-means,0.9426997882847362,7069.333333333333,1.0,4.746666666666667,235.64444444444445
low,21,1,Resource-cost k-means,0.9366903118770129,7420.666666666667,1.0,4.953333333333333,247.35555555555555
low,21,1,Multi-feature k-means,0.9487092646924594,6718.0,1.0,4.54,223.93333333333334
low,21,1,Offline teacher,0.9366903118770129,7420.666666666667,1.0,4.953333333333333,247.35555555555555
low,21,2,No grouping,0.9393333333333334,7500.0,1.0,5.0,250.0
low,21,2,CQI k-means,0.9567802003234974,6480.0,1.0,4.4,216.0
low,21,2,Resource-cost k-means,0.9393333333333334,7500.0,1.0,5.0,250.0
low,21,2,Multi-feature k-means,0.950964577993443,6820.0,1.0,4.6,227.33333333333334
low,21,2,Offline teacher,0.9408841659546816,7409.333333333333,1.0,4.946666666666666,246.9777777777778
low,21,3,No grouping,0.9260000000000003,7500.0,1.0,5.0,250.0
low,21,3,CQI k-means,0.9351111416504195,6967.333333333333,1.0,4.6866666666666665,232.24444444444444
low,21,3,Resource-cost k-means,0.928326248932022,7364.0,1.0,4.92,245.46666666666667
low,21,3,Multi-feature k-means,0.9341418712620769,7024.0,1.0,4.72,234.13333333333333
low,21,3,Offline teacher,0.9285201030096905,7352.666666666667,1.0,4.913333333333333,245.0888888888889
low,21,4,No grouping,0.9266666666666669,7500.0,1.0,5.0,250.0
low,21,4,CQI k-means,0.9344208297734065,7046.666666666667,1.0,4.733333333333333,234.88888888888889
low,21,4,Resource-cost k-means,0.9287990615210202,7375.333333333333,1.0,4.926666666666667,245.84444444444443
low,21,4,Multi-feature k-means,0.9340331216180694,7069.333333333333,1.0,4.746666666666667,235.64444444444445
low,21,4,Offline teacher,0.929186769676357,7352.666666666667,1.0,4.913333333333333,245.0888888888889
low,21,5,No grouping,0.9333333333333333,7500.0,1.0,5.0,250.0
low,21,5,CQI k-means,0.9403120801293993,7092.0,1.0,4.76,236.4
low,21,5,Resource-cost k-means,0.9333333333333333,7500.0,1.0,5.0,250.0
low,21,5,Multi-feature k-means,0.9461277024594538,6752.0,1.0,4.56,225.06666666666666
low,21,5,Offline teacher,0.9356595822653553,7364.0,1.0,4.92,245.46666666666667
low,21,6,No grouping,0.9380000000000003,7500.0,1.0,5.0,250.0
low,21,6,CQI k-means,0.9453664549514027,7069.333333333333,1.0,4.746666666666667,235.64444444444445
low,21,6,Resource-cost k-means,0.9393569785436796,7420.666666666667,1.0,4.953333333333333,247.35555555555555
low,21,6,Multi-feature k-means,0.9500189528154467,6797.333333333333,1.0,4.586666666666667,226.57777777777778
low,21,6,Offline teacher,0.9401323948543535,7375.333333333333,1.0,4.926666666666667,245.84444444444443
low,21,7,No grouping,0.9326666666666669,7500.0,1.0,5.0,250.0
low,21,7,CQI k-means,0.9417778083170861,6967.333333333333,1.0,4.6866666666666665,232.24444444444444
low,21,7,Resource-cost k-means,0.9338297911326776,7432.0,1.0,4.96,247.73333333333332
low,21,7,Multi-feature k-means,0.9456548898704559,6740.666666666667,1.0,4.553333333333334,224.6888888888889
low,21,7,Offline teacher,0.9340236452103462,7420.666666666667,1.0,4.953333333333333,247.35555555555555
low,21,8,No grouping,0.9260000000000003,7500.0,1.0,5.0,250.0
low,21,8,CQI k-means,0.9347234334950822,6990.0,1.0,4.7,233.0
low,21,8,Resource-cost k-means,0.9281323948543534,7375.333333333333,1.0,4.926666666666667,245.84444444444443
low,21,8,Multi-feature k-means,0.9353049957280878,6956.0,1.0,4.68,231.86666666666667
low,21,8,Offline teacher,0.9281323948543534,7375.333333333333,1.0,4.926666666666667,245.84444444444443
low,21,9,No grouping,0.9340000000000002,7500.0,1.0,5.0,250.0
low,21,9,CQI k-means,0.9411726008737343,7080.666666666667,1.0,4.753333333333333,236.0222222222222
low,21,9,Resource-cost k-means,0.9340000000000002,7500.0,1.0,5.0,250.0
low,21,9,Multi-feature k-means,0.9458250987377782,6808.666666666667,1.0,4.593333333333334,226.95555555555555
low,21,9,Offline teacher,0.9353569785436796,7420.666666666667,1.0,4.953333333333333,247.35555555555555
low,21,10,No grouping,0.9326666666666669,7500.0,1.0,5.0,250.0
low,21,10,CQI k-means,0.9419716623947545,6956.0,1.0,4.68,231.86666666666667
low,21,10,Resource-cost k-means,0.9326666666666669,7500.0,1.0,5.0,250.0
low,21,10,Multi-feature k-means,0.9433286409384342,6876.666666666667,1.0,4.633333333333334,229.22222222222223
low,21,10,Offline teacher,0.9346288526536978,7307.333333333333,1.0,4.886666666666667,243.57777777777778
low,21,11,No grouping,0.9380000000000002,7500.0,1.0,5.0,250.0
low,21,11,CQI k-means,0.9560284292231696,6446.0,1.0,4.38,214.86666666666667
low,21,11,Resource-cost k-means,0.9385815622330057,7466.0,1.0,4.98,248.86666666666667
low,21,11,Multi-feature k-means,0.9500189528154467,6797.333333333333,1.0,4.586666666666667,226.57777777777778
low,21,11,Offline teacher,0.939163124466011,7432.0,1.0,4.96,247.73333333333332
low,21,12,No grouping,0.9280000000000003,7500.0,1.0,5.0,250.0
low,21,12,CQI k-means,0.9363357253397455,7012.666666666667,1.0,4.713333333333333,233.75555555555556
low,21,12,Resource-cost k-means,0.9295508326213481,7409.333333333333,1.0,4.946666666666666,246.9777777777778
low,21,12,Multi-feature k-means,0.9402128068931151,6786.0,1.0,4.58,226.2
low,21,12,Offline teacher,0.9313191645307106,7228.0,1.0,4.84,240.93333333333334
low,21,13,No grouping,0.9300000000000002,7500.0,1.0,5.0,250.0
low,21,13,CQI k-means,0.9503546781551916,6310.0,1.0,4.3,210.33333333333334
low,21,13,Resource-cost k-means,0.9305815622330056,7466.0,1.0,4.98,248.86666666666667
low,21,13,Multi-feature k-means,0.9429882232037889,6740.666666666667,1.0,4.553333333333334,224.6888888888889
low,21,13,Offline teacher,0.9305815622330058,7466.0,1.0,4.98,248.86666666666667
low,21,14,No grouping,0.928666666666667,7500.0,1.0,5.0,250.0
low,21,14,CQI k-means,0.9360331216180695,7069.333333333333,1.0,4.746666666666667,235.64444444444445
low,21,14,Resource-cost k-means,0.9300236452103462,7420.666666666667,1.0,4.953333333333333,247.35555555555555
low,21,14,Multi-feature k-means,0.9391347868607655,6888.0,1.0,4.64,229.6
low,21,14,Offline teacher,0.9302174992880148,7409.333333333333,1.0,4.946666666666666,246.9777777777778
low,21,15,No grouping,0.9340000000000002,7500.0,1.0,5.0,250.0
low,21,15,CQI k-means,0.9415603090290714,7058.0,1.0,4.74,235.26666666666668
low,21,15,Resource-cost k-means,0.9340000000000002,7500.0,1.0,5.0,250.0
low,21,15,Multi-feature k-means,0.9442742661164302,6899.333333333333,1.0,4.6466666666666665,229.9777777777778
low,21,15,Offline teacher,0.9361323948543533,7375.333333333333,1.0,4.926666666666667,245.84444444444443
low,21,16,No grouping,0.9280000000000003,7500.0,1.0,5.0,250.0
low,21,16,CQI k-means,0.9359480171844082,7035.333333333333,1.0,4.726666666666667,234.51111111111112
low,21,16,Resource-cost k-means,0.9293569785436796,7420.666666666667,1.0,4.953333333333333,247.35555555555555
low,21,16,Multi-feature k-means,0.9374988498057563,6944.666666666667,1.0,4.673333333333333,231.48888888888888
low,21,16,Offline teacher,0.9297446866990167,7398.0,1.0,4.94,246.6
low,21,17,No grouping,0.9313333333333337,7500.0,1.0,5.0,250.0
low,21,17,CQI k-means,0.9404444749837527,6967.333333333333,1.0,4.6866666666666665,232.24444444444444
low,21,17,Resource-cost k-means,0.93307802003235,7398.0,1.0,4.94,246.6
low,21,17,Multi-feature k-means,0.9447092646924595,6718.0,1.0,4.54,223.93333333333334
low,21,17,Offline teacher,0.9336595822653552,7364.0,1.0,4.92,245.46666666666667
low,21,18,No grouping,0.9346666666666668,7500.0,1.0,5.0,250.0
low,21,18,CQI k-means,0.9428085379287434,7024.0,1.0,4.72,234.13333333333333
low,21,18,Resource-cost k-means,0.9346666666666668,7500.0,1.0,5.0,250.0
low,21,18,Multi-feature k-means,0.9461040572491077,6831.333333333333,1.0,4.6066666666666665,227.7111111111111
low,21,18,Offline teacher,0.9358297911326777,7432.0,1.0,4.96,247.73333333333332
low,21,19,No grouping,0.9366666666666671,7500.0,1.0,5.0,250.0
low,21,19,CQI k-means,0.9550828040451732,6423.333333333333,1.0,4.366666666666666,214.11111111111111
low,21,19,Resource-cost k-means,0.937442082977341,7454.666666666667,1.0,4.973333333333334,248.48888888888888
low,21,19,Multi-feature k-means,0.9506478054691441,6604.666666666667,1.0,4.473333333333334,220.15555555555557
low,21,19,Offline teacher,0.9376359370550091,7443.333333333333,1.0,4.966666666666667,248.11111111111111
low,22,0,No grouping,0.9340000000000004,7500.0,1.0,5.0,250.0
low,22,0,CQI k-means,0.9413664549514029,7069.333333333333,1.0,4.746666666666667,235.64444444444445
low,22,0,Resource-cost k-means,0.9353569785436796,7420.666666666667,1.0,4.953333333333333,247.35555555555555
low,22,0,Multi-feature k-means,0.9440804120387618,6910.666666666667,1.0,4.653333333333333,230.35555555555555
low,22,0,Offline teacher,0.9357446866990164,7398.0,1.0,4.94,246.6
low,22,1,No grouping,0.9320000000000005,7500.0,1.0,5.0,250.0
low,22,1,CQI k-means,0.9401418712620769,7024.0,1.0,4.72,234.13333333333333
low,22,1,Resource-cost k-means,0.9341323948543536,7375.333333333333,1.0,4.926666666666667,245.84444444444443
low,22,1,Multi-feature k-means,0.9405295794174138,7001.333333333333,1.0,4.706666666666667,233.37777777777777
low,22,1,Offline teacher,0.9345201030096904,7352.666666666667,1.0,4.913333333333333,245.0888888888889
low,22,2,No grouping,0.9326666666666669,7500.0,1.0,5.0,250.0
low,22,2,CQI k-means,0.9415839542394174,6978.666666666667,1.0,4.693333333333333,232.62222222222223
low,22,2,Resource-cost k-means,0.9349929155986888,7364.0,1.0,4.92,245.46666666666667
low,22,2,Multi-feature k-means,0.942940932783097,6899.333333333333,1.0,4.6466666666666665,229.9777777777778
low,22,2,Offline teacher,0.9349929155986888,7364.0,1.0,4.92,245.46666666666667
low,22,3,No grouping,0.9266666666666669,7500.0,1.0,5.0,250.0
low,22,3,CQI k-means,0.9357778083170861,6967.333333333333,1.0,4.6866666666666665,232.24444444444444
low,22,3,Resource-cost k-means,0.9287990615210202,7375.333333333333,1.0,4.926666666666667,245.84444444444443
low,22,3,Multi-feature k-means,0.9353901001617491,6990.0,1.0,4.7,233.0
low,22,3,Offline teacher,0.9289929155986886,7364.0,1.0,4.92,245.46666666666667
low,22,4,No grouping,0.9326666666666669,7500.0,1.0,5.0,250.0
low,22,4,CQI k-means,0.9392577053073956,7114.666666666667,1.0,4.773333333333333,237.15555555555557
low,22,4,Resource-cost k-means,0.9326666666666669,7500.0,1.0,5.0,250.0
low,22,4,Multi-feature k-means,0.9421655164724229,6944.666666666667,1.0,4.673333333333333,231.48888888888888
low,22,4,Offline teacher,0.9346288526536978,7307.333333333333,1.0,4.886666666666667,243.57777777777778
low,22,5,No grouping,0.9366666666666671,7500.0,1.0,5.0,250.0
low,22,5,CQI k-means,0.9440331216180694,7069.333333333333,1.0,4.746666666666667,235.64444444444445
low,22,5,Resource-cost k-means,0.9382174992880149,7409.333333333333,1.0,4.946666666666666,246.9777777777778
low,22,5,Multi-feature k-means,0.9436454134627326,7092.0,1.0,4.76,236.4
low,22,5,Offline teacher,0.9382411444983607,7330.0,1.0,4.9,244.33333333333334
low,22,6,No grouping,0.9293333333333336,7500.0,1.0,5.0,250.0
low,22,6,CQI k-means,0.9388321831390897,6944.666666666667,1.0,4.673333333333333,231.48888888888888
low,22,6,Resource-cost k-means,0.9301087496440075,7454.666666666667,1.0,4.973333333333334,248.48888888888888
low,22,6,Multi-feature k-means,0.9430969728477965,6695.333333333333,1.0,4.526666666666666,223.17777777777778
low,22,6,Offline teacher,0.9306903118770129,7420.666666666667,1.0,4.953333333333333,247.35555555555555
low,22,7,No grouping,0.9280000000000002,7500.0,1.0,5.0,250.0
low,22,7,CQI k-means,0.9363357253397453,7012.666666666667,1.0,4.713333333333333,233.75555555555556
low,22,7,Resource-cost k-means,0.9280000000000002,7500.0,1.0,5.0,250.0
low,22,7,Multi-feature k-means,0.9347848927183975,7103.333333333333,1.0,4.766666666666667,236.77777777777777
low,22,7,Offline teacher,0.9307376022977049,7262.0,1.0,4.86,242.06666666666666
low,22,8,No grouping,0.9380000000000003,7500.0,1.0,5.0,250.0
low,22,8,CQI k-means,0.9457541631067398,7046.666666666667,1.0,4.733333333333333,234.88888888888889
low,22,8,Resource-cost k-means,0.9391631244660109,7432.0,1.0,4.96,247.73333333333332
low,22,8,Multi-feature k-means,0.9482742661164303,6899.333333333333,1.0,4.6466666666666665,229.9777777777778
low,22,8,Offline teacher,0.9395508326213483,7409.333333333333,1.0,4.946666666666666,246.9777777777778
low,22,9,No grouping,0.9280000000000003,7500.0,1.0,5.0,250.0
low,22,9,CQI k-means,0.9351726008737343,7080.666666666667,1.0,4.753333333333333,236.0222222222222
low,22,9,Resource-cost k-means,0.9289692703883425,7443.333333333333,1.0,4.966666666666667,248.11111111111111
low,22,9,Multi-feature k-means,0.9357541631067399,7046.666666666667,1.0,4.733333333333333,234.88888888888889
low,22,9,Offline teacher,0.9289692703883425,7443.333333333333,1.0,4.966666666666667,248.11111111111111
low,22,10,No grouping,0.9300000000000004,7500.0,1.0,5.0,250.0
low,22,10,CQI k-means,0.9375603090290715,7058.0,1.0,4.74,235.26666666666668
low,22,10,Resource-cost k-means,0.9309692703883424,7443.333333333333,1.0,4.966666666666667,248.11111111111111
low,22,10,Multi-feature k-means,0.9429882232037892,6740.666666666667,1.0,4.553333333333334,224.6888888888889
low,22,10,Offline teacher,0.9314042689643717,7262.0,1.0,4.86,242.06666666666666
low,22,11,No grouping,0.9373333333333335,7500.0,1.0,5.0,250.0
low,22,11,CQI k-means,0.9454752045954101,7024.0,1.0,4.72,234.13333333333333
low,22,11,Resource-cost k-means,0.9373333333333335,7500.0,1.0,5.0,250.0
low,22,11,Multi-feature k-means,0.9487707239157744,6831.333333333333,1.0,4.6066666666666665,227.7111111111111
low,22,11,Offline teacher,0.93907802003235,7398.0,1.0,4.94,246.6
low,22,12,No grouping,0.9293333333333336,7500.0,1.0,5.0,250.0
low,22,12,CQI k-means,0.9388321831390897,6944.666666666667,1.0,4.673333333333333,231.48888888888888
low,22,12,Resource-cost k-means,0.9301087496440075,7454.666666666667,1.0,4.973333333333334,248.48888888888888
low,22,12,Multi-feature k-means,0.9394137453720951,6910.666666666667,1.0,4.653333333333333,230.35555555555555
low,22,12,Offline teacher,0.9306903118770129,7420.666666666667,1.0,4.953333333333333,247.35555555555555
low,22,13,No grouping,0.9386666666666668,7500.0,1.0,5.0,250.0
low,22,13,CQI k-means,0.9456454134627325,7092.0,1.0,4.76,236.4
low,22,13,Resource-cost k-means,0.9407990615210201,7375.333333333333,1.0,4.926666666666667,245.84444444444443
low,22,13,Multi-feature k-means,0.9483593705500915,6933.333333333333,1.0,4.666666666666667,231.11111111111111
low,22,13,Offline teacher,0.9407990615210201,7375.333333333333,1.0,4.926666666666667,245.84444444444443
low,22,14,No grouping,0.9340000000000004,7500.0,1.0,5.0,250.0
low,22,14,CQI k-means,0.9429172875727507,6978.666666666667,1.0,4.693333333333333,232.62222222222223
low,22,14,Resource-cost k-means,0.9357446866990167,7398.0,1.0,4.94,246.6
low,22,14,Multi-feature k-means,0.9454373905824411,6831.333333333333,1.0,4.6066666666666665,227.7111111111111
low,22,14,Offline teacher,0.935938540776685,7386.666666666667,1.0,4.933333333333334,246.22222222222223
low,22,15,No grouping,0.9273333333333335,7500.0,1.0,5.0,250.0
low,22,15,CQI k-means,0.9358629127507472,7001.333333333333,1.0,4.706666666666667,233.37777777777777
low,22,15,Resource-cost k-means,0.9284964577993444,7432.0,1.0,4.96,247.73333333333332
low,22,15,Multi-feature k-means,0.9368321831390897,6944.666666666667,1.0,4.673333333333333,231.48888888888888
low,22,15,Offline teacher,0.9290780200323498,7398.0,1.0,4.94,246.6
low,22,16,No grouping,0.9306666666666669,7500.0,1.0,5.0,250.0
low,22,16,CQI k-means,0.939002392006412,7012.666666666667,1.0,4.713333333333333,233.75555555555556
low,22,16,Resource-cost k-means,0.9318297911326776,7432.0,1.0,4.96,247.73333333333332
low,22,16,Multi-feature k-means,0.9461749928801461,6593.333333333333,1.0,4.466666666666667,219.77777777777777
low,22,16,Offline teacher,0.9318297911326777,7432.0,1.0,4.96,247.73333333333332
low,22,17,No grouping,0.9326666666666669,7500.0,1.0,5.0,250.0
low,22,17,CQI k-means,0.9400331216180695,7069.333333333333,1.0,4.746666666666667,235.64444444444445
low,22,17,Resource-cost k-means,0.9326666666666669,7500.0,1.0,5.0,250.0
low,22,17,Multi-feature k-means,0.9423593705500916,6933.333333333333,1.0,4.666666666666667,231.11111111111111
low,22,17,Offline teacher,0.934411353365683,7398.0,1.0,4.94,246.6
low,22,18,No grouping,0.9320000000000005,7500.0,1.0,5.0,250.0
low,22,18,CQI k-means,0.9407234334950823,6990.0,1.0,4.7,233.0
low,22,18,Resource-cost k-means,0.9337446866990168,7398.0,1.0,4.94,246.6
low,22,18,Multi-feature k-means,0.9424681201940989,6888.0,1.0,4.64,229.6
low,22,18,Offline teacher,0.9339385407766849,7386.666666666667,1.0,4.933333333333334,246.22222222222223
low,22,19,No grouping,0.9313333333333335,7500.0,1.0,5.0,250.0
low,22,19,CQI k-means,0.9406383290614211,6956.0,1.0,4.68,231.86666666666667
low,22,19,Resource-cost k-means,0.9313333333333335,7500.0,1.0,5.0,250.0
low,22,19,Multi-feature k-means,0.9439338483817854,6763.333333333333,1.0,4.566666666666666,225.44444444444446
low,22,19,Offline teacher,0.9325201030096905,7352.666666666667,1.0,4.913333333333333,245.0888888888889
low,23,0,No grouping,0.9326666666666669,7500.0,1.0,5.0,250.0
low,23,0,CQI k-means,0.9419716623947545,6956.0,1.0,4.68,231.86666666666667
low,23,0,Resource-cost k-means,0.9326666666666669,7500.0,1.0,5.0,250.0
low,23,0,Multi-feature k-means,0.9439102031714394,6842.666666666667,1.0,4.613333333333333,228.0888888888889
low,23,0,Offline teacher,0.9347990615210201,7375.333333333333,1.0,4.926666666666667,245.84444444444443
low,23,1,No grouping,0.9333333333333337,7500.0,1.0,5.0,250.0
low,23,1,CQI k-means,0.9434137453720952,6910.666666666667,1.0,4.653333333333333,230.35555555555555
low,23,1,Resource-cost k-means,0.9333333333333337,7500.0,1.0,5.0,250.0
low,23,1,Multi-feature k-means,0.9469031187701279,6706.666666666667,1.0,4.533333333333333,223.55555555555554
low,23,1,Offline teacher,0.9354657281876869,7375.333333333333,1.0,4.926666666666667,245.84444444444443
low,23,2,No grouping,0.9280000000000003,7500.0,1.0,5.0,250.0
low,23,2,CQI k-means,0.9359480171844085,7035.333333333333,1.0,4.726666666666667,234.51111111111112
low,23,2,Resource-cost k-means,0.9305201030096906,7352.666666666667,1.0,4.913333333333333,245.0888888888889
low,23,2,Multi-feature k-means,0.9365295794174138,7001.333333333333,1.0,4.706666666666667,233.37777777777777
low,23,2,Offline teacher,0.9305201030096906,7352.666666666667,1.0,4.913333333333333,245.0888888888889
low,23,3,No grouping,0.9273333333333335,7500.0,1.0,5.0,250.0
low,23,3,CQI k-means,0.9360567668284158,6990.0,1.0,4.7,233.0
low,23,3,Resource-cost k-means,0.9290780200323502,7398.0,1.0,4.94,246.6
low,23,3,Multi-feature k-means,0.937995307605101,6876.666666666667,1.0,4.633333333333334,229.22222222222223
low,23,3,Offline teacher,0.9292718741100183,7386.666666666667,1.0,4.933333333333334,246.22222222222223
low,23,4,No grouping,0.9353333333333335,7500.0,1.0,5.0,250.0
low,23,4,CQI k-means,0.9434752045954102,7024.0,1.0,4.72,234.13333333333333
low,23,4,Resource-cost k-means,0.9370780200323501,7398.0,1.0,4.94,246.6
low,23,4,Multi-feature k-means,0.9467707239157745,6831.333333333333,1.0,4.6066666666666665,227.7111111111111
low,23,4,Offline teacher,0.93707802003235,7398.0,1.0,4.94,246.6
low,23,5,No grouping,0.9300000000000004,7500.0,1.0,5.0,250.0
low,23,5,CQI k-means,0.9400804120387617,6910.666666666667,1.0,4.653333333333333,230.35555555555555
low,23,5,Resource-cost k-means,0.9317446866990167,7398.0,1.0,4.94,246.6
low,23,5,Multi-feature k-means,0.9449267639804738,6627.333333333333,1.0,4.486666666666666,220.9111111111111
low,23,5,Offline teacher,0.9323498941423681,7284.666666666667,1.0,4.873333333333333,242.82222222222222
low,23,6,No grouping,0.9360000000000003,7500.0,1.0,5.0,250.0
low,23,6,CQI k-means,0.9449172875727508,6978.666666666667,1.0,4.693333333333333,232.62222222222223
low,23,6,Resource-cost k-means,0.9367754163106742,7454.666666666667,1.0,4.973333333333334,248.48888888888888
low,23,6,Multi-feature k-means,0.9480189528154468,6797.333333333333,1.0,4.586666666666667,226.57777777777778
low,23,6,Offline teacher,0.9381323948543534,7375.333333333333,1.0,4.926666666666667,245.84444444444443
low,23,7,No grouping,0.9313333333333337,7500.0,1.0,5.0,250.0
low,23,7,CQI k-means,0.9408321831390896,6944.666666666667,1.0,4.673333333333333,231.48888888888888
low,23,7,Resource-cost k-means,0.9332718741100184,7386.666666666667,1.0,4.933333333333334,246.22222222222223
low,23,7,Multi-feature k-means,0.941413745372095,6910.666666666667,1.0,4.653333333333333,230.35555555555555
low,23,7,Offline teacher,0.9342411444983607,7330.0,1.0,4.9,244.33333333333334
low,23,8,No grouping,0.9313333333333335,7500.0,1.0,5.0,250.0
low,23,8,CQI k-means,0.9388936423624049,7058.0,1.0,4.74,235.26666666666668
low,23,8,Resource-cost k-means,0.9328841659546815,7409.333333333333,1.0,4.946666666666666,246.9777777777778
low,23,8,Multi-feature k-means,0.9416075994497637,6899.333333333333,1.0,4.6466666666666665,229.9777777777778
low,23,8,Offline teacher,0.93307802003235,7398.0,1.0,4.94,246.6
low,23,9,No grouping,0.9333333333333336,7500.0,1.0,5.0,250.0
low,23,9,CQI k-means,0.9418629127507471,7001.333333333333,1.0,4.706666666666667,233.37777777777777
low,23,9,Resource-cost k-means,0.9350780200323501,7398.0,1.0,4.94,246.6
low,23,9,Multi-feature k-means,0.9451584320711114,6808.666666666667,1.0,4.593333333333334,226.95555555555555
low,23,9,Offline teacher,0.9366288526536979,7307.333333333333,1.0,4.886666666666667,243.57777777777778
low,23,10,No grouping,0.93,7500.0,1.0,5.0,250.0
low,23,10,CQI k-means,0.9398865579610932,6922.0,1.0,4.66,230.73333333333332
low,23,10,Resource-cost k-means,0.9317446866990167,7398.0,1.0,4.94,246.6
low,23,10,Multi-feature k-means,0.943375931359126,6718.0,1.0,4.54,223.93333333333334
low,23,10,Offline teacher,0.9317446866990163,7398.0,1.0,4.94,246.6
low,23,11,No grouping,0.9366666666666671,7500.0,1.0,5.0,250.0
low,23,11,CQI k-means,0.943839267540401,7080.666666666667,1.0,4.753333333333333,236.0222222222222
low,23,11,Resource-cost k-means,0.9380236452103461,7420.666666666667,1.0,4.953333333333333,247.35555555555555
low,23,11,Multi-feature k-means,0.9442269756957383,7058.0,1.0,4.74,235.26666666666668
low,23,11,Offline teacher,0.93879906152102,7375.333333333333,1.0,4.926666666666667,245.84444444444443
low,23,12,No grouping,0.9193333333333336,7500.0,1.0,5.0,250.0
low,23,12,CQI k-means,0.9284444749837528,6967.333333333333,1.0,4.6866666666666665,232.24444444444444
low,23,12,Resource-cost k-means,0.9201087496440075,7454.666666666667,1.0,4.973333333333334,248.48888888888888
low,23,12,Multi-feature k-means,0.9330969728477965,6695.333333333333,1.0,4.526666666666666,223.17777777777778
low,23,12,Offline teacher,0.9211489556633884,7160.0,1.0,4.8,238.66666666666666
low,23,13,No grouping,0.9293333333333336,7500.0,1.0,5.0,250.0
low,23,13,CQI k-means,0.9368936423624048,7058.0,1.0,4.74,235.26666666666668
low,23,13,Resource-cost k-means,0.9293333333333336,7500.0,1.0,5.0,250.0
low,23,13,Multi-feature k-means,0.9363120801293993,7092.0,1.0,4.76,236.4
low,23,13,Offline teacher,0.9322411444983607,7330.0,1.0,4.9,244.33333333333334
low,23,14,No grouping,0.9300000000000002,7500.0,1.0,5.0,250.0
low,23,14,CQI k-means,0.9371726008737344,7080.666666666667,1.0,4.753333333333333,236.0222222222222
low,23,14,Resource-cost k-means,0.9300000000000002,7500.0,1.0,5.0,250.0
low,23,14,Multi-feature k-means,0.9393049957280878,6956.0,1.0,4.68,231.86666666666667
low,23,14,Offline teacher,0.9319385407766853,7386.666666666667,1.0,4.933333333333334,246.22222222222223
low,23,15,No grouping,0.9260000000000003,7500.0,1.0,5.0,250.0
low,23,15,CQI k-means,0.9339480171844083,7035.333333333333,1.0,4.726666666666667,234.51111111111112
low,23,15,Resource-cost k-means,0.9260000000000003,7500.0,1.0,5.0,250.0
low,23,15,Multi-feature k-means,0.9378250987377783,6808.666666666667,1.0,4.593333333333334,226.95555555555555
low,23,15,Offline teacher,0.9277446866990168,7398.0,1.0,4.94,246.6
low,23,16,No grouping,0.9340000000000002,7500.0,1.0,5.0,250.0
low,23,16,CQI k-means,0.9425295794174139,7001.333333333333,1.0,4.706666666666667,233.37777777777777
low,23,16,Resource-cost k-means,0.9353569785436796,7420.666666666667,1.0,4.953333333333333,247.35555555555555
low,23,16,Multi-feature k-means,0.9456312446601096,6820.0,1.0,4.6,227.33333333333334
low,23,16,Offline teacher,0.935938540776685,7386.666666666667,1.0,4.933333333333334,246.22222222222223
low,23,17,No grouping,0.9326666666666669,7500.0,1.0,5.0,250.0
low,23,17,CQI k-means,0.9408085379287435,7024.0,1.0,4.72,234.13333333333333
low,23,17,Resource-cost k-means,0.9344113533656833,7398.0,1.0,4.94,246.6
low,23,17,Multi-feature k-means,0.9411962460840806,7001.333333333333,1.0,4.706666666666667,233.37777777777777
low,23,17,Offline teacher,0.9351867696763572,7352.666666666667,1.0,4.913333333333333,245.0888888888889
low,23,18,No grouping,0.9340000000000002,7500.0,1.0,5.0,250.0
low,23,18,CQI k-means,0.952997699611512,6389.333333333333,1.0,4.346666666666667,212.9777777777778
low,23,18,Resource-cost k-means,0.9345815622330057,7466.0,1.0,4.98,248.86666666666667
low,23,18,Multi-feature k-means,0.9425134689984748,6616.666666666667,1.0,4.493333333333333,220.55555555555554
low,23,18,Offline teacher,0.9349692703883425,7443.333333333333,1.0,4.966666666666667,248.11111111111111
low,23,19,No grouping,0.9360000000000003,7500.0,1.0,5.0,250.0
low,23,19,CQI k-means,0.9433664549514028,7069.333333333333,1.0,4.746666666666667,235.64444444444445
low,23,19,Resource-cost k-means,0.9375508326213482,7409.333333333333,1.0,4.946666666666666,246.9777777777778
low,23,19,Multi-feature k-means,0.9453049957280878,6956.0,1.0,4.68,231.86666666666667
low,23,19,Offline teacher,0.9377446866990166,7398.0,1.0,4.94,246.6
low,24,0,No grouping,0.9293333333333336,7500.0,1.0,5.0,250.0
low,24,0,CQI k-means,0.9382506209060841,6978.666666666667,1.0,4.693333333333333,232.62222222222223
low,24,0,Resource-cost k-means,0.930302603721676,7443.333333333333,1.0,4.966666666666667,248.11111111111111
low,24,0,Multi-feature k-means,0.9429267639804736,6627.333333333333,1.0,4.486666666666666,220.9111111111111
low,24,0,Offline teacher,0.9304964577993443,7432.0,1.0,4.96,247.73333333333332
low,24,1,No grouping,0.9300000000000004,7500.0,1.0,5.0,250.0
low,24,1,CQI k-means,0.9375603090290715,7058.0,1.0,4.74,235.26666666666668
low,24,1,Resource-cost k-means,0.9321323948543536,7375.333333333333,1.0,4.926666666666667,245.84444444444443
low,24,1,Multi-feature k-means,0.9424066609707836,6774.666666666667,1.0,4.573333333333333,225.82222222222222
low,24,1,Offline teacher,0.9327139570873589,7341.333333333333,1.0,4.906666666666666,244.7111111111111
low,24,2,No grouping,0.9326666666666669,7500.0,1.0,5.0,250.0
low,24,2,CQI k-means,0.9398392675404011,7080.666666666667,1.0,4.753333333333333,236.0222222222222
low,24,2,Resource-cost k-means,0.9338297911326776,7432.0,1.0,4.96,247.73333333333332
low,24,2,Multi-feature k-means,0.9454610357927872,6752.0,1.0,4.56,225.06666666666666
low,24,2,Offline teacher,0.9342411444983607,7330.0,1.0,4.9,244.33333333333334
low,24,3,No grouping,0.9326666666666669,7500.0,1.0,5.0,250.0
low,24,3,CQI k-means,0.9394515593850641,7103.333333333333,1.0,4.766666666666667,236.77777777777777
low,24,3,Resource-cost k-means,0.9326666666666669,7500.0,1.0,5.0,250.0
low,24,3,Multi-feature k-means,0.9431347868607655,6888.0,1.0,4.64,229.6
low,24,3,Offline teacher,0.9344113533656833,7398.0,1.0,4.94,246.6
low,24,4,No grouping,0.9366666666666669,7500.0,1.0,5.0,250.0
low,24,4,CQI k-means,0.9442269756957381,7058.0,1.0,4.74,235.26666666666668
low,24,4,Resource-cost k-means,0.9374420829773408,7454.666666666667,1.0,4.973333333333334,248.48888888888888
low,24,4,Multi-feature k-means,0.9502364521034611,6706.666666666667,1.0,4.533333333333333,223.55555555555554
low,24,4,Offline teacher,0.937442082977341,7454.666666666667,1.0,4.973333333333334,248.48888888888888
low,24,5,No grouping,0.9320000000000003,7500.0,1.0,5.0,250.0
low,24,5,CQI k-means,0.9413049957280877,6956.0,1.0,4.68,231.86666666666667
low,24,5,Resource-cost k-means,0.9339385407766851,7386.666666666667,1.0,4.933333333333334,246.22222222222223
low,24,5,Multi-feature k-means,0.9465390558251369,6650.0,1.0,4.5,221.66666666666666
low,24,5,Offline teacher,0.9341323948543535,7375.333333333333,1.0,4.926666666666667,245.84444444444443
low,24,6,No grouping,0.9320000000000003,7500.0,1.0,5.0,250.0
low,24,6,CQI k-means,0.9382033304853921,7137.333333333333,1.0,4.786666666666667,237.9111111111111
low,24,6,Resource-cost k-means,0.9320000000000003,7500.0,1.0,5.0,250.0
low,24,6,Multi-feature k-means,0.9440425980257927,6718.0,1.0,4.54,223.93333333333334
low,24,6,Offline teacher,0.9341323948543535,7375.333333333333,1.0,4.926666666666667,245.84444444444443
low,24,7,No grouping,0.9306666666666669,7500.0,1.0,5.0,250.0
low,24,7,CQI k-means,0.937839267540401,7080.666666666667,1.0,4.753333333333333,236.0222222222222
low,24,7,Resource-cost k-means,0.9322174992880148,7409.333333333333,1.0,4.946666666666666,246.9777777777778
low,24,7,Multi-feature k-means,0.9411347868607653,6888.0,1.0,4.64,229.6
low,24,7,Offline teacher,0.933040206019381,7205.333333333333,1.0,4.826666666666667,240.17777777777778
low,24,8,No grouping,0.9373333333333335,7500.0,1.0,5.0,250.0
low,24,8,CQI k-means,0.9460567668284157,6990.0,1.0,4.7,233.0
low,24,8,Resource-cost k-means,0.9388841659546815,7409.333333333333,1.0,4.946666666666666,246.9777777777778
low,24,8,Multi-feature k-means,0.9505154106147908,6729.333333333333,1.0,4.546666666666667,224.3111111111111
low,24,8,Offline teacher,0.9390780200323502,7398.0,1.0,4.94,246.6
low,24,9,No grouping,0.9340000000000004,7500.0,1.0,5.0,250.0
low,24,9,CQI k-means,0.9409787467960659,7092.0,1.0,4.76,236.4
low,24,9,Resource-cost k-means,0.9351631244660111,7432.0,1.0,4.96,247.73333333333332
low,24,9,Multi-feature k-means,0.9464066609707837,6774.666666666667,1.0,4.573333333333333,225.82222222222222
low,24,9,Offline teacher,0.9357446866990167,7398.0,1.0,4.94,246.6
low,24,10,No grouping,0.9333333333333337,7500.0,1.0,5.0,250.0
low,24,10,CQI k-means,0.9416690586730787,7012.666666666667,1.0,4.713333333333333,233.75555555555556
low,24,10,Resource-cost k-means,0.9356595822653554,7364.0,1.0,4.92,245.46666666666667
low,24,10,Multi-feature k-means,0.9443830157604375,6854.0,1.0,4.62,228.46666666666667
low,24,10,Offline teacher,0.9370165608090347,7284.666666666667,1.0,4.873333333333333,242.82222222222222
low,24,11,No grouping,0.9266666666666666,7500.0,1.0,5.0,250.0
low,24,11,CQI k-means,0.9340331216180696,7069.333333333333,1.0,4.746666666666667,235.64444444444445
low,24,11,Resource-cost k-means,0.9284113533656831,7398.0,1.0,4.94,246.6
low,24,11,Multi-feature k-means,0.928605207443352,7386.666666666667,1.0,4.933333333333334,246.22222222222223
low,24,11,Offline teacher,0.9289929155986886,7364.0,1.0,4.92,245.46666666666667
low,24,12,No grouping,0.9326666666666669,7500.0,1.0,5.0,250.0
low,24,12,CQI k-means,0.9411962460840804,7001.333333333333,1.0,4.706666666666667,233.37777777777777
low,24,12,Resource-cost k-means,0.9342174992880149,7409.333333333333,1.0,4.946666666666666,246.9777777777778
low,24,12,Multi-feature k-means,0.9452671817151187,6763.333333333333,1.0,4.566666666666666,225.44444444444446
low,24,12,Offline teacher,0.9347990615210203,7375.333333333333,1.0,4.926666666666667,245.84444444444443
low,24,13,No grouping,0.9393333333333334,7500.0,1.0,5.0,250.0
low,24,13,CQI k-means,0.9466997882847363,7069.333333333333,1.0,4.746666666666667,235.64444444444445
low,24,13,Resource-cost k-means,0.9393333333333334,7500.0,1.0,5.0,250.0
low,24,13,Multi-feature k-means,0.9484444749837528,6967.333333333333,1.0,4.6866666666666665,232.24444444444444
low,24,13,Offline teacher,0.9408841659546814,7409.333333333333,1.0,4.946666666666666,246.9777777777778
low,24,14,No grouping,0.9380000000000003,7500.0,1.0,5.0,250.0
low,24,14,CQI k-means,0.9471111416504194,6967.333333333333,1.0,4.6866666666666665,232.24444444444444
low,24,14,Resource-cost k-means,0.9387754163106742,7454.666666666667,1.0,4.973333333333334,248.48888888888888
low,24,14,Multi-feature k-means,0.9484681201940987,6888.0,1.0,4.64,229.6
low,24,14,Offline teacher,0.9395508326213481,7409.333333333333,1.0,4.946666666666666,246.9777777777778
low,24,15,No grouping,0.9333333333333337,7500.0,1.0,5.0,250.0
low,24,15,CQI k-means,0.9406997882847361,7069.333333333333,1.0,4.746666666666667,235.64444444444445
low,24,15,Resource-cost k-means,0.9333333333333337,7500.0,1.0,5.0,250.0
low,24,15,Multi-feature k-means,0.9409172875727508,6978.666666666667,1.0,4.693333333333333,232.62222222222223
low,24,15,Offline teacher,0.9350780200323501,7398.0,1.0,4.94,246.6
low,24,16,No grouping,0.9260000000000003,7500.0,1.0,5.0,250.0
low,24,16,CQI k-means,0.9347234334950822,6990.0,1.0,4.7,233.0
low,24,16,Resource-cost k-means,0.9267754163106742,7454.666666666667,1.0,4.973333333333334,248.48888888888888
low,24,16,Multi-feature k-means,0.9378250987377781,6808.666666666667,1.0,4.593333333333334,226.95555555555555
low,24,16,Offline teacher,0.9281323948543536,7375.333333333333,1.0,4.926666666666667,245.84444444444443
low,24,17,No grouping,0.9326666666666669,7500.0,1.0,5.0,250.0
low,24,17,CQI k-means,0.9408085379287435,7024.0,1.0,4.72,234.13333333333333
low,24,17,Resource-cost k-means,0.9340236452103462,7420.666666666667,1.0,4.953333333333333,247.35555555555555
low,24,17,Multi-feature k-means,0.9456548898704557,6740.666666666667,1.0,4.553333333333334,224.6888888888889
low,24,17,Offline teacher,0.9340236452103462,7420.666666666667,1.0,4.953333333333333,247.35555555555555
low,24,18,No grouping,0.9280000000000003,7500.0,1.0,5.0,250.0
low,24,18,CQI k-means,0.9373049957280879,6956.0,1.0,4.68,231.86666666666667
low,24,18,Resource-cost k-means,0.9301323948543537,7375.333333333333,1.0,4.926666666666667,245.84444444444443
low,24,18,Multi-feature k-means,0.9301323948543537,7375.333333333333,1.0,4.926666666666667,245.84444444444443
low,24,18,Offline teacher,0.9305201030096906,7352.666666666667,1.0,4.913333333333333,245.0888888888889
low,24,19,No grouping,0.9326666666666669,7500.0,1.0,5.0,250.0
low,24,19,CQI k-means,0.9396454134627326,7092.0,1.0,4.76,236.4
low,24,19,Resource-cost k-means,0.9346052074433517,7386.666666666667,1.0,4.933333333333334,246.22222222222223
low,24,19,Multi-feature k-means,0.9454610357927874,6752.0,1.0,4.56,225.06666666666666
low,24,19,Offline teacher,0.9350165608090348,7284.666666666667,1.0,4.873333333333333,242.82222222222222
low,25,0,No grouping,0.9300000000000004,7500.0,1.0,5.0,250.0
low,25,0,CQI k-means,0.9383357253397454,7012.666666666667,1.0,4.713333333333333,233.75555555555556
low,25,0,Resource-cost k-means,0.9317446866990167,7398.0,1.0,4.94,246.6
low,25,0,Multi-feature k-means,0.9391111416504194,6967.333333333333,1.0,4.6866666666666665,232.24444444444444
low,25,0,Offline teacher,0.9317446866990167,7398.0,1.0,4.94,246.6
low,25,1,No grouping,0.9360000000000003,7500.0,1.0,5.0,250.0
low,25,1,CQI k-means,0.9546099914561751,6412.0,1.0,4.36,213.73333333333332
low,25,1,Resource-cost k-means,0.9360000000000003,7500.0,1.0,5.0,250.0
low,25,1,Multi-feature k-means,0.9511206180581422,6616.0,1.0,4.48,220.53333333333333
low,25,1,Offline teacher,0.9365815622330054,7466.0,1.0,4.98,248.86666666666667
low,25,2,No grouping,0.9380000000000002,7500.0,1.0,5.0,250.0
low,25,2,CQI k-means,0.9558345751455011,6457.333333333333,1.0,4.386666666666667,215.24444444444444
low,25,2,Resource-cost k-means,0.9387754163106741,7454.666666666667,1.0,4.973333333333334,248.48888888888888
low,25,2,Multi-feature k-means,0.9494373905824413,6831.333333333333,1.0,4.6066666666666665,227.7111111111111
low,25,2,Offline teacher,0.9393569785436796,7420.666666666667,1.0,4.953333333333333,247.35555555555555
low,25,3,No grouping,0.9320000000000003,7500.0,1.0,5.0,250.0
low,25,3,CQI k-means,0.9387848927183975,7103.333333333333,1.0,4.766666666666667,236.77777777777777
low,25,3,Resource-cost k-means,0.9337446866990164,7398.0,1.0,4.94,246.6
low,25,3,Multi-feature k-means,0.9337446866990164,7398.0,1.0,4.94,246.6
low,25,3,Offline teacher,0.9337446866990164,7398.0,1.0,4.94,246.6
low,25,4,No grouping,0.9346666666666668,7500.0,1.0,5.0,250.0
low,25,4,CQI k-means,0.9424208297734064,7046.666666666667,1.0,4.733333333333333,234.88888888888889
low,25,4,Resource-cost k-means,0.9360236452103462,7420.666666666667,1.0,4.953333333333333,247.35555555555555
low,25,4,Multi-feature k-means,0.9476548898704558,6740.666666666667,1.0,4.553333333333334,224.6888888888889
low,25,4,Offline teacher,0.9372104148867032,7273.333333333333,1.0,4.866666666666666,242.44444444444446
low,25,5,No grouping,0.9366666666666669,7500.0,1.0,5.0,250.0
low,25,5,CQI k-means,0.9548889499675046,6434.666666666667,1.0,4.373333333333333,214.48888888888888
low,25,5,Resource-cost k-means,0.9372482288996724,7466.0,1.0,4.98,248.86666666666667
low,25,5,Multi-feature k-means,0.9482979113267763,6820.0,1.0,4.6,227.33333333333334
low,25,5,Offline teacher,0.9376359370550091,7443.333333333333,1.0,4.966666666666667,248.11111111111111
low,25,6,No grouping,0.9313333333333337,7500.0,1.0,5.0,250.0
low,25,6,CQI k-means,0.9396690586730786,7012.666666666667,1.0,4.713333333333333,233.75555555555556
low,25,6,Resource-cost k-means,0.9328841659546815,7409.333333333333,1.0,4.946666666666666,246.9777777777778
low,25,6,Multi-feature k-means,0.94335228614878,6797.333333333333,1.0,4.586666666666667,226.57777777777778
low,25,6,Offline teacher,0.9332718741100183,7386.666666666667,1.0,4.933333333333334,246.22222222222223
low,25,7,No grouping,0.9313333333333337,7500.0,1.0,5.0,250.0
low,25,7,CQI k-means,0.9408321831390896,6944.666666666667,1.0,4.673333333333333,231.48888888888888
low,25,7,Resource-cost k-means,0.9328841659546815,7409.333333333333,1.0,4.946666666666666,246.9777777777778
low,25,7,Multi-feature k-means,0.9443215565371225,6740.666666666667,1.0,4.553333333333334,224.6888888888889
low,25,7,Offline teacher,0.9328841659546815,7409.333333333333,1.0,4.946666666666666,246.9777777777778
low,25,8,No grouping,0.9393333333333336,7500.0,1.0,5.0,250.0
low,25,8,CQI k-means,0.9476690586730787,7012.666666666667,1.0,4.713333333333333,233.75555555555556
low,25,8,Resource-cost k-means,0.9393333333333336,7500.0,1.0,5.0,250.0
low,25,8,Multi-feature k-means,0.9515461402264487,6786.0,1.0,4.58,226.2
low,25,8,Offline teacher,0.9410780200323499,7398.0,1.0,4.94,246.6
low,25,9,No grouping,0.9373333333333335,7500.0,1.0,5.0,250.0
low,25,9,CQI k-means,0.9454752045954101,7024.0,1.0,4.72,234.13333333333333
low,25,9,Resource-cost k-means,0.9373333333333335,7500.0,1.0,5.0,250.0
low,25,9,Multi-feature k-means,0.9472198912944266,6922.0,1.0,4.66,230.73333333333332
low,25,9,Offline teacher,0.9386903118770129,7420.666666666667,1.0,4.953333333333333,247.35555555555555
low,25,10,No grouping,0.9306666666666669,7500.0,1.0,5.0,250.0
low,25,10,CQI k-means,0.9380331216180694,7069.333333333333,1.0,4.746666666666667,235.64444444444445
low,25,10,Resource-cost k-means,0.9329929155986886,7364.0,1.0,4.92,245.46666666666667
low,25,10,Multi-feature k-means,0.9329929155986886,7364.0,1.0,4.92,245.46666666666667
low,25,10,Offline teacher,0.9329929155986887,7364.0,1.0,4.92,245.46666666666667
low,25,11,No grouping,0.9293333333333336,7500.0,1.0,5.0,250.0
low,25,11,CQI k-means,0.940189161682769,6865.333333333333,1.0,4.626666666666667,228.84444444444443
low,25,11,Resource-cost k-means,0.9293333333333336,7500.0,1.0,5.0,250.0
low,25,11,Multi-feature k-means,0.9427092646924594,6718.0,1.0,4.54,223.93333333333334
low,25,11,Offline teacher,0.9314657281876868,7375.333333333333,1.0,4.926666666666667,245.84444444444443
low,25,12,No grouping,0.9353333333333335,7500.0,1.0,5.0,250.0
low,25,12,CQI k-means,0.9432813505177415,7035.333333333333,1.0,4.726666666666667,234.51111111111112
low,25,12,Resource-cost k-means,0.9353333333333335,7500.0,1.0,5.0,250.0
low,25,12,Multi-feature k-means,0.9471820772814574,6729.333333333333,1.0,4.546666666666667,224.3111111111111
low,25,12,Offline teacher,0.9376595822653553,7364.0,1.0,4.92,245.46666666666667
low,25,13,No grouping,0.9333333333333337,7500.0,1.0,5.0,250.0
low,25,13,CQI k-means,0.9410874964400733,7046.666666666667,1.0,4.733333333333333,234.88888888888889
low,25,13,Resource-cost k-means,0.9341087496440075,7454.666666666667,1.0,4.973333333333334,248.48888888888888
low,25,13,Multi-feature k-means,0.9453522861487801,6797.333333333333,1.0,4.586666666666667,226.57777777777778
low,25,13,Offline teacher,0.9341087496440075,7454.666666666667,1.0,4.973333333333334,248.48888888888888
low,25,14,No grouping,0.9300000000000004,7500.0,1.0,5.0,250.0
low,25,14,CQI k-means,0.9393049957280878,6956.0,1.0,4.68,231.86666666666667
low,25,14,Resource-cost k-means,0.9317446866990167,7398.0,1.0,4.94,246.6
low,25,14,Multi-feature k-means,0.9445390558251366,6650.0,1.0,4.5,221.66666666666666
low,25,14,Offline teacher,0.933101665242696,7318.666666666667,1.0,4.8933333333333335,243.95555555555555
low,25,15,No grouping,0.9333333333333333,7500.0,1.0,5.0,250.0
low,25,15,CQI k-means,0.9393428097410568,7148.666666666667,1.0,4.793333333333333,238.2888888888889
low,25,15,Resource-cost k-means,0.934690311877013,7420.666666666667,1.0,4.953333333333333,247.35555555555555
low,25,15,Multi-feature k-means,0.9393428097410568,7148.666666666667,1.0,4.793333333333333,238.2888888888889
low,25,15,Offline teacher,0.9349078111650275,7330.0,1.0,4.9,244.33333333333334
low,25,16,No grouping,0.934666666666667,7500.0,1.0,5.0,250.0
low,25,16,CQI k-means,0.9424208297734066,7046.666666666667,1.0,4.733333333333333,234.88888888888889
low,25,16,Resource-cost k-means,0.9362174992880148,7409.333333333333,1.0,4.946666666666666,246.9777777777778
low,25,16,Multi-feature k-means,0.9480425980257928,6718.0,1.0,4.54,223.93333333333334
low,25,16,Offline teacher,0.936217499288015,7409.333333333333,1.0,4.946666666666666,246.9777777777778
low,25,17,No grouping,0.9313333333333337,7500.0,1.0,5.0,250.0
low,25,17,CQI k-means,0.9406383290614212,6956.0,1.0,4.68,231.86666666666667
low,25,17,Resource-cost k-means,0.9319148955663388,7466.0,1.0,4.98,248.86666666666667
low,25,17,Multi-feature k-means,0.9447092646924595,6718.0,1.0,4.54,223.93333333333334
low,25,17,Offline teacher,0.9328841659546816,7409.333333333333,1.0,4.946666666666666,246.9777777777778
low,25,18,No grouping,0.9306666666666669,7500.0,1.0,5.0,250.0
low,25,18,CQI k-means,0.9424917654044449,6808.666666666667,1.0,4.593333333333334,226.95555555555555
low,25,18,Resource-cost k-means,0.9333806237540258,7341.333333333333,1.0,4.906666666666666,244.7111111111111
low,25,18,Multi-feature k-means,0.9452057224918035,6650.0,1.0,4.5,221.66666666666666
low,25,18,Offline teacher,0.934349894142368,7284.666666666667,1.0,4.873333333333333,242.82222222222222
low,25,19,No grouping,0.9273333333333335,7500.0,1.0,5.0,250.0
low,25,19,CQI k-means,0.9364444749837527,6967.333333333333,1.0,4.6866666666666665,232.24444444444444
low,25,19,Resource-cost k-means,0.9288841659546815,7409.333333333333,1.0,4.946666666666666,246.9777777777778
low,25,19,Multi-feature k-means,0.9403215565371225,6740.666666666667,1.0,4.553333333333334,224.6888888888889
low,25,19,Offline teacher,0.9288841659546815,7409.333333333333,1.0,4.946666666666666,246.9777777777778
low,26,0,No grouping,0.9326666666666669,7500.0,1.0,5.0,250.0
low,26,0,CQI k-means,0.940614683851075,7035.333333333333,1.0,4.726666666666667,234.51111111111112
low,26,0,Resource-cost k-means,0.9346052074433517,7386.666666666667,1.0,4.933333333333334,246.22222222222223
low,26,0,Multi-feature k-means,0.9431347868607655,6888.0,1.0,4.64,229.6
low,26,0,Offline teacher,0.9346052074433517,7386.666666666667,1.0,4.933333333333334,246.22222222222223
low,26,1,No grouping,0.9286666666666671,7500.0,1.0,5.0,250.0
low,26,1,CQI k-means,0.9370023920064121,7012.666666666667,1.0,4.713333333333333,233.75555555555556
low,26,1,Resource-cost k-means,0.9300236452103464,7420.666666666667,1.0,4.953333333333333,247.35555555555555
low,26,1,Multi-feature k-means,0.9406856194821133,6797.333333333333,1.0,4.586666666666667,226.57777777777778
low,26,1,Offline teacher,0.9314279141747179,7182.666666666667,1.0,4.8133333333333335,239.42222222222222
low,26,2,No grouping,0.932,7500.0,1.0,5.0,250.0
low,26,2,CQI k-means,0.9385910386407289,7114.666666666667,1.0,4.773333333333333,237.15555555555557
low,26,2,Resource-cost k-means,0.9329692703883425,7443.333333333333,1.0,4.966666666666667,248.11111111111111
low,26,2,Multi-feature k-means,0.9387053814598272,6492.666666666667,1.0,4.433333333333334,216.42222222222222
low,26,2,Offline teacher,0.9335508326213481,7409.333333333333,1.0,4.946666666666666,246.9777777777778
low,26,3,No grouping,0.9326666666666669,7500.0,1.0,5.0,250.0
low,26,3,CQI k-means,0.940614683851075,7035.333333333333,1.0,4.726666666666667,234.51111111111112
low,26,3,Resource-cost k-means,0.9336359370550094,7443.333333333333,1.0,4.966666666666667,248.11111111111111
low,26,3,Multi-feature k-means,0.9423830157604374,6854.0,1.0,4.62,228.46666666666667
low,26,3,Offline teacher,0.9344113533656833,7398.0,1.0,4.94,246.6
low,26,4,No grouping,0.932,7500.0,1.0,5.0,250.0
low,26,4,CQI k-means,0.9414988498057562,6944.666666666667,1.0,4.673333333333333,231.48888888888888
low,26,4,Resource-cost k-means,0.9337446866990168,7398.0,1.0,4.94,246.6
low,26,4,Multi-feature k-means,0.9453759313591259,6718.0,1.0,4.54,223.93333333333334
low,26,4,Offline teacher,0.9337446866990166,7398.0,1.0,4.94,246.6
low,26,5,No grouping,0.9320000000000003,7500.0,1.0,5.0,250.0
low,26,5,CQI k-means,0.9395603090290714,7058.0,1.0,4.74,235.26666666666668
low,26,5,Resource-cost k-means,0.9339385407766851,7386.666666666667,1.0,4.933333333333334,246.22222222222223
low,26,5,Multi-feature k-means,0.9393664549514028,7069.333333333333,1.0,4.746666666666667,235.64444444444445
low,26,5,Offline teacher,0.9343262489320222,7364.0,1.0,4.92,245.46666666666667
low,26,6,No grouping,0.9333333333333337,7500.0,1.0,5.0,250.0
low,26,6,CQI k-means,0.9405059342070675,7080.666666666667,1.0,4.753333333333333,236.0222222222222
low,26,6,Resource-cost k-means,0.9344964577993444,7432.0,1.0,4.96,247.73333333333332
low,26,6,Multi-feature k-means,0.943049682427104,6854.0,1.0,4.62,228.46666666666667
low,26,6,Offline teacher,0.9356595822653554,7364.0,1.0,4.92,245.46666666666667
low,26,7,No grouping,0.9346666666666668,7500.0,1.0,5.0,250.0
low,26,7,CQI k-means,0.9404822889967215,7160.0,1.0,4.8,238.66666666666666
low,26,7,Resource-cost k-means,0.9358297911326777,7432.0,1.0,4.96,247.73333333333332
low,26,7,Multi-feature k-means,0.9497872847248088,6616.0,1.0,4.48,220.53333333333333
low,26,7,Offline teacher,0.9358297911326777,7432.0,1.0,4.96,247.73333333333332
low,26,8,No grouping,0.9340000000000002,7500.0,1.0,5.0,250.0
low,26,8,CQI k-means,0.940203330485392,7137.333333333333,1.0,4.786666666666667,237.9111111111111
low,26,8,Resource-cost k-means,0.9340000000000002,7500.0,1.0,5.0,250.0
low,26,8,Multi-feature k-means,0.9456312446601096,6820.0,1.0,4.6,227.33333333333334
low,26,8,Offline teacher,0.9351631244660111,7432.0,1.0,4.96,247.73333333333332
low,26,9,No grouping,0.9326666666666669,7500.0,1.0,5.0,250.0
low,26,9,CQI k-means,0.9415839542394174,6978.666666666667,1.0,4.693333333333333,232.62222222222223
low,26,9,Resource-cost k-means,0.9346052074433517,7386.666666666667,1.0,4.933333333333334,246.22222222222223
low,26,9,Multi-feature k-means,0.9421655164724231,6944.666666666667,1.0,4.673333333333333,231.48888888888888
low,26,9,Offline teacher,0.9353806237540256,7341.333333333333,1.0,4.906666666666666,244.7111111111111
low,26,10,No grouping,0.9280000000000003,7500.0,1.0,5.0,250.0
low,26,10,CQI k-means,0.9380804120387616,6910.666666666667,1.0,4.653333333333333,230.35555555555555
low,26,10,Resource-cost k-means,0.9305201030096906,7352.666666666667,1.0,4.913333333333333,245.0888888888889
low,26,10,Multi-feature k-means,0.940988223203789,6740.666666666667,1.0,4.553333333333334,224.6888888888889
low,26,10,Offline teacher,0.9305201030096906,7352.666666666667,1.0,4.913333333333333,245.0888888888889
low,26,11,No grouping,0.9340000000000002,7500.0,1.0,5.0,250.0
low,26,11,CQI k-means,0.9413664549514029,7069.333333333333,1.0,4.746666666666667,235.64444444444445
low,26,11,Resource-cost k-means,0.9340000000000002,7500.0,1.0,5.0,250.0
low,26,11,Multi-feature k-means,0.9483452017474683,6661.333333333333,1.0,4.506666666666667,222.04444444444445
low,26,11,Offline teacher,0.9355508326213482,7409.333333333333,1.0,4.946666666666666,246.9777777777778
low,26,12,No grouping,0.9220000000000003,7500.0,1.0,5.0,250.0
low,26,12,CQI k-means,0.9328558283494357,6865.333333333333,1.0,4.626666666666667,228.84444444444443
low,26,12,Resource-cost k-means,0.9235508326213483,7409.333333333333,1.0,4.946666666666666,246.9777777777778
low,26,12,Multi-feature k-means,0.9342128068931151,6786.0,1.0,4.58,226.2
low,26,12,Offline teacher,0.9245201030096905,7352.666666666667,1.0,4.913333333333333,245.0888888888889
low,26,13,No grouping,0.9266666666666669,7500.0,1.0,5.0,250.0
low,26,13,CQI k-means,0.9367470787054284,6910.666666666667,1.0,4.653333333333333,230.35555555555555
low,26,13,Resource-cost k-means,0.9266666666666669,7500.0,1.0,5.0,250.0
low,26,13,Multi-feature k-means,0.9386856194821133,6797.333333333333,1.0,4.586666666666667,226.57777777777778
low,26,13,Offline teacher,0.9282174992880149,7409.333333333333,1.0,4.946666666666666,246.9777777777778
low,26,14,No grouping,0.9340000000000002,7500.0,1.0,5.0,250.0
low,26,14,CQI k-means,0.94175416310674,7046.666666666667,1.0,4.733333333333333,234.88888888888889
low,26,14,Resource-cost k-means,0.9353569785436796,7420.666666666667,1.0,4.953333333333333,247.35555555555555
low,26,14,Multi-feature k-means,0.9425295794174139,7001.333333333333,1.0,4.706666666666667,233.37777777777777
low,26,14,Offline teacher,0.9353569785436796,7420.666666666667,1.0,4.953333333333333,247.35555555555555
low,26,15,No grouping,0.9326666666666669,7500.0,1.0,5.0,250.0
low,26,15,CQI k-means,0.9402269756957382,7058.0,1.0,4.74,235.26666666666668
low,26,15,Resource-cost k-means,0.9338297911326778,7432.0,1.0,4.96,247.73333333333332
low,26,15,Multi-feature k-means,0.9444917654044449,6808.666666666667,1.0,4.593333333333334,226.95555555555555
low,26,15,Offline teacher,0.9346052074433517,7386.666666666667,1.0,4.933333333333334,246.22222222222223
low,26,16,No grouping,0.9313333333333335,7500.0,1.0,5.0,250.0
low,26,16,CQI k-means,0.9406383290614209,6956.0,1.0,4.68,231.86666666666667
low,26,16,Resource-cost k-means,0.9334657281876868,7375.333333333333,1.0,4.926666666666667,245.84444444444443
low,26,16,Multi-feature k-means,0.9419953076051008,6876.666666666667,1.0,4.633333333333334,229.22222222222223
low,26,16,Offline teacher,0.9338534363430236,7352.666666666667,1.0,4.913333333333333,245.0888888888889
low,26,17,No grouping,0.9320000000000005,7500.0,1.0,5.0,250.0
low,26,17,CQI k-means,0.9397541631067399,7046.666666666667,1.0,4.733333333333333,234.88888888888889
low,26,17,Resource-cost k-means,0.9320000000000005,7500.0,1.0,5.0,250.0
low,26,17,Multi-feature k-means,0.9414988498057562,6944.666666666667,1.0,4.673333333333333,231.48888888888888
low,26,17,Offline teacher,0.934326248932022,7364.0,1.0,4.92,245.46666666666667
low,26,18,No grouping,0.9333333333333337,7500.0,1.0,5.0,250.0
low,26,18,CQI k-means,0.9410874964400732,7046.666666666667,1.0,4.733333333333333,234.88888888888889
low,26,18,Resource-cost k-means,0.9333333333333337,7500.0,1.0,5.0,250.0
low,26,18,Multi-feature k-means,0.9469031187701277,6706.666666666667,1.0,4.533333333333333,223.55555555555554
low,26,18,Offline teacher,0.9366288526536979,7307.333333333333,1.0,4.886666666666667,243.57777777777778
low,26,19,No grouping,0.9253333333333336,7500.0,1.0,5.0,250.0
low,26,19,CQI k-means,0.9328936423624047,7058.0,1.0,4.74,235.26666666666668
low,26,19,Resource-cost k-means,0.9270780200323501,7398.0,1.0,4.94,246.6
low,26,19,Multi-feature k-means,0.9342506209060841,6978.666666666667,1.0,4.693333333333333,232.62222222222223
low,26,19,Offline teacher,0.92707802003235,7398.0,1.0,4.94,246.6
low,27,0,No grouping,0.9300000000000002,7500.0,1.0,5.0,250.0
low,27,0,CQI k-means,0.9373664549514028,7069.333333333333,1.0,4.746666666666667,235.64444444444445
low,27,0,Resource-cost k-means,0.9311631244660109,7432.0,1.0,4.96,247.73333333333332
low,27,0,Multi-feature k-means,0.9402742661164303,6899.333333333333,1.0,4.6466666666666665,229.9777777777778
low,27,0,Offline teacher,0.9315508326213484,7409.333333333333,1.0,4.946666666666666,246.9777777777778
low,27,1,No grouping,0.9346666666666668,7500.0,1.0,5.0,250.0
low,27,1,CQI k-means,0.9424208297734066,7046.666666666667,1.0,4.733333333333333,234.88888888888889
low,27,1,Resource-cost k-means,0.9366052074433516,7386.666666666667,1.0,4.933333333333334,246.22222222222223
low,27,1,Multi-feature k-means,0.9472671817151187,6763.333333333333,1.0,4.566666666666666,225.44444444444446
low,27,1,Offline teacher,0.9371867696763572,7352.666666666667,1.0,4.913333333333333,245.0888888888889
low,27,2,No grouping,0.9320000000000003,7500.0,1.0,5.0,250.0
low,27,2,CQI k-means,0.9409172875727508,6978.666666666667,1.0,4.693333333333333,232.62222222222223
low,27,2,Resource-cost k-means,0.9333569785436797,7420.666666666667,1.0,4.953333333333333,247.35555555555555
low,27,2,Multi-feature k-means,0.9418865579610934,6922.0,1.0,4.66,230.73333333333332
low,27,2,Offline teacher,0.9337446866990168,7398.0,1.0,4.94,246.6
low,27,3,No grouping,0.9333333333333336,7500.0,1.0,5.0,250.0
low,27,3,CQI k-means,0.9418629127507472,7001.333333333333,1.0,4.706666666666667,233.37777777777777
low,27,3,Resource-cost k-means,0.9352718741100182,7386.666666666667,1.0,4.933333333333334,246.22222222222223
low,27,3,Multi-feature k-means,0.9443830157604373,6854.0,1.0,4.62,228.46666666666667
low,27,3,Offline teacher,0.9358534363430238,7352.666666666667,1.0,4.913333333333333,245.0888888888889
low,27,4,No grouping,0.9286666666666668,7500.0,1.0,5.0,250.0
low,27,4,CQI k-means,0.9383593705500914,6933.333333333333,1.0,4.666666666666667,231.11111111111111
low,27,4,Resource-cost k-means,0.9313806237540256,7341.333333333333,1.0,4.906666666666666,244.7111111111111
low,27,4,Multi-feature k-means,0.9381655164724229,6944.666666666667,1.0,4.673333333333333,231.48888888888888
low,27,4,Offline teacher,0.9325437482200366,7273.333333333333,1.0,4.866666666666666,242.44444444444446
low,27,5,No grouping,0.9340000000000002,7500.0,1.0,5.0,250.0
low,27,5,CQI k-means,0.9444681201940988,6888.0,1.0,4.64,229.6
low,27,5,Resource-cost k-means,0.9340000000000002,7500.0,1.0,5.0,250.0
low,27,5,Multi-feature k-means,0.9475697854367945,6706.666666666667,1.0,4.533333333333333,223.55555555555554
low,27,5,Offline teacher,0.9357446866990164,7398.0,1.0,4.94,246.6
low,27,6,No grouping,0.9306666666666669,7500.0,1.0,5.0,250.0
low,27,6,CQI k-means,0.9382269756957383,7058.0,1.0,4.74,235.26666666666668
low,27,6,Resource-cost k-means,0.9318297911326777,7432.0,1.0,4.96,247.73333333333332
low,27,6,Multi-feature k-means,0.9403593705500914,6933.333333333333,1.0,4.666666666666667,231.11111111111111
low,27,6,Offline teacher,0.9322174992880147,7409.333333333333,1.0,4.946666666666666,246.9777777777778
low,27,7,No grouping,0.9286666666666668,7500.0,1.0,5.0,250.0
low,27,7,CQI k-means,0.937390100161749,6990.0,1.0,4.7,233.0
low,27,7,Resource-cost k-means,0.9296359370550094,7443.333333333333,1.0,4.966666666666667,248.11111111111111
low,27,7,Multi-feature k-means,0.9395224950161023,6865.333333333333,1.0,4.626666666666667,228.84444444444443
low,27,7,Offline teacher,0.9298297911326777,7432.0,1.0,4.96,247.73333333333332
low,27,8,No grouping,0.9366666666666666,7500.0,1.0,5.0,250.0
low,27,8,CQI k-means,0.9436454134627326,7092.0,1.0,4.76,236.4
low,27,8,Resource-cost k-means,0.9380236452103463,7420.666666666667,1.0,4.953333333333333,247.35555555555555
low,27,8,Multi-feature k-means,0.9469409327830969,6899.333333333333,1.0,4.6466666666666665,229.9777777777778
low,27,8,Offline teacher,0.9382174992880149,7409.333333333333,1.0,4.946666666666666,246.9777777777778
low,27,9,No grouping,0.9326666666666669,7500.0,1.0,5.0,250.0
low,27,9,CQI k-means,0.9415839542394174,6978.666666666667,1.0,4.693333333333333,232.62222222222223
low,27,9,Resource-cost k-means,0.9342174992880147,7409.333333333333,1.0,4.946666666666666,246.9777777777778
low,27,9,Multi-feature k-means,0.9450733276374501,6774.666666666667,1.0,4.573333333333333,225.82222222222222
low,27,9,Offline teacher,0.935574477831694,7330.0,1.0,4.9,244.33333333333334
low,27,10,No grouping,0.9340000000000002,7500.0,1.0,5.0,250.0
low,27,10,CQI k-means,0.9431111416504196,6967.333333333333,1.0,4.6866666666666665,232.24444444444444
low,27,10,Resource-cost k-means,0.9353569785436796,7420.666666666667,1.0,4.953333333333333,247.35555555555555
low,27,10,Multi-feature k-means,0.942917287572751,6978.666666666667,1.0,4.693333333333333,232.62222222222223
low,27,10,Offline teacher,0.9361323948543535,7375.333333333333,1.0,4.926666666666667,245.84444444444443
low,27,11,No grouping,0.9380000000000003,7500.0,1.0,5.0,250.0
low,27,11,CQI k-means,0.9560284292231696,6446.0,1.0,4.38,214.86666666666667
low,27,11,Resource-cost k-means,0.939163124466011,7432.0,1.0,4.96,247.73333333333332
low,27,11,Multi-feature k-means,0.9480804120387616,6910.666666666667,1.0,4.653333333333333,230.35555555555555
low,27,11,Offline teacher,0.9393569785436796,7420.666666666667,1.0,4.953333333333333,247.35555555555555
low,27,12,No grouping,0.9273333333333335,7500.0,1.0,5.0,250.0
low,27,12,CQI k-means,0.9368321831390897,6944.666666666667,1.0,4.673333333333333,231.48888888888888
low,27,12,Resource-cost k-means,0.928302603721676,7443.333333333333,1.0,4.966666666666667,248.11111111111111
low,27,12,Multi-feature k-means,0.9397399943041171,6774.666666666667,1.0,4.573333333333333,225.82222222222222
low,27,12,Offline teacher,0.92907802003235,7398.0,1.0,4.94,246.6
low,27,13,No grouping,0.9333333333333336,7500.0,1.0,5.0,250.0
low,27,13,CQI k-means,0.9426383290614211,6956.0,1.0,4.68,231.86666666666667
low,27,13,Resource-cost k-means,0.9354657281876869,7375.333333333333,1.0,4.926666666666667,245.84444444444443
low,27,13,Multi-feature k-means,0.9455461402264486,6786.0,1.0,4.58,226.2
low,27,13,Offline teacher,0.9358534363430238,7352.666666666667,1.0,4.913333333333333,245.0888888888889
low,27,14,No grouping,0.9313333333333337,7500.0,1.0,5.0,250.0
low,27,14,CQI k-means,0.9386997882847362,7069.333333333333,1.0,4.746666666666667,235.64444444444445
low,27,14,Resource-cost k-means,0.9321087496440076,7454.666666666667,1.0,4.973333333333334,248.48888888888888
low,27,14,Multi-feature k-means,0.9441277024594539,6752.0,1.0,4.56,225.06666666666666
low,27,14,Offline teacher,0.9326903118770129,7420.666666666667,1.0,4.953333333333333,247.35555555555555
low,27,15,No grouping,0.9286666666666668,7500.0,1.0,5.0,250.0
low,27,15,CQI k-means,0.9385532246277599,6922.0,1.0,4.66,230.73333333333332
low,27,15,Resource-cost k-means,0.9315744778316942,7330.0,1.0,4.9,244.33333333333334
low,27,15,Multi-feature k-means,0.9319621859870311,7307.333333333333,1.0,4.886666666666667,243.57777777777778
low,27,15,Offline teacher,0.9319621859870311,7307.333333333333,1.0,4.886666666666667,243.57777777777778
low,27,16,No grouping,0.9300000000000002,7500.0,1.0,5.0,250.0
low,27,16,CQI k-means,0.9387234334950822,6990.0,1.0,4.7,233.0
low,27,16,Resource-cost k-means,0.9317446866990167,7398.0,1.0,4.94,246.6
low,27,16,Multi-feature k-means,0.9408558283494358,6865.333333333333,1.0,4.626666666666667,228.84444444444443
low,27,16,Offline teacher,0.9332955193203645,7307.333333333333,1.0,4.886666666666667,243.57777777777778
low,27,17,No grouping,0.9386666666666668,7500.0,1.0,5.0,250.0
low,27,17,CQI k-means,0.9458392675404009,7080.666666666667,1.0,4.753333333333333,236.0222222222222
low,27,17,Resource-cost k-means,0.9404113533656835,7398.0,1.0,4.94,246.6
low,27,17,Multi-feature k-means,0.9520425980257928,6718.0,1.0,4.54,223.93333333333334
low,27,17,Offline teacher,0.9421560400646996,7296.0,1.0,4.88,243.2
low,27,18,No grouping,0.9326666666666669,7500.0,1.0,5.0,250.0
low,27,18,CQI k-means,0.9435224950161023,6865.333333333333,1.0,4.626666666666667,228.84444444444443
low,27,18,Resource-cost k-means,0.9340236452103462,7420.666666666667,1.0,4.953333333333333,247.35555555555555
low,27,18,Multi-feature k-means,0.9441040572491078,6831.333333333333,1.0,4.6066666666666665,227.7111111111111
low,27,18,Offline teacher,0.9357683319093627,7318.666666666667,1.0,4.8933333333333335,243.95555555555555
low,27,19,No grouping,0.9306666666666669,7500.0,1.0,5.0,250.0
low,27,19,CQI k-means,0.937839267540401,7080.666666666667,1.0,4.753333333333333,236.0222222222222
low,27,19,Resource-cost k-means,0.9322174992880148,7409.333333333333,1.0,4.946666666666666,246.9777777777778
low,27,19,Multi-feature k-means,0.9322174992880148,7409.333333333333,1.0,4.946666666666666,246.9777777777778
low,27,19,Offline teacher,0.9322174992880148,7409.333333333333,1.0,4.946666666666666,246.9777777777778
low,28,0,No grouping,0.9333333333333336,7500.0,1.0,5.0,250.0
low,28,0,CQI k-means,0.9410874964400733,7046.666666666667,1.0,4.733333333333333,234.88888888888889
low,28,0,Resource-cost k-means,0.9358534363430238,7352.666666666667,1.0,4.913333333333333,245.0888888888889
low,28,0,Multi-feature k-means,0.9442128068931154,6786.0,1.0,4.58,226.2
low,28,0,Offline teacher,0.9358770815533698,7273.333333333333,1.0,4.866666666666666,242.44444444444446
low,28,1,No grouping,0.9360000000000003,7500.0,1.0,5.0,250.0
low,28,1,CQI k-means,0.9441418712620769,7024.0,1.0,4.72,234.13333333333333
low,28,1,Resource-cost k-means,0.9367754163106742,7454.666666666667,1.0,4.973333333333334,248.48888888888888
low,28,1,Multi-feature k-means,0.9507329099028053,6638.666666666667,1.0,4.493333333333333,221.2888888888889
low,28,1,Offline teacher,0.9367754163106742,7454.666666666667,1.0,4.973333333333334,248.48888888888888
low,28,2,No grouping,0.9280000000000002,7500.0,1.0,5.0,250.0
low,28,2,CQI k-means,0.9380804120387618,6910.666666666667,1.0,4.653333333333333,230.35555555555555
low,28,2,Resource-cost k-means,0.9295508326213481,7409.333333333333,1.0,4.946666666666666,246.9777777777778
low,28,2,Multi-feature k-means,0.9402128068931154,6786.0,1.0,4.58,226.2
low,28,2,Offline teacher,0.930326248932022,7364.0,1.0,4.92,245.46666666666667
low,28,3,No grouping,0.9273333333333335,7500.0,1.0,5.0,250.0
low,28,3,CQI k-means,0.9381891616827689,6865.333333333333,1.0,4.626666666666667,228.84444444444443
low,28,3,Resource-cost k-means,0.9294657281876867,7375.333333333333,1.0,4.926666666666667,245.84444444444443
low,28,3,Multi-feature k-means,0.9401277024594541,6752.0,1.0,4.56,225.06666666666666
low,28,3,Offline teacher,0.9306288526536978,7307.333333333333,1.0,4.886666666666667,243.57777777777778
low,28,4,No grouping,0.9340000000000002,7500.0,1.0,5.0,250.0
low,28,4,CQI k-means,0.9405910386407288,7114.666666666667,1.0,4.773333333333333,237.15555555555557
low,28,4,Resource-cost k-means,0.9340000000000002,7500.0,1.0,5.0,250.0
low,28,4,Multi-feature k-means,0.9431111416504196,6967.333333333333,1.0,4.6866666666666665,232.24444444444444
low,28,4,Offline teacher,0.9351631244660111,7432.0,1.0,4.96,247.73333333333332
low,28,5,No grouping,0.9380000000000003,7500.0,1.0,5.0,250.0
low,28,5,CQI k-means,0.9558345751455011,6457.333333333333,1.0,4.386666666666667,215.24444444444444
low,28,5,Resource-cost k-means,0.9387754163106738,7454.666666666667,1.0,4.973333333333334,248.48888888888888
low,28,5,Multi-feature k-means,0.9486619742717672,6876.666666666667,1.0,4.633333333333334,229.22222222222223
low,28,5,Offline teacher,0.9389692703883425,7443.333333333333,1.0,4.966666666666667,248.11111111111111
low,28,6,No grouping,0.9366666666666671,7500.0,1.0,5.0,250.0
low,28,6,CQI k-means,0.9550828040451732,6423.333333333333,1.0,4.366666666666666,214.11111111111111
low,28,6,Resource-cost k-means,0.9372482288996722,7466.0,1.0,4.98,248.86666666666667
low,28,6,Multi-feature k-means,0.9510118684141351,6661.333333333333,1.0,4.506666666666667,222.04444444444445
low,28,6,Offline teacher,0.937442082977341,7454.666666666667,1.0,4.973333333333334,248.48888888888888
low,28,7,No grouping,0.9340000000000002,7500.0,1.0,5.0,250.0
low,28,7,CQI k-means,0.9411726008737343,7080.666666666667,1.0,4.753333333333333,236.0222222222222
low,28,7,Resource-cost k-means,0.9340000000000002,7500.0,1.0,5.0,250.0
low,28,7,Multi-feature k-means,0.947375931359126,6718.0,1.0,4.54,223.93333333333334
low,28,7,Offline teacher,0.935938540776685,7386.666666666667,1.0,4.933333333333334,246.22222222222223
low,28,8,No grouping,0.9306666666666669,7500.0,1.0,5.0,250.0
low,28,8,CQI k-means,0.9382269756957381,7058.0,1.0,4.74,235.26666666666668
low,28,8,Resource-cost k-means,0.9324113533656831,7398.0,1.0,4.94,246.6
low,28,8,Multi-feature k-means,0.9401655164724227,6944.666666666667,1.0,4.673333333333333,231.48888888888888
low,28,8,Offline teacher,0.9324113533656834,7398.0,1.0,4.94,246.6
low,28,9,No grouping,0.9326666666666669,7500.0,1.0,5.0,250.0
low,28,9,CQI k-means,0.9404208297734065,7046.666666666667,1.0,4.733333333333333,234.88888888888889
low,28,9,Resource-cost k-means,0.9344113533656833,7398.0,1.0,4.94,246.6
low,28,9,Multi-feature k-means,0.9347990615210203,7375.333333333333,1.0,4.926666666666667,245.84444444444443
low,28,9,Offline teacher,0.9347990615210203,7375.333333333333,1.0,4.926666666666667,245.84444444444443
low,28,10,No grouping,0.9313333333333337,7500.0,1.0,5.0,250.0
low,28,10,CQI k-means,0.9402506209060842,6978.666666666667,1.0,4.693333333333333,232.62222222222223
low,28,10,Resource-cost k-means,0.9323026037216758,7443.333333333333,1.0,4.966666666666667,248.11111111111111
low,28,10,Multi-feature k-means,0.9431584320711117,6808.666666666667,1.0,4.593333333333334,226.95555555555555
low,28,10,Offline teacher,0.9326903118770129,7420.666666666667,1.0,4.953333333333333,247.35555555555555
low,28,11,No grouping,0.9386666666666671,7500.0,1.0,5.0,250.0
low,28,11,CQI k-means,0.9454515593850641,7103.333333333333,1.0,4.766666666666667,236.77777777777777
low,28,11,Resource-cost k-means,0.9386666666666671,7500.0,1.0,5.0,250.0
low,28,11,Multi-feature k-means,0.948940932783097,6899.333333333333,1.0,4.6466666666666665,229.9777777777778
low,28,11,Offline teacher,0.9402174992880148,7409.333333333333,1.0,4.946666666666666,246.9777777777778
low,28,12,No grouping,0.9280000000000003,7500.0,1.0,5.0,250.0
low,28,12,CQI k-means,0.9361418712620769,7024.0,1.0,4.72,234.13333333333333
low,28,12,Resource-cost k-means,0.9280000000000003,7500.0,1.0,5.0,250.0
low,28,12,Multi-feature k-means,0.9376927038834247,6933.333333333333,1.0,4.666666666666667,231.11111111111111
low,28,12,Offline teacher,0.9301323948543537,7375.333333333333,1.0,4.926666666666667,245.84444444444443
low,28,13,No grouping,0.9313333333333337,7500.0,1.0,5.0,250.0
low,28,13,CQI k-means,0.9394752045954101,7024.0,1.0,4.72,234.13333333333333
low,28,13,Resource-cost k-means,0.9323026037216757,7443.333333333333,1.0,4.966666666666667,248.11111111111111
low,28,13,Multi-feature k-means,0.9439338483817854,6763.333333333333,1.0,4.566666666666666,225.44444444444446
low,28,13,Offline teacher,0.9328841659546815,7409.333333333333,1.0,4.946666666666666,246.9777777777778
low,28,14,No grouping,0.9386666666666668,7500.0,1.0,5.0,250.0
low,28,14,CQI k-means,0.9475839542394175,6978.666666666667,1.0,4.693333333333333,232.62222222222223
low,28,14,Resource-cost k-means,0.9398297911326777,7432.0,1.0,4.96,247.73333333333332
low,28,14,Multi-feature k-means,0.9514610357927872,6752.0,1.0,4.56,225.06666666666666
low,28,14,Offline teacher,0.9398534363430238,7352.666666666667,1.0,4.913333333333333,245.0888888888889
low,28,15,No grouping,0.9313333333333337,7500.0,1.0,5.0,250.0
low,28,15,CQI k-means,0.938699788284736,7069.333333333333,1.0,4.746666666666667,235.64444444444445
low,28,15,Resource-cost k-means,0.9321087496440076,7454.666666666667,1.0,4.973333333333334,248.48888888888888
low,28,15,Multi-feature k-means,0.9452908269254646,6684.0,1.0,4.52,222.8
low,28,15,Offline teacher,0.9326903118770129,7420.666666666667,1.0,4.953333333333333,247.35555555555555
low,28,16,No grouping,0.9286666666666668,7500.0,1.0,5.0,250.0
low,28,16,CQI k-means,0.9494090529771951,6287.333333333333,1.0,4.286666666666667,209.57777777777778
low,28,16,Resource-cost k-means,0.9290543748220038,7477.333333333333,1.0,4.986666666666666,249.24444444444444
low,28,16,Multi-feature k-means,0.9410733276374501,6774.666666666667,1.0,4.573333333333333,225.82222222222222
low,28,16,Offline teacher,0.9290543748220038,7477.333333333333,1.0,4.986666666666666,249.24444444444444
low,28,17,No grouping,0.9333333333333337,7500.0,1.0,5.0,250.0
low,28,17,CQI k-means,0.9422506209060842,6978.666666666667,1.0,4.693333333333333,232.62222222222223
low,28,17,Resource-cost k-means,0.9344964577993444,7432.0,1.0,4.96,247.73333333333332
low,28,17,Multi-feature k-means,0.9463215565371225,6740.666666666667,1.0,4.553333333333334,224.6888888888889
low,28,17,Offline teacher,0.9344964577993444,7432.0,1.0,4.96,247.73333333333332
low,28,18,No grouping,0.9360000000000003,7500.0,1.0,5.0,250.0
low,28,18,CQI k-means,0.9447234334950825,6990.0,1.0,4.7,233.0
low,28,18,Resource-cost k-means,0.9371631244660111,7432.0,1.0,4.96,247.73333333333332
low,28,18,Multi-feature k-means,0.9495697854367946,6706.666666666667,1.0,4.533333333333333,223.55555555555554
low,28,18,Offline teacher,0.9373569785436797,7420.666666666667,1.0,4.953333333333333,247.35555555555555
low,28,19,No grouping,0.9293333333333336,7500.0,1.0,5.0,250.0
low,28,19,CQI k-means,0.9390260372167583,6933.333333333333,1.0,4.666666666666667,231.11111111111111
low,28,19,Resource-cost k-means,0.9310780200323499,7398.0,1.0,4.94,246.6
low,28,19,Multi-feature k-means,0.943290826925465,6684.0,1.0,4.52,222.8
low,28,19,Offline teacher,0.9322647897087069,7250.666666666667,1.0,4.8533333333333335,241.6888888888889
low,29,0,No grouping,0.9253333333333335,7500.0,1.0,5.0,250.0
low,29,0,CQI k-means,0.935026037216758,6933.333333333333,1.0,4.666666666666667,231.11111111111111
low,29,0,Resource-cost k-means,0.9272718741100184,7386.666666666667,1.0,4.933333333333334,246.22222222222223
low,29,0,Multi-feature k-means,0.9358014535274322,6888.0,1.0,4.64,229.6
low,29,0,Offline teacher,0.927465728187687,7375.333333333333,1.0,4.926666666666667,245.84444444444443
low,29,1,No grouping,0.932,7500.0,1.0,5.0,250.0
low,29,1,CQI k-means,0.9401418712620769,7024.0,1.0,4.72,234.13333333333333
low,29,1,Resource-cost k-means,0.932,7500.0,1.0,5.0,250.0
low,29,1,Multi-feature k-means,0.9440545554913439,6744.666666666667,1.0,4.56,224.82222222222222
low,29,1,Offline teacher,0.9337446866990164,7398.0,1.0,4.94,246.6
low,29,2,No grouping,0.934666666666667,7500.0,1.0,5.0,250.0
low,29,2,CQI k-means,0.9420331216180693,7069.333333333333,1.0,4.746666666666667,235.64444444444445
low,29,2,Resource-cost k-means,0.9356359370550092,7443.333333333333,1.0,4.966666666666667,248.11111111111111
low,29,2,Multi-feature k-means,0.9447470787054285,6910.666666666667,1.0,4.653333333333333,230.35555555555555
low,29,2,Offline teacher,0.9358297911326777,7432.0,1.0,4.96,247.73333333333332
low,29,3,No grouping,0.9293333333333336,7500.0,1.0,5.0,250.0
low,29,3,CQI k-means,0.9368936423624048,7058.0,1.0,4.74,235.26666666666668
low,29,3,Resource-cost k-means,0.9303026037216758,7443.333333333333,1.0,4.966666666666667,248.11111111111111
low,29,3,Multi-feature k-means,0.9434846810031331,6672.666666666667,1.0,4.513333333333334,222.42222222222222
low,29,3,Offline teacher,0.9310780200323499,7398.0,1.0,4.94,246.6
low,29,4,No grouping,0.9273333333333337,7500.0,1.0,5.0,250.0
low,29,4,CQI k-means,0.9345059342070677,7080.666666666667,1.0,4.753333333333333,236.0222222222222
low,29,4,Resource-cost k-means,0.9288841659546815,7409.333333333333,1.0,4.946666666666666,246.9777777777778
low,29,4,Multi-feature k-means,0.9378250987377783,6808.666666666667,1.0,4.593333333333334,226.95555555555555
low,29,4,Offline teacher,0.930288434919053,7171.333333333333,1.0,4.806666666666667,239.04444444444445
low,29,5,No grouping,0.9326666666666669,7500.0,1.0,5.0,250.0
low,29,5,CQI k-means,0.9402269756957382,7058.0,1.0,4.74,235.26666666666668
low,29,5,Resource-cost k-means,0.9344113533656834,7398.0,1.0,4.94,246.6
low,29,5,Multi-feature k-means,0.9425532246277599,6922.0,1.0,4.66,230.73333333333332
low,29,5,Offline teacher,0.9351867696763572,7352.666666666667,1.0,4.913333333333333,245.0888888888889
low,29,6,No grouping,0.9373333333333335,7500.0,1.0,5.0,250.0
low,29,6,CQI k-means,0.9458629127507472,7001.333333333333,1.0,4.706666666666667,233.37777777777777
low,29,6,Resource-cost k-means,0.9373333333333335,7500.0,1.0,5.0,250.0
low,29,6,Multi-feature k-means,0.9476075994497635,6899.333333333333,1.0,4.6466666666666665,229.9777777777778
low,29,6,Offline teacher,0.9404349985760293,7318.666666666667,1.0,4.8933333333333335,243.95555555555555
low,29,7,No grouping,0.9293333333333336,7500.0,1.0,5.0,250.0
low,29,7,CQI k-means,0.9398014535274322,6888.0,1.0,4.64,229.6
low,29,7,Resource-cost k-means,0.930302603721676,7443.333333333333,1.0,4.966666666666667,248.11111111111111
low,29,7,Multi-feature k-means,0.9446478054691441,6604.666666666667,1.0,4.473333333333334,220.15555555555557
low,29,7,Offline teacher,0.9308841659546814,7409.333333333333,1.0,4.946666666666666,246.9777777777778
low,29,8,No grouping,0.9393333333333336,7500.0,1.0,5.0,250.0
low,29,8,CQI k-means,0.9461182260517308,7103.333333333333,1.0,4.766666666666667,236.77777777777777
low,29,8,Resource-cost k-means,0.9408841659546814,7409.333333333333,1.0,4.946666666666666,246.9777777777778
low,29,8,Multi-feature k-means,0.9476690586730786,7012.666666666667,1.0,4.713333333333333,233.75555555555556
low,29,8,Offline teacher,0.9414657281876867,7375.333333333333,1.0,4.926666666666667,245.84444444444443
low,29,9,No grouping,0.9300000000000004,7500.0,1.0,5.0,250.0
low,29,9,CQI k-means,0.9375603090290715,7058.0,1.0,4.74,235.26666666666668
low,29,9,Resource-cost k-means,0.9317446866990167,7398.0,1.0,4.94,246.6
low,29,9,Multi-feature k-means,0.9414373905824411,6831.333333333333,1.0,4.6066666666666665,227.7111111111111
low,29,9,Offline teacher,0.9325201030096905,7352.666666666667,1.0,4.913333333333333,245.0888888888889
low,29,10,No grouping,0.9333333333333336,7500.0,1.0,5.0,250.0
low,29,10,CQI k-means,0.9424444749837528,6967.333333333333,1.0,4.6866666666666665,232.24444444444444
low,29,10,Resource-cost k-means,0.9352718741100183,7386.666666666667,1.0,4.933333333333334,246.22222222222223
low,29,10,Multi-feature k-means,0.9457399943041169,6774.666666666667,1.0,4.573333333333333,225.82222222222222
low,29,10,Offline teacher,0.9360472904206922,7341.333333333333,1.0,4.906666666666666,244.7111111111111
low,29,11,No grouping,0.9313333333333337,7500.0,1.0,5.0,250.0
low,29,11,CQI k-means,0.9404444749837529,6967.333333333333,1.0,4.6866666666666665,232.24444444444444
low,29,11,Resource-cost k-means,0.9332718741100183,7386.666666666667,1.0,4.933333333333334,246.22222222222223
low,29,11,Multi-feature k-means,0.9456785350808017,6661.333333333333,1.0,4.506666666666667,222.04444444444445
low,29,11,Offline teacher,0.9334657281876868,7375.333333333333,1.0,4.926666666666667,245.84444444444443
low,29,12,No grouping,0.9333333333333336,7500.0,1.0,5.0,250.0
low,29,12,CQI k-means,0.9408936423624048,7058.0,1.0,4.74,235.26666666666668
low,29,12,Resource-cost k-means,0.9341087496440075,7454.666666666667,1.0,4.973333333333334,248.48888888888888
low,29,12,Multi-feature k-means,0.9474846810031333,6672.666666666667,1.0,4.513333333333334,222.42222222222222
low,29,12,Offline teacher,0.9356595822653554,7364.0,1.0,4.92,245.46666666666667
low,29,13,No grouping,0.9340000000000002,7500.0,1.0,5.0,250.0
low,29,13,CQI k-means,0.9423357253397453,7012.666666666667,1.0,4.713333333333333,233.75555555555556
low,29,13,Resource-cost k-means,0.9340000000000002,7500.0,1.0,5.0,250.0
low,29,13,Multi-feature k-means,0.9456548898704557,6740.666666666667,1.0,4.553333333333334,224.6888888888889
low,29,13,Offline teacher,0.9357446866990167,7398.0,1.0,4.94,246.6
low,29,14,No grouping,0.9280000000000003,7500.0,1.0,5.0,250.0
low,29,14,CQI k-means,0.9386619742717673,6876.666666666667,1.0,4.633333333333334,229.22222222222223
low,29,14,Resource-cost k-means,0.9285815622330057,7466.0,1.0,4.98,248.86666666666667
low,29,14,Multi-feature k-means,0.9425390558251369,6650.0,1.0,4.5,221.66666666666666
low,29,14,Offline teacher,0.9293569785436796,7420.666666666667,1.0,4.953333333333333,247.35555555555555
low,29,15,No grouping,0.9240000000000002,7500.0,1.0,5.0,250.0
low,29,15,CQI k-means,0.9331111416504194,6967.333333333333,1.0,4.6866666666666665,232.24444444444444
low,29,15,Resource-cost k-means,0.9240000000000002,7500.0,1.0,5.0,250.0
low,29,15,Multi-feature k-means,0.9389267639804738,6627.333333333333,1.0,4.486666666666666,220.9111111111111
low,29,15,Offline teacher,0.9247754163106741,7454.666666666667,1.0,4.973333333333334,248.48888888888888
low,29,16,No grouping,0.9306666666666669,7500.0,1.0,5.0,250.0
low,29,16,CQI k-means,0.9399716623947544,6956.0,1.0,4.68,231.86666666666667
low,29,16,Resource-cost k-means,0.9327990615210202,7375.333333333333,1.0,4.926666666666667,245.84444444444443
low,29,16,Multi-feature k-means,0.9421040572491078,6831.333333333333,1.0,4.6066666666666665,227.7111111111111
low,29,16,Offline teacher,0.9333806237540255,7341.333333333333,1.0,4.906666666666666,244.7111111111111
low,29,17,No grouping,0.9353333333333335,7500.0,1.0,5.0,250.0
low,29,17,CQI k-means,0.9438629127507471,7001.333333333333,1.0,4.706666666666667,233.37777777777777
low,29,17,Resource-cost k-means,0.9372718741100184,7386.666666666667,1.0,4.933333333333334,246.22222222222223
low,29,17,Multi-feature k-means,0.9454137453720951,6910.666666666667,1.0,4.653333333333333,230.35555555555555
low,29,17,Offline teacher,0.9374657281876868,7375.333333333333,1.0,4.926666666666667,245.84444444444443
low,29,18,No grouping,0.9280000000000002,7500.0,1.0,5.0,250.0
low,29,18,CQI k-means,0.9351726008737343,7080.666666666667,1.0,4.753333333333333,236.0222222222222
low,29,18,Resource-cost k-means,0.929163124466011,7432.0,1.0,4.96,247.73333333333332
low,29,18,Multi-feature k-means,0.9307290266701733,6413.333333333333,1.0,4.386666666666667,213.77777777777777
low,29,18,Offline teacher,0.929163124466011,7432.0,1.0,4.96,247.73333333333332
low,29,19,No grouping,0.9340000000000002,7500.0,1.0,5.0,250.0
low,29,19,CQI k-means,0.9425295794174139,7001.333333333333,1.0,4.706666666666667,233.37777777777777
low,29,19,Resource-cost k-means,0.9353569785436796,7420.666666666667,1.0,4.953333333333333,247.35555555555555
low,29,19,Multi-feature k-means,0.9436927038834249,6933.333333333333,1.0,4.666666666666667,231.11111111111111
low,29,19,Offline teacher,0.9357446866990164,7398.0,1.0,4.94,246.6
low,30,0,No grouping,0.9253333333333335,7500.0,1.0,5.0,250.0
low,30,0,CQI k-means,0.9344444749837528,6967.333333333333,1.0,4.6866666666666665,232.24444444444444
low,30,0,Resource-cost k-means,0.9268841659546814,7409.333333333333,1.0,4.946666666666666,246.9777777777778
low,30,0,Multi-feature k-means,0.9394846810031333,6672.666666666667,1.0,4.513333333333334,222.42222222222222
low,30,0,Offline teacher,0.9271016652426958,7318.666666666667,1.0,4.8933333333333335,243.95555555555555
low,30,1,No grouping,0.9353333333333335,7500.0,1.0,5.0,250.0
low,30,1,CQI k-means,0.9426997882847362,7069.333333333333,1.0,4.746666666666667,235.64444444444445
low,30,1,Resource-cost k-means,0.9366903118770131,7420.666666666667,1.0,4.953333333333333,247.35555555555555
low,30,1,Multi-feature k-means,0.946189161682769,6865.333333333333,1.0,4.626666666666667,228.84444444444443
low,30,1,Offline teacher,0.937465728187687,7375.333333333333,1.0,4.926666666666667,245.84444444444443
low,30,2,No grouping,0.9300000000000002,7500.0,1.0,5.0,250.0
low,30,2,CQI k-means,0.9373664549514028,7069.333333333333,1.0,4.746666666666667,235.64444444444445
low,30,2,Resource-cost k-means,0.9300000000000002,7500.0,1.0,5.0,250.0
low,30,2,Multi-feature k-means,0.9391111416504196,6967.333333333333,1.0,4.6866666666666665,232.24444444444444
low,30,2,Offline teacher,0.9325673934303829,7194.0,1.0,4.82,239.8
low,30,3,No grouping,0.9360000000000003,7500.0,1.0,5.0,250.0
low,30,3,CQI k-means,0.9456927038834247,6933.333333333333,1.0,4.666666666666667,231.11111111111111
low,30,3,Resource-cost k-means,0.9375508326213481,7409.333333333333,1.0,4.946666666666666,246.9777777777778
low,30,3,Multi-feature k-means,0.9478250987377781,6808.666666666667,1.0,4.593333333333334,226.95555555555555
low,30,3,Offline teacher,0.9383262489320218,7364.0,1.0,4.92,245.46666666666667
low,30,4,No grouping,0.9286666666666668,7500.0,1.0,5.0,250.0
low,30,4,CQI k-means,0.9352577053073956,7114.666666666667,1.0,4.773333333333333,237.15555555555557
low,30,4,Resource-cost k-means,0.9292482288996723,7466.0,1.0,4.98,248.86666666666667
low,30,4,Multi-feature k-means,0.9435300298075094,6401.333333333333,1.0,4.366666666666666,213.37777777777777
low,30,4,Offline teacher,0.9292955193203646,7307.333333333333,1.0,4.886666666666667,243.57777777777778
low,30,5,No grouping,0.9353333333333335,7500.0,1.0,5.0,250.0
low,30,5,CQI k-means,0.9434752045954102,7024.0,1.0,4.72,234.13333333333333
low,30,5,Resource-cost k-means,0.9368841659546816,7409.333333333333,1.0,4.946666666666666,246.9777777777778
low,30,5,Multi-feature k-means,0.9487329099028052,6638.666666666667,1.0,4.493333333333333,221.2888888888889
low,30,5,Offline teacher,0.9368841659546814,7409.333333333333,1.0,4.946666666666666,246.9777777777778
low,30,6,No grouping,0.9326666666666669,7500.0,1.0,5.0,250.0
low,30,6,CQI k-means,0.941390100161749,6990.0,1.0,4.7,233.0
low,30,6,Resource-cost k-means,0.9342174992880147,7409.333333333333,1.0,4.946666666666666,246.9777777777778
low,30,6,Multi-feature k-means,0.9435224950161023,6865.333333333333,1.0,4.626666666666667,228.84444444444443
low,30,6,Offline teacher,0.9353806237540256,7341.333333333333,1.0,4.906666666666666,244.7111111111111
low,30,7,No grouping,0.9193333333333336,7500.0,1.0,5.0,250.0
low,30,7,CQI k-means,0.9282506209060841,6978.666666666667,1.0,4.693333333333333,232.62222222222223
low,30,7,Resource-cost k-means,0.9204964577993443,7432.0,1.0,4.96,247.73333333333332
low,30,7,Multi-feature k-means,0.9286383290614212,6956.0,1.0,4.68,231.86666666666667
low,30,7,Offline teacher,0.9241040572491079,6831.333333333333,1.0,4.6066666666666665,227.7111111111111
low,30,8,No grouping,0.930666666666667,7500.0,1.0,5.0,250.0
low,30,8,CQI k-means,0.9399716623947544,6956.0,1.0,4.68,231.86666666666667
low,30,8,Resource-cost k-means,0.9322174992880148,7409.333333333333,1.0,4.946666666666666,246.9777777777778
low,30,8,Multi-feature k-means,0.945787284724809,6616.0,1.0,4.48,220.53333333333333
low,30,8,Offline teacher,0.9322174992880148,7409.333333333333,1.0,4.946666666666666,246.9777777777778
low,30,9,No grouping,0.9313333333333337,7500.0,1.0,5.0,250.0
low,30,9,CQI k-means,0.9513003033331877,6332.666666666667,1.0,4.3133333333333335,211.0888888888889
low,30,9,Resource-cost k-means,0.9313333333333337,7500.0,1.0,5.0,250.0
low,30,9,Multi-feature k-means,0.9454846810031334,6672.666666666667,1.0,4.513333333333334,222.42222222222222
low,30,9,Offline teacher,0.9334657281876868,7375.333333333333,1.0,4.926666666666667,245.84444444444443
low,30,10,No grouping,0.9293333333333336,7500.0,1.0,5.0,250.0
low,30,10,CQI k-means,0.9384444749837528,6967.333333333333,1.0,4.6866666666666665,232.24444444444444
low,30,10,Resource-cost k-means,0.9306903118770132,7420.666666666667,1.0,4.953333333333333,247.35555555555555
low,30,10,Multi-feature k-means,0.9438723891584702,6650.0,1.0,4.5,221.66666666666666
low,30,10,Offline teacher,0.9312718741100184,7386.666666666667,1.0,4.933333333333334,246.22222222222223
low,30,11,No grouping,0.9300000000000004,7500.0,1.0,5.0,250.0
low,30,11,CQI k-means,0.9375603090290715,7058.0,1.0,4.74,235.26666666666668
low,30,11,Resource-cost k-means,0.9307754163106743,7454.666666666667,1.0,4.973333333333334,248.48888888888888
low,30,11,Multi-feature k-means,0.9414373905824411,6831.333333333333,1.0,4.6066666666666665,227.7111111111111
low,30,11,Offline teacher,0.9325201030096905,7352.666666666667,1.0,4.913333333333333,245.0888888888889
low,30,12,No grouping,0.9320000000000003,7500.0,1.0,5.0,250.0
low,30,12,CQI k-means,0.9389787467960657,7092.0,1.0,4.76,236.4
low,30,12,Resource-cost k-means,0.9327754163106742,7454.666666666667,1.0,4.973333333333334,248.48888888888888
low,30,12,Multi-feature k-means,0.9459574935921314,6684.0,1.0,4.52,222.8
low,30,12,Offline teacher,0.9329692703883425,7443.333333333333,1.0,4.966666666666667,248.11111111111111
low,30,13,No grouping,0.9300000000000002,7500.0,1.0,5.0,250.0
low,30,13,CQI k-means,0.9394988498057564,6944.666666666667,1.0,4.673333333333333,231.48888888888888
low,30,13,Resource-cost k-means,0.9300000000000002,7500.0,1.0,5.0,250.0
low,30,13,Multi-feature k-means,0.9398865579610932,6922.0,1.0,4.66,230.73333333333332
low,30,13,Offline teacher,0.9323262489320219,7364.0,1.0,4.92,245.46666666666667
low,30,14,No grouping,0.9300000000000002,7500.0,1.0,5.0,250.0
low,30,14,CQI k-means,0.938917287572751,6978.666666666667,1.0,4.693333333333333,232.62222222222223
low,30,14,Resource-cost k-means,0.9300000000000002,7500.0,1.0,5.0,250.0
low,30,14,Multi-feature k-means,0.9435697854367944,6706.666666666667,1.0,4.533333333333333,223.55555555555554
low,30,14,Offline teacher,0.931938540776685,7386.666666666667,1.0,4.933333333333334,246.22222222222223
low,30,15,No grouping,0.9326666666666669,7500.0,1.0,5.0,250.0
low,30,15,CQI k-means,0.9392577053073956,7114.666666666667,1.0,4.773333333333333,237.15555555555557
low,30,15,Resource-cost k-means,0.9336359370550094,7443.333333333333,1.0,4.966666666666667,248.11111111111111
low,30,15,Multi-feature k-means,0.9410023920064121,7012.666666666667,1.0,4.713333333333333,233.75555555555556
low,30,15,Offline teacher,0.9354042689643717,7262.0,1.0,4.86,242.06666666666666
low,30,16,No grouping,0.9413333333333337,7500.0,1.0,5.0,250.0
low,30,16,CQI k-means,0.9492813505177418,7035.333333333333,1.0,4.726666666666667,234.51111111111112
low,30,16,Resource-cost k-means,0.9440472904206924,7341.333333333333,1.0,4.906666666666666,244.7111111111111
low,30,16,Multi-feature k-means,0.9523830157604376,6854.0,1.0,4.62,228.46666666666667
low,30,16,Offline teacher,0.9446524978640441,7228.0,1.0,4.84,240.93333333333334
low,30,17,No grouping,0.9313333333333337,7500.0,1.0,5.0,250.0
low,30,17,CQI k-means,0.9390874964400733,7046.666666666667,1.0,4.733333333333333,234.88888888888889
low,30,17,Resource-cost k-means,0.9336595822653554,7364.0,1.0,4.92,245.46666666666667
low,30,17,Multi-feature k-means,0.9346288526536978,7307.333333333333,1.0,4.886666666666667,243.57777777777778
low,30,17,Offline teacher,0.9338534363430239,7352.666666666667,1.0,4.913333333333333,245.0888888888889
low,30,18,No grouping,0.9273333333333337,7500.0,1.0,5.0,250.0
low,30,18,CQI k-means,0.937413745372095,6910.666666666667,1.0,4.653333333333333,230.35555555555555
low,30,18,Resource-cost k-means,0.9294657281876869,7375.333333333333,1.0,4.926666666666667,245.84444444444443
low,30,18,Multi-feature k-means,0.9416785350808016,6661.333333333333,1.0,4.506666666666667,222.04444444444445
low,30,18,Offline teacher,0.9310165608090347,7284.666666666667,1.0,4.873333333333333,242.82222222222222
low,30,19,No grouping,0.9293333333333336,7500.0,1.0,5.0,250.0
low,30,19,CQI k-means,0.9374752045954102,7024.0,1.0,4.72,234.13333333333333
low,30,19,Resource-cost k-means,0.9293333333333336,7500.0,1.0,5.0,250.0
low,30,19,Multi-feature k-means,0.9378629127507471,7001.333333333333,1.0,4.706666666666667,233.37777777777777
low,30,19,Offline teacher,0.9320472904206923,7341.333333333333,1.0,4.906666666666666,244.7111111111111
mid_v2,1,0,No grouping,0.6838508447506849,3000.0,1.0,3.0,100.0
mid_v2,1,0,CQI k-means,0.732354685955714,3819.0,1.0,3.12,127.3
mid_v2,1,0,Resource-cost k-means,0.82452971459008,5140.666666666667,1.0,3.6933333333333334,171.35555555555555
mid_v2,1,0,Multi-feature k-means,0.7946783769934571,4796.666666666667,1.0,3.533333333333333,159.88888888888889
mid_v2,1,0,Offline teacher,0.8245297145900801,5140.666666666667,1.0,3.6933333333333334,171.35555555555555
mid_v2,1,1,No grouping,0.6845175114173516,3000.0,1.0,3.0,100.0
mid_v2,1,1,CQI k-means,0.7004576975369218,3764.6666666666665,1.0,3.0533333333333332,125.4888888888889
mid_v2,1,1,Resource-cost k-means,0.7378282045569649,4277.666666666667,1.0,3.2733333333333334,142.5888888888889
mid_v2,1,1,Multi-feature k-means,0.7352842580663151,4166.0,1.0,3.24,138.86666666666667
mid_v2,1,1,Offline teacher,0.7735541866876378,5271.333333333333,0.9933333333333333,3.7181208053691277,175.7111111111111
mid_v2,1,2,No grouping,0.6865175114173516,3000.0,1.0,3.0,100.0
mid_v2,1,2,CQI k-means,0.6961491412708178,3707.3333333333335,1.0,3.026666666666667,123.57777777777778
mid_v2,1,2,Resource-cost k-means,0.7237482576256014,4077.0,1.0,3.18,135.9
mid_v2,1,2,Multi-feature k-means,0.7260004788674409,4051.3333333333335,1.0,3.1866666666666665,135.04444444444445
mid_v2,1,2,Offline teacher,0.7667410827522965,3933.3333333333335,1.0,3.28,131.11111111111111
mid_v2,1,3,No grouping,0.685850844750685,3000.0,1.0,3.0,100.0
mid_v2,1,3,CQI k-means,0.74004967455367,3833.0,1.0,3.14,127.76666666666667
mid_v2,1,3,Resource-cost k-means,0.7777527081951456,4624.666666666667,1.0,3.453333333333333,154.15555555555557
mid_v2,1,3,Multi-feature k-means,0.7459942892917497,4232.0,1.0,3.28,141.06666666666666
mid_v2,1,3,Offline teacher,0.820080208938509,5485.0,1.0,3.82,182.83333333333334
mid_v2,1,4,No grouping,0.6851841780840182,3000.0,1.0,3.0,100.0
mid_v2,1,4,CQI k-means,0.7223585892680034,3994.0,1.0,3.16,133.13333333333333
mid_v2,1,4,Resource-cost k-means,0.7770860415284789,4624.666666666667,1.0,3.453333333333333,154.15555555555557
mid_v2,1,4,Multi-feature k-means,0.7522099268646265,4338.0,1.0,3.32,144.6
mid_v2,1,4,Offline teacher,0.8119126020578723,5026.0,1.0,3.64,167.53333333333333
mid_v2,1,5,No grouping,0.6731841780840182,3000.0,1.0,3.0,100.0
mid_v2,1,5,CQI k-means,0.6999700860705363,3736.0,1.0,3.04,124.53333333333333
mid_v2,1,5,Resource-cost k-means,0.6731841780840182,3000.0,1.0,3.0,100.0
mid_v2,1,5,Multi-feature k-means,0.6731841780840182,3000.0,1.0,3.0,100.0
mid_v2,1,5,Offline teacher,0.7397718695327005,4194.666666666667,1.0,3.2533333333333334,139.82222222222222
mid_v2,1,6,No grouping,0.6878508447506849,3000.0,1.0,3.0,100.0
mid_v2,1,6,CQI k-means,0.6878508447506849,3000.0,1.0,3.0,100.0
mid_v2,1,6,Resource-cost k-means,0.7054799886082337,4978.666666666667,1.0,3.4133333333333336,165.95555555555555
mid_v2,1,6,Multi-feature k-means,0.6878508447506849,3000.0,1.0,3.0,100.0
mid_v2,1,6,Offline teacher,0.7354182029123647,4785.0,1.0,3.42,159.5
mid_v2,1,7,No grouping,0.683850844750685,3000.0,1.0,3.0,100.0
mid_v2,1,7,CQI k-means,0.7032356100703386,3592.6666666666665,1.0,2.986666666666667,119.75555555555556
mid_v2,1,7,Resource-cost k-means,0.7270855686751095,4680.0,1.0,3.36,156.0
mid_v2,1,7,Multi-feature k-means,0.7288462007343889,4022.6666666666665,1.0,3.1733333333333333,134.0888888888889
mid_v2,1,7,Offline teacher,0.758026999276636,5232.666666666667,0.9866666666666667,3.7162162162162162,174.42222222222222
mid_v2,1,8,No grouping,0.6798508447506848,3000.0,1.0,3.0,100.0
mid_v2,1,8,CQI k-means,0.6941986954052769,3592.6666666666665,1.0,2.973333333333333,119.75555555555556
mid_v2,1,8,Resource-cost k-means,0.6934205332326258,4435.0,1.0,3.22,147.83333333333334
mid_v2,1,8,Multi-feature k-means,0.7514137591321374,4252.0,1.0,3.28,141.73333333333332
mid_v2,1,8,Offline teacher,0.7514137591321376,4252.0,1.0,3.28,141.73333333333332
mid_v2,1,9,No grouping,0.6891841780840182,3000.0,1.0,3.0,100.0
mid_v2,1,9,CQI k-means,0.719212483419088,3459.3333333333335,1.0,3.0,115.31111111111112
mid_v2,1,9,Resource-cost k-means,0.7457223153982414,4309.333333333333,1.0,3.3066666666666666,143.64444444444445
mid_v2,1,9,Multi-feature k-means,0.7158709778016185,3965.3333333333335,1.0,3.1466666666666665,132.17777777777778
mid_v2,1,9,Offline teacher,0.7977475747012539,5380.0,1.0,3.76,179.33333333333334
mid_v2,1,10,No grouping,0.6831841780840183,3000.0,1.0,3.0,100.0
mid_v2,1,10,CQI k-means,0.6993034194038699,3736.0,1.0,3.04,124.53333333333333
mid_v2,1,10,Resource-cost k-means,0.7147524683738025,4645.0,1.0,3.34,154.83333333333334
mid_v2,1,10,Multi-feature k-means,0.7391052028660338,4194.666666666667,1.0,3.2533333333333334,139.82222222222222
mid_v2,1,10,Offline teacher,0.754978086926602,4658.666666666667,1.0,3.4133333333333336,155.2888888888889
mid_v2,1,11,No grouping,0.6765175114173516,3000.0,1.0,3.0,100.0
mid_v2,1,11,CQI k-means,0.7062029779642667,3420.0,1.0,3.02,114.0
mid_v2,1,11,Resource-cost k-means,0.7765984300620936,4596.0,1.0,3.44,153.2
mid_v2,1,11,Multi-feature k-means,0.7624451285659618,4400.0,1.0,3.3666666666666667,146.66666666666666
mid_v2,1,11,Offline teacher,0.8214135422718424,5485.0,1.0,3.82,182.83333333333334
mid_v2,1,12,No grouping,0.683850844750685,3000.0,1.0,3.0,100.0
mid_v2,1,12,CQI k-means,0.683850844750685,3000.0,1.0,3.0,100.0
mid_v2,1,12,Resource-cost k-means,0.7254186689764168,4715.0,1.0,3.38,157.16666666666666
mid_v2,1,12,Multi-feature k-means,0.7585184831307303,4395.333333333333,1.0,3.3466666666666667,146.51111111111112
mid_v2,1,12,Offline teacher,0.7757489728934107,5170.0,1.0,3.64,172.33333333333334
mid_v2,1,13,No grouping,0.683850844750685,3000.0,1.0,3.0,100.0
mid_v2,1,13,CQI k-means,0.6926863068716621,3621.3333333333335,1.0,2.986666666666667,120.71111111111111
mid_v2,1,13,Resource-cost k-means,0.7523889820649079,4309.333333333333,1.0,3.3066666666666666,143.64444444444445
mid_v2,1,13,Multi-feature k-means,0.7150748100691294,3879.3333333333335,1.0,3.1066666666666665,129.3111111111111
mid_v2,1,13,Offline teacher,0.7847487398613847,5205.0,1.0,3.66,173.5
mid_v2,1,14,No grouping,0.6778508447506849,3000.0,1.0,3.0,100.0
mid_v2,1,14,CQI k-means,0.6872234724725068,3535.3333333333335,1.0,2.9466666666666668,117.84444444444445
mid_v2,1,14,Resource-cost k-means,0.7050865008032141,4540.0,1.0,3.28,151.33333333333334
mid_v2,1,14,Multi-feature k-means,0.7220500330018997,3936.6666666666665,1.0,3.1333333333333333,131.22222222222223
mid_v2,1,14,Offline teacher,0.7425558179118206,5026.333333333333,0.9933333333333333,3.577181208053691,167.54444444444445
mid_v2,1,15,No grouping,0.6831841780840182,3000.0,1.0,3.0,100.0
mid_v2,1,15,CQI k-means,0.6895320287386103,3592.6666666666665,1.0,2.973333333333333,119.75555555555556
mid_v2,1,15,Resource-cost k-means,0.6831841780840182,3000.0,1.0,3.0,100.0
mid_v2,1,15,Multi-feature k-means,0.7268462007343889,4022.6666666666665,1.0,3.1733333333333333,134.0888888888889
mid_v2,1,15,Offline teacher,0.7602255207841438,4586.0,0.9933333333333333,3.4496644295302015,152.86666666666667
mid_v2,1,16,No grouping,0.6778508447506849,3000.0,1.0,3.0,100.0
mid_v2,1,16,CQI k-means,0.7057910308702551,3764.6666666666665,1.0,3.0533333333333332,125.4888888888889
mid_v2,1,16,Resource-cost k-means,0.7206994025872208,4086.6666666666665,1.0,3.1733333333333333,136.22222222222223
mid_v2,1,16,Multi-feature k-means,0.7381299799332632,4137.333333333333,1.0,3.2266666666666666,137.9111111111111
mid_v2,1,16,Offline teacher,0.7654153492163981,4618.666666666667,1.0,3.4133333333333336,153.95555555555555
mid_v2,1,17,No grouping,0.6765175114173517,3000.0,1.0,3.0,100.0
mid_v2,1,17,CQI k-means,0.7023281964710993,3678.6666666666665,1.0,3.013333333333333,122.62222222222222
mid_v2,1,17,Resource-cost k-means,0.6954908122749697,4128.0,1.0,3.12,137.6
mid_v2,1,17,Multi-feature k-means,0.7371547570004927,4080.0,1.0,3.2,136.0
mid_v2,1,17,Offline teacher,0.7570556487315746,4309.333333333333,1.0,3.3066666666666666,143.64444444444445
mid_v2,1,18,No grouping,0.43126972502582106,1500.0,1.0,2.0,50.0
mid_v2,1,18,CQI k-means,0.6332015235906157,2540.0,1.0,2.6933333333333334,84.66666666666667
mid_v2,1,18,Resource-cost k-means,0.7418905494373106,4817.666666666667,1.0,3.433333333333333,160.5888888888889
mid_v2,1,18,Multi-feature k-means,0.759966518652499,4415.333333333333,1.0,3.3466666666666667,147.17777777777778
mid_v2,1,18,Offline teacher,0.7846140239816111,4844.0,0.9933333333333333,3.5704697986577183,161.46666666666667
mid_v2,1,19,No grouping,0.6851841780840182,3000.0,1.0,3.0,100.0
mid_v2,1,19,CQI k-means,0.6984576975369217,3764.6666666666665,1.0,3.0533333333333332,125.4888888888889
mid_v2,1,19,Resource-cost k-means,0.6859041669828362,3860.6666666666665,1.0,3.0533333333333332,128.6888888888889
mid_v2,1,19,Multi-feature k-means,0.7222101166842043,4064.0,1.0,3.1933333333333334,135.46666666666667
mid_v2,1,19,Offline teacher,0.7967478077332801,5345.0,1.0,3.74,178.16666666666666
mid_v2,2,0,No grouping,0.6931841780840182,3000.0,1.0,3.0,100.0
mid_v2,2,0,CQI k-means,0.7261795340677223,4022.6666666666665,1.0,3.1733333333333333,134.0888888888889
mid_v2,2,0,Resource-cost k-means,0.80578310099205,4940.0,1.0,3.6,164.66666666666666
mid_v2,2,0,Multi-feature k-means,0.7734441519290417,4567.333333333333,1.0,3.4266666666666667,152.24444444444444
mid_v2,2,0,Offline teacher,0.8218630479234134,5140.666666666667,1.0,3.6933333333333334,171.35555555555555
mid_v2,2,1,No grouping,0.6771841780840183,3000.0,1.0,3.0,100.0
mid_v2,2,1,CQI k-means,0.7319640096637237,3896.0,1.0,3.14,129.86666666666667
mid_v2,2,1,Resource-cost k-means,0.7380848695790313,4785.0,1.0,3.42,159.5
mid_v2,2,1,Multi-feature k-means,0.7487470924654709,4252.0,1.0,3.28,141.73333333333332
mid_v2,2,1,Offline teacher,0.8009869332595609,4854.0,1.0,3.56,161.8
mid_v2,2,2,No grouping,0.6771841780840183,3000.0,1.0,3.0,100.0
mid_v2,2,2,CQI k-means,0.7313338122007741,4051.3333333333335,1.0,3.1866666666666665,135.04444444444445
mid_v2,2,2,Resource-cost k-means,0.7344184359443906,4750.0,1.0,3.4,158.33333333333334
mid_v2,2,2,Multi-feature k-means,0.7437718695327004,4194.666666666667,1.0,3.2533333333333334,139.82222222222222
mid_v2,2,2,Offline teacher,0.8047435250474334,4931.333333333333,1.0,3.5866666666666664,164.37777777777777
mid_v2,2,3,No grouping,0.6865175114173517,3000.0,1.0,3.0,100.0
mid_v2,2,3,CQI k-means,0.7681108185957084,4567.333333333333,1.0,3.4266666666666667,152.24444444444444
mid_v2,2,3,Resource-cost k-means,0.7564170377522341,4960.0,1.0,3.52,165.33333333333334
mid_v2,2,3,Multi-feature k-means,0.7681108185957084,4567.333333333333,1.0,3.4266666666666667,152.24444444444444
mid_v2,2,3,Offline teacher,0.7967478077332801,5345.0,1.0,3.74,178.16666666666666
mid_v2,2,4,No grouping,0.4259363916924877,1500.0,1.0,2.0,50.0
mid_v2,2,4,CQI k-means,0.7187808705313686,3716.3333333333335,1.0,3.0533333333333332,123.87777777777778
mid_v2,2,4,Resource-cost k-means,0.7505348720923778,4824.0,0.98,3.5918367346938775,160.8
mid_v2,2,4,Multi-feature k-means,0.7437578656974435,4312.0,1.0,3.28,143.73333333333332
mid_v2,2,4,Offline teacher,0.764541619678936,4882.0,1.0,3.48,162.73333333333332
mid_v2,2,5,No grouping,0.6878508447506849,3000.0,1.0,3.0,100.0
mid_v2,2,5,CQI k-means,0.6999700860705363,3736.0,1.0,3.04,124.53333333333333
mid_v2,2,5,Resource-cost k-means,0.7571851497973968,4395.333333333333,1.0,3.3466666666666667,146.51111111111112
mid_v2,2,5,Multi-feature k-means,0.7273338122007741,4051.3333333333335,1.0,3.1866666666666665,135.04444444444445
mid_v2,2,5,Offline teacher,0.7970813740986396,5310.0,1.0,3.72,177.0
mid_v2,2,6,No grouping,0.6811841780840183,3000.0,1.0,3.0,100.0
mid_v2,2,6,CQI k-means,0.6967532476961577,3597.3333333333335,1.0,2.973333333333333,119.91111111111111
mid_v2,2,6,Resource-cost k-means,0.7388329919412621,4323.333333333333,1.0,3.2666666666666666,144.11111111111111
mid_v2,2,6,Multi-feature k-means,0.714099587136359,3822.0,1.0,3.08,127.4
mid_v2,2,6,Offline teacher,0.7736595524706557,4724.666666666667,1.0,3.453333333333333,157.48888888888888
mid_v2,2,7,No grouping,0.6831841780840183,3000.0,1.0,3.0,100.0
mid_v2,2,7,CQI k-means,0.705226982931456,3260.6666666666665,1.0,2.96,108.68888888888888
mid_v2,2,7,Resource-cost k-means,0.7901907655270719,4768.0,1.0,3.52,158.93333333333334
mid_v2,2,7,Multi-feature k-means,0.7354633132665966,4137.333333333333,1.0,3.2266666666666666,137.9111111111111
mid_v2,2,7,Offline teacher,0.8100916572581537,4997.333333333333,1.0,3.6266666666666665,166.57777777777778
mid_v2,2,8,No grouping,0.6718508447506849,3000.0,1.0,3.0,100.0
mid_v2,2,8,CQI k-means,0.7205740324678118,3868.0,1.0,3.1,128.93333333333334
mid_v2,2,8,Resource-cost k-means,0.7289343267477143,4211.0,1.0,3.22,140.36666666666667
mid_v2,2,8,Multi-feature k-means,0.7439509247329817,4166.0,1.0,3.24,138.86666666666667
mid_v2,2,8,Offline teacher,0.7887487398613845,5205.0,1.0,3.66,173.5
mid_v2,2,9,No grouping,0.6825175114173515,3000.0,1.0,3.0,100.0
mid_v2,2,9,CQI k-means,0.7127662538030256,3822.0,1.0,3.08,127.4
mid_v2,2,9,Resource-cost k-means,0.739987270074314,4352.0,1.0,3.28,145.06666666666666
mid_v2,2,9,Multi-feature k-means,0.7500804257988043,4252.0,1.0,3.28,141.73333333333332
mid_v2,2,9,Offline teacher,0.7746851245800154,4850.666666666667,1.0,3.493333333333333,161.6888888888889
mid_v2,2,10,No grouping,0.6831841780840183,3000.0,1.0,3.0,100.0
mid_v2,2,10,CQI k-means,0.7014329204696923,3822.0,1.0,3.08,127.4
mid_v2,2,10,Resource-cost k-means,0.7557503710855673,4960.0,1.0,3.52,165.33333333333334
mid_v2,2,10,Multi-feature k-means,0.7213338122007742,4051.3333333333335,1.0,3.1866666666666665,135.04444444444445
mid_v2,2,10,Offline teacher,0.7772206203222782,5306.333333333333,0.9933333333333333,3.738255033557047,176.87777777777777
mid_v2,2,11,No grouping,0.6865175114173516,3000.0,1.0,3.0,100.0
mid_v2,2,11,CQI k-means,0.6865175114173516,3000.0,1.0,3.0,100.0
mid_v2,2,11,Resource-cost k-means,0.7017531674698808,4540.0,1.0,3.28,151.33333333333334
mid_v2,2,11,Multi-feature k-means,0.7313338122007742,4051.3333333333335,1.0,3.1866666666666665,135.04444444444445
mid_v2,2,11,Offline teacher,0.7412842580663151,4166.0,1.0,3.24,138.86666666666667
mid_v2,2,12,No grouping,0.6725175114173516,3000.0,1.0,3.0,100.0
mid_v2,2,12,CQI k-means,0.7631851497973969,4395.333333333333,1.0,3.3466666666666667,146.51111111111112
mid_v2,2,12,Resource-cost k-means,0.8278630479234131,5140.666666666667,1.0,3.6933333333333334,171.35555555555555
mid_v2,2,12,Multi-feature k-means,0.7855736529948641,4653.333333333333,1.0,3.466666666666667,155.11111111111111
mid_v2,2,12,Offline teacher,0.8353258823225691,5226.666666666667,1.0,3.7333333333333334,174.22222222222223
mid_v2,2,13,No grouping,0.6791841780840182,3000.0,1.0,3.0,100.0
mid_v2,2,13,CQI k-means,0.6946863068716622,3621.3333333333335,1.0,2.986666666666667,120.71111111111111
mid_v2,2,13,Resource-cost k-means,0.7077531674698808,4540.0,1.0,3.28,151.33333333333334
mid_v2,2,13,Multi-feature k-means,0.6791841780840182,3000.0,1.0,3.0,100.0
mid_v2,2,13,Offline teacher,0.7639325584375574,4776.666666666667,0.9866666666666667,3.554054054054054,159.22222222222223
mid_v2,2,14,No grouping,0.683850844750685,3000.0,1.0,3.0,100.0
mid_v2,2,14,CQI k-means,0.7225376444682851,3965.3333333333335,1.0,3.1466666666666665,132.17777777777778
mid_v2,2,14,Resource-cost k-means,0.7921907655270718,4768.0,1.0,3.52,158.93333333333334
mid_v2,2,14,Multi-feature k-means,0.7573642049976784,4366.666666666667,1.0,3.3333333333333335,145.55555555555554
mid_v2,2,14,Offline teacher,0.8071164343253834,4940.0,1.0,3.6,164.66666666666666
mid_v2,2,15,No grouping,0.6798508447506849,3000.0,1.0,3.0,100.0
mid_v2,2,15,CQI k-means,0.714099587136359,3822.0,1.0,3.08,127.4
mid_v2,2,15,Resource-cost k-means,0.7044198341365474,4540.0,1.0,3.28,151.33333333333334
mid_v2,2,15,Multi-feature k-means,0.6798508447506849,3000.0,1.0,3.0,100.0
mid_v2,2,15,Offline teacher,0.7688270393968343,4452.666666666667,1.0,3.3733333333333335,148.42222222222222
mid_v2,2,16,No grouping,0.6838508447506849,3000.0,1.0,3.0,100.0
mid_v2,2,16,CQI k-means,0.6988158079374845,3707.3333333333335,1.0,3.026666666666667,123.57777777777778
mid_v2,2,16,Resource-cost k-means,0.7185599859743605,4268.666666666667,1.0,3.2133333333333334,142.2888888888889
mid_v2,2,16,Multi-feature k-means,0.7435928143324188,4223.333333333333,1.0,3.2666666666666666,140.77777777777777
mid_v2,2,16,Offline teacher,0.7585184831307304,4395.333333333333,1.0,3.3466666666666667,146.51111111111112
mid_v2,2,17,No grouping,0.6865175114173516,3000.0,1.0,3.0,100.0
mid_v2,2,17,CQI k-means,0.708945309003307,3793.3333333333335,1.0,3.066666666666667,126.44444444444444
mid_v2,2,17,Resource-cost k-means,0.7687288632560206,4542.0,1.0,3.4,151.4
mid_v2,2,17,Multi-feature k-means,0.7636727612637821,4424.0,1.0,3.36,147.46666666666667
mid_v2,2,17,Offline teacher,0.8063877997732611,5538.666666666667,1.0,3.8133333333333335,184.62222222222223
mid_v2,2,18,No grouping,0.6871841780840182,3000.0,1.0,3.0,100.0
mid_v2,2,18,CQI k-means,0.6951243642035885,3764.6666666666665,1.0,3.0533333333333332,125.4888888888889
mid_v2,2,18,Resource-cost k-means,0.7330846365470052,4820.0,1.0,3.44,160.66666666666666
mid_v2,2,18,Multi-feature k-means,0.6871841780840182,3000.0,1.0,3.0,100.0
mid_v2,2,18,Offline teacher,0.7758682054257112,4828.0,1.0,3.52,160.93333333333334
mid_v2,2,19,No grouping,0.6878508447506849,3000.0,1.0,3.0,100.0
mid_v2,2,19,CQI k-means,0.6989948631377659,3678.6666666666665,1.0,3.013333333333333,122.62222222222222
mid_v2,2,19,Resource-cost k-means,0.751234703931856,4280.666666666667,1.0,3.2933333333333334,142.6888888888889
mid_v2,2,19,Multi-feature k-means,0.741284258066315,4166.0,1.0,3.24,138.86666666666667
mid_v2,2,19,Offline teacher,0.7960117103267905,4796.666666666667,1.0,3.533333333333333,159.88888888888889
mid_v2,3,0,No grouping,0.6911841780840183,3000.0,1.0,3.0,100.0
mid_v2,3,0,CQI k-means,0.6911841780840183,3000.0,1.0,3.0,100.0
mid_v2,3,0,Resource-cost k-means,0.7673154459053496,4664.666666666667,1.0,3.453333333333333,155.48888888888888
mid_v2,3,0,Multi-feature k-means,0.7150252559346704,3994.0,1.0,3.16,133.13333333333333
mid_v2,3,0,Offline teacher,0.8181088412619314,5613.333333333333,1.0,3.8666666666666667,187.11111111111111
mid_v2,3,1,No grouping,0.6905175114173516,3000.0,1.0,3.0,100.0
mid_v2,3,1,CQI k-means,0.7195128674010556,4022.6666666666665,1.0,3.1733333333333333,134.0888888888889
mid_v2,3,1,Resource-cost k-means,0.7593146508632196,4481.333333333333,1.0,3.3866666666666667,149.37777777777777
mid_v2,3,1,Multi-feature k-means,0.7468765935312932,4338.0,1.0,3.32,144.6
mid_v2,3,1,Offline teacher,0.8090668801909243,5054.666666666667,1.0,3.6533333333333333,168.48888888888888
mid_v2,3,2,No grouping,0.6791841780840182,3000.0,1.0,3.0,100.0
mid_v2,3,2,CQI k-means,0.7366175913996483,4166.0,1.0,3.24,138.86666666666667
mid_v2,3,2,Resource-cost k-means,0.7764697240384014,4693.333333333333,1.0,3.466666666666667,156.44444444444446
mid_v2,3,2,Multi-feature k-means,0.7664689289962713,4510.0,1.0,3.4,150.33333333333334
mid_v2,3,2,Offline teacher,0.8064142413679207,5380.0,1.0,3.76,179.33333333333334
mid_v2,3,3,No grouping,0.6831841780840183,3000.0,1.0,3.0,100.0
mid_v2,3,3,CQI k-means,0.7132538652694109,3850.6666666666665,1.0,3.0933333333333333,128.35555555555555
mid_v2,3,3,Resource-cost k-means,0.7274186689764168,4715.0,1.0,3.38,157.16666666666666
mid_v2,3,3,Multi-feature k-means,0.745592814332419,4223.333333333333,1.0,3.2666666666666666,140.77777777777777
mid_v2,3,3,Offline teacher,0.7675744480369944,4834.0,0.9866666666666667,3.581081081081081,161.13333333333333
mid_v2,3,4,No grouping,0.6811841780840183,3000.0,1.0,3.0,100.0
mid_v2,3,4,CQI k-means,0.6877110839388918,3564.0,1.0,2.96,118.8
mid_v2,3,4,Resource-cost k-means,0.6962358357887395,3962.0,1.0,3.08,132.06666666666666
mid_v2,3,4,Multi-feature k-means,0.7200500330018997,3936.6666666666665,1.0,3.1333333333333333,131.22222222222223
mid_v2,3,4,Offline teacher,0.7300004788674408,4051.3333333333335,1.0,3.1866666666666665,135.04444444444445
mid_v2,3,5,No grouping,0.6971841780840183,3000.0,1.0,3.0,100.0
mid_v2,3,5,CQI k-means,0.7221829233237064,3413.3333333333335,1.0,2.986666666666667,113.77777777777777
mid_v2,3,5,Resource-cost k-means,0.748388982064908,4309.333333333333,1.0,3.3066666666666666,143.64444444444445
mid_v2,3,5,Multi-feature k-means,0.7085871986027441,3850.6666666666665,1.0,3.0933333333333333,128.35555555555555
mid_v2,3,5,Offline teacher,0.7907482737973323,5275.0,1.0,3.7,175.83333333333334
mid_v2,3,6,No grouping,0.6905175114173516,3000.0,1.0,3.0,100.0
mid_v2,3,6,CQI k-means,0.6961491412708178,3707.3333333333335,1.0,3.026666666666667,123.57777777777778
mid_v2,3,6,Resource-cost k-means,0.758339427930449,4424.0,1.0,3.36,147.46666666666667
mid_v2,3,6,Multi-feature k-means,0.7359509247329818,4166.0,1.0,3.24,138.86666666666667
mid_v2,3,6,Offline teacher,0.7931659884598423,4825.333333333333,1.0,3.546666666666667,160.84444444444443
mid_v2,3,7,No grouping,0.4299363916924877,1500.0,1.0,2.0,50.0
mid_v2,3,7,CQI k-means,0.7069020437049791,3627.6666666666665,1.0,3.006666666666667,120.92222222222222
mid_v2,3,7,Resource-cost k-means,0.7479764464075781,5202.666666666667,1.0,3.5733333333333333,173.42222222222222
mid_v2,3,7,Multi-feature k-means,0.6858874812640585,3952.0,1.0,3.06,131.73333333333332
mid_v2,3,7,Offline teacher,0.7541703004852465,5240.0,1.0,3.6,174.66666666666666
mid_v2,3,8,No grouping,0.6878508447506849,3000.0,1.0,3.0,100.0
mid_v2,3,8,CQI k-means,0.709741476735796,3879.3333333333335,1.0,3.1066666666666665,129.3111111111111
mid_v2,3,8,Resource-cost k-means,0.7570060945971154,4424.0,1.0,3.36,147.46666666666667
mid_v2,3,8,Multi-feature k-means,0.7545184831307303,4395.333333333333,1.0,3.3466666666666667,146.51111111111112
mid_v2,3,8,Offline teacher,0.7992954895256648,4911.333333333333,1.0,3.5866666666666664,163.7111111111111
mid_v2,3,9,No grouping,0.6785175114173516,3000.0,1.0,3.0,100.0
mid_v2,3,9,CQI k-means,0.7165871986027441,3850.6666666666665,1.0,3.0933333333333333,128.35555555555555
mid_v2,3,9,Resource-cost k-means,0.6970869668672663,4470.0,1.0,3.24,149.0
mid_v2,3,9,Multi-feature k-means,0.6785175114173516,3000.0,1.0,3.0,100.0
mid_v2,3,9,Offline teacher,0.7588765935312932,4338.0,1.0,3.32,144.6
mid_v2,3,10,No grouping,0.6798508447506849,3000.0,1.0,3.0,100.0
mid_v2,3,10,CQI k-means,0.6965072516713807,3650.0,1.0,3.0,121.66666666666667
mid_v2,3,10,Resource-cost k-means,0.6857540995979853,4400.0,1.0,3.2,146.66666666666666
mid_v2,3,10,Multi-feature k-means,0.7537223153982414,4309.333333333333,1.0,3.3066666666666666,143.64444444444445
mid_v2,3,10,Offline teacher,0.7537223153982414,4309.333333333333,1.0,3.3066666666666666,143.64444444444445
mid_v2,3,11,No grouping,0.6778508447506849,3000.0,1.0,3.0,100.0
mid_v2,3,11,CQI k-means,0.7012538652694109,3850.6666666666665,1.0,3.0933333333333333,128.35555555555555
mid_v2,3,11,Resource-cost k-means,0.7317513032136719,4820.0,1.0,3.44,160.66666666666666
mid_v2,3,11,Multi-feature k-means,0.6839533654713918,3415.3333333333335,1.0,2.953333333333333,113.84444444444445
mid_v2,3,11,Offline teacher,0.7684156395600773,5170.0,1.0,3.64,172.33333333333334
mid_v2,3,12,No grouping,0.6778508447506849,3000.0,1.0,3.0,100.0
mid_v2,3,12,CQI k-means,0.7245376444682851,3965.3333333333335,1.0,3.1466666666666665,132.17777777777778
mid_v2,3,12,Resource-cost k-means,0.796678376993457,4796.666666666667,1.0,3.533333333333333,159.88888888888889
mid_v2,3,12,Multi-feature k-means,0.7618518164640636,4395.333333333333,1.0,3.3466666666666667,146.51111111111112
mid_v2,3,12,Offline teacher,0.816579268724539,5026.0,1.0,3.64,167.53333333333333
mid_v2,3,13,No grouping,0.6791841780840182,3000.0,1.0,3.0,100.0
mid_v2,3,13,CQI k-means,0.6958405850047141,3650.0,1.0,3.0,121.66666666666667
mid_v2,3,13,Resource-cost k-means,0.7087529344378548,4575.0,1.0,3.3,152.5
mid_v2,3,13,Multi-feature k-means,0.7406175913996484,4166.0,1.0,3.24,138.86666666666667
mid_v2,3,13,Offline teacher,0.7431052028660338,4194.666666666667,1.0,3.2533333333333334,139.82222222222222
mid_v2,3,14,No grouping,0.6891841780840183,3000.0,1.0,3.0,100.0
mid_v2,3,14,CQI k-means,0.7371991696585699,3758.3333333333335,1.0,3.1133333333333333,125.27777777777777
mid_v2,3,14,Resource-cost k-means,0.7754163386561557,5065.0,1.0,3.58,168.83333333333334
mid_v2,3,14,Multi-feature k-means,0.7307560762413126,4082.6666666666665,1.0,3.2,136.0888888888889
mid_v2,3,14,Offline teacher,0.8056543949683578,5037.333333333333,1.0,3.6266666666666665,167.9111111111111
mid_v2,3,15,No grouping,0.6778508447506849,3000.0,1.0,3.0,100.0
mid_v2,3,15,CQI k-means,0.7056119756699736,3793.3333333333335,1.0,3.066666666666667,126.44444444444444
mid_v2,3,15,Resource-cost k-means,0.7274186689764169,4715.0,1.0,3.38,157.16666666666666
mid_v2,3,15,Multi-feature k-means,0.7354633132665965,4137.333333333333,1.0,3.2266666666666666,137.9111111111111
mid_v2,3,15,Offline teacher,0.7612215524503828,5166.333333333333,0.9933333333333333,3.6577181208053693,172.2111111111111
mid_v2,3,16,No grouping,0.6798508447506849,3000.0,1.0,3.0,100.0
mid_v2,3,16,CQI k-means,0.7177414767357961,3879.3333333333335,1.0,3.1066666666666665,129.3111111111111
mid_v2,3,16,Resource-cost k-means,0.7257522353417762,4680.0,1.0,3.36,156.0
mid_v2,3,16,Multi-feature k-means,0.6798508447506849,3000.0,1.0,3.0,100.0
mid_v2,3,16,Offline teacher,0.7859473573149444,4844.0,0.9933333333333333,3.5704697986577183,161.46666666666667
mid_v2,3,17,No grouping,0.6838508447506849,3000.0,1.0,3.0,100.0
mid_v2,3,17,CQI k-means,0.7235128674010556,4022.6666666666665,1.0,3.1733333333333333,134.0888888888889
mid_v2,3,17,Resource-cost k-means,0.7669928858039888,4724.666666666667,1.0,3.453333333333333,157.48888888888888
mid_v2,3,17,Multi-feature k-means,0.7023913123851693,3959.3333333333335,1.0,3.1066666666666665,131.9777777777778
mid_v2,3,17,Offline teacher,0.8044357638234598,5057.333333333333,1.0,3.6266666666666665,168.57777777777778
mid_v2,3,18,No grouping,0.6791841780840182,3000.0,1.0,3.0,100.0
mid_v2,3,18,CQI k-means,0.7119560048256166,4372.666666666667,1.0,3.44,145.75555555555556
mid_v2,3,18,Resource-cost k-means,0.7488485858607793,4572.666666666667,1.0,3.3733333333333335,152.42222222222222
mid_v2,3,18,Multi-feature k-means,0.760339427930449,4424.0,1.0,3.36,147.46666666666667
mid_v2,3,18,Offline teacher,0.7850818401626918,5240.0,1.0,3.68,174.66666666666666
mid_v2,3,19,No grouping,0.43393639169248766,1500.0,1.0,2.0,50.0
mid_v2,3,19,CQI k-means,0.6831443900522002,3450.3333333333335,1.0,2.9133333333333336,115.0111111111111
mid_v2,3,19,Resource-cost k-means,0.6878725678858787,4326.666666666667,0.9733333333333334,3.3698630136986303,144.22222222222223
mid_v2,3,19,Multi-feature k-means,0.6241080298667081,2673.3333333333335,1.0,2.7333333333333334,89.11111111111111
mid_v2,3,19,Offline teacher,0.7290851026110575,4750.0,1.0,3.4,158.33333333333334
mid_v2,4,0,No grouping,0.6878508447506849,3000.0,1.0,3.0,100.0
mid_v2,4,0,CQI k-means,0.7065053462207446,3569.3333333333335,1.0,2.993333333333333,118.97777777777777
mid_v2,4,0,Resource-cost k-means,0.7511365277910425,4370.0,1.0,3.32,145.66666666666666
mid_v2,4,0,Multi-feature k-means,0.7286671455341075,4051.3333333333335,1.0,3.1866666666666665,135.04444444444445
mid_v2,4,0,Offline teacher,0.7695092999830181,4700.666666666667,0.9933333333333333,3.5033557046979866,156.6888888888889
mid_v2,4,1,No grouping,0.6778508447506849,3000.0,1.0,3.0,100.0
mid_v2,4,1,CQI k-means,0.6943281964710993,3678.6666666666665,1.0,3.013333333333333,122.62222222222222
mid_v2,4,1,Resource-cost k-means,0.7084193680724952,4610.0,1.0,3.32,153.66666666666666
mid_v2,4,1,Multi-feature k-means,0.6778508447506849,3000.0,1.0,3.0,100.0
mid_v2,4,1,Offline teacher,0.757401345381141,4736.0,1.0,3.44,157.86666666666667
mid_v2,4,2,No grouping,0.6731841780840183,3000.0,1.0,3.0,100.0
mid_v2,4,2,CQI k-means,0.7139205319360775,3850.6666666666665,1.0,3.0933333333333333,128.35555555555555
mid_v2,4,2,Resource-cost k-means,0.7394182029123647,4785.0,1.0,3.42,159.5
mid_v2,4,2,Multi-feature k-means,0.6731841780840183,3000.0,1.0,3.0,100.0
mid_v2,4,2,Offline teacher,0.750016072786958,4300.666666666667,1.0,3.2933333333333334,143.35555555555555
mid_v2,4,3,No grouping,0.6858508447506849,3000.0,1.0,3.0,100.0
mid_v2,4,3,CQI k-means,0.7044576975369217,3764.6666666666665,1.0,3.0533333333333332,125.4888888888889
mid_v2,4,3,Resource-cost k-means,0.7537508371496195,4890.0,1.0,3.48,163.0
mid_v2,4,3,Multi-feature k-means,0.7042852052686306,3989.3333333333335,1.0,3.1133333333333333,132.9777777777778
mid_v2,4,3,Offline teacher,0.7862203872902521,5341.333333333333,0.9933333333333333,3.7583892617449663,178.04444444444445
mid_v2,4,4,No grouping,0.6905175114173516,3000.0,1.0,3.0,100.0
mid_v2,4,4,CQI k-means,0.7043101080894086,3193.3333333333335,1.0,2.9266666666666667,106.44444444444444
mid_v2,4,4,Resource-cost k-means,0.7868574321937386,4768.0,1.0,3.52,158.93333333333334
mid_v2,4,4,Multi-feature k-means,0.7545184831307304,4395.333333333333,1.0,3.3466666666666667,146.51111111111112
mid_v2,4,4,Offline teacher,0.7943202665928942,4854.0,1.0,3.56,161.8
mid_v2,4,5,No grouping,0.6771841780840182,3000.0,1.0,3.0,100.0
mid_v2,4,5,CQI k-means,0.7378214236671593,4080.0,1.0,3.2,136.0
mid_v2,4,5,Resource-cost k-means,0.8149373791251018,4968.666666666667,1.0,3.6133333333333333,165.62222222222223
mid_v2,4,5,Multi-feature k-means,0.7676727612637821,4424.0,1.0,3.36,147.46666666666667
mid_v2,4,5,Offline teacher,0.824887824990643,5083.333333333333,1.0,3.6666666666666665,169.44444444444446
mid_v2,4,6,No grouping,0.6831841780840182,3000.0,1.0,3.0,100.0
mid_v2,4,6,CQI k-means,0.721317427058213,4421.666666666667,1.0,3.48,147.38888888888889
mid_v2,4,6,Resource-cost k-means,0.7360848695790313,4785.0,1.0,3.42,159.5
mid_v2,4,6,Multi-feature k-means,0.740438536199367,4194.666666666667,1.0,3.2533333333333334,139.82222222222222
mid_v2,4,6,Offline teacher,0.7927482737973323,5275.0,1.0,3.7,175.83333333333334
mid_v2,4,7,No grouping,0.6831841780840182,3000.0,1.0,3.0,100.0
mid_v2,4,7,CQI k-means,0.7144081434024627,3879.3333333333335,1.0,3.1066666666666665,129.3111111111111
mid_v2,4,7,Resource-cost k-means,0.7274186689764169,4715.0,1.0,3.38,157.16666666666666
mid_v2,4,7,Multi-feature k-means,0.6831841780840182,3000.0,1.0,3.0,100.0
mid_v2,4,7,Offline teacher,0.7581116136378386,4748.0,0.9866666666666667,3.5405405405405403,158.26666666666668
mid_v2,4,8,No grouping,0.6818508447506849,3000.0,1.0,3.0,100.0
mid_v2,4,8,CQI k-means,0.7144081434024627,3879.3333333333335,1.0,3.1066666666666665,129.3111111111111
mid_v2,4,8,Resource-cost k-means,0.7078613937381825,4173.0,1.0,3.18,139.1
mid_v2,4,8,Multi-feature k-means,0.7492347039318561,4280.666666666667,1.0,3.2933333333333334,142.6888888888889
mid_v2,4,8,Offline teacher,0.7676883551832996,4672.0,0.9933333333333333,3.48993288590604,155.73333333333332
mid_v2,4,9,No grouping,0.6918508447506849,3000.0,1.0,3.0,100.0
mid_v2,4,9,CQI k-means,0.6918508447506849,3000.0,1.0,3.0,100.0
mid_v2,4,9,Resource-cost k-means,0.7018613937381827,4173.0,1.0,3.18,139.1
mid_v2,4,9,Multi-feature k-means,0.6918508447506849,3000.0,1.0,3.0,100.0
mid_v2,4,9,Offline teacher,0.7442222515464612,5061.333333333333,0.9933333333333333,3.597315436241611,168.7111111111111
mid_v2,4,10,No grouping,0.683850844750685,3000.0,1.0,3.0,100.0
mid_v2,4,10,CQI k-means,0.6863777506055585,3564.0,1.0,2.96,118.8
mid_v2,4,10,Resource-cost k-means,0.7167524683738024,4645.0,1.0,3.34,154.83333333333334
mid_v2,4,10,Multi-feature k-means,0.683850844750685,3000.0,1.0,3.0,100.0
mid_v2,4,10,Offline teacher,0.7607496719894891,5065.0,1.0,3.58,168.83333333333334
mid_v2,4,11,No grouping,0.6818508447506849,3000.0,1.0,3.0,100.0
mid_v2,4,11,CQI k-means,0.7455928143324188,4223.333333333333,1.0,3.2666666666666666,140.77777777777777
mid_v2,4,11,Resource-cost k-means,0.7903698207273533,4739.333333333333,1.0,3.506666666666667,157.9777777777778
mid_v2,4,11,Multi-feature k-means,0.7804193748618123,4624.666666666667,1.0,3.453333333333333,154.15555555555557
mid_v2,4,11,Offline teacher,0.8177335468575909,5054.666666666667,1.0,3.6533333333333333,168.48888888888888
mid_v2,4,12,No grouping,0.4326030583591544,1500.0,1.0,2.0,50.0
mid_v2,4,12,CQI k-means,0.7027467604398612,3532.0,1.0,2.98,117.73333333333333
mid_v2,4,12,Resource-cost k-means,0.7152243488346961,4746.333333333333,0.9933333333333333,3.4161073825503356,158.2111111111111
mid_v2,4,12,Multi-feature k-means,0.6281080298667081,2673.3333333333335,1.0,2.7333333333333334,89.11111111111111
mid_v2,4,12,Offline teacher,0.7501703004852466,5240.0,1.0,3.6,174.66666666666666
mid_v2,4,13,No grouping,0.6825175114173515,3000.0,1.0,3.0,100.0
mid_v2,4,13,CQI k-means,0.7238709778016182,3965.3333333333335,1.0,3.1466666666666665,132.17777777777778
mid_v2,4,13,Resource-cost k-means,0.7394182029123645,4785.0,1.0,3.42,159.5
mid_v2,4,13,Multi-feature k-means,0.6825175114173515,3000.0,1.0,3.0,100.0
mid_v2,4,13,Offline teacher,0.7895892469143814,4901.333333333333,0.9933333333333333,3.597315436241611,163.37777777777777
mid_v2,4,14,No grouping,0.43126972502582106,1500.0,1.0,2.0,50.0
mid_v2,4,14,CQI k-means,0.7087662538030256,3822.0,1.0,3.08,127.4
mid_v2,4,14,Resource-cost k-means,0.7473997552968805,4369.333333333333,1.0,3.3066666666666666,145.64444444444445
mid_v2,4,14,Multi-feature k-means,0.6551584855129107,3520.0,1.0,2.88,117.33333333333333
mid_v2,4,14,Offline teacher,0.7543605656419953,5197.666666666667,0.9866666666666667,3.695945945945946,173.25555555555556
mid_v2,4,15,No grouping,0.6818508447506849,3000.0,1.0,3.0,100.0
mid_v2,4,15,CQI k-means,0.7222290882021813,3908.0,1.0,3.12,130.26666666666668
mid_v2,4,15,Resource-cost k-means,0.7171138480120479,4112.333333333333,1.0,3.1666666666666665,137.07777777777778
mid_v2,4,15,Multi-feature k-means,0.7595432601979598,4338.0,1.0,3.32,144.6
mid_v2,4,15,Offline teacher,0.7804845229157885,4758.0,0.9933333333333333,3.530201342281879,158.6
mid_v2,4,16,No grouping,0.6765175114173516,3000.0,1.0,3.0,100.0
mid_v2,4,16,CQI k-means,0.7109453090033071,3793.3333333333335,1.0,3.066666666666667,126.44444444444444
mid_v2,4,16,Resource-cost k-means,0.7157068825731046,4179.333333333333,1.0,3.1866666666666665,139.3111111111111
mid_v2,4,16,Multi-feature k-means,0.7631851497973969,4395.333333333333,1.0,3.3466666666666667,146.51111111111112
mid_v2,4,16,Offline teacher,0.7632354989739863,4464.0,1.0,3.36,148.8
mid_v2,4,17,No grouping,0.6771841780840182,3000.0,1.0,3.0,100.0
mid_v2,4,17,CQI k-means,0.7439509247329816,4166.0,1.0,3.24,138.86666666666667
mid_v2,4,17,Resource-cost k-means,0.8160916572581537,4997.333333333333,1.0,3.6266666666666665,166.57777777777778
mid_v2,4,17,Multi-feature k-means,0.7937031540606866,4739.333333333333,1.0,3.506666666666667,157.9777777777778
mid_v2,4,17,Offline teacher,0.8247087697903613,5112.0,1.0,3.68,170.4
mid_v2,4,18,No grouping,0.6825175114173515,3000.0,1.0,3.0,100.0
mid_v2,4,18,CQI k-means,0.718537644468285,3965.3333333333335,1.0,3.1466666666666665,132.17777777777778
mid_v2,4,18,Resource-cost k-means,0.7804161056241297,5100.0,1.0,3.6,170.0
mid_v2,4,18,Multi-feature k-means,0.7619667608487716,4232.0,1.0,3.32,141.06666666666666
mid_v2,4,18,Offline teacher,0.8207468756051757,5485.0,1.0,3.82,182.83333333333334
mid_v2,4,19,No grouping,0.6771841780840183,3000.0,1.0,3.0,100.0
mid_v2,4,19,CQI k-means,0.7311547570004927,4080.0,1.0,3.2,136.0
mid_v2,4,19,Resource-cost k-means,0.7330851026110574,4750.0,1.0,3.4,158.33333333333334
mid_v2,4,19,Multi-feature k-means,0.7585184831307303,4395.333333333333,1.0,3.3466666666666667,146.51111111111112
mid_v2,4,19,Offline teacher,0.7908434283584818,4885.333333333333,1.0,3.546666666666667,162.84444444444443
mid_v2,5,0,No grouping,0.6871841780840183,3000.0,1.0,3.0,100.0
mid_v2,5,0,CQI k-means,0.6929948631377659,3678.6666666666665,1.0,3.013333333333333,122.62222222222222
mid_v2,5,0,Resource-cost k-means,0.7170855686751096,4680.0,1.0,3.36,156.0
mid_v2,5,0,Multi-feature k-means,0.7377718695327004,4194.666666666667,1.0,3.2533333333333334,139.82222222222222
mid_v2,5,0,Offline teacher,0.7787487398613845,5205.0,1.0,3.66,173.5
mid_v2,5,1,No grouping,0.6951841780840182,3000.0,1.0,3.0,100.0
mid_v2,5,1,CQI k-means,0.6951841780840183,3000.0,1.0,3.0,100.0
mid_v2,5,1,Resource-cost k-means,0.7407510701816459,4855.0,1.0,3.46,161.83333333333334
mid_v2,5,1,Multi-feature k-means,0.736438536199367,4194.666666666667,1.0,3.2533333333333334,139.82222222222222
mid_v2,5,1,Offline teacher,0.7774154065280513,5205.0,1.0,3.66,173.5
mid_v2,5,2,No grouping,0.6825175114173516,3000.0,1.0,3.0,100.0
mid_v2,5,2,CQI k-means,0.7125871986027441,3850.6666666666665,1.0,3.0933333333333333,128.35555555555555
mid_v2,5,2,Resource-cost k-means,0.6980867338352402,4505.0,1.0,3.26,150.16666666666666
mid_v2,5,2,Multi-feature k-means,0.6825175114173516,3000.0,1.0,3.0,100.0
mid_v2,5,2,Offline teacher,0.7598518164640637,4395.333333333333,1.0,3.3466666666666667,146.51111111111112
mid_v2,5,3,No grouping,0.6845175114173516,3000.0,1.0,3.0,100.0
mid_v2,5,3,CQI k-means,0.7176919226013369,3994.0,1.0,3.16,133.13333333333333
mid_v2,5,3,Resource-cost k-means,0.7980816071306658,5275.0,1.0,3.7,175.83333333333334
mid_v2,5,3,Multi-feature k-means,0.7249874746111942,4082.6666666666665,1.0,3.1866666666666665,136.0888888888889
mid_v2,5,3,Offline teacher,0.8017480407653061,5310.0,1.0,3.72,177.0
mid_v2,5,4,No grouping,0.6865175114173517,3000.0,1.0,3.0,100.0
mid_v2,5,4,CQI k-means,0.7034329204696923,3822.0,1.0,3.08,127.4
mid_v2,5,4,Resource-cost k-means,0.7427510701816457,4855.0,1.0,3.46,161.83333333333334
mid_v2,5,4,Multi-feature k-means,0.7482099268646264,4338.0,1.0,3.32,144.6
mid_v2,5,4,Offline teacher,0.7815892469143816,4901.333333333333,0.9933333333333333,3.597315436241611,163.37777777777777
mid_v2,5,5,No grouping,0.6845175114173516,3000.0,1.0,3.0,100.0
mid_v2,5,5,CQI k-means,0.8066715492960624,4213.333333333333,1.0,3.433333333333333,140.44444444444446
mid_v2,5,5,Resource-cost k-means,0.7752650967287603,4596.0,1.0,3.44,153.2
mid_v2,5,5,Multi-feature k-means,0.7510962242552015,4232.0,1.0,3.2933333333333334,141.06666666666666
mid_v2,5,5,Offline teacher,0.8127473416692279,5415.0,1.0,3.78,180.5
mid_v2,5,6,No grouping,0.6885175114173516,3000.0,1.0,3.0,100.0
mid_v2,5,6,CQI k-means,0.7391085921220176,3585.3333333333335,1.0,3.066666666666667,119.5111111111111
mid_v2,5,6,Resource-cost k-means,0.7702898737959899,4538.666666666667,1.0,3.4133333333333336,151.2888888888889
mid_v2,5,6,Multi-feature k-means,0.7328923543282979,4232.0,1.0,3.2666666666666666,141.06666666666666
mid_v2,5,6,Offline teacher,0.8026288228589982,4911.333333333333,1.0,3.5866666666666664,163.7111111111111
mid_v2,5,7,No grouping,0.6818508447506849,3000.0,1.0,3.0,100.0
mid_v2,5,7,CQI k-means,0.6824273047400174,3449.3333333333335,1.0,2.9066666666666667,114.97777777777777
mid_v2,5,7,Resource-cost k-means,0.6864207662646519,4400.0,1.0,3.2,146.66666666666666
mid_v2,5,7,Multi-feature k-means,0.7321795340677223,4022.6666666666665,1.0,3.1733333333333333,134.0888888888889
mid_v2,5,7,Offline teacher,0.7346671455341074,4051.3333333333335,1.0,3.1866666666666665,135.04444444444445
mid_v2,5,8,No grouping,0.6945175114173516,3000.0,1.0,3.0,100.0
mid_v2,5,8,CQI k-means,0.6945175114173516,3000.0,1.0,3.0,100.0
mid_v2,5,8,Resource-cost k-means,0.7277517692777241,4750.0,1.0,3.4,158.33333333333334
mid_v2,5,8,Multi-feature k-means,0.7359509247329818,4166.0,1.0,3.24,138.86666666666667
mid_v2,5,8,Offline teacher,0.7840816071306657,5275.0,1.0,3.7,175.83333333333334
mid_v2,5,9,No grouping,0.43860305835915436,1500.0,1.0,2.0,50.0
mid_v2,5,9,CQI k-means,0.5858977668340494,3317.3333333333335,1.0,2.6466666666666665,110.57777777777778
mid_v2,5,9,Resource-cost k-means,0.6972252809628007,4606.333333333333,0.9933333333333333,3.335570469798658,153.54444444444445
mid_v2,5,9,Multi-feature k-means,0.623059989740457,2450.0,1.0,2.6333333333333333,81.66666666666667
mid_v2,5,9,Offline teacher,0.7223619638341517,4987.666666666667,0.9866666666666667,3.574324324324324,166.25555555555556
mid_v2,5,10,No grouping,0.6718508447506849,3000.0,1.0,3.0,100.0
mid_v2,5,10,CQI k-means,0.7068158079374847,3707.3333333333335,1.0,3.026666666666667,123.57777777777778
mid_v2,5,10,Resource-cost k-means,0.7047534005019069,4505.0,1.0,3.26,150.16666666666666
mid_v2,5,10,Multi-feature k-means,0.7441299799332631,4137.333333333333,1.0,3.2266666666666666,137.9111111111111
mid_v2,5,10,Offline teacher,0.7560834713868743,4995.0,1.0,3.54,166.5
mid_v2,5,11,No grouping,0.6791841780840182,3000.0,1.0,3.0,100.0
mid_v2,5,11,CQI k-means,0.7256919226013369,3994.0,1.0,3.16,133.13333333333333
mid_v2,5,11,Resource-cost k-means,0.7529129388726256,4524.0,1.0,3.36,150.8
mid_v2,5,11,Multi-feature k-means,0.7754441519290418,4567.333333333333,1.0,3.4266666666666667,152.24444444444444
mid_v2,5,11,Offline teacher,0.7788875200209711,5271.333333333333,0.9933333333333333,3.7181208053691277,175.7111111111111
mid_v2,5,12,No grouping,0.6818508447506849,3000.0,1.0,3.0,100.0
mid_v2,5,12,CQI k-means,0.712099587136359,3822.0,1.0,3.08,127.4
mid_v2,5,12,Resource-cost k-means,0.7150860347391619,4610.0,1.0,3.32,153.66666666666666
mid_v2,5,12,Multi-feature k-means,0.7568765935312933,4338.0,1.0,3.32,144.6
mid_v2,5,12,Offline teacher,0.7643394279304491,4424.0,1.0,3.36,147.46666666666667
mid_v2,5,13,No grouping,0.6758508447506849,3000.0,1.0,3.0,100.0
mid_v2,5,13,CQI k-means,0.7179205319360775,3850.6666666666665,1.0,3.0933333333333333,128.35555555555555
mid_v2,5,13,Resource-cost k-means,0.7089107148406154,4093.3333333333335,1.0,3.1466666666666665,136.44444444444446
mid_v2,5,13,Multi-feature k-means,0.7502594809990856,4223.333333333333,1.0,3.2666666666666666,140.77777777777777
mid_v2,5,13,Offline teacher,0.7602099268646266,4338.0,1.0,3.32,144.6
mid_v2,5,14,No grouping,0.6785175114173517,3000.0,1.0,3.0,100.0
mid_v2,5,14,CQI k-means,0.7014824746041513,3707.3333333333335,1.0,3.026666666666667,123.57777777777778
mid_v2,5,14,Resource-cost k-means,0.7910364873940199,4739.333333333333,1.0,3.506666666666667,157.9777777777778
mid_v2,5,14,Multi-feature k-means,0.708945309003307,3793.3333333333335,1.0,3.066666666666667,126.44444444444444
mid_v2,5,14,Offline teacher,0.7935240988604052,4768.0,1.0,3.52,158.93333333333334
mid_v2,5,15,No grouping,0.6831841780840183,3000.0,1.0,3.0,100.0
mid_v2,5,15,CQI k-means,0.7069453090033071,3793.3333333333335,1.0,3.066666666666667,126.44444444444444
mid_v2,5,15,Resource-cost k-means,0.7210855686751096,4680.0,1.0,3.36,156.0
mid_v2,5,15,Multi-feature k-means,0.7343090351335446,4108.666666666667,1.0,3.2133333333333334,136.95555555555555
mid_v2,5,15,Offline teacher,0.7769721343821739,4786.666666666667,0.9933333333333333,3.5436241610738257,159.55555555555554
mid_v2,5,16,No grouping,0.6778508447506849,3000.0,1.0,3.0,100.0
mid_v2,5,16,CQI k-means,0.6817110839388919,3564.0,1.0,2.96,118.8
mid_v2,5,16,Resource-cost k-means,0.7070860347391619,4610.0,1.0,3.32,153.66666666666666
mid_v2,5,16,Multi-feature k-means,0.6778508447506849,3000.0,1.0,3.0,100.0
mid_v2,5,16,Offline teacher,0.7389261476657523,4223.333333333333,1.0,3.2666666666666666,140.77777777777777
mid_v2,5,17,No grouping,0.4299363916924877,1500.0,1.0,2.0,50.0
mid_v2,5,17,CQI k-means,0.6241015826201747,2500.0,1.0,2.6666666666666665,83.33333333333333
mid_v2,5,17,Resource-cost k-means,0.6647552647581159,4225.0,1.0,3.1,140.83333333333334
mid_v2,5,17,Multi-feature k-means,0.6604181867406337,3587.0,1.0,2.9,119.56666666666666
mid_v2,5,17,Offline teacher,0.7552850531084453,4349.333333333333,1.0,3.3066666666666666,144.9777777777778
mid_v2,5,18,No grouping,0.6885175114173516,3000.0,1.0,3.0,100.0
mid_v2,5,18,CQI k-means,0.6885175114173516,3000.0,1.0,3.0,100.0
mid_v2,5,18,Resource-cost k-means,0.6885175114173516,3000.0,1.0,3.0,100.0
mid_v2,5,18,Multi-feature k-means,0.6885175114173516,3000.0,1.0,3.0,100.0
mid_v2,5,18,Offline teacher,0.7613006470279625,4598.666666666667,1.0,3.4133333333333336,153.2888888888889
mid_v2,5,19,No grouping,0.6885175114173516,3000.0,1.0,3.0,100.0
mid_v2,5,19,CQI k-means,0.6885175114173516,3000.0,1.0,3.0,100.0
mid_v2,5,19,Resource-cost k-means,0.6885175114173516,3000.0,1.0,3.0,100.0
mid_v2,5,19,Multi-feature k-means,0.7021314145879021,3802.6666666666665,1.0,3.0866666666666664,126.75555555555556
mid_v2,5,19,Offline teacher,0.7522217854824089,5131.333333333333,0.9933333333333333,3.6375838926174495,171.04444444444445
mid_v2,6,0,No grouping,0.6865175114173516,3000.0,1.0,3.0,100.0
mid_v2,6,0,CQI k-means,0.6988158079374845,3707.3333333333335,1.0,3.026666666666667,123.57777777777778
mid_v2,6,0,Resource-cost k-means,0.7634937060635008,4452.666666666667,1.0,3.3733333333333335,148.42222222222222
mid_v2,6,0,Multi-feature k-means,0.75354326019796,4338.0,1.0,3.32,144.6
mid_v2,6,0,Offline teacher,0.7883698207273533,4739.333333333333,1.0,3.506666666666667,157.9777777777778
mid_v2,6,1,No grouping,0.6885175114173516,3000.0,1.0,3.0,100.0
mid_v2,6,1,CQI k-means,0.6885175114173516,3000.0,1.0,3.0,100.0
mid_v2,6,1,Resource-cost k-means,0.7674441519290418,4567.333333333333,1.0,3.4266666666666667,152.24444444444444
mid_v2,6,1,Multi-feature k-means,0.7226671455341076,4051.3333333333335,1.0,3.1866666666666665,135.04444444444445
mid_v2,6,1,Offline teacher,0.7749069863281978,4653.333333333333,1.0,3.466666666666667,155.11111111111111
mid_v2,6,2,No grouping,0.6805175114173516,3000.0,1.0,3.0,100.0
mid_v2,6,2,CQI k-means,0.6805175114173516,3000.0,1.0,3.0,100.0
mid_v2,6,2,Resource-cost k-means,0.682420766264652,4400.0,1.0,3.2,146.66666666666666
mid_v2,6,2,Multi-feature k-means,0.719383366335233,3936.6666666666665,1.0,3.1333333333333333,131.22222222222223
mid_v2,6,2,Offline teacher,0.7293338122007742,4051.3333333333335,1.0,3.1866666666666665,135.04444444444445
mid_v2,6,3,No grouping,0.6765175114173515,3000.0,1.0,3.0,100.0
mid_v2,6,3,CQI k-means,0.7134329204696922,3822.0,1.0,3.08,127.4
mid_v2,6,3,Resource-cost k-means,0.7237522353417764,4680.0,1.0,3.36,156.0
mid_v2,6,3,Multi-feature k-means,0.7383090351335446,4108.666666666667,1.0,3.2133333333333334,136.95555555555555
mid_v2,6,3,Offline teacher,0.7532347039318561,4280.666666666667,1.0,3.2933333333333334,142.6888888888889
mid_v2,6,4,No grouping,0.6911841780840183,3000.0,1.0,3.0,100.0
mid_v2,6,4,CQI k-means,0.7033034194038698,3736.0,1.0,3.04,124.53333333333333
mid_v2,6,4,Resource-cost k-means,0.7605184831307302,4395.333333333333,1.0,3.3466666666666667,146.51111111111112
mid_v2,6,4,Multi-feature k-means,0.7406175913996484,4166.0,1.0,3.24,138.86666666666667
mid_v2,6,4,Offline teacher,0.7928574321937386,4768.0,1.0,3.52,158.93333333333334
mid_v2,6,5,No grouping,0.6885175114173516,3000.0,1.0,3.0,100.0
mid_v2,6,5,CQI k-means,0.6916615298044327,3678.6666666666665,1.0,3.013333333333333,122.62222222222222
mid_v2,6,5,Resource-cost k-means,0.7100723745079753,4240.0,1.0,3.2,141.33333333333334
mid_v2,6,5,Multi-feature k-means,0.7389261476657523,4223.333333333333,1.0,3.2666666666666666,140.77777777777777
mid_v2,6,5,Offline teacher,0.7500028639938314,4601.333333333333,1.0,3.3866666666666667,153.37777777777777
mid_v2,6,6,No grouping,0.6845175114173516,3000.0,1.0,3.0,100.0
mid_v2,6,6,CQI k-means,0.6887186715405978,3483.0,1.0,2.94,116.1
mid_v2,6,6,Resource-cost k-means,0.7147524683738024,4645.0,1.0,3.34,154.83333333333334
mid_v2,6,6,Multi-feature k-means,0.6921689588801151,3765.3333333333335,1.0,3.046666666666667,125.5111111111111
mid_v2,6,6,Offline teacher,0.7498886851811015,5096.333333333333,0.9933333333333333,3.61744966442953,169.87777777777777
mid_v2,6,7,No grouping,0.6818508447506849,3000.0,1.0,3.0,100.0
mid_v2,6,7,CQI k-means,0.6830444172722251,3564.0,1.0,2.96,118.8
mid_v2,6,7,Resource-cost k-means,0.6818508447506849,3000.0,1.0,3.0,100.0
mid_v2,6,7,Multi-feature k-means,0.6818508447506849,3000.0,1.0,3.0,100.0
mid_v2,6,7,Offline teacher,0.7278214236671594,4080.0,1.0,3.2,136.0
mid_v2,6,8,No grouping,0.683850844750685,3000.0,1.0,3.0,100.0
mid_v2,6,8,CQI k-means,0.7039700860705365,3736.0,1.0,3.04,124.53333333333333
mid_v2,6,8,Resource-cost k-means,0.7417513032136718,4820.0,1.0,3.44,160.66666666666666
mid_v2,6,8,Multi-feature k-means,0.7313338122007742,4051.3333333333335,1.0,3.1866666666666665,135.04444444444445
mid_v2,6,8,Offline teacher,0.7860612644612495,4682.0,1.0,3.48,156.06666666666666
mid_v2,6,9,No grouping,0.685850844750685,3000.0,1.0,3.0,100.0
mid_v2,6,9,CQI k-means,0.6954824746041511,3707.3333333333335,1.0,3.026666666666667,123.57777777777778
mid_v2,6,9,Resource-cost k-means,0.720292204116251,4188.666666666667,1.0,3.2133333333333334,139.62222222222223
mid_v2,6,9,Multi-feature k-means,0.7303090351335446,4108.666666666667,1.0,3.2133333333333334,136.95555555555555
mid_v2,6,9,Offline teacher,0.7468369671519132,5240.0,1.0,3.6,174.66666666666666
mid_v2,6,10,No grouping,0.6751841780840183,3000.0,1.0,3.0,100.0
mid_v2,6,10,CQI k-means,0.6919944288832481,3595.0,1.0,2.98,119.83333333333333
mid_v2,6,10,Resource-cost k-means,0.7228779917234499,4128.0,1.0,3.2,137.6
mid_v2,6,10,Multi-feature k-means,0.7054329204696923,3822.0,1.0,3.08,127.4
mid_v2,6,10,Offline teacher,0.7475152525274462,4572.666666666667,1.0,3.3733333333333335,152.42222222222222
mid_v2,6,11,No grouping,0.6771841780840183,3000.0,1.0,3.0,100.0
mid_v2,6,11,CQI k-means,0.7340004788674408,4051.3333333333335,1.0,3.1866666666666665,135.04444444444445
mid_v2,6,11,Resource-cost k-means,0.7557508371496195,4890.0,1.0,3.48,163.0
mid_v2,6,11,Multi-feature k-means,0.7713146508632195,4481.333333333333,1.0,3.3866666666666667,149.37777777777777
mid_v2,6,11,Offline teacher,0.8040273042463078,5044.666666666667,0.9933333333333333,3.664429530201342,168.15555555555557
mid_v2,6,12,No grouping,0.6771841780840182,3000.0,1.0,3.0,100.0
mid_v2,6,12,CQI k-means,0.7406671455341075,4051.3333333333335,1.0,3.1866666666666665,135.04444444444445
mid_v2,6,12,Resource-cost k-means,0.7416568623745932,4364.0,1.0,3.28,145.46666666666667
mid_v2,6,12,Multi-feature k-means,0.7779813175298861,4481.333333333333,1.0,3.3866666666666667,149.37777777777777
mid_v2,6,12,Offline teacher,0.7816735563059125,4607.333333333333,1.0,3.4266666666666667,153.57777777777778
mid_v2,6,13,No grouping,0.6831841780840183,3000.0,1.0,3.0,100.0
mid_v2,6,13,CQI k-means,0.6831841780840183,3000.0,1.0,3.0,100.0
mid_v2,6,13,Resource-cost k-means,0.6831841780840183,3000.0,1.0,3.0,100.0
mid_v2,6,13,Multi-feature k-means,0.6831841780840183,3000.0,1.0,3.0,100.0
mid_v2,6,13,Offline teacher,0.7230252559346705,3994.0,1.0,3.16,133.13333333333333
mid_v2,6,14,No grouping,0.6825175114173515,3000.0,1.0,3.0,100.0
mid_v2,6,14,CQI k-means,0.6890469144516219,4157.333333333333,1.0,3.32,138.57777777777778
mid_v2,6,14,Resource-cost k-means,0.7872155425943013,4710.666666666667,1.0,3.493333333333333,157.0222222222222
mid_v2,6,14,Multi-feature k-means,0.7548765935312932,4338.0,1.0,3.32,144.6
mid_v2,6,14,Offline teacher,0.794678376993457,4796.666666666667,1.0,3.533333333333333,159.88888888888889
mid_v2,6,15,No grouping,0.6765175114173516,3000.0,1.0,3.0,100.0
mid_v2,6,15,CQI k-means,0.7067662538030256,3822.0,1.0,3.08,127.4
mid_v2,6,15,Resource-cost k-means,0.7300376192509034,4420.666666666667,1.0,3.2933333333333334,147.35555555555555
mid_v2,6,15,Multi-feature k-means,0.7490556487315747,4309.333333333333,1.0,3.3066666666666666,143.64444444444445
mid_v2,6,15,Offline teacher,0.7590060945971158,4424.0,1.0,3.36,147.46666666666667
mid_v2,6,16,No grouping,0.6805175114173516,3000.0,1.0,3.0,100.0
mid_v2,6,16,CQI k-means,0.7074824746041511,3707.3333333333335,1.0,3.026666666666667,123.57777777777778
mid_v2,6,16,Resource-cost k-means,0.7040867338352402,4505.0,1.0,3.26,150.16666666666666
mid_v2,6,16,Multi-feature k-means,0.7522594809990856,4223.333333333333,1.0,3.2666666666666666,140.77777777777777
mid_v2,6,16,Offline teacher,0.7799969114494034,4729.333333333333,0.9933333333333333,3.5167785234899327,157.64444444444445
mid_v2,6,17,No grouping,0.6805175114173516,3000.0,1.0,3.0,100.0
mid_v2,6,17,CQI k-means,0.7306671455341075,4051.3333333333335,1.0,3.1866666666666665,135.04444444444445
mid_v2,6,17,Resource-cost k-means,0.7415827642049309,4501.0,1.0,3.34,150.03333333333333
mid_v2,6,17,Multi-feature k-means,0.777931763395427,4596.0,1.0,3.44,153.2
mid_v2,6,17,Offline teacher,0.801360637579641,5044.666666666667,0.9933333333333333,3.664429530201342,168.15555555555557
mid_v2,6,18,No grouping,0.6825175114173515,3000.0,1.0,3.0,100.0
mid_v2,6,18,CQI k-means,0.7315128674010555,4022.6666666666665,1.0,3.1733333333333333,134.0888888888889
mid_v2,6,18,Resource-cost k-means,0.7270855686751097,4680.0,1.0,3.36,156.0
mid_v2,6,18,Multi-feature k-means,0.7588765935312931,4338.0,1.0,3.32,144.6
mid_v2,6,18,Offline teacher,0.789768302114663,4872.666666666667,0.9933333333333333,3.5838926174496644,162.42222222222222
mid_v2,6,19,No grouping,0.6785175114173516,3000.0,1.0,3.0,100.0
mid_v2,6,19,CQI k-means,0.7049453090033071,3793.3333333333335,1.0,3.066666666666667,126.44444444444444
mid_v2,6,19,Resource-cost k-means,0.7440844035149791,4855.0,1.0,3.46,161.83333333333334
mid_v2,6,19,Multi-feature k-means,0.7323090351335445,4108.666666666667,1.0,3.2133333333333334,136.95555555555555
mid_v2,6,19,Offline teacher,0.7477508371496195,4890.0,1.0,3.48,163.0
mid_v2,7,0,No grouping,0.6865175114173515,3000.0,1.0,3.0,100.0
mid_v2,7,0,CQI k-means,0.7239374981764777,3449.3333333333335,1.0,2.993333333333333,114.97777777777777
mid_v2,7,0,Resource-cost k-means,0.7122926701803033,4118.666666666667,1.0,3.1733333333333333,137.2888888888889
mid_v2,7,0,Multi-feature k-means,0.7200500330018998,3936.6666666666665,1.0,3.1333333333333333,131.22222222222223
mid_v2,7,0,Offline teacher,0.782240319661531,4653.333333333333,1.0,3.466666666666667,155.11111111111111
mid_v2,7,1,No grouping,0.683850844750685,3000.0,1.0,3.0,100.0
mid_v2,7,1,CQI k-means,0.7148957548688478,3908.0,1.0,3.12,130.26666666666668
mid_v2,7,1,Resource-cost k-means,0.7621676196840251,4580.333333333333,1.0,3.4066666666666667,152.67777777777778
mid_v2,7,1,Multi-feature k-means,0.7522099268646266,4338.0,1.0,3.32,144.6
mid_v2,7,1,Offline teacher,0.7894457420133023,4934.0,1.0,3.56,164.46666666666667
mid_v2,7,2,No grouping,0.675850844750685,3000.0,1.0,3.0,100.0
mid_v2,7,2,CQI k-means,0.7072538652694107,3850.6666666666665,1.0,3.0933333333333333,128.35555555555555
mid_v2,7,2,Resource-cost k-means,0.7404179698803386,4820.0,1.0,3.44,160.66666666666666
mid_v2,7,2,Multi-feature k-means,0.7221795340677223,4022.6666666666665,1.0,3.1733333333333333,134.0888888888889
mid_v2,7,2,Offline teacher,0.7655951994588095,4773.333333333333,1.0,3.466666666666667,159.11111111111111
mid_v2,7,3,No grouping,0.6871841780840183,3000.0,1.0,3.0,100.0
mid_v2,7,3,CQI k-means,0.7239584545355316,3690.6666666666665,1.0,3.066666666666667,123.02222222222223
mid_v2,7,3,Resource-cost k-means,0.7560839374509267,4925.0,1.0,3.5,164.16666666666666
mid_v2,7,3,Multi-feature k-means,0.7341299799332631,4137.333333333333,1.0,3.2266666666666666,137.9111111111111
mid_v2,7,3,Offline teacher,0.7940816071306658,5275.0,1.0,3.7,175.83333333333334
mid_v2,7,4,No grouping,0.6898508447506849,3000.0,1.0,3.0,100.0
mid_v2,7,4,CQI k-means,0.6898508447506849,3000.0,1.0,3.0,100.0
mid_v2,7,4,Resource-cost k-means,0.6898508447506849,3000.0,1.0,3.0,100.0
mid_v2,7,4,Multi-feature k-means,0.7130748100691293,3879.3333333333335,1.0,3.1066666666666665,129.3111111111111
mid_v2,7,4,Offline teacher,0.7777527081951457,4624.666666666667,1.0,3.453333333333333,154.15555555555557
mid_v2,7,5,No grouping,0.6945175114173516,3000.0,1.0,3.0,100.0
mid_v2,7,5,CQI k-means,0.6945175114173516,3000.0,1.0,3.0,100.0
mid_v2,7,5,Resource-cost k-means,0.6945175114173516,3000.0,1.0,3.0,100.0
mid_v2,7,5,Multi-feature k-means,0.7055624215355145,3908.0,1.0,3.12,130.26666666666668
mid_v2,7,5,Offline teacher,0.7567496719894892,5065.0,1.0,3.58,168.83333333333334
mid_v2,7,6,No grouping,0.6845175114173516,3000.0,1.0,3.0,100.0
mid_v2,7,6,CQI k-means,0.6954824746041511,3707.3333333333335,1.0,3.026666666666667,123.57777777777778
mid_v2,7,6,Resource-cost k-means,0.7370846365470052,4820.0,1.0,3.44,160.66666666666666
mid_v2,7,6,Multi-feature k-means,0.7310230772870913,4176.0,1.0,3.26,139.2
mid_v2,7,6,Offline teacher,0.7810818401626918,5240.0,1.0,3.68,174.66666666666666
mid_v2,7,7,No grouping,0.685850844750685,3000.0,1.0,3.0,100.0
mid_v2,7,7,CQI k-means,0.7104979572459541,3269.3333333333335,1.0,2.96,108.97777777777777
mid_v2,7,7,Resource-cost k-means,0.7714441519290418,4567.333333333333,1.0,3.4266666666666667,152.24444444444444
mid_v2,7,7,Multi-feature k-means,0.7216919226013369,3994.0,1.0,3.16,133.13333333333333
mid_v2,7,7,Offline teacher,0.7988078780592797,4882.666666666667,1.0,3.5733333333333333,162.75555555555556
mid_v2,7,8,No grouping,0.6845175114173516,3000.0,1.0,3.0,100.0
mid_v2,7,8,CQI k-means,0.7071243642035884,3764.6666666666665,1.0,3.0533333333333332,125.4888888888889
mid_v2,7,8,Resource-cost k-means,0.6845175114173516,3000.0,1.0,3.0,100.0
mid_v2,7,8,Multi-feature k-means,0.6845175114173516,3000.0,1.0,3.0,100.0
mid_v2,7,8,Offline teacher,0.7487510701816456,4855.0,1.0,3.46,161.83333333333334
mid_v2,7,9,No grouping,0.6825175114173515,3000.0,1.0,3.0,100.0
mid_v2,7,9,CQI k-means,0.7087662538030256,3822.0,1.0,3.08,127.4
mid_v2,7,9,Resource-cost k-means,0.7634937060635008,4452.666666666667,1.0,3.3733333333333335,148.42222222222222
mid_v2,7,9,Multi-feature k-means,0.7162290882021813,3908.0,1.0,3.12,130.26666666666668
mid_v2,7,9,Offline teacher,0.7908574321937385,4768.0,1.0,3.52,158.93333333333334
mid_v2,7,10,No grouping,0.4319363916924877,1500.0,1.0,2.0,50.0
mid_v2,7,10,CQI k-means,0.6183349749830673,2460.0,1.0,2.64,82.0
mid_v2,7,10,Resource-cost k-means,0.7164888853759562,4260.666666666667,0.9866666666666667,3.310810810810811,142.0222222222222
mid_v2,7,10,Multi-feature k-means,0.634589926176837,2738.6666666666665,1.0,2.7866666666666666,91.28888888888889
mid_v2,7,10,Offline teacher,0.7413650000398087,4547.333333333333,0.9866666666666667,3.445945945945946,151.57777777777778
mid_v2,7,11,No grouping,0.6791841780840182,3000.0,1.0,3.0,100.0
mid_v2,7,11,CQI k-means,0.7155624215355144,3908.0,1.0,3.12,130.26666666666668
mid_v2,7,11,Resource-cost k-means,0.7610837044189007,4960.0,1.0,3.52,165.33333333333334
mid_v2,7,11,Multi-feature k-means,0.7479013705985227,4280.666666666667,1.0,3.2933333333333334,142.6888888888889
mid_v2,7,11,Offline teacher,0.7740324617486055,4733.333333333333,1.0,3.466666666666667,157.77777777777777
mid_v2,7,12,No grouping,0.6845175114173516,3000.0,1.0,3.0,100.0
mid_v2,7,12,CQI k-means,0.7199934967551437,3735.0,1.0,3.06,124.5
mid_v2,7,12,Resource-cost k-means,0.7427515362456979,4785.0,1.0,3.42,159.5
mid_v2,7,12,Multi-feature k-means,0.7321795340677223,4022.6666666666665,1.0,3.1733333333333333,134.0888888888889
mid_v2,7,12,Offline teacher,0.7930818401626918,5240.0,1.0,3.68,174.66666666666666
mid_v2,7,13,No grouping,0.6811841780840183,3000.0,1.0,3.0,100.0
mid_v2,7,13,CQI k-means,0.6811841780840183,3000.0,1.0,3.0,100.0
mid_v2,7,13,Resource-cost k-means,0.6811841780840183,3000.0,1.0,3.0,100.0
mid_v2,7,13,Multi-feature k-means,0.7260004788674408,4051.3333333333335,1.0,3.1866666666666665,135.04444444444445
mid_v2,7,13,Offline teacher,0.7309757018002113,4108.666666666667,1.0,3.2133333333333334,136.95555555555555
mid_v2,7,14,No grouping,0.6845175114173516,3000.0,1.0,3.0,100.0
mid_v2,7,14,CQI k-means,0.7935164990629703,4082.6666666666665,1.0,3.3866666666666667,136.0888888888889
mid_v2,7,14,Resource-cost k-means,0.7513642049976785,4366.666666666667,1.0,3.3333333333333335,145.55555555555554
mid_v2,7,14,Multi-feature k-means,0.7215128674010556,4022.6666666666665,1.0,3.1733333333333333,134.0888888888889
mid_v2,7,14,Offline teacher,0.7986288228589982,4911.333333333333,1.0,3.5866666666666664,163.7111111111111
mid_v2,7,15,No grouping,0.6798508447506849,3000.0,1.0,3.0,100.0
mid_v2,7,15,CQI k-means,0.702636752737203,3736.0,1.0,3.04,124.53333333333333
mid_v2,7,15,Resource-cost k-means,0.736751536245698,4785.0,1.0,3.42,159.5
mid_v2,7,15,Multi-feature k-means,0.7499013705985228,4280.666666666667,1.0,3.2933333333333334,142.6888888888889
mid_v2,7,15,Offline teacher,0.7733302447827367,4729.333333333333,0.9933333333333333,3.5167785234899327,157.64444444444445
mid_v2,7,16,No grouping,0.6871841780840183,3000.0,1.0,3.0,100.0
mid_v2,7,16,CQI k-means,0.7094329204696923,3822.0,1.0,3.08,127.4
mid_v2,7,16,Resource-cost k-means,0.7989869332595609,4854.0,1.0,3.56,161.8
mid_v2,7,16,Multi-feature k-means,0.7492347039318561,4280.666666666667,1.0,3.2933333333333334,142.6888888888889
mid_v2,7,16,Offline teacher,0.8114249905914871,4997.333333333333,1.0,3.6266666666666665,166.57777777777778
mid_v2,7,17,No grouping,0.6938508447506849,3000.0,1.0,3.0,100.0
mid_v2,7,17,CQI k-means,0.693850844750685,3000.0,1.0,3.0,100.0
mid_v2,7,17,Resource-cost k-means,0.7070860347391618,4610.0,1.0,3.32,153.66666666666666
mid_v2,7,17,Multi-feature k-means,0.7253338122007741,4051.3333333333335,1.0,3.1866666666666665,135.04444444444445
mid_v2,7,17,Offline teacher,0.7725984300620939,4596.0,1.0,3.44,153.2
mid_v2,7,18,No grouping,0.6778508447506849,3000.0,1.0,3.0,100.0
mid_v2,7,18,CQI k-means,0.708770316123161,4700.0,1.0,3.6,156.66666666666666
mid_v2,7,18,Resource-cost k-means,0.7704689289962713,4510.0,1.0,3.4,150.33333333333334
mid_v2,7,18,Multi-feature k-means,0.7480804257988042,4252.0,1.0,3.28,141.73333333333332
mid_v2,7,18,Offline teacher,0.8052954895256648,4911.333333333333,1.0,3.5866666666666664,163.7111111111111
mid_v2,7,19,No grouping,0.6811841780840183,3000.0,1.0,3.0,100.0
mid_v2,7,19,CQI k-means,0.7162290882021813,3908.0,1.0,3.12,130.26666666666668
mid_v2,7,19,Resource-cost k-means,0.7459377159398551,4466.666666666667,1.0,3.3333333333333335,148.88888888888889
mid_v2,7,19,Multi-feature k-means,0.6978023768303973,4064.0,1.0,3.14,135.46666666666667
mid_v2,7,19,Offline teacher,0.7680620595033797,4862.666666666667,0.9866666666666667,3.5945945945945947,162.0888888888889
mid_v2,8,0,No grouping,0.6811841780840183,3000.0,1.0,3.0,100.0
mid_v2,8,0,CQI k-means,0.700149141270818,3707.3333333333335,1.0,3.026666666666667,123.57777777777778
mid_v2,8,0,Resource-cost k-means,0.708086267771188,4575.0,1.0,3.3,152.5
mid_v2,8,0,Multi-feature k-means,0.6811841780840183,3000.0,1.0,3.0,100.0
mid_v2,8,0,Offline teacher,0.7528884521490755,5131.333333333333,0.9933333333333333,3.6375838926174495,171.04444444444445
mid_v2,8,1,No grouping,0.685850844750685,3000.0,1.0,3.0,100.0
mid_v2,8,1,CQI k-means,0.6994824746041514,3707.3333333333335,1.0,3.026666666666667,123.57777777777778
mid_v2,8,1,Resource-cost k-means,0.7452066962613423,4515.333333333333,1.0,3.3466666666666667,150.51111111111112
mid_v2,8,1,Multi-feature k-means,0.685850844750685,3000.0,1.0,3.0,100.0
mid_v2,8,1,Offline teacher,0.7812806906482777,4844.0,0.9933333333333333,3.5704697986577183,161.46666666666667
mid_v2,8,2,No grouping,0.6785175114173516,3000.0,1.0,3.0,100.0
mid_v2,8,2,CQI k-means,0.7200500330018998,3936.6666666666665,1.0,3.1333333333333333,131.22222222222223
mid_v2,8,2,Resource-cost k-means,0.6867538665659589,4435.0,1.0,3.22,147.83333333333334
mid_v2,8,2,Multi-feature k-means,0.7548765935312932,4338.0,1.0,3.32,144.6
mid_v2,8,2,Offline teacher,0.7801264125152257,4815.333333333333,0.9933333333333333,3.557046979865772,160.51111111111112
mid_v2,8,3,No grouping,0.6858508447506849,3000.0,1.0,3.0,100.0
mid_v2,8,3,CQI k-means,0.6918405850047141,3650.0,1.0,3.0,121.66666666666667
mid_v2,8,3,Resource-cost k-means,0.6964476474094337,4042.3333333333335,1.0,3.1266666666666665,134.74444444444444
mid_v2,8,3,Multi-feature k-means,0.7316423684668779,4108.666666666667,1.0,3.2133333333333334,136.95555555555555
mid_v2,8,3,Offline teacher,0.7718178562491219,4758.0,0.9933333333333333,3.530201342281879,158.6
mid_v2,8,4,No grouping,0.6858508447506849,3000.0,1.0,3.0,100.0
mid_v2,8,4,CQI k-means,0.7231710807593067,3709.3333333333335,1.0,3.0733333333333333,123.64444444444445
mid_v2,8,4,Resource-cost k-means,0.7670832383548484,5030.0,1.0,3.56,167.66666666666666
mid_v2,8,4,Multi-feature k-means,0.7142290882021812,3908.0,1.0,3.12,130.26666666666668
mid_v2,8,4,Offline teacher,0.7890818401626918,5240.0,1.0,3.68,174.66666666666666
mid_v2,8,5,No grouping,0.6911841780840183,3000.0,1.0,3.0,100.0
mid_v2,8,5,CQI k-means,0.6911841780840183,3000.0,1.0,3.0,100.0
mid_v2,8,5,Resource-cost k-means,0.7810364873940198,4739.333333333333,1.0,3.506666666666667,157.9777777777778
mid_v2,8,5,Multi-feature k-means,0.7462099268646265,4338.0,1.0,3.32,144.6
mid_v2,8,5,Offline teacher,0.8174135422718423,5485.0,1.0,3.82,182.83333333333334
mid_v2,8,6,No grouping,0.6945175114173516,3000.0,1.0,3.0,100.0
mid_v2,8,6,CQI k-means,0.7048324253298075,3469.0,1.0,2.98,115.63333333333334
mid_v2,8,6,Resource-cost k-means,0.7570832383548485,5030.0,1.0,3.56,167.66666666666666
mid_v2,8,6,Multi-feature k-means,0.7132043111349516,3965.3333333333335,1.0,3.1466666666666665,132.17777777777778
mid_v2,8,6,Offline teacher,0.7804151734960252,5240.0,1.0,3.68,174.66666666666666
mid_v2,8,7,No grouping,0.6831841780840183,3000.0,1.0,3.0,100.0
mid_v2,8,7,CQI k-means,0.7187172733484412,3693.0,1.0,3.06,123.1
mid_v2,8,7,Resource-cost k-means,0.7547506041175935,4925.0,1.0,3.5,164.16666666666666
mid_v2,8,7,Multi-feature k-means,0.765135595662938,4510.0,1.0,3.4,150.33333333333334
mid_v2,8,7,Offline teacher,0.765135595662938,4510.0,1.0,3.4,150.33333333333334
mid_v2,8,8,No grouping,0.6818508447506849,3000.0,1.0,3.0,100.0
mid_v2,8,8,CQI k-means,0.7132538652694109,3850.6666666666665,1.0,3.0933333333333333,128.35555555555555
mid_v2,8,8,Resource-cost k-means,0.7928574321937385,4768.0,1.0,3.52,158.93333333333334
mid_v2,8,8,Multi-feature k-means,0.7630060945971157,4424.0,1.0,3.36,147.46666666666667
mid_v2,8,8,Offline teacher,0.8003202665928942,4854.0,1.0,3.56,161.8
mid_v2,8,9,No grouping,0.6885175114173516,3000.0,1.0,3.0,100.0
mid_v2,8,9,CQI k-means,0.6969881746589778,3494.6666666666665,1.0,2.966666666666667,116.4888888888889
mid_v2,8,9,Resource-cost k-means,0.6938055247779703,4020.0,1.0,3.12,134.0
mid_v2,8,9,Multi-feature k-means,0.726488090333826,4080.0,1.0,3.2,136.0
mid_v2,8,9,Offline teacher,0.7687492059254368,5135.0,1.0,3.62,171.16666666666666
mid_v2,8,10,No grouping,0.6851841780840182,3000.0,1.0,3.0,100.0
mid_v2,8,10,CQI k-means,0.7299294335081641,3781.6666666666665,1.0,3.1066666666666665,126.05555555555556
mid_v2,8,10,Resource-cost k-means,0.7654168047202078,4995.0,1.0,3.54,166.5
mid_v2,8,10,Multi-feature k-means,0.7291813286888627,4120.0,1.0,3.2133333333333334,137.33333333333334
mid_v2,8,10,Offline teacher,0.7984147074319727,5310.0,1.0,3.72,177.0
mid_v2,8,11,No grouping,0.6851841780840182,3000.0,1.0,3.0,100.0
mid_v2,8,11,CQI k-means,0.7100995871363589,3822.0,1.0,3.08,127.4
mid_v2,8,11,Resource-cost k-means,0.7698022623296046,4510.0,1.0,3.4,150.33333333333334
mid_v2,8,11,Multi-feature k-means,0.7442988346297414,4288.0,1.0,3.3,142.93333333333334
mid_v2,8,11,Offline teacher,0.7996535999262276,4854.0,1.0,3.56,161.8
mid_v2,8,12,No grouping,0.6911841780840183,3000.0,1.0,3.0,100.0
mid_v2,8,12,CQI k-means,0.6911841780840183,3000.0,1.0,3.0,100.0
mid_v2,8,12,Resource-cost k-means,0.7497508371496197,4890.0,1.0,3.48,163.0
mid_v2,8,12,Multi-feature k-means,0.7178709778016185,3965.3333333333335,1.0,3.1466666666666665,132.17777777777778
mid_v2,8,12,Offline teacher,0.7790823062267441,5170.0,1.0,3.64,172.33333333333334
mid_v2,8,13,No grouping,0.6718508447506849,3000.0,1.0,3.0,100.0
mid_v2,8,13,CQI k-means,0.707791030870255,3764.6666666666665,1.0,3.0533333333333332,125.4888888888889
mid_v2,8,13,Resource-cost k-means,0.7150327985633586,4231.333333333333,1.0,3.1866666666666665,141.04444444444445
mid_v2,8,13,Multi-feature k-means,0.6718508447506849,3000.0,1.0,3.0,100.0
mid_v2,8,13,Offline teacher,0.7525680372651895,4280.666666666667,1.0,3.2933333333333334,142.6888888888889
mid_v2,8,14,No grouping,0.6785175114173516,3000.0,1.0,3.0,100.0
mid_v2,8,14,CQI k-means,0.6941986954052769,3592.6666666666665,1.0,2.973333333333333,119.75555555555556
mid_v2,8,14,Resource-cost k-means,0.7251259542878487,4131.333333333333,1.0,3.1866666666666665,137.7111111111111
mid_v2,8,14,Multi-feature k-means,0.7190748100691293,3879.3333333333335,1.0,3.1066666666666665,129.3111111111111
mid_v2,8,14,Offline teacher,0.75991696451804,4528.666666666667,0.9933333333333333,3.422818791946309,150.95555555555555
mid_v2,8,15,No grouping,0.6878508447506849,3000.0,1.0,3.0,100.0
mid_v2,8,15,CQI k-means,0.697482474604151,3707.3333333333335,1.0,3.026666666666667,123.57777777777778
mid_v2,8,15,Resource-cost k-means,0.7154191350404692,4645.0,1.0,3.34,154.83333333333334
mid_v2,8,15,Multi-feature k-means,0.7323090351335445,4108.666666666667,1.0,3.2133333333333334,136.95555555555555
mid_v2,8,15,Offline teacher,0.7607496719894891,5065.0,1.0,3.58,168.83333333333334
mid_v2,8,16,No grouping,0.6798508447506849,3000.0,1.0,3.0,100.0
mid_v2,8,16,CQI k-means,0.7087662538030256,3822.0,1.0,3.08,127.4
mid_v2,8,16,Resource-cost k-means,0.7499577056227871,4363.666666666667,1.0,3.3133333333333335,145.45555555555555
mid_v2,8,16,Multi-feature k-means,0.7336423684668779,4108.666666666667,1.0,3.2133333333333334,136.95555555555555
mid_v2,8,16,Offline teacher,0.7695546527516899,5201.333333333333,0.9933333333333333,3.6778523489932886,173.37777777777777
mid_v2,8,17,No grouping,0.6831841780840183,3000.0,1.0,3.0,100.0
mid_v2,8,17,CQI k-means,0.6906863068716622,3621.3333333333335,1.0,2.986666666666667,120.71111111111111
mid_v2,8,17,Resource-cost k-means,0.7210855686751096,4680.0,1.0,3.36,156.0
mid_v2,8,17,Multi-feature k-means,0.7205376444682849,3965.3333333333335,1.0,3.1466666666666665,132.17777777777778
mid_v2,8,17,Offline teacher,0.7404385361993671,4194.666666666667,1.0,3.2533333333333334,139.82222222222222
mid_v2,8,18,No grouping,0.6805175114173516,3000.0,1.0,3.0,100.0
mid_v2,8,18,CQI k-means,0.6971739183380473,3650.0,1.0,3.0,121.66666666666667
mid_v2,8,18,Resource-cost k-means,0.6987534005019068,4505.0,1.0,3.26,150.16666666666666
mid_v2,8,18,Multi-feature k-means,0.7170748100691294,3879.3333333333335,1.0,3.1066666666666665,129.3111111111111
mid_v2,8,18,Offline teacher,0.7867279311279162,4682.0,1.0,3.48,156.06666666666666
mid_v2,8,19,No grouping,0.43860305835915436,1500.0,1.0,2.0,50.0
mid_v2,8,19,CQI k-means,0.6308265973775646,2490.0,1.0,2.66,83.0
mid_v2,8,19,Resource-cost k-means,0.6987534005019069,4505.0,1.0,3.26,150.16666666666666
mid_v2,8,19,Multi-feature k-means,0.6710369763689584,3877.3333333333335,1.0,3.033333333333333,129.24444444444444
mid_v2,8,19,Offline teacher,0.7529912957197287,4358.0,1.0,3.32,145.26666666666668
mid_v2,9,0,No grouping,0.6891841780840182,3000.0,1.0,3.0,100.0
mid_v2,9,0,CQI k-means,0.6891841780840183,3000.0,1.0,3.0,100.0
mid_v2,9,0,Resource-cost k-means,0.7314182029123646,4785.0,1.0,3.42,159.5
mid_v2,9,0,Multi-feature k-means,0.7246671455341075,4051.3333333333335,1.0,3.1866666666666665,135.04444444444445
mid_v2,9,0,Offline teacher,0.8004142413679205,5380.0,1.0,3.76,179.33333333333334
mid_v2,9,1,No grouping,0.6771841780840183,3000.0,1.0,3.0,100.0
mid_v2,9,1,CQI k-means,0.7081036494564944,4700.0,1.0,3.6,156.66666666666666
mid_v2,9,1,Resource-cost k-means,0.7472910389561204,4363.666666666667,1.0,3.3133333333333335,145.45555555555555
mid_v2,9,1,Multi-feature k-means,0.7510556487315747,4309.333333333333,1.0,3.3066666666666666,143.64444444444445
mid_v2,9,1,Offline teacher,0.7659813175298861,4481.333333333333,1.0,3.3866666666666667,149.37777777777777
mid_v2,9,2,No grouping,0.6858508447506849,3000.0,1.0,3.0,100.0
mid_v2,9,2,CQI k-means,0.6971739183380475,3650.0,1.0,3.0,121.66666666666667
mid_v2,9,2,Resource-cost k-means,0.7216082403682386,4338.666666666667,1.0,3.2533333333333334,144.62222222222223
mid_v2,9,2,Multi-feature k-means,0.7469261476657522,4223.333333333333,1.0,3.2666666666666666,140.77777777777777
mid_v2,9,2,Offline teacher,0.7821264125152259,4815.333333333333,0.9933333333333333,3.557046979865772,160.51111111111112
mid_v2,9,3,No grouping,0.6805175114173516,3000.0,1.0,3.0,100.0
mid_v2,9,3,CQI k-means,0.7195624215355146,3908.0,1.0,3.12,130.26666666666668
mid_v2,9,3,Resource-cost k-means,0.6805175114173516,3000.0,1.0,3.0,100.0
mid_v2,9,3,Multi-feature k-means,0.7469261476657523,4223.333333333333,1.0,3.2666666666666666,140.77777777777777
mid_v2,9,3,Offline teacher,0.7568765935312932,4338.0,1.0,3.32,144.6
mid_v2,9,4,No grouping,0.6805175114173516,3000.0,1.0,3.0,100.0
mid_v2,9,4,CQI k-means,0.7071243642035884,3764.6666666666665,1.0,3.0533333333333332,125.4888888888889
mid_v2,9,4,Resource-cost k-means,0.7457578656974434,4312.0,1.0,3.28,143.73333333333332
mid_v2,9,4,Multi-feature k-means,0.714587198602744,3850.6666666666665,1.0,3.0933333333333333,128.35555555555555
mid_v2,9,4,Offline teacher,0.766554885783716,5166.333333333333,0.9933333333333333,3.6577181208053693,172.2111111111111
mid_v2,9,5,No grouping,0.6845175114173516,3000.0,1.0,3.0,100.0
mid_v2,9,5,CQI k-means,0.7293338122007741,4051.3333333333335,1.0,3.1866666666666665,135.04444444444445
mid_v2,9,5,Resource-cost k-means,0.7610837044189005,4960.0,1.0,3.52,165.33333333333334
mid_v2,9,5,Multi-feature k-means,0.7765984300620937,4596.0,1.0,3.44,153.2
mid_v2,9,5,Offline teacher,0.8100806750025612,5415.0,1.0,3.78,180.5
mid_v2,9,6,No grouping,0.6825175114173515,3000.0,1.0,3.0,100.0
mid_v2,9,6,CQI k-means,0.711945345678028,4860.0,1.0,3.68,162.0
mid_v2,9,6,Resource-cost k-means,0.753185149797397,4395.333333333333,1.0,3.3466666666666667,146.51111111111112
mid_v2,9,6,Multi-feature k-means,0.753185149797397,4395.333333333333,1.0,3.3466666666666667,146.51111111111112
mid_v2,9,6,Offline teacher,0.7755736529948644,4653.333333333333,1.0,3.466666666666667,155.11111111111111
mid_v2,9,7,No grouping,0.6765175114173516,3000.0,1.0,3.0,100.0
mid_v2,9,7,CQI k-means,0.709791030870255,3764.6666666666665,1.0,3.0533333333333332,125.4888888888889
mid_v2,9,7,Resource-cost k-means,0.7132192711067191,4150.666666666667,1.0,3.1733333333333333,138.35555555555555
mid_v2,9,7,Multi-feature k-means,0.7054502713509573,4082.6666666666665,1.0,3.16,136.0888888888889
mid_v2,9,7,Offline teacher,0.7854597458485592,4815.333333333333,0.9933333333333333,3.557046979865772,160.51111111111112
mid_v2,9,8,No grouping,0.6811841780840183,3000.0,1.0,3.0,100.0
mid_v2,9,8,CQI k-means,0.6913529735383289,3621.3333333333335,1.0,2.986666666666667,120.71111111111111
mid_v2,9,8,Resource-cost k-means,0.7130860347391619,4610.0,1.0,3.32,153.66666666666666
mid_v2,9,8,Multi-feature k-means,0.743592814332419,4223.333333333333,1.0,3.2666666666666666,140.77777777777777
mid_v2,9,8,Offline teacher,0.7485680372651895,4280.666666666667,1.0,3.2933333333333334,142.6888888888889
mid_v2,9,9,No grouping,0.6965175114173516,3000.0,1.0,3.0,100.0
mid_v2,9,9,CQI k-means,0.7584689289962714,4510.0,1.0,3.4,150.33333333333334
mid_v2,9,9,Resource-cost k-means,0.7217517692777241,4750.0,1.0,3.4,158.33333333333334
mid_v2,9,9,Multi-feature k-means,0.7584689289962714,4510.0,1.0,3.4,150.33333333333334
mid_v2,9,9,Offline teacher,0.7808574321937385,4768.0,1.0,3.52,158.93333333333334
mid_v2,9,10,No grouping,0.6791841780840183,3000.0,1.0,3.0,100.0
mid_v2,9,10,CQI k-means,0.7002445102425015,3302.6666666666665,1.0,2.953333333333333,110.08888888888889
mid_v2,9,10,Resource-cost k-means,0.7538518164640637,4395.333333333333,1.0,3.3466666666666667,146.51111111111112
mid_v2,9,10,Multi-feature k-means,0.7339509247329817,4166.0,1.0,3.24,138.86666666666667
mid_v2,9,10,Offline teacher,0.7870813740986395,5310.0,1.0,3.72,177.0
mid_v2,9,11,No grouping,0.6911841780840183,3000.0,1.0,3.0,100.0
mid_v2,9,11,CQI k-means,0.6911841780840183,3000.0,1.0,3.0,100.0
mid_v2,9,11,Resource-cost k-means,0.7680830053228224,5065.0,1.0,3.58,168.83333333333334
mid_v2,9,11,Multi-feature k-means,0.7050748100691295,3879.3333333333335,1.0,3.1066666666666665,129.3111111111111
mid_v2,9,11,Offline teacher,0.7974144743999467,5345.0,1.0,3.74,178.16666666666666
mid_v2,9,12,No grouping,0.6738508447506848,3000.0,1.0,3.0,100.0
mid_v2,9,12,CQI k-means,0.7472842580663152,4166.0,1.0,3.24,138.86666666666667
mid_v2,9,12,Resource-cost k-means,0.7404184359443907,4750.0,1.0,3.4,158.33333333333334
mid_v2,9,12,Multi-feature k-means,0.690420766264652,4400.0,1.0,3.2,146.66666666666666
mid_v2,9,12,Offline teacher,0.777135595662938,4510.0,1.0,3.4,150.33333333333334
mid_v2,9,13,No grouping,0.6751841780840183,3000.0,1.0,3.0,100.0
mid_v2,9,13,CQI k-means,0.7092538652694108,3850.6666666666665,1.0,3.0933333333333333,128.35555555555555
mid_v2,9,13,Resource-cost k-means,0.7324184359443907,4750.0,1.0,3.4,158.33333333333334
mid_v2,9,13,Multi-feature k-means,0.7515432601979599,4338.0,1.0,3.32,144.6
mid_v2,9,13,Offline teacher,0.7614937060635011,4452.666666666667,1.0,3.3733333333333335,148.42222222222222
mid_v2,9,14,No grouping,0.6878508447506849,3000.0,1.0,3.0,100.0
mid_v2,9,14,CQI k-means,0.6913529735383289,3621.3333333333335,1.0,2.986666666666667,120.71111111111111
mid_v2,9,14,Resource-cost k-means,0.7167524683738024,4645.0,1.0,3.34,154.83333333333334
mid_v2,9,14,Multi-feature k-means,0.7286671455341075,4051.3333333333335,1.0,3.1866666666666665,135.04444444444445
mid_v2,9,14,Offline teacher,0.7647496719894891,5065.0,1.0,3.58,168.83333333333334
mid_v2,9,15,No grouping,0.6845175114173516,3000.0,1.0,3.0,100.0
mid_v2,9,15,CQI k-means,0.7111429918600434,3660.3333333333335,1.0,3.033333333333333,122.0111111111111
mid_v2,9,15,Resource-cost k-means,0.7360848695790313,4785.0,1.0,3.42,159.5
mid_v2,9,15,Multi-feature k-means,0.7467470924654708,4252.0,1.0,3.28,141.73333333333332
mid_v2,9,15,Offline teacher,0.7989869332595609,4854.0,1.0,3.56,161.8
mid_v2,9,16,No grouping,0.4406030583591544,1500.0,1.0,2.0,50.0
mid_v2,9,16,CQI k-means,0.6567246982234897,3290.0,1.0,2.9466666666666668,109.66666666666667
mid_v2,9,16,Resource-cost k-means,0.7150855686751096,4680.0,1.0,3.36,156.0
mid_v2,9,16,Multi-feature k-means,0.7100858017071358,4645.0,1.0,3.34,154.83333333333334
mid_v2,9,16,Offline teacher,0.728751536245698,4785.0,1.0,3.42,159.5
mid_v2,9,17,No grouping,0.6831841780840182,3000.0,1.0,3.0,100.0
mid_v2,9,17,CQI k-means,0.6831841780840182,3000.0,1.0,3.0,100.0
mid_v2,9,17,Resource-cost k-means,0.7557503710855674,4960.0,1.0,3.52,165.33333333333334
mid_v2,9,17,Multi-feature k-means,0.7289757018002112,4108.666666666667,1.0,3.2133333333333334,136.95555555555555
mid_v2,9,17,Offline teacher,0.7997690971567931,5057.333333333333,1.0,3.6266666666666665,168.57777777777778
mid_v2,9,18,No grouping,0.6898508447506849,3000.0,1.0,3.0,100.0
mid_v2,9,18,CQI k-means,0.689850844750685,3000.0,1.0,3.0,100.0
mid_v2,9,18,Resource-cost k-means,0.7034196011045214,4575.0,1.0,3.3,152.5
mid_v2,9,18,Multi-feature k-means,0.7092538652694107,3850.6666666666665,1.0,3.0933333333333333,128.35555555555555
mid_v2,9,18,Offline teacher,0.7789069863281977,4653.333333333333,1.0,3.466666666666667,155.11111111111111
mid_v2,9,19,No grouping,0.6811841780840183,3000.0,1.0,3.0,100.0
mid_v2,9,19,CQI k-means,0.6980196402049956,3621.3333333333335,1.0,2.986666666666667,120.71111111111111
mid_v2,9,19,Resource-cost k-means,0.7339340937156881,4246.0,1.0,3.24,141.53333333333333
mid_v2,9,19,Multi-feature k-means,0.7082476609764176,4026.6666666666665,1.0,3.1533333333333333,134.22222222222223
mid_v2,9,19,Offline teacher,0.7637379093177586,4557.333333333333,0.9933333333333333,3.436241610738255,151.9111111111111
mid_v2,10,0,No grouping,0.6878508447506849,3000.0,1.0,3.0,100.0
mid_v2,10,0,CQI k-means,0.7210252559346703,3994.0,1.0,3.16,133.13333333333333
mid_v2,10,0,Resource-cost k-means,0.7577503710855672,4960.0,1.0,3.52,165.33333333333334
mid_v2,10,0,Multi-feature k-means,0.7608270393968342,4452.666666666667,1.0,3.3733333333333335,148.42222222222222
mid_v2,10,0,Offline teacher,0.8030809080345873,5380.0,1.0,3.76,179.33333333333334
mid_v2,10,1,No grouping,0.6845175114173516,3000.0,1.0,3.0,100.0
mid_v2,10,1,CQI k-means,0.7208957548688478,3908.0,1.0,3.12,130.26666666666668
mid_v2,10,1,Resource-cost k-means,0.7557223153982413,4309.333333333333,1.0,3.3066666666666666,143.64444444444445
mid_v2,10,1,Multi-feature k-means,0.7557223153982413,4309.333333333333,1.0,3.3066666666666666,143.64444444444445
mid_v2,10,1,Offline teacher,0.7804053710265554,4742.0,1.0,3.48,158.06666666666666
mid_v2,10,2,No grouping,0.6818508447506849,3000.0,1.0,3.0,100.0
mid_v2,10,2,CQI k-means,0.7235677782435413,3767.6666666666665,1.0,3.0866666666666664,125.58888888888889
mid_v2,10,2,Resource-cost k-means,0.712813321941567,4978.666666666667,1.0,3.4133333333333336,165.95555555555555
mid_v2,10,2,Multi-feature k-means,0.7026473265973053,3933.3333333333335,1.0,3.0933333333333333,131.11111111111111
mid_v2,10,2,Offline teacher,0.7774812923125043,4936.666666666667,1.0,3.533333333333333,164.55555555555554
mid_v2,10,3,No grouping,0.6791841780840183,3000.0,1.0,3.0,100.0
mid_v2,10,3,CQI k-means,0.6791841780840183,3000.0,1.0,3.0,100.0
mid_v2,10,3,Resource-cost k-means,0.7651673866519989,4615.333333333333,1.0,3.4266666666666667,153.84444444444443
mid_v2,10,3,Multi-feature k-means,0.773931763395427,4596.0,1.0,3.44,153.2
mid_v2,10,3,Offline teacher,0.8150025271790783,5103.333333333333,1.0,3.6666666666666665,170.11111111111111
mid_v2,10,4,No grouping,0.6865175114173516,3000.0,1.0,3.0,100.0
mid_v2,10,4,CQI k-means,0.6911739183380475,3650.0,1.0,3.0,121.66666666666667
mid_v2,10,4,Resource-cost k-means,0.7404179698803386,4820.0,1.0,3.44,160.66666666666666
mid_v2,10,4,Multi-feature k-means,0.6906948867387533,3858.6666666666665,1.0,3.0533333333333332,128.62222222222223
mid_v2,10,4,Offline teacher,0.7705544197196639,5236.333333333333,0.9933333333333333,3.697986577181208,174.54444444444445
mid_v2,10,5,No grouping,0.6898508447506849,3000.0,1.0,3.0,100.0
mid_v2,10,5,CQI k-means,0.7517223153982413,4309.333333333333,1.0,3.3066666666666666,143.64444444444445
mid_v2,10,5,Resource-cost k-means,0.7374182029123646,4785.0,1.0,3.42,159.5
mid_v2,10,5,Multi-feature k-means,0.6898508447506849,3000.0,1.0,3.0,100.0
mid_v2,10,5,Offline teacher,0.7704161056241297,5100.0,1.0,3.6,170.0
mid_v2,10,6,No grouping,0.6825175114173515,3000.0,1.0,3.0,100.0
mid_v2,10,6,CQI k-means,0.7200500330018998,3936.6666666666665,1.0,3.1333333333333333,131.22222222222223
mid_v2,10,6,Resource-cost k-means,0.7430846365470053,4820.0,1.0,3.44,160.66666666666666
mid_v2,10,6,Multi-feature k-means,0.7598518164640637,4395.333333333333,1.0,3.3466666666666667,146.51111111111112
mid_v2,10,6,Offline teacher,0.7907435250474334,4930.0,0.9933333333333333,3.610738255033557,164.33333333333334
mid_v2,10,7,No grouping,0.6831841780840183,3000.0,1.0,3.0,100.0
mid_v2,10,7,CQI k-means,0.7031243642035886,3764.6666666666665,1.0,3.0533333333333332,125.4888888888889
mid_v2,10,7,Resource-cost k-means,0.7347515362456981,4785.0,1.0,3.42,159.5
mid_v2,10,7,Multi-feature k-means,0.7479013705985227,4280.666666666667,1.0,3.2933333333333334,142.6888888888889
mid_v2,10,7,Offline teacher,0.7714158725921035,5135.0,1.0,3.62,171.16666666666666
mid_v2,10,8,No grouping,0.6838508447506849,3000.0,1.0,3.0,100.0
mid_v2,10,8,CQI k-means,0.6863777506055585,3564.0,1.0,2.96,118.8
mid_v2,10,8,Resource-cost k-means,0.7287234805583719,4134.333333333333,1.0,3.2066666666666666,137.8111111111111
mid_v2,10,8,Multi-feature k-means,0.7261795340677222,4022.6666666666665,1.0,3.1733333333333333,134.0888888888889
mid_v2,10,8,Offline teacher,0.7484253274062405,4495.333333333333,1.0,3.3466666666666667,149.84444444444443
mid_v2,10,9,No grouping,0.6885175114173516,3000.0,1.0,3.0,100.0
mid_v2,10,9,CQI k-means,0.6885175114173516,3000.0,1.0,3.0,100.0
mid_v2,10,9,Resource-cost k-means,0.7147524683738024,4645.0,1.0,3.34,154.83333333333334
mid_v2,10,9,Multi-feature k-means,0.7031243642035886,3764.6666666666665,1.0,3.0533333333333332,125.4888888888889
mid_v2,10,9,Offline teacher,0.7565548857837161,5166.333333333333,0.9933333333333333,3.6577181208053693,172.2111111111111
mid_v2,10,10,No grouping,0.6905175114173516,3000.0,1.0,3.0,100.0
mid_v2,10,10,CQI k-means,0.6905175114173516,3000.0,1.0,3.0,100.0
mid_v2,10,10,Resource-cost k-means,0.7345036842533433,4328.0,0.9933333333333333,3.3288590604026846,144.26666666666668
mid_v2,10,10,Multi-feature k-means,0.7210252559346703,3994.0,1.0,3.16,133.13333333333333
mid_v2,10,10,Offline teacher,0.7668426333163515,4700.666666666667,0.9933333333333333,3.5033557046979866,156.6888888888889
mid_v2,10,11,No grouping,0.6905175114173516,3000.0,1.0,3.0,100.0
mid_v2,10,11,CQI k-means,0.6905175114173516,3000.0,1.0,3.0,100.0
mid_v2,10,11,Resource-cost k-means,0.7240853356430834,4715.0,1.0,3.38,157.16666666666666
mid_v2,10,11,Multi-feature k-means,0.6905175114173516,3000.0,1.0,3.0,100.0
mid_v2,10,11,Offline teacher,0.761774254659091,4744.666666666667,1.0,3.453333333333333,158.15555555555557
mid_v2,10,12,No grouping,0.6885175114173516,3000.0,1.0,3.0,100.0
mid_v2,10,12,CQI k-means,0.6903281964710993,3678.6666666666665,1.0,3.013333333333333,122.62222222222222
mid_v2,10,12,Resource-cost k-means,0.7394177368483124,4855.0,1.0,3.46,161.83333333333334
mid_v2,10,12,Multi-feature k-means,0.7351052028660335,4194.666666666667,1.0,3.2533333333333334,139.82222222222222
mid_v2,10,12,Offline teacher,0.7848574321937385,4768.0,1.0,3.52,158.93333333333334
mid_v2,10,13,No grouping,0.6878508447506849,3000.0,1.0,3.0,100.0
mid_v2,10,13,CQI k-means,0.7037910308702552,3764.6666666666665,1.0,3.0533333333333332,125.4888888888889
mid_v2,10,13,Resource-cost k-means,0.7290851026110574,4750.0,1.0,3.4,158.33333333333334
mid_v2,10,13,Multi-feature k-means,0.7485680372651893,4280.666666666667,1.0,3.2933333333333334,142.6888888888889
mid_v2,10,13,Offline teacher,0.7548884521490755,5131.333333333333,0.9933333333333333,3.6375838926174495,171.04444444444445
mid_v2,10,14,No grouping,0.6805175114173516,3000.0,1.0,3.0,100.0
mid_v2,10,14,CQI k-means,0.7073034194038696,3736.0,1.0,3.04,124.53333333333333
mid_v2,10,14,Resource-cost k-means,0.7164193680724952,4610.0,1.0,3.32,153.66666666666666
mid_v2,10,14,Multi-feature k-means,0.7471052028660335,4194.666666666667,1.0,3.2533333333333334,139.82222222222222
mid_v2,10,14,Offline teacher,0.7520804257988041,4252.0,1.0,3.28,141.73333333333332
mid_v2,10,15,No grouping,0.6771841780840183,3000.0,1.0,3.0,100.0
mid_v2,10,15,CQI k-means,0.6978405850047141,3650.0,1.0,3.0,121.66666666666667
mid_v2,10,15,Resource-cost k-means,0.7635588541174771,4586.0,0.9933333333333333,3.4496644295302015,152.86666666666667
mid_v2,10,15,Multi-feature k-means,0.6771841780840183,3000.0,1.0,3.0,100.0
mid_v2,10,15,Offline teacher,0.7821264125152257,4815.333333333333,0.9933333333333333,3.557046979865772,160.51111111111112
mid_v2,10,16,No grouping,0.6791841780840183,3000.0,1.0,3.0,100.0
mid_v2,10,16,CQI k-means,0.7044576975369218,3764.6666666666665,1.0,3.0533333333333332,125.4888888888889
mid_v2,10,16,Resource-cost k-means,0.7075064061944871,4377.333333333333,1.0,3.2266666666666666,145.9111111111111
mid_v2,10,16,Multi-feature k-means,0.688516603638512,3989.3333333333335,1.0,3.1,132.9777777777778
mid_v2,10,16,Offline teacher,0.7586703257026282,4784.666666666667,1.0,3.453333333333333,159.48888888888888
mid_v2,10,17,No grouping,0.6778508447506849,3000.0,1.0,3.0,100.0
mid_v2,10,17,CQI k-means,0.7570556487315746,4309.333333333333,1.0,3.3066666666666666,143.64444444444445
mid_v2,10,17,Resource-cost k-means,0.6992474040628422,4205.333333333333,1.0,3.1466666666666665,140.17777777777778
mid_v2,10,17,Multi-feature k-means,0.7446175913996484,4166.0,1.0,3.24,138.86666666666667
mid_v2,10,17,Offline teacher,0.7620308716643452,4366.666666666667,1.0,3.3333333333333335,145.55555555555554
mid_v2,10,18,No grouping,0.6825175114173515,3000.0,1.0,3.0,100.0
mid_v2,10,18,CQI k-means,0.7148957548688478,3908.0,1.0,3.12,130.26666666666668
mid_v2,10,18,Resource-cost k-means,0.7383476070124111,4411.666666666667,1.0,3.3133333333333335,147.05555555555554
mid_v2,10,18,Multi-feature k-means,0.7571851497973969,4395.333333333333,1.0,3.3466666666666667,146.51111111111112
mid_v2,10,18,Offline teacher,0.790564469847152,4958.666666666667,0.9933333333333333,3.6241610738255035,165.2888888888889
mid_v2,10,19,No grouping,0.6791841780840183,3000.0,1.0,3.0,100.0
mid_v2,10,19,CQI k-means,0.7232043111349516,3965.3333333333335,1.0,3.1466666666666665,132.17777777777778
mid_v2,10,19,Resource-cost k-means,0.7754441519290418,4567.333333333333,1.0,3.4266666666666667,152.24444444444444
mid_v2,10,19,Multi-feature k-means,0.7580308716643451,4366.666666666667,1.0,3.3333333333333335,145.55555555555554
mid_v2,10,19,Offline teacher,0.8152459353912057,5026.0,1.0,3.64,167.53333333333333
mid_v2,11,0,No grouping,0.6865175114173517,3000.0,1.0,3.0,100.0
mid_v2,11,0,CQI k-means,0.6915320287386104,3592.6666666666665,1.0,2.973333333333333,119.75555555555556
mid_v2,11,0,Resource-cost k-means,0.7144193680724953,4610.0,1.0,3.32,153.66666666666666
mid_v2,11,0,Multi-feature k-means,0.7238709778016185,3965.3333333333335,1.0,3.1466666666666665,132.17777777777778
mid_v2,11,0,Offline teacher,0.7572502978513733,4528.666666666667,0.9933333333333333,3.422818791946309,150.95555555555555
mid_v2,11,1,No grouping,0.6871841780840183,3000.0,1.0,3.0,100.0
mid_v2,11,1,CQI k-means,0.7105871986027442,3850.6666666666665,1.0,3.0933333333333333,128.35555555555555
mid_v2,11,1,Resource-cost k-means,0.7011978499283833,4320.0,1.0,3.2,144.0
mid_v2,11,1,Multi-feature k-means,0.7528765935312932,4338.0,1.0,3.32,144.6
mid_v2,11,1,Offline teacher,0.7553642049976785,4366.666666666667,1.0,3.3333333333333335,145.55555555555554
mid_v2,11,2,No grouping,0.683850844750685,3000.0,1.0,3.0,100.0
mid_v2,11,2,CQI k-means,0.6936615298044326,3678.6666666666665,1.0,3.013333333333333,122.62222222222222
mid_v2,11,2,Resource-cost k-means,0.7104193680724953,4610.0,1.0,3.32,153.66666666666666
mid_v2,11,2,Multi-feature k-means,0.7284880903338259,4080.0,1.0,3.2,136.0
mid_v2,11,2,Offline teacher,0.7384385361993672,4194.666666666667,1.0,3.2533333333333334,139.82222222222222
mid_v2,11,3,No grouping,0.6825175114173515,3000.0,1.0,3.0,100.0
mid_v2,11,3,CQI k-means,0.7064576975369217,3764.6666666666665,1.0,3.0533333333333332,125.4888888888889
mid_v2,11,3,Resource-cost k-means,0.7885488759276347,4710.666666666667,1.0,3.493333333333333,157.0222222222222
mid_v2,11,3,Multi-feature k-means,0.741284258066315,4166.0,1.0,3.24,138.86666666666667
mid_v2,11,3,Offline teacher,0.7910364873940199,4739.333333333333,1.0,3.506666666666667,157.9777777777778
mid_v2,11,4,No grouping,0.6818508447506849,3000.0,1.0,3.0,100.0
mid_v2,11,4,CQI k-means,0.7104081434024626,3879.3333333333335,1.0,3.1066666666666665,129.3111111111111
mid_v2,11,4,Resource-cost k-means,0.7477083115629845,4426.666666666667,1.0,3.3333333333333335,147.55555555555554
mid_v2,11,4,Multi-feature k-means,0.7387285477983346,4082.6666666666665,1.0,3.24,136.0888888888889
mid_v2,11,4,Offline teacher,0.8024142413679206,5380.0,1.0,3.76,179.33333333333334
mid_v2,11,5,No grouping,0.6905175114173516,3000.0,1.0,3.0,100.0
mid_v2,11,5,CQI k-means,0.6909948631377659,3678.6666666666665,1.0,3.013333333333333,122.62222222222222
mid_v2,11,5,Resource-cost k-means,0.7506975383310117,4366.666666666667,1.0,3.3333333333333335,145.55555555555554
mid_v2,11,5,Multi-feature k-means,0.7446234116662034,4269.333333333333,1.0,3.32,142.3111111111111
mid_v2,11,5,Offline teacher,0.7890813740986395,5310.0,1.0,3.72,177.0
mid_v2,11,6,No grouping,0.6831841780840183,3000.0,1.0,3.0,100.0
mid_v2,11,6,CQI k-means,0.7205376444682849,3965.3333333333335,1.0,3.1466666666666665,132.17777777777778
mid_v2,11,6,Resource-cost k-means,0.7425903787712648,4584.0,1.0,3.36,152.8
mid_v2,11,6,Multi-feature k-means,0.7777527081951457,4624.666666666667,1.0,3.453333333333333,154.15555555555557
mid_v2,11,6,Offline teacher,0.8026791720355873,4980.0,1.0,3.6,166.0
mid_v2,11,7,No grouping,0.6831841780840183,3000.0,1.0,3.0,100.0
mid_v2,11,7,CQI k-means,0.7331045811939056,3584.0,1.0,3.06,119.46666666666667
mid_v2,11,7,Resource-cost k-means,0.7576727612637822,4424.0,1.0,3.36,147.46666666666667
mid_v2,11,7,Multi-feature k-means,0.7427470924654709,4252.0,1.0,3.28,141.73333333333332
mid_v2,11,7,Offline teacher,0.7924993217931757,4825.333333333333,1.0,3.546666666666667,160.84444444444443
mid_v2,11,8,No grouping,0.6898508447506849,3000.0,1.0,3.0,100.0
mid_v2,11,8,CQI k-means,0.7230252559346703,3994.0,1.0,3.16,133.13333333333333
mid_v2,11,8,Resource-cost k-means,0.7777527081951456,4624.666666666667,1.0,3.453333333333333,154.15555555555557
mid_v2,11,8,Multi-feature k-means,0.7404385361993671,4194.666666666667,1.0,3.2533333333333334,139.82222222222222
mid_v2,11,8,Offline teacher,0.8175544916573095,5083.333333333333,1.0,3.6666666666666665,169.44444444444446
mid_v2,11,9,No grouping,0.6831841780840183,3000.0,1.0,3.0,100.0
mid_v2,11,9,CQI k-means,0.7184443921833831,3382.6666666666665,1.0,3.006666666666667,112.75555555555556
mid_v2,11,9,Resource-cost k-means,0.7988078780592794,4882.666666666667,1.0,3.5733333333333333,162.75555555555556
mid_v2,11,9,Multi-feature k-means,0.7304671018807478,4194.666666666667,1.0,3.2533333333333334,139.82222222222222
mid_v2,11,9,Offline teacher,0.8112459353912057,5026.0,1.0,3.64,167.53333333333333
mid_v2,11,10,No grouping,0.6805175114173516,3000.0,1.0,3.0,100.0
mid_v2,11,10,CQI k-means,0.7119205319360774,3850.6666666666665,1.0,3.0933333333333333,128.35555555555555
mid_v2,11,10,Resource-cost k-means,0.7741108185957085,4567.333333333333,1.0,3.4266666666666667,152.24444444444444
mid_v2,11,10,Multi-feature k-means,0.739284258066315,4166.0,1.0,3.24,138.86666666666667
mid_v2,11,10,Offline teacher,0.7964993217931756,4825.333333333333,1.0,3.546666666666667,160.84444444444443
mid_v2,11,11,No grouping,0.43326972502582106,1500.0,1.0,2.0,50.0
mid_v2,11,11,CQI k-means,0.6929661069519588,3581.0,1.0,2.96,119.36666666666666
mid_v2,11,11,Resource-cost k-means,0.6918489226755326,4070.6666666666665,1.0,3.0933333333333333,135.6888888888889
mid_v2,11,11,Multi-feature k-means,0.6497028980676125,3561.6666666666665,1.0,2.8733333333333335,118.72222222222223
mid_v2,11,11,Offline teacher,0.7396927176434672,4177.333333333333,1.0,3.2266666666666666,139.24444444444444
mid_v2,11,12,No grouping,0.6805175114173515,3000.0,1.0,3.0,100.0
mid_v2,11,12,CQI k-means,0.7233833663352333,3936.6666666666665,1.0,3.1333333333333333,131.22222222222223
mid_v2,11,12,Resource-cost k-means,0.7464179698803385,4820.0,1.0,3.44,160.66666666666666
mid_v2,11,12,Multi-feature k-means,0.7582099268646266,4338.0,1.0,3.32,144.6
mid_v2,11,12,Offline teacher,0.7631851497973972,4395.333333333333,1.0,3.3466666666666667,146.51111111111112
mid_v2,11,13,No grouping,0.6805175114173515,3000.0,1.0,3.0,100.0
mid_v2,11,13,CQI k-means,0.7295128674010556,4022.6666666666665,1.0,3.1733333333333333,134.0888888888889
mid_v2,11,13,Resource-cost k-means,0.7656587574285253,4541.333333333333,1.0,3.3866666666666667,151.37777777777777
mid_v2,11,13,Multi-feature k-means,0.680929410114118,3733.3333333333335,1.0,2.986666666666667,124.44444444444444
mid_v2,11,13,Offline teacher,0.8017039491028167,4922.666666666667,1.0,3.5733333333333333,164.0888888888889
mid_v2,11,14,No grouping,0.6745175114173516,3000.0,1.0,3.0,100.0
mid_v2,11,14,CQI k-means,0.7267166996685666,3936.6666666666665,1.0,3.1333333333333333,131.22222222222223
mid_v2,11,14,Resource-cost k-means,0.7177805146787147,4112.333333333333,1.0,3.1666666666666665,137.07777777777778
mid_v2,11,14,Multi-feature k-means,0.7466175913996483,4166.0,1.0,3.24,138.86666666666667
mid_v2,11,14,Offline teacher,0.7690060945971158,4424.0,1.0,3.36,147.46666666666667
mid_v2,11,15,No grouping,0.42860305835915435,1500.0,1.0,2.0,50.0
mid_v2,11,15,CQI k-means,0.5839352111013041,2300.0,1.0,2.533333333333333,76.66666666666667
mid_v2,11,15,Resource-cost k-means,0.7561455738527804,4386.666666666667,1.0,3.3333333333333335,146.22222222222223
mid_v2,11,15,Multi-feature k-means,0.6500287514150621,3469.0,1.0,2.86,115.63333333333334
mid_v2,11,15,Offline teacher,0.7909077813703278,4836.666666666667,1.0,3.533333333333333,161.22222222222223
mid_v2,11,16,No grouping,0.6885175114173516,3000.0,1.0,3.0,100.0
mid_v2,11,16,CQI k-means,0.6906863068716622,3621.3333333333335,1.0,2.986666666666667,120.71111111111111
mid_v2,11,16,Resource-cost k-means,0.7197522353417762,4680.0,1.0,3.36,156.0
mid_v2,11,16,Multi-feature k-means,0.7180500330018998,3936.6666666666665,1.0,3.1333333333333333,131.22222222222223
mid_v2,11,16,Offline teacher,0.7834149404639991,5275.0,1.0,3.7,175.83333333333334
mid_v2,11,17,No grouping,0.6791841780840182,3000.0,1.0,3.0,100.0
mid_v2,11,17,CQI k-means,0.7132538652694108,3850.6666666666665,1.0,3.0933333333333333,128.35555555555555
mid_v2,11,17,Resource-cost k-means,0.708007226453999,4105.333333333333,1.0,3.1466666666666665,136.84444444444443
mid_v2,11,17,Multi-feature k-means,0.7306671455341074,4051.3333333333335,1.0,3.1866666666666665,135.04444444444445
mid_v2,11,17,Offline teacher,0.7460274653406881,5162.666666666667,0.9866666666666667,3.675675675675676,172.0888888888889
mid_v2,11,18,No grouping,0.6838508447506849,3000.0,1.0,3.0,100.0
mid_v2,11,18,CQI k-means,0.6877110839388918,3564.0,1.0,2.96,118.8
mid_v2,11,18,Resource-cost k-means,0.691753633533933,4470.0,1.0,3.24,149.0
mid_v2,11,18,Multi-feature k-means,0.7275128674010555,4022.6666666666665,1.0,3.1733333333333333,134.0888888888889
mid_v2,11,18,Offline teacher,0.7374633132665965,4137.333333333333,1.0,3.2266666666666666,137.9111111111111
mid_v2,11,19,No grouping,0.6791841780840182,3000.0,1.0,3.0,100.0
mid_v2,11,19,CQI k-means,0.7011739183380474,3650.0,1.0,3.0,121.66666666666667
mid_v2,11,19,Resource-cost k-means,0.6857819128708714,3902.3333333333335,1.0,3.046666666666667,130.07777777777778
mid_v2,11,19,Multi-feature k-means,0.7434633132665965,4137.333333333333,1.0,3.2266666666666666,137.9111111111111
mid_v2,11,19,Offline teacher,0.7612502978513734,4528.666666666667,0.9933333333333333,3.422818791946309,150.95555555555555
mid_v2,12,0,No grouping,0.6811841780840183,3000.0,1.0,3.0,100.0
mid_v2,12,0,CQI k-means,0.6811841780840183,3000.0,1.0,3.0,100.0
mid_v2,12,0,Resource-cost k-means,0.6967534005019069,4505.0,1.0,3.26,150.16666666666666
mid_v2,12,0,Multi-feature k-means,0.7223585892680034,3994.0,1.0,3.16,133.13333333333333
mid_v2,12,0,Offline teacher,0.7223585892680038,3994.0,1.0,3.16,133.13333333333333
mid_v2,12,1,No grouping,0.6865175114173517,3000.0,1.0,3.0,100.0
mid_v2,12,1,CQI k-means,0.713741476735796,3879.3333333333335,1.0,3.1066666666666665,129.3111111111111
mid_v2,12,1,Resource-cost k-means,0.7496439585511384,4475.333333333333,1.0,3.3466666666666667,149.17777777777778
mid_v2,12,1,Multi-feature k-means,0.7460804257988042,4252.0,1.0,3.28,141.73333333333332
mid_v2,12,1,Offline teacher,0.7884151734960252,5240.0,1.0,3.68,174.66666666666666
mid_v2,12,2,No grouping,0.685850844750685,3000.0,1.0,3.0,100.0
mid_v2,12,2,CQI k-means,0.685850844750685,3000.0,1.0,3.0,100.0
mid_v2,12,2,Resource-cost k-means,0.7043009838427158,4096.666666666667,1.0,3.1333333333333333,136.55555555555554
mid_v2,12,2,Multi-feature k-means,0.685850844750685,3000.0,1.0,3.0,100.0
mid_v2,12,2,Offline teacher,0.7295128674010556,4022.6666666666665,1.0,3.1733333333333333,134.0888888888889
mid_v2,12,3,No grouping,0.6778508447506849,3000.0,1.0,3.0,100.0
mid_v2,12,3,CQI k-means,0.7056119756699737,3793.3333333333335,1.0,3.066666666666667,126.44444444444444
mid_v2,12,3,Resource-cost k-means,0.7410846365470052,4820.0,1.0,3.44,160.66666666666666
mid_v2,12,3,Multi-feature k-means,0.7578518164640635,4395.333333333333,1.0,3.3466666666666667,146.51111111111112
mid_v2,12,3,Offline teacher,0.773724700524632,4859.333333333333,1.0,3.506666666666667,161.9777777777778
mid_v2,12,4,No grouping,0.6758508447506849,3000.0,1.0,3.0,100.0
mid_v2,12,4,CQI k-means,0.7054824746041511,3707.3333333333335,1.0,3.026666666666667,123.57777777777778
mid_v2,12,4,Resource-cost k-means,0.6758508447506849,3000.0,1.0,3.0,100.0
mid_v2,12,4,Multi-feature k-means,0.7353338122007742,4051.3333333333335,1.0,3.1866666666666665,135.04444444444445
mid_v2,12,4,Offline teacher,0.7477718695327005,4194.666666666667,1.0,3.2533333333333334,139.82222222222222
mid_v2,12,5,No grouping,0.6765175114173516,3000.0,1.0,3.0,100.0
mid_v2,12,5,CQI k-means,0.7318214236671594,4080.0,1.0,3.2,136.0
mid_v2,12,5,Resource-cost k-means,0.7500844035149791,4855.0,1.0,3.46,161.83333333333334
mid_v2,12,5,Multi-feature k-means,0.7566975383310118,4366.666666666667,1.0,3.3333333333333335,145.55555555555554
mid_v2,12,5,Offline teacher,0.7927790753466355,4934.0,1.0,3.56,164.46666666666667
mid_v2,12,6,No grouping,0.6831841780840183,3000.0,1.0,3.0,100.0
mid_v2,12,6,CQI k-means,0.7144081434024627,3879.3333333333335,1.0,3.1066666666666665,129.3111111111111
mid_v2,12,6,Resource-cost k-means,0.8017480407653061,5310.0,1.0,3.72,177.0
mid_v2,12,6,Multi-feature k-means,0.7293338122007742,4051.3333333333335,1.0,3.1866666666666665,135.04444444444445
mid_v2,12,6,Offline teacher,0.8054144743999467,5345.0,1.0,3.74,178.16666666666666
mid_v2,12,7,No grouping,0.6805175114173516,3000.0,1.0,3.0,100.0
mid_v2,12,7,CQI k-means,0.7107662538030256,3822.0,1.0,3.08,127.4
mid_v2,12,7,Resource-cost k-means,0.767981317529886,4481.333333333333,1.0,3.3866666666666667,149.37777777777777
mid_v2,12,7,Multi-feature k-means,0.7455928143324188,4223.333333333333,1.0,3.2666666666666666,140.77777777777777
mid_v2,12,7,Offline teacher,0.7953450436601237,4796.666666666667,1.0,3.533333333333333,159.88888888888889
mid_v2,12,8,No grouping,0.6751841780840183,3000.0,1.0,3.0,100.0
mid_v2,12,8,CQI k-means,0.7276309093624165,3861.0,1.0,3.12,128.7
mid_v2,12,8,Resource-cost k-means,0.7437513032136718,4820.0,1.0,3.44,160.66666666666666
mid_v2,12,8,Multi-feature k-means,0.7347616313695048,4288.0,1.0,3.2733333333333334,142.93333333333334
mid_v2,12,8,Offline teacher,0.7726681564767476,5254.0,1.0,3.64,175.13333333333333
mid_v2,12,9,No grouping,0.6885175114173516,3000.0,1.0,3.0,100.0
mid_v2,12,9,CQI k-means,0.6994824746041514,3707.3333333333335,1.0,3.026666666666667,123.57777777777778
mid_v2,12,9,Resource-cost k-means,0.7367966465999298,4137.333333333333,1.0,3.2266666666666666,137.9111111111111
mid_v2,12,9,Multi-feature k-means,0.7293338122007741,4051.3333333333335,1.0,3.1866666666666665,135.04444444444445
mid_v2,12,9,Offline teacher,0.7716232071293232,4538.666666666667,1.0,3.4133333333333336,151.2888888888889
mid_v2,12,10,No grouping,0.6845175114173516,3000.0,1.0,3.0,100.0
mid_v2,12,10,CQI k-means,0.7105871986027442,3850.6666666666665,1.0,3.0933333333333333,128.35555555555555
mid_v2,12,10,Resource-cost k-means,0.751084170482953,4890.0,1.0,3.48,163.0
mid_v2,12,10,Multi-feature k-means,0.7412069155155248,4250.666666666667,1.0,3.2866666666666666,141.6888888888889
mid_v2,12,10,Offline teacher,0.8000811410666134,5345.0,1.0,3.74,178.16666666666666
mid_v2,12,11,No grouping,0.4346030583591544,1500.0,1.0,2.0,50.0
mid_v2,12,11,CQI k-means,0.621001641649734,2460.0,1.0,2.64,82.0
mid_v2,12,11,Resource-cost k-means,0.6993117570746884,4156.666666666667,1.0,3.1333333333333333,138.55555555555554
mid_v2,12,11,Multi-feature k-means,0.6671161783323092,3762.3333333333335,1.0,2.966666666666667,125.41111111111111
mid_v2,12,11,Offline teacher,0.7495284613205729,4272.0,1.0,3.28,142.4
mid_v2,12,12,No grouping,0.6785175114173516,3000.0,1.0,3.0,100.0
mid_v2,12,12,CQI k-means,0.7273925156426394,4541.666666666667,1.0,3.533333333333333,151.38888888888889
mid_v2,12,12,Resource-cost k-means,0.7630837044189007,4960.0,1.0,3.52,165.33333333333334
mid_v2,12,12,Multi-feature k-means,0.7709565404626566,4538.666666666667,1.0,3.4133333333333336,151.2888888888889
mid_v2,12,12,Offline teacher,0.7960816071306657,5275.0,1.0,3.7,175.83333333333334
mid_v2,12,13,No grouping,0.6891841780840183,3000.0,1.0,3.0,100.0
mid_v2,12,13,CQI k-means,0.696149141270818,3707.3333333333335,1.0,3.026666666666667,123.57777777777778
mid_v2,12,13,Resource-cost k-means,0.7459013705985228,4280.666666666667,1.0,3.2933333333333334,142.6888888888889
mid_v2,12,13,Multi-feature k-means,0.7210252559346703,3994.0,1.0,3.16,133.13333333333333
mid_v2,12,13,Offline teacher,0.7957480407653063,5310.0,1.0,3.72,177.0
mid_v2,12,14,No grouping,0.683850844750685,3000.0,1.0,3.0,100.0
mid_v2,12,14,CQI k-means,0.6997910308702551,3764.6666666666665,1.0,3.0533333333333332,125.4888888888889
mid_v2,12,14,Resource-cost k-means,0.7244460788280553,4432.0,1.0,3.28,147.73333333333332
mid_v2,12,14,Multi-feature k-means,0.683850844750685,3000.0,1.0,3.0,100.0
mid_v2,12,14,Offline teacher,0.7644689289962715,4510.0,1.0,3.4,150.33333333333334
mid_v2,12,15,No grouping,0.6731841780840184,3000.0,1.0,3.0,100.0
mid_v2,12,15,CQI k-means,0.7087662538030256,3822.0,1.0,3.08,127.4
mid_v2,12,15,Resource-cost k-means,0.7548625896960364,4455.333333333333,1.0,3.3466666666666667,148.51111111111112
mid_v2,12,15,Multi-feature k-means,0.6731841780840184,3000.0,1.0,3.0,100.0
mid_v2,12,15,Offline teacher,0.770549670969765,4891.333333333333,0.9866666666666667,3.608108108108108,163.04444444444445
mid_v2,12,16,No grouping,0.6898508447506849,3000.0,1.0,3.0,100.0
mid_v2,12,16,CQI k-means,0.6898508447506849,3000.0,1.0,3.0,100.0
mid_v2,12,16,Resource-cost k-means,0.7074196011045213,4575.0,1.0,3.3,152.5
mid_v2,12,16,Multi-feature k-means,0.6898508447506849,3000.0,1.0,3.0,100.0
mid_v2,12,16,Offline teacher,0.7481611677722977,4633.333333333333,0.9866666666666667,3.4864864864864864,154.44444444444446
mid_v2,12,17,No grouping,0.6818508447506849,3000.0,1.0,3.0,100.0
mid_v2,12,17,CQI k-means,0.7061432248920696,3625.3333333333335,1.0,3.013333333333333,120.84444444444445
mid_v2,12,17,Resource-cost k-means,0.7446431130742447,5202.666666666667,1.0,3.5733333333333333,173.42222222222222
mid_v2,12,17,Multi-feature k-means,0.7415928143324189,4223.333333333333,1.0,3.2666666666666666,140.77777777777777
mid_v2,12,17,Offline teacher,0.7662213194183568,5201.333333333333,0.9933333333333333,3.6778523489932886,173.37777777777777
mid_v2,12,18,No grouping,0.6731841780840184,3000.0,1.0,3.0,100.0
mid_v2,12,18,CQI k-means,0.7366671455341074,4051.3333333333335,1.0,3.1866666666666665,135.04444444444445
mid_v2,12,18,Resource-cost k-means,0.7374186689764168,4715.0,1.0,3.38,157.16666666666666
mid_v2,12,18,Multi-feature k-means,0.7441299799332631,4137.333333333333,1.0,3.2266666666666666,137.9111111111111
mid_v2,12,18,Offline teacher,0.7540804257988041,4252.0,1.0,3.28,141.73333333333332
mid_v2,12,19,No grouping,0.6818508447506849,3000.0,1.0,3.0,100.0
mid_v2,12,19,CQI k-means,0.6993034194038698,3736.0,1.0,3.04,124.53333333333333
mid_v2,12,19,Resource-cost k-means,0.7447510701816455,4855.0,1.0,3.46,161.83333333333334
mid_v2,12,19,Multi-feature k-means,0.6818508447506849,3000.0,1.0,3.0,100.0
mid_v2,12,19,Offline teacher,0.7594168047202078,4995.0,1.0,3.54,166.5
mid_v2,13,0,No grouping,0.6851841780840182,3000.0,1.0,3.0,100.0
mid_v2,13,0,CQI k-means,0.720717273348441,3693.0,1.0,3.06,123.1
mid_v2,13,0,Resource-cost k-means,0.7219584673616701,4403.333333333333,1.0,3.2666666666666666,146.77777777777777
mid_v2,13,0,Multi-feature k-means,0.757185149797397,4395.333333333333,1.0,3.3466666666666667,146.51111111111112
mid_v2,13,0,Offline teacher,0.7646479841965529,4481.333333333333,1.0,3.3866666666666667,149.37777777777777
mid_v2,13,1,No grouping,0.6891841780840183,3000.0,1.0,3.0,100.0
mid_v2,13,1,CQI k-means,0.6986367527372032,3736.0,1.0,3.04,124.53333333333333
mid_v2,13,1,Resource-cost k-means,0.7608270393968342,4452.666666666667,1.0,3.3733333333333335,148.42222222222222
mid_v2,13,1,Multi-feature k-means,0.7508765935312933,4338.0,1.0,3.32,144.6
mid_v2,13,1,Offline teacher,0.8031164343253832,4940.0,1.0,3.6,164.66666666666666
mid_v2,13,2,No grouping,0.6851841780840182,3000.0,1.0,3.0,100.0
mid_v2,13,2,CQI k-means,0.7085871986027441,3850.6666666666665,1.0,3.0933333333333333,128.35555555555555
mid_v2,13,2,Resource-cost k-means,0.732088138816714,4309.666666666667,1.0,3.2733333333333334,143.65555555555557
mid_v2,13,2,Multi-feature k-means,0.6851841780840182,3000.0,1.0,3.0,100.0
mid_v2,13,2,Offline teacher,0.7560834713868744,4995.0,1.0,3.54,166.5
mid_v2,13,3,No grouping,0.6805175114173516,3000.0,1.0,3.0,100.0
mid_v2,13,3,CQI k-means,0.7182290882021811,3908.0,1.0,3.12,130.26666666666668
mid_v2,13,3,Resource-cost k-means,0.7237522353417764,4680.0,1.0,3.36,156.0
mid_v2,13,3,Multi-feature k-means,0.7530556487315746,4309.333333333333,1.0,3.3066666666666666,143.64444444444445
mid_v2,13,3,Offline teacher,0.767749438957463,5100.0,1.0,3.6,170.0
mid_v2,13,4,No grouping,0.6825175114173515,3000.0,1.0,3.0,100.0
mid_v2,13,4,CQI k-means,0.7091243642035884,3764.6666666666665,1.0,3.0533333333333332,125.4888888888889
mid_v2,13,4,Resource-cost k-means,0.7220858017071358,4645.0,1.0,3.34,154.83333333333334
mid_v2,13,4,Multi-feature k-means,0.6825175114173515,3000.0,1.0,3.0,100.0
mid_v2,13,4,Offline teacher,0.7652658917708907,4776.666666666667,0.9866666666666667,3.554054054054054,159.22222222222223
mid_v2,13,5,No grouping,0.6745175114173516,3000.0,1.0,3.0,100.0
mid_v2,13,5,CQI k-means,0.706636752737203,3736.0,1.0,3.04,124.53333333333333
mid_v2,13,5,Resource-cost k-means,0.7163735492397713,4179.333333333333,1.0,3.1866666666666665,139.3111111111111
mid_v2,13,5,Multi-feature k-means,0.7439509247329816,4166.0,1.0,3.24,138.86666666666667
mid_v2,13,5,Offline teacher,0.7609573355047867,4719.333333333333,0.9866666666666667,3.527027027027027,157.3111111111111
mid_v2,13,6,No grouping,0.6805175114173516,3000.0,1.0,3.0,100.0
mid_v2,13,6,CQI k-means,0.7503537538276096,3959.0,1.0,3.2,131.96666666666667
mid_v2,13,6,Resource-cost k-means,0.792082073194718,5205.0,1.0,3.66,173.5
mid_v2,13,6,Multi-feature k-means,0.7565184831307303,4395.333333333333,1.0,3.3466666666666667,146.51111111111112
mid_v2,13,6,Offline teacher,0.8177471086372017,5450.0,1.0,3.8,181.66666666666666
mid_v2,13,7,No grouping,0.6818508447506849,3000.0,1.0,3.0,100.0
mid_v2,13,7,CQI k-means,0.6969948631377659,3678.6666666666665,1.0,3.013333333333333,122.62222222222222
mid_v2,13,7,Resource-cost k-means,0.7137527014058285,4610.0,1.0,3.32,153.66666666666666
mid_v2,13,7,Multi-feature k-means,0.6818508447506849,3000.0,1.0,3.0,100.0
mid_v2,13,7,Offline teacher,0.7612658917708907,4776.666666666667,0.9866666666666667,3.554054054054054,159.22222222222223
mid_v2,13,8,No grouping,0.681850844750685,3000.0,1.0,3.0,100.0
mid_v2,13,8,CQI k-means,0.728021585654407,3784.0,1.0,3.1,126.13333333333334
mid_v2,13,8,Resource-cost k-means,0.7760851960515853,5352.0,1.0,3.68,178.4
mid_v2,13,8,Multi-feature k-means,0.681850844750685,3000.0,1.0,3.0,100.0
mid_v2,13,8,Offline teacher,0.7875537206235855,5341.333333333333,0.9933333333333333,3.7583892617449663,178.04444444444445
mid_v2,13,9,No grouping,0.6885175114173516,3000.0,1.0,3.0,100.0
mid_v2,13,9,CQI k-means,0.6959884076910038,3459.6666666666665,1.0,2.9466666666666668,115.32222222222222
mid_v2,13,9,Resource-cost k-means,0.6885175114173516,3000.0,1.0,3.0,100.0
mid_v2,13,9,Multi-feature k-means,0.7115624215355147,3908.0,1.0,3.12,130.26666666666668
mid_v2,13,9,Offline teacher,0.7284184359443908,4750.0,1.0,3.4,158.33333333333334
mid_v2,13,10,No grouping,0.6878508447506849,3000.0,1.0,3.0,100.0
mid_v2,13,10,CQI k-means,0.723291787868865,3690.6666666666665,1.0,3.066666666666667,123.02222222222223
mid_v2,13,10,Resource-cost k-means,0.7584541301188842,4444.0,1.0,3.36,148.13333333333333
mid_v2,13,10,Multi-feature k-means,0.7546975383310117,4366.666666666667,1.0,3.3333333333333335,145.55555555555554
mid_v2,13,10,Offline teacher,0.8044142413679206,5380.0,1.0,3.76,179.33333333333334
mid_v2,13,11,No grouping,0.6918508447506849,3000.0,1.0,3.0,100.0
mid_v2,13,11,CQI k-means,0.6918508447506849,3000.0,1.0,3.0,100.0
mid_v2,13,11,Resource-cost k-means,0.7364179698803386,4820.0,1.0,3.44,160.66666666666666
mid_v2,13,11,Multi-feature k-means,0.7170252559346704,3994.0,1.0,3.16,133.13333333333333
mid_v2,13,11,Offline teacher,0.7738872869889449,5306.333333333333,0.9933333333333333,3.738255033557047,176.87777777777777
mid_v2,13,12,No grouping,0.6891841780840183,3000.0,1.0,3.0,100.0
mid_v2,13,12,CQI k-means,0.6915631552434537,3422.3333333333335,1.0,2.933333333333333,114.07777777777778
mid_v2,13,12,Resource-cost k-means,0.7264184359443907,4750.0,1.0,3.4,158.33333333333334
mid_v2,13,12,Multi-feature k-means,0.7244880903338261,4080.0,1.0,3.2,136.0
mid_v2,13,12,Offline teacher,0.749222018514435,5096.333333333333,0.9933333333333333,3.61744966442953,169.87777777777777
mid_v2,13,13,No grouping,0.6731841780840182,3000.0,1.0,3.0,100.0
mid_v2,13,13,CQI k-means,0.7326671455341075,4051.3333333333335,1.0,3.1866666666666665,135.04444444444445
mid_v2,13,13,Resource-cost k-means,0.7287061834770261,4284.333333333333,1.0,3.2466666666666666,142.8111111111111
mid_v2,13,13,Multi-feature k-means,0.7600308716643451,4366.666666666667,1.0,3.3333333333333335,145.55555555555554
mid_v2,13,13,Offline teacher,0.771395392836713,4862.666666666667,0.9866666666666667,3.5945945945945947,162.0888888888889
mid_v2,13,14,No grouping,0.447269725025821,1500.0,1.0,2.0,50.0
mid_v2,13,14,CQI k-means,0.6597774126914115,3196.0,1.0,2.8,106.53333333333333
mid_v2,13,14,Resource-cost k-means,0.6310573383578569,2794.6666666666665,1.0,2.78,93.15555555555555
mid_v2,13,14,Multi-feature k-means,0.6375516121349544,2480.0,1.0,2.6533333333333333,82.66666666666667
mid_v2,13,14,Offline teacher,0.7234485143892095,4071.3333333333335,1.0,3.1866666666666665,135.7111111111111
mid_v2,13,15,No grouping,0.6818508447506849,3000.0,1.0,3.0,100.0
mid_v2,13,15,CQI k-means,0.7082786423366404,3793.3333333333335,1.0,3.066666666666667,126.44444444444444
mid_v2,13,15,Resource-cost k-means,0.7074196011045215,4575.0,1.0,3.3,152.5
mid_v2,13,15,Multi-feature k-means,0.745592814332419,4223.333333333333,1.0,3.2666666666666666,140.77777777777777
mid_v2,13,15,Offline teacher,0.7829069863281977,4653.333333333333,1.0,3.466666666666667,155.11111111111111
mid_v2,13,16,No grouping,0.6778508447506849,3000.0,1.0,3.0,100.0
mid_v2,13,16,CQI k-means,0.7109453090033071,3793.3333333333335,1.0,3.066666666666667,126.44444444444444
mid_v2,13,16,Resource-cost k-means,0.7030179996859717,4165.333333333333,1.0,3.1466666666666665,138.84444444444443
mid_v2,13,16,Multi-feature k-means,0.7482594809990857,4223.333333333333,1.0,3.2666666666666666,140.77777777777777
mid_v2,13,16,Offline teacher,0.7532347039318561,4280.666666666667,1.0,3.2933333333333334,142.6888888888889
mid_v2,13,17,No grouping,0.6911841780840183,3000.0,1.0,3.0,100.0
mid_v2,13,17,CQI k-means,0.7002786423366404,3793.3333333333335,1.0,3.066666666666667,126.44444444444444
mid_v2,13,17,Resource-cost k-means,0.7923202665928942,4854.0,1.0,3.56,161.8
mid_v2,13,17,Multi-feature k-means,0.7326175913996484,4166.0,1.0,3.24,138.86666666666667
mid_v2,13,17,Offline teacher,0.7923202665928943,4854.0,1.0,3.56,161.8
mid_v2,13,18,No grouping,0.6811841780840183,3000.0,1.0,3.0,100.0
mid_v2,13,18,CQI k-means,0.7066606294858625,3665.0,1.0,3.02,122.16666666666667
mid_v2,13,18,Resource-cost k-means,0.7472710492731884,4466.666666666667,1.0,3.3333333333333335,148.88888888888889
mid_v2,13,18,Multi-feature k-means,0.7462594809990855,4223.333333333333,1.0,3.2666666666666666,140.77777777777777
mid_v2,13,18,Offline teacher,0.7847139272926591,4799.333333333333,1.0,3.506666666666667,159.9777777777778
mid_v2,13,19,No grouping,0.6831841780840183,3000.0,1.0,3.0,100.0
mid_v2,13,19,CQI k-means,0.7069453090033071,3793.3333333333335,1.0,3.066666666666667,126.44444444444444
mid_v2,13,19,Resource-cost k-means,0.738751536245698,4785.0,1.0,3.42,159.5
mid_v2,13,19,Multi-feature k-means,0.7492347039318562,4280.666666666667,1.0,3.2933333333333334,142.6888888888889
mid_v2,13,19,Offline teacher,0.7689928858039888,4724.666666666667,1.0,3.453333333333333,157.48888888888888
mid_v2,14,0,No grouping,0.6765175114173515,3000.0,1.0,3.0,100.0
mid_v2,14,0,CQI k-means,0.6910444172722252,3564.0,1.0,2.96,118.8
mid_v2,14,0,Resource-cost k-means,0.7331911023418249,4266.0,1.0,3.24,142.2
mid_v2,14,0,Multi-feature k-means,0.723383366335233,3936.6666666666665,1.0,3.1333333333333333,131.22222222222223
mid_v2,14,0,Offline teacher,0.7507974416420601,4320.666666666667,1.0,3.2933333333333334,144.0222222222222
mid_v2,14,1,No grouping,0.6831841780840183,3000.0,1.0,3.0,100.0
mid_v2,14,1,CQI k-means,0.7033034194038699,3736.0,1.0,3.04,124.53333333333333
mid_v2,14,1,Resource-cost k-means,0.7324184359443907,4750.0,1.0,3.4,158.33333333333334
mid_v2,14,1,Multi-feature k-means,0.7406175913996484,4166.0,1.0,3.24,138.86666666666667
mid_v2,14,1,Offline teacher,0.7814154065280512,5205.0,1.0,3.66,173.5
mid_v2,14,2,No grouping,0.6771841780840182,3000.0,1.0,3.0,100.0
mid_v2,14,2,CQI k-means,0.7277870418995616,5020.0,1.0,3.76,167.33333333333334
mid_v2,14,2,Resource-cost k-means,0.7585184831307303,4395.333333333333,1.0,3.3466666666666667,146.51111111111112
mid_v2,14,2,Multi-feature k-means,0.7460804257988042,4252.0,1.0,3.28,141.73333333333332
mid_v2,14,2,Offline teacher,0.7933450436601238,4796.666666666667,1.0,3.533333333333333,159.88888888888889
mid_v2,14,3,No grouping,0.6845175114173516,3000.0,1.0,3.0,100.0
mid_v2,14,3,CQI k-means,0.7162920209008911,3655.6666666666665,1.0,3.046666666666667,121.85555555555555
mid_v2,14,3,Resource-cost k-means,0.7570837044189007,4960.0,1.0,3.52,165.33333333333334
mid_v2,14,3,Multi-feature k-means,0.7341725723919912,4101.333333333333,1.0,3.2333333333333334,136.7111111111111
mid_v2,14,3,Offline teacher,0.7709936808461191,4908.0,1.0,3.52,163.6
mid_v2,14,4,No grouping,0.6831841780840183,3000.0,1.0,3.0,100.0
mid_v2,14,4,CQI k-means,0.6991243642035884,3764.6666666666665,1.0,3.0533333333333332,125.4888888888889
mid_v2,14,4,Resource-cost k-means,0.7407510701816457,4855.0,1.0,3.46,161.83333333333334
mid_v2,14,4,Multi-feature k-means,0.6831841780840183,3000.0,1.0,3.0,100.0
mid_v2,14,4,Offline teacher,0.7695541866876376,5271.333333333333,0.9933333333333333,3.7181208053691277,175.7111111111111
mid_v2,14,5,No grouping,0.6811841780840183,3000.0,1.0,3.0,100.0
mid_v2,14,5,CQI k-means,0.7261795340677223,4022.6666666666665,1.0,3.1733333333333333,134.0888888888889
mid_v2,14,5,Resource-cost k-means,0.7272428830138181,4268.333333333333,1.0,3.2466666666666666,142.27777777777777
mid_v2,14,5,Multi-feature k-means,0.7435928143324189,4223.333333333333,1.0,3.2666666666666666,140.77777777777777
mid_v2,14,5,Offline teacher,0.7697494389574631,5100.0,1.0,3.6,170.0
mid_v2,14,6,No grouping,0.6865175114173516,3000.0,1.0,3.0,100.0
mid_v2,14,6,CQI k-means,0.6903053250612565,3090.0,1.0,2.8866666666666667,103.0
mid_v2,14,6,Resource-cost k-means,0.7077527014058287,4610.0,1.0,3.32,153.66666666666666
mid_v2,14,6,Multi-feature k-means,0.7520308716643452,4366.666666666667,1.0,3.3333333333333335,145.55555555555554
mid_v2,14,6,Offline teacher,0.7868574321937386,4768.0,1.0,3.52,158.93333333333334
mid_v2,14,7,No grouping,0.6891841780840183,3000.0,1.0,3.0,100.0
mid_v2,14,7,CQI k-means,0.6951739183380475,3650.0,1.0,3.0,121.66666666666667
mid_v2,14,7,Resource-cost k-means,0.7499013705985227,4280.666666666667,1.0,3.2933333333333334,142.6888888888889
mid_v2,14,7,Multi-feature k-means,0.7324880903338261,4080.0,1.0,3.2,136.0
mid_v2,14,7,Offline teacher,0.7897031540606866,4739.333333333333,1.0,3.506666666666667,157.9777777777778
mid_v2,14,8,No grouping,0.6778508447506849,3000.0,1.0,3.0,100.0
mid_v2,14,8,CQI k-means,0.7134329204696922,3822.0,1.0,3.08,127.4
mid_v2,14,8,Resource-cost k-means,0.7242994510701087,4316.333333333333,1.0,3.2466666666666666,143.87777777777777
mid_v2,14,8,Multi-feature k-means,0.7706479841965528,4481.333333333333,1.0,3.3866666666666667,149.37777777777777
mid_v2,14,8,Offline teacher,0.7756232071293232,4538.666666666667,1.0,3.4133333333333336,151.2888888888889
mid_v2,14,9,No grouping,0.6831841780840182,3000.0,1.0,3.0,100.0
mid_v2,14,9,CQI k-means,0.7104477702300614,3681.3333333333335,1.0,3.033333333333333,122.71111111111111
mid_v2,14,9,Resource-cost k-means,0.72875200230975,4715.0,1.0,3.38,157.16666666666666
mid_v2,14,9,Multi-feature k-means,0.7419509247329816,4166.0,1.0,3.24,138.86666666666667
mid_v2,14,9,Offline teacher,0.7892155425943014,4710.666666666667,1.0,3.493333333333333,157.0222222222222
mid_v2,14,10,No grouping,0.6825175114173515,3000.0,1.0,3.0,100.0
mid_v2,14,10,CQI k-means,0.6989948631377659,3678.6666666666665,1.0,3.013333333333333,122.62222222222222
mid_v2,14,10,Resource-cost k-means,0.7107529344378546,4575.0,1.0,3.3,152.5
mid_v2,14,10,Multi-feature k-means,0.7363090351335446,4108.666666666667,1.0,3.2133333333333334,136.95555555555555
mid_v2,14,10,Offline teacher,0.7487470924654709,4252.0,1.0,3.28,141.73333333333332
mid_v2,14,11,No grouping,0.6845175114173516,3000.0,1.0,3.0,100.0
mid_v2,14,11,CQI k-means,0.7096119756699737,3793.3333333333335,1.0,3.066666666666667,126.44444444444444
mid_v2,14,11,Resource-cost k-means,0.7343726171116667,4319.333333333333,1.0,3.2666666666666666,143.9777777777778
mid_v2,14,11,Multi-feature k-means,0.7568765935312931,4338.0,1.0,3.32,144.6
mid_v2,14,11,Offline teacher,0.7618518164640637,4395.333333333333,1.0,3.3466666666666667,146.51111111111112
mid_v2,14,12,No grouping,0.6878508447506849,3000.0,1.0,3.0,100.0
mid_v2,14,12,CQI k-means,0.7137414767357959,3879.3333333333335,1.0,3.1066666666666665,129.3111111111111
mid_v2,14,12,Resource-cost k-means,0.7210888379127923,4204.666666666667,1.0,3.2133333333333334,140.15555555555557
mid_v2,14,12,Multi-feature k-means,0.7435928143324189,4223.333333333333,1.0,3.2666666666666666,140.77777777777777
mid_v2,14,12,Offline teacher,0.793414940463999,5275.0,1.0,3.7,175.83333333333334
mid_v2,14,13,No grouping,0.6831841780840183,3000.0,1.0,3.0,100.0
mid_v2,14,13,CQI k-means,0.7185871986027441,3850.6666666666665,1.0,3.0933333333333333,128.35555555555555
mid_v2,14,13,Resource-cost k-means,0.7347034908754397,4237.333333333333,1.0,3.2266666666666666,141.24444444444444
mid_v2,14,13,Multi-feature k-means,0.748438536199367,4194.666666666667,1.0,3.2533333333333334,139.82222222222222
mid_v2,14,13,Offline teacher,0.7793302447827367,4729.333333333333,0.9933333333333333,3.5167785234899327,157.64444444444445
mid_v2,14,14,No grouping,0.6878508447506849,3000.0,1.0,3.0,100.0
mid_v2,14,14,CQI k-means,0.6878648010012983,3149.3333333333335,1.0,2.88,104.97777777777777
mid_v2,14,14,Resource-cost k-means,0.7327515362456978,4785.0,1.0,3.42,159.5
mid_v2,14,14,Multi-feature k-means,0.7269757018002112,4108.666666666667,1.0,3.2133333333333334,136.95555555555555
mid_v2,14,14,Offline teacher,0.7744156395600773,5170.0,1.0,3.64,172.33333333333334
mid_v2,14,15,No grouping,0.6865175114173517,3000.0,1.0,3.0,100.0
mid_v2,14,15,CQI k-means,0.7084081434024627,3879.3333333333335,1.0,3.1066666666666665,129.3111111111111
mid_v2,14,15,Resource-cost k-means,0.7514172707842601,4925.0,1.0,3.5,164.16666666666666
mid_v2,14,15,Multi-feature k-means,0.763135595662938,4510.0,1.0,3.4,150.33333333333334
mid_v2,14,15,Offline teacher,0.7917480407653062,5310.0,1.0,3.72,177.0
mid_v2,14,16,No grouping,0.6805175114173516,3000.0,1.0,3.0,100.0
mid_v2,14,16,CQI k-means,0.6805175114173516,3000.0,1.0,3.0,100.0
mid_v2,14,16,Resource-cost k-means,0.7064198341365475,4540.0,1.0,3.28,151.33333333333334
mid_v2,14,16,Multi-feature k-means,0.7670060945971154,4424.0,1.0,3.36,147.46666666666667
mid_v2,14,16,Offline teacher,0.7694937060635009,4452.666666666667,1.0,3.3733333333333335,148.42222222222222
mid_v2,14,17,No grouping,0.6778508447506849,3000.0,1.0,3.0,100.0
mid_v2,14,17,CQI k-means,0.68717896620776,3564.6666666666665,1.0,2.9466666666666668,118.82222222222222
mid_v2,14,17,Resource-cost k-means,0.7329980433062868,4412.0,1.0,3.28,147.06666666666666
mid_v2,14,17,Multi-feature k-means,0.6806748550402834,3933.3333333333335,1.0,3.0533333333333332,131.11111111111111
mid_v2,14,17,Offline teacher,0.7580834713868744,4995.0,1.0,3.54,166.5
mid_v2,14,18,No grouping,0.05777973312085848,550.0,1.0,1.0,18.333333333333332
mid_v2,14,18,CQI k-means,0.4997624887509255,3140.0,1.0,2.48,104.66666666666667
mid_v2,14,18,Resource-cost k-means,0.7085586142961339,4607.666666666667,1.0,3.3133333333333335,153.5888888888889
mid_v2,14,18,Multi-feature k-means,0.6985228455908981,3898.0,0.9933333333333333,3.12751677852349,129.93333333333334
mid_v2,14,18,Offline teacher,0.7486487792386831,4662.0,0.9866666666666667,3.5,155.4
mid_v2,14,19,No grouping,0.6798508447506848,3000.0,1.0,3.0,100.0
mid_v2,14,19,CQI k-means,0.7041491412708177,3707.3333333333335,1.0,3.026666666666667,123.57777777777778
mid_v2,14,19,Resource-cost k-means,0.7020867338352403,4505.0,1.0,3.26,150.16666666666666
mid_v2,14,19,Multi-feature k-means,0.6798508447506848,3000.0,1.0,3.0,100.0
mid_v2,14,19,Offline teacher,0.7563889820649081,4309.333333333333,1.0,3.3066666666666666,143.64444444444445
mid_v2,15,0,No grouping,0.685850844750685,3000.0,1.0,3.0,100.0
mid_v2,15,0,CQI k-means,0.7168957548688479,3908.0,1.0,3.12,130.26666666666668
mid_v2,15,0,Resource-cost k-means,0.7474177368483124,4855.0,1.0,3.46,161.83333333333334
mid_v2,15,0,Multi-feature k-means,0.7790860415284788,4624.666666666667,1.0,3.453333333333333,154.15555555555557
mid_v2,15,0,Offline teacher,0.7975396927799225,5016.0,0.9933333333333333,3.651006711409396,167.2
mid_v2,15,1,No grouping,0.6851841780840182,3000.0,1.0,3.0,100.0
mid_v2,15,1,CQI k-means,0.6851841780840182,3000.0,1.0,3.0,100.0
mid_v2,15,1,Resource-cost k-means,0.7483749782296509,4426.666666666667,1.0,3.3333333333333335,147.55555555555554
mid_v2,15,1,Multi-feature k-means,0.7546975383310117,4366.666666666667,1.0,3.3333333333333335,145.55555555555554
mid_v2,15,1,Offline teacher,0.7757387043598888,4742.0,1.0,3.48,158.06666666666666
mid_v2,15,2,No grouping,0.6851841780840182,3000.0,1.0,3.0,100.0
mid_v2,15,2,CQI k-means,0.7139205319360775,3850.6666666666665,1.0,3.0933333333333333,128.35555555555555
mid_v2,15,2,Resource-cost k-means,0.7294186689764168,4715.0,1.0,3.38,157.16666666666666
mid_v2,15,2,Multi-feature k-means,0.7537223153982414,4309.333333333333,1.0,3.3066666666666666,143.64444444444445
mid_v2,15,2,Offline teacher,0.7700620595033797,4862.666666666667,0.9866666666666667,3.5945945945945947,162.0888888888889
mid_v2,15,3,No grouping,0.6811841780840183,3000.0,1.0,3.0,100.0
mid_v2,15,3,CQI k-means,0.6872013731627037,3048.6666666666665,1.0,2.8533333333333335,101.62222222222222
mid_v2,15,3,Resource-cost k-means,0.7648270393968343,4452.666666666667,1.0,3.3733333333333335,148.42222222222222
mid_v2,15,3,Multi-feature k-means,0.7474137591321375,4252.0,1.0,3.28,141.73333333333332
mid_v2,15,3,Offline teacher,0.7797527081951456,4624.666666666667,1.0,3.453333333333333,154.15555555555557
mid_v2,15,4,No grouping,0.673850844750685,3000.0,1.0,3.0,100.0
mid_v2,15,4,CQI k-means,0.7084576975369218,3764.6666666666665,1.0,3.0533333333333332,125.4888888888889
mid_v2,15,4,Resource-cost k-means,0.7256639149308233,4228.666666666667,1.0,3.2133333333333334,140.95555555555555
mid_v2,15,4,Multi-feature k-means,0.7457718695327004,4194.666666666667,1.0,3.2533333333333334,139.82222222222222
mid_v2,15,4,Offline teacher,0.7532347039318561,4280.666666666667,1.0,3.2933333333333334,142.6888888888889
mid_v2,15,5,No grouping,0.689850844750685,3000.0,1.0,3.0,100.0
mid_v2,15,5,CQI k-means,0.689850844750685,3000.0,1.0,3.0,100.0
mid_v2,15,5,Resource-cost k-means,0.7137282679426694,4180.0,1.0,3.2,139.33333333333334
mid_v2,15,5,Multi-feature k-means,0.689850844750685,3000.0,1.0,3.0,100.0
mid_v2,15,5,Offline teacher,0.7494021942907713,3728.0,1.0,3.2066666666666666,124.26666666666667
mid_v2,15,6,No grouping,0.6878508447506849,3000.0,1.0,3.0,100.0
mid_v2,15,6,CQI k-means,0.715079394677116,3637.0,1.0,3.04,121.23333333333333
mid_v2,15,6,Resource-cost k-means,0.7459013705985228,4280.666666666667,1.0,3.2933333333333334,142.6888888888889
mid_v2,15,6,Multi-feature k-means,0.7335059057253246,4101.333333333333,1.0,3.2333333333333334,136.7111111111111
mid_v2,15,6,Offline teacher,0.7894149404639991,5275.0,1.0,3.7,175.83333333333334
mid_v2,15,7,No grouping,0.6838508447506849,3000.0,1.0,3.0,100.0
mid_v2,15,7,CQI k-means,0.6844278856929749,3765.3333333333335,1.0,2.993333333333333,125.5111111111111
mid_v2,15,7,Resource-cost k-means,0.7705580086405834,5314.666666666667,1.0,3.6533333333333333,177.15555555555557
mid_v2,15,7,Multi-feature k-means,0.7545184831307301,4395.333333333333,1.0,3.3466666666666667,146.51111111111112
mid_v2,15,7,Offline teacher,0.7918868209248927,5376.333333333333,0.9933333333333333,3.778523489932886,179.2111111111111
mid_v2,15,8,No grouping,0.6818508447506849,3000.0,1.0,3.0,100.0
mid_v2,15,8,CQI k-means,0.6881986954052771,3592.6666666666665,1.0,2.973333333333333,119.75555555555556
mid_v2,15,8,Resource-cost k-means,0.6818508447506849,3000.0,1.0,3.0,100.0
mid_v2,15,8,Multi-feature k-means,0.698149141270818,3707.3333333333335,1.0,3.026666666666667,123.57777777777778
mid_v2,15,8,Offline teacher,0.7446348522130163,3672.0,1.0,3.2133333333333334,122.4
mid_v2,15,9,No grouping,0.6811841780840183,3000.0,1.0,3.0,100.0
mid_v2,15,9,CQI k-means,0.706099587136359,3822.0,1.0,3.08,127.4
mid_v2,15,9,Resource-cost k-means,0.7290851026110574,4750.0,1.0,3.4,158.33333333333334
mid_v2,15,9,Multi-feature k-means,0.7459013705985228,4280.666666666667,1.0,3.2933333333333334,142.6888888888889
mid_v2,15,9,Offline teacher,0.7678877530529972,5236.333333333333,0.9933333333333333,3.697986577181208,174.54444444444445
mid_v2,15,10,No grouping,0.6825175114173515,3000.0,1.0,3.0,100.0
mid_v2,15,10,CQI k-means,0.6898405850047141,3650.0,1.0,3.0,121.66666666666667
mid_v2,15,10,Resource-cost k-means,0.7127524683738025,4645.0,1.0,3.34,154.83333333333334
mid_v2,15,10,Multi-feature k-means,0.6825175114173515,3000.0,1.0,3.0,100.0
mid_v2,15,10,Offline teacher,0.7478741579701392,4698.666666666667,1.0,3.4133333333333336,156.62222222222223
mid_v2,15,11,No grouping,0.6891841780840183,3000.0,1.0,3.0,100.0
mid_v2,15,11,CQI k-means,0.7018856277418987,3258.0,1.0,2.9466666666666668,108.6
mid_v2,15,11,Resource-cost k-means,0.7619813175298862,4481.333333333333,1.0,3.3866666666666667,149.37777777777777
mid_v2,15,11,Multi-feature k-means,0.7296423684668778,4108.666666666667,1.0,3.2133333333333334,136.95555555555555
mid_v2,15,11,Offline teacher,0.8090804419705351,5450.0,1.0,3.8,181.66666666666666
mid_v2,15,12,No grouping,0.6891841780840182,3000.0,1.0,3.0,100.0
mid_v2,15,12,CQI k-means,0.700149141270818,3707.3333333333335,1.0,3.026666666666667,123.57777777777778
mid_v2,15,12,Resource-cost k-means,0.7598518164640636,4395.333333333333,1.0,3.3466666666666667,146.51111111111112
mid_v2,15,12,Multi-feature k-means,0.732488090333826,4080.0,1.0,3.2,136.0
mid_v2,15,12,Offline teacher,0.7897485068293585,5240.0,1.0,3.68,174.66666666666666
mid_v2,15,13,No grouping,0.6731841780840183,3000.0,1.0,3.0,100.0
mid_v2,15,13,CQI k-means,0.7263585892680037,3994.0,1.0,3.16,133.13333333333333
mid_v2,15,13,Resource-cost k-means,0.7485400295946755,4515.333333333333,1.0,3.3466666666666667,150.51111111111112
mid_v2,15,13,Multi-feature k-means,0.7761108185957084,4567.333333333333,1.0,3.4266666666666667,152.24444444444444
mid_v2,15,13,Offline teacher,0.7785984300620938,4596.0,1.0,3.44,153.2
mid_v2,15,14,No grouping,0.6751841780840183,3000.0,1.0,3.0,100.0
mid_v2,15,14,CQI k-means,0.699840585004714,3650.0,1.0,3.0,121.66666666666667
mid_v2,15,14,Resource-cost k-means,0.71834175825071,4074.0,1.0,3.16,135.8
mid_v2,15,14,Multi-feature k-means,0.729691922601337,3994.0,1.0,3.16,133.13333333333333
mid_v2,15,14,Offline teacher,0.7446175913996486,4166.0,1.0,3.24,138.86666666666667
mid_v2,15,15,No grouping,0.6898508447506849,3000.0,1.0,3.0,100.0
mid_v2,15,15,CQI k-means,0.6898508447506849,3000.0,1.0,3.0,100.0
mid_v2,15,15,Resource-cost k-means,0.7213483061084893,4306.666666666667,1.0,3.2533333333333334,143.55555555555554
mid_v2,15,15,Multi-feature k-means,0.6898508447506849,3000.0,1.0,3.0,100.0
mid_v2,15,15,Offline teacher,0.771817856249122,4758.0,0.9933333333333333,3.530201342281879,158.6
mid_v2,15,16,No grouping,0.6825175114173515,3000.0,1.0,3.0,100.0
mid_v2,15,16,CQI k-means,0.6913529735383289,3621.3333333333335,1.0,2.986666666666667,120.71111111111111
mid_v2,15,16,Resource-cost k-means,0.692244514238001,4023.3333333333335,1.0,3.1066666666666665,134.11111111111111
mid_v2,15,16,Multi-feature k-means,0.7386175913996484,4166.0,1.0,3.24,138.86666666666667
mid_v2,15,16,Offline teacher,0.7450068896392459,4604.666666666667,0.9866666666666667,3.472972972972973,153.48888888888888
mid_v2,15,17,No grouping,0.6811841780840183,3000.0,1.0,3.0,100.0
mid_v2,15,17,CQI k-means,0.7024576975369219,3764.6666666666665,1.0,3.0533333333333332,125.4888888888889
mid_v2,15,17,Resource-cost k-means,0.6921881792137367,3940.3333333333335,1.0,3.0866666666666664,131.34444444444443
mid_v2,15,17,Multi-feature k-means,0.7223585892680036,3994.0,1.0,3.16,133.13333333333333
mid_v2,15,17,Offline teacher,0.7594163386561558,5065.0,1.0,3.58,168.83333333333334
mid_v2,15,18,No grouping,0.6971841780840182,3000.0,1.0,3.0,100.0
mid_v2,15,18,CQI k-means,0.6971841780840183,3000.0,1.0,3.0,100.0
mid_v2,15,18,Resource-cost k-means,0.7200853356430835,4715.0,1.0,3.38,157.16666666666666
mid_v2,15,18,Multi-feature k-means,0.7133833663352332,3936.6666666666665,1.0,3.1333333333333333,131.22222222222223
mid_v2,15,18,Offline teacher,0.7793302447827367,4730.666666666667,1.0,3.493333333333333,157.6888888888889
mid_v2,15,19,No grouping,0.6805175114173516,3000.0,1.0,3.0,100.0
mid_v2,15,19,CQI k-means,0.7142290882021812,3908.0,1.0,3.12,130.26666666666668
mid_v2,15,19,Resource-cost k-means,0.7514649033508569,4504.0,1.0,3.36,150.13333333333333
mid_v2,15,19,Multi-feature k-means,0.7515432601979597,4338.0,1.0,3.32,144.6
mid_v2,15,19,Offline teacher,0.7838682054257111,4828.0,1.0,3.52,160.93333333333334
mid_v2,16,0,No grouping,0.6871841780840183,3000.0,1.0,3.0,100.0
mid_v2,16,0,CQI k-means,0.6994824746041514,3707.3333333333335,1.0,3.026666666666667,123.57777777777778
mid_v2,16,0,Resource-cost k-means,0.7342306782864417,4274.666666666667,1.0,3.2533333333333334,142.48888888888888
mid_v2,16,0,Multi-feature k-means,0.7168957548688479,3908.0,1.0,3.12,130.26666666666668
mid_v2,16,0,Offline teacher,0.7692215524503828,5166.333333333333,0.9933333333333333,3.6577181208053693,172.2111111111111
mid_v2,16,1,No grouping,0.6785175114173516,3000.0,1.0,3.0,100.0
mid_v2,16,1,CQI k-means,0.7227166996685666,3936.6666666666665,1.0,3.1333333333333333,131.22222222222223
mid_v2,16,1,Resource-cost k-means,0.7537083115629845,4426.666666666667,1.0,3.3333333333333335,147.55555555555554
mid_v2,16,1,Multi-feature k-means,0.7575432601979599,4338.0,1.0,3.32,144.6
mid_v2,16,1,Offline teacher,0.7821264125152257,4815.333333333333,0.9933333333333333,3.557046979865772,160.51111111111112
mid_v2,16,2,No grouping,0.6825175114173515,3000.0,1.0,3.0,100.0
mid_v2,16,2,CQI k-means,0.6961853900517382,3210.6666666666665,1.0,2.9266666666666667,107.02222222222223
mid_v2,16,2,Resource-cost k-means,0.78303648739402,4739.333333333333,1.0,3.506666666666667,157.9777777777778
mid_v2,16,2,Multi-feature k-means,0.7108957548688479,3908.0,1.0,3.12,130.26666666666668
mid_v2,16,2,Offline teacher,0.7954745447259461,4882.666666666667,1.0,3.5733333333333333,162.75555555555556
mid_v2,16,3,No grouping,0.6745175114173516,3000.0,1.0,3.0,100.0
mid_v2,16,3,CQI k-means,0.7267166996685663,3936.6666666666665,1.0,3.1333333333333333,131.22222222222223
mid_v2,16,3,Resource-cost k-means,0.6851961252636724,3963.0,1.0,3.06,132.1
mid_v2,16,3,Multi-feature k-means,0.7665184831307303,4395.333333333333,1.0,3.3466666666666667,146.51111111111112
mid_v2,16,3,Offline teacher,0.7824845229157886,4758.0,0.9933333333333333,3.530201342281879,158.6
mid_v2,16,4,No grouping,0.6791841780840182,3000.0,1.0,3.0,100.0
mid_v2,16,4,CQI k-means,0.7331547570004927,4080.0,1.0,3.2,136.0
mid_v2,16,4,Resource-cost k-means,0.7629920907618586,4541.333333333333,1.0,3.3866666666666667,151.37777777777777
mid_v2,16,4,Multi-feature k-means,0.7754441519290417,4567.333333333333,1.0,3.4266666666666667,152.24444444444444
mid_v2,16,4,Offline teacher,0.7914101917141001,4930.0,0.9933333333333333,3.610738255033557,164.33333333333334
mid_v2,16,5,No grouping,0.4399363916924878,1500.0,1.0,2.0,50.0
mid_v2,16,5,CQI k-means,0.7034824746041511,3707.3333333333335,1.0,3.026666666666667,123.57777777777778
mid_v2,16,5,Resource-cost k-means,0.7014200671685736,4505.0,1.0,3.26,150.16666666666666
mid_v2,16,5,Multi-feature k-means,0.6471661985308205,3577.6666666666665,1.0,2.8733333333333335,119.25555555555556
mid_v2,16,5,Offline teacher,0.7321151810558763,4071.3333333333335,1.0,3.1866666666666665,135.7111111111111
mid_v2,16,6,No grouping,0.6791841780840182,3000.0,1.0,3.0,100.0
mid_v2,16,6,CQI k-means,0.7119205319360774,3850.6666666666665,1.0,3.0933333333333333,128.35555555555555
mid_v2,16,6,Resource-cost k-means,0.733751769277724,4750.0,1.0,3.4,158.33333333333334
mid_v2,16,6,Multi-feature k-means,0.6791841780840182,3000.0,1.0,3.0,100.0
mid_v2,16,6,Offline teacher,0.7542099268646266,4338.0,1.0,3.32,144.6
mid_v2,16,7,No grouping,0.6771841780840183,3000.0,1.0,3.0,100.0
mid_v2,16,7,CQI k-means,0.7179205319360775,3850.6666666666665,1.0,3.0933333333333333,128.35555555555555
mid_v2,16,7,Resource-cost k-means,0.728418902008443,4680.0,1.0,3.36,156.0
mid_v2,16,7,Multi-feature k-means,0.6874722446657434,3877.3333333333335,1.0,3.046666666666667,129.24444444444444
mid_v2,16,7,Offline teacher,0.7572220185144349,5096.333333333333,0.9933333333333333,3.61744966442953,169.87777777777777
mid_v2,16,8,No grouping,0.6778508447506849,3000.0,1.0,3.0,100.0
mid_v2,16,8,CQI k-means,0.7084576975369218,3764.6666666666665,1.0,3.0533333333333332,125.4888888888889
mid_v2,16,8,Resource-cost k-means,0.7017490193644843,4116.666666666667,1.0,3.1333333333333333,137.22222222222223
mid_v2,16,8,Multi-feature k-means,0.7383090351335446,4108.666666666667,1.0,3.2133333333333334,136.95555555555555
mid_v2,16,8,Offline teacher,0.7617379093177586,4557.333333333333,0.9933333333333333,3.436241610738255,151.9111111111111
mid_v2,16,9,No grouping,0.6885175114173516,3000.0,1.0,3.0,100.0
mid_v2,16,9,CQI k-means,0.6897474595359394,3427.0,1.0,2.92,114.23333333333333
mid_v2,16,9,Resource-cost k-means,0.6885175114173516,3000.0,1.0,3.0,100.0
mid_v2,16,9,Multi-feature k-means,0.6885175114173516,3000.0,1.0,3.0,100.0
mid_v2,16,9,Offline teacher,0.7420844035149788,4855.0,1.0,3.46,161.83333333333334
mid_v2,16,10,No grouping,0.6811841780840183,3000.0,1.0,3.0,100.0
mid_v2,16,10,CQI k-means,0.7250252559346703,3994.0,1.0,3.16,133.13333333333333
mid_v2,16,10,Resource-cost k-means,0.753084170482953,4890.0,1.0,3.48,163.0
mid_v2,16,10,Multi-feature k-means,0.7722898737959899,4538.666666666667,1.0,3.4133333333333336,151.2888888888889
mid_v2,16,10,Offline teacher,0.7957187479802038,4987.333333333333,0.9933333333333333,3.6375838926174495,166.24444444444444
mid_v2,16,11,No grouping,0.6831841780840183,3000.0,1.0,3.0,100.0
mid_v2,16,11,CQI k-means,0.7033034194038698,3736.0,1.0,3.04,124.53333333333333
mid_v2,16,11,Resource-cost k-means,0.7087529344378546,4575.0,1.0,3.3,152.5
mid_v2,16,11,Multi-feature k-means,0.6831841780840183,3000.0,1.0,3.0,100.0
mid_v2,16,11,Offline teacher,0.7470068896392459,4604.666666666667,0.9866666666666667,3.472972972972973,153.48888888888888
mid_v2,16,12,No grouping,0.6871841780840183,3000.0,1.0,3.0,100.0
mid_v2,16,12,CQI k-means,0.7303675336521798,3590.0,1.0,3.046666666666667,119.66666666666667
mid_v2,16,12,Resource-cost k-means,0.7480804257988043,4252.0,1.0,3.28,141.73333333333332
mid_v2,16,12,Multi-feature k-means,0.7256919226013369,3994.0,1.0,3.16,133.13333333333333
mid_v2,16,12,Offline teacher,0.8014144743999466,5345.0,1.0,3.74,178.16666666666666
mid_v2,16,13,No grouping,0.6885175114173516,3000.0,1.0,3.0,100.0
mid_v2,16,13,CQI k-means,0.706945309003307,3793.3333333333335,1.0,3.066666666666667,126.44444444444444
mid_v2,16,13,Resource-cost k-means,0.7560839374509267,4925.0,1.0,3.5,164.16666666666666
mid_v2,16,13,Multi-feature k-means,0.7467470924654708,4252.0,1.0,3.28,141.73333333333332
mid_v2,16,13,Offline teacher,0.7940117103267905,4796.666666666667,1.0,3.533333333333333,159.88888888888889
mid_v2,16,14,No grouping,0.6878508447506849,3000.0,1.0,3.0,100.0
mid_v2,16,14,CQI k-means,0.7095624215355145,3908.0,1.0,3.12,130.26666666666668
mid_v2,16,14,Resource-cost k-means,0.7209270797938567,4083.3333333333335,1.0,3.1866666666666665,136.11111111111111
mid_v2,16,14,Multi-feature k-means,0.7195128674010556,4022.6666666666665,1.0,3.1733333333333333,134.0888888888889
mid_v2,16,14,Offline teacher,0.8320797428744565,5555.0,1.0,3.86,185.16666666666666
mid_v2,16,15,No grouping,0.6931841780840183,3000.0,1.0,3.0,100.0
mid_v2,16,15,CQI k-means,0.6938217245229833,3062.6666666666665,1.0,2.88,102.08888888888889
mid_v2,16,15,Resource-cost k-means,0.7929869332595608,4854.0,1.0,3.56,161.8
mid_v2,16,15,Multi-feature k-means,0.7581603727301673,4452.666666666667,1.0,3.3733333333333335,148.42222222222222
mid_v2,16,15,Offline teacher,0.7929869332595609,4854.0,1.0,3.56,161.8
mid_v2,16,16,No grouping,0.685850844750685,3000.0,1.0,3.0,100.0
mid_v2,16,16,CQI k-means,0.7044576975369217,3764.6666666666665,1.0,3.0533333333333332,125.4888888888889
mid_v2,16,16,Resource-cost k-means,0.7374182029123646,4785.0,1.0,3.42,159.5
mid_v2,16,16,Multi-feature k-means,0.7268462007343889,4022.6666666666665,1.0,3.1733333333333333,134.0888888888889
mid_v2,16,16,Offline teacher,0.784082073194718,5205.0,1.0,3.66,173.5
mid_v2,16,17,No grouping,0.6798508447506848,3000.0,1.0,3.0,100.0
mid_v2,16,17,CQI k-means,0.6993529735383289,3621.3333333333335,1.0,2.986666666666667,120.71111111111111
mid_v2,16,17,Resource-cost k-means,0.7126095401088194,4154.0,1.0,3.16,138.46666666666667
mid_v2,16,17,Multi-feature k-means,0.741642368466878,4108.666666666667,1.0,3.2133333333333334,136.95555555555555
mid_v2,16,17,Offline teacher,0.7505192781728606,4576.0,0.9866666666666667,3.4594594594594597,152.53333333333333
mid_v2,16,18,No grouping,0.4426030583591544,1500.0,1.0,2.0,50.0
mid_v2,16,18,CQI k-means,0.6231766859219033,2430.0,1.0,2.62,81.0
mid_v2,16,18,Resource-cost k-means,0.6911467057096639,4068.0,1.0,3.12,135.6
mid_v2,16,18,Multi-feature k-means,0.6403489780217725,2706.0,1.0,2.76,90.2
mid_v2,16,18,Offline teacher,0.7270281644367665,5057.666666666667,0.9866666666666667,3.614864864864865,168.5888888888889
mid_v2,16,19,No grouping,0.6818508447506849,3000.0,1.0,3.0,100.0
mid_v2,16,19,CQI k-means,0.6818508447506849,3000.0,1.0,3.0,100.0
mid_v2,16,19,Resource-cost k-means,0.6877540995979853,4400.0,1.0,3.2,146.66666666666666
mid_v2,16,19,Multi-feature k-means,0.6818508447506849,3000.0,1.0,3.0,100.0
mid_v2,16,19,Offline teacher,0.7145871986027441,3850.6666666666665,1.0,3.0933333333333333,128.35555555555555
mid_v2,17,0,No grouping,0.6785175114173516,3000.0,1.0,3.0,100.0
mid_v2,17,0,CQI k-means,0.6911739183380475,3650.0,1.0,3.0,121.66666666666667
mid_v2,17,0,Resource-cost k-means,0.7196639149308233,4228.666666666667,1.0,3.2133333333333334,140.95555555555555
mid_v2,17,0,Multi-feature k-means,0.738438536199367,4194.666666666667,1.0,3.2533333333333334,139.82222222222222
mid_v2,17,0,Offline teacher,0.7372702542310583,4283.333333333333,1.0,3.2666666666666666,142.77777777777777
mid_v2,17,1,No grouping,0.6731841780840182,3000.0,1.0,3.0,100.0
mid_v2,17,1,CQI k-means,0.7200500330018997,3936.6666666666665,1.0,3.1333333333333333,131.22222222222223
mid_v2,17,1,Resource-cost k-means,0.6817540995979854,4400.0,1.0,3.2,146.66666666666666
mid_v2,17,1,Multi-feature k-means,0.742438536199367,4194.666666666667,1.0,3.2533333333333334,139.82222222222222
mid_v2,17,1,Offline teacher,0.7557499050215152,5030.0,1.0,3.56,167.66666666666666
mid_v2,17,2,No grouping,0.6818508447506849,3000.0,1.0,3.0,100.0
mid_v2,17,2,CQI k-means,0.726846200734389,4022.6666666666665,1.0,3.1733333333333333,134.0888888888889
mid_v2,17,2,Resource-cost k-means,0.751729562352099,4437.0,1.0,3.34,147.9
mid_v2,17,2,Multi-feature k-means,0.7591851497973972,4395.333333333333,1.0,3.3466666666666667,146.51111111111112
mid_v2,17,2,Offline teacher,0.7762208533543045,5271.333333333333,0.9933333333333333,3.7181208053691277,175.7111111111111
mid_v2,17,3,No grouping,0.683850844750685,3000.0,1.0,3.0,100.0
mid_v2,17,3,CQI k-means,0.7011243642035885,3764.6666666666665,1.0,3.0533333333333332,125.4888888888889
mid_v2,17,3,Resource-cost k-means,0.7232183389786148,4290.666666666667,1.0,3.2533333333333334,143.0222222222222
mid_v2,17,3,Multi-feature k-means,0.7409261476657522,4223.333333333333,1.0,3.2666666666666666,140.77777777777777
mid_v2,17,3,Offline teacher,0.7680825392587701,5135.0,1.0,3.62,171.16666666666666
mid_v2,17,4,No grouping,0.6951841780840182,3000.0,1.0,3.0,100.0
mid_v2,17,4,CQI k-means,0.6951841780840182,3000.0,1.0,3.0,100.0
mid_v2,17,4,Resource-cost k-means,0.7525184831307303,4395.333333333333,1.0,3.3466666666666667,146.51111111111112
mid_v2,17,4,Multi-feature k-means,0.7077414767357961,3879.3333333333335,1.0,3.1066666666666665,129.3111111111111
mid_v2,17,4,Offline teacher,0.8024142413679206,5380.0,1.0,3.76,179.33333333333334
mid_v2,17,5,No grouping,0.6818508447506849,3000.0,1.0,3.0,100.0
mid_v2,17,5,CQI k-means,0.7168957548688479,3908.0,1.0,3.12,130.26666666666668
mid_v2,17,5,Resource-cost k-means,0.7547506041175935,4925.0,1.0,3.5,164.16666666666666
mid_v2,17,5,Multi-feature k-means,0.7566975383310118,4366.666666666667,1.0,3.3333333333333335,145.55555555555554
mid_v2,17,5,Offline teacher,0.7652215524503828,5166.333333333333,0.9933333333333333,3.6577181208053693,172.2111111111111
mid_v2,17,6,No grouping,0.6831841780840183,3000.0,1.0,3.0,100.0
mid_v2,17,6,CQI k-means,0.7112922539329172,3620.6666666666665,1.0,3.026666666666667,120.68888888888888
mid_v2,17,6,Resource-cost k-means,0.7198676967635708,5053.333333333333,1.0,3.466666666666667,168.44444444444446
mid_v2,17,6,Multi-feature k-means,0.6831841780840183,3000.0,1.0,3.0,100.0
mid_v2,17,6,Offline teacher,0.7630832383548485,5030.0,1.0,3.56,167.66666666666666
mid_v2,17,7,No grouping,0.6871841780840182,3000.0,1.0,3.0,100.0
mid_v2,17,7,CQI k-means,0.6968158079374847,3707.3333333333335,1.0,3.026666666666667,123.57777777777778
mid_v2,17,7,Resource-cost k-means,0.7863698207273533,4739.333333333333,1.0,3.506666666666667,157.9777777777778
mid_v2,17,7,Multi-feature k-means,0.7167166996685668,3936.6666666666665,1.0,3.1333333333333333,131.22222222222223
mid_v2,17,7,Offline teacher,0.7913450436601238,4796.666666666667,1.0,3.533333333333333,159.88888888888889
mid_v2,17,8,No grouping,0.6818508447506849,3000.0,1.0,3.0,100.0
mid_v2,17,8,CQI k-means,0.6818508447506849,3000.0,1.0,3.0,100.0
mid_v2,17,8,Resource-cost k-means,0.6818508447506849,3000.0,1.0,3.0,100.0
mid_v2,17,8,Multi-feature k-means,0.6818508447506849,3000.0,1.0,3.0,100.0
mid_v2,17,8,Offline teacher,0.7154840646884116,4074.0,1.0,3.16,135.8
mid_v2,17,9,No grouping,0.6791841780840183,3000.0,1.0,3.0,100.0
mid_v2,17,9,CQI k-means,0.683402527672788,3506.6666666666665,1.0,2.933333333333333,116.88888888888889
mid_v2,17,9,Resource-cost k-means,0.6882210369113524,3896.0,1.0,3.04,129.86666666666667
mid_v2,17,9,Multi-feature k-means,0.7008158079374844,3707.3333333333335,1.0,3.026666666666667,123.57777777777778
mid_v2,17,9,Offline teacher,0.7207166996685667,3936.6666666666665,1.0,3.1333333333333333,131.22222222222223
mid_v2,17,10,No grouping,0.6818508447506849,3000.0,1.0,3.0,100.0
mid_v2,17,10,CQI k-means,0.7082786423366404,3793.3333333333335,1.0,3.066666666666667,126.44444444444444
mid_v2,17,10,Resource-cost k-means,0.7434177368483125,4855.0,1.0,3.46,161.83333333333334
mid_v2,17,10,Multi-feature k-means,0.767981317529886,4481.333333333333,1.0,3.3866666666666667,149.37777777777777
mid_v2,17,10,Offline teacher,0.7630060945971157,4424.0,1.0,3.36,147.46666666666667
mid_v2,17,11,No grouping,0.6885175114173516,3000.0,1.0,3.0,100.0
mid_v2,17,11,CQI k-means,0.7283585892680037,3994.0,1.0,3.16,133.13333333333333
mid_v2,17,11,Resource-cost k-means,0.8104497676587165,4940.0,1.0,3.6,164.66666666666666
mid_v2,17,11,Multi-feature k-means,0.763185149797397,4395.333333333333,1.0,3.3466666666666667,146.51111111111112
mid_v2,17,11,Offline teacher,0.8154249905914871,4997.333333333333,1.0,3.6266666666666665,166.57777777777778
mid_v2,17,12,No grouping,0.6751841780840183,3000.0,1.0,3.0,100.0
mid_v2,17,12,CQI k-means,0.7111243642035884,3764.6666666666665,1.0,3.0533333333333332,125.4888888888889
mid_v2,17,12,Resource-cost k-means,0.7240858017071358,4645.0,1.0,3.34,154.83333333333334
mid_v2,17,12,Multi-feature k-means,0.7459509247329816,4166.0,1.0,3.24,138.86666666666667
mid_v2,17,12,Offline teacher,0.758388982064908,4309.333333333333,1.0,3.3066666666666666,143.64444444444445
mid_v2,17,13,No grouping,0.6878508447506849,3000.0,1.0,3.0,100.0
mid_v2,17,13,CQI k-means,0.7013034194038698,3736.0,1.0,3.04,124.53333333333333
mid_v2,17,13,Resource-cost k-means,0.7254186689764168,4715.0,1.0,3.38,157.16666666666666
mid_v2,17,13,Multi-feature k-means,0.7659813175298861,4481.333333333333,1.0,3.3866666666666667,149.37777777777777
mid_v2,17,13,Offline teacher,0.7862559135810483,4901.333333333333,0.9933333333333333,3.597315436241611,163.37777777777777
mid_v2,17,14,No grouping,0.6778508447506849,3000.0,1.0,3.0,100.0
mid_v2,17,14,CQI k-means,0.712099587136359,3822.0,1.0,3.08,127.4
mid_v2,17,14,Resource-cost k-means,0.7817527081951456,4624.666666666667,1.0,3.453333333333333,154.15555555555557
mid_v2,17,14,Multi-feature k-means,0.7444385361993671,4194.666666666667,1.0,3.2533333333333334,139.82222222222222
mid_v2,17,14,Offline teacher,0.7917031540606866,4739.333333333333,1.0,3.506666666666667,157.9777777777778
mid_v2,17,15,No grouping,0.6885175114173516,3000.0,1.0,3.0,100.0
mid_v2,17,15,CQI k-means,0.7057465274078351,3567.0,1.0,3.0,118.9
mid_v2,17,15,Resource-cost k-means,0.691197054886253,4136.666666666667,1.0,3.1333333333333333,137.88888888888889
mid_v2,17,15,Multi-feature k-means,0.7185722380128792,4008.0,1.0,3.1733333333333333,133.6
mid_v2,17,15,Offline teacher,0.787414940463999,5275.0,1.0,3.7,175.83333333333334
mid_v2,17,16,No grouping,0.6831841780840182,3000.0,1.0,3.0,100.0
mid_v2,17,16,CQI k-means,0.6831841780840182,3000.0,1.0,3.0,100.0
mid_v2,17,16,Resource-cost k-means,0.6831841780840182,3000.0,1.0,3.0,100.0
mid_v2,17,16,Multi-feature k-means,0.7017910308702551,3764.6666666666665,1.0,3.0533333333333332,125.4888888888889
mid_v2,17,16,Offline teacher,0.7371176806512494,3597.3333333333335,1.0,3.1866666666666665,119.91111111111111
mid_v2,17,17,No grouping,0.43860305835915436,1500.0,1.0,2.0,50.0
mid_v2,17,17,CQI k-means,0.6847358610061214,3506.6666666666665,1.0,2.933333333333333,116.88888888888889
mid_v2,17,17,Resource-cost k-means,0.7183437903906166,3928.0,1.0,3.12,130.93333333333334
mid_v2,17,17,Multi-feature k-means,0.6096484272995573,3198.6666666666665,1.0,2.6933333333333334,106.62222222222222
mid_v2,17,17,Offline teacher,0.7183437903906167,3928.0,1.0,3.12,130.93333333333334
mid_v2,17,18,No grouping,0.4259363916924877,1500.0,1.0,2.0,50.0
mid_v2,17,18,CQI k-means,0.7238377474259733,3709.3333333333335,1.0,3.0733333333333333,123.64444444444445
mid_v2,17,18,Resource-cost k-means,0.7354182029123645,4785.0,1.0,3.42,159.5
mid_v2,17,18,Multi-feature k-means,0.6379232595101703,2738.6666666666665,1.0,2.7866666666666666,91.28888888888889
mid_v2,17,18,Offline teacher,0.789220154258226,5376.333333333333,0.9933333333333333,3.778523489932886,179.2111111111111
mid_v2,17,19,No grouping,0.6725175114173516,3000.0,1.0,3.0,100.0
mid_v2,17,19,CQI k-means,0.7134329204696922,3822.0,1.0,3.08,127.4
mid_v2,17,19,Resource-cost k-means,0.696764824016594,3938.0,1.0,3.08,131.26666666666668
mid_v2,17,19,Multi-feature k-means,0.7507470924654708,4252.0,1.0,3.28,141.73333333333332
mid_v2,17,19,Offline teacher,0.77666357811607,4729.333333333333,0.9933333333333333,3.5167785234899327,157.64444444444445
mid_v2,18,0,No grouping,0.693850844750685,3000.0,1.0,3.0,100.0
mid_v2,18,0,CQI k-means,0.693850844750685,3000.0,1.0,3.0,100.0
mid_v2,18,0,Resource-cost k-means,0.7598022623296047,4510.0,1.0,3.4,150.33333333333334
mid_v2,18,0,Multi-feature k-means,0.732438536199367,4194.666666666667,1.0,3.2533333333333334,139.82222222222222
mid_v2,18,0,Offline teacher,0.7984142413679206,5380.0,1.0,3.76,179.33333333333334
mid_v2,18,1,No grouping,0.679850844750685,3000.0,1.0,3.0,100.0
mid_v2,18,1,CQI k-means,0.712945309003307,3793.3333333333335,1.0,3.066666666666667,126.44444444444444
mid_v2,18,1,Resource-cost k-means,0.7210860347391619,4610.0,1.0,3.32,153.66666666666666
mid_v2,18,1,Multi-feature k-means,0.679850844750685,3000.0,1.0,3.0,100.0
mid_v2,18,1,Offline teacher,0.7590416448963179,4426.666666666667,1.0,3.3333333333333335,147.55555555555554
mid_v2,18,2,No grouping,0.6871841780840183,3000.0,1.0,3.0,100.0
mid_v2,18,2,CQI k-means,0.689352973538329,3621.3333333333335,1.0,2.986666666666667,120.71111111111111
mid_v2,18,2,Resource-cost k-means,0.6951467057096639,4068.0,1.0,3.12,135.6
mid_v2,18,2,Multi-feature k-means,0.6993034194038699,3736.0,1.0,3.04,124.53333333333333
mid_v2,18,2,Offline teacher,0.739889151245154,5026.333333333333,0.9933333333333333,3.577181208053691,167.54444444444445
mid_v2,18,3,No grouping,0.6818508447506849,3000.0,1.0,3.0,100.0
mid_v2,18,3,CQI k-means,0.7159205319360774,3850.6666666666665,1.0,3.0933333333333333,128.35555555555555
mid_v2,18,3,Resource-cost k-means,0.7656727612637823,4424.0,1.0,3.36,147.46666666666667
mid_v2,18,3,Multi-feature k-means,0.7358214236671594,4080.0,1.0,3.2,136.0
mid_v2,18,3,Offline teacher,0.8029869332595609,4854.0,1.0,3.56,161.8
mid_v2,18,4,No grouping,0.4346030583591543,1500.0,1.0,2.0,50.0
mid_v2,18,4,CQI k-means,0.6210016416497338,2460.0,1.0,2.64,82.0
mid_v2,18,4,Resource-cost k-means,0.6614563433978876,4717.333333333333,1.0,3.2266666666666666,157.24444444444444
mid_v2,18,4,Multi-feature k-means,0.6254237956809916,3945.0,1.0,2.94,131.5
mid_v2,18,4,Offline teacher,0.7408469957765191,4206.0,1.0,3.24,140.2
mid_v2,18,5,No grouping,0.42793639169248765,1500.0,1.0,2.0,50.0
mid_v2,18,5,CQI k-means,0.6046717488090774,3541.3333333333335,1.0,2.973333333333333,118.04444444444445
mid_v2,18,5,Resource-cost k-means,0.789768302114663,4872.666666666667,0.9933333333333333,3.5838926174496644,162.42222222222222
mid_v2,18,5,Multi-feature k-means,0.6568812541718155,3638.0,1.0,2.92,121.26666666666667
mid_v2,18,5,Offline teacher,0.7947435250474334,4930.0,0.9933333333333333,3.610738255033557,164.33333333333334
mid_v2,18,6,No grouping,0.6918508447506849,3000.0,1.0,3.0,100.0
mid_v2,18,6,CQI k-means,0.6918508447506849,3000.0,1.0,3.0,100.0
mid_v2,18,6,Resource-cost k-means,0.7090860347391619,4610.0,1.0,3.32,153.66666666666666
mid_v2,18,6,Multi-feature k-means,0.7347966465999299,4137.333333333333,1.0,3.2266666666666666,137.9111111111111
mid_v2,18,6,Offline teacher,0.7567496719894891,5065.0,1.0,3.58,168.83333333333334
mid_v2,18,7,No grouping,0.6831841780840183,3000.0,1.0,3.0,100.0
mid_v2,18,7,CQI k-means,0.6845568058058401,3535.3333333333335,1.0,2.9466666666666668,117.84444444444445
mid_v2,18,7,Resource-cost k-means,0.7074196011045213,4575.0,1.0,3.3,152.5
mid_v2,18,7,Multi-feature k-means,0.6831841780840183,3000.0,1.0,3.0,100.0
mid_v2,18,7,Offline teacher,0.7268462007343889,4022.6666666666665,1.0,3.1733333333333333,134.0888888888889
mid_v2,18,8,No grouping,0.6871841780840182,3000.0,1.0,3.0,100.0
mid_v2,18,8,CQI k-means,0.6991243642035884,3764.6666666666665,1.0,3.0533333333333332,125.4888888888889
mid_v2,18,8,Resource-cost k-means,0.7397513032136719,4820.0,1.0,3.44,160.66666666666666
mid_v2,18,8,Multi-feature k-means,0.758827039396834,4452.666666666667,1.0,3.3733333333333335,148.42222222222222
mid_v2,18,8,Offline teacher,0.7613146508632194,4481.333333333333,1.0,3.3866666666666667,149.37777777777777
mid_v2,18,9,No grouping,0.6765175114173516,3000.0,1.0,3.0,100.0
mid_v2,18,9,CQI k-means,0.7180500330018997,3936.6666666666665,1.0,3.1333333333333333,131.22222222222223
mid_v2,18,9,Resource-cost k-means,0.7473097797409113,5202.666666666667,1.0,3.5733333333333333,173.42222222222222
mid_v2,18,9,Multi-feature k-means,0.6769857451383823,3816.3333333333335,1.0,3.006666666666667,127.21111111111111
mid_v2,18,9,Offline teacher,0.7541455738527806,4386.666666666667,1.0,3.3333333333333335,146.22222222222223
mid_v2,18,10,No grouping,0.6805175114173516,3000.0,1.0,3.0,100.0
mid_v2,18,10,CQI k-means,0.7184081434024627,3879.3333333333335,1.0,3.1066666666666665,129.3111111111111
mid_v2,18,10,Resource-cost k-means,0.7250855686751095,4680.0,1.0,3.36,156.0
mid_v2,18,10,Multi-feature k-means,0.6805175114173516,3000.0,1.0,3.0,100.0
mid_v2,18,10,Offline teacher,0.7656727612637824,4424.0,1.0,3.36,147.46666666666667
mid_v2,18,11,No grouping,0.42393639169248765,1500.0,1.0,2.0,50.0
mid_v2,18,11,CQI k-means,0.6278098421665591,2550.0,1.0,2.7,85.0
mid_v2,18,11,Resource-cost k-means,0.7588369671519132,5240.0,1.0,3.6,174.66666666666666
mid_v2,18,11,Multi-feature k-means,0.7481455738527802,4385.333333333333,0.9933333333333333,3.3557046979865772,146.17777777777778
mid_v2,18,11,Offline teacher,0.785366590124069,4916.666666666667,1.0,3.533333333333333,163.88888888888889
mid_v2,18,12,No grouping,0.6871841780840183,3000.0,1.0,3.0,100.0
mid_v2,18,12,CQI k-means,0.6895320287386103,3592.6666666666665,1.0,2.973333333333333,119.75555555555556
mid_v2,18,12,Resource-cost k-means,0.6954233364062563,4029.6666666666665,1.0,3.1133333333333333,134.32222222222222
mid_v2,18,12,Multi-feature k-means,0.7343090351335447,4108.666666666667,1.0,3.2133333333333334,136.95555555555555
mid_v2,18,12,Offline teacher,0.7552502978513734,4528.666666666667,0.9933333333333333,3.422818791946309,150.95555555555555
mid_v2,18,13,No grouping,0.6865175114173516,3000.0,1.0,3.0,100.0
mid_v2,18,13,CQI k-means,0.7039700860705363,3736.0,1.0,3.04,124.53333333333333
mid_v2,18,13,Resource-cost k-means,0.7144193680724952,4610.0,1.0,3.32,153.66666666666666
mid_v2,18,13,Multi-feature k-means,0.7462594809990856,4223.333333333333,1.0,3.2666666666666666,140.77777777777777
mid_v2,18,13,Offline teacher,0.7696883551832997,4672.0,0.9933333333333333,3.48993288590604,155.73333333333332
mid_v2,18,14,No grouping,0.6825175114173515,3000.0,1.0,3.0,100.0
mid_v2,18,14,CQI k-means,0.6953529735383288,3621.3333333333335,1.0,2.986666666666667,120.71111111111111
mid_v2,18,14,Resource-cost k-means,0.7120862677711879,4575.0,1.0,3.3,152.5
mid_v2,18,14,Multi-feature k-means,0.7227166996685664,3936.6666666666665,1.0,3.1333333333333333,131.22222222222223
mid_v2,18,14,Offline teacher,0.7549772918844718,4475.333333333333,1.0,3.3466666666666667,149.17777777777778
mid_v2,18,15,No grouping,0.6805175114173516,3000.0,1.0,3.0,100.0
mid_v2,18,15,CQI k-means,0.7174329204696923,3822.0,1.0,3.08,127.4
mid_v2,18,15,Resource-cost k-means,0.7471369938550948,4300.0,1.0,3.28,143.33333333333334
mid_v2,18,15,Multi-feature k-means,0.7646975383310117,4366.666666666667,1.0,3.3333333333333335,145.55555555555554
mid_v2,18,15,Offline teacher,0.7646975383310118,4366.666666666667,1.0,3.3333333333333335,145.55555555555554
mid_v2,18,16,No grouping,0.6878508447506849,3000.0,1.0,3.0,100.0
mid_v2,18,16,CQI k-means,0.6878508447506849,3000.0,1.0,3.0,100.0
mid_v2,18,16,Resource-cost k-means,0.7350846365470052,4820.0,1.0,3.44,160.66666666666666
mid_v2,18,16,Multi-feature k-means,0.7357718695327002,4194.666666666667,1.0,3.2533333333333334,139.82222222222222
mid_v2,18,16,Offline teacher,0.7855240988604051,4768.0,1.0,3.52,158.93333333333334
mid_v2,18,17,No grouping,0.6798508447506849,3000.0,1.0,3.0,100.0
mid_v2,18,17,CQI k-means,0.7099205319360775,3850.6666666666665,1.0,3.0933333333333333,128.35555555555555
mid_v2,18,17,Resource-cost k-means,0.7232918006950035,4403.333333333333,1.0,3.2666666666666666,146.77777777777777
mid_v2,18,17,Multi-feature k-means,0.7522099268646265,4338.0,1.0,3.32,144.6
mid_v2,18,17,Offline teacher,0.7656455486353987,4842.0,1.0,3.48,161.4
mid_v2,18,18,No grouping,0.6845175114173516,3000.0,1.0,3.0,100.0
mid_v2,18,18,CQI k-means,0.7079205319360774,3850.6666666666665,1.0,3.0933333333333333,128.35555555555555
mid_v2,18,18,Resource-cost k-means,0.7164467152813291,4182.333333333333,1.0,3.2066666666666666,139.4111111111111
mid_v2,18,18,Multi-feature k-means,0.7228462007343889,4022.6666666666665,1.0,3.1733333333333333,134.0888888888889
mid_v2,18,18,Offline teacher,0.7835537206235853,5341.333333333333,0.9933333333333333,3.7583892617449663,178.04444444444445
mid_v2,18,19,No grouping,0.6771841780840182,3000.0,1.0,3.0,100.0
mid_v2,18,19,CQI k-means,0.7340004788674408,4051.3333333333335,1.0,3.1866666666666665,135.04444444444445
mid_v2,18,19,Resource-cost k-means,0.757084170482953,4890.0,1.0,3.48,163.0
mid_v2,18,19,Multi-feature k-means,0.7663394279304488,4424.0,1.0,3.36,147.46666666666667
mid_v2,18,19,Offline teacher,0.8010813740986396,5310.0,1.0,3.72,177.0
mid_v2,19,0,No grouping,0.6871841780840183,3000.0,1.0,3.0,100.0
mid_v2,19,0,CQI k-means,0.6993034194038698,3736.0,1.0,3.04,124.53333333333333
mid_v2,19,0,Resource-cost k-means,0.7190071760192355,5016.0,1.0,3.44,167.2
mid_v2,19,0,Multi-feature k-means,0.7142290882021813,3908.0,1.0,3.12,130.26666666666668
mid_v2,19,0,Offline teacher,0.7610837044189008,4960.0,1.0,3.52,165.33333333333334
mid_v2,19,1,No grouping,0.6865175114173517,3000.0,1.0,3.0,100.0
mid_v2,19,1,CQI k-means,0.728199402690596,3723.3333333333335,1.0,3.0933333333333333,124.11111111111111
mid_v2,19,1,Resource-cost k-means,0.7664165716881818,5030.0,1.0,3.56,167.66666666666666
mid_v2,19,1,Multi-feature k-means,0.7059205319360774,3850.6666666666665,1.0,3.0933333333333333,128.35555555555555
mid_v2,19,1,Offline teacher,0.7920816071306657,5275.0,1.0,3.7,175.83333333333334
mid_v2,19,2,No grouping,0.6851841780840182,3000.0,1.0,3.0,100.0
mid_v2,19,2,CQI k-means,0.7359543139889659,3556.6666666666665,1.0,3.0533333333333332,118.55555555555556
mid_v2,19,2,Resource-cost k-means,0.7190855686751096,4680.0,1.0,3.36,156.0
mid_v2,19,2,Multi-feature k-means,0.757185149797397,4395.333333333333,1.0,3.3466666666666667,146.51111111111112
mid_v2,19,2,Offline teacher,0.7944993217931757,4825.333333333333,1.0,3.546666666666667,160.84444444444443
mid_v2,19,3,No grouping,0.6851841780840182,3000.0,1.0,3.0,100.0
mid_v2,19,3,CQI k-means,0.7112538652694108,3850.6666666666665,1.0,3.0933333333333333,128.35555555555555
mid_v2,19,3,Resource-cost k-means,0.7498031944577092,4370.0,1.0,3.32,145.66666666666666
mid_v2,19,3,Multi-feature k-means,0.7485680372651893,4280.666666666667,1.0,3.2933333333333334,142.6888888888889
mid_v2,19,3,Offline teacher,0.7770720376932222,4742.0,1.0,3.48,158.06666666666666
mid_v2,19,4,No grouping,0.695850844750685,3000.0,1.0,3.0,100.0
mid_v2,19,4,CQI k-means,0.695850844750685,3000.0,1.0,3.0,100.0
mid_v2,19,4,Resource-cost k-means,0.7160853356430835,4715.0,1.0,3.38,157.16666666666666
mid_v2,19,4,Multi-feature k-means,0.7229757018002113,4108.666666666667,1.0,3.2133333333333334,136.95555555555555
mid_v2,19,4,Offline teacher,0.7490832383548485,5030.0,1.0,3.56,167.66666666666666
mid_v2,19,5,No grouping,0.6765175114173516,3000.0,1.0,3.0,100.0
mid_v2,19,5,CQI k-means,0.6765175114173516,3000.0,1.0,3.0,100.0
mid_v2,19,5,Resource-cost k-means,0.7316787138082103,4294.666666666667,1.0,3.2533333333333334,143.15555555555557
mid_v2,19,5,Multi-feature k-means,0.7356423684668779,4108.666666666667,1.0,3.2133333333333334,136.95555555555555
mid_v2,19,5,Offline teacher,0.7665696273494498,4647.333333333333,1.0,3.4266666666666667,154.9111111111111
mid_v2,19,6,No grouping,0.6871841780840182,3000.0,1.0,3.0,100.0
mid_v2,19,6,CQI k-means,0.6979700860705365,3736.0,1.0,3.04,124.53333333333333
mid_v2,19,6,Resource-cost k-means,0.7576727612637822,4424.0,1.0,3.36,147.46666666666667
mid_v2,19,6,Multi-feature k-means,0.7327966465999299,4137.333333333333,1.0,3.2266666666666666,137.9111111111111
mid_v2,19,6,Offline teacher,0.8000811410666134,5345.0,1.0,3.74,178.16666666666666
mid_v2,19,7,No grouping,0.6831841780840183,3000.0,1.0,3.0,100.0
mid_v2,19,7,CQI k-means,0.7283585892680035,3994.0,1.0,3.16,133.13333333333333
mid_v2,19,7,Resource-cost k-means,0.7731355956629379,4510.0,1.0,3.4,150.33333333333334
mid_v2,19,7,Multi-feature k-means,0.7358214236671592,4080.0,1.0,3.2,136.0
mid_v2,19,7,Offline teacher,0.8204137753038684,5450.0,1.0,3.8,181.66666666666666
mid_v2,19,8,No grouping,0.6885175114173516,3000.0,1.0,3.0,100.0
mid_v2,19,8,CQI k-means,0.7033034194038699,3736.0,1.0,3.04,124.53333333333333
mid_v2,19,8,Resource-cost k-means,0.7137527014058285,4610.0,1.0,3.32,153.66666666666666
mid_v2,19,8,Multi-feature k-means,0.6885175114173516,3000.0,1.0,3.0,100.0
mid_v2,19,8,Offline teacher,0.7505680372651894,4280.666666666667,1.0,3.2933333333333334,142.6888888888889
mid_v2,19,9,No grouping,0.6858508447506849,3000.0,1.0,3.0,100.0
mid_v2,19,9,CQI k-means,0.6996615298044326,3678.6666666666665,1.0,3.013333333333333,122.62222222222222
mid_v2,19,9,Resource-cost k-means,0.7120332019846062,4016.6666666666665,1.0,3.1333333333333333,133.88888888888889
mid_v2,19,9,Multi-feature k-means,0.7394633132665965,4137.333333333333,1.0,3.2266666666666666,137.9111111111111
mid_v2,19,9,Offline teacher,0.7602217854824089,5131.333333333333,0.9933333333333333,3.6375838926174495,171.04444444444445
mid_v2,19,10,No grouping,0.6805175114173516,3000.0,1.0,3.0,100.0
mid_v2,19,10,CQI k-means,0.7080995871363589,3822.0,1.0,3.08,127.4
mid_v2,19,10,Resource-cost k-means,0.6860871998992923,4435.0,1.0,3.22,147.83333333333334
mid_v2,19,10,Multi-feature k-means,0.7354633132665965,4137.333333333333,1.0,3.2266666666666666,137.9111111111111
mid_v2,19,10,Offline teacher,0.7837683021146631,4872.666666666667,0.9933333333333333,3.5838926174496644,162.42222222222222
mid_v2,19,11,No grouping,0.683850844750685,3000.0,1.0,3.0,100.0
mid_v2,19,11,CQI k-means,0.6900196402049956,3621.3333333333335,1.0,2.986666666666667,120.71111111111111
mid_v2,19,11,Resource-cost k-means,0.7054196011045213,4575.0,1.0,3.3,152.5
mid_v2,19,11,Multi-feature k-means,0.683850844750685,3000.0,1.0,3.0,100.0
mid_v2,19,11,Offline teacher,0.7396536243591227,3653.3333333333335,1.0,3.1933333333333334,121.77777777777777
mid_v2,19,12,No grouping,0.6911841780840183,3000.0,1.0,3.0,100.0
mid_v2,19,12,CQI k-means,0.7142290882021812,3908.0,1.0,3.12,130.26666666666668
mid_v2,19,12,Resource-cost k-means,0.729751769277724,4750.0,1.0,3.4,158.33333333333334
mid_v2,19,12,Multi-feature k-means,0.7216919226013371,3994.0,1.0,3.16,133.13333333333333
mid_v2,19,12,Offline teacher,0.8014144743999467,5345.0,1.0,3.74,178.16666666666666
mid_v2,19,13,No grouping,0.685850844750685,3000.0,1.0,3.0,100.0
mid_v2,19,13,CQI k-means,0.6918405850047141,3650.0,1.0,3.0,121.66666666666667
mid_v2,19,13,Resource-cost k-means,0.729751769277724,4750.0,1.0,3.4,158.33333333333334
mid_v2,19,13,Multi-feature k-means,0.7465680372651895,4280.666666666667,1.0,3.2933333333333334,142.6888888888889
mid_v2,19,13,Offline teacher,0.7874101917141001,4930.0,0.9933333333333333,3.610738255033557,164.33333333333334
mid_v2,19,14,No grouping,0.6891841780840182,3000.0,1.0,3.0,100.0
mid_v2,19,14,CQI k-means,0.7008674675494194,3513.3333333333335,1.0,2.973333333333333,117.11111111111111
mid_v2,19,14,Resource-cost k-means,0.7340848695790314,4785.0,1.0,3.42,159.5
mid_v2,19,14,Multi-feature k-means,0.7459013705985227,4280.666666666667,1.0,3.2933333333333334,142.6888888888889
mid_v2,19,14,Offline teacher,0.7794154065280513,5205.0,1.0,3.66,173.5
mid_v2,19,15,No grouping,0.6851841780840183,3000.0,1.0,3.0,100.0
mid_v2,19,15,CQI k-means,0.7336423684668779,4108.666666666667,1.0,3.2133333333333334,136.95555555555555
mid_v2,19,15,Resource-cost k-means,0.7908574321937384,4768.0,1.0,3.52,158.93333333333334
mid_v2,19,15,Multi-feature k-means,0.7535432601979598,4338.0,1.0,3.32,144.6
mid_v2,19,15,Offline teacher,0.8306592156559023,5226.666666666667,1.0,3.7333333333333334,174.22222222222223
mid_v2,19,16,No grouping,0.683850844750685,3000.0,1.0,3.0,100.0
mid_v2,19,16,CQI k-means,0.683850844750685,3000.0,1.0,3.0,100.0
mid_v2,19,16,Resource-cost k-means,0.7929869332595609,4854.0,1.0,3.56,161.8
mid_v2,19,16,Multi-feature k-means,0.743234703931856,4280.666666666667,1.0,3.2933333333333334,142.6888888888889
mid_v2,19,16,Offline teacher,0.8067473416692278,5415.0,1.0,3.78,180.5
mid_v2,19,17,No grouping,0.6791841780840182,3000.0,1.0,3.0,100.0
mid_v2,19,17,CQI k-means,0.7195624215355145,3908.0,1.0,3.12,130.26666666666668
mid_v2,19,17,Resource-cost k-means,0.7407548054833806,4309.666666666667,1.0,3.2733333333333334,143.65555555555557
mid_v2,19,17,Multi-feature k-means,0.7419509247329817,4166.0,1.0,3.24,138.86666666666667
mid_v2,19,17,Offline teacher,0.7643394279304491,4424.0,1.0,3.36,147.46666666666667
mid_v2,19,18,No grouping,0.6885175114173516,3000.0,1.0,3.0,100.0
mid_v2,19,18,CQI k-means,0.7017910308702551,3764.6666666666665,1.0,3.0533333333333332,125.4888888888889
mid_v2,19,18,Resource-cost k-means,0.7478370175866768,4329.333333333333,1.0,3.3066666666666666,144.3111111111111
mid_v2,19,18,Multi-feature k-means,0.7391052028660337,4194.666666666667,1.0,3.2533333333333334,139.82222222222222
mid_v2,19,18,Offline teacher,0.7749721343821738,4786.666666666667,0.9933333333333333,3.5436241610738257,159.55555555555554
mid_v2,19,19,No grouping,0.6891841780840182,3000.0,1.0,3.0,100.0
mid_v2,19,19,CQI k-means,0.7011243642035885,3764.6666666666665,1.0,3.0533333333333332,125.4888888888889
mid_v2,19,19,Resource-cost k-means,0.7440844035149791,4855.0,1.0,3.46,161.83333333333334
mid_v2,19,19,Multi-feature k-means,0.6891841780840182,3000.0,1.0,3.0,100.0
mid_v2,19,19,Offline teacher,0.763891341973917,5314.666666666667,1.0,3.6533333333333333,177.15555555555557
mid_v2,20,0,No grouping,0.6871841780840183,3000.0,1.0,3.0,100.0
mid_v2,20,0,CQI k-means,0.7002008008827528,3513.3333333333335,1.0,2.973333333333333,117.11111111111111
mid_v2,20,0,Resource-cost k-means,0.7334182029123646,4785.0,1.0,3.42,159.5
mid_v2,20,0,Multi-feature k-means,0.7223408396429977,4008.0,1.0,3.1866666666666665,133.6
mid_v2,20,0,Offline teacher,0.7787487398613846,5205.0,1.0,3.66,173.5
mid_v2,20,1,No grouping,0.6831841780840183,3000.0,1.0,3.0,100.0
mid_v2,20,1,CQI k-means,0.7145871986027442,3850.6666666666665,1.0,3.0933333333333333,128.35555555555555
mid_v2,20,1,Resource-cost k-means,0.7493354022850344,4418.0,1.0,3.32,147.26666666666668
mid_v2,20,1,Multi-feature k-means,0.6831841780840183,3000.0,1.0,3.0,100.0
mid_v2,20,1,Offline teacher,0.7753302447827367,4729.333333333333,0.9933333333333333,3.5167785234899327,157.64444444444445
mid_v2,20,2,No grouping,0.6805175114173516,3000.0,1.0,3.0,100.0
mid_v2,20,2,CQI k-means,0.6985072516713807,3650.0,1.0,3.0,121.66666666666667
mid_v2,20,2,Resource-cost k-means,0.7005285264689013,4103.0,1.0,3.14,136.76666666666668
mid_v2,20,2,Multi-feature k-means,0.7557223153982413,4309.333333333333,1.0,3.3066666666666666,143.64444444444445
mid_v2,20,2,Offline teacher,0.7557223153982413,4309.333333333333,1.0,3.3066666666666666,143.64444444444445
mid_v2,20,3,No grouping,0.6791841780840182,3000.0,1.0,3.0,100.0
mid_v2,20,3,CQI k-means,0.7369757018002112,4108.666666666667,1.0,3.2133333333333334,136.95555555555555
mid_v2,20,3,Resource-cost k-means,0.7767774852623751,4567.333333333333,1.0,3.4266666666666667,152.24444444444444
mid_v2,20,3,Multi-feature k-means,0.7643394279304487,4424.0,1.0,3.36,147.46666666666667
mid_v2,20,3,Offline teacher,0.8041412113926129,4882.666666666667,1.0,3.5733333333333333,162.75555555555556
mid_v2,20,4,No grouping,0.6798508447506849,3000.0,1.0,3.0,100.0
mid_v2,20,4,CQI k-means,0.7053272961525293,3665.0,1.0,3.02,122.16666666666667
mid_v2,20,4,Resource-cost k-means,0.7380848695790312,4785.0,1.0,3.42,159.5
mid_v2,20,4,Multi-feature k-means,0.7548765935312931,4338.0,1.0,3.32,144.6
mid_v2,20,4,Offline teacher,0.7784156395600774,5170.0,1.0,3.64,172.33333333333334
mid_v2,20,5,No grouping,0.6825175114173515,3000.0,1.0,3.0,100.0
mid_v2,20,5,CQI k-means,0.6966863068716621,3621.3333333333335,1.0,2.986666666666667,120.71111111111111
mid_v2,20,5,Resource-cost k-means,0.7001390911433298,3985.0,1.0,3.1,132.83333333333334
mid_v2,20,5,Multi-feature k-means,0.7265376444682852,3965.3333333333335,1.0,3.1466666666666665,132.17777777777778
mid_v2,20,5,Offline teacher,0.7684161056241295,5100.0,1.0,3.6,170.0
mid_v2,20,6,No grouping,0.6811841780840183,3000.0,1.0,3.0,100.0
mid_v2,20,6,CQI k-means,0.732488090333826,4080.0,1.0,3.2,136.0
mid_v2,20,6,Resource-cost k-means,0.7847279311279161,4682.0,1.0,3.48,156.06666666666666
mid_v2,20,6,Multi-feature k-means,0.7648270393968342,4452.666666666667,1.0,3.3733333333333335,148.42222222222222
mid_v2,20,6,Offline teacher,0.8157471086372018,5450.0,1.0,3.8,181.66666666666666
mid_v2,20,7,No grouping,0.6745175114173516,3000.0,1.0,3.0,100.0
mid_v2,20,7,CQI k-means,0.7106367527372031,3736.0,1.0,3.04,124.53333333333333
mid_v2,20,7,Resource-cost k-means,0.7078055247779703,4020.0,1.0,3.12,134.0
mid_v2,20,7,Multi-feature k-means,0.7330252559346703,3994.0,1.0,3.16,133.13333333333333
mid_v2,20,7,Offline teacher,0.7988574321937385,4768.0,1.0,3.52,158.93333333333334
mid_v2,20,8,No grouping,0.6845175114173516,3000.0,1.0,3.0,100.0
mid_v2,20,8,CQI k-means,0.691595286568294,4540.0,1.0,3.52,151.33333333333334
mid_v2,20,8,Resource-cost k-means,0.7394177368483122,4855.0,1.0,3.46,161.83333333333334
mid_v2,20,8,Multi-feature k-means,0.7337718695327003,4194.666666666667,1.0,3.2533333333333334,139.82222222222222
mid_v2,20,8,Offline teacher,0.779817856249122,4759.333333333333,1.0,3.506666666666667,158.64444444444445
mid_v2,20,9,No grouping,0.683850844750685,3000.0,1.0,3.0,100.0
mid_v2,20,9,CQI k-means,0.7366671455341075,4051.3333333333335,1.0,3.1866666666666665,135.04444444444445
mid_v2,20,9,Resource-cost k-means,0.7512246538043679,4558.333333333333,1.0,3.3666666666666667,151.94444444444446
mid_v2,20,9,Multi-feature k-means,0.7889069863281974,4653.333333333333,1.0,3.466666666666667,155.11111111111111
mid_v2,20,9,Offline teacher,0.793882209260968,4710.666666666667,1.0,3.493333333333333,157.0222222222222
mid_v2,20,10,No grouping,0.683850844750685,3000.0,1.0,3.0,100.0
mid_v2,20,10,CQI k-means,0.7124081434024627,3879.3333333333335,1.0,3.1066666666666665,129.3111111111111
mid_v2,20,10,Resource-cost k-means,0.7404179698803385,4820.0,1.0,3.44,160.66666666666666
mid_v2,20,10,Multi-feature k-means,0.7372842580663149,4166.0,1.0,3.24,138.86666666666667
mid_v2,20,10,Offline teacher,0.7982559135810483,4902.666666666667,1.0,3.5733333333333333,163.42222222222222
mid_v2,20,11,No grouping,0.6905175114173516,3000.0,1.0,3.0,100.0
mid_v2,20,11,CQI k-means,0.7208462007343889,4022.6666666666665,1.0,3.1733333333333333,134.0888888888889
mid_v2,20,11,Resource-cost k-means,0.763135595662938,4510.0,1.0,3.4,150.33333333333334
mid_v2,20,11,Multi-feature k-means,0.7506975383310117,4366.666666666667,1.0,3.3333333333333335,145.55555555555554
mid_v2,20,11,Offline teacher,0.8080806750025612,5415.0,1.0,3.78,180.5
mid_v2,20,12,No grouping,0.6898508447506848,3000.0,1.0,3.0,100.0
mid_v2,20,12,CQI k-means,0.6898508447506849,3000.0,1.0,3.0,100.0
mid_v2,20,12,Resource-cost k-means,0.7764193748618123,4624.666666666667,1.0,3.453333333333333,154.15555555555557
mid_v2,20,12,Multi-feature k-means,0.7241795340677222,4022.6666666666665,1.0,3.1733333333333333,134.0888888888889
mid_v2,20,12,Offline teacher,0.7813945977945829,4682.0,1.0,3.48,156.06666666666666
mid_v2,20,13,No grouping,0.6811841780840183,3000.0,1.0,3.0,100.0
mid_v2,20,13,CQI k-means,0.7072538652694108,3850.6666666666665,1.0,3.0933333333333333,128.35555555555555
mid_v2,20,13,Resource-cost k-means,0.7514172707842601,4925.0,1.0,3.5,164.16666666666666
mid_v2,20,13,Multi-feature k-means,0.7495432601979599,4338.0,1.0,3.32,144.6
mid_v2,20,13,Offline teacher,0.7844151734960252,5240.0,1.0,3.68,174.66666666666666
mid_v2,20,14,No grouping,0.6918508447506849,3000.0,1.0,3.0,100.0
mid_v2,20,14,CQI k-means,0.7029881746589778,3494.6666666666665,1.0,2.966666666666667,116.4888888888889
mid_v2,20,14,Resource-cost k-means,0.7267520023097501,4715.0,1.0,3.38,157.16666666666666
mid_v2,20,14,Multi-feature k-means,0.7298214236671594,4080.0,1.0,3.2,136.0
mid_v2,20,14,Offline teacher,0.7781264125152259,4815.333333333333,0.9933333333333333,3.557046979865772,160.51111111111112
mid_v2,20,15,No grouping,0.6818508447506849,3000.0,1.0,3.0,100.0
mid_v2,20,15,CQI k-means,0.711741476735796,3879.3333333333335,1.0,3.1066666666666665,129.3111111111111
mid_v2,20,15,Resource-cost k-means,0.7490628956854323,4437.0,1.0,3.34,147.9
mid_v2,20,15,Multi-feature k-means,0.7440804257988041,4252.0,1.0,3.28,141.73333333333332
mid_v2,20,15,Offline teacher,0.7712370890582466,4830.666666666667,1.0,3.493333333333333,161.0222222222222
mid_v2,20,16,No grouping,0.6791841780840182,3000.0,1.0,3.0,100.0
mid_v2,20,16,CQI k-means,0.7170748100691294,3879.3333333333335,1.0,3.1066666666666665,129.3111111111111
mid_v2,20,16,Resource-cost k-means,0.7200858017071358,4645.0,1.0,3.34,154.83333333333334
mid_v2,20,16,Multi-feature k-means,0.7593642049976785,4366.666666666667,1.0,3.3333333333333335,145.55555555555554
mid_v2,20,16,Offline teacher,0.7618518164640639,4395.333333333333,1.0,3.3466666666666667,146.51111111111112
mid_v2,20,17,No grouping,0.6905175114173516,3000.0,1.0,3.0,100.0
mid_v2,20,17,CQI k-means,0.7015626891794015,3492.3333333333335,1.0,2.973333333333333,116.41111111111111
mid_v2,20,17,Resource-cost k-means,0.7218577690084916,4266.0,1.0,3.24,142.2
mid_v2,20,17,Multi-feature k-means,0.6905175114173516,3000.0,1.0,3.0,100.0
mid_v2,20,17,Offline teacher,0.7628879860850233,5201.333333333333,0.9933333333333333,3.6778523489932886,173.37777777777777
mid_v2,20,18,No grouping,0.6811841780840183,3000.0,1.0,3.0,100.0
mid_v2,20,18,CQI k-means,0.7112538652694108,3850.6666666666665,1.0,3.0933333333333333,128.35555555555555
mid_v2,20,18,Resource-cost k-means,0.7630868365706092,4805.333333333333,0.9866666666666667,3.5675675675675675,160.17777777777778
mid_v2,20,18,Multi-feature k-means,0.6811841780840183,3000.0,1.0,3.0,100.0
mid_v2,20,18,Offline teacher,0.7782766650028633,4839.333333333333,1.0,3.506666666666667,161.3111111111111
mid_v2,20,19,No grouping,0.683850844750685,3000.0,1.0,3.0,100.0
mid_v2,20,19,CQI k-means,0.7162634659375756,3676.6666666666665,1.0,3.046666666666667,122.55555555555556
mid_v2,20,19,Resource-cost k-means,0.7517508371496198,4890.0,1.0,3.48,163.0
mid_v2,20,19,Multi-feature k-means,0.7472347039318561,4280.666666666667,1.0,3.2933333333333334,142.6888888888889
mid_v2,20,19,Offline teacher,0.7805539536556116,5306.333333333333,0.9933333333333333,3.738255033557047,176.87777777777777
mid_v2,21,0,No grouping,0.6825175114173515,3000.0,1.0,3.0,100.0
mid_v2,21,0,CQI k-means,0.7076119756699738,3793.3333333333335,1.0,3.066666666666667,126.44444444444444
mid_v2,21,0,Resource-cost k-means,0.7361863149575275,4220.333333333333,1.0,3.2466666666666666,140.67777777777778
mid_v2,21,0,Multi-feature k-means,0.7300004788674408,4051.3333333333335,1.0,3.1866666666666665,135.04444444444445
mid_v2,21,0,Offline teacher,0.7880816071306657,5275.0,1.0,3.7,175.83333333333334
mid_v2,21,1,No grouping,0.6818508447506849,3000.0,1.0,3.0,100.0
mid_v2,21,1,CQI k-means,0.7056119756699738,3793.3333333333335,1.0,3.066666666666667,126.44444444444444
mid_v2,21,1,Resource-cost k-means,0.7603394279304488,4424.0,1.0,3.36,147.46666666666667
mid_v2,21,1,Multi-feature k-means,0.750388982064908,4309.333333333333,1.0,3.3066666666666666,143.64444444444445
mid_v2,21,1,Offline teacher,0.7926783769934571,4796.666666666667,1.0,3.533333333333333,159.88888888888889
mid_v2,21,2,No grouping,0.6811841780840183,3000.0,1.0,3.0,100.0
mid_v2,21,2,CQI k-means,0.6811841780840183,3000.0,1.0,3.0,100.0
mid_v2,21,2,Resource-cost k-means,0.7504175038162864,4890.0,1.0,3.48,163.0
mid_v2,21,2,Multi-feature k-means,0.7460804257988042,4252.0,1.0,3.28,141.73333333333332
mid_v2,21,2,Offline teacher,0.80074780773328,5345.0,1.0,3.74,178.16666666666666
mid_v2,21,3,No grouping,0.689850844750685,3000.0,1.0,3.0,100.0
mid_v2,21,3,CQI k-means,0.689850844750685,3000.0,1.0,3.0,100.0
mid_v2,21,3,Resource-cost k-means,0.7120858017071358,4645.0,1.0,3.34,154.83333333333334
mid_v2,21,3,Multi-feature k-means,0.7337718695327003,4194.666666666667,1.0,3.2533333333333334,139.82222222222222
mid_v2,21,3,Offline teacher,0.7568879860850233,5201.333333333333,0.9933333333333333,3.6778523489932886,173.37777777777777
mid_v2,21,4,No grouping,0.6865175114173517,3000.0,1.0,3.0,100.0
mid_v2,21,4,CQI k-means,0.6865175114173517,3000.0,1.0,3.0,100.0
mid_v2,21,4,Resource-cost k-means,0.7017531674698808,4540.0,1.0,3.28,151.33333333333334
mid_v2,21,4,Multi-feature k-means,0.7160500330018998,3936.6666666666665,1.0,3.1333333333333333,131.22222222222223
mid_v2,21,4,Offline teacher,0.729485654772672,4440.666666666667,1.0,3.2933333333333334,148.0222222222222
mid_v2,21,5,No grouping,0.6805175114173516,3000.0,1.0,3.0,100.0
mid_v2,21,5,CQI k-means,0.7054329204696923,3822.0,1.0,3.08,127.4
mid_v2,21,5,Resource-cost k-means,0.7334182029123646,4785.0,1.0,3.42,159.5
mid_v2,21,5,Multi-feature k-means,0.7452347039318562,4280.666666666667,1.0,3.2933333333333334,142.6888888888889
mid_v2,21,5,Offline teacher,0.7672210863863305,5236.333333333333,0.9933333333333333,3.697986577181208,174.54444444444445
mid_v2,21,6,No grouping,0.6771841780840183,3000.0,1.0,3.0,100.0
mid_v2,21,6,CQI k-means,0.7227166996685664,3936.6666666666665,1.0,3.1333333333333333,131.22222222222223
mid_v2,21,6,Resource-cost k-means,0.7774441519290418,4567.333333333333,1.0,3.4266666666666667,152.24444444444444
mid_v2,21,6,Multi-feature k-means,0.7625184831307302,4395.333333333333,1.0,3.3466666666666667,146.51111111111112
mid_v2,21,6,Offline teacher,0.80978310099205,4940.0,1.0,3.6,164.66666666666666
mid_v2,21,7,No grouping,0.6831841780840183,3000.0,1.0,3.0,100.0
mid_v2,21,7,CQI k-means,0.6991243642035885,3764.6666666666665,1.0,3.0533333333333332,125.4888888888889
mid_v2,21,7,Resource-cost k-means,0.7270851026110574,4750.0,1.0,3.4,158.33333333333334
mid_v2,21,7,Multi-feature k-means,0.7264880903338261,4080.0,1.0,3.2,136.0
mid_v2,21,7,Offline teacher,0.7774154065280514,5205.0,1.0,3.66,173.5
mid_v2,21,8,No grouping,0.6918508447506849,3000.0,1.0,3.0,100.0
mid_v2,21,8,CQI k-means,0.6918508447506849,3000.0,1.0,3.0,100.0
mid_v2,21,8,Resource-cost k-means,0.7140858017071359,4645.0,1.0,3.34,154.83333333333334
mid_v2,21,8,Multi-feature k-means,0.7323090351335447,4108.666666666667,1.0,3.2133333333333334,136.95555555555555
mid_v2,21,8,Offline teacher,0.7690823062267441,5170.0,1.0,3.64,172.33333333333334
mid_v2,21,9,No grouping,0.6845175114173516,3000.0,1.0,3.0,100.0
mid_v2,21,9,CQI k-means,0.7215128674010556,4022.6666666666665,1.0,3.1733333333333333,134.0888888888889
mid_v2,21,9,Resource-cost k-means,0.7620834713868745,4995.0,1.0,3.54,166.5
mid_v2,21,9,Multi-feature k-means,0.7712650967287603,4596.0,1.0,3.44,153.2
mid_v2,21,9,Offline teacher,0.7950813740986395,5310.0,1.0,3.72,177.0
mid_v2,21,10,No grouping,0.6771841780840183,3000.0,1.0,3.0,100.0
mid_v2,21,10,CQI k-means,0.7094369827898277,4700.0,1.0,3.6,156.66666666666666
mid_v2,21,10,Resource-cost k-means,0.7960117103267904,4796.666666666667,1.0,3.533333333333333,159.88888888888889
mid_v2,21,10,Multi-feature k-means,0.7686479841965527,4481.333333333333,1.0,3.3866666666666667,149.37777777777777
mid_v2,21,10,Offline teacher,0.7984993217931757,4825.333333333333,1.0,3.546666666666667,160.84444444444443
mid_v2,21,11,No grouping,0.6885175114173516,3000.0,1.0,3.0,100.0
mid_v2,21,11,CQI k-means,0.6968158079374844,3707.3333333333335,1.0,3.026666666666667,123.57777777777778
mid_v2,21,11,Resource-cost k-means,0.7540308716643451,4366.666666666667,1.0,3.3333333333333335,145.55555555555554
mid_v2,21,11,Multi-feature k-means,0.7391052028660337,4194.666666666667,1.0,3.2533333333333334,139.82222222222222
mid_v2,21,11,Offline teacher,0.7887482737973324,5275.0,1.0,3.7,175.83333333333334
mid_v2,21,12,No grouping,0.4326030583591544,1500.0,1.0,2.0,50.0
mid_v2,21,12,CQI k-means,0.7091720128874113,3569.3333333333335,1.0,2.993333333333333,118.97777777777777
mid_v2,21,12,Resource-cost k-means,0.713520410029744,4260.0,1.0,3.2,142.0
mid_v2,21,12,Multi-feature k-means,0.6839046330468883,3790.6666666666665,1.0,3.013333333333333,126.35555555555555
mid_v2,21,12,Offline teacher,0.753084170482953,4890.0,1.0,3.48,163.0
mid_v2,21,13,No grouping,0.6878508447506849,3000.0,1.0,3.0,100.0
mid_v2,21,13,CQI k-means,0.6878508447506849,3000.0,1.0,3.0,100.0
mid_v2,21,13,Resource-cost k-means,0.7510556487315747,4309.333333333333,1.0,3.3066666666666666,143.64444444444445
mid_v2,21,13,Multi-feature k-means,0.733642368466878,4108.666666666667,1.0,3.2133333333333334,136.95555555555555
mid_v2,21,13,Offline teacher,0.7734441519290418,4567.333333333333,1.0,3.4266666666666667,152.24444444444444
mid_v2,21,14,No grouping,0.6851841780840182,3000.0,1.0,3.0,100.0
mid_v2,21,14,CQI k-means,0.7074329204696924,3822.0,1.0,3.08,127.4
mid_v2,21,14,Resource-cost k-means,0.7417513032136719,4820.0,1.0,3.44,160.66666666666666
mid_v2,21,14,Multi-feature k-means,0.6851841780840182,3000.0,1.0,3.0,100.0
mid_v2,21,14,Offline teacher,0.780614023981611,4844.0,0.9933333333333333,3.5704697986577183,161.46666666666667
mid_v2,21,15,No grouping,0.6811841780840183,3000.0,1.0,3.0,100.0
mid_v2,21,15,CQI k-means,0.7092351440062864,3662.6666666666665,1.0,3.026666666666667,122.08888888888889
mid_v2,21,15,Resource-cost k-means,0.7467510701816457,4855.0,1.0,3.46,161.83333333333334
mid_v2,21,15,Multi-feature k-means,0.7510556487315747,4309.333333333333,1.0,3.3066666666666666,143.64444444444445
mid_v2,21,15,Offline teacher,0.7510556487315747,4309.333333333333,1.0,3.3066666666666666,143.64444444444445
mid_v2,21,16,No grouping,0.6878508447506849,3000.0,1.0,3.0,100.0
mid_v2,21,16,CQI k-means,0.7151715468233588,3639.3333333333335,1.0,3.033333333333333,121.31111111111112
mid_v2,21,16,Resource-cost k-means,0.7517508371496195,4890.0,1.0,3.48,163.0
mid_v2,21,16,Multi-feature k-means,0.7386175913996483,4166.0,1.0,3.24,138.86666666666667
mid_v2,21,16,Offline teacher,0.7920816071306657,5275.0,1.0,3.7,175.83333333333334
mid_v2,21,17,No grouping,0.6825175114173516,3000.0,1.0,3.0,100.0
mid_v2,21,17,CQI k-means,0.6825175114173516,3000.0,1.0,3.0,100.0
mid_v2,21,17,Resource-cost k-means,0.6825175114173516,3000.0,1.0,3.0,100.0
mid_v2,21,17,Multi-feature k-means,0.6825175114173516,3000.0,1.0,3.0,100.0
mid_v2,21,17,Offline teacher,0.7286671455341075,4051.3333333333335,1.0,3.1866666666666665,135.04444444444445
mid_v2,21,18,No grouping,0.6745175114173516,3000.0,1.0,3.0,100.0
mid_v2,21,18,CQI k-means,0.7152538652694108,3850.6666666666665,1.0,3.0933333333333333,128.35555555555555
mid_v2,21,18,Resource-cost k-means,0.7007534005019068,4505.0,1.0,3.26,150.16666666666666
mid_v2,21,18,Multi-feature k-means,0.6745175114173516,3000.0,1.0,3.0,100.0
mid_v2,21,18,Offline teacher,0.7796388010488403,4786.666666666667,0.9933333333333333,3.5436241610738257,159.55555555555554
mid_v2,21,19,No grouping,0.6851841780840182,3000.0,1.0,3.0,100.0
mid_v2,21,19,CQI k-means,0.8035796301818459,4176.0,1.0,3.42,139.2
mid_v2,21,19,Resource-cost k-means,0.8157335468575909,5054.666666666667,1.0,3.6533333333333333,168.48888888888888
mid_v2,21,19,Multi-feature k-means,0.7545558198262851,4418.666666666667,1.0,3.36,147.2888888888889
mid_v2,21,19,Offline teacher,0.8268382708561838,5198.0,1.0,3.72,173.26666666666668
mid_v2,22,0,No grouping,0.6805175114173516,3000.0,1.0,3.0,100.0
mid_v2,22,0,CQI k-means,0.7320004788674407,4051.3333333333335,1.0,3.1866666666666665,135.04444444444445
mid_v2,22,0,Resource-cost k-means,0.7630378855861765,4529.333333333333,1.0,3.3866666666666667,150.9777777777778
mid_v2,22,0,Multi-feature k-means,0.764339427930449,4424.0,1.0,3.36,147.46666666666667
mid_v2,22,0,Offline teacher,0.7952311365138186,4958.666666666667,0.9933333333333333,3.6241610738255035,165.2888888888889
mid_v2,22,1,No grouping,0.6831841780840182,3000.0,1.0,3.0,100.0
mid_v2,22,1,CQI k-means,0.7136603964538365,3700.0,1.0,3.04,123.33333333333333
mid_v2,22,1,Resource-cost k-means,0.7464179698803385,4820.0,1.0,3.44,160.66666666666666
mid_v2,22,1,Multi-feature k-means,0.6831841780840182,3000.0,1.0,3.0,100.0
mid_v2,22,1,Offline teacher,0.7788875200209711,5271.333333333333,0.9933333333333333,3.7181208053691277,175.7111111111111
mid_v2,22,2,No grouping,0.6765175114173517,3000.0,1.0,3.0,100.0
mid_v2,22,2,CQI k-means,0.7260500330018997,3936.6666666666665,1.0,3.1333333333333333,131.22222222222223
mid_v2,22,2,Resource-cost k-means,0.7204193680724952,4610.0,1.0,3.32,153.66666666666666
mid_v2,22,2,Multi-feature k-means,0.758388982064908,4309.333333333333,1.0,3.3066666666666666,143.64444444444445
mid_v2,22,2,Offline teacher,0.7608765935312933,4338.0,1.0,3.32,144.6
mid_v2,22,3,No grouping,0.6818508447506849,3000.0,1.0,3.0,100.0
mid_v2,22,3,CQI k-means,0.6971739183380473,3650.0,1.0,3.0,121.66666666666667
mid_v2,22,3,Resource-cost k-means,0.7064198341365474,4540.0,1.0,3.28,151.33333333333334
mid_v2,22,3,Multi-feature k-means,0.7344880903338261,4080.0,1.0,3.2,136.0
mid_v2,22,3,Offline teacher,0.7519013705985228,4280.666666666667,1.0,3.2933333333333334,142.6888888888889
mid_v2,22,4,No grouping,0.6831841780840183,3000.0,1.0,3.0,100.0
mid_v2,22,4,CQI k-means,0.7119205319360775,3850.6666666666665,1.0,3.0933333333333333,128.35555555555555
mid_v2,22,4,Resource-cost k-means,0.7587506041175934,4925.0,1.0,3.5,164.16666666666666
mid_v2,22,4,Multi-feature k-means,0.7367966465999298,4137.333333333333,1.0,3.2266666666666666,137.9111111111111
mid_v2,22,4,Offline teacher,0.7888870539569188,5341.333333333333,0.9933333333333333,3.7583892617449663,178.04444444444445
mid_v2,22,5,No grouping,0.6878508447506849,3000.0,1.0,3.0,100.0
mid_v2,22,5,CQI k-means,0.7181998687546483,3653.3333333333335,1.0,3.0533333333333332,121.77777777777777
mid_v2,22,5,Resource-cost k-means,0.756417037752234,4960.0,1.0,3.52,165.33333333333334
mid_v2,22,5,Multi-feature k-means,0.7769069863281975,4653.333333333333,1.0,3.466666666666667,155.11111111111111
mid_v2,22,5,Offline teacher,0.8092459353912056,5026.0,1.0,3.64,167.53333333333333
mid_v2,22,6,No grouping,0.6791841780840182,3000.0,1.0,3.0,100.0
mid_v2,22,6,CQI k-means,0.6971739183380474,3650.0,1.0,3.0,121.66666666666667
mid_v2,22,6,Resource-cost k-means,0.7137527014058285,4610.0,1.0,3.32,153.66666666666666
mid_v2,22,6,Multi-feature k-means,0.7170748100691293,3879.3333333333335,1.0,3.1066666666666665,129.3111111111111
mid_v2,22,6,Offline teacher,0.7892155425943014,4710.666666666667,1.0,3.493333333333333,157.0222222222222
mid_v2,22,7,No grouping,0.6845175114173516,3000.0,1.0,3.0,100.0
mid_v2,22,7,CQI k-means,0.7329757018002112,4108.666666666667,1.0,3.2133333333333334,136.95555555555555
mid_v2,22,7,Resource-cost k-means,0.7018133723763306,4068.0,1.0,3.12,135.6
mid_v2,22,7,Multi-feature k-means,0.6845175114173516,3000.0,1.0,3.0,100.0
mid_v2,22,7,Offline teacher,0.7304880903338261,4080.0,1.0,3.2,136.0
mid_v2,22,8,No grouping,0.6791841780840182,3000.0,1.0,3.0,100.0
mid_v2,22,8,CQI k-means,0.7218709778016184,3965.3333333333335,1.0,3.1466666666666665,132.17777777777778
mid_v2,22,8,Resource-cost k-means,0.7310851026110574,4750.0,1.0,3.4,158.33333333333334
mid_v2,22,8,Multi-feature k-means,0.7442594809990855,4223.333333333333,1.0,3.2666666666666666,140.77777777777777
mid_v2,22,8,Offline teacher,0.7566975383310119,4366.666666666667,1.0,3.3333333333333335,145.55555555555554
mid_v2,22,9,No grouping,0.6885175114173516,3000.0,1.0,3.0,100.0
mid_v2,22,9,CQI k-means,0.6885175114173516,3000.0,1.0,3.0,100.0
mid_v2,22,9,Resource-cost k-means,0.6885175114173516,3000.0,1.0,3.0,100.0
mid_v2,22,9,Multi-feature k-means,0.7182290882021813,3908.0,1.0,3.12,130.26666666666668
mid_v2,22,9,Offline teacher,0.7550832383548486,5030.0,1.0,3.56,167.66666666666666
mid_v2,22,10,No grouping,0.6865175114173517,3000.0,1.0,3.0,100.0
mid_v2,22,10,CQI k-means,0.7370499075856962,3798.0,1.0,3.12,126.6
mid_v2,22,10,Resource-cost k-means,0.7767496719894891,5065.0,1.0,3.58,168.83333333333334
mid_v2,22,10,Multi-feature k-means,0.7286671455341074,4051.3333333333335,1.0,3.1866666666666665,135.04444444444445
mid_v2,22,10,Offline teacher,0.8024147074319729,5310.0,1.0,3.72,177.0
mid_v2,22,11,No grouping,0.6771841780840183,3000.0,1.0,3.0,100.0
mid_v2,22,11,CQI k-means,0.7313338122007742,4051.3333333333335,1.0,3.1866666666666665,135.04444444444445
mid_v2,22,11,Resource-cost k-means,0.7223239951053121,4294.0,1.0,3.24,143.13333333333333
mid_v2,22,11,Multi-feature k-means,0.7487470924654709,4252.0,1.0,3.28,141.73333333333332
mid_v2,22,11,Offline teacher,0.7895892469143816,4901.333333333333,0.9933333333333333,3.597315436241611,163.37777777777777
mid_v2,22,12,No grouping,0.6798508447506849,3000.0,1.0,3.0,100.0
mid_v2,22,12,CQI k-means,0.7135396893442782,3718.6666666666665,1.0,3.046666666666667,123.95555555555555
mid_v2,22,12,Resource-cost k-means,0.7457513032136717,4820.0,1.0,3.44,160.66666666666666
mid_v2,22,12,Multi-feature k-means,0.7462594809990855,4223.333333333333,1.0,3.2666666666666666,140.77777777777777
mid_v2,22,12,Offline teacher,0.7708879860850234,5201.333333333333,0.9933333333333333,3.6778523489932886,173.37777777777777
mid_v2,22,13,No grouping,0.6785175114173516,3000.0,1.0,3.0,100.0
mid_v2,22,13,CQI k-means,0.6989948631377658,3678.6666666666665,1.0,3.013333333333333,122.62222222222222
mid_v2,22,13,Resource-cost k-means,0.719419135040469,4645.0,1.0,3.34,154.83333333333334
mid_v2,22,13,Multi-feature k-means,0.7313338122007741,4051.3333333333335,1.0,3.1866666666666665,135.04444444444445
mid_v2,22,13,Offline teacher,0.7696883551832996,4672.0,0.9933333333333333,3.48993288590604,155.73333333333332
mid_v2,22,14,No grouping,0.6891841780840183,3000.0,1.0,3.0,100.0
mid_v2,22,14,CQI k-means,0.6923281964710994,3678.6666666666665,1.0,3.013333333333333,122.62222222222222
mid_v2,22,14,Resource-cost k-means,0.6891841780840183,3000.0,1.0,3.0,100.0
mid_v2,22,14,Multi-feature k-means,0.6891841780840183,3000.0,1.0,3.0,100.0
mid_v2,22,14,Offline teacher,0.7445680372651896,4280.666666666667,1.0,3.2933333333333334,142.6888888888889
mid_v2,22,15,No grouping,0.683850844750685,3000.0,1.0,3.0,100.0
mid_v2,22,15,CQI k-means,0.698636752737203,3736.0,1.0,3.04,124.53333333333333
mid_v2,22,15,Resource-cost k-means,0.7527506041175933,4925.0,1.0,3.5,164.16666666666666
mid_v2,22,15,Multi-feature k-means,0.7508765935312931,4338.0,1.0,3.32,144.6
mid_v2,22,15,Offline teacher,0.7894149404639991,5275.0,1.0,3.7,175.83333333333334
mid_v2,22,16,No grouping,0.6785175114173516,3000.0,1.0,3.0,100.0
mid_v2,22,16,CQI k-means,0.7136515882893114,4820.0,1.0,3.66,160.66666666666666
mid_v2,22,16,Resource-cost k-means,0.7621603727301673,4452.666666666667,1.0,3.3733333333333335,148.42222222222222
mid_v2,22,16,Multi-feature k-means,0.7522099268646265,4338.0,1.0,3.32,144.6
mid_v2,22,16,Offline teacher,0.7994745447259463,4882.666666666667,1.0,3.5733333333333333,162.75555555555556
mid_v2,22,17,No grouping,0.6765175114173516,3000.0,1.0,3.0,100.0
mid_v2,22,17,CQI k-means,0.7258709778016184,3965.3333333333335,1.0,3.1466666666666665,132.17777777777778
mid_v2,22,17,Resource-cost k-means,0.7541175661822667,4621.333333333333,1.0,3.3866666666666667,154.04444444444445
mid_v2,22,17,Multi-feature k-means,0.7606975383310117,4366.666666666667,1.0,3.3333333333333335,145.55555555555554
mid_v2,22,17,Offline teacher,0.7966000201463541,4962.666666666667,1.0,3.5733333333333333,165.42222222222222
mid_v2,22,18,No grouping,0.6798508447506848,3000.0,1.0,3.0,100.0
mid_v2,22,18,CQI k-means,0.7240500330018997,3936.6666666666665,1.0,3.1333333333333333,131.22222222222223
mid_v2,22,18,Resource-cost k-means,0.7438082148740326,4380.666666666667,1.0,3.2933333333333334,146.0222222222222
mid_v2,22,18,Multi-feature k-means,0.7539013705985227,4280.666666666667,1.0,3.2933333333333334,142.6888888888889
mid_v2,22,18,Offline teacher,0.7785544197196638,5236.333333333333,0.9933333333333333,3.697986577181208,174.54444444444445
mid_v2,22,19,No grouping,0.6805175114173516,3000.0,1.0,3.0,100.0
mid_v2,22,19,CQI k-means,0.6805175114173516,3000.0,1.0,3.0,100.0
mid_v2,22,19,Resource-cost k-means,0.7178429701311047,4200.0,1.0,3.2,140.0
mid_v2,22,19,Multi-feature k-means,0.6968411806749738,3970.6666666666665,1.0,3.12,132.35555555555555
mid_v2,22,19,Offline teacher,0.7451423432494962,4564.0,1.0,3.36,152.13333333333333
mid_v2,23,0,No grouping,0.6831841780840183,3000.0,1.0,3.0,100.0
mid_v2,23,0,CQI k-means,0.7105871986027442,3850.6666666666665,1.0,3.0933333333333333,128.35555555555555
mid_v2,23,0,Resource-cost k-means,0.7324184359443907,4750.0,1.0,3.4,158.33333333333334
mid_v2,23,0,Multi-feature k-means,0.6831841780840183,3000.0,1.0,3.0,100.0
mid_v2,23,0,Offline teacher,0.7492207000965995,4398.0,1.0,3.32,146.6
mid_v2,23,1,No grouping,0.4346030583591543,1500.0,1.0,2.0,50.0
mid_v2,23,1,CQI k-means,0.6842648641297324,3466.6666666666665,1.0,2.9266666666666667,115.55555555555556
mid_v2,23,1,Resource-cost k-means,0.6595537187970942,2869.3333333333335,1.0,2.8933333333333335,95.64444444444445
mid_v2,23,1,Multi-feature k-means,0.679402527672788,3506.6666666666665,1.0,2.933333333333333,116.88888888888889
mid_v2,23,1,Offline teacher,0.7266950641354593,5022.666666666667,0.9866666666666667,3.5945945945945947,167.42222222222222
mid_v2,23,2,No grouping,0.6858508447506849,3000.0,1.0,3.0,100.0
mid_v2,23,2,CQI k-means,0.7042786423366404,3793.3333333333335,1.0,3.066666666666667,126.44444444444444
mid_v2,23,2,Resource-cost k-means,0.7088537433630774,4260.0,1.0,3.2,142.0
mid_v2,23,2,Multi-feature k-means,0.6858508447506849,3000.0,1.0,3.0,100.0
mid_v2,23,2,Offline teacher,0.7507506041175934,4925.0,1.0,3.5,164.16666666666666
mid_v2,23,3,No grouping,0.683850844750685,3000.0,1.0,3.0,100.0
mid_v2,23,3,CQI k-means,0.706636752737203,3736.0,1.0,3.04,124.53333333333333
mid_v2,23,3,Resource-cost k-means,0.683850844750685,3000.0,1.0,3.0,100.0
mid_v2,23,3,Multi-feature k-means,0.683850844750685,3000.0,1.0,3.0,100.0
mid_v2,23,3,Offline teacher,0.7602906688381201,4719.333333333333,0.9866666666666667,3.527027027027027,157.3111111111111
mid_v2,23,4,No grouping,0.6798508447506848,3000.0,1.0,3.0,100.0
mid_v2,23,4,CQI k-means,0.7263585892680036,3994.0,1.0,3.16,133.13333333333333
mid_v2,23,4,Resource-cost k-means,0.7910364873940199,4739.333333333333,1.0,3.506666666666667,157.9777777777778
mid_v2,23,4,Multi-feature k-means,0.761185149797397,4395.333333333333,1.0,3.3466666666666667,146.51111111111112
mid_v2,23,4,Offline teacher,0.8109373791251019,4968.666666666667,1.0,3.6133333333333333,165.62222222222223
mid_v2,23,5,No grouping,0.6778508447506849,3000.0,1.0,3.0,100.0
mid_v2,23,5,CQI k-means,0.6778508447506849,3000.0,1.0,3.0,100.0
mid_v2,23,5,Resource-cost k-means,0.6997531674698808,4540.0,1.0,3.28,151.33333333333334
mid_v2,23,5,Multi-feature k-means,0.6778508447506849,3000.0,1.0,3.0,100.0
mid_v2,23,5,Offline teacher,0.7327966465999299,4137.333333333333,1.0,3.2266666666666666,137.9111111111111
mid_v2,23,6,No grouping,0.679850844750685,3000.0,1.0,3.0,100.0
mid_v2,23,6,CQI k-means,0.7286671455341075,4051.3333333333335,1.0,3.1866666666666665,135.04444444444445
mid_v2,23,6,Resource-cost k-means,0.7394361006382129,4555.333333333333,1.0,3.3466666666666667,151.84444444444443
mid_v2,23,6,Multi-feature k-means,0.7784193748618122,4624.666666666667,1.0,3.453333333333333,154.15555555555557
mid_v2,23,6,Offline teacher,0.7833945977945829,4682.0,1.0,3.48,156.06666666666666
mid_v2,23,7,No grouping,0.6818508447506849,3000.0,1.0,3.0,100.0
mid_v2,23,7,CQI k-means,0.7044576975369218,3764.6666666666665,1.0,3.0533333333333332,125.4888888888889
mid_v2,23,7,Resource-cost k-means,0.7989869332595608,4854.0,1.0,3.56,161.8
mid_v2,23,7,Multi-feature k-means,0.7467470924654708,4252.0,1.0,3.28,141.73333333333332
mid_v2,23,7,Offline teacher,0.7964993217931757,4825.333333333333,1.0,3.546666666666667,160.84444444444443
mid_v2,23,8,No grouping,0.6845175114173516,3000.0,1.0,3.0,100.0
mid_v2,23,8,CQI k-means,0.6845175114173516,3000.0,1.0,3.0,100.0
mid_v2,23,8,Resource-cost k-means,0.6888548458804032,3940.3333333333335,1.0,3.0866666666666664,131.34444444444443
mid_v2,23,8,Multi-feature k-means,0.7301299799332632,4137.333333333333,1.0,3.2266666666666666,137.9111111111111
mid_v2,23,8,Offline teacher,0.7636092032940665,4656.0,1.0,3.44,155.2
mid_v2,23,9,No grouping,0.6745175114173516,3000.0,1.0,3.0,100.0
mid_v2,23,9,CQI k-means,0.7140995871363589,3822.0,1.0,3.08,127.4
mid_v2,23,9,Resource-cost k-means,0.712086267771188,4575.0,1.0,3.3,152.5
mid_v2,23,9,Multi-feature k-means,0.7489261476657522,4223.333333333333,1.0,3.2666666666666666,140.77777777777777
mid_v2,23,9,Offline teacher,0.7684161056241295,5100.0,1.0,3.6,170.0
mid_v2,23,10,No grouping,0.443269725025821,1500.0,1.0,2.0,50.0
mid_v2,23,10,CQI k-means,0.5772437067659252,2190.0,1.0,2.46,73.0
mid_v2,23,10,Resource-cost k-means,0.682943229928954,2967.3333333333335,1.0,2.973333333333333,98.91111111111111
mid_v2,23,10,Multi-feature k-means,0.6860847882589718,3754.6666666666665,0.9933333333333333,3.0604026845637584,125.15555555555555
mid_v2,23,10,Offline teacher,0.721190307299695,4082.6666666666665,1.0,3.1733333333333333,136.0888888888889
mid_v2,23,11,No grouping,0.42060305835915435,1500.0,1.0,2.0,50.0
mid_v2,23,11,CQI k-means,0.6496116380397109,3527.3333333333335,1.0,2.8733333333333335,117.57777777777778
mid_v2,23,11,Resource-cost k-means,0.779459745848559,4815.333333333333,0.9933333333333333,3.557046979865772,160.51111111111112
mid_v2,23,11,Multi-feature k-means,0.7373989602547504,4186.0,1.0,3.24,139.53333333333333
mid_v2,23,11,Offline teacher,0.7894101917141001,4930.0,0.9933333333333333,3.610738255033557,164.33333333333334
mid_v2,23,12,No grouping,0.6831841780840182,3000.0,1.0,3.0,100.0
mid_v2,23,12,CQI k-means,0.692198695405277,3592.6666666666665,1.0,2.973333333333333,119.75555555555556
mid_v2,23,12,Resource-cost k-means,0.7000867338352403,4505.0,1.0,3.26,150.16666666666666
mid_v2,23,12,Multi-feature k-means,0.7145871986027441,3850.6666666666665,1.0,3.0933333333333333,128.35555555555555
mid_v2,23,12,Offline teacher,0.7504253274062404,4495.333333333333,1.0,3.3466666666666667,149.84444444444443
mid_v2,23,13,No grouping,0.6825175114173515,3000.0,1.0,3.0,100.0
mid_v2,23,13,CQI k-means,0.7102786423366405,3793.3333333333335,1.0,3.066666666666667,126.44444444444444
mid_v2,23,13,Resource-cost k-means,0.7873945977945828,4682.0,1.0,3.48,156.06666666666666
mid_v2,23,13,Multi-feature k-means,0.7426175913996484,4166.0,1.0,3.24,138.86666666666667
mid_v2,23,13,Offline teacher,0.7973450436601238,4796.666666666667,1.0,3.533333333333333,159.88888888888889
mid_v2,23,14,No grouping,0.6885175114173516,3000.0,1.0,3.0,100.0
mid_v2,23,14,CQI k-means,0.7052538652694108,3850.6666666666665,1.0,3.0933333333333333,128.35555555555555
mid_v2,23,14,Resource-cost k-means,0.7674441519290417,4567.333333333333,1.0,3.4266666666666667,152.24444444444444
mid_v2,23,14,Multi-feature k-means,0.7425680372651894,4280.666666666667,1.0,3.2933333333333334,142.6888888888889
mid_v2,23,14,Offline teacher,0.8072459353912057,5026.0,1.0,3.64,167.53333333333333
mid_v2,23,15,No grouping,0.6851841780840182,3000.0,1.0,3.0,100.0
mid_v2,23,15,CQI k-means,0.6988158079374845,3707.3333333333335,1.0,3.026666666666667,123.57777777777778
mid_v2,23,15,Resource-cost k-means,0.7460664219635473,4369.333333333333,1.0,3.3066666666666666,145.64444444444445
mid_v2,23,15,Multi-feature k-means,0.7007204735654156,3989.3333333333335,1.0,3.1266666666666665,132.9777777777778
mid_v2,23,15,Offline teacher,0.7809573355047867,4722.0,1.0,3.48,157.4
mid_v2,23,16,No grouping,0.6865175114173517,3000.0,1.0,3.0,100.0
mid_v2,23,16,CQI k-means,0.7298214236671594,4080.0,1.0,3.2,136.0
mid_v2,23,16,Resource-cost k-means,0.7820612644612495,4682.0,1.0,3.48,156.06666666666666
mid_v2,23,16,Multi-feature k-means,0.767135595662938,4510.0,1.0,3.4,150.33333333333334
mid_v2,23,16,Offline teacher,0.8168878249906428,5083.333333333333,1.0,3.6666666666666665,169.44444444444446
mid_v2,23,17,No grouping,0.6791841780840182,3000.0,1.0,3.0,100.0
mid_v2,23,17,CQI k-means,0.7146601634218104,3735.0,1.0,3.06,124.5
mid_v2,23,17,Resource-cost k-means,0.7603712189195101,4529.333333333333,1.0,3.3866666666666667,150.9777777777778
mid_v2,23,17,Multi-feature k-means,0.7517223153982414,4309.333333333333,1.0,3.3066666666666666,143.64444444444445
mid_v2,23,17,Offline teacher,0.7950813740986395,5310.0,1.0,3.72,177.0
mid_v2,23,18,No grouping,0.673850844750685,3000.0,1.0,3.0,100.0
mid_v2,23,18,CQI k-means,0.7373338122007741,4051.3333333333335,1.0,3.1866666666666665,135.04444444444445
mid_v2,23,18,Resource-cost k-means,0.7696727612637821,4424.0,1.0,3.36,147.46666666666667
mid_v2,23,18,Multi-feature k-means,0.7447966465999298,4137.333333333333,1.0,3.2266666666666666,137.9111111111111
mid_v2,23,18,Offline teacher,0.8020117103267905,4796.666666666667,1.0,3.533333333333333,159.88888888888889
mid_v2,23,19,No grouping,0.6831841780840182,3000.0,1.0,3.0,100.0
mid_v2,23,19,CQI k-means,0.7268462007343889,4022.6666666666665,1.0,3.1733333333333333,134.0888888888889
mid_v2,23,19,Resource-cost k-means,0.7647501380535412,4995.0,1.0,3.54,166.5
mid_v2,23,19,Multi-feature k-means,0.7492347039318562,4280.666666666667,1.0,3.2933333333333334,142.6888888888889
mid_v2,23,19,Offline teacher,0.7867487398613845,5205.0,1.0,3.66,173.5
mid_v2,24,0,No grouping,0.6905175114173516,3000.0,1.0,3.0,100.0
mid_v2,24,0,CQI k-means,0.6905175114173516,3000.0,1.0,3.0,100.0
mid_v2,24,0,Resource-cost k-means,0.7845488759276346,4710.666666666667,1.0,3.493333333333333,157.0222222222222
mid_v2,24,0,Multi-feature k-means,0.7372842580663151,4166.0,1.0,3.24,138.86666666666667
mid_v2,24,0,Offline teacher,0.7845488759276346,4710.666666666667,1.0,3.493333333333333,157.0222222222222
mid_v2,24,1,No grouping,0.693850844750685,3000.0,1.0,3.0,100.0
mid_v2,24,1,CQI k-means,0.693850844750685,3000.0,1.0,3.0,100.0
mid_v2,24,1,Resource-cost k-means,0.7724193748618123,4624.666666666667,1.0,3.453333333333333,154.15555555555557
mid_v2,24,1,Multi-feature k-means,0.7226671455341076,4051.3333333333335,1.0,3.1866666666666665,135.04444444444445
mid_v2,24,1,Offline teacher,0.7773945977945829,4682.0,1.0,3.48,156.06666666666666
mid_v2,24,2,No grouping,0.6791841780840182,3000.0,1.0,3.0,100.0
mid_v2,24,2,CQI k-means,0.7031243642035886,3764.6666666666665,1.0,3.0533333333333332,125.4888888888889
mid_v2,24,2,Resource-cost k-means,0.7260853356430834,4715.0,1.0,3.38,157.16666666666666
mid_v2,24,2,Multi-feature k-means,0.7379509247329818,4166.0,1.0,3.24,138.86666666666667
mid_v2,24,2,Offline teacher,0.7554168047202077,4995.0,1.0,3.54,166.5
mid_v2,24,3,No grouping,0.6878508447506849,3000.0,1.0,3.0,100.0
mid_v2,24,3,CQI k-means,0.6878508447506849,3000.0,1.0,3.0,100.0
mid_v2,24,3,Resource-cost k-means,0.7537503710855673,4960.0,1.0,3.52,165.33333333333334
mid_v2,24,3,Multi-feature k-means,0.7369287344120856,3886.6666666666665,1.0,3.1666666666666665,129.55555555555554
mid_v2,24,3,Offline teacher,0.8190799759064827,5520.0,1.0,3.84,184.0
mid_v2,24,4,No grouping,0.6898508447506849,3000.0,1.0,3.0,100.0
mid_v2,24,4,CQI k-means,0.6952010339147789,3478.3333333333335,1.0,2.953333333333333,115.94444444444444
mid_v2,24,4,Resource-cost k-means,0.7184189020084429,4680.0,1.0,3.36,156.0
mid_v2,24,4,Multi-feature k-means,0.7316423684668779,4108.666666666667,1.0,3.2133333333333334,136.95555555555555
mid_v2,24,4,Offline teacher,0.7774154065280513,5205.0,1.0,3.66,173.5
mid_v2,24,5,No grouping,0.6878508447506849,3000.0,1.0,3.0,100.0
mid_v2,24,5,CQI k-means,0.6878508447506849,3000.0,1.0,3.0,100.0
mid_v2,24,5,Resource-cost k-means,0.722036824208773,4237.333333333333,1.0,3.2266666666666666,141.24444444444444
mid_v2,24,5,Multi-feature k-means,0.7283090351335446,4108.666666666667,1.0,3.2133333333333334,136.95555555555555
mid_v2,24,5,Offline teacher,0.7543114202599351,4658.666666666667,1.0,3.4133333333333336,155.2888888888889
mid_v2,24,6,No grouping,0.6838508447506849,3000.0,1.0,3.0,100.0
mid_v2,24,6,CQI k-means,0.7183860440926599,3392.6666666666665,1.0,3.013333333333333,113.08888888888889
mid_v2,24,6,Resource-cost k-means,0.7809069863281974,4653.333333333333,1.0,3.466666666666667,155.11111111111111
mid_v2,24,6,Multi-feature k-means,0.7111775680156032,3774.6666666666665,1.0,3.066666666666667,125.82222222222222
mid_v2,24,6,Offline teacher,0.8119126020578723,5026.0,1.0,3.64,167.53333333333333
mid_v2,24,7,No grouping,0.6825175114173515,3000.0,1.0,3.0,100.0
mid_v2,24,7,CQI k-means,0.7039700860705363,3736.0,1.0,3.04,124.53333333333333
mid_v2,24,7,Resource-cost k-means,0.7435648066619052,4458.0,1.0,3.32,148.6
mid_v2,24,7,Multi-feature k-means,0.7636727612637821,4424.0,1.0,3.36,147.46666666666667
mid_v2,24,7,Offline teacher,0.7834154065280512,5205.0,1.0,3.66,173.5
mid_v2,24,8,No grouping,0.6818508447506849,3000.0,1.0,3.0,100.0
mid_v2,24,8,CQI k-means,0.7168957548688479,3908.0,1.0,3.12,130.26666666666668
mid_v2,24,8,Resource-cost k-means,0.7274186689764168,4715.0,1.0,3.38,157.16666666666666
mid_v2,24,8,Multi-feature k-means,0.7367966465999297,4137.333333333333,1.0,3.2266666666666666,137.9111111111111
mid_v2,24,8,Offline teacher,0.7755248939025354,4948.666666666667,0.9866666666666667,3.635135135135135,164.95555555555555
mid_v2,24,9,No grouping,0.6731841780840183,3000.0,1.0,3.0,100.0
mid_v2,24,9,CQI k-means,0.7213833663352331,3936.6666666666665,1.0,3.1333333333333333,131.22222222222223
mid_v2,24,9,Resource-cost k-means,0.7170979466173351,4366.0,1.0,3.24,145.53333333333333
mid_v2,24,9,Multi-feature k-means,0.751234703931856,4280.666666666667,1.0,3.2933333333333334,142.6888888888889
mid_v2,24,9,Offline teacher,0.7821264125152257,4815.333333333333,0.9933333333333333,3.557046979865772,160.51111111111112
mid_v2,24,10,No grouping,0.6858508447506849,3000.0,1.0,3.0,100.0
mid_v2,24,10,CQI k-means,0.7178709778016183,3965.3333333333335,1.0,3.1466666666666665,132.17777777777778
mid_v2,24,10,Resource-cost k-means,0.758619976526039,4716.0,1.0,3.44,157.2
mid_v2,24,10,Multi-feature k-means,0.7156541412778609,4082.6666666666665,1.0,3.1866666666666665,136.0888888888889
mid_v2,24,10,Offline teacher,0.7910520813135372,4987.333333333333,0.9933333333333333,3.6375838926174495,166.24444444444444
mid_v2,24,11,No grouping,0.6825175114173515,3000.0,1.0,3.0,100.0
mid_v2,24,11,CQI k-means,0.6989948631377659,3678.6666666666665,1.0,3.013333333333333,122.62222222222222
mid_v2,24,11,Resource-cost k-means,0.7275492127423878,4208.666666666667,1.0,3.2133333333333334,140.2888888888889
mid_v2,24,11,Multi-feature k-means,0.7363090351335446,4108.666666666667,1.0,3.2133333333333334,136.95555555555555
mid_v2,24,11,Offline teacher,0.7508278344389644,4633.333333333333,0.9866666666666667,3.4864864864864864,154.44444444444446
mid_v2,24,12,No grouping,0.6785175114173516,3000.0,1.0,3.0,100.0
mid_v2,24,12,CQI k-means,0.7196313754264687,3791.0,1.0,3.08,126.36666666666666
mid_v2,24,12,Resource-cost k-means,0.7506431130742448,5202.666666666667,1.0,3.5733333333333333,173.42222222222222
mid_v2,24,12,Multi-feature k-means,0.7276919226013369,3994.0,1.0,3.16,133.13333333333333
mid_v2,24,12,Offline teacher,0.7859473573149444,4844.0,0.9933333333333333,3.5704697986577183,161.46666666666667
mid_v2,24,13,No grouping,0.6871841780840183,3000.0,1.0,3.0,100.0
mid_v2,24,13,CQI k-means,0.69930341940387,3736.0,1.0,3.04,124.53333333333333
mid_v2,24,13,Resource-cost k-means,0.7515432601979599,4338.0,1.0,3.32,144.6
mid_v2,24,13,Multi-feature k-means,0.7092538652694108,3850.6666666666665,1.0,3.0933333333333333,128.35555555555555
mid_v2,24,13,Offline teacher,0.8012954895256648,4911.333333333333,1.0,3.5866666666666664,163.7111111111111
mid_v2,24,14,No grouping,0.6845175114173516,3000.0,1.0,3.0,100.0
mid_v2,24,14,CQI k-means,0.7208957548688478,3908.0,1.0,3.12,130.26666666666668
mid_v2,24,14,Resource-cost k-means,0.7155278273728229,4208.0,1.0,3.2,140.26666666666668
mid_v2,24,14,Multi-feature k-means,0.7358214236671594,4080.0,1.0,3.2,136.0
mid_v2,24,14,Offline teacher,0.7809721343821739,4786.666666666667,0.9933333333333333,3.5436241610738257,159.55555555555554
mid_v2,24,15,No grouping,0.6845175114173516,3000.0,1.0,3.0,100.0
mid_v2,24,15,CQI k-means,0.7044576975369217,3764.6666666666665,1.0,3.0533333333333332,125.4888888888889
mid_v2,24,15,Resource-cost k-means,0.7560839374509268,4925.0,1.0,3.5,164.16666666666666
mid_v2,24,15,Multi-feature k-means,0.759185149797397,4395.333333333333,1.0,3.3466666666666667,146.51111111111112
mid_v2,24,15,Offline teacher,0.7989869332595609,4854.0,1.0,3.56,161.8
mid_v2,24,16,No grouping,0.6885175114173516,3000.0,1.0,3.0,100.0
mid_v2,24,16,CQI k-means,0.6885175114173516,3000.0,1.0,3.0,100.0
mid_v2,24,16,Resource-cost k-means,0.7009824493867695,4162.666666666667,1.0,3.1733333333333333,138.75555555555556
mid_v2,24,16,Multi-feature k-means,0.7035624215355147,3908.0,1.0,3.12,130.26666666666668
mid_v2,24,16,Offline teacher,0.7379764464075781,5202.666666666667,1.0,3.5733333333333333,173.42222222222222
mid_v2,24,17,No grouping,0.6885175114173516,3000.0,1.0,3.0,100.0
mid_v2,24,17,CQI k-means,0.6885175114173516,3000.0,1.0,3.0,100.0
mid_v2,24,17,Resource-cost k-means,0.7375928143324189,4223.333333333333,1.0,3.2666666666666666,140.77777777777777
mid_v2,24,17,Multi-feature k-means,0.7201795340677222,4022.6666666666665,1.0,3.1733333333333333,134.0888888888889
mid_v2,24,17,Offline teacher,0.7747487398613847,5205.0,1.0,3.66,173.5
mid_v2,24,18,No grouping,0.6765175114173516,3000.0,1.0,3.0,100.0
mid_v2,24,18,CQI k-means,0.7149453090033071,3793.3333333333335,1.0,3.066666666666667,126.44444444444444
mid_v2,24,18,Resource-cost k-means,0.7395268952447184,4348.0,1.0,3.28,144.93333333333334
mid_v2,24,18,Multi-feature k-means,0.7497718695327003,4194.666666666667,1.0,3.2533333333333334,139.82222222222222
mid_v2,24,18,Offline teacher,0.7721603727301676,4452.666666666667,1.0,3.3733333333333335,148.42222222222222
mid_v2,24,19,No grouping,0.6831841780840183,3000.0,1.0,3.0,100.0
mid_v2,24,19,CQI k-means,0.7205376444682852,3965.3333333333335,1.0,3.1466666666666665,132.17777777777778
mid_v2,24,19,Resource-cost k-means,0.693753633533933,4470.0,1.0,3.24,149.0
mid_v2,24,19,Multi-feature k-means,0.7678022623296047,4510.0,1.0,3.4,150.33333333333334
mid_v2,24,19,Offline teacher,0.7863418130568395,4974.0,1.0,3.56,165.8
mid_v2,25,0,No grouping,0.685850844750685,3000.0,1.0,3.0,100.0
mid_v2,25,0,CQI k-means,0.7216919226013371,3994.0,1.0,3.16,133.13333333333333
mid_v2,25,0,Resource-cost k-means,0.7290147397431298,4341.666666666667,1.0,3.2733333333333334,144.72222222222223
mid_v2,25,0,Multi-feature k-means,0.7590060945971155,4424.0,1.0,3.36,147.46666666666667
mid_v2,25,0,Offline teacher,0.7988582272358687,4951.333333333333,1.0,3.5866666666666664,165.04444444444445
mid_v2,25,1,No grouping,0.6818508447506849,3000.0,1.0,3.0,100.0
mid_v2,25,1,CQI k-means,0.7155624215355147,3908.0,1.0,3.12,130.26666666666668
mid_v2,25,1,Resource-cost k-means,0.7453473739803849,4446.666666666667,1.0,3.3333333333333335,148.22222222222223
mid_v2,25,1,Multi-feature k-means,0.7454137591321375,4252.0,1.0,3.28,141.73333333333332
mid_v2,25,1,Offline teacher,0.8001915605692019,4951.333333333333,1.0,3.5866666666666664,165.04444444444445
mid_v2,25,2,No grouping,0.41526972502582105,1500.0,1.0,2.0,50.0
mid_v2,25,2,CQI k-means,0.6307930869555537,2610.0,1.0,2.74,87.0
mid_v2,25,2,Resource-cost k-means,0.7297522353417762,4680.0,1.0,3.36,156.0
mid_v2,25,2,Multi-feature k-means,0.6840591442119663,3784.3333333333335,1.0,3.006666666666667,126.14444444444445
mid_v2,25,2,Offline teacher,0.7883210616350244,5034.666666666667,0.9866666666666667,3.675675675675676,167.82222222222222
mid_v2,25,3,No grouping,0.6851841780840182,3000.0,1.0,3.0,100.0
mid_v2,25,3,CQI k-means,0.7087662538030256,3822.0,1.0,3.08,127.4
mid_v2,25,3,Resource-cost k-means,0.7267520023097501,4715.0,1.0,3.38,157.16666666666666
mid_v2,25,3,Multi-feature k-means,0.7411052028660338,4194.666666666667,1.0,3.2533333333333334,139.82222222222222
mid_v2,25,3,Offline teacher,0.7894101917141001,4930.0,0.9933333333333333,3.610738255033557,164.33333333333334
mid_v2,25,4,No grouping,0.6778508447506849,3000.0,1.0,3.0,100.0
mid_v2,25,4,CQI k-means,0.6778508447506849,3000.0,1.0,3.0,100.0
mid_v2,25,4,Resource-cost k-means,0.7044231033742301,4064.6666666666665,1.0,3.1333333333333333,135.48888888888888
mid_v2,25,4,Multi-feature k-means,0.7446175913996484,4166.0,1.0,3.24,138.86666666666667
mid_v2,25,4,Offline teacher,0.7446175913996484,4166.0,1.0,3.24,138.86666666666667
mid_v2,25,5,No grouping,0.6845175114173516,3000.0,1.0,3.0,100.0
mid_v2,25,5,CQI k-means,0.7916372061725286,4064.0,1.0,3.38,135.46666666666667
mid_v2,25,5,Resource-cost k-means,0.7764193748618121,4624.666666666667,1.0,3.453333333333333,154.15555555555557
mid_v2,25,5,Multi-feature k-means,0.7440804257988041,4252.0,1.0,3.28,141.73333333333332
mid_v2,25,5,Offline teacher,0.8062707124584352,4968.666666666667,1.0,3.6133333333333333,165.62222222222223
mid_v2,25,6,No grouping,0.6858508447506849,3000.0,1.0,3.0,100.0
mid_v2,25,6,CQI k-means,0.7140500330018998,3936.6666666666665,1.0,3.1333333333333333,131.22222222222223
mid_v2,25,6,Resource-cost k-means,0.7372570454379315,4584.0,1.0,3.36,152.8
mid_v2,25,6,Multi-feature k-means,0.6858508447506849,3000.0,1.0,3.0,100.0
mid_v2,25,6,Offline teacher,0.7822559135810482,4901.333333333333,0.9933333333333333,3.597315436241611,163.37777777777777
mid_v2,25,7,No grouping,0.683850844750685,3000.0,1.0,3.0,100.0
mid_v2,25,7,CQI k-means,0.683850844750685,3000.0,1.0,3.0,100.0
mid_v2,25,7,Resource-cost k-means,0.683850844750685,3000.0,1.0,3.0,100.0
mid_v2,25,7,Multi-feature k-means,0.7235128674010556,4022.6666666666665,1.0,3.1733333333333333,134.0888888888889
mid_v2,25,7,Offline teacher,0.753222018514435,5096.333333333333,0.9933333333333333,3.61744966442953,169.87777777777777
mid_v2,25,8,No grouping,0.6851841780840182,3000.0,1.0,3.0,100.0
mid_v2,25,8,CQI k-means,0.6948158079374845,3707.3333333333335,1.0,3.026666666666667,123.57777777777778
mid_v2,25,8,Resource-cost k-means,0.7577503710855673,4960.0,1.0,3.52,165.33333333333334
mid_v2,25,8,Multi-feature k-means,0.7445680372651894,4280.666666666667,1.0,3.2933333333333334,142.6888888888889
mid_v2,25,8,Offline teacher,0.8017475747012541,5380.0,1.0,3.76,179.33333333333334
mid_v2,25,9,No grouping,0.6831841780840183,3000.0,1.0,3.0,100.0
mid_v2,25,9,CQI k-means,0.7142290882021812,3908.0,1.0,3.12,130.26666666666668
mid_v2,25,9,Resource-cost k-means,0.7600464655838625,4614.666666666667,0.9933333333333333,3.4630872483221475,153.82222222222222
mid_v2,25,9,Multi-feature k-means,0.7366175913996484,4166.0,1.0,3.24,138.86666666666667
mid_v2,25,9,Offline teacher,0.7923854146468705,4987.333333333333,0.9933333333333333,3.6375838926174495,166.24444444444444
mid_v2,25,10,No grouping,0.6885175114173516,3000.0,1.0,3.0,100.0
mid_v2,25,10,CQI k-means,0.7300086511515769,3545.3333333333335,1.0,3.04,118.17777777777778
mid_v2,25,10,Resource-cost k-means,0.7515432601979599,4338.0,1.0,3.32,144.6
mid_v2,25,10,Multi-feature k-means,0.711741476735796,3879.3333333333335,1.0,3.1066666666666665,129.3111111111111
mid_v2,25,10,Offline teacher,0.7937480407653061,5310.0,1.0,3.72,177.0
mid_v2,25,11,No grouping,0.6831841780840183,3000.0,1.0,3.0,100.0
mid_v2,25,11,CQI k-means,0.6933529735383289,3621.3333333333335,1.0,2.986666666666667,120.71111111111111
mid_v2,25,11,Resource-cost k-means,0.7231903072996947,4082.6666666666665,1.0,3.1733333333333333,136.0888888888889
mid_v2,25,11,Multi-feature k-means,0.7107662538030255,3822.0,1.0,3.08,127.4
mid_v2,25,11,Offline teacher,0.7540960197183214,4500.0,0.9933333333333333,3.4093959731543624,150.0
mid_v2,25,12,No grouping,0.6878508447506849,3000.0,1.0,3.0,100.0
mid_v2,25,12,CQI k-means,0.7147166996685663,3936.6666666666665,1.0,3.1333333333333333,131.22222222222223
mid_v2,25,12,Resource-cost k-means,0.7664165716881818,5030.0,1.0,3.56,167.66666666666666
mid_v2,25,12,Multi-feature k-means,0.7644689289962713,4510.0,1.0,3.4,150.33333333333334
mid_v2,25,12,Offline teacher,0.811733546857591,5054.666666666667,1.0,3.6533333333333333,168.48888888888888
mid_v2,25,13,No grouping,0.6825175114173516,3000.0,1.0,3.0,100.0
mid_v2,25,13,CQI k-means,0.6959700860705363,3736.0,1.0,3.04,124.53333333333333
mid_v2,25,13,Resource-cost k-means,0.7329484891718275,4526.666666666667,1.0,3.3333333333333335,150.88888888888889
mid_v2,25,13,Multi-feature k-means,0.6825175114173516,3000.0,1.0,3.0,100.0
mid_v2,25,13,Offline teacher,0.7605548857837162,5166.333333333333,0.9933333333333333,3.6577181208053693,172.2111111111111
mid_v2,25,14,No grouping,0.4399363916924877,1500.0,1.0,2.0,50.0
mid_v2,25,14,CQI k-means,0.6593581814361057,3294.0,1.0,2.82,109.8
mid_v2,25,14,Resource-cost k-means,0.6902255139948268,4571.333333333333,0.9933333333333333,3.315436241610738,152.37777777777777
mid_v2,25,14,Multi-feature k-means,0.7084732914564389,4012.6666666666665,0.9933333333333333,3.1812080536912752,133.75555555555556
mid_v2,25,14,Offline teacher,0.7184237373219801,4127.333333333333,0.9933333333333333,3.2348993288590604,137.57777777777778
mid_v2,25,15,No grouping,0.6851841780840182,3000.0,1.0,3.0,100.0
mid_v2,25,15,CQI k-means,0.7250252559346703,3994.0,1.0,3.16,133.13333333333333
mid_v2,25,15,Resource-cost k-means,0.782240319661531,4653.333333333333,1.0,3.466666666666667,155.11111111111111
mid_v2,25,15,Multi-feature k-means,0.7548765935312931,4338.0,1.0,3.32,144.6
mid_v2,25,15,Offline teacher,0.8120916572581537,4997.333333333333,1.0,3.6266666666666665,166.57777777777778
mid_v2,25,16,No grouping,0.6845175114173516,3000.0,1.0,3.0,100.0
mid_v2,25,16,CQI k-means,0.6845175114173516,3000.0,1.0,3.0,100.0
mid_v2,25,16,Resource-cost k-means,0.7857489728934107,5170.0,1.0,3.64,172.33333333333334
mid_v2,25,16,Multi-feature k-means,0.7284515309033208,4026.6666666666665,1.0,3.18,134.22222222222223
mid_v2,25,16,Offline teacher,0.8121072511776711,5245.333333333333,0.9933333333333333,3.7583892617449663,174.84444444444443
mid_v2,25,17,No grouping,0.6865175114173515,3000.0,1.0,3.0,100.0
mid_v2,25,17,CQI k-means,0.7062786423366404,3793.3333333333335,1.0,3.066666666666667,126.44444444444444
mid_v2,25,17,Resource-cost k-means,0.7858822092609679,4710.666666666667,1.0,3.493333333333333,157.0222222222222
mid_v2,25,17,Multi-feature k-means,0.7585184831307303,4395.333333333333,1.0,3.3466666666666667,146.51111111111112
mid_v2,25,17,Offline teacher,0.795832655126509,4825.333333333333,1.0,3.546666666666667,160.84444444444443
mid_v2,25,18,No grouping,0.6818508447506849,3000.0,1.0,3.0,100.0
mid_v2,25,18,CQI k-means,0.6986863068716622,3621.3333333333335,1.0,2.986666666666667,120.71111111111111
mid_v2,25,18,Resource-cost k-means,0.6877540995979853,4400.0,1.0,3.2,146.66666666666666
mid_v2,25,18,Multi-feature k-means,0.7310252559346704,3994.0,1.0,3.16,133.13333333333333
mid_v2,25,18,Offline teacher,0.7782898737959899,4538.666666666667,1.0,3.4133333333333336,151.2888888888889
mid_v2,25,19,No grouping,0.6791841780840182,3000.0,1.0,3.0,100.0
mid_v2,25,19,CQI k-means,0.7184081434024627,3879.3333333333335,1.0,3.1066666666666665,129.3111111111111
mid_v2,25,19,Resource-cost k-means,0.7340879684274926,4489.333333333333,1.0,3.3066666666666666,149.64444444444445
mid_v2,25,19,Multi-feature k-means,0.6791841780840182,3000.0,1.0,3.0,100.0
mid_v2,25,19,Offline teacher,0.7743402229725792,4607.333333333333,1.0,3.4266666666666667,153.57777777777778
mid_v2,26,0,No grouping,0.6771841780840183,3000.0,1.0,3.0,100.0
mid_v2,26,0,CQI k-means,0.7008734887416637,3648.6666666666665,1.0,3.006666666666667,121.62222222222222
mid_v2,26,0,Resource-cost k-means,0.7209972482641565,4228.666666666667,1.0,3.2133333333333334,140.95555555555555
mid_v2,26,0,Multi-feature k-means,0.723691922601337,3994.0,1.0,3.16,133.13333333333333
mid_v2,26,0,Offline teacher,0.7708781836155536,4704.666666666667,1.0,3.453333333333333,156.82222222222222
mid_v2,26,1,No grouping,0.6845175114173516,3000.0,1.0,3.0,100.0
mid_v2,26,1,CQI k-means,0.7128957548688479,3908.0,1.0,3.12,130.26666666666668
mid_v2,26,1,Resource-cost k-means,0.7497508371496197,4890.0,1.0,3.48,163.0
mid_v2,26,1,Multi-feature k-means,0.6845175114173516,3000.0,1.0,3.0,100.0
mid_v2,26,1,Offline teacher,0.7607501380535411,4995.0,1.0,3.54,166.5
mid_v2,26,2,No grouping,0.6818508447506849,3000.0,1.0,3.0,100.0
mid_v2,26,2,CQI k-means,0.7292978090611092,3826.0,1.0,3.1,127.53333333333333
mid_v2,26,2,Resource-cost k-means,0.7659817835939382,4411.333333333333,1.0,3.3466666666666667,147.04444444444445
mid_v2,26,2,Multi-feature k-means,0.7360004788674408,4051.3333333333335,1.0,3.1866666666666665,135.04444444444445
mid_v2,26,2,Offline teacher,0.7982411147036611,4836.666666666667,1.0,3.533333333333333,161.22222222222223
mid_v2,26,3,No grouping,0.6825175114173516,3000.0,1.0,3.0,100.0
mid_v2,26,3,CQI k-means,0.691352973538329,3621.3333333333335,1.0,2.986666666666667,120.71111111111111
mid_v2,26,3,Resource-cost k-means,0.7154191350404692,4645.0,1.0,3.34,154.83333333333334
mid_v2,26,3,Multi-feature k-means,0.7286671455341076,4051.3333333333335,1.0,3.1866666666666665,135.04444444444445
mid_v2,26,3,Offline teacher,0.7680825392587702,5135.0,1.0,3.62,171.16666666666666
mid_v2,26,4,No grouping,0.6858508447506849,3000.0,1.0,3.0,100.0
mid_v2,26,4,CQI k-means,0.7069305986682944,3606.6666666666665,1.0,3.006666666666667,120.22222222222223
mid_v2,26,4,Resource-cost k-means,0.7374182029123647,4785.0,1.0,3.42,159.5
mid_v2,26,4,Multi-feature k-means,0.6951832703051787,3989.3333333333335,1.0,3.1,132.9777777777778
mid_v2,26,4,Offline teacher,0.7680620595033797,4862.666666666667,0.9866666666666667,3.5945945945945947,162.0888888888889
mid_v2,26,5,No grouping,0.6785175114173516,3000.0,1.0,3.0,100.0
mid_v2,26,5,CQI k-means,0.7089453090033071,3793.3333333333335,1.0,3.066666666666667,126.44444444444444
mid_v2,26,5,Resource-cost k-means,0.7125453574861949,4023.0,1.0,3.14,134.1
mid_v2,26,5,Multi-feature k-means,0.7378735821821913,4250.666666666667,1.0,3.2866666666666666,141.6888888888889
mid_v2,26,5,Offline teacher,0.782082073194718,5205.0,1.0,3.66,173.5
mid_v2,26,6,No grouping,0.683850844750685,3000.0,1.0,3.0,100.0
mid_v2,26,6,CQI k-means,0.7228957548688479,3908.0,1.0,3.12,130.26666666666668
mid_v2,26,6,Resource-cost k-means,0.7676727612637823,4424.0,1.0,3.36,147.46666666666667
mid_v2,26,6,Multi-feature k-means,0.7477718695327004,4194.666666666667,1.0,3.2533333333333334,139.82222222222222
mid_v2,26,6,Offline teacher,0.7800825392587701,5135.0,1.0,3.62,171.16666666666666
mid_v2,26,7,No grouping,0.6785175114173516,3000.0,1.0,3.0,100.0
mid_v2,26,7,CQI k-means,0.746442697555391,3687.3333333333335,1.0,3.1,122.91111111111111
mid_v2,26,7,Resource-cost k-means,0.7862403196615307,4653.333333333333,1.0,3.466666666666667,155.11111111111111
mid_v2,26,7,Multi-feature k-means,0.7439509247329816,4166.0,1.0,3.24,138.86666666666667
mid_v2,26,7,Offline teacher,0.8036535999262275,4854.0,1.0,3.56,161.8
mid_v2,26,8,No grouping,0.6845175114173516,3000.0,1.0,3.0,100.0
mid_v2,26,8,CQI k-means,0.7127166996685664,3936.6666666666665,1.0,3.1333333333333333,131.22222222222223
mid_v2,26,8,Resource-cost k-means,0.7674441519290417,4567.333333333333,1.0,3.4266666666666667,152.24444444444444
mid_v2,26,8,Multi-feature k-means,0.7525184831307302,4395.333333333333,1.0,3.3466666666666667,146.51111111111112
mid_v2,26,8,Offline teacher,0.7910813740986394,5310.0,1.0,3.72,177.0
mid_v2,26,9,No grouping,0.6865175114173516,3000.0,1.0,3.0,100.0
mid_v2,26,9,CQI k-means,0.7160500330018998,3936.6666666666665,1.0,3.1333333333333333,131.22222222222223
mid_v2,26,9,Resource-cost k-means,0.7469129388726256,4524.0,1.0,3.36,150.8
mid_v2,26,9,Multi-feature k-means,0.7483889820649079,4309.333333333333,1.0,3.3066666666666666,143.64444444444445
mid_v2,26,9,Offline teacher,0.7917187479802038,4987.333333333333,0.9933333333333333,3.6375838926174495,166.24444444444444
mid_v2,26,10,No grouping,0.6971841780840183,3000.0,1.0,3.0,100.0
mid_v2,26,10,CQI k-means,0.6971841780840183,3000.0,1.0,3.0,100.0
mid_v2,26,10,Resource-cost k-means,0.7652650967287603,4596.0,1.0,3.44,153.2
mid_v2,26,10,Multi-feature k-means,0.718000478867441,4051.3333333333335,1.0,3.1866666666666665,135.04444444444445
mid_v2,26,10,Offline teacher,0.8090804419705351,5450.0,1.0,3.8,181.66666666666666
mid_v2,26,11,No grouping,0.6825175114173515,3000.0,1.0,3.0,100.0
mid_v2,26,11,CQI k-means,0.7100995871363589,3822.0,1.0,3.08,127.4
mid_v2,26,11,Resource-cost k-means,0.7698526115061939,4578.666666666667,1.0,3.4133333333333336,152.62222222222223
mid_v2,26,11,Multi-feature k-means,0.6825175114173515,3000.0,1.0,3.0,100.0
mid_v2,26,11,Offline teacher,0.7972163376364316,4894.0,1.0,3.56,163.13333333333333
mid_v2,26,12,No grouping,0.6825175114173515,3000.0,1.0,3.0,100.0
mid_v2,26,12,CQI k-means,0.6825175114173515,3000.0,1.0,3.0,100.0
mid_v2,26,12,Resource-cost k-means,0.6825175114173515,3000.0,1.0,3.0,100.0
mid_v2,26,12,Multi-feature k-means,0.6825175114173515,3000.0,1.0,3.0,100.0
mid_v2,26,12,Offline teacher,0.6974824746041515,3707.3333333333335,1.0,3.026666666666667,123.57777777777778
mid_v2,26,13,No grouping,0.6765175114173515,3000.0,1.0,3.0,100.0
mid_v2,26,13,CQI k-means,0.6935320287386104,3592.6666666666665,1.0,2.973333333333333,119.75555555555556
mid_v2,26,13,Resource-cost k-means,0.6840139740405572,4159.333333333333,1.0,3.1066666666666665,138.64444444444445
mid_v2,26,13,Multi-feature k-means,0.6780182042228518,3896.0,1.0,3.0533333333333332,129.86666666666667
mid_v2,26,13,Offline teacher,0.7546487792386831,4662.0,0.9866666666666667,3.5,155.4
mid_v2,26,14,No grouping,0.6825175114173516,3000.0,1.0,3.0,100.0
mid_v2,26,14,CQI k-means,0.7173833663352331,3936.6666666666665,1.0,3.1333333333333333,131.22222222222223
mid_v2,26,14,Resource-cost k-means,0.7120645269096151,4192.0,1.0,3.2,139.73333333333332
mid_v2,26,14,Multi-feature k-means,0.7422594809990856,4223.333333333333,1.0,3.2666666666666666,140.77777777777777
mid_v2,26,14,Offline teacher,0.7880816071306657,5275.0,1.0,3.7,175.83333333333334
mid_v2,26,15,No grouping,0.683850844750685,3000.0,1.0,3.0,100.0
mid_v2,26,15,CQI k-means,0.7382628702550696,3614.0,1.0,3.08,120.46666666666667
mid_v2,26,15,Resource-cost k-means,0.7669565404626566,4538.666666666667,1.0,3.4133333333333336,151.2888888888889
mid_v2,26,15,Multi-feature k-means,0.7545184831307303,4395.333333333333,1.0,3.3466666666666667,146.51111111111112
mid_v2,26,15,Offline teacher,0.7893450436601238,4796.666666666667,1.0,3.533333333333333,159.88888888888889
mid_v2,26,16,No grouping,0.683850844750685,3000.0,1.0,3.0,100.0
mid_v2,26,16,CQI k-means,0.7199298995722162,3711.6666666666665,1.0,3.066666666666667,123.72222222222223
mid_v2,26,16,Resource-cost k-means,0.7590837044189005,4960.0,1.0,3.52,165.33333333333334
mid_v2,26,16,Multi-feature k-means,0.712489075195534,3989.3333333333335,1.0,3.14,132.9777777777778
mid_v2,26,16,Offline teacher,0.7842203872902522,5341.333333333333,0.9933333333333333,3.7583892617449663,178.04444444444445
mid_v2,26,17,No grouping,0.6838508447506849,3000.0,1.0,3.0,100.0
mid_v2,26,17,CQI k-means,0.7650060945971155,4424.0,1.0,3.36,147.46666666666667
mid_v2,26,17,Resource-cost k-means,0.7407515362456979,4785.0,1.0,3.42,159.5
mid_v2,26,17,Multi-feature k-means,0.7625184831307303,4395.333333333333,1.0,3.3466666666666667,146.51111111111112
mid_v2,26,17,Offline teacher,0.767493706063501,4452.666666666667,1.0,3.3733333333333335,148.42222222222222
mid_v2,26,18,No grouping,0.6891841780840182,3000.0,1.0,3.0,100.0
mid_v2,26,18,CQI k-means,0.7099205319360774,3850.6666666666665,1.0,3.0933333333333333,128.35555555555555
mid_v2,26,18,Resource-cost k-means,0.7704165716881818,5030.0,1.0,3.56,167.66666666666666
mid_v2,26,18,Multi-feature k-means,0.7522099268646265,4338.0,1.0,3.32,144.6
mid_v2,26,18,Offline teacher,0.8107473416692279,5415.0,1.0,3.78,180.5
mid_v2,26,19,No grouping,0.6805175114173516,3000.0,1.0,3.0,100.0
mid_v2,26,19,CQI k-means,0.7046367527372032,3736.0,1.0,3.04,124.53333333333333
mid_v2,26,19,Resource-cost k-means,0.7090865008032141,4540.0,1.0,3.28,151.33333333333334
mid_v2,26,19,Multi-feature k-means,0.7519013705985227,4280.666666666667,1.0,3.2933333333333334,142.6888888888889
mid_v2,26,19,Offline teacher,0.7519013705985228,4280.666666666667,1.0,3.2933333333333334,142.6888888888889
mid_v2,27,0,No grouping,0.6885175114173517,3000.0,1.0,3.0,100.0
mid_v2,27,0,CQI k-means,0.6885175114173517,3000.0,1.0,3.0,100.0
mid_v2,27,0,Resource-cost k-means,0.7194186689764169,4715.0,1.0,3.38,157.16666666666666
mid_v2,27,0,Multi-feature k-means,0.6885175114173517,3000.0,1.0,3.0,100.0
mid_v2,27,0,Offline teacher,0.7509780869266018,4658.666666666667,1.0,3.4133333333333336,155.2888888888889
mid_v2,27,1,No grouping,0.6791841780840182,3000.0,1.0,3.0,100.0
mid_v2,27,1,CQI k-means,0.6958405850047141,3650.0,1.0,3.0,121.66666666666667
mid_v2,27,1,Resource-cost k-means,0.6993257609099452,4039.3333333333335,1.0,3.1066666666666665,134.64444444444445
mid_v2,27,1,Multi-feature k-means,0.7281795340677222,4022.6666666666665,1.0,3.1733333333333333,134.0888888888889
mid_v2,27,1,Offline teacher,0.7306671455341076,4051.3333333333335,1.0,3.1866666666666665,135.04444444444445
mid_v2,27,2,No grouping,0.6798508447506848,3000.0,1.0,3.0,100.0
mid_v2,27,2,CQI k-means,0.7172982751251615,3756.0,1.0,3.06,125.2
mid_v2,27,2,Resource-cost k-means,0.752084403514979,4855.0,1.0,3.46,161.83333333333334
mid_v2,27,2,Multi-feature k-means,0.7439509247329816,4166.0,1.0,3.24,138.86666666666667
mid_v2,27,2,Offline teacher,0.7829457167959204,5389.333333333333,1.0,3.7066666666666666,179.64444444444445
mid_v2,27,3,No grouping,0.6745175114173516,3000.0,1.0,3.0,100.0
mid_v2,27,3,CQI k-means,0.7228957548688479,3908.0,1.0,3.12,130.26666666666668
mid_v2,27,3,Resource-cost k-means,0.749161537890298,4277.666666666667,1.0,3.2733333333333334,142.5888888888889
mid_v2,27,3,Multi-feature k-means,0.755234703931856,4280.666666666667,1.0,3.2933333333333334,142.6888888888889
mid_v2,27,3,Offline teacher,0.7813657950819388,4733.333333333333,1.0,3.466666666666667,157.77777777777777
mid_v2,27,4,No grouping,0.6891841780840183,3000.0,1.0,3.0,100.0
mid_v2,27,4,CQI k-means,0.692201266946805,3443.3333333333335,1.0,2.933333333333333,114.77777777777777
mid_v2,27,4,Resource-cost k-means,0.7254186689764168,4715.0,1.0,3.38,157.16666666666666
mid_v2,27,4,Multi-feature k-means,0.6891841780840183,3000.0,1.0,3.0,100.0
mid_v2,27,4,Offline teacher,0.768211516948887,4704.666666666667,1.0,3.453333333333333,156.82222222222222
mid_v2,27,5,No grouping,0.6771841780840183,3000.0,1.0,3.0,100.0
mid_v2,27,5,CQI k-means,0.6913529735383289,3621.3333333333335,1.0,2.986666666666667,120.71111111111111
mid_v2,27,5,Resource-cost k-means,0.7198429701311045,4200.0,1.0,3.2,140.0
mid_v2,27,5,Multi-feature k-means,0.7212043111349515,3965.3333333333335,1.0,3.1466666666666665,132.17777777777778
mid_v2,27,5,Offline teacher,0.7411052028660338,4194.666666666667,1.0,3.2533333333333334,139.82222222222222
mid_v2,27,6,No grouping,0.6778508447506849,3000.0,1.0,3.0,100.0
mid_v2,27,6,CQI k-means,0.7172538652694108,3850.6666666666665,1.0,3.0933333333333333,128.35555555555555
mid_v2,27,6,Resource-cost k-means,0.6943008492622653,4106.333333333333,1.0,3.1266666666666665,136.87777777777777
mid_v2,27,6,Multi-feature k-means,0.7520804257988042,4252.0,1.0,3.28,141.73333333333332
mid_v2,27,6,Offline teacher,0.7744689289962714,4510.0,1.0,3.4,150.33333333333334
mid_v2,27,7,No grouping,0.6871841780840183,3000.0,1.0,3.0,100.0
mid_v2,27,7,CQI k-means,0.7067662538030256,3822.0,1.0,3.08,127.4
mid_v2,27,7,Resource-cost k-means,0.7697499050215151,5030.0,1.0,3.56,167.66666666666666
mid_v2,27,7,Multi-feature k-means,0.7374182029123647,4785.0,1.0,3.42,159.5
mid_v2,27,7,Offline teacher,0.7925356671345081,5011.333333333333,1.0,3.5866666666666664,167.04444444444445
mid_v2,27,8,No grouping,0.6898508447506849,3000.0,1.0,3.0,100.0
mid_v2,27,8,CQI k-means,0.7107776001177079,4091.6666666666665,1.0,3.3333333333333335,136.38888888888889
mid_v2,27,8,Resource-cost k-means,0.7517503710855673,4960.0,1.0,3.52,165.33333333333334
mid_v2,27,8,Multi-feature k-means,0.7125376444682853,3965.3333333333335,1.0,3.1466666666666665,132.17777777777778
mid_v2,27,8,Offline teacher,0.795747574701254,5380.0,1.0,3.76,179.33333333333334
mid_v2,27,9,No grouping,0.6765175114173516,3000.0,1.0,3.0,100.0
mid_v2,27,9,CQI k-means,0.7233833663352333,3936.6666666666665,1.0,3.1333333333333333,131.22222222222223
mid_v2,27,9,Resource-cost k-means,0.7250855686751096,4680.0,1.0,3.36,156.0
mid_v2,27,9,Multi-feature k-means,0.7606975383310117,4366.666666666667,1.0,3.3333333333333335,145.55555555555554
mid_v2,27,9,Offline teacher,0.7606975383310118,4366.666666666667,1.0,3.3333333333333335,145.55555555555554
mid_v2,27,10,No grouping,0.685850844750685,3000.0,1.0,3.0,100.0
mid_v2,27,10,CQI k-means,0.7288660693572626,3723.3333333333335,1.0,3.0933333333333333,124.11111111111111
mid_v2,27,10,Resource-cost k-means,0.7780825392587701,5135.0,1.0,3.62,171.16666666666666
mid_v2,27,10,Multi-feature k-means,0.7326175913996483,4166.0,1.0,3.24,138.86666666666667
mid_v2,27,10,Offline teacher,0.7983358605124116,5102.0,0.9933333333333333,3.6912751677852347,170.06666666666666
mid_v2,27,11,No grouping,0.6798508447506848,3000.0,1.0,3.0,100.0
mid_v2,27,11,CQI k-means,0.7076119756699738,3793.3333333333335,1.0,3.066666666666667,126.44444444444444
mid_v2,27,11,Resource-cost k-means,0.7060895370088706,4099.666666666667,1.0,3.1533333333333333,136.65555555555557
mid_v2,27,11,Multi-feature k-means,0.7449261476657522,4223.333333333333,1.0,3.2666666666666666,140.77777777777777
mid_v2,27,11,Offline teacher,0.76555465275169,5201.333333333333,0.9933333333333333,3.6778523489932886,173.37777777777777
mid_v2,27,12,No grouping,0.685850844750685,3000.0,1.0,3.0,100.0
mid_v2,27,12,CQI k-means,0.7009687528998512,3190.6666666666665,1.0,2.9133333333333336,106.35555555555555
mid_v2,27,12,Resource-cost k-means,0.7128857047413599,4185.666666666667,1.0,3.1933333333333334,139.5222222222222
mid_v2,27,12,Multi-feature k-means,0.750388982064908,4309.333333333333,1.0,3.3066666666666666,143.64444444444445
mid_v2,27,12,Offline teacher,0.7787930791818924,4815.333333333333,0.9933333333333333,3.557046979865772,160.51111111111112
mid_v2,27,13,No grouping,0.675850844750685,3000.0,1.0,3.0,100.0
mid_v2,27,13,CQI k-means,0.7127523155680532,3737.3333333333335,1.0,3.0533333333333332,124.57777777777778
mid_v2,27,13,Resource-cost k-means,0.7480844035149791,4855.0,1.0,3.46,161.83333333333334
mid_v2,27,13,Multi-feature k-means,0.7411052028660335,4194.666666666667,1.0,3.2533333333333334,139.82222222222222
mid_v2,27,13,Offline teacher,0.7590837044189006,4960.0,1.0,3.52,165.33333333333334
mid_v2,27,14,No grouping,0.6845175114173516,3000.0,1.0,3.0,100.0
mid_v2,27,14,CQI k-means,0.7170748100691294,3879.3333333333335,1.0,3.1066666666666665,129.3111111111111
mid_v2,27,14,Resource-cost k-means,0.7654153492163979,4618.666666666667,1.0,3.4133333333333336,153.95555555555555
mid_v2,27,14,Multi-feature k-means,0.7469261476657523,4223.333333333333,1.0,3.2666666666666666,140.77777777777777
mid_v2,27,14,Offline teacher,0.8016535999262276,4854.0,1.0,3.56,161.8
mid_v2,27,15,No grouping,0.683850844750685,3000.0,1.0,3.0,100.0
mid_v2,27,15,CQI k-means,0.683850844750685,3000.0,1.0,3.0,100.0
mid_v2,27,15,Resource-cost k-means,0.6956846663526384,4165.333333333333,1.0,3.1466666666666665,138.84444444444443
mid_v2,27,15,Multi-feature k-means,0.7346175913996484,4166.0,1.0,3.24,138.86666666666667
mid_v2,27,15,Offline teacher,0.7430779902376503,4612.666666666667,1.0,3.3733333333333335,153.75555555555556
mid_v2,27,16,No grouping,0.6805175114173516,3000.0,1.0,3.0,100.0
mid_v2,27,16,CQI k-means,0.6805175114173516,3000.0,1.0,3.0,100.0
mid_v2,27,16,Resource-cost k-means,0.7193948841745725,5090.666666666667,1.0,3.493333333333333,169.6888888888889
mid_v2,27,16,Multi-feature k-means,0.6805175114173516,3000.0,1.0,3.0,100.0
mid_v2,27,16,Offline teacher,0.7515432601979599,4338.0,1.0,3.32,144.6
mid_v2,27,17,No grouping,0.6771841780840182,3000.0,1.0,3.0,100.0
mid_v2,27,17,CQI k-means,0.7172061229789186,3753.6666666666665,1.0,3.066666666666667,125.12222222222222
mid_v2,27,17,Resource-cost k-means,0.7567506041175934,4925.0,1.0,3.5,164.16666666666666
mid_v2,27,17,Multi-feature k-means,0.6771841780840182,3000.0,1.0,3.0,100.0
mid_v2,27,17,Offline teacher,0.7820332567907357,4916.666666666667,1.0,3.533333333333333,163.88888888888889
mid_v2,27,18,No grouping,0.685850844750685,3000.0,1.0,3.0,100.0
mid_v2,27,18,CQI k-means,0.7017910308702551,3764.6666666666665,1.0,3.0533333333333332,125.4888888888889
mid_v2,27,18,Resource-cost k-means,0.7334182029123646,4785.0,1.0,3.42,159.5
mid_v2,27,18,Multi-feature k-means,0.685850844750685,3000.0,1.0,3.0,100.0
mid_v2,27,18,Offline teacher,0.7590060945971158,4424.0,1.0,3.36,147.46666666666667
mid_v2,27,19,No grouping,0.6798508447506849,3000.0,1.0,3.0,100.0
mid_v2,27,19,CQI k-means,0.7238709778016184,3965.3333333333335,1.0,3.1466666666666665,132.17777777777778
mid_v2,27,19,Resource-cost k-means,0.7394182029123647,4785.0,1.0,3.42,159.5
mid_v2,27,19,Multi-feature k-means,0.6798508447506849,3000.0,1.0,3.0,100.0
mid_v2,27,19,Offline teacher,0.7636727612637824,4424.0,1.0,3.36,147.46666666666667
mid_v2,28,0,No grouping,0.6831841780840183,3000.0,1.0,3.0,100.0
mid_v2,28,0,CQI k-means,0.6993563171798968,3574.0,1.0,2.98,119.13333333333334
mid_v2,28,0,Resource-cost k-means,0.7242802324209007,4160.0,1.0,3.2,138.66666666666666
mid_v2,28,0,Multi-feature k-means,0.7318214236671594,4080.0,1.0,3.2,136.0
mid_v2,28,0,Offline teacher,0.7667496719894892,5065.0,1.0,3.58,168.83333333333334
mid_v2,28,1,No grouping,0.683850844750685,3000.0,1.0,3.0,100.0
mid_v2,28,1,CQI k-means,0.7872119537249788,4026.6666666666665,1.0,3.3666666666666667,134.22222222222223
mid_v2,28,1,Resource-cost k-means,0.7560308716643451,4366.666666666667,1.0,3.3333333333333335,145.55555555555554
mid_v2,28,1,Multi-feature k-means,0.7336423684668779,4108.666666666667,1.0,3.2133333333333334,136.95555555555555
mid_v2,28,1,Offline teacher,0.7809069863281975,4653.333333333333,1.0,3.466666666666667,155.11111111111111
mid_v2,28,2,No grouping,0.6891841780840182,3000.0,1.0,3.0,100.0
mid_v2,28,2,CQI k-means,0.6891841780840182,3000.0,1.0,3.0,100.0
mid_v2,28,2,Resource-cost k-means,0.7330851026110574,4750.0,1.0,3.4,158.33333333333334
mid_v2,28,2,Multi-feature k-means,0.7175624215355147,3908.0,1.0,3.12,130.26666666666668
mid_v2,28,2,Offline teacher,0.7582217854824088,5131.333333333333,0.9933333333333333,3.6375838926174495,171.04444444444445
mid_v2,28,3,No grouping,0.6811841780840183,3000.0,1.0,3.0,100.0
mid_v2,28,3,CQI k-means,0.6811841780840183,3000.0,1.0,3.0,100.0
mid_v2,28,3,Resource-cost k-means,0.6887589975543269,3993.3333333333335,1.0,3.066666666666667,133.11111111111111
mid_v2,28,3,Multi-feature k-means,0.6811841780840183,3000.0,1.0,3.0,100.0
mid_v2,28,3,Offline teacher,0.7114049127991784,4056.6666666666665,1.0,3.1333333333333333,135.22222222222223
mid_v2,28,4,No grouping,0.6818508447506849,3000.0,1.0,3.0,100.0
mid_v2,28,4,CQI k-means,0.7291547570004927,4080.0,1.0,3.2,136.0
mid_v2,28,4,Resource-cost k-means,0.746084403514979,4855.0,1.0,3.46,161.83333333333334
mid_v2,28,4,Multi-feature k-means,0.7739317633954271,4596.0,1.0,3.44,153.2
mid_v2,28,4,Offline teacher,0.7887147223347893,4982.666666666667,1.0,3.5733333333333333,166.0888888888889
mid_v2,28,5,No grouping,0.6811841780840183,3000.0,1.0,3.0,100.0
mid_v2,28,5,CQI k-means,0.7049453090033071,3793.3333333333335,1.0,3.066666666666667,126.44444444444444
mid_v2,28,5,Resource-cost k-means,0.7184221712461256,4204.666666666667,1.0,3.2133333333333334,140.15555555555557
mid_v2,28,5,Multi-feature k-means,0.7251913445380979,4082.6666666666665,1.0,3.2133333333333334,136.0888888888889
mid_v2,28,5,Offline teacher,0.790414707431973,5310.0,1.0,3.72,177.0
mid_v2,28,6,No grouping,0.689850844750685,3000.0,1.0,3.0,100.0
mid_v2,28,6,CQI k-means,0.7932119537249785,4026.6666666666665,1.0,3.3666666666666667,134.22222222222223
mid_v2,28,6,Resource-cost k-means,0.7584689289962715,4510.0,1.0,3.4,150.33333333333334
mid_v2,28,6,Multi-feature k-means,0.7410556487315747,4309.333333333333,1.0,3.3066666666666666,143.64444444444445
mid_v2,28,6,Offline teacher,0.8157466425731495,5520.0,1.0,3.84,184.0
mid_v2,28,7,No grouping,0.6845175114173516,3000.0,1.0,3.0,100.0
mid_v2,28,7,CQI k-means,0.7295128674010555,4022.6666666666665,1.0,3.1733333333333333,134.0888888888889
mid_v2,28,7,Resource-cost k-means,0.7991659884598422,4825.333333333333,1.0,3.546666666666667,160.84444444444443
mid_v2,28,7,Multi-feature k-means,0.7543889820649078,4309.333333333333,1.0,3.3066666666666666,143.64444444444445
mid_v2,28,7,Offline teacher,0.8177335468575908,5054.666666666667,1.0,3.6533333333333333,168.48888888888888
mid_v2,28,8,No grouping,0.6878508447506849,3000.0,1.0,3.0,100.0
mid_v2,28,8,CQI k-means,0.6878508447506849,3000.0,1.0,3.0,100.0
mid_v2,28,8,Resource-cost k-means,0.7156639149308233,4228.666666666667,1.0,3.2133333333333334,140.95555555555555
mid_v2,28,8,Multi-feature k-means,0.7084081434024627,3879.3333333333335,1.0,3.1066666666666665,129.3111111111111
mid_v2,28,8,Offline teacher,0.7617494389574629,5100.0,1.0,3.6,170.0
mid_v2,28,9,No grouping,0.41526972502582105,1500.0,1.0,2.0,50.0
mid_v2,28,9,CQI k-means,0.6820357168165947,3933.3333333333335,1.0,3.013333333333333,131.11111111111111
mid_v2,28,9,Resource-cost k-means,0.7733617308021259,5025.333333333333,1.0,3.546666666666667,167.51111111111112
mid_v2,28,9,Multi-feature k-means,0.716086267771188,4575.0,1.0,3.3,152.5
mid_v2,28,9,Offline teacher,0.7795555848797945,5062.666666666667,1.0,3.5733333333333333,168.75555555555556
mid_v2,28,10,No grouping,0.6811841780840183,3000.0,1.0,3.0,100.0
mid_v2,28,10,CQI k-means,0.6877110839388918,3564.0,1.0,2.96,118.8
mid_v2,28,10,Resource-cost k-means,0.7461167711401365,4438.0,1.0,3.32,147.93333333333334
mid_v2,28,10,Multi-feature k-means,0.7598518164640635,4395.333333333333,1.0,3.3466666666666667,146.51111111111112
mid_v2,28,10,Offline teacher,0.7574145541742677,4435.333333333333,1.0,3.3466666666666667,147.84444444444443
mid_v2,28,11,No grouping,0.6851841780840182,3000.0,1.0,3.0,100.0
mid_v2,28,11,CQI k-means,0.7082565430268375,3306.6666666666665,1.0,2.973333333333333,110.22222222222223
mid_v2,28,11,Resource-cost k-means,0.7540839374509268,4925.0,1.0,3.5,164.16666666666666
mid_v2,28,11,Multi-feature k-means,0.7633146508632194,4481.333333333333,1.0,3.3866666666666667,149.37777777777777
mid_v2,28,11,Offline teacher,0.7870818401626919,5240.0,1.0,3.68,174.66666666666666
mid_v2,28,12,No grouping,0.6898508447506849,3000.0,1.0,3.0,100.0
mid_v2,28,12,CQI k-means,0.6898508447506849,3000.0,1.0,3.0,100.0
mid_v2,28,12,Resource-cost k-means,0.7502099268646266,4338.0,1.0,3.32,144.6
mid_v2,28,12,Multi-feature k-means,0.7253338122007742,4051.3333333333335,1.0,3.1866666666666665,135.04444444444445
mid_v2,28,12,Offline teacher,0.7924993217931757,4825.333333333333,1.0,3.546666666666667,160.84444444444443
mid_v2,28,13,No grouping,0.6918508447506849,3000.0,1.0,3.0,100.0
mid_v2,28,13,CQI k-means,0.6918508447506849,3000.0,1.0,3.0,100.0
mid_v2,28,13,Resource-cost k-means,0.7190855686751095,4680.0,1.0,3.36,156.0
mid_v2,28,13,Multi-feature k-means,0.6918508447506849,3000.0,1.0,3.0,100.0
mid_v2,28,13,Offline teacher,0.7303614977700998,5057.666666666667,0.9866666666666667,3.614864864864865,168.5888888888889
mid_v2,28,14,No grouping,0.6871841780840183,3000.0,1.0,3.0,100.0
mid_v2,28,14,CQI k-means,0.7128957548688479,3908.0,1.0,3.12,130.26666666666668
mid_v2,28,14,Resource-cost k-means,0.7484175038162862,4890.0,1.0,3.48,163.0
mid_v2,28,14,Multi-feature k-means,0.7126097823050923,3970.6666666666665,1.0,3.1333333333333333,132.35555555555555
mid_v2,28,14,Offline teacher,0.7886000201463542,4962.666666666667,1.0,3.5733333333333333,165.42222222222222
mid_v2,28,15,No grouping,0.6778508447506849,3000.0,1.0,3.0,100.0
mid_v2,28,15,CQI k-means,0.708770316123161,4700.0,1.0,3.6,156.66666666666666
mid_v2,28,15,Resource-cost k-means,0.7542099268646265,4338.0,1.0,3.32,144.6
mid_v2,28,15,Multi-feature k-means,0.7293338122007742,4051.3333333333335,1.0,3.1866666666666665,135.04444444444445
mid_v2,28,15,Offline teacher,0.7940117103267905,4796.666666666667,1.0,3.533333333333333,159.88888888888889
mid_v2,28,16,No grouping,0.6945175114173516,3000.0,1.0,3.0,100.0
mid_v2,28,16,CQI k-means,0.700945309003307,3793.3333333333335,1.0,3.066666666666667,126.44444444444444
mid_v2,28,16,Resource-cost k-means,0.7556727612637822,4424.0,1.0,3.36,147.46666666666667
mid_v2,28,16,Multi-feature k-means,0.7307966465999299,4137.333333333333,1.0,3.2266666666666666,137.9111111111111
mid_v2,28,16,Offline teacher,0.7880117103267905,4796.666666666667,1.0,3.533333333333333,159.88888888888889
mid_v2,28,17,No grouping,0.685850844750685,3000.0,1.0,3.0,100.0
mid_v2,28,17,CQI k-means,0.7080995871363588,3822.0,1.0,3.08,127.4
mid_v2,28,17,Resource-cost k-means,0.7349484891718275,4526.666666666667,1.0,3.3333333333333335,150.88888888888889
mid_v2,28,17,Multi-feature k-means,0.7528765935312932,4338.0,1.0,3.32,144.6
mid_v2,28,17,Offline teacher,0.7910813740986394,5310.0,1.0,3.72,177.0
mid_v2,28,18,No grouping,0.6805175114173516,3000.0,1.0,3.0,100.0
mid_v2,28,18,CQI k-means,0.6979700860705365,3736.0,1.0,3.04,124.53333333333333
mid_v2,28,18,Resource-cost k-means,0.7287686389294161,4372.0,1.0,3.28,145.73333333333332
mid_v2,28,18,Multi-feature k-means,0.735284258066315,4166.0,1.0,3.24,138.86666666666667
mid_v2,28,18,Offline teacher,0.7648879860850232,5201.333333333333,0.9933333333333333,3.6778523489932886,173.37777777777777
mid_v2,28,19,No grouping,0.6891841780840183,3000.0,1.0,3.0,100.0
mid_v2,28,19,CQI k-means,0.6891841780840183,3000.0,1.0,3.0,100.0
mid_v2,28,19,Resource-cost k-means,0.720418902008443,4680.0,1.0,3.36,156.0
mid_v2,28,19,Multi-feature k-means,0.7235128674010556,4022.6666666666665,1.0,3.1733333333333333,134.0888888888889
mid_v2,28,19,Offline teacher,0.7670827722907964,5100.0,1.0,3.6,170.0
mid_v2,29,0,No grouping,0.685850844750685,3000.0,1.0,3.0,100.0
mid_v2,29,0,CQI k-means,0.685850844750685,3000.0,1.0,3.0,100.0
mid_v2,29,0,Resource-cost k-means,0.685850844750685,3000.0,1.0,3.0,100.0
mid_v2,29,0,Multi-feature k-means,0.685850844750685,3000.0,1.0,3.0,100.0
mid_v2,29,0,Offline teacher,0.769021688516633,4672.0,0.9933333333333333,3.48993288590604,155.73333333333332
mid_v2,29,1,No grouping,0.681850844750685,3000.0,1.0,3.0,100.0
mid_v2,29,1,CQI k-means,0.7117414767357961,3879.3333333333335,1.0,3.1066666666666665,129.3111111111111
mid_v2,29,1,Resource-cost k-means,0.7370846365470052,4820.0,1.0,3.44,160.66666666666666
mid_v2,29,1,Multi-feature k-means,0.7465680372651894,4280.666666666667,1.0,3.2933333333333334,142.6888888888889
mid_v2,29,1,Offline teacher,0.7590060945971158,4424.0,1.0,3.36,147.46666666666667
mid_v2,29,2,No grouping,0.6878508447506849,3000.0,1.0,3.0,100.0
mid_v2,29,2,CQI k-means,0.6986367527372032,3736.0,1.0,3.04,124.53333333333333
mid_v2,29,2,Resource-cost k-means,0.7157309605442557,4227.0,1.0,3.22,140.9
mid_v2,29,2,Multi-feature k-means,0.7309757018002113,4108.666666666667,1.0,3.2133333333333334,136.95555555555555
mid_v2,29,2,Offline teacher,0.7761264125152258,4815.333333333333,0.9933333333333333,3.557046979865772,160.51111111111112
mid_v2,29,3,No grouping,0.6898508447506848,3000.0,1.0,3.0,100.0
mid_v2,29,3,CQI k-means,0.692994863137766,3678.6666666666665,1.0,3.013333333333333,122.62222222222222
mid_v2,29,3,Resource-cost k-means,0.7288847726132553,4325.666666666667,1.0,3.2733333333333334,144.1888888888889
mid_v2,29,3,Multi-feature k-means,0.7377718695327004,4194.666666666667,1.0,3.2533333333333334,139.82222222222222
mid_v2,29,3,Offline teacher,0.7700825392587702,5135.0,1.0,3.62,171.16666666666666
mid_v2,29,4,No grouping,0.6778508447506849,3000.0,1.0,3.0,100.0
mid_v2,29,4,CQI k-means,0.7006367527372032,3736.0,1.0,3.04,124.53333333333333
mid_v2,29,4,Resource-cost k-means,0.7366539367409808,4352.0,1.0,3.28,145.06666666666666
mid_v2,29,4,Multi-feature k-means,0.740438536199367,4194.666666666667,1.0,3.2533333333333334,139.82222222222222
mid_v2,29,4,Offline teacher,0.7765200732149907,4762.0,1.0,3.48,158.73333333333332
mid_v2,29,5,No grouping,0.6765175114173516,3000.0,1.0,3.0,100.0
mid_v2,29,5,CQI k-means,0.7207166996685664,3936.6666666666665,1.0,3.1333333333333333,131.22222222222223
mid_v2,29,5,Resource-cost k-means,0.7437513032136718,4820.0,1.0,3.44,160.66666666666666
mid_v2,29,5,Multi-feature k-means,0.7401049805520731,4250.666666666667,1.0,3.2733333333333334,141.6888888888889
mid_v2,29,5,Offline teacher,0.8114140083358946,5415.0,1.0,3.78,180.5
mid_v2,29,6,No grouping,0.6778508447506849,3000.0,1.0,3.0,100.0
mid_v2,29,6,CQI k-means,0.7134189822347198,3737.3333333333335,1.0,3.0533333333333332,124.57777777777778
mid_v2,29,6,Resource-cost k-means,0.7450846365470051,4820.0,1.0,3.44,160.66666666666666
mid_v2,29,6,Multi-feature k-means,0.7555432601979598,4338.0,1.0,3.32,144.6
mid_v2,29,6,Offline teacher,0.7817489728934107,5170.0,1.0,3.64,172.33333333333334
mid_v2,29,7,No grouping,0.6811841780840183,3000.0,1.0,3.0,100.0
mid_v2,29,7,CQI k-means,0.6815815828730695,3478.0,1.0,2.92,115.93333333333334
mid_v2,29,7,Resource-cost k-means,0.7010756051112594,4060.0,0.9866666666666667,3.2162162162162162,135.33333333333334
mid_v2,29,7,Multi-feature k-means,0.6811841780840183,3000.0,1.0,3.0,100.0
mid_v2,29,7,Offline teacher,0.742324629053062,4356.666666666667,0.9933333333333333,3.3422818791946307,145.22222222222223
mid_v2,29,8,No grouping,0.6851841780840182,3000.0,1.0,3.0,100.0
mid_v2,29,8,CQI k-means,0.7243837069830816,3728.0,1.0,3.08,124.26666666666667
mid_v2,29,8,Resource-cost k-means,0.7554172707842601,4925.0,1.0,3.5,164.16666666666666
mid_v2,29,8,Multi-feature k-means,0.7323090351335446,4108.666666666667,1.0,3.2133333333333334,136.95555555555555
mid_v2,29,8,Offline teacher,0.790564469847152,4958.666666666667,0.9933333333333333,3.6241610738255035,165.2888888888889
mid_v2,29,9,No grouping,0.679850844750685,3000.0,1.0,3.0,100.0
mid_v2,29,9,CQI k-means,0.6991739183380474,3650.0,1.0,3.0,121.66666666666667
mid_v2,29,9,Resource-cost k-means,0.7563889820649079,4309.333333333333,1.0,3.3066666666666666,143.64444444444445
mid_v2,29,9,Multi-feature k-means,0.7389757018002112,4108.666666666667,1.0,3.2133333333333334,136.95555555555555
mid_v2,29,9,Offline teacher,0.786240319661531,4653.333333333333,1.0,3.466666666666667,155.11111111111111
mid_v2,29,10,No grouping,0.683850844750685,3000.0,1.0,3.0,100.0
mid_v2,29,10,CQI k-means,0.698838912586104,3534.3333333333335,1.0,2.973333333333333,117.81111111111112
mid_v2,29,10,Resource-cost k-means,0.7354182029123646,4785.0,1.0,3.42,159.5
mid_v2,29,10,Multi-feature k-means,0.7495432601979598,4338.0,1.0,3.32,144.6
mid_v2,29,10,Offline teacher,0.7605548857837162,5166.333333333333,0.9933333333333333,3.6577181208053693,172.2111111111111
mid_v2,29,11,No grouping,0.6891841780840182,3000.0,1.0,3.0,100.0
mid_v2,29,11,CQI k-means,0.6891841780840183,3000.0,1.0,3.0,100.0
mid_v2,29,11,Resource-cost k-means,0.7167524683738024,4645.0,1.0,3.34,154.83333333333334
mid_v2,29,11,Multi-feature k-means,0.7361299799332632,4137.333333333333,1.0,3.2266666666666666,137.9111111111111
mid_v2,29,11,Offline teacher,0.7645340770502478,4643.333333333333,0.9933333333333333,3.476510067114094,154.77777777777777
mid_v2,29,12,No grouping,0.6818508447506849,3000.0,1.0,3.0,100.0
mid_v2,29,12,CQI k-means,0.6820691943394547,3506.6666666666665,1.0,2.933333333333333,116.88888888888889
mid_v2,29,12,Resource-cost k-means,0.7666479841965528,4481.333333333333,1.0,3.3866666666666667,149.37777777777777
mid_v2,29,12,Multi-feature k-means,0.7119205319360775,3850.6666666666665,1.0,3.0933333333333333,128.35555555555555
mid_v2,29,12,Offline teacher,0.7666479841965529,4481.333333333333,1.0,3.3866666666666667,149.37777777777777
mid_v2,29,13,No grouping,0.6785175114173516,3000.0,1.0,3.0,100.0
mid_v2,29,13,CQI k-means,0.6998890439570107,4580.0,1.0,3.54,152.66666666666666
mid_v2,29,13,Resource-cost k-means,0.7296143607963643,4343.333333333333,1.0,3.2666666666666666,144.77777777777777
mid_v2,29,13,Multi-feature k-means,0.7411052028660337,4194.666666666667,1.0,3.2533333333333334,139.82222222222222
mid_v2,29,13,Offline teacher,0.7695092999830181,4700.666666666667,0.9933333333333333,3.5033557046979866,156.6888888888889
mid_v2,29,14,No grouping,0.679850844750685,3000.0,1.0,3.0,100.0
mid_v2,29,14,CQI k-means,0.7064576975369219,3764.6666666666665,1.0,3.0533333333333332,125.4888888888889
mid_v2,29,14,Resource-cost k-means,0.7207524683738026,4645.0,1.0,3.34,154.83333333333334
mid_v2,29,14,Multi-feature k-means,0.7586975383310118,4366.666666666667,1.0,3.3333333333333335,145.55555555555554
mid_v2,29,14,Offline teacher,0.7487470924654709,4252.0,1.0,3.28,141.73333333333332
mid_v2,29,15,No grouping,0.683850844750685,3000.0,1.0,3.0,100.0
mid_v2,29,15,CQI k-means,0.7175624215355145,3908.0,1.0,3.12,130.26666666666668
mid_v2,29,15,Resource-cost k-means,0.7461167711401364,4438.0,1.0,3.32,147.93333333333334
mid_v2,29,15,Multi-feature k-means,0.7548765935312932,4338.0,1.0,3.32,144.6
mid_v2,29,15,Offline teacher,0.7623394279304491,4424.0,1.0,3.36,147.46666666666667
mid_v2,29,16,No grouping,0.6811841780840183,3000.0,1.0,3.0,100.0
mid_v2,29,16,CQI k-means,0.686198695405277,3592.6666666666665,1.0,2.973333333333333,119.75555555555556
mid_v2,29,16,Resource-cost k-means,0.6954200671685736,4505.0,1.0,3.26,150.16666666666666
mid_v2,29,16,Multi-feature k-means,0.7359509247329818,4166.0,1.0,3.24,138.86666666666667
mid_v2,29,16,Offline teacher,0.7305755798938779,4518.0,1.0,3.32,150.6
mid_v2,29,17,No grouping,0.6758508447506849,3000.0,1.0,3.0,100.0
mid_v2,29,17,CQI k-means,0.7290252559346702,3994.0,1.0,3.16,133.13333333333333
mid_v2,29,17,Resource-cost k-means,0.7401019722627493,4372.0,1.0,3.28,145.73333333333332
mid_v2,29,17,Multi-feature k-means,0.7613642049976783,4366.666666666667,1.0,3.3333333333333335,145.55555555555554
mid_v2,29,17,Offline teacher,0.7688270393968344,4452.666666666667,1.0,3.3733333333333335,148.42222222222222
mid_v2,29,18,No grouping,0.6865175114173515,3000.0,1.0,3.0,100.0
mid_v2,29,18,CQI k-means,0.7546975383310117,4366.666666666667,1.0,3.3333333333333335,145.55555555555554
mid_v2,29,18,Resource-cost k-means,0.7333206034076473,4352.0,1.0,3.28,145.06666666666666
mid_v2,29,18,Multi-feature k-means,0.7422594809990855,4223.333333333333,1.0,3.2666666666666666,140.77777777777777
mid_v2,29,18,Offline teacher,0.7546975383310119,4366.666666666667,1.0,3.3333333333333335,145.55555555555554
mid_v2,29,19,No grouping,0.6765175114173516,3000.0,1.0,3.0,100.0
mid_v2,29,19,CQI k-means,0.7184081434024626,3879.3333333333335,1.0,3.1066666666666665,129.3111111111111
mid_v2,29,19,Resource-cost k-means,0.7281515263972085,4257.333333333333,1.0,3.2266666666666666,141.9111111111111
mid_v2,29,19,Multi-feature k-means,0.7482594809990857,4223.333333333333,1.0,3.2666666666666666,140.77777777777777
mid_v2,29,19,Offline teacher,0.7582099268646266,4338.0,1.0,3.32,144.6
mid_v2,30,0,No grouping,0.6845175114173516,3000.0,1.0,3.0,100.0
mid_v2,30,0,CQI k-means,0.727021818686433,3749.0,1.0,3.08,124.96666666666667
mid_v2,30,0,Resource-cost k-means,0.7592214951387293,4581.333333333333,1.0,3.3866666666666667,152.7111111111111
mid_v2,30,0,Multi-feature k-means,0.7256919226013369,3994.0,1.0,3.16,133.13333333333333
mid_v2,30,0,Offline teacher,0.7938868209248926,5376.333333333333,0.9933333333333333,3.778523489932886,179.2111111111111
mid_v2,30,1,No grouping,0.6778508447506849,3000.0,1.0,3.0,100.0
mid_v2,30,1,CQI k-means,0.7167166996685665,3936.6666666666665,1.0,3.1333333333333333,131.22222222222223
mid_v2,30,1,Resource-cost k-means,0.7413213984497775,4535.333333333333,1.0,3.3466666666666667,151.17777777777778
mid_v2,30,1,Multi-feature k-means,0.7515432601979598,4338.0,1.0,3.32,144.6
mid_v2,30,1,Offline teacher,0.7786999234574024,4916.666666666667,1.0,3.533333333333333,163.88888888888889
mid_v2,30,2,No grouping,0.683850844750685,3000.0,1.0,3.0,100.0
mid_v2,30,2,CQI k-means,0.7248462007343889,4022.6666666666665,1.0,3.1733333333333333,134.0888888888889
mid_v2,30,2,Resource-cost k-means,0.7517508371496197,4890.0,1.0,3.48,163.0
mid_v2,30,2,Multi-feature k-means,0.7039230839399554,4045.3333333333335,1.0,3.1333333333333333,134.84444444444443
mid_v2,30,2,Offline teacher,0.7816543949683579,5034.666666666667,0.9866666666666667,3.675675675675676,167.82222222222222
mid_v2,30,3,No grouping,0.6831841780840183,3000.0,1.0,3.0,100.0
mid_v2,30,3,CQI k-means,0.6931739183380474,3650.0,1.0,3.0,121.66666666666667
mid_v2,30,3,Resource-cost k-means,0.7234186689764168,4715.0,1.0,3.38,157.16666666666666
mid_v2,30,3,Multi-feature k-means,0.7280004788674408,4051.3333333333335,1.0,3.1866666666666665,135.04444444444445
mid_v2,30,3,Offline teacher,0.7379509247329818,4166.0,1.0,3.24,138.86666666666667
mid_v2,30,4,No grouping,0.6905175114173516,3000.0,1.0,3.0,100.0
mid_v2,30,4,CQI k-means,0.7158709778016183,3965.3333333333335,1.0,3.1466666666666665,132.17777777777778
mid_v2,30,4,Resource-cost k-means,0.7619029606827832,4647.333333333333,1.0,3.4266666666666667,154.9111111111111
mid_v2,30,4,Multi-feature k-means,0.7581603727301676,4452.666666666667,1.0,3.3733333333333335,148.42222222222222
mid_v2,30,4,Offline teacher,0.8028861218288145,5481.333333333333,0.9933333333333333,3.838926174496644,182.7111111111111
mid_v2,30,5,No grouping,0.685850844750685,3000.0,1.0,3.0,100.0
mid_v2,30,5,CQI k-means,0.685850844750685,3000.0,1.0,3.0,100.0
mid_v2,30,5,Resource-cost k-means,0.7118222187092896,4260.666666666667,0.9866666666666667,3.310810810810811,142.0222222222222
mid_v2,30,5,Multi-feature k-means,0.6880196402049955,3621.3333333333335,1.0,2.986666666666667,120.71111111111111
mid_v2,30,5,Offline teacher,0.7787487398613846,5205.0,1.0,3.66,173.5
mid_v2,30,6,No grouping,0.685850844750685,3000.0,1.0,3.0,100.0
mid_v2,30,6,CQI k-means,0.7004576975369218,3764.6666666666665,1.0,3.0533333333333332,125.4888888888889
mid_v2,30,6,Resource-cost k-means,0.7800612644612495,4682.0,1.0,3.48,156.06666666666666
mid_v2,30,6,Multi-feature k-means,0.7526975383310116,4366.666666666667,1.0,3.3333333333333335,145.55555555555554
mid_v2,30,6,Offline teacher,0.7900117103267905,4796.666666666667,1.0,3.533333333333333,159.88888888888889
mid_v2,30,7,No grouping,0.6931841780840183,3000.0,1.0,3.0,100.0
mid_v2,30,7,CQI k-means,0.7036833962889598,3473.6666666666665,1.0,2.966666666666667,115.78888888888889
mid_v2,30,7,Resource-cost k-means,0.7563641545629151,5277.333333333333,1.0,3.6266666666666665,175.9111111111111
mid_v2,30,7,Multi-feature k-means,0.6931841780840183,3000.0,1.0,3.0,100.0
mid_v2,30,7,Offline teacher,0.7653348231434143,5254.0,1.0,3.64,175.13333333333333
mid_v2,30,8,No grouping,0.679850844750685,3000.0,1.0,3.0,100.0
mid_v2,30,8,CQI k-means,0.7439509247329817,4166.0,1.0,3.24,138.86666666666667
mid_v2,30,8,Resource-cost k-means,0.7649920907618588,4541.333333333333,1.0,3.3866666666666667,151.37777777777777
mid_v2,30,8,Multi-feature k-means,0.7613642049976784,4366.666666666667,1.0,3.3333333333333335,145.55555555555554
mid_v2,30,8,Offline teacher,0.7887279311279162,4682.0,1.0,3.48,156.06666666666666
mid_v2,30,9,No grouping,0.6885175114173516,3000.0,1.0,3.0,100.0
mid_v2,30,9,CQI k-means,0.7218709778016184,3965.3333333333335,1.0,3.1466666666666665,132.17777777777778
mid_v2,30,9,Resource-cost k-means,0.8188878249906427,5083.333333333333,1.0,3.6666666666666665,169.44444444444446
mid_v2,30,9,Multi-feature k-means,0.7765984300620935,4596.0,1.0,3.44,153.2
mid_v2,30,9,Offline teacher,0.8238630479234134,5140.666666666667,1.0,3.6933333333333334,171.35555555555555
mid_v2,30,10,No grouping,0.6845175114173516,3000.0,1.0,3.0,100.0
mid_v2,30,10,CQI k-means,0.692994863137766,3678.6666666666665,1.0,3.013333333333333,122.62222222222222
mid_v2,30,10,Resource-cost k-means,0.7347515362456979,4785.0,1.0,3.42,159.5
mid_v2,30,10,Multi-feature k-means,0.7427470924654708,4252.0,1.0,3.28,141.73333333333332
mid_v2,30,10,Offline teacher,0.7481703004852466,5240.0,1.0,3.6,174.66666666666666
mid_v2,30,11,No grouping,0.6891841780840182,3000.0,1.0,3.0,100.0
mid_v2,30,11,CQI k-means,0.7037910308702552,3764.6666666666665,1.0,3.0533333333333332,125.4888888888889
mid_v2,30,11,Resource-cost k-means,0.7517508371496198,4890.0,1.0,3.48,163.0
mid_v2,30,11,Multi-feature k-means,0.7460804257988042,4252.0,1.0,3.28,141.73333333333332
mid_v2,30,11,Offline teacher,0.8007478077332801,5345.0,1.0,3.74,178.16666666666666
mid_v2,30,12,No grouping,0.6905175114173516,3000.0,1.0,3.0,100.0
mid_v2,30,12,CQI k-means,0.6956119756699737,3793.3333333333335,1.0,3.066666666666667,126.44444444444444
mid_v2,30,12,Resource-cost k-means,0.7560834713868746,4995.0,1.0,3.54,166.5
mid_v2,30,12,Multi-feature k-means,0.7453642049976785,4366.666666666667,1.0,3.3333333333333335,145.55555555555554
mid_v2,30,12,Offline teacher,0.7964142413679207,5380.0,1.0,3.76,179.33333333333334
mid_v2,30,13,No grouping,0.6825175114173515,3000.0,1.0,3.0,100.0
mid_v2,30,13,CQI k-means,0.6890444172722252,3564.0,1.0,2.96,118.8
mid_v2,30,13,Resource-cost k-means,0.7044198341365474,4540.0,1.0,3.28,151.33333333333334
mid_v2,30,13,Multi-feature k-means,0.6825175114173515,3000.0,1.0,3.0,100.0
mid_v2,30,13,Offline teacher,0.741889151245154,5026.333333333333,0.9933333333333333,3.577181208053691,167.54444444444445
mid_v2,30,14,No grouping,0.6791841780840183,3000.0,1.0,3.0,100.0
mid_v2,30,14,CQI k-means,0.6931739183380475,3650.0,1.0,3.0,121.66666666666667
mid_v2,30,14,Resource-cost k-means,0.710545357486195,4023.0,1.0,3.14,134.1
mid_v2,30,14,Multi-feature k-means,0.7255128674010556,4022.6666666666665,1.0,3.1733333333333333,134.0888888888889
mid_v2,30,14,Offline teacher,0.7304880903338261,4080.0,1.0,3.2,136.0
mid_v2,30,15,No grouping,0.6865175114173516,3000.0,1.0,3.0,100.0
mid_v2,30,15,CQI k-means,0.7074329204696924,3822.0,1.0,3.08,127.4
mid_v2,30,15,Resource-cost k-means,0.7354182029123646,4785.0,1.0,3.42,159.5
mid_v2,30,15,Multi-feature k-means,0.7447470924654709,4252.0,1.0,3.28,141.73333333333332
mid_v2,30,15,Offline teacher,0.7930813740986397,5310.0,1.0,3.72,177.0
mid_v2,30,16,No grouping,0.6751841780840183,3000.0,1.0,3.0,100.0
mid_v2,30,16,CQI k-means,0.7406175913996482,4166.0,1.0,3.24,138.86666666666667
mid_v2,30,16,Resource-cost k-means,0.777931763395427,4596.0,1.0,3.44,153.2
mid_v2,30,16,Multi-feature k-means,0.7530556487315747,4309.333333333333,1.0,3.3066666666666666,143.64444444444445
mid_v2,30,16,Offline teacher,0.8152459353912058,5026.0,1.0,3.64,167.53333333333333
mid_v2,30,17,No grouping,0.6771841780840182,3000.0,1.0,3.0,100.0
mid_v2,30,17,CQI k-means,0.7303585892680035,3994.0,1.0,3.16,133.13333333333333
mid_v2,30,17,Resource-cost k-means,0.7334186689764168,4715.0,1.0,3.38,157.16666666666666
mid_v2,30,17,Multi-feature k-means,0.6965535365681569,4010.6666666666665,1.0,3.0933333333333333,133.6888888888889
mid_v2,30,17,Offline teacher,0.7676727612637823,4424.0,1.0,3.36,147.46666666666667
mid_v2,30,18,No grouping,0.689850844750685,3000.0,1.0,3.0,100.0
mid_v2,30,18,CQI k-means,0.7102290882021812,3908.0,1.0,3.12,130.26666666666668
mid_v2,30,18,Resource-cost k-means,0.7220853356430835,4715.0,1.0,3.38,157.16666666666666
mid_v2,30,18,Multi-feature k-means,0.7574937060635009,4452.666666666667,1.0,3.3733333333333335,148.42222222222222
mid_v2,30,18,Offline teacher,0.7599813175298861,4481.333333333333,1.0,3.3866666666666667,149.37777777777777
mid_v2,30,19,No grouping,0.6898508447506849,3000.0,1.0,3.0,100.0
mid_v2,30,19,CQI k-means,0.7095622231153493,3562.3333333333335,1.0,3.013333333333333,118.74444444444444
mid_v2,30,19,Resource-cost k-means,0.7430841704829528,4890.0,1.0,3.48,163.0
mid_v2,30,19,Multi-feature k-means,0.7201795340677222,4022.6666666666665,1.0,3.1733333333333333,134.0888888888889
mid_v2,30,19,Offline teacher,0.7970809080345873,5380.0,1.0,3.76,179.33333333333334
high,1,0,No grouping,0.10577973312085849,550.0,1.0,1.0,18.333333333333332
high,1,0,CQI k-means,0.4383025274138209,1742.6666666666667,1.0,1.92,58.08888888888889
high,1,0,Resource-cost k-means,0.4227519077637992,2104.0,1.0,2.04,70.13333333333334
high,1,0,Multi-feature k-means,0.39451243516099843,2010.6666666666667,1.0,1.94,67.02222222222223
high,1,0,Offline teacher,0.475016852482811,1921.3333333333333,1.0,2.046666666666667,64.04444444444445
high,1,1,No grouping,0.1271130664541918,550.0,1.0,1.0,18.333333333333332
high,1,1,CQI k-means,0.37237808054029037,2006.6666666666667,1.0,1.7333333333333334,66.88888888888889
high,1,1,Resource-cost k-means,0.29286171679602463,1118.6666666666667,1.0,1.4133333333333333,37.28888888888889
high,1,1,Multi-feature k-means,0.3460334899553973,1824.0,1.0,1.74,60.8
high,1,1,Offline teacher,0.4401410999819354,1924.3333333333333,1.0,1.9933333333333334,64.14444444444445
high,1,2,No grouping,0.12844639978752515,550.0,1.0,1.0,18.333333333333332
high,1,2,CQI k-means,0.3588180143364666,2925.3333333333335,1.0,1.9466666666666668,97.5111111111111
high,1,2,Resource-cost k-means,0.3297621156290209,1103.3333333333333,1.0,1.5066666666666666,36.77777777777778
high,1,2,Multi-feature k-means,0.35607782170167684,1811.0,0.9466666666666667,2.112676056338028,60.36666666666667
high,1,2,Offline teacher,0.4272053962609413,1842.6666666666667,1.0,1.9266666666666667,61.422222222222224
high,1,3,No grouping,0.11377973312085847,550.0,1.0,1.0,18.333333333333332
high,1,3,CQI k-means,0.3420757319999165,1492.6666666666667,1.0,1.64,49.75555555555555
high,1,3,Resource-cost k-means,0.38629455305509625,2224.6666666666665,0.9266666666666666,2.5107913669064748,74.15555555555555
high,1,3,Multi-feature k-means,0.36322638467847224,1876.3333333333333,0.9466666666666667,2.1690140845070425,62.544444444444444
high,1,3,Offline teacher,0.46493770059357786,1904.0,1.0,2.02,63.46666666666667
high,1,4,No grouping,0.11044639978752514,550.0,1.0,1.0,18.333333333333332
high,1,4,CQI k-means,0.3781401603305476,1616.0,1.0,1.76,53.86666666666667
high,1,4,Resource-cost k-means,0.45863927488715983,2216.0,1.0,2.16,73.86666666666666
high,1,4,Multi-feature k-means,0.37928256247699865,1974.3333333333333,0.9466666666666667,2.2535211267605635,65.81111111111112
high,1,4,Offline teacher,0.5104140091338814,2438.6666666666665,0.9933333333333333,2.4161073825503356,81.28888888888889
high,1,5,No grouping,0.11911306645419178,550.0,1.0,1.0,18.333333333333332
high,1,5,CQI k-means,0.3830797805874209,1580.0,1.0,1.7133333333333334,52.666666666666664
high,1,5,Resource-cost k-means,0.13363038552014042,1192.6666666666667,0.8933333333333333,1.7462686567164178,39.75555555555555
high,1,5,Multi-feature k-means,0.3530147178092907,1842.6666666666667,1.0,1.76,61.422222222222224
high,1,5,Offline teacher,0.4233232870604238,1756.0,1.0,1.8533333333333333,58.53333333333333
high,1,6,No grouping,0.12777973312085847,550.0,1.0,1.0,18.333333333333332
high,1,6,CQI k-means,0.3871944598337662,1518.6666666666667,1.0,1.68,50.62222222222222
high,1,6,Resource-cost k-means,0.30952838346269135,1118.6666666666667,1.0,1.4133333333333333,37.28888888888889
high,1,6,Multi-feature k-means,0.32791371496288896,1345.6666666666667,1.0,1.54,44.855555555555554
high,1,6,Offline teacher,0.4253192531902217,1673.3333333333333,1.0,1.8133333333333332,55.77777777777778
high,1,7,No grouping,0.13444639978752515,550.0,1.0,1.0,18.333333333333332
high,1,7,CQI k-means,0.3201277024594539,2664.0,1.0,1.76,88.8
high,1,7,Resource-cost k-means,0.2500930480719089,1023.3333333333334,1.0,1.2666666666666666,34.111111111111114
high,1,7,Multi-feature k-means,0.32810857853982345,1749.3333333333333,1.0,1.66,58.31111111111111
high,1,7,Offline teacher,0.40901380270225757,1595.3333333333333,1.0,1.7866666666666666,53.17777777777778
high,1,8,No grouping,0.1271130664541918,550.0,1.0,1.0,18.333333333333332
high,1,8,CQI k-means,0.3088503337909163,1674.6666666666667,1.0,1.58,55.82222222222222
high,1,8,Resource-cost k-means,0.1271130664541918,550.0,1.0,1.0,18.333333333333332
high,1,8,Multi-feature k-means,0.27091801851704184,1058.0,1.0,1.32,35.266666666666666
high,1,8,Offline teacher,0.41051243516099856,2010.6666666666667,1.0,1.94,67.02222222222223
high,1,9,No grouping,0.1271130664541918,550.0,1.0,1.0,18.333333333333332
high,1,9,CQI k-means,0.3260425980257927,2776.0,1.0,1.84,92.53333333333333
high,1,9,Resource-cost k-means,0.3785875237454247,1936.0,1.0,1.86,64.53333333333333
high,1,9,Multi-feature k-means,0.29227204745116475,1656.6666666666667,0.9333333333333333,2.0,55.22222222222222
high,1,9,Offline teacher,0.4333150780330531,1852.0,1.0,1.9533333333333334,61.733333333333334
high,1,10,No grouping,0.12777973312085847,550.0,1.0,1.0,18.333333333333332
high,1,10,CQI k-means,0.38872565817287996,1557.3333333333333,1.0,1.7133333333333334,51.91111111111111
high,1,10,Resource-cost k-means,0.3862354182659848,1954.6666666666667,1.0,1.88,65.15555555555555
high,1,10,Multi-feature k-means,0.32183212209004036,1385.3333333333333,1.0,1.5533333333333332,46.17777777777778
high,1,10,Offline teacher,0.42173374063058683,1727.3333333333333,1.0,1.8266666666666667,57.577777777777776
high,1,11,No grouping,0.10044639978752513,550.0,1.0,1.0,18.333333333333332
high,1,11,CQI k-means,0.4358109299351552,3373.3333333333335,1.0,2.2666666666666666,112.44444444444444
high,1,11,Resource-cost k-means,0.4270664689510258,2122.6666666666665,1.0,2.06,70.75555555555556
high,1,11,Multi-feature k-means,0.4491246827470466,1852.0,1.0,2.02,61.733333333333334
high,1,11,Offline teacher,0.48847281912321194,2139.0,1.0,2.2066666666666666,71.3
high,1,12,No grouping,0.11777973312085849,550.0,1.0,1.0,18.333333333333332
high,1,12,CQI k-means,0.4022193122197808,1633.3333333333333,1.0,1.7866666666666666,54.44444444444444
high,1,12,Resource-cost k-means,0.18608244668732346,1224.0,0.92,1.7391304347826086,40.8
high,1,12,Multi-feature k-means,0.3616438401837443,1880.0,1.0,1.8,62.666666666666664
high,1,12,Offline teacher,0.4424628186927837,1809.3333333333333,1.0,1.9266666666666667,60.31111111111111
high,1,13,No grouping,0.1251130664541918,550.0,1.0,1.0,18.333333333333332
high,1,13,CQI k-means,0.35329082692546476,2888.0,1.0,1.92,96.26666666666667
high,1,13,Resource-cost k-means,0.32275306956728295,1086.6666666666667,1.0,1.4933333333333334,36.22222222222222
high,1,13,Multi-feature k-means,0.38171801366113733,1558.0,1.0,1.7466666666666666,51.93333333333333
high,1,13,Offline teacher,0.42165505429460204,1733.0,1.0,1.88,57.766666666666666
high,1,14,No grouping,0.13577973312085848,550.0,1.0,1.0,18.333333333333332
high,1,14,CQI k-means,0.3539194451565512,1499.3333333333333,1.0,1.6066666666666667,49.977777777777774
high,1,14,Resource-cost k-means,0.38427296255819793,1917.3333333333333,1.0,1.84,63.91111111111111
high,1,14,Multi-feature k-means,0.3673292789965175,1861.3333333333333,1.0,1.78,62.044444444444444
high,1,14,Offline teacher,0.4044923261024214,1936.0,1.0,1.8933333333333333,64.53333333333333
high,1,15,No grouping,0.1371130664541918,550.0,1.0,1.0,18.333333333333332
high,1,15,CQI k-means,0.35335925601748885,1934.6666666666667,1.0,1.6533333333333333,64.4888888888889
high,1,15,Resource-cost k-means,0.3283343654650151,1090.0,1.0,1.48,36.333333333333336
high,1,15,Multi-feature k-means,0.3453668232887306,1824.0,1.0,1.74,60.8
high,1,15,Offline teacher,0.39800480486282425,1805.3333333333333,1.0,1.8533333333333333,60.17777777777778
high,1,16,No grouping,0.12377973312085847,550.0,1.0,1.0,18.333333333333332
high,1,16,CQI k-means,0.3466241602587981,2888.0,1.0,1.92,96.26666666666667
high,1,16,Resource-cost k-means,0.30094086868525777,1136.0,1.0,1.44,37.86666666666667
high,1,16,Multi-feature k-means,0.2988503337909163,1674.6666666666667,1.0,1.58,55.82222222222222
high,1,16,Offline teacher,0.4252065908789776,1776.0,1.0,1.8666666666666667,59.2
high,1,17,No grouping,0.12377973312085847,550.0,1.0,1.0,18.333333333333332
high,1,17,CQI k-means,0.3557181614601819,2060.6666666666665,1.0,1.6933333333333334,68.68888888888888
high,1,17,Resource-cost k-means,0.2810763222955083,1092.6666666666667,1.0,1.3733333333333333,36.422222222222224
high,1,17,Multi-feature k-means,0.3141461228320366,1712.0,1.0,1.62,57.06666666666667
high,1,17,Offline teacher,0.4238732575456443,1776.0,1.0,1.8666666666666667,59.2
high,1,18,No grouping,0.12244639978752514,550.0,1.0,1.0,18.333333333333332
high,1,18,CQI k-means,0.41192555483106397,1642.0,1.0,1.8,54.733333333333334
high,1,18,Resource-cost k-means,0.35949493190988996,1257.3333333333333,1.0,1.6266666666666667,41.91111111111111
high,1,18,Multi-feature k-means,0.3550147178092907,1842.6666666666667,1.0,1.76,61.422222222222224
high,1,18,Offline teacher,0.4554907119103645,2150.6666666666665,1.0,2.1066666666666665,71.68888888888888
high,1,19,No grouping,0.12511306645419182,550.0,1.0,1.0,18.333333333333332
high,1,19,CQI k-means,0.33156978543679455,2813.3333333333335,1.0,1.8666666666666667,93.77777777777777
high,1,19,Resource-cost k-means,0.341887062342572,1108.6666666666667,1.0,1.5333333333333334,36.955555555555556
high,1,19,Multi-feature k-means,0.31846068401926336,1730.6666666666667,1.0,1.64,57.68888888888889
high,1,19,Offline teacher,0.42083166466592664,1726.0,1.0,1.8333333333333333,57.53333333333333
high,2,0,No grouping,0.11777973312085849,550.0,1.0,1.0,18.333333333333332
high,2,0,CQI k-means,0.38874847890649117,1626.0,1.0,1.7666666666666666,54.2
high,2,0,Resource-cost k-means,0.36413699223886736,2369.3333333333335,0.9266666666666666,2.5251798561151078,78.97777777777777
high,2,0,Multi-feature k-means,0.41278945205601203,2066.6666666666665,1.0,2.0,68.88888888888889
high,2,0,Offline teacher,0.48442732077027645,1897.3333333333333,1.0,2.0533333333333332,63.24444444444445
high,2,1,No grouping,0.10044639978752515,550.0,1.0,1.0,18.333333333333332
high,2,1,CQI k-means,0.4508753186326525,1831.3333333333333,1.0,1.9866666666666666,61.044444444444444
high,2,1,Resource-cost k-means,0.3321235525789198,1157.0,1.0,1.58,38.56666666666667
high,2,1,Multi-feature k-means,0.4091796622728957,1702.6666666666667,1.0,1.8933333333333333,56.75555555555555
high,2,1,Offline teacher,0.47805844536252873,1971.3333333333333,1.0,2.08,65.71111111111111
high,2,2,No grouping,0.10711306645419183,550.0,1.0,1.0,18.333333333333332
high,2,2,CQI k-means,0.4247606311933297,2394.0,1.0,1.96,79.8
high,2,2,Resource-cost k-means,0.4184373465765723,2085.3333333333335,1.0,2.02,69.5111111111111
high,2,2,Multi-feature k-means,0.3962200190298431,1698.0,1.0,1.8466666666666667,56.6
high,2,2,Offline teacher,0.4648813694379559,1955.3333333333333,1.0,2.046666666666667,65.17777777777778
high,2,3,No grouping,0.12177973312085849,550.0,1.0,1.0,18.333333333333332
high,2,3,CQI k-means,0.37702143249669784,1590.0,1.0,1.72,53.0
high,2,3,Resource-cost k-means,0.22741578002065674,1228.0,0.94,1.702127659574468,40.93333333333333
high,2,3,Multi-feature k-means,0.4393810301382526,2141.3333333333335,1.0,2.08,71.37777777777778
high,2,3,Offline teacher,0.45067681917937286,2178.6666666666665,1.0,2.12,72.62222222222222
high,2,4,No grouping,0.11244639978752514,550.0,1.0,1.0,18.333333333333332
high,2,4,CQI k-means,0.42535884385214057,1686.6666666666667,1.0,1.86,56.22222222222222
high,2,4,Resource-cost k-means,0.4433810301382526,2141.3333333333335,1.0,2.08,71.37777777777778
high,2,4,Multi-feature k-means,0.39819787397377165,1992.0,1.0,1.92,66.4
high,2,4,Offline teacher,0.46865523456853214,2164.6666666666665,1.0,2.1466666666666665,72.15555555555555
high,2,5,No grouping,0.12311306645419179,550.0,1.0,1.0,18.333333333333332
high,2,5,CQI k-means,0.3531568861069483,1546.6666666666667,1.0,1.6533333333333333,51.55555555555556
high,2,5,Resource-cost k-means,0.35848119691543046,1169.6666666666667,1.0,1.5933333333333333,38.98888888888889
high,2,5,Multi-feature k-means,0.3081461228320365,1712.0,1.0,1.62,57.06666666666667
high,2,5,Offline teacher,0.4501690613040669,1818.0,1.0,1.94,60.6
high,2,6,No grouping,0.13244639978752515,550.0,1.0,1.0,18.333333333333332
high,2,6,CQI k-means,0.33890311877012785,2813.3333333333335,1.0,1.8666666666666667,93.77777777777777
high,2,6,Resource-cost k-means,0.3250162970731211,1086.0,1.0,1.48,36.2
high,2,6,Multi-feature k-means,0.3104982283114764,1693.3333333333333,1.0,1.6,56.44444444444444
high,2,6,Offline teacher,0.42229778143921026,1810.0,1.0,1.9,60.333333333333336
high,2,7,No grouping,0.11577973312085847,550.0,1.0,1.0,18.333333333333332
high,2,7,CQI k-means,0.36873290990280544,3037.3333333333335,1.0,2.026666666666667,101.24444444444444
high,2,7,Resource-cost k-means,0.39384576849433184,2010.6666666666667,1.0,1.94,67.02222222222223
high,2,7,Multi-feature k-means,0.4046161730899185,1677.0,1.0,1.8533333333333333,55.9
high,2,7,Offline teacher,0.4767063251657865,1985.3333333333333,1.0,2.066666666666667,66.17777777777778
high,2,8,No grouping,0.10977973312085848,550.0,1.0,1.0,18.333333333333332
high,2,8,CQI k-means,0.39112061805814236,3112.0,1.0,2.08,103.73333333333333
high,2,8,Resource-cost k-means,0.29660173059494666,2236.0,0.9133333333333333,2.408759124087591,74.53333333333333
high,2,8,Multi-feature k-means,0.34234805114262407,1842.6666666666667,1.0,1.76,61.422222222222224
high,2,8,Offline teacher,0.44872306565948955,1920.6666666666667,1.0,1.9933333333333334,64.02222222222223
high,2,9,No grouping,0.12377973312085847,550.0,1.0,1.0,18.333333333333332
high,2,9,CQI k-means,0.39996511605837826,1646.0,1.0,1.78,54.86666666666667
high,2,9,Resource-cost k-means,0.3009408686852578,1136.0,1.0,1.44,37.86666666666667
high,2,9,Multi-feature k-means,0.34803348995539723,1824.0,1.0,1.74,60.8
high,2,9,Offline teacher,0.4384440318293747,1823.3333333333333,1.0,1.9133333333333333,60.77777777777778
high,2,10,No grouping,0.11377973312085847,550.0,1.0,1.0,18.333333333333332
high,2,10,CQI k-means,0.3539027046628481,1564.0,1.0,1.68,52.13333333333333
high,2,10,Resource-cost k-means,0.3491631285235364,1165.6666666666667,1.0,1.5933333333333333,38.855555555555554
high,2,10,Multi-feature k-means,0.3499187436990475,1441.3333333333333,1.0,1.68,48.044444444444444
high,2,10,Offline teacher,0.4470315760414131,1815.3333333333333,1.0,1.9533333333333334,60.51111111111111
high,2,11,No grouping,0.13844639978752515,550.0,1.0,1.0,18.333333333333332
high,2,11,CQI k-means,0.38188391779943925,1578.0,1.0,1.6666666666666667,52.6
high,2,11,Resource-cost k-means,0.3089028226876211,1035.6666666666667,1.0,1.3933333333333333,34.522222222222226
high,2,11,Multi-feature k-means,0.3347752452064901,1749.3333333333333,1.0,1.66,58.31111111111111
high,2,11,Offline teacher,0.3914151161385531,1616.6666666666667,1.0,1.7,53.888888888888886
high,2,12,No grouping,0.10044639978752513,550.0,1.0,1.0,18.333333333333332
high,2,12,CQI k-means,0.4756407210678328,3597.3333333333335,1.0,2.4266666666666667,119.91111111111111
high,2,12,Resource-cost k-means,0.4789162917821735,2272.0,1.0,2.22,75.73333333333333
high,2,12,Multi-feature k-means,0.43373313561769244,2122.6666666666665,1.0,2.06,70.75555555555556
high,2,12,Offline teacher,0.5126762229860632,2209.0,1.0,2.2733333333333334,73.63333333333334
high,2,13,No grouping,0.12111306645419181,550.0,1.0,1.0,18.333333333333332
high,2,13,CQI k-means,0.4153608313526369,1718.6666666666667,1.0,1.8133333333333332,57.28888888888889
high,2,13,Resource-cost k-means,0.29886171679602463,1118.6666666666667,1.0,1.4133333333333333,37.28888888888889
high,2,13,Multi-feature k-means,0.36897717351707765,1880.0,1.0,1.8,62.666666666666664
high,2,13,Offline teacher,0.43795240943487757,1793.3333333333333,1.0,1.8933333333333333,59.77777777777778
high,2,14,No grouping,0.10777973312085848,550.0,1.0,1.0,18.333333333333332
high,2,14,CQI k-means,0.4430295591063118,1774.0,1.0,1.9333333333333333,59.13333333333333
high,2,14,Resource-cost k-means,0.4599726082204932,2216.0,1.0,2.16,73.86666666666666
high,2,14,Multi-feature k-means,0.3921978739737717,1992.0,1.0,1.92,66.4
high,2,14,Offline teacher,0.4850376562813211,1948.6666666666667,1.0,2.08,64.95555555555555
high,2,15,No grouping,0.12777973312085847,550.0,1.0,1.0,18.333333333333332
high,2,15,CQI k-means,0.39339434177464777,1598.6666666666667,1.0,1.7333333333333334,53.28888888888889
high,2,15,Resource-cost k-means,0.300195050129358,1118.6666666666667,1.0,1.4133333333333333,37.28888888888889
high,2,15,Multi-feature k-means,0.4201227853893454,2066.6666666666665,1.0,2.0,68.88888888888889
high,2,15,Offline teacher,0.4373440908589339,1783.3333333333333,1.0,1.8866666666666667,59.44444444444444
high,2,16,No grouping,0.1271130664541918,550.0,1.0,1.0,18.333333333333332
high,2,16,CQI k-means,0.4164587553879766,1717.3333333333333,1.0,1.82,57.24444444444445
high,2,16,Resource-cost k-means,0.3093137779632077,1144.6666666666667,1.0,1.4533333333333334,38.15555555555556
high,2,16,Multi-feature k-means,0.3261085785398235,1749.3333333333333,1.0,1.66,58.31111111111111
high,2,16,Offline teacher,0.4279316056363674,1766.0,1.0,1.86,58.86666666666667
high,2,17,No grouping,0.1271130664541918,550.0,1.0,1.0,18.333333333333332
high,2,17,CQI k-means,0.3693995765694721,3037.3333333333335,1.0,2.026666666666667,101.24444444444444
high,2,17,Resource-cost k-means,0.4390664689510258,2122.6666666666665,1.0,2.06,70.75555555555556
high,2,17,Multi-feature k-means,0.3940402774094638,1851.0,0.96,2.125,61.7
high,2,17,Offline teacher,0.46436844336684524,1917.3333333333333,1.0,2.04,63.91111111111111
high,2,18,No grouping,0.12044639978752514,550.0,1.0,1.0,18.333333333333332
high,2,18,CQI k-means,0.41959021927993206,1605.3333333333333,1.0,1.8133333333333332,53.51111111111111
high,2,18,Resource-cost k-means,0.41012278538934543,2066.6666666666665,1.0,2.0,68.88888888888889
high,2,18,Multi-feature k-means,0.3604553559652734,1248.6666666666667,1.0,1.6133333333333333,41.62222222222222
high,2,18,Offline teacher,0.4467733460098083,1745.3333333333333,1.0,1.9066666666666667,58.17777777777778
high,2,19,No grouping,0.12911306645419182,550.0,1.0,1.0,18.333333333333332
high,2,19,CQI k-means,0.3383902637525384,1502.0,1.0,1.5933333333333333,50.06666666666667
high,2,19,Resource-cost k-means,0.3025679594073079,1127.3333333333333,1.0,1.4266666666666667,37.577777777777776
high,2,19,Multi-feature k-means,0.3889020849326515,1954.6666666666667,1.0,1.88,65.15555555555555
high,2,19,Offline teacher,0.43018580179777,1753.3333333333333,1.0,1.8666666666666667,58.44444444444444
high,3,0,No grouping,0.11777973312085849,550.0,1.0,1.0,18.333333333333332
high,3,0,CQI k-means,0.3620402046428044,1571.3333333333333,1.0,1.7,52.37777777777778
high,3,0,Resource-cost k-means,0.4300476968049192,2141.3333333333335,1.0,2.08,71.37777777777778
high,3,0,Multi-feature k-means,0.40768697365734663,1630.3333333333333,1.0,1.8533333333333333,54.34444444444444
high,3,0,Offline teacher,0.5014327812799879,2420.0,0.9933333333333333,2.3959731543624163,80.66666666666667
high,3,1,No grouping,0.11577973312085847,550.0,1.0,1.0,18.333333333333332
high,3,1,CQI k-means,0.3784539513914758,3112.0,1.0,2.08,103.73333333333333
high,3,1,Resource-cost k-means,0.43039980228435903,2122.6666666666665,1.0,2.06,70.75555555555556
high,3,1,Multi-feature k-means,0.39258010434996915,1653.6666666666667,1.0,1.82,55.12222222222222
high,3,1,Offline teacher,0.4871182200927611,2400.0,0.9866666666666667,2.391891891891892,80.0
high,3,2,No grouping,0.1011130664541918,550.0,1.0,1.0,18.333333333333332
high,3,2,CQI k-means,0.36047549588167965,1652.6666666666667,1.0,1.7466666666666666,55.08888888888889
high,3,2,Resource-cost k-means,0.4237331356176925,2122.6666666666665,1.0,2.06,70.75555555555556
high,3,2,Multi-feature k-means,0.36781971559256293,1593.0,1.0,1.78,53.1
high,3,2,Offline teacher,0.47509600437204424,1938.6666666666667,1.0,2.0733333333333333,64.62222222222222
high,3,3,No grouping,0.12311306645419179,550.0,1.0,1.0,18.333333333333332
high,3,3,CQI k-means,0.3499574935921315,2888.0,1.0,1.92,96.26666666666667
high,3,3,Resource-cost k-means,0.2979012927406412,1127.3333333333333,1.0,1.4266666666666667,37.577777777777776
high,3,3,Multi-feature k-means,0.3912166461198783,1973.3333333333333,1.0,1.9,65.77777777777777
high,3,3,Offline teacher,0.430751907763799,2104.0,1.0,2.04,70.13333333333334
high,3,4,No grouping,0.13444639978752515,550.0,1.0,1.0,18.333333333333332
high,3,4,CQI k-means,0.2829254223753425,1600.0,1.0,1.5,53.333333333333336
high,3,4,Resource-cost k-means,0.2699575944616585,1066.6666666666667,1.0,1.3333333333333333,35.55555555555556
high,3,4,Multi-feature k-means,0.3120872770946268,1722.0,0.9333333333333333,2.057142857142857,57.4
high,3,4,Offline teacher,0.3910114477910399,1686.3333333333333,1.0,1.78,56.21111111111111
high,3,5,No grouping,0.14044639978752513,550.0,1.0,1.0,18.333333333333332
high,3,5,CQI k-means,0.3389362003675566,1439.3333333333333,1.0,1.5666666666666667,47.977777777777774
high,3,5,Resource-cost k-means,0.3256205027410531,2220.0,0.9266666666666666,2.352517985611511,74.0
high,3,5,Multi-feature k-means,0.2919548124389969,1455.3333333333333,0.9533333333333334,1.7972027972027973,48.51111111111111
high,3,5,Offline teacher,0.4522496251155069,2269.3333333333335,0.9866666666666667,2.25,75.64444444444445
high,3,6,No grouping,0.13644639978752515,550.0,1.0,1.0,18.333333333333332
high,3,6,CQI k-means,0.3240716686951094,1400.6666666666667,1.0,1.5333333333333334,46.68888888888889
high,3,6,Resource-cost k-means,0.30960753535192453,1136.0,1.0,1.44,37.86666666666667
high,3,6,Multi-feature k-means,0.3753174329442708,1753.0,0.96,2.0416666666666665,58.43333333333333
high,3,6,Offline teacher,0.43449834604989557,1730.6666666666667,1.0,1.8666666666666667,57.68888888888889
high,3,7,No grouping,0.1271130664541918,550.0,1.0,1.0,18.333333333333332
high,3,7,CQI k-means,0.34995749359213146,2888.0,1.0,1.92,96.26666666666667
high,3,7,Resource-cost k-means,0.33625900618917026,1113.6666666666667,1.0,1.5133333333333334,37.12222222222222
high,3,7,Multi-feature k-means,0.3626626123298508,1861.3333333333333,1.0,1.78,62.044444444444444
high,3,7,Offline teacher,0.4255654815810674,1798.3333333333333,1.0,1.9,59.94444444444444
high,3,8,No grouping,0.12111306645419181,550.0,1.0,1.0,18.333333333333332
high,3,8,CQI k-means,0.3572057224918037,3000.0,1.0,2.0,100.0
high,3,8,Resource-cost k-means,0.35185997534385377,2313.3333333333335,0.9266666666666666,2.460431654676259,77.11111111111111
high,3,8,Multi-feature k-means,0.35532927899651756,1861.3333333333333,1.0,1.78,62.044444444444444
high,3,8,Offline teacher,0.4565266420105205,2324.0,0.98,2.326530612244898,77.46666666666667
high,3,9,No grouping,0.11844639978752514,550.0,1.0,1.0,18.333333333333332
high,3,9,CQI k-means,0.3874526898653709,1588.6666666666667,1.0,1.7266666666666666,52.955555555555556
high,3,9,Resource-cost k-means,0.29619505012935793,1118.6666666666667,1.0,1.4133333333333333,37.28888888888889
high,3,9,Multi-feature k-means,0.2815190055972481,976.6666666666666,1.0,1.3733333333333333,32.55555555555556
high,3,9,Offline teacher,0.42681722204155204,1838.0,1.0,1.9133333333333333,61.266666666666666
high,3,10,No grouping,0.12377973312085847,550.0,1.0,1.0,18.333333333333332
high,3,10,CQI k-means,0.38860896199143374,1577.3333333333333,1.0,1.7266666666666666,52.577777777777776
high,3,10,Resource-cost k-means,0.12377973312085847,550.0,1.0,1.0,18.333333333333332
high,3,10,Multi-feature k-means,0.3805875237454247,1936.0,1.0,1.86,64.53333333333333
high,3,10,Offline teacher,0.42143998324187015,1736.0,1.0,1.84,57.86666666666667
high,3,11,No grouping,0.11977973312085846,550.0,1.0,1.0,18.333333333333332
high,3,11,CQI k-means,0.36974443031898657,1538.6666666666667,1.0,1.6933333333333334,51.28888888888889
high,3,11,Resource-cost k-means,0.18451165768629063,1174.6666666666667,0.9333333333333333,1.6285714285714286,39.15555555555556
high,3,11,Multi-feature k-means,0.3981603296815587,2029.3333333333333,1.0,1.96,67.64444444444445
high,3,11,Offline teacher,0.42075190776379906,2104.0,1.0,2.04,70.13333333333334
high,3,12,No grouping,0.11311306645419182,550.0,1.0,1.0,18.333333333333332
high,3,12,CQI k-means,0.378926763980474,3074.6666666666665,1.0,2.0533333333333332,102.4888888888889
high,3,12,Resource-cost k-means,0.3496447541422464,1180.0,1.0,1.6,39.333333333333336
high,3,12,Multi-feature k-means,0.3556438401837443,1880.0,1.0,1.8,62.666666666666664
high,3,12,Offline teacher,0.4668210044121317,1924.0,1.0,2.033333333333333,64.13333333333334
high,3,13,No grouping,0.12644639978752512,550.0,1.0,1.0,18.333333333333332
high,3,13,CQI k-means,0.40565257180625247,1668.6666666666667,1.0,1.78,55.62222222222222
high,3,13,Resource-cost k-means,0.29886171679602463,1118.6666666666667,1.0,1.4133333333333333,37.28888888888889
high,3,13,Multi-feature k-means,0.27061086118811567,1581.3333333333333,1.0,1.48,52.71111111111111
high,3,13,Offline teacher,0.4114775275340831,1698.6666666666667,1.0,1.8,56.62222222222222
high,3,14,No grouping,0.12511306645419182,550.0,1.0,1.0,18.333333333333332
high,3,14,CQI k-means,0.33423645210346126,2813.3333333333335,1.0,1.8666666666666667,93.77777777777777
high,3,14,Resource-cost k-means,0.3455627750709766,1125.3333333333333,1.0,1.5466666666666666,37.51111111111111
high,3,14,Multi-feature k-means,0.3894395212138599,1562.6666666666667,1.0,1.76,52.08888888888889
high,3,14,Offline teacher,0.4371670296516634,1772.0,1.0,1.8866666666666667,59.06666666666667
high,3,15,No grouping,0.11377973312085847,550.0,1.0,1.0,18.333333333333332
high,3,15,CQI k-means,0.4009463439122717,1664.6666666666667,1.0,1.8,55.48888888888889
high,3,15,Resource-cost k-means,0.32291040791439757,1117.6666666666667,1.0,1.5133333333333334,37.25555555555555
high,3,15,Multi-feature k-means,0.35536738373396126,1516.0,1.0,1.6933333333333334,50.53333333333333
high,3,15,Offline teacher,0.4373065465667209,1820.6666666666667,1.0,1.9266666666666667,60.68888888888889
high,3,16,No grouping,0.11911306645419183,550.0,1.0,1.0,18.333333333333332
high,3,16,CQI k-means,0.39408181223982447,1626.0,1.0,1.7666666666666666,54.2
high,3,16,Resource-cost k-means,0.2989408686852579,1136.0,1.0,1.44,37.86666666666667
high,3,16,Multi-feature k-means,0.4390664689510258,2122.6666666666665,1.0,2.06,70.75555555555556
high,3,16,Offline teacher,0.45036225799214613,2160.0,1.0,2.1,72.0
high,3,17,No grouping,0.11511306645419182,550.0,1.0,1.0,18.333333333333332
high,3,17,CQI k-means,0.4197706799099056,2085.3333333333335,1.0,2.02,69.5111111111111
high,3,17,Resource-cost k-means,0.35279304642762316,1194.3333333333333,1.0,1.6066666666666667,39.81111111111111
high,3,17,Multi-feature k-means,0.45930594155382637,2216.0,1.0,2.16,73.86666666666666
high,3,17,Offline teacher,0.48189751963606703,2290.6666666666665,1.0,2.24,76.35555555555555
high,3,18,No grouping,0.10977973312085847,550.0,1.0,1.0,18.333333333333332
high,3,18,CQI k-means,0.4235379219945122,1739.3333333333333,1.0,1.88,57.977777777777774
high,3,18,Resource-cost k-means,0.34816159857655665,1257.3333333333333,1.0,1.6266666666666667,41.91111111111111
high,3,18,Multi-feature k-means,0.3888645406404383,1992.0,1.0,1.92,66.4
high,3,18,Offline teacher,0.4616627153509677,1894.0,1.0,2.013333333333333,63.13333333333333
high,3,19,No grouping,0.1271130664541918,550.0,1.0,1.0,18.333333333333332
high,3,19,CQI k-means,0.38933599368392463,1608.6666666666667,1.0,1.74,53.62222222222222
high,3,19,Resource-cost k-means,0.294195050129358,1118.6666666666667,1.0,1.4133333333333333,37.28888888888889
high,3,19,Multi-feature k-means,0.2981836671242497,1674.6666666666667,1.0,1.58,55.82222222222222
high,3,19,Offline teacher,0.4258732575456443,1776.0,1.0,1.8666666666666667,59.2
high,4,0,No grouping,0.13244639978752515,550.0,1.0,1.0,18.333333333333332
high,4,0,CQI k-means,0.3414043675809437,1786.6666666666667,1.0,1.7,59.55555555555556
high,4,0,Resource-cost k-means,0.2921158982401248,1101.3333333333333,1.0,1.3866666666666667,36.71111111111111
high,4,0,Multi-feature k-means,0.35270015662206394,1824.0,1.0,1.74,60.8
high,4,0,Offline teacher,0.4261227853893455,2066.6666666666665,1.0,2.0,68.88888888888889
high,4,1,No grouping,0.11911306645419181,550.0,1.0,1.0,18.333333333333332
high,4,1,CQI k-means,0.4125754515694229,1697.3333333333333,1.0,1.8066666666666666,56.577777777777776
high,4,1,Resource-cost k-means,0.32413874840834067,1179.3333333333333,1.0,1.5066666666666666,39.31111111111111
high,4,1,Multi-feature k-means,0.35147854105833676,1464.6666666666667,1.0,1.6466666666666667,48.82222222222222
high,4,1,Offline teacher,0.4295191351311033,1753.3333333333333,1.0,1.8666666666666667,58.44444444444444
high,4,2,No grouping,0.11644639978752513,550.0,1.0,1.0,18.333333333333332
high,4,2,CQI k-means,0.3752057224918036,3000.0,1.0,2.0,100.0
high,4,2,Resource-cost k-means,0.28248880751807465,1110.0,1.0,1.4,37.0
high,4,2,Multi-feature k-means,0.33905226210150385,1805.3333333333333,1.0,1.72,60.17777777777778
high,4,2,Offline teacher,0.42563986518275176,1816.0,1.0,1.8933333333333333,60.53333333333333
high,4,3,No grouping,0.12977973312085847,550.0,1.0,1.0,18.333333333333332
high,4,3,CQI k-means,0.4435379219945122,1739.3333333333333,1.0,1.88,57.977777777777774
high,4,3,Resource-cost k-means,0.35767431859377347,1168.3333333333333,1.0,1.5666666666666667,38.94444444444444
high,4,3,Multi-feature k-means,0.3348054150750074,1179.3333333333333,1.0,1.5066666666666666,39.31111111111111
high,4,3,Offline teacher,0.4528920591263555,1766.6666666666667,1.0,1.9133333333333333,58.888888888888886
high,4,4,No grouping,0.13244639978752518,550.0,1.0,1.0,18.333333333333332
high,4,4,CQI k-means,0.4080838291749256,1667.3333333333333,1.0,1.7866666666666666,55.577777777777776
high,4,4,Resource-cost k-means,0.2830763222955083,1092.6666666666667,1.0,1.3733333333333333,36.422222222222224
high,4,4,Multi-feature k-means,0.373632271411084,1471.6666666666667,1.0,1.7,49.05555555555556
high,4,4,Offline teacher,0.43438164986844946,1750.6666666666667,1.0,1.88,58.355555555555554
high,4,5,No grouping,0.10977973312085848,550.0,1.0,1.0,18.333333333333332
high,4,5,CQI k-means,0.4445587405103246,1771.3333333333333,1.0,1.9466666666666668,59.044444444444444
high,4,5,Resource-cost k-means,0.38269094988228797,1267.0,1.0,1.7,42.233333333333334
high,4,5,Multi-feature k-means,0.42110401324323893,2085.3333333333335,1.0,2.02,69.5111111111111
high,4,5,Offline teacher,0.511470325572201,2384.0,1.0,2.34,79.46666666666667
high,4,6,No grouping,0.11577973312085847,550.0,1.0,1.0,18.333333333333332
high,4,6,CQI k-means,0.43251914984840556,1758.0,1.0,1.9,58.6
high,4,6,Resource-cost k-means,0.3371926929750634,1154.0,1.0,1.56,38.46666666666667
high,4,6,Multi-feature k-means,0.35431050685041093,1880.0,1.0,1.8,62.666666666666664
high,4,6,Offline teacher,0.4612898060730178,1885.3333333333333,1.0,2.0,62.84444444444444
high,4,7,No grouping,0.12511306645419182,550.0,1.0,1.0,18.333333333333332
high,4,7,CQI k-means,0.40361099364383723,1623.3333333333333,1.0,1.78,54.111111111111114
high,4,7,Resource-cost k-means,0.33272536686644094,1132.0,1.0,1.52,37.733333333333334
high,4,7,Multi-feature k-means,0.3531920687703731,1495.0,1.0,1.6666666666666667,49.833333333333336
high,4,7,Offline teacher,0.43820660559628,1780.6666666666667,1.0,1.9,59.355555555555554
high,4,8,No grouping,0.1257797331208585,550.0,1.0,1.0,18.333333333333332
high,4,8,CQI k-means,0.3446925893508222,1934.6666666666667,1.0,1.6533333333333333,64.4888888888889
high,4,8,Resource-cost k-means,0.2790763222955082,1092.6666666666667,1.0,1.3733333333333333,36.422222222222224
high,4,8,Multi-feature k-means,0.34838559543483716,1805.3333333333333,1.0,1.72,60.17777777777778
high,4,8,Offline teacher,0.4317904700547594,1882.3333333333333,1.0,1.94,62.74444444444445
high,4,9,No grouping,0.13244639978752515,550.0,1.0,1.0,18.333333333333332
high,4,9,CQI k-means,0.31452370042768774,1417.3333333333333,1.0,1.5066666666666666,47.24444444444445
high,4,9,Resource-cost k-means,0.24809304807190893,1023.3333333333334,1.0,1.2666666666666666,34.111111111111114
high,4,9,Multi-feature k-means,0.33442313972705023,1768.0,1.0,1.68,58.93333333333333
high,4,9,Offline teacher,0.4142696925399471,1761.0,1.0,1.86,58.7
high,4,10,No grouping,0.12844639978752515,550.0,1.0,1.0,18.333333333333332
high,4,10,CQI k-means,0.3666626123298508,1861.3333333333333,1.0,1.78,62.044444444444444
high,4,10,Resource-cost k-means,0.33250696875356905,1117.0,1.0,1.5,37.233333333333334
high,4,10,Multi-feature k-means,0.4118457684943318,2010.6666666666667,1.0,1.94,67.02222222222223
high,4,10,Offline teacher,0.4319376961190843,1854.3333333333333,1.0,1.9266666666666667,61.81111111111111
high,4,11,No grouping,0.10444639978752512,550.0,1.0,1.0,18.333333333333332
high,4,11,CQI k-means,0.4318109299351551,3373.3333333333335,1.0,2.2666666666666666,112.44444444444444
high,4,11,Resource-cost k-means,0.46228716940771997,2234.6666666666665,1.0,2.18,74.4888888888889
high,4,11,Multi-feature k-means,0.47065344010254506,1947.6666666666667,1.0,2.0933333333333333,64.92222222222222
high,4,11,Offline teacher,0.5180456250593459,2232.3333333333335,1.0,2.3066666666666666,74.41111111111111
high,4,12,No grouping,0.13244639978752518,550.0,1.0,1.0,18.333333333333332
high,4,12,CQI k-means,0.34015283751944364,1459.3333333333333,1.0,1.58,48.644444444444446
high,4,12,Resource-cost k-means,0.2756638370729417,1075.3333333333333,1.0,1.3466666666666667,35.84444444444444
high,4,12,Multi-feature k-means,0.3882354182659848,1954.6666666666667,1.0,1.88,65.15555555555555
high,4,12,Offline teacher,0.4219295887012663,1724.6666666666667,1.0,1.84,57.48888888888889
high,4,13,No grouping,0.12177973312085849,550.0,1.0,1.0,18.333333333333332
high,4,13,CQI k-means,0.36453905582513696,3000.0,1.0,2.0,100.0
high,4,13,Resource-cost k-means,0.35223226891967996,1162.6666666666667,1.0,1.5733333333333333,38.75555555555555
high,4,13,Multi-feature k-means,0.3543480511426241,1842.6666666666667,1.0,1.76,61.422222222222224
high,4,13,Offline teacher,0.455385698455954,1838.0,1.0,1.9533333333333334,61.266666666666666
high,4,14,No grouping,0.12911306645419182,550.0,1.0,1.0,18.333333333333332
high,4,14,CQI k-means,0.3467569423626683,1886.0,1.0,1.64,62.86666666666667
high,4,14,Resource-cost k-means,0.3420110436247714,1110.3333333333333,1.0,1.5266666666666666,37.01111111111111
high,4,14,Multi-feature k-means,0.3194794561653699,1712.0,1.0,1.62,57.06666666666667
high,4,14,Offline teacher,0.4207314797914988,1751.6666666666667,1.0,1.8666666666666667,58.388888888888886
high,4,15,No grouping,0.12777973312085847,550.0,1.0,1.0,18.333333333333332
high,4,15,CQI k-means,0.34652776373249466,1509.3333333333333,1.0,1.6133333333333333,50.31111111111111
high,4,15,Resource-cost k-means,0.30256795940730785,1127.3333333333333,1.0,1.4266666666666667,37.577777777777776
high,4,15,Multi-feature k-means,0.42145611872267874,2066.6666666666665,1.0,2.0,68.88888888888889
high,4,15,Offline teacher,0.4408732722629467,1780.6666666666667,1.0,1.9,59.355555555555554
high,4,16,No grouping,0.11711306645419182,550.0,1.0,1.0,18.333333333333332
high,4,16,CQI k-means,0.3992401013009884,1656.0,1.0,1.7866666666666666,55.2
high,4,16,Resource-cost k-means,0.26803674635089164,1084.0,1.0,1.36,36.13333333333333
high,4,16,Multi-feature k-means,0.3410522621015038,1805.3333333333333,1.0,1.72,60.17777777777778
high,4,16,Offline teacher,0.43487723030355996,1784.3333333333333,1.0,1.9266666666666667,59.477777777777774
high,4,17,No grouping,0.10644639978752514,550.0,1.0,1.0,18.333333333333332
high,4,17,CQI k-means,0.441338117346157,3410.6666666666665,1.0,2.2933333333333334,113.68888888888888
high,4,17,Resource-cost k-means,0.48091629178217343,2272.0,1.0,2.22,75.73333333333333
high,4,17,Multi-feature k-means,0.47526839726161324,2253.3333333333335,1.0,2.2,75.11111111111111
high,4,17,Offline teacher,0.49386380580733547,2176.3333333333335,1.0,2.2133333333333334,72.54444444444445
high,4,18,No grouping,0.11444639978752515,550.0,1.0,1.0,18.333333333333332
high,4,18,CQI k-means,0.3653172068205157,1622.6666666666667,1.0,1.7266666666666666,54.08888888888889
high,4,18,Resource-cost k-means,0.34834195069179175,1172.0,1.0,1.6,39.06666666666667
high,4,18,Multi-feature k-means,0.3167793588356156,1589.6666666666667,0.96,1.9027777777777777,52.98888888888889
high,4,18,Offline teacher,0.45473983558779735,1865.3333333333333,1.0,1.9866666666666666,62.17777777777778
high,4,19,No grouping,0.11244639978752512,550.0,1.0,1.0,18.333333333333332
high,4,19,CQI k-means,0.3817872847248091,3112.0,1.0,2.08,103.73333333333333
high,4,19,Resource-cost k-means,0.36565323568835634,1292.0,1.0,1.68,43.06666666666667
high,4,19,Multi-feature k-means,0.33505226210150385,1805.3333333333333,1.0,1.72,60.17777777777778
high,4,19,Offline teacher,0.4678585634216471,1891.3333333333333,1.0,2.026666666666667,63.044444444444444
high,5,0,No grouping,0.13044639978752515,550.0,1.0,1.0,18.333333333333332
high,5,0,CQI k-means,0.3302364521034612,2813.3333333333335,1.0,1.8666666666666667,93.77777777777777
high,5,0,Resource-cost k-means,0.2810763222955083,1092.6666666666667,1.0,1.3733333333333333,36.422222222222224
high,5,0,Multi-feature k-means,0.32016089012678917,1709.3333333333333,0.94,2.0354609929078014,56.977777777777774
high,5,0,Offline teacher,0.418950377782474,1747.3333333333333,1.0,1.84,58.24444444444445
high,5,1,No grouping,0.13977973312085848,550.0,1.0,1.0,18.333333333333332
high,5,1,CQI k-means,0.28723998356256925,1618.6666666666667,1.0,1.52,53.955555555555556
high,5,1,Resource-cost k-means,0.34936682328873064,1824.0,1.0,1.74,60.8
high,5,1,Multi-feature k-means,0.30418366712424966,1674.6666666666667,1.0,1.58,55.82222222222222
high,5,1,Offline teacher,0.40163176800774253,1641.3333333333333,1.0,1.7466666666666666,54.71111111111111
high,5,2,No grouping,0.12511306645419182,550.0,1.0,1.0,18.333333333333332
high,5,2,CQI k-means,0.4027484789064912,1626.0,1.0,1.7666666666666666,54.2
high,5,2,Resource-cost k-means,0.3229399723659245,1106.0,1.0,1.48,36.86666666666667
high,5,2,Multi-feature k-means,0.3975312073071051,1992.0,1.0,1.92,66.4
high,5,2,Offline teacher,0.4431690465867644,1813.3333333333333,1.0,1.9066666666666667,60.44444444444444
high,5,3,No grouping,0.10844639978752513,550.0,1.0,1.0,18.333333333333332
high,5,3,CQI k-means,0.40522936770214973,3261.3333333333335,1.0,2.1866666666666665,108.71111111111111
high,5,3,Resource-cost k-means,0.348838841251941,1182.3333333333333,1.0,1.6066666666666667,39.41111111111111
high,5,3,Multi-feature k-means,0.4154561187226789,2066.6666666666665,1.0,2.0,68.88888888888889
high,5,3,Offline teacher,0.4863790970324725,2078.3333333333335,1.0,2.1666666666666665,69.27777777777777
high,5,4,No grouping,0.12444639978752514,550.0,1.0,1.0,18.333333333333332
high,5,4,CQI k-means,0.3658723891584703,3000.0,1.0,2.0,100.0
high,5,4,Resource-cost k-means,0.4078457684943317,2010.6666666666667,1.0,1.94,67.02222222222223
high,5,4,Multi-feature k-means,0.37360833188902554,1548.6666666666667,1.0,1.72,51.62222222222222
high,5,4,Offline teacher,0.45187058737534436,1903.3333333333333,1.0,2.0,63.44444444444444
high,5,5,No grouping,0.11444639978752515,550.0,1.0,1.0,18.333333333333332
high,5,5,CQI k-means,0.35281801433646665,2925.3333333333335,1.0,1.9466666666666668,97.5111111111111
high,5,5,Resource-cost k-means,0.39936682917478816,2121.3333333333335,0.9466666666666667,2.380281690140845,70.71111111111111
high,5,5,Multi-feature k-means,0.36231990235502304,1292.0,1.0,1.68,43.06666666666667
high,5,5,Offline teacher,0.45923145798229464,1895.3333333333333,1.0,2.006666666666667,63.17777777777778
high,5,6,No grouping,0.12977973312085847,550.0,1.0,1.0,18.333333333333332
high,5,6,CQI k-means,0.4252045739438764,1734.6666666666667,1.0,1.8466666666666667,57.82222222222222
high,5,6,Resource-cost k-means,0.3056075353519245,1136.0,1.0,1.44,37.86666666666667
high,5,6,Multi-feature k-means,0.3171820772814576,2738.6666666666665,1.0,1.8133333333333332,91.28888888888889
high,5,6,Offline teacher,0.43650036298499684,1772.0,1.0,1.8866666666666667,59.06666666666667
high,5,7,No grouping,0.13844639978752515,550.0,1.0,1.0,18.333333333333332
high,5,7,CQI k-means,0.34674035229687716,1442.0,1.0,1.5533333333333332,48.06666666666667
high,5,7,Resource-cost k-means,0.13844639978752515,550.0,1.0,1.0,18.333333333333332
high,5,7,Multi-feature k-means,0.35038559543483716,1805.3333333333333,1.0,1.72,60.17777777777778
high,5,7,Offline teacher,0.38680679756260955,1606.6666666666667,1.0,1.6933333333333334,53.55555555555556
high,5,8,No grouping,0.13977973312085845,550.0,1.0,1.0,18.333333333333332
high,5,8,CQI k-means,0.4073963587097489,1640.0,1.0,1.7533333333333334,54.666666666666664
high,5,8,Resource-cost k-means,0.40121664611987823,1973.3333333333333,1.0,1.9,65.77777777777777
high,5,8,Multi-feature k-means,0.374979209514572,1511.3333333333333,1.0,1.68,50.37777777777778
high,5,8,Offline teacher,0.420633799660146,1687.3333333333333,1.0,1.8,56.24444444444445
high,5,9,No grouping,0.14044639978752513,550.0,1.0,1.0,18.333333333333332
high,5,9,CQI k-means,0.30685236978841063,1306.0,1.0,1.46,43.53333333333333
high,5,9,Resource-cost k-means,0.32603681546291,1057.6666666666667,1.0,1.4333333333333333,35.25555555555555
high,5,9,Multi-feature k-means,0.3483855954348371,1805.3333333333333,1.0,1.72,60.17777777777778
high,5,9,Offline teacher,0.3982776308758992,1614.0,1.0,1.7133333333333334,53.8
high,5,10,No grouping,0.11377973312085847,550.0,1.0,1.0,18.333333333333332
high,5,10,CQI k-means,0.388926763980474,3074.6666666666665,1.0,2.0533333333333332,102.4888888888889
high,5,10,Resource-cost k-means,0.2596638370729417,1075.3333333333333,1.0,1.3466666666666667,35.84444444444444
high,5,10,Multi-feature k-means,0.3334043675809436,1786.6666666666667,1.0,1.7,59.55555555555556
high,5,10,Offline teacher,0.42826023714699724,1847.3333333333333,1.0,1.94,61.577777777777776
high,5,11,No grouping,0.10977973312085847,550.0,1.0,1.0,18.333333333333332
high,5,11,CQI k-means,0.4241462405704557,1749.3333333333333,1.0,1.8866666666666667,58.31111111111111
high,5,11,Resource-cost k-means,0.35904197442337366,1201.3333333333333,1.0,1.6266666666666667,40.044444444444444
high,5,11,Multi-feature k-means,0.4127894520560121,2066.6666666666665,1.0,2.0,68.88888888888889
high,5,11,Offline teacher,0.46689618272359645,2197.3333333333335,1.0,2.1733333333333333,73.24444444444444
high,5,12,No grouping,0.1157797331208585,550.0,1.0,1.0,18.333333333333332
high,5,12,CQI k-means,0.397475510598982,1657.3333333333333,1.0,1.78,55.24444444444445
high,5,12,Resource-cost k-means,0.3300739651412135,1128.0,1.0,1.52,37.6
high,5,12,Multi-feature k-means,0.41047489086878536,2048.0,1.0,1.98,68.26666666666667
high,5,12,Offline teacher,0.42624616682359423,1784.6666666666667,1.0,1.88,59.48888888888889
high,5,13,No grouping,0.12511306645419182,550.0,1.0,1.0,18.333333333333332
high,5,13,CQI k-means,0.3760402046428044,1571.3333333333333,1.0,1.7,52.37777777777778
high,5,13,Resource-cost k-means,0.32535867646819244,1102.6666666666667,1.0,1.4933333333333334,36.75555555555555
high,5,13,Multi-feature k-means,0.3550147178092907,1842.6666666666667,1.0,1.76,61.422222222222224
high,5,13,Offline teacher,0.42405031875291477,1787.3333333333333,1.0,1.8666666666666667,59.577777777777776
high,5,14,No grouping,0.11977973312085849,550.0,1.0,1.0,18.333333333333332
high,5,14,CQI k-means,0.36920572249180356,3000.0,1.0,2.0,100.0
high,5,14,Resource-cost k-means,0.3652917347043044,1898.6666666666667,1.0,1.82,63.28888888888889
high,5,14,Multi-feature k-means,0.31032822524969106,1754.6666666666667,0.9333333333333333,2.085714285714286,58.48888888888889
high,5,14,Offline teacher,0.44039385844116746,1779.6666666666667,1.0,1.9466666666666668,59.32222222222222
high,5,15,No grouping,0.11977973312085849,550.0,1.0,1.0,18.333333333333332
high,5,15,CQI k-means,0.33556978543679455,2813.3333333333335,1.0,1.8666666666666667,93.77777777777777
high,5,15,Resource-cost k-means,0.3326624453499988,1114.3333333333333,1.0,1.5266666666666666,37.144444444444446
high,5,15,Multi-feature k-means,0.3343855954348371,1805.3333333333333,1.0,1.72,60.17777777777778
high,5,15,Offline teacher,0.4357170001368838,1792.0,1.0,1.9,59.733333333333334
high,5,16,No grouping,0.12311306645419179,550.0,1.0,1.0,18.333333333333332
high,5,16,CQI k-means,0.3677068565921687,1566.6666666666667,1.0,1.6666666666666667,52.22222222222222
high,5,16,Resource-cost k-means,0.27062426112832516,1066.6666666666667,1.0,1.3333333333333333,35.55555555555556
high,5,16,Multi-feature k-means,0.25998173881366216,1544.0,1.0,1.44,51.46666666666667
high,5,16,Offline teacher,0.4040670592466178,1722.6666666666667,1.0,1.7933333333333332,57.422222222222224
high,5,17,No grouping,0.12311306645419182,550.0,1.0,1.0,18.333333333333332
high,5,17,CQI k-means,0.3759818565520813,1581.3333333333333,1.0,1.7066666666666668,52.71111111111111
high,5,17,Resource-cost k-means,0.33339203353310765,1132.0,1.0,1.52,37.733333333333334
high,5,17,Multi-feature k-means,0.399531207307105,1992.0,1.0,1.92,66.4
high,5,17,Offline teacher,0.43906646895102586,2122.6666666666665,1.0,2.06,70.75555555555556
high,5,18,No grouping,0.13644639978752512,550.0,1.0,1.0,18.333333333333332
high,5,18,CQI k-means,0.3357564730603836,1768.0,1.0,1.68,58.93333333333333
high,5,18,Resource-cost k-means,0.29611589824012474,1101.3333333333333,1.0,1.3866666666666667,36.71111111111111
high,5,18,Multi-feature k-means,0.39223541826598474,1954.6666666666667,1.0,1.88,65.15555555555555
high,5,18,Offline teacher,0.4191613476803057,1845.0,1.0,1.9,61.5
high,5,19,No grouping,0.13844639978752513,550.0,1.0,1.0,18.333333333333332
high,5,19,CQI k-means,0.30923462607397456,1127.3333333333333,1.0,1.4266666666666667,37.577777777777776
high,5,19,Resource-cost k-means,0.30923462607397456,1127.3333333333333,1.0,1.4266666666666667,37.577777777777776
high,5,19,Multi-feature k-means,0.2974835697944953,1549.6666666666667,0.9466666666666667,1.8873239436619718,51.65555555555556
high,5,19,Offline teacher,0.4059463291949693,1660.0,1.0,1.7666666666666666,55.333333333333336
high,6,0,No grouping,0.13044639978752515,550.0,1.0,1.0,18.333333333333332
high,6,0,CQI k-means,0.4048839619513464,1592.0,1.0,1.7666666666666666,53.06666666666667
high,6,0,Resource-cost k-means,0.32139292985244095,1162.0,1.0,1.48,38.733333333333334
high,6,0,Multi-feature k-means,0.3450327134881574,1422.6666666666667,1.0,1.6266666666666667,47.422222222222224
high,6,0,Offline teacher,0.4414212258130659,1759.3333333333333,1.0,1.8933333333333333,58.644444444444446
high,6,1,No grouping,0.13244639978752515,550.0,1.0,1.0,18.333333333333332
high,6,1,CQI k-means,0.3048758059071276,1398.6666666666667,1.0,1.4866666666666666,46.62222222222222
high,6,1,Resource-cost k-means,0.2555055332944754,1040.6666666666667,1.0,1.2933333333333332,34.68888888888889
high,6,1,Multi-feature k-means,0.25998173881366216,1544.0,1.0,1.44,51.46666666666667
high,6,1,Offline teacher,0.40365257180625264,1668.6666666666667,1.0,1.78,55.62222222222222
high,6,2,No grouping,0.13511306645419183,550.0,1.0,1.0,18.333333333333332
high,6,2,CQI k-means,0.3499006582931422,1513.3333333333333,1.0,1.5933333333333333,50.44444444444444
high,6,2,Resource-cost k-means,0.13511306645419183,550.0,1.0,1.0,18.333333333333332
high,6,2,Multi-feature k-means,0.27096296666755554,1562.6666666666667,1.0,1.46,52.08888888888889
high,6,2,Offline teacher,0.38061296642703124,1650.6666666666667,1.0,1.7,55.022222222222226
high,6,3,No grouping,0.11244639978752512,550.0,1.0,1.0,18.333333333333332
high,6,3,CQI k-means,0.36901186841413514,2962.6666666666665,1.0,1.9733333333333334,98.75555555555556
high,6,3,Resource-cost k-means,0.11244639978752512,550.0,1.0,1.0,18.333333333333332
high,6,3,Multi-feature k-means,0.3842354182659848,1954.6666666666667,1.0,1.88,65.15555555555555
high,6,3,Offline teacher,0.4331690465867645,1813.3333333333333,1.0,1.9066666666666667,60.44444444444444
high,6,4,No grouping,0.13511306645419183,550.0,1.0,1.0,18.333333333333332
high,6,4,CQI k-means,0.3171193123801304,1574.6666666666667,1.0,1.6266666666666667,52.48888888888889
high,6,4,Resource-cost k-means,0.3503381580784034,1131.0,1.0,1.54,37.7
high,6,4,Multi-feature k-means,0.31791994197172485,1676.6666666666667,0.94,2.00709219858156,55.888888888888886
high,6,4,Offline teacher,0.43180642973613176,1831.0,1.0,1.9266666666666667,61.03333333333333
high,6,5,No grouping,0.13111306645419182,550.0,1.0,1.0,18.333333333333332
high,6,5,CQI k-means,0.3263674430189273,1433.3333333333333,1.0,1.54,47.77777777777778
high,6,5,Resource-cost k-means,0.30723462607397456,1127.3333333333333,1.0,1.4266666666666667,37.577777777777776
high,6,5,Multi-feature k-means,0.38593885275762463,1516.0,1.0,1.7266666666666666,50.53333333333333
high,6,5,Offline teacher,0.42920457394387657,1734.6666666666667,1.0,1.8466666666666667,57.82222222222222
high,6,6,No grouping,0.1311130664541918,550.0,1.0,1.0,18.333333333333332
high,6,6,CQI k-means,0.3109408686852578,1136.0,1.0,1.44,37.86666666666667
high,6,6,Resource-cost k-means,0.32383747490486575,1079.6666666666667,1.0,1.4733333333333334,35.98888888888889
high,6,6,Multi-feature k-means,0.2855545447497961,1637.3333333333333,1.0,1.54,54.577777777777776
high,6,6,Offline teacher,0.4185171034786998,1707.3333333333333,1.0,1.8133333333333332,56.91111111111111
high,6,7,No grouping,0.13111306645419182,550.0,1.0,1.0,18.333333333333332
high,6,7,CQI k-means,0.36364245769614223,1452.6666666666667,1.0,1.6133333333333333,48.422222222222224
high,6,7,Resource-cost k-means,0.28366383707294174,1075.3333333333333,1.0,1.3466666666666667,35.84444444444444
high,6,7,Multi-feature k-means,0.37827296255819787,1917.3333333333333,1.0,1.84,63.91111111111111
high,6,7,Offline teacher,0.39629641773930807,1600.0,1.0,1.7266666666666666,53.333333333333336
high,6,8,No grouping,0.12111306645419181,550.0,1.0,1.0,18.333333333333332
high,6,8,CQI k-means,0.4306170591664429,1752.0,1.0,1.8733333333333333,58.4
high,6,8,Resource-cost k-means,0.3365231991263601,1116.6666666666667,1.0,1.5333333333333334,37.22222222222222
high,6,8,Multi-feature k-means,0.297517000457583,1674.6666666666667,1.0,1.58,55.82222222222222
high,6,8,Offline teacher,0.4401482575055568,1790.6666666666667,1.0,1.9066666666666667,59.68888888888889
high,6,9,No grouping,0.1317797331208585,550.0,1.0,1.0,18.333333333333332
high,6,9,CQI k-means,0.33642313972705024,1768.0,1.0,1.68,58.93333333333333
high,6,9,Resource-cost k-means,0.33338920635107094,1094.6666666666667,1.0,1.4933333333333334,36.48888888888889
high,6,9,Multi-feature k-means,0.370310506850411,1880.0,1.0,1.8,62.666666666666664
high,6,9,Offline teacher,0.44064043152570015,1877.6666666666667,1.0,1.96,62.58888888888889
high,6,10,No grouping,0.12244639978752514,550.0,1.0,1.0,18.333333333333332
high,6,10,CQI k-means,0.3860026603505913,1608.6666666666667,1.0,1.74,53.62222222222222
high,6,10,Resource-cost k-means,0.2555846851837085,1058.0,1.0,1.32,35.266666666666666
high,6,10,Multi-feature k-means,0.3658211911448267,1532.3333333333333,1.0,1.7066666666666668,51.077777777777776
high,6,10,Offline teacher,0.4186566203937572,1756.0,1.0,1.8533333333333333,58.53333333333333
high,6,11,No grouping,0.1031130664541918,550.0,1.0,1.0,18.333333333333332
high,6,11,CQI k-means,0.43714426326848854,3373.3333333333335,1.0,2.2666666666666666,112.44444444444444
high,6,11,Resource-cost k-means,0.4493434858460395,2178.6666666666665,1.0,2.12,72.62222222222222
high,6,11,Multi-feature k-means,0.38156875159931813,1954.6666666666667,1.0,1.88,65.15555555555555
high,6,11,Offline teacher,0.46378751895023196,2003.6666666666667,1.0,2.0866666666666664,66.78888888888889
high,6,12,No grouping,0.11644639978752513,550.0,1.0,1.0,18.333333333333332
high,6,12,CQI k-means,0.4493669115925449,1852.0,1.0,1.94,61.733333333333334
high,6,12,Resource-cost k-means,0.35835907738391604,1201.6666666666667,1.0,1.5933333333333333,40.05555555555556
high,6,12,Multi-feature k-means,0.44573313561769246,2122.6666666666665,1.0,2.06,70.75555555555556
high,6,12,Offline teacher,0.471007340047972,2146.0,1.0,2.1266666666666665,71.53333333333333
high,6,13,No grouping,0.14711306645419184,550.0,1.0,1.0,18.333333333333332
high,6,13,CQI k-means,0.3378154555986058,1372.0,1.0,1.5066666666666666,45.733333333333334
high,6,13,Resource-cost k-means,0.2717992906831921,1032.0,1.0,1.28,34.4
high,6,13,Multi-feature k-means,0.30320243927035617,1656.0,1.0,1.56,55.2
high,6,13,Offline teacher,0.3743527194603253,1539.3333333333333,1.0,1.6333333333333333,51.31111111111111
high,6,14,No grouping,0.12577973312085847,550.0,1.0,1.0,18.333333333333332
high,6,14,CQI k-means,0.39790475103255396,1614.6666666666667,1.0,1.7666666666666666,53.82222222222222
high,6,14,Resource-cost k-means,0.3066471112965411,1144.6666666666667,1.0,1.4533333333333334,38.15555555555556
high,6,14,Multi-feature k-means,0.31810857853982344,1749.3333333333333,1.0,1.66,58.31111111111111
high,6,14,Offline teacher,0.4420315613241106,1810.6666666666667,1.0,1.92,60.355555555555554
high,6,15,No grouping,0.11444639978752515,550.0,1.0,1.0,18.333333333333332
high,6,15,CQI k-means,0.3419234790267533,1582.0,1.0,1.6466666666666667,52.733333333333334
high,6,15,Resource-cost k-means,0.17400329479809035,1206.6666666666667,0.92,1.710144927536232,40.22222222222222
high,6,15,Multi-feature k-means,0.3360334899553972,1824.0,1.0,1.74,60.8
high,6,15,Offline teacher,0.4400919263499349,1842.0,1.0,1.9333333333333333,61.4
high,6,16,No grouping,0.12444639978752517,550.0,1.0,1.0,18.333333333333332
high,6,16,CQI k-means,0.37129640302200556,1595.3333333333333,1.0,1.6933333333333334,53.17777777777778
high,6,16,Resource-cost k-means,0.3209399723659246,1106.0,1.0,1.48,36.86666666666667
high,6,16,Multi-feature k-means,0.3639959456631841,1861.3333333333333,1.0,1.78,62.044444444444444
high,6,16,Offline teacher,0.4267436090093897,1852.0,1.0,1.92,61.733333333333334
high,6,17,No grouping,0.1117797331208585,550.0,1.0,1.0,18.333333333333332
high,6,17,CQI k-means,0.4432233902418902,1730.0,1.0,1.9266666666666667,57.666666666666664
high,6,17,Resource-cost k-means,0.4460101525127062,2178.6666666666665,1.0,2.12,72.62222222222222
high,6,17,Multi-feature k-means,0.434714363471586,2141.3333333333335,1.0,2.08,71.37777777777778
high,6,17,Offline teacher,0.4854085486241699,1916.0,1.0,2.0733333333333333,63.86666666666667
high,6,18,No grouping,0.11844639978752514,550.0,1.0,1.0,18.333333333333332
high,6,18,CQI k-means,0.37297717351707765,1880.0,1.0,1.8,62.666666666666664
high,6,18,Resource-cost k-means,0.3389285000378736,1151.0,1.0,1.54,38.36666666666667
high,6,18,Multi-feature k-means,0.4181603296815584,2029.3333333333333,1.0,1.96,67.64444444444445
high,6,18,Offline teacher,0.45769559132547943,2160.0,1.0,2.1,72.0
high,6,19,No grouping,0.11777973312085849,550.0,1.0,1.0,18.333333333333332
high,6,19,CQI k-means,0.35881801433646665,2925.3333333333335,1.0,1.9466666666666668,97.5111111111111
high,6,19,Resource-cost k-means,0.30681316390168845,1067.0,1.0,1.46,35.56666666666667
high,6,19,Multi-feature k-means,0.30947945616536987,1712.0,1.0,1.62,57.06666666666667
high,6,19,Offline teacher,0.42068595565859945,1814.6666666666667,1.0,1.9133333333333333,60.48888888888889
high,7,0,No grouping,0.13244639978752518,550.0,1.0,1.0,18.333333333333332
high,7,0,CQI k-means,0.32242780804475146,1464.6666666666667,1.0,1.5533333333333332,48.82222222222222
high,7,0,Resource-cost k-means,0.38290208493265143,1954.6666666666667,1.0,1.88,65.15555555555555
high,7,0,Multi-feature k-means,0.3793954726332244,1565.0,1.0,1.7333333333333334,52.166666666666664
high,7,0,Offline teacher,0.44415322919982636,2024.6666666666667,1.0,2.046666666666667,67.4888888888889
high,7,1,No grouping,0.1177797331208585,550.0,1.0,1.0,18.333333333333332
high,7,1,CQI k-means,0.38956875159931814,1954.6666666666667,1.0,1.88,65.15555555555555
high,7,1,Resource-cost k-means,0.2339469930770731,1270.0,0.9333333333333333,1.7857142857142858,42.333333333333336
high,7,1,Multi-feature k-means,0.45169559132547943,2160.0,1.0,2.1,72.0
high,7,1,Offline teacher,0.48261769027631907,2202.0,1.0,2.1866666666666665,73.4
high,7,2,No grouping,0.11377973312085847,550.0,1.0,1.0,18.333333333333332
high,7,2,CQI k-means,0.40714219198295115,1662.0,1.0,1.8133333333333332,55.4
high,7,2,Resource-cost k-means,0.32794998385901414,1126.3333333333333,1.0,1.5266666666666666,37.544444444444444
high,7,2,Multi-feature k-means,0.3459574935921315,2888.0,1.0,1.92,96.26666666666667
high,7,2,Offline teacher,0.4456211077539476,1839.3333333333333,1.0,1.9466666666666668,61.31111111111111
high,7,3,No grouping,0.12244639978752517,550.0,1.0,1.0,18.333333333333332
high,7,3,CQI k-means,0.36572766039067867,1594.0,1.0,1.7,53.13333333333333
high,7,3,Resource-cost k-means,0.36015690964383507,1186.3333333333333,1.0,1.6066666666666667,39.544444444444444
high,7,3,Multi-feature k-means,0.3682729625581979,1917.3333333333333,1.0,1.84,63.91111111111111
high,7,3,Offline teacher,0.4575231984359102,1845.3333333333333,1.0,1.9733333333333334,61.51111111111111
high,7,4,No grouping,0.1371130664541918,550.0,1.0,1.0,18.333333333333332
high,7,4,CQI k-means,0.2892071075880574,1352.6666666666667,1.0,1.4333333333333333,45.08888888888889
high,7,4,Resource-cost k-means,0.2890763222955082,1092.6666666666667,1.0,1.3733333333333333,36.422222222222224
high,7,4,Multi-feature k-means,0.28888787808312943,1637.3333333333333,1.0,1.54,54.577777777777776
high,7,4,Offline teacher,0.4000476968049193,2137.3333333333335,0.98,2.122448979591837,71.24444444444444
high,7,5,No grouping,0.14577973312085848,550.0,1.0,1.0,18.333333333333332
high,7,5,CQI k-means,0.3085612447199008,1380.0,1.0,1.4666666666666666,46.0
high,7,5,Resource-cost k-means,0.3319919860699438,1073.3333333333333,1.0,1.4666666666666666,35.77777777777778
high,7,5,Multi-feature k-means,0.3344231397270503,1768.0,1.0,1.68,58.93333333333333
high,7,5,Offline teacher,0.395546848074754,1663.0,1.0,1.78,55.43333333333333
high,7,6,No grouping,0.1271130664541918,550.0,1.0,1.0,18.333333333333332
high,7,6,CQI k-means,0.3368946222051414,1394.0,1.0,1.5666666666666667,46.46666666666667
high,7,6,Resource-cost k-means,0.3119804446298744,1144.6666666666667,1.0,1.4533333333333334,38.15555555555556
high,7,6,Multi-feature k-means,0.3584597689122302,1483.3333333333333,1.0,1.6666666666666667,49.44444444444444
high,7,6,Offline teacher,0.43373313561769244,2122.6666666666665,1.0,2.06,70.75555555555556
high,7,7,No grouping,0.12044639978752514,550.0,1.0,1.0,18.333333333333332
high,7,7,CQI k-means,0.31929032278209757,1462.0,1.0,1.5666666666666667,48.733333333333334
high,7,7,Resource-cost k-means,0.3941978739737717,1992.0,1.0,1.92,66.4
high,7,7,Multi-feature k-means,0.38269924151503076,1576.6666666666667,1.0,1.7666666666666666,52.55555555555556
high,7,7,Offline teacher,0.44387058737534424,1903.3333333333333,1.0,2.0,63.44444444444444
high,7,8,No grouping,0.1257797331208585,550.0,1.0,1.0,18.333333333333332
high,7,8,CQI k-means,0.4376961963383738,1764.6666666666667,1.0,1.8666666666666667,58.82222222222222
high,7,8,Resource-cost k-means,0.28203674635089165,1084.0,1.0,1.36,36.13333333333333
high,7,8,Multi-feature k-means,0.4301227853893453,2066.6666666666665,1.0,2.0,68.88888888888889
high,7,8,Offline teacher,0.4489919853794941,1802.0,1.0,1.9066666666666667,60.06666666666667
high,7,9,No grouping,0.12044639978752517,550.0,1.0,1.0,18.333333333333332
high,7,9,CQI k-means,0.35215134766979994,2925.3333333333335,1.0,1.9466666666666668,97.5111111111111
high,7,9,Resource-cost k-means,0.3542102863573067,2077.6666666666665,0.9266666666666666,2.381294964028777,69.25555555555556
high,7,9,Multi-feature k-means,0.3418823976795118,1716.6666666666667,0.9533333333333334,2.020979020979021,57.22222222222222
high,7,9,Offline teacher,0.4373511467730024,1875.3333333333333,1.0,1.9866666666666666,62.51111111111111
high,7,10,No grouping,0.12977973312085847,550.0,1.0,1.0,18.333333333333332
high,7,10,CQI k-means,0.34381806477123017,2014.6666666666667,1.0,1.6533333333333333,67.15555555555555
high,7,10,Resource-cost k-means,0.272997170406275,1075.3333333333333,1.0,1.3466666666666667,35.84444444444444
high,7,10,Multi-feature k-means,0.3038315616448097,1693.3333333333333,1.0,1.6,56.44444444444444
high,7,10,Offline teacher,0.39363259032480735,1749.3333333333333,1.0,1.8266666666666667,58.31111111111111
high,7,11,No grouping,0.10977973312085847,550.0,1.0,1.0,18.333333333333332
high,7,11,CQI k-means,0.4323441055762362,1788.0,1.0,1.92,59.6
high,7,11,Resource-cost k-means,0.23512202263194004,1238.0,0.9466666666666667,1.704225352112676,41.266666666666666
high,7,11,Multi-feature k-means,0.32838559543483714,1805.3333333333333,1.0,1.72,60.17777777777778
high,7,11,Offline teacher,0.4612918230081189,1926.6666666666667,1.0,2.02,64.22222222222223
high,7,12,No grouping,0.11711306645419181,550.0,1.0,1.0,18.333333333333332
high,7,12,CQI k-means,0.3570368628653622,1548.6666666666667,1.0,1.6866666666666668,51.62222222222222
high,7,12,Resource-cost k-means,0.34906871169286396,1152.3333333333333,1.0,1.5666666666666667,38.41111111111111
high,7,12,Multi-feature k-means,0.38427296255819793,1917.3333333333333,1.0,1.84,63.91111111111111
high,7,12,Offline teacher,0.45921988039004996,1852.0,1.0,1.9866666666666666,61.733333333333334
high,7,13,No grouping,0.12844639978752515,550.0,1.0,1.0,18.333333333333332
high,7,13,CQI k-means,0.35264445991394094,1489.3333333333333,1.0,1.6,49.644444444444446
high,7,13,Resource-cost k-means,0.26721177590575856,1049.3333333333333,1.0,1.3066666666666666,34.977777777777774
high,7,13,Multi-feature k-means,0.3204606840192633,1730.6666666666667,1.0,1.64,57.68888888888889
high,7,13,Offline teacher,0.38900466256839006,1645.3333333333333,1.0,1.7266666666666666,54.84444444444444
high,7,14,No grouping,0.1131130664541918,550.0,1.0,1.0,18.333333333333332
high,7,14,CQI k-means,0.4288761284238951,2597.3333333333335,1.0,2.026666666666667,86.57777777777778
high,7,14,Resource-cost k-means,0.4067894520560121,2066.6666666666665,1.0,2.0,68.88888888888889
high,7,14,Multi-feature k-means,0.4285410845054922,1751.6666666666667,1.0,1.9333333333333333,58.388888888888886
high,7,14,Offline teacher,0.48513948578987853,2139.0,1.0,2.2066666666666666,71.3
high,7,15,No grouping,0.11711306645419181,550.0,1.0,1.0,18.333333333333332
high,7,15,CQI k-means,0.36434520174746843,2962.6666666666665,1.0,1.9733333333333334,98.75555555555556
high,7,15,Resource-cost k-means,0.40317910182766514,2010.6666666666667,1.0,1.94,67.02222222222223
high,7,15,Multi-feature k-means,0.3523480511426241,1842.6666666666667,1.0,1.76,61.422222222222224
high,7,15,Offline teacher,0.43784249847608103,1854.3333333333333,1.0,1.96,61.81111111111111
high,7,16,No grouping,0.12177973312085849,550.0,1.0,1.0,18.333333333333332
high,7,16,CQI k-means,0.36833597896662224,1604.0,1.0,1.7066666666666668,53.46666666666667
high,7,16,Resource-cost k-means,0.3127262631857743,1162.0,1.0,1.48,38.733333333333334
high,7,16,Multi-feature k-means,0.37957876743749863,1560.3333333333333,1.0,1.7533333333333334,52.01111111111111
high,7,16,Offline teacher,0.4519940170318975,1848.0,1.0,1.96,61.6
high,7,17,No grouping,0.14244639978752513,550.0,1.0,1.0,18.333333333333332
high,7,17,CQI k-means,0.4110422362952078,1617.3333333333333,1.0,1.7533333333333334,53.91111111111111
high,7,17,Resource-cost k-means,0.256692811632973,1287.3333333333333,0.9333333333333333,1.8142857142857143,42.91111111111111
high,7,17,Multi-feature k-means,0.2815920890420091,1600.0,1.0,1.5,53.333333333333336
high,7,17,Offline teacher,0.4203963734270513,1644.6666666666667,1.0,1.7866666666666666,54.82222222222222
high,7,18,No grouping,0.12377973312085847,550.0,1.0,1.0,18.333333333333332
high,7,18,CQI k-means,0.4114628481591984,2396.6666666666665,1.0,1.9333333333333333,79.88888888888889
high,7,18,Resource-cost k-means,0.39549366301489186,2029.3333333333333,1.0,1.96,67.64444444444445
high,7,18,Multi-feature k-means,0.3686631727750814,1553.3333333333333,1.0,1.7333333333333334,51.77777777777778
high,7,18,Offline teacher,0.4582522470635022,1918.0,1.0,2.006666666666667,63.93333333333333
high,7,19,No grouping,0.11444639978752515,550.0,1.0,1.0,18.333333333333332
high,7,19,CQI k-means,0.3942776603105039,1623.3333333333333,1.0,1.78,54.111111111111114
high,7,19,Resource-cost k-means,0.30302002057449107,1153.3333333333333,1.0,1.4666666666666666,38.44444444444444
high,7,19,Multi-feature k-means,0.3736062958915312,1917.3333333333333,1.0,1.84,63.91111111111111
high,7,19,Offline teacher,0.44702892465881283,2160.0,1.0,2.1,72.0
high,8,0,No grouping,0.12444639978752514,550.0,1.0,1.0,18.333333333333332
high,8,0,CQI k-means,0.3277564730603836,1768.0,1.0,1.68,58.93333333333333
high,8,0,Resource-cost k-means,0.3284917038121297,1121.0,1.0,1.5,37.36666666666667
high,8,0,Multi-feature k-means,0.3898833127865449,1973.3333333333333,1.0,1.9,65.77777777777777
high,8,0,Offline teacher,0.42545877010527905,1722.0,1.0,1.8533333333333333,57.4
high,8,1,No grouping,0.1271130664541918,550.0,1.0,1.0,18.333333333333332
high,8,1,CQI k-means,0.3198487439481242,2738.6666666666665,1.0,1.8133333333333332,91.28888888888889
high,8,1,Resource-cost k-means,0.31568668724115767,1153.3333333333333,1.0,1.4666666666666666,38.44444444444444
high,8,1,Multi-feature k-means,0.32775647306038364,1768.0,1.0,1.68,58.93333333333333
high,8,1,Offline teacher,0.42812543677194576,1722.0,1.0,1.8533333333333333,57.4
high,8,2,No grouping,0.11244639978752514,550.0,1.0,1.0,18.333333333333332
high,8,2,CQI k-means,0.38626009731380717,3074.6666666666665,1.0,2.0533333333333332,102.4888888888889
high,8,2,Resource-cost k-means,0.4084748908687854,2048.0,1.0,1.98,68.26666666666667
high,8,2,Multi-feature k-means,0.3875988764960756,1635.0,1.0,1.8,54.5
high,8,2,Offline teacher,0.44357613524669454,1959.3333333333333,1.0,2.026666666666667,65.31111111111112
high,8,3,No grouping,0.1291130664541918,550.0,1.0,1.0,18.333333333333332
high,8,3,CQI k-means,0.3032671817151187,2626.6666666666665,1.0,1.7333333333333334,87.55555555555556
high,8,3,Resource-cost k-means,0.32580694502198715,1087.6666666666667,1.0,1.4733333333333334,36.25555555555555
high,8,3,Multi-feature k-means,0.3692917347043044,1898.6666666666667,1.0,1.82,63.28888888888889
high,8,3,Offline teacher,0.4114775275340832,1698.6666666666667,1.0,1.8,56.62222222222222
high,8,4,No grouping,0.12377973312085847,550.0,1.0,1.0,18.333333333333332
high,8,4,CQI k-means,0.4375211520662043,1794.6666666666667,1.0,1.8866666666666667,59.82222222222222
high,8,4,Resource-cost k-means,0.324225649124255,1084.3333333333333,1.0,1.4866666666666666,36.144444444444446
high,8,4,Multi-feature k-means,0.40100582286157144,1621.0,1.0,1.7933333333333332,54.03333333333333
high,8,4,Offline teacher,0.4525231837186079,1840.6666666666667,1.0,1.94,61.355555555555554
high,8,5,No grouping,0.10977973312085847,550.0,1.0,1.0,18.333333333333332
high,8,5,CQI k-means,0.3707329099028055,3037.3333333333335,1.0,2.026666666666667,101.24444444444444
high,8,5,Resource-cost k-means,0.4281177625392445,2268.3333333333335,0.9466666666666667,2.507042253521127,75.61111111111111
high,8,5,Multi-feature k-means,0.42654906434617845,1726.0,1.0,1.9266666666666667,57.53333333333333
high,8,5,Offline teacher,0.48152726174071725,1937.3333333333333,1.0,2.08,64.57777777777778
high,8,6,No grouping,0.13044639978752512,550.0,1.0,1.0,18.333333333333332
high,8,6,CQI k-means,0.33014668327726715,1404.0,1.0,1.5733333333333333,46.8
high,8,6,Resource-cost k-means,0.32703156201456035,1082.0,1.0,1.48,36.06666666666667
high,8,6,Multi-feature k-means,0.29320243927035616,1656.0,1.0,1.56,55.2
high,8,6,Offline teacher,0.42732127012532267,1714.6666666666667,1.0,1.8333333333333333,57.15555555555556
high,8,7,No grouping,0.11444639978752515,550.0,1.0,1.0,18.333333333333332
high,8,7,CQI k-means,0.4566003186727398,1816.6666666666667,1.0,1.9466666666666668,60.55555555555556
high,8,7,Resource-cost k-means,0.3547491133539901,1240.0,1.0,1.6,41.333333333333336
high,8,7,Multi-feature k-means,0.3362179002975739,1196.6666666666667,1.0,1.5333333333333334,39.888888888888886
high,8,7,Offline teacher,0.4716023503251434,1862.6666666666667,1.0,2.0,62.08888888888889
high,8,8,No grouping,0.11911306645419181,550.0,1.0,1.0,18.333333333333332
high,8,8,CQI k-means,0.3722964177393081,1600.0,1.0,1.7266666666666666,53.333333333333336
high,8,8,Resource-cost k-means,0.317472081741674,1179.3333333333333,1.0,1.5066666666666666,39.31111111111111
high,8,8,Multi-feature k-means,0.43239980228435904,2122.6666666666665,1.0,2.06,70.75555555555556
high,8,8,Offline teacher,0.48323085296940027,2290.6666666666665,1.0,2.24,76.35555555555555
high,8,9,No grouping,0.13377973312085847,550.0,1.0,1.0,18.333333333333332
high,8,9,CQI k-means,0.2947966540178944,1381.3333333333333,1.0,1.46,46.044444444444444
high,8,9,Resource-cost k-means,0.2303076535713925,997.3333333333334,1.0,1.2266666666666666,33.24444444444445
high,8,9,Multi-feature k-means,0.36944099676612363,1502.0,1.0,1.6866666666666668,50.06666666666667
high,8,9,Offline teacher,0.4090462701654102,1700.0,1.0,1.7933333333333332,56.666666666666664
high,8,10,No grouping,0.1131130664541918,550.0,1.0,1.0,18.333333333333332
high,8,10,CQI k-means,0.4595252153710113,1886.6666666666667,1.0,1.9933333333333334,62.888888888888886
high,8,10,Resource-cost k-means,0.32555123363090727,1196.6666666666667,1.0,1.5333333333333334,39.888888888888886
high,8,10,Multi-feature k-means,0.4084769268662797,1679.3333333333333,1.0,1.86,55.977777777777774
high,8,10,Offline teacher,0.47664596013996213,1954.0,1.0,2.0533333333333332,65.13333333333334
high,8,11,No grouping,0.11711306645419181,550.0,1.0,1.0,18.333333333333332
high,8,11,CQI k-means,0.4536398946173565,1825.3333333333333,1.0,1.96,60.84444444444444
high,8,11,Resource-cost k-means,0.41643734657657233,2085.3333333333335,1.0,2.02,69.5111111111111
high,8,11,Multi-feature k-means,0.3679308729169385,1541.6666666666667,1.0,1.7333333333333334,51.388888888888886
high,8,11,Offline teacher,0.46317109295647035,1864.0,1.0,1.9933333333333334,62.13333333333333
high,8,12,No grouping,0.13177973312085847,550.0,1.0,1.0,18.333333333333332
high,8,12,CQI k-means,0.41804426794761135,1663.3333333333333,1.0,1.8066666666666666,55.44444444444444
high,8,12,Resource-cost k-means,0.3227262631857743,1162.0,1.0,1.48,38.733333333333334
high,8,12,Multi-feature k-means,0.34403348995539734,1824.0,1.0,1.74,60.8
high,8,12,Offline teacher,0.43322336080728535,1720.6666666666667,1.0,1.86,57.355555555555554
high,8,13,No grouping,0.12111306645419181,550.0,1.0,1.0,18.333333333333332
high,8,13,CQI k-means,0.3348845669642405,1196.6666666666667,1.0,1.5333333333333334,39.888888888888886
high,8,13,Resource-cost k-means,0.12155123363090728,1175.3333333333333,0.8933333333333333,1.7164179104477613,39.17777777777778
high,8,13,Multi-feature k-means,0.4005124351609985,2010.6666666666667,1.0,1.94,67.02222222222223
high,8,13,Offline teacher,0.44432531871282727,1802.0,1.0,1.9066666666666667,60.06666666666667
high,8,14,No grouping,0.12777973312085847,550.0,1.0,1.0,18.333333333333332
high,8,14,CQI k-means,0.3546241602587981,2888.0,1.0,1.92,96.26666666666667
high,8,14,Resource-cost k-means,0.13976583913039073,1153.3333333333333,0.9133333333333333,1.635036496350365,38.44444444444444
high,8,14,Multi-feature k-means,0.29688787808312944,1637.3333333333333,1.0,1.54,54.577777777777776
high,8,14,Offline teacher,0.3967985885352388,1702.6666666666667,1.0,1.7933333333333332,56.75555555555555
high,8,15,No grouping,0.12844639978752515,550.0,1.0,1.0,18.333333333333332
high,8,15,CQI k-means,0.40994834613007036,1701.3333333333333,1.0,1.7866666666666666,56.71111111111111
high,8,15,Resource-cost k-means,0.32901629707312113,1086.0,1.0,1.48,36.2
high,8,15,Multi-feature k-means,0.3740340504006278,1516.0,1.0,1.6933333333333334,50.53333333333333
high,8,15,Offline teacher,0.4328940466268519,1798.6666666666667,1.0,1.8666666666666667,59.955555555555556
high,8,16,No grouping,0.11777973312085846,550.0,1.0,1.0,18.333333333333332
high,8,16,CQI k-means,0.36584637350722604,1615.3333333333333,1.0,1.7066666666666668,53.84444444444444
high,8,16,Resource-cost k-means,0.31139292985244094,1162.0,1.0,1.48,38.733333333333334
high,8,16,Multi-feature k-means,0.3024982283114764,1693.3333333333333,1.0,1.6,56.44444444444444
high,8,16,Offline teacher,0.4563085782191243,1866.6666666666667,1.0,1.98,62.22222222222222
high,8,17,No grouping,0.12311306645419179,550.0,1.0,1.0,18.333333333333332
high,8,17,CQI k-means,0.4172609050994984,1683.3333333333333,1.0,1.82,56.111111111111114
high,8,17,Resource-cost k-means,0.3096190767919938,1064.6666666666667,1.0,1.4533333333333334,35.48888888888889
high,8,17,Multi-feature k-means,0.29951700045758295,1674.6666666666667,1.0,1.58,55.82222222222222
high,8,17,Offline teacher,0.4269691646458829,1733.3333333333333,1.0,1.8533333333333333,57.77777777777778
high,8,18,No grouping,0.1257797331208585,550.0,1.0,1.0,18.333333333333332
high,8,18,CQI k-means,0.3822380696485849,1610.0,1.0,1.7333333333333334,53.666666666666664
high,8,18,Resource-cost k-means,0.3306948369835624,1140.0,1.0,1.52,38.0
high,8,18,Multi-feature k-means,0.3297706382757688,1499.6666666666667,1.0,1.6133333333333333,49.98888888888889
high,8,18,Offline teacher,0.4251279527652974,2008.3333333333333,1.0,2.0,66.94444444444444
high,8,19,No grouping,0.13044639978752515,550.0,1.0,1.0,18.333333333333332
high,8,19,CQI k-means,0.3208127894987032,1712.0,1.0,1.62,57.06666666666667
high,8,19,Resource-cost k-means,0.31335488385480403,1061.6666666666667,1.0,1.4333333333333333,35.388888888888886
high,8,19,Multi-feature k-means,0.33210857853982345,1749.3333333333333,1.0,1.66,58.31111111111111
high,8,19,Offline teacher,0.41685476633376517,1800.6666666666667,1.0,1.8733333333333333,60.022222222222226
high,9,0,No grouping,0.12577973312085847,550.0,1.0,1.0,18.333333333333332
high,9,0,CQI k-means,0.34595749359213146,2888.0,1.0,1.92,96.26666666666667
high,9,0,Resource-cost k-means,0.2589180185170419,1058.0,1.0,1.32,35.266666666666666
high,9,0,Multi-feature k-means,0.31912735068593,1730.6666666666667,1.0,1.64,57.68888888888889
high,9,0,Offline teacher,0.4320691056163237,1773.3333333333333,1.0,1.88,59.111111111111114
high,9,1,No grouping,0.12111306645419179,550.0,1.0,1.0,18.333333333333332
high,9,1,CQI k-means,0.35015134766979994,2925.3333333333335,1.0,1.9466666666666668,97.5111111111111
high,9,1,Resource-cost k-means,0.3602656259845952,1192.0,1.0,1.6,39.733333333333334
high,9,1,Multi-feature k-means,0.34403348995539723,1824.0,1.0,1.74,60.8
high,9,1,Offline teacher,0.44319594086799136,1929.0,1.0,2.006666666666667,64.3
high,9,2,No grouping,0.12844639978752515,550.0,1.0,1.0,18.333333333333332
high,9,2,CQI k-means,0.42161502751403945,1706.0,1.0,1.82,56.86666666666667
high,9,2,Resource-cost k-means,0.3109408686852578,1136.0,1.0,1.44,37.86666666666667
high,9,2,Multi-feature k-means,0.35136682328873065,1824.0,1.0,1.74,60.8
high,9,2,Offline teacher,0.43114622585315343,1744.6666666666667,1.0,1.8533333333333333,58.15555555555556
high,9,3,No grouping,0.13244639978752512,550.0,1.0,1.0,18.333333333333332
high,9,3,CQI k-means,0.3510522621015038,1805.3333333333333,1.0,1.72,60.17777777777778
high,9,3,Resource-cost k-means,0.27595759446165846,1066.6666666666667,1.0,1.3333333333333333,35.55555555555556
high,9,3,Multi-feature k-means,0.3962354182659848,1954.6666666666667,1.0,1.88,65.15555555555555
high,9,3,Offline teacher,0.4166099877152194,1919.6666666666667,1.0,1.9133333333333333,63.98888888888889
high,9,4,No grouping,0.1271130664541918,550.0,1.0,1.0,18.333333333333332
high,9,4,CQI k-means,0.34462416025879816,2888.0,1.0,1.92,96.26666666666667
high,9,4,Resource-cost k-means,0.31955898245758835,1084.3333333333333,1.0,1.4866666666666666,36.144444444444446
high,9,4,Multi-feature k-means,0.3051648949781431,1693.3333333333333,1.0,1.6,56.44444444444444
high,9,4,Offline teacher,0.42766718351249294,1833.3333333333333,1.0,1.9333333333333333,61.111111111111114
high,9,5,No grouping,0.1071130664541918,550.0,1.0,1.0,18.333333333333332
high,9,5,CQI k-means,0.3898833127865449,1973.3333333333333,1.0,1.9,65.77777777777777
high,9,5,Resource-cost k-means,0.46330594155382643,2216.0,1.0,2.16,73.86666666666666
high,9,5,Multi-feature k-means,0.4181227853893455,2066.6666666666665,1.0,2.0,68.88888888888889
high,9,5,Offline teacher,0.4960349713937186,2071.3333333333335,1.0,2.18,69.04444444444445
high,9,6,No grouping,0.12177973312085849,550.0,1.0,1.0,18.333333333333332
high,9,6,CQI k-means,0.3733995765694721,3037.3333333333335,1.0,2.026666666666667,101.24444444444444
high,9,6,Resource-cost k-means,0.2939012927406412,1127.3333333333333,1.0,1.4266666666666667,37.577777777777776
high,9,6,Multi-feature k-means,0.34736682328873064,1824.0,1.0,1.74,60.8
high,9,6,Offline teacher,0.4465292742013248,1929.0,1.0,2.006666666666667,64.3
high,9,7,No grouping,0.12044639978752517,550.0,1.0,1.0,18.333333333333332
high,9,7,CQI k-means,0.3866693270172579,1608.6666666666667,1.0,1.74,53.62222222222222
high,9,7,Resource-cost k-means,0.2915283834626913,1118.6666666666667,1.0,1.4133333333333333,37.28888888888889
high,9,7,Multi-feature k-means,0.351924368628516,1506.6666666666667,1.0,1.6666666666666667,50.22222222222222
high,9,7,Offline teacher,0.4269128334902608,1784.6666666666667,1.0,1.88,59.48888888888889
high,9,8,No grouping,0.12444639978752514,550.0,1.0,1.0,18.333333333333332
high,9,8,CQI k-means,0.41390878490275623,1697.3333333333333,1.0,1.8066666666666666,56.577777777777776
high,9,8,Resource-cost k-means,0.36862506803763767,1898.6666666666667,1.0,1.82,63.28888888888889
high,9,8,Multi-feature k-means,0.35168138447595737,1842.6666666666667,1.0,1.76,61.422222222222224
high,9,8,Offline teacher,0.42149833133259323,1726.0,1.0,1.8333333333333333,57.53333333333333
high,9,9,No grouping,0.12644639978752514,550.0,1.0,1.0,18.333333333333332
high,9,9,CQI k-means,0.3590147178092908,1842.6666666666667,1.0,1.76,61.422222222222224
high,9,9,Resource-cost k-means,0.32272626318577435,1162.0,1.0,1.48,38.733333333333334
high,9,9,Multi-feature k-means,0.342636559428082,1443.6666666666667,1.0,1.62,48.12222222222222
high,9,9,Offline teacher,0.4437331356176927,2122.6666666666665,1.0,2.06,70.75555555555556
high,9,10,No grouping,0.11244639978752514,550.0,1.0,1.0,18.333333333333332
high,9,10,CQI k-means,0.35215134766979994,2925.3333333333335,1.0,1.9466666666666668,97.5111111111111
high,9,10,Resource-cost k-means,0.2959726082204931,2200.0,0.92,2.347826086956522,73.33333333333333
high,9,10,Multi-feature k-means,0.3084606840192633,1730.6666666666667,1.0,1.64,57.68888888888889
high,9,10,Offline teacher,0.4241294706421479,1804.6666666666667,1.0,1.8933333333333333,60.15555555555556
high,9,11,No grouping,0.13244639978752512,550.0,1.0,1.0,18.333333333333332
high,9,11,CQI k-means,0.3210341096855939,1433.3333333333333,1.0,1.54,47.77777777777778
high,9,11,Resource-cost k-means,0.35010546045544394,1123.6666666666667,1.0,1.5533333333333332,37.455555555555556
high,9,11,Multi-feature k-means,0.34654906434617844,1716.6666666666667,0.9533333333333334,2.020979020979021,57.22222222222222
high,9,11,Offline teacher,0.4206392748871599,2212.0,0.98,2.204081632653061,73.73333333333333
high,9,12,No grouping,0.1071130664541918,550.0,1.0,1.0,18.333333333333332
high,9,12,CQI k-means,0.4357357870002927,1778.0,1.0,1.9133333333333333,59.266666666666666
high,9,12,Resource-cost k-means,0.3211783243529573,1188.0,1.0,1.52,39.6
high,9,12,Multi-feature k-means,0.3211783243529573,1188.0,1.0,1.52,39.6
high,9,12,Offline teacher,0.4742147027712892,1955.3333333333333,1.0,2.046666666666667,65.17777777777778
high,9,13,No grouping,0.10577973312085848,550.0,1.0,1.0,18.333333333333332
high,9,13,CQI k-means,0.4396794558446707,1829.3333333333333,1.0,1.94,60.977777777777774
high,9,13,Resource-cost k-means,0.38886454064043835,1992.0,1.0,1.92,66.4
high,9,13,Multi-feature k-means,0.3097940173525967,1730.6666666666667,1.0,1.64,57.68888888888889
high,9,13,Offline teacher,0.44356275966322445,1849.3333333333333,1.0,1.9533333333333334,61.644444444444446
high,9,14,No grouping,0.13377973312085847,550.0,1.0,1.0,18.333333333333332
high,9,14,CQI k-means,0.3126424135442351,1438.6666666666667,1.0,1.5133333333333334,47.955555555555556
high,9,14,Resource-cost k-means,0.33393189173553833,1093.0,1.0,1.5,36.43333333333333
high,9,14,Multi-feature k-means,0.3859308729169385,1541.6666666666667,1.0,1.7333333333333334,51.388888888888886
high,9,14,Offline teacher,0.41663581659524707,1728.6666666666667,1.0,1.82,57.62222222222222
high,9,15,No grouping,0.12377973312085847,550.0,1.0,1.0,18.333333333333332
high,9,15,CQI k-means,0.36256937132951483,1564.0,1.0,1.68,52.13333333333333
high,9,15,Resource-cost k-means,0.29960753535192447,1136.0,1.0,1.44,37.86666666666667
high,9,15,Multi-feature k-means,0.362310506850411,1880.0,1.0,1.8,62.666666666666664
high,9,15,Offline teacher,0.44702892465881283,2160.0,1.0,2.1,72.0
high,9,16,No grouping,0.13244639978752515,550.0,1.0,1.0,18.333333333333332
high,9,16,CQI k-means,0.397154898606452,1514.6666666666667,1.0,1.7,50.48888888888889
high,9,16,Resource-cost k-means,0.36237620407604026,1231.3333333333333,1.0,1.5866666666666667,41.044444444444444
high,9,16,Multi-feature k-means,0.33272626318577425,1162.0,1.0,1.48,38.733333333333334
high,9,16,Offline teacher,0.4356338143774484,1692.0,1.0,1.8333333333333333,56.4
high,9,17,No grouping,0.1197797331208585,550.0,1.0,1.0,18.333333333333332
high,9,17,CQI k-means,0.3647329099028054,3037.3333333333335,1.0,2.026666666666667,101.24444444444444
high,9,17,Resource-cost k-means,0.36066409376817227,2094.0,0.9266666666666666,2.3956834532374103,69.8
high,9,17,Multi-feature k-means,0.4409948919163579,1768.0,1.0,1.9466666666666668,58.93333333333333
high,9,17,Offline teacher,0.4672999977106347,1873.0,1.0,2.046666666666667,62.43333333333333
high,9,18,No grouping,0.1331130664541918,550.0,1.0,1.0,18.333333333333332
high,9,18,CQI k-means,0.4113567974824346,1636.0,1.0,1.7733333333333334,54.53333333333333
high,9,18,Resource-cost k-means,0.31427420201859113,1136.0,1.0,1.44,37.86666666666667
high,9,18,Multi-feature k-means,0.3523480511426241,1842.6666666666667,1.0,1.76,61.422222222222224
high,9,18,Offline teacher,0.42282964773082543,1684.6666666666667,1.0,1.8133333333333332,56.15555555555556
high,9,19,No grouping,0.12977973312085847,550.0,1.0,1.0,18.333333333333332
high,9,19,CQI k-means,0.34197779324727423,1489.3333333333333,1.0,1.6,49.644444444444446
high,9,19,Resource-cost k-means,0.29686171679602463,1118.6666666666667,1.0,1.4133333333333333,37.28888888888889
high,9,19,Multi-feature k-means,0.415141557535452,2048.0,1.0,1.98,68.26666666666667
high,9,19,Offline teacher,0.4303045149143173,1774.6666666666667,1.0,1.8733333333333333,59.15555555555556
high,10,0,No grouping,0.11977973312085846,550.0,1.0,1.0,18.333333333333332
high,10,0,CQI k-means,0.36439432705734537,1594.0,1.0,1.7,53.13333333333333
high,10,0,Resource-cost k-means,0.35381453024876386,1169.6666666666667,1.0,1.5933333333333333,38.98888888888889
high,10,0,Multi-feature k-means,0.39086454064043835,1992.0,1.0,1.92,66.4
high,10,0,Offline teacher,0.47209397271964065,1892.6666666666667,1.0,2.02,63.08888888888889
high,10,1,No grouping,0.1257797331208585,550.0,1.0,1.0,18.333333333333332
high,10,1,CQI k-means,0.34862416025879817,2888.0,1.0,1.92,96.26666666666667
high,10,1,Resource-cost k-means,0.4181227853893455,2066.6666666666665,1.0,2.0,68.88888888888889
high,10,1,Multi-feature k-means,0.4064408581263304,1656.0,1.0,1.8266666666666667,55.2
high,10,1,Offline teacher,0.4520379224982462,1950.0,1.0,2.033333333333333,65.0
high,10,2,No grouping,0.10977973312085848,550.0,1.0,1.0,18.333333333333332
high,10,2,CQI k-means,0.36987238915847026,3000.0,1.0,2.0,100.0
high,10,2,Resource-cost k-means,0.3746928116329729,1300.6666666666667,1.0,1.6933333333333334,43.355555555555554
high,10,2,Multi-feature k-means,0.37629510761426926,1623.3333333333333,1.0,1.7666666666666666,54.111111111111114
high,10,2,Offline teacher,0.4733689579622508,1902.6666666666667,1.0,2.026666666666667,63.422222222222224
high,10,3,No grouping,0.11044639978752514,550.0,1.0,1.0,18.333333333333332
high,10,3,CQI k-means,0.37661299586163594,1660.0,1.0,1.7666666666666666,55.333333333333336
high,10,3,Resource-cost k-means,0.4336955913254794,2160.0,1.0,2.1,72.0
high,10,3,Multi-feature k-means,0.3891811378251595,1642.0,1.0,1.82,54.733333333333334
high,10,3,Offline teacher,0.4734481098514841,1920.0,1.0,2.0533333333333332,64.0
high,10,4,No grouping,0.11977973312085849,550.0,1.0,1.0,18.333333333333332
high,10,4,CQI k-means,0.4113776012809448,1663.3333333333333,1.0,1.8066666666666666,55.44444444444444
high,10,4,Resource-cost k-means,0.2518784425724253,1049.3333333333333,1.0,1.3066666666666666,34.977777777777774
high,10,4,Multi-feature k-means,0.2801074858060333,963.0,1.0,1.38,32.1
high,10,4,Offline teacher,0.44226697062210424,1812.0,1.0,1.9133333333333333,60.4
high,10,5,No grouping,0.13311306645419183,550.0,1.0,1.0,18.333333333333332
high,10,5,CQI k-means,0.4189295739839638,1720.0,1.0,1.8066666666666666,57.333333333333336
high,10,5,Resource-cost k-means,0.2954492315734581,1101.3333333333333,1.0,1.3866666666666667,36.71111111111111
high,10,5,Multi-feature k-means,0.3732917347043044,1898.6666666666667,1.0,1.82,63.28888888888889
high,10,5,Offline teacher,0.4265191204138009,1748.6666666666667,1.0,1.8333333333333333,58.28888888888889
high,10,6,No grouping,0.11711306645419182,550.0,1.0,1.0,18.333333333333332
high,10,6,CQI k-means,0.3767329099028054,3037.3333333333335,1.0,2.026666666666667,101.24444444444444
high,10,6,Resource-cost k-means,0.34240204502619725,1152.3333333333333,1.0,1.5666666666666667,38.41111111111111
high,10,6,Multi-feature k-means,0.3765875237454247,1936.0,1.0,1.86,64.53333333333333
high,10,6,Offline teacher,0.4555306111137952,2022.3333333333333,1.0,2.0733333333333333,67.41111111111111
high,10,7,No grouping,0.11777973312085849,550.0,1.0,1.0,18.333333333333332
high,10,7,CQI k-means,0.40155062861801305,1592.0,1.0,1.7666666666666666,53.06666666666667
high,10,7,Resource-cost k-means,0.36860800537966654,1208.6666666666667,1.0,1.6133333333333333,40.28888888888889
high,10,7,Multi-feature k-means,0.3684222246200171,1520.6666666666667,1.0,1.7066666666666668,50.68888888888889
high,10,7,Offline teacher,0.4382649536870032,1770.6666666666667,1.0,1.8933333333333333,59.022222222222226
high,10,8,No grouping,0.1271130664541918,550.0,1.0,1.0,18.333333333333332
high,10,8,CQI k-means,0.3327092646924594,2776.0,1.0,1.84,92.53333333333333
high,10,8,Resource-cost k-means,0.23638680546062565,1014.6666666666666,1.0,1.2533333333333334,33.82222222222222
high,10,8,Multi-feature k-means,0.30085033379091625,1674.6666666666667,1.0,1.58,55.82222222222222
high,10,8,Offline teacher,0.409529412841118,1775.0,1.0,1.8666666666666667,59.166666666666664
high,10,9,No grouping,0.13577973312085848,550.0,1.0,1.0,18.333333333333332
high,10,9,CQI k-means,0.3973775718463399,1654.0,1.0,1.74,55.13333333333333
high,10,9,Resource-cost k-means,0.3222857434586605,1064.6666666666667,1.0,1.4533333333333334,35.48888888888889
high,10,9,Multi-feature k-means,0.2829254223753425,1600.0,1.0,1.5,53.333333333333336
high,10,9,Offline teacher,0.4051441794834475,1694.0,1.0,1.7666666666666666,56.46666666666667
high,10,10,No grouping,0.13911306645419177,550.0,1.0,1.0,18.333333333333332
high,10,10,CQI k-means,0.3272695189835876,1434.6666666666667,1.0,1.5333333333333334,47.82222222222222
high,10,10,Resource-cost k-means,0.28603674635089166,1084.0,1.0,1.36,36.13333333333333
high,10,10,Multi-feature k-means,0.28036576954190423,1714.6666666666667,0.92,2.072463768115942,57.15555555555556
high,10,10,Offline teacher,0.4175378925599074,1730.0,1.0,1.8133333333333332,57.666666666666664
high,10,11,No grouping,0.13111306645419182,550.0,1.0,1.0,18.333333333333332
high,10,11,CQI k-means,0.40468811388066694,1594.6666666666667,1.0,1.7533333333333334,53.15555555555556
high,10,11,Resource-cost k-means,0.22773238757758946,1293.3333333333333,0.92,1.855072463768116,43.111111111111114
high,10,11,Multi-feature k-means,0.2928503337909163,1674.6666666666667,1.0,1.58,55.82222222222222
high,10,11,Offline teacher,0.43169417940327265,1723.3333333333333,1.0,1.8466666666666667,57.44444444444444
high,10,12,No grouping,0.13044639978752515,550.0,1.0,1.0,18.333333333333332
high,10,12,CQI k-means,0.37835274889493015,1548.6666666666667,1.0,1.7,51.62222222222222
high,10,12,Resource-cost k-means,0.3555503373115739,1166.6666666666667,1.0,1.5733333333333333,38.888888888888886
high,10,12,Multi-feature k-means,0.348348051142624,1842.6666666666667,1.0,1.76,61.422222222222224
high,10,12,Offline teacher,0.42270191533997176,1763.3333333333333,1.0,1.9,58.77777777777778
high,10,13,No grouping,0.13511306645419183,550.0,1.0,1.0,18.333333333333332
high,10,13,CQI k-means,0.32622994303897096,1426.0,1.0,1.52,47.53333333333333
high,10,13,Resource-cost k-means,0.3381798542999371,1096.3333333333333,1.0,1.4866666666666666,36.544444444444444
high,10,13,Multi-feature k-means,0.39160629589153123,1917.3333333333333,1.0,1.84,63.91111111111111
high,10,13,Offline teacher,0.426269692539947,1761.0,1.0,1.86,58.7
high,10,14,No grouping,0.12244639978752517,550.0,1.0,1.0,18.333333333333332
high,10,14,CQI k-means,0.3813172068205157,1622.6666666666667,1.0,1.7266666666666666,54.08888888888889
high,10,14,Resource-cost k-means,0.32145212786751315,1112.3333333333333,1.0,1.4866666666666666,37.077777777777776
high,10,14,Multi-feature k-means,0.3622309499750567,1551.0,1.0,1.6933333333333334,51.7
high,10,14,Offline teacher,0.4194420001769712,1777.3333333333333,1.0,1.86,59.24444444444445
high,10,15,No grouping,0.11977973312085846,550.0,1.0,1.0,18.333333333333332
high,10,15,CQI k-means,0.3285089768690857,1523.3333333333333,1.0,1.6,50.77777777777778
high,10,15,Resource-cost k-means,0.3274530932988648,1116.0,1.0,1.52,37.2
high,10,15,Multi-feature k-means,0.3400334899553973,1824.0,1.0,1.74,60.8
high,10,15,Offline teacher,0.43426697062210423,1812.0,1.0,1.9133333333333333,60.4
high,10,16,No grouping,0.12111306645419181,550.0,1.0,1.0,18.333333333333332
high,10,16,CQI k-means,0.42116299578146116,1689.3333333333333,1.0,1.8466666666666667,56.31111111111111
high,10,16,Resource-cost k-means,0.3676323163828437,1221.3333333333333,1.0,1.6266666666666667,40.71111111111111
high,10,16,Multi-feature k-means,0.34400596150136464,1467.0,1.0,1.6533333333333333,48.9
high,10,16,Offline teacher,0.45752319843591027,1845.3333333333333,1.0,1.9733333333333334,61.51111111111111
high,10,17,No grouping,0.12444639978752513,550.0,1.0,1.0,18.333333333333332
high,10,17,CQI k-means,0.3628443418548226,1569.3333333333333,1.0,1.6533333333333333,52.31111111111111
high,10,17,Resource-cost k-means,0.12444639978752513,550.0,1.0,1.0,18.333333333333332
high,10,17,Multi-feature k-means,0.3683105068504109,1880.0,1.0,1.8,62.666666666666664
high,10,17,Offline teacher,0.40114619641854854,1735.3333333333333,1.0,1.7866666666666666,57.84444444444444
high,10,18,No grouping,0.10844639978752516,550.0,1.0,1.0,18.333333333333332
high,10,18,CQI k-means,0.4284004367318582,1736.6666666666667,1.0,1.8933333333333333,57.888888888888886
high,10,18,Resource-cost k-means,0.33889893558634665,1162.6666666666667,1.0,1.5733333333333333,38.75555555555555
high,10,18,Multi-feature k-means,0.3815687515993181,1954.6666666666667,1.0,1.88,65.15555555555555
high,10,18,Offline teacher,0.4668793525028548,1914.0,1.0,2.026666666666667,63.8
high,10,19,No grouping,0.11377973312085847,550.0,1.0,1.0,18.333333333333332
high,10,19,CQI k-means,0.40700324436332685,2133.3333333333335,1.0,1.8666666666666667,71.11111111111111
high,10,19,Resource-cost k-means,0.3603600428152677,1205.3333333333333,1.0,1.6266666666666667,40.17777777777778
high,10,19,Multi-feature k-means,0.45546880838580034,1859.0,1.0,2.006666666666667,61.96666666666667
high,10,19,Offline teacher,0.49021208082329376,2309.3333333333335,1.0,2.26,76.97777777777777
high,11,0,No grouping,0.12977973312085847,550.0,1.0,1.0,18.333333333333332
high,11,0,CQI k-means,0.31049822831147644,1693.3333333333333,1.0,1.6,56.44444444444444
high,11,0,Resource-cost k-means,0.2907825649067915,1101.3333333333333,1.0,1.3866666666666667,36.71111111111111
high,11,0,Multi-feature k-means,0.3217940173525967,1730.6666666666667,1.0,1.64,57.68888888888889
high,11,0,Offline teacher,0.4072884646860536,1742.3333333333333,1.0,1.84,58.077777777777776
high,11,1,No grouping,0.13044639978752515,550.0,1.0,1.0,18.333333333333332
high,11,1,CQI k-means,0.4273212701253226,1714.6666666666667,1.0,1.8333333333333333,57.15555555555556
high,11,1,Resource-cost k-means,0.39721664611987817,1973.3333333333333,1.0,1.9,65.77777777777777
high,11,1,Multi-feature k-means,0.378414244779331,1546.3333333333333,1.0,1.7133333333333334,51.544444444444444
high,11,1,Offline teacher,0.4477650549804371,2020.0,1.0,2.033333333333333,67.33333333333333
high,11,2,No grouping,0.13311306645419183,550.0,1.0,1.0,18.333333333333332
high,11,2,CQI k-means,0.3181461228320365,1712.0,1.0,1.62,57.06666666666667
high,11,2,Resource-cost k-means,0.31974305807419334,1066.3333333333333,1.0,1.4466666666666668,35.544444444444444
high,11,2,Multi-feature k-means,0.34638559543483716,1805.3333333333333,1.0,1.72,60.17777777777778
high,11,2,Offline teacher,0.38623126888878007,1828.6666666666667,1.0,1.82,60.955555555555556
high,11,3,No grouping,0.11844639978752515,550.0,1.0,1.0,18.333333333333332
high,11,3,CQI k-means,0.39845472151777434,1634.6666666666667,1.0,1.78,54.48888888888889
high,11,3,Resource-cost k-means,0.31864621497720774,1114.6666666666667,1.0,1.4933333333333334,37.15555555555556
high,11,3,Multi-feature k-means,0.33140436758094366,1786.6666666666667,1.0,1.7,59.55555555555556
high,11,3,Offline teacher,0.4351690465867644,1813.3333333333333,1.0,1.9066666666666667,60.44444444444444
high,11,4,No grouping,0.10777973312085848,550.0,1.0,1.0,18.333333333333332
high,11,4,CQI k-means,0.42026495368700306,1770.6666666666667,1.0,1.8933333333333333,59.022222222222226
high,11,4,Resource-cost k-means,0.33928710980573584,1167.3333333333333,1.0,1.5866666666666667,38.91111111111111
high,11,4,Multi-feature k-means,0.3459959456631841,1861.3333333333333,1.0,1.78,62.044444444444444
high,11,4,Offline teacher,0.44885854870434466,1886.6666666666667,1.0,1.9933333333333334,62.888888888888886
high,11,5,No grouping,0.13577973312085848,550.0,1.0,1.0,18.333333333333332
high,11,5,CQI k-means,0.4149463439122716,1664.6666666666667,1.0,1.8,55.48888888888889
high,11,5,Resource-cost k-means,0.3771812206470123,1199.0,1.0,1.62,39.96666666666667
high,11,5,Multi-feature k-means,0.3806711526157676,1527.6666666666667,1.0,1.7266666666666666,50.922222222222224
high,11,5,Offline teacher,0.45095383607438655,2233.3333333333335,0.9933333333333333,2.1946308724832213,74.44444444444444
high,11,6,No grouping,0.11044639978752514,550.0,1.0,1.0,18.333333333333332
high,11,6,CQI k-means,0.45273781865269624,1824.0,1.0,1.9666666666666666,60.8
high,11,6,Resource-cost k-means,0.3602407504657898,1274.6666666666667,1.0,1.6533333333333333,42.48888888888889
high,11,6,Multi-feature k-means,0.3769020849326514,1954.6666666666667,1.0,1.88,65.15555555555555
high,11,6,Offline teacher,0.464210668901087,1872.6666666666667,1.0,2.006666666666667,62.422222222222224
high,11,7,No grouping,0.11444639978752515,550.0,1.0,1.0,18.333333333333332
high,11,7,CQI k-means,0.41182966244812785,1689.3333333333333,1.0,1.8466666666666667,56.31111111111111
high,11,7,Resource-cost k-means,0.4250664689510258,2122.6666666666665,1.0,2.06,70.75555555555556
high,11,7,Multi-feature k-means,0.35501527825452134,1534.6666666666667,1.0,1.7133333333333334,51.15555555555556
high,11,7,Offline teacher,0.45126839726161344,2252.0,0.9933333333333333,2.214765100671141,75.06666666666666
high,11,8,No grouping,0.11911306645419181,550.0,1.0,1.0,18.333333333333332
high,11,8,CQI k-means,0.3726250680376378,1898.6666666666667,1.0,1.82,63.28888888888889
high,11,8,Resource-cost k-means,0.4234561187226787,2066.6666666666665,1.0,2.0,68.88888888888889
high,11,8,Multi-feature k-means,0.45753444157727663,1870.6666666666667,1.0,2.006666666666667,62.355555555555554
high,11,8,Offline teacher,0.48308330799135213,2041.0,1.0,2.1266666666666665,68.03333333333333
high,11,9,No grouping,0.10977973312085848,550.0,1.0,1.0,18.333333333333332
high,11,9,CQI k-means,0.43582900985059014,2351.3333333333335,1.0,1.9866666666666666,78.37777777777778
high,11,9,Resource-cost k-means,0.4496580470332663,2197.3333333333335,1.0,2.14,73.24444444444444
high,11,9,Multi-feature k-means,0.37501380270225765,1595.3333333333333,1.0,1.7866666666666666,53.17777777777778
high,11,9,Offline teacher,0.46781560784949516,2052.6666666666665,1.0,2.1266666666666665,68.42222222222222
high,11,10,No grouping,0.11977973312085846,550.0,1.0,1.0,18.333333333333332
high,11,10,CQI k-means,0.3600797658701186,1575.3333333333333,1.0,1.68,52.51111111111111
high,11,10,Resource-cost k-means,0.4274185744304657,2104.0,1.0,2.04,70.13333333333334
high,11,10,Multi-feature k-means,0.37093962922486456,1917.3333333333333,1.0,1.84,63.91111111111111
high,11,10,Offline teacher,0.4546627006336652,1889.3333333333333,1.0,1.98,62.977777777777774
high,11,11,No grouping,0.12777973312085847,550.0,1.0,1.0,18.333333333333332
high,11,11,CQI k-means,0.4030254663669,1672.6666666666667,1.0,1.76,55.75555555555555
high,11,11,Resource-cost k-means,0.12777973312085847,550.0,1.0,1.0,18.333333333333332
high,11,11,Multi-feature k-means,0.37031050685041095,1880.0,1.0,1.8,62.666666666666664
high,11,11,Offline teacher,0.41643996852456766,1731.3333333333333,1.0,1.8066666666666666,57.71111111111111
high,11,12,No grouping,0.11444639978752515,550.0,1.0,1.0,18.333333333333332
high,11,12,CQI k-means,0.447798168961218,1850.6666666666667,1.0,1.9466666666666668,61.68888888888889
high,11,12,Resource-cost k-means,0.34372011341809133,1156.3333333333333,1.0,1.5666666666666667,38.544444444444444
high,11,12,Multi-feature k-means,0.41447489086878536,2048.0,1.0,1.98,68.26666666666667
high,11,12,Offline teacher,0.4553877153910551,1879.3333333333333,1.0,1.9733333333333334,62.644444444444446
high,11,13,No grouping,0.11777973312085849,550.0,1.0,1.0,18.333333333333332
high,11,13,CQI k-means,0.40836884695781456,3224.0,1.0,2.16,107.46666666666667
high,11,13,Resource-cost k-means,0.33570953740937365,1231.3333333333333,1.0,1.5866666666666667,41.044444444444444
high,11,13,Multi-feature k-means,0.38558646999859825,1834.6666666666667,0.96,2.111111111111111,61.15555555555556
high,11,13,Offline teacher,0.47028716940772,2234.6666666666665,1.0,2.18,74.4888888888889
high,11,14,No grouping,0.1131130664541918,550.0,1.0,1.0,18.333333333333332
high,11,14,CQI k-means,0.4023983903621524,1686.0,1.0,1.8066666666666666,56.2
high,11,14,Resource-cost k-means,0.2956075353519244,1136.0,1.0,1.44,37.86666666666667
high,11,14,Multi-feature k-means,0.33705226210150374,1805.3333333333333,1.0,1.72,60.17777777777778
high,11,14,Offline teacher,0.44052318371860794,1840.6666666666667,1.0,1.94,61.355555555555554
high,11,15,No grouping,0.12244639978752517,550.0,1.0,1.0,18.333333333333332
high,11,15,CQI k-means,0.339861097065828,1509.3333333333333,1.0,1.6133333333333333,50.31111111111111
high,11,15,Resource-cost k-means,0.4078082242021187,2048.0,1.0,1.98,68.26666666666667
high,11,15,Multi-feature k-means,0.37147706550607296,1525.3333333333333,1.0,1.72,50.84444444444444
high,11,15,Offline teacher,0.44810869627824274,1786.6666666666667,1.0,1.9266666666666667,59.55555555555556
high,11,16,No grouping,0.13244639978752518,550.0,1.0,1.0,18.333333333333332
high,11,16,CQI k-means,0.3134794561653699,1712.0,1.0,1.62,57.06666666666667
high,11,16,Resource-cost k-means,0.3360710342476103,1786.6666666666667,1.0,1.7,59.55555555555556
high,11,16,Multi-feature k-means,0.3134794561653699,1712.0,1.0,1.62,57.06666666666667
high,11,16,Offline teacher,0.4159175870605072,1779.6666666666667,1.0,1.88,59.32222222222222
high,11,17,No grouping,0.11444639978752515,550.0,1.0,1.0,18.333333333333332
high,11,17,CQI k-means,0.39121929750247836,1628.6666666666667,1.0,1.7533333333333334,54.28888888888889
high,11,17,Resource-cost k-means,0.39023541826598473,1954.6666666666667,1.0,1.88,65.15555555555555
high,11,17,Multi-feature k-means,0.38749717456465,1600.0,1.0,1.7666666666666666,53.333333333333336
high,11,17,Offline teacher,0.44050118530206156,1880.0,1.0,1.9666666666666666,62.666666666666664
high,11,18,No grouping,0.13111306645419177,550.0,1.0,1.0,18.333333333333332
high,11,18,CQI k-means,0.3240318752285835,1805.3333333333333,1.0,1.5466666666666666,60.17777777777778
high,11,18,Resource-cost k-means,0.27995759446165847,1066.6666666666667,1.0,1.3333333333333333,35.55555555555556
high,11,18,Multi-feature k-means,0.3214794561653699,1712.0,1.0,1.62,57.06666666666667
high,11,18,Offline teacher,0.4036921330335668,1672.6666666666667,1.0,1.76,55.75555555555555
high,11,19,No grouping,0.13311306645419183,550.0,1.0,1.0,18.333333333333332
high,11,19,CQI k-means,0.33746738398936804,1473.3333333333333,1.0,1.5666666666666667,49.111111111111114
high,11,19,Resource-cost k-means,0.3309552373073638,1102.0,1.0,1.48,36.733333333333334
high,11,19,Multi-feature k-means,0.405531207307105,1992.0,1.0,1.92,66.4
high,11,19,Offline teacher,0.42621618856636173,1849.6666666666667,1.0,1.9133333333333333,61.65555555555556
high,12,0,No grouping,0.12644639978752512,550.0,1.0,1.0,18.333333333333332
high,12,0,CQI k-means,0.36607774893501743,1534.0,1.0,1.66,51.13333333333333
high,12,0,Resource-cost k-means,0.3268617859080431,1092.3333333333333,1.0,1.4866666666666666,36.41111111111111
high,12,0,Multi-feature k-means,0.30151700045758295,1674.6666666666667,1.0,1.58,55.82222222222222
high,12,0,Offline teacher,0.40083465727518813,1726.0,1.0,1.8266666666666667,57.53333333333333
high,12,1,No grouping,0.12111306645419179,550.0,1.0,1.0,18.333333333333332
high,12,1,CQI k-means,0.39804956789450163,2196.0,1.0,1.84,73.2
high,12,1,Resource-cost k-means,0.274319902355023,1282.6666666666667,0.9533333333333334,1.7622377622377623,42.75555555555555
high,12,1,Multi-feature k-means,0.33438559543483715,1805.3333333333333,1.0,1.72,60.17777777777778
high,12,1,Offline teacher,0.4439148651426643,1830.6666666666667,1.0,1.9333333333333333,61.022222222222226
high,12,2,No grouping,0.14177973312085848,550.0,1.0,1.0,18.333333333333332
high,12,2,CQI k-means,0.37788190086433804,1536.6666666666667,1.0,1.6466666666666667,51.22222222222222
high,12,2,Resource-cost k-means,0.14177973312085848,550.0,1.0,1.0,18.333333333333332
high,12,2,Multi-feature k-means,0.2513472295160091,1006.0,1.0,1.24,33.53333333333333
high,12,2,Offline teacher,0.3985318270373017,1601.3333333333333,1.0,1.72,53.37777777777778
high,12,3,No grouping,0.10844639978752513,550.0,1.0,1.0,18.333333333333332
high,12,3,CQI k-means,0.4137129662666815,1709.3333333333333,1.0,1.86,56.977777777777774
high,12,3,Resource-cost k-means,0.3108054150750074,1179.3333333333333,1.0,1.5066666666666666,39.31111111111111
high,12,3,Multi-feature k-means,0.3310522621015038,1805.3333333333333,1.0,1.72,60.17777777777778
high,12,3,Offline teacher,0.45413353394695494,1896.6666666666667,1.0,2.0,63.22222222222222
high,12,4,No grouping,0.12311306645419179,550.0,1.0,1.0,18.333333333333332
high,12,4,CQI k-means,0.3692943860869045,1554.0,1.0,1.6733333333333333,51.8
high,12,4,Resource-cost k-means,0.25283886662780874,1040.6666666666667,1.0,1.2933333333333332,34.68888888888889
high,12,4,Multi-feature k-means,0.34848135352307097,1497.3333333333333,1.0,1.64,49.91111111111111
high,12,4,Offline teacher,0.4056545887413537,1710.0,1.0,1.8,57.0
high,12,5,No grouping,0.10444639978752515,550.0,1.0,1.0,18.333333333333332
high,12,5,CQI k-means,0.4151066646258391,1740.6666666666667,1.0,1.8733333333333333,58.022222222222226
high,12,5,Resource-cost k-means,0.3499260737715605,1212.6666666666667,1.0,1.6133333333333333,40.422222222222224
high,12,5,Multi-feature k-means,0.4566392748871598,2216.0,1.0,2.16,73.86666666666666
high,12,5,Offline teacher,0.4792308529694003,2290.6666666666665,1.0,2.24,76.35555555555555
high,12,6,No grouping,0.12044639978752514,550.0,1.0,1.0,18.333333333333332
high,12,6,CQI k-means,0.3632057224918036,3000.0,1.0,2.0,100.0
high,12,6,Resource-cost k-means,0.3461366733251442,2090.3333333333335,0.92,2.4057971014492754,69.67777777777778
high,12,6,Multi-feature k-means,0.3400497328024137,1762.0,0.9466666666666667,2.0704225352112675,58.733333333333334
high,12,6,Offline teacher,0.45605438205772164,1879.3333333333333,1.0,1.9733333333333334,62.644444444444446
high,12,7,No grouping,0.12511306645419176,550.0,1.0,1.0,18.333333333333332
high,12,7,CQI k-means,0.34395749359213146,2888.0,1.0,1.92,96.26666666666667
high,12,7,Resource-cost k-means,0.3059804446298744,1144.6666666666667,1.0,1.4533333333333334,38.15555555555556
high,12,7,Multi-feature k-means,0.37227296255819786,1917.3333333333333,1.0,1.84,63.91111111111111
high,12,7,Offline teacher,0.436799786807916,1950.0,1.0,2.0,65.0
high,12,8,No grouping,0.1091130664541918,550.0,1.0,1.0,18.333333333333332
high,12,8,CQI k-means,0.40150832621347937,3186.6666666666665,1.0,2.1333333333333333,106.22222222222223
high,12,8,Resource-cost k-means,0.3458145302487638,1169.6666666666667,1.0,1.5933333333333333,38.98888888888889
high,12,8,Multi-feature k-means,0.34136682328873064,1824.0,1.0,1.74,60.8
high,12,8,Offline teacher,0.4607486377455483,1947.6666666666667,1.0,2.06,64.92222222222222
high,12,9,No grouping,0.1317797331208585,550.0,1.0,1.0,18.333333333333332
high,12,9,CQI k-means,0.3181461228320365,1712.0,1.0,1.62,57.06666666666667
high,12,9,Resource-cost k-means,0.36897717351707765,1880.0,1.0,1.8,62.666666666666664
high,12,9,Multi-feature k-means,0.340737700914277,1786.6666666666667,1.0,1.7,59.55555555555556
high,12,9,Offline teacher,0.4246081932492324,1702.6666666666667,1.0,1.86,56.75555555555555
high,12,10,No grouping,0.12377973312085847,550.0,1.0,1.0,18.333333333333332
high,12,10,CQI k-means,0.358686067510961,1544.0,1.0,1.6666666666666667,51.46666666666667
high,12,10,Resource-cost k-means,0.3096866872411578,1153.3333333333333,1.0,1.4666666666666666,38.44444444444444
high,12,10,Multi-feature k-means,0.4001978739737717,1992.0,1.0,1.92,66.4
high,12,10,Offline teacher,0.4510289246588128,2160.0,1.0,2.1,72.0
high,12,11,No grouping,0.11644639978752515,550.0,1.0,1.0,18.333333333333332
high,12,11,CQI k-means,0.3537189287681705,1805.3333333333333,1.0,1.72,60.17777777777778
high,12,11,Resource-cost k-means,0.11644639978752515,550.0,1.0,1.0,18.333333333333332
high,12,11,Multi-feature k-means,0.4101978739737717,1992.0,1.0,1.92,66.4
high,12,11,Offline teacher,0.4385925524815833,2031.6666666666667,1.0,2.0,67.72222222222223
high,12,12,No grouping,0.10644639978752515,550.0,1.0,1.0,18.333333333333332
high,12,12,CQI k-means,0.42596917936318524,1738.0,1.0,1.8866666666666667,57.93333333333333
high,12,12,Resource-cost k-means,0.3319986058653687,1151.6666666666667,1.0,1.5533333333333332,38.388888888888886
high,12,12,Multi-feature k-means,0.3612917347043044,1898.6666666666667,1.0,1.82,63.28888888888889
high,12,12,Offline teacher,0.46621268583618813,1914.0,1.0,2.026666666666667,63.8
high,12,13,No grouping,0.12511306645419182,550.0,1.0,1.0,18.333333333333332
high,12,13,CQI k-means,0.3268007173227014,1473.3333333333333,1.0,1.5666666666666667,49.111111111111114
high,12,13,Resource-cost k-means,0.3385908095755238,1205.3333333333333,1.0,1.5466666666666666,40.17777777777778
high,12,13,Multi-feature k-means,0.2652195938444581,910.6666666666666,1.0,1.3333333333333333,30.355555555555554
high,12,13,Offline teacher,0.4363816498684494,1750.6666666666667,1.0,1.88,58.355555555555554
high,12,14,No grouping,0.12511306645419182,550.0,1.0,1.0,18.333333333333332
high,12,14,CQI k-means,0.3932340504956851,1532.0,1.0,1.7266666666666666,51.06666666666667
high,12,14,Resource-cost k-means,0.191042870742707,1215.3333333333333,0.92,1.7246376811594204,40.51111111111111
high,12,14,Multi-feature k-means,0.45534348584603945,2178.6666666666665,1.0,2.12,72.62222222222222
high,12,14,Offline teacher,0.46663927488715984,2216.0,1.0,2.16,73.86666666666666
high,12,15,No grouping,0.11311306645419182,550.0,1.0,1.0,18.333333333333332
high,12,15,CQI k-means,0.3626250680376377,1898.6666666666667,1.0,1.82,63.28888888888889
high,12,15,Resource-cost k-means,0.424751907763799,2104.0,1.0,2.04,70.13333333333334
high,12,15,Multi-feature k-means,0.3682729625581979,1917.3333333333333,1.0,1.84,63.91111111111111
high,12,15,Offline teacher,0.4511933086771873,2324.0,0.98,2.326530612244898,77.46666666666667
high,12,16,No grouping,0.13644639978752512,550.0,1.0,1.0,18.333333333333332
high,12,16,CQI k-means,0.31183156164480974,1693.3333333333333,1.0,1.6,56.44444444444444
high,12,16,Resource-cost k-means,0.31518510774828673,1072.0,1.0,1.44,35.733333333333334
high,12,16,Multi-feature k-means,0.3513668232887306,1824.0,1.0,1.74,60.8
high,12,16,Offline teacher,0.42471295154937927,1704.6666666666667,1.0,1.8266666666666667,56.82222222222222
high,12,17,No grouping,0.11644639978752515,550.0,1.0,1.0,18.333333333333332
high,12,17,CQI k-means,0.3840026603505913,1608.6666666666667,1.0,1.74,53.62222222222222
high,12,17,Resource-cost k-means,0.15629705218680712,1196.6666666666667,0.9133333333333333,1.7080291970802919,39.888888888888886
high,12,17,Multi-feature k-means,0.26669500058346673,945.6666666666666,1.0,1.3533333333333333,31.522222222222222
high,12,17,Offline teacher,0.43165865204616066,1802.0,1.0,1.9066666666666667,60.06666666666667
high,12,18,No grouping,0.10977973312085847,550.0,1.0,1.0,18.333333333333332
high,12,18,CQI k-means,0.3515130254565904,1610.6666666666667,1.0,1.6733333333333333,53.68888888888889
high,12,18,Resource-cost k-means,0.29123462607397455,1127.3333333333333,1.0,1.4266666666666667,37.577777777777776
high,12,18,Multi-feature k-means,0.39654997945321163,1973.3333333333333,1.0,1.9,65.77777777777777
high,12,18,Offline teacher,0.4491879610273053,1954.6666666666667,1.0,2.013333333333333,65.15555555555555
high,12,19,No grouping,0.12311306645419179,550.0,1.0,1.0,18.333333333333332
high,12,19,CQI k-means,0.34462416025879816,2888.0,1.0,1.92,96.26666666666667
high,12,19,Resource-cost k-means,0.33978020775249684,1136.6666666666667,1.0,1.5333333333333334,37.888888888888886
high,12,19,Multi-feature k-means,0.3925499794532116,1973.3333333333333,1.0,1.9,65.77777777777777
high,12,19,Offline teacher,0.4445211667835069,1799.3333333333333,1.0,1.92,59.977777777777774
high,13,0,No grouping,0.10777973312085844,550.0,1.0,1.0,18.333333333333332
high,13,0,CQI k-means,0.3944539513914757,3112.0,1.0,2.08,103.73333333333333
high,13,0,Resource-cost k-means,0.3359051544660479,1142.0,1.0,1.56,38.06666666666667
high,13,0,Multi-feature k-means,0.33571892876817044,1805.3333333333333,1.0,1.72,60.17777777777778
high,13,0,Offline teacher,0.4519960339669986,1889.3333333333333,1.0,1.98,62.977777777777774
high,13,1,No grouping,0.12244639978752514,550.0,1.0,1.0,18.333333333333332
high,13,1,CQI k-means,0.4135734493516242,1660.6666666666667,1.0,1.82,55.355555555555554
high,13,1,Resource-cost k-means,0.3464020450261973,1152.3333333333333,1.0,1.5666666666666667,38.41111111111111
high,13,1,Multi-feature k-means,0.3104606840192633,1730.6666666666667,1.0,1.64,57.68888888888889
high,13,1,Offline teacher,0.4499336520060733,1816.6666666666667,1.0,1.9466666666666668,60.55555555555556
high,13,2,No grouping,0.1151130664541918,550.0,1.0,1.0,18.333333333333332
high,13,2,CQI k-means,0.41157344935162415,1660.6666666666667,1.0,1.82,55.355555555555554
high,13,2,Resource-cost k-means,0.32926805225090816,1130.3333333333333,1.0,1.5266666666666666,37.67777777777778
high,13,2,Multi-feature k-means,0.33638559543483715,1805.3333333333333,1.0,1.72,60.17777777777778
high,13,2,Offline teacher,0.4498753039153502,1826.6666666666667,1.0,1.9533333333333334,60.888888888888886
high,13,3,No grouping,0.1137797331208585,550.0,1.0,1.0,18.333333333333332
high,13,3,CQI k-means,0.36587646523864825,2095.3333333333335,1.0,1.7466666666666666,69.84444444444445
high,13,3,Resource-cost k-means,0.3785875237454247,1936.0,1.0,1.86,64.53333333333333
high,13,3,Multi-feature k-means,0.32775647306038364,1768.0,1.0,1.68,58.93333333333333
high,13,3,Offline teacher,0.4350942389365658,1894.0,1.0,1.9733333333333334,63.13333333333333
high,13,4,No grouping,0.12511306645419182,550.0,1.0,1.0,18.333333333333332
high,13,4,CQI k-means,0.3417636395144631,2850.6666666666665,1.0,1.8933333333333333,95.02222222222223
high,13,4,Resource-cost k-means,0.14600329479809035,1202.6666666666667,0.9,1.7481481481481482,40.08888888888889
high,13,4,Multi-feature k-means,0.38027296255819787,1917.3333333333333,1.0,1.84,63.91111111111111
high,13,4,Offline teacher,0.4312649389697008,1766.0,1.0,1.86,58.86666666666667
high,13,5,No grouping,0.11644639978752513,550.0,1.0,1.0,18.333333333333332
high,13,5,CQI k-means,0.3486241602587981,2888.0,1.0,1.92,96.26666666666667
high,13,5,Resource-cost k-means,0.3842354182659848,1954.6666666666667,1.0,1.88,65.15555555555555
high,13,5,Multi-feature k-means,0.3563781760393816,1523.0,1.0,1.68,50.766666666666666
high,13,5,Offline teacher,0.432129470642148,1804.6666666666667,1.0,1.8933333333333333,60.15555555555556
high,13,6,No grouping,0.10177973312085847,550.0,1.0,1.0,18.333333333333332
high,13,6,CQI k-means,0.43514827222285923,1795.3333333333333,1.0,1.94,59.84444444444444
high,13,6,Resource-cost k-means,0.3460329283616357,1184.6666666666667,1.0,1.6133333333333333,39.48888888888889
high,13,6,Multi-feature k-means,0.42580080480666316,1765.6666666666667,1.0,1.94,58.855555555555554
high,13,6,Offline teacher,0.4715084748773084,1951.3333333333333,1.0,2.066666666666667,65.04444444444445
high,13,7,No grouping,0.12911306645419182,550.0,1.0,1.0,18.333333333333332
high,13,7,CQI k-means,0.38617568768765964,1537.3333333333333,1.0,1.7,51.24444444444445
high,13,7,Resource-cost k-means,0.1628845669642406,1179.3333333333333,0.9133333333333333,1.6788321167883211,39.31111111111111
high,13,7,Multi-feature k-means,0.29144923157345815,1101.3333333333333,1.0,1.3866666666666667,36.71111111111111
high,13,7,Offline teacher,0.43736092107967567,2066.6666666666665,1.0,2.033333333333333,68.88888888888889
high,13,8,No grouping,0.11044639978752514,550.0,1.0,1.0,18.333333333333332
high,13,8,CQI k-means,0.378926763980474,3074.6666666666665,1.0,2.0533333333333332,102.4888888888889
high,13,8,Resource-cost k-means,0.3613133252012028,2204.6666666666665,0.92,2.5072463768115942,73.4888888888889
high,13,8,Multi-feature k-means,0.4133925215286969,1686.3333333333333,1.0,1.88,56.21111111111111
high,13,8,Offline teacher,0.46542730605297405,1892.6666666666667,1.0,2.02,63.08888888888889
high,13,9,No grouping,0.13177973312085847,550.0,1.0,1.0,18.333333333333332
high,13,9,CQI k-means,0.40953184175460405,1606.0,1.0,1.7533333333333334,53.53333333333333
high,13,9,Resource-cost k-means,0.366310506850411,1880.0,1.0,1.8,62.666666666666664
high,13,9,Multi-feature k-means,0.33242313972705023,1768.0,1.0,1.68,58.93333333333333
high,13,9,Offline teacher,0.4153567974824347,1636.0,1.0,1.7733333333333334,54.53333333333333
high,13,10,No grouping,0.12844639978752515,550.0,1.0,1.0,18.333333333333332
high,13,10,CQI k-means,0.3587444156016842,1534.0,1.0,1.66,51.13333333333333
high,13,10,Resource-cost k-means,0.3573023747471752,1163.3333333333333,1.0,1.5866666666666667,38.77777777777778
high,13,10,Multi-feature k-means,0.3641969588667386,1736.6666666666667,0.96,2.0277777777777777,57.888888888888886
high,13,10,Offline teacher,0.4559336520060733,1816.6666666666667,1.0,1.9466666666666668,60.55555555555556
high,13,11,No grouping,0.13777973312085848,550.0,1.0,1.0,18.333333333333332
high,13,11,CQI k-means,0.4078859641691451,1628.6666666666667,1.0,1.7533333333333334,54.28888888888889
high,13,11,Resource-cost k-means,0.3419013618526596,1101.0,1.0,1.5,36.7
high,13,11,Multi-feature k-means,0.34626434489006497,1387.6666666666667,1.0,1.5933333333333333,46.25555555555555
high,13,11,Offline teacher,0.4285358903421088,1693.3333333333333,1.0,1.8266666666666667,56.44444444444444
high,13,12,No grouping,0.13777973312085848,550.0,1.0,1.0,18.333333333333332
high,13,12,CQI k-means,0.36838827625204207,1470.0,1.0,1.64,49.0
high,13,12,Resource-cost k-means,0.2984888075180747,1110.0,1.0,1.4,37.0
high,13,12,Multi-feature k-means,0.3320216439031504,1713.0,0.9466666666666667,2.028169014084507,57.1
high,13,12,Offline teacher,0.41075049584159234,1667.3333333333333,1.0,1.7866666666666666,55.577777777777776
high,13,13,No grouping,0.10844639978752513,550.0,1.0,1.0,18.333333333333332
high,13,13,CQI k-means,0.44805438205772175,1879.3333333333333,1.0,1.9733333333333334,62.644444444444446
high,13,13,Resource-cost k-means,0.3274711854223408,1149.3333333333333,1.0,1.5466666666666666,38.31111111111111
high,13,13,Multi-feature k-means,0.2944982283114765,1693.3333333333333,1.0,1.6,56.44444444444444
high,13,13,Offline teacher,0.46499806561940205,1935.3333333333333,1.0,2.033333333333333,64.5111111111111
high,13,14,No grouping,0.13644639978752512,550.0,1.0,1.0,18.333333333333332
high,13,14,CQI k-means,0.35962165389763223,1425.3333333333333,1.0,1.58,47.51111111111111
high,13,14,Resource-cost k-means,0.13644639978752512,550.0,1.0,1.0,18.333333333333332
high,13,14,Multi-feature k-means,0.2916638370729418,1075.3333333333333,1.0,1.3466666666666667,35.84444444444444
high,13,14,Offline teacher,0.40634893050157794,1812.3333333333333,1.0,1.84,60.41111111111111
high,13,15,No grouping,0.12177973312085849,550.0,1.0,1.0,18.333333333333332
high,13,15,CQI k-means,0.3588180143364666,2925.3333333333335,1.0,1.9466666666666668,97.5111111111111
high,13,15,Resource-cost k-means,0.32819794642341305,1129.6666666666667,1.0,1.5133333333333334,37.65555555555556
high,13,15,Multi-feature k-means,0.39553120730710506,1992.0,1.0,1.92,66.4
high,13,15,Offline teacher,0.42485448539953774,1794.6666666666667,1.0,1.8866666666666667,59.82222222222222
high,13,16,No grouping,0.11844639978752515,550.0,1.0,1.0,18.333333333333332
high,13,16,CQI k-means,0.39820052535637185,1647.3333333333333,1.0,1.7733333333333334,54.91111111111111
high,13,16,Resource-cost k-means,0.2972346260739746,1127.3333333333333,1.0,1.4266666666666667,37.577777777777776
high,13,16,Multi-feature k-means,0.28211589824012484,1101.3333333333333,1.0,1.3866666666666667,36.71111111111111
high,13,16,Offline teacher,0.4287357722829904,1773.3333333333333,1.0,1.88,59.111111111111114
high,13,17,No grouping,0.1291130664541918,550.0,1.0,1.0,18.333333333333332
high,13,17,CQI k-means,0.3485465505959036,1495.3333333333333,1.0,1.6266666666666667,49.84444444444444
high,13,17,Resource-cost k-means,0.4204373465765723,2085.3333333333335,1.0,2.02,69.5111111111111
high,13,17,Multi-feature k-means,0.35269490609558074,1113.6666666666667,1.0,1.5933333333333333,37.12222222222222
high,13,17,Offline teacher,0.4616243332045348,2083.0,1.0,2.1133333333333333,69.43333333333334
high,13,18,No grouping,0.11577973312085847,550.0,1.0,1.0,18.333333333333332
high,13,18,CQI k-means,0.4198296624481278,1689.3333333333333,1.0,1.8466666666666667,56.31111111111111
high,13,18,Resource-cost k-means,0.11577973312085847,550.0,1.0,1.0,18.333333333333332
high,13,18,Multi-feature k-means,0.30614612283203657,1712.0,1.0,1.62,57.06666666666667
high,13,18,Offline teacher,0.4489544410872809,1839.3333333333333,1.0,1.9466666666666668,61.31111111111111
high,13,19,No grouping,0.11911306645419178,550.0,1.0,1.0,18.333333333333332
high,13,19,CQI k-means,0.3367651899655894,1552.0,1.0,1.6266666666666667,51.733333333333334
high,13,19,Resource-cost k-means,0.32675589674931954,1124.0,1.0,1.52,37.46666666666667
high,13,19,Multi-feature k-means,0.3207752452064901,1749.3333333333333,1.0,1.66,58.31111111111111
high,13,19,Offline teacher,0.43064043152570025,1877.6666666666667,1.0,1.96,62.58888888888889
high,14,0,No grouping,0.12644639978752512,550.0,1.0,1.0,18.333333333333332
high,14,0,CQI k-means,0.4020670592466178,1722.6666666666667,1.0,1.7933333333333332,57.422222222222224
high,14,0,Resource-cost k-means,0.33545309329886486,1116.0,1.0,1.52,37.2
high,14,0,Multi-feature k-means,0.31712735068593,1730.6666666666667,1.0,1.64,57.68888888888889
high,14,0,Offline teacher,0.42774079654465536,1819.3333333333333,1.0,1.9266666666666667,60.644444444444446
high,14,1,No grouping,0.1251130664541918,550.0,1.0,1.0,18.333333333333332
high,14,1,CQI k-means,0.3520334899553973,1824.0,1.0,1.74,60.8
high,14,1,Resource-cost k-means,0.3062742020185911,1136.0,1.0,1.44,37.86666666666667
high,14,1,Multi-feature k-means,0.36897717351707765,1880.0,1.0,1.8,62.666666666666664
high,14,1,Offline teacher,0.43971700013688375,1792.0,1.0,1.9,59.733333333333334
high,14,2,No grouping,0.11177973312085847,550.0,1.0,1.0,18.333333333333332
high,14,2,CQI k-means,0.42147755696868794,1708.0,1.0,1.8666666666666667,56.93333333333333
high,14,2,Resource-cost k-means,0.44004769680491923,2141.3333333333335,1.0,2.08,71.37777777777778
high,14,2,Multi-feature k-means,0.3615347188568631,1562.6666666666667,1.0,1.7266666666666666,52.08888888888889
high,14,2,Offline teacher,0.4597794115324139,1874.0,1.0,2.0,62.46666666666667
high,14,3,No grouping,0.12311306645419182,550.0,1.0,1.0,18.333333333333332
high,14,3,CQI k-means,0.33709697284779644,2850.6666666666665,1.0,1.8933333333333333,95.02222222222223
high,14,3,Resource-cost k-means,0.3321197599655315,1116.0,1.0,1.52,37.2
high,14,3,Multi-feature k-means,0.3320710342476104,1786.6666666666667,1.0,1.7,59.55555555555556
high,14,3,Offline teacher,0.4389336372887709,1812.0,1.0,1.9133333333333333,60.4
high,14,4,No grouping,0.12444639978752513,550.0,1.0,1.0,18.333333333333332
high,14,4,CQI k-means,0.3394265126370151,1492.6666666666667,1.0,1.6266666666666667,49.75555555555555
high,14,4,Resource-cost k-means,0.2087491133539901,1225.3333333333333,0.9266666666666666,1.7266187050359711,40.84444444444444
high,14,4,Multi-feature k-means,0.3121461228320365,1712.0,1.0,1.62,57.06666666666667
high,14,4,Offline teacher,0.45920863724868344,1826.6666666666667,1.0,1.9533333333333334,60.888888888888886
high,14,5,No grouping,0.1071130664541918,550.0,1.0,1.0,18.333333333333332
high,14,5,CQI k-means,0.40970218029114797,3224.0,1.0,2.16,107.46666666666667
high,14,5,Resource-cost k-means,0.42377067990990563,2085.3333333333335,1.0,2.02,69.5111111111111
high,14,5,Multi-feature k-means,0.39553120730710506,1992.0,1.0,1.92,66.4
high,14,5,Offline teacher,0.4496657079602293,1894.0,1.0,2.006666666666667,63.13333333333333
high,14,6,No grouping,0.1371130664541918,550.0,1.0,1.0,18.333333333333332
high,14,6,CQI k-means,0.3464070336808462,1446.6666666666667,1.0,1.5866666666666667,48.22222222222222
high,14,6,Resource-cost k-means,0.29278256490679144,1101.3333333333333,1.0,1.3866666666666667,36.71111111111111
high,14,6,Multi-feature k-means,0.3762729625581978,1917.3333333333333,1.0,1.84,63.91111111111111
high,14,6,Offline teacher,0.4214561187226788,2066.6666666666665,1.0,2.0,68.88888888888889
high,14,7,No grouping,0.13844639978752515,550.0,1.0,1.0,18.333333333333332
high,14,7,CQI k-means,0.3444431509177936,1069.3333333333333,1.0,1.5466666666666666,35.644444444444446
high,14,7,Resource-cost k-means,0.38027296255819787,1917.3333333333333,1.0,1.84,63.91111111111111
high,14,7,Multi-feature k-means,0.41583982465114006,1667.6666666666667,1.0,1.8266666666666667,55.58888888888889
high,14,7,Offline teacher,0.4536955913254794,2160.0,1.0,2.1,72.0
high,14,8,No grouping,0.11844639978752515,550.0,1.0,1.0,18.333333333333332
high,14,8,CQI k-means,0.36178399154630075,1542.6666666666667,1.0,1.6733333333333333,51.422222222222224
high,14,8,Resource-cost k-means,0.30968668724115767,1153.3333333333333,1.0,1.4666666666666666,38.44444444444444
high,14,8,Multi-feature k-means,0.4271040132432389,2085.3333333333335,1.0,2.02,69.5111111111111
high,14,8,Offline teacher,0.44969559132547954,2160.0,1.0,2.1,72.0
high,14,9,No grouping,0.12511306645419182,550.0,1.0,1.0,18.333333333333332
high,14,9,CQI k-means,0.3439574935921315,2888.0,1.0,1.92,96.26666666666667
high,14,9,Resource-cost k-means,0.35266261232985086,1861.3333333333333,1.0,1.78,62.044444444444444
high,14,9,Multi-feature k-means,0.32864278643691797,1774.6666666666667,0.94,2.0921985815602837,59.15555555555556
high,14,9,Offline teacher,0.43189406134415415,1803.3333333333333,1.0,1.9,60.111111111111114
high,14,10,No grouping,0.12977973312085847,550.0,1.0,1.0,18.333333333333332
high,14,10,CQI k-means,0.32446068401926337,1730.6666666666667,1.0,1.64,57.68888888888889
high,14,10,Resource-cost k-means,0.14117832435295732,1169.3333333333333,0.9066666666666666,1.6764705882352942,38.977777777777774
high,14,10,Multi-feature k-means,0.33575647306038353,1768.0,1.0,1.68,58.93333333333333
high,14,10,Offline teacher,0.4178200345062863,1870.6666666666667,1.0,1.9066666666666667,62.355555555555554
high,14,11,No grouping,0.12511306645419182,550.0,1.0,1.0,18.333333333333332
high,14,11,CQI k-means,0.360348051142624,1842.6666666666667,1.0,1.76,61.422222222222224
high,14,11,Resource-cost k-means,0.37729173470430444,1898.6666666666667,1.0,1.82,63.28888888888889
high,14,11,Multi-feature k-means,0.3716438401837443,1880.0,1.0,1.8,62.666666666666664
high,14,11,Offline teacher,0.42471966948733114,1929.0,1.0,1.94,64.3
high,14,12,No grouping,0.12311306645419179,550.0,1.0,1.0,18.333333333333332
high,14,12,CQI k-means,0.34776363951446304,2850.6666666666665,1.0,1.8933333333333333,95.02222222222223
high,14,12,Resource-cost k-means,0.33216555478984944,1104.0,1.0,1.52,36.8
high,14,12,Multi-feature k-means,0.4000686435883134,1600.0,1.0,1.8,53.333333333333336
high,14,12,Offline teacher,0.4339161115082435,1840.3333333333333,1.0,1.9533333333333334,61.34444444444444
high,14,13,No grouping,0.13511306645419183,550.0,1.0,1.0,18.333333333333332
high,14,13,CQI k-means,0.3693292789965175,1861.3333333333333,1.0,1.78,62.044444444444444
high,14,13,Resource-cost k-means,0.2820367463508916,1084.0,1.0,1.36,36.13333333333333
high,14,13,Multi-feature k-means,0.41451243516099856,2010.6666666666667,1.0,1.94,67.02222222222223
high,14,13,Offline teacher,0.44128315867030854,1954.6666666666667,1.0,1.98,65.15555555555555
high,14,14,No grouping,0.13244639978752515,550.0,1.0,1.0,18.333333333333332
high,14,14,CQI k-means,0.2999338483817854,2626.6666666666665,1.0,1.7333333333333334,87.55555555555556
high,14,14,Resource-cost k-means,0.33141973623394955,1086.6666666666667,1.0,1.4933333333333334,36.22222222222222
high,14,14,Multi-feature k-means,0.3164606840192633,1730.6666666666667,1.0,1.64,57.68888888888889
high,14,14,Offline teacher,0.4063192384729193,1668.6666666666667,1.0,1.78,55.62222222222222
high,14,15,No grouping,0.11111306645419182,550.0,1.0,1.0,18.333333333333332
high,14,15,CQI k-means,0.36178600848140186,1584.0,1.0,1.6933333333333334,52.8
high,14,15,Resource-cost k-means,0.30502002057449107,1153.3333333333333,1.0,1.4666666666666666,38.44444444444444
high,14,15,Multi-feature k-means,0.4347519077637989,2104.0,1.0,2.04,70.13333333333334
high,14,15,Offline teacher,0.461239989448627,1926.6666666666667,1.0,2.033333333333333,64.22222222222223
high,14,16,No grouping,0.11577973312085846,550.0,1.0,1.0,18.333333333333332
high,14,16,CQI k-means,0.37905954608434417,2072.6666666666665,1.0,1.7733333333333334,69.08888888888889
high,14,16,Resource-cost k-means,0.40184576849433173,2010.6666666666667,1.0,1.94,67.02222222222223
high,14,16,Multi-feature k-means,0.40184576849433173,2010.6666666666667,1.0,1.94,67.02222222222223
high,14,16,Offline teacher,0.45011071321334367,1828.0,1.0,1.9466666666666668,60.93333333333333
high,14,17,No grouping,0.1131130664541918,550.0,1.0,1.0,18.333333333333332
high,14,17,CQI k-means,0.40949631439749207,1684.6666666666667,1.0,1.8133333333333332,56.15555555555556
high,14,17,Resource-cost k-means,0.3300892300826529,1124.0,1.0,1.52,37.46666666666667
high,14,17,Multi-feature k-means,0.3862354182659848,1954.6666666666667,1.0,1.88,65.15555555555555
high,14,17,Offline teacher,0.44797523016848856,1862.0,1.0,1.9466666666666668,62.06666666666667
high,14,18,No grouping,0.12377973312085845,550.0,1.0,1.0,18.333333333333332
high,14,18,CQI k-means,0.33156978543679455,2813.3333333333335,1.0,1.8666666666666667,93.77777777777777
high,14,18,Resource-cost k-means,0.32549792269183114,1100.3333333333333,1.0,1.4866666666666666,36.67777777777778
high,14,18,Multi-feature k-means,0.38192085707875806,1936.0,1.0,1.86,64.53333333333333
high,14,18,Offline teacher,0.41640040729725347,1727.3333333333333,1.0,1.8266666666666667,57.577777777777776
high,14,19,No grouping,0.12777973312085847,550.0,1.0,1.0,18.333333333333332
high,14,19,CQI k-means,0.3743923101222443,1552.6666666666667,1.0,1.68,51.75555555555555
high,14,19,Resource-cost k-means,0.1450991724637241,1153.3333333333333,0.9133333333333333,1.635036496350365,38.44444444444444
high,14,19,Multi-feature k-means,0.4158082242021187,2048.0,1.0,1.98,68.26666666666667
high,14,19,Offline teacher,0.42145611872267885,2066.6666666666665,1.0,2.0,68.88888888888889
high,15,0,No grouping,0.1117797331208585,550.0,1.0,1.0,18.333333333333332
high,15,0,CQI k-means,0.41443596408897027,1658.0,1.0,1.8333333333333333,55.266666666666666
high,15,0,Resource-cost k-means,0.32317832435295735,1188.0,1.0,1.52,39.6
high,15,0,Multi-feature k-means,0.3181387484083407,1179.3333333333333,1.0,1.5066666666666666,39.31111111111111
high,15,0,Offline teacher,0.4700356246289176,1902.6666666666667,1.0,2.026666666666667,63.422222222222224
high,15,1,No grouping,0.12644639978752514,550.0,1.0,1.0,18.333333333333332
high,15,1,CQI k-means,0.42163381437744835,1692.0,1.0,1.8333333333333333,56.4
high,15,1,Resource-cost k-means,0.32650696875356905,1117.0,1.0,1.5,37.233333333333334
high,15,1,Multi-feature k-means,0.32972894460635094,1411.0,1.0,1.5933333333333333,47.03333333333333
high,15,1,Offline teacher,0.4387545591463994,1759.3333333333333,1.0,1.8933333333333333,58.644444444444446
high,15,2,No grouping,0.1271130664541918,550.0,1.0,1.0,18.333333333333332
high,15,2,CQI k-means,0.43291081655515967,1743.3333333333333,1.0,1.86,58.111111111111114
high,15,2,Resource-cost k-means,0.3183533539078243,1153.3333333333333,1.0,1.4666666666666666,38.44444444444444
high,15,2,Multi-feature k-means,0.4134936630148919,2029.3333333333333,1.0,1.96,67.64444444444445
high,15,2,Offline teacher,0.4498545001168402,1799.3333333333333,1.0,1.92,59.977777777777774
high,15,3,No grouping,0.13644639978752518,550.0,1.0,1.0,18.333333333333332
high,15,3,CQI k-means,0.3535069746512871,1486.6666666666667,1.0,1.6133333333333333,49.55555555555556
high,15,3,Resource-cost k-means,0.3200701725278253,1087.0,1.0,1.46,36.233333333333334
high,15,3,Multi-feature k-means,0.3812541904120913,1936.0,1.0,1.86,64.53333333333333
high,15,3,Offline teacher,0.3944843462617353,1961.6666666666667,1.0,1.9,65.38888888888889
high,15,4,No grouping,0.12111306645419181,550.0,1.0,1.0,18.333333333333332
high,15,4,CQI k-means,0.3795827078499315,2104.0,1.0,1.76,70.13333333333334
high,15,4,Resource-cost k-means,0.3253586764681924,1102.6666666666667,1.0,1.4933333333333334,36.75555555555555
high,15,4,Multi-feature k-means,0.3789396292248645,1917.3333333333333,1.0,1.84,63.91111111111111
high,15,4,Offline teacher,0.43900466622303097,1959.3333333333333,1.0,1.9933333333333334,65.31111111111112
high,15,5,No grouping,0.14244639978752516,550.0,1.0,1.0,18.333333333333332
high,15,5,CQI k-means,0.3650341391201988,1442.6666666666667,1.0,1.6066666666666667,48.08888888888889
high,15,5,Resource-cost k-means,0.2970763222955083,1092.6666666666667,1.0,1.3733333333333333,36.422222222222224
high,15,5,Multi-feature k-means,0.28001024179332423,912.3333333333334,1.0,1.3266666666666667,30.41111111111111
high,15,5,Offline teacher,0.40153120730710495,1992.0,1.0,1.92,66.4
high,15,6,No grouping,0.13244639978752515,550.0,1.0,1.0,18.333333333333332
high,15,6,CQI k-means,0.42028169418070616,1706.0,1.0,1.82,56.86666666666667
high,15,6,Resource-cost k-means,0.33008640290061625,1086.6666666666667,1.0,1.4933333333333334,36.22222222222222
high,15,6,Multi-feature k-means,0.36425488949711515,1474.0,1.0,1.6733333333333333,49.13333333333333
high,15,6,Offline teacher,0.4280483018178136,1746.0,1.0,1.8466666666666667,58.2
high,15,7,No grouping,0.1091130664541918,550.0,1.0,1.0,18.333333333333332
high,15,7,CQI k-means,0.42314426326848853,3373.3333333333335,1.0,2.2666666666666666,112.44444444444444
high,15,7,Resource-cost k-means,0.4513434858460395,2178.6666666666665,1.0,2.12,72.62222222222222
high,15,7,Multi-feature k-means,0.37704161432193434,1941.6666666666667,0.9466666666666667,2.2253521126760565,64.72222222222223
high,15,7,Offline teacher,0.5037473424672146,2437.3333333333335,0.9866666666666667,2.4324324324324325,81.24444444444444
high,15,8,No grouping,0.13444639978752515,550.0,1.0,1.0,18.333333333333332
high,15,8,CQI k-means,0.3731756729703572,1532.6666666666667,1.0,1.6666666666666667,51.08888888888889
high,15,8,Resource-cost k-means,0.31827047851722123,1068.6666666666667,1.0,1.4533333333333334,35.62222222222222
high,15,8,Multi-feature k-means,0.2958691059370228,1656.0,1.0,1.56,55.2
high,15,8,Offline teacher,0.40582963301352304,1680.0,1.0,1.78,56.0
high,15,9,No grouping,0.11911306645419181,550.0,1.0,1.0,18.333333333333332
high,15,9,CQI k-means,0.35215134766979994,2925.3333333333335,1.0,1.9466666666666668,97.5111111111111
high,15,9,Resource-cost k-means,0.3334378283574255,1120.0,1.0,1.52,37.333333333333336
high,15,9,Multi-feature k-means,0.3247752452064901,1749.3333333333333,1.0,1.66,58.31111111111111
high,15,9,Offline teacher,0.4340107575256006,1783.3333333333333,1.0,1.8866666666666667,59.44444444444444
high,15,10,No grouping,0.11844639978752515,550.0,1.0,1.0,18.333333333333332
high,15,10,CQI k-means,0.40457343463432177,1656.0,1.0,1.7866666666666666,55.2
high,15,10,Resource-cost k-means,0.12955123363090726,1176.6666666666667,0.9,1.7037037037037037,39.22222222222222
high,15,10,Multi-feature k-means,0.3048127894987032,1712.0,1.0,1.62,57.06666666666667
high,15,10,Offline teacher,0.4239899537270905,1756.0,1.0,1.8533333333333333,58.53333333333333
high,15,11,No grouping,0.12311306645419179,550.0,1.0,1.0,18.333333333333332
high,15,11,CQI k-means,0.3441173101623317,1538.0,1.0,1.64,51.266666666666666
high,15,11,Resource-cost k-means,0.40580822420211865,2048.0,1.0,1.98,68.26666666666667
high,15,11,Multi-feature k-means,0.3341341285876375,1082.0,1.0,1.56,36.06666666666667
high,15,11,Offline teacher,0.4568787474899605,2306.6666666666665,0.9866666666666667,2.2905405405405403,76.88888888888889
high,15,12,No grouping,0.12644639978752512,550.0,1.0,1.0,18.333333333333332
high,15,12,CQI k-means,0.3349985823284819,1512.0,1.0,1.6,50.4
high,15,12,Resource-cost k-means,0.41847489086878525,2048.0,1.0,1.98,68.26666666666667
high,15,12,Multi-feature k-means,0.35070015662206394,1824.0,1.0,1.74,60.8
high,15,12,Offline teacher,0.4568518152292377,1922.0,1.0,2.02,64.06666666666666
high,15,13,No grouping,0.11844639978752514,550.0,1.0,1.0,18.333333333333332
high,15,13,CQI k-means,0.35935475111272885,1585.3333333333333,1.0,1.6866666666666668,52.84444444444444
high,15,13,Resource-cost k-means,0.3487902192455865,1157.0,1.0,1.58,38.56666666666667
high,15,13,Multi-feature k-means,0.2835545447497961,1637.3333333333333,1.0,1.54,54.577777777777776
high,15,13,Offline teacher,0.45636692630984743,1856.6666666666667,1.0,1.9733333333333334,61.888888888888886
high,15,14,No grouping,0.12911306645419182,550.0,1.0,1.0,18.333333333333332
high,15,14,CQI k-means,0.3983004516095102,1682.6666666666667,1.0,1.7666666666666666,56.08888888888889
high,15,14,Resource-cost k-means,0.1852574762421905,1190.6666666666667,0.9266666666666666,1.669064748201439,39.68888888888889
high,15,14,Multi-feature k-means,0.29618366712424965,1674.6666666666667,1.0,1.58,55.82222222222222
high,15,14,Offline teacher,0.4152441351711907,1738.6666666666667,1.0,1.8266666666666667,57.955555555555556
high,15,15,No grouping,0.13444639978752515,550.0,1.0,1.0,18.333333333333332
high,15,15,CQI k-means,0.306981812400174,1567.3333333333333,1.0,1.6066666666666667,52.24444444444445
high,15,15,Resource-cost k-means,0.3203533539078244,1153.3333333333333,1.0,1.4666666666666666,38.44444444444444
high,15,15,Multi-feature k-means,0.31693248710899546,1327.0,1.0,1.52,44.233333333333334
high,15,15,Offline teacher,0.4043755696285412,1617.3333333333333,1.0,1.7533333333333334,53.91111111111111
high,15,16,No grouping,0.13244639978752512,550.0,1.0,1.0,18.333333333333332
high,15,16,CQI k-means,0.40272969204308223,1640.0,1.0,1.7533333333333334,54.666666666666664
high,15,16,Resource-cost k-means,0.1487262631857743,1144.6666666666667,0.9133333333333333,1.6204379562043796,38.15555555555556
high,15,16,Multi-feature k-means,0.34870015662206394,1824.0,1.0,1.74,60.8
high,15,16,Offline teacher,0.4140254810842026,1677.3333333333333,1.0,1.7933333333333332,55.91111111111111
high,15,17,No grouping,0.12444639978752514,550.0,1.0,1.0,18.333333333333332
high,15,17,CQI k-means,0.35615134766979994,2925.3333333333335,1.0,1.9466666666666668,97.5111111111111
high,15,17,Resource-cost k-means,0.33348362318174346,1108.0,1.0,1.52,36.93333333333333
high,15,17,Multi-feature k-means,0.3134794561653699,1712.0,1.0,1.62,57.06666666666667
high,15,17,Offline teacher,0.4236550542946021,1733.0,1.0,1.88,57.766666666666666
high,15,18,No grouping,0.14644639978752513,550.0,1.0,1.0,18.333333333333332
high,15,18,CQI k-means,0.30121722169816767,1568.6666666666667,1.0,1.6,52.28888888888889
high,15,18,Resource-cost k-means,0.3209408686852578,1136.0,1.0,1.44,37.86666666666667
high,15,18,Multi-feature k-means,0.2712015017209821,877.3333333333334,1.0,1.3066666666666666,29.244444444444444
high,15,18,Offline teacher,0.43463927488715975,2213.3333333333335,0.9866666666666667,2.189189189189189,73.77777777777777
high,15,19,No grouping,0.11177973312085847,550.0,1.0,1.0,18.333333333333332
high,15,19,CQI k-means,0.37867134395235913,1650.0,1.0,1.76,55.0
high,15,19,Resource-cost k-means,0.3496294892008071,1184.0,1.0,1.6,39.46666666666667
high,15,19,Multi-feature k-means,0.34301471780929066,1842.6666666666667,1.0,1.76,61.422222222222224
high,15,19,Offline teacher,0.4667606393863074,1892.6666666666667,1.0,2.02,63.08888888888889
high,16,0,No grouping,0.12377973312085849,550.0,1.0,1.0,18.333333333333332
high,16,0,CQI k-means,0.35681801433646665,2925.3333333333335,1.0,1.9466666666666668,97.5111111111111
high,16,0,Resource-cost k-means,0.34788988952460864,1146.0,1.0,1.56,38.2
high,16,0,Multi-feature k-means,0.31846068401926336,1730.6666666666667,1.0,1.64,57.68888888888889
high,16,0,Offline teacher,0.42713976306946505,1831.0,1.0,1.9266666666666667,61.03333333333333
high,16,1,No grouping,0.11911306645419181,550.0,1.0,1.0,18.333333333333332
high,16,1,CQI k-means,0.35168138447595737,1842.6666666666667,1.0,1.76,61.422222222222224
high,16,1,Resource-cost k-means,0.3912166461198783,1973.3333333333333,1.0,1.9,65.77777777777777
high,16,1,Multi-feature k-means,0.38556875159931814,1954.6666666666667,1.0,1.88,65.15555555555555
high,16,1,Offline teacher,0.43567931273038385,1933.6666666666667,1.0,1.9866666666666666,64.45555555555555
high,16,2,No grouping,0.11844639978752515,550.0,1.0,1.0,18.333333333333332
high,16,2,CQI k-means,0.36387238915847026,3000.0,1.0,2.0,100.0
high,16,2,Resource-cost k-means,0.3236228694053822,1105.6666666666667,1.0,1.5133333333333334,36.855555555555554
high,16,2,Multi-feature k-means,0.3144606840192634,1730.6666666666667,1.0,1.64,57.68888888888889
high,16,2,Offline teacher,0.4342669706221041,1812.0,1.0,1.9133333333333333,60.4
high,16,3,No grouping,0.11711306645419181,550.0,1.0,1.0,18.333333333333332
high,16,3,CQI k-means,0.4055083262134795,3186.6666666666665,1.0,2.1333333333333333,106.22222222222223
high,16,3,Resource-cost k-means,0.2828617167960246,1118.6666666666667,1.0,1.4133333333333333,37.28888888888889
high,16,3,Multi-feature k-means,0.4088269963482252,2029.3333333333333,1.0,1.96,67.64444444444445
high,16,3,Offline teacher,0.4483622579921462,2160.0,1.0,2.1,72.0
high,16,4,No grouping,0.11444639978752515,550.0,1.0,1.0,18.333333333333332
high,16,4,CQI k-means,0.3789267639804739,3074.6666666666665,1.0,2.0533333333333332,102.4888888888889
high,16,4,Resource-cost k-means,0.3141387484083407,1179.3333333333333,1.0,1.5066666666666666,39.31111111111111
high,16,4,Multi-feature k-means,0.4064748908687855,2048.0,1.0,1.98,68.26666666666667
high,16,4,Offline teacher,0.4498773208504512,1868.0,1.0,1.9733333333333334,62.266666666666666
high,16,5,No grouping,0.13644639978752515,550.0,1.0,1.0,18.333333333333332
high,16,5,CQI k-means,0.3665465505959037,1495.3333333333333,1.0,1.6266666666666667,49.84444444444444
high,16,5,Resource-cost k-means,0.3331783243529573,1188.0,1.0,1.52,39.6
high,16,5,Multi-feature k-means,0.25475971473857567,1023.3333333333334,1.0,1.2666666666666666,34.111111111111114
high,16,5,Offline teacher,0.406612995861636,1660.0,1.0,1.7666666666666666,55.333333333333336
high,16,6,No grouping,0.11911306645419178,550.0,1.0,1.0,18.333333333333332
high,16,6,CQI k-means,0.3890422362952079,1617.3333333333333,1.0,1.7533333333333334,53.91111111111111
high,16,6,Resource-cost k-means,0.29390129274064125,1127.3333333333333,1.0,1.4266666666666667,37.577777777777776
high,16,6,Multi-feature k-means,0.32775647306038364,1768.0,1.0,1.68,58.93333333333333
high,16,6,Offline teacher,0.43705235040531826,1833.3333333333333,1.0,1.92,61.111111111111114
high,16,7,No grouping,0.11711306645419181,550.0,1.0,1.0,18.333333333333332
high,16,7,CQI k-means,0.4032401013009884,1656.0,1.0,1.7866666666666666,55.2
high,16,7,Resource-cost k-means,0.3352375223680296,1138.3333333333333,1.0,1.5266666666666666,37.94444444444444
high,16,7,Multi-feature k-means,0.4045124351609984,2010.6666666666667,1.0,1.94,67.02222222222223
high,16,7,Offline teacher,0.44154195586471434,1822.0,1.0,1.92,60.733333333333334
high,16,8,No grouping,0.13777973312085848,550.0,1.0,1.0,18.333333333333332
high,16,8,CQI k-means,0.34140436758094367,1786.6666666666667,1.0,1.7,59.55555555555556
high,16,8,Resource-cost k-means,0.34143782835742553,1120.0,1.0,1.52,37.333333333333336
high,16,8,Multi-feature k-means,0.41264573754144546,1665.3333333333333,1.0,1.82,55.51111111111111
high,16,8,Offline teacher,0.43610503124198613,1901.0,1.0,1.96,63.36666666666667
high,16,9,No grouping,0.13577973312085848,550.0,1.0,1.0,18.333333333333332
high,16,9,CQI k-means,0.31130706327580066,1397.3333333333333,1.0,1.4933333333333334,46.577777777777776
high,16,9,Resource-cost k-means,0.21029705218680717,1200.6666666666667,0.9333333333333333,1.6714285714285715,40.022222222222226
high,16,9,Multi-feature k-means,0.32410857853982344,1749.3333333333333,1.0,1.66,58.31111111111111
high,16,9,Offline teacher,0.40594632919496937,1660.0,1.0,1.7666666666666666,55.333333333333336
high,16,10,No grouping,0.11044639978752514,550.0,1.0,1.0,18.333333333333332
high,16,10,CQI k-means,0.427556708857921,1725.3333333333333,1.0,1.8933333333333333,57.51111111111111
high,16,10,Resource-cost k-means,0.3494749780357291,1190.3333333333333,1.0,1.6066666666666667,39.67777777777778
high,16,10,Multi-feature k-means,0.43338103013825263,2141.3333333333335,1.0,2.08,71.37777777777778
high,16,10,Offline teacher,0.4699510236096524,2202.0,1.0,2.1866666666666665,73.4
high,16,11,No grouping,0.12377973312085847,550.0,1.0,1.0,18.333333333333332
high,16,11,CQI k-means,0.41075251277669333,1708.6666666666667,1.0,1.8066666666666666,56.955555555555556
high,16,11,Resource-cost k-means,0.15621790029757393,1179.3333333333333,0.9133333333333333,1.6788321167883211,39.31111111111111
high,16,11,Multi-feature k-means,0.36897717351707765,1880.0,1.0,1.8,62.666666666666664
high,16,11,Offline teacher,0.42398995372709053,1756.0,1.0,1.8533333333333333,58.53333333333333
high,16,12,No grouping,0.12777973312085847,550.0,1.0,1.0,18.333333333333332
high,16,12,CQI k-means,0.34529082692546476,2888.0,1.0,1.92,96.26666666666667
high,16,12,Resource-cost k-means,0.38756875159931814,1954.6666666666667,1.0,1.88,65.15555555555555
high,16,12,Multi-feature k-means,0.41423597871121537,1646.6666666666667,1.0,1.8333333333333333,54.888888888888886
high,16,12,Offline teacher,0.4455719858694897,1833.3333333333333,1.0,1.9666666666666666,61.111111111111114
high,16,13,No grouping,0.12311306645419179,550.0,1.0,1.0,18.333333333333332
high,16,13,CQI k-means,0.36453905582513696,3000.0,1.0,2.0,100.0
high,16,13,Resource-cost k-means,0.34323085296940026,2276.0,0.9266666666666666,2.41726618705036,75.86666666666666
high,16,13,Multi-feature k-means,0.3473668232887307,1824.0,1.0,1.74,60.8
high,16,13,Offline teacher,0.4597002596431808,1856.6666666666667,1.0,1.9733333333333334,61.888888888888886
high,16,14,No grouping,0.12377973312085847,550.0,1.0,1.0,18.333333333333332
high,16,14,CQI k-means,0.3612057224918036,3000.0,1.0,2.0,100.0
high,16,14,Resource-cost k-means,0.4231040132432388,2085.3333333333335,1.0,2.02,69.5111111111111
high,16,14,Multi-feature k-means,0.38313266258773276,1818.3333333333333,0.96,2.0972222222222223,60.611111111111114
high,16,14,Offline teacher,0.4753041470878395,1999.0,1.0,2.1066666666666665,66.63333333333334
high,16,15,No grouping,0.13377973312085847,550.0,1.0,1.0,18.333333333333332
high,16,15,CQI k-means,0.3418570631956258,1426.6666666666667,1.0,1.5733333333333333,47.55555555555556
high,16,15,Resource-cost k-means,0.2971554741847413,1110.0,1.0,1.4,37.0
high,16,15,Multi-feature k-means,0.3613292789965175,1861.3333333333333,1.0,1.78,62.044444444444444
high,16,15,Offline teacher,0.4347519077637991,2104.0,1.0,2.04,70.13333333333334
high,16,16,No grouping,0.12844639978752515,550.0,1.0,1.0,18.333333333333332
high,16,16,CQI k-means,0.3437636395144631,2850.6666666666665,1.0,1.8933333333333333,95.02222222222223
high,16,16,Resource-cost k-means,0.3825875237454246,1936.0,1.0,1.86,64.53333333333333
high,16,16,Multi-feature k-means,0.303517000457583,1674.6666666666667,1.0,1.58,55.82222222222222
high,16,16,Offline teacher,0.4241086668436379,1777.3333333333333,1.0,1.86,59.24444444444445
high,16,17,No grouping,0.12577973312085844,550.0,1.0,1.0,18.333333333333332
high,16,17,CQI k-means,0.39331922375561673,1664.0,1.0,1.7466666666666666,55.46666666666667
high,16,17,Resource-cost k-means,0.2706242611283251,1066.6666666666667,1.0,1.3333333333333333,35.55555555555556
high,16,17,Multi-feature k-means,0.3274419118731568,1749.3333333333333,1.0,1.66,58.31111111111111
high,16,17,Offline teacher,0.41026290731729725,1720.0,1.0,1.8066666666666666,57.333333333333336
high,16,18,No grouping,0.1431130664541918,550.0,1.0,1.0,18.333333333333332
high,16,18,CQI k-means,0.3866277194202379,1554.0,1.0,1.6733333333333333,51.8
high,16,18,Resource-cost k-means,0.295370079684225,1084.0,1.0,1.36,36.13333333333333
high,16,18,Multi-feature k-means,0.3314419118731568,1749.3333333333333,1.0,1.66,58.31111111111111
high,16,18,Offline teacher,0.40727764559320156,1618.6666666666667,1.0,1.7466666666666666,53.955555555555556
high,16,19,No grouping,0.13511306645419183,550.0,1.0,1.0,18.333333333333332
high,16,19,CQI k-means,0.2955406210659181,1320.0,1.0,1.4333333333333333,44.0
high,16,19,Resource-cost k-means,0.3008389357398271,1014.3333333333334,1.0,1.3666666666666667,33.81111111111111
high,16,19,Multi-feature k-means,0.3228127894987032,1712.0,1.0,1.62,57.06666666666667
high,16,19,Offline teacher,0.3953567680478299,1626.6666666666667,1.0,1.7066666666666668,54.22222222222222
high,17,0,No grouping,0.12177973312085849,550.0,1.0,1.0,18.333333333333332
high,17,0,CQI k-means,0.31984874394812424,2738.6666666666665,1.0,1.8133333333333332,91.28888888888889
high,17,0,Resource-cost k-means,0.3147673690773706,1079.0,1.0,1.46,35.96666666666667
high,17,0,Multi-feature k-means,0.3286084705288188,1394.6666666666667,1.0,1.58,46.48888888888889
high,17,0,Offline teacher,0.421027512736606,1723.3333333333333,1.0,1.8466666666666667,57.44444444444444
high,17,1,No grouping,0.11244639978752512,550.0,1.0,1.0,18.333333333333332
high,17,1,CQI k-means,0.39839637342705125,1644.6666666666667,1.0,1.7866666666666666,54.82222222222222
high,17,1,Resource-cost k-means,0.3013137779632078,1144.6666666666667,1.0,1.4533333333333334,38.15555555555556
high,17,1,Multi-feature k-means,0.36440626493864475,1572.0,1.0,1.72,52.4
high,17,1,Offline teacher,0.4407585930166015,1842.0,1.0,1.9333333333333333,61.4
high,17,2,No grouping,0.1071130664541918,550.0,1.0,1.0,18.333333333333332
high,17,2,CQI k-means,0.4165566941406187,1720.6666666666667,1.0,1.86,57.355555555555554
high,17,2,Resource-cost k-means,0.33012258714756815,1153.3333333333333,1.0,1.5466666666666666,38.44444444444444
high,17,2,Multi-feature k-means,0.40549366301489187,2029.3333333333333,1.0,1.96,67.64444444444445
high,17,2,Offline teacher,0.45680020061362153,1896.6666666666667,1.0,2.0,63.22222222222222
high,17,3,No grouping,0.12311306645419179,550.0,1.0,1.0,18.333333333333332
high,17,3,CQI k-means,0.36806624323613873,3037.3333333333335,1.0,2.026666666666667,101.24444444444444
high,17,3,Resource-cost k-means,0.3002742020185912,1136.0,1.0,1.44,37.86666666666667
high,17,3,Multi-feature k-means,0.32046068401926336,1730.6666666666667,1.0,1.64,57.68888888888889
high,17,3,Offline teacher,0.4280691056163238,1773.3333333333333,1.0,1.88,59.111111111111114
high,17,4,No grouping,0.1317797331208585,550.0,1.0,1.0,18.333333333333332
high,17,4,CQI k-means,0.35121321726257027,1495.3333333333333,1.0,1.6266666666666667,49.84444444444444
high,17,4,Resource-cost k-means,0.39412721793219435,2179.3333333333335,0.9333333333333333,2.4571428571428573,72.64444444444445
high,17,4,Multi-feature k-means,0.34968138447595737,1842.6666666666667,1.0,1.76,61.422222222222224
high,17,4,Offline teacher,0.4725514608915329,2214.0,0.9666666666666667,2.420689655172414,73.8
high,17,5,No grouping,0.11644639978752513,550.0,1.0,1.0,18.333333333333332
high,17,5,CQI k-means,0.4237109493315805,1668.0,1.0,1.84,55.6
high,17,5,Resource-cost k-means,0.3332833171923475,1126.3333333333333,1.0,1.5266666666666666,37.544444444444444
high,17,5,Multi-feature k-means,0.3950058228615714,1621.0,1.0,1.7933333333333332,54.03333333333333
high,17,5,Offline teacher,0.477368957962251,1902.6666666666667,1.0,2.026666666666667,63.422222222222224
high,17,6,No grouping,0.11377973312085847,550.0,1.0,1.0,18.333333333333332
high,17,6,CQI k-means,0.42141517500776254,1635.3333333333333,1.0,1.8333333333333333,54.51111111111111
high,17,6,Resource-cost k-means,0.3507291594798292,1173.0,1.0,1.58,39.1
high,17,6,Multi-feature k-means,0.3770513469944707,1558.0,1.0,1.7466666666666666,51.93333333333333
high,17,6,Offline teacher,0.47525024484570355,1881.3333333333333,1.0,2.02,62.71111111111111
high,17,7,No grouping,0.13044639978752517,550.0,1.0,1.0,18.333333333333332
high,17,7,CQI k-means,0.336737700914277,1786.6666666666667,1.0,1.7,59.55555555555556
high,17,7,Resource-cost k-means,0.29382214085140795,1110.0,1.0,1.4,37.0
high,17,7,Multi-feature k-means,0.37062506803763773,1898.6666666666667,1.0,1.82,63.28888888888889
high,17,7,Offline teacher,0.42685045152933543,1712.0,1.0,1.8466666666666667,57.06666666666667
high,17,8,No grouping,0.13777973312085848,550.0,1.0,1.0,18.333333333333332
high,17,8,CQI k-means,0.30751700045758296,1674.6666666666667,1.0,1.58,55.82222222222222
high,17,8,Resource-cost k-means,0.13777973312085848,550.0,1.0,1.0,18.333333333333332
high,17,8,Multi-feature k-means,0.3470522621015038,1805.3333333333333,1.0,1.72,60.17777777777778
high,17,8,Offline teacher,0.4018671773057362,1642.6666666666667,1.0,1.74,54.75555555555555
high,17,9,No grouping,0.1317797331208585,550.0,1.0,1.0,18.333333333333332
high,17,9,CQI k-means,0.36133193037911765,1516.6666666666667,1.0,1.6333333333333333,50.55555555555556
high,17,9,Resource-cost k-means,0.1317797331208585,550.0,1.0,1.0,18.333333333333332
high,17,9,Multi-feature k-means,0.3124982283114764,1693.3333333333333,1.0,1.6,56.44444444444444
high,17,9,Offline teacher,0.394162951629554,1675.3333333333333,1.0,1.7466666666666666,55.84444444444444
high,17,10,No grouping,0.11711306645419181,550.0,1.0,1.0,18.333333333333332
high,17,10,CQI k-means,0.38159343064714063,3074.6666666666665,1.0,2.0533333333333332,102.4888888888889
high,17,10,Resource-cost k-means,0.35153507237013465,1170.6666666666667,1.0,1.5733333333333333,39.022222222222226
high,17,10,Multi-feature k-means,0.3197658391303908,1170.6666666666667,1.0,1.4933333333333334,39.022222222222226
high,17,10,Offline teacher,0.44756074272812335,1808.0,1.0,1.9333333333333333,60.266666666666666
high,17,11,No grouping,0.12244639978752517,550.0,1.0,1.0,18.333333333333332
high,17,11,CQI k-means,0.3674922510926851,1592.6666666666667,1.0,1.7066666666666668,53.08888888888889
high,17,11,Resource-cost k-means,0.3663600428152677,1205.3333333333333,1.0,1.6266666666666667,40.17777777777778
high,17,11,Multi-feature k-means,0.40875541931355713,1674.6666666666667,1.0,1.8466666666666667,55.82222222222222
high,17,11,Offline teacher,0.4685266420105205,2325.3333333333335,0.9866666666666667,2.310810810810811,77.5111111111111
high,17,12,No grouping,0.11977973312085846,550.0,1.0,1.0,18.333333333333332
high,17,12,CQI k-means,0.42216903186946203,1808.6666666666667,1.0,1.8733333333333333,60.28888888888889
high,17,12,Resource-cost k-means,0.377920857078758,1936.0,1.0,1.86,64.53333333333333
high,17,12,Multi-feature k-means,0.38674891502513487,1639.6666666666667,1.0,1.78,54.65555555555556
high,17,12,Offline teacher,0.431700230208576,1847.3333333333333,1.0,1.9066666666666667,61.577777777777776
high,17,13,No grouping,0.12644639978752512,550.0,1.0,1.0,18.333333333333332
high,17,13,CQI k-means,0.3450522621015038,1805.3333333333333,1.0,1.72,60.17777777777778
high,17,13,Resource-cost k-means,0.3357468506875816,1107.3333333333333,1.0,1.5066666666666666,36.91111111111111
high,17,13,Multi-feature k-means,0.39588331278654487,1973.3333333333333,1.0,1.9,65.77777777777777
high,17,13,Offline teacher,0.4440878924797326,1759.3333333333333,1.0,1.8933333333333333,58.644444444444446
high,17,14,No grouping,0.11444639978752515,550.0,1.0,1.0,18.333333333333332
high,17,14,CQI k-means,0.4010046920029948,1654.6666666666667,1.0,1.7933333333333332,55.15555555555556
high,17,14,Resource-cost k-means,0.3098222099634264,1083.6666666666667,1.0,1.4733333333333334,36.12222222222222
high,17,14,Multi-feature k-means,0.3682013855235298,1562.6666666666667,1.0,1.7266666666666666,52.08888888888889
high,17,14,Offline teacher,0.43189406134415426,1803.3333333333333,1.0,1.9,60.111111111111114
high,17,15,No grouping,0.13111306645419182,550.0,1.0,1.0,18.333333333333332
high,17,15,CQI k-means,0.4260462848827125,1704.6666666666667,1.0,1.8266666666666667,56.82222222222222
high,17,15,Resource-cost k-means,0.3173137779632077,1144.6666666666667,1.0,1.4533333333333334,38.15555555555556
high,17,15,Multi-feature k-means,0.2785733168959026,1618.6666666666667,1.0,1.52,53.955555555555556
high,17,15,Offline teacher,0.4375191351311033,1753.3333333333333,1.0,1.8666666666666667,58.44444444444444
high,17,16,No grouping,0.13244639978752515,550.0,1.0,1.0,18.333333333333332
high,17,16,CQI k-means,0.3786880844460621,1585.3333333333333,1.0,1.6866666666666668,52.84444444444444
high,17,16,Resource-cost k-means,0.2796638370729417,1075.3333333333333,1.0,1.3466666666666667,35.84444444444444
high,17,16,Multi-feature k-means,0.262567226687879,903.0,1.0,1.3,30.1
high,17,16,Offline teacher,0.38821928278517603,1624.0,1.0,1.72,54.13333333333333
high,17,17,No grouping,0.13111306645419182,550.0,1.0,1.0,18.333333333333332
high,17,17,CQI k-means,0.3517256140209728,1543.3333333333333,1.0,1.6133333333333333,51.44444444444444
high,17,17,Resource-cost k-means,0.2507597147385755,1023.3333333333334,1.0,1.2666666666666666,34.111111111111114
high,17,17,Multi-feature k-means,0.27229630000088895,1562.6666666666667,1.0,1.46,52.08888888888889
high,17,17,Offline teacher,0.39451594671075657,1581.3333333333333,1.0,1.7466666666666666,52.71111111111111
high,17,18,No grouping,0.12044639978752514,550.0,1.0,1.0,18.333333333333332
high,17,18,CQI k-means,0.34174440088438174,1529.3333333333333,1.0,1.6266666666666667,50.977777777777774
high,17,18,Resource-cost k-means,0.339532245188098,1133.3333333333333,1.0,1.5466666666666666,37.77777777777778
high,17,18,Multi-feature k-means,0.3630968711273699,1495.0,1.0,1.7,49.833333333333336
high,17,18,Offline teacher,0.4517565907988027,1805.3333333333333,1.0,1.9466666666666668,60.17777777777778
high,17,19,No grouping,0.11044639978752514,550.0,1.0,1.0,18.333333333333332
high,17,19,CQI k-means,0.40289608480357997,2350.6666666666665,1.0,1.8933333333333333,78.35555555555555
high,17,19,Resource-cost k-means,0.38953120730710494,1992.0,1.0,1.92,66.4
high,17,19,Multi-feature k-means,0.3855908966553895,1660.6666666666667,1.0,1.8066666666666666,55.355555555555554
high,17,19,Offline teacher,0.43226898755720544,1853.3333333333333,1.0,1.9333333333333333,61.77777777777778
high,18,0,No grouping,0.12911306645419182,550.0,1.0,1.0,18.333333333333332
high,18,0,CQI k-means,0.3237027932873616,1474.6666666666667,1.0,1.56,49.15555555555556
high,18,0,Resource-cost k-means,0.37956875159931813,1954.6666666666667,1.0,1.88,65.15555555555555
high,18,0,Multi-feature k-means,0.31308594018215624,1631.3333333333333,0.9466666666666667,1.9577464788732395,54.37777777777778
high,18,0,Offline teacher,0.43875455914639927,1759.3333333333333,1.0,1.8933333333333333,58.644444444444446
high,18,1,No grouping,0.12044639978752514,550.0,1.0,1.0,18.333333333333332
high,18,1,CQI k-means,0.44354195586471434,1822.0,1.0,1.92,60.733333333333334
high,18,1,Resource-cost k-means,0.3382923632540855,1143.0,1.0,1.54,38.1
high,18,1,Multi-feature k-means,0.39984576849433184,2010.6666666666667,1.0,1.94,67.02222222222223
high,18,1,Offline teacher,0.45677939681511165,1869.3333333333333,1.0,1.9666666666666666,62.31111111111111
high,18,2,No grouping,0.13777973312085848,550.0,1.0,1.0,18.333333333333332
high,18,2,CQI k-means,0.36352576151469596,1472.6666666666667,1.0,1.6266666666666667,49.08888888888889
high,18,2,Resource-cost k-means,0.3203315382829785,1052.6666666666667,1.0,1.4533333333333334,35.08888888888889
high,18,2,Multi-feature k-means,0.24170472191864842,1488.0,1.0,1.38,49.6
high,18,2,Offline teacher,0.3905318270373016,1601.3333333333333,1.0,1.72,53.37777777777778
high,18,3,No grouping,0.11377973312085847,550.0,1.0,1.0,18.333333333333332
high,18,3,CQI k-means,0.4083688469578146,3224.0,1.0,2.16,107.46666666666667
high,18,3,Resource-cost k-means,0.4154561187226788,2066.6666666666665,1.0,2.0,68.88888888888889
high,18,3,Multi-feature k-means,0.44388654705671654,1852.0,1.0,1.9866666666666666,61.733333333333334
high,18,3,Offline teacher,0.4594809376036913,1959.3333333333333,1.0,2.06,65.31111111111112
high,18,4,No grouping,0.12377973312085847,550.0,1.0,1.0,18.333333333333332
high,18,4,CQI k-means,0.363096521081124,1515.3333333333333,1.0,1.64,50.51111111111111
high,18,4,Resource-cost k-means,0.2776638370729418,1075.3333333333333,1.0,1.3466666666666667,35.84444444444444
high,18,4,Multi-feature k-means,0.4025499794532116,1973.3333333333333,1.0,1.9,65.77777777777777
high,18,4,Offline teacher,0.42323496071246824,1831.0,1.0,1.8933333333333333,61.03333333333333
high,18,5,No grouping,0.11177973312085847,550.0,1.0,1.0,18.333333333333332
high,18,5,CQI k-means,0.39648683018429765,2156.0,1.0,1.84,71.86666666666666
high,18,5,Resource-cost k-means,0.42843734657657223,2085.3333333333335,1.0,2.02,69.5111111111111
high,18,5,Multi-feature k-means,0.3832541904120913,1936.0,1.0,1.86,64.53333333333333
high,18,5,Offline teacher,0.49056418630273363,2290.6666666666665,1.0,2.24,76.35555555555555
high,18,6,No grouping,0.1477797331208585,550.0,1.0,1.0,18.333333333333332
high,18,6,CQI k-means,0.39398185655208123,1581.3333333333333,1.0,1.7066666666666668,52.71111111111111
high,18,6,Resource-cost k-means,0.30078256490679145,1101.3333333333333,1.0,1.3866666666666667,36.71111111111111
high,18,6,Multi-feature k-means,0.35368138447595737,1842.6666666666667,1.0,1.76,61.422222222222224
high,18,6,Offline teacher,0.40351305489119516,1620.0,1.0,1.74,54.0
high,18,7,No grouping,0.1331130664541918,550.0,1.0,1.0,18.333333333333332
high,18,7,CQI k-means,0.3717048396570676,1525.3333333333333,1.0,1.6466666666666667,50.84444444444444
high,18,7,Resource-cost k-means,0.1331130664541918,550.0,1.0,1.0,18.333333333333332
high,18,7,Multi-feature k-means,0.33622029630942957,1390.0,1.0,1.5666666666666667,46.333333333333336
high,18,7,Offline teacher,0.3985338439724028,1642.6666666666667,1.0,1.74,54.75555555555555
high,18,8,No grouping,0.12644639978752512,550.0,1.0,1.0,18.333333333333332
high,18,8,CQI k-means,0.33389864135804115,1472.0,1.0,1.5733333333333333,49.06666666666667
high,18,8,Resource-cost k-means,0.3921978739737717,1992.0,1.0,1.92,66.4
high,18,8,Multi-feature k-means,0.39219787397377176,1992.0,1.0,1.92,66.4
high,18,8,Offline teacher,0.43959627008523533,1729.3333333333333,1.0,1.8733333333333333,57.644444444444446
high,18,9,No grouping,0.11711306645419181,550.0,1.0,1.0,18.333333333333332
high,18,9,CQI k-means,0.37187238915847026,3000.0,1.0,2.0,100.0
high,18,9,Resource-cost k-means,0.33632289313696406,1135.0,1.0,1.54,37.833333333333336
high,18,9,Multi-feature k-means,0.413141557535452,2048.0,1.0,1.98,68.26666666666667
high,18,9,Offline teacher,0.4445292742013248,1929.0,1.0,2.006666666666667,64.3
high,18,10,No grouping,0.1257797331208585,550.0,1.0,1.0,18.333333333333332
high,18,10,CQI k-means,0.43563784824765056,1774.6666666666667,1.0,1.8733333333333333,59.15555555555556
high,18,10,Resource-cost k-means,0.17704287074270697,1214.0,0.9133333333333333,1.7372262773722629,40.46666666666667
high,18,10,Multi-feature k-means,0.4138082242021187,2048.0,1.0,1.98,68.26666666666667
high,18,10,Offline teacher,0.4561107132133438,1828.0,1.0,1.9466666666666668,60.93333333333333
high,18,11,No grouping,0.11444639978752515,550.0,1.0,1.0,18.333333333333332
high,18,11,CQI k-means,0.40647552531628456,1662.0,1.0,1.8133333333333332,55.4
high,18,11,Resource-cost k-means,0.30435335390782436,1153.3333333333333,1.0,1.4666666666666666,38.44444444444444
high,18,11,Multi-feature k-means,0.4058457684943318,2010.6666666666667,1.0,1.94,67.02222222222223
high,18,11,Offline teacher,0.4642868504939966,1957.0,1.0,2.0533333333333332,65.23333333333333
high,18,12,No grouping,0.1391130664541918,550.0,1.0,1.0,18.333333333333332
high,18,12,CQI k-means,0.3523298987267142,1470.6666666666667,1.0,1.58,49.022222222222226
high,18,12,Resource-cost k-means,0.33456706308797457,1097.3333333333333,1.0,1.4666666666666666,36.577777777777776
high,18,12,Multi-feature k-means,0.3892541904120913,1936.0,1.0,1.86,64.53333333333333
high,18,12,Offline teacher,0.4061978739737717,1992.0,1.0,1.92,66.4
high,18,13,No grouping,0.12111306645419181,550.0,1.0,1.0,18.333333333333332
high,18,13,CQI k-means,0.3833923248395467,1557.3333333333333,1.0,1.7133333333333334,51.91111111111111
high,18,13,Resource-cost k-means,0.29486171679602463,1118.6666666666667,1.0,1.4133333333333333,37.28888888888889
high,18,13,Multi-feature k-means,0.3453668232887306,1824.0,1.0,1.74,60.8
high,18,13,Offline teacher,0.4123400422714293,1696.0,1.0,1.8133333333333332,56.53333333333333
high,18,14,No grouping,0.13044639978752515,550.0,1.0,1.0,18.333333333333332
high,18,14,CQI k-means,0.35215485445454475,1500.6666666666667,1.0,1.6,50.022222222222226
high,18,14,Resource-cost k-means,0.2527597147385756,1023.3333333333334,1.0,1.2666666666666666,34.111111111111114
high,18,14,Multi-feature k-means,0.34740436758094373,1786.6666666666667,1.0,1.7,59.55555555555556
high,18,14,Offline teacher,0.40718676275462795,1707.3333333333333,1.0,1.8066666666666666,56.91111111111111
high,18,15,No grouping,0.12911306645419182,550.0,1.0,1.0,18.333333333333332
high,18,15,CQI k-means,0.393079780587421,1580.0,1.0,1.7133333333333334,52.666666666666664
high,18,15,Resource-cost k-means,0.301822140851408,1110.0,1.0,1.4,37.0
high,18,15,Multi-feature k-means,0.40121664611987823,1973.3333333333333,1.0,1.9,65.77777777777777
high,18,15,Offline teacher,0.4403140600343059,2036.3333333333333,1.0,2.013333333333333,67.87777777777778
high,18,16,No grouping,0.13177973312085847,550.0,1.0,1.0,18.333333333333332
high,18,16,CQI k-means,0.4296941794032726,1723.3333333333333,1.0,1.8466666666666667,57.44444444444444
high,18,16,Resource-cost k-means,0.319020020574491,1153.3333333333333,1.0,1.4666666666666666,38.44444444444444
high,18,16,Multi-feature k-means,0.26917379902014016,922.6666666666666,1.0,1.3333333333333333,30.755555555555556
high,18,16,Offline teacher,0.439048316535116,1750.6666666666667,1.0,1.88,58.355555555555554
high,18,17,No grouping,0.11111306645419182,550.0,1.0,1.0,18.333333333333332
high,18,17,CQI k-means,0.3636785350808018,2962.6666666666665,1.0,1.9733333333333334,98.75555555555556
high,18,17,Resource-cost k-means,0.40682699634822517,2029.3333333333333,1.0,1.96,67.64444444444445
high,18,17,Multi-feature k-means,0.3765815799022329,1593.0,1.0,1.7466666666666666,53.1
high,18,17,Offline teacher,0.44785651705194124,1840.6666666666667,1.0,1.94,61.355555555555554
high,18,18,No grouping,0.11777973312085849,550.0,1.0,1.0,18.333333333333332
high,18,18,CQI k-means,0.3996130105789384,1664.6666666666667,1.0,1.8,55.48888888888889
high,18,18,Resource-cost k-means,0.3391926929750634,1154.0,1.0,1.56,38.46666666666667
high,18,18,Multi-feature k-means,0.32210857853982344,1749.3333333333333,1.0,1.66,58.31111111111111
high,18,18,Offline teacher,0.4420834466311454,1887.0,1.0,1.9866666666666666,62.9
high,18,19,No grouping,0.10511306645419181,550.0,1.0,1.0,18.333333333333332
high,18,19,CQI k-means,0.4165627010354831,3261.3333333333335,1.0,2.1866666666666665,108.71111111111111
high,18,19,Resource-cost k-means,0.4064748908687853,2048.0,1.0,1.98,68.26666666666667
high,18,19,Multi-feature k-means,0.4068571212449828,1709.6666666666667,1.0,1.88,56.98888888888889
high,18,19,Offline teacher,0.466695133771963,2036.3333333333333,1.0,2.1133333333333333,67.87777777777778
high,19,0,No grouping,0.12244639978752514,550.0,1.0,1.0,18.333333333333332
high,19,0,CQI k-means,0.40159220678042834,1637.3333333333333,1.0,1.7666666666666666,54.577777777777776
high,19,0,Resource-cost k-means,0.3025679594073079,1127.3333333333333,1.0,1.4266666666666667,37.577777777777776
high,19,0,Multi-feature k-means,0.3825975395836052,1541.6666666666667,1.0,1.7333333333333334,51.388888888888886
high,19,0,Offline teacher,0.43795240943487745,1793.3333333333333,1.0,1.8933333333333333,59.77777777777778
high,19,1,No grouping,0.12111306645419181,550.0,1.0,1.0,18.333333333333332
high,19,1,CQI k-means,0.3482360232788791,1559.3333333333333,1.0,1.6466666666666667,51.977777777777774
high,19,1,Resource-cost k-means,0.3026392748871597,2200.0,0.92,2.347826086956522,73.33333333333333
high,19,1,Multi-feature k-means,0.39806864358831345,1600.0,1.0,1.8,53.333333333333336
high,19,1,Offline teacher,0.43415291028610303,1747.0,1.0,1.92,58.233333333333334
high,19,2,No grouping,0.11844639978752515,550.0,1.0,1.0,18.333333333333332
high,19,2,CQI k-means,0.4083568121997371,1640.6666666666667,1.0,1.8066666666666666,54.68888888888889
high,19,2,Resource-cost k-means,0.41777067990990574,2085.3333333333335,1.0,2.02,69.5111111111111
high,19,2,Multi-feature k-means,0.40082699634822533,2029.3333333333333,1.0,1.96,67.64444444444445
high,19,2,Offline teacher,0.4392461815408966,1789.3333333333333,1.0,1.9133333333333333,59.644444444444446
high,19,3,No grouping,0.12377973312085847,550.0,1.0,1.0,18.333333333333332
high,19,3,CQI k-means,0.40482763079572426,1643.3333333333333,1.0,1.7933333333333332,54.77777777777778
high,19,3,Resource-cost k-means,0.30968668724115767,1153.3333333333333,1.0,1.4666666666666666,38.44444444444444
high,19,3,Multi-feature k-means,0.3955332433045993,1623.3333333333333,1.0,1.8,54.111111111111114
high,19,3,Offline teacher,0.43942324274816713,1800.6666666666667,1.0,1.9133333333333333,60.022222222222226
high,19,4,No grouping,0.1371130664541918,550.0,1.0,1.0,18.333333333333332
high,19,4,CQI k-means,0.40547147672877987,1574.6666666666667,1.0,1.74,52.48888888888889
high,19,4,Resource-cost k-means,0.3424287822956876,1103.3333333333333,1.0,1.5066666666666666,36.77777777777778
high,19,4,Multi-feature k-means,0.2593150721469954,1544.0,1.0,1.44,51.46666666666667
high,19,4,Offline teacher,0.41306102315861687,1603.3333333333333,1.0,1.7666666666666666,53.44444444444444
high,19,5,No grouping,0.12644639978752512,550.0,1.0,1.0,18.333333333333332
high,19,5,CQI k-means,0.3116548898704557,2701.3333333333335,1.0,1.7866666666666666,90.04444444444445
high,19,5,Resource-cost k-means,0.2924888075180747,1110.0,1.0,1.4,37.0
high,19,5,Multi-feature k-means,0.3356553315741885,1425.0,1.0,1.6,47.5
high,19,5,Offline teacher,0.41057545156942293,1697.3333333333333,1.0,1.8066666666666666,56.577777777777776
high,19,6,No grouping,0.12177973312085849,550.0,1.0,1.0,18.333333333333332
high,19,6,CQI k-means,0.3472908269254648,2888.0,1.0,1.92,96.26666666666667
high,19,6,Resource-cost k-means,0.3343839529027214,1119.0,1.0,1.54,37.3
high,19,6,Multi-feature k-means,0.3380497328024136,1762.0,0.9466666666666667,2.0704225352112675,58.733333333333334
high,19,6,Offline teacher,0.43820862253138104,1822.0,1.0,1.92,60.733333333333334
high,19,7,No grouping,0.11577973312085846,550.0,1.0,1.0,18.333333333333332
high,19,7,CQI k-means,0.41789603436881634,3261.3333333333335,1.0,2.1866666666666665,108.71111111111111
high,19,7,Resource-cost k-means,0.4031791018276651,2010.6666666666667,1.0,1.94,67.02222222222223
high,19,7,Multi-feature k-means,0.3692917347043045,1898.6666666666667,1.0,1.82,63.28888888888889
high,19,7,Offline teacher,0.46430281017536895,1905.6666666666667,1.0,2.04,63.522222222222226
high,19,8,No grouping,0.13111306645419182,550.0,1.0,1.0,18.333333333333332
high,19,8,CQI k-means,0.4166921477508691,1677.3333333333333,1.0,1.7933333333333332,55.91111111111111
high,19,8,Resource-cost k-means,0.35038581465340624,1152.6666666666667,1.0,1.5333333333333334,38.422222222222224
high,19,8,Multi-feature k-means,0.4148269963482253,2029.3333333333333,1.0,1.96,67.64444444444445
high,19,8,Offline teacher,0.44475455914639944,1759.3333333333333,1.0,1.8933333333333333,58.644444444444446
high,19,9,No grouping,0.13244639978752515,550.0,1.0,1.0,18.333333333333332
high,19,9,CQI k-means,0.3136075353519245,1136.0,1.0,1.44,37.86666666666667
high,19,9,Resource-cost k-means,0.3340406080762983,1098.6666666666667,1.0,1.4933333333333334,36.62222222222222
high,19,9,Multi-feature k-means,0.31183156164480974,1693.3333333333333,1.0,1.6,56.44444444444444
high,19,9,Offline teacher,0.4270087258731971,1737.3333333333333,1.0,1.8333333333333333,57.91111111111111
high,19,10,No grouping,0.11777973312085849,550.0,1.0,1.0,18.333333333333332
high,19,10,CQI k-means,0.361011868414135,2962.6666666666665,1.0,1.9733333333333334,98.75555555555556
high,19,10,Resource-cost k-means,0.3281044950240922,1120.0,1.0,1.52,37.333333333333336
high,19,10,Multi-feature k-means,0.40064573754144545,1665.3333333333333,1.0,1.82,55.51111111111111
high,19,10,Offline teacher,0.4537586077339038,1846.6666666666667,1.0,1.9666666666666666,61.55555555555556
high,19,11,No grouping,0.13244639978752512,550.0,1.0,1.0,18.333333333333332
high,19,11,CQI k-means,0.32251948669496877,1834.0,1.0,1.56,61.13333333333333
high,19,11,Resource-cost k-means,0.16563038552014045,1196.6666666666667,0.9133333333333333,1.7080291970802919,39.888888888888886
high,19,11,Multi-feature k-means,0.3048503337909163,1674.6666666666667,1.0,1.58,55.82222222222222
high,19,11,Offline teacher,0.40357543685212055,1692.6666666666667,1.0,1.7733333333333334,56.422222222222224
high,19,12,No grouping,0.11444639978752515,550.0,1.0,1.0,18.333333333333332
high,19,12,CQI k-means,0.34776520468289185,1556.6666666666667,1.0,1.66,51.888888888888886
high,19,12,Resource-cost k-means,0.341068711692864,1152.3333333333333,1.0,1.5666666666666667,38.41111111111111
high,19,12,Multi-feature k-means,0.34238559543483715,1805.3333333333333,1.0,1.72,60.17777777777778
high,19,12,Offline teacher,0.44869245994702195,1849.6666666666667,1.0,1.98,61.65555555555556
high,19,13,No grouping,0.11977973312085846,550.0,1.0,1.0,18.333333333333332
high,19,13,CQI k-means,0.3908048100621132,1574.6666666666667,1.0,1.74,52.48888888888889
high,19,13,Resource-cost k-means,0.327716320804703,1115.3333333333333,1.0,1.5066666666666666,37.17777777777778
high,19,13,Multi-feature k-means,0.3932166461198783,1973.3333333333333,1.0,1.9,65.77777777777777
high,19,13,Offline teacher,0.4310483165351161,1750.6666666666667,1.0,1.88,58.355555555555554
high,19,14,No grouping,0.1331130664541918,550.0,1.0,1.0,18.333333333333332
high,19,14,CQI k-means,0.42586720674034095,1652.0,1.0,1.8066666666666666,55.06666666666667
high,19,14,Resource-cost k-means,0.3307262631857743,1162.0,1.0,1.48,38.733333333333334
high,19,14,Multi-feature k-means,0.337151850653219,1345.6666666666667,1.0,1.5733333333333333,44.855555555555554
high,19,14,Offline teacher,0.44845878482258145,1726.6666666666667,1.0,1.8866666666666667,57.55555555555556
high,19,15,No grouping,0.1071130664541918,550.0,1.0,1.0,18.333333333333332
high,19,15,CQI k-means,0.40922936770214974,3261.3333333333335,1.0,2.1866666666666665,108.71111111111111
high,19,15,Resource-cost k-means,0.4014703255722009,2373.3333333333335,0.9466666666666667,2.471830985915493,79.11111111111111
high,19,15,Multi-feature k-means,0.3606250680376378,1898.6666666666667,1.0,1.82,63.28888888888889
high,19,15,Offline teacher,0.4825343029374834,2024.6666666666667,1.0,2.1466666666666665,67.4888888888889
high,19,16,No grouping,0.1157797331208585,550.0,1.0,1.0,18.333333333333332
high,19,16,CQI k-means,0.3681609346944528,1634.0,1.0,1.7266666666666666,54.46666666666667
high,19,16,Resource-cost k-means,0.42773313561769244,2122.6666666666665,1.0,2.06,70.75555555555556
high,19,16,Multi-feature k-means,0.400902645377882,1646.6666666666667,1.0,1.8333333333333333,54.888888888888886
high,19,16,Offline teacher,0.4546251775830792,2437.3333333333335,1.0,2.026666666666667,81.24444444444444
high,19,17,No grouping,0.12111306645419184,550.0,1.0,1.0,18.333333333333332
high,19,17,CQI k-means,0.40202346414910134,1636.0,1.0,1.7733333333333334,54.53333333333333
high,19,17,Resource-cost k-means,0.32787083196978095,1109.0,1.0,1.5,36.96666666666667
high,19,17,Multi-feature k-means,0.32810857853982345,1749.3333333333333,1.0,1.66,58.31111111111111
high,19,17,Offline teacher,0.4383836668035505,1792.0,1.0,1.9,59.733333333333334
high,19,18,No grouping,0.13777973312085848,550.0,1.0,1.0,18.333333333333332
high,19,18,CQI k-means,0.33140701896354385,1442.0,1.0,1.5533333333333332,48.06666666666667
high,19,18,Resource-cost k-means,0.2870763222955083,1092.6666666666667,1.0,1.3733333333333333,36.422222222222224
high,19,18,Multi-feature k-means,0.3344231397270503,1768.0,1.0,1.68,58.93333333333333
high,19,18,Offline teacher,0.4134936630148919,2029.3333333333333,1.0,1.96,67.64444444444445
high,19,19,No grouping,0.1257797331208585,550.0,1.0,1.0,18.333333333333332
high,19,19,CQI k-means,0.4288504515293353,1712.0,1.0,1.8466666666666667,57.06666666666667
high,19,19,Resource-cost k-means,0.4065124351609984,2010.6666666666667,1.0,1.94,67.02222222222223
high,19,19,Multi-feature k-means,0.3500334899553973,1824.0,1.0,1.74,60.8
high,19,19,Offline teacher,0.44226495368700314,1770.6666666666667,1.0,1.8933333333333333,59.022222222222226
high,20,0,No grouping,0.13044639978752515,550.0,1.0,1.0,18.333333333333332
high,20,0,CQI k-means,0.28773999430411684,2589.3333333333335,1.0,1.7066666666666668,86.31111111111112
high,20,0,Resource-cost k-means,0.3242561790071336,1076.3333333333333,1.0,1.4866666666666666,35.87777777777778
high,20,0,Multi-feature k-means,0.26145229146741766,918.0,1.0,1.32,30.6
high,20,0,Offline teacher,0.4243004810441151,1692.0,1.0,1.8333333333333333,56.4
high,20,1,No grouping,0.12577973312085844,550.0,1.0,1.0,18.333333333333332
high,20,1,CQI k-means,0.35484434185482255,1569.3333333333333,1.0,1.6533333333333333,52.31111111111111
high,20,1,Resource-cost k-means,0.4081603296815586,2029.3333333333333,1.0,1.96,67.64444444444445
high,20,1,Multi-feature k-means,0.4025124351609985,2010.6666666666667,1.0,1.94,67.02222222222223
high,20,1,Offline teacher,0.4520299426575601,1975.6666666666667,1.0,2.04,65.85555555555555
high,20,2,No grouping,0.12511306645419182,550.0,1.0,1.0,18.333333333333332
high,20,2,CQI k-means,0.38082558442601844,1592.6666666666667,1.0,1.7066666666666668,53.08888888888889
high,20,2,Resource-cost k-means,0.283742988962175,1092.6666666666667,1.0,1.3733333333333333,36.422222222222224
high,20,2,Multi-feature k-means,0.30151700045758295,1674.6666666666667,1.0,1.58,55.82222222222222
high,20,2,Offline teacher,0.4155982575857316,1761.3333333333333,1.0,1.8266666666666667,58.71111111111111
high,20,3,No grouping,0.1071130664541918,550.0,1.0,1.0,18.333333333333332
high,20,3,CQI k-means,0.4468653047571588,3448.0,1.0,2.32,114.93333333333334
high,20,3,Resource-cost k-means,0.34483884125194103,1182.3333333333333,1.0,1.6066666666666667,39.41111111111111
high,20,3,Multi-feature k-means,0.3672917347043045,1898.6666666666667,1.0,1.82,63.28888888888889
high,20,3,Offline teacher,0.4691933086771872,2325.3333333333335,0.9866666666666667,2.310810810810811,77.5111111111111
high,20,4,No grouping,0.12644639978752512,550.0,1.0,1.0,18.333333333333332
high,20,4,CQI k-means,0.3861193565320376,1588.6666666666667,1.0,1.7266666666666666,52.955555555555556
high,20,4,Resource-cost k-means,0.2948617167960245,1118.6666666666667,1.0,1.4133333333333333,37.28888888888889
high,20,4,Multi-feature k-means,0.30316489497814314,1693.3333333333333,1.0,1.6,56.44444444444444
high,20,4,Offline teacher,0.4226566203937571,1756.0,1.0,1.8533333333333333,58.53333333333333
high,20,5,No grouping,0.12577973312085847,550.0,1.0,1.0,18.333333333333332
high,20,5,CQI k-means,0.3992816794634037,1701.3333333333333,1.0,1.7866666666666666,56.71111111111111
high,20,5,Resource-cost k-means,0.3057430580741933,1066.3333333333333,1.0,1.4466666666666668,35.544444444444444
high,20,5,Multi-feature k-means,0.31254108450549223,1738.3333333333333,0.9333333333333333,2.0714285714285716,57.94444444444444
high,20,5,Offline teacher,0.4127891331422889,1789.0,1.0,1.8733333333333333,59.63333333333333
high,20,6,No grouping,0.10111306645419181,550.0,1.0,1.0,18.333333333333332
high,20,6,CQI k-means,0.4426714506794903,3410.6666666666665,1.0,2.2933333333333334,113.68888888888888
high,20,6,Resource-cost k-means,0.3503600428152676,1205.3333333333333,1.0,1.6266666666666667,40.17777777777778
high,20,6,Multi-feature k-means,0.44294936778345856,1831.0,1.0,1.9933333333333334,61.03333333333333
high,20,6,Offline teacher,0.4810980213071453,1980.0,1.0,2.0933333333333333,66.0
high,20,7,No grouping,0.11977973312085846,550.0,1.0,1.0,18.333333333333332
high,20,7,CQI k-means,0.36481801433646655,2925.3333333333335,1.0,1.9466666666666668,97.5111111111111
high,20,7,Resource-cost k-means,0.2542513518503752,1058.0,1.0,1.32,35.266666666666666
high,20,7,Multi-feature k-means,0.3101461228320366,1712.0,1.0,1.62,57.06666666666667
high,20,7,Offline teacher,0.4250661500373026,1845.0,1.0,1.9333333333333333,61.5
high,20,8,No grouping,0.12511306645419176,550.0,1.0,1.0,18.333333333333332
high,20,8,CQI k-means,0.34529082692546476,2888.0,1.0,1.92,96.26666666666667
high,20,8,Resource-cost k-means,0.3706250680376378,1898.6666666666667,1.0,1.82,63.28888888888889
high,20,8,Multi-feature k-means,0.34238559543483715,1805.3333333333333,1.0,1.72,60.17777777777778
high,20,8,Offline teacher,0.43249703592485683,1754.0,1.0,1.9066666666666667,58.46666666666667
high,20,9,No grouping,0.1151130664541918,550.0,1.0,1.0,18.333333333333332
high,20,9,CQI k-means,0.4414232427481669,1800.6666666666667,1.0,1.9133333333333333,60.022222222222226
high,20,9,Resource-cost k-means,0.3413366281314237,1222.6666666666667,1.0,1.5733333333333333,40.75555555555555
high,20,9,Multi-feature k-means,0.434751907763799,2104.0,1.0,2.04,70.13333333333334
high,20,9,Offline teacher,0.46030857821912435,1866.6666666666667,1.0,1.98,62.22222222222222
high,20,10,No grouping,0.11511306645419178,550.0,1.0,1.0,18.333333333333332
high,20,10,CQI k-means,0.45418986510257686,1845.3333333333333,1.0,1.9733333333333334,61.51111111111111
high,20,10,Resource-cost k-means,0.32992414290885713,1205.3333333333333,1.0,1.5466666666666666,40.17777777777778
high,20,10,Multi-feature k-means,0.3779589618162017,1590.6666666666667,1.0,1.7733333333333334,53.022222222222226
high,20,10,Offline teacher,0.46760436726024457,1904.0,1.0,2.02,63.46666666666667
high,20,11,No grouping,0.11911306645419181,550.0,1.0,1.0,18.333333333333332
high,20,11,CQI k-means,0.36221726585007485,1582.6666666666667,1.0,1.7,52.75555555555555
high,20,11,Resource-cost k-means,0.3857124337034286,1242.3333333333333,1.0,1.6866666666666668,41.41111111111111
high,20,11,Multi-feature k-means,0.45103096065630716,1791.3333333333333,1.0,1.98,59.71111111111111
high,20,11,Offline teacher,0.4668625825745468,1969.3333333333333,1.0,2.033333333333333,65.64444444444445
high,20,12,No grouping,0.13644639978752512,550.0,1.0,1.0,18.333333333333332
high,20,12,CQI k-means,0.30754247257379425,1398.6666666666667,1.0,1.4866666666666666,46.62222222222222
high,20,12,Resource-cost k-means,0.3340558730177377,1094.6666666666667,1.0,1.4933333333333334,36.48888888888889
high,20,12,Multi-feature k-means,0.31299489191635776,1754.6666666666667,0.9333333333333333,2.085714285714286,58.48888888888889
high,20,12,Offline teacher,0.4177317236954858,1686.0,1.0,1.8066666666666666,56.2
high,20,13,No grouping,0.11377973312085847,550.0,1.0,1.0,18.333333333333332
high,20,13,CQI k-means,0.44173780393539386,1819.3333333333333,1.0,1.9333333333333333,60.644444444444446
high,20,13,Resource-cost k-means,0.3303534230198426,1127.0,1.0,1.54,37.56666666666667
high,20,13,Multi-feature k-means,0.2944982283114765,1693.3333333333333,1.0,1.6,56.44444444444444
high,20,13,Offline teacher,0.45515230609306145,1878.0,1.0,1.98,62.6
high,20,14,No grouping,0.12977973312085847,550.0,1.0,1.0,18.333333333333332
high,20,14,CQI k-means,0.4187712996401023,1694.6666666666667,1.0,1.82,56.48888888888889
high,20,14,Resource-cost k-means,0.3119804446298745,1144.6666666666667,1.0,1.4533333333333334,38.15555555555556
high,20,14,Multi-feature k-means,0.34438559543483716,1805.3333333333333,1.0,1.72,60.17777777777778
high,20,14,Offline teacher,0.4337733312925058,1740.6666666666667,1.0,1.8733333333333333,58.022222222222226
high,20,15,No grouping,0.11644639978752515,550.0,1.0,1.0,18.333333333333332
high,20,15,CQI k-means,0.3773995765694721,3037.3333333333335,1.0,2.026666666666667,101.24444444444444
high,20,15,Resource-cost k-means,0.4068269963482252,2029.3333333333333,1.0,1.96,67.64444444444445
high,20,15,Multi-feature k-means,0.37293962922486457,1917.3333333333333,1.0,1.84,63.91111111111111
high,20,15,Offline teacher,0.4464064875371616,1860.6666666666667,1.0,1.9533333333333334,62.022222222222226
high,20,16,No grouping,0.11311306645419182,550.0,1.0,1.0,18.333333333333332
high,20,16,CQI k-means,0.4082434219721701,2233.3333333333335,1.0,1.8666666666666667,74.44444444444444
high,20,16,Resource-cost k-means,0.2956075353519245,1136.0,1.0,1.44,37.86666666666667
high,20,16,Multi-feature k-means,0.3945499794532116,1973.3333333333333,1.0,1.9,65.77777777777777
high,20,16,Offline teacher,0.44538103013825264,2141.3333333333335,1.0,2.08,71.37777777777778
high,20,17,No grouping,0.1297797331208585,550.0,1.0,1.0,18.333333333333332
high,20,17,CQI k-means,0.3171820772814576,2738.6666666666665,1.0,1.8133333333333332,91.28888888888889
high,20,17,Resource-cost k-means,0.34117460085158746,1120.6666666666667,1.0,1.5333333333333334,37.355555555555554
high,20,17,Multi-feature k-means,0.36031050685041094,1880.0,1.0,1.8,62.666666666666664
high,20,17,Offline teacher,0.4289108165551597,1743.3333333333333,1.0,1.86,58.111111111111114
high,20,18,No grouping,0.12377973312085852,550.0,1.0,1.0,18.333333333333332
high,20,18,CQI k-means,0.34762770470293547,1549.3333333333333,1.0,1.64,51.644444444444446
high,20,18,Resource-cost k-means,0.33900482474507004,1131.0,1.0,1.54,37.7
high,20,18,Multi-feature k-means,0.33438559543483715,1805.3333333333333,1.0,1.72,60.17777777777778
high,20,18,Offline teacher,0.4355399389296133,1780.6666666666667,1.0,1.9,59.355555555555554
high,20,19,No grouping,0.11311306645419185,550.0,1.0,1.0,18.333333333333332
high,20,19,CQI k-means,0.36920572249180367,3000.0,1.0,2.0,100.0
high,20,19,Resource-cost k-means,0.11311306645419185,550.0,1.0,1.0,18.333333333333332
high,20,19,Multi-feature k-means,0.31312735068593006,1730.6666666666667,1.0,1.64,57.68888888888889
high,20,19,Offline teacher,0.44762110775394753,1839.3333333333333,1.0,1.9466666666666668,61.31111111111111
high,21,0,No grouping,0.12577973312085844,550.0,1.0,1.0,18.333333333333332
high,21,0,CQI k-means,0.33575647306038353,1768.0,1.0,1.68,58.93333333333333
high,21,0,Resource-cost k-means,0.3347711616907589,1120.0,1.0,1.52,37.333333333333336
high,21,0,Multi-feature k-means,0.3752917347043044,1898.6666666666667,1.0,1.82,63.28888888888889
high,21,0,Offline teacher,0.44340465074658786,1786.6666666666667,1.0,1.9333333333333333,59.55555555555556
high,21,1,No grouping,0.12377973312085847,550.0,1.0,1.0,18.333333333333332
high,21,1,CQI k-means,0.37390526795129214,2044.0,1.0,1.76,68.13333333333334
high,21,1,Resource-cost k-means,0.3965124351609984,2010.6666666666667,1.0,1.94,67.02222222222223
high,21,1,Multi-feature k-means,0.38781173575187683,1618.6666666666667,1.0,1.7866666666666666,53.955555555555556
high,21,1,Offline teacher,0.4374167799644787,1887.0,1.0,1.9866666666666666,62.9
high,21,2,No grouping,0.11111306645419183,550.0,1.0,1.0,18.333333333333332
high,21,2,CQI k-means,0.4303420886411351,1746.6666666666667,1.0,1.9,58.22222222222222
high,21,2,Resource-cost k-means,0.3328412031977474,2330.6666666666665,0.92,2.5,77.68888888888888
high,21,2,Multi-feature k-means,0.3583452017474684,2962.6666666666665,1.0,1.9733333333333334,98.75555555555556
high,21,2,Offline teacher,0.4668793525028548,1914.0,1.0,2.026666666666667,63.8
high,21,3,No grouping,0.1351130664541918,550.0,1.0,1.0,18.333333333333332
high,21,3,CQI k-means,0.3938068122799118,1611.3333333333333,1.0,1.7266666666666666,53.71111111111111
high,21,3,Resource-cost k-means,0.18888456696424058,1182.0,0.9266666666666666,1.6546762589928057,39.4
high,21,3,Multi-feature k-means,0.338737700914277,1786.6666666666667,1.0,1.7,59.55555555555556
high,21,3,Offline teacher,0.4091629663468564,1680.0,1.0,1.78,56.0
high,21,4,No grouping,0.13844639978752515,550.0,1.0,1.0,18.333333333333332
high,21,4,CQI k-means,0.2824917654044448,2477.3333333333335,1.0,1.6266666666666667,82.57777777777778
high,21,4,Resource-cost k-means,0.22785559240420938,971.3333333333334,1.0,1.1866666666666668,32.37777777777778
high,21,4,Multi-feature k-means,0.2616671776264353,1525.3333333333333,1.0,1.42,50.84444444444444
high,21,4,Offline teacher,0.37849223637538276,1588.0,1.0,1.6733333333333333,52.93333333333333
high,21,5,No grouping,0.11844639978752514,550.0,1.0,1.0,18.333333333333332
high,21,5,CQI k-means,0.39961099364383723,1623.3333333333333,1.0,1.78,54.111111111111114
high,21,5,Resource-cost k-means,0.30835335390782426,1153.3333333333333,1.0,1.4666666666666666,38.44444444444444
high,21,5,Multi-feature k-means,0.3556438401837443,1880.0,1.0,1.8,62.666666666666664
high,21,5,Offline teacher,0.4285587110757199,1762.0,1.0,1.88,58.733333333333334
high,21,6,No grouping,0.11444639978752512,550.0,1.0,1.0,18.333333333333332
high,21,6,CQI k-means,0.3988416595468127,3186.6666666666665,1.0,2.1333333333333333,106.22222222222223
high,21,6,Resource-cost k-means,0.4234185744304656,2104.0,1.0,2.04,70.13333333333334
high,21,6,Multi-feature k-means,0.38578189402076335,1929.0,0.9533333333333334,2.202797202797203,64.3
high,21,6,Offline teacher,0.4708787474899605,2308.0,0.9933333333333333,2.2751677852348995,76.93333333333334
high,21,7,No grouping,0.12444639978752514,550.0,1.0,1.0,18.333333333333332
high,21,7,CQI k-means,0.39553184175460404,1606.0,1.0,1.7533333333333334,53.53333333333333
high,21,7,Resource-cost k-means,0.20208244668732347,1225.3333333333333,0.9266666666666666,1.7266187050359711,40.84444444444444
high,21,7,Multi-feature k-means,0.3417189287681705,1805.3333333333333,1.0,1.72,60.17777777777778
high,21,7,Offline teacher,0.4243024979792162,1733.3333333333333,1.0,1.8533333333333333,57.77777777777778
high,21,8,No grouping,0.13444639978752515,550.0,1.0,1.0,18.333333333333332
high,21,8,CQI k-means,0.2829254223753425,1600.0,1.0,1.5,53.333333333333336
high,21,8,Resource-cost k-means,0.31471874707101594,1053.6666666666667,1.0,1.4333333333333333,35.12222222222222
high,21,8,Multi-feature k-means,0.305517000457583,1674.6666666666667,1.0,1.58,55.82222222222222
high,21,8,Offline teacher,0.3944734789465786,1611.3333333333333,1.0,1.7266666666666666,53.71111111111111
high,21,9,No grouping,0.11844639978752514,550.0,1.0,1.0,18.333333333333332
high,21,9,CQI k-means,0.4365359197767136,1702.6666666666667,1.0,1.8933333333333333,56.75555555555555
high,21,9,Resource-cost k-means,0.46428716940771986,2234.6666666666665,1.0,2.18,74.4888888888889
high,21,9,Multi-feature k-means,0.46428716940771986,2234.6666666666665,1.0,2.18,74.4888888888889
high,21,9,Offline teacher,0.4981745365310808,2346.6666666666665,1.0,2.3,78.22222222222223
high,21,10,No grouping,0.1137797331208585,550.0,1.0,1.0,18.333333333333332
high,21,10,CQI k-means,0.44695444108728083,1839.3333333333333,1.0,1.9466666666666668,61.31111111111111
high,21,10,Resource-cost k-means,0.3188054150750073,1179.3333333333333,1.0,1.5066666666666666,39.31111111111111
high,21,10,Multi-feature k-means,0.3947193505736078,1651.3333333333333,1.0,1.8133333333333332,55.044444444444444
high,21,10,Offline teacher,0.4564856394263948,1878.0,1.0,1.98,62.6
high,21,11,No grouping,0.13111306645419182,550.0,1.0,1.0,18.333333333333332
high,21,11,CQI k-means,0.33490311877012785,2813.3333333333335,1.0,1.8666666666666667,93.77777777777777
high,21,11,Resource-cost k-means,0.3425231991263601,1116.6666666666667,1.0,1.5333333333333334,37.22222222222222
high,21,11,Multi-feature k-means,0.32477524520649015,1749.3333333333333,1.0,1.66,58.31111111111111
high,21,11,Offline teacher,0.4240483018178136,1746.0,1.0,1.8466666666666667,58.2
high,21,12,No grouping,0.12644639978752517,550.0,1.0,1.0,18.333333333333332
high,21,12,CQI k-means,0.42714420891805216,1703.3333333333333,1.0,1.8333333333333333,56.77777777777778
high,21,12,Resource-cost k-means,0.20410529685553938,1299.3333333333333,0.9066666666666666,1.8970588235294117,43.31111111111111
high,21,12,Multi-feature k-means,0.3972166461198782,1973.3333333333333,1.0,1.9,65.77777777777777
high,21,12,Offline teacher,0.43861705916644295,1752.0,1.0,1.8733333333333333,58.4
high,21,13,No grouping,0.13511306645419183,550.0,1.0,1.0,18.333333333333332
high,21,13,CQI k-means,0.3232695189835875,1434.6666666666667,1.0,1.5333333333333334,47.82222222222222
high,21,13,Resource-cost k-means,0.28707632229550817,1092.6666666666667,1.0,1.3733333333333333,36.422222222222224
high,21,13,Multi-feature k-means,0.3002019026367057,976.3333333333334,1.0,1.4066666666666667,32.544444444444444
high,21,13,Offline teacher,0.41875190776379917,2102.6666666666665,0.9933333333333333,2.053691275167785,70.08888888888889
high,21,14,No grouping,0.12444639978752514,550.0,1.0,1.0,18.333333333333332
high,21,14,CQI k-means,0.3552923691518035,1512.6666666666667,1.0,1.6533333333333333,50.422222222222224
high,21,14,Resource-cost k-means,0.31405959651910764,1162.0,1.0,1.48,38.733333333333334
high,21,14,Multi-feature k-means,0.45467681917937275,2178.6666666666665,1.0,2.12,72.62222222222222
high,21,14,Offline teacher,0.4546768191793729,2178.6666666666665,1.0,2.12,72.62222222222222
high,21,15,No grouping,0.12244639978752513,550.0,1.0,1.0,18.333333333333332
high,21,15,CQI k-means,0.4008068269972142,1616.0,1.0,1.76,53.86666666666667
high,21,15,Resource-cost k-means,0.30256795940730785,1127.3333333333333,1.0,1.4266666666666667,37.577777777777776
high,21,15,Multi-feature k-means,0.36730973038317105,1478.6666666666667,1.0,1.6866666666666668,49.28888888888889
high,21,15,Offline teacher,0.4413810301382527,2141.3333333333335,1.0,2.08,71.37777777777778
high,21,16,No grouping,0.13511306645419183,550.0,1.0,1.0,18.333333333333332
high,21,16,CQI k-means,0.4093400275541268,1691.3333333333333,1.0,1.78,56.37777777777778
high,21,16,Resource-cost k-means,0.29478256490679144,1101.3333333333333,1.0,1.3866666666666667,36.71111111111111
high,21,16,Multi-feature k-means,0.3048503337909163,1674.6666666666667,1.0,1.58,55.82222222222222
high,21,16,Offline teacher,0.4188712258932408,1730.0,1.0,1.8133333333333332,57.666666666666664
high,21,17,No grouping,0.1371130664541918,550.0,1.0,1.0,18.333333333333332
high,21,17,CQI k-means,0.3047966540178944,1381.3333333333333,1.0,1.46,46.044444444444444
high,21,17,Resource-cost k-means,0.2604659573498588,1032.0,1.0,1.28,34.4
high,21,17,Multi-feature k-means,0.35336682328873065,1824.0,1.0,1.74,60.8
high,21,17,Offline teacher,0.39290208493265144,1954.6666666666667,1.0,1.88,65.15555555555555
high,21,18,No grouping,0.11644639978752515,550.0,1.0,1.0,18.333333333333332
high,21,18,CQI k-means,0.3935338586897052,1647.3333333333333,1.0,1.7733333333333334,54.91111111111111
high,21,18,Resource-cost k-means,0.2925679594073079,1127.3333333333333,1.0,1.4266666666666667,37.577777777777776
high,21,18,Multi-feature k-means,0.3855687515993181,1954.6666666666667,1.0,1.88,65.15555555555555
high,21,18,Offline teacher,0.43942525968326823,1842.0,1.0,1.9333333333333333,61.4
high,21,19,No grouping,0.11111306645419182,550.0,1.0,1.0,18.333333333333332
high,21,19,CQI k-means,0.4092293677021497,3261.3333333333335,1.0,2.1866666666666665,108.71111111111111
high,21,19,Resource-cost k-means,0.43804769680491934,2141.3333333333335,1.0,2.08,71.37777777777778
high,21,19,Multi-feature k-means,0.36880066616686996,1909.0,0.9466666666666667,2.1971830985915495,63.63333333333333
high,21,19,Offline teacher,0.48911822009276107,2400.0,0.9866666666666667,2.391891891891892,80.0
high,22,0,No grouping,0.11177973312085844,550.0,1.0,1.0,18.333333333333332
high,22,0,CQI k-means,0.4093400569887317,1700.6666666666667,1.0,1.8466666666666667,56.68888888888889
high,22,0,Resource-cost k-means,0.24274911335399016,1230.6666666666667,0.9533333333333334,1.6783216783216783,41.022222222222226
high,22,0,Multi-feature k-means,0.3739666643773013,1863.6666666666667,0.9533333333333334,2.1468531468531467,62.12222222222222
high,22,0,Offline teacher,0.4554085191895652,1906.6666666666667,1.0,2.006666666666667,63.55555555555556
high,22,1,No grouping,0.11711306645419181,550.0,1.0,1.0,18.333333333333332
high,22,1,CQI k-means,0.3775714029819182,1610.0,1.0,1.7333333333333334,53.666666666666664
high,22,1,Resource-cost k-means,0.3157658391303908,1170.6666666666667,1.0,1.4933333333333334,39.022222222222226
high,22,1,Multi-feature k-means,0.36168992476187417,1509.0,1.0,1.7066666666666668,50.3
high,22,1,Offline teacher,0.46338753442667513,2176.3333333333335,1.0,2.1466666666666665,72.54444444444445
high,22,2,No grouping,0.12177973312085849,550.0,1.0,1.0,18.333333333333332
high,22,2,CQI k-means,0.3693292789965175,1861.3333333333333,1.0,1.78,62.044444444444444
high,22,2,Resource-cost k-means,0.2780367463508917,1084.0,1.0,1.36,36.13333333333333
high,22,2,Multi-feature k-means,0.38627296255819793,1917.3333333333333,1.0,1.84,63.91111111111111
high,22,2,Offline teacher,0.43475956869076193,1800.6666666666667,1.0,1.9066666666666667,60.022222222222226
high,22,3,No grouping,0.13377973312085847,550.0,1.0,1.0,18.333333333333332
high,22,3,CQI k-means,0.3225154106147909,2738.6666666666665,1.0,1.8133333333333332,91.28888888888889
high,22,3,Resource-cost k-means,0.2632117759057586,1049.3333333333333,1.0,1.3066666666666666,34.977777777777774
high,22,3,Multi-feature k-means,0.27794419452144903,1581.3333333333333,1.0,1.48,52.71111111111111
high,22,3,Offline teacher,0.4030274833020012,1714.0,1.0,1.78,57.13333333333333
high,22,4,No grouping,0.11911306645419181,550.0,1.0,1.0,18.333333333333332
high,22,4,CQI k-means,0.3831206180581424,3112.0,1.0,2.08,103.73333333333333
high,22,4,Resource-cost k-means,0.3393472041401414,1147.6666666666667,1.0,1.5533333333333332,38.25555555555555
high,22,4,Multi-feature k-means,0.36431050685041094,1880.0,1.0,1.8,62.666666666666664
high,22,4,Offline teacher,0.4535184818959043,1922.0,1.0,2.02,64.06666666666666
high,22,5,No grouping,0.11511306645419182,550.0,1.0,1.0,18.333333333333332
high,22,5,CQI k-means,0.3882354182659848,1954.6666666666667,1.0,1.88,65.15555555555555
high,22,5,Resource-cost k-means,0.4390664689510258,2122.6666666666665,1.0,2.06,70.75555555555556
high,22,5,Multi-feature k-means,0.40517910182766514,2010.6666666666667,1.0,1.94,67.02222222222223
high,22,5,Offline teacher,0.46330977201730794,2064.3333333333335,1.0,2.0933333333333333,68.81111111111112
high,22,6,No grouping,0.12577973312085844,550.0,1.0,1.0,18.333333333333332
high,22,6,CQI k-means,0.39302546636690006,1672.6666666666667,1.0,1.76,55.75555555555555
high,22,6,Resource-cost k-means,0.275370079684225,1084.0,1.0,1.36,36.13333333333333
high,22,6,Multi-feature k-means,0.2925357726036895,1656.0,1.0,1.56,55.2
high,22,6,Offline teacher,0.4101462111358511,1740.0,1.0,1.82,58.0
high,22,7,No grouping,0.14444639978752516,550.0,1.0,1.0,18.333333333333332
high,22,7,CQI k-means,0.375452660430766,1579.3333333333333,1.0,1.66,52.644444444444446
high,22,7,Resource-cost k-means,0.14444639978752516,550.0,1.0,1.0,18.333333333333332
high,22,7,Multi-feature k-means,0.2766108611881157,1581.3333333333333,1.0,1.48,52.71111111111111
high,22,7,Offline teacher,0.38480679756260955,1606.6666666666667,1.0,1.6933333333333334,53.55555555555556
high,22,8,No grouping,0.11777973312085849,550.0,1.0,1.0,18.333333333333332
high,22,8,CQI k-means,0.36751755979595513,1969.3333333333333,1.0,1.7066666666666668,65.64444444444445
high,22,8,Resource-cost k-means,0.32478546120084656,1112.3333333333333,1.0,1.4866666666666666,37.077777777777776
high,22,8,Multi-feature k-means,0.4188269963482252,2029.3333333333333,1.0,1.96,67.64444444444445
high,22,8,Offline teacher,0.4333984653718888,2029.3333333333333,1.0,1.9933333333333334,67.64444444444445
high,22,9,No grouping,0.15111306645419184,550.0,1.0,1.0,18.333333333333332
high,22,9,CQI k-means,0.28359208904200917,1600.0,1.0,1.5,53.333333333333336
high,22,9,Resource-cost k-means,0.3121121747387549,1034.0,1.0,1.4,34.46666666666667
high,22,9,Multi-feature k-means,0.3061836671242496,1674.6666666666667,1.0,1.58,55.82222222222222
high,22,9,Offline teacher,0.36980476591020606,1560.6666666666667,1.0,1.64,52.022222222222226
high,22,10,No grouping,0.11511306645419182,550.0,1.0,1.0,18.333333333333332
high,22,10,CQI k-means,0.37120572249180356,3000.0,1.0,2.0,100.0
high,22,10,Resource-cost k-means,0.34542635602937455,1165.0,1.0,1.58,38.833333333333336
high,22,10,Multi-feature k-means,0.3450147178092907,1842.6666666666667,1.0,1.76,61.422222222222224
high,22,10,Offline teacher,0.4536419115524577,1866.6666666666667,1.0,1.98,62.22222222222222
high,22,11,No grouping,0.10977973312085847,550.0,1.0,1.0,18.333333333333332
high,22,11,CQI k-means,0.4223816498684493,1750.6666666666667,1.0,1.88,58.355555555555554
high,22,11,Resource-cost k-means,0.4184373465765723,2085.3333333333335,1.0,2.02,69.5111111111111
high,22,11,Multi-feature k-means,0.4052828397565851,1677.0,1.0,1.8533333333333333,55.9
high,22,11,Offline teacher,0.45874185252289845,1906.6666666666667,1.0,2.006666666666667,63.55555555555556
high,22,12,No grouping,0.11444639978752515,550.0,1.0,1.0,18.333333333333332
high,22,12,CQI k-means,0.4183024979792162,1733.3333333333333,1.0,1.8533333333333333,57.77777777777778
high,22,12,Resource-cost k-means,0.27040965562884156,1092.6666666666667,1.0,1.3733333333333333,36.422222222222224
high,22,12,Multi-feature k-means,0.3878833127865449,1973.3333333333333,1.0,1.9,65.77777777777777
high,22,12,Offline teacher,0.45836894324494853,1898.0,1.0,1.9933333333333334,63.266666666666666
high,22,13,No grouping,0.12244639978752513,550.0,1.0,1.0,18.333333333333332
high,22,13,CQI k-means,0.328893191015049,2026.0,1.0,1.64,67.53333333333333
high,22,13,Resource-cost k-means,0.33971892876817045,1805.3333333333333,1.0,1.72,60.17777777777778
high,22,13,Multi-feature k-means,0.3123282252496911,1754.6666666666667,0.9333333333333333,2.085714285714286,58.48888888888889
high,22,13,Offline teacher,0.4160071597740419,1714.3333333333333,1.0,1.86,57.144444444444446
high,22,14,No grouping,0.1271130664541918,550.0,1.0,1.0,18.333333333333332
high,22,14,CQI k-means,0.40190071716235176,1532.0,1.0,1.7266666666666666,51.06666666666667
high,22,14,Resource-cost k-means,0.34038298747136964,1115.3333333333333,1.0,1.5066666666666666,37.17777777777778
high,22,14,Multi-feature k-means,0.3492455727439585,1406.3333333333333,1.0,1.6133333333333333,46.87777777777778
high,22,14,Offline teacher,0.43667339032206504,1700.6666666666667,1.0,1.8466666666666667,56.68888888888889
high,22,15,No grouping,0.11777973312085849,550.0,1.0,1.0,18.333333333333332
high,22,15,CQI k-means,0.4195171181960022,1712.0,1.0,1.8466666666666667,57.06666666666667
high,22,15,Resource-cost k-means,0.28248880751807465,1110.0,1.0,1.4,37.0
high,22,15,Multi-feature k-means,0.38283050789798345,1600.0,1.0,1.7666666666666666,53.333333333333336
high,22,15,Offline teacher,0.452171078239168,1859.3333333333333,1.0,1.96,61.977777777777774
high,22,16,No grouping,0.11511306645419182,550.0,1.0,1.0,18.333333333333332
high,22,16,CQI k-means,0.37786971765209004,2041.3333333333333,1.0,1.7866666666666666,68.04444444444445
high,22,16,Resource-cost k-means,0.36662423575245745,1208.3333333333333,1.0,1.6466666666666667,40.27777777777778
high,22,16,Multi-feature k-means,0.388615895810332,1974.3333333333333,0.9466666666666667,2.2535211267605635,65.81111111111112
high,22,16,Offline teacher,0.47893991239050876,1917.3333333333333,1.0,2.0733333333333333,63.91111111111111
high,22,17,No grouping,0.10177973312085849,550.0,1.0,1.0,18.333333333333332
high,22,17,CQI k-means,0.4523253481474321,1811.3333333333333,1.0,1.9733333333333334,60.37777777777778
high,22,17,Resource-cost k-means,0.4323998022843592,2122.6666666666665,1.0,2.06,70.75555555555556
high,22,17,Multi-feature k-means,0.4069307342771452,1695.6666666666667,1.0,1.8733333333333333,56.522222222222226
high,22,17,Offline teacher,0.4795084748773083,1951.3333333333333,1.0,2.066666666666667,65.04444444444445
high,22,18,No grouping,0.11777973312085849,550.0,1.0,1.0,18.333333333333332
high,22,18,CQI k-means,0.3450797511528162,1570.6666666666667,1.0,1.6466666666666667,52.355555555555554
high,22,18,Resource-cost k-means,0.40651243516099844,2010.6666666666667,1.0,1.94,67.02222222222223
high,22,18,Multi-feature k-means,0.3613292789965175,1861.3333333333333,1.0,1.78,62.044444444444444
high,22,18,Offline teacher,0.44963378859748454,1996.6666666666667,1.0,2.033333333333333,66.55555555555556
high,22,19,No grouping,0.12844639978752515,550.0,1.0,1.0,18.333333333333332
high,22,19,CQI k-means,0.40012339040223976,1671.3333333333333,1.0,1.7666666666666666,55.71111111111111
high,22,19,Resource-cost k-means,0.1702179002975739,1180.6666666666667,0.92,1.6666666666666667,39.355555555555554
high,22,19,Multi-feature k-means,0.3064982283114764,1693.3333333333333,1.0,1.6,56.44444444444444
high,22,19,Offline teacher,0.4170670739639202,1727.3333333333333,1.0,1.8266666666666667,57.577777777777776
high,23,0,No grouping,0.11577973312085846,550.0,1.0,1.0,18.333333333333332
high,23,0,CQI k-means,0.40404225101251035,1622.0,1.0,1.7866666666666666,54.06666666666667
high,23,0,Resource-cost k-means,0.1836532356883563,1273.3333333333333,0.9066666666666666,1.8529411764705883,42.44444444444444
high,23,0,Multi-feature k-means,0.3689416652223589,1548.6666666666667,1.0,1.72,51.62222222222222
high,23,0,Offline teacher,0.4462274093947901,1808.0,1.0,1.9333333333333333,60.266666666666666
high,23,1,No grouping,0.12311306645419182,550.0,1.0,1.0,18.333333333333332
high,23,1,CQI k-means,0.32295259616757255,1401.6666666666667,1.0,1.5666666666666667,46.72222222222222
high,23,1,Resource-cost k-means,0.12311306645419182,550.0,1.0,1.0,18.333333333333332
high,23,1,Multi-feature k-means,0.2672775278547824,1581.3333333333333,1.0,1.48,52.71111111111111
high,23,1,Offline teacher,0.42847955918648667,1744.6666666666667,1.0,1.8533333333333333,58.15555555555556
high,23,2,No grouping,0.12444639978752514,550.0,1.0,1.0,18.333333333333332
high,23,2,CQI k-means,0.34509697284779645,2850.6666666666665,1.0,1.8933333333333333,95.02222222222223
high,23,2,Resource-cost k-means,0.3336076044639429,1109.6666666666667,1.0,1.5133333333333334,36.98888888888889
high,23,2,Multi-feature k-means,0.3643105068504109,1880.0,1.0,1.8,62.666666666666664
high,23,2,Offline teacher,0.4278064297361317,1831.0,1.0,1.9266666666666667,61.03333333333333
high,23,3,No grouping,0.1291130664541918,550.0,1.0,1.0,18.333333333333332
high,23,3,CQI k-means,0.3181461228320366,1712.0,1.0,1.62,57.06666666666667
high,23,3,Resource-cost k-means,0.29886171679602463,1118.6666666666667,1.0,1.4133333333333333,37.28888888888889
high,23,3,Multi-feature k-means,0.32944191187315675,1749.3333333333333,1.0,1.66,58.31111111111111
high,23,3,Offline teacher,0.41906707396392023,1727.3333333333333,1.0,1.8266666666666667,57.577777777777776
high,23,4,No grouping,0.11111306645419182,550.0,1.0,1.0,18.333333333333332
high,23,4,CQI k-means,0.408551978238274,2290.6666666666665,1.0,1.8933333333333333,76.35555555555555
high,23,4,Resource-cost k-means,0.4084748908687853,2048.0,1.0,1.98,68.26666666666667
high,23,4,Multi-feature k-means,0.3971791018276651,2010.6666666666667,1.0,1.94,67.02222222222223
high,23,4,Offline teacher,0.45739934473084265,1999.0,1.0,2.0733333333333333,66.63333333333334
high,23,5,No grouping,0.12444639978752514,550.0,1.0,1.0,18.333333333333332
high,23,5,CQI k-means,0.37045065821296735,1542.6666666666667,1.0,1.6733333333333333,51.422222222222224
high,23,5,Resource-cost k-means,0.3060062855800314,1065.6666666666667,1.0,1.4333333333333333,35.522222222222226
high,23,5,Multi-feature k-means,0.3503480511426241,1842.6666666666667,1.0,1.76,61.422222222222224
high,23,5,Offline teacher,0.4062617126992609,1786.6666666666667,1.0,1.8666666666666667,59.55555555555556
high,23,6,No grouping,0.11377973312085847,550.0,1.0,1.0,18.333333333333332
high,23,6,CQI k-means,0.3857872847248091,3112.0,1.0,2.08,103.73333333333333
high,23,6,Resource-cost k-means,0.4277706799099055,2085.3333333333335,1.0,2.02,69.5111111111111
high,23,6,Multi-feature k-means,0.4334185744304657,2104.0,1.0,2.04,70.13333333333334
high,23,6,Offline teacher,0.4671127448657472,1874.0,1.0,2.0,62.46666666666667
high,23,7,No grouping,0.12177973312085845,550.0,1.0,1.0,18.333333333333332
high,23,7,CQI k-means,0.34984686748387406,1963.3333333333333,1.0,1.6666666666666667,65.44444444444444
high,23,7,Resource-cost k-means,0.387920857078758,1936.0,1.0,1.86,64.53333333333333
high,23,7,Multi-feature k-means,0.3427377009142771,1786.6666666666667,1.0,1.7,59.55555555555556
high,23,7,Offline teacher,0.4224290478221629,1833.3333333333333,1.0,1.9,61.111111111111114
high,23,8,No grouping,0.13044639978752515,550.0,1.0,1.0,18.333333333333332
high,23,8,CQI k-means,0.36990068772774704,1522.6666666666667,1.0,1.66,50.75555555555555
high,23,8,Resource-cost k-means,0.33205587301773765,1094.6666666666667,1.0,1.4933333333333334,36.48888888888889
high,23,8,Multi-feature k-means,0.33002339673500075,1355.0,1.0,1.5666666666666667,45.166666666666664
high,23,8,Offline teacher,0.4043192384729193,1668.6666666666667,1.0,1.78,55.62222222222222
high,23,9,No grouping,0.11777973312085849,550.0,1.0,1.0,18.333333333333332
high,23,9,CQI k-means,0.39778728472480895,3112.0,1.0,2.08,103.73333333333333
high,23,9,Resource-cost k-means,0.3739584013709711,1898.6666666666667,1.0,1.82,63.28888888888889
high,23,9,Multi-feature k-means,0.35701471780929067,1842.6666666666667,1.0,1.76,61.422222222222224
high,23,9,Offline teacher,0.4236311147725436,1810.0,1.0,1.9,60.333333333333336
high,23,10,No grouping,0.13911306645419177,550.0,1.0,1.0,18.333333333333332
high,23,10,CQI k-means,0.3917276603906787,1594.0,1.0,1.7,53.13333333333333
high,23,10,Resource-cost k-means,0.29270341301755837,1084.0,1.0,1.36,36.13333333333333
high,23,10,Multi-feature k-means,0.3174794561653699,1712.0,1.0,1.62,57.06666666666667
high,23,10,Offline teacher,0.403023449431799,1631.3333333333333,1.0,1.74,54.37777777777778
high,23,11,No grouping,0.10977973312085847,550.0,1.0,1.0,18.333333333333332
high,23,11,CQI k-means,0.41189603436881644,3261.3333333333335,1.0,2.1866666666666665,108.71111111111111
high,23,11,Resource-cost k-means,0.36640866482162215,1230.6666666666667,1.0,1.6533333333333333,41.022222222222226
high,23,11,Multi-feature k-means,0.44369559132547937,2160.0,1.0,2.1,72.0
high,23,11,Offline teacher,0.4991436351670833,2265.0,1.0,2.2666666666666666,75.5
high,23,12,No grouping,0.12844639978752515,550.0,1.0,1.0,18.333333333333332
high,23,12,CQI k-means,0.29622121141646274,1637.3333333333333,1.0,1.54,54.577777777777776
high,23,12,Resource-cost k-means,0.3414043675809437,1786.6666666666667,1.0,1.7,59.55555555555556
high,23,12,Multi-feature k-means,0.32446068401926337,1730.6666666666667,1.0,1.64,57.68888888888889
high,23,12,Offline teacher,0.40608639773567284,1765.6666666666667,1.0,1.84,58.855555555555554
high,23,13,No grouping,0.1337797331208585,550.0,1.0,1.0,18.333333333333332
high,23,13,CQI k-means,0.34571892876817056,1805.3333333333333,1.0,1.72,60.17777777777778
high,23,13,Resource-cost k-means,0.2934492315734581,1101.3333333333333,1.0,1.3866666666666667,36.71111111111111
high,23,13,Multi-feature k-means,0.3772857908611127,1555.6666666666667,1.0,1.7066666666666668,51.855555555555554
high,23,13,Offline teacher,0.43891283349026083,1784.6666666666667,1.0,1.88,59.48888888888889
high,23,14,No grouping,0.12244639978752513,550.0,1.0,1.0,18.333333333333332
high,23,14,CQI k-means,0.37263628762980494,1995.3333333333333,1.0,1.7466666666666666,66.5111111111111
high,23,14,Resource-cost k-means,0.41047489086878536,2048.0,1.0,1.98,68.26666666666667
high,23,14,Multi-feature k-means,0.40876339915424337,1649.0,1.0,1.84,54.96666666666667
high,23,14,Offline teacher,0.4680772027913328,1948.0,1.0,2.026666666666667,64.93333333333334
high,23,15,No grouping,0.12444639978752514,550.0,1.0,1.0,18.333333333333332
high,23,15,CQI k-means,0.34729082692546487,2888.0,1.0,1.92,96.26666666666667
high,23,15,Resource-cost k-means,0.33342256341598625,1124.0,1.0,1.52,37.46666666666667
high,23,15,Multi-feature k-means,0.37427296255819786,1917.3333333333333,1.0,1.84,63.91111111111111
high,23,15,Offline teacher,0.4427565760815005,1800.6666666666667,1.0,1.9133333333333333,60.022222222222226
high,23,16,No grouping,0.11711306645419181,550.0,1.0,1.0,18.333333333333332
high,23,16,CQI k-means,0.42228374252415346,3336.0,1.0,2.24,111.2
high,23,16,Resource-cost k-means,0.4483622579921462,2160.0,1.0,2.1,72.0
high,23,16,Multi-feature k-means,0.43566155858302447,1768.0,1.0,1.9466666666666668,58.93333333333333
high,23,16,Offline teacher,0.5027794004697524,2183.3333333333335,1.0,2.2333333333333334,72.77777777777777
high,23,17,No grouping,0.1091130664541918,550.0,1.0,1.0,18.333333333333332
high,23,17,CQI k-means,0.39264780546914424,3149.3333333333335,1.0,2.1066666666666665,104.97777777777777
high,23,17,Resource-cost k-means,0.36822094002293376,2237.3333333333335,0.92,2.536231884057971,74.57777777777778
high,23,17,Multi-feature k-means,0.3769020849326515,1954.6666666666667,1.0,1.88,65.15555555555555
high,23,17,Offline teacher,0.46548767107879824,1924.0,1.0,2.033333333333333,64.13333333333334
high,23,18,No grouping,0.10977973312085848,550.0,1.0,1.0,18.333333333333332
high,23,18,CQI k-means,0.43495040919081984,3336.0,1.0,2.24,111.2
high,23,18,Resource-cost k-means,0.40117910182766514,2010.6666666666667,1.0,1.94,67.02222222222223
high,23,18,Multi-feature k-means,0.3898833127865449,1973.3333333333333,1.0,1.9,65.77777777777777
high,23,18,Offline teacher,0.47478470648549775,1971.0,1.0,2.0933333333333333,65.7
high,23,19,No grouping,0.11644639978752515,550.0,1.0,1.0,18.333333333333332
high,23,19,CQI k-means,0.3796062958915312,1917.3333333333333,1.0,1.84,63.91111111111111
high,23,19,Resource-cost k-means,0.33712880602726947,1132.6666666666667,1.0,1.5333333333333334,37.75555555555555
high,23,19,Multi-feature k-means,0.43043734657657223,2085.3333333333335,1.0,2.02,69.5111111111111
high,23,19,Offline teacher,0.4618189727597282,1878.0,1.0,1.98,62.6
high,24,0,No grouping,0.1411130664541918,550.0,1.0,1.0,18.333333333333332
high,24,0,CQI k-means,0.4073963587097489,1640.0,1.0,1.7533333333333334,54.666666666666664
high,24,0,Resource-cost k-means,0.2994492315734581,1101.3333333333333,1.0,1.3866666666666667,36.71111111111111
high,24,0,Multi-feature k-means,0.3477189287681705,1805.3333333333333,1.0,1.72,60.17777777777778
high,24,0,Offline teacher,0.4303420592065304,1737.3333333333333,1.0,1.8333333333333333,57.91111111111111
high,24,1,No grouping,0.1477797331208585,550.0,1.0,1.0,18.333333333333332
high,24,1,CQI k-means,0.2943318862272104,1502.6666666666667,1.0,1.5333333333333334,50.08888888888889
high,24,1,Resource-cost k-means,0.2819575944616585,1066.6666666666667,1.0,1.3333333333333333,35.55555555555556
high,24,1,Multi-feature k-means,0.3167539437612934,1722.0,0.9333333333333333,2.057142857142857,57.4
high,24,1,Offline teacher,0.41002076454419656,1754.0,1.0,1.84,58.46666666666667
high,24,2,No grouping,0.12244639978752514,550.0,1.0,1.0,18.333333333333332
high,24,2,CQI k-means,0.40288597888644745,1633.3333333333333,1.0,1.7866666666666666,54.44444444444444
high,24,2,Resource-cost k-means,0.23416159857655666,1245.3333333333333,0.94,1.7304964539007093,41.51111111111111
high,24,2,Multi-feature k-means,0.3682729625581979,1917.3333333333333,1.0,1.84,63.91111111111111
high,24,2,Offline teacher,0.43165663511105945,1760.6666666666667,1.0,1.8866666666666667,58.68888888888889
high,24,3,No grouping,0.1117797331208585,550.0,1.0,1.0,18.333333333333332
high,24,3,CQI k-means,0.3631984937039684,1601.3333333333333,1.0,1.72,53.37777777777778
high,24,3,Resource-cost k-means,0.36214261013374743,1194.0,1.0,1.64,39.8
high,24,3,Multi-feature k-means,0.4107338347027164,1660.6666666666667,1.0,1.8733333333333333,55.355555555555554
high,24,3,Offline teacher,0.47550645794220725,1910.0,1.0,2.046666666666667,63.666666666666664
high,24,4,No grouping,0.13511306645419183,550.0,1.0,1.0,18.333333333333332
high,24,4,CQI k-means,0.4098879811042462,1670.0,1.0,1.7733333333333334,55.666666666666664
high,24,4,Resource-cost k-means,0.34171632080470293,1115.3333333333333,1.0,1.5066666666666666,37.17777777777778
high,24,4,Multi-feature k-means,0.28150091347377215,943.3333333333334,1.0,1.3466666666666667,31.444444444444443
high,24,4,Offline teacher,0.4231254220546433,1717.3333333333333,1.0,1.82,57.24444444444445
high,24,5,No grouping,0.13111306645419182,550.0,1.0,1.0,18.333333333333332
high,24,5,CQI k-means,0.30618366712424966,1674.6666666666667,1.0,1.58,55.82222222222222
high,24,5,Resource-cost k-means,0.3199919860699438,1073.3333333333333,1.0,1.4666666666666666,35.77777777777778
high,24,5,Multi-feature k-means,0.31183156164480974,1693.3333333333333,1.0,1.6,56.44444444444444
high,24,5,Offline teacher,0.42398793679198943,1714.6666666666667,1.0,1.8333333333333333,57.15555555555556
high,24,6,No grouping,0.11511306645419182,550.0,1.0,1.0,18.333333333333332
high,24,6,CQI k-means,0.3712057224918036,3000.0,1.0,2.0,100.0
high,24,6,Resource-cost k-means,0.2973137779632077,1144.6666666666667,1.0,1.4533333333333334,38.15555555555556
high,24,6,Multi-feature k-means,0.38507943589373383,1607.0,1.0,1.7866666666666666,53.56666666666667
high,24,6,Offline teacher,0.44595632962539755,1989.6666666666667,1.0,2.046666666666667,66.32222222222222
high,24,7,No grouping,0.11777973312085849,550.0,1.0,1.0,18.333333333333332
high,24,7,CQI k-means,0.4052401013009884,1656.0,1.0,1.7866666666666666,55.2
high,24,7,Resource-cost k-means,0.13866996146475705,1201.3333333333333,0.8933333333333333,1.7611940298507462,40.044444444444444
high,24,7,Multi-feature k-means,0.38956875159931814,1954.6666666666667,1.0,1.88,65.15555555555555
high,24,7,Offline teacher,0.43612947064214796,1804.6666666666667,1.0,1.8933333333333333,60.15555555555556
high,24,8,No grouping,0.11044639978752514,550.0,1.0,1.0,18.333333333333332
high,24,8,CQI k-means,0.42385046624663775,1716.6666666666667,1.0,1.88,57.22222222222222
high,24,8,Resource-cost k-means,0.32288456696424056,1196.6666666666667,1.0,1.5333333333333334,39.888888888888886
high,24,8,Multi-feature k-means,0.3778853487840393,1604.6666666666667,1.0,1.78,53.48888888888889
high,24,8,Offline teacher,0.46860173059494686,2253.3333333333335,1.0,2.2,75.11111111111111
high,24,9,No grouping,0.11977973312085846,550.0,1.0,1.0,18.333333333333332
high,24,9,CQI k-means,0.3603452017474684,2962.6666666666665,1.0,1.9733333333333334,98.75555555555556
high,24,9,Resource-cost k-means,0.2982742020185912,1136.0,1.0,1.44,37.86666666666667
high,24,9,Multi-feature k-means,0.32708980639371693,1768.0,1.0,1.68,58.93333333333333
high,24,9,Offline teacher,0.43012947064214796,1804.6666666666667,1.0,1.8933333333333333,60.15555555555556
high,24,10,No grouping,0.11977973312085846,550.0,1.0,1.0,18.333333333333332
high,24,10,CQI k-means,0.4628565317692435,1845.3333333333333,1.0,1.9733333333333334,61.51111111111111
high,24,10,Resource-cost k-means,0.35392324658952384,1175.3333333333333,1.0,1.5866666666666667,39.17777777777778
high,24,10,Multi-feature k-means,0.36960629589153127,1917.3333333333333,1.0,1.84,63.91111111111111
high,24,10,Offline teacher,0.46673983558779736,1865.3333333333333,1.0,1.9866666666666666,62.17777777777778
high,24,11,No grouping,0.1271130664541918,550.0,1.0,1.0,18.333333333333332
high,24,11,CQI k-means,0.41724413517119063,1738.6666666666667,1.0,1.8266666666666667,57.955555555555556
high,24,11,Resource-cost k-means,0.3172947895203986,1081.3333333333333,1.0,1.4666666666666666,36.044444444444444
high,24,11,Multi-feature k-means,0.32908980639371693,1768.0,1.0,1.68,58.93333333333333
high,24,11,Offline teacher,0.43242322803086475,1796.0,1.0,1.88,59.86666666666667
high,24,12,No grouping,0.11044639978752514,550.0,1.0,1.0,18.333333333333332
high,24,12,CQI k-means,0.4331274684243491,1768.0,1.0,1.9066666666666667,58.93333333333333
high,24,12,Resource-cost k-means,0.4021603296815585,2029.3333333333333,1.0,1.96,67.64444444444445
high,24,12,Multi-feature k-means,0.36827296255819786,1917.3333333333333,1.0,1.84,63.91111111111111
high,24,12,Offline teacher,0.4716063841953456,1945.3333333333333,1.0,2.04,64.84444444444445
high,24,13,No grouping,0.1257797331208585,550.0,1.0,1.0,18.333333333333332
high,24,13,CQI k-means,0.37338964881439324,2250.0,1.0,1.8,75.0
high,24,13,Resource-cost k-means,0.3592917347043044,1898.6666666666667,1.0,1.82,63.28888888888889
high,24,13,Multi-feature k-means,0.3508355366341419,1687.6666666666667,0.96,1.9861111111111112,56.25555555555555
high,24,13,Offline teacher,0.4704245759188525,2346.0,1.0,2.04,78.2
high,24,14,No grouping,0.11311306645419182,550.0,1.0,1.0,18.333333333333332
high,24,14,CQI k-means,0.3820662432361387,3037.3333333333335,1.0,2.026666666666667,101.24444444444444
high,24,14,Resource-cost k-means,0.309392929852441,1162.0,1.0,1.48,38.733333333333334
high,24,14,Multi-feature k-means,0.3991791018276651,2010.6666666666667,1.0,1.94,67.02222222222223
high,24,14,Offline teacher,0.4525439875171179,1868.0,1.0,1.9733333333333334,62.266666666666666
high,24,15,No grouping,0.12911306645419182,550.0,1.0,1.0,18.333333333333332
high,24,15,CQI k-means,0.3520589620716085,1548.0,1.0,1.6466666666666667,51.6
high,24,15,Resource-cost k-means,0.342850313579992,1137.3333333333333,1.0,1.5466666666666666,37.91111111111111
high,24,15,Multi-feature k-means,0.32708980639371693,1768.0,1.0,1.68,58.93333333333333
high,24,15,Offline teacher,0.43510868156094024,1782.0,1.0,1.8933333333333333,59.4
high,24,16,No grouping,0.1331130664541918,550.0,1.0,1.0,18.333333333333332
high,24,16,CQI k-means,0.31681278949870323,1712.0,1.0,1.62,57.06666666666667
high,24,16,Resource-cost k-means,0.3221770271179004,1059.0,1.0,1.46,35.3
high,24,16,Multi-feature k-means,0.32246068401926337,1730.6666666666667,1.0,1.64,57.68888888888889
high,24,16,Offline teacher,0.40230723683216013,1723.6666666666667,1.0,1.82,57.455555555555556
high,24,17,No grouping,0.1371130664541918,550.0,1.0,1.0,18.333333333333332
high,24,17,CQI k-means,0.2929133501993406,1361.3333333333333,1.0,1.4466666666666668,45.37777777777778
high,24,17,Resource-cost k-means,0.29782214085140796,1110.0,1.0,1.4,37.0
high,24,17,Multi-feature k-means,0.32010857853982344,1749.3333333333333,1.0,1.66,58.31111111111111
high,24,17,Offline teacher,0.3999443122598682,1618.6666666666667,1.0,1.7466666666666666,53.955555555555556
high,24,18,No grouping,0.12911306645419182,550.0,1.0,1.0,18.333333333333332
high,24,18,CQI k-means,0.3451944303991613,1509.3333333333333,1.0,1.6133333333333333,50.31111111111111
high,24,18,Resource-cost k-means,0.21800329479809033,1210.6666666666667,0.94,1.673758865248227,40.355555555555554
high,24,18,Multi-feature k-means,0.3636438401837443,1880.0,1.0,1.8,62.666666666666664
high,24,18,Offline teacher,0.4257706799099057,2085.3333333333335,1.0,2.02,69.5111111111111
high,24,19,No grouping,0.1071130664541918,550.0,1.0,1.0,18.333333333333332
high,24,19,CQI k-means,0.4321066793431415,1745.3333333333333,1.0,1.9066666666666667,58.17777777777778
high,24,19,Resource-cost k-means,0.335022916868546,1164.3333333333333,1.0,1.5666666666666667,38.81111111111111
high,24,19,Multi-feature k-means,0.3632917347043044,1898.6666666666667,1.0,1.82,63.28888888888889
high,24,19,Offline teacher,0.4723501858161444,1921.3333333333333,1.0,2.046666666666667,64.04444444444445
high,25,0,No grouping,0.11911306645419178,550.0,1.0,1.0,18.333333333333332
high,25,0,CQI k-means,0.36806624323613873,3037.3333333333335,1.0,2.026666666666667,101.24444444444444
high,25,0,Resource-cost k-means,0.42110401324323893,2085.3333333333335,1.0,2.02,69.5111111111111
high,25,0,Multi-feature k-means,0.3794315413731737,1588.3333333333333,1.0,1.7666666666666666,52.94444444444444
high,25,0,Offline teacher,0.4632294410471935,1854.0,1.0,1.9866666666666666,61.8
high,25,1,No grouping,0.12377973312085847,550.0,1.0,1.0,18.333333333333332
high,25,1,CQI k-means,0.3593292789965175,1861.3333333333333,1.0,1.78,62.044444444444444
high,25,1,Resource-cost k-means,0.4214561187226789,2066.6666666666665,1.0,2.0,68.88888888888889
high,25,1,Multi-feature k-means,0.4327519077637991,2104.0,1.0,2.04,70.13333333333334
high,25,1,Offline teacher,0.4496955913254794,2160.0,1.0,2.1,72.0
high,25,2,No grouping,0.10044639978752515,550.0,1.0,1.0,18.333333333333332
high,25,2,CQI k-means,0.35599594566318415,1861.3333333333333,1.0,1.78,62.044444444444444
high,25,2,Resource-cost k-means,0.44071436347158605,2141.3333333333335,1.0,2.08,71.37777777777778
high,25,2,Multi-feature k-means,0.3898833127865449,1973.3333333333333,1.0,1.9,65.77777777777777
high,25,2,Offline teacher,0.47715692102351465,2027.0,1.0,2.12,67.56666666666666
high,25,3,No grouping,0.12377973312085847,550.0,1.0,1.0,18.333333333333332
high,25,3,CQI k-means,0.37804222157790546,1612.6666666666667,1.0,1.72,53.75555555555555
high,25,3,Resource-cost k-means,0.33779547269393617,1132.6666666666667,1.0,1.5333333333333334,37.75555555555555
high,25,3,Multi-feature k-means,0.36364384018374435,1880.0,1.0,1.8,62.666666666666664
high,25,3,Offline teacher,0.4257706799099056,2085.3333333333335,1.0,2.02,69.5111111111111
high,25,4,No grouping,0.12844639978752515,550.0,1.0,1.0,18.333333333333332
high,25,4,CQI k-means,0.37894228060746465,1572.6666666666667,1.0,1.6933333333333334,52.422222222222224
high,25,4,Resource-cost k-means,0.316209418751464,1084.6666666666667,1.0,1.4533333333333334,36.15555555555556
high,25,4,Multi-feature k-means,0.35174905366492804,1485.6666666666667,1.0,1.64,49.522222222222226
high,25,4,Offline teacher,0.4078899980393473,1711.3333333333333,1.0,1.7933333333333332,57.044444444444444
high,25,5,No grouping,0.11844639978752514,550.0,1.0,1.0,18.333333333333332
high,25,5,CQI k-means,0.3536785350808018,2962.6666666666665,1.0,1.9733333333333334,98.75555555555556
high,25,5,Resource-cost k-means,0.39949366301489203,2029.3333333333333,1.0,1.96,67.64444444444445
high,25,5,Multi-feature k-means,0.3869401896700951,1609.3333333333333,1.0,1.7933333333333332,53.644444444444446
high,25,5,Offline teacher,0.4767063251657865,1985.3333333333333,1.0,2.066666666666667,66.17777777777778
high,25,6,No grouping,0.12044639978752514,550.0,1.0,1.0,18.333333333333332
high,25,6,CQI k-means,0.3530147178092907,1842.6666666666667,1.0,1.76,61.422222222222224
high,25,6,Resource-cost k-means,0.21778868929860673,1235.3333333333333,0.9333333333333333,1.7285714285714286,41.17777777777778
high,25,6,Multi-feature k-means,0.36431050685041094,1880.0,1.0,1.8,62.666666666666664
high,25,6,Offline teacher,0.4413192274102578,1978.0,1.0,2.013333333333333,65.93333333333334
high,25,7,No grouping,0.1311130664541918,550.0,1.0,1.0,18.333333333333332
high,25,7,CQI k-means,0.32846068401926337,1730.6666666666667,1.0,1.64,57.68888888888889
high,25,7,Resource-cost k-means,0.32410070241070393,1079.0,1.0,1.46,35.96666666666667
high,25,7,Multi-feature k-means,0.3736438401837443,1880.0,1.0,1.8,62.666666666666664
high,25,7,Offline teacher,0.41617213998572616,1852.0,1.0,1.8866666666666667,61.733333333333334
high,25,8,No grouping,0.1297797331208585,550.0,1.0,1.0,18.333333333333332
high,25,8,CQI k-means,0.32783827633221685,1440.6666666666667,1.0,1.56,48.022222222222226
high,25,8,Resource-cost k-means,0.30056795940730785,1127.3333333333333,1.0,1.4266666666666667,37.577777777777776
high,25,8,Multi-feature k-means,0.33073770091427707,1786.6666666666667,1.0,1.7,59.55555555555556
high,25,8,Offline teacher,0.4287337553478893,1732.0,1.0,1.86,57.733333333333334
high,25,9,No grouping,0.11777973312085849,550.0,1.0,1.0,18.333333333333332
high,25,9,CQI k-means,0.37873290990280545,3037.3333333333335,1.0,2.026666666666667,101.24444444444444
high,25,9,Resource-cost k-means,0.3971791018276651,2010.6666666666667,1.0,1.94,67.02222222222223
high,25,9,Multi-feature k-means,0.3456695384237106,1733.0,0.9533333333333334,2.034965034965035,57.766666666666666
high,25,9,Offline teacher,0.4534480804168794,1910.6666666666667,1.0,1.9866666666666666,63.68888888888889
high,25,10,No grouping,0.12977973312085847,550.0,1.0,1.0,18.333333333333332
high,25,10,CQI k-means,0.3136548898704557,2701.3333333333335,1.0,1.7866666666666666,90.04444444444445
high,25,10,Resource-cost k-means,0.35199594566318415,1861.3333333333333,1.0,1.78,62.044444444444444
high,25,10,Multi-feature k-means,0.29551700045758295,1674.6666666666667,1.0,1.58,55.82222222222222
high,25,10,Offline teacher,0.41865460345865607,1714.6666666666667,1.0,1.8333333333333333,57.15555555555556
high,25,11,No grouping,0.13377973312085847,550.0,1.0,1.0,18.333333333333332
high,25,11,CQI k-means,0.32014612283203653,1712.0,1.0,1.62,57.06666666666667
high,25,11,Resource-cost k-means,0.2592117759057586,1049.3333333333333,1.0,1.3066666666666666,34.977777777777774
high,25,11,Multi-feature k-means,0.32014612283203653,1712.0,1.0,1.62,57.06666666666667
high,25,11,Offline teacher,0.42436341463068655,1821.6666666666667,1.0,1.9,60.72222222222222
high,25,12,No grouping,0.11377973312085847,550.0,1.0,1.0,18.333333333333332
high,25,12,CQI k-means,0.3831206180581424,3112.0,1.0,2.08,103.73333333333333
high,25,12,Resource-cost k-means,0.4536580470332663,2197.3333333333335,1.0,2.14,73.24444444444444
high,25,12,Multi-feature k-means,0.36893962922486456,1917.3333333333333,1.0,1.84,63.91111111111111
high,25,12,Offline teacher,0.49884120319774733,2346.6666666666665,1.0,2.3,78.22222222222223
high,25,13,No grouping,0.12244639978752513,550.0,1.0,1.0,18.333333333333332
high,25,13,CQI k-means,0.3463421072994323,1499.6666666666667,1.0,1.6466666666666667,49.98888888888889
high,25,13,Resource-cost k-means,0.20824075046578983,1258.6666666666667,0.92,1.7971014492753623,41.955555555555556
high,25,13,Multi-feature k-means,0.39188331278654487,1973.3333333333333,1.0,1.9,65.77777777777777
high,25,13,Offline teacher,0.4554440465466771,1828.0,1.0,1.9466666666666668,60.93333333333333
high,25,14,No grouping,0.13044639978752515,550.0,1.0,1.0,18.333333333333332
high,25,14,CQI k-means,0.35476115609538716,1469.3333333333333,1.0,1.5866666666666667,48.977777777777774
high,25,14,Resource-cost k-means,0.13044639978752515,550.0,1.0,1.0,18.333333333333332
high,25,14,Multi-feature k-means,0.3995687515993181,1954.6666666666667,1.0,1.88,65.15555555555555
high,25,14,Offline teacher,0.39719653706130115,1898.6666666666667,1.0,1.8533333333333333,63.28888888888889
high,25,15,No grouping,0.11777973312085849,550.0,1.0,1.0,18.333333333333332
high,25,15,CQI k-means,0.4083688469578145,3224.0,1.0,2.16,107.46666666666667
high,25,15,Resource-cost k-means,0.4377331356176925,2122.6666666666665,1.0,2.06,70.75555555555556
high,25,15,Multi-feature k-means,0.44730945310358455,1786.6666666666667,1.0,1.9666666666666666,59.55555555555556
high,25,15,Offline teacher,0.4753618004386296,2036.3333333333333,1.0,2.1133333333333333,67.87777777777778
high,25,16,No grouping,0.10444639978752515,550.0,1.0,1.0,18.333333333333332
high,25,16,CQI k-means,0.4760564284274276,1930.0,1.0,2.06,64.33333333333333
high,25,16,Resource-cost k-means,0.3537473424672145,2422.6666666666665,0.9133333333333333,2.627737226277372,80.75555555555556
high,25,16,Multi-feature k-means,0.42207929725394067,1761.0,1.0,1.9266666666666667,58.7
high,25,16,Offline teacher,0.4961745365310808,2346.6666666666665,1.0,2.3,78.22222222222223
high,25,17,No grouping,0.1297797331208585,550.0,1.0,1.0,18.333333333333332
high,25,17,CQI k-means,0.4189483608473727,1706.0,1.0,1.82,56.86666666666667
high,25,17,Resource-cost k-means,0.23053450785450655,1252.6666666666667,0.9333333333333333,1.7571428571428571,41.75555555555555
high,25,17,Multi-feature k-means,0.3855687515993181,1954.6666666666667,1.0,1.88,65.15555555555555
high,25,17,Offline teacher,0.4358920444090532,1762.0,1.0,1.88,58.733333333333334
high,25,18,No grouping,0.13644639978752518,550.0,1.0,1.0,18.333333333333332
high,25,18,CQI k-means,0.3028878780831294,1637.3333333333333,1.0,1.54,54.577777777777776
high,25,18,Resource-cost k-means,0.3232156376311653,1064.0,1.0,1.44,35.46666666666667
high,25,18,Multi-feature k-means,0.34242313972705024,1768.0,1.0,1.68,58.93333333333333
high,25,18,Offline teacher,0.40220553490073463,1688.6666666666667,1.0,1.7866666666666666,56.28888888888889
high,25,19,No grouping,0.11377973312085847,550.0,1.0,1.0,18.333333333333332
high,25,19,CQI k-means,0.43461907610154404,1793.3333333333333,1.0,1.8933333333333333,59.77777777777778
high,25,19,Resource-cost k-means,0.11377973312085847,550.0,1.0,1.0,18.333333333333332
high,25,19,Multi-feature k-means,0.36900729841383517,1560.3333333333333,1.0,1.72,52.01111111111111
high,25,19,Offline teacher,0.45675841205222145,2139.0,1.0,2.1066666666666665,71.3
high,26,0,No grouping,0.11777973312085849,550.0,1.0,1.0,18.333333333333332
high,26,0,CQI k-means,0.36853905582513685,3000.0,1.0,2.0,100.0
high,26,0,Resource-cost k-means,0.31166769879834844,1090.0,1.0,1.48,36.333333333333336
high,26,0,Multi-feature k-means,0.3094794561653698,1712.0,1.0,1.62,57.06666666666667
high,26,0,Offline teacher,0.4289148504253619,1826.0,1.0,1.9,60.86666666666667
high,26,1,No grouping,0.11911306645419178,550.0,1.0,1.0,18.333333333333332
high,26,1,CQI k-means,0.3657256434555777,1552.6666666666667,1.0,1.68,51.75555555555555
high,26,1,Resource-cost k-means,0.21928032641040648,1267.3333333333333,0.92,1.8115942028985508,42.24444444444445
high,26,1,Multi-feature k-means,0.36396043736846545,1530.0,1.0,1.7,51.0
high,26,1,Offline teacher,0.462189865102577,1845.3333333333333,1.0,1.9733333333333334,61.51111111111111
high,26,2,No grouping,0.11377973312085847,550.0,1.0,1.0,18.333333333333332
high,26,2,CQI k-means,0.4150355136244812,3224.0,1.0,2.16,107.46666666666667
high,26,2,Resource-cost k-means,0.3742871694077199,2225.3333333333335,0.9533333333333334,2.2867132867132867,74.17777777777778
high,26,2,Multi-feature k-means,0.4212293677021497,3261.3333333333335,1.0,2.1866666666666665,108.71111111111111
high,26,2,Offline teacher,0.4508597950699239,1896.3333333333333,1.0,2.013333333333333,63.21111111111111
high,26,3,No grouping,0.12244639978752513,550.0,1.0,1.0,18.333333333333332
high,26,3,CQI k-means,0.3785298101022006,1560.0,1.0,1.7,52.0
high,26,3,Resource-cost k-means,0.12244639978752513,550.0,1.0,1.0,18.333333333333332
high,26,3,Multi-feature k-means,0.30881278949870317,1712.0,1.0,1.62,57.06666666666667
high,26,3,Offline teacher,0.41136083135263696,1718.6666666666667,1.0,1.8133333333333332,57.28888888888889
high,26,4,No grouping,0.12311306645419182,550.0,1.0,1.0,18.333333333333332
high,26,4,CQI k-means,0.40792353789596303,1600.6666666666667,1.0,1.78,53.355555555555554
high,26,4,Resource-cost k-means,0.32443250579705746,1170.6666666666667,1.0,1.4933333333333334,39.022222222222226
high,26,4,Multi-feature k-means,0.4138082242021188,2048.0,1.0,1.98,68.26666666666667
high,26,4,Offline teacher,0.45222740939479006,1808.0,1.0,1.9333333333333333,60.266666666666666
high,26,5,No grouping,0.11777973312085849,550.0,1.0,1.0,18.333333333333332
high,26,5,CQI k-means,0.40943796630676893,1694.6666666666667,1.0,1.82,56.48888888888889
high,26,5,Resource-cost k-means,0.3431926929750634,1154.0,1.0,1.56,38.46666666666667
high,26,5,Multi-feature k-means,0.34368138447595736,1842.6666666666667,1.0,1.76,61.422222222222224
high,26,5,Offline teacher,0.44534348584603967,2178.6666666666665,1.0,2.12,72.62222222222222
high,26,6,No grouping,0.12577973312085847,550.0,1.0,1.0,18.333333333333332
high,26,6,CQI k-means,0.35536682328873065,1824.0,1.0,1.74,60.8
high,26,6,Resource-cost k-means,0.39490208493265144,1954.6666666666667,1.0,1.88,65.15555555555555
high,26,6,Multi-feature k-means,0.3384231397270503,1768.0,1.0,1.68,58.93333333333333
high,26,6,Offline teacher,0.44797791423623845,2003.6666666666667,1.0,2.02,66.78888888888889
high,26,7,No grouping,0.12111306645419181,550.0,1.0,1.0,18.333333333333332
high,26,7,CQI k-means,0.3603452017474684,2962.6666666666665,1.0,1.9733333333333334,98.75555555555556
high,26,7,Resource-cost k-means,0.3033137779632077,1144.6666666666667,1.0,1.4533333333333334,38.15555555555556
high,26,7,Multi-feature k-means,0.36097717351707764,1880.0,1.0,1.8,62.666666666666664
high,26,7,Offline teacher,0.4465990567700057,2066.6666666666665,1.0,2.066666666666667,68.88888888888889
high,26,8,No grouping,0.11911306645419181,550.0,1.0,1.0,18.333333333333332
high,26,8,CQI k-means,0.33076317303048836,1510.6666666666667,1.0,1.6066666666666667,50.355555555555554
high,26,8,Resource-cost k-means,0.4098082242021186,2048.0,1.0,1.98,68.26666666666667
high,26,8,Multi-feature k-means,0.3590968711273698,1495.0,1.0,1.7,49.833333333333336
high,26,8,Offline teacher,0.44372336131101936,1931.3333333333333,1.0,2.013333333333333,64.37777777777778
high,26,9,No grouping,0.11911306645419181,550.0,1.0,1.0,18.333333333333332
high,26,9,CQI k-means,0.4204963291147945,1689.3333333333333,1.0,1.8466666666666667,56.31111111111111
high,26,9,Resource-cost k-means,0.35694755759270114,1188.0,1.0,1.6,39.6
high,26,9,Multi-feature k-means,0.38556875159931814,1954.6666666666667,1.0,1.88,65.15555555555555
high,26,9,Offline teacher,0.4644460781990805,1874.0,1.0,2.0,62.46666666666667
high,26,10,No grouping,0.11844639978752514,550.0,1.0,1.0,18.333333333333332
high,26,10,CQI k-means,0.3572057224918036,3000.0,1.0,2.0,100.0
high,26,10,Resource-cost k-means,0.43039980228435903,2122.6666666666665,1.0,2.06,70.75555555555556
high,26,10,Multi-feature k-means,0.42942859026864627,1709.6666666666667,1.0,1.9133333333333333,56.98888888888889
high,26,10,Offline teacher,0.4776815022143766,1880.0,1.0,2.026666666666667,62.666666666666664
high,26,11,No grouping,0.12777973312085847,550.0,1.0,1.0,18.333333333333332
high,26,11,CQI k-means,0.44373377006519166,1736.6666666666667,1.0,1.8933333333333333,57.888888888888886
high,26,11,Resource-cost k-means,0.43141857443046555,2104.0,1.0,2.04,70.13333333333334
high,26,11,Multi-feature k-means,0.4370664689510258,2122.6666666666665,1.0,2.06,70.75555555555556
high,26,11,Offline teacher,0.45132331649502866,1765.3333333333333,1.0,1.92,58.84444444444444
high,26,12,No grouping,0.14177973312085845,550.0,1.0,1.0,18.333333333333332
high,26,12,CQI k-means,0.2734089770294354,1464.6666666666667,1.0,1.44,48.82222222222222
high,26,12,Resource-cost k-means,0.21369728862574305,936.6666666666666,1.0,1.1333333333333333,31.22222222222222
high,26,12,Multi-feature k-means,0.3028878780831294,1637.3333333333333,1.0,1.54,54.577777777777776
high,26,12,Offline teacher,0.3749969636619314,1677.0,1.0,1.72,55.9
high,26,13,No grouping,0.1251130664541918,550.0,1.0,1.0,18.333333333333332
high,26,13,CQI k-means,0.33940436758094367,1786.6666666666667,1.0,1.7,59.55555555555556
high,26,13,Resource-cost k-means,0.32177641513910854,1095.6666666666667,1.0,1.4733333333333334,36.522222222222226
high,26,13,Multi-feature k-means,0.3789396292248645,1917.3333333333333,1.0,1.84,63.91111111111111
high,26,13,Offline teacher,0.41641308814079053,1884.6666666666667,1.0,1.9133333333333333,62.82222222222222
high,26,14,No grouping,0.12111306645419181,550.0,1.0,1.0,18.333333333333332
high,26,14,CQI k-means,0.3988859788864475,1633.3333333333333,1.0,1.7866666666666666,54.44444444444444
high,26,14,Resource-cost k-means,0.2704096556288416,1092.6666666666667,1.0,1.3733333333333333,36.422222222222224
high,26,14,Multi-feature k-means,0.3317189287681704,1805.3333333333333,1.0,1.72,60.17777777777778
high,26,14,Offline teacher,0.4258920444090532,1762.0,1.0,1.88,58.733333333333334
high,26,15,No grouping,0.12044639978752514,550.0,1.0,1.0,18.333333333333332
high,26,15,CQI k-means,0.348254810142288,1545.3333333333333,1.0,1.66,51.51111111111111
high,26,15,Resource-cost k-means,0.307392929852441,1162.0,1.0,1.48,38.733333333333334
high,26,15,Multi-feature k-means,0.4087894520560122,2066.6666666666665,1.0,2.0,68.88888888888889
high,26,15,Offline teacher,0.461897519636067,2289.3333333333335,0.9933333333333333,2.2550335570469797,76.31111111111112
high,26,16,No grouping,0.11577973312085846,550.0,1.0,1.0,18.333333333333332
high,26,16,CQI k-means,0.3595921773458235,1628.0,1.0,1.7,54.266666666666666
high,26,16,Resource-cost k-means,0.40647489086878535,2048.0,1.0,1.98,68.26666666666667
high,26,16,Multi-feature k-means,0.2991648949781431,1693.3333333333333,1.0,1.6,56.44444444444444
high,26,16,Offline teacher,0.44070024492587834,1852.0,1.0,1.94,61.733333333333334
high,26,17,No grouping,0.11577973312085847,550.0,1.0,1.0,18.333333333333332
high,26,17,CQI k-means,0.3929838882044848,1627.3333333333333,1.0,1.76,54.24444444444445
high,26,17,Resource-cost k-means,0.2959012927406412,1127.3333333333333,1.0,1.4266666666666667,37.577777777777776
high,26,17,Multi-feature k-means,0.4201227853893454,2066.6666666666665,1.0,2.0,68.88888888888889
high,26,17,Offline teacher,0.44271436347158594,2141.3333333333335,1.0,2.08,71.37777777777778
high,26,18,No grouping,0.11777973312085849,550.0,1.0,1.0,18.333333333333332
high,26,18,CQI k-means,0.36919849370396834,1601.3333333333333,1.0,1.72,53.37777777777778
high,26,18,Resource-cost k-means,0.3709865690216897,1292.0,1.0,1.68,43.06666666666667
high,26,18,Multi-feature k-means,0.41678945205601203,2066.6666666666665,1.0,2.0,68.88888888888889
high,26,18,Offline teacher,0.4747794262497163,1878.6666666666667,1.0,2.033333333333333,62.62222222222222
high,26,19,No grouping,0.13044639978752515,550.0,1.0,1.0,18.333333333333332
high,26,19,CQI k-means,0.37450900630369055,1532.6666666666667,1.0,1.6666666666666667,51.08888888888889
high,26,19,Resource-cost k-means,0.1431783243529573,1169.3333333333333,0.9066666666666666,1.6764705882352942,38.977777777777774
high,26,19,Multi-feature k-means,0.37862506803763774,1898.6666666666667,1.0,1.82,63.28888888888889
high,26,19,Offline teacher,0.4244290478221629,1833.3333333333333,1.0,1.9,61.111111111111114
high,27,0,No grouping,0.13511306645419183,550.0,1.0,1.0,18.333333333333332
high,27,0,CQI k-means,0.2942513363132202,1317.6666666666667,1.0,1.46,43.922222222222224
high,27,0,Resource-cost k-means,0.3334043675809438,1786.6666666666667,1.0,1.7,59.55555555555556
high,27,0,Multi-feature k-means,0.2882212114164628,1637.3333333333333,1.0,1.54,54.577777777777776
high,27,0,Offline teacher,0.41298590513958594,1668.6666666666667,1.0,1.78,55.62222222222222
high,27,1,No grouping,0.13377973312085847,550.0,1.0,1.0,18.333333333333332
high,27,1,CQI k-means,0.36121321726257033,1495.3333333333333,1.0,1.6266666666666667,49.84444444444444
high,27,1,Resource-cost k-means,0.28749033746505454,1018.3333333333334,1.0,1.3666666666666667,33.94444444444444
high,27,1,Multi-feature k-means,0.3148127894987032,1712.0,1.0,1.62,57.06666666666667
high,27,1,Offline teacher,0.395808829215013,1652.6666666666667,1.0,1.7466666666666666,55.08888888888889
high,27,2,No grouping,0.12044639978752514,550.0,1.0,1.0,18.333333333333332
high,27,2,CQI k-means,0.35481801433646665,2925.3333333333335,1.0,1.9466666666666668,97.5111111111111
high,27,2,Resource-cost k-means,0.33449266924348137,1124.6666666666667,1.0,1.5333333333333334,37.48888888888889
high,27,2,Multi-feature k-means,0.3490147178092907,1842.6666666666667,1.0,1.76,61.422222222222224
high,27,2,Offline teacher,0.45660233560784114,1858.0,1.0,1.9666666666666666,61.93333333333333
high,27,3,No grouping,0.12444639978752514,550.0,1.0,1.0,18.333333333333332
high,27,3,CQI k-means,0.35481801433646665,2925.3333333333335,1.0,1.9466666666666668,97.5111111111111
high,27,3,Resource-cost k-means,0.42078945205601204,2066.6666666666665,1.0,2.0,68.88888888888889
high,27,3,Multi-feature k-means,0.3643105068504109,1880.0,1.0,1.8,62.666666666666664
high,27,3,Offline teacher,0.4496497482788569,1945.3333333333333,1.0,2.02,64.84444444444445
high,27,4,No grouping,0.12977973312085847,550.0,1.0,1.0,18.333333333333332
high,27,4,CQI k-means,0.42726292203459953,1724.6666666666667,1.0,1.84,57.48888888888889
high,27,4,Resource-cost k-means,0.3552384877993813,1142.0,1.0,1.56,38.06666666666667
high,27,4,Multi-feature k-means,0.3807447656479301,1513.6666666666667,1.0,1.72,50.455555555555556
high,27,4,Offline teacher,0.44420660559627995,1780.6666666666667,1.0,1.9,59.355555555555554
high,27,5,No grouping,0.12111306645419181,550.0,1.0,1.0,18.333333333333332
high,27,5,CQI k-means,0.32613870343658097,1429.6666666666667,1.0,1.58,47.65555555555556
high,27,5,Resource-cost k-means,0.1717886892986067,1230.0,0.9066666666666666,1.7794117647058822,41.0
high,27,5,Multi-feature k-means,0.31877524520649014,1749.3333333333333,1.0,1.66,58.31111111111111
high,27,5,Offline teacher,0.4158524537471342,1748.6666666666667,1.0,1.8333333333333333,58.28888888888889
high,27,6,No grouping,0.12377973312085847,550.0,1.0,1.0,18.333333333333332
high,27,6,CQI k-means,0.38512061805814246,3112.0,1.0,2.08,103.73333333333333
high,27,6,Resource-cost k-means,0.38458752374542465,1936.0,1.0,1.86,64.53333333333333
high,27,6,Multi-feature k-means,0.402044704066255,1677.0,1.0,1.82,55.9
high,27,6,Offline teacher,0.4385668184935378,1891.6666666666667,1.0,1.9666666666666666,63.05555555555556
high,27,7,No grouping,0.11111306645419182,550.0,1.0,1.0,18.333333333333332
high,27,7,CQI k-means,0.43841922359526736,1722.6666666666667,1.0,1.9066666666666667,57.422222222222224
high,27,7,Resource-cost k-means,0.3616781112071617,1209.3333333333333,1.0,1.6266666666666667,40.31111111111111
high,27,7,Multi-feature k-means,0.3815687515993181,1954.6666666666667,1.0,1.88,65.15555555555555
high,27,7,Offline teacher,0.47672107815899323,1888.6666666666667,1.0,2.04,62.955555555555556
high,27,8,No grouping,0.12444639978752514,550.0,1.0,1.0,18.333333333333332
high,27,8,CQI k-means,0.3327611560953872,1469.3333333333333,1.0,1.5866666666666667,48.977777777777774
high,27,8,Resource-cost k-means,0.34219891185476464,1133.3333333333333,1.0,1.5466666666666666,37.77777777777778
high,27,8,Multi-feature k-means,0.2815545447497961,1637.3333333333333,1.0,1.54,54.577777777777776
high,27,8,Offline teacher,0.4385191498484056,1758.0,1.0,1.9,58.6
high,27,9,No grouping,0.11644639978752518,550.0,1.0,1.0,18.333333333333332
high,27,9,CQI k-means,0.3472792865726903,1520.6666666666667,1.0,1.64,50.68888888888889
high,27,9,Resource-cost k-means,0.3487739888727954,1157.3333333333333,1.0,1.5466666666666666,38.577777777777776
high,27,9,Multi-feature k-means,0.41051243516099833,2010.6666666666667,1.0,1.94,67.02222222222223
high,27,9,Offline teacher,0.4356982132734749,1806.0,1.0,1.8866666666666667,60.2
high,27,10,No grouping,0.11377973312085847,550.0,1.0,1.0,18.333333333333332
high,27,10,CQI k-means,0.3651984937039684,1601.3333333333333,1.0,1.72,53.37777777777778
high,27,10,Resource-cost k-means,0.424714363471586,2141.3333333333335,1.0,2.08,71.37777777777778
high,27,10,Multi-feature k-means,0.32956978543679455,2813.3333333333335,1.0,1.8666666666666667,93.77777777777777
high,27,10,Offline teacher,0.4701369922388676,2381.3333333333335,0.9866666666666667,2.3716216216216215,79.37777777777778
high,27,11,No grouping,0.1257797331208585,550.0,1.0,1.0,18.333333333333332
high,27,11,CQI k-means,0.3774318860668609,1561.3333333333333,1.0,1.6933333333333334,52.044444444444444
high,27,11,Resource-cost k-means,0.33872536686644095,1132.0,1.0,1.52,37.733333333333334
high,27,11,Multi-feature k-means,0.36266261232985086,1861.3333333333333,1.0,1.78,62.044444444444444
high,27,11,Offline teacher,0.4252649389697007,1766.0,1.0,1.86,58.86666666666667
high,27,12,No grouping,0.12644639978752514,550.0,1.0,1.0,18.333333333333332
high,27,12,CQI k-means,0.37604020464280435,1571.3333333333333,1.0,1.7,52.37777777777778
high,27,12,Resource-cost k-means,0.2847825649067914,1101.3333333333333,1.0,1.3866666666666667,36.71111111111111
high,27,12,Multi-feature k-means,0.3653673837339612,1516.0,1.0,1.6933333333333334,50.53333333333333
high,27,12,Offline teacher,0.41822536302508423,1757.3333333333333,1.0,1.8466666666666667,58.577777777777776
high,27,13,No grouping,0.11444639978752512,550.0,1.0,1.0,18.333333333333332
high,27,13,CQI k-means,0.38912061805814235,3112.0,1.0,2.08,103.73333333333333
high,27,13,Resource-cost k-means,0.315472081741674,1179.3333333333333,1.0,1.5066666666666666,39.31111111111111
high,27,13,Multi-feature k-means,0.3636438401837443,1880.0,1.0,1.8,62.666666666666664
high,27,13,Offline teacher,0.44962312468904875,1880.6666666666667,1.0,1.9666666666666666,62.68888888888889
high,27,14,No grouping,0.11444639978752515,550.0,1.0,1.0,18.333333333333332
high,27,14,CQI k-means,0.4265171329133046,1716.6666666666667,1.0,1.88,57.22222222222222
high,27,14,Resource-cost k-means,0.3659899607193544,1234.0,1.0,1.64,41.13333333333333
high,27,14,Multi-feature k-means,0.33870015662206393,1824.0,1.0,1.74,60.8
high,27,14,Offline teacher,0.4612898060730178,1885.3333333333333,1.0,2.0,62.84444444444444
high,27,15,No grouping,0.11844639978752514,550.0,1.0,1.0,18.333333333333332
high,27,15,CQI k-means,0.3844319007841633,1566.0,1.0,1.7266666666666666,52.2
high,27,15,Resource-cost k-means,0.3009408686852579,1136.0,1.0,1.44,37.86666666666667
high,27,15,Multi-feature k-means,0.3217564730603836,1768.0,1.0,1.68,58.93333333333333
high,27,15,Offline teacher,0.41726292203459964,1724.6666666666667,1.0,1.84,57.48888888888889
high,27,16,No grouping,0.12511306645419182,550.0,1.0,1.0,18.333333333333332
high,27,16,CQI k-means,0.3974714767287798,1574.6666666666667,1.0,1.74,52.48888888888889
high,27,16,Resource-cost k-means,0.3139804446298744,1144.6666666666667,1.0,1.4533333333333334,38.15555555555556
high,27,16,Multi-feature k-means,0.2736638370729418,1075.3333333333333,1.0,1.3466666666666667,35.84444444444444
high,27,16,Offline teacher,0.4415982870203364,1770.6666666666667,1.0,1.8933333333333333,59.022222222222226
high,27,17,No grouping,0.11044639978752514,550.0,1.0,1.0,18.333333333333332
high,27,17,CQI k-means,0.3740662432361388,3037.3333333333335,1.0,2.026666666666667,101.24444444444444
high,27,17,Resource-cost k-means,0.321844991019624,1188.0,1.0,1.52,39.6
high,27,17,Multi-feature k-means,0.34136682328873064,1824.0,1.0,1.74,60.8
high,27,17,Offline teacher,0.45740650225446405,1865.3333333333333,1.0,1.9866666666666666,62.17777777777778
high,27,18,No grouping,0.12111306645419181,550.0,1.0,1.0,18.333333333333332
high,27,18,CQI k-means,0.34901736919189086,1498.0,1.0,1.6133333333333333,49.93333333333333
high,27,18,Resource-cost k-means,0.41447489086878536,2048.0,1.0,1.98,68.26666666666667
high,27,18,Multi-feature k-means,0.39753120730710506,1992.0,1.0,1.92,66.4
high,27,18,Offline teacher,0.44220660559628006,1780.6666666666667,1.0,1.9,59.355555555555554
high,27,19,No grouping,0.1117797331208585,550.0,1.0,1.0,18.333333333333332
high,27,19,CQI k-means,0.4160067236553983,1700.6666666666667,1.0,1.8466666666666667,56.68888888888889
high,27,19,Resource-cost k-means,0.33095902992075216,1143.0,1.0,1.54,38.1
high,27,19,Multi-feature k-means,0.3878833127865449,1973.3333333333333,1.0,1.9,65.77777777777777
high,27,19,Offline teacher,0.4523669263098474,1856.6666666666667,1.0,1.9733333333333334,61.888888888888886
high,28,0,No grouping,0.1317797331208585,550.0,1.0,1.0,18.333333333333332
high,28,0,CQI k-means,0.3959275423315603,1674.0,1.0,1.7533333333333334,55.8
high,28,0,Resource-cost k-means,0.281370079684225,1084.0,1.0,1.36,36.13333333333333
high,28,0,Multi-feature k-means,0.32842313972705023,1768.0,1.0,1.68,58.93333333333333
high,28,0,Offline teacher,0.41092957398396385,1720.0,1.0,1.8066666666666666,57.333333333333336
high,28,1,No grouping,0.12511306645419182,550.0,1.0,1.0,18.333333333333332
high,28,1,CQI k-means,0.3466241602587981,2888.0,1.0,1.92,96.26666666666667
high,28,1,Resource-cost k-means,0.27678256490679143,1101.3333333333333,1.0,1.3866666666666667,36.71111111111111
high,28,1,Multi-feature k-means,0.40118113782515946,1642.0,1.0,1.82,54.733333333333334
high,28,1,Offline teacher,0.4363581086149414,2034.0,1.0,2.04,67.8
high,28,2,No grouping,0.13577973312085845,550.0,1.0,1.0,18.333333333333332
high,28,2,CQI k-means,0.4007900570689064,1671.3333333333333,1.0,1.7666666666666666,55.71111111111111
high,28,2,Resource-cost k-means,0.2800367463508917,1084.0,1.0,1.36,36.13333333333333
high,28,2,Multi-feature k-means,0.3619959456631842,1861.3333333333333,1.0,1.78,62.044444444444444
high,28,2,Offline teacher,0.41210650679424987,1840.3333333333333,1.0,1.8866666666666667,61.34444444444444
high,28,3,No grouping,0.1391130664541918,550.0,1.0,1.0,18.333333333333332
high,28,3,CQI k-means,0.35730910964550644,1448.0,1.0,1.58,48.266666666666666
high,28,3,Resource-cost k-means,0.3120816448558763,1042.0,1.0,1.4,34.733333333333334
high,28,3,Multi-feature k-means,0.2537047219186484,1488.0,1.0,1.38,49.6
high,28,3,Offline teacher,0.39755261611850934,1624.0,1.0,1.72,54.13333333333333
high,28,4,No grouping,0.10911306645419179,550.0,1.0,1.0,18.333333333333332
high,28,4,CQI k-means,0.408562701035483,3261.3333333333335,1.0,2.1866666666666665,108.71111111111111
high,28,4,Resource-cost k-means,0.43141857443046583,2104.0,1.0,2.04,70.13333333333334
high,28,4,Multi-feature k-means,0.37493962922486457,1917.3333333333333,1.0,1.84,63.91111111111111
high,28,4,Offline teacher,0.4729564874569869,1890.0,1.0,2.033333333333333,63.0
high,28,5,No grouping,0.12244639978752514,550.0,1.0,1.0,18.333333333333332
high,28,5,CQI k-means,0.372636287629805,1995.3333333333333,1.0,1.7466666666666666,66.5111111111111
high,28,5,Resource-cost k-means,0.37017500176731094,1219.6666666666667,1.0,1.6333333333333333,40.65555555555556
high,28,5,Multi-feature k-means,0.36940345247391054,1539.3333333333333,1.0,1.7266666666666666,51.31111111111111
high,28,5,Offline teacher,0.45958295844884023,2270.6666666666665,0.9933333333333333,2.2348993288590604,75.68888888888888
high,28,6,No grouping,0.11711306645419181,550.0,1.0,1.0,18.333333333333332
high,28,6,CQI k-means,0.32991944515655114,1499.3333333333333,1.0,1.6066666666666667,49.977777777777774
high,28,6,Resource-cost k-means,0.4024748908687853,2048.0,1.0,1.98,68.26666666666667
high,28,6,Multi-feature k-means,0.34599594566318415,1861.3333333333333,1.0,1.78,62.044444444444444
high,28,6,Offline teacher,0.45830857821912424,1866.6666666666667,1.0,1.98,62.22222222222222
high,28,7,No grouping,0.11844639978752514,550.0,1.0,1.0,18.333333333333332
high,28,7,CQI k-means,0.4058960343688164,3261.3333333333335,1.0,2.1866666666666665,108.71111111111111
high,28,7,Resource-cost k-means,0.3862245892050172,1248.6666666666667,1.0,1.6933333333333334,41.62222222222222
high,28,7,Multi-feature k-means,0.42079121077392007,1998.0,0.96,2.25,66.6
high,28,7,Offline teacher,0.5015333125460206,2061.3333333333335,1.0,2.14,68.71111111111111
high,28,8,No grouping,0.1371130664541918,550.0,1.0,1.0,18.333333333333332
high,28,8,CQI k-means,0.3903695188232379,1493.3333333333333,1.0,1.6933333333333334,49.77777777777778
high,28,8,Resource-cost k-means,0.1371130664541918,550.0,1.0,1.0,18.333333333333332
high,28,8,Multi-feature k-means,0.34701471780929066,1842.6666666666667,1.0,1.76,61.422222222222224
high,28,8,Offline teacher,0.4094151455731579,1626.0,1.0,1.7666666666666666,54.2
high,28,9,No grouping,0.10177973312085847,550.0,1.0,1.0,18.333333333333332
high,28,9,CQI k-means,0.44200478401282367,3410.6666666666665,1.0,2.2933333333333334,113.68888888888888
high,28,9,Resource-cost k-means,0.33200329479809026,1222.6666666666667,1.0,1.5733333333333333,40.75555555555555
high,28,9,Multi-feature k-means,0.3772541904120913,1936.0,1.0,1.86,64.53333333333333
high,28,9,Offline teacher,0.4830980213071453,1980.0,1.0,2.0933333333333333,66.0
high,28,10,No grouping,0.1291130664541918,550.0,1.0,1.0,18.333333333333332
high,28,10,CQI k-means,0.34160488396932437,1480.6666666666667,1.0,1.5866666666666667,49.355555555555554
high,28,10,Resource-cost k-means,0.3319795483105411,1114.6666666666667,1.0,1.4933333333333334,37.15555555555556
high,28,10,Multi-feature k-means,0.40717910182766515,2010.6666666666667,1.0,1.94,67.02222222222223
high,28,10,Offline teacher,0.43338103013825263,2140.0,0.9933333333333333,2.0939597315436242,71.33333333333333
high,28,11,No grouping,0.10977973312085848,550.0,1.0,1.0,18.333333333333332
high,28,11,CQI k-means,0.4353212995599275,1724.0,1.0,1.9,57.46666666666667
high,28,11,Resource-cost k-means,0.3264774043020421,1128.6666666666667,1.0,1.5333333333333334,37.62222222222222
high,28,11,Multi-feature k-means,0.38054997945321156,1973.3333333333333,1.0,1.9,65.77777777777777
high,28,11,Offline teacher,0.4660336076938165,1861.3333333333333,1.0,2.006666666666667,62.044444444444444
high,28,12,No grouping,0.1317797331208585,550.0,1.0,1.0,18.333333333333332
high,28,12,CQI k-means,0.3273486708728207,1452.0,1.0,1.56,48.4
high,28,12,Resource-cost k-means,0.35944162097081384,1161.0,1.0,1.58,38.7
high,28,12,Multi-feature k-means,0.3493668232887306,1824.0,1.0,1.74,60.8
high,28,12,Offline teacher,0.4442226928547841,1884.6666666666667,1.0,1.98,62.82222222222222
high,28,13,No grouping,0.13977973312085845,550.0,1.0,1.0,18.333333333333332
high,28,13,CQI k-means,0.3596313920521301,1502.0,1.0,1.62,50.06666666666667
high,28,13,Resource-cost k-means,0.32034583779306613,1045.0,1.0,1.42,34.833333333333336
high,28,13,Multi-feature k-means,0.27962963333422225,1562.6666666666667,1.0,1.46,52.08888888888889
high,28,13,Offline teacher,0.40629641773930814,1600.0,1.0,1.7266666666666666,53.333333333333336
high,28,14,No grouping,0.11311306645419182,550.0,1.0,1.0,18.333333333333332
high,28,14,CQI k-means,0.35901186841413507,2962.6666666666665,1.0,1.9733333333333334,98.75555555555556
high,28,14,Resource-cost k-means,0.2269074171324565,1261.3333333333333,0.9333333333333333,1.7714285714285714,42.044444444444444
high,28,14,Multi-feature k-means,0.3204231397270503,1768.0,1.0,1.68,58.93333333333333
high,28,14,Offline teacher,0.46632938201763435,1894.0,1.0,2.013333333333333,63.13333333333333
high,28,15,No grouping,0.13111306645419182,550.0,1.0,1.0,18.333333333333332
high,28,15,CQI k-means,0.35999037238495335,1932.0,1.0,1.68,64.4
high,28,15,Resource-cost k-means,0.2679575944616585,1066.6666666666667,1.0,1.3333333333333333,35.55555555555556
high,28,15,Multi-feature k-means,0.364310506850411,1880.0,1.0,1.8,62.666666666666664
high,28,15,Offline teacher,0.4132441351711907,1738.6666666666667,1.0,1.8266666666666667,57.955555555555556
high,28,16,No grouping,0.1331130664541918,550.0,1.0,1.0,18.333333333333332
high,28,16,CQI k-means,0.33637755712903755,1649.3333333333333,1.0,1.7066666666666668,54.977777777777774
high,28,16,Resource-cost k-means,0.3176866872411577,1153.3333333333333,1.0,1.4666666666666666,38.44444444444444
high,28,16,Multi-feature k-means,0.37062506803763773,1898.6666666666667,1.0,1.82,63.28888888888889
high,28,16,Offline teacher,0.4512683972616134,2250.6666666666665,0.9866666666666667,2.22972972972973,75.02222222222223
high,28,17,No grouping,0.11844639978752515,550.0,1.0,1.0,18.333333333333332
high,28,17,CQI k-means,0.3428423249197215,1528.0,1.0,1.6333333333333333,50.93333333333333
high,28,17,Resource-cost k-means,0.21578868929860676,1235.3333333333333,0.9333333333333333,1.7285714285714286,41.17777777777778
high,28,17,Multi-feature k-means,0.40184576849433173,2010.6666666666667,1.0,1.94,67.02222222222223
high,28,17,Offline teacher,0.44744404654667713,1828.0,1.0,1.9466666666666668,60.93333333333333
high,28,18,No grouping,0.11911306645419183,550.0,1.0,1.0,18.333333333333332
high,28,18,CQI k-means,0.34462416025879816,2888.0,1.0,1.92,96.26666666666667
high,28,18,Resource-cost k-means,0.33436868796128194,1123.0,1.0,1.54,37.43333333333333
high,28,18,Multi-feature k-means,0.38968046936892425,1595.3333333333333,1.0,1.7866666666666666,53.17777777777778
high,28,18,Offline teacher,0.44713150229455134,1850.6666666666667,1.0,1.9466666666666668,61.68888888888889
high,28,19,No grouping,0.1271130664541918,550.0,1.0,1.0,18.333333333333332
high,28,19,CQI k-means,0.3264881730705757,1496.0,1.0,1.5666666666666667,49.86666666666667
high,28,19,Resource-cost k-means,0.2767034130175583,1084.0,1.0,1.36,36.13333333333333
high,28,19,Multi-feature k-means,0.40094816951078127,1583.6666666666667,1.0,1.7866666666666666,52.78888888888889
high,28,19,Offline teacher,0.4356952724117561,1882.3333333333333,1.0,1.9733333333333334,62.74444444444445
high,29,0,No grouping,0.13977973312085848,550.0,1.0,1.0,18.333333333333332
high,29,0,CQI k-means,0.40362975107264143,1600.0,1.0,1.7266666666666666,53.333333333333336
high,29,0,Resource-cost k-means,0.3034492315734581,1101.3333333333333,1.0,1.3866666666666667,36.71111111111111
high,29,0,Multi-feature k-means,0.36231050685041094,1880.0,1.0,1.8,62.666666666666664
high,29,0,Offline teacher,0.4131609494117553,1638.6666666666667,1.0,1.76,54.62222222222222
high,29,1,No grouping,0.11577973312085847,550.0,1.0,1.0,18.333333333333332
high,29,1,CQI k-means,0.39353184175460404,1606.0,1.0,1.7533333333333334,53.53333333333333
high,29,1,Resource-cost k-means,0.31512501341388116,1091.6666666666667,1.0,1.4733333333333334,36.388888888888886
high,29,1,Multi-feature k-means,0.366310506850411,1880.0,1.0,1.8,62.666666666666664
high,29,1,Offline teacher,0.44094701287224086,1922.0,1.0,1.9866666666666666,64.06666666666666
high,29,2,No grouping,0.12577973312085847,550.0,1.0,1.0,18.333333333333332
high,29,2,CQI k-means,0.40125419520414285,2293.3333333333335,1.0,1.8666666666666667,76.44444444444444
high,29,2,Resource-cost k-means,0.3332833171923475,1126.3333333333333,1.0,1.5266666666666666,37.544444444444444
high,29,2,Multi-feature k-means,0.36127190881137156,1814.6666666666667,0.9533333333333334,2.104895104895105,60.48888888888889
high,29,2,Offline teacher,0.4253070981923669,1877.6666666666667,1.0,1.96,62.58888888888889
high,29,3,No grouping,0.1317797331208585,550.0,1.0,1.0,18.333333333333332
high,29,3,CQI k-means,0.3129549577963607,1416.0,1.0,1.5133333333333334,47.2
high,29,3,Resource-cost k-means,0.3369256728558369,1113.6666666666667,1.0,1.5133333333333334,37.12222222222222
high,29,3,Multi-feature k-means,0.31014612283203663,1712.0,1.0,1.62,57.06666666666667
high,29,3,Offline teacher,0.4213796182160459,1704.6666666666667,1.0,1.8266666666666667,56.82222222222222
high,29,4,No grouping,0.12577973312085847,550.0,1.0,1.0,18.333333333333332
high,29,4,CQI k-means,0.40936083135263684,1718.6666666666667,1.0,1.8133333333333332,57.28888888888889
high,29,4,Resource-cost k-means,0.3002742020185911,1136.0,1.0,1.44,37.86666666666667
high,29,4,Multi-feature k-means,0.32508980639371693,1768.0,1.0,1.68,58.93333333333333
high,29,4,Offline teacher,0.43565865204616067,1802.0,1.0,1.9066666666666667,60.06666666666667
high,29,5,No grouping,0.10777973312085848,550.0,1.0,1.0,18.333333333333332
high,29,5,CQI k-means,0.38159343064714063,3074.6666666666665,1.0,2.0533333333333332,102.4888888888889
high,29,5,Resource-cost k-means,0.3225908095755239,1205.3333333333333,1.0,1.5466666666666666,40.17777777777778
high,29,5,Multi-feature k-means,0.3160216439031505,1713.0,0.9466666666666667,2.028169014084507,57.1
high,29,5,Offline teacher,0.46044809513418167,1915.3333333333333,1.0,2.02,63.84444444444444
high,29,6,No grouping,0.10844639978752513,550.0,1.0,1.0,18.333333333333332
high,29,6,CQI k-means,0.41789002747395204,1720.6666666666667,1.0,1.86,57.355555555555554
high,29,6,Resource-cost k-means,0.10844639978752513,550.0,1.0,1.0,18.333333333333332
high,29,6,Multi-feature k-means,0.3559959456631841,1861.3333333333333,1.0,1.78,62.044444444444444
high,29,6,Offline teacher,0.45460435254294207,1899.3333333333333,1.0,1.9866666666666666,63.31111111111111
high,29,7,No grouping,0.13177973312085847,550.0,1.0,1.0,18.333333333333332
high,29,7,CQI k-means,0.29688787808312944,1637.3333333333333,1.0,1.54,54.577777777777776
high,29,7,Resource-cost k-means,0.32512735068592996,1730.6666666666667,1.0,1.64,57.68888888888889
high,29,7,Multi-feature k-means,0.3025357726036895,1656.0,1.0,1.56,55.2
high,29,7,Offline teacher,0.39115069401467867,1684.0,1.0,1.7733333333333334,56.13333333333333
high,29,8,No grouping,0.11511306645419182,550.0,1.0,1.0,18.333333333333332
high,29,8,CQI k-means,0.41704428266491383,1668.0,1.0,1.84,55.6
high,29,8,Resource-cost k-means,0.3316409615288581,1139.0,1.0,1.54,37.96666666666667
high,29,8,Multi-feature k-means,0.32983862637846273,1420.3333333333333,1.0,1.62,47.34444444444444
high,29,8,Offline teacher,0.45905237983992303,1842.6666666666667,1.0,1.9866666666666666,61.422222222222224
high,29,9,No grouping,0.12444639978752514,550.0,1.0,1.0,18.333333333333332
high,29,9,CQI k-means,0.3636785350808018,2962.6666666666665,1.0,1.9733333333333334,98.75555555555556
high,29,9,Resource-cost k-means,0.32943782835742547,1120.0,1.0,1.52,37.333333333333336
high,29,9,Multi-feature k-means,0.4064328782856443,1681.6666666666667,1.0,1.8333333333333333,56.05555555555556
high,29,9,Offline teacher,0.44071436347158593,2141.3333333333335,1.0,2.08,71.37777777777778
high,29,10,No grouping,0.12977973312085847,550.0,1.0,1.0,18.333333333333332
high,29,10,CQI k-means,0.42630048104411505,1692.0,1.0,1.8333333333333333,56.4
high,29,10,Resource-cost k-means,0.35643257490907587,1144.3333333333333,1.0,1.5666666666666667,38.144444444444446
high,29,10,Multi-feature k-means,0.3691784640002185,1455.3333333333333,1.0,1.6866666666666668,48.51111111111111
high,29,10,Offline teacher,0.44147957390378906,1749.3333333333333,1.0,1.8866666666666667,58.31111111111111
high,29,11,No grouping,0.13311306645419185,550.0,1.0,1.0,18.333333333333332
high,29,11,CQI k-means,0.3805881581929237,1550.0,1.0,1.6933333333333334,51.666666666666664
high,29,11,Resource-cost k-means,0.2649180185170419,1058.0,1.0,1.32,35.266666666666666
high,29,11,Multi-feature k-means,0.29751700045758295,1674.6666666666667,1.0,1.58,55.82222222222222
high,29,11,Offline teacher,0.4187129515493792,1704.6666666666667,1.0,1.8266666666666667,56.82222222222222
high,29,12,No grouping,0.13111306645419182,550.0,1.0,1.0,18.333333333333332
high,29,12,CQI k-means,0.36109652108112406,1515.3333333333333,1.0,1.64,50.51111111111111
high,29,12,Resource-cost k-means,0.27566383707294173,1075.3333333333333,1.0,1.3466666666666667,35.84444444444444
high,29,12,Multi-feature k-means,0.2711890639615795,918.6666666666666,1.0,1.3333333333333333,30.622222222222224
high,29,12,Offline teacher,0.3937504811242899,1662.6666666666667,1.0,1.7533333333333334,55.422222222222224
high,29,13,No grouping,0.12177973312085849,550.0,1.0,1.0,18.333333333333332
high,29,13,CQI k-means,0.3136424282615375,1443.3333333333333,1.0,1.5466666666666666,48.111111111111114
high,29,13,Resource-cost k-means,0.340741597239232,1131.6666666666667,1.0,1.5533333333333332,37.72222222222222
high,29,13,Multi-feature k-means,0.30841927351548953,1631.3333333333333,0.9466666666666667,1.9577464788732395,54.37777777777778
high,29,13,Offline teacher,0.41526292203459964,1724.6666666666667,1.0,1.84,57.48888888888889
high,29,14,No grouping,0.11644639978752513,550.0,1.0,1.0,18.333333333333332
high,29,14,CQI k-means,0.41830048104411505,1692.0,1.0,1.8333333333333333,56.4
high,29,14,Resource-cost k-means,0.1657886892986067,1230.0,0.9066666666666666,1.7794117647058822,41.0
high,29,14,Multi-feature k-means,0.4011791018276652,2010.6666666666667,1.0,1.94,67.02222222222223
high,29,14,Offline teacher,0.45854398751711783,1868.0,1.0,1.9733333333333334,62.266666666666666
high,29,15,No grouping,0.11711306645419181,550.0,1.0,1.0,18.333333333333332
high,29,15,CQI k-means,0.354700156622064,1824.0,1.0,1.74,60.8
high,29,15,Resource-cost k-means,0.39423541826598474,1954.6666666666667,1.0,1.88,65.15555555555555
high,29,15,Multi-feature k-means,0.354700156622064,1824.0,1.0,1.74,60.8
high,29,15,Offline teacher,0.4480595071090869,1964.0,1.0,2.006666666666667,65.46666666666667
high,29,16,No grouping,0.13111306645419182,550.0,1.0,1.0,18.333333333333332
high,29,16,CQI k-means,0.2862128068931152,2552.0,1.0,1.68,85.06666666666666
high,29,16,Resource-cost k-means,0.2807034130175583,1084.0,1.0,1.36,36.13333333333333
high,29,16,Multi-feature k-means,0.30383156164480973,1693.3333333333333,1.0,1.6,56.44444444444444
high,29,16,Offline teacher,0.38943591993706306,1644.0,1.0,1.7333333333333334,54.8
high,29,17,No grouping,0.11244639978752514,550.0,1.0,1.0,18.333333333333332
high,29,17,CQI k-means,0.39924211823608946,1697.3333333333333,1.0,1.8066666666666666,56.577777777777776
high,29,17,Resource-cost k-means,0.4264373465765722,2085.3333333333335,1.0,2.02,69.5111111111111
high,29,17,Multi-feature k-means,0.44338103013825264,2141.3333333333335,1.0,2.08,71.37777777777778
high,29,17,Offline teacher,0.4530528641808712,2083.0,1.0,2.08,69.43333333333334
high,29,18,No grouping,0.13377973312085847,550.0,1.0,1.0,18.333333333333332
high,29,18,CQI k-means,0.4125150865435986,1666.0,1.0,1.7933333333333332,55.53333333333333
high,29,18,Resource-cost k-means,0.3096075353519245,1136.0,1.0,1.44,37.86666666666667
high,29,18,Multi-feature k-means,0.3121461228320366,1712.0,1.0,1.62,57.06666666666667
high,29,18,Offline teacher,0.42463927488715975,2212.0,0.98,2.204081632653061,73.73333333333333
high,29,19,No grouping,0.12644639978752512,550.0,1.0,1.0,18.333333333333332
high,29,19,CQI k-means,0.38368608222826345,1548.6666666666667,1.0,1.7,51.62222222222222
high,29,19,Resource-cost k-means,0.30019505012935793,1118.6666666666667,1.0,1.4133333333333333,37.28888888888889
high,29,19,Multi-feature k-means,0.37575555795335047,1520.6666666666667,1.0,1.7066666666666668,50.68888888888889
high,29,19,Offline teacher,0.4370664689510259,2122.6666666666665,1.0,2.06,70.75555555555556
high,30,0,No grouping,0.11511306645419182,550.0,1.0,1.0,18.333333333333332
high,30,0,CQI k-means,0.46013151701185373,1855.3333333333333,1.0,1.98,61.84444444444444
high,30,0,Resource-cost k-means,0.22653450785450663,1252.6666666666667,0.9333333333333333,1.7571428571428571,41.75555555555555
high,30,0,Multi-feature k-means,0.3659584013709711,1898.6666666666667,1.0,1.82,63.28888888888889
high,30,0,Offline teacher,0.47725226178080465,1922.6666666666667,1.0,2.04,64.08888888888889
high,30,1,No grouping,0.11644639978752513,550.0,1.0,1.0,18.333333333333332
high,30,1,CQI k-means,0.35481801433646665,2925.3333333333335,1.0,1.9466666666666668,97.5111111111111
high,30,1,Resource-cost k-means,0.331686756353176,1127.0,1.0,1.54,37.56666666666667
high,30,1,Multi-feature k-means,0.33238559543483714,1805.3333333333333,1.0,1.72,60.17777777777778
high,30,1,Offline teacher,0.45515230609306145,1878.0,1.0,1.98,62.6
high,30,2,No grouping,0.11111306645419182,550.0,1.0,1.0,18.333333333333332
high,30,2,CQI k-means,0.4250047214375996,1664.0,1.0,1.86,55.46666666666667
high,30,2,Resource-cost k-means,0.34790798164808456,1179.3333333333333,1.0,1.5866666666666667,39.31111111111111
high,30,2,Multi-feature k-means,0.46330594155382643,2216.0,1.0,2.16,73.86666666666666
high,30,2,Offline teacher,0.4746017305949468,2253.3333333333335,1.0,2.2,75.11111111111111
high,30,3,No grouping,0.12844639978752515,550.0,1.0,1.0,18.333333333333332
high,30,3,CQI k-means,0.3748819155816404,1541.3333333333333,1.0,1.68,51.37777777777778
high,30,3,Resource-cost k-means,0.3376303855201404,1214.0,1.0,1.56,40.46666666666667
high,30,3,Multi-feature k-means,0.3885499794532116,1973.3333333333333,1.0,1.9,65.77777777777777
high,30,3,Offline teacher,0.41114155753545206,2048.0,1.0,1.98,68.26666666666667
high,30,4,No grouping,0.11844639978752515,550.0,1.0,1.0,18.333333333333332
high,30,4,CQI k-means,0.39188331278654487,1973.3333333333333,1.0,1.9,65.77777777777777
high,30,4,Resource-cost k-means,0.3701928511236706,2188.3333333333335,0.92,2.4927536231884058,72.94444444444444
high,30,4,Multi-feature k-means,0.41142978854132356,1949.0,0.96,2.2083333333333335,64.96666666666667
high,30,4,Offline teacher,0.489470325572201,2381.3333333333335,0.9866666666666667,2.3716216216216215,79.37777777777778
high,30,5,No grouping,0.1317797331208585,550.0,1.0,1.0,18.333333333333332
high,30,5,CQI k-means,0.3736069303390302,1531.3333333333333,1.0,1.6733333333333333,51.044444444444444
high,30,5,Resource-cost k-means,0.25987844257242526,1049.3333333333333,1.0,1.3066666666666666,34.977777777777774
high,30,5,Multi-feature k-means,0.34457890607729186,1406.3333333333333,1.0,1.6133333333333333,46.87777777777778
high,30,5,Offline teacher,0.40820254229147296,1688.6666666666667,1.0,1.7933333333333332,56.28888888888889
high,30,6,No grouping,0.12644639978752514,550.0,1.0,1.0,18.333333333333332
high,30,6,CQI k-means,0.3408403079846204,1486.6666666666667,1.0,1.6133333333333333,49.55555555555556
high,30,6,Resource-cost k-means,0.34268053747347477,1147.6666666666667,1.0,1.5533333333333332,38.25555555555555
high,30,6,Multi-feature k-means,0.33391223941062514,1406.3333333333333,1.0,1.6133333333333333,46.87777777777778
high,30,6,Offline teacher,0.42593506392828007,2249.3333333333335,0.98,2.2448979591836733,74.97777777777777
high,30,7,No grouping,0.1297797331208585,550.0,1.0,1.0,18.333333333333332
high,30,7,CQI k-means,0.35270015662206394,1824.0,1.0,1.74,60.8
high,30,7,Resource-cost k-means,0.3260595965191076,1162.0,1.0,1.48,38.733333333333334
high,30,7,Multi-feature k-means,0.3978833127865449,1973.3333333333333,1.0,1.9,65.77777777777777
high,30,7,Offline teacher,0.4445629880300563,2043.3333333333333,1.0,2.033333333333333,68.11111111111111
high,30,8,No grouping,0.11311306645419182,550.0,1.0,1.0,18.333333333333332
high,30,8,CQI k-means,0.43324416460579535,1748.0,1.0,1.8933333333333333,58.266666666666666
high,30,8,Resource-cost k-means,0.4467143634715859,2141.3333333333335,1.0,2.08,71.37777777777778
high,30,8,Multi-feature k-means,0.42412278538934534,2066.6666666666665,1.0,2.0,68.88888888888889
high,30,8,Offline teacher,0.4749538360743867,2234.6666666666665,1.0,2.18,74.4888888888889
high,30,9,No grouping,0.1131130664541918,550.0,1.0,1.0,18.333333333333332
high,30,9,CQI k-means,0.3988416595468127,3186.6666666666665,1.0,2.1333333333333333,106.22222222222223
high,30,9,Resource-cost k-means,0.43871436347158604,2141.3333333333335,1.0,2.08,71.37777777777778
high,30,9,Multi-feature k-means,0.41737656184732463,1737.6666666666667,1.0,1.8933333333333333,57.922222222222224
high,30,9,Offline teacher,0.4753126268066289,1954.0,1.0,2.0533333333333332,65.13333333333334
high,30,10,No grouping,0.11911306645419178,550.0,1.0,1.0,18.333333333333332
high,30,10,CQI k-means,0.34038559543483715,1805.3333333333333,1.0,1.72,60.17777777777778
high,30,10,Resource-cost k-means,0.4081603296815585,2029.3333333333333,1.0,1.96,67.64444444444445
high,30,10,Multi-feature k-means,0.32640359111370376,1385.3333333333333,1.0,1.5866666666666667,46.17777777777778
high,30,10,Offline teacher,0.4307519077637991,2104.0,1.0,2.04,70.13333333333334
high,30,11,No grouping,0.12644639978752514,550.0,1.0,1.0,18.333333333333332
high,30,11,CQI k-means,0.35674441560168413,1534.0,1.0,1.66,51.13333333333333
high,30,11,Resource-cost k-means,0.2844888075180747,1110.0,1.0,1.4,37.0
high,30,11,Multi-feature k-means,0.30747945616536987,1712.0,1.0,1.62,57.06666666666667
high,30,11,Offline teacher,0.4467753629449093,1786.6666666666667,1.0,1.9266666666666667,59.55555555555556
high,30,12,No grouping,0.12111306645419181,550.0,1.0,1.0,18.333333333333332
high,30,12,CQI k-means,0.3479985970457843,1516.6666666666667,1.0,1.6333333333333333,50.55555555555556
high,30,12,Resource-cost k-means,0.3516113970773313,1150.6666666666667,1.0,1.5733333333333333,38.355555555555554
high,30,12,Multi-feature k-means,0.383883312786545,1973.3333333333333,1.0,1.9,65.77777777777777
high,30,12,Offline teacher,0.434714363471586,2141.3333333333335,1.0,2.08,71.37777777777778
high,30,13,No grouping,0.12311306645419179,550.0,1.0,1.0,18.333333333333332
high,30,13,CQI k-means,0.3860006434154902,1567.3333333333333,1.0,1.72,52.24444444444445
high,30,13,Resource-cost k-means,0.38258752374542465,1936.0,1.0,1.86,64.53333333333333
high,30,13,Multi-feature k-means,0.34305226210150375,1805.3333333333333,1.0,1.72,60.17777777777778
high,30,13,Offline teacher,0.42140229583537014,1877.6666666666667,1.0,1.9266666666666667,62.58888888888889
high,30,14,No grouping,0.13577973312085845,550.0,1.0,1.0,18.333333333333332
high,30,14,CQI k-means,0.3244691375183796,1765.3333333333333,1.0,1.5466666666666666,58.84444444444444
high,30,14,Resource-cost k-means,0.2628388666278087,1040.6666666666667,1.0,1.2933333333333332,34.68888888888889
high,30,14,Multi-feature k-means,0.354700156622064,1824.0,1.0,1.74,60.8
high,30,14,Offline teacher,0.39722845642404586,1796.0,1.0,1.8266666666666667,59.86666666666667
high,30,15,No grouping,0.12911306645419182,550.0,1.0,1.0,18.333333333333332
high,30,15,CQI k-means,0.34309697284779644,2850.6666666666665,1.0,1.8933333333333333,95.02222222222223
high,30,15,Resource-cost k-means,0.28374298896217487,1092.6666666666667,1.0,1.3733333333333333,36.422222222222224
high,30,15,Multi-feature k-means,0.32810857853982345,1749.3333333333333,1.0,1.66,58.31111111111111
high,30,15,Offline teacher,0.42861234262643705,1828.6666666666667,1.0,1.92,60.955555555555556
high,30,16,No grouping,0.10177973312085847,550.0,1.0,1.0,18.333333333333332
high,30,16,CQI k-means,0.4331442632684885,3373.3333333333335,1.0,2.2666666666666666,112.44444444444444
high,30,16,Resource-cost k-means,0.4270664689510258,2122.6666666666665,1.0,2.06,70.75555555555556
high,30,16,Multi-feature k-means,0.42890531920282304,1833.3333333333333,1.0,1.9666666666666666,61.111111111111114
high,30,16,Offline teacher,0.4799437661161836,2032.6666666666667,1.0,2.1133333333333333,67.75555555555556
high,30,17,No grouping,0.12311306645419179,550.0,1.0,1.0,18.333333333333332
high,30,17,CQI k-means,0.3859584013709711,1898.6666666666667,1.0,1.82,63.28888888888889
high,30,17,Resource-cost k-means,0.12888456696424058,1176.6666666666667,0.9,1.7037037037037037,39.22222222222222
high,30,17,Multi-feature k-means,0.4254936630148919,2029.3333333333333,1.0,1.96,67.64444444444445
high,30,17,Offline teacher,0.4586605405842773,1952.3333333333333,1.0,2.006666666666667,65.07777777777778
high,30,18,No grouping,0.12844639978752515,550.0,1.0,1.0,18.333333333333332
high,30,18,CQI k-means,0.40980482477941554,1579.3333333333333,1.0,1.7733333333333334,52.644444444444446
high,30,18,Resource-cost k-means,0.35755033731157393,1166.6666666666667,1.0,1.5733333333333333,38.888888888888886
high,30,18,Multi-feature k-means,0.29686171679602463,1118.6666666666667,1.0,1.4133333333333333,37.28888888888889
high,30,18,Offline teacher,0.45334348584603956,2178.6666666666665,1.0,2.12,72.62222222222222
high,30,19,No grouping,0.12911306645419182,550.0,1.0,1.0,18.333333333333332
high,30,19,CQI k-means,0.4142213291548818,1674.6666666666667,1.0,1.8066666666666666,55.82222222222222
high,30,19,Resource-cost k-means,0.33931384707522616,1118.3333333333333,1.0,1.5266666666666666,37.27777777777778
high,30,19,Multi-feature k-means,0.3475601339311853,1425.0,1.0,1.6333333333333333,47.5
high,30,19,Offline teacher,0.42569417940327264,1723.3333333333333,1.0,1.8466666666666667,57.44444444444444
