timestamp_s,sumo_vehicle_id,ue_module_path,x_m,y_m,speed_mps
0.2,0,Highway.car[0],226.65,415.142428017377,0.075719826234784
0.3,0,Highway.car[0],226.65,415.127689436709,0.14738580667337
0.4,0,Highway.car[0],226.65,415.104989458623,0.226999780861605
0.5,0,Highway.car[0],226.65,415.074581329127,0.304081294958313
0.6,0,Highway.car[0],226.65,415.036699394529,0.378819345981811
0.7,0,Highway.car[0],226.65,414.992072077723,0.446273168062413
0.8,0,Highway.car[0],226.65,414.941560243012,0.50511834710636
0.9,0,Highway.car[0],226.65,414.886196924738,0.553633182740183
1,0,Highway.car[0],226.65,414.823238402385,0.629585223527059
1.1,0,Highway.car[0],226.65,414.75520967713,0.68028725255179
1.2,0,Highway.car[0],226.65,414.682245558413,0.729641187173514
1.3,0,Highway.car[0],226.65,414.603742786657,0.785027717558867
1.4,0,Highway.car[0],226.65,414.517520244043,0.862225426136716
1.5,0,Highway.car[0],226.65,414.427644507305,0.89875736738482
1.6,0,Highway.car[0],226.65,414.334764171669,0.928803356355256
1.7,0,Highway.car[0],226.65,414.234052657,1.00711514669584
1.7,15,Highway.car[1],223.35,34.8564178578785,0.0641785787847126
1.7,31,Highway.car[2],33.8599877568126,226.65,0.0998775681257248
1.8,0,Highway.car[0],226.65,414.130439375075,1.03613281925229
1.8,15,Highway.car[1],223.35,34.8688640547216,0.124461968431394
1.8,31,Highway.car[2],33.8793788018645,226.65,0.193910450519122
1.9,0,Highway.car[0],226.65,414.019198459709,1.11240915365071
1.9,15,Highway.car[1],223.35,34.8880339531531,0.1916989843152
1.9,31,Highway.car[2],33.9069355480079,226.65,0.275567461434592
2,0,Highway.car[0],226.65,413.902667408119,1.16531051590872
2,15,Highway.car[1],223.35,34.9127025401808,0.246685870276423
2,31,Highway.car[2],33.9437917486277,226.65,0.368562006198048
2.1,0,Highway.car[0],226.65,413.779266744245,1.23400663873294
2.1,15,Highway.car[1],223.35,34.9419002694219,0.291977292411211
2.1,31,Highway.car[2],33.989713623403,226.65,0.459218747753034
2.2,0,Highway.car[0],226.65,413.651176157759,1.28090586486479
2.2,15,Highway.car[1],223.35,34.9749080896688,0.330078202469275
2.2,31,Highway.car[2],34.0429196871183,226.65,0.532060637152022
2.3,0,Highway.car[0],226.65,413.518697635653,1.32478522105535
2.3,15,Highway.car[1],223.35,35.0146128856902,0.39704796021369
2.3,31,Highway.car[2],34.1048029524396,226.65,0.618832653213585
2.4,0,Highway.car[0],226.65,413.382195849689,1.36501785963887
2.4,15,Highway.car[1],223.35,35.0596453241752,0.45032438485034
2.4,31,Highway.car[2],34.1761417148244,226.65,0.713387623848336
2.5,0,Highway.car[0],226.65,413.238052407498,1.44143442191297
2.5,15,Highway.car[1],223.35,35.1089917633163,0.493464391410612
2.5,31,Highway.car[2],34.2529708611852,226.65,0.768291463607786
2.6,0,Highway.car[0],226.65,413.08988673284,1.48165674658419
2.6,15,Highway.car[1],223.35,35.1617949770169,0.528032137006474
2.6,31,Highway.car[2],34.3339448397464,226.65,0.809739785611932
2.7,0,Highway.car[0],226.65,412.937179266786,1.52707466053703
2.7,15,Highway.car[1],223.35,35.22008070938,0.582857323630735
2.7,31,Highway.car[2],34.4228525316024,226.65,0.889076918559714
2.8,0,Highway.car[0],226.65,412.778643765738,1.58535501047523
2.8,15,Highway.car[1],223.35,35.2798362776208,0.597555682407743
2.8,31,Highway.car[2],34.5190162146682,226.65,0.961636830658243
2.9,0,Highway.car[0],226.65,412.614743984744,1.6389978099486
2.9,15,Highway.car[1],223.35,35.34505211196,0.65215834339231
2.9,31,Highway.car[2],34.6191269250327,226.65,1.00110710364446
3,0,Highway.car[0],226.65,412.446841991338,1.67901993405187
3,15,Highway.car[1],223.35,35.4160090072012,0.709568952411997
3,31,Highway.car[2],34.7258806599434,226.65,1.06753734910773
3.1,0,Highway.car[0],226.65,412.273483405171,1.73358586167378
3.1,15,Highway.car[1],223.35,35.4904128258528,0.744038186516498
3.1,31,Highway.car[2],34.8395018064579,226.65,1.13621146514459
3.2,0,Highway.car[0],226.65,412.094325468116,1.79157937055101
3.2,15,Highway.car[1],223.35,35.5684804865887,0.780676607358621
3.2,31,Highway.car[2],34.9578936323359,226.65,1.18391825877974
3.3,0,Highway.car[0],226.65,411.909382346042,1.84943122073656
3.3,15,Highway.car[1],223.35,35.652163260211,0.836827736222769
3.3,31,Highway.car[2],35.0824478488424,226.65,1.24554216506571
3.4,0,Highway.car[0],226.65,411.721254962568,1.88127383474374
3.4,15,Highway.car[1],223.35,35.73753861533,0.853753551190372
3.4,31,Highway.car[2],35.2138383283942,226.65,1.31390479551774
3.5,0,Highway.car[0],226.65,411.526495266604,1.94759695963395
3.5,15,Highway.car[1],223.35,35.825827659401,0.882890440709775
3.5,31,Highway.car[2],35.3527286039901,226.65,1.38890275595855
3.6,0,Highway.car[0],226.65,411.327281588375,1.99213678229713
3.6,15,Highway.car[1],223.35,35.9207795267293,0.949518673282933
3.6,31,Highway.car[2],35.4970597169699,226.65,1.44331112979824
3.7,0,Highway.car[0],226.65,411.122473428524,2.04808159851024
3.7,15,Highway.car[1],223.35,36.018776554957,0.979970282277211
3.7,31,Highway.car[2],35.650604645772,226.65,1.5354492880209
3.8,0,Highway.car[0],226.65,410.911581237761,2.10892190762536
3.8,15,Highway.car[1],223.35,36.1192178461409,1.0044129118385
3.8,31,Highway.car[2],35.808022559799,226.65,1.57417914027028
3.9,0,Highway.car[0],226.65,410.694438827191,2.17142410570031
3.9,15,Highway.car[1],223.35,36.2240699985365,1.04852152395633
3.9,31,Highway.car[2],35.974447193738,226.65,1.66424633938965
4,0,Highway.car[0],226.65,410.473762747864,2.20676079326981
4,15,Highway.car[1],223.35,36.3319856989301,1.07915700393578
4,31,Highway.car[2],36.1457380092387,226.65,1.71290815500688
4.1,0,Highway.car[0],226.65,410.246866442103,2.2689630576132
4.1,15,Highway.car[1],223.35,36.4443653761959,1.12379677265801
4.1,31,Highway.car[2],36.3239141111951,226.65,1.78176101956429
4.2,0,Highway.car[0],226.65,410.013948713889,2.32917728214265
4.2,15,Highway.car[1],223.35,36.5579857348292,1.13620358633308
4.2,31,Highway.car[2],36.5097852029031,226.65,1.85871091707988
4.3,0,Highway.car[0],226.65,409.776573151145,2.3737556274377
4.3,15,Highway.car[1],223.35,36.6757700723959,1.17784337566712
4.3,31,Highway.car[2],36.7005324330714,226.65,1.90747230168345
4.4,0,Highway.car[0],226.65,409.531691350554,2.44881800590941
4.4,15,Highway.car[1],223.35,36.7971768027302,1.2140673033424
4.4,31,Highway.car[2],36.8959210534149,226.65,1.95388620343438
4.5,0,Highway.car[0],226.65,409.281733875511,2.49957475042736
4.5,15,Highway.car[1],223.35,36.9241098217329,1.26933019002725
4.5,31,Highway.car[2],37.0980889651527,226.65,2.02167911737837
4.6,0,Highway.car[0],226.65,409.025465832176,2.56268043335268
4.6,15,Highway.car[1],223.35,37.0571346872569,1.33024865524017
4.6,31,Highway.car[2],37.3067672851435,226.65,2.0867831999078
4.7,0,Highway.car[0],226.65,408.7634474806,2.62018351575659
4.7,15,Highway.car[1],223.35,37.1963132630729,1.39178575815948
4.7,31,Highway.car[2],37.5212963942998,226.65,2.1452910915637
4.7,1,Highway.car[3],226.65,416.138224160581,0.117758394189365
4.8,0,Highway.car[0],226.65,408.495972751977,2.67474728622773
4.8,15,Highway.car[1],223.35,37.3418247754082,1.45511512335378
4.8,31,Highway.car[2],37.7398238623869,226.65,2.18527468087064
4.8,1,Highway.car[3],226.65,416.115242489534,0.229816710470825
4.9,0,Highway.car[0],226.65,408.225533111906,2.70439640071822
4.9,15,Highway.car[1],223.35,37.4936765973082,1.51851821899961
4.9,31,Highway.car[2],37.9659943334797,226.65,2.26170471092832
4.9,1,Highway.car[3],226.65,416.081296482314,0.339460072195445
5,0,Highway.car[0],226.65,407.949373826508,2.76159285397941
5,15,Highway.car[1],223.35,37.6479648846748,1.54288287366659
5,31,Highway.car[2],38.1956530741093,226.65,2.29658740629588
5,1,Highway.car[3],226.65,416.035766711799,0.455297705154487
5.1,0,Highway.car[0],226.65,407.668911685883,2.80462140624245
5.1,15,Highway.car[1],223.35,37.806273333628,1.58308448953124
5.1,31,Highway.car[2],38.4321308200238,226.65,2.36477745914512
5.1,1,Highway.car[3],226.65,415.980329986863,0.554367249355242
5.2,0,Highway.car[0],226.65,407.384770656934,2.84141028949825
5.2,15,Highway.car[1],223.35,37.9657348956052,1.59461561977293
5.2,31,Highway.car[2],38.6740476168973,226.65,2.41916796873469
5.2,1,Highway.car[3],226.65,415.915279720154,0.650502667091616
5.3,0,Highway.car[0],226.65,407.095630126609,2.89140530324375
5.3,15,Highway.car[1],223.35,38.1314792181232,1.65744322517875
5.3,31,Highway.car[2],38.9246545193438,226.65,2.50606902446511
5.3,1,Highway.car[3],226.65,415.839598812634,0.756809075206612
5.4,0,Highway.car[0],226.65,406.803152086446,2.92478040163332
5.4,15,Highway.car[1],223.35,38.3004520937293,1.68972875606164
5.4,31,Highway.car[2],39.1816563295843,226.65,2.57001810240472
5.4,1,Highway.car[3],226.65,415.753932613374,0.856661992594689
5.5,0,Highway.car[0],226.65,406.50756280303,2.95589283415602
5.5,15,Highway.car[1],223.35,38.4746228733442,1.74170779614884
5.5,31,Highway.car[2],39.4457962933522,226.65,2.6413996376787
5.5,1,Highway.car[3],226.65,415.659765518528,0.941670948461842
5.6,0,Highway.car[0],226.65,406.208060321515,2.99502481515447
5.6,15,Highway.car[1],223.35,38.651662176119,1.77039302774833
5.6,31,Highway.car[2],39.7167694883468,226.65,2.70973194994644
5.6,1,Highway.car[3],226.65,415.55572622326,1.04039295268237
5.7,0,Highway.car[0],226.65,405.903682119878,3.04378201636599
5.7,15,Highway.car[1],223.35,38.8304207452332,1.78758569114155
5.7,31,Highway.car[2],39.996817969046,226.65,2.80048480699217
5.7,1,Highway.car[3],226.65,415.443567051238,1.1215917202199
5.8,0,Highway.car[0],226.65,405.593803352357,3.09878767520862
5.8,15,Highway.car[1],223.35,39.0134392523742,1.83018507140957
5.8,31,Highway.car[2],40.2822065069902,226.65,2.85388537944207
5.8,1,Highway.car[3],226.65,415.319833124205,1.23733927032976
5.9,0,Highway.car[0],226.65,405.279582026583,3.14221325774697
5.9,15,Highway.car[1],223.35,39.2014790969345,1.88039844560402
5.9,31,Highway.car[2],40.5773352726924,226.65,2.9512876570216
5.9,1,Highway.car[3],226.65,415.18673248157,1.33100642634948
6,0,Highway.car[0],226.65,404.96048575798,3.19096268603133
6,15,Highway.car[1],223.35,39.3948456289324,1.93366531997908
6,31,Highway.car[2],40.8813256325446,226.65,3.03990359852236
6,1,Highway.car[3],226.65,415.043977537599,1.42754943970843
6.1,0,Highway.car[0],226.65,404.638505510445,3.21980247534273
6.1,15,Highway.car[1],223.35,39.594730990369,1.99885361436534
6.1,31,Highway.car[2],41.1947420775665,226.65,3.13416445021896
6.1,1,Highway.car[3],226.65,414.89055130653,1.53426231068718
6.2,0,Highway.car[0],226.65,404.310733007506,3.27772502939517
6.2,15,Highway.car[1],223.35,39.7979687019571,2.03237711588119
6.2,31,Highway.car[2],41.5155890839721,226.65,3.20847006405617
6.2,1,Highway.car[3],226.65,414.729777935345,1.6077337118487
6.3,0,Highway.car[0],226.65,403.977866852467,3.32866155038422
6.3,15,Highway.car[1],223.35,40.003359023389,2.0539032143188
6.3,31,Highway.car[2],41.8449420107113,226.65,3.29352926739172
6.3,1,Highway.car[3],226.65,414.557112685995,1.72665249350035
6.4,0,Highway.car[0],226.65,403.639047218027,3.3881963443991
6.4,15,Highway.car[1],223.35,40.2155246225527,2.12165599163727
6.4,31,Highway.car[2],42.1822058955357,226.65,3.37263884824381
6.4,1,Highway.car[3],226.65,414.374881900862,1.8223078513315
6.5,0,Highway.car[0],226.65,403.295947104518,3.43100113509616
6.5,15,Highway.car[1],223.35,40.4330650108137,2.1754038826105
6.5,31,Highway.car[2],42.5256531755067,226.65,3.43447279971006
6.5,1,Highway.car[3],226.65,414.180907199234,1.93974701628528
6.6,0,Highway.car[0],226.65,402.947186211268,3.48760893249439
6.6,15,Highway.car[1],223.35,40.6557592153463,2.226942045326
6.6,31,Highway.car[2],42.8789961115,226.65,3.53342935993249
6.6,1,Highway.car[3],226.65,413.977620226074,2.03286973159733
6.7,0,Highway.car[0],226.65,402.594065940241,3.53120271027109
6.7,15,Highway.car[1],223.35,40.8795665897482,2.23807374401868
6.7,31,Highway.car[2],43.2377535830839,226.65,3.58757471583929
6.7,1,Highway.car[3],226.65,413.766970632539,2.10649593535411
6.8,0,Highway.car[0],226.65,402.236583190853,3.57482749388015
6.8,15,Highway.car[1],223.35,41.1085044421778,2.28937852429541
6.8,31,Highway.car[2],43.5997354467173,226.65,3.6198186363341
6.8,1,Highway.car[3],226.65,413.546129043545,2.20841588993902
6.9,0,Highway.car[0],226.65,401.874755389946,3.61827800907681
6.9,15,Highway.car[1],223.35,41.339351644665,2.30847202487302
6.9,31,Highway.car[2],43.9675957949216,226.65,3.67860348204296
6.9,1,Highway.car[3],226.65,413.318156040709,2.27973002835988
7,0,Highway.car[0],226.65,401.507883585324,3.66871804621836
7,15,Highway.car[1],223.35,41.5751047970311,2.35753152366041
7,31,Highway.car[2],44.3431170265837,226.65,3.75521231662162
7,1,Highway.car[3],226.65,413.078846630672,2.39309410036235
7.1,0,Highway.car[0],226.65,401.134537295784,3.73346289539544
7.1,15,Highway.car[1],223.35,41.8157453728429,2.40640575811791
7.1,31,Highway.car[2],44.724613373127,226.65,3.81496346543223
7.1,1,Highway.car[3],226.65,412.828387362865,2.50459267807026
7.2,0,Highway.car[0],226.65,400.757475335924,3.77061959860308
7.2,15,Highway.car[1],223.35,42.0612284152295,2.45483042386582
7.2,31,Highway.car[2],45.1111768305467,226.65,3.86563457419776
7.2,1,Highway.car[3],226.65,412.570179975632,2.58207387233359
7.3,0,Highway.car[0],226.65,400.377114736287,3.80360599636959
7.3,15,Highway.car[1],223.35,42.3106159683873,2.49387553157809
7.3,31,Highway.car[2],45.5053974907572,226.65,3.942206602105
7.3,1,Highway.car[3],226.65,412.303563259316,2.66616716316315
7.4,0,Highway.car[0],226.65,399.991875601473,3.85239134813772
7.4,15,Highway.car[1],223.35,42.5614843090149,2.50868340627581
7.4,31,Highway.car[2],45.9030750261602,226.65,3.97677535402967
7.4,1,Highway.car[3],226.65,412.028835645515,2.74727613800318
7.5,0,Highway.car[0],226.65,399.602356749414,3.89518852058912
7.5,15,Highway.car[1],223.35,42.8179494247981,2.56465115783212
7.5,31,Highway.car[2],46.3080885544596,226.65,4.05013528299431
7.5,1,Highway.car[3],226.65,411.745020010486,2.8381563502906
7.6,0,Highway.car[0],226.65,399.206479706475,3.95877042938789
7.6,15,Highway.car[1],223.35,43.0756488363625,2.57699411564379
7.6,31,Highway.car[2],46.7226728237238,226.65,4.1458426926416
7.6,1,Highway.car[3],226.65,411.451752891742,2.93267118743966
7.7,0,Highway.car[0],226.65,398.802839118575,4.03640587900599
7.7,15,Highway.car[1],223.35,43.337612484505,2.61963648142514
7.7,31,Highway.car[2],47.1444456081047,226.65,4.21772784380854
7.7,1,Highway.car[3],226.65,411.151349485514,3.00403406228145
7.8,0,Highway.car[0],226.65,398.39321960502,4.09619513554798
7.8,15,Highway.car[1],223.35,43.6014817157709,2.63869231265911
7.8,31,Highway.car[2],47.5752185957602,226.65,4.3077298765551
7.8,1,Highway.car[3],226.65,410.840968446848,3.10381038665838
7.9,0,Highway.car[0],226.65,397.977173451419,4.16046153600721
7.9,15,Highway.car[1],223.35,43.8682912653102,2.66809549539315
7.9,31,Highway.car[2],48.0112363095995,226.65,4.36017713839334
7.9,1,Highway.car[3],226.65,410.521437454999,3.19530991849695
8,0,Highway.car[0],226.65,397.5557532289,4.21420222519079
8,15,Highway.car[1],223.35,44.1375424657808,2.69251200470619
8,31,Highway.car[2],48.4534484262483,226.65,4.42212116648821
8,1,Highway.car[3],226.65,410.193656727648,3.27780727350499
8.1,0,Highway.car[0],226.65,397.129154689049,4.2659853985144
8.1,15,Highway.car[1],223.35,44.407734535742,2.70192069961212
8.1,31,Highway.car[2],48.9046373079496,226.65,4.51188881701237
8.1,1,Highway.car[3],226.65,409.856174068937,3.37482658711189
8.2,0,Highway.car[0],226.65,396.696314227349,4.32840461699685
8.2,15,Highway.car[1],223.35,44.6841068395125,2.76372303770471
8.2,31,Highway.car[2],49.3654209102116,226.65,4.60783602262061
8.2,1,Highway.car[3],226.65,409.510139724323,3.46034344613525
8.2,2,Highway.car[4],226.65,416.138036731973,0.119632680270122
8.3,0,Highway.car[0],226.65,396.258564253985,4.37749973364661
8.3,15,Highway.car[1],223.35,44.9647103422775,2.8060350276503
8.3,31,Highway.car[2],49.8306830229752,226.65,4.65262112763623
8.3,1,Highway.car[3],226.65,409.15676257443,3.53377149893503
8.3,2,Highway.car[4],226.65,416.114563336499,0.234733954736139
8.4,0,Highway.car[0],226.65,395.817380176299,4.41184077685067
8.4,15,Highway.car[1],223.35,45.2496822692691,2.8497192699156
8.4,31,Highway.car[2],50.3013095130368,226.65,4.7062649006155
8.4,1,Highway.car[3],226.65,408.796330617223,3.60431957207081
8.4,2,Highway.car[4],226.65,416.079097948418,0.354653880809252
8.5,0,Highway.car[0],226.65,395.372065249112,4.45314927186931
8.5,15,Highway.car[1],223.35,45.5388877049878,2.89205435718654
8.5,31,Highway.car[2],50.7816740137283,226.65,4.80364500691561
8.5,1,Highway.car[3],226.65,408.425524714811,3.70805902411669
8.5,2,Highway.car[4],226.65,416.03361788853,0.454800598889146
8.6,0,Highway.car[0],226.65,394.921512685741,4.50552563371064
8.6,15,Highway.car[1],223.35,45.8295901046766,2.90702399688854
8.6,31,Highway.car[2],51.2694371104783,226.65,4.87763096749928
8.6,1,Highway.car[3],226.65,408.047531173519,3.77993541292028
8.6,2,Highway.car[4],226.65,415.978625109719,0.549927788100918
8.7,0,Highway.car[0],226.65,394.464625855048,4.56886830693318
8.7,15,Highway.car[1],223.35,46.1232590675811,2.9366896290452
8.7,31,Highway.car[2],51.7629047945339,226.65,4.93467684055591
8.7,1,Highway.car[3],226.65,407.658282092688,3.89249080830925
8.7,2,Highway.car[4],226.65,415.913712536114,0.649125736051283
8.8,0,Highway.car[0],226.65,394.003725116087,4.6090073896127
8.8,15,Highway.car[1],223.35,46.421294261763,2.98035194181895
8.8,31,Highway.car[2],52.2632911731198,226.65,5.00386378585972
8.8,1,Highway.car[3],226.65,407.257350899451,4.00931193237119
8.8,2,Highway.car[4],226.65,415.839322731661,0.743898044534985
8.9,0,Highway.car[0],226.65,393.535873653205,4.67851462881474
8.9,15,Highway.car[1],223.35,46.7205769284664,2.99282666703348
8.9,31,Highway.car[2],52.7726130768838,226.65,5.0932190376395
8.9,1,Highway.car[3],226.65,406.848184039124,4.09166860327005
8.9,2,Highway.car[4],226.65,415.75574385962,0.83578872040455
9,0,Highway.car[0],226.65,393.062747151248,4.73126501957627
9,15,Highway.car[1],223.35,47.0253570196455,3.04780091179127
9,31,Highway.car[2],53.2917075563593,226.65,5.19094479475548
9,1,Highway.car[3],226.65,406.431078032371,4.17106006753558
9,2,Highway.car[4],226.65,415.661837823928,0.939060356918818
9.1,0,Highway.car[0],226.65,392.583156631153,4.79590520095194
9.1,15,Highway.car[1],223.35,47.3336339314496,3.08276911804138
9.1,31,Highway.car[2],53.8153988965098,226.65,5.23691340150457
9.1,1,Highway.car[3],226.65,406.006395909054,4.24682123317077
9.1,2,Highway.car[4],226.65,415.560499527387,1.01338296541661
9.2,0,Highway.car[0],226.65,392.095958729129,4.87197902023813
9.2,15,Highway.car[1],223.35,47.6458375216055,3.12203590155917
9.2,31,Highway.car[2],54.3423262175449,226.65,5.26927321035094
9.2,1,Highway.car[3],226.65,405.569737347415,4.36658561638902
9.2,2,Highway.car[4],226.65,415.450524481775,1.09975045612286
9.3,0,Highway.car[0],226.65,391.602579486235,4.93379242893795
9.3,15,Highway.car[1],223.35,47.9616677697539,3.15830248148332
9.3,31,Highway.car[2],54.8774117052898,226.65,5.35085487744916
9.3,1,Highway.car[3],226.65,405.123498361464,4.46238985950193
9.3,2,Highway.car[4],226.65,415.329615840967,1.20908640807606
9.4,0,Highway.car[0],226.65,391.101301556439,5.01277929795927
9.4,15,Highway.car[1],223.35,48.2792011501018,3.17533380347898
9.4,31,Highway.car[2],55.4173729191162,226.65,5.39961213826347
9.4,1,Highway.car[3],226.65,404.667622353454,4.55876008010722
9.4,2,Highway.car[4],226.65,415.200892483756,1.28723357211025
9.5,0,Highway.car[0],226.65,390.596857628102,5.04443928336745
9.5,15,Highway.car[1],223.35,48.6009419961617,3.21740846059902
9.5,31,Highway.car[2],55.9619303483364,226.65,5.44557429220207
9.5,1,Highway.car[3],226.65,404.204219543449,4.6340281000442
9.5,2,Highway.car[4],226.65,415.061682452141,1.39210031614564
9.6,0,Highway.car[0],226.65,390.088378987082,5.08478641019968
9.6,15,Highway.car[1],223.35,48.9255232697448,3.24581273583125
9.6,31,Highway.car[2],56.5157218554072,226.65,5.53791507070796
9.6,1,Highway.car[3],226.65,403.731127306489,4.73092236960745
9.6,2,Highway.car[4],226.65,414.914798947877,1.46883504264633
9.7,0,Highway.car[0],226.65,389.574319203889,5.14059783193396
9.7,15,Highway.car[1],223.35,49.2562280264356,3.30704756690806
9.7,31,Highway.car[2],57.077501196027,226.65,5.61779340619832
9.7,1,Highway.car[3],226.65,403.24772607578,4.8340123070839
9.7,2,Highway.car[4],226.65,414.760533112224,1.54265835652891
9.8,0,Highway.car[0],226.65,389.055144902896,5.19174300992975
9.8,15,Highway.car[1],223.35,49.5901903373011,3.33962310865463
9.8,31,Highway.car[2],57.6484748821932,226.65,5.70973686166252
9.8,1,Highway.car[3],226.65,402.757640534006,4.90085541774166
9.8,2,Highway.car[4],226.65,414.596419173044,1.6411393918015
9.9,0,Highway.car[0],226.65,388.530454785231,5.24690117664749
9.9,15,Highway.car[1],223.35,49.9252597586071,3.35069421306054
9.9,31,Highway.car[2],58.2248868127689,226.65,5.76411930575646
9.9,1,Highway.car[3],226.65,402.257572479857,5.0006805414918
9.9,2,Highway.car[4],226.65,414.423203437434,1.73215735609521
10,0,Highway.car[0],226.65,387.99911203665,5.31342748581452
10,15,Highway.car[1],223.35,50.2645106258154,3.39250867208268
10,31,Highway.car[2],58.8045571979321,226.65,5.79670385163189
10,1,Highway.car[3],226.65,401.749728330437,5.07844149419545
10,2,Highway.car[4],226.65,414.242713547285,1.80489890149161
10.1,0,Highway.car[0],226.65,387.464006379469,5.35105657180606
10.1,15,Highway.car[1],223.35,50.606743173365,3.42232547549659
10.1,31,Highway.car[2],59.3875734612034,226.65,5.83016263271361
10.1,1,Highway.car[3],226.65,401.230038951009,5.19689379428207
10.1,2,Highway.car[4],226.65,414.051010194873,1.91703352411761
10.2,0,Highway.car[0],226.65,386.922325085078,5.41681294390859
10.2,15,Highway.car[1],223.35,50.9548934819464,3.48150308581383
10.2,31,Highway.car[2],59.9793334666141,226.65,5.91760005410672
10.2,1,Highway.car[3],226.65,400.700203011763,5.29835939246249
10.2,2,Highway.car[4],226.65,413.849917638887,2.01092555986456
10.3,0,Highway.car[0],226.65,386.376261014172,5.46064070905952
10.3,15,Highway.car[1],223.35,51.3040590675469,3.49165585600433
10.3,31,Highway.car[2],60.5746641516065,226.65,5.95330684992397
10.3,1,Highway.car[3],226.65,400.163444664228,5.36758347534454
10.3,2,Highway.car[4],226.65,413.637841467535,2.12076171351521
10.4,0,Highway.car[0],226.65,385.824367952161,5.51893062010894
10.4,15,Highway.car[1],223.35,51.6554424501272,3.51383382580348
10.4,31,Highway.car[2],61.1766899919552,226.65,6.02025840348709
10.4,1,Highway.car[3],226.65,399.617145610025,5.46299054203854
10.4,2,Highway.car[4],226.65,413.415802608748,2.22038858787547
10.5,0,Highway.car[0],226.65,385.269521090147,5.54846862014124
10.5,15,Highway.car[1],223.35,52.0109707057605,3.55528255633299
10.5,31,Highway.car[2],61.787562348644,226.65,6.10872356688748
10.5,1,Highway.car[3],226.65,399.063612085595,5.53533524429725
10.5,2,Highway.car[4],226.65,413.187133217217,2.28669391530304
10.6,0,Highway.car[0],226.65,384.710375826867,5.59145263279995
10.6,15,Highway.car[1],223.35,52.3690749975776,3.58104291817092
10.6,31,Highway.car[2],62.402088916733,226.65,6.14526568089058
10.6,1,Highway.car[3],226.65,398.502131306408,5.61480779187122
10.6,2,Highway.car[4],226.65,412.948759384762,2.38373832455435
10.7,0,Highway.car[0],226.65,384.145894465847,5.64481361020098
10.7,15,Highway.car[1],223.35,52.7317272673706,3.62652269792941
10.7,31,Highway.car[2],63.0242509288297,226.65,6.22162012096639
10.7,1,Highway.car[3],226.65,397.930833928848,5.71297377559376
10.7,2,Highway.car[4],226.65,412.701165322923,2.47594061838527
10.8,0,Highway.car[0],226.65,383.576997348845,5.68897117002329
10.8,15,Highway.car[1],223.35,53.0968486014664,3.65121334095846
10.8,31,Highway.car[2],63.6538776975688,226.65,6.29626768739107
10.8,1,Highway.car[3],226.65,397.347910080808,5.82923848039956
10.8,2,Highway.car[4],226.65,412.444168242127,2.56997080796696
10.9,0,Highway.car[0],226.65,383.005150380134,5.71846968710536
10.9,15,Highway.car[1],223.35,53.4650961610433,3.68247559576865
10.9,31,Highway.car[2],64.292873997527,226.65,6.38996299958234
10.9,1,Highway.car[3],226.65,396.755209510506,5.92700570302057
10.9,2,Highway.car[4],226.65,412.180327191517,2.63841050609731
11,0,Highway.car[0],226.65,382.429233069878,5.75917310256252
11,15,Highway.car[1],223.35,53.8347667598465,3.69670598803239
11,31,Highway.car[2],64.9381758224868,226.65,6.45301824959838
11,1,Highway.car[3],226.65,396.154721028256,6.00488482250433
11,2,Highway.car[4],226.65,411.906588449773,2.73738741743955
11.1,0,Highway.car[0],226.65,381.849727931742,5.79505138136281
11.1,15,Highway.car[1],223.35,54.2072043972501,3.72437637403549
11.1,31,Highway.car[2],65.5886277791624,226.65,6.50451956675532
11.1,1,Highway.car[3],226.65,395.542600876719,6.12120151537304
11.1,2,Highway.car[4],226.65,411.623006282826,2.83582166947163
11.2,0,Highway.car[0],226.65,381.264477042396,5.85250889345279
11.2,15,Highway.car[1],223.35,54.583047650109,3.7584325285895
11.2,31,Highway.car[2],66.2434159462066,226.65,6.54788167044199
11.2,1,Highway.car[3],226.65,394.931179965436,6.11420911282404
11.2,2,Highway.car[4],226.65,411.329939657084,2.93066625742213
11.3,0,Highway.car[0],226.65,380.671318040776,5.93159001620041
11.3,15,Highway.car[1],223.35,54.9610808643645,3.78033214255503
11.3,31,Highway.car[2],66.903444710381,226.65,6.60028764174464
11.3,1,Highway.car[3],226.65,394.313929466512,6.17250498924301
11.3,2,Highway.car[4],226.65,411.025777227639,3.0416242944465
11.4,0,Highway.car[0],226.65,380.072132610969,5.99185429807866
11.4,15,Highway.car[1],223.35,55.3432303512432,3.82149486878735
11.4,31,Highway.car[2],67.5721733705286,226.65,6.68728660147548
11.4,1,Highway.car[3],226.65,393.694125310666,6.19804155845775
11.4,2,Highway.car[4],226.65,410.711253898165,3.14523329473817
11.5,0,Highway.car[0],226.65,379.466199125268,6.05933485700769
11.5,15,Highway.car[1],223.35,55.7304246244945,3.87194273251283
11.5,31,Highway.car[2],68.244537870998,226.65,6.72364500469439
11.5,1,Highway.car[3],226.65,393.07246589079,6.21659419876269
11.5,2,Highway.car[4],226.65,410.385146746599,3.26107151566231
11.6,0,Highway.car[0],226.65,378.853708630278,6.12490494990183
11.6,15,Highway.car[1],223.35,56.120272107116,3.89847482621518
11.6,31,Highway.car[2],68.9229112698249,226.65,6.78373398826835
11.6,1,Highway.car[3],226.65,392.450310464903,6.22155425887085
11.6,2,Highway.car[4],226.65,410.047218997793,3.3792774880642
11.7,0,Highway.car[0],226.65,378.233754546143,6.19954084134495
11.7,15,Highway.car[1],223.35,56.5152666896901,3.94994582574011
11.7,31,Highway.car[2],69.6091421368947,226.65,6.86230867069824
11.7,1,Highway.car[3],226.65,391.825057226241,6.25253238661961
11.7,2,Highway.car[4],226.65,409.699530446746,3.47688551046997
11.8,0,Highway.car[0],226.65,377.607502356379,6.26252189763935
11.8,15,Highway.car[1],223.35,56.9111267127589,3.95860023068811
11.8,31,Highway.car[2],70.2995104873459,226.65,6.90368350451258
11.8,1,Highway.car[3],226.65,391.193479815663,6.31577410577871
11.8,2,Highway.car[4],226.65,409.341903326023,3.57627120722569
11.8,3,Highway.car[5],226.65,416.140516957331,0.0948304266947089
11.9,0,Highway.car[0],226.65,376.973575823174,6.33926533205362
11.9,15,Highway.car[1],223.35,57.3127242882674,4.01597575508535
11.9,31,Highway.car[2],70.9986040852921,226.65,6.99093597946134
11.9,1,Highway.car[3],226.65,390.560287291389,6.33192524273848
11.9,2,Highway.car[4],226.65,408.973174622683,3.68728703340301
11.9,3,Highway.car[5],226.65,416.121686290758,0.188306665726422
12,0,Highway.car[0],226.65,376.333865069288,6.39710753885957
12,15,Highway.car[1],223.35,57.7186057416271,4.0588145335972
12,31,Highway.car[2],71.7029135489096,226.65,7.04309463617536
12,1,Highway.car[3],226.65,389.923145132152,6.37142159236539
12,2,Highway.car[4],226.65,408.594560924904,3.78613697778405
12,3,Highway.car[5],226.65,416.093638649165,0.280476415927396
12.1,0,Highway.car[0],226.65,375.688485136858,6.45379932429476
12.1,15,Highway.car[1],223.35,58.1296934115473,4.11087669920164
12.1,31,Highway.car[2],72.4169795678842,226.65,7.14066018974552
12.1,1,Highway.car[3],226.65,389.280371150174,6.42773981978449
12.1,2,Highway.car[4],226.65,408.205520393829,3.89040531074972
12.1,3,Highway.car[5],226.65,416.057262635831,0.363760133339187
12.2,0,Highway.car[0],226.65,375.037011408126,6.5147372873204
12.2,15,Highway.car[1],223.35,58.543759213085,4.14065801537677
12.2,31,Highway.car[2],73.137145345802,226.65,7.20165777917862
12.2,1,Highway.car[3],226.65,388.637739145102,6.42632005071664
12.2,2,Highway.car[4],226.65,407.807280996789,3.98239397040447
12.2,3,Highway.car[5],226.65,416.012559178249,0.447034575827109
12.3,0,Highway.car[0],226.65,374.381139702269,6.55871705857592
12.3,15,Highway.car[1],223.35,58.9604180506975,4.16658837612497
12.3,31,Highway.car[2],73.8647197303614,226.65,7.27574384559323
12.3,1,Highway.car[3],226.65,387.987611619335,6.50127525766853
12.3,2,Highway.car[4],226.65,407.398297586901,4.0898340988799
12.3,3,Highway.car[5],226.65,415.959587079864,0.529720983845115
12.4,0,Highway.car[0],226.65,373.720759581679,6.60380120589884
12.4,15,Highway.car[1],223.35,59.3781594123931,4.17741361695632
12.4,31,Highway.car[2],74.5988501472719,226.65,7.34130416910541
12.4,1,Highway.car[3],226.65,387.335576676168,6.52034943167062
12.4,2,Highway.car[4],226.65,406.979055118652,4.19242468248419
12.4,3,Highway.car[5],226.65,415.897516519038,0.620705608258564
12.5,0,Highway.car[0],226.65,373.057349000672,6.63410581006689
12.5,15,Highway.car[1],223.35,59.7970864040719,4.18926991678856
12.5,31,Highway.car[2],75.3362406325422,226.65,7.37390485270325
12.5,1,Highway.car[3],226.65,386.682413093251,6.53163582917525
12.5,2,Highway.car[4],226.65,406.549851067561,4.29204051091261
12.5,3,Highway.car[5],226.65,415.827921313674,0.695952053644019
12.6,0,Highway.car[0],226.65,372.388454667598,6.68894333074449
12.6,15,Highway.car[1],223.35,60.2220804624995,4.24994058427552
12.6,31,Highway.car[2],76.0779607175949,226.65,7.41720085052684
12.6,1,Highway.car[3],226.65,386.025821555524,6.56591537727311
12.6,2,Highway.car[4],226.65,406.112258338868,4.37592728693243
12.6,3,Highway.car[5],226.65,415.750153313361,0.777680003128992
12.7,0,Highway.car[0],226.65,371.713973057608,6.74481609989444
12.7,15,Highway.car[1],223.35,60.6519260928944,4.29845630394935
12.7,31,Highway.car[2],76.8256260852654,226.65,7.47665367670501
12.7,1,Highway.car[3],226.65,385.365598339221,6.60223216302772
12.7,2,Highway.car[4],226.65,405.66646452009,4.45793818777957
12.7,3,Highway.car[5],226.65,415.663246452807,0.869068605535428
12.8,0,Highway.car[0],226.65,371.032419519716,6.81553537892664
12.8,15,Highway.car[1],223.35,61.0845494978021,4.32623404907726
12.8,31,Highway.car[2],77.5797244926572,226.65,7.54098407391835
12.8,1,Highway.car[3],226.65,384.699643192418,6.65955146802691
12.8,2,Highway.car[4],226.65,405.211168904398,4.5529561569185
12.8,3,Highway.car[5],226.65,415.568730686583,0.945157662244113
12.9,0,Highway.car[0],226.65,370.345149901926,6.87269617789539
12.9,15,Highway.car[1],223.35,61.519760628893,4.35211131090892
12.9,31,Highway.car[2],78.3375959775992,226.65,7.57871484941947
12.9,1,Highway.car[3],226.65,384.032970602835,6.66672589582693
12.9,2,Highway.car[4],226.65,404.748780686341,4.62388218056662
12.9,3,Highway.car[5],226.65,415.466125522851,1.02605163731549
13,0,Highway.car[0],226.65,369.651199824194,6.93950077732114
13,15,Highway.car[1],223.35,61.9593625423267,4.3960191343372
13,31,Highway.car[2],79.1051776947463,226.65,7.6758171714717
13,1,Highway.car[3],226.65,383.358367830321,6.74602772514936
13,2,Highway.car[4],226.65,404.277513954008,4.71266732333619
13,3,Highway.car[5],226.65,415.355403864795,1.10721658056189
13.1,0,Highway.car[0],226.65,368.951893352695,6.99306471499169
13.1,15,Highway.car[1],223.35,62.4019299331603,4.4256739083355
13.1,31,Highway.car[2],79.879135513108,226.65,7.73957818361608
13.1,1,Highway.car[3],226.65,382.683526304295,6.7484152602562
13.1,2,Highway.car[4],226.65,403.795781795917,4.81732158090844
13.1,3,Highway.car[5],226.65,415.23597079506,1.19433069735353
13.2,0,Highway.car[0],226.65,368.247330889707,7.04562462987678
13.2,15,Highway.car[1],223.35,62.8463119231138,4.44381989953492
13.2,31,Highway.car[2],80.6578737771819,226.65,7.78738264073994
13.2,1,Highway.car[3],226.65,382.001479070857,6.8204723343792
13.2,2,Highway.car[4],226.65,403.307210565228,4.88571230688942
13.2,3,Highway.car[5],226.65,415.111798698757,1.24172096302553
13.3,0,Highway.car[0],226.65,367.536085952654,7.11244937052692
13.3,15,Highway.car[1],223.35,63.2974235146211,4.5111159150732
13.3,31,Highway.car[2],81.4415153348283,226.65,7.8364155764636
13.3,1,Highway.car[3],226.65,381.316876659501,6.84602411356312
13.3,2,Highway.car[4],226.65,402.811515870308,4.95694694919902
13.3,3,Highway.car[5],226.65,414.979873358925,1.31925339832373
13.4,0,Highway.car[0],226.65,366.819880092063,7.16205860591421
13.4,15,Highway.car[1],223.35,63.7538074140866,4.56383899465424
13.4,31,Highway.car[2],82.2321888906371,226.65,7.90673555808751
13.4,1,Highway.car[3],226.65,380.627398509121,6.89478150379262
13.4,2,Highway.car[4],226.65,402.305420902745,5.0609496756291
13.4,3,Highway.car[5],226.65,414.84184120407,1.38032154854789
13.5,0,Highway.car[0],226.65,366.098803866161,7.21076225901881
13.5,15,Highway.car[1],223.35,64.2125222796813,4.58714865594672
13.5,31,Highway.car[2],83.0301829244193,226.65,7.97994033782188
13.5,1,Highway.car[3],226.65,379.931296302017,6.9610220710396
13.5,2,Highway.car[4],226.65,401.791333603355,5.14087299390481
13.5,3,Highway.car[5],226.65,414.69525974003,1.46581464040379
13.6,0,Highway.car[0],226.65,365.371082905642,7.27720960519111
13.6,15,Highway.car[1],223.35,64.6758769337423,4.63354654061061
13.6,31,Highway.car[2],83.8371346952086,226.65,8.06951770789366
13.6,1,Highway.car[3],226.65,379.234567882009,6.96728420008004
13.6,2,Highway.car[4],226.65,401.267118420736,5.24215182618769
13.6,3,Highway.car[5],226.65,414.539698647166,1.55561092863262
13.7,0,Highway.car[0],226.65,364.637843520728,7.3323938491449
13.7,15,Highway.car[1],223.35,65.1461032177223,4.70226283979963
13.7,31,Highway.car[2],84.6471441785902,226.65,8.10009483381551
13.7,1,Highway.car[3],226.65,378.532028921512,7.02538960497642
13.7,2,Highway.car[4],226.65,400.734511356944,5.32607063791686
13.7,3,Highway.car[5],226.65,414.374709675462,1.64988971704554
13.8,0,Highway.car[0],226.65,363.898066871725,7.39776649002193
13.8,15,Highway.car[1],223.35,65.6194346373641,4.73331419641886
13.8,31,Highway.car[2],85.4610520979432,226.65,8.13907919353017
13.8,1,Highway.car[3],226.65,377.824916928191,7.07111993321166
13.8,2,Highway.car[4],226.65,400.193705900329,5.40805456615584
13.8,3,Highway.car[5],226.65,414.201659054351,1.73050621111115
13.9,0,Highway.car[0],226.65,363.154894112614,7.43172759111619
13.9,15,Highway.car[1],223.35,66.0946512917974,4.75216654433229
13.9,31,Highway.car[2],86.2822115671872,226.65,8.21159469243981
13.9,1,Highway.car[3],226.65,377.112868697243,7.12048230948084
13.9,2,Highway.car[4],226.65,399.642754751877,5.5095114845151
13.9,3,Highway.car[5],226.65,414.021834408402,1.79824645948882
14,0,Highway.car[0],226.65,362.408148165399,7.46745947214237
14,15,Highway.car[1],223.35,66.5724544602801,4.77803168482764
14,31,Highway.car[2],87.1073939492932,226.65,8.25182382105993
14,1,Highway.car[3],226.65,376.393086299055,7.19782398187101
14,2,Highway.car[4],226.65,399.082556879663,5.60197872214131
14,3,Highway.car[5],226.65,413.834659601532,1.87174806869642
14.1,0,Highway.car[0],226.65,361.656232198127,7.51915967272615
14.1,15,Highway.car[1],223.35,67.0554745601252,4.83020099845028
14.1,31,Highway.car[2],87.9415776732883,226.65,8.34183723995139
14.1,1,Highway.car[3],226.65,375.672487500321,7.20598798734833
14.1,2,Highway.car[4],226.65,398.514720696438,5.67836183225056
14.1,3,Highway.car[5],226.65,413.638692151688,1.95967449844169
14.2,0,Highway.car[0],226.65,360.899297533535,7.56934664591516
14.2,15,Highway.car[1],223.35,67.5401735523868,4.84698992261652
14.2,31,Highway.car[2],88.7793376124992,226.65,8.37759939210865
14.2,1,Highway.car[3],226.65,374.945069365201,7.27418135119965
14.2,2,Highway.car[4],226.65,397.9360389049,5.78681791538437
14.2,3,Highway.car[5],226.65,413.435157532107,2.03534619581124
14.3,0,Highway.car[0],226.65,360.134363620485,7.64933913050799
14.3,15,Highway.car[1],223.35,68.0291168519776,4.88943299590738
14.3,31,Highway.car[2],89.6207484087255,226.65,8.41410796226378
14.3,1,Highway.car[3],226.65,374.213961250882,7.31108114318305
14.3,2,Highway.car[4],226.65,397.349201997737,5.86836907162955
14.3,3,Highway.car[5],226.65,413.225607935873,2.09549596233463
14.4,0,Highway.car[0],226.65,359.361971243267,7.72392377217693
14.4,15,Highway.car[1],223.35,68.5222907673163,4.93173915338738
14.4,31,Highway.car[2],90.4714504666584,226.65,8.50702057932879
14.4,1,Highway.car[3],226.65,373.481229738635,7.3273151224776
14.4,2,Highway.car[4],226.65,396.753375451398,5.95826546338824
14.4,3,Highway.car[5],226.65,413.009138662839,2.16469273034303
14.5,0,Highway.car[0],226.65,358.586558446883,7.75412796383465
14.5,15,Highway.car[1],223.35,69.0166052656025,4.94314498286241
14.5,31,Highway.car[2],91.3317271021329,226.65,8.60276635474435
14.5,1,Highway.car[3],226.65,372.741901722679,7.39328015955635
14.5,2,Highway.car[4],226.65,396.147578167516,6.05797283882061
14.5,3,Highway.car[5],226.65,412.786093607602,2.23045055237186
14.6,0,Highway.car[0],226.65,357.805806401832,7.80752045050936
14.6,15,Highway.car[1],223.35,69.5119825548032,4.95377289200703
14.6,31,Highway.car[2],92.200014857017,226.65,8.68287754884132
14.6,1,Highway.car[3],226.65,371.996347409045,7.45554313633605
14.6,2,Highway.car[4],226.65,395.532278540822,6.15299626694219
14.6,3,Highway.car[5],226.65,412.555160057151,2.30933550450538
14.7,0,Highway.car[0],226.65,357.022025480896,7.83780920936374
14.7,15,Highway.car[1],223.35,70.0109466739086,4.98964119105402
14.7,31,Highway.car[2],93.0776611113231,226.65,8.77646254306103
14.7,1,Highway.car[3],226.65,371.248586193325,7.47761215720832
14.7,2,Highway.car[4],226.65,394.906854492144,6.25424048677198
14.7,3,Highway.car[5],226.65,412.315824975481,2.39335081670603
14.8,0,Highway.car[0],226.65,356.230939073393,7.91086407502947
14.8,15,Highway.car[1],223.35,70.5119587114637,5.01012037555094
14.8,31,Highway.car[2],93.9600271090323,226.65,8.82365997709244
14.8,1,Highway.car[3],226.65,370.492756415738,7.55829777586109
14.8,2,Highway.car[4],226.65,394.274741394369,6.32113097775513
14.8,3,Highway.car[5],226.65,412.069966301539,2.45858673941514
14.9,0,Highway.car[0],226.65,355.432045795332,7.98893278061433
14.9,15,Highway.car[1],223.35,71.0142832276824,5.02324516218703
14.9,31,Highway.car[2],94.849125709834,226.65,8.89098600801689
14.9,1,Highway.car[3],226.65,369.735231976253,7.57524439485875
14.9,2,Highway.car[4],226.65,393.634030514343,6.40710880025588
14.9,3,Highway.car[5],226.65,411.819134196548,2.50832104991825
15,0,Highway.car[0],226.65,354.626903419683,8.05142375648322
15,15,Highway.car[1],223.35,71.5225528761873,5.08269648504851
15,31,Highway.car[2],95.7458685053602,226.65,8.96742795526193
15,1,Highway.car[3],226.65,368.966695630666,7.68536345586931
15,2,Highway.car[4],226.65,392.985012977811,6.49017536532525
15,3,Highway.car[5],226.65,411.562902095784,2.56232100763062
15.1,0,Highway.car[0],226.65,353.81799951751,8.08903902173808
15.1,15,Highway.car[1],223.35,72.0353550261109,5.1280214992367
15.1,31,Highway.car[2],96.652605719761,226.65,9.06737214400808
15.1,1,Highway.car[3],226.65,368.195010062142,7.71685568523796
15.1,2,Highway.car[4],226.65,392.328014792386,6.56998185424572
15.1,3,Highway.car[5],226.65,411.299408853649,2.6349324213579
15.2,0,Highway.car[0],226.65,353.006052343822,8.11947173687836
15.2,15,Highway.car[1],223.35,72.5545311848917,5.19176158780756
15.2,31,Highway.car[2],97.5669696117199,226.65,9.14363891958867
15.2,1,Highway.car[3],226.65,367.419963133082,7.75046929059491
15.2,2,Highway.car[4],226.65,391.662265127681,6.65749664704846
15.2,3,Highway.car[5],226.65,411.026145855193,2.7326299845549
15.3,0,Highway.car[0],226.65,352.188903220406,8.17149123415557
15.3,15,Highway.car[1],223.35,73.0769661034122,5.22434918520565
15.3,31,Highway.car[2],98.4865076488532,226.65,9.19538037133313
15.3,1,Highway.car[3],226.65,366.643537928531,7.7642520455173
15.3,2,Highway.car[4],226.65,390.989461057089,6.72804070592318
15.3,3,Highway.car[5],226.65,410.74301874172,2.83127113473189
15.4,0,Highway.car[0],226.65,351.36702693327,8.21876287135968
15.4,15,Highway.car[1],223.35,73.6042903498618,5.27324246449548
15.4,31,Highway.car[2],99.4101390189854,226.65,9.23631370132233
15.4,1,Highway.car[3],226.65,365.861267249198,7.82270679332103
15.4,2,Highway.car[4],226.65,390.308667897876,6.80793159213029
15.4,3,Highway.car[5],226.65,410.450171580153,2.92847161566892
15.5,0,Highway.car[0],226.65,350.539150827845,8.27876105425713
15.5,15,Highway.car[1],223.35,74.1329696834462,5.28679333584395
15.5,31,Highway.car[2],100.34110502655,226.65,9.30966007564126
15.5,1,Highway.car[3],226.65,365.073382440954,7.87884808244527
15.5,2,Highway.car[4],226.65,389.619495021553,6.89172876322474
15.5,3,Highway.car[5],226.65,410.150312616591,2.99858963562112
15.6,0,Highway.car[0],226.65,349.703581831451,8.35568996393794
15.6,15,Highway.car[1],223.35,74.6655306139436,5.32560930497351
15.6,31,Highway.car[2],101.281664632669,226.65,9.405596061199
15.6,1,Highway.car[3],226.65,364.278036434075,7.95346006879169
15.6,2,Highway.car[4],226.65,388.922781948047,6.96713073506038
15.6,3,Highway.car[5],226.65,409.845448690764,3.04863925827487
15.7,0,Highway.car[0],226.65,348.862521165738,8.41060665712526
15.7,15,Highway.car[1],223.35,75.2040731117673,5.38542497823796
15.7,31,Highway.car[2],102.22723649348,226.65,9.45571860810651
15.7,1,Highway.car[3],226.65,363.4772456807,8.00790753375266
15.7,2,Highway.car[4],226.65,388.216023171912,7.06758776135016
15.7,3,Highway.car[5],226.65,409.53199351218,3.13455178583443
15.8,0,Highway.car[0],226.65,348.014475184107,8.48045981631542
15.8,15,Highway.car[1],223.35,75.7454646308682,5.41391519100907
15.8,31,Highway.car[2],103.177858236022,226.65,9.50621742541578
15.8,1,Highway.car[3],226.65,362.670461908432,8.06783772267693
15.8,2,Highway.car[4],226.65,387.500671019559,7.1535215235387
15.8,3,Highway.car[5],226.65,409.213418343594,3.18575168586389
15.9,0,Highway.car[0],226.65,347.161092428413,8.53382755694
15.9,15,Highway.car[1],223.35,76.2887555596866,5.43290928818298
15.9,31,Highway.car[2],104.13423264194,226.65,9.56374405918319
15.9,1,Highway.car[3],226.65,361.857874918955,8.12586989476419
15.9,2,Highway.car[4],226.65,386.778356650994,7.22314368564607
15.9,3,Highway.car[5],226.65,408.885023020135,3.28395323458414
16,0,Highway.car[0],226.65,346.300537716455,8.60554711957203
16,15,Highway.car[1],223.35,76.8373652168373,5.48609657150706
16,31,Highway.car[2],105.099289082774,226.65,9.65056440834098
16,1,Highway.car[3],226.65,361.042117699219,8.1575721973613
16,2,Highway.car[4],226.65,386.047981534922,7.30375116071682
16,3,Highway.car[5],226.65,408.546760514082,3.3826250605372
16.1,0,Highway.car[0],226.65,345.433459411562,8.67078304893823
16.1,15,Highway.car[1],223.35,77.3918012187479,5.54436001910608
16.1,31,Highway.car[2],106.067860533766,226.65,9.68571450991698
16.1,1,Highway.car[3],226.65,360.218488285236,8.2362941398341
16.1,2,Highway.car[4],226.65,385.309744201778,7.3823733314408
16.1,3,Highway.car[5],226.65,408.203281935237,3.43478578844277
16.2,0,Highway.car[0],226.65,344.561591385323,8.71868026238328
16.2,15,Highway.car[1],223.35,77.9477084991013,5.55907280353469
16.2,31,Highway.car[2],107.041276732099,226.65,9.73416198333169
16.2,1,Highway.car[3],226.65,359.388784189508,8.29704095728334
16.2,2,Highway.car[4],226.65,384.563628388841,7.46115812937561
16.2,3,Highway.car[5],226.65,407.854080758945,3.49201176292433
16.2,4,Highway.car[6],226.65,415.142396366324,0.0760363367554732
16.3,0,Highway.car[0],226.65,343.684626045977,8.76965339346716
16.3,15,Highway.car[1],223.35,78.5066231918456,5.58914692744276
16.3,31,Highway.car[2],108.024133610915,226.65,9.8285687881606
16.3,1,Highway.car[3],226.65,358.554978214099,8.33805975408666
16.3,2,Highway.car[4],226.65,383.807893595616,7.55734793224344
16.3,3,Highway.car[5],226.65,407.498352303999,3.55728454946244
16.3,4,Highway.car[6],226.65,415.127345904108,0.150504622167923
16.4,0,Highway.car[0],226.65,342.803379603,8.81246442976894
16.4,15,Highway.car[1],223.35,79.0675773237662,5.60954131920532
16.4,31,Highway.car[2],109.010887487809,226.65,9.86753876893458
16.4,1,Highway.car[3],226.65,357.718341413643,8.36636800455525
16.4,2,Highway.car[4],226.65,383.04023600075,7.67657594866417
16.4,3,Highway.car[5],226.65,407.13322955617,3.65122747828539
16.4,4,Highway.car[6],226.65,415.10436110147,0.229848026375532
16.5,0,Highway.car[0],226.65,341.917459213373,8.85920389626475
16.5,15,Highway.car[1],223.35,79.632292742467,5.64715418700793
16.5,31,Highway.car[2],110.003325824509,226.65,9.92438336700576
16.5,1,Highway.car[3],226.65,356.875903562535,8.42437851108388
16.5,2,Highway.car[4],226.65,382.26277441614,7.77461584610371
16.5,3,Highway.car[5],226.65,406.75871999077,3.74509565399664
16.5,4,Highway.car[6],226.65,415.07367720221,0.306838992601478
16.6,0,Highway.car[0],226.65,341.027385341522,8.90073871850895
16.6,15,Highway.car[1],223.35,80.2025727418168,5.70279999349815
16.6,31,Highway.car[2],111.005238687724,226.65,10.0191286321534
16.6,1,Highway.car[3],226.65,356.030543213943,8.45360348592102
16.6,2,Highway.car[4],226.65,381.478648597844,7.84125818295609
16.6,3,Highway.car[5],226.65,406.374538672405,3.84181318365789
16.6,4,Highway.car[6],226.65,415.036107831958,0.375693702515904
16.7,0,Highway.car[0],226.65,340.129925663366,8.97459678156415
16.7,15,Highway.car[1],223.35,80.7752647675429,5.72692025726162
16.7,31,Highway.car[2],112.012956029634,226.65,10.0771734190909
16.7,1,Highway.car[3],226.65,355.181815230738,8.48727983204403
16.7,2,Highway.car[4],226.65,380.68556559296,7.93083004883975
16.7,3,Highway.car[5],226.65,405.982914929513,3.9162374289118
16.7,4,Highway.car[6],226.65,414.99237468979,0.437331421687569
16.8,0,Highway.car[0],226.65,339.227045905751,9.02879757614734
16.8,15,Highway.car[1],223.35,81.3520270894169,5.76762321873977
16.8,31,Highway.car[2],113.030155713667,226.65,10.1719968403308
16.8,1,Highway.car[3],226.65,354.321222261028,8.60592969710461
16.8,2,Highway.car[4],226.65,379.881518898957,8.04046694003017
16.8,3,Highway.car[5],226.65,405.58282127579,4.00093653723185
16.8,4,Highway.car[6],226.65,414.942698366296,0.496763234937027
16.9,0,Highway.car[0],226.65,338.321362162424,9.05683743327038
16.9,15,Highway.car[1],223.35,81.9355495469227,5.83522457505799
16.9,31,Highway.car[2],114.054884822526,226.65,10.2472910885969
16.9,1,Highway.car[3],226.65,353.458336504476,8.62885756551606
16.9,2,Highway.car[4],226.65,379.070295218861,8.11223680095905
16.9,3,Highway.car[5],226.65,405.175628302418,4.07192973372114
16.9,4,Highway.car[6],226.65,414.885051561794,0.576468045023293
17,0,Highway.car[0],226.65,337.409789176942,9.11572985481957
17,15,Highway.car[1],223.35,82.522040743207,5.86491196284246
17,31,Highway.car[2],115.083582722903,226.65,10.2869790037689
17,1,Highway.car[3],226.65,352.593493112599,8.64843391877118
17,2,Highway.car[4],226.65,378.249743080976,8.20552137885121
17,3,Highway.car[5],226.65,404.761256864298,4.14371438120429
17,4,Highway.car[6],226.65,414.819474989529,0.655765722644305
17.1,0,Highway.car[0],226.65,336.495096893676,9.14692283266244
17.1,15,Highway.car[1],223.35,83.1097894227156,5.87748679508584
17.1,31,Highway.car[2],116.119916714767,226.65,10.3633399186414
17.1,1,Highway.car[3],226.65,351.723761432461,8.69731680137849
17.1,2,Highway.car[4],226.65,377.421533006248,8.28210074727535
17.1,3,Highway.car[5],226.65,404.340948055901,4.20308808396856
17.1,4,Highway.car[6],226.65,414.749861034741,0.696139547884667
17.2,0,Highway.car[0],226.65,335.575354853155,9.19742040520927
17.2,15,Highway.car[1],223.35,83.7016659249695,5.9187650225399
17.2,31,Highway.car[2],117.163605815246,226.65,10.4368910047845
17.2,1,Highway.car[3],226.65,350.847735281614,8.76026150847108
17.2,2,Highway.car[4],226.65,376.583290418137,8.38242588111264
17.2,3,Highway.car[5],226.65,403.914226020088,4.26722035813198
17.2,4,Highway.car[6],226.65,414.672469460796,0.773915739442822
17.3,0,Highway.car[0],226.65,334.650770296835,9.24584556320144
17.3,15,Highway.car[1],223.35,84.2956864881324,5.94020563162946
17.3,31,Highway.car[2],118.217186193457,226.65,10.5358037821101
17.3,1,Highway.car[3],226.65,349.967927403709,8.79807877905719
17.3,2,Highway.car[4],226.65,375.734922382667,8.48368035469642
17.3,3,Highway.car[5],226.65,403.480489072878,4.33736947209395
17.3,4,Highway.car[6],226.65,414.591852362635,0.806170981616382
17.4,0,Highway.car[0],226.65,333.719285738502,9.31484558332546
17.4,15,Highway.car[1],223.35,84.8908227869271,5.95136298794592
17.4,31,Highway.car[2],119.275246580029,226.65,10.5806038657241
17.4,1,Highway.car[3],226.65,349.082152646412,8.85774757296437
17.4,2,Highway.car[4],226.65,374.877648479603,8.57273903064588
17.4,3,Highway.car[5],226.65,403.039244925389,4.41244147488784
17.4,4,Highway.car[6],226.65,414.507340589867,0.845117727676075
17.5,0,Highway.car[0],226.65,332.784454047728,9.34831690773947
17.5,15,Highway.car[1],223.35,85.4869151538147,5.96092366887619
17.5,31,Highway.car[2],120.337490103931,226.65,10.6224352390217
17.5,1,Highway.car[3],226.65,348.189644457865,8.92508188547125
17.5,2,Highway.car[4],226.65,374.009990590653,8.67657888949727
17.5,3,Highway.car[5],226.65,402.593107058852,4.4613786653714
17.5,4,Highway.car[6],226.65,414.419767571102,0.87573018765137
17.6,0,Highway.car[0],226.65,331.842039673733,9.42414373995198
17.6,15,Highway.car[1],223.35,86.0881020405967,6.01186886782026
17.6,31,Highway.car[2],121.404851237473,226.65,10.6736113354136
17.6,1,Highway.car[3],226.65,347.296524293586,8.93120164279401
17.6,2,Highway.car[4],226.65,373.134380679942,8.75609910711292
17.6,3,Highway.car[5],226.65,402.13794905143,4.55158007422515
17.6,4,Highway.car[6],226.65,414.329054602165,0.907129689370882
17.7,0,Highway.car[0],226.65,330.895268396812,9.46771276920868
17.7,15,Highway.car[1],223.35,86.6948603148343,6.06758274237569
17.7,31,Highway.car[2],122.477001798364,226.65,10.7215056089093
17.7,1,Highway.car[3],226.65,346.396060155182,9.00464138403622
17.7,2,Highway.car[4],226.65,372.25019478584,8.84185894101783
17.7,3,Highway.car[5],226.65,401.674641071533,4.63307979896368
17.7,4,Highway.car[6],226.65,414.232397009318,0.966575928466995
17.8,0,Highway.car[0],226.65,329.944209813384,9.51058583428265
17.8,15,Highway.car[1],223.35,87.3053107985148,6.1045048368053
17.8,31,Highway.car[2],123.558829707309,226.65,10.8182790894495
17.8,1,Highway.car[3],226.65,345.487165946359,9.08894208823212
17.8,2,Highway.car[4],226.65,371.354192720549,8.96002065290994
17.8,3,Highway.car[5],226.65,401.206394417768,4.68246653765609
17.8,4,Highway.car[6],226.65,414.127774270838,1.04622738480162
17.9,0,Highway.car[0],226.65,328.985902627693,9.58307185691429
17.9,15,Highway.car[1],223.35,87.9184997758372,6.13188977322345
17.9,31,Highway.car[2],124.648206422999,226.65,10.8937671569027
17.9,1,Highway.car[3],226.65,344.576490777799,9.10675168560233
17.9,2,Highway.car[4],226.65,370.44817555707,9.06017163479253
17.9,3,Highway.car[5],226.65,400.729485542889,4.76908874878363
17.9,4,Highway.car[6],226.65,414.019891585411,1.07882685426869
18,0,Highway.car[0],226.65,328.024244548421,9.61658079271225
18,15,Highway.car[1],223.35,88.535048625759,6.16548849921896
18,31,Highway.car[2],125.744632835294,226.65,10.9642641229523
18,1,Highway.car[3],226.65,343.656463617263,9.20027160535535
18,2,Highway.car[4],226.65,369.532113406955,9.16062150114327
18,3,Highway.car[5],226.65,400.245692080713,4.83793462176511
18,4,Highway.car[6],226.65,413.905720730973,1.14170854438063
18.1,0,Highway.car[0],226.65,327.056229046306,9.68015502115546
18.1,15,Highway.car[1],223.35,89.1563386403329,6.21290014573898
18.1,31,Highway.car[2],126.847666487539,226.65,11.0303365224474
18.1,1,Highway.car[3],226.65,342.734852520787,9.2161109647638
18.1,2,Highway.car[4],226.65,368.608981376612,9.23132030343282
18.1,3,Highway.car[5],226.65,399.755767742711,4.89924338002276
18.1,4,Highway.car[6],226.65,413.787991363764,1.17729367209286
18.2,0,Highway.car[0],226.65,326.084068386367,9.72160659938605
18.2,15,Highway.car[1],223.35,89.7802201341481,6.23881493815187
18.2,31,Highway.car[2],127.958543682934,226.65,11.1087719539497
18.2,1,Highway.car[3],226.65,341.808382414976,9.26470105810413
18.2,2,Highway.car[4],226.65,367.676301364164,9.32680012448476
18.2,3,Highway.car[5],226.65,399.259792469494,4.95975273216429
18.2,4,Highway.car[6],226.65,413.662286835467,1.25704528296985
18.3,0,Highway.car[0],226.65,325.106247875757,9.77820510610379
18.3,15,Highway.car[1],223.35,90.4094480386655,6.2922790451731
18.3,31,Highway.car[2],129.075403353798,226.65,11.1685967086386
18.3,1,Highway.car[3],226.65,340.874994936375,9.33387478601241
18.3,2,Highway.car[4],226.65,366.73499864383,9.41302720334073
18.3,3,Highway.car[5],226.65,398.753998692766,5.05793776728731
18.3,4,Highway.car[6],226.65,413.532036491768,1.30250343698416
18.4,0,Highway.car[0],226.65,324.131347906938,9.74899968819227
18.4,15,Highway.car[1],223.35,91.0432502703341,6.33802231668578
18.4,31,Highway.car[2],130.19774093801,226.65,11.2233758421187
18.4,1,Highway.car[3],226.65,339.938312219853,9.36682716522192
18.4,2,Highway.car[4],226.65,365.781991793214,9.53006850615208
18.4,3,Highway.car[5],226.65,398.242799855444,5.11198837321421
18.4,4,Highway.car[6],226.65,413.394265925109,1.37770566659201
18.5,0,Highway.car[0],226.65,323.155317348334,9.76030558603443
18.5,15,Highway.car[1],223.35,91.6815778048414,6.38327534507368
18.5,31,Highway.car[2],131.328129965413,226.65,11.3038902740334
18.5,1,Highway.car[3],226.65,339.003627214487,9.34685005365591
18.5,2,Highway.car[4],226.65,364.821707080546,9.60284712668433
18.5,3,Highway.car[5],226.65,397.725761358809,5.17038496635208
18.5,4,Highway.car[6],226.65,413.251661530335,1.42604394774665
18.6,0,Highway.car[0],226.65,322.180021621652,9.7529572668178
18.6,15,Highway.car[1],223.35,92.3223332176931,6.4075541285173
18.6,31,Highway.car[2],132.467181121637,226.65,11.3905115622436
18.6,1,Highway.car[3],226.65,338.06280469701,9.40822517476814
18.6,2,Highway.car[4],226.65,363.850290255089,9.71416825456516
18.6,3,Highway.car[5],226.65,397.200414324972,5.25347033837397
18.6,4,Highway.car[6],226.65,413.103607395733,1.48054134601415
18.7,0,Highway.car[0],226.65,321.200261276438,9.79760345214605
18.7,15,Highway.car[1],223.35,92.9653191054685,6.42985887775351
18.7,31,Highway.car[2],133.614273762575,226.65,11.4709264093791
18.7,1,Highway.car[3],226.65,337.125756925458,9.37047771551961
18.7,2,Highway.car[4],226.65,362.86697514776,9.83315107329905
18.7,3,Highway.car[5],226.65,396.670471236214,5.29943088757276
18.7,4,Highway.car[6],226.65,412.948771533802,1.54835861931149
18.8,0,Highway.car[0],226.65,320.221073216267,9.79188060170785
18.8,15,Highway.car[1],223.35,93.6091822424473,6.43863136978857
18.8,31,Highway.car[2],134.768633492579,226.65,11.5435973000354
18.8,1,Highway.car[3],226.65,336.182472088722,9.43284836736675
18.8,2,Highway.car[4],226.65,361.874517598478,9.92457549281622
18.8,3,Highway.car[5],226.65,396.13380648925,5.36664746963821
18.8,4,Highway.car[6],226.65,412.787863763978,1.60907769823879
18.9,0,Highway.car[0],226.65,319.241476487684,9.7959672858268
18.9,15,Highway.car[1],223.35,94.257597339402,6.48415096954665
18.9,31,Highway.car[2],135.926104087048,226.65,11.5747059446983
18.9,1,Highway.car[3],226.65,335.239399882017,9.43072206704332
18.9,2,Highway.car[4],226.65,360.871252744134,10.0326485434395
18.9,3,Highway.car[5],226.65,395.587469925916,5.46336563334736
18.9,4,Highway.car[6],226.65,412.621282593049,1.66581170929097
19,0,Highway.car[0],226.65,318.264434626983,9.77041860700958
19,15,Highway.car[1],223.35,94.9118458075197,6.54248468117732
19,31,Highway.car[2],137.092427466312,226.65,11.6632337926389
19,1,Highway.car[3],226.65,334.29240009385,9.4699978816757
19,2,Highway.car[4],226.65,359.856996514265,10.1425622986859
19,3,Highway.car[5],226.65,395.031530079853,5.55939846063085
19,4,Highway.car[6],226.65,412.451699349356,1.69583243692913
19.1,0,Highway.car[0],226.65,317.285927316481,9.78507310502417
19.1,15,Highway.car[1],223.35,95.5673261675213,6.55480360001549
19.1,31,Highway.car[2],138.26562409637,226.65,11.7319663005779
19.1,1,Highway.car[3],226.65,333.346451834519,9.45948259331215
19.1,2,Highway.car[4],226.65,358.832596106353,10.2440040791269
19.1,3,Highway.car[5],226.65,394.468574112396,5.6295596745697
19.1,4,Highway.car[6],226.65,412.275686540125,1.76012809231472
19.2,0,Highway.car[0],226.65,316.308103432952,9.77823883529194
19.2,15,Highway.car[1],223.35,96.2263419189205,6.59015751399253
19.2,31,Highway.car[2],139.445513533649,226.65,11.7988943727841
19.2,1,Highway.car[3],226.65,332.39791451262,9.48537321899058
19.2,2,Highway.car[4],226.65,357.796328608378,10.3626749797428
19.2,3,Highway.car[5],226.65,393.896758577036,5.71815535359835
19.2,4,Highway.car[6],226.65,412.094979088335,1.80707451789234
19.3,0,Highway.car[0],226.65,315.331951636744,9.76151796208136
19.3,15,Highway.car[1],223.35,96.888383412255,6.62041493334448
19.3,31,Highway.car[2],140.634936303721,226.65,11.8942277007238
19.3,1,Highway.car[3],226.65,331.446954855069,9.50959657550147
19.3,2,Highway.car[4],226.65,356.749660600095,10.4666800828322
19.3,3,Highway.car[5],226.65,393.316629118947,5.80129458089062
19.3,4,Highway.car[6],226.65,411.909801026626,1.85178061709427
19.4,0,Highway.car[0],226.65,314.354114539127,9.77837097616773
19.4,15,Highway.car[1],223.35,97.5563057701504,6.67922357895402
19.4,31,Highway.car[2],141.833029722346,226.65,11.9809341862486
19.4,1,Highway.car[3],226.65,330.497431790312,9.4952306475697
19.4,2,Highway.car[4],226.65,355.692100912979,10.5755968711592
19.4,3,Highway.car[5],226.65,392.728750434734,5.87878684212855
19.4,4,Highway.car[6],226.65,411.718436612711,1.91364413915076
19.5,0,Highway.car[0],226.65,313.375235859616,9.78878679510951
19.5,15,Highway.car[1],223.35,98.2249713938298,6.68665623679468
19.5,31,Highway.car[2],143.038595473816,226.65,12.0556575146984
19.5,1,Highway.car[3],226.65,329.548683082685,9.48748707627402
19.5,2,Highway.car[4],226.65,354.622930208635,10.6917070434472
19.5,3,Highway.car[5],226.65,392.134855475837,5.93894958896847
19.5,4,Highway.car[6],226.65,411.522206054554,1.96230558156655
19.6,0,Highway.car[0],226.65,312.400382698974,9.74853160641622
19.6,15,Highway.car[1],223.35,98.8999024399747,6.74931046144794
19.6,31,Highway.car[2],144.248249691394,226.65,12.0965421757861
19.6,1,Highway.car[3],226.65,328.597412794381,9.51270288304174
19.6,2,Highway.car[4],226.65,353.544284694955,10.7864551367994
19.6,3,Highway.car[5],226.65,391.534534145768,6.00321330068685
19.6,4,Highway.car[6],226.65,411.321931904502,2.00274150052168
19.7,0,Highway.car[0],226.65,311.423777640574,9.76605058400426
19.7,15,Highway.car[1],223.35,99.5772794596141,6.7737701963949
19.7,31,Highway.car[2],145.467624989096,226.65,12.1937529770206
19.7,1,Highway.car[3],226.65,327.649389877533,9.48022916847495
19.7,2,Highway.car[4],226.65,352.454460089377,10.8982460557727
19.7,3,Highway.car[5],226.65,390.929448171606,6.0508597416238
19.7,4,Highway.car[6],226.65,411.11515260548,2.06779299022224
19.8,0,Highway.car[0],226.65,310.445866319082,9.77911321491562
19.8,15,Highway.car[1],223.35,100.259017484586,6.81738024972067
19.8,31,Highway.car[2],146.69420984659,226.65,12.2658485749378
19.8,1,Highway.car[3],226.65,326.696111582771,9.53278294762879
19.8,2,Highway.car[4],226.65,351.354127312586,11.0033277679139
19.8,3,Highway.car[5],226.65,390.31736678571,6.12081385895778
19.8,4,Highway.car[6],226.65,410.901133418138,2.14019187342343
19.9,0,Highway.car[0],226.65,309.470348464294,9.75517854788806
19.9,15,Highway.car[1],223.35,100.944729457953,6.85711973367063
19.9,31,Highway.car[2],147.930624762458,226.65,12.3641491586822
19.9,1,Highway.car[3],226.65,325.739692170218,9.56419412552777
19.9,2,Highway.car[4],226.65,350.244577115654,11.0955019693227
19.9,3,Highway.car[5],226.65,389.697473887524,6.19892898185696
19.9,4,Highway.car[6],226.65,410.679828412344,2.21305005793706
20,0,Highway.car[0],226.65,308.493011600618,9.77336863675062
20,15,Highway.car[1],223.35,101.637253893044,6.92524435090963
20,31,Highway.car[2],149.174076985116,226.65,12.4345222265753
20,1,Highway.car[3],226.65,324.787451443703,9.5224072651443
20,2,Highway.car[4],226.65,349.126354843107,11.1822227254698
20,3,Highway.car[5],226.65,389.071366795732,6.26107091792213
20,4,Highway.car[6],226.65,410.452993863514,2.26834548830208
20.1,0,Highway.car[0],226.65,307.513643274662,9.79368325956538
20.1,15,Highway.car[1],223.35,102.335363388829,6.98109495784845
20.1,31,Highway.car[2],150.42193554769,226.65,12.478585625737
20.1,1,Highway.car[3],226.65,323.830848609489,9.56602834214248
20.1,2,Highway.car[4],226.65,347.996148497496,11.3020634561038
20.1,3,Highway.car[5],226.65,388.436042889773,6.35323905959079
20.1,4,Highway.car[6],226.65,410.221836487457,2.31157376056225
20.2,0,Highway.car[0],226.65,306.53758407627,9.76059198392369
20.2,15,Highway.car[1],223.35,103.035352878323,6.99989489493673
20.2,31,Highway.car[2],151.674470781449,226.65,12.52535233759
20.2,1,Highway.car[3],226.65,322.875964951499,9.54883657990158
20.2,2,Highway.car[4],226.65,346.858512706694,11.3763579080214
20.2,3,Highway.car[5],226.65,387.795932636778,6.40110252995212
20.2,4,Highway.car[6],226.65,409.98619073128,2.35645756177664
20.3,0,Highway.car[0],226.65,305.559097128283,9.78486947986391
20.3,15,Highway.car[1],223.35,103.738195540353,7.02842662030076
20.3,31,Highway.car[2],152.931360514468,226.65,12.5688973301943
20.3,1,Highway.car[3],226.65,321.919843759845,9.56121191654038
20.3,2,Highway.car[4],226.65,345.711669898785,11.4684280790902
20.3,3,Highway.car[5],226.65,387.146011612914,6.49921023863536
20.3,4,Highway.car[6],226.65,409.743656449168,2.42534282111902
20.4,0,Highway.car[0],226.65,304.584286899412,9.74810228871368
20.4,15,Highway.car[1],223.35,104.443608612477,7.05413072124347
20.4,31,Highway.car[2],154.192294866019,226.65,12.6093435155056
20.4,1,Highway.car[3],226.65,320.962689556303,9.57154203542227
20.4,2,Highway.car[4],226.65,344.556972703596,11.546971951896
20.4,3,Highway.car[5],226.65,386.486251790349,6.5975982256495
20.4,4,Highway.car[6],226.65,409.493600458436,2.5005599073187
20.5,0,Highway.car[0],226.65,303.609326734985,9.74960164426733
20.5,15,Highway.car[1],223.35,105.15236283703,7.08754224553066
20.5,31,Highway.car[2],155.461348010343,226.65,12.6905314432471
20.5,1,Highway.car[3],226.65,320.005742345759,9.56947210543125
20.5,2,Highway.car[4],226.65,343.392452678175,11.6452002542053
20.5,3,Highway.car[5],226.65,385.818327455127,6.67924335222277
20.5,4,Highway.car[6],226.65,409.2384623453,2.55138113135905
20.6,0,Highway.car[0],226.65,302.629903308969,9.79423426015582
20.6,15,Highway.car[1],223.35,105.867723815398,7.15360978367682
20.6,31,Highway.car[2],156.736501213096,226.65,12.7515320275296
20.6,1,Highway.car[3],226.65,319.047557162453,9.58185183306774
20.6,2,Highway.car[4],226.65,342.218866599928,11.7358607824726
20.6,3,Highway.car[5],226.65,385.145069964711,6.73257490416225
20.6,4,Highway.car[6],226.65,408.977120362939,2.61341982360803
20.7,0,Highway.car[0],226.65,301.649917588997,9.79985719972104
20.7,15,Highway.car[1],223.35,106.58637342588,7.18649610482426
20.7,31,Highway.car[2],158.019963734021,226.65,12.834625209243
20.7,1,Highway.car[3],226.65,318.088132618905,9.59424543548167
20.7,2,Highway.car[4],226.65,341.037166782358,11.8169981756991
20.7,3,Highway.car[5],226.65,384.462623066708,6.82446898002462
20.7,4,Highway.car[6],226.65,408.711707021154,2.6541334178491
20.8,0,Highway.car[0],226.65,300.672346867533,9.77570721464791
20.8,15,Highway.car[1],223.35,107.310888912778,7.24515486897752
20.8,31,Highway.car[2],159.312761882926,226.65,12.9279814890507
20.8,1,Highway.car[3],226.65,317.126952047839,9.61180571065464
20.8,2,Highway.car[4],226.65,339.861596498076,11.7557028428215
20.8,3,Highway.car[5],226.65,383.774775358891,6.87847707817033
20.8,4,Highway.car[6],226.65,408.441259208855,2.7044781229977
20.8,5,Highway.car[7],226.65,416.140478517218,0.0952148278205423
20.9,0,Highway.car[0],226.65,299.695026857331,9.77320010201447
20.9,15,Highway.car[1],223.35,108.041398868681,7.30509955902482
20.9,31,Highway.car[2],160.6137512767,226.65,13.0098939377433
20.9,1,Highway.car[3],226.65,316.16756175379,9.59390294049454
20.9,2,Highway.car[4],226.65,338.69250306168,11.6909343639533
20.9,3,Highway.car[5],226.65,383.078979958744,6.95795400147611
20.9,4,Highway.car[6],226.65,408.165963215052,2.75295993803036
20.9,5,Highway.car[7],226.65,416.121762043567,0.187164736506466
21,0,Highway.car[0],226.65,298.719250204778,9.75776652553212
21,15,Highway.car[1],223.35,108.775018741257,7.33619872576199
21,31,Highway.car[2],161.920710653024,226.65,13.0695937632388
21,1,Highway.car[3],226.65,315.205592352765,9.61969401025121
21,2,Highway.car[4],226.65,337.530219772031,11.6228328964933
21,3,Highway.car[5],226.65,382.376533502302,7.02446456442289
21,4,Highway.car[6],226.65,407.885716219284,2.80246995767918
21,5,Highway.car[7],226.65,416.094539913428,0.272221301390531
21.1,0,Highway.car[0],226.65,297.74404223496,9.75207969818358
21.1,15,Highway.car[1],223.35,109.510596102843,7.35577361586541
21.1,31,Highway.car[2],163.230752654197,226.65,13.1004200117351
21.1,1,Highway.car[3],226.65,314.246692753693,9.58899599071553
21.1,2,Highway.car[4],226.65,336.371781799737,11.5843797229417
21.1,3,Highway.car[5],226.65,381.669526868029,7.07006634272686
21.1,4,Highway.car[6],226.65,407.601620820334,2.84095398949333
21.1,5,Highway.car[7],226.65,416.058347958757,0.361919546715304
21.2,0,Highway.car[0],226.65,296.767090931268,9.76951303691883
21.2,15,Highway.car[1],223.35,110.246885097388,7.36288994545178
21.2,31,Highway.car[2],164.54717574598,226.65,13.164230917831
21.2,1,Highway.car[3],226.65,313.284271981054,9.6242077263941
21.2,2,Highway.car[4],226.65,335.222268383934,11.4951341580247
21.2,3,Highway.car[5],226.65,380.957071939739,7.12454928289685
21.2,4,Highway.car[6],226.65,407.31029834289,2.91322477444694
21.2,5,Highway.car[7],226.65,416.013212447409,0.45135511347886
21.3,0,Highway.car[0],226.65,295.788867921652,9.78223009615392
21.3,15,Highway.car[1],223.35,110.986269539971,7.39384442582997
21.3,31,Highway.car[2],165.868596547683,226.65,13.2142080170279
21.3,1,Highway.car[3],226.65,312.322702758404,9.61569222650036
21.3,2,Highway.car[4],226.65,334.073077539549,11.4919084438589
21.3,3,Highway.car[5],226.65,380.235120461346,7.21951478393683
21.3,4,Highway.car[6],226.65,407.011017174575,2.99281168314409
21.3,5,Highway.car[7],226.65,415.960558723823,0.526537235857052
21.4,0,Highway.car[0],226.65,294.810047515866,9.78820405786019
21.4,15,Highway.car[1],223.35,111.73201559746,7.45746057488457
21.4,31,Highway.car[2],167.196998886782,226.65,13.2840233909842
21.4,1,Highway.car[3],226.65,311.359575380464,9.63127377939784
21.4,2,Highway.car[4],226.65,332.930007672971,11.4306986657734
21.4,3,Highway.car[5],226.65,379.506780106204,7.28340355141023
21.4,4,Highway.car[6],226.65,406.708881983524,3.02135191051163
21.4,5,Highway.car[7],226.65,415.900625590702,0.599331331213505
21.5,0,Highway.car[0],226.65,293.833099892587,9.76947623279411
21.5,15,Highway.car[1],223.35,112.479331296587,7.47315699127424
21.5,31,Highway.car[2],168.531149989834,226.65,13.3415110305268
21.5,1,Highway.car[3],226.65,310.39479896882,9.64776411643461
21.5,2,Highway.car[4],226.65,331.795301908827,11.3470576414378
21.5,3,Highway.car[5],226.65,378.769980366977,7.36799739227099
21.5,4,Highway.car[6],226.65,406.399799070052,3.09082913472191
21.5,5,Highway.car[7],226.65,415.833984456625,0.666411340763396
21.6,0,Highway.car[0],226.65,292.855246176974,9.77853715612739
21.6,15,Highway.car[1],223.35,113.22810424328,7.4877294669311
21.6,31,Highway.car[2],169.868594729677,226.65,13.3744473984293
21.6,1,Highway.car[3],226.65,309.432145935158,9.62653033662464
21.6,2,Highway.car[4],226.65,330.660500503019,11.3480140580805
21.6,3,Highway.car[5],226.65,378.023630516473,7.46349850504827
21.6,4,Highway.car[6],226.65,406.085965734248,3.13833335803789
21.6,5,Highway.car[7],226.65,415.75801604723,0.759684093950299
21.7,0,Highway.car[0],226.65,291.87737297229,9.77873204684351
21.7,15,Highway.car[1],223.35,113.98298297727,7.5487873398989
21.7,31,Highway.car[2],171.209529255035,226.65,13.4093452535817
21.7,1,Highway.car[3],226.65,308.467249402011,9.64896533146884
21.7,2,Highway.car[4],226.65,329.531749105847,11.2875139717224
21.7,3,Highway.car[5],226.65,377.272402933203,7.51227583269756
21.7,4,Highway.car[6],226.65,405.765379743978,3.20585990270287
21.7,5,Highway.car[7],226.65,415.675379732698,0.826363145322227
21.8,0,Highway.car[0],226.65,290.899282814624,9.78090157665964
21.8,15,Highway.car[1],223.35,114.741306941457,7.58323964186539
21.8,31,Highway.car[2],172.55886847654,226.65,13.4933922150489
21.8,1,Highway.car[3],226.65,307.500552978836,9.66696423174548
21.8,2,Highway.car[4],226.65,328.408228952457,11.2352015339052
21.8,3,Highway.car[5],226.65,376.511491378709,7.6091155449376
21.8,4,Highway.car[6],226.65,405.441151618449,3.242281255284
21.8,5,Highway.car[7],226.65,415.584792083111,0.905876495873192
21.9,0,Highway.car[0],226.65,289.919365642639,9.79917171984725
21.9,15,Highway.car[1],223.35,115.503199672539,7.61892731082151
21.9,31,Highway.car[2],173.915454077074,226.65,13.565856005339
21.9,1,Highway.car[3],226.65,306.534626700922,9.65926277914145
21.9,2,Highway.car[4],226.65,327.289429162573,11.1879978988356
21.9,3,Highway.car[5],226.65,375.740655979288,7.7083539942075
21.9,4,Highway.car[6],226.65,405.110093361457,3.31058256992665
21.9,5,Highway.car[7],226.65,415.486348750172,0.984433329389533
22,0,Highway.car[0],226.65,288.942166737107,9.77198905532528
22,15,Highway.car[1],223.35,116.26738014974,7.64180477201324
22,31,Highway.car[2],175.280590926259,226.65,13.6513684918536
22,1,Highway.car[3],226.65,305.568861144904,9.65765556018215
22,2,Highway.car[4],226.65,326.174065232304,11.1536393026874
22,3,Highway.car[5],226.65,374.960933291249,7.79722688039234
22,4,Highway.car[6],226.65,404.773121098925,3.36972262531579
22,5,Highway.car[7],226.65,415.382893036128,1.03455714043706
22.1,0,Highway.car[0],226.65,287.963677262722,9.78489474384766
22.1,15,Highway.car[1],223.35,117.03626237322,7.68882223479953
22.1,31,Highway.car[2],176.654364402394,226.65,13.7377347613419
22.1,1,Highway.car[3],226.65,304.604874596978,9.63986547925979
22.1,2,Highway.car[4],226.65,325.066237322521,11.0782790978374
22.1,3,Highway.car[5],226.65,374.173760930436,7.87172360813063
22.1,4,Highway.car[6],226.65,404.431176628403,3.41944470521868
22.1,5,Highway.car[7],226.65,415.274106065476,1.0878697065265
22.2,0,Highway.car[0],226.65,286.985338636988,9.78338625733927
22.2,15,Highway.car[1],223.35,117.81014689671,7.73884523489247
22.2,31,Highway.car[2],178.032020212776,226.65,13.7765581038259
22.2,1,Highway.car[3],226.65,303.639861207416,9.65013389562359
22.2,2,Highway.car[4],226.65,323.962830535763,11.0340678675792
22.2,3,Highway.car[5],226.65,373.377767049305,7.95993881130642
22.2,4,Highway.car[6],226.65,404.08187327975,3.49303348652986
22.2,5,Highway.car[7],226.65,415.158804633445,1.15301432030635
22.3,0,Highway.car[0],226.65,286.008269295354,9.77069341634121
22.3,15,Highway.car[1],223.35,118.587630952166,7.7748405545679
22.3,31,Highway.car[2],179.414432803989,226.65,13.824125912128
22.3,1,Highway.car[3],226.65,302.672475561383,9.67385646032414
22.3,2,Highway.car[4],226.65,322.862055701097,11.0077483466549
22.3,3,Highway.car[5],226.65,372.575852181532,8.0191486777347
22.3,4,Highway.car[6],226.65,403.72796624308,3.53907036670451
22.3,5,Highway.car[7],226.65,415.035779552356,1.23025081088777
22.4,0,Highway.car[0],226.65,285.033137585514,9.75131709839311
22.4,15,Highway.car[1],223.35,119.369945567776,7.82314615609791
22.4,31,Highway.car[2],180.799395874994,226.65,13.8496307100495
22.4,1,Highway.car[3],226.65,301.706482965763,9.65992595620588
22.4,2,Highway.car[4],226.65,321.763041254743,10.9901444635404
22.4,3,Highway.car[5],226.65,371.764474257826,8.11377923705782
22.4,4,Highway.car[6],226.65,403.369919633728,3.58046609351937
22.4,5,Highway.car[7],226.65,414.906876738958,1.28902813398173
22.5,0,Highway.car[0],226.65,284.053210851219,9.79926734295767
22.5,15,Highway.car[1],223.35,120.157571758716,7.87626190939607
22.5,31,Highway.car[2],182.185236600537,226.65,13.8584072554251
22.5,1,Highway.car[3],226.65,300.737509601313,9.68973364449208
22.5,2,Highway.car[4],226.65,320.667380107912,10.9566114683153
22.5,3,Highway.car[5],226.65,370.945970235368,8.18504022458037
22.5,4,Highway.car[6],226.65,403.007975879562,3.61943754165587
22.5,5,Highway.car[7],226.65,414.771216659119,1.35660079838835
22.6,0,Highway.car[0],226.65,283.074795302412,9.7841554880701
22.6,15,Highway.car[1],223.35,120.948108558516,7.90536799800294
22.6,31,Highway.car[2],183.567726612237,226.65,13.8249001170089
22.6,1,Highway.car[3],226.65,299.76517820534,9.72331395973568
22.6,2,Highway.car[4],226.65,319.57586874237,10.9151136554164
22.6,3,Highway.car[5],226.65,370.119956431596,8.26013803771981
22.6,4,Highway.car[6],226.65,402.641894879341,3.66081000221022
22.6,5,Highway.car[7],226.65,414.629572698199,1.41643960920406
22.7,0,Highway.car[0],226.65,282.099848678273,9.74946624138672
22.7,15,Highway.car[1],223.35,121.740781643756,7.92673085239917
22.7,31,Highway.car[2],184.955923041233,226.65,13.8819642899535
22.7,1,Highway.car[3],226.65,298.797013760036,9.68164445304145
22.7,2,Highway.car[4],226.65,318.486564128282,10.8930461408841
22.7,3,Highway.car[5],226.65,369.288343725758,8.3161270583787
22.7,4,Highway.car[6],226.65,402.272682210943,3.69212668398269
22.7,5,Highway.car[7],226.65,414.47805045376,1.51522244439121
22.8,0,Highway.car[0],226.65,281.12188247783,9.77966200442985
22.8,15,Highway.car[1],223.35,122.535695825146,7.9491418139021
22.8,31,Highway.car[2],186.344634333574,226.65,13.8871129234089
22.8,1,Highway.car[3],226.65,297.830560707449,9.66453052587253
22.8,2,Highway.car[4],226.65,317.403476154249,10.8308797403219
22.8,3,Highway.car[5],226.65,368.44840415086,8.3993957489862
22.8,4,Highway.car[6],226.65,401.900537466254,3.7214474468945
22.8,5,Highway.car[7],226.65,414.322005316087,1.56045137672579
22.9,0,Highway.car[0],226.65,280.14288467171,9.78997806119919
22.9,15,Highway.car[1],223.35,123.332025645974,7.96329820828131
22.9,31,Highway.car[2],187.733432962283,226.65,13.8879862870881
22.9,1,Highway.car[3],226.65,296.859559432789,9.71001274659336
22.9,2,Highway.car[4],226.65,316.326009780692,10.7746637355752
22.9,3,Highway.car[5],226.65,367.59857985319,8.49824297669161
22.9,4,Highway.car[6],226.65,401.524534977649,3.76002488604528
22.9,5,Highway.car[7],226.65,414.160958752323,1.61046563764462
23,0,Highway.car[0],226.65,279.166062194926,9.76822476783767
23,15,Highway.car[1],223.35,124.132940759116,8.00915113141751
23,31,Highway.car[2],189.12192734219,226.65,13.8849437990785
23,1,Highway.car[3],226.65,295.890664396627,9.68895036161749
23,2,Highway.car[4],226.65,315.246136387983,10.7987339270838
23,3,Highway.car[5],226.65,366.742399760976,8.56180092213959
23,4,Highway.car[6],226.65,401.14351543816,3.81019539489192
23,5,Highway.car[7],226.65,413.994408383384,1.66550368938373
23.1,0,Highway.car[0],226.65,278.189529285595,9.7653290933175
23.1,15,Highway.car[1],223.35,124.940787648108,8.07846888992298
23.1,31,Highway.car[2],190.508974190351,226.65,13.8704684816091
23.1,1,Highway.car[3],226.65,294.920693836298,9.69970560329812
23.1,2,Highway.car[4],226.65,314.172268536458,10.7386785152587
23.1,3,Highway.car[5],226.65,365.879925486145,8.62474274831176
23.1,4,Highway.car[6],226.65,400.759454584465,3.84060853694999
23.1,5,Highway.car[7],226.65,413.818408569737,1.75999813647485
23.2,0,Highway.car[0],226.65,277.21157141422,9.77957871374302
23.2,15,Highway.car[1],223.35,125.755026271729,8.14238623620352
23.2,31,Highway.car[2],191.896129482288,226.65,13.8715529193706
23.2,1,Highway.car[3],226.65,293.951448703628,9.69245132669887
23.2,2,Highway.car[4],226.65,313.101045566582,10.7122296987545
23.2,3,Highway.car[5],226.65,365.008857860326,8.71067625819174
23.2,4,Highway.car[6],226.65,400.369595999739,3.89858584726197
23.2,5,Highway.car[7],226.65,413.633566022835,1.84842546901792
23.3,0,Highway.car[0],226.65,276.234249041621,9.77322372599412
23.3,15,Highway.car[1],223.35,126.574366612734,8.1934034100493
23.3,31,Highway.car[2],193.279360315321,226.65,13.832308330331
23.3,1,Highway.car[3],226.65,292.979699627634,9.71749075993604
23.3,2,Highway.car[4],226.65,312.035490575737,10.6555499084519
23.3,3,Highway.car[5],226.65,364.129801225612,8.79056634714062
23.3,4,Highway.car[6],226.65,399.973499092794,3.96096906944797
23.3,5,Highway.car[7],226.65,413.440608437482,1.92957585353182
23.4,0,Highway.car[0],226.65,275.255355073515,9.78893968105596
23.4,15,Highway.car[1],223.35,127.397011857302,8.22645244568205
23.4,31,Highway.car[2],194.663490307597,226.65,13.841299922755
23.4,1,Highway.car[3],226.65,292.00667806427,9.73021563364529
23.4,2,Highway.car[4],226.65,310.971758017779,10.6373255795775
23.4,3,Highway.car[5],226.65,363.241975417145,8.87825808466928
23.4,4,Highway.car[6],226.65,399.572421160913,4.01077931881291
23.4,5,Highway.car[7],226.65,413.241252745593,1.99355691889195
23.5,0,Highway.car[0],226.65,274.278611111261,9.76743962254003
23.5,15,Highway.car[1],223.35,128.226453492987,8.29441635685289
23.5,31,Highway.car[2],196.050706858824,226.65,13.8721655122726
23.5,1,Highway.car[3],226.65,291.034621750517,9.72056313752159
23.5,2,Highway.car[4],226.65,309.909654754998,10.6210326278096
23.5,3,Highway.car[5],226.65,362.348060133559,8.93915283586065
23.5,4,Highway.car[6],226.65,399.166917882773,4.0550327813976
23.5,5,Highway.car[7],226.65,413.037166439693,2.04086305899672
23.6,0,Highway.car[0],226.65,273.302546975922,9.76064135339018
23.6,15,Highway.car[1],223.35,129.059938044354,8.33484551366969
23.6,31,Highway.car[2],197.43847190834,226.65,13.8776504951599
23.6,1,Highway.car[3],226.65,290.062272846796,9.72348903721042
23.6,2,Highway.car[4],226.65,308.851667533732,10.5798722126671
23.6,3,Highway.car[5],226.65,361.447820301886,9.00239831673264
23.6,4,Highway.car[6],226.65,398.754798313706,4.12119569067065
23.6,5,Highway.car[7],226.65,412.824955218962,2.12211220730805
23.7,0,Highway.car[0],226.65,272.324317826211,9.7822914971076
23.7,15,Highway.car[1],223.35,129.899030485555,8.39092441200713
23.7,31,Highway.car[2],198.824412245694,226.65,13.8594033735385
23.7,1,Highway.car[3],226.65,289.094054717108,9.68218129688859
23.7,2,Highway.car[4],226.65,307.79440627731,10.572612564211
23.7,3,Highway.car[5],226.65,360.54279857224,9.05021729645486
23.7,4,Highway.car[6],226.65,398.336163513011,4.18634800694757
23.7,5,Highway.car[7],226.65,412.603905924652,2.21049294309934
23.8,0,Highway.car[0],226.65,271.345216536211,9.79101290000044
23.8,15,Highway.car[1],223.35,130.739827082282,8.40796596727558
23.8,31,Highway.car[2],200.207406379305,226.65,13.8299413361051
23.8,1,Highway.car[3],226.65,288.123156860352,9.70897856755909
23.8,2,Highway.car[4],226.65,306.739086957073,10.5531932023774
23.8,3,Highway.car[5],226.65,359.631485114103,9.11313458137613
23.8,4,Highway.car[6],226.65,397.911744668673,4.24418844337915
23.8,5,Highway.car[7],226.65,412.375085662417,2.28820262235018
23.9,0,Highway.car[0],226.65,270.368807071962,9.76409464249108
23.9,15,Highway.car[1],223.35,131.58601957724,8.46192494957769
23.9,31,Highway.car[2],201.594724007916,226.65,13.8731762861181
23.9,1,Highway.car[3],226.65,287.15004458941,9.73112270941944
23.9,2,Highway.car[4],226.65,305.688748756486,10.5033820058649
23.9,3,Highway.car[5],226.65,358.711041939459,9.20443174643958
23.9,4,Highway.car[6],226.65,397.481090532695,4.30654135978282
23.9,5,Highway.car[7],226.65,412.14082367943,2.34261982987412
24,0,Highway.car[0],226.65,269.393366930306,9.7544014165597
24,15,Highway.car[1],223.35,132.434035288945,8.48015711704307
24,31,Highway.car[2],202.978795507142,226.65,13.8407149922545
24,1,Highway.car[3],226.65,286.178749128204,9.71295461205417
24,2,Highway.car[4],226.65,304.635808894608,10.5293986187864
24,3,Highway.car[5],226.65,357.783633525072,9.27408414387194
24,4,Highway.car[6],226.65,397.045154339086,4.35936193609019
24,5,Highway.car[7],226.65,411.901194057316,2.39629622113436
24.1,0,Highway.car[0],226.65,268.415865945058,9.77500985248387
24.1,15,Highway.car[1],223.35,133.288876017808,8.54840728863483
24.1,31,Highway.car[2],204.364894606044,226.65,13.8609909890173
24.1,1,Highway.car[3],226.65,285.208254886449,9.7049424175515
24.1,2,Highway.car[4],226.65,303.588702958956,10.4710593565114
24.1,3,Highway.car[5],226.65,356.846803690142,9.36829834929484
24.1,4,Highway.car[6],226.65,396.601354547696,4.43799791389764
24.1,5,Highway.car[7],226.65,411.652878841864,2.48315215452468
24.2,0,Highway.car[0],226.65,267.439315373191,9.76550571867358
24.2,15,Highway.car[1],223.35,134.146037299558,8.57161281749784
24.2,31,Highway.car[2],205.748940597445,226.65,13.8404599140119
24.2,1,Highway.car[3],226.65,284.237831957285,9.70422929163693
24.2,2,Highway.car[4],226.65,302.545749457808,10.4295350114812
24.2,3,Highway.car[5],226.65,355.902671664345,9.44132025797552
24.2,4,Highway.car[6],226.65,396.153638067016,4.47716480679964
24.2,5,Highway.car[7],226.65,411.399067721979,2.53811119884729
24.3,0,Highway.car[0],226.65,266.461959887015,9.77355486175511
24.3,15,Highway.car[1],223.35,135.008486236005,8.6244893644726
24.3,31,Highway.car[2],207.131522346438,226.65,13.8258174899337
24.3,1,Highway.car[3],226.65,283.267069107274,9.70762850011477
24.3,2,Highway.car[4],226.65,301.503175863722,10.4257359408665
24.3,3,Highway.car[5],226.65,354.953125636853,9.49546027491385
24.3,4,Highway.car[6],226.65,395.698707687715,4.54930379301463
24.3,5,Highway.car[7],226.65,411.139849742195,2.59217979783785
24.4,0,Highway.car[0],226.65,265.485816837518,9.76143049496971
24.4,15,Highway.car[1],223.35,135.876838945124,8.68352709119433
24.4,31,Highway.car[2],208.513574121999,226.65,13.8205177556095
24.4,1,Highway.car[3],226.65,282.296666582837,9.70402524437167
24.4,2,Highway.car[4],226.65,300.464282017869,10.3889384585255
24.4,3,Highway.car[5],226.65,353.997137612221,9.55988024631798
24.4,4,Highway.car[6],226.65,395.239217068003,4.59490619712011
24.4,5,Highway.car[7],226.65,410.870808748712,2.69040993482816
24.5,0,Highway.car[0],226.65,264.507223153398,9.78593684120197
24.5,15,Highway.car[1],223.35,136.748703728654,8.71864783529137
24.5,31,Highway.car[2],209.900618917867,226.65,13.8704479586752
24.5,1,Highway.car[3],226.65,281.325283053246,9.71383529591188
24.5,2,Highway.car[4],226.65,299.426540189838,10.377418280316
24.5,3,Highway.car[5],226.65,353.034394688307,9.62742923914621
24.5,4,Highway.car[6],226.65,394.774022973702,4.65194094300051
24.5,5,Highway.car[7],226.65,410.592252273874,2.78556474838533
24.6,0,Highway.car[0],226.65,263.528342466226,9.7888068717178
24.6,15,Highway.car[1],223.35,137.625409866599,8.76706137945239
24.6,31,Highway.car[2],211.283938183248,226.65,13.833192653812
24.6,1,Highway.car[3],226.65,280.350781802687,9.74501250558294
24.6,2,Highway.car[4],226.65,298.391664098855,10.3487609098213
24.6,3,Highway.car[5],226.65,352.065233258316,9.69161429990715
24.6,4,Highway.car[6],226.65,394.302336593725,4.71686379977562
24.6,5,Highway.car[7],226.65,410.305459065708,2.86793208165454
24.7,0,Highway.car[0],226.65,262.550713993465,9.77628472760692
24.7,15,Highway.car[1],223.35,138.507611324989,8.82201458389816
24.7,31,Highway.car[2],212.672549737252,226.65,13.8861155400379
24.7,1,Highway.car[3],226.65,279.376980189043,9.7380161364427
24.7,2,Highway.car[4],226.65,297.356862541258,10.3480155759779
24.7,3,Highway.car[5],226.65,351.088041590168,9.77191668148435
24.7,4,Highway.car[6],226.65,393.822684967745,4.79651625979659
24.7,5,Highway.car[7],226.65,410.014000140184,2.91458925524737
24.8,0,Highway.car[0],226.65,261.574292406632,9.76421586833242
24.8,15,Highway.car[1],223.35,139.393879845601,8.86268520612261
24.8,31,Highway.car[2],214.060624125839,226.65,13.8807438858785
24.8,1,Highway.car[3],226.65,278.405327271429,9.71652917613636
24.8,2,Highway.car[4],226.65,296.325824235947,10.3103830531065
24.8,3,Highway.car[5],226.65,350.103623406576,9.84418183591965
24.8,4,Highway.car[6],226.65,393.336041693326,4.86643274419722
24.8,5,Highway.car[7],226.65,409.712716265623,3.01283874561089
24.9,0,Highway.car[0],226.65,260.596306814476,9.77985592155811
24.9,15,Highway.car[1],223.35,140.283708682134,8.89828836532581
24.9,31,Highway.car[2],215.448326755243,226.65,13.8770262940344
24.9,1,Highway.car[3],226.65,277.434597718651,9.70729552777998
24.9,2,Highway.car[4],226.65,295.294206694013,10.316175419344
24.9,3,Highway.car[5],226.65,349.111700621344,9.91922785231544
24.9,4,Highway.car[6],226.65,392.845836442038,4.90205251287822
24.9,5,Highway.car[7],226.65,409.406426183947,3.06290081676106
25,0,Highway.car[0],226.65,259.619777584757,9.76529229719564
25,15,Highway.car[1],223.35,141.179814076973,8.96105394839487
25,31,Highway.car[2],216.835292603582,226.65,13.8696584833902
25,1,Highway.car[3],226.65,276.461198421968,9.73399296683077
25,2,Highway.car[4],226.65,294.264897721057,10.2930897295602
25,3,Highway.car[5],226.65,348.111608210141,10.0009241120289
25,4,Highway.car[6],226.65,392.348724490171,4.97111951866527
25,5,Highway.car[7],226.65,409.094800766303,3.11625417643703
25.1,0,Highway.car[0],226.65,258.640299931725,9.79477653032169
25.1,15,Highway.car[1],223.35,142.081507131627,9.01693054654464
25.1,31,Highway.car[2],218.223407708864,226.65,13.8811510528205
25.1,1,Highway.car[3],226.65,275.487906963134,9.73291458833814
25.1,2,Highway.car[4],226.65,293.236815809259,10.2808191179735
25.1,3,Highway.car[5],226.65,347.105798657844,10.0580955229705
25.1,4,Highway.car[6],226.65,391.844307854993,5.04416635177717
25.1,5,Highway.car[7],226.65,408.777312593149,3.17488173153378
25.2,0,Highway.car[0],226.65,257.662584769173,9.77715162551776
25.2,15,Highway.car[1],223.35,142.98476840432,9.03261272692346
25.2,31,Highway.car[2],219.608812297525,226.65,13.8540458866069
25.2,1,Highway.car[3],226.65,274.513692448449,9.74214514685418
25.2,2,Highway.car[4],226.65,292.208835171702,10.2798063755714
25.2,3,Highway.car[5],226.65,346.093903183271,10.1189547457353
25.2,4,Highway.car[6],226.65,391.334688678603,5.09619176390269
25.2,5,Highway.car[7],226.65,408.454604239941,3.22708353208738
25.3,0,Highway.car[0],226.65,256.686399566029,9.76185203143954
25.3,15,Highway.car[1],223.35,143.890892859917,9.06124455597197
25.3,31,Highway.car[2],220.996721150534,226.65,13.8790885300934
25.3,1,Highway.car[3],226.65,273.541454661892,9.72237786557342
25.3,2,Highway.car[4],226.65,291.184173825167,10.2466134653517
25.3,3,Highway.car[5],226.65,345.075931263419,10.1797191985143
25.3,4,Highway.car[6],226.65,390.820067614531,5.1462106407207
25.3,5,Highway.car[7],226.65,408.126962453885,3.27641786055417
25.4,0,Highway.car[0],226.65,255.710418014465,9.75981551563367
25.4,15,Highway.car[1],223.35,144.801663940732,9.10771080815505
25.4,31,Highway.car[2],222.383565605869,226.65,13.8684445533459
25.4,1,Highway.car[3],226.65,272.566480478932,9.74974182959642
25.4,2,Highway.car[4],226.65,290.164914214695,10.1925961047226
25.4,3,Highway.car[5],226.65,344.051973066245,10.2395819717383
25.4,4,Highway.car[6],226.65,390.302315844845,5.17751769686271
25.4,5,Highway.car[7],226.65,407.789733800746,3.37228653139794
25.4,6,Highway.car[8],226.65,415.14206770875,0.0793229124961421
25.5,0,Highway.car[0],226.65,254.732360852972,9.7805716149332
25.5,15,Highway.car[1],223.35,145.71441729614,9.12753355407102
25.5,31,Highway.car[2],223.767573827215,226.65,13.8400822134642
25.5,1,Highway.car[3],226.65,271.595518601837,9.70961877095463
25.5,2,Highway.car[4],226.65,289.143828143327,10.2108607136787
25.5,3,Highway.car[5],226.65,343.020115520013,10.3185754623257
25.5,4,Highway.car[6],226.65,389.780672513425,5.21643331420203
25.5,5,Highway.car[7],226.65,407.446303259638,3.43430541107558
25.5,6,Highway.car[8],226.65,415.126488439923,0.155792688273655
25.6,0,Highway.car[0],226.65,253.755764894787,9.76595958184637
25.6,15,Highway.car[1],223.35,146.628655661445,9.1423836530544
25.6,31,Highway.car[2],225.152938086865,226.65,13.8536425965047
25.6,1,Highway.car[3],226.65,270.622702433999,9.72816167837444
25.6,2,Highway.car[4],226.65,288.126690812231,10.171373310958
25.6,3,Highway.car[5],226.65,341.978630991936,10.4148452807665
25.6,4,Highway.car[6],226.65,389.254509670181,5.26162843244024
25.6,5,Highway.car[7],226.65,407.096781044923,3.49522214714448
25.6,6,Highway.car[8],226.65,415.103151571558,0.233368683651965
25.7,0,Highway.car[0],226.65,252.777760437761,9.78004457026534
25.7,15,Highway.car[1],223.35,147.543618388081,9.14962726636037
25.7,31,Highway.car[2],226.539873671422,226.65,13.8693558455631
25.7,1,Highway.car[3],226.65,269.648881694957,9.73820739042364
25.7,2,Highway.car[4],226.65,287.111219753964,10.1547105826707
25.7,3,Highway.car[5],226.65,340.930598647016,10.4803234492026
25.7,4,Highway.car[6],226.65,388.724130885162,5.30378785018218
25.7,5,Highway.car[7],226.65,406.739622967243,3.57158077680982
25.7,6,Highway.car[8],226.65,415.073538223969,0.296133475892362
25.8,0,Highway.car[0],226.65,251.799683003778,9.78077433982678
25.8,15,Highway.car[1],223.35,148.461475024901,9.17856636819864
25.8,31,Highway.car[2],227.923495587819,226.65,13.8362191639678
25.8,1,Highway.car[3],226.65,268.673979839955,9.74901855001993
25.8,2,Highway.car[4],226.65,286.096567269565,10.146524843987
25.8,3,Highway.car[5],226.65,339.874247407889,10.5635123912646
25.8,4,Highway.car[6],226.65,388.190453995536,5.33676889626649
25.8,5,Highway.car[7],226.65,406.373841088399,3.65781878843448
25.8,6,Highway.car[8],226.65,415.036172197393,0.373660265758433
25.9,0,Highway.car[0],226.65,250.824543648551,9.75139355226886
25.9,15,Highway.car[1],223.35,149.382313511665,9.20838486763827
25.9,31,Highway.car[2],229.30858020932,226.65,13.8508462150162
25.9,1,Highway.car[3],226.65,267.700621509448,9.73358330506899
25.9,2,Highway.car[4],226.65,285.080735652501,10.158316170643
25.9,3,Highway.car[5],226.65,338.81249094839,10.6175645949953
25.9,4,Highway.car[6],226.65,387.652954148937,5.37499846598939
25.9,5,Highway.car[7],226.65,405.999136531848,3.74704556551074
25.9,6,Highway.car[8],226.65,414.991311825857,0.448603715355122
26,0,Highway.car[0],226.65,249.845696409263,9.78847239288222
26,15,Highway.car[1],223.35,150.308831549294,9.26518037629283
26,31,Highway.car[2],230.692055664141,226.65,13.8347545482102
26,1,Highway.car[3],226.65,266.728835497677,9.71786011770806
26,2,Highway.car[4],226.65,284.066050130971,10.1468552152949
26,3,Highway.car[5],226.65,337.744475996589,10.6801495180074
26,4,Highway.car[6],226.65,387.107762561225,5.45191587711745
26,5,Highway.car[7],226.65,405.616168851661,3.82967680186626
26,6,Highway.car[8],226.65,414.939291844966,0.52019980890824
26.1,0,Highway.car[0],226.65,248.867103163119,9.78593246143684
26.1,15,Highway.car[1],223.35,151.236458037113,9.27626487819447
26.1,31,Highway.car[2],232.080444216648,226.65,13.8838855250715
26.1,1,Highway.car[3],226.65,265.750478861934,9.7835663574353
26.1,2,Highway.car[4],226.65,283.05638559888,10.0966453209117
26.1,3,Highway.car[5],226.65,336.667213047076,10.7726294951344
26.1,4,Highway.car[6],226.65,386.55492541722,5.52837144005173
26.1,5,Highway.car[7],226.65,405.227954791745,3.88214059916219
26.1,6,Highway.car[8],226.65,414.882712233119,0.56579611847439
26.2,0,Highway.car[0],226.65,247.890209102506,9.76894060613588
26.2,15,Highway.car[1],223.35,152.165333970252,9.28875933138949
26.2,31,Highway.car[2],233.465160627771,226.65,13.8471641112259
26.2,1,Highway.car[3],226.65,264.773665783875,9.76813078058355
26.2,2,Highway.car[4],226.65,282.042300004893,10.1408559398722
26.2,3,Highway.car[5],226.65,335.585208457431,10.8200458964419
26.2,4,Highway.car[6],226.65,385.99611685169,5.58808565530055
26.2,5,Highway.car[7],226.65,404.835221909193,3.92732882552674
26.2,6,Highway.car[8],226.65,414.819731020601,0.629812125178145
26.3,0,Highway.car[0],226.65,246.914961419178,9.75247683328297
26.3,15,Highway.car[1],223.35,153.096233709522,9.3089973926909
26.3,31,Highway.car[2],234.8525472881,226.65,13.873866603293
26.3,1,Highway.car[3],226.65,263.800117848793,9.73547935082594
26.3,2,Highway.car[4],226.65,281.029371567852,10.1292843704126
26.3,3,Highway.car[5],226.65,334.494791778961,10.9041667847061
26.3,4,Highway.car[6],226.65,385.431043521402,5.65073330287789
26.3,5,Highway.car[7],226.65,404.43761813082,3.97603778372413
26.3,6,Highway.car[8],226.65,414.751647598299,0.680834223016984
26.4,0,Highway.car[0],226.65,245.938493794564,9.76467624613177
26.4,15,Highway.car[1],223.35,154.030918741721,9.34685032199525
26.4,31,Highway.car[2],236.236942248796,226.65,13.8439496069541
26.4,1,Highway.car[3],226.65,262.824369335038,9.75748513754697
26.4,2,Highway.car[4],226.65,280.022079421227,10.0729214662446
26.4,3,Highway.car[5],226.65,333.398685449406,10.9610632955509
26.4,4,Highway.car[6],226.65,384.86270572128,5.68337800122392
26.4,5,Highway.car[7],226.65,404.032890201403,4.04727929417054
26.4,6,Highway.car[8],226.65,414.678353534335,0.73294063964358
26.5,0,Highway.car[0],226.65,244.960492073519,9.78001721045375
26.5,15,Highway.car[1],223.35,154.967244593673,9.36325851952091
26.5,31,Highway.car[2],237.623064821327,226.65,13.8612257253169
26.5,1,Highway.car[3],226.65,261.848239704001,9.76129631037221
26.5,2,Highway.car[4],226.65,279.009635479248,10.1244394197975
26.5,3,Highway.car[5],226.65,332.296462462574,11.0222298683138
26.5,4,Highway.car[6],226.65,384.290205223569,5.72500497710486
26.5,5,Highway.car[7],226.65,403.622046532398,4.10843669004632
26.5,6,Highway.car[8],226.65,414.601324934094,0.7702860024065
26.6,0,Highway.car[0],226.65,243.982461715023,9.78030358496401
26.6,15,Highway.car[1],223.35,155.907059313875,9.39814720201834
26.6,31,Highway.car[2],239.005272004612,226.65,13.8220718328469
26.6,1,Highway.car[3],226.65,260.8703936496,9.77846054400321
26.6,2,Highway.car[4],226.65,277.999927865718,10.0970761352996
26.6,3,Highway.car[5],226.65,331.186714152627,11.0974830994725
26.6,4,Highway.car[6],226.65,383.71060638358,5.79598839989086
26.6,5,Highway.car[7],226.65,403.205566003519,4.1648052887899
26.6,6,Highway.car[8],226.65,414.516413538647,0.849113954476662
26.7,0,Highway.car[0],226.65,243.006594645545,9.75867069477215
26.7,15,Highway.car[1],223.35,156.853375596495,9.46316282620064
26.7,31,Highway.car[2],240.392096525755,226.65,13.8682452114346
26.7,1,Highway.car[3],226.65,259.895310310153,9.75083339446905
26.7,2,Highway.car[4],226.65,276.990038747398,10.0988911831922
26.7,3,Highway.car[5],226.65,330.071572011744,11.1514214088354
26.7,4,Highway.car[6],226.65,383.12798996247,5.82616421110057
26.7,5,Highway.car[7],226.65,402.779673979502,4.25892024017532
26.7,6,Highway.car[8],226.65,414.426826144713,0.895873939335927
26.8,0,Highway.car[0],226.65,242.028430051378,9.78164594167285
26.8,15,Highway.car[1],223.35,157.801100586929,9.47724990434239
26.8,31,Highway.car[2],241.776179419423,226.65,13.8408289366774
26.8,1,Highway.car[3],226.65,258.918975487464,9.76334822689732
26.8,2,Highway.car[4],226.65,275.983617294026,10.0642145337265
26.8,3,Highway.car[5],226.65,328.946674549224,11.248974625194
26.8,4,Highway.car[6],226.65,382.539766507539,5.88223454930787
26.8,5,Highway.car[7],226.65,402.34787128654,4.31802692962122
26.8,6,Highway.car[8],226.65,414.331556597695,0.95269547017815
26.9,0,Highway.car[0],226.65,241.048565443696,9.79864607681707
26.9,15,Highway.car[1],223.35,158.752439750695,9.51339163766072
26.9,31,Highway.car[2],243.161217728217,226.65,13.8503830879368
26.9,1,Highway.car[3],226.65,257.94396857956,9.7500690790362
26.9,2,Highway.car[4],226.65,274.979035866626,10.0458142739945
26.9,3,Highway.car[5],226.65,327.81563271288,11.3104183634434
26.9,4,Highway.car[6],226.65,381.946368965508,5.93397542031542
26.9,5,Highway.car[7],226.65,401.909080923451,4.38790363088843
26.9,6,Highway.car[8],226.65,414.231510161584,1.00046436111408
27,0,Highway.car[0],226.65,240.071018193515,9.77547250181064
27,15,Highway.car[1],223.35,159.706812312096,9.54372561400749
27,31,Highway.car[2],244.544574149943,226.65,13.8335642172606
27,1,Highway.car[3],226.65,256.966290080198,9.77678499362623
27,2,Highway.car[4],226.65,273.97251998166,10.0651588496591
27,3,Highway.car[5],226.65,326.67861432444,11.3701838844018
27,4,Highway.car[6],226.65,381.346491027629,5.99877937878449
27,5,Highway.car[7],226.65,401.46325288522,4.45828038231247
27,6,Highway.car[8],226.65,414.12722030321,1.0428985837443
27.1,0,Highway.car[0],226.65,239.095157078755,9.75861114759929
27.1,15,Highway.car[1],223.35,160.663859196585,9.57046884489192
27.1,31,Highway.car[2],245.929758704028,226.65,13.851845540849
27.1,1,Highway.car[3],226.65,255.989787400657,9.76502679540685
27.1,2,Highway.car[4],226.65,272.969855771294,10.0266421036614
27.1,3,Highway.car[5],226.65,325.531751188455,11.4686313598433
27.1,4,Highway.car[6],226.65,380.743359425172,6.03131602456947
27.1,5,Highway.car[7],226.65,401.010097443784,4.53155441435996
27.1,6,Highway.car[8],226.65,414.018208264989,1.0901203822071
27.2,0,Highway.car[0],226.65,238.118120949364,9.77036129391659
27.2,15,Highway.car[1],223.35,161.622320561798,9.58461365212609
27.2,31,Highway.car[2],247.312198770019,226.65,13.8244006599137
27.2,1,Highway.car[3],226.65,255.015104320545,9.74683080111558
27.2,2,Highway.car[4],226.65,271.967933761849,10.0192200944495
27.2,3,Highway.car[5],226.65,324.379947543116,11.5180364533984
27.2,4,Highway.car[6],226.65,380.134039835523,6.09319589649481
27.2,5,Highway.car[7],226.65,400.551927391723,4.58170052060518
27.2,6,Highway.car[8],226.65,413.903048862798,1.1515940219058
27.3,0,Highway.car[0],226.65,237.141534023891,9.76586925472505
27.3,15,Highway.car[1],223.35,162.584952479276,9.62631917478184
27.3,31,Highway.car[2],248.695549073937,226.65,13.8335030391742
27.3,1,Highway.car[3],226.65,254.039608594158,9.75495726387207
27.3,2,Highway.car[4],226.65,270.966919762798,10.0101399905144
27.3,3,Highway.car[5],226.65,323.220995533849,11.5895200926687
27.3,4,Highway.car[6],226.65,379.521742442072,6.1229739345076
27.3,5,Highway.car[7],226.65,400.088614022536,4.63313369186838
27.3,6,Highway.car[8],226.65,413.782462217204,1.20586645593925
27.4,0,Highway.car[0],226.65,236.16604630791,9.75487715981621
27.4,15,Highway.car[1],223.35,163.549750678229,9.64798198952635
27.4,31,Highway.car[2],250.081141760562,226.65,13.855926866252
27.4,1,Highway.car[3],226.65,253.063708899078,9.75899695079737
27.4,2,Highway.car[4],226.65,269.965862162657,10.0105760014128
27.4,3,Highway.car[5],226.65,322.052567375012,11.6842815883707
27.4,4,Highway.car[6],226.65,378.903488289443,6.18254152629213
27.4,5,Highway.car[7],226.65,399.618779115244,4.69834907292631
27.4,6,Highway.car[8],226.65,413.655160181687,1.27302035517304
27.5,0,Highway.car[0],226.65,235.190652089956,9.75394217953645
27.5,15,Highway.car[1],223.35,164.515650829327,9.65900151098769
27.5,31,Highway.car[2],251.463714674816,226.65,13.8257291425462
27.5,1,Highway.car[3],226.65,252.092111553732,9.7159734534595
27.5,2,Highway.car[4],226.65,268.963066697756,10.0279546490085
27.5,3,Highway.car[5],226.65,320.875289266129,11.7727810888265
27.5,4,Highway.car[6],226.65,378.280172264252,6.23316025190395
27.5,5,Highway.car[7],226.65,399.144421404497,4.74357710746709
27.5,6,Highway.car[8],226.65,413.521377476441,1.33782705245877
27.6,0,Highway.car[0],226.65,234.213575152967,9.77076936988719
27.6,15,Highway.car[1],223.35,165.487418322381,9.71767493053402
27.6,31,Highway.car[2],252.849556269816,226.65,13.8584159499966
27.6,1,Highway.car[3],226.65,251.12052002627,9.71591527462746
27.6,2,Highway.car[4],226.65,267.968720289969,9.94346407786446
27.6,3,Highway.car[5],226.65,319.690894052654,11.8439521347468
27.6,4,Highway.car[6],226.65,377.652228925559,6.27943338693646
27.6,5,Highway.car[7],226.65,398.662097605325,4.82323799171728
27.6,6,Highway.car[8],226.65,413.381654528086,1.39722948355193
27.7,0,Highway.car[0],226.65,233.238365425063,9.75209727903921
27.7,15,Highway.car[1],223.35,166.46210416133,9.74685838949464
27.7,31,Highway.car[2],254.234901634553,226.65,13.8534536473663
27.7,1,Highway.car[3],226.65,250.145647416819,9.74872609450874
27.7,2,Highway.car[4],226.65,266.973563120131,9.95157169838708
27.7,3,Highway.car[5],226.65,318.498846251376,11.9204780127846
27.7,4,Highway.car[6],226.65,377.016441975378,6.35786950180926
27.7,5,Highway.car[7],226.65,398.1751418415,4.86955763825342
27.7,6,Highway.car[8],226.65,413.234700230606,1.46954297480232
27.8,0,Highway.car[0],226.65,232.261373915222,9.76991509841103
27.8,15,Highway.car[1],223.35,167.43889195431,9.76787792979546
27.8,31,Highway.car[2],255.619306219283,226.65,13.8440458473051
27.8,1,Highway.car[3],226.65,249.168695656069,9.76951760749637
27.8,2,Highway.car[4],226.65,265.976758969135,9.96804150995905
27.8,3,Highway.car[5],226.65,317.298413403701,12.004328476744
27.8,4,Highway.car[6],226.65,376.376584936412,6.39857038965975
27.8,5,Highway.car[7],226.65,397.67859508361,4.96546757890154
27.8,6,Highway.car[8],226.65,413.083231381694,1.51468848911824
27.9,0,Highway.car[0],226.65,231.284873386115,9.76500529107731
27.9,15,Highway.car[1],223.35,168.421970833595,9.83078879285085
27.9,31,Highway.car[2],257.005333408424,226.65,13.8602718914044
27.9,1,Highway.car[3],226.65,248.194289563658,9.74406092411645
27.9,2,Highway.car[4],226.65,264.976247129582,10.005118395531
27.9,3,Highway.car[5],226.65,316.090483663769,12.0792973993281
27.9,4,Highway.car[6],226.65,375.730917150584,6.45667785828249
27.9,5,Highway.car[7],226.65,397.173812569803,5.0478251380649
27.9,6,Highway.car[8],226.65,412.926769849448,1.56461532246287
28,0,Highway.car[0],226.65,230.306073786457,9.7879959965758
28,15,Highway.car[1],223.35,169.410707225676,9.8873639208108
28,31,Highway.car[2],258.391994864202,226.65,13.8666145577864
28,1,Highway.car[3],226.65,247.216879270085,9.77410293572601
28,2,Highway.car[4],226.65,263.981537039524,9.94710090057229
28,3,Highway.car[5],226.65,314.877063830807,12.1341983296191
28,4,Highway.car[6],226.65,375.080183723769,6.50733426815146
28,5,Highway.car[7],226.65,396.662986205413,5.10826364390446
28,6,Highway.car[8],226.65,412.766739498857,1.60030350590369
28.1,0,Highway.car[0],226.65,229.328401464921,9.77672321535833
28.1,15,Highway.car[1],223.35,170.4013247746,9.90617548923979
28.1,31,Highway.car[2],259.780492236551,226.65,13.8849737234833
28.1,1,Highway.car[3],226.65,246.241802503844,9.75076766240717
28.1,2,Highway.car[4],226.65,262.986091910434,9.95445129090334
28.1,3,Highway.car[5],226.65,313.655477072623,12.2158675818348
28.1,4,Highway.car[6],226.65,374.425482343485,6.54701380283446
28.1,5,Highway.car[7],226.65,396.143973856191,5.19012349221516
28.1,6,Highway.car[8],226.65,412.600868663476,1.65870835380966
28.2,0,Highway.car[0],226.65,228.351091413914,9.77310051006917
28.2,15,Highway.car[1],223.35,171.39842776173,9.9710298712998
28.2,31,Highway.car[2],261.165004762895,226.65,13.8451252634451
28.2,1,Highway.car[3],226.65,245.26466893593,9.77133567913738
28.2,2,Highway.car[4],226.65,261.989606298165,9.9648561226902
28.2,3,Highway.car[5],226.65,312.425393878088,12.3008319453551
28.2,4,Highway.car[6],226.65,373.763812469402,6.61669874082846
28.2,5,Highway.car[7],226.65,395.61655870072,5.27415155471662
28.2,6,Highway.car[8],226.65,412.43119916083,1.69669502646255
28.3,0,Highway.car[0],226.65,227.374570718936,9.76520694978722
28.3,15,Highway.car[1],223.35,172.39905495988,10.0062719815012
28.3,31,Highway.car[2],262.547715060985,226.65,13.8271029808954
28.3,1,Highway.car[3],226.65,244.288192273812,9.76476662118784
28.3,2,Highway.car[4],226.65,260.994912386255,9.94693911910155
28.3,3,Highway.car[5],226.65,311.189140934119,12.3625294396833
28.3,4,Highway.car[6],226.65,373.095737599147,6.68074870255184
28.3,5,Highway.car[7],226.65,395.083191804429,5.33366896290808
28.3,6,Highway.car[8],226.65,412.256324171887,1.74874988943304
28.4,0,Highway.car[0],226.65,226.399494924478,9.75075794457644
28.4,15,Highway.car[1],223.35,173.404738866154,10.0568390627433
28.4,31,Highway.car[2],263.931020511936,226.65,13.8330545095121
28.4,1,Highway.car[3],226.65,243.311787600383,9.76404673428708
28.4,2,Highway.car[4],226.65,260.001563399324,9.9334898693065
28.4,3,Highway.car[5],226.65,309.945638638632,12.4350229548714
28.4,4,Highway.car[6],226.65,372.422457261557,6.73280337589947
28.4,5,Highway.car[7],226.65,394.542959021705,5.40232782724323
28.4,6,Highway.car[8],226.65,412.076089488264,1.80234683622851
28.5,0,Highway.car[0],226.65,225.420456864604,9.79038059873413
28.5,15,Highway.car[1],223.35,174.411582447906,10.0684358175117
28.5,31,Highway.car[2],265.317076915164,226.65,13.8605640322808
28.5,1,Highway.car[3],226.65,242.339891809501,9.71895790881654
28.5,2,Highway.car[4],226.65,259.010187521852,9.91375877472096
28.5,3,Highway.car[5],226.65,308.695157902409,12.5048073622345
28.5,4,Highway.car[6],226.65,371.74148640464,6.80970856917431
28.5,5,Highway.car[7],226.65,393.995422342484,5.47536679220046
28.5,6,Highway.car[8],226.65,411.889241035842,1.86848452421988
28.6,0,Highway.car[0],226.65,224.44443725535,9.76019609254785
28.6,15,Highway.car[1],223.35,175.420733407644,10.0915095973806
28.6,31,Highway.car[2],266.703797046553,226.65,13.867201313891
28.6,1,Highway.car[3],226.65,241.362284739212,9.77607070289006
28.6,2,Highway.car[4],226.65,258.021397252705,9.88790269147199
28.6,3,Highway.car[5],226.65,307.44059043535,12.5456746705831
28.6,4,Highway.car[6],226.65,371.056081107599,6.85405297040255
28.6,5,Highway.car[7],226.65,393.440263960339,5.55158382144999
28.6,6,Highway.car[8],226.65,411.698817115953,1.90423919889017
28.7,0,Highway.car[0],226.65,223.468501988778,9.75935266571492
28.7,15,Highway.car[1],223.35,176.432811276931,10.1207786928713
28.7,31,Highway.car[2],268.08872185801,226.65,13.8492481145659
28.7,1,Highway.car[3],226.65,240.389113361991,9.7317137722103
28.7,2,Highway.car[4],226.65,257.030028775422,9.9136847728254
28.7,3,Highway.car[5],226.65,306.18528143867,12.5530899668066
28.7,4,Highway.car[6],226.65,370.366516493545,6.89564614054156
28.7,5,Highway.car[7],226.65,392.876414161277,5.63849799062834
28.7,6,Highway.car[8],226.65,411.500505633452,1.98311482500809
28.8,0,Highway.car[0],226.65,222.489970447182,9.78531541596074
28.8,15,Highway.car[1],223.35,177.448843689035,10.1603241210421
28.8,31,Highway.car[2],269.475990525113,226.65,13.8726866710326
28.8,1,Highway.car[3],226.65,239.411908762081,9.7720459991054
28.8,2,Highway.car[4],226.65,256.042074571064,9.87954204358718
28.8,3,Highway.car[5],226.65,304.926753271185,12.5852816748433
28.8,4,Highway.car[6],226.65,369.67320159108,6.93314902464734
28.8,5,Highway.car[7],226.65,392.3040106879,5.7240347337619
28.8,6,Highway.car[8],226.65,411.294321224228,2.06184409224021
28.9,0,Highway.car[0],226.65,221.51295477078,9.77015676402208
28.9,15,Highway.car[1],223.35,178.467990743773,10.1914705473801
28.9,31,Highway.car[2],270.863491450334,226.65,13.8750092522101
28.9,1,Highway.car[3],226.65,238.434658515877,9.77250246203932
28.9,2,Highway.car[4],226.65,255.04814488774,9.93929683323329
28.9,3,Highway.car[5],226.65,303.672029869831,12.5472340135416
28.9,4,Highway.car[6],226.65,368.974578609419,6.98622981661432
28.9,5,Highway.car[7],226.65,391.726404997923,5.77605689977189
28.9,6,Highway.car[8],226.65,411.082989545325,2.11331678903347
29,0,Highway.car[0],226.65,220.534104206666,9.78850564113632
29,15,Highway.car[1],223.35,179.490557049498,10.2256630572534
29,31,Highway.car[2],272.252292861612,226.65,13.8880141127808
29,1,Highway.car[3],226.65,237.457849667866,9.76808848010423
29,2,Highway.car[4],226.65,254.058206157561,9.89938730179018
29,3,Highway.car[5],226.65,302.412056684896,12.5997318493575
29,4,Highway.car[6],226.65,368.272363367817,7.02215241602403
29,5,Highway.car[7],226.65,391.143737049185,5.82667948738682
29,6,Highway.car[8],226.65,410.865871868366,2.17117676958686
29.1,0,Highway.car[0],226.65,219.556402157831,9.77702048835252
29.1,15,Highway.car[1],223.35,180.519813302907,10.2925625340868
29.1,31,Highway.car[2],273.638160461816,226.65,13.8586760020419
29.1,1,Highway.car[3],226.65,236.480426587148,9.77423080718152
29.1,2,Highway.car[4],226.65,253.0663673187,9.91838838861202
29.1,3,Highway.car[5],226.65,301.156909592758,12.5514709213737
29.1,4,Highway.car[6],226.65,367.562987631758,7.09375736058191
29.1,5,Highway.car[7],226.65,390.555848284415,5.87888764769198
29.1,6,Highway.car[8],226.65,410.643457646578,2.22414221788349
29.2,0,Highway.car[0],226.65,218.581519955476,9.74882202355471
29.2,15,Highway.car[1],223.35,181.550990514059,10.3117721115155
29.2,31,Highway.car[2],275.025389324648,226.65,13.8722886283137
29.2,1,Highway.car[3],226.65,235.502606112334,9.77820474813976
29.2,2,Highway.car[4],226.65,252.076793565118,9.89573753582031
29.2,3,Highway.car[5],226.65,299.899407375761,12.5750221699686
29.2,4,Highway.car[6],226.65,366.850045319665,7.1294231209314
29.2,5,Highway.car[7],226.65,389.959531091874,5.96317192541212
29.2,6,Highway.car[8],226.65,410.416001469399,2.27456177178456
29.3,0,Highway.car[0],226.65,217.602018844649,9.7950111082606
29.3,15,Highway.car[1],223.35,182.586614976106,10.3562446204768
29.3,31,Highway.car[2],276.411114278018,226.65,13.8572495337063
29.3,1,Highway.car[3],226.65,234.525694239798,9.76911872536228
29.3,2,Highway.car[4],226.65,251.083845406977,9.92948158141297
29.3,3,Highway.car[5],226.65,298.644691379073,12.5471599668812
29.3,4,Highway.car[6],226.65,366.133243697044,7.16801622620938
29.3,5,Highway.car[7],226.65,389.354327997977,6.05203093896746
29.3,6,Highway.car[8],226.65,410.182657746096,2.33343723303231
29.4,0,Highway.car[0],226.65,216.623752588419,9.7826625623079
29.4,15,Highway.car[1],223.35,183.626229261904,10.3961428579788
29.4,31,Highway.car[2],277.794248028419,226.65,13.8313375040051
29.4,1,Highway.car[3],226.65,233.549787884435,9.75906355363387
29.4,2,Highway.car[4],226.65,250.095161765387,9.88683641590014
29.4,3,Highway.car[5],226.65,297.388893340901,12.5579803817265
29.4,4,Highway.car[6],226.65,365.41222978825,7.21013908793931
29.4,5,Highway.car[7],226.65,388.742719927912,6.11608070065743
29.4,6,Highway.car[8],226.65,409.942325075095,2.40332671001332
29.5,0,Highway.car[0],226.65,215.648078044031,9.75674544388056
29.5,15,Highway.car[1],223.35,184.67003607527,10.4380681336566
29.5,31,Highway.car[2],279.182543568315,226.65,13.8829553989624
29.5,1,Highway.car[3],226.65,232.573910829879,9.7587705455553
29.5,2,Highway.car[4],226.65,249.103969631646,9.9119213374057
29.5,3,Highway.car[5],226.65,296.133047822653,12.5584551824781
29.5,4,Highway.car[6],226.65,364.685890215266,7.26339572984506
29.5,5,Highway.car[7],226.65,388.122576239333,6.201436885791
29.5,6,Highway.car[8],226.65,409.697876097586,2.44448977508268
29.6,0,Highway.car[0],226.65,214.671581292465,9.764967515653
29.6,15,Highway.car[1],223.35,185.717256497772,10.4722042250214
29.6,31,Highway.car[2],280.567648342075,226.65,13.8510477376031
29.6,1,Highway.car[3],226.65,231.600222853624,9.73687976254864
29.6,2,Highway.car[4],226.65,248.113120960632,9.90848671014565
29.6,3,Highway.car[5],226.65,294.87629804515,12.5674977750296
29.6,4,Highway.car[6],226.65,363.953287393336,7.32602821930093
29.6,5,Highway.car[7],226.65,387.497924818366,6.24651420966964
29.6,6,Highway.car[8],226.65,409.446541415098,2.5133468248822
29.7,0,Highway.car[0],226.65,213.693728894545,9.77852397920284
29.7,15,Highway.car[1],223.35,186.763682594413,10.4642609664146
29.7,31,Highway.car[2],281.950157326835,226.65,13.8250898475945
29.7,1,Highway.car[3],226.65,230.623175150676,9.77047702948687
29.7,2,Highway.car[4],226.65,247.12915829533,9.83962665301795
29.7,3,Highway.car[5],226.65,293.618305699681,12.5799234546872
29.7,4,Highway.car[6],226.65,363.214959866078,7.38327527257954
29.7,5,Highway.car[7],226.65,386.864154490125,6.33770328240362
29.7,6,Highway.car[8],226.65,409.191335887892,2.55205527206289
29.8,0,Highway.car[0],226.65,212.714750124723,9.78978769822232
29.8,15,Highway.car[1],223.35,187.810122913434,10.4644031902102
29.8,31,Highway.car[2],283.336061538172,226.65,13.8590421133698
29.8,1,Highway.car[3],226.65,229.647263681946,9.75911468729938
29.8,2,Highway.car[4],226.65,246.142923494192,9.86234801137924
29.8,3,Highway.car[5],226.65,292.36172637665,12.5657932303124
29.8,4,Highway.car[6],226.65,362.469236944568,7.45722921510288
29.8,5,Highway.car[7],226.65,386.220960608612,6.43193881513211
29.8,6,Highway.car[8],226.65,408.933319605261,2.58016282630398
29.9,0,Highway.car[0],226.65,211.737867553722,9.76882571000792
29.9,15,Highway.car[1],223.35,188.85905403767,10.4893112423583
29.9,31,Highway.car[2],284.723934630267,226.65,13.8787309209537
29.9,1,Highway.car[3],226.65,228.670599649418,9.76664032527236
29.9,2,Highway.car[4],226.65,245.155846327038,9.87077167154246
29.9,3,Highway.car[5],226.65,291.104722023513,12.5700435313676
29.9,4,Highway.car[6],226.65,361.719067963627,7.50168980940585
29.9,5,Highway.car[7],226.65,385.572263003122,6.48697605490112
29.9,6,Highway.car[8],226.65,408.669546698062,2.63772907199676
30,0,Highway.car[0],226.65,210.759710675342,9.78156878380012
30,15,Highway.car[1],223.35,189.906957781489,10.4790374381903
30,31,Highway.car[2],286.109535819978,226.65,13.8560118971136
30,1,Highway.car[3],226.65,227.692613772697,9.77985876721125
30,2,Highway.car[4],226.65,244.166590177585,9.8925614945241
30,3,Highway.car[5],226.65,289.848810556955,12.5591146655823
30,4,Highway.car[6],226.65,360.964728213696,7.5433974993086
30,5,Highway.car[7],226.65,384.91362458098,6.58638422141559
30,6,Highway.car[8],226.65,408.401059709886,2.68486988176184
30.1,0,Highway.car[0],226.65,209.780655778123,9.79054897219036
30.1,15,Highway.car[1],223.35,190.95384193561,10.4688415412076
30.1,31,Highway.car[2],287.492413660721,226.65,13.8287784074224
30.1,1,Highway.car[3],226.65,226.71368163559,9.78932137107694
30.1,2,Highway.car[4],226.65,243.180900643751,9.85689533834014
30.1,3,Highway.car[5],226.65,288.589488060148,12.5932249680697
30.1,4,Highway.car[6],226.65,360.205214025851,7.5951418784481
30.1,5,Highway.car[7],226.65,384.245142130678,6.68482450302001
30.1,6,Highway.car[8],226.65,408.126074677415,2.74985032470769
30.1,7,Highway.car[9],226.65,416.140478694141,0.0952130585946143
30.2,0,Highway.car[0],226.65,208.804885281097,9.75770497026015
30.2,15,Highway.car[1],223.35,191.997772372171,10.4393043656128
30.2,31,Highway.car[2],288.875413387636,226.65,13.829997269155
30.2,1,Highway.car[3],226.65,225.733783204171,9.79898431418459
30.2,2,Highway.car[4],226.65,242.191999962156,9.88900681595499
30.2,3,Highway.car[5],226.65,287.33394077564,12.5554728450836
30.2,4,Highway.car[6],226.65,359.442296195539,7.62917830312685
30.2,5,Highway.car[7],226.65,383.569207653503,6.75934477175712
30.2,6,Highway.car[8],226.65,407.845470734342,2.8060394307297
30.2,7,Highway.car[9],226.65,416.121780898149,0.186977959917033
30.3,0,Highway.car[0],226.65,207.826282263889,9.78603017208166
30.3,15,Highway.car[1],223.35,193.043011887832,10.4523951566115
30.3,31,Highway.car[2],290.264048267252,226.65,13.8863487961562
30.3,1,Highway.car[3],226.65,224.757792131369,9.75991072802198
30.3,2,Highway.car[4],226.65,241.202889950744,9.89110011411307
30.3,3,Highway.car[5],226.65,286.074307674167,12.596331014724
30.3,4,Highway.car[6],226.65,358.67336062094,7.68935574599044
30.3,5,Highway.car[7],226.65,382.884892353897,6.84315299606076
30.3,6,Highway.car[8],226.65,407.559491807274,2.85978927067539
30.3,7,Highway.car[9],226.65,416.093124576626,0.286563215223762
30.4,0,Highway.car[0],226.65,206.847571081535,9.78711182354018
30.4,15,Highway.car[1],223.35,194.092457510466,10.494456226333
30.4,31,Highway.car[2],291.650781203512,226.65,13.8673293625982
30.4,1,Highway.car[3],226.65,223.778892581805,9.7889954956387
30.4,2,Highway.car[4],226.65,240.217841715427,9.85048235317601
30.4,3,Highway.car[5],226.65,284.81500853202,12.5929914214753
30.4,4,Highway.car[6],226.65,357.90014544503,7.7321517590933
30.4,5,Highway.car[7],226.65,382.193700096708,6.91192257188503
30.4,6,Highway.car[8],226.65,407.270472399588,2.89019407685811
30.4,7,Highway.car[9],226.65,416.055932839429,0.37191737196967
30.5,0,Highway.car[0],226.65,205.872553180171,9.75017901363503
30.5,15,Highway.car[1],223.35,195.13788808257,10.4543057210406
30.5,31,Highway.car[2],293.032835246542,226.65,13.820540430306
30.5,1,Highway.car[3],226.65,222.802078559551,9.76814022253706
30.5,2,Highway.car[4],226.65,239.229259090399,9.88582625028236
30.5,3,Highway.car[5],226.65,283.55618111014,12.5882742187916
30.5,4,Highway.car[6],226.65,357.124073548849,7.76071896180851
30.5,5,Highway.car[7],226.65,381.49670453935,6.96995557358148
30.5,6,Highway.car[8],226.65,406.977321520512,2.93150879076089
30.5,7,Highway.car[9],226.65,416.010962625711,0.449702137185966
30.6,0,Highway.car[0],226.65,204.89493795909,9.77615221081488
30.6,15,Highway.car[1],223.35,196.183474415656,10.4558633308634
30.6,31,Highway.car[2],294.418841333356,226.65,13.8600608681398
30.6,1,Highway.car[3],226.65,221.828949143792,9.73129415759627
30.6,2,Highway.car[4],226.65,238.246004252462,9.83254837936512
30.6,3,Highway.car[5],226.65,282.299937403595,12.5624370654568
30.6,4,Highway.car[6],226.65,356.341130438945,7.82943109904756
30.6,5,Highway.car[7],226.65,380.790503956241,7.06200583109176
30.6,6,Highway.car[8],226.65,406.68130202155,2.96019498962036
30.6,7,Highway.car[9],226.65,415.958394820505,0.525678052062752
30.7,0,Highway.car[0],226.65,203.915438168416,9.79499790673424
30.7,15,Highway.car[1],223.35,197.23202565348,10.4855123782363
30.7,31,Highway.car[2],295.807105302181,226.65,13.8826396882464
30.7,1,Highway.car[3],226.65,220.851663046097,9.77286097694616
30.7,2,Highway.car[4],226.65,237.264042886611,9.81961365851081
30.7,3,Highway.car[5],226.65,281.043274096345,12.5666330724931
30.7,4,Highway.car[6],226.65,355.551842045298,7.89288393647098
30.7,5,Highway.car[7],226.65,380.076212143923,7.14291812317222
30.7,6,Highway.car[8],226.65,406.377717224627,3.03584796922992
30.7,7,Highway.car[9],226.65,415.898758214403,0.596366061013334
30.8,0,Highway.car[0],226.65,202.940000135804,9.75438032611925
30.8,15,Highway.car[1],223.35,198.27695090063,10.4492524714996
30.8,31,Highway.car[2],297.19024025426,226.65,13.8313495207904
30.8,1,Highway.car[3],226.65,219.873126889379,9.78536156718561
30.8,2,Highway.car[4],226.65,236.278785937682,9.85256948928949
30.8,3,Highway.car[5],226.65,279.788512200773,12.547618955723
30.8,4,Highway.car[6],226.65,354.75971615369,7.92125891607222
30.8,5,Highway.car[7],226.65,379.355700668809,7.20511475114161
30.8,6,Highway.car[8],226.65,406.068049971361,3.09667253266147
30.8,7,Highway.car[9],226.65,415.8331694037,0.655888107031418
30.9,0,Highway.car[0],226.65,201.962935585088,9.77064550715964
30.9,15,Highway.car[1],223.35,199.323680110087,10.4672920945748
30.9,31,Highway.car[2],298.57642632529,226.65,13.8618607103056
30.9,1,Highway.car[3],226.65,218.897212264873,9.75914624505859
30.9,2,Highway.car[4],226.65,235.29306183807,9.85724099612437
30.9,3,Highway.car[5],226.65,278.528844164648,12.596680361249
30.9,4,Highway.car[6],226.65,353.960038300021,7.99677853668914
30.9,5,Highway.car[7],226.65,378.628308039294,7.27392629515389
30.9,6,Highway.car[8],226.65,405.750834579105,3.17215392256307
30.9,7,Highway.car[9],226.65,415.759465112409,0.737042912908643
31,0,Highway.car[0],226.65,200.987146886966,9.75788698122278
31,15,Highway.car[1],223.35,200.368541288736,10.4486117864856
31,31,Highway.car[2],299.960338553002,226.65,13.8391222771187
31,1,Highway.car[3],226.65,217.919821128847,9.77391136026047
31,2,Highway.car[4],226.65,234.309650677115,9.83411160954678
31,3,Highway.car[5],226.65,277.270654413496,12.5818975115218
31,4,Highway.car[6],226.65,353.156768020958,8.03270279063159
31,5,Highway.car[7],226.65,377.894465787621,7.33842251673117
31,6,Highway.car[8],226.65,405.425991533896,3.24843045209314
31,7,Highway.car[9],226.65,415.676290990833,0.831741215763841
31.1,0,Highway.car[0],226.65,200.010809182424,9.7633770454172
31.1,15,Highway.car[1],223.35,201.414822426019,10.4628113728284
31.1,31,Highway.car[2],301.348835697108,226.65,13.8849714410584
31.1,1,Highway.car[3],226.65,216.942059368978,9.77761759868421
31.1,2,Highway.car[4],226.65,233.323306873789,9.86343803326051
31.1,3,Highway.car[5],226.65,276.013924832058,12.5672958143754
31.1,4,Highway.car[6],226.65,352.346257157198,8.10510863759988
31.1,5,Highway.car[7],226.65,377.154572630917,7.39893156704269
31.1,6,Highway.car[8],226.65,405.095314586758,3.30676947137213
31.1,7,Highway.car[9],226.65,415.588894745555,0.873962452783361
31.2,0,Highway.car[0],226.65,199.030813490662,9.79995691762958
31.2,15,Highway.car[1],223.35,202.458961747031,10.4413932101196
31.2,31,Highway.car[2],302.736964758948,226.65,13.8812906184001
31.2,1,Highway.car[3],226.65,215.967997335597,9.74062033381176
31.2,2,Highway.car[4],226.65,232.340915369005,9.82391504783664
31.2,3,Highway.car[5],226.65,274.75600449515,12.5792033690866
31.2,4,Highway.car[6],226.65,351.529360181497,8.1689697570099
31.2,5,Highway.car[7],226.65,376.406394641639,7.48177989277881
31.2,6,Highway.car[8],226.65,404.757471287163,3.37843299595605
31.2,7,Highway.car[9],226.65,415.495120470994,0.937742745602963
31.3,0,Highway.car[0],226.65,198.05108414639,9.79729344271123
31.3,15,Highway.car[1],223.35,203.506777045629,10.4781529859849
31.3,31,Highway.car[2],304.125830407693,226.65,13.8886564874463
31.3,1,Highway.car[3],226.65,214.987313622283,9.80683713314307
31.3,2,Highway.car[4],226.65,231.357038223125,9.83877145879894
31.3,3,Highway.car[5],226.65,273.499039109798,12.5696538535156
31.3,4,Highway.car[6],226.65,350.70777098267,8.21589198827431
31.3,5,Highway.car[7],226.65,375.652725389812,7.53669251827183
31.3,6,Highway.car[8],226.65,404.414379172033,3.43092115129962
31.3,7,Highway.car[9],226.65,415.396394075726,0.987263952678995
31.4,0,Highway.car[0],226.65,197.071201421478,9.79882724912651
31.4,15,Highway.car[1],223.35,204.552187988193,10.4541094256421
31.4,31,Highway.car[2],305.508415548729,226.65,13.8258514103666
31.4,1,Highway.car[3],226.65,214.009816486989,9.77497135293941
31.4,2,Highway.car[4],226.65,230.373091626473,9.83946596651981
31.4,3,Highway.car[5],226.65,272.239939540791,12.5909956900706
31.4,4,Highway.car[6],226.65,349.88298533777,8.24785644900394
31.4,5,Highway.car[7],226.65,374.89034506598,7.62380323831699
31.4,6,Highway.car[8],226.65,404.06749210904,3.46887062992773
31.4,7,Highway.car[9],226.65,415.289680438333,1.06713637393107
31.5,0,Highway.car[0],226.65,196.094824107733,9.76377313744556
31.5,15,Highway.car[1],223.35,205.598597423985,10.4640943579129
31.5,31,Highway.car[2],306.892366349742,226.65,13.8395080101257
31.5,1,Highway.car[3],226.65,213.031608156379,9.78208330609734
31.5,2,Highway.car[4],226.65,229.388202465793,9.84889160680068
31.5,3,Highway.car[5],226.65,270.980686110279,12.5925343051192
31.5,4,Highway.car[6],226.65,349.053267070808,8.29718266961505
31.5,5,Highway.car[7],226.65,374.119083888617,7.71261177362767
31.5,6,Highway.car[8],226.65,403.716377427671,3.51114681369311
31.5,7,Highway.car[9],226.65,415.178793732205,1.10886706128157
31.6,0,Highway.car[0],226.65,195.119221246104,9.75602861629147
31.6,15,Highway.car[1],223.35,206.644124987262,10.4552756327733
31.6,31,Highway.car[2],308.274588618968,226.65,13.8222226922587
31.6,1,Highway.car[3],226.65,212.057419077852,9.74189078526918
31.6,2,Highway.car[4],226.65,228.401223745415,9.86978720378342
31.6,3,Highway.car[5],226.65,269.722169481646,12.5851662863337
31.6,4,Highway.car[6],226.65,348.219738553101,8.3352851770666
31.6,5,Highway.car[7],226.65,373.341240712419,7.77843176198317
31.6,6,Highway.car[8],226.65,403.357639188218,3.58738239452767
31.6,7,Highway.car[9],226.65,415.063690798905,1.15102933299867
31.7,0,Highway.car[0],226.65,194.144015889563,9.75205356541183
31.7,15,Highway.car[1],223.35,207.688321073787,10.4419608652561
31.7,31,Highway.car[2],309.663298357875,226.65,13.8870973890764
31.7,1,Highway.car[3],226.65,211.080543289226,9.76875788625751
31.7,2,Highway.car[4],226.65,227.421412230913,9.79811514501694
31.7,3,Highway.car[5],226.65,268.463513813996,12.5865566764958
31.7,4,Highway.car[6],226.65,347.378432589439,8.41305963662514
31.7,5,Highway.car[7],226.65,372.556076251435,7.85164460983602
31.7,6,Highway.car[8],226.65,402.994671563621,3.62967624596937
31.7,7,Highway.car[9],226.65,414.94501854105,1.18672257855441
31.8,0,Highway.car[0],226.65,193.167401728673,9.76614160889946
31.8,15,Highway.car[1],223.35,208.735936393762,10.4761531997484
31.8,31,Highway.car[2],311.050799585478,226.65,13.8750122760213
31.8,1,Highway.car[3],226.65,210.10493616048,9.75607128746411
31.8,2,Highway.car[4],226.65,226.440606514191,9.80805716722409
31.8,3,Highway.car[5],226.65,267.204230875844,12.5928293815209
31.8,4,Highway.car[6],226.65,346.53123873591,8.47193853528672
31.8,5,Highway.car[7],226.65,371.76379520366,7.92281047775186
31.8,6,Highway.car[8],226.65,402.624244693228,3.70426870393346
31.8,7,Highway.car[9],226.65,414.819457707944,1.25560833105724
31.9,0,Highway.car[0],226.65,192.189438729566,9.77962999107316
31.9,15,Highway.car[1],223.35,209.784440628946,10.4850423518408
31.9,31,Highway.car[2],312.439669031749,226.65,13.888694462711
31.9,1,Highway.car[3],226.65,209.13073235323,9.74203807250126
31.9,2,Highway.car[4],226.65,225.461429157237,9.7917735695416
31.9,3,Highway.car[5],226.65,265.948431493259,12.5579938258522
31.9,4,Highway.car[6],226.65,345.68090440798,8.50334327929993
31.9,5,Highway.car[7],226.65,370.961930441035,8.01864762624851
31.9,6,Highway.car[8],226.65,402.248400037048,3.75844656180183
31.9,7,Highway.car[9],226.65,414.685287230556,1.34170477388333
32,0,Highway.car[0],226.65,191.212906473415,9.76532256151084
32,15,Highway.car[1],223.35,210.831633260649,10.4719263170266
32,31,Highway.car[2],313.824430913653,226.65,13.8476188190421
32,1,Highway.car[3],226.65,208.154723564643,9.76008788586853
32,2,Highway.car[4],226.65,224.482748775659,9.78680381577996
32,3,Highway.car[5],226.65,264.690670946442,12.5776054681709
32,4,Highway.car[6],226.65,344.827583908351,8.53320499628936
32,5,Highway.car[7],226.65,370.15011026195,8.11820179085605
32,6,Highway.car[8],226.65,401.868285961105,3.80114075942489
32,7,Highway.car[9],226.65,414.54316562331,1.42121607245784
32.1,0,Highway.car[0],226.65,190.233707884747,9.79198588667344
32.1,15,Highway.car[1],223.35,211.877360678512,10.4572741786265
32.1,31,Highway.car[2],315.21285034951,226.65,13.8841943585733
32.1,1,Highway.car[3],226.65,207.179523080344,9.75200484298762
32.1,2,Highway.car[4],226.65,223.498175858273,9.84572917385432
32.1,3,Highway.car[5],226.65,263.432558568586,12.5811237785639
32.1,4,Highway.car[6],226.65,343.968713900585,8.58870007766471
32.1,5,Highway.car[7],226.65,369.331721541067,8.1838872088225
32.1,6,Highway.car[8],226.65,401.482804390678,3.85481570427178
32.1,7,Highway.car[9],226.65,414.393890856463,1.49274766846932
32.2,0,Highway.car[0],226.65,189.257357698536,9.76350186210685
32.2,15,Highway.car[1],223.35,212.924291525993,10.469308474815
32.2,31,Highway.car[2],316.595640794841,226.65,13.8279044533102
32.2,1,Highway.car[3],226.65,206.198756143321,9.80766937023055
32.2,2,Highway.car[4],226.65,222.516075988447,9.82099869826712
32.2,3,Highway.car[5],226.65,262.175919370931,12.5663919765502
32.2,4,Highway.car[6],226.65,343.104180969902,8.6453293068294
32.2,5,Highway.car[7],226.65,368.505710213158,8.26011327909081
32.2,6,Highway.car[8],226.65,401.093028711975,3.89775678702596
32.2,7,Highway.car[9],226.65,414.241479838382,1.52411018081381
32.3,0,Highway.car[0],226.65,188.280603225752,9.76754472784698
32.3,15,Highway.car[1],223.35,213.970259529146,10.4596800315287
32.3,31,Highway.car[2],317.982674462951,226.65,13.8703366811015
32.3,1,Highway.car[3],226.65,205.219949286312,9.78806857009586
32.3,2,Highway.car[4],226.65,221.533970061178,9.82105927268976
32.3,3,Highway.car[5],226.65,260.918671680167,12.5724769076356
32.3,4,Highway.car[6],226.65,342.233443590896,8.70737379005798
32.3,5,Highway.car[7],226.65,367.671476333981,8.34233879177607
32.3,6,Highway.car[8],226.65,400.69912700333,3.93901708645525
32.3,7,Highway.car[9],226.65,414.08588112998,1.55598708401573
32.4,0,Highway.car[0],226.65,187.30434364762,9.76259578132257
32.4,15,Highway.car[1],223.35,215.016856209677,10.4659668053063
32.4,31,Highway.car[2],319.37164816167,226.65,13.8897369871847
32.4,1,Highway.car[3],226.65,204.242604872203,9.77344414108425
32.4,2,Highway.car[4],226.65,220.55118187275,9.82788188427767
32.4,3,Highway.car[5],226.65,259.660124667837,12.5854701232968
32.4,4,Highway.car[6],226.65,341.359115680872,8.74327910023802
32.4,5,Highway.car[7],226.65,366.828188916344,8.43287417636262
32.4,6,Highway.car[8],226.65,400.298924903385,4.00202099944803
32.4,7,Highway.car[9],226.65,413.921192053562,1.64689076417731
32.5,0,Highway.car[0],226.65,186.325923823479,9.78419824140333
32.5,15,Highway.car[1],223.35,216.061250812459,10.4439460278272
32.5,31,Highway.car[2],320.757644169683,226.65,13.8599600801338
32.5,1,Highway.car[3],226.65,203.266896735783,9.75708136420043
32.5,2,Highway.car[4],226.65,219.568629617951,9.82552254799326
32.5,3,Highway.car[5],226.65,258.40555043721,12.5457423062692
32.5,4,Highway.car[6],226.65,340.477679290183,8.81436390689449
32.5,5,Highway.car[7],226.65,365.97619951231,8.51989404033878
32.5,6,Highway.car[8],226.65,399.894215411754,4.04709491631354
32.5,7,Highway.car[9],226.65,413.750762974076,1.70429079486662
32.6,0,Highway.car[0],226.65,185.347777380675,9.78146442803741
32.6,15,Highway.car[1],223.35,217.108272472932,10.4702166047276
32.6,31,Highway.car[2],322.146584475005,226.65,13.8894030532194
32.6,1,Highway.car[3],226.65,202.290644628008,9.76252107775595
32.6,2,Highway.car[4],226.65,218.589431711025,9.79197906925067
32.6,3,Highway.car[5],226.65,257.148294365386,12.572560718247
32.6,4,Highway.car[6],226.65,339.590941831867,8.86737458316204
32.6,5,Highway.car[7],226.65,365.116073124753,8.60126387557605
32.6,6,Highway.car[8],226.65,399.484619999715,4.09595412038791
32.6,7,Highway.car[9],226.65,413.571544166805,1.7921880727089
32.7,0,Highway.car[0],226.65,184.371571133715,9.76206246960815
32.7,15,Highway.car[1],223.35,218.155195783211,10.4692331027866
32.7,31,Highway.car[2],323.535446362611,226.65,13.888618876054
32.7,1,Highway.car[3],226.65,201.312239465242,9.78405162765869
32.7,2,Highway.car[4],226.65,217.611017768477,9.78413942548524
32.7,3,Highway.car[5],226.65,255.891063003559,12.5723136182688
32.7,4,Highway.car[6],226.65,338.700159061231,8.90782770635434
32.7,5,Highway.car[7],226.65,364.248339979499,8.67733145253974
32.7,6,Highway.car[8],226.65,399.070836756983,4.13783242731879
32.7,7,Highway.car[9],226.65,413.387331799689,1.84212367115682
32.8,0,Highway.car[0],226.65,183.393492548926,9.78078584788367
32.8,15,Highway.car[1],223.35,219.199689661774,10.4449387856314
32.8,31,Highway.car[2],324.918006330976,226.65,13.8255996836582
32.8,1,Highway.car[3],226.65,200.338649168408,9.73590296833214
32.8,2,Highway.car[4],226.65,216.627738329685,9.83279438792192
32.8,3,Highway.car[5],226.65,254.635315118854,12.557478847045
32.8,4,Highway.car[6],226.65,337.802552775853,8.97606285378025
32.8,5,Highway.car[7],226.65,363.375293499002,8.73046480497005
32.8,6,Highway.car[8],226.65,398.653375208979,4.17461548004079
32.8,7,Highway.car[9],226.65,413.200081830155,1.8724996953425
32.9,0,Highway.car[0],226.65,182.416353564636,9.77138984289765
32.9,15,Highway.car[1],223.35,220.247043593499,10.4735393172526
32.9,31,Highway.car[2],326.303774655662,226.65,13.8576832468552
32.9,1,Highway.car[3],226.65,199.362846275195,9.75802893213477
32.9,2,Highway.car[4],226.65,215.651411772792,9.76326556892657
32.9,3,Highway.car[5],226.65,253.380643371601,12.5467174725304
32.9,4,Highway.car[6],226.65,336.897087065772,9.05465710081593
32.9,5,Highway.car[7],226.65,362.494539225722,8.80754273280161
32.9,6,Highway.car[8],226.65,398.228889575894,4.24485633085261
32.9,7,Highway.car[9],226.65,413.003452765389,1.96629064765665
33,0,Highway.car[0],226.65,181.437291063654,9.7906250098208
33,15,Highway.car[1],223.35,221.294151706765,10.4710811326609
33,31,Highway.car[2],327.691367241791,226.65,13.8759258612897
33,1,Highway.car[3],226.65,198.385987170243,9.76859104952132
33,2,Highway.car[4],226.65,214.671066602541,9.80345170251192
33,3,Highway.car[5],226.65,252.123004498584,12.5763887301716
33,4,Highway.car[6],226.65,335.988526549257,9.08560516514783
33,5,Highway.car[7],226.65,361.604506880525,8.90032345196241
33,6,Highway.car[8],226.65,397.797829861658,4.31059714235424
33,7,Highway.car[9],226.65,412.800652599622,2.02800165766757
33.1,0,Highway.car[0],226.65,180.45910988031,9.78181183344498
33.1,15,Highway.car[1],223.35,222.342295317235,10.481436104696
33.1,31,Highway.car[2],329.07568013577,226.65,13.8431289397902
33.1,1,Highway.car[3],226.65,197.409651911899,9.7633525834352
33.1,2,Highway.car[4],226.65,213.692387011301,9.78679591240353
33.1,3,Highway.car[5],226.65,250.867390151996,12.5561434658815
33.1,4,Highway.car[6],226.65,335.075109389998,9.13417159258542
33.1,5,Highway.car[7],226.65,360.704930033734,8.9957684679109
33.1,6,Highway.car[8],226.65,397.363154167204,4.34675694454241
33.1,7,Highway.car[9],226.65,412.590774127198,2.09878472424019
33.2,0,Highway.car[0],226.65,179.480638647103,9.78471233206429
33.2,15,Highway.car[1],223.35,223.391150117273,10.4885480003769
33.2,31,Highway.car[2],330.457920330651,226.65,13.8224019488087
33.2,1,Highway.car[3],226.65,196.430315638914,9.79336272985456
33.2,2,Highway.car[4],226.65,212.714427667893,9.77959343407877
33.2,3,Highway.car[5],226.65,249.608093600112,12.5929655188392
33.2,4,Highway.car[6],226.65,334.156669042082,9.18440347916414
33.2,5,Highway.car[7],226.65,359.798159175538,9.06770858195968
33.2,6,Highway.car[8],226.65,396.921232819721,4.41921347482561
33.2,7,Highway.car[9],226.65,412.373976701958,2.16797425240883
33.3,0,Highway.car[0],226.65,178.502724712932,9.77913934171852
33.3,15,Highway.car[1],223.35,224.43780742073,10.4665730345731
33.3,31,Highway.car[2],331.842209023581,226.65,13.8428869293025
33.3,1,Highway.car[3],226.65,195.450926988848,9.79388650066291
33.3,2,Highway.car[4],226.65,211.731649613394,9.82778054499077
33.3,3,Highway.car[5],226.65,248.352832369308,12.5526123080438
33.3,4,Highway.car[6],226.65,333.23301175824,9.23657283842252
33.3,5,Highway.car[7],226.65,358.882334432311,9.15824743227692
33.3,6,Highway.car[8],226.65,396.475854157132,4.45378662589531
33.3,7,Highway.car[9],226.65,412.15284897505,2.21127726907748
33.4,0,Highway.car[0],226.65,177.523847717232,9.78876995699387
33.4,15,Highway.car[1],223.35,225.482488747525,10.4468132679476
33.4,31,Highway.car[2],333.227249683511,226.65,13.8504065992986
33.4,1,Highway.car[3],226.65,194.471488558021,9.79438430826535
33.4,2,Highway.car[4],226.65,210.750730084089,9.80919529304284
33.4,3,Highway.car[5],226.65,247.096737454094,12.5609491521376
33.4,4,Highway.car[6],226.65,332.304335069944,9.28676688295105
33.4,5,Highway.car[7],226.65,357.959326010673,9.23008421637941
33.4,6,Highway.car[8],226.65,396.023979995818,4.51874161313999
33.4,7,Highway.car[9],226.65,411.926818596669,2.26030378380464
33.5,0,Highway.car[0],226.65,176.547618771383,9.76228945849184
33.5,15,Highway.car[1],223.35,226.531282166576,10.4879341905168
33.5,31,Highway.car[2],334.610670922222,226.65,13.8342123871064
33.5,1,Highway.car[3],226.65,193.492657339521,9.78831218499922
33.5,2,Highway.car[4],226.65,209.768659391037,9.82070693052084
33.5,3,Highway.car[5],226.65,245.841057821073,12.5567963302135
33.5,4,Highway.car[6],226.65,331.36961964883,9.34715421114457
33.5,5,Highway.car[7],226.65,357.028565297161,9.3076071351197
33.5,6,Highway.car[8],226.65,395.564659690487,4.59320305330365
33.5,7,Highway.car[9],226.65,411.694931462786,2.31887133882986
33.6,0,Highway.car[0],226.65,175.572651182569,9.74967588814441
33.6,15,Highway.car[1],223.35,227.575682318157,10.4440015158041
33.6,31,Highway.car[2],335.99332721101,226.65,13.8265628878796
33.6,1,Highway.car[3],226.65,192.51454866218,9.78108677341041
33.6,2,Highway.car[4],226.65,208.789219740858,9.79439650179557
33.6,3,Highway.car[5],226.65,244.583880090724,12.5717773034866
33.6,4,Highway.car[6],226.65,330.428482405078,9.41137243751684
33.6,5,Highway.car[7],226.65,356.088644029299,9.39921267861858
33.6,6,Highway.car[8],226.65,395.09916433336,4.65495357127174
33.6,7,Highway.car[9],226.65,411.458081985835,2.36849476951779
33.7,0,Highway.car[0],226.65,174.596738777898,9.7591240467066
33.7,15,Highway.car[1],223.35,228.625254545915,10.495722277578
33.7,31,Highway.car[2],337.381741169306,226.65,13.8841395829688
33.7,1,Highway.car[3],226.65,191.539470235063,9.75078427117474
33.7,2,Highway.car[4],226.65,207.805917746171,9.83301994686596
33.7,3,Highway.car[5],226.65,243.32891767605,12.5496241467388
33.7,4,Highway.car[6],226.65,329.480703333493,9.47779071585522
33.7,5,Highway.car[7],226.65,355.140959339384,9.47684689915165
33.7,6,Highway.car[8],226.65,394.62567374339,4.73490589970595
33.7,7,Highway.car[9],226.65,411.218129666882,2.39952318952791
33.8,0,Highway.car[0],226.65,173.620979843107,9.75758934790641
33.8,15,Highway.car[1],223.35,229.670171571555,10.4491702564016
33.8,31,Highway.car[2],338.764889102853,226.65,13.8314793354669
33.8,1,Highway.car[3],226.65,190.564823672881,9.74646562181915
33.8,2,Highway.car[4],226.65,206.82779808052,9.7811966565106
33.8,3,Highway.car[5],226.65,242.069173783771,12.5974389227864
33.8,4,Highway.car[6],226.65,328.526777733814,9.53925599678387
33.8,5,Highway.car[7],226.65,354.18577140354,9.55187935843722
33.8,6,Highway.car[8],226.65,394.147420502884,4.78253240505851
33.8,7,Highway.car[9],226.65,410.973454684495,2.44674982387013
33.9,0,Highway.car[0],226.65,172.6423279627,9.7865188040752
33.9,15,Highway.car[1],223.35,230.715213563144,10.4504199158899
33.9,31,Highway.car[2],340.147624985252,226.65,13.8273588239937
33.9,1,Highway.car[3],226.65,189.586732017672,9.78091655208481
33.9,2,Highway.car[4],226.65,205.850363338218,9.77434742301507
33.9,3,Highway.car[5],226.65,240.81157435745,12.575994263211
33.9,4,Highway.car[6],226.65,327.565116283471,9.61661450343174
33.9,5,Highway.car[7],226.65,353.223269933774,9.6250146976638
33.9,6,Highway.car[8],226.65,393.663240497664,4.84180005220289
33.9,7,Highway.car[9],226.65,410.720113971609,2.5334071288621
34,0,Highway.car[0],226.65,171.665702449596,9.76625513104256
34,15,Highway.car[1],223.35,231.764626980951,10.4941341780752
34,31,Highway.car[2],341.53447679174,226.65,13.8685180648742
34,1,Highway.car[3],226.65,188.606880152806,9.79851864866387
34,2,Highway.car[4],226.65,204.866963473216,9.83399865002093
34,3,Highway.car[5],226.65,239.55691304851,12.5466130894062
34,4,Highway.car[6],226.65,326.596503938687,9.68612344784723
34,5,Highway.car[7],226.65,352.254054324957,9.69215608816369
34,6,Highway.car[8],226.65,393.174705924778,4.88534572885058
34,7,Highway.car[9],226.65,410.462069894059,2.58044077549968
34.1,0,Highway.car[0],226.65,170.68583463867,9.79867810925469
34.1,15,Highway.car[1],223.35,232.810248043302,10.4562106235088
34.1,31,Highway.car[2],342.917969840966,226.65,13.83493049226
34.1,1,Highway.car[3],226.65,187.627950051844,9.78930100961825
34.1,2,Highway.car[4],226.65,203.883046324211,9.83917149005623
34.1,3,Highway.car[5],226.65,238.2973474504,12.5956559810997
34.1,4,Highway.car[6],226.65,325.619928206481,9.76575732205496
34.1,5,Highway.car[7],226.65,351.279528963614,9.74525361343644
34.1,6,Highway.car[8],226.65,392.678567093141,4.96138831637207
34.1,7,Highway.car[9],226.65,410.197416165979,2.64653728079889
34.2,0,Highway.car[0],226.65,169.708089947102,9.77744691568054
34.2,15,Highway.car[1],223.35,233.854126611042,10.4387856773974
34.2,31,Highway.car[2],344.303805108628,226.65,13.8583526766207
34.2,1,Highway.car[3],226.65,186.651891963562,9.76058088282291
34.2,2,Highway.car[4],226.65,202.901571304237,9.81475019973292
34.2,3,Highway.car[5],226.65,237.040631053531,12.5671639686904
34.2,4,Highway.car[6],226.65,324.640042239387,9.79885967094358
34.2,5,Highway.car[7],226.65,350.295194312724,9.84334650889978
34.2,6,Highway.car[8],226.65,392.175717787107,5.02849306033983
34.2,7,Highway.car[9],226.65,409.929433118815,2.67983047163486
34.3,0,Highway.car[0],226.65,168.729557978714,9.78531968387961
34.3,15,Highway.car[1],223.35,234.897960302936,10.438336918937
34.3,31,Highway.car[2],345.688156939853,226.65,13.8435183122545
34.3,1,Highway.car[3],226.65,185.674572749494,9.77319214068083
34.3,2,Highway.car[4],226.65,201.924038624432,9.77532679805746
34.3,3,Highway.car[5],226.65,235.785298600581,12.5533245294937
34.3,4,Highway.car[6],226.65,323.662337465226,9.77704774160869
34.3,5,Highway.car[7],226.65,349.301361285206,9.93833027517547
34.3,6,Highway.car[8],226.65,391.666259779448,5.09458007659077
34.3,7,Highway.car[9],226.65,409.656915879323,2.7251723949206
34.4,0,Highway.car[0],226.65,167.751657300338,9.77900678376202
34.4,15,Highway.car[1],223.35,235.944911985028,10.4695168209218
34.4,31,Highway.car[2],347.073828038815,226.65,13.8567109896173
34.4,1,Highway.car[3],226.65,184.696093925213,9.7847882428046
34.4,2,Highway.car[4],226.65,200.943325571416,9.80713053015386
34.4,3,Highway.car[5],226.65,234.527317847193,12.5798075338837
34.4,4,Highway.car[6],226.65,322.686074275757,9.76263189468347
34.4,5,Highway.car[7],226.65,348.299410423618,10.0195086158836
34.4,6,Highway.car[8],226.65,391.149213402684,5.17046376764647
34.4,7,Highway.car[9],226.65,409.379382954164,2.77532925159111
34.5,0,Highway.car[0],226.65,166.774096003852,9.77561296485644
34.5,15,Highway.car[1],223.35,236.993349868708,10.4843788368024
34.5,31,Highway.car[2],348.456859286164,226.65,13.8303124734876
34.5,1,Highway.car[3],226.65,183.719993981485,9.76099943728078
34.5,2,Highway.car[4],226.65,199.960815931484,9.8250963993199
34.5,3,Highway.car[5],226.65,233.271649627332,12.5566821986076
34.5,4,Highway.car[6],226.65,321.71022455788,9.7584971787734
34.5,5,Highway.car[7],226.65,347.29271411535,10.0669630826801
34.5,6,Highway.car[8],226.65,390.626829717937,5.22383684747073
34.5,7,Highway.car[9],226.65,409.09327722304,2.86105731124198
34.6,0,Highway.car[0],226.65,165.79692690433,9.77169099521823
34.6,15,Highway.car[1],223.35,238.041821975692,10.4847210698419
34.6,31,Highway.car[2],349.845136503226,226.65,13.8827721706196
34.6,1,Highway.car[3],226.65,182.74094795665,9.79046024834891
34.6,2,Highway.car[4],226.65,198.981324783783,9.79491147701601
34.6,3,Highway.car[5],226.65,232.012344684832,12.5930494250066
34.6,4,Highway.car[6],226.65,320.733492935877,9.76731622003112
34.6,5,Highway.car[7],226.65,346.278194907482,10.1451920786768
34.6,6,Highway.car[8],226.65,390.098088405999,5.28741311937816
34.6,7,Highway.car[9],226.65,408.797195392563,2.96081830476317
34.7,0,Highway.car[0],226.65,164.816935445029,9.79991459301207
34.7,15,Highway.car[1],223.35,239.085625973773,10.4380399808076
34.7,31,Highway.car[2],351.230325787645,226.65,13.8518928441941
34.7,1,Highway.car[3],226.65,181.761738803298,9.79209153352003
34.7,2,Highway.car[4],226.65,198.000124758678,9.81200025104884
34.7,3,Highway.car[5],226.65,230.755658250806,12.5668643402518
34.7,4,Highway.car[6],226.65,319.755742184873,9.77750751004089
34.7,5,Highway.car[7],226.65,345.257359854749,10.2083505273343
34.7,6,Highway.car[8],226.65,389.565472302386,5.32616103613063
34.7,7,Highway.car[9],226.65,408.493136510012,3.04058882551407
34.8,0,Highway.car[0],226.65,163.836969368116,9.79966076912731
34.8,15,Highway.car[1],223.35,240.132279893645,10.4665391987243
34.8,31,Highway.car[2],352.618372356559,226.65,13.8804656891408
34.8,1,Highway.car[3],226.65,180.780493975169,9.81244828128756
34.8,2,Highway.car[4],226.65,197.018597793714,9.81526964964108
34.8,3,Highway.car[5],226.65,229.497334603593,12.5832364721305
34.8,4,Highway.car[6],226.65,318.778234103441,9.77508081431873
34.8,5,Highway.car[7],226.65,344.231860968047,10.2549888670166
34.8,6,Highway.car[8],226.65,389.027292565894,5.38179736491631
34.8,7,Highway.car[9],226.65,408.185622648264,3.07513861748064
34.9,0,Highway.car[0],226.65,162.860782667255,9.76186700861901
34.9,15,Highway.car[1],223.35,241.177722547962,10.4544265431699
34.9,31,Highway.car[2],354.005990056722,226.65,13.8761770016234
34.9,1,Highway.car[3],226.65,179.800704610329,9.79789364840664
34.9,2,Highway.car[4],226.65,196.037199355314,9.81398438399343
34.9,3,Highway.car[5],226.65,228.242715951642,12.5461865195143
34.9,4,Highway.car[6],226.65,317.802184412566,9.76049690874852
34.9,5,Highway.car[7],226.65,343.19767491492,10.3418605312694
34.9,6,Highway.car[8],226.65,388.484775062095,5.42517503799464
34.9,7,Highway.car[9],226.65,407.873541117939,3.12081530324788
35,0,Highway.car[0],226.65,161.884845459713,9.75937207541056
35,15,Highway.car[1],223.35,242.225923619264,10.4820107130173
35,31,Highway.car[2],355.390106312291,226.65,13.8411625556974
35,1,Highway.car[3],226.65,178.822738316385,9.77966293943864
35,2,Highway.car[4],226.65,195.056272258912,9.80927096401965
35,3,Highway.car[5],226.65,226.986464517508,12.5625143413397
35,4,Highway.car[6],226.65,316.823769036181,9.78415376384836
35,5,Highway.car[7],226.65,342.154553124292,10.4312179062831
35,6,Highway.car[8],226.65,387.93522530609,5.4954975600472
35,7,Highway.car[9],226.65,407.557798063077,3.15743054862506
35.1,0,Highway.car[0],226.65,160.907628881007,9.77216578706727
35.1,15,Highway.car[1],223.35,243.272599850615,10.4667623135077
35.1,31,Highway.car[2],356.775335346964,226.65,13.8522903467272
35.1,1,Highway.car[3],226.65,177.845304841439,9.77433474946331
35.1,2,Highway.car[4],226.65,194.078739332206,9.77532926705977
35.1,3,Highway.car[5],226.65,225.731112533523,12.5535198398482
35.1,4,Highway.car[6],226.65,315.847828481867,9.75940554314386
35.1,5,Highway.car[7],226.65,341.104565100794,10.4998802349787
35.1,6,Highway.car[8],226.65,387.378293611392,5.56931694697554
35.1,7,Highway.car[9],226.65,407.237850344009,3.19947719067475
35.2,0,Highway.car[0],226.65,159.931506469161,9.76122411846183
35.2,15,Highway.car[1],223.35,244.317165279222,10.4456542860693
35.2,31,Highway.car[2],358.160401661398,226.65,13.8506631443417
35.2,1,Highway.car[3],226.65,176.869922011631,9.75382829807979
35.2,2,Highway.car[4],226.65,193.096697961712,9.82041370493973
35.2,3,Highway.car[5],226.65,224.475251996409,12.558605371142
35.2,4,Highway.car[6],226.65,314.872885431502,9.7494305036515
35.2,5,Highway.car[7],226.65,340.049796246876,10.5476885391773
35.2,6,Highway.car[8],226.65,386.818475325345,5.59818286047469
35.2,7,Highway.car[9],226.65,406.910720819716,3.27129524293262
35.3,0,Highway.car[0],226.65,158.956376629596,9.7512983956486
35.3,15,Highway.car[1],223.35,245.365201856407,10.4803657718562
35.3,31,Highway.car[2],359.545850631491,226.65,13.8544897009223
35.3,1,Highway.car[3],226.65,175.896621286602,9.73300725028624
35.3,2,Highway.car[4],226.65,192.117684801979,9.79013159733848
35.3,3,Highway.car[5],226.65,223.215609911335,12.5964208507433
35.3,4,Highway.car[6],226.65,313.895434989595,9.7745044190716
35.3,5,Highway.car[7],226.65,338.990251907889,10.595443389871
35.3,6,Highway.car[8],226.65,386.254022888443,5.64452436901781
35.3,7,Highway.car[9],226.65,406.578717652101,3.32003167615179
35.4,0,Highway.car[0],226.65,157.980934158403,9.75442471192591
35.4,15,Highway.car[1],223.35,246.414942925446,10.4974106903903
35.4,31,Highway.car[2],360.927999398413,226.65,13.821487669223
35.4,1,Highway.car[3],226.65,174.923142917813,9.73478368788823
35.4,2,Highway.car[4],226.65,191.138953404485,9.78731397493775
35.4,3,Highway.car[5],226.65,221.958793635728,12.5681627560628
35.4,4,Highway.car[6],226.65,312.919728321534,9.75706668060645
35.4,5,Highway.car[7],226.65,337.925884924777,10.643669831123
35.4,6,Highway.car[8],226.65,385.683473956171,5.70548932271882
35.4,7,Highway.car[9],226.65,406.242299854531,3.36417797569791
35.5,0,Highway.car[0],226.65,157.005475169626,9.75458988777548
35.5,15,Highway.car[1],223.35,247.463569715607,10.4862679016101
35.5,31,Highway.car[2],362.315057899105,226.65,13.8705850069248
35.5,1,Highway.car[3],226.65,173.947810243183,9.75332674630443
35.5,2,Highway.car[4],226.65,190.160621441276,9.78331963208778
35.5,3,Highway.car[5],226.65,220.700414730287,12.5837890544103
35.5,4,Highway.car[6],226.65,311.943724595826,9.76003725707811
35.5,5,Highway.car[7],226.65,336.854417096418,10.7146782835888
35.5,6,Highway.car[8],226.65,385.106519814072,5.76954142098653
35.5,7,Highway.car[9],226.65,405.900010348812,3.42289505719114
35.6,0,Highway.car[0],226.65,156.028114105254,9.77361064371187
35.6,15,Highway.car[1],223.35,248.512887124872,10.4931740926425
35.6,31,Highway.car[2],363.700529248011,226.65,13.854713489057
35.6,1,Highway.car[3],226.65,172.969553781785,9.78256461397633
35.6,2,Highway.car[4],226.65,189.182643666341,9.77977774934834
35.6,3,Highway.car[5],226.65,219.442586905681,12.5782782460609
35.6,4,Highway.car[6],226.65,310.968825679161,9.74898916665372
35.6,5,Highway.car[7],226.65,335.773256059866,10.811610365517
35.6,6,Highway.car[8],226.65,384.526068043059,5.80451771013218
35.6,7,Highway.car[9],226.65,405.554569285851,3.45441062960448
35.7,0,Highway.car[0],226.65,155.050375130222,9.77738975031953
35.7,15,Highway.car[1],223.35,249.558572795605,10.4568567073338
35.7,31,Highway.car[2],365.084849858415,226.65,13.8432061040425
35.7,1,Highway.car[3],226.65,171.992641573588,9.76912208197468
35.7,2,Highway.car[4],226.65,188.202580404482,9.80063261859023
35.7,3,Highway.car[5],226.65,218.18808376515,12.545031405316
35.7,4,Highway.car[6],226.65,309.990117020628,9.78708658533264
35.7,5,Highway.car[7],226.65,334.684166881465,10.890891784014
35.7,6,Highway.car[8],226.65,383.941055975119,5.85012067940145
35.7,7,Highway.car[9],226.65,405.203650326989,3.50918958862917
35.8,0,Highway.car[0],226.65,154.072110922767,9.78264207455143
35.8,15,Highway.car[1],223.35,250.603739687314,10.4516689170927
35.8,31,Highway.car[2],366.471113281746,226.65,13.8626342333085
35.8,1,Highway.car[3],226.65,171.014569629354,9.78071944233571
35.8,2,Highway.car[4],226.65,187.221533550908,9.81046853574616
35.8,3,Highway.car[5],226.65,216.931428057081,12.5665570806875
35.8,4,Highway.car[6],226.65,309.014089817816,9.76027202811465
35.8,5,Highway.car[7],226.65,333.587403566257,10.9676331520791
35.8,6,Highway.car[8],226.65,383.348748227929,5.92307747189666
35.8,7,Highway.car[9],226.65,404.843307633038,3.60342693950888
35.9,0,Highway.car[0],226.65,153.093265510804,9.7884541196283
35.9,15,Highway.car[1],223.35,251.651787843354,10.4804815604012
35.9,31,Highway.car[2],367.854993780408,226.65,13.8388049866236
35.9,1,Highway.car[3],226.65,170.03897441836,9.75595210994101
35.9,2,Highway.car[4],226.65,186.241587719181,9.79945831726499
35.9,3,Highway.car[5],226.65,215.675724535043,12.5570352203771
35.9,4,Highway.car[6],226.65,308.038235990675,9.75853827141132
35.9,5,Highway.car[7],226.65,332.48153507631,11.0586848994729
35.9,6,Highway.car[8],226.65,382.749230806413,5.99517421516928
35.9,7,Highway.car[9],226.65,404.477041665412,3.66265967625333
36,0,Highway.car[0],226.65,152.116009300958,9.77256209846586
36,15,Highway.car[1],223.35,252.701463842493,10.4967599913804
36,31,Highway.car[2],369.239315672333,226.65,13.8432189192413
36,1,Highway.car[3],226.65,169.061422506678,9.77551911681647
36,2,Highway.car[4],226.65,185.265541300223,9.760464189584
36,3,Highway.car[5],226.65,214.420798167152,12.5492636789114
36,4,Highway.car[6],226.65,307.060449923754,9.77786066921055
36,5,Highway.car[7],226.65,331.367068691559,11.1446638475103
36,6,Highway.car[8],226.65,382.142764240498,6.06466565914511
36,7,Highway.car[9],226.65,404.105684493072,3.71357172339829
36.1,0,Highway.car[0],226.65,151.139608088768,9.7640121218944
36.1,15,Highway.car[1],223.35,253.748563521757,10.4709967926499
36.1,31,Highway.car[2],370.623466674314,226.65,13.8415100198123
36.1,1,Highway.car[3],226.65,168.086948083472,9.74474423206238
36.1,2,Highway.car[4],226.65,184.28466451533,9.80876784892251
36.1,3,Highway.car[5],226.65,213.163474737148,12.5732343000395
36.1,4,Highway.car[6],226.65,306.081164605636,9.79285318117961
36.1,5,Highway.car[7],226.65,330.244434001921,11.2263468963793
36.1,6,Highway.car[8],226.65,381.530216914745,6.12547325752921
36.1,7,Highway.car[9],226.65,403.727689518456,3.77994974616589
36.2,0,Highway.car[0],226.65,150.164749847976,9.74858240792155
36.2,15,Highway.car[1],223.35,254.79367650756,10.4511298580279
36.2,31,Highway.car[2],372.010108503737,226.65,13.8664182942361
36.2,1,Highway.car[3],226.65,167.11183843387,9.75109649602392
36.2,2,Highway.car[4],226.65,183.310523967895,9.74140547435908
36.2,3,Highway.car[5],226.65,211.907281716035,12.561930211127
36.2,4,Highway.car[6],226.65,305.102508808286,9.78655797349755
36.2,5,Highway.car[7],226.65,329.114192505003,11.3024149691792
36.2,6,Highway.car[8],226.65,380.914447461196,6.15769453548978
36.2,7,Highway.car[9],226.65,403.340506167076,3.87183351379726
36.3,0,Highway.car[0],226.65,149.187352760167,9.77397087809537
36.3,15,Highway.car[1],223.35,255.841226985625,10.4755047806518
36.3,31,Highway.car[2],373.394913653952,226.65,13.8480515021482
36.3,1,Highway.car[3],226.65,166.13378526715,9.78053166719875
36.3,2,Highway.car[4],226.65,182.334548617845,9.75975350049519
36.3,3,Highway.car[5],226.65,210.650580647003,12.5670106903219
36.3,4,Highway.car[6],226.65,304.126450248643,9.76058559643477
36.3,5,Highway.car[7],226.65,327.977528297147,11.3666420785606
36.3,6,Highway.car[8],226.65,380.291923498339,6.22523962856888
36.3,7,Highway.car[9],226.65,402.945308386795,3.95197780280979
36.4,0,Highway.car[0],226.65,148.209887407591,9.7746535257576
36.4,15,Highway.car[1],223.35,256.891169410247,10.4994242462141
36.4,31,Highway.car[2],374.777794537408,226.65,13.8288088345597
36.4,1,Highway.car[3],226.65,165.154583359032,9.79201908117699
36.4,2,Highway.car[4],226.65,181.35405929886,9.80489318985395
36.4,3,Highway.car[5],226.65,209.391995991406,12.5858465559722
36.4,4,Highway.car[6],226.65,303.148132564295,9.78317684347555
36.4,5,Highway.car[7],226.65,326.834582873618,11.4294542352844
36.4,6,Highway.car[8],226.65,379.663600216084,6.28323282255012
36.4,7,Highway.car[9],226.65,402.540413640719,4.04894746076455
36.5,0,Highway.car[0],226.65,147.231960035391,9.77927372200135
36.5,15,Highway.car[1],223.35,257.940448914851,10.4927950460392
36.5,31,Highway.car[2],376.165420872848,226.65,13.8762633543951
36.5,1,Highway.car[3],226.65,164.179026448091,9.75556910940967
36.5,2,Highway.car[4],226.65,180.374391789457,9.796675094022
36.5,3,Highway.car[5],226.65,208.136336270489,12.5565972091688
36.5,4,Highway.car[6],226.65,302.169229176852,9.7890338744279
36.5,5,Highway.car[7],226.65,325.686813365117,11.4776950850071
36.5,6,Highway.car[8],226.65,379.029152727648,6.34447488436348
36.5,7,Highway.car[9],226.65,402.128337772724,4.12075867994362
36.6,0,Highway.car[0],226.65,146.25698560185,9.74974433541205
36.6,15,Highway.car[1],223.35,258.986553548508,10.4610463365738
36.6,31,Highway.car[2],377.547531530714,226.65,13.8211065786611
36.6,1,Highway.car[3],226.65,163.199584563388,9.79441884702706
36.6,2,Highway.car[4],226.65,179.395658319044,9.7873347041333
36.6,3,Highway.car[5],226.65,206.877492387635,12.5884388285398
36.6,4,Highway.car[6],226.65,301.192681061291,9.76548115561157
36.6,5,Highway.car[7],226.65,324.532173624644,11.5463974047313
36.6,6,Highway.car[8],226.65,378.388747396824,6.40405330823607
36.6,7,Highway.car[9],226.65,401.711216196594,4.1712157613053
36.7,0,Highway.car[0],226.65,145.279666763455,9.7731883839462
36.7,15,Highway.car[1],223.35,260.036156305159,10.4960275665054
36.7,31,Highway.car[2],378.931916841188,226.65,13.8438531047408
36.7,1,Highway.car[3],226.65,162.225962770641,9.73621792747333
36.7,2,Highway.car[4],226.65,178.416284894619,9.79373424424725
36.7,3,Highway.car[5],226.65,205.620888603482,12.5660378415312
36.7,4,Highway.car[6],226.65,300.212803979158,9.79877082133573
36.7,5,Highway.car[7],226.65,323.37130134989,11.6087227475403
36.7,6,Highway.car[8],226.65,377.745069281166,6.43678115658335
36.7,7,Highway.car[9],226.65,401.287856253316,4.23359943277575
36.8,0,Highway.car[0],226.65,144.304280252659,9.75386510796379
36.8,15,Highway.car[1],223.35,261.080998436376,10.4484213121701
36.8,31,Highway.car[2],380.314488890725,226.65,13.8257204953698
36.8,1,Highway.car[3],226.65,161.247417023083,9.78545747558536
36.8,2,Highway.car[4],226.65,177.44162107207,9.74663822549037
36.8,3,Highway.car[5],226.65,204.364240518588,12.5664808489417
36.8,4,Highway.car[6],226.65,299.232854372608,9.7994960654946
36.8,5,Highway.car[7],226.65,322.215497861578,11.5580348831246
36.8,6,Highway.car[8],226.65,377.095059280178,6.50010000988341
36.8,7,Highway.car[9],226.65,400.858313407577,4.29542845739424
36.9,0,Highway.car[0],226.65,143.326578301761,9.77701950897742
36.9,15,Highway.car[1],223.35,262.127643359615,10.4664492323964
36.9,31,Highway.car[2],381.701328630747,226.65,13.8683974002209
36.9,1,Highway.car[3],226.65,160.270748204875,9.76668818207937
36.9,2,Highway.car[4],226.65,176.463725372814,9.77895699256636
36.9,3,Highway.car[5],226.65,203.106764757207,12.5747576138051
36.9,4,Highway.car[6],226.65,298.256950560017,9.75903812591359
36.9,5,Highway.car[7],226.65,321.062187380787,11.5331048079059
36.9,6,Highway.car[8],226.65,376.437187381388,6.57871898789577
36.9,7,Highway.car[9],226.65,400.420830991989,4.37482415588246
37,0,Highway.car[0],226.65,142.346896849419,9.79681452342309
37,15,Highway.car[1],223.35,263.171982269553,10.4433890993767
37,31,Highway.car[2],383.089017552375,226.65,13.8768892162852
37,1,Highway.car[3],226.65,159.292081648283,9.78666556591454
37,2,Highway.car[4],226.65,175.483391801758,9.80333571055627
37,3,Highway.car[5],226.65,201.849956476356,12.5680828085169
37,4,Highway.car[6],226.65,297.279241917519,9.77708642497566
37,5,Highway.car[7],226.65,319.917465243776,11.4472213701113
37,6,Highway.car[8],226.65,375.775440532603,6.61746848784539
37,7,Highway.car[9],226.65,399.979091646064,4.41739345925068
37.1,0,Highway.car[0],226.65,141.367239957597,9.79656891821604
37.1,15,Highway.car[1],223.35,264.221025824983,10.4904355543025
37.1,31,Highway.car[2],384.475431955721,226.65,13.8641440334567
37.1,1,Highway.car[3],226.65,158.314334599621,9.77747048661747
37.1,2,Highway.car[4],226.65,174.506893197214,9.76498604543866
37.1,3,Highway.car[5],226.65,200.594601936212,12.5535454014305
37.1,4,Highway.car[6],226.65,296.300471493623,9.78770423896518
37.1,5,Highway.car[7],226.65,318.77815854852,11.3930669525598
37.1,6,Highway.car[8],226.65,375.108959026782,6.66481505821332
37.1,7,Highway.car[9],226.65,399.529962549799,4.49129096264625
37.2,0,Highway.car[0],226.65,140.391894974606,9.75344982990809
37.2,15,Highway.car[1],223.35,265.264816472017,10.4379064703376
37.2,31,Highway.car[2],385.863526667226,226.65,13.8809471150441
37.2,1,Highway.car[3],226.65,157.337148884699,9.771857149223
37.2,2,Highway.car[4],226.65,173.529431314558,9.77461882655829
37.2,3,Highway.car[5],226.65,199.343581851877,12.5102008433565
37.2,4,Highway.car[6],226.65,295.325371814449,9.75099679174181
37.2,5,Highway.car[7],226.65,317.641369438675,11.3678910984498
37.2,6,Highway.car[8],226.65,374.436570643187,6.72388383595146
37.2,7,Highway.car[9],226.65,399.072070582445,4.57891967354249
37.3,0,Highway.car[0],226.65,139.41241281047,9.79482164136134
37.3,15,Highway.car[1],223.35,266.313596380141,10.4877990812429
37.3,31,Highway.car[2],387.250533178139,226.65,13.870065109136
37.3,1,Highway.car[3],226.65,156.359115281417,9.78033603282003
37.3,2,Highway.car[4],226.65,172.552890913004,9.76540401554498
37.3,3,Highway.car[5],226.65,198.099381877931,12.4419997394556
37.3,4,Highway.car[6],226.65,294.348798993913,9.76572820535209
37.3,5,Highway.car[7],226.65,316.512009537594,11.2935990108161
37.3,6,Highway.car[8],226.65,373.756596944245,6.7997369894205
37.3,7,Highway.car[9],226.65,398.606437658233,4.65632924211584
37.4,0,Highway.car[0],226.65,138.435829136468,9.76583674002159
37.4,15,Highway.car[1],223.35,267.360466887132,10.4687050699058
37.4,31,Highway.car[2],388.634191334329,226.65,13.8365815618937
37.4,1,Highway.car[3],226.65,155.382903500103,9.76211781313814
37.4,2,Highway.car[4],226.65,171.572949846538,9.7994106646551
37.4,3,Highway.car[5],226.65,196.862255566887,12.3712631104375
37.4,4,Highway.car[6],226.65,293.369062810861,9.79736183052044
37.4,5,Highway.car[7],226.65,315.384330692489,11.2767884510423
37.4,6,Highway.car[8],226.65,373.06874412147,6.87852822774615
37.4,7,Highway.car[9],226.65,398.13446426056,4.71973397672781
37.5,0,Highway.car[0],226.65,137.456260807536,9.79568328931462
37.5,15,Highway.car[1],223.35,268.404891400147,10.4442451301515
37.5,31,Highway.car[2],390.016701514264,226.65,13.8251017993502
37.5,1,Highway.car[3],226.65,154.407897657822,9.75005842281304
37.5,2,Highway.car[4],226.65,170.59555646824,9.77393378298681
37.5,3,Highway.car[5],226.65,195.631093044536,12.3116252235129
37.5,4,Highway.car[6],226.65,292.391936569872,9.77126240989193
37.5,5,Highway.car[7],226.65,314.260105003379,11.242256891099
37.5,6,Highway.car[8],226.65,372.377874537922,6.90869583548478
37.5,7,Highway.car[9],226.65,397.657486804027,4.76977456533256
37.6,0,Highway.car[0],226.65,136.477551875739,9.78708931797463
37.6,15,Highway.car[1],223.35,269.452671790916,10.4778039076903
37.6,31,Highway.car[2],391.400730536427,226.65,13.8402902216371
37.6,1,Highway.car[3],226.65,153.4266532789,9.812443789218
37.6,2,Highway.car[4],226.65,169.619479497672,9.76076970567485
37.6,3,Highway.car[5],226.65,194.411371169134,12.1972187540257
37.6,4,Highway.car[6],226.65,291.412146971375,9.79789598496817
37.6,5,Highway.car[7],226.65,313.14022609258,11.1987891079914
37.6,6,Highway.car[8],226.65,371.679368229918,6.98506308003854
37.6,7,Highway.car[9],226.65,397.175107026491,4.82379777536168
37.7,0,Highway.car[0],226.65,135.500492726325,9.77059149413649
37.7,15,Highway.car[1],223.35,270.4979574827,10.4528569178428
37.7,31,Highway.car[2],392.784301884626,226.65,13.8357134819916
37.7,1,Highway.car[3],226.65,152.445950380436,9.80702898464175
37.7,2,Highway.car[4],226.65,168.639185943288,9.80293554384017
37.7,3,Highway.car[5],226.65,193.198620204975,12.1275096415846
37.7,4,Highway.car[6],226.65,290.435016804291,9.77130167084467
37.7,5,Highway.car[7],226.65,312.026818976606,11.1340711597406
37.7,6,Highway.car[8],226.65,370.975193113656,7.04175116262178
37.7,7,Highway.car[9],226.65,396.687516124008,4.87590902482997
37.8,0,Highway.car[0],226.65,134.524162498172,9.76330228153616
37.8,15,Highway.car[1],223.35,271.542494847263,10.4453736456286
37.8,31,Highway.car[2],394.172800062113,226.65,13.8849817748647
37.8,1,Highway.car[3],226.65,151.471144294473,9.74806085963457
37.8,2,Highway.car[4],226.65,167.659775212868,9.79410730420668
37.8,3,Highway.car[5],226.65,191.9850624958,12.1355770917524
37.8,4,Highway.car[6],226.65,289.458599403456,9.76417400835268
37.8,5,Highway.car[7],226.65,310.917969016427,11.0884996017878
37.8,6,Highway.car[8],226.65,370.267367707958,7.07825405698143
37.8,7,Highway.car[9],226.65,396.196197851241,4.91318272767029
37.9,0,Highway.car[0],226.65,133.545480588056,9.78681910115574
37.9,15,Highway.car[1],223.35,272.586566986358,10.4407213909433
37.9,31,Highway.car[2],395.557310854001,226.65,13.8451079188776
37.9,1,Highway.car[3],226.65,150.494282114833,9.76862179639839
37.9,2,Highway.car[4],226.65,166.685952091035,9.73823121832662
37.9,3,Highway.car[5],226.65,190.778662942763,12.0639955303695
37.9,4,Highway.car[6],226.65,288.481039037863,9.77560365592595
37.9,5,Highway.car[7],226.65,309.8149553403,11.0301367612763
37.9,6,Highway.car[8],226.65,369.553740531832,7.13627176126152
37.9,7,Highway.car[9],226.65,395.695211943288,5.00985907952906
38,0,Highway.car[0],226.65,132.567147160658,9.78333427397814
38,15,Highway.car[1],223.35,273.634066631329,10.4749964497152
38,31,Highway.car[2],396.939512419923,226.65,13.8220156592201
38,1,Highway.car[3],226.65,149.51597216272,9.78309952113082
38,2,Highway.car[4],226.65,165.708648628064,9.773034629707
38,3,Highway.car[5],226.65,189.585585818078,11.9307712468477
38,4,Highway.car[6],226.65,287.505796675991,9.75242361871712
38,5,Highway.car[7],226.65,308.713005668104,11.0194967219621
38,6,Highway.car[8],226.65,368.832259408342,7.21481123489387
38,7,Highway.car[9],226.65,395.18568368689,5.095282563976
38.1,0,Highway.car[0],226.65,131.588010757438,9.79136403220799
38.1,15,Highway.car[1],223.35,274.682833605241,10.4876697391164
38.1,31,Highway.car[2],398.32650997997,226.65,13.8699756004731
38.1,1,Highway.car[3],226.65,148.538402870436,9.77569292283404
38.1,2,Highway.car[4],226.65,164.728705333713,9.79943294350864
38.1,3,Highway.car[5],226.65,188.393607167491,11.9197865058682
38.1,4,Highway.car[6],226.65,286.525917969404,9.79878706587199
38.1,5,Highway.car[7],226.65,307.615713832737,10.9729183536613
38.1,6,Highway.car[8],226.65,368.107690681896,7.24568726446352
38.1,7,Highway.car[9],226.65,394.668686839809,5.16996847080904
38.2,0,Highway.car[0],226.65,130.611320769311,9.7668998812642
38.2,15,Highway.car[1],223.35,275.728778564762,10.4594495952094
38.2,31,Highway.car[2],399.715455735933,226.65,13.8894575596275
38.2,1,Highway.car[3],226.65,147.559145905981,9.79256964455203
38.2,2,Highway.car[4],226.65,163.748697822172,9.80007511541193
38.2,3,Highway.car[5],226.65,187.205103243301,11.8850392419046
38.2,4,Highway.car[6],226.65,285.547128160317,9.78789809087198
38.2,5,Highway.car[7],226.65,306.517783747825,10.979300849128
38.2,6,Highway.car[8],226.65,367.378946093832,7.28744588063623
38.2,7,Highway.car[9],226.65,394.148256284528,5.20430555281601
38.3,0,Highway.car[0],226.65,129.635866163453,9.75454605858494
38.3,15,Highway.car[1],223.35,276.775195789082,10.4641722431984
38.3,31,Highway.car[2],401.099802588254,226.65,13.8434685232141
38.3,1,Highway.car[3],226.65,146.584997205205,9.74148700776123
38.3,2,Highway.car[4],226.65,162.766980213111,9.8171760906111
38.3,3,Highway.car[5],226.65,186.025304400032,11.7979884326941
38.3,4,Highway.car[6],226.65,284.572073808914,9.75054351402447
38.3,5,Highway.car[7],226.65,305.428070391285,10.8971335653973
38.3,6,Highway.car[8],226.65,366.643764133974,7.35181959858037
38.3,7,Highway.car[9],226.65,393.622123193794,5.26133090733922
38.4,0,Highway.car[0],226.65,128.659085263578,9.76780899875052
38.4,15,Highway.car[1],223.35,277.825066933196,10.4987114411406
38.4,31,Highway.car[2],402.486139221322,226.65,13.8633663306804
38.4,1,Highway.car[3],226.65,145.610074753364,9.74922451840485
38.4,2,Highway.car[4],226.65,161.792269509635,9.74710703475736
38.4,3,Highway.car[5],226.65,184.852428465264,11.72875934768
38.4,4,Highway.car[6],226.65,283.592908203581,9.79165605333168
38.4,5,Highway.car[7],226.65,304.339815744633,10.8825464665211
38.4,6,Highway.car[8],226.65,365.905546011682,7.38218122291997
38.4,7,Highway.car[9],226.65,393.087938276191,5.34184917603292
38.5,0,Highway.car[0],226.65,127.683120209287,9.75965054290649
38.5,15,Highway.car[1],223.35,278.87366103673,10.4859410353485
38.5,31,Highway.car[2],403.874197243137,226.65,13.8805802181456
38.5,1,Highway.car[3],226.65,144.63129192182,9.78782831544525
38.5,2,Highway.car[4],226.65,160.816764274904,9.75505234730945
38.5,3,Highway.car[5],226.65,183.686713874742,11.6571459052135
38.5,4,Highway.car[6],226.65,282.615459825441,9.77448378140386
38.5,5,Highway.car[7],226.65,303.251583557378,10.8823218725454
38.5,6,Highway.car[8],226.65,365.160034543694,7.45511467987731
38.5,7,Highway.car[9],226.65,392.544460312417,5.43477963774138
38.6,0,Highway.car[0],226.65,126.705873568498,9.77246640789416
38.6,15,Highway.car[1],223.35,279.918570104093,10.4490906736236
38.6,31,Highway.car[2],405.260212751806,226.65,13.8601550866896
38.6,1,Highway.car[3],226.65,143.656558909542,9.74733012278251
38.6,2,Highway.car[4],226.65,159.840472301301,9.76291973603797
38.6,3,Highway.car[5],226.65,182.52678891949,11.5992495525183
38.6,4,Highway.car[6],226.65,281.640416803376,9.75043022064678
38.6,5,Highway.car[7],226.65,302.171657120502,10.7992643687672
38.6,6,Highway.car[8],226.65,364.408779114863,7.51255428830966
38.6,7,Highway.car[9],226.65,391.997106635866,5.47353676550695
38.7,0,Highway.car[0],226.65,125.730730938071,9.7514263042612
38.7,15,Highway.car[1],223.35,280.966100785024,10.4753068093085
38.7,31,Highway.car[2],406.645750111899,226.65,13.8553736009286
38.7,1,Highway.car[3],226.65,142.678304335373,9.78254574168825
38.7,2,Highway.car[4],226.65,158.863157814324,9.77314486976013
38.7,3,Highway.car[5],226.65,181.373062617071,11.5372630241977
38.7,4,Highway.car[6],226.65,280.662281806816,9.78134996560123
38.7,5,Highway.car[7],226.65,301.094359122947,10.77297997554
38.7,6,Highway.car[8],226.65,363.651747493646,7.57031621217042
38.7,7,Highway.car[9],226.65,391.444680176233,5.52426459633185
38.8,0,Highway.car[0],226.65,124.751357532165,9.79373405906092
38.8,15,Highway.car[1],223.35,282.013394221195,10.4729343617102
38.8,31,Highway.car[2],408.0338567367,226.65,13.8810662480141
38.8,1,Highway.car[3],226.65,141.704167819311,9.74136516062212
38.8,2,Highway.car[4],226.65,157.882678156588,9.80479657736557
38.8,3,Highway.car[5],226.65,180.223256290184,11.4980632688658
38.8,4,Highway.car[6],226.65,279.686034772696,9.76247034119721
38.8,5,Highway.car[7],226.65,300.015905511217,10.7845361173097
38.8,6,Highway.car[8],226.65,362.891845496874,7.59901996771957
38.8,7,Highway.car[9],226.65,390.882353871265,5.62326304968119
38.9,0,Highway.car[0],226.65,123.774751177647,9.76606354517862
38.9,15,Highway.car[1],223.35,283.061406008651,10.4801178745616
38.9,31,Highway.car[2],409.418329494179,226.65,13.8447275747871
38.9,1,Highway.car[3],226.65,140.727162924854,9.77004894456451
38.9,2,Highway.car[4],226.65,156.908020014376,9.7465814221155
38.9,3,Highway.car[5],226.65,179.07327786161,11.4997842857373
38.9,4,Highway.car[6],226.65,278.707070306534,9.78964466162305
38.9,5,Highway.car[7],226.65,298.944037396733,10.718681144833
38.9,6,Highway.car[8],226.65,362.125820993059,7.66024503815233
38.9,7,Highway.car[9],226.65,390.312107800425,5.70246070839836
39,0,Highway.car[0],226.65,122.79990466695,9.74846510697808
39,15,Highway.car[1],223.35,284.10788716553,10.4648115687955
39,31,Highway.car[2],410.800415861702,226.65,13.8208636752306
39,1,Highway.car[3],226.65,139.750494368092,9.76668556762263
39,2,Highway.car[4],226.65,155.932557942128,9.75462072248428
39,3,Highway.car[5],226.65,177.932181460192,11.4109640141838
39,4,Highway.car[6],226.65,277.727893622027,9.79176684507262
39,5,Highway.car[7],226.65,297.872004455788,10.7203294094569
39,6,Highway.car[8],226.65,361.354863479457,7.70957513601951
39,7,Highway.car[9],226.65,389.737720508023,5.74387292401305
39.1,0,Highway.car[0],226.65,121.820388718085,9.79515948864818
39.1,15,Highway.car[1],223.35,285.156421368558,10.4853420302784
39.1,31,Highway.car[2],412.18284954597,226.65,13.824336842685
39.1,1,Highway.car[3],226.65,138.773844168256,9.7665019983631
39.1,2,Highway.car[4],226.65,154.957278126411,9.75279815716674
39.1,3,Highway.car[5],226.65,176.795259329565,11.369221306271
39.1,4,Highway.car[6],226.65,276.749088436663,9.78805185363349
39.1,5,Highway.car[7],226.65,296.806343157061,10.6566129872676
39.1,6,Highway.car[8],226.65,360.581104792689,7.73758686768416
39.1,7,Highway.car[9],226.65,389.155782546323,5.81937961700278
39.2,0,Highway.car[0],226.65,120.8449192219,9.75469496184587
39.2,15,Highway.car[1],223.35,286.201512967428,10.4509159886932
39.2,31,Highway.car[2],413.567732335833,226.65,13.8488278986281
39.2,1,Highway.car[3],226.65,137.796869473849,9.76974694406897
39.2,2,Highway.car[4],226.65,153.979188037411,9.7809008900035
39.2,3,Highway.car[5],226.65,175.664494346121,11.3076498344377
39.2,4,Highway.car[6],226.65,275.773925920235,9.75162516428437
39.2,5,Highway.car[7],226.65,295.74181234196,10.6453081510073
39.2,6,Highway.car[8],226.65,359.804442735201,7.76662057487446
39.2,7,Highway.car[9],226.65,388.563853979467,5.91928566856215
39.3,0,Highway.car[0],226.65,119.868008267913,9.76910953987669
39.3,15,Highway.car[1],223.35,287.2501072184,10.485942509721
39.3,31,Highway.car[2],414.949749641766,226.65,13.8201730593271
39.3,1,Highway.car[3],226.65,136.820642846979,9.76226626869599
39.3,2,Highway.car[4],226.65,153.003576042585,9.75611994825629
39.3,3,Highway.car[5],226.65,174.53327361149,11.3122073463053
39.3,4,Highway.car[6],226.65,274.797339372921,9.76586547314003
39.3,5,Highway.car[7],226.65,294.682190600296,10.596217416637
39.3,6,Highway.car[8],226.65,359.020651640565,7.83791094636045
39.3,7,Highway.car[9],226.65,387.968001573022,5.95852406444865
39.4,0,Highway.car[0],226.65,118.890845004531,9.77163263381179
39.4,15,Highway.car[1],223.35,288.29757110851,10.4746389011052
39.4,31,Highway.car[2],416.335970179576,226.65,13.8622053780989
39.4,1,Highway.car[3],226.65,135.846023404414,9.74619442565239
39.4,2,Highway.car[4],226.65,152.027360189036,9.76215853549463
39.4,3,Highway.car[5],226.65,173.411117893994,11.2215571749628
39.4,4,Highway.car[6],226.65,273.817889081975,9.79450290945638
39.4,5,Highway.car[7],226.65,293.624162424173,10.5802817612365
39.4,6,Highway.car[8],226.65,358.229039102414,7.9161253815113
39.4,7,Highway.car[9],226.65,387.362823868757,6.05177704265247
39.5,0,Highway.car[0],226.65,117.912628440771,9.78216563760117
39.5,15,Highway.car[1],223.35,289.344337105134,10.4676599662425
39.5,31,Highway.car[2],417.719308546337,226.65,13.8333836676157
39.5,1,Highway.car[3],226.65,134.869250769373,9.76772635041246
39.5,2,Highway.car[4],226.65,151.050166983813,9.77193205223127
39.5,3,Highway.car[5],226.65,172.291228162139,11.198897318551
39.5,4,Highway.car[6],226.65,272.841913669288,9.75975412687194
39.5,5,Highway.car[7],226.65,292.568274278261,10.5588814591141
39.5,6,Highway.car[8],226.65,357.429726395943,7.99312706471108
39.5,7,Highway.car[9],226.65,386.749638842053,6.13185026704239
39.6,0,Highway.car[0],226.65,116.933839936572,9.78788504199311
39.6,15,Highway.car[1],223.35,290.388616737152,10.4427963201769
39.6,31,Highway.car[2],419.101689093635,226.65,13.8238054729742
39.6,1,Highway.car[3],226.65,133.893638299008,9.75612470365053
39.6,2,Highway.car[4],226.65,150.07523123795,9.74935745862425
39.6,3,Highway.car[5],226.65,171.177484187093,11.1374397504635
39.6,4,Highway.car[6],226.65,271.865204048789,9.76709620498773
39.6,5,Highway.car[7],226.65,291.512573769027,10.557005092348
39.6,6,Highway.car[8],226.65,356.624529481121,8.05196914821829
39.6,7,Highway.car[9],226.65,386.127962706477,6.21676135575304
39.7,0,Highway.car[0],226.65,115.955745063097,9.78094873474725
39.7,15,Highway.car[1],223.35,291.432836206931,10.4421946977926
39.7,1,Highway.car[3],226.65,132.915725739084,9.77912559923726
39.7,2,Highway.car[4],226.65,149.100421450803,9.74809787147036
39.7,3,Highway.car[5],226.65,170.070087175884,11.0739701120873
39.7,4,Highway.car[6],226.65,270.885417777593,9.79786271196697
39.7,5,Highway.car[7],226.65,290.462099692932,10.5047407609423
39.7,6,Highway.car[8],226.65,355.813652976941,8.10876504179988
39.7,7,Highway.car[9],226.65,385.498667513665,6.29295192811776
39.8,0,Highway.car[0],226.65,114.979855175477,9.75889887620229
39.8,15,Highway.car[1],223.35,292.478741398373,10.4590519144137
39.8,1,Highway.car[3],226.65,131.93797011696,9.77755622124242
39.8,2,Highway.car[4],226.65,148.119518965852,9.80902484951117
39.8,3,Highway.car[5],226.65,168.966258543091,11.0382863279303
39.8,4,Highway.car[6],226.65,269.909293802246,9.76123975346144
39.8,5,Highway.car[7],226.65,289.412984432224,10.4911526070872
39.8,6,Highway.car[8],226.65,354.996395785275,8.17257191666089
39.8,7,Highway.car[9],226.65,384.865260960793,6.33406552872759
39.9,0,Highway.car[0],226.65,114.002070797486,9.7778437799057
39.9,15,Highway.car[1],223.35,293.5258707028,10.4712930442721
39.9,1,Highway.car[3],226.65,130.959355589511,9.78614527448894
39.9,2,Highway.car[4],226.65,147.142746758137,9.76772207714859
39.9,3,Highway.car[5],226.65,167.862095359612,11.041631834792
39.9,4,Highway.car[6],226.65,268.92965087071,9.79642931536213
39.9,5,Highway.car[7],226.65,288.364894782583,10.4808964964016
39.9,6,Highway.car[8],226.65,354.173031915474,8.23363869800944
39.9,7,Highway.car[9],226.65,384.228593187664,6.36667773128393
40,0,Highway.car[0],226.65,113.026561297834,9.75509499652125
40,15,Highway.car[1],223.35,294.57128888777,10.4541818497027
40,1,Highway.car[3],226.65,129.981568523862,9.77787065648618
40,2,Highway.car[4],226.65,146.162248559725,9.804981984123
40,3,Highway.car[5],226.65,166.760232177557,11.0186318205482
40,4,Highway.car[6],226.65,267.950171247244,9.79479623465799
40,5,Highway.car[7],226.65,287.318841296255,10.4605348632867
40,6,Highway.car[8],226.65,353.343318431575,8.2971348389896
40,7,Highway.car[9],226.65,383.586828838823,6.41764348841178
40.1,0,Highway.car[0],226.65,112.047390139153,9.79171158681251
40.1,15,Highway.car[1],223.35,295.61520518347,10.439162956995
40.1,1,Highway.car[3],226.65,129.004403681272,9.77164842590201
40.1,2,Highway.car[4],226.65,145.182943566815,9.79304992910488
40.1,3,Highway.car[5],226.65,165.663570424754,10.9666175280311
40.1,4,Highway.car[6],226.65,266.974261827998,9.75909419246204
40.1,5,Highway.car[7],226.65,286.272643781133,10.4619751512153
40.1,6,Highway.car[8],226.65,352.508094194793,8.35224236781861
40.1,7,Highway.car[9],226.65,382.938030267245,6.48798571578132
40.2,0,Highway.car[0],226.65,111.068104662683,9.79285476470366
40.2,15,Highway.car[1],223.35,296.660293948934,10.4508876546419
40.2,1,Highway.car[3],226.65,128.025775440772,9.78628240499611
40.2,2,Highway.car[4],226.65,144.203424125199,9.79519441615179
40.2,3,Highway.car[5],226.65,164.570783064806,10.9278735994774
40.2,4,Highway.car[6],226.65,265.998624692004,9.75637135994528
40.2,5,Highway.car[7],226.65,285.2350574651,10.375863160337
40.2,6,Highway.car[8],226.65,351.665201559622,8.42892635171175
40.2,7,Highway.car[9],226.65,382.28608163609,6.5194863115521
40.3,0,Highway.car[0],226.65,110.089691859969,9.78412802713923
40.3,15,Highway.car[1],223.35,297.706362275251,10.4606832631663
40.3,1,Highway.car[3],226.65,127.049586809698,9.7618863107433
40.3,2,Highway.car[4],226.65,143.226511425792,9.76912699407671
40.3,3,Highway.car[5],226.65,163.480541790093,10.9024127471269
40.3,4,Highway.car[6],226.65,265.022929272221,9.75695419782959
40.3,5,Highway.car[7],226.65,284.198042689334,10.3701477576552
40.3,6,Highway.car[8],226.65,350.816661743696,8.48539815926052
40.3,7,Highway.car[9],226.65,381.626700400086,6.59381236003617
40.4,0,Highway.car[0],226.65,109.111619461718,9.78072398251016
40.4,15,Highway.car[1],223.35,298.754152692296,10.4779041704529
40.4,1,Highway.car[3],226.65,126.069365461466,9.80221348231895
40.4,2,Highway.car[4],226.65,142.247403270584,9.79108155207267
40.4,3,Highway.car[5],226.65,162.393075008331,10.8746678176198
40.4,4,Highway.car[6],226.65,264.043655163273,9.7927410894772
40.4,5,Highway.car[7],226.65,283.159393706146,10.3864898318765
40.4,6,Highway.car[8],226.65,349.963758898447,8.52902845249012
40.4,7,Highway.car[9],226.65,380.9625829074,6.64117492685698
40.5,0,Highway.car[0],226.65,108.1328646126,9.78754849118087
40.5,15,Highway.car[1],223.35,299.803054756675,10.4890206437933
40.5,1,Highway.car[3],226.65,125.090382050431,9.78983411035158
40.5,2,Highway.car[4],226.65,141.267085423146,9.80317847438165
40.5,3,Highway.car[5],226.65,161.306740474543,10.8633453378891
40.5,4,Highway.car[6],226.65,263.067377415236,9.76277748036757
40.5,5,Highway.car[7],226.65,282.124881485143,10.3451222100361
40.5,6,Highway.car[8],226.65,349.103824344317,8.59934554130643
40.5,7,Highway.car[9],226.65,380.290604284088,6.7197862331257
40.6,0,Highway.car[0],226.65,107.153177010511,9.79687602088321
40.6,15,Highway.car[1],223.35,300.852930899197,10.4987614252225
40.6,1,Highway.car[3],226.65,124.109510745678,9.80871304753212
40.6,2,Highway.car[4],226.65,140.286898767769,9.80186655377456
40.6,3,Highway.car[5],226.65,160.225132506024,10.8160796851875
40.6,4,Highway.car[6],226.65,262.090711457941,9.76665957295429
40.6,5,Highway.car[7],226.65,281.09184194863,10.3303953651278
40.6,6,Highway.car[8],226.65,348.239977720934,8.63846623382404
40.6,7,Highway.car[9],226.65,379.611304502918,6.79299781169647
40.7,0,Highway.car[0],226.65,106.174460542636,9.78716467875242
40.7,15,Highway.car[1],223.35,301.897668405343,10.447375061458
40.7,1,Highway.car[3],226.65,123.128229303013,9.81281442664277
40.7,2,Highway.car[4],226.65,139.305783123505,9.8111564426389
40.7,3,Highway.car[5],226.65,159.147551068542,10.7758143748223
40.7,4,Highway.car[6],226.65,261.114627063027,9.76084394913632
40.7,5,Highway.car[7],226.65,280.058039271493,10.3380267713713
40.7,6,Highway.car[8],226.65,347.37316122429,8.66816496643856
40.7,7,Highway.car[9],226.65,378.92493162046,6.86372882458519
40.8,0,Highway.car[0],226.65,105.19724485286,9.77215689776
40.8,15,Highway.car[1],223.35,302.945409486355,10.4774108101171
40.8,1,Highway.car[3],226.65,122.149338821656,9.78890481357642
40.8,2,Highway.car[4],226.65,138.324556131837,9.81226991667848
40.8,3,Highway.car[5],226.65,158.071672165142,10.7587890339969
40.8,4,Highway.car[6],226.65,260.136145293889,9.78481769138016
40.8,5,Highway.car[7],226.65,279.027369159972,10.3067011152104
40.8,6,Highway.car[8],226.65,346.501431549297,8.71729674992956
40.8,7,Highway.car[9],226.65,378.230450488117,6.94481132342385
40.9,0,Highway.car[0],226.65,104.221378832667,9.75866020192765
40.9,15,Highway.car[1],223.35,303.991899289304,10.464898029495
40.9,1,Highway.car[3],226.65,121.173209830119,9.7612899153714
40.9,2,Highway.car[4],226.65,137.345242268537,9.79313863299919
40.9,3,Highway.car[5],226.65,156.997921512221,10.7375065292121
40.9,4,Highway.car[6],226.65,259.160685461344,9.75459832544811
40.9,5,Highway.car[7],226.65,277.998480494123,10.2888866584879
40.9,6,Highway.car[8],226.65,345.62667754782,8.74754001476955
40.9,7,Highway.car[9],226.65,377.528732717935,7.01717770181967
41,0,Highway.car[0],226.65,103.24361111853,9.77767714137398
41,15,Highway.car[1],223.35,305.039988968949,10.4808967964456
41,1,Highway.car[3],226.65,120.196474103962,9.76735726156524
41,2,Highway.car[4],226.65,136.369810079944,9.75432188592945
41,3,Highway.car[5],226.65,155.928178303821,10.6974320840015
41,4,Highway.car[6],226.65,258.185017620761,9.75667840582971
41,5,Highway.car[7],226.65,276.973748958553,10.2473153557003
41,6,Highway.car[8],226.65,344.748890196798,8.77787351022441
41,7,Highway.car[9],226.65,376.818530319457,7.10202398478657
41.1,0,Highway.car[0],226.65,102.264793513281,9.78817605249304
41.1,15,Highway.car[1],223.35,306.089032550908,10.490435819594
41.1,1,Highway.car[3],226.65,119.220848379052,9.7562572491048
41.1,2,Highway.car[4],226.65,135.391641838514,9.78168241429879
41.1,3,Highway.car[5],226.65,154.866055380638,10.6212292318252
41.1,4,Highway.car[6],226.65,257.207521561394,9.77496059367713
41.1,5,Highway.car[7],226.65,275.949738250974,10.2401070757926
41.1,6,Highway.car[8],226.65,343.86562245324,8.8326774355831
41.1,7,Highway.car[9],226.65,376.104569864313,7.13960455143263
41.2,0,Highway.car[0],226.65,101.288104739693,9.76688773587253
41.2,15,Highway.car[1],223.35,307.133242460341,10.4420990943226
41.2,1,Highway.car[3],226.65,118.243840064178,9.77008314873093
41.2,2,Highway.car[4],226.65,134.416171292255,9.75470546259583
41.2,3,Highway.car[5],226.65,153.804456972664,10.6159840797407
41.2,4,Highway.car[6],226.65,256.232238107979,9.75283453415148
41.2,5,Highway.car[7],226.65,274.927206638717,10.2253161225681
41.2,6,Highway.car[8],226.65,342.978992988758,8.86629464481365
41.2,7,Highway.car[9],226.65,375.383174992195,7.21394872118857
41.3,0,Highway.car[0],226.65,100.309087883947,9.79016855746415
41.3,15,Highway.car[1],223.35,308.180207589512,10.4696512917127
41.3,1,Highway.car[3],226.65,117.266991488995,9.76848575183515
41.3,2,Highway.car[4],226.65,133.440068564294,9.76102727960336
41.3,3,Highway.car[5],226.65,152.744263107333,10.6019386533079
41.3,4,Highway.car[6],226.65,255.253764578295,9.78473529683147
41.3,5,Highway.car[7],226.65,273.908502245485,10.1870439323203
41.3,6,Highway.car[8],226.65,342.086463214179,8.92529774579745
41.3,7,Highway.car[9],226.65,374.653864123246,7.2931086894837
41.4,0,Highway.car[0],226.65,99.3308515320712,9.78236351875775
41.4,15,Highway.car[1],223.35,309.228611188837,10.4840359932524
41.4,1,Highway.car[3],226.65,116.286204778272,9.80786710722682
41.4,2,Highway.car[4],226.65,132.463111658555,9.76956905739489
41.4,3,Highway.car[5],226.65,151.68515663759,10.59106469743
41.4,4,Highway.car[6],226.65,254.274822383525,9.78942194770463
41.4,5,Highway.car[7],226.65,272.887446031791,10.2105621369361
41.4,6,Highway.car[8],226.65,341.190572133098,8.95891081080832
41.4,7,Highway.car[9],226.65,373.917237865019,7.36626258226948
41.5,0,Highway.car[0],226.65,98.3511515410804,9.79699990990758
41.5,15,Highway.car[1],223.35,310.277246742422,10.4863555358495
41.5,1,Highway.car[3],226.65,115.30740302426,9.78801754012032
41.5,2,Highway.car[4],226.65,131.485038179122,9.78073479433199
41.5,3,Highway.car[5],226.65,150.629254591331,10.5590204625945
41.5,4,Highway.car[6],226.65,253.296241850963,9.78580532561429
41.5,5,Highway.car[7],226.65,271.866493174563,10.2095285722853
41.5,6,Highway.car[8],226.65,340.287918293228,9.02653839869577
41.5,7,Highway.car[9],226.65,373.170672400648,7.46565464371022
41.6,0,Highway.car[0],226.65,97.3717312849932,9.79420256087184
41.6,15,Highway.car[1],223.35,311.325727467351,10.4848072492909
41.6,1,Highway.car[3],226.65,114.330779023429,9.76624000830786
41.6,2,Highway.car[4],226.65,130.504623934553,9.80414244568533
41.6,3,Highway.car[5],226.65,149.575596105457,10.5365848587393
41.6,4,Highway.car[6],226.65,252.31870712487,9.77534726093337
41.6,5,Highway.car[7],226.65,270.84711538093,10.1937779363313
41.6,6,Highway.car[8],226.65,339.380821790514,9.07096502713919
41.6,7,Highway.car[9],226.65,372.42042932819,7.50243072457749
41.7,0,Highway.car[0],226.65,96.3945066804739,9.7722460451927
41.7,15,Highway.car[1],223.35,312.372639128605,10.469116612538
41.7,1,Highway.car[3],226.65,113.351762668676,9.79016354753377
41.7,2,Highway.car[4],226.65,129.527343800001,9.77280134552454
41.7,3,Highway.car[5],226.65,148.521134926341,10.54461179116
41.7,4,Highway.car[6],226.65,251.340617776518,9.78089348352142
41.7,5,Highway.car[7],226.65,269.830588516103,10.1652686482693
41.7,6,Highway.car[8],226.65,338.466055573305,9.14766217209645
41.7,7,Highway.car[9],226.65,371.663544706361,7.56884621829631
41.8,0,Highway.car[0],226.65,95.4192380521332,9.75268628340773
41.8,15,Highway.car[1],223.35,313.416906612785,10.4426748418012
41.8,1,Highway.car[3],226.65,112.376557404401,9.75205264275214
41.8,2,Highway.car[4],226.65,128.551129413921,9.76214386079813
41.8,3,Highway.car[5],226.65,147.471672380282,10.4946254605863
41.8,4,Highway.car[6],226.65,250.362221353555,9.7839642296331
41.8,5,Highway.car[7],226.65,268.813502810443,10.1708570565944
41.8,6,Highway.car[8],226.65,337.545056708095,9.20998865209207
41.8,7,Highway.car[9],226.65,370.903599764277,7.59944942084279
41.9,0,Highway.car[0],226.65,94.4394817226568,9.79756329476461
41.9,15,Highway.car[1],223.35,314.463866531528,10.4695991874263
41.9,1,Highway.car[3],226.65,111.398874649768,9.77682754632751
41.9,2,Highway.car[4],226.65,127.572428218352,9.7870119556897
41.9,3,Highway.car[5],226.65,146.424741200659,10.469311796235
41.9,4,Highway.car[6],226.65,249.386539735955,9.75681617599353
41.9,5,Highway.car[7],226.65,267.796994407891,10.1650840255253
41.9,6,Highway.car[8],226.65,336.618216683028,9.26840025067855
41.9,7,Highway.car[9],226.65,370.138593435511,7.6500632876544
42,0,Highway.car[0],226.65,93.4645847784215,9.74896944235265
42,15,Highway.car[1],223.35,315.508972594797,10.4510606326901
42,1,Highway.car[3],226.65,110.421570327981,9.7730432178733
42,2,Highway.car[4],226.65,126.594411326052,9.78016892300193
42,3,Highway.car[5],226.65,145.377129102474,10.4761209818505
42,4,Highway.car[6],226.65,248.411542134927,9.74997601028811
42,5,Highway.car[7],226.65,266.7851540134,10.1184039449091
42,6,Highway.car[8],226.65,335.685345228215,9.32871454812367
42,7,Highway.car[9],226.65,369.370196429211,7.68397006300416
42.1,0,Highway.car[0],226.65,92.4848896871368,9.79695091284625
42.1,15,Highway.car[1],223.35,316.556349509597,10.4737691480045
42.1,1,Highway.car[3],226.65,109.446301194966,9.75269133014931
42.1,2,Highway.car[4],226.65,125.615662491391,9.78748834661001
42.1,3,Highway.car[5],226.65,144.336701787441,10.4042731503216
42.1,4,Highway.car[6],226.65,247.432248176211,9.79293958715629
42.1,5,Highway.car[7],226.65,265.774353753687,10.1080025971326
42.1,6,Highway.car[8],226.65,334.744924813516,9.40420414699301
42.1,7,Highway.car[9],226.65,368.593207812186,7.76988617024522
42.2,0,Highway.car[0],226.65,91.5074440039136,9.77445683223196
42.2,15,Highway.car[1],223.35,317.603641984558,10.4729247496119
42.2,1,Highway.car[3],226.65,108.468634015318,9.77667179647801
42.2,2,Highway.car[4],226.65,124.637341685475,9.78320805915699
42.2,3,Highway.car[5],226.65,143.295420297887,10.4128148955459
42.2,4,Highway.car[6],226.65,246.456572730353,9.75675445858203
42.2,5,Highway.car[7],226.65,264.761796591226,10.1255716246008
42.2,6,Highway.car[8],226.65,333.798848867468,9.46075946048241
42.2,7,Highway.car[9],226.65,367.809574206281,7.83633605904782
42.3,0,Highway.car[0],226.65,90.5318342450888,9.75609758824855
42.3,15,Highway.car[1],223.35,318.649994726261,10.4635274170213
42.3,1,Highway.car[3],226.65,107.493164585416,9.75469429902143
42.3,2,Highway.car[4],226.65,123.658643903233,9.78697782241642
42.3,3,Highway.car[5],226.65,142.256493987475,10.389263104117
42.3,4,Highway.car[6],226.65,245.478370555325,9.78202175027784
42.3,5,Highway.car[7],226.65,263.751450113569,10.1034647765717
42.3,6,Highway.car[8],226.65,332.844793899464,9.54054968003709
42.3,7,Highway.car[9],226.65,367.020250727993,7.89323478288387
42.4,0,Highway.car[0],226.65,89.5533423295161,9.78491915572714
42.4,15,Highway.car[1],223.35,319.694187446998,10.4419272073782
42.4,1,Highway.car[3],226.65,106.518093792976,9.75070792440043
42.4,2,Highway.car[4],226.65,122.683800973996,9.74842929237565
42.4,3,Highway.car[5],226.65,141.220688333647,10.3580565382851
42.4,4,Highway.car[6],226.65,244.501504580229,9.76865975095611
42.4,5,Highway.car[7],226.65,262.7407956322,10.1065448136952
42.4,6,Highway.car[8],226.65,331.886763367988,9.58030531476311
42.4,7,Highway.car[9],226.65,366.226591858729,7.93658869264552
42.5,0,Highway.car[0],226.65,88.577921906426,9.75420423090086
42.5,15,Highway.car[1],223.35,320.740970563631,10.4678311663277
42.5,1,Highway.car[3],226.65,105.537042977385,9.81050815591077
42.5,2,Highway.car[4],226.65,121.708651671934,9.75149302062288
42.5,3,Highway.car[5],226.65,140.187567623926,10.3312070972057
42.5,4,Highway.car[6],226.65,243.522647091087,9.78857489142567
42.5,5,Highway.car[7],226.65,261.731090844179,10.0970478802076
42.5,6,Highway.car[8],226.65,330.922556376483,9.64206991504379
42.5,7,Highway.car[9],226.65,365.428450102465,7.98141756263001
42.6,0,Highway.car[0],226.65,87.5981005568676,9.79821349558421
42.6,15,Highway.car[1],223.35,321.786512055666,10.4554149203505
42.6,1,Highway.car[3],226.65,104.561738470097,9.75304507287411
42.6,2,Highway.car[4],226.65,120.72809725413,9.80554417803215
42.6,3,Highway.car[5],226.65,139.155396091122,10.3217153280359
42.6,4,Highway.car[6],226.65,242.547667382727,9.7497970835967
42.6,5,Highway.car[7],226.65,260.720878819228,10.1021202495085
42.6,6,Highway.car[8],226.65,329.954952238327,9.67604138156645
42.6,7,Highway.car[9],226.65,364.623265353825,8.05184748640654
42.7,0,Highway.car[0],226.65,86.6203892105165,9.77711346351076
42.7,15,Highway.car[1],223.35,322.830311959445,10.4379990377859
42.7,1,Highway.car[3],226.65,103.582555927056,9.79182543041711
42.7,2,Highway.car[4],226.65,119.753494817606,9.74602436524474
42.7,3,Highway.car[5],226.65,138.12015980463,10.35236286492
42.7,4,Highway.car[6],226.65,241.570958710891,9.76708671835996
42.7,5,Highway.car[7],226.65,259.718451622446,10.0242719678177
42.7,6,Highway.car[8],226.65,328.98202789326,9.72924345066085
42.7,7,Highway.car[9],226.65,363.809697526387,8.13567827437909
42.8,0,Highway.car[0],226.65,85.640674326852,9.79714883664437
42.8,15,Highway.car[1],223.35,323.879859812112,10.4954785266684
42.8,1,Highway.car[3],226.65,102.604207712317,9.78348214738797
42.8,2,Highway.car[4],226.65,118.773425360874,9.80069456732013
42.8,3,Highway.car[5],226.65,137.093324780345,10.2683502428494
42.8,4,Highway.car[6],226.65,240.593520978676,9.77437732214946
42.8,5,Highway.car[7],226.65,258.715526483626,10.0292513882073
42.8,6,Highway.car[8],226.65,328.004882508508,9.77145384752751
42.8,7,Highway.car[9],226.65,362.990112645952,8.19584880435278
42.9,0,Highway.car[0],226.65,84.6641160978471,9.76558229004964
42.9,15,Highway.car[1],223.35,324.924645070465,10.4478525835318
42.9,1,Highway.car[3],226.65,101.624867204753,9.79340507564148
42.9,2,Highway.car[4],226.65,117.794764952659,9.78660408215103
42.9,3,Highway.car[5],226.65,136.062640572614,10.3068420773112
42.9,4,Highway.car[6],226.65,239.617049917006,9.76471061669849
42.9,5,Highway.car[7],226.65,257.710260471809,10.0526601181713
42.9,6,Highway.car[8],226.65,327.029969456966,9.74913051541336
42.9,7,Highway.car[9],226.65,362.164135146596,8.25977499355234
43,0,Highway.car[0],226.65,83.6848122310245,9.79303866822645
43,15,Highway.car[1],223.35,325.972615959509,10.4797088904383
43,1,Highway.car[3],226.65,100.647208029675,9.77659175077977
43,2,Highway.car[4],226.65,116.818116313833,9.76648638825469
43,3,Highway.car[5],226.65,135.036426374087,10.2621419852721
43,4,Highway.car[6],226.65,238.639590217053,9.77459699953534
43,5,Highway.car[7],226.65,256.709353160287,10.0090731152176
43,6,Highway.car[8],226.65,326.051299127912,9.78670329054724
43,7,Highway.car[9],226.65,361.329269276383,8.34865870213506
43.1,0,Highway.car[0],226.65,82.709057489438,9.75754741586466
43.1,15,Highway.car[1],223.35,327.017194880027,10.445789205183
43.1,1,Highway.car[3],226.65,99.6663065839399,9.80901445734896
43.1,2,Highway.car[4],226.65,115.84139087045,9.76725443383205
43.1,3,Highway.car[5],226.65,134.013564496499,10.2286187758769
43.1,4,Highway.car[6],226.65,237.660652423279,9.78937793774158
43.1,5,Highway.car[7],226.65,255.706955721874,10.0239743841237
43.1,6,Highway.car[8],226.65,325.071797971967,9.79501155944727
43.1,7,Highway.car[9],226.65,360.490726876097,8.38542400285506
43.2,0,Highway.car[0],226.65,81.7292610807938,9.79796408644225
43.2,15,Highway.car[1],223.35,328.061870626791,10.446757467638
43.2,1,Highway.car[3],226.65,98.688853900896,9.7745268304383
43.2,2,Highway.car[4],226.65,114.86268684475,9.78704025699605
43.2,3,Highway.car[5],226.65,132.989301789038,10.2426270746128
43.2,4,Highway.car[6],226.65,236.6824163611,9.78236062178481
43.2,5,Highway.car[7],226.65,254.702570295021,10.04385426853
43.2,6,Highway.car[8],226.65,324.09239269838,9.79405273586605
43.2,7,Highway.car[9],226.65,359.647146350855,8.4358052524193
43.3,0,Highway.car[0],226.65,80.7519356548982,9.77325425895583
43.3,15,Highway.car[1],223.35,329.108337521358,10.4646689456692
43.3,1,Highway.car[3],226.65,97.7108571616691,9.77996739226934
43.3,2,Highway.car[4],226.65,113.886916438665,9.75770406084958
43.3,3,Highway.car[5],226.65,131.968518598266,10.2078319077246
43.3,4,Highway.car[6],226.65,235.702877040388,9.79539320712164
43.3,5,Highway.car[7],226.65,253.701006329652,10.0156396536906
43.3,6,Highway.car[8],226.65,323.113028359383,9.79364338997193
43.3,7,Highway.car[9],226.65,358.799624092073,8.47522258782431
43.4,0,Highway.car[0],226.65,79.7744176529882,9.7751800191002
43.4,15,Highway.car[1],223.35,330.154332655763,10.4599513440554
43.4,1,Highway.car[3],226.65,96.7356573479913,9.75199813677821
43.4,2,Highway.car[4],226.65,112.908346203912,9.78570234753744
43.4,3,Highway.car[5],226.65,130.950123312762,10.1839528550339
43.4,4,Highway.car[6],226.65,234.727252386422,9.7562465396598
43.4,5,Highway.car[7],226.65,252.70126225756,9.99744072092806
43.4,6,Highway.car[8],226.65,322.137516846565,9.75511512818094
43.4,7,Highway.car[9],226.65,357.947799414772,8.51824677300777
43.5,0,Highway.car[0],226.65,78.7951997498446,9.7921790314354
43.5,15,Highway.car[1],223.35,331.202219883178,10.4788722741525
43.5,1,Highway.car[3],226.65,95.7605744925625,9.75082855428843
43.5,2,Highway.car[4],226.65,111.930987906075,9.77358297836987
43.5,3,Highway.car[5],226.65,129.932558762254,10.1756455050882
43.5,4,Highway.car[6],226.65,233.749068254691,9.78184131730627
43.5,5,Highway.car[7],226.65,251.70170003767,9.99562219889661
43.5,6,Highway.car[8],226.65,321.157720866865,9.79795979699679
43.5,7,Highway.car[9],226.65,357.089222115662,8.58577299109797
43.6,0,Highway.car[0],226.65,77.8156269853981,9.79572764446586
43.6,15,Highway.car[1],223.35,332.248342963121,10.4612307994261
43.6,1,Highway.car[3],226.65,94.7823524158013,9.78222076761159
43.6,2,Highway.car[4],226.65,110.954241874827,9.76746031247906
43.6,3,Highway.car[5],226.65,128.912068928207,10.2048983404631
43.6,4,Highway.car[6],226.65,232.772671301649,9.76396953042224
43.6,5,Highway.car[7],226.65,250.703407023135,9.98293014534575
43.6,6,Highway.car[8],226.65,320.180355096286,9.77365770578943
43.6,7,Highway.car[9],226.65,356.227366544549,8.61855571113897
43.7,0,Highway.car[0],226.65,76.8405223649356,9.7510462046247
43.7,15,Highway.car[1],223.35,333.296651506888,10.4830854376727
43.7,1,Highway.car[3],226.65,93.8049395573499,9.77412858451339
43.7,2,Highway.car[4],226.65,109.976014306359,9.78227568467841
43.7,3,Highway.car[5],226.65,127.898320429188,10.1374849901962
43.7,4,Highway.car[6],226.65,231.796191166279,9.76480135369673
43.7,5,Highway.car[7],226.65,249.704307218203,9.99099804932429
43.7,6,Highway.car[8],226.65,319.202023444389,9.78331651897263
43.7,7,Highway.car[9],226.65,355.357380043065,8.69986501483384
43.8,0,Highway.car[0],226.65,75.8615768021158,9.78945562819764
43.8,15,Highway.car[1],223.35,334.341559126145,10.4490761925636
43.8,1,Highway.car[3],226.65,92.8268195191775,9.78120038172399
43.8,2,Highway.car[4],226.65,108.996501656127,9.79512650232069
43.8,3,Highway.car[5],226.65,126.882821468884,10.1549896030335
43.8,4,Highway.car[6],226.65,230.819271648041,9.76919518238586
43.8,5,Highway.car[7],226.65,248.704609999062,9.99697219141279
43.8,6,Highway.car[8],226.65,318.222051059337,9.79972385052312
43.8,7,Highway.car[9],226.65,354.484350201343,8.73029841722592
43.9,0,Highway.car[0],226.65,74.8816836954482,9.79893106667604
43.9,15,Highway.car[1],223.35,335.388368091241,10.4680896509592
43.9,1,Highway.car[3],226.65,91.8465531132952,9.80266405882425
43.9,2,Highway.car[4],226.65,108.016217199721,9.8028445640583
43.9,3,Highway.car[5],226.65,125.865630664532,10.1719080435189
43.9,4,Highway.car[6],226.65,229.84043983947,9.78831808570866
43.9,5,Highway.car[7],226.65,247.705118509989,9.99491489072762
43.9,6,Highway.car[8],226.65,317.244084738383,9.77966320954356
43.9,7,Highway.car[9],226.65,353.604114590097,8.80235611245406
44,0,Highway.car[0],226.65,73.9035310260553,9.78152669392899
44,15,Highway.car[1],223.35,336.43435853126,10.4599044001903
44,1,Highway.car[3],226.65,90.8684607970429,9.78092316252297
44,2,Highway.car[4],226.65,107.038943812941,9.77273386780162
44,3,Highway.car[5],226.65,124.849166931729,10.1646373280363
44,4,Highway.car[6],226.65,228.86520405357,9.75235785900429
44,5,Highway.car[7],226.65,246.707660304533,9.97458205456231
44,6,Highway.car[8],226.65,316.266962771063,9.77121967319399
44,7,Highway.car[9],226.65,352.715292700565,8.88821889532634
44.1,0,Highway.car[0],226.65,72.9252358549855,9.78295171069726
44.1,15,Highway.car[1],223.35,337.482282760134,10.4792422887459
44.1,1,Highway.car[3],226.65,89.8908831893784,9.77577607664375
44.1,2,Highway.car[4],226.65,106.058988246861,9.79955566079524
44.1,3,Highway.car[5],226.65,123.838789834193,10.1037709753582
44.1,4,Highway.car[6],226.65,227.886701312645,9.7850274092434
44.1,5,Highway.car[7],226.65,245.714726686377,9.92933618155658
44.1,6,Highway.car[8],226.65,315.289231334366,9.77731436697394
44.1,7,Highway.car[9],226.65,351.819418146077,8.95874554487781
44.2,0,Highway.car[0],226.65,71.9469211040306,9.78314750954975
44.2,15,Highway.car[1],223.35,338.530598013684,10.4831525355012
44.2,1,Highway.car[3],226.65,88.9131998132786,9.77683376099876
44.2,2,Highway.car[4],226.65,105.080653714359,9.78334532502041
44.2,3,Highway.car[5],226.65,122.823524432778,10.1526540141492
44.2,4,Highway.car[6],226.65,226.90919509711,9.77506215535384
44.2,5,Highway.car[7],226.65,244.718338180905,9.96388505472221
44.2,6,Highway.car[8],226.65,314.309633522738,9.7959781162804
44.2,7,Highway.car[9],226.65,350.91635944842,9.030586976564
44.3,0,Highway.car[0],226.65,70.9681726609497,9.78748443080951
44.3,15,Highway.car[1],223.35,339.579832823201,10.4923480951719
44.3,1,Highway.car[3],226.65,87.9343806804397,9.78819132838812
44.3,2,Highway.car[4],226.65,104.102537961483,9.78115752876581
44.3,3,Highway.car[5],226.65,121.814338305871,10.0918612690659
44.3,4,Highway.car[6],226.65,225.933471922082,9.75723175027594
44.3,5,Highway.car[7],226.65,243.724439940027,9.93898240877698
44.3,6,Highway.car[8],226.65,313.331682947219,9.77950575518981
44.3,7,Highway.car[9],226.65,350.009660987524,9.06698460896171
44.4,0,Highway.car[0],226.65,69.9890342342403,9.79138426709361
44.4,15,Highway.car[1],223.35,340.627403829226,10.4757100602414
44.4,1,Highway.car[3],226.65,86.9532371006923,9.81143579747551
44.4,2,Highway.car[4],226.65,103.125534437057,9.7700352442618
44.4,3,Highway.car[5],226.65,120.804061693007,10.10276612864
44.4,4,Highway.car[6],226.65,224.955504811894,9.77967110188399
44.4,5,Highway.car[7],226.65,242.729893074476,9.94546865551
44.4,6,Highway.car[8],226.65,312.356726617084,9.74956330134254
44.4,7,Highway.car[9],226.65,349.09697257223,9.12688415293719
44.5,0,Highway.car[0],226.65,69.0128580257059,9.76176208534371
44.5,15,Highway.car[1],223.35,341.672706888073,10.4530305884709
44.5,1,Highway.car[3],226.65,85.9733495823875,9.79887518304669
44.5,2,Highway.car[4],226.65,102.148066093785,9.77468343271585
44.5,3,Highway.car[5],226.65,119.798169631045,10.0589206196246
44.5,4,Highway.car[6],226.65,223.978760963684,9.76743848210294
44.5,5,Highway.car[7],226.65,241.736282528162,9.93610546314298
44.5,6,Highway.car[8],226.65,311.380323122889,9.7640349419564
44.5,7,Highway.car[9],226.65,348.177026875286,9.19945696944042
44.6,0,Highway.car[0],226.65,68.0349337135953,9.77924312110618
44.6,15,Highway.car[1],223.35,342.7205336542,10.478267661277
44.6,1,Highway.car[3],226.65,84.9948494846641,9.78500097723444
44.6,2,Highway.car[4],226.65,101.170309887564,9.77756206221105
44.6,3,Highway.car[5],226.65,118.791526744196,10.0664288684877
44.6,4,Highway.car[6],226.65,223.002230206039,9.76530757644959
44.6,5,Highway.car[7],226.65,240.741641876617,9.94640651544503
44.6,6,Highway.car[8],226.65,310.404486084478,9.75837038410734
44.6,7,Highway.car[9],226.65,347.249737766348,9.27289108938674
44.7,0,Highway.car[0],226.65,67.0588553639668,9.76078349628486
44.7,15,Highway.car[1],223.35,343.76607662939,10.4554297518956
44.7,1,Highway.car[3],226.65,84.0148102749233,9.80039209740759
44.7,2,Highway.car[4],226.65,100.192820103438,9.77489784126165
44.7,3,Highway.car[5],226.65,117.785678980238,10.058477639586
44.7,4,Highway.car[6],226.65,222.02280469013,9.79425515908469
44.7,5,Highway.car[7],226.65,239.7509297896,9.90712087017011
44.7,6,Highway.car[8],226.65,309.424807801039,9.7967828343939
44.7,7,Highway.car[9],226.65,346.318920395522,9.30817370826282
44.8,0,Highway.car[0],226.65,66.0789786661301,9.79876697836723
44.8,15,Highway.car[1],223.35,344.814814551992,10.4873792260238
44.8,1,Highway.car[3],226.65,83.0400192259909,9.7479104893241
44.8,2,Highway.car[4],226.65,99.2128829812066,9.79937122231091
44.8,3,Highway.car[5],226.65,116.780011093409,10.0566788682823
44.8,4,Highway.car[6],226.65,221.046736552025,9.76068138105516
44.8,5,Highway.car[7],226.65,238.756092767648,9.94837021952577
44.8,6,Highway.car[8],226.65,308.446617938943,9.78189862095565
44.8,7,Highway.car[9],226.65,345.381921754709,9.36998640812139
44.9,0,Highway.car[0],226.65,65.1040792348545,9.74899431275576
44.9,15,Highway.car[1],223.35,345.861134689129,10.4632013713648
44.9,1,Highway.car[3],226.65,82.0601717982343,9.79847427756665
44.9,2,Highway.car[4],226.65,98.2384023473376,9.74480633869083
44.9,3,Highway.car[5],226.65,115.776528353136,10.0348274027325
44.9,4,Highway.car[6],226.65,220.066739301844,9.79997250180319
44.9,5,Highway.car[7],226.65,237.76690635436,9.8918641328778
44.9,6,Highway.car[8],226.65,307.46945991605,9.77158022892661
44.9,7,Highway.car[9],226.65,344.436905781168,9.45015973540858
45,0,Highway.car[0],226.65,64.1270779333195,9.77001301535033
45,15,Highway.car[1],223.35,346.909495228294,10.4836053916477
45,1,Highway.car[3],226.65,81.0868386398681,9.73333158366142
45,2,Highway.car[4],226.65,97.2591206897063,9.79281657631281
45,3,Highway.car[5],226.65,114.772329435469,10.0419891766753
45,4,Highway.car[6],226.65,219.08814197607,9.7859732577391
45,5,Highway.car[7],226.65,236.775638398812,9.9126795554779
45,6,Highway.car[8],226.65,306.491465793009,9.77994123041723
45,7,Highway.car[9],226.65,343.482787046562,9.54118734606213
