split_name,scenario_id,timestamp_s,serving_gnb,ue_ids,user_count,rb_available,total_rbs,rb_budget_ratio_snapshot,cqi_min,cqi_max,cqi_range,cqi_mean,previous_quality_min,previous_quality_max,previous_quality_range,previous_quality_mean,distance_mean_m,distance_range_m,mean_resource_cost,resource_cost_range,teacher_group_count,teacher_group_sizes,teacher_groups,teacher_utility,single_group_utility,teacher_gain_vs_single,teacher_avg_quality,single_avg_quality,teacher_switching,single_switching,teacher_rb_utilization,single_rb_utilization
full_bundle,simu5g_00000015,2.1,gnb_1,15|31,2,7,25,0.28,13,14,1,13.5,2,2,0,2.0,134.73142264472858,31.285576602649257,3.1666666666666665,0.0,1,2,"[[0, 1]]",0.7290781116502738,0.7290781116502738,0.0,4.0,4.0,0.4,0.4,0.7142857142857143,0.7142857142857143
full_bundle,simu5g_00000017,2.2,gnb_1,15|31,2,7,25,0.28,13,14,1,13.5,3,3,0,3.0,134.70088383562418,31.271645642469593,3.1666666666666665,0.0,1,2,"[[0, 1]]",0.8290781116502739,0.8290781116502739,0.0,4.0,4.0,0.2,0.2,0.7142857142857143,0.7142857142857143
full_bundle,simu5g_00000019,2.3,gnb_1,15|31,2,7,25,0.28,13,14,1,13.5,3,3,0,3.0,134.66490432926042,31.256387017472534,3.1666666666666665,0.0,1,2,"[[0, 1]]",0.8290781116502739,0.8290781116502739,0.0,4.0,4.0,0.2,0.2,0.7142857142857143,0.7142857142857143
full_bundle,simu5g_00000021,2.4,gnb_1,15|31,2,7,25,0.28,13,14,1,13.5,3,3,0,3.0,134.62370305973653,31.238277282321818,3.1666666666666665,0.0,1,2,"[[0, 1]]",0.8290781116502739,0.8290781116502739,0.0,4.0,4.0,0.2,0.2,0.7142857142857143,0.7142857142857143
full_bundle,simu5g_00000023,2.5,gnb_1,15|31,2,7,25,0.28,13,14,1,13.5,3,3,0,3.0,134.57904245022434,31.219388766837824,3.1666666666666665,0.0,1,2,"[[0, 1]]",0.8290781116502739,0.8290781116502739,0.0,4.0,4.0,0.2,0.2,0.7142857142857143,0.7142857142857143
full_bundle,simu5g_00000025,2.6,gnb_1,15|31,2,7,25,0.28,13,14,1,13.5,3,3,0,3.0,134.531705213429,31.200058634096877,3.1666666666666665,0.0,1,2,"[[0, 1]]",0.8290781116502739,0.8290781116502739,0.0,4.0,4.0,0.2,0.2,0.7142857142857143,0.7142857142857143
full_bundle,simu5g_00000027,2.7,gnb_1,15|31,2,7,25,0.28,13,14,1,13.5,3,3,0,3.0,134.47963911576235,31.17906698656816,3.1666666666666665,0.0,1,2,"[[0, 1]]",0.8290781116502739,0.8290781116502739,0.0,4.0,4.0,0.2,0.2,0.7142857142857143,0.7142857142857143
full_bundle,simu5g_00000029,2.8,gnb_1,15|31,2,7,25,0.28,13,14,1,13.5,3,3,0,3.0,134.42451820625388,31.154033173931168,3.1666666666666665,0.0,1,2,"[[0, 1]]",0.8290781116502739,0.8290781116502739,0.0,4.0,4.0,0.2,0.2,0.7142857142857143,0.7142857142857143
full_bundle,simu5g_00000031,2.9,gnb_1,15|31,2,7,25,0.28,13,14,1,13.5,3,3,0,3.0,134.36608768461053,31.13013243249233,3.1666666666666665,0.0,1,2,"[[0, 1]]",0.8290781116502739,0.8290781116502739,0.0,4.0,4.0,0.2,0.2,0.7142857142857143,0.7142857142857143
full_bundle,simu5g_00000033,3.0,gnb_1,15|31,2,7,25,0.28,13,14,1,13.5,3,3,0,3.0,134.30330481620058,31.105670415143635,3.1666666666666665,0.0,1,2,"[[0, 1]]",0.8290781116502739,0.8290781116502739,0.0,4.0,4.0,0.2,0.2,0.7142857142857143,0.7142857142857143
full_bundle,simu5g_00000035,3.1,gnb_1,15|31,2,7,25,0.28,13,14,1,13.5,3,3,0,3.0,134.23691367485398,31.07885836894134,3.1666666666666665,0.0,1,2,"[[0, 1]]",0.8290781116502739,0.8290781116502739,0.0,4.0,4.0,0.2,0.2,0.7142857142857143,0.7142857142857143
full_bundle,simu5g_00000037,3.2,gnb_1,15|31,2,7,25,0.28,13,14,1,13.5,3,3,0,3.0,134.16757833331297,31.05132673004087,3.1666666666666665,0.0,1,2,"[[0, 1]]",0.8290781116502739,0.8290781116502739,0.0,4.0,4.0,0.2,0.2,0.7142857142857143,0.7142857142857143
full_bundle,simu5g_00000039,3.3,gnb_1,15|31,2,7,25,0.28,13,14,1,13.5,3,3,0,3.0,134.09412152770767,31.023489665017124,3.1666666666666665,0.0,1,2,"[[0, 1]]",0.8290781116502739,0.8290781116502739,0.0,4.0,4.0,0.2,0.2,0.7142857142857143,0.7142857142857143
full_bundle,simu5g_00000041,3.4,gnb_1,15|31,2,7,25,0.28,13,14,1,13.5,3,3,0,3.0,134.01770836459355,30.992088212200585,3.1666666666666665,0.0,1,2,"[[0, 1]]",0.8290781116502739,0.8290781116502739,0.0,4.0,4.0,0.2,0.2,0.7142857142857143,0.7142857142857143
full_bundle,simu5g_00000043,3.5,gnb_1,15|31,2,7,25,0.28,13,14,1,13.5,3,3,0,3.0,133.9376781987549,30.957532760495397,3.1666666666666665,0.0,1,2,"[[0, 1]]",0.8290781116502739,0.8290781116502739,0.0,4.0,4.0,0.2,0.2,0.7142857142857143,0.7142857142857143
full_bundle,simu5g_00000045,3.6,gnb_1,15|31,2,7,25,0.28,13,14,1,13.5,3,3,0,3.0,133.8534272689975,30.923934415847157,3.1666666666666665,0.0,1,2,"[[0, 1]]",0.8290781116502739,0.8290781116502739,0.0,4.0,4.0,0.2,0.2,0.7142857142857143,0.7142857142857143
full_bundle,simu5g_00000047,3.7,gnb_1,15|31,2,7,25,0.28,14,15,1,14.5,3,3,0,3.0,133.76492817040779,30.886087005333252,3.1666666666666665,0.0,1,2,"[[0, 1]]",0.8290781116502739,0.8290781116502739,0.0,4.0,4.0,0.2,0.2,0.7142857142857143,0.7142857142857143
full_bundle,simu5g_00000049,3.8,gnb_1,15|31,2,7,25,0.28,14,15,1,14.5,3,3,0,3.0,133.67426938628876,30.847307361464814,3.1666666666666665,0.0,1,2,"[[0, 1]]",0.8290781116502739,0.8290781116502739,0.0,4.0,4.0,0.2,0.2,0.7142857142857143,0.7142857142857143
full_bundle,simu5g_00000051,3.9,gnb_1,15|31,2,7,25,0.28,14,15,1,14.5,3,3,0,3.0,133.57896633613427,30.805408271871116,3.1666666666666665,0.0,1,2,"[[0, 1]]",0.8290781116502739,0.8290781116502739,0.0,4.0,4.0,0.2,0.2,0.7142857142857143,0.7142857142857143
full_bundle,simu5g_00000053,4.0,gnb_1,15|31,2,7,25,0.28,14,15,1,14.5,3,3,0,3.0,133.4809513861357,30.76233361869282,3.1666666666666665,0.0,1,2,"[[0, 1]]",0.8290781116502739,0.8290781116502739,0.0,4.0,4.0,0.2,0.2,0.7142857142857143,0.7142857142857143
full_bundle,simu5g_00000055,4.1,gnb_1,15|31,2,7,25,0.28,14,15,1,14.5,3,3,0,3.0,133.37903166221454,30.7176720572847,3.1666666666666665,0.0,1,2,"[[0, 1]]",0.8290781116502739,0.8290781116502739,0.0,4.0,4.0,0.2,0.2,0.7142857142857143,0.7142857142857143
full_bundle,simu5g_00000057,4.2,gnb_1,15|31,2,7,25,0.28,14,15,1,14.5,3,3,0,3.0,133.27407517297013,30.66858578275928,3.1666666666666665,0.0,1,2,"[[0, 1]]",0.8290781116502739,0.8290781116502739,0.0,4.0,4.0,0.2,0.2,0.7142857142857143,0.7142857142857143
full_bundle,simu5g_00000059,4.3,gnb_1,15|31,2,7,25,0.28,14,15,1,14.5,3,3,0,3.0,133.16603763802198,30.619115996939087,3.1666666666666665,0.0,1,2,"[[0, 1]]",0.8290781116502739,0.8290781116502739,0.0,4.0,4.0,0.2,0.2,0.8571428571428571,0.8571428571428571
full_bundle,simu5g_00000061,4.4,gnb_1,15|31,2,7,25,0.28,14,15,1,14.5,3,3,0,3.0,133.05520014107077,30.569046902348518,3.1666666666666665,0.0,1,2,"[[0, 1]]",0.8290781116502739,0.8290781116502739,0.0,4.0,4.0,0.2,0.2,0.8571428571428571,0.8571428571428571
full_bundle,simu5g_00000063,4.5,gnb_1,15|31,2,7,25,0.28,14,15,1,14.5,3,3,0,3.0,132.94015621825912,30.518242179550185,3.1666666666666665,0.0,1,2,"[[0, 1]]",0.8290781116502739,0.8290781116502739,0.0,4.0,4.0,0.2,0.2,0.8571428571428571,0.8571428571428571
full_bundle,simu5g_00000065,4.6,gnb_1,15|31,2,7,25,0.28,14,15,1,14.5,3,3,0,3.0,132.82081159117865,30.467292897031797,3.1666666666666665,0.0,1,2,"[[0, 1]]",0.8290781116502739,0.8290781116502739,0.0,4.0,4.0,0.2,0.2,0.8571428571428571,0.8571428571428571
full_bundle,simu5g_00000067,4.7,gnb_1,15|31,2,7,25,0.28,14,15,1,14.5,3,3,0,3.0,132.6973856069264,30.41670383540864,3.1666666666666665,0.0,1,2,"[[0, 1]]",0.8290781116502739,0.8290781116502739,0.0,4.0,4.0,0.2,0.2,0.8571428571428571,0.8571428571428571
full_bundle,simu5g_00000069,4.8,gnb_1,15|31,2,7,25,0.28,14,15,1,14.5,3,3,0,3.0,132.57046864322672,30.36788575404843,3.1666666666666665,0.0,1,2,"[[0, 1]]",0.8290781116502739,0.8290781116502739,0.0,4.0,4.0,0.2,0.2,0.8571428571428571,0.8571428571428571
full_bundle,simu5g_00000071,4.9,gnb_1,15|31,2,7,25,0.28,14,15,1,14.5,3,3,0,3.0,132.43880925039667,30.3183219344064,3.1666666666666665,0.0,1,2,"[[0, 1]]",0.8290781116502739,0.8290781116502739,0.0,4.0,4.0,0.2,0.2,0.8571428571428571,0.8571428571428571
full_bundle,simu5g_00000073,5.0,gnb_1,15|31,2,7,25,0.28,14,14,0,14.0,3,3,0,3.0,132.30522945539835,30.268143588653004,3.1666666666666665,0.0,1,2,"[[0, 1]]",0.8290781116502739,0.8290781116502739,0.0,4.0,4.0,0.2,0.2,0.8571428571428571,0.8571428571428571
full_bundle,simu5g_00000075,5.1,gnb_1,15|31,2,7,25,0.28,14,14,0,14.0,3,3,0,3.0,132.1680318741092,30.21616964858174,3.1666666666666665,0.0,1,2,"[[0, 1]]",0.8290781116502739,0.8290781116502739,0.0,4.0,4.0,0.2,0.2,0.8571428571428571,0.8571428571428571
full_bundle,simu5g_00000076,5.1,gnb_2,0|1,2,7,25,0.28,14,14,0,14.0,2,3,1,2.5,161.54789856387282,6.782196338542775,3.1666666666666665,0.0,1,2,"[[0, 1]]",0.7790781116502739,0.7790781116502739,0.0,4.0,4.0,0.30000000000000004,0.30000000000000004,0.8571428571428571,0.8571428571428571
full_bundle,simu5g_00000077,5.2,gnb_1,15|31,2,7,25,0.28,14,14,0,14.0,3,3,0,3.0,132.02871050880077,30.16134878706471,3.1666666666666665,0.0,1,2,"[[0, 1]]",0.8290781116502739,0.8290781116502739,0.0,4.0,4.0,0.2,0.2,0.8571428571428571,0.8571428571428571
full_bundle,simu5g_00000078,5.2,gnb_2,0|1,2,7,25,0.28,14,14,0,14.0,3,3,0,3.0,161.40644693338567,6.957849295248451,3.1666666666666665,0.0,1,2,"[[0, 1]]",0.8290781116502739,0.8290781116502739,0.0,4.0,4.0,0.2,0.2,0.8571428571428571,0.8571428571428571
full_bundle,simu5g_00000079,5.3,gnb_1,15|31,2,7,25,0.28,14,14,0,14.0,3,3,0,3.0,131.88435862835564,30.105051317716004,3.1666666666666665,0.0,1,2,"[[0, 1]]",0.8290781116502739,0.8290781116502739,0.0,4.0,4.0,0.2,0.2,0.8571428571428571,0.8571428571428571
full_bundle,simu5g_00000080,5.3,gnb_2,0|1,2,7,25,0.28,14,14,0,14.0,3,3,0,3.0,161.25869330772076,7.128599894798555,3.1666666666666665,0.0,1,2,"[[0, 1]]",0.8290781116502739,0.8290781116502739,0.0,4.0,4.0,0.2,0.2,0.8571428571428571,0.8571428571428571
full_bundle,simu5g_00000081,5.4,gnb_1,15|31,2,7,25,0.28,14,14,0,14.0,3,3,0,3.0,131.73685260705213,30.04672624132982,3.1666666666666665,0.0,1,2,"[[0, 1]]",0.8290781116502739,0.8290781116502739,0.0,4.0,4.0,0.2,0.2,0.8571428571428571,0.8571428571428571
full_bundle,simu5g_00000082,5.4,gnb_2,0|1,2,7,25,0.28,14,14,0,14.0,3,3,0,3.0,161.10558034689905,7.293635750784716,3.1666666666666665,0.0,1,2,"[[0, 1]]",0.8290781116502739,0.8290781116502739,0.0,4.0,4.0,0.2,0.2,0.8571428571428571,0.8571428571428571
full_bundle,simu5g_00000083,5.5,gnb_1,15|31,2,7,25,0.28,14,14,0,14.0,3,3,0,3.0,131.58526202403084,29.98725178657675,3.1666666666666665,0.0,1,2,"[[0, 1]]",0.8290781116502739,0.8290781116502739,0.0,4.0,4.0,0.2,0.2,0.8571428571428571,0.8571428571428571
full_bundle,simu5g_00000084,5.5,gnb_2,0|1,2,7,25,0.28,14,14,0,14.0,3,3,0,3.0,160.9478167047304,7.45399528650114,3.1666666666666665,0.0,1,2,"[[0, 1]]",0.8290781116502739,0.8290781116502739,0.0,4.0,4.0,0.2,0.2,0.8571428571428571,0.8571428571428571
full_bundle,simu5g_00000085,5.6,gnb_1,15|31,2,7,25,0.28,14,14,0,14.0,3,3,0,3.0,131.43052161867166,29.92521888472669,3.1666666666666665,0.0,1,2,"[[0, 1]]",0.8290781116502739,0.8290781116502739,0.0,4.0,4.0,0.2,0.2,0.8571428571428571,0.8571428571428571
full_bundle,simu5g_00000086,5.6,gnb_2,0|1,2,7,25,0.28,14,14,0,14.0,3,3,0,3.0,160.78452118354113,7.609191493635905,3.1666666666666665,0.0,1,2,"[[0, 1]]",0.8290781116502739,0.8290781116502739,0.0,4.0,4.0,0.2,0.2,0.8571428571428571,0.8571428571428571
full_bundle,simu5g_00000087,5.7,gnb_1,15|31,2,7,25,0.28,14,14,0,14.0,3,3,0,3.0,131.27227961473693,29.85830612116608,3.1666666666666665,0.0,1,2,"[[0, 1]]",0.8290781116502739,0.8290781116502739,0.0,4.0,4.0,0.2,0.2,0.8571428571428571,0.8571428571428571
full_bundle,simu5g_00000088,5.7,gnb_2,0|1,2,7,25,0.28,14,14,0,14.0,3,3,0,3.0,160.6160360456878,7.7614376048687745,3.1666666666666665,0.0,1,2,"[[0, 1]]",0.8290781116502739,0.8290781116502739,0.0,4.0,4.0,0.2,0.2,0.8571428571428571,0.8571428571428571
full_bundle,simu5g_00000089,5.8,gnb_1,15|31,2,7,25,0.28,14,14,0,14.0,3,3,0,3.0,131.11094292761234,29.790859340011934,3.1666666666666665,0.0,1,2,"[[0, 1]]",0.8290781116502739,0.8290781116502739,0.0,4.0,4.0,0.2,0.2,0.8571428571428571,0.8571428571428571
full_bundle,simu5g_00000090,5.8,gnb_2,0|1,2,7,25,0.28,14,14,0,14.0,3,3,0,3.0,160.4406968256347,7.908385610572566,3.1666666666666665,0.0,1,2,"[[0, 1]]",0.8290781116502739,0.8290781116502739,0.0,4.0,4.0,0.2,0.2,0.8571428571428571,0.8571428571428571
full_bundle,simu5g_00000091,5.9,gnb_1,15|31,2,7,25,0.28,14,15,1,14.5,3,3,0,3.0,130.94476069177935,29.720415082801182,3.1666666666666665,0.0,1,2,"[[0, 1]]",0.8290781116502739,0.8290781116502739,0.0,4.0,4.0,0.2,0.2,0.7142857142857143,0.7142857142857143
full_bundle,simu5g_00000092,5.9,gnb_2,0|1,2,7,25,0.28,14,14,0,14.0,3,3,0,3.0,160.25988683640645,8.050919719300651,3.1666666666666665,0.0,1,2,"[[0, 1]]",0.8290781116502739,0.8290781116502739,0.0,4.0,4.0,0.2,0.2,0.8571428571428571,0.8571428571428571
full_bundle,simu5g_00000093,6.0,gnb_1,15|31,2,7,25,0.28,14,15,1,14.5,3,3,0,3.0,130.7739488411084,29.64780357974658,3.1666666666666665,0.0,1,2,"[[0, 1]]",0.8290781116502739,0.8290781116502739,0.0,4.0,4.0,0.2,0.2,0.7142857142857143,0.7142857142857143
full_bundle,simu5g_00000094,6.0,gnb_2,0|1,2,7,25,0.28,14,14,0,14.0,3,3,0,3.0,160.073283454291,8.189226870747177,3.1666666666666665,0.0,1,2,"[[0, 1]]",0.8290781116502739,0.8290781116502739,0.0,4.0,4.0,0.2,0.2,0.7142857142857143,0.7142857142857143
full_bundle,simu5g_00000095,6.1,gnb_1,15|31,2,7,25,0.28,14,15,1,14.5,3,3,0,3.0,130.5979244643508,29.573485720732194,3.1666666666666665,0.0,1,2,"[[0, 1]]",0.8290781116502739,0.8290781116502739,0.0,4.0,4.0,0.2,0.2,0.7142857142857143,0.7142857142857143
full_bundle,simu5g_00000096,6.1,gnb_2,0|1,2,7,25,0.28,14,14,0,14.0,3,3,0,3.0,159.88127535561833,8.320873629461232,3.1666666666666665,0.0,1,2,"[[0, 1]]",0.8290781116502739,0.8290781116502739,0.0,4.0,4.0,0.2,0.2,0.7142857142857143,0.7142857142857143
full_bundle,simu5g_00000097,6.2,gnb_1,15|31,2,7,25,0.28,14,15,1,14.5,3,3,0,3.0,130.41848843113803,29.49663602797841,3.1666666666666665,0.0,1,2,"[[0, 1]]",0.8290781116502739,0.8290781116502739,0.0,4.0,4.0,0.2,0.2,0.7142857142857143,0.7142857142857143
full_bundle,simu5g_00000098,6.2,gnb_2,0|1,2,7,25,0.28,14,14,0,14.0,3,3,0,3.0,159.68407462524567,8.450920130820748,3.1666666666666665,0.0,1,2,"[[0, 1]]",0.8290781116502739,0.8290781116502739,0.0,4.0,4.0,0.2,0.2,0.7142857142857143,0.7142857142857143
full_bundle,simu5g_00000099,6.3,gnb_1,15|31,2,7,25,0.28,14,15,1,14.5,3,3,0,3.0,130.23571104572662,29.415713938282536,3.1666666666666665,0.0,1,2,"[[0, 1]]",0.8290781116502739,0.8290781116502739,0.0,4.0,4.0,0.2,0.2,0.7142857142857143,0.7142857142857143
full_bundle,simu5g_00000100,6.3,gnb_2,0|1,2,7,25,0.28,14,14,0,14.0,3,3,0,3.0,159.48010402237554,8.575066845704356,3.1666666666666665,0.0,1,2,"[[0, 1]]",0.8290781116502739,0.8290781116502739,0.0,4.0,4.0,0.2,0.2,0.7142857142857143,0.7142857142857143
full_bundle,simu5g_00000101,6.4,gnb_1,15|31,2,7,25,0.28,14,15,1,14.5,3,3,0,3.0,130.04821503101698,29.334344690502476,3.1666666666666665,0.0,1,2,"[[0, 1]]",0.8290781116502739,0.8290781116502739,0.0,4.0,4.0,0.2,0.2,0.7142857142857143,0.7142857142857143
full_bundle,simu5g_00000102,6.4,gnb_2,0|1,2,7,25,0.28,14,14,0,14.0,3,3,0,3.0,159.2699884782599,8.695909742177236,3.1666666666666665,0.0,1,2,"[[0, 1]]",0.8290781116502739,0.8290781116502739,0.0,4.0,4.0,0.2,0.2,0.7142857142857143,0.7142857142857143
full_bundle,simu5g_00000103,6.5,gnb_1,15|31,2,7,25,0.28,14,15,1,14.5,3,3,0,3.0,129.85709275679375,29.252738468113975,3.1666666666666665,0.0,1,2,"[[0, 1]]",0.8290781116502739,0.8290781116502739,0.0,4.0,4.0,0.2,0.2,0.7142857142857143,0.7142857142857143
full_bundle,simu5g_00000104,6.5,gnb_2,0|1,2,7,25,0.28,14,14,0,14.0,3,3,0,3.0,159.05351386248606,8.810321810407885,3.1666666666666665,0.0,1,2,"[[0, 1]]",0.8290781116502739,0.8290781116502739,0.0,4.0,4.0,0.2,0.2,0.7142857142857143,0.7142857142857143
full_bundle,simu5g_00000105,6.6,gnb_1,15|31,2,7,25,0.28,14,15,1,14.5,3,3,0,3.0,129.66119206809594,29.168252774679303,3.1666666666666665,0.0,1,2,"[[0, 1]]",0.8290781116502739,0.8290781116502739,0.0,4.0,4.0,0.2,0.2,0.7142857142857143,0.7142857142857143
full_bundle,simu5g_00000106,6.6,gnb_2,0|1,2,7,25,0.28,14,14,0,14.0,3,3,0,3.0,158.83114089202803,8.921399507230234,3.1666666666666665,0.0,1,2,"[[0, 1]]",0.8290781116502739,0.8290781116502739,0.0,4.0,4.0,0.2,0.2,0.7142857142857143,0.7142857142857143
full_bundle,simu5g_00000107,6.7,gnb_1,15|31,2,7,25,0.28,15,15,0,15.0,3,3,0,3.0,129.4634386568577,29.081142238851896,3.1666666666666665,0.0,1,2,"[[0, 1]]",0.8290781116502739,0.8290781116502739,0.0,4.0,4.0,0.2,0.2,0.7142857142857143,0.7142857142857143
full_bundle,simu5g_00000108,6.7,gnb_2,0|1,2,7,25,0.28,14,14,0,14.0,3,3,0,3.0,158.6042002502059,9.029702315347976,3.1666666666666665,0.0,1,2,"[[0, 1]]",0.8290781116502739,0.8290781116502739,0.0,4.0,4.0,0.2,0.2,0.7142857142857143,0.7142857142857143
full_bundle,simu5g_00000109,6.8,gnb_1,15|31,2,7,25,0.28,15,15,0,15.0,3,3,0,3.0,129.26320049654834,28.99565733247175,3.1666666666666665,0.0,1,2,"[[0, 1]]",0.8290781116502739,0.8290781116502739,0.0,4.0,4.0,0.2,0.2,0.7142857142857143,0.7142857142857143
full_bundle,simu5g_00000110,6.8,gnb_2,0|1,2,7,25,0.28,14,14,0,14.0,3,3,0,3.0,158.371542304159,9.13291071821834,3.1666666666666665,0.0,1,2,"[[0, 1]]",0.8290781116502739,0.8290781116502739,0.0,4.0,4.0,0.2,0.2,0.7142857142857143,0.7142857142857143
full_bundle,simu5g_00000111,6.9,gnb_1,15|31,2,7,25,0.28,15,15,0,15.0,3,3,0,3.0,129.06071152214923,28.907810013294863,3.1666666666666665,0.0,1,2,"[[0, 1]]",0.8290781116502739,0.8290781116502739,0.0,4.0,4.0,0.2,0.2,0.7142857142857143,0.7142857142857143
full_bundle,simu5g_00000112,6.9,gnb_2,0|1,2,7,25,0.28,14,15,1,14.5,3,3,0,3.0,158.1344408958781,9.233518998743875,3.1666666666666665,0.0,1,2,"[[0, 1]]",0.8290781116502739,0.8290781116502739,0.0,4.0,4.0,0.2,0.2,0.7142857142857143,0.7142857142857143
full_bundle,simu5g_00000113,7.0,gnb_1,15|31,2,7,25,0.28,15,15,0,15.0,3,3,0,3.0,128.8543672804999,28.8184841124789,3.1666666666666665,0.0,1,2,"[[0, 1]]",0.8290781116502739,0.8290781116502739,0.0,4.0,4.0,0.2,0.2,0.7142857142857143,0.7142857142857143
full_bundle,simu5g_00000114,7.0,gnb_2,0|1,2,7,25,0.28,14,15,1,14.5,3,3,0,3.0,157.89090928381108,9.32863602004511,3.1666666666666665,0.0,1,2,"[[0, 1]]",0.8290781116502739,0.8290781116502739,0.0,4.0,4.0,0.2,0.2,0.7142857142857143,0.7142857142857143
full_bundle,simu5g_00000115,7.1,gnb_1,15|31,2,7,25,0.28,15,15,0,15.0,3,3,0,3.0,128.64476229815557,28.728809060118152,3.1666666666666665,0.0,1,2,"[[0, 1]]",0.8290781116502739,0.8290781116502739,0.0,4.0,4.0,0.2,0.2,0.7142857142857143,0.7142857142857143
full_bundle,simu5g_00000116,7.1,gnb_2,0|1,2,7,25,0.28,14,15,1,14.5,3,3,0,3.0,157.64047332850998,9.41954911974537,3.1666666666666665,0.0,1,2,"[[0, 1]]",0.8290781116502739,0.8290781116502739,0.0,4.0,4.0,0.2,0.2,0.7142857142857143,0.7142857142857143
full_bundle,simu5g_00000117,7.2,gnb_1,15|31,2,7,25,0.28,15,15,0,15.0,3,3,0,3.0,128.43223725064018,28.63936969339092,3.1666666666666665,0.0,1,2,"[[0, 1]]",0.8290781116502739,0.8290781116502739,0.0,4.0,4.0,0.2,0.2,0.7142857142857143,0.7142857142857143
full_bundle,simu5g_00000118,7.2,gnb_2,0|1,2,7,25,0.28,13,15,2,14.0,3,3,0,3.0,157.38563359320443,9.506854917265997,3.25,0.16666666666666696,1,2,"[[0, 1]]",0.8290781116502739,0.8290781116502739,0.0,4.0,4.0,0.2,0.2,0.8571428571428571,0.8571428571428571
full_bundle,simu5g_00000119,7.3,gnb_1,15|31,2,7,25,0.28,15,15,0,15.0,3,3,0,3.0,128.21627503335162,28.547817000081196,3.1666666666666665,0.0,1,2,"[[0, 1]]",0.8290781116502739,0.8290781116502739,0.0,4.0,4.0,0.2,0.2,0.7142857142857143,0.7142857142857143
full_bundle,simu5g_00000120,7.3,gnb_2,0|1,2,7,25,0.28,13,15,2,14.0,3,3,0,3.0,157.12629726288384,9.589684067450122,3.25,0.16666666666666696,1,2,"[[0, 1]]",0.8290781116502739,0.8290781116502739,0.0,4.0,4.0,0.2,0.2,0.8571428571428571,0.8571428571428571
full_bundle,simu5g_00000121,7.4,gnb_1,15|31,2,7,25,0.28,15,15,0,15.0,3,3,0,3.0,127.99911686741255,28.455304049695627,3.1666666666666665,0.0,1,2,"[[0, 1]]",0.8290781116502739,0.8290781116502739,0.0,4.0,4.0,0.2,0.2,0.7142857142857143,0.7142857142857143
full_bundle,simu5g_00000122,7.4,gnb_2,0|1,2,7,25,0.28,13,15,2,14.0,3,3,0,3.0,156.8619755465865,9.669530238225605,3.25,0.16666666666666696,1,2,"[[0, 1]]",0.8290781116502739,0.8290781116502739,0.0,4.0,4.0,0.2,0.2,0.8571428571428571,0.8571428571428571
full_bundle,simu5g_00000123,7.5,gnb_1,15|31,2,7,25,0.28,15,15,0,15.0,3,3,0,3.0,127.77809749737092,28.362080361523198,3.1666666666666665,0.0,1,2,"[[0, 1]]",0.8290781116502739,0.8290781116502739,0.0,4.0,4.0,0.2,0.2,0.7142857142857143,0.7142857142857143
full_bundle,simu5g_00000124,7.5,gnb_2,0|1,2,7,25,0.28,13,15,2,14.0,3,3,0,3.0,156.59252110601543,9.74512235958889,3.25,0.16666666666666696,1,2,"[[0, 1]]",0.8290781116502739,0.8290781116502739,0.0,4.0,4.0,0.2,0.2,0.8571428571428571,0.8571428571428571
full_bundle,simu5g_00000125,7.6,gnb_1,15|31,2,7,25,0.28,15,15,0,15.0,3,3,0,3.0,127.55399103436426,28.263733281622436,3.1666666666666665,0.0,1,2,"[[0, 1]]",0.8290781116502739,0.8290781116502739,0.0,4.0,4.0,0.2,0.2,0.7142857142857143,0.7142857142857143
full_bundle,simu5g_00000126,7.6,gnb_2,0|1,2,7,25,0.28,13,15,2,14.0,3,3,0,3.0,156.3169832735466,9.817802487046805,3.25,0.16666666666666696,1,2,"[[0, 1]]",0.8290781116502739,0.8290781116502739,0.0,4.0,4.0,0.2,0.2,0.8571428571428571,0.8571428571428571
full_bundle,simu5g_00000127,7.7,gnb_1,15|31,2,7,25,0.28,15,15,0,15.0,3,3,0,3.0,127.32658273502427,28.163923698383627,3.1666666666666665,0.0,1,2,"[[0, 1]]",0.8290781116502739,0.8290781116502739,0.0,4.0,4.0,0.2,0.2,0.7142857142857143,0.7142857142857143
full_bundle,simu5g_00000128,7.7,gnb_2,0|1,2,7,25,0.28,13,14,1,13.5,3,3,0,3.0,156.03577230897832,9.890558567318436,3.25,0.16666666666666696,1,2,"[[0, 1]]",0.8290781116502739,0.8290781116502739,0.0,4.0,4.0,0.2,0.2,0.8571428571428571,0.8571428571428571
full_bundle,simu5g_00000129,7.8,gnb_1,15|31,2,7,25,0.28,15,15,0,15.0,3,3,0,3.0,127.09610531607444,28.059894533580703,3.1666666666666665,0.0,1,2,"[[0, 1]]",0.8290781116502739,0.8290781116502739,0.0,4.0,4.0,0.2,0.2,0.7142857142857143,0.7142857142857143
full_bundle,simu5g_00000130,7.8,gnb_2,0|1,2,7,25,0.28,13,14,1,13.5,3,3,0,3.0,155.74845266822,9.959664197356147,3.25,0.16666666666666696,1,2,"[[0, 1]]",0.8290781116502739,0.8290781116502739,0.0,4.0,4.0,0.2,0.2,0.8571428571428571,0.8571428571428571
full_bundle,simu5g_00000131,7.9,gnb_1,15|31,2,7,25,0.28,15,15,0,15.0,3,3,0,3.0,126.86346638563643,27.954839058487877,3.1666666666666665,0.0,1,2,"[[0, 1]]",0.8290781116502739,0.8290781116502739,0.0,4.0,4.0,0.2,0.2,0.7142857142857143,0.7142857142857143
full_bundle,simu5g_00000132,7.9,gnb_2,0|1,2,7,25,0.28,13,14,1,13.5,3,3,0,3.0,155.45520628408667,10.026142752776053,3.25,0.16666666666666696,1,2,"[[0, 1]]",0.8290781116502739,0.8290781116502739,0.0,4.0,4.0,0.2,0.2,0.8571428571428571,0.8571428571428571
full_bundle,simu5g_00000133,8.0,gnb_1,15|31,2,7,25,0.28,15,15,0,15.0,3,3,0,3.0,126.62854724775337,27.84782260873446,3.1666666666666665,0.0,1,2,"[[0, 1]]",0.8290781116502739,0.8290781116502739,0.0,4.0,4.0,0.2,0.2,0.7142857142857143,0.7142857142857143
full_bundle,simu5g_00000134,8.0,gnb_2,0|1,2,7,25,0.28,13,14,1,13.5,3,3,0,3.0,155.1568325139712,10.08989769954431,3.25,0.16666666666666696,1,2,"[[0, 1]]",0.8290781116502739,0.8290781116502739,0.0,4.0,4.0,0.2,0.2,0.8571428571428571,0.8571428571428571
full_bundle,simu5g_00000135,8.1,gnb_1,15|31,2,7,25,0.28,15,15,0,15.0,3,3,0,3.0,126.3909733134344,27.736057101920125,3.1666666666666665,0.0,1,2,"[[0, 1]]",0.8290781116502739,0.8290781116502739,0.0,4.0,4.0,0.2,0.2,0.7142857142857143,0.7142857142857143
full_bundle,simu5g_00000136,8.1,gnb_2,0|1,2,7,25,0.28,13,14,1,13.5,3,3,0,3.0,154.85283769796956,10.149594648636224,3.25,0.16666666666666696,1,2,"[[0, 1]]",0.8290781116502739,0.8290781116502739,0.0,4.0,4.0,0.2,0.2,0.8571428571428571,0.8571428571428571
full_bundle,simu5g_00000137,8.2,gnb_1,15|31,2,7,25,0.28,15,15,0,15.0,3,3,0,3.0,126.14881841877931,27.62270487974574,3.1666666666666665,0.0,1,2,"[[0, 1]]",0.8290781116502739,0.8290781116502739,0.0,4.0,4.0,0.2,0.2,0.7142857142857143,0.7142857142857143
full_bundle,simu5g_00000138,8.2,gnb_2,0|1,2,7,25,0.28,13,14,1,13.5,3,3,0,3.0,154.54329430643494,10.20699911737978,3.25,0.16666666666666696,1,2,"[[0, 1]]",0.8290781116502739,0.8290781116502739,0.0,4.0,4.0,0.2,0.2,0.8571428571428571,0.8571428571428571
full_bundle,simu5g_00000139,8.3,gnb_1,15|31,2,7,25,0.28,15,15,0,15.0,3,3,0,3.0,125.90442984070346,27.50979865779661,3.1666666666666665,0.0,1,2,"[[0, 1]]",0.8290781116502739,0.8290781116502739,0.0,4.0,4.0,0.2,0.2,0.7142857142857143,0.7142857142857143
full_bundle,simu5g_00000140,8.3,gnb_2,0|1,2,7,25,0.28,13,14,1,13.5,2,2,0,2.0,154.2292340449217,10.262047840384582,3.25,0.16666666666666696,1,2,"[[0, 1]]",0.7290781116502738,0.7290781116502738,0.0,4.0,4.0,0.4,0.4,0.8571428571428571,0.8571428571428571
full_bundle,simu5g_00000141,8.4,gnb_1,15|31,2,7,25,0.28,15,15,0,15.0,3,3,0,3.0,125.65750230598589,27.396872243507943,3.1666666666666665,0.0,1,2,"[[0, 1]]",0.8290781116502739,0.8290781116502739,0.0,4.0,4.0,0.2,0.2,0.7142857142857143,0.7142857142857143
full_bundle,simu5g_00000142,8.4,gnb_2,0|1,2,7,25,0.28,13,14,1,13.5,2,2,0,2.0,153.91136712051457,10.31382310792452,3.25,0.16666666666666696,1,2,"[[0, 1]]",0.7290781116502738,0.7290781116502738,0.0,4.0,4.0,0.4,0.4,0.8571428571428571,0.8571428571428571
full_bundle,simu5g_00000143,8.5,gnb_1,15|31,2,7,25,0.28,15,15,0,15.0,3,3,0,3.0,125.40670672099031,27.281046709908352,3.1666666666666665,0.0,1,2,"[[0, 1]]",0.8290781116502739,0.8290781116502739,0.0,4.0,4.0,0.2,0.2,0.7142857142857143,0.7142857142857143
full_bundle,simu5g_00000144,8.5,gnb_2,0|1,2,7,25,0.28,13,14,1,13.5,2,2,0,2.0,153.58809708050302,10.360184216492797,3.25,0.16666666666666696,1,2,"[[0, 1]]",0.7290781116502738,0.7290781116502738,0.0,4.0,4.0,0.4,0.4,0.8571428571428571,0.8571428571428571
full_bundle,simu5g_00000145,8.6,gnb_1,15|31,2,7,25,0.28,15,15,0,15.0,3,3,0,3.0,125.15374378582888,27.162044382330805,3.1666666666666665,0.0,1,2,"[[0, 1]]",0.8290781116502739,0.8290781116502739,0.0,4.0,4.0,0.2,0.2,0.7142857142857143,0.7142857142857143
full_bundle,simu5g_00000146,8.6,gnb_2,0|1|2,3,7,25,0.28,13,14,1,13.666666666666666,1,2,1,1.6666666666666667,157.1527332579733,16.879573579591494,3.277777777777778,0.16666666666666696,1,3,"[[0, 1, 2]]",0.6957447783169405,0.6957447783169405,0.0,4.0,4.0,0.4666666666666666,0.4666666666666666,0.8571428571428571,0.8571428571428571
full_bundle,simu5g_00000147,8.7,gnb_1,15|31,2,7,25,0.28,15,15,0,15.0,3,3,0,3.0,124.89869677676253,27.041963982924145,3.1666666666666665,0.0,1,2,"[[0, 1]]",0.8290781116502739,0.8290781116502739,0.0,4.0,4.0,0.2,0.2,0.7142857142857143,0.7142857142857143
full_bundle,simu5g_00000148,8.7,gnb_2,0|1|2,3,7,25,0.28,13,14,1,13.666666666666666,2,2,0,2.0,156.91198871924317,17.180413337053437,3.277777777777778,0.16666666666666696,1,3,"[[0, 1, 2]]",0.7290781116502738,0.7290781116502738,0.0,4.0,4.0,0.4000000000000001,0.4000000000000001,0.8571428571428571,0.8571428571428571
full_bundle,simu5g_00000149,8.8,gnb_1,15|31,2,7,25,0.28,15,15,0,15.0,3,3,0,3.0,124.6407461635977,26.920988297238964,3.1666666666666665,0.0,1,2,"[[0, 1]]",0.8290781116502739,0.8290781116502739,0.0,4.0,4.0,0.2,0.2,0.7142857142857143,0.7142857142857143
full_bundle,simu5g_00000150,8.8,gnb_2,0|1|2,3,7,25,0.28,13,14,1,13.666666666666666,2,2,0,2.0,156.66476765458697,17.47599161278626,3.277777777777778,0.16666666666666696,1,3,"[[0, 1, 2]]",0.7290781116502738,0.7290781116502738,0.0,4.0,4.0,0.4000000000000001,0.4000000000000001,0.8571428571428571,0.8571428571428571
full_bundle,simu5g_00000151,8.9,gnb_1,15|31,2,7,25,0.28,15,15,0,15.0,3,3,0,3.0,124.38032023437232,26.795811311539552,3.1666666666666665,0.0,1,2,"[[0, 1]]",0.8290781116502739,0.8290781116502739,0.0,4.0,4.0,0.2,0.2,0.7142857142857143,0.7142857142857143
full_bundle,simu5g_00000152,8.9,gnb_2,0|1|2,3,7,25,0.28,13,14,1,13.666666666666666,2,2,0,2.0,156.41133717942498,17.768799227984886,3.277777777777778,0.16666666666666696,1,3,"[[0, 1, 2]]",0.7290781116502738,0.7290781116502738,0.0,4.0,4.0,0.4000000000000001,0.4000000000000001,0.8571428571428571,0.8571428571428571
full_bundle,simu5g_00000153,9.0,gnb_1,15|31,2,7,25,0.28,15,15,0,15.0,3,3,0,3.0,124.11579275392376,26.668763553348995,3.1666666666666665,0.0,1,2,"[[0, 1]]",0.8290781116502739,0.8290781116502739,0.0,4.0,4.0,0.2,0.2,0.7142857142857143,0.7142857142857143
full_bundle,simu5g_00000154,9.0,gnb_2,0|1|2,3,7,25,0.28,13,14,1,13.666666666666666,2,2,0,2.0,156.15191514113238,18.05657986215479,3.277777777777778,0.16666666666666696,1,3,"[[0, 1, 2]]",0.7290781116502738,0.7290781116502738,0.0,4.0,4.0,0.4000000000000001,0.4000000000000001,0.8571428571428571,0.8571428571428571
full_bundle,simu5g_00000155,9.1,gnb_1,15|31,2,7,25,0.28,15,15,0,15.0,3,3,0,3.0,123.8494990991092,26.541830033959485,3.1666666666666665,0.0,1,2,"[[0, 1]]",0.8290781116502739,0.8290781116502739,0.0,4.0,4.0,0.2,0.2,0.7142857142857143,0.7142857142857143
full_bundle,simu5g_00000156,9.1,gnb_2,0|1|2,3,7,25,0.28,13,14,1,13.666666666666666,2,2,0,2.0,155.88710698598675,18.342613525400395,3.277777777777778,0.16666666666666696,1,3,"[[0, 1, 2]]",0.7290781116502738,0.7290781116502738,0.0,4.0,4.0,0.4000000000000001,0.4000000000000001,0.8571428571428571,0.8571428571428571
full_bundle,simu5g_00000157,9.2,gnb_1,15|31,2,7,25,0.28,15,15,0,15.0,3,3,0,3.0,123.58175430689556,26.416165907701796,3.1666666666666665,0.0,1,2,"[[0, 1]]",0.8290781116502739,0.8290781116502739,0.0,4.0,4.0,0.2,0.2,0.7142857142857143,0.7142857142857143
full_bundle,simu5g_00000158,9.2,gnb_2,0|1|2,3,7,25,0.28,13,14,1,13.666666666666666,2,2,0,2.0,155.6151319440987,18.626760848090242,3.277777777777778,0.16666666666666696,1,3,"[[0, 1, 2]]",0.7290781116502738,0.7290781116502738,0.0,4.0,4.0,0.4000000000000001,0.4000000000000001,0.8571428571428571,0.8571428571428571
full_bundle,simu5g_00000159,9.3,gnb_1,15|31,2,7,25,0.28,15,15,0,15.0,3,3,0,3.0,123.3111478302922,26.288514224189015,3.1666666666666665,0.0,1,2,"[[0, 1]]",0.8290781116502739,0.8290781116502739,0.0,4.0,4.0,0.2,0.2,0.7142857142857143,0.7142857142857143
full_bundle,simu5g_00000160,9.3,gnb_2,0|1|2,3,7,25,0.28,13,14,1,13.666666666666666,2,2,0,2.0,155.33639131012998,18.906006731950953,3.277777777777778,0.16666666666666696,1,3,"[[0, 1, 2]]",0.7290781116502738,0.7290781116502738,0.0,4.0,4.0,0.4000000000000001,0.4000000000000001,0.8571428571428571,0.8571428571428571
full_bundle,simu5g_00000161,9.4,gnb_1,15|31,2,7,25,0.28,15,15,0,15.0,3,3,0,3.0,123.03937104404227,26.15970709868158,3.1666666666666665,0.0,1,2,"[[0, 1]]",0.8290781116502739,0.8290781116502739,0.0,4.0,4.0,0.2,0.2,0.7142857142857143,0.7142857142857143
full_bundle,simu5g_00000162,9.4,gnb_2,0|1|2,3,7,25,0.28,13,14,1,13.666666666666666,2,2,0,2.0,155.05131100136018,19.184209234712114,3.277777777777778,0.16666666666666696,1,3,"[[0, 1, 2]]",0.7290781116502738,0.7290781116502738,0.0,4.0,4.0,0.4000000000000001,0.4000000000000001,0.8571428571428571,0.8571428571428571
full_bundle,simu5g_00000163,9.5,gnb_1,15|31,2,7,25,0.28,15,15,0,15.0,3,3,0,3.0,122.76572412991129,26.031580525598528,3.1666666666666665,0.0,1,2,"[[0, 1]]",0.8290781116502739,0.8290781116502739,0.0,4.0,4.0,0.2,0.2,0.7142857142857143,0.7142857142857143
full_bundle,simu5g_00000164,9.5,gnb_2,0|1|2,3,7,25,0.28,13,14,1,13.666666666666666,2,2,0,2.0,154.76095250545077,19.45552032087707,3.277777777777778,0.16666666666666696,1,3,"[[0, 1, 2]]",0.7290781116502738,0.7290781116502738,0.0,4.0,4.0,0.4000000000000001,0.4000000000000001,0.8571428571428571,0.8571428571428571
full_bundle,simu5g_00000165,9.6,gnb_1,15|31,2,7,25,0.28,15,15,0,15.0,3,3,0,3.0,122.48925537484936,25.90040830694352,3.1666666666666665,0.0,1,2,"[[0, 1]]",0.8290781116502739,0.8290781116502739,0.0,4.0,4.0,0.2,0.2,0.7142857142857143,0.7142857142857143
full_bundle,simu5g_00000166,9.6,gnb_2,0|1|2,3,7,25,0.28,13,14,1,13.666666666666666,2,2,0,2.0,154.46530930178292,19.72290513011643,3.277777777777778,0.16666666666666696,1,3,"[[0, 1, 2]]",0.7290781116502738,0.7290781116502738,0.0,4.0,4.0,0.4000000000000001,0.4000000000000001,0.8571428571428571,0.8571428571428571
full_bundle,simu5g_00000167,9.7,gnb_1,15|31,2,7,25,0.28,15,15,0,15.0,3,3,0,3.0,122.20933418552724,25.769142663380663,3.1666666666666665,0.0,1,2,"[[0, 1]]",0.8290781116502739,0.8290781116502739,0.0,4.0,4.0,0.2,0.2,0.7142857142857143,0.7142857142857143
full_bundle,simu5g_00000168,9.7,gnb_2,0|1|2,3,7,25,0.28,13,14,1,13.666666666666666,2,2,0,2.0,154.1639262881927,19.98776313829282,3.277777777777778,0.16666666666666696,1,3,"[[0, 1, 2]]",0.7290781116502738,0.7290781116502738,0.0,4.0,4.0,0.4000000000000001,0.4000000000000001,0.8571428571428571,0.8571428571428571
full_bundle,simu5g_00000169,9.8,gnb_1,15|31,2,7,25,0.28,15,15,0,15.0,3,3,0,3.0,121.92657087448337,25.635234172732424,3.1666666666666665,0.0,1,2,"[[0, 1]]",0.8290781116502739,0.8290781116502739,0.0,4.0,4.0,0.2,0.2,0.7142857142857143,0.7142857142857143
full_bundle,simu5g_00000170,9.8,gnb_2,0|1|2,3,7,25,0.28,13,14,1,13.666666666666666,2,2,0,2.0,153.8572337754655,20.2476892396987,3.277777777777778,0.16666666666666696,1,3,"[[0, 1, 2]]",0.7290781116502738,0.7290781116502738,0.0,4.0,4.0,0.4000000000000001,0.4000000000000001,0.8571428571428571,0.8571428571428571
full_bundle,simu5g_00000171,9.9,gnb_1,15|31,2,7,25,0.28,15,15,0,15.0,3,3,0,3.0,121.64285290726536,25.49964822682665,3.1666666666666665,0.0,1,2,"[[0, 1]]",0.8290781116502739,0.8290781116502739,0.0,4.0,4.0,0.2,0.2,0.7142857142857143,0.7142857142857143
full_bundle,simu5g_00000172,9.9,gnb_2,0|1|2,3,7,25,0.28,13,14,1,13.333333333333334,2,2,0,2.0,153.54448327129768,20.503580515031018,3.277777777777778,0.16666666666666696,1,3,"[[0, 1, 2]]",0.7290781116502738,0.7290781116502738,0.0,4.0,4.0,0.4000000000000001,0.4000000000000001,0.8571428571428571,0.8571428571428571
full_bundle,simu5g_00000173,10.0,gnb_1,15|31,2,7,25,0.28,15,15,0,15.0,3,3,0,3.0,121.35788688820813,25.36572451709806,3.1666666666666665,0.0,1,2,"[[0, 1]]",0.8290781116502739,0.8290781116502739,0.0,4.0,4.0,0.2,0.2,0.7142857142857143,0.7142857142857143
full_bundle,simu5g_00000174,10.0,gnb_2,0|1|2,3,7,25,0.28,13,14,1,13.333333333333334,2,2,0,2.0,153.2264993645209,20.757774608823013,3.277777777777778,0.16666666666666696,1,3,"[[0, 1, 2]]",0.7290781116502738,0.7290781116502738,0.0,4.0,4.0,0.4000000000000001,0.4000000000000001,0.8571428571428571,0.8571428571428571
full_bundle,simu5g_00000175,10.1,gnb_1,15|31,2,7,25,0.28,15,15,0,15.0,3,3,0,3.0,121.07206317797153,25.232655077844697,3.1666666666666665,0.0,1,2,"[[0, 1]]",0.8290781116502739,0.8290781116502739,0.0,4.0,4.0,0.2,0.2,0.7142857142857143,0.7142857142857143
full_bundle,simu5g_00000176,10.1,gnb_2,0|1|2,3,7,25,0.28,13,15,2,14.0,2,2,0,2.0,152.90188368740007,21.004826513418436,3.222222222222222,0.16666666666666696,1,3,"[[0, 1, 2]]",0.7290781116502738,0.7290781116502738,0.0,4.0,4.0,0.4000000000000001,0.4000000000000001,0.8571428571428571,0.8571428571428571
full_bundle,simu5g_00000177,10.2,gnb_1,15|31,2,7,25,0.28,15,15,0,15.0,3,3,0,3.0,120.78285591170749,25.099093296775948,3.1666666666666665,0.0,1,2,"[[0, 1]]",0.8290781116502739,0.8290781116502739,0.0,4.0,4.0,0.2,0.2,0.7142857142857143,0.7142857142857143
full_bundle,simu5g_00000178,10.2,gnb_2,0|1|2,3,7,25,0.28,13,15,2,14.0,2,2,0,2.0,152.57090616389976,21.248338945791858,3.222222222222222,0.16666666666666696,1,3,"[[0, 1, 2]]",0.7290781116502738,0.7290781116502738,0.0,4.0,4.0,0.4000000000000001,0.4000000000000001,0.8571428571428571,0.8571428571428571
full_bundle,simu5g_00000179,10.3,gnb_1,15|31,2,7,25,0.28,15,15,0,15.0,3,3,0,3.0,120.4934316612474,24.965060713636987,3.1666666666666665,0.0,1,2,"[[0, 1]]",0.8290781116502739,0.8290781116502739,0.0,4.0,4.0,0.2,0.2,0.7142857142857143,0.7142857142857143
full_bundle,simu5g_00000180,10.3,gnb_2,0|1|2,3,7,25,0.28,13,15,2,14.0,2,2,0,2.0,152.23456144757742,21.48532808622508,3.222222222222222,0.16666666666666696,1,3,"[[0, 1, 2]]",0.7290781116502738,0.7290781116502738,0.0,4.0,4.0,0.4000000000000001,0.4000000000000001,0.8571428571428571,0.8571428571428571
full_bundle,simu5g_00000181,10.4,gnb_1,15|31,2,7,25,0.28,15,15,0,15.0,3,3,0,3.0,120.202507841402,24.82949715912865,3.1666666666666665,0.0,1,2,"[[0, 1]]",0.8290781116502739,0.8290781116502739,0.0,4.0,4.0,0.2,0.2,0.7142857142857143,0.7142857142857143
full_bundle,simu5g_00000182,10.4,gnb_2,0|1|2,3,7,25,0.28,13,15,2,14.0,2,2,0,2.0,151.89210468266057,21.71769939693914,3.222222222222222,0.16666666666666696,1,3,"[[0, 1, 2]]",0.7290781116502738,0.7290781116502738,0.0,4.0,4.0,0.4000000000000001,0.4000000000000001,0.8571428571428571,0.8571428571428571
full_bundle,simu5g_00000183,10.5,gnb_1,15|31,2,7,25,0.28,15,15,0,15.0,3,3,0,3.0,119.90888435206213,24.692404282604173,3.1666666666666665,0.0,1,2,"[[0, 1]]",0.8290781116502739,0.8290781116502739,0.0,4.0,4.0,0.2,0.2,0.7142857142857143,0.7142857142857143
full_bundle,simu5g_00000184,10.5,gnb_2,0|1|2,3,7,25,0.28,14,15,1,14.333333333333334,2,2,0,2.0,151.54579976372437,21.946005970782153,3.222222222222222,0.16666666666666696,1,3,"[[0, 1, 2]]",0.7290781116502738,0.7290781116502738,0.0,4.0,4.0,0.4000000000000001,0.4000000000000001,0.8571428571428571,0.8571428571428571
full_bundle,simu5g_00000185,10.6,gnb_1,15|31,2,7,25,0.28,15,15,0,15.0,3,3,0,3.0,119.61464452816153,24.555913746916943,3.1666666666666665,0.0,1,2,"[[0, 1]]",0.8290781116502739,0.8290781116502739,0.0,4.0,4.0,0.2,0.2,0.7142857142857143,0.7142857142857143
full_bundle,simu5g_00000186,10.6,gnb_2,0|1|2,3,7,25,0.28,14,14,0,14.0,2,2,0,2.0,151.19431028943632,22.168721524073845,3.222222222222222,0.16666666666666696,1,3,"[[0, 1, 2]]",0.7290781116502738,0.7290781116502738,0.0,4.0,4.0,0.4000000000000001,0.4000000000000001,0.8571428571428571,0.8571428571428571
full_bundle,simu5g_00000187,10.7,gnb_1,15|31,2,7,25,0.28,13,15,2,14.0,3,3,0,3.0,119.31803844152262,24.41896256739203,3.1666666666666665,0.0,1,2,"[[0, 1]]",0.8290781116502739,0.8290781116502739,0.0,4.0,4.0,0.2,0.2,0.7142857142857143,0.7142857142857143
full_bundle,simu5g_00000188,10.7,gnb_2,0|1|2,3,7,25,0.28,14,14,0,14.0,2,2,0,2.0,150.83705103798476,22.386997883051407,3.222222222222222,0.16666666666666696,1,3,"[[0, 1, 2]]",0.7290781116502738,0.7290781116502738,0.0,4.0,4.0,0.4000000000000001,0.4000000000000001,0.8571428571428571,0.8571428571428571
full_bundle,simu5g_00000189,10.8,gnb_1,15|31,2,7,25,0.28,13,15,2,14.0,3,3,0,3.0,119.01982622546564,24.280403134742798,3.1666666666666665,0.0,1,2,"[[0, 1]]",0.8290781116502739,0.8290781116502739,0.0,4.0,4.0,0.2,0.2,0.7142857142857143,0.7142857142857143
full_bundle,simu5g_00000190,10.8,gnb_2,0|1|2,3,7,25,0.28,14,14,0,14.0,2,2,0,2.0,150.4737621355987,22.599978637592585,3.222222222222222,0.16666666666666696,1,3,"[[0, 1, 2]]",0.7290781116502738,0.7290781116502738,0.0,4.0,4.0,0.4000000000000001,0.4000000000000001,0.8571428571428571,0.8571428571428571
full_bundle,simu5g_00000191,10.9,gnb_1,15|31,2,7,25,0.28,13,15,2,14.0,3,3,0,3.0,118.71930543842386,24.13961013976771,3.1666666666666665,0.0,1,2,"[[0, 1]]",0.8290781116502739,0.8290781116502739,0.0,4.0,4.0,0.2,0.2,0.7142857142857143,0.7142857142857143
full_bundle,simu5g_00000192,10.9,gnb_2,0|1|2,3,7,25,0.28,14,14,0,14.0,2,2,0,2.0,150.10602038777296,22.808649709783253,3.222222222222222,0.16666666666666696,1,3,"[[0, 1, 2]]",0.7290781116502738,0.7290781116502738,0.0,4.0,4.0,0.4000000000000001,0.4000000000000001,0.8571428571428571,0.8571428571428571
full_bundle,simu5g_00000193,11.0,gnb_1,15|31,2,7,25,0.28,13,15,2,14.0,3,3,0,3.0,118.41795389522764,23.997371902577015,3.1666666666666665,0.0,1,2,"[[0, 1]]",0.8290781116502739,0.8290781116502739,0.0,4.0,4.0,0.2,0.2,0.7142857142857143,0.7142857142857143
full_bundle,simu5g_00000194,11.0,gnb_2,0|1|2,3,7,25,0.28,14,14,0,14.0,2,2,0,2.0,149.73326602362945,23.011332286195824,3.1666666666666665,0.0,1,3,"[[0, 1, 2]]",0.7290781116502738,0.7290781116502738,0.0,4.0,4.0,0.4000000000000001,0.4000000000000001,0.8571428571428571,0.8571428571428571
full_bundle,simu5g_00000195,11.1,gnb_1,15|31,2,7,25,0.28,13,15,2,14.0,3,3,0,3.0,118.11573312929039,23.855248633111003,3.1666666666666665,0.0,1,2,"[[0, 1]]",0.8290781116502739,0.8290781116502739,0.0,4.0,4.0,0.2,0.2,0.7142857142857143,0.7142857142857143
full_bundle,simu5g_00000196,11.1,gnb_2,0|1|2,3,7,25,0.28,14,14,0,14.0,2,2,0,2.0,149.35466771794628,23.20769943708777,3.1666666666666665,0.0,1,3,"[[0, 1, 2]]",0.7290781116502738,0.7290781116502738,0.0,4.0,4.0,0.4000000000000001,0.4000000000000001,0.8571428571428571,0.8571428571428571
full_bundle,simu5g_00000197,11.2,gnb_1,15|31,2,7,25,0.28,12,15,3,13.5,3,3,0,3.0,117.81272429411028,23.71414492795887,3.25,0.16666666666666696,1,2,"[[0, 1]]",0.8290781116502739,0.8290781116502739,0.0,4.0,4.0,0.2,0.2,0.8571428571428571,0.8571428571428571
full_bundle,simu5g_00000198,11.2,gnb_2,0|1|2,3,7,25,0.28,14,14,0,14.0,2,2,0,2.0,148.97302283475088,23.399617663854002,3.1666666666666665,0.0,1,3,"[[0, 1, 2]]",0.7290781116502738,0.7290781116502738,0.0,4.0,4.0,0.4000000000000001,0.4000000000000001,0.8571428571428571,0.8571428571428571
full_bundle,simu5g_00000199,11.3,gnb_1,15|31,2,7,25,0.28,12,15,3,13.5,3,3,0,3.0,117.50909128034922,23.57283735459815,3.25,0.16666666666666696,1,2,"[[0, 1]]",0.8290781116502739,0.8290781116502739,0.0,4.0,4.0,0.2,0.2,0.8571428571428571,0.8571428571428571
full_bundle,simu5g_00000200,11.3,gnb_2,0|1|2,3,7,25,0.28,14,14,0,14.0,2,2,0,2.0,148.58570255017375,23.587334196069435,3.1666666666666665,0.0,1,3,"[[0, 1, 2]]",0.7290781116502738,0.7290781116502738,0.0,4.0,4.0,0.4000000000000001,0.4000000000000001,0.8571428571428571,0.8571428571428571
full_bundle,simu5g_00000201,11.4,gnb_1,15|31,2,7,25,0.28,12,15,3,13.5,3,3,0,3.0,117.20331910942954,23.430617198342148,3.25,0.16666666666666696,1,2,"[[0, 1]]",0.8290781116502739,0.8290781116502739,0.0,4.0,4.0,0.2,0.2,0.8571428571428571,0.8571428571428571
full_bundle,simu5g_00000202,11.4,gnb_2,0|1|2,3,7,25,0.28,14,14,0,14.0,2,2,0,2.0,148.19424864885522,23.770034787727752,3.1666666666666665,0.0,1,3,"[[0, 1, 2]]",0.7290781116502738,0.7290781116502738,0.0,4.0,4.0,0.4000000000000001,0.4000000000000001,0.8571428571428571,0.8571428571428571
full_bundle,simu5g_00000203,11.5,gnb_1,15|31,2,7,25,0.28,12,15,3,13.5,3,3,0,3.0,116.89661096587173,23.290957630878708,3.25,0.16666666666666696,1,2,"[[0, 1]]",0.8290781116502739,0.8290781116502739,0.0,4.0,4.0,0.2,0.2,0.8571428571428571,0.8571428571428571
full_bundle,simu5g_00000204,11.5,gnb_2,0|1|2,3,7,25,0.28,14,14,0,14.0,2,2,0,2.0,147.79836480014288,23.947224459956175,3.1666666666666665,0.0,1,3,"[[0, 1, 2]]",0.7290781116502738,0.7290781116502738,0.0,4.0,4.0,0.4000000000000001,0.4000000000000001,0.8571428571428571,0.8571428571428571
full_bundle,simu5g_00000205,11.6,gnb_1,15|31,2,7,25,0.28,12,15,3,13.5,3,3,0,3.0,116.5890867409413,23.151107267369184,3.25,0.16666666666666696,1,2,"[[0, 1]]",0.8290781116502739,0.8290781116502739,0.0,4.0,4.0,0.2,0.2,0.8571428571428571,0.8571428571428571
full_bundle,simu5g_00000206,11.6,gnb_2,0|1|2,3,7,25,0.28,14,14,0,14.0,2,2,0,2.0,147.39841481767107,24.11854286623631,3.1666666666666665,0.0,1,3,"[[0, 1, 2]]",0.7290781116502738,0.7290781116502738,0.0,4.0,4.0,0.4000000000000001,0.4000000000000001,0.8571428571428571,0.8571428571428571
full_bundle,simu5g_00000207,11.7,gnb_1,15|31,2,7,25,0.28,14,15,1,14.5,3,3,0,3.0,116.2795378911207,23.011621839406104,3.1666666666666665,0.0,1,2,"[[0, 1]]",0.8290781116502739,0.8290781116502739,0.0,4.0,4.0,0.2,0.2,0.7142857142857143,0.7142857142857143
full_bundle,simu5g_00000208,11.7,gnb_2,0|1|2,3,7,25,0.28,13,14,1,13.666666666666666,2,2,0,2.0,146.99410247714084,24.28629133152748,3.1666666666666665,0.0,1,3,"[[0, 1, 2]]",0.7290781116502738,0.7290781116502738,0.0,4.0,4.0,0.4000000000000001,0.4000000000000001,0.8571428571428571,0.8571428571428571
full_bundle,simu5g_00000209,11.8,gnb_1,15|31,2,7,25,0.28,14,15,1,14.5,3,3,0,3.0,115.97035079586223,22.872019741442912,3.1666666666666665,0.0,1,2,"[[0, 1]]",0.8290781116502739,0.8290781116502739,0.0,4.0,4.0,0.2,0.2,0.7142857142857143,0.7142857142857143
full_bundle,simu5g_00000210,11.8,gnb_2,0|1|2,3,7,25,0.28,13,14,1,13.666666666666666,2,2,0,2.0,146.584874108425,24.449444783350117,3.1666666666666665,0.0,1,3,"[[0, 1, 2]]",0.7290781116502738,0.7290781116502738,0.0,4.0,4.0,0.4000000000000001,0.4000000000000001,0.8571428571428571,0.8571428571428571
full_bundle,simu5g_00000211,11.9,gnb_1,15|31,2,7,25,0.28,14,15,1,14.5,3,3,0,3.0,115.65885654577323,22.732794785751594,3.1666666666666665,0.0,1,2,"[[0, 1]]",0.8290781116502739,0.8290781116502739,0.0,4.0,4.0,0.2,0.2,0.7142857142857143,0.7142857142857143
full_bundle,simu5g_00000212,11.9,gnb_2,0|1|2,3,7,25,0.28,13,15,2,14.0,2,2,0,2.0,146.1713262077189,24.608021399357398,3.1666666666666665,0.0,1,3,"[[0, 1, 2]]",0.7290781116502738,0.7290781116502738,0.0,4.0,4.0,0.4000000000000001,0.4000000000000001,0.8571428571428571,0.8571428571428571
full_bundle,simu5g_00000213,12.0,gnb_1,15|31,2,7,25,0.28,14,15,1,14.5,3,3,0,3.0,115.34652366542937,22.595045699253617,3.1666666666666665,0.0,1,2,"[[0, 1]]",0.8290781116502739,0.8290781116502739,0.0,4.0,4.0,0.2,0.2,0.7142857142857143,0.7142857142857143
full_bundle,simu5g_00000214,12.0,gnb_2,0|1|2,3,7,25,0.28,13,15,2,14.0,2,2,0,2.0,145.7536845274285,24.761609998807472,3.1666666666666665,0.0,1,3,"[[0, 1, 2]]",0.7290781116502738,0.7290781116502738,0.0,4.0,4.0,0.4000000000000001,0.4000000000000001,0.8571428571428571,0.8571428571428571
full_bundle,simu5g_00000215,12.1,gnb_1,15|31,2,7,25,0.28,14,15,1,14.5,3,3,0,3.0,115.03192477658843,22.456938903756196,3.1666666666666665,0.0,1,2,"[[0, 1]]",0.8290781116502739,0.8290781116502739,0.0,4.0,4.0,0.2,0.2,0.7142857142857143,0.7142857142857143
full_bundle,simu5g_00000216,12.1,gnb_2,0|1|2,3,7,25,0.28,13,15,2,14.0,2,2,0,2.0,145.33144240791856,24.90966134653101,3.1666666666666665,0.0,1,3,"[[0, 1, 2]]",0.7290781116502738,0.7290781116502738,0.0,4.0,4.0,0.4000000000000001,0.4000000000000001,0.8571428571428571,0.8571428571428571
full_bundle,simu5g_00000217,12.2,gnb_1,15|31,2,7,25,0.28,14,15,1,14.5,3,3,0,3.0,114.71678761059822,22.319191059600627,3.1666666666666665,0.0,1,2,"[[0, 1]]",0.8290781116502739,0.8290781116502739,0.0,4.0,4.0,0.2,0.2,0.7142857142857143,0.7142857142857143
full_bundle,simu5g_00000218,12.2,gnb_2,0|1|2|3,4,7,25,0.28,13,15,2,14.0,1,2,1,1.75,149.92114093826913,31.75049402751023,3.2083333333333335,0.16666666666666696,1,4,"[[0, 1, 2, 3]]",0.7040781116502739,0.7040781116502739,0.0,4.0,4.0,0.45000000000000007,0.45000000000000007,0.8571428571428571,0.8571428571428571
full_bundle,simu5g_00000219,12.3,gnb_1,15|31,2,7,25,0.28,14,15,1,14.5,3,3,0,3.0,114.40094723934553,22.180955902315247,3.1666666666666665,0.0,1,2,"[[0, 1]]",0.8290781116502739,0.8290781116502739,0.0,4.0,4.0,0.2,0.2,0.7142857142857143,0.7142857142857143
full_bundle,simu5g_00000220,12.3,gnb_2,0|1|2|3,4,7,25,0.28,13,15,2,14.0,2,2,0,2.0,149.58780830926713,32.17393179581629,3.2083333333333335,0.16666666666666696,1,4,"[[0, 1, 2, 3]]",0.7290781116502738,0.7290781116502738,0.0,4.0,4.0,0.4,0.4,0.8571428571428571,0.8571428571428571
full_bundle,simu5g_00000221,12.4,gnb_1,15|31,2,7,25,0.28,14,15,1,14.5,3,3,0,3.0,114.08514507726139,22.041883027031275,3.1666666666666665,0.0,1,2,"[[0, 1]]",0.8290781116502739,0.8290781116502739,0.0,4.0,4.0,0.2,0.2,0.7142857142857143,0.7142857142857143
full_bundle,simu5g_00000222,12.4,gnb_2,0|1|2|3,4,7,25,0.28,13,15,2,14.0,2,2,0,2.0,149.25018698806764,32.59146719367183,3.2083333333333335,0.16666666666666696,1,4,"[[0, 1, 2, 3]]",0.7290781116502738,0.7290781116502738,0.0,4.0,4.0,0.4,0.4,0.8571428571428571,0.8571428571428571
full_bundle,simu5g_00000223,12.5,gnb_1,15|31,2,7,25,0.28,14,15,1,14.5,3,3,0,3.0,113.770269699966,21.903837369980295,3.1666666666666665,0.0,1,2,"[[0, 1]]",0.8290781116502739,0.8290781116502739,0.0,4.0,4.0,0.2,0.2,0.7142857142857143,0.7142857142857143
full_bundle,simu5g_00000224,12.5,gnb_2,0|1|2|3,4,7,25,0.28,13,15,2,14.0,2,2,0,2.0,148.90909589228454,33.00330634449347,3.2083333333333335,0.16666666666666696,1,4,"[[0, 1, 2, 3]]",0.7290781116502738,0.7290781116502738,0.0,4.0,4.0,0.4,0.4,0.8571428571428571,0.8571428571428571
full_bundle,simu5g_00000225,12.6,gnb_1,15|31,2,7,25,0.28,15,15,0,15.0,3,3,0,3.0,113.45466811552447,21.769167914535316,3.1666666666666665,0.0,1,2,"[[0, 1]]",0.8290781116502739,0.8290781116502739,0.0,4.0,4.0,0.2,0.2,0.7142857142857143,0.7142857142857143
full_bundle,simu5g_00000226,12.6,gnb_2,0|1|2|3,4,7,25,0.28,13,15,2,13.75,2,2,0,2.0,148.56387850127928,33.41060340998868,3.2083333333333335,0.16666666666666696,1,4,"[[0, 1, 2, 3]]",0.7290781116502738,0.7290781116502738,0.0,4.0,4.0,0.4,0.4,0.8571428571428571,0.8571428571428571
full_bundle,simu5g_00000227,12.7,gnb_1,15|31,2,7,25,0.28,14,15,1,14.5,3,3,0,3.0,113.13835344022924,21.636374819710795,3.1666666666666665,0.0,1,2,"[[0, 1]]",0.8290781116502739,0.8290781116502739,0.0,4.0,4.0,0.2,0.2,0.7142857142857143,0.7142857142857143
full_bundle,simu5g_00000228,12.7,gnb_2,0|1|2|3,4,7,25,0.28,13,15,2,14.0,2,2,0,2.0,148.21434886734642,33.81257831465271,3.2083333333333335,0.16666666666666696,1,4,"[[0, 1, 2, 3]]",0.7290781116502738,0.7290781116502738,0.0,4.0,4.0,0.4,0.4,0.8571428571428571,0.8571428571428571
full_bundle,simu5g_00000229,12.8,gnb_1,15|31,2,7,25,0.28,14,15,1,14.5,3,3,0,3.0,112.82188056775345,21.504075548633054,3.1666666666666665,0.0,1,2,"[[0, 1]]",0.8290781116502739,0.8290781116502739,0.0,4.0,4.0,0.2,0.2,0.7142857142857143,0.7142857142857143
full_bundle,simu5g_00000230,12.8,gnb_2,0|1|2|3,4,7,25,0.28,13,15,2,14.0,2,2,0,2.0,147.8599432707595,34.211469575407136,3.2083333333333335,0.16666666666666696,1,4,"[[0, 1, 2, 3]]",0.7290781116502738,0.7290781116502738,0.0,4.0,4.0,0.4,0.4,0.8571428571428571,0.8571428571428571
full_bundle,simu5g_00000231,12.9,gnb_1,15|31,2,7,25,0.28,14,15,1,14.5,3,3,0,3.0,112.50604545929025,21.37357887430167,3.1666666666666665,0.0,1,2,"[[0, 1]]",0.8290781116502739,0.8290781116502739,0.0,4.0,4.0,0.2,0.2,0.7142857142857143,0.7142857142857143
full_bundle,simu5g_00000232,12.9,gnb_2,0|1|2|3,4,7,25,0.28,13,15,2,14.0,2,2,0,2.0,147.5022548858272,34.60586644167168,3.2083333333333335,0.16666666666666696,1,4,"[[0, 1, 2, 3]]",0.7290781116502738,0.7290781116502738,0.0,4.0,4.0,0.4,0.4,0.8571428571428571,0.8571428571428571
full_bundle,simu5g_00000233,13.0,gnb_1,15|31,2,7,25,0.28,14,15,1,14.5,3,3,0,3.0,112.18891867166002,21.243024014899476,3.1666666666666665,0.0,1,2,"[[0, 1]]",0.8290781116502739,0.8290781116502739,0.0,4.0,4.0,0.2,0.2,0.7142857142857143,0.7142857142857143
full_bundle,simu5g_00000234,13.0,gnb_2,0|1|2|3,4,7,25,0.28,13,15,2,14.0,2,2,0,2.0,147.13944538036063,34.996352309994336,3.2083333333333335,0.16666666666666696,1,4,"[[0, 1, 2, 3]]",0.7290781116502738,0.7290781116502738,0.0,4.0,4.0,0.4,0.4,0.8571428571428571,0.8571428571428571
full_bundle,simu5g_00000235,13.1,gnb_1,15|31,2,7,25,0.28,13,15,2,14.0,3,3,0,3.0,111.87183297638852,21.1133604659168,3.1666666666666665,0.0,1,2,"[[0, 1]]",0.8290781116502739,0.8290781116502739,0.0,4.0,4.0,0.2,0.2,0.7142857142857143,0.7142857142857143
full_bundle,simu5g_00000236,13.1,gnb_2,0|1|2|3,4,7,25,0.28,13,15,2,14.0,2,2,0,2.0,146.77277229546658,35.38145245770784,3.2083333333333335,0.16666666666666696,1,4,"[[0, 1, 2, 3]]",0.7290781116502738,0.7290781116502738,0.0,4.0,4.0,0.4,0.4,0.8571428571428571,0.8571428571428571
full_bundle,simu5g_00000237,13.2,gnb_1,15|31,2,7,25,0.28,13,15,2,14.0,3,3,0,3.0,111.5555826117905,20.984803154799863,3.1666666666666665,0.0,1,2,"[[0, 1]]",0.8290781116502739,0.8290781116502739,0.0,4.0,4.0,0.2,0.2,0.7142857142857143,0.7142857142857143
full_bundle,simu5g_00000238,13.2,gnb_2,0|1|2|3,4,7,25,0.28,13,15,2,14.0,2,2,0,2.0,146.4025404714356,35.76430465972118,3.2083333333333335,0.16666666666666696,1,4,"[[0, 1, 2, 3]]",0.7290781116502738,0.7290781116502738,0.0,4.0,4.0,0.4,0.4,0.8571428571428571,0.8571428571428571
full_bundle,simu5g_00000239,13.3,gnb_1,15|31,2,7,25,0.28,13,15,2,14.0,3,3,0,3.0,111.23882115241338,20.86013631806732,3.1666666666666665,0.0,1,2,"[[0, 1]]",0.8290781116502739,0.8290781116502739,0.0,4.0,4.0,0.2,0.2,0.7142857142857143,0.7142857142857143
full_bundle,simu5g_00000240,13.3,gnb_2,0|1|2|3,4,7,25,0.28,13,15,2,14.25,2,2,0,2.0,146.02872577144075,36.14334072767389,3.2083333333333335,0.16666666666666696,1,4,"[[0, 1, 2, 3]]",0.7290781116502738,0.7290781116502738,0.0,4.0,4.0,0.4,0.4,0.8571428571428571,0.8571428571428571
full_bundle,simu5g_00000241,13.4,gnb_1,15|31,2,7,25,0.28,13,15,2,14.0,3,3,0,3.0,110.92153945056384,20.737567485735028,3.1666666666666665,0.0,1,2,"[[0, 1]]",0.8290781116502739,0.8290781116502739,0.0,4.0,4.0,0.2,0.2,0.7142857142857143,0.7142857142857143
full_bundle,simu5g_00000242,13.4,gnb_2,0|1|2|3,4,7,25,0.28,13,15,2,14.25,2,2,0,2.0,145.65092142461154,36.51866522222146,3.2083333333333335,0.16666666666666696,1,4,"[[0, 1, 2, 3]]",0.7290781116502738,0.7290781116502738,0.0,4.0,4.0,0.4,0.4,0.8571428571428571,0.8571428571428571
full_bundle,simu5g_00000243,13.5,gnb_1,15|31,2,7,25,0.28,12,15,3,13.5,3,3,0,3.0,110.60458898945947,20.61540768287955,3.25,0.16666666666666696,1,2,"[[0, 1]]",0.8290781116502739,0.8290781116502739,0.0,4.0,4.0,0.2,0.2,0.8571428571428571,0.8571428571428571
full_bundle,simu5g_00000244,13.5,gnb_2,0|1|2|3,4,7,25,0.28,13,15,2,14.25,2,2,0,2.0,145.26884130619067,36.88814509441086,3.2083333333333335,0.16666666666666696,1,4,"[[0, 1, 2, 3]]",0.7290781116502738,0.7290781116502738,0.0,4.0,4.0,0.4,0.4,0.8571428571428571,0.8571428571428571
full_bundle,simu5g_00000245,13.6,gnb_1,15|31,2,7,25,0.28,12,15,3,13.5,3,3,0,3.0,110.28704163811364,20.49428826383304,3.25,0.16666666666666696,1,2,"[[0, 1]]",0.8290781116502739,0.8290781116502739,0.0,4.0,4.0,0.2,0.2,0.8571428571428571,0.8571428571428571
full_bundle,simu5g_00000246,13.6,gnb_2,0|1|2|3,4,7,25,0.28,13,15,2,14.25,2,2,0,2.0,144.8828110997922,37.252561806039935,3.2083333333333335,0.16666666666666696,1,4,"[[0, 1, 2, 3]]",0.7290781116502738,0.7290781116502738,0.0,4.0,4.0,0.4,0.4,0.8571428571428571,0.8571428571428571
full_bundle,simu5g_00000247,13.7,gnb_1,15|31,2,7,25,0.28,12,15,3,13.5,3,3,0,3.0,109.96976070210792,20.37827775003558,3.25,0.16666666666666696,1,2,"[[0, 1]]",0.8290781116502739,0.8290781116502739,0.0,4.0,4.0,0.2,0.2,0.8571428571428571,0.8571428571428571
full_bundle,simu5g_00000248,13.7,gnb_2,0|1|2|3,4,7,25,0.28,12,15,3,14.0,2,2,0,2.0,144.4923713517447,37.61071061355425,3.25,0.3333333333333335,1,4,"[[0, 1, 2, 3]]",0.7290781116502738,0.7290781116502738,0.0,4.0,4.0,0.4,0.4,0.8571428571428571,0.8571428571428571
full_bundle,simu5g_00000249,13.8,gnb_1,15|31,2,7,25,0.28,12,15,3,13.5,3,3,0,3.0,109.65366784346833,20.264944331126074,3.25,0.16666666666666696,1,2,"[[0, 1]]",0.8290781116502739,0.8290781116502739,0.0,4.0,4.0,0.2,0.2,0.8571428571428571,0.8571428571428571
full_bundle,simu5g_00000250,13.8,gnb_2,0|1|2|3,4,7,25,0.28,12,15,3,14.0,2,2,0,2.0,144.0979415873112,37.964323665830676,3.25,0.3333333333333335,1,4,"[[0, 1, 2, 3]]",0.7290781116502738,0.7290781116502738,0.0,4.0,4.0,0.4,0.4,0.8571428571428571,0.8571428571428571
full_bundle,simu5g_00000251,13.9,gnb_1,15|31,2,7,25,0.28,14,15,1,14.5,3,3,0,3.0,109.33841339952048,20.15217725291616,3.1666666666666665,0.0,1,2,"[[0, 1]]",0.8290781116502739,0.8290781116502739,0.0,4.0,4.0,0.2,0.2,0.7142857142857143,0.7142857142857143
full_bundle,simu5g_00000252,13.9,gnb_2,0|1|2|3,4,7,25,0.28,12,15,3,14.0,2,2,0,2.0,143.69990728354006,38.31228477848492,3.25,0.3333333333333335,1,4,"[[0, 1, 2, 3]]",0.7290781116502738,0.7290781116502738,0.0,4.0,4.0,0.4,0.4,0.8571428571428571,0.8571428571428571
full_bundle,simu5g_00000253,14.0,gnb_1,15|31,2,7,25,0.28,14,15,1,14.5,3,3,0,3.0,109.02462141363475,20.041918494063637,3.1666666666666665,0.0,1,2,"[[0, 1]]",0.8290781116502739,0.8290781116502739,0.0,4.0,4.0,0.2,0.2,0.7142857142857143,0.7142857142857143
full_bundle,simu5g_00000254,14.0,gnb_2,0|1|2|3,4,7,25,0.28,12,15,3,13.75,2,2,0,2.0,143.2978394369157,38.65418343960323,3.2916666666666665,0.3333333333333335,1,4,"[[0, 1, 2, 3]]",0.7290781116502738,0.7290781116502738,0.0,4.0,4.0,0.4,0.4,0.8571428571428571,0.8571428571428571
full_bundle,simu5g_00000255,14.1,gnb_1,15|31,2,7,25,0.28,14,15,1,14.5,3,3,0,3.0,108.71056895081882,19.933464625014665,3.1666666666666665,0.0,1,2,"[[0, 1]]",0.8290781116502739,0.8290781116502739,0.0,4.0,4.0,0.2,0.2,0.7142857142857143,0.7142857142857143
full_bundle,simu5g_00000256,14.1,gnb_2,0|1|2|3,4,7,25,0.28,12,15,3,13.75,2,2,0,2.0,142.8927836015367,38.98983118818491,3.2916666666666665,0.3333333333333335,1,4,"[[0, 1, 2, 3]]",0.7290781116502738,0.7290781116502738,0.0,4.0,4.0,0.4,0.4,0.8571428571428571,0.8571428571428571
full_bundle,simu5g_00000257,14.2,gnb_1,15|31,2,7,25,0.28,14,15,1,14.5,3,3,0,3.0,108.39850456103005,19.82740851411151,3.1666666666666665,0.0,1,2,"[[0, 1]]",0.8290781116502739,0.8290781116502739,0.0,4.0,4.0,0.2,0.2,0.7142857142857143,0.7142857142857143
full_bundle,simu5g_00000258,14.2,gnb_2,0|1|2|3,4,7,25,0.28,12,15,3,13.75,2,2,0,2.0,142.4833573883866,39.320059954197106,3.2916666666666665,0.3333333333333335,1,4,"[[0, 1, 2, 3]]",0.7290781116502738,0.7290781116502738,0.0,4.0,4.0,0.4,0.4,0.8571428571428571,0.8571428571428571
full_bundle,simu5g_00000259,14.3,gnb_1,15|31,2,7,25,0.28,14,15,1,14.5,3,3,0,3.0,108.0878020585328,19.72515036156625,3.1666666666666665,0.0,1,2,"[[0, 1]]",0.8290781116502739,0.8290781116502739,0.0,4.0,4.0,0.2,0.2,0.7142857142857143,0.7142857142857143
full_bundle,simu5g_00000260,14.3,gnb_2,0|1|2|3,4,7,25,0.28,12,15,3,13.75,2,2,0,2.0,142.07053203789587,39.64800781260955,3.2916666666666665,0.3333333333333335,1,4,"[[0, 1, 2, 3]]",0.7290781116502738,0.7290781116502738,0.0,4.0,4.0,0.4,0.4,0.8571428571428571,0.8571428571428571
full_bundle,simu5g_00000261,14.4,gnb_1,15|31,2,7,25,0.28,14,15,1,14.5,3,3,0,3.0,107.77736099527868,19.624356321070294,3.1666666666666665,0.0,1,2,"[[0, 1]]",0.8290781116502739,0.8290781116502739,0.0,4.0,4.0,0.2,0.2,0.7142857142857143,0.7142857142857143
full_bundle,simu5g_00000262,14.4,gnb_2,0|1|2|3,4,7,25,0.28,12,15,3,13.75,2,2,0,2.0,141.65446883043876,39.97247340568984,3.2916666666666665,0.3333333333333335,1,4,"[[0, 1, 2, 3]]",0.7290781116502738,0.7290781116502738,0.0,4.0,4.0,0.4,0.4,0.8571428571428571,0.8571428571428571
full_bundle,simu5g_00000263,14.5,gnb_1,15|31,2,7,25,0.28,14,15,1,14.5,3,3,0,3.0,107.46806461256625,19.523447562519905,3.1666666666666665,0.0,1,2,"[[0, 1]]",0.8290781116502739,0.8290781116502739,0.0,4.0,4.0,0.2,0.2,0.7142857142857143,0.7142857142857143
full_bundle,simu5g_00000264,14.5,gnb_2,0|1|2|3,4,7,25,0.28,12,15,3,14.0,2,2,0,2.0,141.2349383755746,40.29077352000458,3.25,0.3333333333333335,1,4,"[[0, 1, 2, 3]]",0.7290781116502738,0.7290781116502738,0.0,4.0,4.0,0.4,0.4,0.8571428571428571,0.8571428571428571
full_bundle,simu5g_00000265,14.6,gnb_1,15|31,2,7,25,0.28,14,15,1,14.5,3,3,0,3.0,107.16037698516622,19.42321775659272,3.1666666666666665,0.0,1,2,"[[0, 1]]",0.8290781116502739,0.8290781116502739,0.0,4.0,4.0,0.2,0.2,0.7142857142857143,0.7142857142857143
full_bundle,simu5g_00000266,14.6,gnb_2,0|1|2|3,4,7,25,0.28,12,15,3,14.0,2,2,0,2.0,140.81151097912286,40.60326010999833,3.25,0.3333333333333335,1,4,"[[0, 1, 2, 3]]",0.7290781116502738,0.7290781116502738,0.0,4.0,4.0,0.4,0.4,0.8571428571428571,0.8571428571428571
full_bundle,simu5g_00000267,14.7,gnb_1,15|31,2,7,25,0.28,14,15,1,14.5,3,3,0,3.0,106.85348938509829,19.32459322625067,3.1666666666666665,0.0,1,2,"[[0, 1]]",0.8290781116502739,0.8290781116502739,0.0,4.0,4.0,0.2,0.2,0.7142857142857143,0.7142857142857143
full_bundle,simu5g_00000268,14.7,gnb_2,0|1|2|3,4,7,25,0.28,12,15,3,14.0,2,2,0,2.0,140.38509200062379,40.907958452674535,3.25,0.3333333333333335,1,4,"[[0, 1, 2, 3]]",0.7290781116502738,0.7290781116502738,0.0,4.0,4.0,0.4,0.4,0.8571428571428571,0.8571428571428571
full_bundle,simu5g_00000269,14.8,gnb_1,15|31,2,7,25,0.28,14,15,1,14.5,3,3,0,3.0,106.54885497557848,19.228798254867982,3.1666666666666665,0.0,1,2,"[[0, 1]]",0.8290781116502739,0.8290781116502739,0.0,4.0,4.0,0.2,0.2,0.7142857142857143,0.7142857142857143
full_bundle,simu5g_00000270,14.8,gnb_2,0|1|2|3,4,7,25,0.28,12,15,3,14.0,2,2,0,2.0,139.95508149581735,41.20904796322374,3.25,0.3333333333333335,1,4,"[[0, 1, 2, 3]]",0.7290781116502738,0.7290781116502738,0.0,4.0,4.0,0.4,0.4,0.8571428571428571,0.8571428571428571
full_bundle,simu5g_00000271,14.9,gnb_1,15|31,2,7,25,0.28,14,15,1,14.5,3,3,0,3.0,106.2463576462992,19.134778318728962,3.1666666666666665,0.0,1,2,"[[0, 1]]",0.8290781116502739,0.8290781116502739,0.0,4.0,4.0,0.2,0.2,0.7142857142857143,0.7142857142857143
full_bundle,simu5g_00000272,14.9,gnb_2,0|1|2|3,4,7,25,0.28,12,15,3,13.75,2,2,0,2.0,139.52252229181428,41.50799481325325,3.25,0.3333333333333335,1,4,"[[0, 1, 2, 3]]",0.7290781116502738,0.7290781116502738,0.0,4.0,4.0,0.4,0.4,0.8571428571428571,0.8571428571428571
full_bundle,simu5g_00000273,15.0,gnb_1,15|31,2,7,25,0.28,14,15,1,14.5,3,3,0,3.0,105.94476482257477,19.044665781555253,3.1666666666666665,0.0,1,2,"[[0, 1]]",0.8290781116502739,0.8290781116502739,0.0,4.0,4.0,0.2,0.2,0.7142857142857143,0.7142857142857143
full_bundle,simu5g_00000274,15.0,gnb_2,0|1|2|3,4,7,25,0.28,12,14,2,13.25,2,2,0,2.0,139.08608007148007,41.80335272311392,3.2916666666666665,0.3333333333333335,1,4,"[[0, 1, 2, 3]]",0.7290781116502738,0.7290781116502738,0.0,4.0,4.0,0.4,0.4,0.8571428571428571,0.8571428571428571
full_bundle,simu5g_00000275,15.1,gnb_1,15|31,2,7,25,0.28,14,15,1,14.5,3,3,0,3.0,105.64413147260385,18.95698969541897,3.1666666666666665,0.0,1,2,"[[0, 1]]",0.8290781116502739,0.8290781116502739,0.0,4.0,4.0,0.2,0.2,0.7142857142857143,0.7142857142857143
full_bundle,simu5g_00000276,15.1,gnb_2,0|1|2|3,4,7,25,0.28,12,14,2,13.25,2,2,0,2.0,138.64725284945337,42.09195289682617,3.2916666666666665,0.3333333333333335,1,4,"[[0, 1, 2, 3]]",0.7290781116502738,0.7290781116502738,0.0,4.0,4.0,0.4,0.4,0.8571428571428571,0.8571428571428571
full_bundle,simu5g_00000277,15.2,gnb_1,15|31,2,7,25,0.28,14,15,1,14.5,3,3,0,3.0,105.34460328857345,18.873722206511047,3.1666666666666665,0.0,1,2,"[[0, 1]]",0.8290781116502739,0.8290781116502739,0.0,4.0,4.0,0.2,0.2,0.7142857142857143,0.7142857142857143
full_bundle,simu5g_00000278,15.2,gnb_2,0|1|2|3,4,7,25,0.28,12,14,2,13.25,2,2,0,2.0,138.2055109099118,42.371232790786564,3.2916666666666665,0.3333333333333335,1,4,"[[0, 1, 2, 3]]",0.7290781116502738,0.7290781116502738,0.0,4.0,4.0,0.4,0.4,0.8571428571428571,0.8571428571428571
full_bundle,simu5g_00000279,15.3,gnb_1,15|31,2,7,25,0.28,14,15,1,14.5,3,3,0,3.0,105.04754282616426,18.79434221351876,3.1666666666666665,0.0,1,2,"[[0, 1]]",0.8290781116502739,0.8290781116502739,0.0,4.0,4.0,0.2,0.2,0.7142857142857143,0.7142857142857143
full_bundle,simu5g_00000280,15.3,gnb_2,0|1|2|3,4,7,25,0.28,12,15,3,13.5,2,2,0,2.0,137.76122311520496,42.64237148611541,3.2916666666666665,0.3333333333333335,1,4,"[[0, 1, 2, 3]]",0.7290781116502738,0.7290781116502738,0.0,4.0,4.0,0.4,0.4,0.8571428571428571,0.8571428571428571
full_bundle,simu5g_00000281,15.4,gnb_1,15|31,2,7,25,0.28,14,15,1,14.5,3,3,0,3.0,104.75285673406397,18.720133573420725,3.1666666666666665,0.0,1,2,"[[0, 1]]",0.8290781116502739,0.8290781116502739,0.0,4.0,4.0,0.2,0.2,0.7142857142857143,0.7142857142857143
full_bundle,simu5g_00000282,15.4,gnb_2,0|1|2|3,4,7,25,0.28,12,15,3,13.5,2,2,0,2.0,137.31361376046272,42.90510409968296,3.2916666666666665,0.3333333333333335,1,4,"[[0, 1, 2, 3]]",0.7290781116502738,0.7290781116502738,0.0,4.0,4.0,0.4,0.4,0.8571428571428571,0.8571428571428571
full_bundle,simu5g_00000283,15.5,gnb_1,15|31,2,7,25,0.28,14,15,1,14.5,3,3,0,3.0,104.46094338754904,18.648326130854443,3.1666666666666665,0.0,1,2,"[[0, 1]]",0.8290781116502739,0.8290781116502739,0.0,4.0,4.0,0.2,0.2,0.7142857142857143,0.7142857142857143
full_bundle,simu5g_00000284,15.5,gnb_2,0|1|2|3,4,7,25,0.28,12,15,3,13.25,2,2,0,2.0,136.8630755664485,43.16230916066594,3.2916666666666665,0.3333333333333335,1,4,"[[0, 1, 2, 3]]",0.7290781116502738,0.7290781116502738,0.0,4.0,4.0,0.4,0.4,0.8571428571428571,0.8571428571428571
full_bundle,simu5g_00000285,15.6,gnb_1,15|31,2,7,25,0.28,14,15,1,14.5,3,3,0,3.0,104.1709389243805,18.57953580466325,3.1666666666666665,0.0,1,2,"[[0, 1]]",0.8290781116502739,0.8290781116502739,0.0,4.0,4.0,0.2,0.2,0.7142857142857143,0.7142857142857143
full_bundle,simu5g_00000286,15.6,gnb_2,0|1|2|3,4,7,25,0.28,12,15,3,13.25,2,2,0,2.0,136.40968715205884,43.41651525721137,3.2916666666666665,0.3333333333333335,1,4,"[[0, 1, 2, 3]]",0.7290781116502738,0.7290781116502738,0.0,4.0,4.0,0.4,0.4,0.8571428571428571,0.8571428571428571
full_bundle,simu5g_00000287,15.7,gnb_1,15|31,2,7,25,0.28,15,15,0,15.0,3,3,0,3.0,103.883279696519,18.51648604271257,3.1666666666666665,0.0,1,2,"[[0, 1]]",0.8290781116502739,0.8290781116502739,0.0,4.0,4.0,0.2,0.2,0.7142857142857143,0.7142857142857143
full_bundle,simu5g_00000288,15.7,gnb_2,0|1|2|3,4,7,25,0.28,12,15,3,13.5,2,2,0,2.0,135.9529945875797,43.663361945293005,3.2916666666666665,0.3333333333333335,1,4,"[[0, 1, 2, 3]]",0.7290781116502738,0.7290781116502738,0.0,4.0,4.0,0.4,0.4,0.8571428571428571,0.8571428571428571
full_bundle,simu5g_00000289,15.8,gnb_1,15|31,2,7,25,0.28,15,15,0,15.0,3,3,0,3.0,103.59882825000854,18.457767756405303,3.1666666666666665,0.0,1,2,"[[0, 1]]",0.8290781116502739,0.8290781116502739,0.0,4.0,4.0,0.2,0.2,0.7142857142857143,0.7142857142857143
full_bundle,simu5g_00000290,15.8,gnb_2,0|1|2|3,4,7,25,0.28,12,15,3,13.5,2,2,0,2.0,135.49374459510167,43.906433203625994,3.2916666666666665,0.3333333333333335,1,4,"[[0, 1, 2, 3]]",0.7290781116502738,0.7290781116502738,0.0,4.0,4.0,0.4,0.4,0.8571428571428571,0.8571428571428571
full_bundle,simu5g_00000291,15.9,gnb_1,15|31,2,7,25,0.28,14,15,1,14.5,3,3,0,3.0,103.31780838853254,18.402831210673085,3.1666666666666665,0.0,1,2,"[[0, 1]]",0.8290781116502739,0.8290781116502739,0.0,4.0,4.0,0.2,0.2,0.7142857142857143,0.7142857142857143
full_bundle,simu5g_00000292,15.9,gnb_2,0|1|2|3,4,7,25,0.28,12,15,3,14.0,2,2,0,2.0,135.03164925728433,44.14081883124898,3.208333333333333,0.16666666666666696,1,4,"[[0, 1, 2, 3]]",0.7290781116502738,0.7290781116502738,0.0,4.0,4.0,0.4,0.4,0.8571428571428571,0.8571428571428571
full_bundle,simu5g_00000293,16.0,gnb_1,1|15|31,3,7,25,0.28,14,15,1,14.333333333333334,2,3,1,2.6666666666666665,109.89959042854055,29.75772318511892,3.1666666666666665,0.0,1,3,"[[0, 1, 2]]",0.7957447783169406,0.7957447783169406,0.0,4.0,4.0,0.26666666666666666,0.26666666666666666,0.7142857142857143,0.7142857142857143
full_bundle,simu5g_00000294,16.0,gnb_2,0|2|3,3,7,25,0.28,14,15,1,14.333333333333334,2,2,0,2.0,138.2154591686118,44.36743368783684,3.1666666666666665,0.0,1,3,"[[0, 1, 2]]",0.7290781116502738,0.7290781116502738,0.0,4.0,4.0,0.4000000000000001,0.4000000000000001,0.8571428571428571,0.8571428571428571
full_bundle,simu5g_00000295,16.1,gnb_1,1|15|31,3,7,25,0.28,14,15,1,14.333333333333334,2,2,0,2.0,109.5364261217005,29.47300817218347,3.1666666666666665,0.0,1,3,"[[0, 1, 2]]",0.7290781116502738,0.7290781116502738,0.0,4.0,4.0,0.4000000000000001,0.4000000000000001,0.7142857142857143,0.7142857142857143
full_bundle,simu5g_00000296,16.1,gnb_2,0|2|3,3,7,25,0.28,14,14,0,14.0,2,2,0,2.0,137.7718009620378,44.58952587820734,3.1666666666666665,0.0,1,3,"[[0, 1, 2]]",0.7290781116502738,0.7290781116502738,0.0,4.0,4.0,0.4000000000000001,0.4000000000000001,0.8571428571428571,0.8571428571428571
full_bundle,simu5g_00000297,16.2,gnb_1,1|15|31,3,7,25,0.28,14,15,1,14.333333333333334,2,2,0,2.0,109.17571407507491,29.18558724193896,3.1666666666666665,0.0,1,3,"[[0, 1, 2]]",0.7290781116502738,0.7290781116502738,0.0,4.0,4.0,0.4000000000000001,0.4000000000000001,0.7142857142857143,0.7142857142857143
full_bundle,simu5g_00000298,16.2,gnb_2,0|2|3,3,7,25,0.28,14,14,0,14.0,2,2,0,2.0,137.32586291574398,44.80555628434408,3.1666666666666665,0.0,1,3,"[[0, 1, 2]]",0.7290781116502738,0.7290781116502738,0.0,4.0,4.0,0.4000000000000001,0.4000000000000001,0.8571428571428571,0.8571428571428571
full_bundle,simu5g_00000299,16.3,gnb_1,1|15|31,3,7,25,0.28,14,15,1,14.333333333333334,2,2,0,2.0,108.8173199870382,28.897486901666284,3.1666666666666665,0.0,1,3,"[[0, 1, 2]]",0.7290781116502738,0.7290781116502738,0.0,4.0,4.0,0.4000000000000001,0.4000000000000001,0.7142857142857143,0.7142857142857143
full_bundle,simu5g_00000300,16.3,gnb_2,0|2|3,3,7,25,0.28,14,14,0,14.0,2,2,0,2.0,136.87701416593657,45.01493023595651,3.1666666666666665,0.0,1,3,"[[0, 1, 2]]",0.7290781116502738,0.7290781116502738,0.0,4.0,4.0,0.4000000000000001,0.4000000000000001,0.8571428571428571,0.8571428571428571
full_bundle,simu5g_00000301,16.4,gnb_1,1|15|31,3,7,25,0.28,13,15,2,14.0,2,2,0,2.0,108.46232177459187,28.609121615093713,3.222222222222222,0.16666666666666696,1,3,"[[0, 1, 2]]",0.7290781116502738,0.7290781116502738,0.0,4.0,4.0,0.4000000000000001,0.4000000000000001,0.8571428571428571,0.8571428571428571
full_bundle,simu5g_00000302,16.4,gnb_2,0|2|3,3,7,25,0.28,13,14,1,13.666666666666666,2,2,0,2.0,136.42415027203677,45.21475689174517,3.222222222222222,0.16666666666666696,1,3,"[[0, 1, 2]]",0.7290781116502738,0.7290781116502738,0.0,4.0,4.0,0.4000000000000001,0.4000000000000001,0.8571428571428571,0.8571428571428571
full_bundle,simu5g_00000303,16.5,gnb_1,1|15|31,3,7,25,0.28,13,15,2,14.0,2,2,0,2.0,108.10977408137224,28.31938130751962,3.222222222222222,0.16666666666666696,1,3,"[[0, 1, 2]]",0.7290781116502738,0.7290781116502738,0.0,4.0,4.0,0.4000000000000001,0.4000000000000001,0.8571428571428571,0.8571428571428571
full_bundle,simu5g_00000304,16.5,gnb_2,0|2|3,3,7,25,0.28,13,14,1,13.666666666666666,2,2,0,2.0,135.96781151844837,45.405152975999115,3.222222222222222,0.16666666666666696,1,3,"[[0, 1, 2]]",0.7290781116502738,0.7290781116502738,0.0,4.0,4.0,0.4000000000000001,0.4000000000000001,0.8571428571428571,0.8571428571428571
full_bundle,simu5g_00000305,16.6,gnb_1,1|15|31,3,7,25,0.28,13,15,2,14.333333333333334,2,2,0,2.0,107.75982482956749,28.030901020818177,3.222222222222222,0.16666666666666696,1,3,"[[0, 1, 2]]",0.7290781116502738,0.7290781116502738,0.0,4.0,4.0,0.4000000000000001,0.4000000000000001,0.8571428571428571,0.8571428571428571
full_bundle,simu5g_00000306,16.6,gnb_2,0|2|3|4,4,7,25,0.28,11,14,3,13.0,1,2,1,1.75,142.67201198128907,52.63311187622375,3.2916666666666665,0.3333333333333335,1,4,"[[0, 1, 2, 3]]",0.7040781116502739,0.7040781116502739,0.0,4.0,4.0,0.45000000000000007,0.45000000000000007,0.8571428571428571,0.8571428571428571
full_bundle,simu5g_00000307,16.7,gnb_1,1|15|31,3,7,25,0.28,13,15,2,14.333333333333334,2,2,0,2.0,107.41330241113512,27.742036684005797,3.222222222222222,0.16666666666666696,1,3,"[[0, 1, 2]]",0.7290781116502738,0.7290781116502738,0.0,4.0,4.0,0.4000000000000001,0.4000000000000001,0.8571428571428571,0.8571428571428571
full_bundle,simu5g_00000308,16.7,gnb_2,0|2|3|4,4,7,25,0.28,11,14,3,13.0,1,2,1,1.75,142.31651743720124,53.08568145436692,3.2916666666666665,0.3333333333333335,1,4,"[[0, 1, 2, 3]]",0.7040781116502739,0.7040781116502739,0.0,4.0,4.0,0.45000000000000007,0.45000000000000007,0.8571428571428571,0.8571428571428571
full_bundle,simu5g_00000309,16.8,gnb_1,1|15|31,3,7,25,0.28,13,15,2,14.333333333333334,2,2,0,2.0,107.06802954056015,27.44822460248129,3.222222222222222,0.16666666666666696,1,3,"[[0, 1, 2]]",0.7290781116502738,0.7290781116502738,0.0,4.0,4.0,0.4000000000000001,0.4000000000000001,0.8571428571428571,0.8571428571428571
full_bundle,simu5g_00000310,16.8,gnb_2,0|2|3|4,4,7,25,0.28,11,14,3,13.25,1,2,1,1.75,141.9572717039796,53.531144356604514,3.25,0.3333333333333335,1,4,"[[0, 1, 2, 3]]",0.7040781116502739,0.7040781116502739,0.0,4.0,4.0,0.45000000000000007,0.45000000000000007,0.8571428571428571,0.8571428571428571
full_bundle,simu5g_00000311,16.9,gnb_1,1|15|31,3,7,25,0.28,13,15,2,14.333333333333334,2,2,0,2.0,106.72596094713852,27.15662199036838,3.222222222222222,0.16666666666666696,1,3,"[[0, 1, 2]]",0.7290781116502738,0.7290781116502738,0.0,4.0,4.0,0.4000000000000001,0.4000000000000001,0.8571428571428571,0.8571428571428571
full_bundle,simu5g_00000312,16.9,gnb_2,0|2|3|4,4,7,25,0.28,11,14,3,13.25,1,2,1,1.75,141.59524515758906,53.966286350173235,3.25,0.3333333333333335,1,4,"[[0, 1, 2, 3]]",0.7040781116502739,0.7040781116502739,0.0,4.0,4.0,0.45000000000000007,0.45000000000000007,0.8571428571428571,0.8571428571428571
full_bundle,simu5g_00000313,17.0,gnb_1,15|31,2,7,25,0.28,15,15,0,15.0,2,2,0,2.0,100.45510464837025,18.13362512848515,3.1666666666666665,0.0,1,2,"[[0, 1]]",0.7290781116502738,0.7290781116502738,0.0,4.0,4.0,0.4,0.4,0.7142857142857143,0.7142857142857143
full_bundle,simu5g_00000314,17.0,gnb_2,0|1|2|3|4,5,7,25,0.28,11,14,3,13.4,1,2,1,1.8,136.6345804911627,54.392640558024084,3.233333333333333,0.3333333333333335,1,5,"[[0, 1, 2, 3, 4]]",0.7090781116502738,0.7090781116502738,0.0,4.0,4.0,0.44000000000000006,0.44000000000000006,0.8571428571428571,0.8571428571428571
full_bundle,simu5g_00000315,17.1,gnb_1,15|31,2,7,25,0.28,15,15,0,15.0,2,3,1,2.5,100.21982191608657,18.141973672224196,3.1666666666666665,0.0,1,2,"[[0, 1]]",0.7790781116502739,0.7790781116502739,0.0,4.0,4.0,0.30000000000000004,0.30000000000000004,0.7142857142857143,0.7142857142857143
full_bundle,simu5g_00000316,17.1,gnb_2,0|1|2|3|4,5,7,25,0.28,11,14,3,13.4,1,2,1,1.4,136.23436915132513,54.81179787360007,3.233333333333333,0.3333333333333335,1,5,"[[0, 1, 2, 3, 4]]",0.6690781116502738,0.6690781116502738,0.0,4.0,4.0,0.52,0.52,0.8571428571428571,0.8571428571428571
full_bundle,simu5g_00000317,17.2,gnb_1,15|31,2,7,25,0.28,15,15,0,15.0,3,3,0,3.0,99.98920830801441,18.15661862005122,3.1666666666666665,0.0,1,2,"[[0, 1]]",0.8290781116502739,0.8290781116502739,0.0,4.0,4.0,0.2,0.2,0.7142857142857143,0.7142857142857143
full_bundle,simu5g_00000318,17.2,gnb_2,0|1|2|3|4,5,7,25,0.28,11,15,4,13.6,1,2,1,1.4,135.83163541393725,55.22154362498024,3.233333333333333,0.3333333333333335,1,5,"[[0, 1, 2, 3, 4]]",0.6690781116502738,0.6690781116502738,0.0,4.0,4.0,0.52,0.52,0.8571428571428571,0.8571428571428571
full_bundle,simu5g_00000319,17.3,gnb_1,15|31,2,7,25,0.28,15,15,0,15.0,3,3,0,3.0,99.76357684105687,18.176438179210592,3.1666666666666665,0.0,1,2,"[[0, 1]]",0.8290781116502739,0.8290781116502739,0.0,4.0,4.0,0.2,0.2,0.7142857142857143,0.7142857142857143
full_bundle,simu5g_00000320,17.3,gnb_2,0|1|2|3|4,5,7,25,0.28,11,15,4,13.6,1,2,1,1.4,135.42743300488576,55.62534857347539,3.233333333333333,0.3333333333333335,1,5,"[[0, 1, 2, 3, 4]]",0.6690781116502738,0.6690781116502738,0.0,4.0,4.0,0.52,0.52,0.8571428571428571,0.8571428571428571
full_bundle,simu5g_00000321,17.4,gnb_1,15|31,2,7,25,0.28,15,15,0,15.0,3,3,0,3.0,99.54384006483409,18.20233716812301,3.1666666666666665,0.0,1,2,"[[0, 1]]",0.8290781116502739,0.8290781116502739,0.0,4.0,4.0,0.2,0.2,0.7142857142857143,0.7142857142857143
full_bundle,simu5g_00000322,17.4,gnb_2,0|1|2|3|4,5,7,25,0.28,11,15,4,13.6,1,2,1,1.4,135.02136907278674,56.02352283206763,3.233333333333333,0.3333333333333335,1,5,"[[0, 1, 2, 3, 4]]",0.6690781116502738,0.6690781116502738,0.0,4.0,4.0,0.52,0.52,0.8571428571428571,0.8571428571428571
full_bundle,simu5g_00000323,17.5,gnb_1,15|31,2,7,25,0.28,15,15,0,15.0,3,3,0,3.0,99.33016863834794,18.234446389606347,3.1666666666666665,0.0,1,2,"[[0, 1]]",0.8290781116502739,0.8290781116502739,0.0,4.0,4.0,0.2,0.2,0.7142857142857143,0.7142857142857143
full_bundle,simu5g_00000324,17.5,gnb_2,0|1|2|3|4,5,7,25,0.28,11,15,4,13.6,1,2,1,1.4,134.61414757725888,56.414792442091155,3.233333333333333,0.3333333333333335,1,5,"[[0, 1, 2, 3, 4]]",0.6690781116502738,0.6690781116502738,0.0,4.0,4.0,0.52,0.52,0.8571428571428571,0.8571428571428571
full_bundle,simu5g_00000325,17.6,gnb_1,15|31,2,7,25,0.28,15,15,0,15.0,3,3,0,3.0,99.12180996207788,18.274296724795136,3.1666666666666665,0.0,1,2,"[[0, 1]]",0.8290781116502739,0.8290781116502739,0.0,4.0,4.0,0.2,0.2,0.7142857142857143,0.7142857142857143
full_bundle,simu5g_00000326,17.6,gnb_2,0|1|2|3|4,5,7,25,0.28,11,14,3,13.2,1,2,1,1.4,134.20584154190283,56.80100561584324,3.2666666666666666,0.3333333333333335,1,5,"[[0, 1, 2, 3, 4]]",0.669078111650274,0.6690781116502738,2.220446049250313e-16,4.0,4.0,0.52,0.52,0.8571428571428571,0.8571428571428571
full_bundle,simu5g_00000327,17.7,gnb_1,15|31,2,7,25,0.28,15,15,0,15.0,3,3,0,3.0,98.91885867866944,18.322204607622453,3.1666666666666665,0.0,1,2,"[[0, 1]]",0.8290781116502739,0.8290781116502739,0.0,4.0,4.0,0.2,0.2,0.7142857142857143,0.7142857142857143
full_bundle,simu5g_00000328,17.7,gnb_2,0|1|2|3|4,5,7,25,0.28,11,14,3,13.0,1,2,1,1.4,133.79566109473086,57.178083318789376,3.2666666666666666,0.3333333333333335,1,5,"[[0, 1, 2, 3, 4]]",0.669078111650274,0.6690781116502738,2.220446049250313e-16,4.0,4.0,0.52,0.52,0.8571428571428571,0.8571428571428571
full_bundle,simu5g_00000329,17.8,gnb_1,15|31,2,7,25,0.28,15,15,0,15.0,3,3,0,3.0,98.72144220534797,18.37680496535026,3.1666666666666665,0.0,1,2,"[[0, 1]]",0.8290781116502739,0.8290781116502739,0.0,4.0,4.0,0.2,0.2,0.7142857142857143,0.7142857142857143
full_bundle,simu5g_00000330,17.8,gnb_2,0|1|2|3|4,5,7,25,0.28,11,14,3,13.0,1,2,1,1.4,133.38331482057555,57.54416564034625,3.2666666666666666,0.3333333333333335,1,5,"[[0, 1, 2, 3, 4]]",0.669078111650274,0.6690781116502738,2.220446049250313e-16,4.0,4.0,0.52,0.52,0.8571428571428571,0.8571428571428571
full_bundle,simu5g_00000331,17.9,gnb_1,15|31,2,7,25,0.28,15,15,0,15.0,3,3,0,3.0,98.53009634906947,18.43829978875388,3.1666666666666665,0.0,1,2,"[[0, 1]]",0.8290781116502739,0.8290781116502739,0.0,4.0,4.0,0.2,0.2,0.7142857142857143,0.7142857142857143
full_bundle,simu5g_00000332,17.9,gnb_2,0|1|2|3|4,5,7,25,0.28,11,14,3,13.0,1,2,1,1.4,132.96983134526658,57.90432093566304,3.2666666666666666,0.3333333333333335,1,5,"[[0, 1, 2, 3, 4]]",0.669078111650274,0.6690781116502738,2.220446049250313e-16,4.0,4.0,0.52,0.52,0.8571428571428571,0.8571428571428571
full_bundle,simu5g_00000333,18.0,gnb_1,15|31,2,7,25,0.28,15,15,0,15.0,3,3,0,3.0,98.34491847551841,18.507170398048572,3.1666666666666665,0.0,1,2,"[[0, 1]]",0.8290781116502739,0.8290781116502739,0.0,4.0,4.0,0.2,0.2,0.7142857142857143,0.7142857142857143
full_bundle,simu5g_00000334,18.0,gnb_2,0|1|2|3|4,5,7,25,0.28,11,15,4,13.2,1,2,1,1.4,132.554599511026,58.254043679914375,3.2666666666666666,0.3333333333333335,1,5,"[[0, 1, 2, 3, 4]]",0.669078111650274,0.6690781116502738,2.220446049250313e-16,4.0,4.0,0.52,0.52,0.8571428571428571,0.8571428571428571
full_bundle,simu5g_00000335,18.1,gnb_1,15|31,2,7,25,0.28,15,15,0,15.0,3,3,0,3.0,98.1658687578513,18.584119291774556,3.1666666666666665,0.0,1,2,"[[0, 1]]",0.8290781116502739,0.8290781116502739,0.0,4.0,4.0,0.2,0.2,0.7142857142857143,0.7142857142857143
full_bundle,simu5g_00000336,18.1,gnb_2,0|1|2|3|4,5,7,25,0.28,11,15,4,12.6,1,2,1,1.4,132.1393069987369,58.59677029379361,3.366666666666667,0.3333333333333335,1,5,"[[0, 1, 2, 3, 4]]",0.6690781116502738,0.6690781116502738,0.0,4.0,4.0,0.52,0.52,1.0,1.0
full_bundle,simu5g_00000337,18.2,gnb_1,15|31,2,7,25,0.28,15,15,0,15.0,3,3,0,3.0,97.99342354881313,18.668403667276394,3.1666666666666665,0.0,1,2,"[[0, 1]]",0.8290781116502739,0.8290781116502739,0.0,4.0,4.0,0.2,0.2,0.7142857142857143,0.7142857142857143
full_bundle,simu5g_00000338,18.2,gnb_2,0|1|2|3|4,5,7,25,0.28,11,15,4,12.6,1,2,1,1.4,131.72283454543617,58.92767377905466,3.366666666666667,0.3333333333333335,1,5,"[[0, 1, 2, 3, 4]]",0.6690781116502738,0.6690781116502738,0.0,4.0,4.0,0.52,0.52,1.0,1.0
full_bundle,simu5g_00000339,18.3,gnb_1,15|31,2,7,25,0.28,15,15,0,15.0,3,3,0,3.0,97.82739554720008,18.76133993945848,3.1666666666666665,0.0,1,2,"[[0, 1]]",0.8290781116502739,0.8290781116502739,0.0,4.0,4.0,0.2,0.2,0.7142857142857143,0.7142857142857143
full_bundle,simu5g_00000340,18.3,gnb_2,0|1|2|3|4,5,7,25,0.28,11,15,4,12.6,1,2,1,1.4,131.30502843487386,59.25004655191259,3.366666666666667,0.3333333333333335,1,5,"[[0, 1, 2, 3, 4]]",0.6690781116502738,0.6690781116502738,0.0,4.0,4.0,0.52,0.52,1.0,1.0
full_bundle,simu5g_00000341,18.4,gnb_1,15|31,2,7,25,0.28,15,15,0,15.0,3,3,0,3.0,97.66811084211119,18.862814566815544,3.1666666666666665,0.0,1,2,"[[0, 1]]",0.8290781116502739,0.8290781116502739,0.0,4.0,4.0,0.2,0.2,0.7142857142857143,0.7142857142857143
full_bundle,simu5g_00000342,18.4,gnb_2,0|1|2|3|4,5,7,25,0.28,12,15,3,13.2,1,2,1,1.4,130.88692609429236,59.557567238282985,3.3,0.3333333333333335,1,5,"[[0, 1, 2, 3, 4]]",0.6690781116502738,0.6690781116502738,0.0,4.0,4.0,0.52,0.52,0.8571428571428571,0.8571428571428571
full_bundle,simu5g_00000343,18.5,gnb_1,15|31,2,7,25,0.28,15,15,0,15.0,3,3,0,3.0,97.51563421873924,18.972692552936564,3.1666666666666665,0.0,1,2,"[[0, 1]]",0.8290781116502739,0.8290781116502739,0.0,4.0,4.0,0.2,0.2,0.7142857142857143,0.7142857142857143
full_bundle,simu5g_00000344,18.5,gnb_2,0|1|2|3|4,5,7,25,0.28,12,15,3,13.4,1,2,1,1.4,130.46979886007986,59.854118464928135,3.3,0.3333333333333335,1,5,"[[0, 1, 2, 3, 4]]",0.6690781116502738,0.6690781116502738,0.0,4.0,4.0,0.52,0.52,0.8571428571428571,0.8571428571428571
full_bundle,simu5g_00000345,18.6,gnb_1,15|31,2,7,25,0.28,15,15,0,15.0,3,3,0,3.0,97.37047597217443,19.09043827003687,3.1666666666666665,0.0,1,2,"[[0, 1]]",0.8290781116502739,0.8290781116502739,0.0,4.0,4.0,0.2,0.2,0.7142857142857143,0.7142857142857143
full_bundle,simu5g_00000346,18.6,gnb_2,0|1|2|3|4,5,7,25,0.28,12,15,3,13.4,1,2,1,1.6,130.05200726257783,60.13831449059043,3.3,0.3333333333333335,1,5,"[[0, 1, 2, 3, 4]]",0.6890781116502739,0.6890781116502738,1.1102230246251565e-16,4.0,4.0,0.48,0.48,0.8571428571428571,0.8571428571428571
full_bundle,simu5g_00000347,18.7,gnb_1,15|31,2,7,25,0.28,15,15,0,15.0,3,3,0,3.0,97.232875707116,19.216255311456905,3.1666666666666665,0.0,1,2,"[[0, 1]]",0.8290781116502739,0.8290781116502739,0.0,4.0,4.0,0.2,0.2,0.7142857142857143,0.7142857142857143
full_bundle,simu5g_00000348,18.7,gnb_2,0|1|2|3|4,5,7,25,0.28,9,15,6,12.8,1,2,1,1.6,129.63452924938002,60.41109622350072,3.4333333333333327,1.0000000000000004,2,4|1,"[[0, 1, 2, 4], [3]]",0.6190851026110573,0.6071841780840184,0.011900924527038947,3.4,3.0,0.36,0.28,1.0,0.5714285714285714
full_bundle,simu5g_00000349,18.8,gnb_1,15|31,2,7,25,0.28,15,15,0,15.0,3,3,0,3.0,97.10323509730222,19.349983189834077,3.1666666666666665,0.0,1,2,"[[0, 1]]",0.8290781116502739,0.8290781116502739,0.0,4.0,4.0,0.2,0.2,0.7142857142857143,0.7142857142857143
full_bundle,simu5g_00000350,18.8,gnb_2,0|1|2|3|4,5,7,25,0.28,9,14,5,12.6,1,2,1,1.6,129.2169714033476,60.67085910241239,3.4333333333333327,1.0000000000000004,2,4|1,"[[0, 1, 2, 4], [3]]",0.6190851026110573,0.6071841780840184,0.011900924527038947,3.4,3.0,0.36,0.28,1.0,0.5714285714285714
full_bundle,simu5g_00000351,18.9,gnb_1,15|31,2,7,25,0.28,15,15,0,15.0,3,3,0,3.0,96.98124285380572,19.493075268527747,3.1666666666666665,0.0,1,2,"[[0, 1]]",0.8290781116502739,0.8290781116502739,0.0,4.0,4.0,0.2,0.2,0.7142857142857143,0.7142857142857143
full_bundle,simu5g_00000352,18.9,gnb_2,0|1|2|3|4,5,7,25,0.28,9,14,5,12.6,1,2,1,1.6,128.799404645795,60.918237908375914,3.4333333333333327,1.0000000000000004,2,4|1,"[[0, 1, 2, 4], [3]]",0.6190851026110573,0.6071841780840184,0.011900924527038947,3.4,3.0,0.36,0.28,1.0,0.5714285714285714
full_bundle,simu5g_00000353,19.0,gnb_1,15|31,2,7,25,0.28,15,15,0,15.0,3,3,0,3.0,96.86675611289323,19.64574148027239,3.1666666666666665,0.0,1,2,"[[0, 1]]",0.8290781116502739,0.8290781116502739,0.0,4.0,4.0,0.2,0.2,0.7142857142857143,0.7142857142857143
full_bundle,simu5g_00000354,19.0,gnb_2,0|1|2|3|4,5,7,25,0.28,9,14,5,12.6,1,2,1,1.6,128.382151852624,61.15419726228886,3.4333333333333327,1.0000000000000004,2,4|1,"[[0, 1, 2, 4], [3]]",0.6190851026110573,0.6071841780840184,0.011900924527038947,3.4,3.0,0.36,0.28,1.0,0.5714285714285714
full_bundle,simu5g_00000355,19.1,gnb_1,15|31,2,7,25,0.28,15,15,0,15.0,3,3,0,3.0,96.76066476063676,19.80687358159888,3.1666666666666665,0.0,1,2,"[[0, 1]]",0.8290781116502739,0.8290781116502739,0.0,4.0,4.0,0.2,0.2,0.7142857142857143,0.7142857142857143
full_bundle,simu5g_00000356,19.1,gnb_2,0|1|2|3|4,5,7,25,0.28,9,15,6,12.8,1,2,1,1.6,127.96545336579702,61.377405009537114,3.4333333333333327,1.0000000000000004,2,4|1,"[[0, 1, 2, 4], [3]]",0.6190851026110573,0.6071841780840184,0.011900924527038947,3.4,3.0,0.36,0.28,1.0,0.5714285714285714
full_bundle,simu5g_00000357,19.2,gnb_1,15|31,2,7,25,0.28,14,15,1,14.5,3,3,0,3.0,96.66279870666577,19.97728541051937,3.1666666666666665,0.0,1,2,"[[0, 1]]",0.8290781116502739,0.8290781116502739,0.0,4.0,4.0,0.2,0.2,0.7142857142857143,0.7142857142857143
full_bundle,simu5g_00000358,19.2,gnb_2,0|1|2|3|4,5,7,25,0.28,9,15,6,12.8,1,2,1,1.6,127.5489786518596,61.58838015385035,3.4666666666666663,1.0000000000000004,2,4|1,"[[0, 1, 2, 4], [3]]",0.6190851026110573,0.6071841780840184,0.011900924527038947,3.4,3.0,0.36,0.28,1.0,0.5714285714285714
full_bundle,simu5g_00000359,19.3,gnb_1,15|31,2,7,25,0.28,14,15,1,14.5,3,3,0,3.0,96.57339961922585,20.156980794718663,3.1666666666666665,0.0,1,2,"[[0, 1]]",0.8290781116502739,0.8290781116502739,0.0,4.0,4.0,0.2,0.2,0.7142857142857143,0.7142857142857143
full_bundle,simu5g_00000360,19.3,gnb_2,0|1|2|3|4,5,7,25,0.28,13,15,2,14.0,1,2,1,1.6,127.13322555294744,61.78688990200449,3.2666666666666666,0.16666666666666696,1,5,"[[0, 1, 2, 3, 4]]",0.6890781116502738,0.6890781116502738,0.0,4.0,4.0,0.48,0.48,0.8571428571428571,0.8571428571428571
full_bundle,simu5g_00000361,19.4,gnb_1,15|31,2,7,25,0.28,14,15,1,14.5,3,3,0,3.0,96.49229498320047,20.346912610813433,3.1666666666666665,0.0,1,2,"[[0, 1]]",0.8290781116502739,0.8290781116502739,0.0,4.0,4.0,0.2,0.2,0.7142857142857143,0.7142857142857143
full_bundle,simu5g_00000362,19.4,gnb_2,0|1|2|3|4,5,7,25,0.28,13,14,1,13.8,1,2,1,1.6,126.71817046045058,61.97265485471078,3.2333333333333334,0.16666666666666696,1,5,"[[0, 1, 2, 3, 4]]",0.6890781116502738,0.6890781116502738,0.0,4.0,4.0,0.48,0.48,0.8571428571428571,0.8571428571428571
full_bundle,simu5g_00000363,19.5,gnb_1,15|31,2,7,25,0.28,14,15,1,14.5,3,3,0,3.0,96.42033852881679,20.545878868024474,3.1666666666666665,0.0,1,2,"[[0, 1]]",0.8290781116502739,0.8290781116502739,0.0,4.0,4.0,0.2,0.2,0.7142857142857143,0.7142857142857143
full_bundle,simu5g_00000364,19.5,gnb_2,0|1|2|3|4,5,7,25,0.28,13,14,1,13.8,1,2,1,1.6,126.30428716500944,62.14641220742563,3.2333333333333334,0.16666666666666696,1,5,"[[0, 1, 2, 3, 4]]",0.6890781116502738,0.6890781116502738,0.0,4.0,4.0,0.48,0.48,0.8571428571428571,0.8571428571428571
full_bundle,simu5g_00000365,19.6,gnb_1,15|31,2,7,25,0.28,14,15,1,14.5,3,3,0,3.0,96.3569290445477,20.75529776664345,3.1666666666666665,0.0,1,2,"[[0, 1]]",0.8290781116502739,0.8290781116502739,0.0,4.0,4.0,0.2,0.2,0.7142857142857143,0.7142857142857143
full_bundle,simu5g_00000366,19.6,gnb_2,0|1|2|3|4,5,7,25,0.28,13,14,1,13.6,1,2,1,1.6,125.89204150575215,62.30706399605522,3.2666666666666666,0.16666666666666696,1,5,"[[0, 1, 2, 3, 4]]",0.6890781116502738,0.6890781116502738,0.0,4.0,4.0,0.48,0.48,0.8571428571428571,0.8571428571428571
full_bundle,simu5g_00000367,19.7,gnb_1,15|31,2,7,25,0.28,15,15,0,15.0,3,3,0,3.0,96.30281024633199,20.974504266372435,3.1666666666666665,0.0,1,2,"[[0, 1]]",0.8290781116502739,0.8290781116502739,0.0,4.0,4.0,0.2,0.2,0.7142857142857143,0.7142857142857143
full_bundle,simu5g_00000368,19.7,gnb_2,0|1|2|3|4,5,7,25,0.28,13,14,1,13.6,1,2,1,1.6,125.4813181273056,62.45447556330839,3.233333333333333,0.16666666666666696,1,5,"[[0, 1, 2, 3, 4]]",0.6890781116502739,0.6890781116502738,1.1102230246251565e-16,4.0,4.0,0.48,0.48,0.8571428571428571,0.8571428571428571
full_bundle,simu5g_00000369,19.8,gnb_1,15|31,2,7,25,0.28,15,15,0,15.0,3,3,0,3.0,96.25787972898297,21.204009823868958,3.1666666666666665,0.0,1,2,"[[0, 1]]",0.8290781116502739,0.8290781116502739,0.0,4.0,4.0,0.2,0.2,0.7142857142857143,0.7142857142857143
full_bundle,simu5g_00000370,19.8,gnb_2,0|1|2|3|4,5,7,25,0.28,13,15,2,13.8,1,2,1,1.6,125.07110199966556,62.58778949852177,3.233333333333333,0.16666666666666696,1,5,"[[0, 1, 2, 3, 4]]",0.6890781116502739,0.6890781116502738,1.1102230246251565e-16,4.0,4.0,0.48,0.48,0.8571428571428571,0.8571428571428571
full_bundle,simu5g_00000371,19.9,gnb_1,15|31,2,7,25,0.28,15,15,0,15.0,3,3,0,3.0,96.22245123652334,21.444015511246377,3.1666666666666665,0.0,1,2,"[[0, 1]]",0.8290781116502739,0.8290781116502739,0.0,4.0,4.0,0.2,0.2,0.7142857142857143,0.7142857142857143
full_bundle,simu5g_00000372,19.9,gnb_2,0|1|2|3|4,5,7,25,0.28,12,15,3,13.6,1,2,1,1.6,124.66195927480001,62.705747402847024,3.233333333333333,0.16666666666666696,1,5,"[[0, 1, 2, 3, 4]]",0.6890781116502739,0.6890781116502738,1.1102230246251565e-16,4.0,4.0,0.48,0.48,0.8571428571428571,0.8571428571428571
full_bundle,simu5g_00000373,20.0,gnb_1,15|31,2,7,25,0.28,15,15,0,15.0,3,3,0,3.0,96.19631203770521,21.69507934100568,3.1666666666666665,0.0,1,2,"[[0, 1]]",0.8290781116502739,0.8290781116502739,0.0,4.0,4.0,0.2,0.2,0.7142857142857143,0.7142857142857143
full_bundle,simu5g_00000374,20.0,gnb_2,0|1|2|3|4,5,7,25,0.28,12,15,3,13.8,1,2,1,1.6,124.25497359247072,62.81100239065377,3.233333333333333,0.16666666666666696,1,5,"[[0, 1, 2, 3, 4]]",0.6890781116502739,0.6890781116502738,1.1102230246251565e-16,4.0,4.0,0.48,0.48,0.8571428571428571,0.8571428571428571
full_bundle,simu5g_00000375,20.1,gnb_1,15|31,2,7,25,0.28,15,15,0,15.0,3,3,0,3.0,96.17965638196571,21.956708480960174,3.1666666666666665,0.0,1,2,"[[0, 1]]",0.8290781116502739,0.8290781116502739,0.0,4.0,4.0,0.2,0.2,0.7142857142857143,0.7142857142857143
full_bundle,simu5g_00000376,20.1,gnb_2,0|1|2|3|4,5,7,25,0.28,12,15,3,14.0,1,2,1,1.6,123.84884870702167,62.90447455558689,3.233333333333333,0.16666666666666696,1,5,"[[0, 1, 2, 3, 4]]",0.6890781116502739,0.6890781116502738,1.1102230246251565e-16,4.0,4.0,0.48,0.48,0.8571428571428571,0.8571428571428571
full_bundle,simu5g_00000377,20.2,gnb_1,15|31,2,7,25,0.28,15,15,0,15.0,3,3,0,3.0,96.17300140952341,22.228140712059073,3.1666666666666665,0.0,1,2,"[[0, 1]]",0.8290781116502739,0.8290781116502739,0.0,4.0,4.0,0.2,0.2,0.7142857142857143,0.7142857142857143
full_bundle,simu5g_00000378,20.2,gnb_2,0|1|2|3|4,5,7,25,0.28,12,15,3,14.0,1,2,1,1.6,123.44570605106387,62.98444155713683,3.233333333333333,0.16666666666666696,1,5,"[[0, 1, 2, 3, 4]]",0.6890781116502739,0.6890781116502738,1.1102230246251565e-16,4.0,4.0,0.48,0.48,0.8571428571428571,0.8571428571428571
full_bundle,simu5g_00000379,20.3,gnb_1,15|31,2,7,25,0.28,15,15,0,15.0,3,3,0,3.0,96.17632555102806,22.509561348203675,3.1666666666666665,0.0,1,2,"[[0, 1]]",0.8290781116502739,0.8290781116502739,0.0,4.0,4.0,0.2,0.2,0.7142857142857143,0.7142857142857143
full_bundle,simu5g_00000380,20.3,gnb_2,0|1|2|3|4,5,7,25,0.28,12,15,3,14.0,1,2,1,1.6,123.04371834514889,63.050493638909586,3.233333333333333,0.16666666666666696,1,5,"[[0, 1, 2, 3, 4]]",0.6890781116502739,0.6890781116502738,1.1102230246251565e-16,4.0,4.0,0.48,0.48,0.8571428571428571,0.8571428571428571
full_bundle,simu5g_00000381,20.4,gnb_1,15|31,2,7,25,0.28,15,15,0,15.0,3,3,0,3.0,96.1897281363745,22.800874924728532,3.1666666666666665,0.0,1,2,"[[0, 1]]",0.8290781116502739,0.8290781116502739,0.0,4.0,4.0,0.2,0.2,0.7142857142857143,0.7142857142857143
full_bundle,simu5g_00000382,20.4,gnb_2,0|1|2|3|4,5,7,25,0.28,12,15,3,14.2,1,2,1,1.6,122.64339104506023,63.100431028381706,3.2,0.16666666666666696,1,5,"[[0, 1, 2, 3, 4]]",0.6890781116502738,0.6890781116502738,0.0,4.0,4.0,0.48,0.48,0.8571428571428571,0.8571428571428571
full_bundle,simu5g_00000383,20.5,gnb_1,15|31,2,7,25,0.28,15,15,0,15.0,3,3,0,3.0,96.21351568232167,23.102788217677443,3.1666666666666665,0.0,1,2,"[[0, 1]]",0.8290781116502739,0.8290781116502739,0.0,4.0,4.0,0.2,0.2,0.7142857142857143,0.7142857142857143
full_bundle,simu5g_00000384,20.5,gnb_2,0|1|2|3|4,5,7,25,0.28,12,15,3,14.2,1,2,1,1.6,122.24515201367747,63.13721406722,3.2,0.16666666666666696,1,5,"[[0, 1, 2, 3, 4]]",0.6890781116502738,0.6890781116502738,0.0,4.0,4.0,0.48,0.48,0.8571428571428571,0.8571428571428571
full_bundle,simu5g_00000385,20.6,gnb_1,15|31,2,7,25,0.28,15,15,0,15.0,3,3,0,3.0,96.24741728006434,23.41563737540264,3.1666666666666665,0.0,1,2,"[[0, 1]]",0.8290781116502739,0.8290781116502739,0.0,4.0,4.0,0.2,0.2,0.7142857142857143,0.7142857142857143
full_bundle,simu5g_00000386,20.6,gnb_2,0|1|2|3|4,5,7,25,0.28,12,15,3,14.2,1,2,1,1.6,121.84912755404676,63.16088488993444,3.2,0.16666666666666696,1,5,"[[0, 1, 2, 3, 4]]",0.6890781116502738,0.6890781116502738,0.0,4.0,4.0,0.48,0.48,0.8571428571428571,0.8571428571428571
full_bundle,simu5g_00000387,20.7,gnb_1,15|31,2,7,25,0.28,15,15,0,15.0,3,3,0,3.0,96.29204135874369,23.739208612645953,3.1666666666666665,0.0,1,2,"[[0, 1]]",0.8290781116502739,0.8290781116502739,0.0,4.0,4.0,0.2,0.2,0.7142857142857143,0.7142857142857143
full_bundle,simu5g_00000388,20.7,gnb_2,0|1|2|3|4,5,7,25,0.28,12,15,3,14.2,1,2,1,1.6,121.45551111093819,63.17210209917317,3.2,0.16666666666666696,1,5,"[[0, 1, 2, 3, 4]]",0.6890781116502738,0.6890781116502738,0.0,4.0,4.0,0.48,0.48,0.8571428571428571,0.8571428571428571
full_bundle,simu5g_00000389,20.8,gnb_1,15|31,2,7,25,0.28,15,15,0,15.0,3,3,0,3.0,96.3474402649367,24.07416958149838,3.1666666666666665,0.0,1,2,"[[0, 1]]",0.8290781116502739,0.8290781116502739,0.0,4.0,4.0,0.2,0.2,0.7142857142857143,0.7142857142857143
full_bundle,simu5g_00000390,20.8,gnb_2,0|1|2|3|4,5,7,25,0.28,12,15,3,14.4,1,2,1,1.6,121.06646074539223,63.1693672436417,3.2,0.16666666666666696,1,5,"[[0, 1, 2, 3, 4]]",0.6890781116502738,0.6890781116502738,0.0,4.0,4.0,0.48,0.48,0.8571428571428571,0.8571428571428571
full_bundle,simu5g_00000391,20.9,gnb_1,15|31,2,7,25,0.28,15,15,0,15.0,3,3,0,3.0,96.41369810266978,24.42038161250281,3.1666666666666665,0.0,1,2,"[[0, 1]]",0.8290781116502739,0.8290781116502739,0.0,4.0,4.0,0.2,0.2,0.7142857142857143,0.7142857142857143
full_bundle,simu5g_00000392,20.9,gnb_2,0|1|2|3|4,5,7,25,0.28,12,15,3,13.8,1,1,0,1.0,120.68187231589289,63.153293304775616,3.233333333333333,0.16666666666666696,1,5,"[[0, 1, 2, 3, 4]]",0.6290781116502739,0.6290781116502739,0.0,4.0,4.0,0.6,0.6,0.8571428571428571,0.8571428571428571
full_bundle,simu5g_00000393,21.0,gnb_1,1|15|31,3,7,25,0.28,15,15,0,15.0,1,3,2,2.3333333333333335,97.58331353115513,24.7770212885831,3.1666666666666665,0.0,1,3,"[[0, 1, 2]]",0.7624114449836071,0.7624114449836071,0.0,4.0,4.0,0.3333333333333333,0.3333333333333333,0.7142857142857143,0.7142857142857143
full_bundle,simu5g_00000394,21.0,gnb_2,0|2|3|4,4,7,25,0.28,12,15,3,14.0,1,1,0,1.0,125.43516407152987,63.123497900009866,3.208333333333333,0.16666666666666696,1,4,"[[0, 1, 2, 3]]",0.6290781116502739,0.6290781116502739,0.0,4.0,4.0,0.6,0.6,0.8571428571428571,0.8571428571428571
full_bundle,simu5g_00000395,21.1,gnb_1,1|15|31,3,7,25,0.28,15,15,0,15.0,2,2,0,2.0,97.53063282250186,25.14332827292806,3.1666666666666665,0.0,1,3,"[[0, 1, 2]]",0.7290781116502738,0.7290781116502738,0.0,4.0,4.0,0.4000000000000001,0.4000000000000001,0.7142857142857143,0.7142857142857143
full_bundle,simu5g_00000396,21.1,gnb_2,0|2|3|4,4,7,25,0.28,12,15,3,14.0,1,1,0,1.0,125.0498561332412,63.0810489406652,3.208333333333333,0.16666666666666696,1,4,"[[0, 1, 2, 3]]",0.6290781116502739,0.6290781116502739,0.0,4.0,4.0,0.6,0.6,0.8571428571428571,0.8571428571428571
full_bundle,simu5g_00000397,21.2,gnb_1,1|15|31,3,7,25,0.28,15,15,0,15.0,2,2,0,2.0,97.48784108998045,25.51981947278047,3.1666666666666665,0.0,1,3,"[[0, 1, 2]]",0.7290781116502738,0.7290781116502738,0.0,4.0,4.0,0.4000000000000001,0.4000000000000001,0.7142857142857143,0.7142857142857143
full_bundle,simu5g_00000398,21.2,gnb_2,0|2|3|4|5,5,7,25,0.28,12,15,3,14.0,1,2,1,1.2,132.7278436430255,70.12224669571572,3.1999999999999997,0.16666666666666696,1,5,"[[0, 1, 2, 3, 4]]",0.6490781116502738,0.6490781116502738,0.0,4.0,4.0,0.56,0.56,0.8571428571428571,0.8571428571428571
full_bundle,simu5g_00000399,21.3,gnb_1,1|15|31,3,7,25,0.28,15,15,0,15.0,2,2,0,2.0,97.45532477491004,25.906486803890715,3.1666666666666665,0.0,1,3,"[[0, 1, 2]]",0.7290781116502738,0.7290781116502738,0.0,4.0,4.0,0.4000000000000001,0.4000000000000001,0.7142857142857143,0.7142857142857143
full_bundle,simu5g_00000400,21.3,gnb_2,0|2|3|4|5,5,7,25,0.28,13,15,2,14.2,1,2,1,1.4,132.41534896881774,70.246877353631,3.1666666666666665,0.0,1,5,"[[0, 1, 2, 3, 4]]",0.669078111650274,0.669078111650274,0.0,4.0,4.0,0.52,0.52,0.8571428571428571,0.8571428571428571
full_bundle,simu5g_00000401,21.4,gnb_1,1|15|31,3,7,25,0.28,15,15,0,15.0,2,2,0,2.0,97.43295192725104,26.30408872421698,3.1666666666666665,0.0,1,3,"[[0, 1, 2]]",0.7290781116502738,0.7290781116502738,0.0,4.0,4.0,0.4000000000000001,0.4000000000000001,0.7142857142857143,0.7142857142857143
full_bundle,simu5g_00000402,21.4,gnb_2,0|2|3|4|5,5,7,25,0.28,13,15,2,14.2,1,2,1,1.4,132.10504073171887,70.3557807227733,3.1666666666666665,0.0,1,5,"[[0, 1, 2, 3, 4]]",0.669078111650274,0.669078111650274,0.0,4.0,4.0,0.52,0.52,0.8571428571428571,0.8571428571428571
full_bundle,simu5g_00000403,21.5,gnb_1,1|15|31,3,7,25,0.28,15,15,0,15.0,2,2,0,2.0,97.42088802825988,26.711796071922038,3.1666666666666665,0.0,1,3,"[[0, 1, 2]]",0.7290781116502738,0.7290781116502738,0.0,4.0,4.0,0.4000000000000001,0.4000000000000001,0.7142857142857143,0.7142857142857143
full_bundle,simu5g_00000404,21.5,gnb_2,0|2|3|4|5,5,7,25,0.28,13,15,2,14.2,1,2,1,1.4,131.79637234235764,70.44900064831388,3.1999999999999997,0.16666666666666696,1,5,"[[0, 1, 2, 3, 4]]",0.6690781116502738,0.669078111650274,-2.220446049250313e-16,4.0,4.0,0.52,0.52,0.8571428571428571,0.8571428571428571
full_bundle,simu5g_00000405,21.6,gnb_1,1|15|31,3,7,25,0.28,15,15,0,15.0,2,2,0,2.0,97.41937270559178,27.12893592860202,3.1666666666666665,0.0,1,3,"[[0, 1, 2]]",0.7290781116502738,0.7290781116502738,0.0,4.0,4.0,0.4000000000000001,0.4000000000000001,0.7142857142857143,0.7142857142857143
full_bundle,simu5g_00000406,21.6,gnb_2,0|2|3|4|5,5,7,25,0.28,13,15,2,14.2,1,2,1,1.4,131.4882313482034,70.5247709322569,3.1999999999999997,0.16666666666666696,1,5,"[[0, 1, 2, 3, 4]]",0.6690781116502738,0.669078111650274,-2.220446049250313e-16,4.0,4.0,0.52,0.52,0.8571428571428571,0.8571428571428571
full_bundle,simu5g_00000407,21.7,gnb_1,1|15|31,3,7,25,0.28,14,15,1,14.666666666666666,2,2,0,2.0,97.42790190153418,27.555811117551485,3.1666666666666665,0.0,1,3,"[[0, 1, 2]]",0.7290781116502738,0.7290781116502738,0.0,4.0,4.0,0.4000000000000001,0.4000000000000001,0.7142857142857143,0.7142857142857143
full_bundle,simu5g_00000408,21.7,gnb_2,0|2|3|4|5,5,7,25,0.28,14,15,1,14.4,1,2,1,1.4,131.1820730393593,70.58510334362072,3.1666666666666665,0.0,1,5,"[[0, 1, 2, 3, 4]]",0.669078111650274,0.669078111650274,0.0,4.0,4.0,0.52,0.52,0.8571428571428571,0.8571428571428571
full_bundle,simu5g_00000409,21.8,gnb_1,1|15|31,3,7,25,0.28,14,15,1,14.666666666666666,2,2,0,2.0,97.44714580438767,27.993478099438278,3.1666666666666665,0.0,1,3,"[[0, 1, 2]]",0.7290781116502738,0.7290781116502738,0.0,4.0,4.0,0.4000000000000001,0.4000000000000001,0.7142857142857143,0.7142857142857143
full_bundle,simu5g_00000410,21.8,gnb_2,0|2|3|4|5,5,7,25,0.28,14,15,1,14.4,1,2,1,1.4,130.8774370450326,70.62892549509502,3.1666666666666665,0.0,1,5,"[[0, 1, 2, 3, 4]]",0.669078111650274,0.669078111650274,0.0,4.0,4.0,0.52,0.52,0.8571428571428571,0.8571428571428571
full_bundle,simu5g_00000411,21.9,gnb_1,1|15|31,3,7,25,0.28,14,15,1,14.666666666666666,2,2,0,2.0,97.4773375569414,28.441610684071108,3.1666666666666665,0.0,1,3,"[[0, 1, 2]]",0.7290781116502738,0.7290781116502738,0.0,4.0,4.0,0.4000000000000001,0.4000000000000001,0.7142857142857143,0.7142857142857143
full_bundle,simu5g_00000412,21.9,gnb_2,0|2|3|4|5,5,7,25,0.28,14,15,1,14.4,1,2,1,1.4,130.57374768822058,70.65644599876453,3.1666666666666665,0.0,1,5,"[[0, 1, 2, 3, 4]]",0.669078111650274,0.669078111650274,0.0,4.0,4.0,0.52,0.52,0.8571428571428571,0.8571428571428571
full_bundle,simu5g_00000413,22.0,gnb_1,0|15|31,3,7,25,0.28,15,15,0,15.0,1,2,1,1.6666666666666667,96.51497275717831,28.90053081493015,3.1666666666666665,0.0,1,3,"[[0, 1, 2]]",0.6957447783169405,0.6957447783169405,0.0,4.0,4.0,0.4666666666666666,0.4666666666666666,0.7142857142857143,0.7142857142857143
full_bundle,simu5g_00000414,22.0,gnb_2,1|2|3|4|5,5,7,25,0.28,14,15,1,14.4,1,2,1,1.6,130.8740001892623,67.65842753440104,3.1666666666666665,0.0,1,5,"[[0, 1, 2, 3, 4]]",0.6890781116502739,0.6890781116502739,0.0,4.0,4.0,0.48,0.48,0.8571428571428571,0.8571428571428571
full_bundle,simu5g_00000415,22.1,gnb_1,0|15|31,3,7,25,0.28,14,15,1,14.666666666666666,2,2,0,2.0,96.62160596971061,29.370393020859126,3.1666666666666665,0.0,1,3,"[[0, 1, 2]]",0.7290781116502738,0.7290781116502738,0.0,4.0,4.0,0.4000000000000001,0.4000000000000001,0.7142857142857143,0.7142857142857143
full_bundle,simu5g_00000416,22.1,gnb_2,1|2|3|4|5,5,7,25,0.28,14,15,1,14.6,1,2,1,1.6,130.54199761736194,67.81906079220256,3.1666666666666665,0.0,1,5,"[[0, 1, 2, 3, 4]]",0.6890781116502739,0.6890781116502739,0.0,4.0,4.0,0.48,0.48,0.8571428571428571,0.8571428571428571
full_bundle,simu5g_00000417,22.2,gnb_1,0|15|31,3,7,25,0.28,14,15,1,14.666666666666666,2,2,0,2.0,96.73936414170288,29.849578339711314,3.1666666666666665,0.0,1,3,"[[0, 1, 2]]",0.7290781116502738,0.7290781116502738,0.0,4.0,4.0,0.4000000000000001,0.4000000000000001,0.7142857142857143,0.7142857142857143
full_bundle,simu5g_00000418,22.2,gnb_2,1|2|3|4|5,5,7,25,0.28,14,15,1,14.6,1,2,1,1.6,130.2110678413788,67.96560859106376,3.1666666666666665,0.0,1,5,"[[0, 1, 2, 3, 4]]",0.6890781116502739,0.6890781116502739,0.0,4.0,4.0,0.48,0.48,0.8571428571428571,0.8571428571428571
full_bundle,simu5g_00000419,22.3,gnb_1,0|15|31,3,7,25,0.28,14,15,1,14.666666666666666,2,2,0,2.0,96.86841739889387,30.33816651852058,3.1666666666666665,0.0,1,3,"[[0, 1, 2]]",0.7290781116502738,0.7290781116502738,0.0,4.0,4.0,0.4000000000000001,0.4000000000000001,0.7142857142857143,0.7142857142857143
full_bundle,simu5g_00000420,22.3,gnb_2,1|2|3|4|5,5,7,25,0.28,14,15,1,14.6,1,2,1,1.6,129.88169694381423,68.09730138752256,3.1666666666666665,0.0,1,5,"[[0, 1, 2, 3, 4]]",0.6890781116502739,0.6890781116502739,0.0,4.0,4.0,0.48,0.48,0.8571428571428571,0.8571428571428571
full_bundle,simu5g_00000421,22.4,gnb_1,0|15|31,3,7,25,0.28,14,15,1,14.666666666666666,2,2,0,2.0,97.00853036657543,30.83524151211101,3.1666666666666665,0.0,1,3,"[[0, 1, 2]]",0.7290781116502738,0.7290781116502738,0.0,4.0,4.0,0.4000000000000001,0.4000000000000001,0.7142857142857143,0.7142857142857143
full_bundle,simu5g_00000422,22.4,gnb_2,1|2|3|4|5,5,7,25,0.28,13,15,2,14.4,1,2,1,1.6,129.5539252705425,68.21467606526447,3.1999999999999997,0.16666666666666696,1,5,"[[0, 1, 2, 3, 4]]",0.6890781116502738,0.6890781116502739,-1.1102230246251565e-16,4.0,4.0,0.48,0.48,0.8571428571428571,0.8571428571428571
full_bundle,simu5g_00000423,22.5,gnb_1,0|15|31,3,7,25,0.28,11,15,4,13.666666666666666,2,2,0,2.0,97.15939715530739,31.339940807552622,3.222222222222222,0.16666666666666696,1,3,"[[0, 1, 2]]",0.7290781116502738,0.7290781116502738,0.0,4.0,4.0,0.4000000000000001,0.4000000000000001,0.8571428571428571,0.8571428571428571
full_bundle,simu5g_00000424,22.5,gnb_2,1|2|3|4|5,5,7,25,0.28,13,15,2,14.4,1,2,1,1.6,129.22795970797875,68.31793828487781,3.1999999999999997,0.16666666666666696,1,5,"[[0, 1, 2, 3, 4]]",0.6890781116502738,0.6890781116502739,-1.1102230246251565e-16,4.0,4.0,0.48,0.48,0.8571428571428571,0.8571428571428571
full_bundle,simu5g_00000425,22.6,gnb_1,0|15|31,3,7,25,0.28,11,15,4,13.666666666666666,2,2,0,2.0,97.32059574066223,31.85037719001302,3.222222222222222,0.16666666666666696,1,3,"[[0, 1, 2]]",0.7290781116502738,0.7290781116502738,0.0,4.0,4.0,0.4000000000000001,0.4000000000000001,0.8571428571428571,0.8571428571428571
full_bundle,simu5g_00000426,22.6,gnb_2,1|2|3|4|5,5,7,25,0.28,13,15,2,14.4,1,2,1,1.6,128.90394372888122,68.40765842954552,3.1999999999999997,0.16666666666666696,1,5,"[[0, 1, 2, 3, 4]]",0.6890781116502738,0.6890781116502739,-1.1102230246251565e-16,4.0,4.0,0.48,0.48,0.8571428571428571,0.8571428571428571
full_bundle,simu5g_00000427,22.7,gnb_1,0|15|31,3,7,25,0.28,11,15,4,13.666666666666666,2,2,0,2.0,97.49322450145011,32.369706499461884,3.222222222222222,0.16666666666666696,1,3,"[[0, 1, 2]]",0.7290781116502738,0.7290781116502738,0.0,4.0,4.0,0.4000000000000001,0.4000000000000001,0.8571428571428571,0.8571428571428571
full_bundle,simu5g_00000428,22.7,gnb_2,1|2|3|4|5,5,7,25,0.28,13,15,2,14.4,1,2,1,1.6,128.58187031718072,68.47899818759016,3.1999999999999997,0.16666666666666696,1,5,"[[0, 1, 2, 3, 4]]",0.6890781116502738,0.6890781116502739,-1.1102230246251565e-16,4.0,4.0,0.48,0.48,0.8571428571428571,0.8571428571428571
full_bundle,simu5g_00000429,22.8,gnb_1,0|15|31,3,7,25,0.28,12,15,3,14.0,2,2,0,2.0,97.67654754223956,32.895777694395676,3.222222222222222,0.16666666666666696,1,3,"[[0, 1, 2]]",0.7290781116502738,0.7290781116502738,0.0,4.0,4.0,0.4000000000000001,0.4000000000000001,0.8571428571428571,0.8571428571428571
full_bundle,simu5g_00000430,22.8,gnb_2,1|2|3|4|5,5,7,25,0.28,14,15,1,14.6,1,2,1,1.6,128.26250403591953,68.53688858928767,3.1666666666666665,0.0,1,5,"[[0, 1, 2, 3, 4]]",0.6890781116502739,0.6890781116502739,0.0,4.0,4.0,0.48,0.48,0.8571428571428571,0.8571428571428571
full_bundle,simu5g_00000431,22.9,gnb_1,0|15|31,3,7,25,0.28,13,15,2,14.333333333333334,2,2,0,2.0,97.87048866406093,33.42820771701459,3.1666666666666665,0.0,1,3,"[[0, 1, 2]]",0.7290781116502738,0.7290781116502738,0.0,4.0,4.0,0.4000000000000001,0.4000000000000001,0.8571428571428571,0.8571428571428571
full_bundle,simu5g_00000432,22.9,gnb_2,1|2|3|4|5,5,7,25,0.28,14,15,1,14.4,1,2,1,1.6,127.94515914681108,68.58204863860577,3.1666666666666665,0.0,1,5,"[[0, 1, 2, 3, 4]]",0.6890781116502739,0.6890781116502739,0.0,4.0,4.0,0.48,0.48,0.8571428571428571,0.8571428571428571
full_bundle,simu5g_00000433,23.0,gnb_1,0|15|3|31,4,7,25,0.28,12,15,3,13.5,1,2,1,1.75,105.4138049212628,43.97783757672798,3.2499999999999996,0.3333333333333335,1,4,"[[0, 1, 2, 3]]",0.7040781116502739,0.7040781116502738,1.1102230246251565e-16,4.0,4.0,0.44999999999999996,0.44999999999999996,0.8571428571428571,0.8571428571428571
full_bundle,simu5g_00000434,23.0,gnb_2,1|2|4|5,4,7,25,0.28,14,15,1,14.25,1,2,1,1.75,127.67965029686677,68.61276593399033,3.1666666666666665,0.0,1,4,"[[0, 1, 2, 3]]",0.7040781116502739,0.7040781116502739,0.0,4.0,4.0,0.45000000000000007,0.45000000000000007,0.8571428571428571,0.8571428571428571
full_bundle,simu5g_00000435,23.1,gnb_1,0|15|3|31,4,7,25,0.28,12,15,3,13.5,2,2,0,2.0,105.42860820269271,43.34841378131321,3.2499999999999996,0.3333333333333335,1,4,"[[0, 1, 2, 3]]",0.7290781116502738,0.7290781116502738,0.0,4.0,4.0,0.4,0.4,0.8571428571428571,0.8571428571428571
full_bundle,simu5g_00000436,23.1,gnb_2,1|2|4|5,4,7,25,0.28,14,15,1,14.25,2,2,0,2.0,127.43450015200378,68.62632402612482,3.1666666666666665,0.0,1,4,"[[0, 1, 2, 3]]",0.7290781116502738,0.7290781116502738,0.0,4.0,4.0,0.4,0.4,0.8571428571428571,0.8571428571428571
full_bundle,simu5g_00000437,23.2,gnb_1,0|15|3|31,4,7,25,0.28,12,15,3,13.75,2,2,0,2.0,105.45072016903477,42.70815151939787,3.2499999999999996,0.3333333333333335,1,4,"[[0, 1, 2, 3]]",0.7290781116502738,0.7290781116502738,0.0,4.0,4.0,0.4,0.4,0.8571428571428571,0.8571428571428571
full_bundle,simu5g_00000438,23.2,gnb_2,1|2|4|5,4,7,25,0.28,14,15,1,14.25,2,2,0,2.0,127.19172946127613,68.6228835980215,3.1666666666666665,0.0,1,4,"[[0, 1, 2, 3]]",0.7290781116502738,0.7290781116502738,0.0,4.0,4.0,0.4,0.4,0.8571428571428571,0.8571428571428571
full_bundle,simu5g_00000439,23.3,gnb_1,0|15|3|31,4,7,25,0.28,12,15,3,14.25,2,2,0,2.0,105.47978326865645,42.05752753224638,3.2499999999999996,0.3333333333333335,1,4,"[[0, 1, 2, 3]]",0.7290781116502738,0.7290781116502738,0.0,4.0,4.0,0.4,0.4,0.8571428571428571,0.8571428571428571
full_bundle,simu5g_00000440,23.3,gnb_2,1|2|4|5,4,7,25,0.28,12,15,3,13.75,2,2,0,2.0,126.95155682264962,68.6034718847061,3.2499999999999996,0.3333333333333335,1,4,"[[0, 1, 2, 3]]",0.7290781116502738,0.7290781116502738,0.0,4.0,4.0,0.4,0.4,0.8571428571428571,0.8571428571428571
full_bundle,simu5g_00000441,23.4,gnb_1,0|15|3|31,4,7,25,0.28,13,15,2,14.5,2,2,0,2.0,105.51618851949128,41.396188798313005,3.208333333333333,0.16666666666666696,1,4,"[[0, 1, 2, 3]]",0.7290781116502738,0.7290781116502738,0.0,4.0,4.0,0.4,0.4,0.8571428571428571,0.8571428571428571
full_bundle,simu5g_00000442,23.4,gnb_2,1|2|4|5,4,7,25,0.28,12,15,3,13.75,2,2,0,2.0,126.71434183953941,68.56922855841799,3.2499999999999996,0.3333333333333335,1,4,"[[0, 1, 2, 3]]",0.7290781116502738,0.7290781116502738,0.0,4.0,4.0,0.4,0.4,0.8571428571428571,0.8571428571428571
full_bundle,simu5g_00000443,23.5,gnb_1,0|15|3|31,4,7,25,0.28,13,15,2,14.5,2,2,0,2.0,105.56068456254556,40.72564085856824,3.208333333333333,0.16666666666666696,1,4,"[[0, 1, 2, 3]]",0.7290781116502738,0.7290781116502738,0.0,4.0,4.0,0.4,0.4,0.8571428571428571,0.8571428571428571
full_bundle,simu5g_00000444,23.5,gnb_2,1|2|4|5,4,7,25,0.28,12,15,3,13.75,2,2,0,2.0,126.48062567667611,68.521184577331,3.2499999999999996,0.3333333333333335,1,4,"[[0, 1, 2, 3]]",0.7290781116502738,0.7290781116502738,0.0,4.0,4.0,0.4,0.4,0.8571428571428571,0.8571428571428571
full_bundle,simu5g_00000445,23.6,gnb_1,0|15|3|31,4,7,25,0.28,13,15,2,14.5,2,2,0,2.0,105.61290877766162,40.04597349489427,3.208333333333333,0.16666666666666696,1,4,"[[0, 1, 2, 3]]",0.7290781116502738,0.7290781116502738,0.0,4.0,4.0,0.4,0.4,0.8571428571428571,0.8571428571428571
full_bundle,simu5g_00000446,23.6,gnb_2,1|2|4|5,4,7,25,0.28,12,15,3,13.75,2,2,0,2.0,126.24945505829643,68.45669572115654,3.2499999999999996,0.3333333333333335,1,4,"[[0, 1, 2, 3]]",0.7290781116502738,0.7290781116502738,0.0,4.0,4.0,0.4,0.4,0.8571428571428571,0.8571428571428571
full_bundle,simu5g_00000447,23.7,gnb_1,0|15|3|31,4,7,25,0.28,13,15,2,14.25,2,2,0,2.0,105.67292998815114,39.35804642090112,3.208333333333333,0.16666666666666696,1,4,"[[0, 1, 2, 3]]",0.7290781116502738,0.7290781116502738,0.0,4.0,4.0,0.4,0.4,0.8571428571428571,0.8571428571428571
full_bundle,simu5g_00000448,23.7,gnb_2,1|2|4|5,4,7,25,0.28,11,15,4,13.0,2,2,0,2.0,126.02058377719749,68.37471725526564,3.3749999999999996,0.5,1,4,"[[0, 1, 2, 3]]",0.7290781116502738,0.7290781116502738,0.0,4.0,4.0,0.4,0.4,1.0,1.0
full_bundle,simu5g_00000449,23.8,gnb_1,0|15|3|31,4,7,25,0.28,12,15,3,14.0,2,2,0,2.0,105.74022269369118,38.66135508673898,3.2499999999999996,0.3333333333333335,1,4,"[[0, 1, 2, 3]]",0.7290781116502738,0.7290781116502738,0.0,4.0,4.0,0.4,0.4,0.8571428571428571,0.8571428571428571
full_bundle,simu5g_00000450,23.8,gnb_2,1|2|4|5,4,7,25,0.28,11,15,4,13.0,2,2,0,2.0,125.79431373684896,68.2768194822319,3.3749999999999996,0.5,1,4,"[[0, 1, 2, 3]]",0.7290781116502738,0.7290781116502738,0.0,4.0,4.0,0.4,0.4,1.0,1.0
full_bundle,simu5g_00000451,23.9,gnb_1,0|15|3|31,4,7,25,0.28,12,15,3,14.0,2,2,0,2.0,105.81524454785391,39.00757122169519,3.2499999999999996,0.3333333333333335,1,4,"[[0, 1, 2, 3]]",0.7290781116502738,0.7290781116502738,0.0,4.0,4.0,0.4,0.4,0.8571428571428571,0.8571428571428571
full_bundle,simu5g_00000452,23.9,gnb_2,1|2|4|5,4,7,25,0.28,11,15,4,13.25,2,2,0,2.0,125.5712882281378,68.16476958027336,3.333333333333333,0.5,1,4,"[[0, 1, 2, 3]]",0.7290781116502738,0.7290781116502738,0.0,4.0,4.0,0.4,0.4,0.8571428571428571,0.8571428571428571
full_bundle,simu5g_00000453,24.0,gnb_1,0|1|15|31,4,7,25,0.28,13,15,2,14.25,2,2,0,2.0,98.90855572414753,39.584636106522495,3.208333333333333,0.16666666666666696,1,4,"[[0, 1, 2, 3]]",0.7290781116502738,0.7290781116502738,0.0,4.0,4.0,0.4,0.4,0.8571428571428571,0.8571428571428571
full_bundle,simu5g_00000454,24.0,gnb_2,2|3|4|5,4,7,25,0.28,11,14,3,12.75,2,2,0,2.0,132.3400751347627,65.04645530434769,3.375,0.5,1,4,"[[0, 1, 2, 3]]",0.7290781116502738,0.7290781116502738,0.0,4.0,4.0,0.4,0.4,0.8571428571428571,0.8571428571428571
full_bundle,simu5g_00000455,24.1,gnb_1,0|1|15|31,4,7,25,0.28,13,15,2,14.25,2,2,0,2.0,99.13284923207769,40.16479472870313,3.208333333333333,0.16666666666666696,1,4,"[[0, 1, 2, 3]]",0.7290781116502738,0.7290781116502738,0.0,4.0,4.0,0.4,0.4,0.8571428571428571,0.8571428571428571
full_bundle,simu5g_00000456,24.1,gnb_2,2|3|4|5,4,7,25,0.28,11,14,3,12.75,2,2,0,2.0,131.9878837264346,65.10569824845794,3.375,0.5,1,4,"[[0, 1, 2, 3]]",0.7290781116502738,0.7290781116502738,0.0,4.0,4.0,0.4,0.4,0.8571428571428571,0.8571428571428571
full_bundle,simu5g_00000457,24.2,gnb_1,0|1|15|31,4,7,25,0.28,13,15,2,14.25,2,2,0,2.0,99.36688826394865,40.746350312881376,3.208333333333333,0.16666666666666696,1,4,"[[0, 1, 2, 3]]",0.7290781116502738,0.7290781116502738,0.0,4.0,4.0,0.4,0.4,0.8571428571428571,0.8571428571428571
full_bundle,simu5g_00000458,24.2,gnb_2,2|3|4|5,4,7,25,0.28,11,15,4,13.75,2,2,0,2.0,131.63681927147283,65.14891011052589,3.2916666666666665,0.5,1,4,"[[0, 1, 2, 3]]",0.7290781116502738,0.7290781116502738,0.0,4.0,4.0,0.4,0.4,0.8571428571428571,0.8571428571428571
full_bundle,simu5g_00000459,24.3,gnb_1,0|1|15|31,4,7,25,0.28,13,15,2,14.25,2,2,0,2.0,99.31654014393318,40.151484526457935,3.208333333333333,0.16666666666666696,1,4,"[[0, 1, 2, 3]]",0.7290781116502738,0.7290781116502738,0.0,4.0,4.0,0.4,0.4,0.8571428571428571,0.8571428571428571
full_bundle,simu5g_00000460,24.3,gnb_2,2|3|4|5,4,7,25,0.28,11,15,4,13.75,2,2,0,2.0,131.28637997815576,65.17706365991933,3.2916666666666665,0.5,1,4,"[[0, 1, 2, 3]]",0.7290781116502738,0.7290781116502738,0.0,4.0,4.0,0.4,0.4,0.8571428571428571,0.8571428571428571
full_bundle,simu5g_00000461,24.4,gnb_1,0|1|15|31,4,7,25,0.28,14,15,1,14.5,2,2,0,2.0,99.07309858037458,38.74520554193053,3.1666666666666665,0.0,1,4,"[[0, 1, 2, 3]]",0.7290781116502738,0.7290781116502738,0.0,4.0,4.0,0.4,0.4,0.7142857142857143,0.7142857142857143
full_bundle,simu5g_00000462,24.4,gnb_2,2|3|4|5,4,7,25,0.28,12,15,3,14.0,2,2,0,2.0,130.93626288259549,65.18579774772144,3.208333333333333,0.16666666666666696,1,4,"[[0, 1, 2, 3]]",0.7290781116502738,0.7290781116502738,0.0,4.0,4.0,0.4,0.4,0.8571428571428571,0.8571428571428571
full_bundle,simu5g_00000463,24.5,gnb_1,0|1|15|31,4,7,25,0.28,14,15,1,14.5,2,2,0,2.0,98.83664881251812,37.32804575963701,3.1666666666666665,0.0,1,4,"[[0, 1, 2, 3]]",0.7290781116502738,0.7290781116502738,0.0,4.0,4.0,0.4,0.4,0.7142857142857143,0.7142857142857143
full_bundle,simu5g_00000464,24.5,gnb_2,2|3|4|5,4,7,25,0.28,12,15,3,14.0,2,2,0,2.0,130.58617314463936,65.17593219996233,3.208333333333333,0.16666666666666696,1,4,"[[0, 1, 2, 3]]",0.7290781116502738,0.7290781116502738,0.0,4.0,4.0,0.4,0.4,0.8571428571428571,0.8571428571428571
full_bundle,simu5g_00000465,24.6,gnb_1,0|1|15|31,4,7,25,0.28,14,15,1,14.5,2,2,0,2.0,98.60917955701083,35.907625480943594,3.1666666666666665,0.0,1,4,"[[0, 1, 2, 3]]",0.7290781116502738,0.7290781116502738,0.0,4.0,4.0,0.4,0.4,0.7142857142857143,0.7142857142857143
full_bundle,simu5g_00000466,24.6,gnb_2,2|3|4|5,4,7,25,0.28,12,15,3,13.75,2,2,0,2.0,130.2364156936275,65.14815511400958,3.208333333333333,0.16666666666666696,1,4,"[[0, 1, 2, 3]]",0.7290781116502738,0.7290781116502738,0.0,4.0,4.0,0.4,0.4,0.8571428571428571,0.8571428571428571
full_bundle,simu5g_00000467,24.7,gnb_1,0|1|15|31,4,7,25,0.28,14,15,1,14.5,2,2,0,2.0,98.38868416351879,34.47570639354802,3.1666666666666665,0.0,1,4,"[[0, 1, 2, 3]]",0.7290781116502738,0.7290781116502738,0.0,4.0,4.0,0.4,0.4,0.7142857142857143,0.7142857142857143
full_bundle,simu5g_00000468,24.7,gnb_2,2|3|4|5,4,7,25,0.28,12,15,3,13.75,2,2,0,2.0,129.88710887828515,65.10591305699879,3.208333333333333,0.16666666666666696,1,4,"[[0, 1, 2, 3]]",0.7290781116502738,0.7290781116502738,0.0,4.0,4.0,0.4,0.4,0.8571428571428571,0.8571428571428571
full_bundle,simu5g_00000469,24.8,gnb_1,0|1|15|31,4,7,25,0.28,13,15,2,14.25,2,2,0,2.0,98.17641061090572,33.037846331929146,3.208333333333333,0.16666666666666696,1,4,"[[0, 1, 2, 3]]",0.7290781116502738,0.7290781116502738,0.0,4.0,4.0,0.4,0.4,0.8571428571428571,0.8571428571428571
full_bundle,simu5g_00000470,24.8,gnb_2,2|3|4|5,4,7,25,0.28,12,15,3,13.75,2,2,0,2.0,129.53775152030087,65.04432810432783,3.208333333333333,0.16666666666666696,1,4,"[[0, 1, 2, 3]]",0.7290781116502738,0.7290781116502738,0.0,4.0,4.0,0.4,0.4,0.8571428571428571,0.8571428571428571
full_bundle,simu5g_00000471,24.9,gnb_1,0|1|15|31,4,7,25,0.28,13,15,2,14.5,2,2,0,2.0,97.97244009393202,31.594055064088394,3.208333333333333,0.16666666666666696,1,4,"[[0, 1, 2, 3]]",0.7290781116502738,0.7290781116502738,0.0,4.0,4.0,0.4,0.4,0.8571428571428571,0.8571428571428571
full_bundle,simu5g_00000472,24.9,gnb_2,2|3|4|5,4,7,25,0.28,12,15,3,13.75,2,2,0,2.0,129.1898126055183,64.96808627474805,3.208333333333333,0.16666666666666696,1,4,"[[0, 1, 2, 3]]",0.7290781116502738,0.7290781116502738,0.0,4.0,4.0,0.4,0.4,0.8571428571428571,0.8571428571428571
full_bundle,simu5g_00000473,25.0,gnb_1,0|1|15|2|31,5,7,25,0.28,13,15,2,14.6,2,2,0,2.0,97.10825950744213,30.14404835641629,3.1999999999999997,0.16666666666666696,1,5,"[[0, 1, 2, 3, 4]]",0.7290781116502738,0.7290781116502738,0.0,4.0,4.0,0.4,0.4,0.8571428571428571,0.8571428571428571
full_bundle,simu5g_00000474,25.0,gnb_2,3|4|5,3,7,25,0.28,12,15,3,13.666666666666666,2,2,0,2.0,140.31235387685635,43.75307234568059,3.222222222222222,0.16666666666666696,1,3,"[[0, 1, 2]]",0.7290781116502738,0.7290781116502738,0.0,4.0,4.0,0.4000000000000001,0.4000000000000001,0.8571428571428571,0.8571428571428571
full_bundle,simu5g_00000475,25.1,gnb_1,0|1|15|2|31,5,7,25,0.28,13,15,2,14.4,1,2,1,1.6,96.92847432205313,28.686317271717513,3.1999999999999997,0.16666666666666696,1,5,"[[0, 1, 2, 3, 4]]",0.6890781116502739,0.6890781116502739,0.0,4.0,4.0,0.48,0.48,0.8571428571428571,0.8571428571428571
full_bundle,simu5g_00000476,25.1,gnb_2,3|4|5,3,7,25,0.28,11,15,4,13.333333333333334,2,2,0,2.0,139.90077103747896,44.08588195501238,3.2777777777777772,0.3333333333333335,1,3,"[[0, 1, 2]]",0.7290781116502738,0.7290781116502738,0.0,4.0,4.0,0.4000000000000001,0.4000000000000001,0.8571428571428571,0.8571428571428571
full_bundle,simu5g_00000477,25.2,gnb_1,0|1|15|2|31,5,7,25,0.28,14,15,1,14.8,1,2,1,1.6,96.75779190525587,27.225366737935644,3.1666666666666665,0.0,1,5,"[[0, 1, 2, 3, 4]]",0.6890781116502739,0.6890781116502739,0.0,4.0,4.0,0.48,0.48,0.7142857142857143,0.7142857142857143
full_bundle,simu5g_00000478,25.2,gnb_2,3|4|5,3,7,25,0.28,11,15,4,13.333333333333334,2,2,0,2.0,139.48752506114042,44.41240223818734,3.2777777777777772,0.3333333333333335,1,3,"[[0, 1, 2]]",0.7290781116502738,0.7290781116502738,0.0,4.0,4.0,0.4000000000000001,0.4000000000000001,0.8571428571428571,0.8571428571428571
full_bundle,simu5g_00000479,25.3,gnb_1,0|1|15|2|31,5,7,25,0.28,14,15,1,14.8,1,2,1,1.6,96.59541529668377,25.756371691666317,3.1666666666666665,0.0,1,5,"[[0, 1, 2, 3, 4]]",0.6890781116502739,0.6890781116502739,0.0,4.0,4.0,0.48,0.48,0.7142857142857143,0.7142857142857143
full_bundle,simu5g_00000480,25.3,gnb_2,3|4|5,3,7,25,0.28,11,15,4,13.333333333333334,2,2,0,2.0,139.0728255863355,44.73267386927107,3.2777777777777772,0.3333333333333335,1,3,"[[0, 1, 2]]",0.7290781116502738,0.7290781116502738,0.0,4.0,4.0,0.4000000000000001,0.4000000000000001,0.8571428571428571,0.8571428571428571
full_bundle,simu5g_00000481,25.4,gnb_1,0|1|15|2|31,5,7,25,0.28,14,15,1,14.8,1,2,1,1.6,96.4422386068464,24.28209006322689,3.1666666666666665,0.0,1,5,"[[0, 1, 2, 3, 4]]",0.6890781116502739,0.6890781116502739,0.0,4.0,4.0,0.48,0.48,0.7142857142857143,0.7142857142857143
full_bundle,simu5g_00000482,25.4,gnb_2,3|4|5,3,7,25,0.28,11,15,4,13.333333333333334,2,2,0,2.0,138.65599398509931,45.04269744060058,3.2777777777777772,0.3333333333333335,1,3,"[[0, 1, 2]]",0.7290781116502738,0.7290781116502738,0.0,4.0,4.0,0.4000000000000001,0.4000000000000001,0.8571428571428571,0.8571428571428571
full_bundle,simu5g_00000483,25.5,gnb_1,0|1|15|2|31,5,7,25,0.28,14,15,1,14.8,1,2,1,1.6,96.29827748048854,22.80491881578213,3.1666666666666665,0.0,1,5,"[[0, 1, 2, 3, 4]]",0.6890781116502739,0.6890781116502739,0.0,4.0,4.0,0.48,0.48,0.7142857142857143,0.7142857142857143
full_bundle,simu5g_00000484,25.5,gnb_2,3|4|5,3,7,25,0.28,11,15,4,13.333333333333334,2,2,0,2.0,138.23747338742325,45.34609092092457,3.2777777777777772,0.3333333333333335,1,3,"[[0, 1, 2]]",0.7290781116502738,0.7290781116502738,0.0,4.0,4.0,0.4000000000000001,0.4000000000000001,0.8571428571428571,0.8571428571428571
full_bundle,simu5g_00000485,25.6,gnb_1,0|1|15|2|31,5,7,25,0.28,14,15,1,14.6,1,2,1,1.6,96.1628002667577,21.321485775150805,3.1666666666666665,0.0,1,5,"[[0, 1, 2, 3, 4]]",0.6890781116502739,0.6890781116502739,0.0,4.0,4.0,0.48,0.48,0.7142857142857143,0.7142857142857143
full_bundle,simu5g_00000486,25.6,gnb_2,3|4|5,3,7,25,0.28,11,14,3,13.0,2,2,0,2.0,137.8169114098069,45.64366679938823,3.2777777777777772,0.3333333333333335,1,3,"[[0, 1, 2]]",0.7290781116502738,0.7290781116502738,0.0,4.0,4.0,0.4000000000000001,0.4000000000000001,0.8571428571428571,0.8571428571428571
full_bundle,simu5g_00000487,25.7,gnb_1,0|1|15|2|31,5,7,25,0.28,13,15,2,14.2,1,2,1,1.6,96.03581497986502,19.832032632362356,3.2,0.16666666666666696,1,5,"[[0, 1, 2, 3, 4]]",0.6890781116502739,0.6890781116502739,0.0,4.0,4.0,0.48,0.48,0.8571428571428571,0.8571428571428571
full_bundle,simu5g_00000488,25.7,gnb_2,3|4|5,3,7,25,0.28,12,14,2,13.333333333333334,2,2,0,2.0,137.3946418054101,45.93222630395071,3.222222222222222,0.16666666666666696,1,3,"[[0, 1, 2]]",0.7290781116502738,0.7290781116502738,0.0,4.0,4.0,0.4000000000000001,0.4000000000000001,0.8571428571428571,0.8571428571428571
full_bundle,simu5g_00000489,25.8,gnb_1,0|1|15|2|31,5,7,25,0.28,13,15,2,14.2,1,2,1,1.6,95.91822734671733,18.340307383734924,3.2,0.16666666666666696,1,5,"[[0, 1, 2, 3, 4]]",0.6890781116502739,0.6890781116502739,0.0,4.0,4.0,0.48,0.48,0.8571428571428571,0.8571428571428571
full_bundle,simu5g_00000490,25.8,gnb_2,3|4|5|6,4,4,25,0.16,11,14,3,12.75,1,4,3,3.25,143.76817380834677,53.25995240528994,3.9999999999999996,3.1666666666666665,2,3|1,"[[0, 1, 3], [2]]",0.46038813356301367,0.3809363916924876,0.07945174187052606,2.25,2.0,0.2,0.35,1.0,0.75
full_bundle,simu5g_00000491,25.9,gnb_1,0|1|15|2|31,5,7,25,0.28,13,15,2,14.2,1,2,1,1.6,95.8089566403606,16.84228587937264,3.2,0.16666666666666696,1,5,"[[0, 1, 2, 3, 4]]",0.6890781116502739,0.6890781116502739,0.0,4.0,4.0,0.48,0.48,0.8571428571428571,0.8571428571428571
full_bundle,simu5g_00000492,25.9,gnb_2,3|4|5|6,4,4,25,0.16,11,15,4,13.0,1,4,3,3.25,143.43960765779048,53.79266141690404,3.9999999999999996,3.1666666666666665,2,3|1,"[[0, 1, 3], [2]]",0.46038813356301367,0.3809363916924876,0.07945174187052606,2.25,2.0,0.2,0.35,1.0,0.75
full_bundle,simu5g_00000493,26.0,gnb_1,0|1|15|2|31,5,7,25,0.28,15,15,0,15.0,1,2,1,1.6,95.70913891472306,15.3398590311659,3.1666666666666665,0.0,1,5,"[[0, 1, 2, 3, 4]]",0.6890781116502739,0.6890781116502739,0.0,4.0,4.0,0.48,0.48,0.7142857142857143,0.7142857142857143
full_bundle,simu5g_00000494,26.0,gnb_2,3|4|5|6,4,4,25,0.16,11,15,4,13.0,1,4,3,3.25,143.10776510072918,54.31546445917297,3.9999999999999996,3.1666666666666665,2,3|1,"[[0, 1, 3], [2]]",0.46038813356301367,0.3809363916924876,0.07945174187052606,2.25,2.0,0.2,0.35,1.0,0.75
full_bundle,simu5g_00000495,26.1,gnb_1,0|1|15|2|31,5,7,25,0.28,15,15,0,15.0,1,2,1,1.6,95.6173833134178,13.82913370066403,3.1666666666666665,0.0,1,5,"[[0, 1, 2, 3, 4]]",0.6890781116502739,0.6890781116502739,0.0,4.0,4.0,0.48,0.48,0.7142857142857143,0.7142857142857143
full_bundle,simu5g_00000496,26.1,gnb_2,3|4|5|6,4,4,25,0.16,11,15,4,13.0,1,4,3,3.25,142.7734855474341,54.83180685391086,3.9999999999999996,3.1666666666666665,2,3|1,"[[0, 1, 3], [2]]",0.46038813356301367,0.3809363916924876,0.07945174187052606,2.25,2.0,0.2,0.35,1.0,0.75
full_bundle,simu5g_00000497,26.2,gnb_1,0|1|15|2|31,5,7,25,0.28,14,15,1,14.8,1,2,1,1.6,95.53478062083033,12.317652670593134,3.1666666666666665,0.0,1,5,"[[0, 1, 2, 3, 4]]",0.6890781116502739,0.6890781116502739,0.0,4.0,4.0,0.48,0.48,0.7142857142857143,0.7142857142857143
full_bundle,simu5g_00000498,26.2,gnb_2,3|4|5|6,4,4,25,0.16,11,14,3,12.75,1,4,3,3.25,142.4375219613089,55.33755296050147,4.041666666666667,3.1666666666666665,2,3|1,"[[0, 1, 3], [2]]",0.46038813356301367,0.3809363916924876,0.07945174187052606,2.25,2.0,0.2,0.35,1.0,0.75
full_bundle,simu5g_00000499,26.3,gnb_1,0|1|15|2|31,5,7,25,0.28,14,15,1,14.8,1,2,1,1.6,95.4602715408563,10.799951675723307,3.1666666666666665,0.0,1,5,"[[0, 1, 2, 3, 4]]",0.6890781116502739,0.6890781116502739,0.0,4.0,4.0,0.48,0.48,0.7142857142857143,0.7142857142857143
full_bundle,simu5g_00000500,26.3,gnb_2,3|4|5|6,4,4,25,0.16,11,14,3,13.0,1,4,3,3.25,142.0996237171786,55.83539879755463,4.041666666666667,3.1666666666666665,2,3|1,"[[0, 1, 3], [2]]",0.46038813356301367,0.3809363916924876,0.07945174187052606,2.25,2.0,0.2,0.35,1.0,0.75
full_bundle,simu5g_00000501,26.4,gnb_1,0|1|15|2|31,5,7,25,0.28,14,15,1,14.8,1,2,1,1.6,95.39531259954143,9.340475759034547,3.1666666666666665,0.0,1,5,"[[0, 1, 2, 3, 4]]",0.6890781116502739,0.6890781116502739,0.0,4.0,4.0,0.48,0.48,0.7142857142857143,0.7142857142857143
full_bundle,simu5g_00000502,26.4,gnb_2,3|4|5|6,4,4,25,0.16,11,14,3,13.0,1,4,3,3.25,141.76030985485892,56.32359231140079,4.041666666666667,3.1666666666666665,2,3|1,"[[0, 1, 3], [2]]",0.46038813356301367,0.3809363916924876,0.07945174187052606,2.25,2.0,0.2,0.35,1.0,0.75
full_bundle,simu5g_00000503,26.5,gnb_1,0|1|15|2|31,5,7,25,0.28,13,15,2,14.6,1,2,1,1.6,95.33890910115123,9.321857274211837,3.1666666666666665,0.0,1,5,"[[0, 1, 2, 3, 4]]",0.6890781116502739,0.6890781116502739,0.0,4.0,4.0,0.48,0.48,0.7142857142857143,0.7142857142857143
full_bundle,simu5g_00000504,26.5,gnb_2,3|4|5|6,4,4,25,0.16,11,14,3,13.0,1,4,3,3.25,141.41994253742445,56.80329986381359,3.9999999999999996,3.1666666666666665,2,3|1,"[[0, 1, 3], [2]]",0.46038813356301367,0.3809363916924876,0.07945174187052606,2.25,2.0,0.2,0.35,1.0,0.75
full_bundle,simu5g_00000505,26.6,gnb_1,0|1|15|2|31,5,7,25,0.28,13,15,2,14.4,1,2,1,1.6,95.29210963389353,9.30202908348167,3.1666666666666665,0.0,1,5,"[[0, 1, 2, 3, 4]]",0.6890781116502739,0.6890781116502739,0.0,4.0,4.0,0.48,0.48,0.8571428571428571,0.8571428571428571
full_bundle,simu5g_00000506,26.6,gnb_2,3|4|5|6,4,4,25,0.16,11,14,3,13.0,1,4,3,3.25,141.07713211259306,57.27151939916615,3.9999999999999996,3.1666666666666665,2,3|1,"[[0, 1, 3], [2]]",0.46038813356301367,0.3809363916924876,0.07945174187052606,2.25,2.0,0.2,0.35,1.0,0.75
full_bundle,simu5g_00000507,26.7,gnb_1,0|1|15|2|31,5,7,25,0.28,13,15,2,14.4,1,2,1,1.6,95.25340114356575,9.278887326598536,3.1666666666666665,0.0,1,5,"[[0, 1, 2, 3, 4]]",0.6890781116502739,0.6890781116502739,0.0,4.0,4.0,0.48,0.48,0.8571428571428571,0.8571428571428571
full_bundle,simu5g_00000508,26.7,gnb_2,3|4|5|6,4,4,25,0.16,11,14,3,13.0,1,4,3,3.25,140.73289048733855,57.72956834388424,3.9999999999999996,3.1666666666666665,2,3|1,"[[0, 1, 3], [2]]",0.46038813356301367,0.3809363916924876,0.07945174187052606,2.25,2.0,0.2,0.35,1.0,0.75
full_bundle,simu5g_00000509,26.8,gnb_1,0|1|15|2|31,5,7,25,0.28,14,15,1,14.6,1,2,1,1.6,95.22407249695513,9.256006673111088,3.1666666666666665,0.0,1,5,"[[0, 1, 2, 3, 4]]",0.6890781116502739,0.6890781116502739,0.0,4.0,4.0,0.48,0.48,0.7142857142857143,0.7142857142857143
full_bundle,simu5g_00000510,26.8,gnb_2,3|4|5|6,4,4,25,0.16,11,15,4,13.25,1,4,3,3.25,140.3868038858348,58.17838121361012,3.9999999999999996,3.1666666666666665,2,3|1,"[[0, 1, 3], [2]]",0.46038813356301367,0.3809363916924876,0.07945174187052606,2.25,2.0,0.2,0.35,1.0,0.75
full_bundle,simu5g_00000511,26.9,gnb_1,0|1|15|2|31,5,7,25,0.28,13,15,2,14.4,1,2,1,1.6,95.20354313438901,9.232263621689825,3.2,0.16666666666666696,1,5,"[[0, 1, 2, 3, 4]]",0.6890781116502739,0.6890781116502739,0.0,4.0,4.0,0.48,0.48,0.8571428571428571,0.8571428571428571
full_bundle,simu5g_00000512,26.9,gnb_2,3|4|5|6,4,4,25,0.16,11,15,4,13.25,1,4,3,3.25,140.03944826941608,58.61667529414535,3.9999999999999996,3.1666666666666665,2,3|1,"[[0, 1, 3], [2]]",0.46038813356301367,0.3809363916924876,0.07945174187052606,2.25,2.0,0.2,0.35,1.0,0.75
full_bundle,simu5g_00000513,27.0,gnb_1,0|1|15|2|31,5,7,25,0.28,13,15,2,14.4,1,2,1,1.6,95.19212039564884,9.206293069732467,3.2,0.16666666666666696,1,5,"[[0, 1, 2, 3, 4]]",0.6890781116502739,0.6890781116502739,0.0,4.0,4.0,0.48,0.48,0.8571428571428571,0.8571428571428571
full_bundle,simu5g_00000514,27.0,gnb_2,3|4|5|6,4,4,25,0.16,11,15,4,13.25,1,4,3,3.25,139.69079375756522,59.04451755774225,3.9999999999999996,3.1666666666666665,2,3|1,"[[0, 1, 3], [2]]",0.46038813356301367,0.3809363916924876,0.07945174187052606,2.25,2.0,0.2,0.35,1.0,0.75
full_bundle,simu5g_00000515,27.1,gnb_1,0|1|15|2|31,5,7,25,0.28,13,15,2,14.4,1,2,1,1.6,95.18899468018876,10.635532663311267,3.2,0.16666666666666696,1,5,"[[0, 1, 2, 3, 4]]",0.6890781116502739,0.6890781116502739,0.0,4.0,4.0,0.48,0.48,0.8571428571428571,0.8571428571428571
full_bundle,simu5g_00000516,27.1,gnb_2,3|4|5|6,4,4,25,0.16,11,15,4,13.25,1,4,3,3.25,139.34094723674363,59.462913730753144,3.9999999999999996,3.1666666666666665,2,3|1,"[[0, 1, 3], [2]]",0.46038813356301367,0.3809363916924876,0.07945174187052606,2.25,2.0,0.2,0.35,1.0,0.75
full_bundle,simu5g_00000517,27.2,gnb_1,0|1|15|2|31,5,7,25,0.28,13,15,2,14.2,1,2,1,1.6,95.19501803681219,12.14971541542225,3.2,0.16666666666666696,1,5,"[[0, 1, 2, 3, 4]]",0.6890781116502739,0.6890781116502739,0.0,4.0,4.0,0.48,0.48,0.8571428571428571,0.8571428571428571
full_bundle,simu5g_00000518,27.2,gnb_2,3|4|5|6,4,4,25,0.16,11,15,4,13.25,1,4,3,3.25,138.99018152596284,59.868182066559825,3.9999999999999996,3.1666666666666665,2,3|1,"[[0, 1, 3], [2]]",0.46038813356301367,0.3809363916924876,0.07945174187052606,2.25,2.0,0.2,0.35,1.0,0.75
full_bundle,simu5g_00000519,27.3,gnb_1,0|1|15|2|31,5,7,25,0.28,13,15,2,14.2,1,2,1,1.6,95.20984152044835,13.664784490595167,3.2,0.16666666666666696,1,5,"[[0, 1, 2, 3, 4]]",0.6890781116502739,0.6890781116502739,0.0,4.0,4.0,0.48,0.48,0.8571428571428571,0.8571428571428571
full_bundle,simu5g_00000520,27.3,gnb_2,3|4|5|6,4,4,25,0.16,11,15,4,13.25,1,4,3,3.25,138.63906215587065,60.261560949063735,3.9999999999999996,3.1666666666666665,2,3|1,"[[0, 1, 3], [2]]",0.46038813356301367,0.3809363916924876,0.07945174187052606,2.25,2.0,0.2,0.35,1.0,0.75
full_bundle,simu5g_00000521,27.4,gnb_1,0|1|15|2|31,5,7,25,0.28,13,15,2,14.6,1,2,1,1.6,95.23302565253198,15.181124225984306,3.2,0.16666666666666696,1,5,"[[0, 1, 2, 3, 4]]",0.6890781116502739,0.6890781116502739,0.0,4.0,4.0,0.48,0.48,0.8571428571428571,0.8571428571428571
full_bundle,simu5g_00000522,27.4,gnb_2,3|4|5|6,4,4,25,0.16,10,14,4,12.75,1,4,3,3.25,138.28637462865197,60.64260398918603,4.083333333333334,3.5000000000000004,2,3|1,"[[0, 1, 3], [2]]",0.46038813356301367,0.3809363916924876,0.07945174187052606,2.25,2.0,0.2,0.35,1.0,0.75
full_bundle,simu5g_00000523,27.5,gnb_1,0|1|15|2|31,5,7,25,0.28,13,15,2,14.6,1,2,1,1.6,95.26517030416998,16.694566913038045,3.2,0.16666666666666696,1,5,"[[0, 1, 2, 3, 4]]",0.6890781116502739,0.6890781116502739,0.0,4.0,4.0,0.48,0.48,0.8571428571428571,0.8571428571428571
full_bundle,simu5g_00000524,27.5,gnb_2,3|4|5|6,4,4,25,0.16,10,14,4,12.75,1,4,3,3.25,137.93291217363432,61.01083362454732,4.083333333333334,3.5000000000000004,2,3|1,"[[0, 1, 3], [2]]",0.46038813356301367,0.3809363916924876,0.07945174187052606,2.25,2.0,0.2,0.35,1.0,0.75
full_bundle,simu5g_00000525,27.6,gnb_1,0|1|15|2|31,5,7,25,0.28,13,15,2,14.6,1,2,1,1.6,95.30587669418634,18.21047211975973,3.2,0.16666666666666696,1,5,"[[0, 1, 2, 3, 4]]",0.6890781116502739,0.6890781116502739,0.0,4.0,4.0,0.48,0.48,0.8571428571428571,0.8571428571428571
full_bundle,simu5g_00000526,27.6,gnb_2,3|4|5|6,4,4,25,0.16,10,14,4,12.5,1,4,3,3.25,137.5784786307995,61.36560527336127,4.125,3.5000000000000004,2,3|1,"[[0, 1, 3], [2]]",0.46038813356301367,0.3809363916924876,0.07945174187052606,2.25,2.0,0.2,0.35,1.0,0.75
full_bundle,simu5g_00000527,27.7,gnb_1,0|1|15|2|31,5,7,25,0.28,13,15,2,14.6,1,2,1,1.6,95.35557541382101,19.72389047537591,3.2,0.16666666666666696,1,5,"[[0, 1, 2, 3, 4]]",0.6890781116502739,0.6890781116502739,0.0,4.0,4.0,0.48,0.48,0.8571428571428571,0.8571428571428571
full_bundle,simu5g_00000528,27.7,gnb_2,3|4|5|6,4,4,25,0.16,10,15,5,12.75,1,4,3,3.25,137.2229467601257,61.70570009025802,4.125,3.5000000000000004,2,3|1,"[[0, 1, 3], [2]]",0.46038813356301367,0.3809363916924876,0.07945174187052606,2.25,2.0,0.2,0.35,1.0,0.75
full_bundle,simu5g_00000529,27.8,gnb_1,0|1|15|2|31,5,7,25,0.28,13,15,2,14.6,1,2,1,1.6,95.41456381098871,21.235681400192632,3.2,0.16666666666666696,1,5,"[[0, 1, 2, 3, 4]]",0.6890781116502739,0.6890781116502739,0.0,4.0,4.0,0.48,0.48,0.8571428571428571,0.8571428571428571
full_bundle,simu5g_00000530,27.8,gnb_2,3|4|5|6,4,4,25,0.16,10,15,5,12.75,1,4,3,3.25,136.8666333076432,62.033227480342234,4.125,3.5000000000000004,2,3|1,"[[0, 1, 3], [2]]",0.46038813356301367,0.3809363916924876,0.07945174187052606,2.25,2.0,0.2,0.35,1.0,0.75
full_bundle,simu5g_00000531,27.9,gnb_1,0|1|15|2|31,5,7,25,0.28,11,15,4,14.2,1,2,1,1.6,95.48246696181793,22.74636655925822,3.2333333333333334,0.3333333333333335,1,5,"[[0, 1, 2, 3, 4]]",0.6890781116502739,0.6890781116502739,0.0,4.0,4.0,0.48,0.48,0.8571428571428571,0.8571428571428571
full_bundle,simu5g_00000532,27.9,gnb_2,3|4|5|6,4,4,25,0.16,9,15,6,12.0,2,3,1,2.5,136.50960177828216,62.34705776550591,4.458333333333333,3.0000000000000004,1,4,"[[0, 1, 2, 3]]",0.5059363916924877,0.5059363916924877,0.0,2.0,2.0,0.1,0.1,0.75,0.75
full_bundle,simu5g_00000533,28.0,gnb_1,0|1|15|2|31,5,7,25,0.28,11,15,4,14.0,1,2,1,1.4,95.55972612736278,24.25600797997778,3.2333333333333334,0.3333333333333335,1,5,"[[0, 1, 2, 3, 4]]",0.669078111650274,0.6690781116502739,1.1102230246251565e-16,4.0,4.0,0.52,0.52,0.8571428571428571,0.8571428571428571
full_bundle,simu5g_00000534,28.0,gnb_2,3|4|5|6,4,4,25,0.16,9,15,6,11.75,2,3,1,2.5,136.15300469812277,62.647257154094504,4.666666666666667,3.0000000000000004,1,4,"[[0, 1, 2, 3]]",0.5059363916924877,0.5059363916924877,0.0,2.0,2.0,0.1,0.1,0.75,0.75
full_bundle,simu5g_00000535,28.1,gnb_1,0|1|15|2|31,5,7,25,0.28,11,15,4,14.0,1,2,1,1.4,95.64534119180378,25.76343262125559,3.2333333333333334,0.3333333333333335,1,5,"[[0, 1, 2, 3, 4]]",0.669078111650274,0.6690781116502739,1.1102230246251565e-16,4.0,4.0,0.52,0.52,0.8571428571428571,0.8571428571428571
full_bundle,simu5g_00000536,28.1,gnb_2,3|4|5|6,4,4,25,0.16,9,15,6,11.75,2,3,1,2.5,135.79603525870607,62.932537969668374,4.666666666666667,3.0000000000000004,1,4,"[[0, 1, 2, 3]]",0.5059363916924877,0.5059363916924877,0.0,2.0,2.0,0.1,0.1,0.75,0.75
full_bundle,simu5g_00000537,28.2,gnb_1,0|1|15|2|31,5,7,25,0.28,11,15,4,14.0,1,2,1,1.4,95.74106411669182,27.264142006156106,3.2333333333333334,0.3333333333333335,1,5,"[[0, 1, 2, 3, 4]]",0.669078111650274,0.6690781116502739,1.1102230246251565e-16,4.0,4.0,0.52,0.52,0.8571428571428571,0.8571428571428571
full_bundle,simu5g_00000538,28.2,gnb_2,3|4|5|6,4,4,25,0.16,9,15,6,11.75,2,3,1,2.5,135.43864086410665,63.2042501271809,4.666666666666667,3.0000000000000004,1,4,"[[0, 1, 2, 3]]",0.5059363916924877,0.5059363916924877,0.0,2.0,2.0,0.1,0.1,0.75,0.75
full_bundle,simu5g_00000539,28.3,gnb_1,0|1|15|2|31,5,7,25,0.28,12,15,3,14.4,1,2,1,1.4,95.84594871541124,28.75910568309162,3.2333333333333334,0.3333333333333335,1,5,"[[0, 1, 2, 3, 4]]",0.669078111650274,0.6690781116502739,1.1102230246251565e-16,4.0,4.0,0.52,0.52,0.8571428571428571,0.8571428571428571
full_bundle,simu5g_00000540,28.3,gnb_2,3|4|5|6,4,4,25,0.16,9,14,5,11.5,2,3,1,2.5,135.08143504305218,63.4600609210608,4.666666666666667,3.0000000000000004,1,4,"[[0, 1, 2, 3]]",0.5059363916924877,0.5059363916924877,0.0,2.0,2.0,0.1,0.1,0.75,0.75
full_bundle,simu5g_00000541,28.4,gnb_1,0|1|15|2|31,5,7,25,0.28,12,15,3,14.0,1,2,1,1.4,95.95981293298765,30.249241050841107,3.2333333333333334,0.3333333333333335,1,5,"[[0, 1, 2, 3, 4]]",0.669078111650274,0.6690781116502739,1.1102230246251565e-16,4.0,4.0,0.52,0.52,0.8571428571428571,0.8571428571428571
full_bundle,simu5g_00000542,28.4,gnb_2,3|4|5|6,4,4,25,0.16,9,14,5,11.5,2,3,1,2.5,134.7244578155714,63.69980371802404,4.666666666666667,3.0000000000000004,1,4,"[[0, 1, 2, 3]]",0.5059363916924877,0.5059363916924877,0.0,2.0,2.0,0.1,0.1,0.75,0.75
full_bundle,simu5g_00000543,28.5,gnb_1,0|1|15|2|31,5,7,25,0.28,12,15,3,14.0,1,2,1,1.4,96.08213633243123,31.7382382623625,3.2333333333333334,0.3333333333333335,1,5,"[[0, 1, 2, 3, 4]]",0.669078111650274,0.6690781116502739,1.1102230246251565e-16,4.0,4.0,0.52,0.52,0.8571428571428571,0.8571428571428571
full_bundle,simu5g_00000544,28.5,gnb_2,3|4|5|6,4,4,25,0.16,9,14,5,11.5,2,3,1,2.5,134.36708257147134,63.92196480947395,4.666666666666667,3.0000000000000004,1,4,"[[0, 1, 2, 3]]",0.5059363916924877,0.5059363916924877,0.0,2.0,2.0,0.1,0.1,0.75,0.75
full_bundle,simu5g_00000545,28.6,gnb_1,0|1|15|2|31,5,7,25,0.28,12,15,3,14.0,1,2,1,1.4,96.21340292243858,33.22050186707743,3.2333333333333334,0.3333333333333335,1,5,"[[0, 1, 2, 3, 4]]",0.669078111650274,0.6690781116502739,1.1102230246251565e-16,4.0,4.0,0.52,0.52,0.8571428571428571,0.8571428571428571
full_bundle,simu5g_00000546,28.6,gnb_2,3|4|5|6,4,4,25,0.16,9,14,5,11.5,2,3,1,2.5,134.01077449783645,64.12780472582662,4.666666666666667,3.0000000000000004,1,4,"[[0, 1, 2, 3]]",0.5059363916924877,0.5059363916924877,0.0,2.0,2.0,0.1,0.1,0.75,0.75
full_bundle,simu5g_00000547,28.7,gnb_1,0|1|15|2|31,5,7,25,0.28,13,15,2,14.4,1,2,1,1.4,96.35382220247129,34.6951808412683,3.1666666666666665,0.0,1,5,"[[0, 1, 2, 3, 4]]",0.6690781116502739,0.6690781116502739,0.0,4.0,4.0,0.52,0.52,0.8571428571428571,0.8571428571428571
full_bundle,simu5g_00000548,28.7,gnb_2,3|4|5|6,4,4,25,0.16,9,14,5,11.5,2,3,1,2.5,133.65482507350606,64.31259897976025,4.666666666666667,3.0000000000000004,1,4,"[[0, 1, 2, 3]]",0.5059363916924877,0.5059363916924877,0.0,2.0,2.0,0.1,0.1,0.75,0.75
full_bundle,simu5g_00000549,28.8,gnb_1,0|1|15|2|31,5,7,25,0.28,14,15,1,14.8,1,2,1,1.4,96.50362301613038,36.16598183038242,3.1666666666666665,0.0,1,5,"[[0, 1, 2, 3, 4]]",0.6690781116502739,0.6690781116502739,0.0,4.0,4.0,0.52,0.52,0.7142857142857143,0.7142857142857143
full_bundle,simu5g_00000550,28.8,gnb_2,3|4|5|6,4,4,25,0.16,9,14,5,11.5,2,3,1,2.5,133.29924983148385,64.47682175309262,4.666666666666667,3.0000000000000004,1,4,"[[0, 1, 2, 3]]",0.5059363916924877,0.5059363916924877,0.0,2.0,2.0,0.1,0.1,0.75,0.75
full_bundle,simu5g_00000551,28.9,gnb_1,0|1|15|2|31,5,7,25,0.28,13,15,2,14.4,1,2,1,1.6,96.66279039878809,37.62865608834716,3.1666666666666665,0.0,1,5,"[[0, 1, 2, 3, 4]]",0.6890781116502739,0.6890781116502739,0.0,4.0,4.0,0.48,0.48,0.8571428571428571,0.8571428571428571
full_bundle,simu5g_00000552,28.9,gnb_2,3|4|5|6,4,4,25,0.16,10,13,3,11.5,1,4,3,2.75,132.945506089039,64.62070380024238,4.749999999999999,2.9999999999999996,1,4,"[[0, 1, 2, 3]]",0.43093639169248765,0.43093639169248765,0.0,2.0,2.0,0.25,0.25,0.75,0.75
full_bundle,simu5g_00000553,29.0,gnb_1,0|1|15|2|31,5,7,25,0.28,13,15,2,14.4,1,2,1,1.6,96.83108123274474,39.08504360033767,3.1666666666666665,0.0,1,5,"[[0, 1, 2, 3, 4]]",0.6890781116502739,0.6890781116502739,0.0,4.0,4.0,0.48,0.48,0.8571428571428571,0.8571428571428571
full_bundle,simu5g_00000554,29.0,gnb_2,3|4|5|6,4,4,25,0.16,10,14,4,11.75,1,4,3,2.75,132.59328662672738,64.74583526552864,4.708333333333333,3.1666666666666665,1,4,"[[0, 1, 2, 3]]",0.43093639169248765,0.43093639169248765,0.0,2.0,2.0,0.25,0.25,0.75,0.75
full_bundle,simu5g_00000555,29.1,gnb_1,0|1|15|2|31,5,7,25,0.28,13,15,2,14.6,1,2,1,1.6,97.00957012882111,40.530080798452644,3.1666666666666665,0.0,1,5,"[[0, 1, 2, 3, 4]]",0.6890781116502739,0.6890781116502739,0.0,4.0,4.0,0.48,0.48,0.8571428571428571,0.8571428571428571
full_bundle,simu5g_00000556,29.1,gnb_2,3|4|5|6,4,4,25,0.16,10,14,4,11.75,1,4,3,2.75,132.24271629936715,64.85005491280599,4.708333333333333,3.1666666666666665,1,4,"[[0, 1, 2, 3]]",0.43093639169248765,0.43093639169248765,0.0,2.0,2.0,0.25,0.25,0.75,0.75
full_bundle,simu5g_00000557,29.2,gnb_1,0|1|15|2|31,5,7,25,0.28,13,15,2,14.6,1,2,1,1.6,97.19675436172528,41.96501821884378,3.2,0.16666666666666696,1,5,"[[0, 1, 2, 3, 4]]",0.6890781116502739,0.6890781116502739,0.0,4.0,4.0,0.48,0.48,0.8571428571428571,0.8571428571428571
full_bundle,simu5g_00000558,29.2,gnb_2,3|4|5|6,4,4,25,0.16,7,14,7,11.5,1,4,3,2.75,131.89349551465142,64.93511564048818,4.916666666666667,3.8333333333333335,1,4,"[[0, 1, 2, 3]]",0.43093639169248765,0.43093639169248765,0.0,2.0,2.0,0.25,0.25,0.75,0.75
full_bundle,simu5g_00000559,29.3,gnb_1,0|1|15|2|31,5,7,25,0.28,13,15,2,14.6,1,2,1,1.6,97.39438819321424,43.39138311552783,3.2,0.16666666666666696,1,5,"[[0, 1, 2, 3, 4]]",0.6890781116502739,0.6890781116502739,0.0,4.0,4.0,0.48,0.48,0.8571428571428571,0.8571428571428571
full_bundle,simu5g_00000560,29.3,gnb_2,3|4|5|6,4,4,25,0.16,7,14,7,11.5,1,4,3,2.75,131.54565245088207,64.99910865489765,4.916666666666667,3.8333333333333335,1,4,"[[0, 1, 2, 3]]",0.43093639169248765,0.43093639169248765,0.0,2.0,2.0,0.25,0.25,0.75,0.75
full_bundle,simu5g_00000561,29.4,gnb_1,0|1|15|2|31,5,7,25,0.28,13,15,2,14.6,1,2,1,1.6,97.60150639774545,44.804636151676775,3.2,0.16666666666666696,1,5,"[[0, 1, 2, 3, 4]]",0.6890781116502739,0.6890781116502739,0.0,4.0,4.0,0.48,0.48,0.8571428571428571,0.8571428571428571
full_bundle,simu5g_00000562,29.4,gnb_2,3|4|5|6,4,4,25,0.16,7,14,7,11.75,1,4,3,2.75,131.19923426817155,65.04183610593142,4.875000000000001,3.8333333333333335,1,4,"[[0, 1, 2, 3]]",0.43093639169248765,0.43093639169248765,0.0,2.0,2.0,0.25,0.25,0.75,0.75
full_bundle,simu5g_00000563,29.5,gnb_1,0|1|15|2|31,5,7,25,0.28,14,15,1,14.6,1,2,1,1.6,97.81756846470293,46.20806202694136,3.1666666666666665,0.0,1,5,"[[0, 1, 2, 3, 4]]",0.6890781116502739,0.6890781116502739,0.0,4.0,4.0,0.48,0.48,0.7142857142857143,0.7142857142857143
full_bundle,simu5g_00000564,29.5,gnb_2,3|4|5|6,4,4,25,0.16,8,14,6,12.0,1,4,3,2.75,130.85434831168067,65.06530309529583,4.875000000000001,3.8333333333333335,1,4,"[[0, 1, 2, 3]]",0.43093639169248765,0.43093639169248765,0.0,2.0,2.0,0.25,0.25,0.75,0.75
full_bundle,simu5g_00000565,29.6,gnb_1,0|1|15|2|31,5,7,25,0.28,14,15,1,14.6,1,2,1,1.6,98.0435975766394,47.59765424523715,3.1666666666666665,0.0,1,5,"[[0, 1, 2, 3, 4]]",0.6890781116502739,0.6890781116502739,0.0,4.0,4.0,0.48,0.48,0.7142857142857143,0.7142857142857143
full_bundle,simu5g_00000566,29.6,gnb_2,3|4|5|6,4,4,25,0.16,8,14,6,12.0,1,4,3,2.75,130.51106713889263,65.06729023779708,4.875000000000001,3.8333333333333335,1,4,"[[0, 1, 2, 3]]",0.43093639169248765,0.43093639169248765,0.0,2.0,2.0,0.25,0.25,0.75,0.75
full_bundle,simu5g_00000567,29.7,gnb_1,0|1|15|2|31,5,7,25,0.28,14,15,1,14.6,1,2,1,1.6,98.27918480857241,48.97343846448112,3.1666666666666665,0.0,1,5,"[[0, 1, 2, 3, 4]]",0.6890781116502739,0.6890781116502739,0.0,4.0,4.0,0.48,0.48,0.7142857142857143,0.7142857142857143
full_bundle,simu5g_00000568,29.7,gnb_2,3|4|5|6,4,4,25,0.16,8,14,6,12.0,1,4,3,2.75,130.16928021918875,65.05016061245249,4.833333333333334,3.6666666666666665,1,4,"[[0, 1, 2, 3]]",0.43093639169248765,0.43093639169248765,0.0,2.0,2.0,0.25,0.25,0.75,0.75
full_bundle,simu5g_00000569,29.8,gnb_1,0|1|15|2|31,5,7,25,0.28,14,15,1,14.8,1,2,1,1.6,98.52394773332244,50.338019999739686,3.1666666666666665,0.0,1,5,"[[0, 1, 2, 3, 4]]",0.6890781116502739,0.6890781116502739,0.0,4.0,4.0,0.48,0.48,0.7142857142857143,0.7142857142857143
full_bundle,simu5g_00000570,29.8,gnb_2,3|4|5|6,4,4,25,0.16,8,14,6,12.0,1,4,3,2.75,129.82903154940453,65.01428396465656,4.833333333333334,3.6666666666666665,1,4,"[[0, 1, 2, 3]]",0.43093639169248765,0.43093639169248765,0.0,2.0,2.0,0.25,0.25,0.75,0.75
full_bundle,simu5g_00000571,29.9,gnb_1,0|1|15|2|31,5,7,25,0.28,14,15,1,14.8,1,2,1,1.6,98.7781707566726,51.68777684962105,3.1666666666666665,0.0,1,5,"[[0, 1, 2, 3, 4]]",0.6890781116502739,0.6890781116502739,0.0,4.0,4.0,0.48,0.48,0.7142857142857143,0.7142857142857143
full_bundle,simu5g_00000572,29.9,gnb_2,3|4|5|6,4,4,25,0.16,8,14,6,11.75,1,4,3,2.75,129.49094375512237,64.95746310299418,4.833333333333334,3.6666666666666665,1,4,"[[0, 1, 2, 3]]",0.43093639169248765,0.43093639169248765,0.0,2.0,2.0,0.25,0.25,0.75,0.75
full_bundle,simu5g_00000573,30.0,gnb_1,0|1|15|2|3,5,7,25,0.28,14,15,1,14.6,1,2,1,1.6,105.17526794749324,22.35770809464306,3.1666666666666665,0.0,1,5,"[[0, 1, 2, 3, 4]]",0.6890781116502739,0.6890781116502739,0.0,4.0,4.0,0.48,0.48,0.7142857142857143,0.7142857142857143
full_bundle,simu5g_00000574,30.0,gnb_2,31|4|5|6,4,7,25,0.28,10,15,5,13.25,2,2,0,2.0,121.48859510064355,95.54408045016139,3.3749999999999996,0.8333333333333335,1,4,"[[0, 1, 2, 3]]",0.7290781116502738,0.7290781116502738,0.0,4.0,4.0,0.4,0.4,1.0,1.0
full_bundle,simu5g_00000575,30.1,gnb_1,0|1|15|2|3,5,7,25,0.28,14,15,1,14.6,1,2,1,1.4,105.57070860782592,23.067380949282594,3.1666666666666665,0.0,1,5,"[[0, 1, 2, 3, 4]]",0.669078111650274,0.669078111650274,0.0,4.0,4.0,0.52,0.52,0.8571428571428571,0.8571428571428571
full_bundle,simu5g_00000576,30.1,gnb_2,31|4|5|6,4,7,25,0.28,10,15,5,13.5,2,2,0,2.0,121.00160875336832,96.05234588701026,3.3749999999999996,0.8333333333333335,1,4,"[[0, 1, 2, 3]]",0.7290781116502738,0.7290781116502738,0.0,4.0,4.0,0.4,0.4,1.0,1.0
full_bundle,simu5g_00000577,30.2,gnb_1,0|1|15|2|3,5,7,25,0.28,14,15,1,14.6,1,2,1,1.4,105.97434681804523,23.763232657616115,3.1666666666666665,0.0,1,5,"[[0, 1, 2, 3, 4]]",0.669078111650274,0.669078111650274,0.0,4.0,4.0,0.52,0.52,0.8571428571428571,0.8571428571428571
full_bundle,simu5g_00000578,30.2,gnb_2,31|4|5|6,4,7,25,0.28,14,15,1,14.5,1,2,1,1.5,120.5181888856564,96.53397663166479,3.1666666666666665,0.0,1,4,"[[0, 1, 2, 3]]",0.6790781116502738,0.6790781116502738,0.0,4.0,4.0,0.5,0.5,0.7142857142857143,0.7142857142857143
full_bundle,simu5g_00000579,30.3,gnb_1,0|1|15|2|3,5,7,25,0.28,14,15,1,14.6,1,2,1,1.4,106.38657174303185,24.4494787998116,3.1666666666666665,0.0,1,5,"[[0, 1, 2, 3, 4]]",0.669078111650274,0.669078111650274,0.0,4.0,4.0,0.52,0.52,0.8571428571428571,0.8571428571428571
full_bundle,simu5g_00000580,30.3,gnb_2,31|4|5|6,4,7,25,0.28,14,15,1,14.5,1,2,1,1.5,120.03735244306552,96.99108220421684,3.1666666666666665,0.0,1,4,"[[0, 1, 2, 3]]",0.6790781116502738,0.6790781116502738,0.0,4.0,4.0,0.5,0.5,0.8571428571428571,0.8571428571428571
full_bundle,simu5g_00000581,30.4,gnb_1,0|1|15|2|3,5,7,25,0.28,13,15,2,14.2,1,2,1,1.4,106.80781413632738,25.12396521109254,3.2,0.16666666666666696,1,5,"[[0, 1, 2, 3, 4]]",0.669078111650274,0.669078111650274,0.0,4.0,4.0,0.52,0.52,0.8571428571428571,0.8571428571428571
full_bundle,simu5g_00000582,30.4,gnb_2,31|4|5|6,4,7,25,0.28,14,15,1,14.25,1,2,1,1.75,119.56132705858218,97.4209353565157,3.1666666666666665,0.0,1,4,"[[0, 1, 2, 3]]",0.7040781116502739,0.7040781116502739,0.0,4.0,4.0,0.45000000000000007,0.45000000000000007,0.8571428571428571,0.8571428571428571
full_bundle,simu5g_00000583,30.5,gnb_1,0|1|15|2|3,5,7,25,0.28,13,15,2,14.2,1,2,1,1.4,107.2365252301702,25.784221125398275,3.2,0.16666666666666696,1,5,"[[0, 1, 2, 3, 4]]",0.669078111650274,0.669078111650274,0.0,4.0,4.0,0.52,0.52,0.8571428571428571,0.8571428571428571
full_bundle,simu5g_00000584,30.5,gnb_2,31|4|5|6|7,5,7,25,0.28,14,15,1,14.2,1,2,1,1.6,128.26552512295285,105.18590751909261,3.1666666666666665,0.0,1,5,"[[0, 1, 2, 3, 4]]",0.6890781116502739,0.6890781116502739,0.0,4.0,4.0,0.4800000000000001,0.4800000000000001,0.8571428571428571,0.8571428571428571
full_bundle,simu5g_00000585,30.6,gnb_1,0|1|15|2|3,5,7,25,0.28,13,15,2,14.2,1,2,1,1.4,107.67308995983456,26.43399503818435,3.2,0.16666666666666696,1,5,"[[0, 1, 2, 3, 4]]",0.669078111650274,0.669078111650274,0.0,4.0,4.0,0.52,0.52,0.8571428571428571,0.8571428571428571
full_bundle,simu5g_00000586,30.6,gnb_2,31|4|5|6|7,5,7,25,0.28,14,15,1,14.2,1,2,1,1.6,127.88348846918696,105.75489107055839,3.1666666666666665,0.0,1,5,"[[0, 1, 2, 3, 4]]",0.6890781116502739,0.6890781116502739,0.0,4.0,4.0,0.4800000000000001,0.4800000000000001,0.8571428571428571,0.8571428571428571
full_bundle,simu5g_00000587,30.7,gnb_1,0|1|15|2|3,5,7,25,0.28,14,15,1,14.8,1,2,1,1.4,108.11884944301892,27.07291716925299,3.1666666666666665,0.0,1,5,"[[0, 1, 2, 3, 4]]",0.669078111650274,0.669078111650274,0.0,4.0,4.0,0.52,0.52,0.7142857142857143,0.7142857142857143
full_bundle,simu5g_00000588,30.7,gnb_2,31|4|5|6|7,5,7,25,0.28,13,15,2,14.0,1,2,1,1.6,127.50316558029218,106.29258744442316,3.1666666666666665,0.0,1,5,"[[0, 1, 2, 3, 4]]",0.6890781116502739,0.6890781116502739,0.0,4.0,4.0,0.4800000000000001,0.4800000000000001,0.8571428571428571,0.8571428571428571
full_bundle,simu5g_00000589,30.8,gnb_1,0|1|15|2|3,5,7,25,0.28,13,15,2,14.6,1,2,1,1.4,108.35208869814855,26.596690875969003,3.1999999999999997,0.16666666666666696,1,5,"[[0, 1, 2, 3, 4]]",0.6690781116502739,0.669078111650274,-1.1102230246251565e-16,4.0,4.0,0.52,0.52,0.8571428571428571,0.8571428571428571
full_bundle,simu5g_00000590,30.8,gnb_2,31|4|5|6|7,5,7,25,0.28,14,15,1,14.2,1,2,1,1.6,127.12650006881825,106.79608091339603,3.1666666666666665,0.0,1,5,"[[0, 1, 2, 3, 4]]",0.6890781116502739,0.6890781116502739,0.0,4.0,4.0,0.4800000000000001,0.4800000000000001,0.8571428571428571,0.8571428571428571
full_bundle,simu5g_00000591,30.9,gnb_1,0|1|15|2|3,5,7,25,0.28,13,15,2,14.6,1,2,1,1.4,108.55415503845684,25.911814038464343,3.1999999999999997,0.16666666666666696,1,5,"[[0, 1, 2, 3, 4]]",0.6690781116502739,0.669078111650274,-1.1102230246251565e-16,4.0,4.0,0.52,0.52,0.8571428571428571,0.8571428571428571
full_bundle,simu5g_00000592,30.9,gnb_2,31|4|5|6|7,5,7,25,0.28,14,15,1,14.2,1,2,1,1.6,126.75173637318446,107.26615762057673,3.1666666666666665,0.0,1,5,"[[0, 1, 2, 3, 4]]",0.6890781116502739,0.6890781116502739,0.0,4.0,4.0,0.4800000000000001,0.4800000000000001,0.8571428571428571,0.8571428571428571
full_bundle,simu5g_00000593,31.0,gnb_1,0|1|15|2|3|5,6,7,25,0.28,13,15,2,14.333333333333334,1,2,1,1.5,113.18144936654,41.87854141047934,3.222222222222222,0.16666666666666696,1,6,"[[0, 1, 2, 3, 4, 5]]",0.6790781116502739,0.6790781116502739,0.0,4.0,4.0,0.5,0.5,0.8571428571428571,0.8571428571428571
full_bundle,simu5g_00000594,31.0,gnb_2,31|4|6|7,4,7,25,0.28,14,15,1,14.25,1,2,1,1.5,124.1576462114013,107.69886325860809,3.1666666666666665,0.0,1,4,"[[0, 1, 2, 3]]",0.6790781116502738,0.6790781116502738,0.0,4.0,4.0,0.5,0.5,0.8571428571428571,0.8571428571428571
full_bundle,simu5g_00000595,31.1,gnb_1,0|1|15|2|3|5,6,7,25,0.28,13,15,2,14.166666666666666,1,1,0,1.0,113.2742142876685,41.298871308323015,3.222222222222222,0.16666666666666696,1,6,"[[0, 1, 2, 3, 4, 5]]",0.6290781116502738,0.6290781116502738,0.0,4.0,4.0,0.6,0.6,0.8571428571428571,0.8571428571428571
full_bundle,simu5g_00000596,31.1,gnb_2,31|4|6|7,4,7,25,0.28,14,15,1,14.25,2,2,0,2.0,123.83048058636261,108.10016867731562,3.1666666666666665,0.0,1,4,"[[0, 1, 2, 3]]",0.7290781116502738,0.7290781116502738,0.0,4.0,4.0,0.4,0.4,0.8571428571428571,0.8571428571428571
full_bundle,simu5g_00000597,31.2,gnb_1,0|1|15|2|3|5,6,7,25,0.28,11,15,4,14.166666666666666,1,1,0,1.0,113.37156774277567,40.69826106451754,3.222222222222222,0.3333333333333335,1,6,"[[0, 1, 2, 3, 4, 5]]",0.6290781116502738,0.6290781116502738,0.0,4.0,4.0,0.6,0.6,0.8571428571428571,0.8571428571428571
full_bundle,simu5g_00000598,31.2,gnb_2,31|4|6|7,4,7,25,0.28,14,15,1,14.25,2,2,0,2.0,123.50815869613997,108.46572801504615,3.1666666666666665,0.0,1,4,"[[0, 1, 2, 3]]",0.7290781116502738,0.7290781116502738,0.0,4.0,4.0,0.4,0.4,0.8571428571428571,0.8571428571428571
full_bundle,simu5g_00000599,31.3,gnb_1,0|1|15|2|3|5,6,7,25,0.28,11,15,4,14.166666666666666,1,1,0,1.0,113.47630731752702,40.07893550228397,3.222222222222222,0.3333333333333335,1,6,"[[0, 1, 2, 3, 4, 5]]",0.6290781116502738,0.6290781116502738,0.0,4.0,4.0,0.6,0.6,0.8571428571428571,0.8571428571428571
full_bundle,simu5g_00000600,31.3,gnb_2,31|4|6|7,4,7,25,0.28,14,15,1,14.25,2,2,0,2.0,123.19174703694088,108.79633323197882,3.1666666666666665,0.0,1,4,"[[0, 1, 2, 3]]",0.7290781116502738,0.7290781116502738,0.0,4.0,4.0,0.4,0.4,0.8571428571428571,0.8571428571428571
full_bundle,simu5g_00000601,31.4,gnb_1,0|1|15|2|3|5,6,7,25,0.28,11,15,4,14.166666666666666,1,1,0,1.0,113.58626931432785,39.43849434288515,3.222222222222222,0.3333333333333335,1,6,"[[0, 1, 2, 3, 4, 5]]",0.6290781116502738,0.6290781116502738,0.0,4.0,4.0,0.6,0.6,0.8571428571428571,0.8571428571428571
full_bundle,simu5g_00000602,31.4,gnb_2,31|4|6|7,4,7,25,0.28,14,15,1,14.25,2,2,0,2.0,122.88181325392611,109.08690397744616,3.1666666666666665,0.0,1,4,"[[0, 1, 2, 3]]",0.7290781116502738,0.7290781116502738,0.0,4.0,4.0,0.4,0.4,0.8571428571428571,0.8571428571428571
full_bundle,simu5g_00000603,31.5,gnb_1,0|1|15|2|3|5,6,7,25,0.28,11,15,4,14.333333333333334,1,1,0,1.0,113.70263610680416,38.777072950717,3.222222222222222,0.3333333333333335,1,6,"[[0, 1, 2, 3, 4, 5]]",0.6290781116502738,0.6290781116502738,0.0,4.0,4.0,0.6,0.6,0.8571428571428571,0.8571428571428571
full_bundle,simu5g_00000604,31.5,gnb_2,31|4|6|7,4,7,25,0.28,14,15,1,14.25,2,2,0,2.0,122.57842226308253,109.34219101820054,3.1666666666666665,0.0,1,4,"[[0, 1, 2, 3]]",0.7290781116502738,0.7290781116502738,0.0,4.0,4.0,0.4,0.4,0.8571428571428571,0.8571428571428571
full_bundle,simu5g_00000605,31.6,gnb_1,0|1|15|2|3|5,6,7,25,0.28,11,15,4,14.333333333333334,1,1,0,1.0,113.82474383046383,38.09655244312097,3.222222222222222,0.3333333333333335,1,6,"[[0, 1, 2, 3, 4, 5]]",0.6290781116502738,0.6290781116502738,0.0,4.0,4.0,0.6,0.6,0.8571428571428571,0.8571428571428571
full_bundle,simu5g_00000606,31.6,gnb_2,31|4|6|7,4,7,25,0.28,14,15,1,14.5,2,2,0,2.0,122.2814302039746,109.56078707370877,3.1666666666666665,0.0,1,4,"[[0, 1, 2, 3]]",0.7290781116502738,0.7290781116502738,0.0,4.0,4.0,0.4,0.4,0.8571428571428571,0.8571428571428571
full_bundle,simu5g_00000607,31.7,gnb_1,0|1|15|2|3|5,6,7,25,0.28,11,15,4,14.333333333333334,1,1,0,1.0,113.9066015062016,37.396489544214575,3.222222222222222,0.3333333333333335,1,6,"[[0, 1, 2, 3, 4, 5]]",0.6290781116502738,0.6290781116502738,0.0,4.0,4.0,0.6,0.6,0.8571428571428571,0.8571428571428571
full_bundle,simu5g_00000608,31.7,gnb_2,31|4|6|7,4,7,25,0.28,14,15,1,14.5,2,2,0,2.0,121.99081719353002,109.7443473543691,3.1666666666666665,0.0,1,4,"[[0, 1, 2, 3]]",0.7290781116502738,0.7290781116502738,0.0,4.0,4.0,0.4,0.4,0.8571428571428571,0.8571428571428571
full_bundle,simu5g_00000609,31.8,gnb_1,0|1|15|2|3|5,6,7,25,0.28,11,15,4,14.333333333333334,1,1,0,1.0,113.80923053903452,36.677128841143784,3.222222222222222,0.3333333333333335,1,6,"[[0, 1, 2, 3, 4, 5]]",0.6290781116502738,0.6290781116502738,0.0,4.0,4.0,0.6,0.6,0.8571428571428571,0.8571428571428571
full_bundle,simu5g_00000610,31.8,gnb_2,31|4|6|7,4,7,25,0.28,14,15,1,14.5,2,2,0,2.0,121.70614554057454,109.88787221571307,3.1666666666666665,0.0,1,4,"[[0, 1, 2, 3]]",0.7290781116502738,0.7290781116502738,0.0,4.0,4.0,0.4,0.4,0.8571428571428571,0.8571428571428571
full_bundle,simu5g_00000611,31.9,gnb_1,0|1|15|2|3|5,6,7,25,0.28,11,15,4,14.166666666666666,1,1,0,1.0,113.7171062407183,35.937517810939056,3.25,0.3333333333333335,1,6,"[[0, 1, 2, 3, 4, 5]]",0.6290781116502738,0.6290781116502738,0.0,4.0,4.0,0.6,0.6,0.8571428571428571,0.8571428571428571
full_bundle,simu5g_00000612,31.9,gnb_2,31|4|6|7,4,7,25,0.28,13,15,2,14.0,2,2,0,2.0,121.42790837593648,109.98993464562065,3.208333333333333,0.16666666666666696,1,4,"[[0, 1, 2, 3]]",0.7290781116502738,0.7290781116502738,0.0,4.0,4.0,0.4,0.4,0.8571428571428571,0.8571428571428571
full_bundle,simu5g_00000613,32.0,gnb_1,0|1|15|2|3|5,6,7,25,0.28,12,15,3,14.333333333333334,1,1,0,1.0,113.63124250143521,35.17686922354879,3.25,0.3333333333333335,1,6,"[[0, 1, 2, 3, 4, 5]]",0.6290781116502738,0.6290781116502738,0.0,4.0,4.0,0.6,0.6,0.8571428571428571,0.8571428571428571
full_bundle,simu5g_00000614,32.0,gnb_2,31|4|6|7,4,7,25,0.28,13,15,2,14.0,2,2,0,2.0,121.15680791822743,110.04993882433827,3.208333333333333,0.16666666666666696,1,4,"[[0, 1, 2, 3]]",0.7290781116502738,0.7290781116502738,0.0,4.0,4.0,0.4,0.4,0.8571428571428571,0.8571428571428571
full_bundle,simu5g_00000615,32.1,gnb_1,0|1|15|2|3|5,6,7,25,0.28,12,15,3,14.333333333333334,1,1,0,1.0,113.55186565125784,34.39796093431258,3.222222222222222,0.3333333333333335,1,6,"[[0, 1, 2, 3, 4, 5]]",0.6290781116502738,0.6290781116502738,0.0,4.0,4.0,0.6,0.6,0.8571428571428571,0.8571428571428571
full_bundle,simu5g_00000616,32.1,gnb_2,31|4|6|7,4,7,25,0.28,13,15,2,14.0,2,2,0,2.0,120.89229307145843,110.06920793617344,3.208333333333333,0.16666666666666696,1,4,"[[0, 1, 2, 3]]",0.7290781116502738,0.7290781116502738,0.0,4.0,4.0,0.4,0.4,0.8571428571428571,0.8571428571428571
full_bundle,simu5g_00000617,32.2,gnb_1,0|1|15|2|3|5,6,7,25,0.28,12,15,3,14.333333333333334,1,1,0,1.0,113.4790687561707,33.60060534997565,3.222222222222222,0.3333333333333335,1,6,"[[0, 1, 2, 3, 4, 5]]",0.6290781116502738,0.6290781116502738,0.0,4.0,4.0,0.6,0.6,0.8571428571428571,0.8571428571428571
full_bundle,simu5g_00000618,32.2,gnb_2,31|4|6|7,4,7,25,0.28,13,15,2,14.0,2,2,0,2.0,120.63571480017691,110.04989286136328,3.1666666666666665,0.0,1,4,"[[0, 1, 2, 3]]",0.7290781116502738,0.7290781116502738,0.0,4.0,4.0,0.4,0.4,0.8571428571428571,0.8571428571428571
full_bundle,simu5g_00000619,32.3,gnb_1,0|1|15|2|3|5,6,7,25,0.28,12,15,3,14.333333333333334,1,1,0,1.0,113.4121507060744,32.78426081932135,3.194444444444444,0.16666666666666696,1,6,"[[0, 1, 2, 3, 4, 5]]",0.6290781116502738,0.6290781116502738,0.0,4.0,4.0,0.6,0.6,0.8571428571428571,0.8571428571428571
full_bundle,simu5g_00000620,32.3,gnb_2,31|4|6|7,4,7,25,0.28,13,15,2,13.75,2,2,0,2.0,120.3869126555085,109.99255124952715,3.208333333333333,0.16666666666666696,1,4,"[[0, 1, 2, 3]]",0.7290781116502738,0.7290781116502738,0.0,4.0,4.0,0.4,0.4,0.8571428571428571,0.8571428571428571
full_bundle,simu5g_00000621,32.4,gnb_1,0|1|15|2|3|5,6,7,25,0.28,13,15,2,14.5,1,1,0,1.0,113.35109863880542,31.948437155455693,3.194444444444444,0.16666666666666696,1,6,"[[0, 1, 2, 3, 4, 5]]",0.6290781116502738,0.6290781116502738,0.0,4.0,4.0,0.6,0.6,0.8571428571428571,0.8571428571428571
full_bundle,simu5g_00000622,32.4,gnb_2,31|4|6|7,4,7,25,0.28,13,15,2,13.75,2,2,0,2.0,120.14477431818428,109.89184546046667,3.208333333333333,0.16666666666666696,1,4,"[[0, 1, 2, 3]]",0.7290781116502738,0.7290781116502738,0.0,4.0,4.0,0.4,0.4,0.8571428571428571,0.8571428571428571
full_bundle,simu5g_00000623,32.5,gnb_1,0|1|15|2|3|5,6,7,25,0.28,13,15,2,14.666666666666666,1,1,0,1.0,113.18460159269544,31.094777392625502,3.194444444444444,0.16666666666666696,1,6,"[[0, 1, 2, 3, 4, 5]]",0.6290781116502738,0.6290781116502738,0.0,4.0,4.0,0.6,0.6,0.8571428571428571,0.8571428571428571
full_bundle,simu5g_00000624,32.5,gnb_2,31|4|6|7,4,7,25,0.28,13,15,2,14.0,2,2,0,2.0,119.90993739119207,109.75038093375787,3.208333333333333,0.16666666666666696,1,4,"[[0, 1, 2, 3]]",0.7290781116502738,0.7290781116502738,0.0,4.0,4.0,0.4,0.4,0.8571428571428571,0.8571428571428571
full_bundle,simu5g_00000625,32.6,gnb_1,0|1|15|2|3|5,6,7,25,0.28,13,15,2,14.666666666666666,1,1,0,1.0,112.91871759048452,30.222499996548933,3.194444444444444,0.16666666666666696,1,6,"[[0, 1, 2, 3, 4, 5]]",0.6290781116502738,0.6290781116502738,0.0,4.0,4.0,0.6,0.6,0.8571428571428571,0.8571428571428571
full_bundle,simu5g_00000626,32.6,gnb_2,31|4|6|7,4,7,25,0.28,13,15,2,14.0,2,2,0,2.0,119.6819970529769,109.5656614844701,3.208333333333333,0.16666666666666696,1,4,"[[0, 1, 2, 3]]",0.7290781116502738,0.7290781116502738,0.0,4.0,4.0,0.4,0.4,0.8571428571428571,0.8571428571428571
full_bundle,simu5g_00000627,32.7,gnb_1,0|1|15|2|3|5,6,7,25,0.28,13,15,2,14.666666666666666,1,1,0,1.0,112.65873266697052,29.332813038269265,3.194444444444444,0.16666666666666696,1,6,"[[0, 1, 2, 3, 4, 5]]",0.6290781116502738,0.6290781116502738,0.0,4.0,4.0,0.6,0.6,0.8571428571428571,0.8571428571428571
full_bundle,simu5g_00000628,32.7,gnb_2,31|4|6|7,4,7,25,0.28,14,15,1,14.25,2,2,0,2.0,119.46206908102523,109.3408540120987,3.1666666666666665,0.0,1,4,"[[0, 1, 2, 3]]",0.7290781116502738,0.7290781116502738,0.0,4.0,4.0,0.4,0.4,0.8571428571428571,0.8571428571428571
full_bundle,simu5g_00000629,32.8,gnb_1,0|1|15|2|3|5,6,7,25,0.28,15,15,0,15.0,1,1,0,1.0,112.40601082517604,28.42790690909773,3.1666666666666665,0.0,1,6,"[[0, 1, 2, 3, 4, 5]]",0.6290781116502738,0.6290781116502738,0.0,4.0,4.0,0.6,0.6,0.7142857142857143,0.7142857142857143
full_bundle,simu5g_00000630,32.8,gnb_2,31|4|6|7,4,7,25,0.28,13,15,2,14.0,2,2,0,2.0,119.25014607909858,109.07829288967011,3.1666666666666665,0.0,1,4,"[[0, 1, 2, 3]]",0.7290781116502738,0.7290781116502738,0.0,4.0,4.0,0.4,0.4,0.8571428571428571,0.8571428571428571
full_bundle,simu5g_00000631,32.9,gnb_1,0|1|15|2|3|5,6,7,25,0.28,15,15,0,15.0,1,1,0,1.0,112.15822263196075,27.506399125820522,3.1666666666666665,0.0,1,6,"[[0, 1, 2, 3, 4, 5]]",0.6290781116502738,0.6290781116502738,0.0,4.0,4.0,0.6,0.6,0.7142857142857143,0.7142857142857143
full_bundle,simu5g_00000632,32.9,gnb_2,31|4|6|7,4,7,25,0.28,13,15,2,14.0,2,2,0,2.0,119.04429404968005,108.77237799838403,3.1666666666666665,0.0,1,4,"[[0, 1, 2, 3]]",0.7290781116502738,0.7290781116502738,0.0,4.0,4.0,0.4,0.4,0.8571428571428571,0.8571428571428571
full_bundle,simu5g_00000633,33.0,gnb_1,0|1|15|2|3,5,7,25,0.28,15,15,0,15.0,1,1,0,1.0,109.50188770614197,19.420722196785093,3.1666666666666665,0.0,1,5,"[[0, 1, 2, 3, 4]]",0.6290781116502739,0.6290781116502739,0.0,4.0,4.0,0.6,0.6,0.7142857142857143,0.7142857142857143
full_bundle,simu5g_00000634,33.0,gnb_2,31|4|5|6|7,5,7,25,0.28,13,15,2,14.2,1,2,1,1.8,119.87469644353796,108.42598367381925,3.1666666666666665,0.0,1,5,"[[0, 1, 2, 3, 4]]",0.7090781116502738,0.7090781116502738,0.0,4.0,4.0,0.43999999999999995,0.43999999999999995,0.8571428571428571,0.8571428571428571
full_bundle,simu5g_00000635,33.1,gnb_1,0|1|15|2|3,5,7,25,0.28,15,15,0,15.0,1,1,0,1.0,109.33680311154492,18.401309663903675,3.1666666666666665,0.0,1,5,"[[0, 1, 2, 3, 4]]",0.6290781116502739,0.6290781116502739,0.0,4.0,4.0,0.6,0.6,0.7142857142857143,0.7142857142857143
full_bundle,simu5g_00000636,33.1,gnb_2,31|4|5|6|7,5,7,25,0.28,14,15,1,14.8,1,2,1,1.6,119.60381710817053,108.03944707680226,3.1666666666666665,0.0,1,5,"[[0, 1, 2, 3, 4]]",0.6890781116502738,0.6890781116502738,0.0,4.0,4.0,0.48,0.48,0.7142857142857143,0.7142857142857143
full_bundle,simu5g_00000637,33.2,gnb_1,0|1|15|2|3,5,7,25,0.28,15,15,0,15.0,1,1,0,1.0,109.17898126523778,17.368644001737593,3.1666666666666665,0.0,1,5,"[[0, 1, 2, 3, 4]]",0.6290781116502739,0.6290781116502739,0.0,4.0,4.0,0.6,0.6,0.7142857142857143,0.7142857142857143
full_bundle,simu5g_00000638,33.2,gnb_2,31|4|5|6|7,5,7,25,0.28,14,15,1,14.8,1,2,1,1.6,119.3380459106667,107.61333453223756,3.1666666666666665,0.0,1,5,"[[0, 1, 2, 3, 4]]",0.6890781116502738,0.6890781116502738,0.0,4.0,4.0,0.48,0.48,0.7142857142857143,0.7142857142857143
full_bundle,simu5g_00000639,33.3,gnb_1,0|1|15|2|3,5,7,25,0.28,15,15,0,15.0,1,2,1,1.4,109.02939335104922,17.080844026680467,3.1666666666666665,0.0,1,5,"[[0, 1, 2, 3, 4]]",0.669078111650274,0.669078111650274,0.0,4.0,4.0,0.52,0.52,0.7142857142857143,0.7142857142857143
full_bundle,simu5g_00000640,33.3,gnb_2,31|4|5|6|7,5,7,25,0.28,14,15,1,14.8,1,2,1,1.8,119.0782627931023,107.1494989940568,3.1666666666666665,0.0,1,5,"[[0, 1, 2, 3, 4]]",0.7090781116502739,0.7090781116502739,0.0,4.0,4.0,0.44000000000000006,0.44000000000000006,0.7142857142857143,0.7142857142857143
full_bundle,simu5g_00000641,33.4,gnb_1,0|1|15|2|3,5,7,25,0.28,14,15,1,14.6,1,2,1,1.4,108.88735974111094,17.252141746241378,3.1666666666666665,0.0,1,5,"[[0, 1, 2, 3, 4]]",0.669078111650274,0.669078111650274,0.0,4.0,4.0,0.52,0.52,0.7142857142857143,0.7142857142857143
full_bundle,simu5g_00000642,33.4,gnb_2,31|4|5|6|7,5,7,25,0.28,14,15,1,14.8,1,2,1,1.8,118.82409748888965,106.64816658303957,3.1666666666666665,0.0,1,5,"[[0, 1, 2, 3, 4]]",0.7090781116502739,0.7090781116502739,0.0,4.0,4.0,0.44000000000000006,0.44000000000000006,0.7142857142857143,0.7142857142857143
full_bundle,simu5g_00000643,33.5,gnb_1,0|1|15|2|3,5,7,25,0.28,14,15,1,14.6,1,2,1,1.4,108.75304661178953,17.415435459761312,3.1666666666666665,0.0,1,5,"[[0, 1, 2, 3, 4]]",0.669078111650274,0.669078111650274,0.0,4.0,4.0,0.52,0.52,0.7142857142857143,0.7142857142857143
full_bundle,simu5g_00000644,33.5,gnb_2,31|4|5|6|7,5,7,25,0.28,13,15,2,14.2,1,2,1,1.8,118.57491961954523,106.10971321911572,3.1666666666666665,0.0,1,5,"[[0, 1, 2, 3, 4]]",0.7090781116502739,0.7090781116502739,0.0,4.0,4.0,0.44000000000000006,0.44000000000000006,0.8571428571428571,0.8571428571428571
full_bundle,simu5g_00000645,33.6,gnb_1,0|1|15|2|3,5,7,25,0.28,14,15,1,14.8,1,2,1,1.4,108.62681844815378,17.56788546527696,3.1666666666666665,0.0,1,5,"[[0, 1, 2, 3, 4]]",0.669078111650274,0.669078111650274,0.0,4.0,4.0,0.52,0.52,0.7142857142857143,0.7142857142857143
full_bundle,simu5g_00000646,33.6,gnb_2,31|4|5|6|7,5,7,25,0.28,13,15,2,14.0,1,2,1,1.6,118.33084272897138,105.53536264150259,3.1666666666666665,0.0,1,5,"[[0, 1, 2, 3, 4]]",0.6890781116502739,0.6890781116502739,0.0,4.0,4.0,0.4800000000000001,0.4800000000000001,0.8571428571428571,0.8571428571428571
full_bundle,simu5g_00000647,33.7,gnb_1,0|1|15|2|3,5,7,25,0.28,15,15,0,15.0,1,2,1,1.4,108.50833858471378,17.714835430816635,3.1666666666666665,0.0,1,5,"[[0, 1, 2, 3, 4]]",0.669078111650274,0.669078111650274,0.0,4.0,4.0,0.52,0.52,0.7142857142857143,0.7142857142857143
full_bundle,simu5g_00000648,33.7,gnb_2,31|4|5|6|7,5,7,25,0.28,13,15,2,14.0,1,2,1,1.6,118.09239279269745,104.92532552695249,3.1666666666666665,0.0,1,5,"[[0, 1, 2, 3, 4]]",0.6890781116502739,0.6890781116502739,0.0,4.0,4.0,0.4800000000000001,0.4800000000000001,0.8571428571428571,0.8571428571428571
full_bundle,simu5g_00000649,33.8,gnb_1,0|1|15|2|3,5,7,25,0.28,15,15,0,15.0,1,2,1,1.4,108.39773319659696,17.8483118282266,3.1666666666666665,0.0,1,5,"[[0, 1, 2, 3, 4]]",0.669078111650274,0.669078111650274,0.0,4.0,4.0,0.52,0.52,0.7142857142857143,0.7142857142857143
full_bundle,simu5g_00000650,33.8,gnb_2,31|4|5|6|7,5,7,25,0.28,13,15,2,14.0,1,2,1,1.6,117.8591794016485,104.28225405720772,3.1666666666666665,0.0,1,5,"[[0, 1, 2, 3, 4]]",0.6890781116502739,0.6890781116502739,0.0,4.0,4.0,0.4800000000000001,0.4800000000000001,0.8571428571428571,0.8571428571428571
full_bundle,simu5g_00000651,33.9,gnb_1,0|1|15|2|3,5,7,25,0.28,14,15,1,14.8,1,2,1,1.4,108.29378613621239,17.97367108677922,3.1666666666666665,0.0,1,5,"[[0, 1, 2, 3, 4]]",0.669078111650274,0.669078111650274,0.0,4.0,4.0,0.52,0.52,0.7142857142857143,0.7142857142857143
full_bundle,simu5g_00000652,33.9,gnb_2,31|4|5|6|7,5,7,25,0.28,13,15,2,14.2,1,2,1,1.6,117.63047471986688,103.60229975392348,3.1666666666666665,0.0,1,5,"[[0, 1, 2, 3, 4]]",0.6890781116502739,0.6890781116502739,0.0,4.0,4.0,0.4800000000000001,0.4800000000000001,0.8571428571428571,0.8571428571428571
full_bundle,simu5g_00000653,34.0,gnb_1,0|1|15|2|3,5,7,25,0.28,14,15,1,14.8,1,2,1,1.4,108.19761542962604,18.945931489615973,3.1666666666666665,0.0,1,5,"[[0, 1, 2, 3, 4]]",0.669078111650274,0.669078111650274,0.0,4.0,4.0,0.52,0.52,0.7142857142857143,0.7142857142857143
full_bundle,simu5g_00000654,34.0,gnb_2,31|4|5|6|7,5,7,25,0.28,13,15,2,13.8,1,2,1,1.6,117.40759026099082,102.88777436523227,3.1999999999999997,0.16666666666666696,1,5,"[[0, 1, 2, 3, 4]]",0.6890781116502738,0.6890781116502739,-1.1102230246251565e-16,4.0,4.0,0.4800000000000001,0.4800000000000001,0.8571428571428571,0.8571428571428571
full_bundle,simu5g_00000655,34.1,gnb_1,0|1|15|2|3,5,7,25,0.28,14,15,1,14.8,1,2,1,1.4,108.10970942721517,20.063575850745195,3.1666666666666665,0.0,1,5,"[[0, 1, 2, 3, 4]]",0.669078111650274,0.669078111650274,0.0,4.0,4.0,0.52,0.52,0.7142857142857143,0.7142857142857143
full_bundle,simu5g_00000656,34.1,gnb_2,31|4|5|6|7,5,7,25,0.28,13,15,2,13.8,1,2,1,1.6,117.1891953892502,102.14059769720404,3.1999999999999997,0.16666666666666696,1,5,"[[0, 1, 2, 3, 4]]",0.6890781116502738,0.6890781116502739,-1.1102230246251565e-16,4.0,4.0,0.4800000000000001,0.4800000000000001,0.8571428571428571,0.8571428571428571
full_bundle,simu5g_00000657,34.2,gnb_1,0|1|15|2|3,5,7,25,0.28,15,15,0,15.0,1,2,1,1.4,107.79937345957083,20.02483221658383,3.1666666666666665,0.0,1,5,"[[0, 1, 2, 3, 4]]",0.669078111650274,0.669078111650274,0.0,4.0,4.0,0.52,0.52,0.7142857142857143,0.7142857142857143
full_bundle,simu5g_00000658,34.2,gnb_2,31|4|5|6|7,5,7,25,0.28,13,15,2,13.6,1,2,1,1.6,116.9761921786143,101.36206661785303,3.2333333333333334,0.16666666666666696,1,5,"[[0, 1, 2, 3, 4]]",0.6890781116502739,0.6890781116502739,0.0,4.0,4.0,0.4800000000000001,0.4800000000000001,0.8571428571428571,0.8571428571428571
full_bundle,simu5g_00000659,34.3,gnb_1,0|1|15|2|3,5,7,25,0.28,15,15,0,15.0,1,2,1,1.4,107.46645633828385,19.834445376183837,3.1666666666666665,0.0,1,5,"[[0, 1, 2, 3, 4]]",0.669078111650274,0.669078111650274,0.0,4.0,4.0,0.52,0.52,0.7142857142857143,0.7142857142857143
full_bundle,simu5g_00000660,34.3,gnb_2,31|4|5|6|7,5,7,25,0.28,13,15,2,13.6,1,2,1,1.8,116.76852949050597,100.55352323044936,3.2333333333333334,0.16666666666666696,1,5,"[[0, 1, 2, 3, 4]]",0.7090781116502738,0.7090781116502739,-1.1102230246251565e-16,4.0,4.0,0.44000000000000006,0.44000000000000006,0.8571428571428571,0.8571428571428571
full_bundle,simu5g_00000661,34.4,gnb_1,0|1|15|2|3,5,7,25,0.28,15,15,0,15.0,1,2,1,1.4,107.14059620835144,19.638496444274324,3.1666666666666665,0.0,1,5,"[[0, 1, 2, 3, 4]]",0.669078111650274,0.669078111650274,0.0,4.0,4.0,0.52,0.52,0.7142857142857143,0.7142857142857143
full_bundle,simu5g_00000662,34.4,gnb_2,31|4|5|6|7,5,7,25,0.28,13,15,2,13.8,1,2,1,1.8,116.56622241665355,99.71420034595664,3.2,0.16666666666666696,1,5,"[[0, 1, 2, 3, 4]]",0.7090781116502738,0.7090781116502739,-1.1102230246251565e-16,4.0,4.0,0.44000000000000006,0.44000000000000006,0.8571428571428571,0.8571428571428571
full_bundle,simu5g_00000663,34.5,gnb_1,0|1|15|2|3,5,7,25,0.28,15,15,0,15.0,1,2,1,1.4,106.82213709722421,19.438085434201028,3.1666666666666665,0.0,1,5,"[[0, 1, 2, 3, 4]]",0.669078111650274,0.669078111650274,0.0,4.0,4.0,0.52,0.52,0.7142857142857143,0.7142857142857143
full_bundle,simu5g_00000664,34.5,gnb_2,31|4|5|6|7,5,7,25,0.28,13,15,2,13.8,1,2,1,1.8,116.3688966298894,98.84381662600858,3.2,0.16666666666666696,1,5,"[[0, 1, 2, 3, 4]]",0.7090781116502738,0.7090781116502739,-1.1102230246251565e-16,4.0,4.0,0.44000000000000006,0.44000000000000006,0.8571428571428571,0.8571428571428571
full_bundle,simu5g_00000665,34.6,gnb_1,0|1|15|2|3,5,7,25,0.28,14,15,1,14.8,1,2,1,1.4,106.51179299551652,19.236431309105967,3.1666666666666665,0.0,1,5,"[[0, 1, 2, 3, 4]]",0.669078111650274,0.669078111650274,0.0,4.0,4.0,0.52,0.52,0.7142857142857143,0.7142857142857143
full_bundle,simu5g_00000666,34.6,gnb_2,31|4|5|6|7,5,7,25,0.28,13,15,2,14.0,1,2,1,1.8,116.17635079233715,97.93834275329317,3.2,0.16666666666666696,1,5,"[[0, 1, 2, 3, 4]]",0.7090781116502738,0.7090781116502739,-1.1102230246251565e-16,4.0,4.0,0.44000000000000006,0.44000000000000006,0.8571428571428571,0.8571428571428571
full_bundle,simu5g_00000667,34.7,gnb_1,0|1|15|2|3,5,7,25,0.28,14,15,1,14.8,1,2,1,1.4,106.20880008153222,19.031784746793264,3.1666666666666665,0.0,1,5,"[[0, 1, 2, 3, 4]]",0.669078111650274,0.669078111650274,0.0,4.0,4.0,0.52,0.52,0.7142857142857143,0.7142857142857143
full_bundle,simu5g_00000668,34.7,gnb_2,31|4|5|6|7,5,7,25,0.28,13,15,2,14.0,1,2,1,1.8,115.98858049046282,97.00415147371658,3.2,0.16666666666666696,1,5,"[[0, 1, 2, 3, 4]]",0.7090781116502738,0.7090781116502739,-1.1102230246251565e-16,4.0,4.0,0.44000000000000006,0.44000000000000006,0.8571428571428571,0.8571428571428571
full_bundle,simu5g_00000669,34.8,gnb_1,0|1|15|2|3,5,7,25,0.28,14,15,1,14.8,1,2,1,1.4,105.91323329900851,18.82370431579946,3.1666666666666665,0.0,1,5,"[[0, 1, 2, 3, 4]]",0.669078111650274,0.669078111650274,0.0,4.0,4.0,0.52,0.52,0.7142857142857143,0.7142857142857143
full_bundle,simu5g_00000670,34.8,gnb_2,31|4|5|6|7,5,7,25,0.28,13,15,2,14.2,1,2,1,1.8,115.80684814538549,96.04276044491252,3.1666666666666665,0.0,1,5,"[[0, 1, 2, 3, 4]]",0.7090781116502739,0.7090781116502739,0.0,4.0,4.0,0.44000000000000006,0.44000000000000006,0.8571428571428571,0.8571428571428571
full_bundle,simu5g_00000671,34.9,gnb_1,0|1|15|2|3,5,7,25,0.28,15,15,0,15.0,1,2,1,1.4,105.62573666735622,18.61080146200652,3.1666666666666665,0.0,1,5,"[[0, 1, 2, 3, 4]]",0.669078111650274,0.669078111650274,0.0,4.0,4.0,0.52,0.52,0.7142857142857143,0.7142857142857143
full_bundle,simu5g_00000672,34.9,gnb_2,31|4|5|6|7,5,7,25,0.28,13,15,2,14.2,1,2,1,1.8,115.63037948305768,95.05568882410677,3.1666666666666665,0.0,1,5,"[[0, 1, 2, 3, 4]]",0.7090781116502739,0.7090781116502739,0.0,4.0,4.0,0.44000000000000006,0.44000000000000006,0.8571428571428571,0.8571428571428571
full_bundle,simu5g_00000673,35.0,gnb_1,0|1|15|2|3,5,7,25,0.28,14,15,1,14.8,1,2,1,1.4,105.34631501524055,18.394898962903497,3.1666666666666665,0.0,1,5,"[[0, 1, 2, 3, 4]]",0.669078111650274,0.669078111650274,0.0,4.0,4.0,0.52,0.52,0.7142857142857143,0.7142857142857143
full_bundle,simu5g_00000674,35.0,gnb_2,31|4|5|6|7,5,7,25,0.28,13,15,2,14.0,1,2,1,1.8,115.45817760035152,94.04616908120653,3.1666666666666665,0.0,1,5,"[[0, 1, 2, 3, 4]]",0.7090781116502739,0.7090781116502739,0.0,4.0,4.0,0.44000000000000006,0.44000000000000006,0.8571428571428571,0.8571428571428571
full_bundle,simu5g_00000675,35.1,gnb_1,0|1|15|2|3,5,7,25,0.28,14,15,1,14.8,1,2,1,1.4,105.07517630809866,18.178521810021536,3.1666666666666665,0.0,1,5,"[[0, 1, 2, 3, 4]]",0.669078111650274,0.669078111650274,0.0,4.0,4.0,0.52,0.52,0.7142857142857143,0.7142857142857143
full_bundle,simu5g_00000676,35.1,gnb_2,31|4|5|6|7,5,7,25,0.28,13,15,2,14.0,1,2,1,1.8,115.29111192539794,93.01206623897006,3.1666666666666665,0.0,1,5,"[[0, 1, 2, 3, 4]]",0.7090781116502739,0.7090781116502739,0.0,4.0,4.0,0.44000000000000006,0.44000000000000006,0.8571428571428571,0.8571428571428571
full_bundle,simu5g_00000677,35.2,gnb_1,0|1|15|2|3,5,7,25,0.28,14,15,1,14.8,1,2,1,1.4,104.81187153315213,17.95547287349524,3.1666666666666665,0.0,1,5,"[[0, 1, 2, 3, 4]]",0.669078111650274,0.669078111650274,0.0,4.0,4.0,0.52,0.52,0.7142857142857143,0.7142857142857143
full_bundle,simu5g_00000678,35.2,gnb_2,31|4|5|6|7,5,7,25,0.28,13,15,2,14.0,1,2,1,1.8,115.12927998690846,91.95242364052054,3.1666666666666665,0.0,1,5,"[[0, 1, 2, 3, 4]]",0.7090781116502739,0.7090781116502739,0.0,4.0,4.0,0.44000000000000006,0.44000000000000006,0.8571428571428571,0.8571428571428571
full_bundle,simu5g_00000679,35.3,gnb_1,0|1|15|2|3,5,7,25,0.28,14,15,1,14.8,1,2,1,1.4,104.55735407331413,17.73068707552362,3.1666666666666665,0.0,1,5,"[[0, 1, 2, 3, 4]]",0.669078111650274,0.669078111650274,0.0,4.0,4.0,0.52,0.52,0.7142857142857143,0.7142857142857143
full_bundle,simu5g_00000680,35.3,gnb_2,31|4|5|6|7,5,7,25,0.28,12,15,3,13.6,1,2,1,1.8,114.97253236635667,90.8695197030063,3.1999999999999997,0.16666666666666696,1,5,"[[0, 1, 2, 3, 4]]",0.7090781116502738,0.7090781116502739,-1.1102230246251565e-16,4.0,4.0,0.44000000000000006,0.44000000000000006,0.8571428571428571,0.8571428571428571
full_bundle,simu5g_00000681,35.4,gnb_1,0|1|15|2|3,5,7,25,0.28,14,15,1,14.8,1,2,1,1.4,104.31040123726805,17.502902500020724,3.1666666666666665,0.0,1,5,"[[0, 1, 2, 3, 4]]",0.669078111650274,0.669078111650274,0.0,4.0,4.0,0.52,0.52,0.7142857142857143,0.7142857142857143
full_bundle,simu5g_00000682,35.4,gnb_2,31|4|5|6|7,5,7,25,0.28,12,15,3,13.6,1,2,1,1.8,114.82049635111203,89.766666037587,3.1999999999999997,0.16666666666666696,1,5,"[[0, 1, 2, 3, 4]]",0.7090781116502738,0.7090781116502739,-1.1102230246251565e-16,4.0,4.0,0.44000000000000006,0.44000000000000006,0.8571428571428571,0.8571428571428571
full_bundle,simu5g_00000683,35.5,gnb_1,0|1|15|2|3,5,7,25,0.28,14,15,1,14.8,1,2,1,1.4,104.07156068765289,17.272043702191553,3.1666666666666665,0.0,1,5,"[[0, 1, 2, 3, 4]]",0.669078111650274,0.669078111650274,0.0,4.0,4.0,0.52,0.52,0.7142857142857143,0.7142857142857143
full_bundle,simu5g_00000684,35.5,gnb_2,31|4|5|6|7,5,7,25,0.28,12,15,3,13.8,1,2,1,1.8,114.67344173319194,88.63841337299421,3.1999999999999997,0.16666666666666696,1,5,"[[0, 1, 2, 3, 4]]",0.7090781116502738,0.7090781116502739,-1.1102230246251565e-16,4.0,4.0,0.44000000000000006,0.44000000000000006,0.8571428571428571,0.8571428571428571
full_bundle,simu5g_00000685,35.6,gnb_1,0|1|15|2|3,5,7,25,0.28,15,15,0,15.0,1,2,1,1.4,103.84027642417979,17.43023320681317,3.1666666666666665,0.0,1,5,"[[0, 1, 2, 3, 4]]",0.669078111650274,0.669078111650274,0.0,4.0,4.0,0.52,0.52,0.7142857142857143,0.7142857142857143
full_bundle,simu5g_00000686,35.6,gnb_2,31|4|5|6|7,5,7,25,0.28,13,15,2,14.0,1,2,1,1.8,114.53122532197537,87.49155750194575,3.1999999999999997,0.16666666666666696,1,5,"[[0, 1, 2, 3, 4]]",0.7090781116502738,0.7090781116502739,-1.1102230246251565e-16,4.0,4.0,0.44000000000000006,0.44000000000000006,0.8571428571428571,0.8571428571428571
full_bundle,simu5g_00000687,35.7,gnb_1,0|1|15|2|3,5,7,25,0.28,15,15,0,15.0,1,2,1,1.4,103.61681650985676,18.488935573584868,3.1666666666666665,0.0,1,5,"[[0, 1, 2, 3, 4]]",0.669078111650274,0.669078111650274,0.0,4.0,4.0,0.52,0.52,0.7142857142857143,0.7142857142857143
full_bundle,simu5g_00000688,35.7,gnb_2,31|4|5|6|7,5,7,25,0.28,13,15,2,14.0,1,2,1,1.8,114.39319373121711,86.3246652019197,3.1999999999999997,0.16666666666666696,1,5,"[[0, 1, 2, 3, 4]]",0.7090781116502738,0.7090781116502739,-1.1102230246251565e-16,4.0,4.0,0.44000000000000006,0.44000000000000006,0.8571428571428571,0.8571428571428571
full_bundle,simu5g_00000689,35.8,gnb_1,0|1|15|2|3,5,7,25,0.28,15,15,0,15.0,1,2,1,1.4,103.40149134207971,19.550018168085316,3.1666666666666665,0.0,1,5,"[[0, 1, 2, 3, 4]]",0.669078111650274,0.669078111650274,0.0,4.0,4.0,0.52,0.52,0.7142857142857143,0.7142857142857143
full_bundle,simu5g_00000690,35.8,gnb_2,31|4|5|6|7,5,7,25,0.28,13,15,2,14.0,1,2,1,1.8,114.25910011507146,85.13322427682627,3.1999999999999997,0.16666666666666696,1,5,"[[0, 1, 2, 3, 4]]",0.7090781116502738,0.7090781116502739,-1.1102230246251565e-16,4.0,4.0,0.44000000000000006,0.44000000000000006,0.8571428571428571,0.8571428571428571
full_bundle,simu5g_00000691,35.9,gnb_1,0|1|15|2|3,5,7,25,0.28,15,15,0,15.0,1,2,1,1.4,103.19442945243618,20.61149051797385,3.1666666666666665,0.0,1,5,"[[0, 1, 2, 3, 4]]",0.669078111650274,0.669078111650274,0.0,4.0,4.0,0.52,0.52,0.7142857142857143,0.7142857142857143
full_bundle,simu5g_00000692,35.9,gnb_2,31|4|5|6|7,5,7,25,0.28,14,15,1,14.4,1,2,1,1.8,114.12862433496844,83.92348900115763,3.1666666666666665,0.0,1,5,"[[0, 1, 2, 3, 4]]",0.7090781116502739,0.7090781116502739,0.0,4.0,4.0,0.44000000000000006,0.44000000000000006,0.8571428571428571,0.8571428571428571
full_bundle,simu5g_00000693,36.0,gnb_1,0|1|15|2|3|4,6,7,25,0.28,15,15,0,15.0,1,2,1,1.5,102.02868632143536,21.67238013837884,3.1666666666666665,0.0,1,6,"[[0, 1, 2, 3, 4, 5]]",0.6790781116502739,0.6790781116502739,0.0,4.0,4.0,0.5,0.5,0.7142857142857143,0.7142857142857143
full_bundle,simu5g_00000694,36.0,gnb_2,31|5|6|7,4,7,25,0.28,14,15,1,14.25,1,2,1,1.75,118.20450799022322,82.69488659543904,3.1666666666666665,0.0,1,4,"[[0, 1, 2, 3]]",0.7040781116502738,0.7040781116502738,0.0,4.0,4.0,0.44999999999999996,0.44999999999999996,0.8571428571428571,0.8571428571428571
full_bundle,simu5g_00000695,36.1,gnb_1,0|1|15|2|3|4,6,7,25,0.28,15,15,0,15.0,1,1,0,1.0,101.82554624596935,22.73453274799661,3.1666666666666665,0.0,1,6,"[[0, 1, 2, 3, 4, 5]]",0.6290781116502738,0.6290781116502738,0.0,4.0,4.0,0.6,0.6,0.7142857142857143,0.7142857142857143
full_bundle,simu5g_00000696,36.1,gnb_2,31|5|6|7,4,7,25,0.28,14,15,1,14.25,2,2,0,2.0,118.1184321251009,81.44716814367733,3.1666666666666665,0.0,1,4,"[[0, 1, 2, 3]]",0.7290781116502738,0.7290781116502738,0.0,4.0,4.0,0.4,0.4,0.8571428571428571,0.8571428571428571
full_bundle,simu5g_00000697,36.2,gnb_1,0|1|15|2|3|4,6,7,25,0.28,15,15,0,15.0,1,1,0,1.0,101.63155618920494,23.79544535414817,3.1666666666666665,0.0,1,6,"[[0, 1, 2, 3, 4, 5]]",0.6290781116502738,0.6290781116502738,0.0,4.0,4.0,0.6,0.6,0.7142857142857143,0.7142857142857143
full_bundle,simu5g_00000698,36.2,gnb_2,31|5|6|7,4,7,25,0.28,12,15,3,13.75,2,2,0,2.0,118.03560940864347,80.17700933740713,3.208333333333333,0.16666666666666696,1,4,"[[0, 1, 2, 3]]",0.7290781116502738,0.7290781116502738,0.0,4.0,4.0,0.4,0.4,0.8571428571428571,0.8571428571428571
full_bundle,simu5g_00000699,36.3,gnb_1,0|1|15|2|3|4,6,7,25,0.28,15,15,0,15.0,1,1,0,1.0,101.44555505376091,24.857147454548127,3.1666666666666665,0.0,1,6,"[[0, 1, 2, 3, 4, 5]]",0.6290781116502738,0.6290781116502738,0.0,4.0,4.0,0.6,0.6,0.7142857142857143,0.7142857142857143
full_bundle,simu5g_00000700,36.3,gnb_2,31|5|6|7,4,7,25,0.28,12,15,3,13.75,2,2,0,2.0,117.95498176491594,78.88888658005952,3.208333333333333,0.16666666666666696,1,4,"[[0, 1, 2, 3]]",0.7290781116502738,0.7290781116502738,0.0,4.0,4.0,0.4,0.4,0.8571428571428571,0.8571428571428571
full_bundle,simu5g_00000701,36.4,gnb_1,0|1|15|2|3|4,6,7,25,0.28,15,15,0,15.0,1,1,0,1.0,101.2675726260074,25.919374849290264,3.1666666666666665,0.0,1,6,"[[0, 1, 2, 3, 4, 5]]",0.6290781116502738,0.6290781116502738,0.0,4.0,4.0,0.6,0.6,0.7142857142857143,0.7142857142857143
full_bundle,simu5g_00000702,36.4,gnb_2,31|5|6|7,4,7,25,0.28,12,15,3,13.75,2,2,0,2.0,117.8763473432271,77.58210433751537,3.208333333333333,0.16666666666666696,1,4,"[[0, 1, 2, 3]]",0.7290781116502738,0.7290781116502738,0.0,4.0,4.0,0.4,0.4,0.8571428571428571,0.8571428571428571
full_bundle,simu5g_00000703,36.5,gnb_1,0|1|15|2|3|4,6,7,25,0.28,14,15,1,14.833333333333334,1,1,0,1.0,101.0982434912557,26.979085352790335,3.1666666666666665,0.0,1,6,"[[0, 1, 2, 3, 4, 5]]",0.6290781116502738,0.6290781116502738,0.0,4.0,4.0,0.6,0.6,0.8571428571428571,0.8571428571428571
full_bundle,simu5g_00000704,36.5,gnb_2,31|5|6|7,4,7,25,0.28,14,15,1,14.25,2,2,0,2.0,117.80148012862662,76.25439065820073,3.1666666666666665,0.0,1,4,"[[0, 1, 2, 3]]",0.7290781116502738,0.7290781116502738,0.0,4.0,4.0,0.4,0.4,0.8571428571428571,0.8571428571428571
full_bundle,simu5g_00000705,36.6,gnb_1,0|1|15|2|3|4,6,7,25,0.28,14,15,1,14.833333333333334,1,1,0,1.0,100.93802937131046,28.038724136354446,3.1666666666666665,0.0,1,6,"[[0, 1, 2, 3, 4, 5]]",0.6290781116502738,0.6290781116502738,0.0,4.0,4.0,0.6,0.6,0.8571428571428571,0.8571428571428571
full_bundle,simu5g_00000706,36.6,gnb_2,31|5|6|7,4,7,25,0.28,14,15,1,14.25,2,2,0,2.0,117.72873473969892,74.91533438012226,3.1666666666666665,0.0,1,4,"[[0, 1, 2, 3]]",0.7290781116502738,0.7290781116502738,0.0,4.0,4.0,0.4,0.4,0.8571428571428571,0.8571428571428571
full_bundle,simu5g_00000707,36.7,gnb_1,0|1|15|2|3|4,6,7,25,0.28,13,15,2,14.333333333333334,1,1,0,1.0,100.78628235555429,29.09629021742255,3.1944444444444446,0.16666666666666696,1,6,"[[0, 1, 2, 3, 4, 5]]",0.6290781116502738,0.6290781116502738,0.0,4.0,4.0,0.6,0.6,0.8571428571428571,0.8571428571428571
full_bundle,simu5g_00000708,36.7,gnb_2,31|5|6|7,4,7,25,0.28,14,15,1,14.25,2,2,0,2.0,117.659828185089,73.55881550159009,3.1666666666666665,0.0,1,4,"[[0, 1, 2, 3]]",0.7290781116502738,0.7290781116502738,0.0,4.0,4.0,0.4,0.4,0.8571428571428571,0.8571428571428571
full_bundle,simu5g_00000709,36.8,gnb_1,0|1|15|2|3|4,6,7,25,0.28,13,15,2,14.333333333333334,1,1,0,1.0,100.64359282431262,30.15170296660031,3.1944444444444446,0.16666666666666696,1,6,"[[0, 1, 2, 3, 4, 5]]",0.6290781116502738,0.6290781116502738,0.0,4.0,4.0,0.6,0.6,0.8571428571428571,0.8571428571428571
full_bundle,simu5g_00000710,36.8,gnb_2,31|5|6|7,4,7,25,0.28,14,15,1,14.25,2,2,0,2.0,117.59462128392455,72.18833672891336,3.1666666666666665,0.0,1,4,"[[0, 1, 2, 3]]",0.7290781116502738,0.7290781116502738,0.0,4.0,4.0,0.4,0.4,0.8571428571428571,0.8571428571428571
full_bundle,simu5g_00000711,36.9,gnb_1,0|1|15|2|3|4,6,7,25,0.28,13,15,2,14.333333333333334,1,1,0,1.0,100.36306775434967,30.327406940275296,3.1944444444444446,0.16666666666666696,1,6,"[[0, 1, 2, 3, 4, 5]]",0.6290781116502738,0.6290781116502738,0.0,4.0,4.0,0.6,0.6,0.8571428571428571,0.8571428571428571
full_bundle,simu5g_00000712,36.9,gnb_2,31|5|6|7,4,7,25,0.28,14,15,1,14.25,2,2,0,2.0,117.53329262209392,70.79838463579235,3.1666666666666665,0.0,1,4,"[[0, 1, 2, 3]]",0.7290781116502738,0.7290781116502738,0.0,4.0,4.0,0.4,0.4,0.8571428571428571,0.8571428571428571
full_bundle,simu5g_00000713,37.0,gnb_1,0|1|15|2|3|4,6,7,25,0.28,14,15,1,14.5,1,1,0,1.0,99.95910599468421,29.71056688144546,3.1666666666666665,0.0,1,6,"[[0, 1, 2, 3, 4, 5]]",0.6290781116502738,0.6290781116502738,0.0,4.0,4.0,0.6,0.6,0.7142857142857143,0.7142857142857143
full_bundle,simu5g_00000714,37.0,gnb_2,31|5|6|7,4,7,25,0.28,14,15,1,14.25,2,2,0,2.0,117.47719849452858,69.3948073402772,3.1666666666666665,0.0,1,4,"[[0, 1, 2, 3]]",0.7290781116502738,0.7290781116502738,0.0,4.0,4.0,0.4,0.4,0.8571428571428571,0.8571428571428571
full_bundle,simu5g_00000715,37.1,gnb_1,0|1|15|2|3|4,6,7,25,0.28,14,15,1,14.5,1,1,0,1.0,99.56431561648593,29.091657986185126,3.1666666666666665,0.0,1,6,"[[0, 1, 2, 3, 4, 5]]",0.6290781116502738,0.6290781116502738,0.0,4.0,4.0,0.6,0.6,0.7142857142857143,0.7142857142857143
full_bundle,simu5g_00000716,37.1,gnb_2,31|5|6|7,4,7,25,0.28,14,15,1,14.5,2,2,0,2.0,117.42475485717603,67.97715293768725,3.1666666666666665,0.0,1,4,"[[0, 1, 2, 3]]",0.7290781116502738,0.7290781116502738,0.0,4.0,4.0,0.4,0.4,0.7142857142857143,0.7142857142857143
full_bundle,simu5g_00000717,37.2,gnb_1,0|1|15|2|3|4,6,7,25,0.28,14,15,1,14.5,1,1,0,1.0,99.17921926398344,28.471691813550834,3.1666666666666665,0.0,1,6,"[[0, 1, 2, 3, 4, 5]]",0.6290781116502738,0.6290781116502738,0.0,4.0,4.0,0.6,0.6,0.7142857142857143,0.7142857142857143
full_bundle,simu5g_00000718,37.2,gnb_2,31|5|6|7,4,7,25,0.28,14,15,1,14.5,2,2,0,2.0,117.3757053161387,66.54246445301031,3.1666666666666665,0.0,1,4,"[[0, 1, 2, 3]]",0.7290781116502738,0.7290781116502738,0.0,4.0,4.0,0.4,0.4,0.7142857142857143,0.7142857142857143
full_bundle,simu5g_00000719,37.3,gnb_1,0|1|15|2|3|4,6,7,25,0.28,14,15,1,14.666666666666666,1,1,0,1.0,98.80349990652961,27.854316408138445,3.1666666666666665,0.0,1,6,"[[0, 1, 2, 3, 4, 5]]",0.6290781116502738,0.6290781116502738,0.0,4.0,4.0,0.6,0.6,0.7142857142857143,0.7142857142857143
full_bundle,simu5g_00000720,37.3,gnb_2,31|5|6|7,4,7,25,0.28,14,15,1,14.5,2,2,0,2.0,117.32981974476185,65.09406570119141,3.1666666666666665,0.0,1,4,"[[0, 1, 2, 3]]",0.7290781116502738,0.7290781116502738,0.0,4.0,4.0,0.4,0.4,0.7142857142857143,0.7142857142857143
full_bundle,simu5g_00000721,37.4,gnb_1,0|1|15|2|3|4,6,7,25,0.28,14,15,1,14.666666666666666,1,1,0,1.0,98.43746409784694,27.238066617920452,3.1666666666666665,0.0,1,6,"[[0, 1, 2, 3, 4, 5]]",0.6290781116502738,0.6290781116502738,0.0,4.0,4.0,0.6,0.6,0.7142857142857143,0.7142857142857143
full_bundle,simu5g_00000722,37.4,gnb_2,31|5|6|7,4,7,25,0.28,14,15,1,14.5,2,2,0,2.0,117.28628337989673,63.63522791246365,3.1666666666666665,0.0,1,4,"[[0, 1, 2, 3]]",0.7290781116502738,0.7290781116502738,0.0,4.0,4.0,0.4,0.4,0.8571428571428571,0.8571428571428571
full_bundle,simu5g_00000723,37.5,gnb_1,0|1|15|2|3|4,6,7,25,0.28,14,15,1,14.666666666666666,1,1,0,1.0,98.08145790676521,26.623423908680863,3.1666666666666665,0.0,1,6,"[[0, 1, 2, 3, 4, 5]]",0.6290781116502738,0.6290781116502738,0.0,4.0,4.0,0.6,0.6,0.7142857142857143,0.7142857142857143
full_bundle,simu5g_00000724,37.5,gnb_2,31|5|6|7,4,7,25,0.28,14,15,1,14.75,2,2,0,2.0,117.24675626687655,62.16565577088798,3.1666666666666665,0.0,1,4,"[[0, 1, 2, 3]]",0.7290781116502738,0.7290781116502738,0.0,4.0,4.0,0.4,0.4,0.7142857142857143,0.7142857142857143
full_bundle,simu5g_00000725,37.6,gnb_1,0|1|15|2|3|4,6,7,25,0.28,14,15,1,14.666666666666666,1,1,0,1.0,97.73547922249834,26.013122165911028,3.1666666666666665,0.0,1,6,"[[0, 1, 2, 3, 4, 5]]",0.6290781116502738,0.6290781116502738,0.0,4.0,4.0,0.6,0.6,0.7142857142857143,0.7142857142857143
full_bundle,simu5g_00000726,37.6,gnb_2,31|5|6|7,4,7,25,0.28,14,15,1,14.75,2,2,0,2.0,117.21090262727164,60.683249849331276,3.1666666666666665,0.0,1,4,"[[0, 1, 2, 3]]",0.7290781116502738,0.7290781116502738,0.0,4.0,4.0,0.4,0.4,0.7142857142857143,0.7142857142857143
full_bundle,simu5g_00000727,37.7,gnb_1,0|1|15|2|3|4,6,7,25,0.28,12,15,3,14.333333333333334,1,1,0,1.0,97.39931007276705,25.404044775904524,3.194444444444444,0.16666666666666696,1,6,"[[0, 1, 2, 3, 4, 5]]",0.6290781116502738,0.6290781116502738,0.0,4.0,4.0,0.6,0.6,0.8571428571428571,0.8571428571428571
full_bundle,simu5g_00000728,37.7,gnb_2,31|5|6|7,4,7,25,0.28,14,15,1,14.75,2,2,0,2.0,117.17883660483814,59.1900460878349,3.1666666666666665,0.0,1,4,"[[0, 1, 2, 3]]",0.7290781116502738,0.7290781116502738,0.0,4.0,4.0,0.4,0.4,0.7142857142857143,0.7142857142857143
full_bundle,simu5g_00000729,37.8,gnb_1,0|1|15|2|3|4,6,7,25,0.28,12,15,3,14.333333333333334,1,1,0,1.0,97.07279220084708,24.791389685701375,3.194444444444444,0.16666666666666696,1,6,"[[0, 1, 2, 3, 4, 5]]",0.6290781116502738,0.6290781116502738,0.0,4.0,4.0,0.6,0.6,0.8571428571428571,0.8571428571428571
full_bundle,simu5g_00000730,37.8,gnb_2,31|5|6|7,4,7,25,0.28,14,15,1,14.75,2,2,0,2.0,117.15207404537922,57.68314310898619,3.1666666666666665,0.0,1,4,"[[0, 1, 2, 3]]",0.7290781116502738,0.7290781116502738,0.0,4.0,4.0,0.4,0.4,0.7142857142857143,0.7142857142857143
full_bundle,simu5g_00000731,37.9,gnb_1,0|1|15|2|3|4,6,7,25,0.28,12,15,3,14.5,1,1,0,1.0,96.75662825652721,24.18080862070758,3.194444444444444,0.16666666666666696,1,6,"[[0, 1, 2, 3, 4, 5]]",0.6290781116502738,0.6290781116502738,0.0,4.0,4.0,0.6,0.6,0.8571428571428571,0.8571428571428571
full_bundle,simu5g_00000732,37.9,gnb_2,31|5|6|7,4,7,25,0.28,14,15,1,14.75,2,2,0,2.0,117.12732887377531,56.16541322773358,3.1666666666666665,0.0,1,4,"[[0, 1, 2, 3]]",0.7290781116502738,0.7290781116502738,0.0,4.0,4.0,0.4,0.4,0.7142857142857143,0.7142857142857143
full_bundle,simu5g_00000733,38.0,gnb_1,0|1|15|2|3|4|5,7,7,25,0.28,14,15,1,14.857142857142858,1,2,1,1.1428571428571428,96.62451014645497,23.575661053473453,3.166666666666667,0.0,1,7,"[[0, 1, 2, 3, 4, 5, 6]]",0.6433638259359881,0.6433638259359881,0.0,4.0,4.0,0.5714285714285714,0.5714285714285714,0.8571428571428571,0.8571428571428571
full_bundle,simu5g_00000734,38.0,gnb_2,31|6|7,3,7,25,0.28,14,15,1,14.666666666666666,2,2,0,2.0,123.58383890890366,54.636714400181475,3.1666666666666665,0.0,1,3,"[[0, 1, 2]]",0.7290781116502738,0.7290781116502738,0.0,4.0,4.0,0.4000000000000001,0.4000000000000001,0.7142857142857143,0.7142857142857143
full_bundle,simu5g_00000735,38.1,gnb_1,0|1|15|2|3|4|5,7,7,25,0.28,14,15,1,14.857142857142858,1,1,0,1.0,96.32520397362035,22.9683812978069,3.166666666666667,0.0,1,7,"[[0, 1, 2, 3, 4, 5, 6]]",0.6290781116502738,0.6290781116502738,0.0,4.0,4.0,0.6,0.6,0.8571428571428571,0.8571428571428571
full_bundle,simu5g_00000736,38.1,gnb_2,31|6|7,3,7,25,0.28,13,15,2,14.333333333333334,2,2,0,2.0,123.66496488521557,53.09232754476734,3.1666666666666665,0.0,1,3,"[[0, 1, 2]]",0.7290781116502738,0.7290781116502738,0.0,4.0,4.0,0.4000000000000001,0.4000000000000001,0.7142857142857143,0.7142857142857143
full_bundle,simu5g_00000737,38.2,gnb_1,0|1|15|2|3|4|5,7,7,25,0.28,14,15,1,14.857142857142858,1,1,0,1.0,96.03600390057113,22.360090656841408,3.166666666666667,0.0,1,7,"[[0, 1, 2, 3, 4, 5, 6]]",0.6290781116502738,0.6290781116502738,0.0,4.0,4.0,0.6,0.6,0.8571428571428571,0.8571428571428571
full_bundle,simu5g_00000738,38.2,gnb_2,31|6|7,3,7,25,0.28,13,15,2,14.333333333333334,2,2,0,2.0,123.74789909204168,51.537950242463694,3.1666666666666665,0.0,1,3,"[[0, 1, 2]]",0.7290781116502738,0.7290781116502738,0.0,4.0,4.0,0.4000000000000001,0.4000000000000001,0.7142857142857143,0.7142857142857143
full_bundle,simu5g_00000739,38.3,gnb_1,0|1|15|2|3|4|5,7,7,25,0.28,13,15,2,14.714285714285714,1,1,0,1.0,95.75790932392252,21.754217036232617,3.166666666666667,0.0,1,7,"[[0, 1, 2, 3, 4, 5, 6]]",0.6290781116502738,0.6290781116502738,0.0,4.0,4.0,0.6,0.6,0.8571428571428571,0.8571428571428571
full_bundle,simu5g_00000740,38.3,gnb_2,31|6|7,3,7,25,0.28,13,15,2,14.333333333333334,2,2,0,2.0,123.82968149537218,49.97752258481023,3.1666666666666665,0.0,1,3,"[[0, 1, 2]]",0.7290781116502738,0.7290781116502738,0.0,4.0,4.0,0.4000000000000001,0.4000000000000001,0.7142857142857143,0.7142857142857143
full_bundle,simu5g_00000741,38.4,gnb_1,0|1|15|2|3|4|5,7,7,25,0.28,14,15,1,14.857142857142858,1,1,0,1.0,95.49071609593784,21.149927103162042,3.166666666666667,0.0,1,7,"[[0, 1, 2, 3, 4, 5, 6]]",0.6290781116502738,0.6290781116502738,0.0,4.0,4.0,0.6,0.6,0.8571428571428571,0.8571428571428571
full_bundle,simu5g_00000742,38.4,gnb_2,31|6|7,3,7,25,0.28,13,15,2,14.333333333333334,2,2,0,2.0,123.9122662453173,48.404009602720166,3.1666666666666665,0.0,1,3,"[[0, 1, 2]]",0.7290781116502738,0.7290781116502738,0.0,4.0,4.0,0.4000000000000001,0.4000000000000001,0.7142857142857143,0.7142857142857143
full_bundle,simu5g_00000743,38.5,gnb_1,0|1|15|2|3|4|5,7,7,25,0.28,14,15,1,14.857142857142858,1,1,0,1.0,95.23392361561426,20.547105241587246,3.166666666666667,0.0,1,7,"[[0, 1, 2, 3, 4, 5, 6]]",0.6290781116502738,0.6290781116502738,0.0,4.0,4.0,0.6,0.6,0.8571428571428571,0.8571428571428571
full_bundle,simu5g_00000744,38.5,gnb_2,31|6|7,3,7,25,0.28,13,15,2,14.333333333333334,2,2,0,2.0,123.99427424589506,46.8169088133629,3.1666666666666665,0.0,1,3,"[[0, 1, 2]]",0.7290781116502738,0.7290781116502738,0.0,4.0,4.0,0.4000000000000001,0.4000000000000001,0.7142857142857143,0.7142857142857143
full_bundle,simu5g_00000745,38.6,gnb_1,0|1|15|2|3|4|5,7,7,25,0.28,14,15,1,14.857142857142858,1,1,0,1.0,94.98801925995893,19.945110736102635,3.166666666666667,0.0,1,7,"[[0, 1, 2, 3, 4, 5, 6]]",0.6290781116502738,0.6290781116502738,0.0,4.0,4.0,0.6,0.6,0.7142857142857143,0.7142857142857143
full_bundle,simu5g_00000746,38.6,gnb_2,31|6|7,3,7,25,0.28,13,15,2,14.333333333333334,2,2,0,2.0,124.07636445265842,45.2238018493355,3.1666666666666665,0.0,1,3,"[[0, 1, 2]]",0.7290781116502738,0.7290781116502738,0.0,4.0,4.0,0.4000000000000001,0.4000000000000001,0.7142857142857143,0.7142857142857143
full_bundle,simu5g_00000747,38.7,gnb_1,0|1|15|2|3|4|5,7,7,25,0.28,14,15,1,14.857142857142858,1,1,0,1.0,94.75258248623126,19.3439172121152,3.166666666666667,0.0,1,7,"[[0, 1, 2, 3, 4, 5, 6]]",0.6290781116502738,0.6290781116502738,0.0,4.0,4.0,0.6,0.6,0.7142857142857143,0.7142857142857143
full_bundle,simu5g_00000748,38.7,gnb_2,31|6|7,3,7,25,0.28,13,15,2,14.333333333333334,2,2,0,2.0,124.15863256715197,43.62268061888349,3.222222222222222,0.16666666666666696,1,3,"[[0, 1, 2]]",0.7290781116502738,0.7290781116502738,0.0,4.0,4.0,0.4000000000000001,0.4000000000000001,0.8571428571428571,0.8571428571428571
full_bundle,simu5g_00000749,38.8,gnb_1,0|1|15|2|3|4|5,7,7,25,0.28,14,15,1,14.857142857142858,1,1,0,1.0,94.5274662547791,18.74263846574759,3.166666666666667,0.0,1,7,"[[0, 1, 2, 3, 4, 5, 6]]",0.6290781116502738,0.6290781116502738,0.0,4.0,4.0,0.6,0.6,0.7142857142857143,0.7142857142857143
full_bundle,simu5g_00000750,38.8,gnb_2,31|6|7,3,7,25,0.28,13,15,2,14.333333333333334,2,2,0,2.0,124.24133611150712,42.00746725043186,3.222222222222222,0.16666666666666696,1,3,"[[0, 1, 2]]",0.7290781116502738,0.7290781116502738,0.0,4.0,4.0,0.4000000000000001,0.4000000000000001,0.8571428571428571,0.8571428571428571
full_bundle,simu5g_00000751,38.9,gnb_1,0|1|15|2|3|4|5,7,7,25,0.28,14,15,1,14.714285714285714,1,1,0,1.0,94.3129501540864,18.13857100721603,3.166666666666667,0.0,1,7,"[[0, 1, 2, 3, 4, 5, 6]]",0.6290781116502738,0.6290781116502738,0.0,4.0,4.0,0.6,0.6,0.8571428571428571,0.8571428571428571
full_bundle,simu5g_00000752,38.9,gnb_2,31|6|7,3,7,25,0.28,13,15,2,14.333333333333334,2,2,0,2.0,124.32247606120497,40.38520519224281,3.222222222222222,0.16666666666666696,1,3,"[[0, 1, 2]]",0.7290781116502738,0.7290781116502738,0.0,4.0,4.0,0.4000000000000001,0.4000000000000001,0.8571428571428571,0.8571428571428571
full_bundle,simu5g_00000753,39.0,gnb_1,0|1|15|2|3|4|5,7,7,25,0.28,14,15,1,14.714285714285714,1,1,0,1.0,94.10930816043891,17.5370168203129,3.166666666666667,0.0,1,7,"[[0, 1, 2, 3, 4, 5, 6]]",0.6290781116502738,0.6290781116502738,0.0,4.0,4.0,0.6,0.6,0.8571428571428571,0.8571428571428571
full_bundle,simu5g_00000754,39.0,gnb_2,31|6|7,3,7,25,0.28,13,15,2,14.333333333333334,2,2,0,2.0,124.40360922631949,38.75795213413626,3.222222222222222,0.16666666666666696,1,3,"[[0, 1, 2]]",0.7290781116502738,0.7290781116502738,0.0,4.0,4.0,0.4000000000000001,0.4000000000000001,0.8571428571428571,0.8571428571428571
full_bundle,simu5g_00000755,39.1,gnb_1,0|1|15|2|3|4|5,7,7,25,0.28,14,15,1,14.714285714285714,1,1,0,1.0,93.91640242379891,16.935532588029346,3.166666666666667,0.0,1,7,"[[0, 1, 2, 3, 4, 5, 6]]",0.6290781116502738,0.6290781116502738,0.0,4.0,4.0,0.6,0.6,0.8571428571428571,0.8571428571428571
full_bundle,simu5g_00000756,39.1,gnb_2,31|6|7,3,7,25,0.28,13,15,2,14.333333333333334,2,2,0,2.0,124.48510119539792,37.12096620257816,3.222222222222222,0.16666666666666696,1,3,"[[0, 1, 2]]",0.7290781116502738,0.7290781116502738,0.0,4.0,4.0,0.4000000000000001,0.4000000000000001,0.8571428571428571,0.8571428571428571
full_bundle,simu5g_00000757,39.2,gnb_1,0|1|15|2|3|4|5,7,7,25,0.28,14,15,1,14.571428571428571,1,1,0,1.0,93.73407792986768,16.334998739594127,3.166666666666667,0.0,1,7,"[[0, 1, 2, 3, 4, 5, 6]]",0.6290781116502738,0.6290781116502738,0.0,4.0,4.0,0.6,0.6,0.8571428571428571,0.8571428571428571
full_bundle,simu5g_00000758,39.2,gnb_2,31|6|7,3,7,25,0.28,13,15,2,14.333333333333334,2,2,0,2.0,124.56690854060332,35.47077071711736,3.222222222222222,0.16666666666666696,1,3,"[[0, 1, 2]]",0.7290781116502738,0.7290781116502738,0.0,4.0,4.0,0.4000000000000001,0.4000000000000001,0.8571428571428571,0.8571428571428571
full_bundle,simu5g_00000759,39.3,gnb_1,0|1|15|2|3|4|5,7,7,25,0.28,14,15,1,14.571428571428571,1,1,0,1.0,93.56231670713747,15.73202892057833,3.166666666666667,0.0,1,7,"[[0, 1, 2, 3, 4, 5, 6]]",0.6290781116502738,0.6290781116502738,0.0,4.0,4.0,0.6,0.6,0.8571428571428571,0.8571428571428571
full_bundle,simu5g_00000760,39.3,gnb_2,31|6|7,3,7,25,0.28,14,15,1,14.666666666666666,2,2,0,2.0,124.64810737957525,33.81677625883326,3.1666666666666665,0.0,1,3,"[[0, 1, 2]]",0.7290781116502738,0.7290781116502738,0.0,4.0,4.0,0.4000000000000001,0.4000000000000001,0.7142857142857143,0.7142857142857143
full_bundle,simu5g_00000761,39.4,gnb_1,0|1|15|2|3|4|5,7,7,25,0.28,14,15,1,14.571428571428571,1,1,0,1.0,93.40163292428461,15.131751623963012,3.166666666666667,0.0,1,7,"[[0, 1, 2, 3, 4, 5, 6]]",0.6290781116502738,0.6290781116502738,0.0,4.0,4.0,0.6,0.6,0.8571428571428571,0.8571428571428571
full_bundle,simu5g_00000762,39.4,gnb_2,31|6|7,3,7,25,0.28,14,15,1,14.666666666666666,2,2,0,2.0,124.72924440990535,32.148923051862,3.1666666666666665,0.0,1,3,"[[0, 1, 2]]",0.7290781116502738,0.7290781116502738,0.0,4.0,4.0,0.4000000000000001,0.4000000000000001,0.7142857142857143,0.7142857142857143
full_bundle,simu5g_00000763,39.5,gnb_1,0|1|15|2|3|4|5,7,7,25,0.28,14,15,1,14.571428571428571,1,1,0,1.0,93.25137790543283,14.530568152413721,3.166666666666667,0.0,1,7,"[[0, 1, 2, 3, 4, 5, 6]]",0.6290781116502738,0.6290781116502738,0.0,4.0,4.0,0.6,0.6,0.8571428571428571,0.8571428571428571
full_bundle,simu5g_00000764,39.5,gnb_2,31|6|7,3,7,25,0.28,14,15,1,14.666666666666666,2,2,0,2.0,124.8086325107899,30.474584058805235,3.1666666666666665,0.0,1,3,"[[0, 1, 2]]",0.7290781116502738,0.7290781116502738,0.0,4.0,4.0,0.4000000000000001,0.4000000000000001,0.7142857142857143,0.7142857142857143
full_bundle,simu5g_00000765,39.6,gnb_1,0|1|15|2|3|4|5,7,7,25,0.28,14,15,1,14.714285714285714,1,1,0,1.0,93.11207459543444,13.93054031240493,3.166666666666667,0.0,1,7,"[[0, 1, 2, 3, 4, 5, 6]]",0.6290781116502738,0.6290781116502738,0.0,4.0,4.0,0.6,0.6,0.8571428571428571,0.8571428571428571
full_bundle,simu5g_00000766,39.6,gnb_2,31|6|7,3,7,25,0.28,14,15,1,14.666666666666666,2,2,0,2.0,124.88710875012252,28.791914441632997,3.1666666666666665,0.0,1,3,"[[0, 1, 2]]",0.7290781116502738,0.7290781116502738,0.0,4.0,4.0,0.4000000000000001,0.4000000000000001,0.7142857142857143,0.7142857142857143
full_bundle,simu5g_00000767,39.7,gnb_1,0|1|15|2|3|4|5,7,7,25,0.28,14,15,1,14.714285714285714,1,1,0,1.0,92.98371114862789,13.331823320335332,3.166666666666667,0.0,1,7,"[[0, 1, 2, 3, 4, 5, 6]]",0.6290781116502738,0.6290781116502738,0.0,4.0,4.0,0.6,0.6,0.8571428571428571,0.8571428571428571
full_bundle,simu5g_00000768,39.7,gnb_2,6|7,2,7,25,0.28,14,14,0,14.0,2,2,0,2.0,130.56359375695922,20.611637266471604,3.1666666666666665,0.0,1,2,"[[0, 1]]",0.7290781116502738,0.7290781116502738,0.0,4.0,4.0,0.4,0.4,0.7142857142857143,0.7142857142857143
full_bundle,simu5g_00000769,39.8,gnb_1,0|1|15|2|3|4|5,7,7,25,0.28,14,15,1,14.714285714285714,1,1,0,1.0,92.86573725483284,12.733171739371599,3.166666666666667,0.0,1,7,"[[0, 1, 2, 3, 4, 5, 6]]",0.6290781116502738,0.6290781116502738,0.0,4.0,4.0,0.6,0.6,0.7142857142857143,0.7142857142857143
full_bundle,simu5g_00000770,39.8,gnb_2,6|7,2,7,25,0.28,14,14,0,14.0,2,3,1,2.5,130.0699549535849,20.651439363958744,3.1666666666666665,0.0,1,2,"[[0, 1]]",0.7790781116502739,0.7790781116502739,0.0,4.0,4.0,0.30000000000000004,0.30000000000000004,0.7142857142857143,0.7142857142857143
full_bundle,simu5g_00000771,39.9,gnb_1,0|1|15|2|3|4|5,7,7,25,0.28,14,15,1,14.857142857142858,1,1,0,1.0,92.75847061639877,12.13257114965701,3.166666666666667,0.0,1,7,"[[0, 1, 2, 3, 4, 5, 6]]",0.6290781116502738,0.6290781116502738,0.0,4.0,4.0,0.6,0.6,0.7142857142857143,0.7142857142857143
full_bundle,simu5g_00000772,39.9,gnb_2,6|7,2,7,25,0.28,14,14,0,14.0,3,3,0,3.0,129.57552859938602,20.690484662900445,3.1666666666666665,0.0,1,2,"[[0, 1]]",0.8290781116502739,0.8290781116502739,0.0,4.0,4.0,0.2,0.2,0.7142857142857143,0.7142857142857143
full_bundle,simu5g_00000773,40.0,gnb_1,0|1|15|2|3|4|5,7,7,25,0.28,13,15,2,14.571428571428571,1,1,0,1.0,92.66167192175025,11.531727882408987,3.166666666666667,0.0,1,7,"[[0, 1, 2, 3, 4, 5, 6]]",0.6290781116502738,0.6290781116502738,0.0,4.0,4.0,0.6,0.6,0.8571428571428571,0.8571428571428571
full_bundle,simu5g_00000774,40.0,gnb_2,6|7,2,7,25,0.28,14,14,0,14.0,3,3,0,3.0,129.07963519398453,20.727470844981013,3.1666666666666665,0.0,1,2,"[[0, 1]]",0.8290781116502739,0.8290781116502739,0.0,4.0,4.0,0.2,0.2,0.7142857142857143,0.7142857142857143
full_bundle,simu5g_00000775,40.1,gnb_1,0|1|15|2|3|4|5,7,7,25,0.28,13,15,2,14.571428571428571,1,1,0,1.0,92.57572512693659,10.931648442235868,3.166666666666667,0.0,1,7,"[[0, 1, 2, 3, 4, 5, 6]]",0.6290781116502738,0.6290781116502738,0.0,4.0,4.0,0.6,0.6,0.8571428571428571,0.8571428571428571
full_bundle,simu5g_00000776,40.1,gnb_2,6|7,2,7,25,0.28,14,15,1,14.5,3,3,0,3.0,128.58190079548856,20.76036486671144,3.1666666666666665,0.0,1,2,"[[0, 1]]",0.8290781116502739,0.8290781116502739,0.0,4.0,4.0,0.2,0.2,0.7142857142857143,0.7142857142857143
full_bundle,simu5g_00000777,40.2,gnb_1,0|1|15|2|3|4|5,7,7,25,0.28,13,15,2,14.571428571428571,1,1,0,1.0,92.50060919491534,11.054527840011957,3.166666666666667,0.0,1,7,"[[0, 1, 2, 3, 4, 5, 6]]",0.6290781116502738,0.6290781116502738,0.0,4.0,4.0,0.6,0.6,0.8571428571428571,0.8571428571428571
full_bundle,simu5g_00000778,40.2,gnb_2,6|7,2,7,25,0.28,14,15,1,14.5,3,3,0,3.0,128.08319210540384,20.793287918293885,3.1666666666666665,0.0,1,2,"[[0, 1]]",0.8290781116502739,0.8290781116502739,0.0,4.0,4.0,0.2,0.2,0.7142857142857143,0.7142857142857143
full_bundle,simu5g_00000779,40.3,gnb_1,0|1|15|2|3|4|5,7,7,25,0.28,14,15,1,14.857142857142858,1,1,0,1.0,92.43630330442353,11.322231383467923,3.166666666666667,0.0,1,7,"[[0, 1, 2, 3, 4, 5, 6]]",0.6290781116502738,0.6290781116502738,0.0,4.0,4.0,0.6,0.6,0.8571428571428571,0.8571428571428571
full_bundle,simu5g_00000780,40.3,gnb_2,6|7,2,7,25,0.28,14,15,1,14.5,3,3,0,3.0,127.58263645376171,20.82174660034289,3.1666666666666665,0.0,1,2,"[[0, 1]]",0.8290781116502739,0.8290781116502739,0.0,4.0,4.0,0.2,0.2,0.7142857142857143,0.7142857142857143
full_bundle,simu5g_00000781,40.4,gnb_1,0|1|15|2|3|4|5,7,7,25,0.28,14,15,1,14.857142857142858,1,1,0,1.0,92.38267498306979,11.590430464395524,3.166666666666667,0.0,1,7,"[[0, 1, 2, 3, 4, 5, 6]]",0.6290781116502738,0.6290781116502738,0.0,4.0,4.0,0.6,0.6,0.7142857142857143,0.7142857142857143
full_bundle,simu5g_00000782,40.4,gnb_2,6|7,2,7,25,0.28,14,15,1,14.5,3,3,0,3.0,127.08170478392795,20.846885856396312,3.1666666666666665,0.0,1,2,"[[0, 1]]",0.8290781116502739,0.8290781116502739,0.0,4.0,4.0,0.2,0.2,0.7142857142857143,0.7142857142857143
full_bundle,simu5g_00000783,40.5,gnb_1,0|1|15|2|3|4|5,7,7,25,0.28,14,15,1,14.857142857142858,1,1,0,1.0,92.33961845435212,11.858519161118565,3.166666666666667,0.0,1,7,"[[0, 1, 2, 3, 4, 5, 6]]",0.6290781116502738,0.6290781116502738,0.0,4.0,4.0,0.6,0.6,0.7142857142857143,0.7142857142857143
full_bundle,simu5g_00000784,40.5,gnb_2,6|7,2,7,25,0.28,14,15,1,14.5,3,3,0,3.0,126.57853961948834,20.867940112669544,3.1666666666666665,0.0,1,2,"[[0, 1]]",0.8290781116502739,0.8290781116502739,0.0,4.0,4.0,0.2,0.2,0.7142857142857143,0.7142857142857143
full_bundle,simu5g_00000785,40.6,gnb_1,0|1|15|2|3|4|5,7,7,25,0.28,14,15,1,14.857142857142858,1,1,0,1.0,92.30744443719847,12.126601492062775,3.166666666666667,0.0,1,7,"[[0, 1, 2, 3, 4, 5, 6]]",0.6290781116502738,0.6290781116502738,0.0,4.0,4.0,0.6,0.6,0.7142857142857143,0.7142857142857143
full_bundle,simu5g_00000786,40.6,gnb_2,6|7,2,7,25,0.28,14,15,1,14.5,3,3,0,3.0,126.07437053109692,20.883377815956123,3.1666666666666665,0.0,1,2,"[[0, 1]]",0.8290781116502739,0.8290781116502739,0.0,4.0,4.0,0.2,0.2,0.7142857142857143,0.7142857142857143
full_bundle,simu5g_00000787,40.7,gnb_1,0|1|15|2|3|4|5,7,7,25,0.28,14,15,1,14.857142857142858,1,1,0,1.0,92.28582647203427,12.393149174232732,3.166666666666667,0.0,1,7,"[[0, 1, 2, 3, 4, 5, 6]]",0.6290781116502738,0.6290781116502738,0.0,4.0,4.0,0.6,0.6,0.7142857142857143,0.7142857142857143
full_bundle,simu5g_00000788,40.7,gnb_2,6|7,2,7,25,0.28,14,15,1,14.5,3,3,0,3.0,125.56965346383843,20.892783797757062,3.1666666666666665,0.0,1,2,"[[0, 1]]",0.8290781116502739,0.8290781116502739,0.0,4.0,4.0,0.2,0.2,0.7142857142857143,0.7142857142857143
full_bundle,simu5g_00000789,40.8,gnb_1,0|1|15|2|3|4|5,7,7,25,0.28,14,15,1,14.857142857142858,1,1,0,1.0,92.27497574626018,12.65971665897652,3.166666666666667,0.0,1,7,"[[0, 1, 2, 3, 4, 5, 6]]",0.6290781116502738,0.6290781116502738,0.0,4.0,4.0,0.6,0.6,0.7142857142857143,0.7142857142857143
full_bundle,simu5g_00000790,40.8,gnb_2,6|7,2,7,25,0.28,13,15,2,14.0,3,3,0,3.0,125.06353361969138,20.896502976186525,3.1666666666666665,0.0,1,2,"[[0, 1]]",0.8290781116502739,0.8290781116502739,0.0,4.0,4.0,0.2,0.2,0.7142857142857143,0.7142857142857143
full_bundle,simu5g_00000791,40.9,gnb_1,0|1|15|2|3|4|5,7,7,25,0.28,14,15,1,14.857142857142858,1,1,0,1.0,92.27465410405924,12.925358409464295,3.166666666666667,0.0,1,7,"[[0, 1, 2, 3, 4, 5, 6]]",0.6290781116502738,0.6290781116502738,0.0,4.0,4.0,0.6,0.6,0.7142857142857143,0.7142857142857143
full_bundle,simu5g_00000792,40.9,gnb_2,6|7,2,7,25,0.28,13,14,1,13.5,3,3,0,3.0,124.5569736772742,20.894024420852332,3.1666666666666665,0.0,1,2,"[[0, 1]]",0.8290781116502739,0.8290781116502739,0.0,4.0,4.0,0.2,0.2,0.8571428571428571,0.8571428571428571
full_bundle,simu5g_00000793,41.0,gnb_1,0|1|15|2|3|4|5,7,7,25,0.28,14,15,1,14.857142857142858,1,1,0,1.0,92.28523787290237,13.190768572202273,3.166666666666667,0.0,1,7,"[[0, 1, 2, 3, 4, 5, 6]]",0.6290781116502738,0.6290781116502738,0.0,4.0,4.0,0.6,0.6,0.7142857142857143,0.7142857142857143
full_bundle,simu5g_00000794,41.0,gnb_2,6|7,2,7,25,0.28,13,14,1,13.5,3,3,0,3.0,124.04961112184023,20.884422710577795,3.1666666666666665,0.0,1,2,"[[0, 1]]",0.8290781116502739,0.8290781116502739,0.0,4.0,4.0,0.2,0.2,0.7142857142857143,0.7142857142857143
full_bundle,simu5g_00000795,41.1,gnb_1,0|1|15|2|3|4|5,7,7,25,0.28,14,15,1,14.857142857142858,1,1,0,1.0,92.30674340303065,13.45573795771233,3.166666666666667,0.0,1,7,"[[0, 1, 2, 3, 4, 5, 6]]",0.6290781116502738,0.6290781116502738,0.0,4.0,4.0,0.6,0.6,0.7142857142857143,0.7142857142857143
full_bundle,simu5g_00000796,41.1,gnb_2,6|7,2,7,25,0.28,13,14,1,13.5,3,3,0,3.0,123.54254641361426,20.872447457083098,3.1666666666666665,0.0,1,2,"[[0, 1]]",0.8290781116502739,0.8290781116502739,0.0,4.0,4.0,0.2,0.2,0.7142857142857143,0.7142857142857143
full_bundle,simu5g_00000797,41.2,gnb_1,0|1|15|2|3|4|5,7,7,25,0.28,14,15,1,14.571428571428571,1,1,0,1.0,92.33845238820321,13.71863562429354,3.166666666666667,0.0,1,7,"[[0, 1, 2, 3, 4, 5, 6]]",0.6290781116502738,0.6290781116502738,0.0,4.0,4.0,0.6,0.6,0.7142857142857143,0.7142857142857143
full_bundle,simu5g_00000798,41.2,gnb_2,6|7,2,7,25,0.28,13,14,1,13.5,3,3,0,3.0,123.03515769848312,20.85418757412998,3.1666666666666665,0.0,1,2,"[[0, 1]]",0.8290781116502739,0.8290781116502739,0.0,4.0,4.0,0.2,0.2,0.7142857142857143,0.7142857142857143
full_bundle,simu5g_00000799,41.3,gnb_1,0|1|15|2|3|4|5,7,7,25,0.28,14,15,1,14.714285714285714,1,1,0,1.0,92.38088828114974,13.981368632536928,3.166666666666667,0.0,1,7,"[[0, 1, 2, 3, 4, 5, 6]]",0.6290781116502738,0.6290781116502738,0.0,4.0,4.0,0.6,0.6,0.7142857142857143,0.7142857142857143
full_bundle,simu5g_00000800,41.3,gnb_2,6|7,2,7,25,0.28,14,15,1,14.5,3,3,0,3.0,122.52666957706481,20.83066934177009,3.1666666666666665,0.0,1,2,"[[0, 1]]",0.8290781116502739,0.8290781116502739,0.0,4.0,4.0,0.2,0.2,0.7142857142857143,0.7142857142857143
full_bundle,simu5g_00000801,41.4,gnb_1,0|1|15|2|3|4|5,7,7,25,0.28,14,15,1,14.714285714285714,1,1,0,1.0,92.43386452131685,14.243388411689807,3.166666666666667,0.0,1,7,"[[0, 1, 2, 3, 4, 5, 6]]",0.6290781116502738,0.6290781116502738,0.0,4.0,4.0,0.6,0.6,0.7142857142857143,0.7142857142857143
full_bundle,simu5g_00000802,41.4,gnb_2,6|7,2,7,25,0.28,14,15,1,14.5,3,3,0,3.0,122.01811539706536,20.800851716567223,3.1666666666666665,0.0,1,2,"[[0, 1]]",0.8290781116502739,0.8290781116502739,0.0,4.0,4.0,0.2,0.2,0.7142857142857143,0.7142857142857143
full_bundle,simu5g_00000803,41.5,gnb_1,0|1|15|2|3|4|5,7,7,25,0.28,14,15,1,14.857142857142858,1,1,0,1.0,92.49741393900884,14.504487592657227,3.166666666666667,0.0,1,7,"[[0, 1, 2, 3, 4, 5, 6]]",0.6290781116502738,0.6290781116502738,0.0,4.0,4.0,0.6,0.6,0.7142857142857143,0.7142857142857143
full_bundle,simu5g_00000804,41.5,gnb_2,6|7,2,7,25,0.28,14,15,1,14.5,3,3,0,3.0,121.50774902176525,20.764688442027023,3.1666666666666665,0.0,1,2,"[[0, 1]]",0.8290781116502739,0.8290781116502739,0.0,4.0,4.0,0.2,0.2,0.7142857142857143,0.7142857142857143
full_bundle,simu5g_00000805,41.6,gnb_1,0|1|15|2|3|4|5,7,7,25,0.28,14,15,1,14.857142857142858,1,1,0,1.0,92.57131137469278,14.764560286816021,3.166666666666667,0.0,1,7,"[[0, 1, 2, 3, 4, 5, 6]]",0.6290781116502738,0.6290781116502738,0.0,4.0,4.0,0.6,0.6,0.7142857142857143,0.7142857142857143
full_bundle,simu5g_00000806,41.6,gnb_2,6|7,2,7,25,0.28,14,15,1,14.5,3,3,0,3.0,120.99854223144646,20.72526523128103,3.1666666666666665,0.0,1,2,"[[0, 1]]",0.8290781116502739,0.8290781116502739,0.0,4.0,4.0,0.2,0.2,0.7142857142857143,0.7142857142857143
full_bundle,simu5g_00000807,41.7,gnb_1,0|1|15|2|3|4|5,7,7,25,0.28,14,15,1,14.857142857142858,1,1,0,1.0,92.65542516139485,15.022806134011049,3.166666666666667,0.0,1,7,"[[0, 1, 2, 3, 4, 5, 6]]",0.6290781116502738,0.6290781116502738,0.0,4.0,4.0,0.6,0.6,0.7142857142857143,0.7142857142857143
full_bundle,simu5g_00000808,41.7,gnb_2,6|7,2,7,25,0.28,14,15,1,14.5,3,3,0,3.0,120.48870248410073,20.682128992516567,3.1666666666666665,0.0,1,2,"[[0, 1]]",0.8290781116502739,0.8290781116502739,0.0,4.0,4.0,0.2,0.2,0.7142857142857143,0.7142857142857143
full_bundle,simu5g_00000809,41.8,gnb_1,0|1|15|2|3|4|5,7,7,25,0.28,14,15,1,14.857142857142858,1,1,0,1.0,92.74985656229343,15.27922603826623,3.166666666666667,0.0,1,7,"[[0, 1, 2, 3, 4, 5, 6]]",0.6290781116502738,0.6290781116502738,0.0,4.0,4.0,0.6,0.6,0.7142857142857143,0.7142857142857143
full_bundle,simu5g_00000810,41.8,gnb_2,6|7,2,7,25,0.28,14,15,1,14.5,3,3,0,3.0,119.9800028310397,20.636901074004896,3.1666666666666665,0.0,1,2,"[[0, 1]]",0.8290781116502739,0.8290781116502739,0.0,4.0,4.0,0.2,0.2,0.7142857142857143,0.7142857142857143
full_bundle,simu5g_00000811,41.9,gnb_1,0|1|15|2|3|4|5,7,7,25,0.28,14,15,1,14.714285714285714,1,1,0,1.0,92.85482235529675,15.630569444616441,3.166666666666667,0.0,1,7,"[[0, 1, 2, 3, 4, 5, 6]]",0.6290781116502738,0.6290781116502738,0.0,4.0,4.0,0.6,0.6,0.7142857142857143,0.7142857142857143
full_bundle,simu5g_00000812,41.9,gnb_2,6|7,2,7,25,0.28,14,15,1,14.5,3,3,0,3.0,119.47197070911594,20.587856452721425,3.1666666666666665,0.0,1,2,"[[0, 1]]",0.8290781116502739,0.8290781116502739,0.0,4.0,4.0,0.2,0.2,0.7142857142857143,0.7142857142857143
full_bundle,simu5g_00000813,42.0,gnb_1,0|1|15|2|3|4|5,7,7,25,0.28,14,15,1,14.714285714285714,1,1,0,1.0,92.96957996235042,16.06597795040058,3.166666666666667,0.0,1,7,"[[0, 1, 2, 3, 4, 5, 6]]",0.6290781116502738,0.6290781116502738,0.0,4.0,4.0,0.6,0.6,0.7142857142857143,0.7142857142857143
full_bundle,simu5g_00000814,42.0,gnb_2,6|7,2,7,25,0.28,14,15,1,14.5,3,3,0,3.0,118.96526422941888,20.53613871351351,3.1666666666666665,0.0,1,2,"[[0, 1]]",0.8290781116502739,0.8290781116502739,0.0,4.0,4.0,0.2,0.2,0.7142857142857143,0.7142857142857143
full_bundle,simu5g_00000815,42.1,gnb_1,0|1|15|2|3|4|5,7,7,25,0.28,14,15,1,14.714285714285714,1,1,0,1.0,93.09524608339343,16.500639957326612,3.166666666666667,0.0,1,7,"[[0, 1, 2, 3, 4, 5, 6]]",0.6290781116502738,0.6290781116502738,0.0,4.0,4.0,0.6,0.6,0.7142857142857143,0.7142857142857143
full_bundle,simu5g_00000816,42.1,gnb_2,6|7,2,7,25,0.28,14,14,0,14.0,3,3,0,3.0,118.45783542871001,20.47880437818536,3.1666666666666665,0.0,1,2,"[[0, 1]]",0.8290781116502739,0.8290781116502739,0.0,4.0,4.0,0.2,0.2,0.7142857142857143,0.7142857142857143
full_bundle,simu5g_00000817,42.2,gnb_1,0|1|15|2|3|4|5,7,7,25,0.28,14,15,1,14.857142857142858,1,1,0,1.0,93.23082832410368,16.933550149303528,3.166666666666667,0.0,1,7,"[[0, 1, 2, 3, 4, 5, 6]]",0.6290781116502738,0.6290781116502738,0.0,4.0,4.0,0.6,0.6,0.7142857142857143,0.7142857142857143
full_bundle,simu5g_00000818,42.2,gnb_2,6|7,2,7,25,0.28,13,14,1,13.5,3,3,0,3.0,117.9509926103951,20.41612824205795,3.25,0.16666666666666696,1,2,"[[0, 1]]",0.8290781116502739,0.8290781116502739,0.0,4.0,4.0,0.2,0.2,0.8571428571428571,0.8571428571428571
full_bundle,simu5g_00000819,42.3,gnb_1,0|1|15|2|3|4|5,7,7,25,0.28,15,15,0,15.0,1,1,0,1.0,93.37648477709551,17.364314763151043,3.166666666666667,0.0,1,7,"[[0, 1, 2, 3, 4, 5, 6]]",0.6290781116502738,0.6290781116502738,0.0,4.0,4.0,0.6,0.6,0.7142857142857143,0.7142857142857143
full_bundle,simu5g_00000820,42.3,gnb_2,6|7,2,7,25,0.28,13,14,1,13.5,3,3,0,3.0,117.44463357181712,20.34980930636995,3.25,0.16666666666666696,1,2,"[[0, 1]]",0.8290781116502739,0.8290781116502739,0.0,4.0,4.0,0.2,0.2,0.8571428571428571,0.8571428571428571
full_bundle,simu5g_00000821,42.4,gnb_1,0|1|15|2|3|4|5,7,7,25,0.28,15,15,0,15.0,1,1,0,1.0,93.53225667462918,17.792183084257502,3.166666666666667,0.0,1,7,"[[0, 1, 2, 3, 4, 5, 6]]",0.6290781116502738,0.6290781116502738,0.0,4.0,4.0,0.6,0.6,0.7142857142857143,0.7142857142857143
full_bundle,simu5g_00000822,42.4,gnb_2,6|7,2,7,25,0.28,13,14,1,13.5,3,3,0,3.0,116.94035703079254,20.278666198690445,3.25,0.16666666666666696,1,2,"[[0, 1]]",0.8290781116502739,0.8290781116502739,0.0,4.0,4.0,0.2,0.2,0.8571428571428571,0.8571428571428571
full_bundle,simu5g_00000823,42.5,gnb_1,0|1|15|2|3|4|5,7,7,25,0.28,15,15,0,15.0,1,1,0,1.0,93.69830441528278,18.219041661897506,3.166666666666667,0.0,1,7,"[[0, 1, 2, 3, 4, 5, 6]]",0.6290781116502738,0.6290781116502738,0.0,4.0,4.0,0.6,0.6,0.7142857142857143,0.7142857142857143
full_bundle,simu5g_00000824,42.5,gnb_2,6|7,2,7,25,0.28,13,14,1,13.5,3,3,0,3.0,116.43770832424458,20.20356380551337,3.25,0.16666666666666696,1,2,"[[0, 1]]",0.8290781116502739,0.8290781116502739,0.0,4.0,4.0,0.2,0.2,0.8571428571428571,0.8571428571428571
full_bundle,simu5g_00000825,42.6,gnb_1,0|1|15|2|3|4|5,7,7,25,0.28,14,15,1,14.857142857142858,1,1,0,1.0,93.87413399408243,18.643356418766658,3.166666666666667,0.0,1,7,"[[0, 1, 2, 3, 4, 5, 6]]",0.6290781116502738,0.6290781116502738,0.0,4.0,4.0,0.6,0.6,0.7142857142857143,0.7142857142857143
full_bundle,simu5g_00000826,42.6,gnb_2,6|7,2,7,25,0.28,14,14,0,14.0,3,3,0,3.0,115.9366318652688,20.12133572860857,3.1666666666666665,0.0,1,2,"[[0, 1]]",0.8290781116502739,0.8290781116502739,0.0,4.0,4.0,0.2,0.2,0.7142857142857143,0.7142857142857143
full_bundle,simu5g_00000827,42.7,gnb_1,0|1|15|2|3|4|5,7,7,25,0.28,14,15,1,14.857142857142858,1,1,0,1.0,94.05951973302828,19.064634693414305,3.166666666666667,0.0,1,7,"[[0, 1, 2, 3, 4, 5, 6]]",0.6290781116502738,0.6290781116502738,0.0,4.0,4.0,0.6,0.6,0.7142857142857143,0.7142857142857143
full_bundle,simu5g_00000828,42.7,gnb_2,6|7,2,7,25,0.28,14,14,0,14.0,3,3,0,3.0,115.43636853381061,20.031929285673073,3.1666666666666665,0.0,1,2,"[[0, 1]]",0.8290781116502739,0.8290781116502739,0.0,4.0,4.0,0.2,0.2,0.7142857142857143,0.7142857142857143
full_bundle,simu5g_00000829,42.8,gnb_1,0|1|15|2|3|4|5,7,7,25,0.28,14,15,1,14.857142857142858,1,1,0,1.0,94.25544919056297,19.485864814138353,3.166666666666667,0.0,1,7,"[[0, 1, 2, 3, 4, 5, 6]]",0.6290781116502738,0.6290781116502738,0.0,4.0,4.0,0.6,0.6,0.7142857142857143,0.7142857142857143
full_bundle,simu5g_00000830,42.8,gnb_2,6|7,2,7,25,0.28,14,14,0,14.0,3,3,0,3.0,114.93812203538027,19.93633605272167,3.1666666666666665,0.0,1,2,"[[0, 1]]",0.8290781116502739,0.8290781116502739,0.0,4.0,4.0,0.2,0.2,0.7142857142857143,0.7142857142857143
full_bundle,simu5g_00000831,42.9,gnb_1,0|1|15|2|3|4|5,7,7,25,0.28,14,15,1,14.857142857142858,1,1,0,1.0,94.46065041960595,19.902645940230926,3.166666666666667,0.0,1,7,"[[0, 1, 2, 3, 4, 5, 6]]",0.6290781116502738,0.6290781116502738,0.0,4.0,4.0,0.6,0.6,0.7142857142857143,0.7142857142857143
full_bundle,simu5g_00000832,42.9,gnb_2,6|7,2,7,25,0.28,14,14,0,14.0,3,3,0,3.0,114.44336461587298,19.831324832594845,3.1666666666666665,0.0,1,2,"[[0, 1]]",0.8290781116502739,0.8290781116502739,0.0,4.0,4.0,0.2,0.2,0.7142857142857143,0.7142857142857143
full_bundle,simu5g_00000833,43.0,gnb_1,0|1|15|2|3|4|5,7,7,25,0.28,14,15,1,14.857142857142858,1,1,0,1.0,94.67587656456942,20.318249044005228,3.166666666666667,0.0,1,7,"[[0, 1, 2, 3, 4, 5, 6]]",0.6290781116502738,0.6290781116502738,0.0,4.0,4.0,0.6,0.6,0.7142857142857143,0.7142857142857143
full_bundle,simu5g_00000834,43.0,gnb_2,6|7,2,7,25,0.28,13,14,1,13.5,3,3,0,3.0,113.95002830165599,19.717976189377936,3.1666666666666665,0.0,1,2,"[[0, 1]]",0.8290781116502739,0.8290781116502739,0.0,4.0,4.0,0.2,0.2,0.7142857142857143,0.7142857142857143
full_bundle,simu5g_00000835,43.1,gnb_1,0|1|15|2|3|4|5,7,7,25,0.28,14,15,1,14.714285714285714,1,1,0,1.0,94.90066224857037,20.729747252728487,3.166666666666667,0.0,1,7,"[[0, 1, 2, 3, 4, 5, 6]]",0.6290781116502738,0.6290781116502738,0.0,4.0,4.0,0.6,0.6,0.8571428571428571,0.8571428571428571
full_bundle,simu5g_00000836,43.1,gnb_2,6|7,2,7,25,0.28,13,14,1,13.5,3,3,0,3.0,113.46061140748523,19.598387869797975,3.1666666666666665,0.0,1,2,"[[0, 1]]",0.8290781116502739,0.8290781116502739,0.0,4.0,4.0,0.2,0.2,0.7142857142857143,0.7142857142857143
full_bundle,simu5g_00000837,43.2,gnb_1,0|1|15|2|3|4|5,7,7,25,0.28,14,15,1,14.857142857142858,1,1,0,1.0,95.13516992570905,21.138409401448925,3.166666666666667,0.0,1,7,"[[0, 1, 2, 3, 4, 5, 6]]",0.6290781116502738,0.6290781116502738,0.0,4.0,4.0,0.6,0.6,0.7142857142857143,0.7142857142857143
full_bundle,simu5g_00000838,43.2,gnb_2,6|7,2,7,25,0.28,13,14,1,13.5,3,3,0,3.0,112.97496875861121,19.47125489968775,3.1666666666666665,0.0,1,2,"[[0, 1]]",0.8290781116502739,0.8290781116502739,0.0,4.0,4.0,0.2,0.2,0.7142857142857143,0.7142857142857143
full_bundle,simu5g_00000839,43.3,gnb_1,0|1|15|2|3|4|5,7,7,25,0.28,14,15,1,14.857142857142858,1,1,0,1.0,95.37921287929865,21.545199512156373,3.166666666666667,0.0,1,7,"[[0, 1, 2, 3, 4, 5, 6]]",0.6290781116502738,0.6290781116502738,0.0,4.0,4.0,0.6,0.6,0.7142857142857143,0.7142857142857143
full_bundle,simu5g_00000840,43.3,gnb_2,6|7,2,7,25,0.28,13,15,2,14.0,3,3,0,3.0,112.49353973754836,19.337321738142776,3.1666666666666665,0.0,1,2,"[[0, 1]]",0.8290781116502739,0.8290781116502739,0.0,4.0,4.0,0.2,0.2,0.7142857142857143,0.7142857142857143
full_bundle,simu5g_00000841,43.4,gnb_1,0|1|15|2|3|4|5,7,7,25,0.28,12,15,3,14.428571428571429,1,1,0,1.0,95.6323403069803,21.94866625584926,3.2142857142857144,0.3333333333333335,1,7,"[[0, 1, 2, 3, 4, 5, 6]]",0.6290781116502738,0.6290781116502738,0.0,4.0,4.0,0.6,0.6,0.8571428571428571,0.8571428571428571
full_bundle,simu5g_00000842,43.4,gnb_2,6|7,2,7,25,0.28,12,15,3,13.5,3,3,0,3.0,112.01708520643295,19.19479113246925,3.25,0.16666666666666696,1,2,"[[0, 1]]",0.8290781116502739,0.8290781116502739,0.0,4.0,4.0,0.2,0.2,0.8571428571428571,0.8571428571428571
full_bundle,simu5g_00000843,43.5,gnb_1,0|1|15|2|3|4|5,7,7,25,0.28,12,15,3,14.571428571428571,1,1,0,1.0,95.89521130879221,22.350106458513437,3.2142857142857144,0.3333333333333335,1,7,"[[0, 1, 2, 3, 4, 5, 6]]",0.6290781116502738,0.6290781116502738,0.0,4.0,4.0,0.6,0.6,0.8571428571428571,0.8571428571428571
full_bundle,simu5g_00000844,43.5,gnb_2,6|7,2,7,25,0.28,12,15,3,13.5,3,3,0,3.0,111.54323351351431,19.04548597709568,3.25,0.16666666666666696,1,2,"[[0, 1]]",0.8290781116502739,0.8290781116502739,0.0,4.0,4.0,0.2,0.2,0.8571428571428571,0.8571428571428571
full_bundle,simu5g_00000845,43.6,gnb_1,0|1|15|2|3|4|5,7,7,25,0.28,12,15,3,14.571428571428571,1,1,0,1.0,96.16719485641167,22.761508268561258,3.2142857142857144,0.3333333333333335,1,7,"[[0, 1, 2, 3, 4, 5, 6]]",0.6290781116502738,0.6290781116502738,0.0,4.0,4.0,0.6,0.6,0.8571428571428571,0.8571428571428571
full_bundle,simu5g_00000846,43.6,gnb_2,6|7,2,7,25,0.28,12,15,3,13.5,3,3,0,3.0,111.07457471206018,18.888888323593036,3.25,0.16666666666666696,1,2,"[[0, 1]]",0.8290781116502739,0.8290781116502739,0.0,4.0,4.0,0.2,0.2,0.8571428571428571,0.8571428571428571
full_bundle,simu5g_00000847,43.7,gnb_1,0|1|15|2|3|4|5,7,7,25,0.28,7,15,8,13.857142857142858,1,1,0,1.0,96.44840999474218,23.361761383230828,3.4761904761904767,2.1666666666666665,2,6|1,"[[0, 1, 3, 4, 5, 6], [2]]",0.6043435802277329,0.5471841780840183,0.05715940214371462,3.7142857142857144,3.0,0.5428571428571429,0.39999999999999997,1.0,0.7142857142857143
full_bundle,simu5g_00000848,43.7,gnb_2,6|7,2,7,25,0.28,12,15,3,13.5,3,3,0,3.0,110.60898905797717,18.723324930894435,3.25,0.16666666666666696,1,2,"[[0, 1]]",0.8290781116502739,0.8290781116502739,0.0,4.0,4.0,0.2,0.2,0.8571428571428571,0.8571428571428571
full_bundle,simu5g_00000849,43.8,gnb_1,0|1|15|2|3|4|5,7,7,25,0.28,7,15,8,13.857142857142858,1,1,0,1.0,96.73888030943166,23.95640795123093,3.4761904761904767,2.1666666666666665,2,6|1,"[[0, 1, 3, 4, 5, 6], [2]]",0.6043435802277329,0.5471841780840183,0.05715940214371462,3.7142857142857144,3.0,0.5428571428571429,0.39999999999999997,1.0,0.7142857142857143
full_bundle,simu5g_00000850,43.8,gnb_2,6|7,2,7,25,0.28,10,15,5,12.5,3,3,0,3.0,110.14807141969114,18.552268710004427,3.4166666666666665,0.5,1,2,"[[0, 1]]",0.8290781116502739,0.8290781116502739,0.0,4.0,4.0,0.2,0.2,0.8571428571428571,0.8571428571428571
full_bundle,simu5g_00000851,43.9,gnb_1,0|1|15|2|3|4|5,7,7,25,0.28,7,15,8,13.857142857142858,1,1,0,1.0,97.03886171160593,24.54780698914888,3.5,2.3333333333333335,2,6|1,"[[0, 1, 3, 4, 5, 6], [2]]",0.6043435802277329,0.5471841780840183,0.05715940214371462,3.7142857142857144,3.0,0.5428571428571429,0.39999999999999997,1.0,0.7142857142857143
full_bundle,simu5g_00000852,43.9,gnb_2,6|7,2,7,25,0.28,10,15,5,12.5,3,3,0,3.0,109.69132114346039,18.371753547033336,3.4166666666666665,0.5,1,2,"[[0, 1]]",0.8290781116502739,0.8290781116502739,0.0,4.0,4.0,0.2,0.2,0.8571428571428571,0.8571428571428571
full_bundle,simu5g_00000853,44.0,gnb_1,0|1|2|3|4|5,6,7,25,0.28,14,15,1,14.833333333333334,1,1,0,1.0,94.91844117792932,19.652147460962027,3.1666666666666665,0.0,1,6,"[[0, 1, 2, 3, 4, 5]]",0.6290781116502738,0.6290781116502738,0.0,4.0,4.0,0.6,0.6,0.7142857142857143,0.7142857142857143
full_bundle,simu5g_00000854,44.0,gnb_2,15|6|7,3,7,25,0.28,10,15,5,12.666666666666666,1,3,2,2.3333333333333335,110.13209278465627,18.181465898572654,3.388888888888889,0.5,1,3,"[[0, 1, 2]]",0.7624114449836071,0.7624114449836071,0.0,4.0,4.0,0.3333333333333333,0.3333333333333333,1.0,1.0
full_bundle,simu5g_00000855,44.1,gnb_1,0|1|2|3|4|5,6,7,25,0.28,14,15,1,14.833333333333334,1,1,0,1.0,95.20021831430812,20.176272312372134,3.1666666666666665,0.0,1,6,"[[0, 1, 2, 3, 4, 5]]",0.6290781116502738,0.6290781116502738,0.0,4.0,4.0,0.6,0.6,0.7142857142857143,0.7142857142857143
full_bundle,simu5g_00000856,44.1,gnb_2,15|6|7,3,7,25,0.28,10,14,4,12.333333333333334,1,2,1,1.6666666666666667,110.01000106317606,17.98296500659208,3.388888888888889,0.5,1,3,"[[0, 1, 2]]",0.6957447783169405,0.6957447783169405,0.0,4.0,4.0,0.4666666666666666,0.4666666666666666,1.0,1.0
full_bundle,simu5g_00000857,44.2,gnb_1,0|1|2|3|4|5,6,7,25,0.28,14,15,1,14.833333333333334,1,1,0,1.0,95.49117945776744,20.69514525463697,3.1666666666666665,0.0,1,6,"[[0, 1, 2, 3, 4, 5]]",0.6290781116502738,0.6290781116502738,0.0,4.0,4.0,0.6,0.6,0.7142857142857143,0.7142857142857143
full_bundle,simu5g_00000858,44.2,gnb_2,15|6|7,3,7,25,0.28,10,14,4,12.333333333333334,2,2,0,2.0,109.89293877940804,17.77666146257944,3.388888888888889,0.5,1,3,"[[0, 1, 2]]",0.7290781116502738,0.7290781116502738,0.0,4.0,4.0,0.4000000000000001,0.4000000000000001,0.8571428571428571,0.8571428571428571
full_bundle,simu5g_00000859,44.3,gnb_1,0|1|2|3|4|5,6,7,25,0.28,13,15,2,14.666666666666666,1,1,0,1.0,95.7910344000963,21.20784412667274,3.194444444444444,0.16666666666666696,1,6,"[[0, 1, 2, 3, 4, 5]]",0.6290781116502738,0.6290781116502738,0.0,4.0,4.0,0.6,0.6,0.8571428571428571,0.8571428571428571
full_bundle,simu5g_00000860,44.3,gnb_2,15|6|7,3,7,25,0.28,10,14,4,12.666666666666666,2,2,0,2.0,109.78216987005321,17.56353076030102,3.3333333333333335,0.5,1,3,"[[0, 1, 2]]",0.7290781116502738,0.7290781116502738,0.0,4.0,4.0,0.4000000000000001,0.4000000000000001,0.8571428571428571,0.8571428571428571
full_bundle,simu5g_00000861,44.4,gnb_1,0|1|2|3|4|5,6,7,25,0.28,13,15,2,14.666666666666666,1,1,0,1.0,96.10022580237165,21.716555757168067,3.194444444444444,0.16666666666666696,1,6,"[[0, 1, 2, 3, 4, 5]]",0.6290781116502738,0.6290781116502738,0.0,4.0,4.0,0.6,0.6,0.8571428571428571,0.8571428571428571
full_bundle,simu5g_00000862,44.4,gnb_2,15|6|7,3,7,25,0.28,10,14,4,12.666666666666666,2,2,0,2.0,109.6769428342282,17.341807514514187,3.3333333333333335,0.5,1,3,"[[0, 1, 2]]",0.7290781116502738,0.7290781116502738,0.0,4.0,4.0,0.4000000000000001,0.4000000000000001,0.8571428571428571,0.8571428571428571
full_bundle,simu5g_00000863,44.5,gnb_1,0|1|2|3|4|5,6,7,25,0.28,13,15,2,14.666666666666666,1,1,0,1.0,96.4178536340565,22.219419682431578,3.194444444444444,0.16666666666666696,1,6,"[[0, 1, 2, 3, 4, 5]]",0.6290781116502738,0.6290781116502738,0.0,4.0,4.0,0.6,0.6,0.8571428571428571,0.8571428571428571
full_bundle,simu5g_00000864,44.5,gnb_2,15|6|7,3,7,25,0.28,10,15,5,13.0,2,2,0,2.0,109.57643704137053,17.112309720649506,3.3333333333333335,0.5,1,3,"[[0, 1, 2]]",0.7290781116502738,0.7290781116502738,0.0,4.0,4.0,0.4000000000000001,0.4000000000000001,0.8571428571428571,0.8571428571428571
full_bundle,simu5g_00000865,44.6,gnb_1,0|1|2|3|4|5,6,7,25,0.28,13,15,2,14.666666666666666,1,1,0,1.0,96.74441031251206,22.716928269707807,3.194444444444444,0.16666666666666696,1,6,"[[0, 1, 2, 3, 4, 5]]",0.6290781116502738,0.6290781116502738,0.0,4.0,4.0,0.6,0.6,0.8571428571428571,0.8571428571428571
full_bundle,simu5g_00000866,44.6,gnb_2,15|6|7,3,7,25,0.28,10,15,5,13.0,2,2,0,2.0,109.48176508808656,17.04091401233238,3.3333333333333335,0.5,1,3,"[[0, 1, 2]]",0.7290781116502738,0.7290781116502738,0.0,4.0,4.0,0.4000000000000001,0.4000000000000001,0.8571428571428571,0.8571428571428571
full_bundle,simu5g_00000867,44.7,gnb_1,0|1|2|3|4|5,6,7,25,0.28,14,15,1,14.833333333333334,1,1,0,1.0,97.07962146125963,23.210644747513257,3.1666666666666665,0.0,1,6,"[[0, 1, 2, 3, 4, 5]]",0.6290781116502738,0.6290781116502738,0.0,4.0,4.0,0.6,0.6,0.7142857142857143,0.7142857142857143
full_bundle,simu5g_00000868,44.7,gnb_2,15|6|7,3,7,25,0.28,10,15,5,13.0,2,2,0,2.0,109.39240608202753,17.912359161758488,3.3333333333333335,0.5,1,3,"[[0, 1, 2]]",0.7290781116502738,0.7290781116502738,0.0,4.0,4.0,0.4000000000000001,0.4000000000000001,0.8571428571428571,0.8571428571428571
full_bundle,simu5g_00000869,44.8,gnb_1,0|1|2|3|4|5,6,7,25,0.28,14,15,1,14.833333333333334,1,1,0,1.0,97.4235442999975,23.697210522954933,3.1666666666666665,0.0,1,6,"[[0, 1, 2, 3, 4, 5]]",0.6290781116502738,0.6290781116502738,0.0,4.0,4.0,0.6,0.6,0.7142857142857143,0.7142857142857143
full_bundle,simu5g_00000870,44.8,gnb_2,15|6|7,3,7,25,0.28,10,15,5,13.0,2,2,0,2.0,109.30944469282117,18.78280820919956,3.3333333333333335,0.5,1,3,"[[0, 1, 2]]",0.7290781116502738,0.7290781116502738,0.0,4.0,4.0,0.4000000000000001,0.4000000000000001,0.8571428571428571,0.8571428571428571
full_bundle,simu5g_00000871,44.9,gnb_1,0|1|2|3|4|5,6,7,25,0.28,14,15,1,14.833333333333334,1,1,0,1.0,97.77566009518563,24.180526889432173,3.1666666666666665,0.0,1,6,"[[0, 1, 2, 3, 4, 5]]",0.6290781116502738,0.6290781116502738,0.0,4.0,4.0,0.6,0.6,0.7142857142857143,0.7142857142857143
full_bundle,simu5g_00000872,44.9,gnb_2,15|6|7,3,7,25,0.28,10,15,5,13.0,2,2,0,2.0,109.23149483324015,19.649152103126255,3.3333333333333335,0.5,1,3,"[[0, 1, 2]]",0.7290781116502738,0.7290781116502738,0.0,4.0,4.0,0.4000000000000001,0.4000000000000001,0.8571428571428571,0.8571428571428571
full_bundle,simu5g_00000873,45,gnb_1,0|1,2,7,25,0.28,15,15,0,15.0,1,1,0,1.0,99.04426647215509,8.115307177733655,3.1666666666666665,0.0,1,2,"[[0, 1]]",0.6290781116502739,0.6290781116502739,0.0,4.0,4.0,0.6,0.6,0.7142857142857143,0.7142857142857143
full_bundle,simu5g_00000874,45,gnb_2,15|6,2,7,25,0.28,14,15,1,14.5,2,2,0,2.0,107.29330392794115,20.51424753775595,3.1666666666666665,0.0,1,2,"[[0, 1]]",0.7290781116502738,0.7290781116502738,0.0,4.0,4.0,0.4,0.4,0.7142857142857143,0.7142857142857143
