split_name,scenario_id,timestamp_s,serving_gnb,ue_ids,user_count,rb_available,total_rbs,rb_budget_ratio_snapshot,cqi_min,cqi_max,cqi_range,cqi_mean,previous_quality_min,previous_quality_max,previous_quality_range,previous_quality_mean,distance_mean_m,distance_range_m,mean_resource_cost,resource_cost_range,teacher_group_count,teacher_group_sizes,teacher_groups,teacher_utility,single_group_utility,teacher_gain_vs_single,teacher_avg_quality,single_avg_quality,teacher_switching,single_switching,teacher_rb_utilization,single_rb_utilization
full_bundle,simu5g_00000028,3.4,gnb_2,0|1,2,7,25,0.28,11,14,3,12.5,2,3,1,2.5,161.67018405773678,6.478905389862547,3.25,0.16666666666666696,1,2,"[[0, 1]]",0.7790781116502739,0.7790781116502739,0.0,4.0,4.0,0.30000000000000004,0.30000000000000004,0.8571428571428571,0.8571428571428571
full_bundle,simu5g_00000029,3.5,gnb_2,0|1,2,7,25,0.28,11,14,3,12.5,3,3,0,3.0,161.44243574926912,6.800306451565035,3.25,0.16666666666666696,1,2,"[[0, 1]]",0.8290781116502739,0.8290781116502739,0.0,4.0,4.0,0.2,0.2,0.8571428571428571,0.8571428571428571
full_bundle,simu5g_00000030,3.6,gnb_2,0|1,2,7,25,0.28,11,14,3,12.5,3,3,0,3.0,161.20401663413986,7.122677852516489,3.25,0.16666666666666696,1,2,"[[0, 1]]",0.8290781116502739,0.8290781116502739,0.0,4.0,4.0,0.2,0.2,0.8571428571428571,0.8571428571428571
full_bundle,simu5g_00000031,3.7,gnb_2,0|1,2,7,25,0.28,11,14,3,12.5,3,3,0,3.0,160.9544515127869,7.446803674444425,3.25,0.16666666666666696,1,2,"[[0, 1]]",0.8290781116502739,0.8290781116502739,0.0,4.0,4.0,0.2,0.2,0.8571428571428571,0.8571428571428571
full_bundle,simu5g_00000032,3.8,gnb_2,0|1,2,7,25,0.28,13,14,1,13.5,3,3,0,3.0,160.69405456447328,7.7717181033394525,3.25,0.16666666666666696,1,2,"[[0, 1]]",0.8290781116502739,0.8290781116502739,0.0,4.0,4.0,0.2,0.2,0.8571428571428571,0.8571428571428571
full_bundle,simu5g_00000033,3.9,gnb_2,0|1,2,7,25,0.28,13,14,1,13.5,3,3,0,3.0,160.42313748145457,8.097350987777531,3.25,0.16666666666666696,1,2,"[[0, 1]]",0.8290781116502739,0.8290781116502739,0.0,4.0,4.0,0.2,0.2,0.8571428571428571,0.8571428571428571
full_bundle,simu5g_00000034,4.0,gnb_2,0|1,2,7,25,0.28,13,14,1,13.5,3,3,0,3.0,160.14298412040387,8.424057083121369,3.25,0.16666666666666696,1,2,"[[0, 1]]",0.8290781116502739,0.8290781116502739,0.0,4.0,4.0,0.2,0.2,0.8571428571428571,0.8571428571428571
full_bundle,simu5g_00000035,4.1,gnb_2,0|1,2,7,25,0.28,13,14,1,13.5,3,3,0,3.0,159.85272901381876,8.75053423433721,3.25,0.16666666666666696,1,2,"[[0, 1]]",0.8290781116502739,0.8290781116502739,0.0,4.0,4.0,0.2,0.2,0.8571428571428571,0.8571428571428571
full_bundle,simu5g_00000036,4.2,gnb_2,0|1,2,7,25,0.28,13,14,1,13.5,3,3,0,3.0,159.55207045725535,9.07897727540734,3.25,0.16666666666666696,1,2,"[[0, 1]]",0.8290781116502739,0.8290781116502739,0.0,4.0,4.0,0.2,0.2,0.8571428571428571,0.8571428571428571
full_bundle,simu5g_00000037,4.3,gnb_2,0|1,2,7,25,0.28,13,14,1,13.5,3,3,0,3.0,159.24218897106343,9.407738501693757,3.25,0.16666666666666696,1,2,"[[0, 1]]",0.8290781116502739,0.8290781116502739,0.0,4.0,4.0,0.2,0.2,0.8571428571428571,0.8571428571428571
full_bundle,simu5g_00000038,4.4,gnb_2,0|1,2,7,25,0.28,14,15,1,14.5,3,3,0,3.0,158.92272070684558,9.73610843852697,3.1666666666666665,0.0,1,2,"[[0, 1]]",0.8290781116502739,0.8290781116502739,0.0,4.0,4.0,0.2,0.2,0.7142857142857143,0.7142857142857143
full_bundle,simu5g_00000039,4.5,gnb_2,0|1,2,7,25,0.28,14,15,1,14.5,3,3,0,3.0,158.59354210957366,10.066198970307966,3.1666666666666665,0.0,1,2,"[[0, 1]]",0.8290781116502739,0.8290781116502739,0.0,4.0,4.0,0.2,0.2,0.7142857142857143,0.7142857142857143
full_bundle,simu5g_00000040,4.6,gnb_2,0|1,2,7,25,0.28,14,15,1,14.5,3,3,0,3.0,158.254942296161,10.397708233870503,3.1666666666666665,0.0,1,2,"[[0, 1]]",0.8290781116502739,0.8290781116502739,0.0,4.0,4.0,0.2,0.2,0.7142857142857143,0.7142857142857143
full_bundle,simu5g_00000041,4.7,gnb_2,0|1,2,7,25,0.28,14,15,1,14.5,3,3,0,3.0,157.9071954068798,10.729229759634364,3.1666666666666665,0.0,1,2,"[[0, 1]]",0.8290781116502739,0.8290781116502739,0.0,4.0,4.0,0.2,0.2,0.7142857142857143,0.7142857142857143
full_bundle,simu5g_00000042,4.8,gnb_2,0|1,2,7,25,0.28,14,15,1,14.5,3,3,0,3.0,157.5495254081303,11.06128376394497,3.1666666666666665,0.0,1,2,"[[0, 1]]",0.8290781116502739,0.8290781116502739,0.0,4.0,4.0,0.2,0.2,0.7142857142857143,0.7142857142857143
full_bundle,simu5g_00000043,4.9,gnb_2,0|1,2,7,25,0.28,14,15,1,14.5,3,3,0,3.0,157.18227792014858,11.39252394801477,3.1666666666666665,0.0,1,2,"[[0, 1]]",0.8290781116502739,0.8290781116502739,0.0,4.0,4.0,0.2,0.2,0.7142857142857143,0.7142857142857143
full_bundle,simu5g_00000044,5.0,gnb_2,0|1,2,7,25,0.28,14,15,1,14.5,3,3,0,3.0,156.8047763330079,11.725617651313854,3.1666666666666665,0.0,1,2,"[[0, 1]]",0.8290781116502739,0.8290781116502739,0.0,4.0,4.0,0.2,0.2,0.7142857142857143,0.7142857142857143
full_bundle,simu5g_00000045,5.1,gnb_2,0|1,2,7,25,0.28,14,15,1,14.5,3,3,0,3.0,156.41757197109382,12.058912768106666,3.1666666666666665,0.0,1,2,"[[0, 1]]",0.8290781116502739,0.8290781116502739,0.0,4.0,4.0,0.2,0.2,0.7142857142857143,0.7142857142857143
full_bundle,simu5g_00000046,5.2,gnb_2,0|1,2,7,25,0.28,14,15,1,14.5,3,3,0,3.0,156.0211844403832,12.393602198040298,3.1666666666666665,0.0,1,2,"[[0, 1]]",0.8290781116502739,0.8290781116502739,0.0,4.0,4.0,0.2,0.2,0.7142857142857143,0.7142857142857143
full_bundle,simu5g_00000047,5.3,gnb_2,0|1,2,7,25,0.28,14,15,1,14.5,3,3,0,3.0,155.61457656136932,12.72859831973949,3.1666666666666665,0.0,1,2,"[[0, 1]]",0.8290781116502739,0.8290781116502739,0.0,4.0,4.0,0.2,0.2,0.7142857142857143,0.7142857142857143
full_bundle,simu5g_00000048,5.4,gnb_2,0|1,2,7,25,0.28,14,15,1,14.5,3,3,0,3.0,155.19896138808645,13.06228946634269,3.1666666666666665,0.0,1,2,"[[0, 1]]",0.8290781116502739,0.8290781116502739,0.0,4.0,4.0,0.2,0.2,0.7142857142857143,0.7142857142857143
full_bundle,simu5g_00000049,5.5,gnb_2,0|1,2,7,25,0.28,15,15,0,15.0,3,3,0,3.0,154.77285369374138,13.396748648765993,3.1666666666666665,0.0,1,2,"[[0, 1]]",0.8290781116502739,0.8290781116502739,0.0,4.0,4.0,0.2,0.2,0.7142857142857143,0.7142857142857143
full_bundle,simu5g_00000050,5.6,gnb_2,0|1,2,7,25,0.28,15,15,0,15.0,3,3,0,3.0,154.33745037823584,13.731469742491868,3.1666666666666665,0.0,1,2,"[[0, 1]]",0.8290781116502739,0.8290781116502739,0.0,4.0,4.0,0.2,0.2,0.7142857142857143,0.7142857142857143
full_bundle,simu5g_00000051,5.7,gnb_2,0|1,2,7,25,0.28,15,15,0,15.0,3,3,0,3.0,153.89181725045634,14.066856879465433,3.1666666666666665,0.0,1,2,"[[0, 1]]",0.8290781116502739,0.8290781116502739,0.0,4.0,4.0,0.2,0.2,0.7142857142857143,0.7142857142857143
full_bundle,simu5g_00000052,5.8,gnb_2,0|1,2,7,25,0.28,14,15,1,14.5,3,3,0,3.0,153.43708007471452,14.402139796374229,3.1666666666666665,0.0,1,2,"[[0, 1]]",0.8290781116502739,0.8290781116502739,0.0,4.0,4.0,0.2,0.2,0.7142857142857143,0.7142857142857143
full_bundle,simu5g_00000053,5.9,gnb_2,0|1,2,7,25,0.28,14,15,1,14.5,3,3,0,3.0,152.9738641579339,14.736118515597184,3.1666666666666665,0.0,1,2,"[[0, 1]]",0.8290781116502739,0.8290781116502739,0.0,4.0,4.0,0.2,0.2,0.7142857142857143,0.7142857142857143
full_bundle,simu5g_00000054,6.0,gnb_2,0|1,2,7,25,0.28,14,15,1,14.5,3,3,0,3.0,152.50144216989924,15.070323062519407,3.1666666666666665,0.0,1,2,"[[0, 1]]",0.8290781116502739,0.8290781116502739,0.0,4.0,4.0,0.2,0.2,0.7142857142857143,0.7142857142857143
full_bundle,simu5g_00000055,6.1,gnb_2,0|1,2,7,25,0.28,14,15,1,14.5,3,3,0,3.0,152.0205675998248,15.40254156500501,3.1666666666666665,0.0,1,2,"[[0, 1]]",0.8290781116502739,0.8290781116502739,0.0,4.0,4.0,0.2,0.2,0.7142857142857143,0.7142857142857143
full_bundle,simu5g_00000056,6.2,gnb_2,0|1,2,7,25,0.28,14,15,1,14.5,2,2,0,2.0,151.52980781683613,15.733370496296772,3.1666666666666665,0.0,1,2,"[[0, 1]]",0.7290781116502738,0.7290781116502738,0.0,4.0,4.0,0.4,0.4,0.7142857142857143,0.7142857142857143
full_bundle,simu5g_00000057,6.3,gnb_2,0|1,2,7,25,0.28,14,15,1,14.5,2,2,0,2.0,151.03105846461403,16.063324183938903,3.1666666666666665,0.0,1,2,"[[0, 1]]",0.7290781116502738,0.7290781116502738,0.0,4.0,4.0,0.4,0.4,0.7142857142857143,0.7142857142857143
full_bundle,simu5g_00000058,6.4,gnb_2,0|1,2,7,25,0.28,14,15,1,14.5,2,2,0,2.0,150.52385802348886,16.39234696489956,3.1666666666666665,0.0,1,2,"[[0, 1]]",0.7290781116502738,0.7290781116502738,0.0,4.0,4.0,0.4,0.4,0.7142857142857143,0.7142857142857143
full_bundle,simu5g_00000059,6.5,gnb_2,0|1|2,3,7,25,0.28,13,15,2,14.0,1,2,1,1.6666666666666667,154.98398221624996,23.288738688075938,3.1666666666666665,0.0,1,3,"[[0, 1, 2]]",0.6957447783169405,0.6957447783169405,0.0,4.0,4.0,0.4666666666666666,0.4666666666666666,0.8571428571428571,0.8571428571428571
full_bundle,simu5g_00000060,6.6,gnb_2,0|1|2,3,7,25,0.28,14,15,1,14.666666666666666,2,2,0,2.0,154.615237940661,23.921747449484684,3.1666666666666665,0.0,1,3,"[[0, 1, 2]]",0.7290781116502738,0.7290781116502738,0.0,4.0,4.0,0.4000000000000001,0.4000000000000001,0.7142857142857143,0.7142857142857143
full_bundle,simu5g_00000061,6.7,gnb_2,0|1|2,3,7,25,0.28,14,15,1,14.666666666666666,2,2,0,2.0,154.2374853810902,24.554122184043877,3.1666666666666665,0.0,1,3,"[[0, 1, 2]]",0.7290781116502738,0.7290781116502738,0.0,4.0,4.0,0.4000000000000001,0.4000000000000001,0.7142857142857143,0.7142857142857143
full_bundle,simu5g_00000062,6.8,gnb_2,0|1|2,3,7,25,0.28,14,15,1,14.666666666666666,2,2,0,2.0,153.85135146277824,25.185485487566297,3.1666666666666665,0.0,1,3,"[[0, 1, 2]]",0.7290781116502738,0.7290781116502738,0.0,4.0,4.0,0.4000000000000001,0.4000000000000001,0.7142857142857143,0.7142857142857143
full_bundle,simu5g_00000063,6.9,gnb_2,0|1|2,3,7,25,0.28,14,15,1,14.666666666666666,2,2,0,2.0,153.45662242466588,25.816289900548043,3.1666666666666665,0.0,1,3,"[[0, 1, 2]]",0.7290781116502738,0.7290781116502738,0.0,4.0,4.0,0.4000000000000001,0.4000000000000001,0.7142857142857143,0.7142857142857143
full_bundle,simu5g_00000064,7.0,gnb_2,0|1|2,3,7,25,0.28,13,15,2,14.0,2,2,0,2.0,153.05352189845388,26.448191044358964,3.1666666666666665,0.0,1,3,"[[0, 1, 2]]",0.7290781116502738,0.7290781116502738,0.0,4.0,4.0,0.4000000000000001,0.4000000000000001,0.8571428571428571,0.8571428571428571
full_bundle,simu5g_00000065,7.1,gnb_2,0|1|2,3,7,25,0.28,13,15,2,14.0,2,2,0,2.0,152.64289061060433,27.08020330787494,3.1666666666666665,0.0,1,3,"[[0, 1, 2]]",0.7290781116502738,0.7290781116502738,0.0,4.0,4.0,0.4000000000000001,0.4000000000000001,0.8571428571428571,0.8571428571428571
full_bundle,simu5g_00000066,7.2,gnb_2,0|1|2,3,7,25,0.28,13,15,2,14.0,2,2,0,2.0,152.22363924879195,27.711631474409245,3.1666666666666665,0.0,1,3,"[[0, 1, 2]]",0.7290781116502738,0.7290781116502738,0.0,4.0,4.0,0.4000000000000001,0.4000000000000001,0.8571428571428571,0.8571428571428571
full_bundle,simu5g_00000067,7.3,gnb_2,0|1|2,3,7,25,0.28,13,15,2,14.0,2,2,0,2.0,151.79713889064627,28.341325109142275,3.1666666666666665,0.0,1,3,"[[0, 1, 2]]",0.7290781116502738,0.7290781116502738,0.0,4.0,4.0,0.4000000000000001,0.4000000000000001,0.8571428571428571,0.8571428571428571
full_bundle,simu5g_00000068,7.4,gnb_2,0|1|2,3,7,25,0.28,13,15,2,14.0,2,2,0,2.0,151.36256239892774,28.966780191573008,3.1666666666666665,0.0,1,3,"[[0, 1, 2]]",0.7290781116502738,0.7290781116502738,0.0,4.0,4.0,0.4000000000000001,0.4000000000000001,0.8571428571428571,0.8571428571428571
full_bundle,simu5g_00000069,7.5,gnb_2,0|1|2,3,7,25,0.28,13,15,2,14.0,2,2,0,2.0,150.92007198470935,29.58836153366181,3.1666666666666665,0.0,1,3,"[[0, 1, 2]]",0.7290781116502738,0.7290781116502738,0.0,4.0,4.0,0.4000000000000001,0.4000000000000001,0.8571428571428571,0.8571428571428571
full_bundle,simu5g_00000070,7.6,gnb_2,0|1|2,3,7,25,0.28,13,15,2,14.0,2,2,0,2.0,150.4699019259074,30.207644798965134,3.1666666666666665,0.0,1,3,"[[0, 1, 2]]",0.7290781116502738,0.7290781116502738,0.0,4.0,4.0,0.4000000000000001,0.4000000000000001,0.8571428571428571,0.8571428571428571
full_bundle,simu5g_00000071,7.7,gnb_2,0|1|2,3,7,25,0.28,13,15,2,14.0,2,2,0,2.0,150.01249564302057,30.824599754104582,3.1666666666666665,0.0,1,3,"[[0, 1, 2]]",0.7290781116502738,0.7290781116502738,0.0,4.0,4.0,0.4000000000000001,0.4000000000000001,0.8571428571428571,0.8571428571428571
full_bundle,simu5g_00000072,7.8,gnb_2,0|1|2,3,7,25,0.28,13,15,2,14.0,2,2,0,2.0,149.54749139514365,31.440153448548216,3.1666666666666665,0.0,1,3,"[[0, 1, 2]]",0.7290781116502738,0.7290781116502738,0.0,4.0,4.0,0.4000000000000001,0.4000000000000001,0.8571428571428571,0.8571428571428571
full_bundle,simu5g_00000073,7.9,gnb_2,0|1|2,3,7,25,0.28,13,14,1,13.666666666666666,2,2,0,2.0,149.07452703637927,32.05005301084279,3.1666666666666665,0.0,1,3,"[[0, 1, 2]]",0.7290781116502738,0.7290781116502738,0.0,4.0,4.0,0.4000000000000001,0.4000000000000001,0.8571428571428571,0.8571428571428571
full_bundle,simu5g_00000074,8.0,gnb_2,0|1|2,3,7,25,0.28,13,14,1,13.666666666666666,2,2,0,2.0,148.5941190356585,32.656226059152544,3.1666666666666665,0.0,1,3,"[[0, 1, 2]]",0.7290781116502738,0.7290781116502738,0.0,4.0,4.0,0.4000000000000001,0.4000000000000001,0.8571428571428571,0.8571428571428571
full_bundle,simu5g_00000075,8.1,gnb_2,0|1|2,3,7,25,0.28,13,15,2,14.0,2,2,0,2.0,148.10563884727551,33.259680664301555,3.1666666666666665,0.0,1,3,"[[0, 1, 2]]",0.7290781116502738,0.7290781116502738,0.0,4.0,4.0,0.4000000000000001,0.4000000000000001,0.8571428571428571,0.8571428571428571
full_bundle,simu5g_00000076,8.2,gnb_2,0|1|2,3,7,25,0.28,13,15,2,14.0,2,2,0,2.0,147.61096462111587,33.859695884075904,3.1666666666666665,0.0,1,3,"[[0, 1, 2]]",0.7290781116502738,0.7290781116502738,0.0,4.0,4.0,0.4000000000000001,0.4000000000000001,0.8571428571428571,0.8571428571428571
full_bundle,simu5g_00000077,8.3,gnb_2,0|1|2,3,7,25,0.28,12,15,3,13.666666666666666,2,2,0,2.0,147.1092138703734,34.45618792054407,3.222222222222222,0.16666666666666696,1,3,"[[0, 1, 2]]",0.7290781116502738,0.7290781116502738,0.0,4.0,4.0,0.4000000000000001,0.4000000000000001,0.8571428571428571,0.8571428571428571
full_bundle,simu5g_00000078,8.4,gnb_2,0|1|2,3,7,25,0.28,12,15,3,13.666666666666666,2,2,0,2.0,146.60060697661797,35.0471043236396,3.222222222222222,0.16666666666666696,1,3,"[[0, 1, 2]]",0.7290781116502738,0.7290781116502738,0.0,4.0,4.0,0.4000000000000001,0.4000000000000001,0.8571428571428571,0.8571428571428571
full_bundle,simu5g_00000079,8.5,gnb_2,0|1|2,3,7,25,0.28,12,15,3,14.0,2,2,0,2.0,146.08606170705465,35.63399981451717,3.222222222222222,0.16666666666666696,1,3,"[[0, 1, 2]]",0.7290781116502738,0.7290781116502738,0.0,4.0,4.0,0.4000000000000001,0.4000000000000001,0.8571428571428571,0.8571428571428571
full_bundle,simu5g_00000080,8.6,gnb_2,0|1|2,3,7,25,0.28,12,15,3,13.666666666666666,2,2,0,2.0,145.56463127585457,36.216014745479455,3.222222222222222,0.16666666666666696,1,3,"[[0, 1, 2]]",0.7290781116502738,0.7290781116502738,0.0,4.0,4.0,0.4000000000000001,0.4000000000000001,0.8571428571428571,0.8571428571428571
full_bundle,simu5g_00000081,8.7,gnb_2,0|1|2,3,7,25,0.28,12,15,3,13.666666666666666,2,2,0,2.0,145.03678740591923,36.79365972844704,3.222222222222222,0.16666666666666696,1,3,"[[0, 1, 2]]",0.7290781116502738,0.7290781116502738,0.0,4.0,4.0,0.4000000000000001,0.4000000000000001,0.8571428571428571,0.8571428571428571
full_bundle,simu5g_00000082,8.8,gnb_2,0|1|2,3,7,25,0.28,12,15,3,13.666666666666666,2,2,0,2.0,144.5027425176684,37.36349843002671,3.222222222222222,0.16666666666666696,1,3,"[[0, 1, 2]]",0.7290781116502738,0.7290781116502738,0.0,4.0,4.0,0.4000000000000001,0.4000000000000001,0.8571428571428571,0.8571428571428571
full_bundle,simu5g_00000083,8.9,gnb_2,0|1|2,3,7,25,0.28,12,15,3,13.666666666666666,2,2,0,2.0,143.9618267404414,37.92804818565983,3.222222222222222,0.16666666666666696,1,3,"[[0, 1, 2]]",0.7290781116502738,0.7290781116502738,0.0,4.0,4.0,0.4000000000000001,0.4000000000000001,0.8571428571428571,0.8571428571428571
full_bundle,simu5g_00000084,9.0,gnb_2,0|1|2,3,7,25,0.28,12,15,3,13.666666666666666,2,2,0,2.0,143.41546706417645,38.487805710674465,3.222222222222222,0.16666666666666696,1,3,"[[0, 1, 2]]",0.7290781116502738,0.7290781116502738,0.0,4.0,4.0,0.4000000000000001,0.4000000000000001,0.8571428571428571,0.8571428571428571
full_bundle,simu5g_00000085,9.1,gnb_2,0|1|2,3,7,25,0.28,11,14,3,12.333333333333334,2,2,0,2.0,142.86285352168213,39.04173354545341,3.3333333333333335,0.3333333333333335,1,3,"[[0, 1, 2]]",0.7290781116502738,0.7290781116502738,0.0,4.0,4.0,0.4000000000000001,0.4000000000000001,0.8571428571428571,0.8571428571428571
full_bundle,simu5g_00000086,9.2,gnb_2,0|1|2,3,7,25,0.28,11,14,3,12.333333333333334,2,2,0,2.0,142.30524107772908,39.59019406739627,3.3333333333333335,0.3333333333333335,1,3,"[[0, 1, 2]]",0.7290781116502738,0.7290781116502738,0.0,4.0,4.0,0.4000000000000001,0.4000000000000001,0.8571428571428571,0.8571428571428571
full_bundle,simu5g_00000087,9.3,gnb_2,0|1|2,3,7,25,0.28,10,14,4,11.666666666666666,2,2,0,2.0,141.742968128632,40.130834934796184,3.388888888888889,0.3333333333333335,1,3,"[[0, 1, 2]]",0.7290781116502738,0.7290781116502738,0.0,4.0,4.0,0.4000000000000001,0.4000000000000001,1.0,1.0
full_bundle,simu5g_00000088,9.4,gnb_2,0|1|2,3,7,25,0.28,10,15,5,12.0,2,2,0,2.0,141.1752202385994,40.66368285945485,3.388888888888889,0.3333333333333335,1,3,"[[0, 1, 2]]",0.7290781116502738,0.7290781116502738,0.0,4.0,4.0,0.4000000000000001,0.4000000000000001,1.0,1.0
full_bundle,simu5g_00000089,9.5,gnb_2,0|1|2,3,7,25,0.28,10,15,5,12.666666666666666,2,2,0,2.0,140.60209910084114,41.187101291574066,3.2777777777777772,0.3333333333333335,1,3,"[[0, 1, 2]]",0.7290781116502738,0.7290781116502738,0.0,4.0,4.0,0.4000000000000001,0.4000000000000001,0.8571428571428571,0.8571428571428571
full_bundle,simu5g_00000090,9.6,gnb_2,0|1|2,3,7,25,0.28,10,15,5,12.666666666666666,2,2,0,2.0,140.02436153233077,41.70172878283054,3.2777777777777772,0.3333333333333335,1,3,"[[0, 1, 2]]",0.7290781116502738,0.7290781116502738,0.0,4.0,4.0,0.4000000000000001,0.4000000000000001,0.8571428571428571,0.8571428571428571
full_bundle,simu5g_00000091,9.7,gnb_2,0|1|2,3,7,25,0.28,10,15,5,12.666666666666666,2,2,0,2.0,139.44224485392274,42.206372583564075,3.2777777777777772,0.3333333333333335,1,3,"[[0, 1, 2]]",0.7290781116502738,0.7290781116502738,0.0,4.0,4.0,0.4000000000000001,0.4000000000000001,0.8571428571428571,0.8571428571428571
full_bundle,simu5g_00000092,9.8,gnb_2,0|1|2,3,7,25,0.28,10,15,5,12.666666666666666,2,2,0,2.0,138.85512165071745,42.70233551857693,3.2777777777777772,0.3333333333333335,1,3,"[[0, 1, 2]]",0.7290781116502738,0.7290781116502738,0.0,4.0,4.0,0.4000000000000001,0.4000000000000001,0.8571428571428571,0.8571428571428571
full_bundle,simu5g_00000093,9.9,gnb_2,0|1|2,3,7,25,0.28,10,15,5,12.666666666666666,2,2,0,2.0,138.2628642092413,43.18710898201198,3.3333333333333335,0.3333333333333335,1,3,"[[0, 1, 2]]",0.7290781116502738,0.7290781116502738,0.0,4.0,4.0,0.4000000000000001,0.4000000000000001,0.8571428571428571,0.8571428571428571
full_bundle,simu5g_00000094,10.0,gnb_2,0|1|2|3,4,7,25,0.28,10,15,5,13.0,1,2,1,1.75,144.48982669862517,50.54471895504125,3.2916666666666665,0.3333333333333335,1,4,"[[0, 1, 2, 3]]",0.7040781116502738,0.7040781116502739,-1.1102230246251565e-16,4.0,4.0,0.45000000000000007,0.45000000000000007,1.0,1.0
full_bundle,simu5g_00000095,10.1,gnb_2,0|1|2|3,4,7,25,0.28,11,15,4,13.25,2,2,0,2.0,144.02722678595956,51.305195424186564,3.2916666666666665,0.3333333333333335,1,4,"[[0, 1, 2, 3]]",0.7290781116502738,0.7290781116502738,0.0,4.0,4.0,0.4,0.4,0.8571428571428571,0.8571428571428571
full_bundle,simu5g_00000096,10.2,gnb_2,0|1|2|3,4,7,25,0.28,11,15,4,13.25,2,2,0,2.0,143.55975674847784,52.055399963750546,3.2916666666666665,0.3333333333333335,1,4,"[[0, 1, 2, 3]]",0.7290781116502738,0.7290781116502738,0.0,4.0,4.0,0.4,0.4,0.8571428571428571,0.8571428571428571
full_bundle,simu5g_00000097,10.3,gnb_2,0|1|2|3,4,7,25,0.28,11,15,4,12.75,2,2,0,2.0,143.0879397668752,52.79526864403617,3.333333333333333,0.3333333333333335,1,4,"[[0, 1, 2, 3]]",0.7290781116502738,0.7290781116502738,0.0,4.0,4.0,0.4,0.4,1.0,1.0
full_bundle,simu5g_00000098,10.4,gnb_2,0|1|2|3,4,7,25,0.28,11,15,4,12.75,2,2,0,2.0,142.61172597608373,53.5241356969393,3.333333333333333,0.3333333333333335,1,4,"[[0, 1, 2, 3]]",0.7290781116502738,0.7290781116502738,0.0,4.0,4.0,0.4,0.4,1.0,1.0
full_bundle,simu5g_00000099,10.5,gnb_2,0|1|2|3,4,7,25,0.28,11,15,4,12.75,2,2,0,2.0,142.13170934125884,54.24035897073567,3.333333333333333,0.3333333333333335,1,4,"[[0, 1, 2, 3]]",0.7290781116502738,0.7290781116502738,0.0,4.0,4.0,0.4,0.4,1.0,1.0
full_bundle,simu5g_00000100,10.6,gnb_2,0|1|2|3,4,7,25,0.28,11,15,4,12.75,2,2,0,2.0,141.6480347870883,54.94419343501259,3.333333333333333,0.3333333333333335,1,4,"[[0, 1, 2, 3]]",0.7290781116502738,0.7290781116502738,0.0,4.0,4.0,0.4,0.4,1.0,1.0
full_bundle,simu5g_00000101,10.7,gnb_2,0|1|2|3,4,7,25,0.28,9,15,6,12.25,2,2,0,2.0,141.16136574004602,55.634693892270136,3.458333333333333,0.8333333333333335,1,4,"[[0, 1, 2, 3]]",0.6471841780840183,0.6471841780840183,0.0,3.0,3.0,0.2,0.2,0.5714285714285714,0.5714285714285714
full_bundle,simu5g_00000102,10.8,gnb_2,0|1|2|3,4,7,25,0.28,9,15,6,12.5,1,2,1,1.75,140.6714124269526,56.310222251228154,3.4166666666666665,0.8333333333333335,1,4,"[[0, 1, 2, 3]]",0.7040781116502739,0.7040781116502738,1.1102230246251565e-16,4.0,4.0,0.44999999999999996,0.44999999999999996,1.0,1.0
full_bundle,simu5g_00000103,10.9,gnb_2,0|1|2|3,4,7,25,0.28,9,15,6,12.5,1,2,1,1.75,140.17834223712083,56.969179765482394,3.4166666666666665,0.8333333333333335,1,4,"[[0, 1, 2, 3]]",0.7040781116502739,0.7040781116502738,1.1102230246251565e-16,4.0,4.0,0.44999999999999996,0.44999999999999996,1.0,1.0
full_bundle,simu5g_00000104,11.0,gnb_2,0|1|2|3,4,7,25,0.28,9,15,6,12.25,1,2,1,1.75,139.68305186764502,57.61130810787802,3.4166666666666665,0.8333333333333335,1,4,"[[0, 1, 2, 3]]",0.7040781116502739,0.7040781116502738,1.1102230246251565e-16,4.0,4.0,0.44999999999999996,0.44999999999999996,1.0,1.0
full_bundle,simu5g_00000105,11.1,gnb_2,0|1|2|3,4,7,25,0.28,10,15,5,12.5,1,2,1,1.75,139.18547802675232,58.236156331155655,3.4166666666666665,0.8333333333333335,1,4,"[[0, 1, 2, 3]]",0.7040781116502739,0.7040781116502738,1.1102230246251565e-16,4.0,4.0,0.44999999999999996,0.44999999999999996,1.0,1.0
full_bundle,simu5g_00000106,11.2,gnb_2,0|1|2|3,4,7,25,0.28,10,14,4,12.25,2,2,0,2.0,138.6870875429458,58.8368381572908,3.4166666666666665,0.8333333333333335,1,4,"[[0, 1, 2, 3]]",0.7290781116502738,0.7290781116502738,0.0,4.0,4.0,0.4,0.4,1.0,1.0
full_bundle,simu5g_00000107,11.3,gnb_2,0|1|2|3,4,7,25,0.28,10,14,4,12.25,2,2,0,2.0,138.18800889202097,59.413130950910585,3.4166666666666665,0.8333333333333335,1,4,"[[0, 1, 2, 3]]",0.7290781116502738,0.7290781116502738,0.0,4.0,4.0,0.4,0.4,1.0,1.0
full_bundle,simu5g_00000108,11.4,gnb_2,0|1|2|3,4,7,25,0.28,7,13,6,10.75,2,2,0,2.0,137.6893823170677,59.963390912461335,3.833333333333333,2.3333333333333335,1,4,"[[0, 1, 2, 3]]",0.6471841780840183,0.6471841780840183,0.0,3.0,3.0,0.2,0.2,0.7142857142857143,0.7142857142857143
full_bundle,simu5g_00000109,11.5,gnb_2,0|1|2|3,4,7,25,0.28,7,13,6,10.75,1,2,1,1.75,137.19050865609353,60.48803999072156,3.833333333333333,2.3333333333333335,1,4,"[[0, 1, 2, 3]]",0.6221841780840183,0.6221841780840184,-1.1102230246251565e-16,3.0,3.0,0.25,0.25,0.7142857142857143,0.7142857142857143
full_bundle,simu5g_00000110,11.6,gnb_2,0|1|2|3,4,7,25,0.28,7,13,6,10.75,1,2,1,1.75,136.6919568478172,60.98565857638113,3.833333333333333,2.3333333333333335,1,4,"[[0, 1, 2, 3]]",0.6221841780840183,0.6221841780840184,-1.1102230246251565e-16,3.0,3.0,0.25,0.25,0.7142857142857143,0.7142857142857143
full_bundle,simu5g_00000111,11.7,gnb_2,0|1|2|3,4,7,25,0.28,8,13,5,11.0,1,2,1,1.75,136.19443696486155,61.45837952438306,3.583333333333333,1.3333333333333335,1,4,"[[0, 1, 2, 3]]",0.6221841780840183,0.6221841780840184,-1.1102230246251565e-16,3.0,3.0,0.25,0.25,0.7142857142857143,0.7142857142857143
full_bundle,simu5g_00000112,11.8,gnb_2,0|1|2|3,4,7,25,0.28,8,14,6,11.25,1,2,1,1.75,135.69773074608008,61.90473140218529,3.583333333333333,1.3333333333333335,1,4,"[[0, 1, 2, 3]]",0.6221841780840183,0.6221841780840184,-1.1102230246251565e-16,3.0,3.0,0.25,0.25,0.7142857142857143,0.7142857142857143
full_bundle,simu5g_00000113,11.9,gnb_2,0|1|2|3,4,7,25,0.28,8,14,6,11.0,1,2,1,1.75,135.2020413727484,62.32427786251432,3.6666666666666665,1.3333333333333335,1,4,"[[0, 1, 2, 3]]",0.6221841780840183,0.6221841780840184,-1.1102230246251565e-16,3.0,3.0,0.25,0.25,0.7142857142857143,0.7142857142857143
full_bundle,simu5g_00000114,12.0,gnb_2,0|1|2|3,4,7,25,0.28,9,15,6,12.75,1,2,1,1.75,134.7071220137031,62.71590248544672,3.333333333333333,0.666666666666667,1,4,"[[0, 1, 2, 3]]",0.7040781116502738,0.7040781116502738,0.0,4.0,4.0,0.44999999999999996,0.44999999999999996,1.0,1.0
full_bundle,simu5g_00000115,12.1,gnb_2,0|1|2|3,4,7,25,0.28,9,15,6,12.75,2,2,0,2.0,134.21304745618437,63.079540587497036,3.333333333333333,0.666666666666667,1,4,"[[0, 1, 2, 3]]",0.7290781116502738,0.7290781116502738,0.0,4.0,4.0,0.4,0.4,1.0,1.0
full_bundle,simu5g_00000116,12.2,gnb_2,0|1|2|3,4,7,25,0.28,9,14,5,12.5,1,2,1,1.75,133.72031583312224,63.413828646773155,3.333333333333333,0.666666666666667,1,4,"[[0, 1, 2, 3]]",0.7040781116502739,0.7040781116502738,1.1102230246251565e-16,4.0,4.0,0.44999999999999996,0.44999999999999996,1.0,1.0
full_bundle,simu5g_00000117,12.3,gnb_2,0|1|2|3,4,7,25,0.28,9,14,5,12.5,1,2,1,1.75,133.2291787628492,63.71971202495027,3.333333333333333,0.666666666666667,1,4,"[[0, 1, 2, 3]]",0.7040781116502739,0.7040781116502738,1.1102230246251565e-16,4.0,4.0,0.44999999999999996,0.44999999999999996,1.0,1.0
full_bundle,simu5g_00000118,12.4,gnb_2,0|1|2|3,4,7,25,0.28,9,14,5,12.25,1,2,1,1.75,132.74003018364527,63.996535791125,3.2916666666666665,0.5,1,4,"[[0, 1, 2, 3]]",0.7040781116502739,0.7040781116502738,1.1102230246251565e-16,4.0,4.0,0.44999999999999996,0.44999999999999996,0.8571428571428571,0.8571428571428571
full_bundle,simu5g_00000119,12.5,gnb_2,0|1|2|3,4,7,25,0.28,9,14,5,12.25,2,2,0,2.0,132.25242084492106,64.24453065200366,3.2499999999999996,0.3333333333333335,1,4,"[[0, 1, 2, 3]]",0.7290781116502738,0.7290781116502738,0.0,4.0,4.0,0.4,0.4,0.8571428571428571,0.8571428571428571
full_bundle,simu5g_00000120,12.6,gnb_2,0|1|2|3,4,7,25,0.28,9,14,5,12.75,2,2,0,2.0,131.76673300714754,64.46294012698229,3.2499999999999996,0.3333333333333335,1,4,"[[0, 1, 2, 3]]",0.7290781116502738,0.7290781116502738,0.0,4.0,4.0,0.4,0.4,0.8571428571428571,0.8571428571428571
full_bundle,simu5g_00000121,12.7,gnb_2,0|1|2|3,4,7,25,0.28,9,14,5,12.75,2,2,0,2.0,131.2827407425862,64.65170717006167,3.2499999999999996,0.3333333333333335,1,4,"[[0, 1, 2, 3]]",0.7290781116502738,0.7290781116502738,0.0,4.0,4.0,0.4,0.4,0.8571428571428571,0.8571428571428571
full_bundle,simu5g_00000122,12.8,gnb_2,0|1|2|3,4,7,25,0.28,9,14,5,12.75,2,2,0,2.0,130.80108270812624,64.81195154132806,3.2499999999999996,0.3333333333333335,1,4,"[[0, 1, 2, 3]]",0.7290781116502738,0.7290781116502738,0.0,4.0,4.0,0.4,0.4,0.8571428571428571,0.8571428571428571
full_bundle,simu5g_00000123,12.9,gnb_2,0|1|2|3,4,7,25,0.28,13,15,2,14.0,2,2,0,2.0,130.3223620459808,64.94220930822675,3.208333333333333,0.16666666666666696,1,4,"[[0, 1, 2, 3]]",0.7290781116502738,0.7290781116502738,0.0,4.0,4.0,0.4,0.4,0.8571428571428571,0.8571428571428571
full_bundle,simu5g_00000124,13.0,gnb_2,0|1|2|3,4,7,25,0.28,9,15,6,13.0,2,2,0,2.0,129.84679386895846,65.04178043867299,3.4166666666666665,0.8333333333333335,1,4,"[[0, 1, 2, 3]]",0.7290781116502738,0.7290781116502738,0.0,4.0,4.0,0.4,0.4,1.0,1.0
full_bundle,simu5g_00000125,13.1,gnb_2,0|1|2|3,4,7,25,0.28,9,15,6,13.0,1,2,1,1.75,129.37386604704588,65.11093438660728,3.4166666666666665,0.8333333333333335,1,4,"[[0, 1, 2, 3]]",0.7040781116502739,0.7040781116502739,0.0,4.0,4.0,0.45000000000000007,0.45000000000000007,1.0,1.0
full_bundle,simu5g_00000126,13.2,gnb_2,0|1|2|3,4,7,25,0.28,9,15,6,13.0,1,2,1,1.75,128.90406075335386,65.14844780878944,3.4166666666666665,0.8333333333333335,1,4,"[[0, 1, 2, 3]]",0.7040781116502739,0.7040781116502739,0.0,4.0,4.0,0.45000000000000007,0.45000000000000007,1.0,1.0
full_bundle,simu5g_00000127,13.3,gnb_2,0|1|2|3,4,7,25,0.28,9,15,6,12.75,1,2,1,1.75,128.43754744184446,65.15601327229388,3.4166666666666665,0.8333333333333335,1,4,"[[0, 1, 2, 3]]",0.7040781116502739,0.7040781116502739,0.0,4.0,4.0,0.45000000000000007,0.45000000000000007,1.0,1.0
full_bundle,simu5g_00000128,13.4,gnb_2,0|1|2|3,4,7,25,0.28,9,15,6,12.75,1,2,1,1.75,127.97504674609796,65.13364248474409,3.4166666666666665,0.8333333333333335,1,4,"[[0, 1, 2, 3]]",0.7040781116502739,0.7040781116502739,0.0,4.0,4.0,0.45000000000000007,0.45000000000000007,1.0,1.0
full_bundle,simu5g_00000129,13.5,gnb_2,0|1|2|3,4,7,25,0.28,9,15,6,12.5,1,2,1,1.75,127.51636270920267,65.08070516546121,3.4166666666666665,0.8333333333333335,1,4,"[[0, 1, 2, 3]]",0.7040781116502739,0.7040781116502739,0.0,4.0,4.0,0.45000000000000007,0.45000000000000007,1.0,1.0
full_bundle,simu5g_00000130,13.6,gnb_2,0|1|2|3,4,7,25,0.28,9,14,5,12.25,1,2,1,1.75,127.06169384071018,64.99605655344465,3.4166666666666665,0.8333333333333335,1,4,"[[0, 1, 2, 3]]",0.7040781116502739,0.7040781116502739,0.0,4.0,4.0,0.45000000000000007,0.45000000000000007,1.0,1.0
full_bundle,simu5g_00000131,13.7,gnb_2,0|1|2|3,4,7,25,0.28,9,14,5,12.5,1,2,1,1.75,126.61078619426556,64.87850096997981,3.4166666666666665,0.8333333333333335,1,4,"[[0, 1, 2, 3]]",0.7040781116502739,0.7040781116502739,0.0,4.0,4.0,0.45000000000000007,0.45000000000000007,1.0,1.0
full_bundle,simu5g_00000132,13.8,gnb_2,0|1|2|3,4,7,25,0.28,9,15,6,12.75,1,2,1,1.75,126.16414575062768,64.72809395327442,3.333333333333333,0.5,1,4,"[[0, 1, 2, 3]]",0.7040781116502739,0.7040781116502739,0.0,4.0,4.0,0.45000000000000007,0.45000000000000007,1.0,1.0
full_bundle,simu5g_00000133,13.9,gnb_2,0|1|2|3,4,7,25,0.28,9,15,6,12.75,1,2,1,1.5,125.72164046646093,64.54553362627938,3.333333333333333,0.5,1,4,"[[0, 1, 2, 3]]",0.6790781116502738,0.6790781116502738,0.0,4.0,4.0,0.5,0.5,1.0,1.0
full_bundle,simu5g_00000135,14.0,gnb_2,1|2|3,3,7,25,0.28,9,13,4,11.666666666666666,1,2,1,1.6666666666666667,135.88375539652472,46.67253439191545,3.388888888888889,0.5,1,3,"[[0, 1, 2]]",0.6957447783169405,0.6957447783169405,0.0,4.0,4.0,0.4666666666666666,0.4666666666666666,1.0,1.0
full_bundle,simu5g_00000137,14.1,gnb_2,1|2|3,3,7,25,0.28,9,13,4,11.666666666666666,2,2,0,2.0,135.3282201752862,47.091036204589884,3.388888888888889,0.5,1,3,"[[0, 1, 2]]",0.7290781116502738,0.7290781116502738,0.0,4.0,4.0,0.4000000000000001,0.4000000000000001,1.0,1.0
full_bundle,simu5g_00000139,14.2,gnb_2,1|2|3|4,4,7,25,0.28,9,15,6,12.5,1,2,1,1.75,142.1185643883466,54.48885583794333,3.333333333333333,0.5,1,4,"[[0, 1, 2, 3]]",0.7040781116502738,0.7040781116502739,-1.1102230246251565e-16,4.0,4.0,0.45000000000000007,0.45000000000000007,1.0,1.0
full_bundle,simu5g_00000141,14.3,gnb_2,1|2|3|4,4,7,25,0.28,9,15,6,13.0,1,2,1,1.75,141.68984188226705,55.17573986545128,3.333333333333333,0.5,1,4,"[[0, 1, 2, 3]]",0.7040781116502738,0.7040781116502739,-1.1102230246251565e-16,4.0,4.0,0.45000000000000007,0.45000000000000007,1.0,1.0
full_bundle,simu5g_00000143,14.4,gnb_2,1|2|3|4,4,7,25,0.28,9,15,6,13.0,1,2,1,1.75,141.25816807959632,55.85138271973938,3.333333333333333,0.5,1,4,"[[0, 1, 2, 3]]",0.7040781116502738,0.7040781116502739,-1.1102230246251565e-16,4.0,4.0,0.45000000000000007,0.45000000000000007,1.0,1.0
full_bundle,simu5g_00000145,14.5,gnb_2,1|2|3|4,4,7,25,0.28,9,15,6,12.25,1,2,1,1.75,140.82436348131534,56.51427384650967,3.3749999999999996,0.5,1,4,"[[0, 1, 2, 3]]",0.6221841780840184,0.6221841780840183,1.1102230246251565e-16,3.0,3.0,0.25,0.25,0.5714285714285714,0.5714285714285714
full_bundle,simu5g_00000147,14.6,gnb_2,1|2|3|4,4,7,25,0.28,10,15,5,12.75,2,2,0,2.0,140.38841457044686,57.16373553978711,3.2916666666666665,0.3333333333333335,1,4,"[[0, 1, 2, 3]]",0.7290781116502738,0.7290781116502738,0.0,4.0,4.0,0.4,0.4,0.8571428571428571,0.8571428571428571
full_bundle,simu5g_00000149,14.7,gnb_2,1|2|3|4,4,7,25,0.28,10,15,5,12.75,2,2,0,2.0,139.95027947594767,57.79776484146967,3.2916666666666665,0.3333333333333335,1,4,"[[0, 1, 2, 3]]",0.7290781116502738,0.7290781116502738,0.0,4.0,4.0,0.4,0.4,0.8571428571428571,0.8571428571428571
full_bundle,simu5g_00000151,14.8,gnb_2,1|2|3|4,4,7,25,0.28,10,15,5,12.75,2,2,0,2.0,139.51026013561454,58.41586847345182,3.2916666666666665,0.3333333333333335,1,4,"[[0, 1, 2, 3]]",0.7290781116502738,0.7290781116502738,0.0,4.0,4.0,0.4,0.4,0.8571428571428571,0.8571428571428571
full_bundle,simu5g_00000153,14.9,gnb_2,1|2|3|4,4,7,25,0.28,11,15,4,13.5,2,2,0,2.0,139.0701787702073,59.013153211217144,3.25,0.16666666666666696,1,4,"[[0, 1, 2, 3]]",0.7290781116502738,0.7290781116502738,0.0,4.0,4.0,0.4,0.4,0.8571428571428571,0.8571428571428571
full_bundle,simu5g_00000155,15.0,gnb_2,1|2|3|4,4,7,25,0.28,11,15,4,13.5,2,2,0,2.0,138.63033584525652,59.590034866930765,3.25,0.16666666666666696,1,4,"[[0, 1, 2, 3]]",0.7290781116502738,0.7290781116502738,0.0,4.0,4.0,0.4,0.4,0.8571428571428571,0.8571428571428571
full_bundle,simu5g_00000157,15.1,gnb_2,1|2|3|4,4,7,25,0.28,11,15,4,13.5,2,2,0,2.0,138.19025378332012,60.14413872696126,3.25,0.16666666666666696,1,4,"[[0, 1, 2, 3]]",0.7290781116502738,0.7290781116502738,0.0,4.0,4.0,0.4,0.4,0.8571428571428571,0.8571428571428571
full_bundle,simu5g_00000159,15.2,gnb_2,1|2|3|4,4,7,25,0.28,11,15,4,13.5,2,2,0,2.0,137.75108419039842,60.67568136286155,3.25,0.16666666666666696,1,4,"[[0, 1, 2, 3]]",0.7290781116502738,0.7290781116502738,0.0,4.0,4.0,0.4,0.4,0.8571428571428571,0.8571428571428571
full_bundle,simu5g_00000161,15.3,gnb_2,1|2|3|4,4,7,25,0.28,11,15,4,13.75,2,2,0,2.0,137.31241780805829,61.185955101315386,3.2499999999999996,0.3333333333333335,1,4,"[[0, 1, 2, 3]]",0.7290781116502738,0.7290781116502738,0.0,4.0,4.0,0.4,0.4,0.8571428571428571,0.8571428571428571
full_bundle,simu5g_00000163,15.4,gnb_2,1|2|3|4,4,7,25,0.28,11,15,4,13.75,2,2,0,2.0,136.8752155418517,61.67361965738475,3.208333333333333,0.16666666666666696,1,4,"[[0, 1, 2, 3]]",0.7290781116502738,0.7290781116502738,0.0,4.0,4.0,0.4,0.4,0.8571428571428571,0.8571428571428571
full_bundle,simu5g_00000165,15.5,gnb_2,1|2|3|4,4,7,25,0.28,11,15,4,13.75,2,2,0,2.0,136.43862095470567,62.13943533464199,3.208333333333333,0.16666666666666696,1,4,"[[0, 1, 2, 3]]",0.7290781116502738,0.7290781116502738,0.0,4.0,4.0,0.4,0.4,0.8571428571428571,0.8571428571428571
full_bundle,simu5g_00000167,15.6,gnb_2,1|2|3|4,4,7,25,0.28,11,15,4,13.75,2,2,0,2.0,136.00296444359392,62.58223959491221,3.208333333333333,0.16666666666666696,1,4,"[[0, 1, 2, 3]]",0.7290781116502738,0.7290781116502738,0.0,4.0,4.0,0.4,0.4,0.8571428571428571,0.8571428571428571
full_bundle,simu5g_00000169,15.7,gnb_2,1|2|3|4,4,7,25,0.28,11,15,4,13.75,2,2,0,2.0,135.56821114488957,63.00206091401259,3.208333333333333,0.16666666666666696,1,4,"[[0, 1, 2, 3]]",0.7290781116502738,0.7290781116502738,0.0,4.0,4.0,0.4,0.4,0.8571428571428571,0.8571428571428571
full_bundle,simu5g_00000171,15.8,gnb_2,1|2|3|4,4,7,25,0.28,11,15,4,13.5,2,2,0,2.0,135.13490907980028,63.39849854099357,3.208333333333333,0.16666666666666696,1,4,"[[0, 1, 2, 3]]",0.7290781116502738,0.7290781116502738,0.0,4.0,4.0,0.4,0.4,0.8571428571428571,0.8571428571428571
full_bundle,simu5g_00000173,15.9,gnb_2,1|2|3|4,4,7,25,0.28,11,15,4,13.5,2,2,0,2.0,134.70290592590152,63.77114375847225,3.208333333333333,0.16666666666666696,1,4,"[[0, 1, 2, 3]]",0.7290781116502738,0.7290781116502738,0.0,4.0,4.0,0.4,0.4,0.8571428571428571,0.8571428571428571
full_bundle,simu5g_00000175,16.0,gnb_2,1|2|3|4,4,7,25,0.28,11,15,4,13.25,2,2,0,2.0,134.2727185568711,64.11841518042125,3.208333333333333,0.16666666666666696,1,4,"[[0, 1, 2, 3]]",0.7290781116502738,0.7290781116502738,0.0,4.0,4.0,0.4,0.4,0.8571428571428571,0.8571428571428571
full_bundle,simu5g_00000177,16.1,gnb_2,1|2|3|4,4,7,25,0.28,11,15,4,13.5,2,2,0,2.0,133.84385597037323,64.44231051310675,3.208333333333333,0.16666666666666696,1,4,"[[0, 1, 2, 3]]",0.7290781116502738,0.7290781116502738,0.0,4.0,4.0,0.4,0.4,0.8571428571428571,0.8571428571428571
full_bundle,simu5g_00000179,16.2,gnb_2,1|2|3|4,4,7,25,0.28,11,15,4,13.5,2,2,0,2.0,133.4163734620169,64.74139253623109,3.208333333333333,0.16666666666666696,1,4,"[[0, 1, 2, 3]]",0.7290781116502738,0.7290781116502738,0.0,4.0,4.0,0.4,0.4,0.8571428571428571,0.8571428571428571
full_bundle,simu5g_00000181,16.3,gnb_2,1|2|3|4,4,7,25,0.28,11,15,4,13.25,2,2,0,2.0,132.99063273328744,65.01487781199299,3.25,0.16666666666666696,1,4,"[[0, 1, 2, 3]]",0.7290781116502738,0.7290781116502738,0.0,4.0,4.0,0.4,0.4,0.8571428571428571,0.8571428571428571
full_bundle,simu5g_00000183,16.4,gnb_2,1|2|3|4,4,7,25,0.28,12,15,3,13.25,2,2,0,2.0,132.56713139117687,65.26421959169265,3.25,0.16666666666666696,1,4,"[[0, 1, 2, 3]]",0.7290781116502738,0.7290781116502738,0.0,4.0,4.0,0.4,0.4,0.8571428571428571,0.8571428571428571
full_bundle,simu5g_00000185,16.5,gnb_2,1|2|3|4,4,7,25,0.28,12,15,3,13.5,2,2,0,2.0,132.14606452671183,65.4882451804574,3.208333333333333,0.16666666666666696,1,4,"[[0, 1, 2, 3]]",0.7290781116502738,0.7290781116502738,0.0,4.0,4.0,0.4,0.4,0.8571428571428571,0.8571428571428571
full_bundle,simu5g_00000187,16.6,gnb_2,1|2|3|4,4,7,25,0.28,13,15,2,13.75,2,2,0,2.0,131.72679789702443,65.68561678968443,3.208333333333333,0.16666666666666696,1,4,"[[0, 1, 2, 3]]",0.7290781116502738,0.7290781116502738,0.0,4.0,4.0,0.4,0.4,0.8571428571428571,0.8571428571428571
full_bundle,simu5g_00000189,16.7,gnb_2,1|2|3|4,4,7,25,0.28,13,15,2,13.75,2,2,0,2.0,131.31002020456896,65.85747192685517,3.208333333333333,0.16666666666666696,1,4,"[[0, 1, 2, 3]]",0.7290781116502738,0.7290781116502738,0.0,4.0,4.0,0.4,0.4,0.8571428571428571,0.8571428571428571
full_bundle,simu5g_00000191,16.8,gnb_2,1|2|3|4,4,7,25,0.28,13,15,2,13.75,2,2,0,2.0,130.89634135803385,66.00404650879773,3.208333333333333,0.16666666666666696,1,4,"[[0, 1, 2, 3]]",0.7290781116502738,0.7290781116502738,0.0,4.0,4.0,0.4,0.4,0.8571428571428571,0.8571428571428571
full_bundle,simu5g_00000193,16.9,gnb_2,1|2|3|4,4,7,25,0.28,12,15,3,13.5,2,2,0,2.0,130.48477704507803,66.1236917225752,3.208333333333333,0.16666666666666696,1,4,"[[0, 1, 2, 3]]",0.7290781116502738,0.7290781116502738,0.0,4.0,4.0,0.4,0.4,0.8571428571428571,0.8571428571428571
full_bundle,simu5g_00000195,17.0,gnb_2,1|2|3|4,4,7,25,0.28,12,15,3,13.75,2,2,0,2.0,130.07611086584888,66.21863075650406,3.208333333333333,0.16666666666666696,1,4,"[[0, 1, 2, 3]]",0.7290781116502738,0.7290781116502738,0.0,4.0,4.0,0.4,0.4,0.8571428571428571,0.8571428571428571
full_bundle,simu5g_00000197,17.1,gnb_2,1|2|3|4,4,7,25,0.28,12,15,3,13.75,2,2,0,2.0,129.6705638250786,66.28698719804262,3.208333333333333,0.16666666666666696,1,4,"[[0, 1, 2, 3]]",0.7290781116502738,0.7290781116502738,0.0,4.0,4.0,0.4,0.4,0.8571428571428571,0.8571428571428571
full_bundle,simu5g_00000199,17.2,gnb_2,1|2|3|4,4,7,25,0.28,12,15,3,13.75,2,2,0,2.0,129.26779022831332,66.3273162637338,3.208333333333333,0.16666666666666696,1,4,"[[0, 1, 2, 3]]",0.7290781116502738,0.7290781116502738,0.0,4.0,4.0,0.4,0.4,0.8571428571428571,0.8571428571428571
full_bundle,simu5g_00000201,17.3,gnb_2,1|2|3|4,4,7,25,0.28,12,15,3,13.5,2,2,0,2.0,128.86773795036578,66.33922304502316,3.208333333333333,0.16666666666666696,1,4,"[[0, 1, 2, 3]]",0.7290781116502738,0.7290781116502738,0.0,4.0,4.0,0.4,0.4,0.8571428571428571,0.8571428571428571
full_bundle,simu5g_00000203,17.4,gnb_2,1|2|3|4,4,7,25,0.28,12,15,3,13.5,2,2,0,2.0,128.4708870368077,66.32419924268483,3.208333333333333,0.16666666666666696,1,4,"[[0, 1, 2, 3]]",0.7290781116502738,0.7290781116502738,0.0,4.0,4.0,0.4,0.4,0.8571428571428571,0.8571428571428571
full_bundle,simu5g_00000205,17.5,gnb_2,1|2|3|4,4,7,25,0.28,13,15,2,13.75,2,2,0,2.0,128.07694717345004,66.28105819447582,3.208333333333333,0.16666666666666696,1,4,"[[0, 1, 2, 3]]",0.7290781116502738,0.7290781116502738,0.0,4.0,4.0,0.4,0.4,0.8571428571428571,0.8571428571428571
full_bundle,simu5g_00000207,17.6,gnb_2,1|2|3|4,4,7,25,0.28,13,15,2,13.75,2,2,0,2.0,127.68612831516644,66.20991692853737,3.208333333333333,0.16666666666666696,1,4,"[[0, 1, 2, 3]]",0.7290781116502738,0.7290781116502738,0.0,4.0,4.0,0.4,0.4,0.8571428571428571,0.8571428571428571
full_bundle,simu5g_00000209,17.7,gnb_2,1|2|3|4,4,7,25,0.28,13,15,2,13.75,2,2,0,2.0,127.29863639622374,66.1105743069729,3.208333333333333,0.16666666666666696,1,4,"[[0, 1, 2, 3]]",0.7290781116502738,0.7290781116502738,0.0,4.0,4.0,0.4,0.4,0.8571428571428571,0.8571428571428571
full_bundle,simu5g_00000211,17.8,gnb_2,1|2|3|4,4,7,25,0.28,13,15,2,13.75,2,2,0,2.0,126.91492154845733,65.98453531086629,3.1666666666666665,0.0,1,4,"[[0, 1, 2, 3]]",0.7290781116502738,0.7290781116502738,0.0,4.0,4.0,0.4,0.4,0.8571428571428571,0.8571428571428571
full_bundle,simu5g_00000213,17.9,gnb_2,1|2|3|4,4,7,25,0.28,13,15,2,13.5,2,2,0,2.0,126.5356936145534,65.8321985113426,3.208333333333333,0.16666666666666696,1,4,"[[0, 1, 2, 3]]",0.7290781116502738,0.7290781116502738,0.0,4.0,4.0,0.4,0.4,0.8571428571428571,0.8571428571428571
full_bundle,simu5g_00000215,18.0,gnb_2,1|2|3|4,4,7,25,0.28,12,15,3,13.25,2,2,0,2.0,126.16086912277801,65.65278742908222,3.25,0.16666666666666696,1,4,"[[0, 1, 2, 3]]",0.7290781116502738,0.7290781116502738,0.0,4.0,4.0,0.4,0.4,0.8571428571428571,0.8571428571428571
full_bundle,simu5g_00000217,18.1,gnb_2,1|2|3|4,4,7,25,0.28,12,15,3,13.0,2,2,0,2.0,125.79055757463337,65.44688966553068,3.2916666666666665,0.16666666666666696,1,4,"[[0, 1, 2, 3]]",0.7290781116502738,0.7290781116502738,0.0,4.0,4.0,0.4,0.4,0.8571428571428571,0.8571428571428571
full_bundle,simu5g_00000219,18.2,gnb_2,1|2|3|4,4,7,25,0.28,12,15,3,13.25,2,2,0,2.0,125.42432519962921,65.21274097330196,3.25,0.16666666666666696,1,4,"[[0, 1, 2, 3]]",0.7290781116502738,0.7290781116502738,0.0,4.0,4.0,0.4,0.4,0.8571428571428571,0.8571428571428571
full_bundle,simu5g_00000221,18.3,gnb_2,1|2|3|4,4,7,25,0.28,12,15,3,13.25,2,2,0,2.0,125.06240163795614,64.94981025936933,3.25,0.16666666666666696,1,4,"[[0, 1, 2, 3]]",0.7290781116502738,0.7290781116502738,0.0,4.0,4.0,0.4,0.4,0.8571428571428571,0.8571428571428571
full_bundle,simu5g_00000223,18.4,gnb_2,1|2|3|4,4,7,25,0.28,11,15,4,13.5,2,2,0,2.0,124.70485537760345,64.65926919778433,3.208333333333333,0.16666666666666696,1,4,"[[0, 1, 2, 3]]",0.7290781116502738,0.7290781116502738,0.0,4.0,4.0,0.4,0.4,0.8571428571428571,0.8571428571428571
full_bundle,simu5g_00000225,18.5,gnb_2,1|2|3|4,4,7,25,0.28,11,15,4,13.5,2,2,0,2.0,124.35224496827252,64.34109311277436,3.208333333333333,0.16666666666666696,1,4,"[[0, 1, 2, 3]]",0.7290781116502738,0.7290781116502738,0.0,4.0,4.0,0.4,0.4,0.8571428571428571,0.8571428571428571
full_bundle,simu5g_00000227,18.6,gnb_2,1|2|3|4,4,7,25,0.28,11,15,4,13.5,2,2,0,2.0,124.00391108367505,63.99434776701817,3.208333333333333,0.16666666666666696,1,4,"[[0, 1, 2, 3]]",0.7290781116502738,0.7290781116502738,0.0,4.0,4.0,0.4,0.4,0.8571428571428571,0.8571428571428571
full_bundle,simu5g_00000229,18.7,gnb_2,1|2|3|4,4,7,25,0.28,11,15,4,13.5,2,2,0,2.0,123.66123070857867,63.62116371159105,3.208333333333333,0.16666666666666696,1,4,"[[0, 1, 2, 3]]",0.7290781116502738,0.7290781116502738,0.0,4.0,4.0,0.4,0.4,0.8571428571428571,0.8571428571428571
full_bundle,simu5g_00000231,18.8,gnb_2,1|2|3|4,4,7,25,0.28,11,15,4,13.5,1,2,1,1.75,123.32361071274036,63.22066856083063,3.2499999999999996,0.3333333333333335,1,4,"[[0, 1, 2, 3]]",0.7040781116502739,0.7040781116502738,1.1102230246251565e-16,4.0,4.0,0.44999999999999996,0.44999999999999996,0.8571428571428571,0.8571428571428571
full_bundle,simu5g_00000233,18.9,gnb_2,1|2|3|4,4,7,25,0.28,11,15,4,13.5,1,2,1,1.75,122.9918538818109,62.79344040620599,3.2499999999999996,0.3333333333333335,1,4,"[[0, 1, 2, 3]]",0.7040781116502739,0.7040781116502738,1.1102230246251565e-16,4.0,4.0,0.44999999999999996,0.44999999999999996,0.8571428571428571,0.8571428571428571
full_bundle,simu5g_00000234,19.0,gnb_1,0|1,2,7,25,0.28,14,15,1,14.5,2,4,2,3.0,106.17173686541457,24.081970628632845,3.1666666666666665,0.0,1,2,"[[0, 1]]",0.8290781116502739,0.8290781116502739,0.0,4.0,4.0,0.2,0.2,0.7142857142857143,0.7142857142857143
full_bundle,simu5g_00000235,19.0,gnb_2,2|3|4,3,7,25,0.28,11,15,4,12.666666666666666,1,2,1,1.6666666666666667,132.17723329590902,51.22813971500368,3.3333333333333335,0.3333333333333335,1,3,"[[0, 1, 2]]",0.6957447783169405,0.6957447783169405,0.0,4.0,4.0,0.4666666666666666,0.4666666666666666,0.8571428571428571,0.8571428571428571
full_bundle,simu5g_00000236,19.1,gnb_1,0|1,2,7,25,0.28,14,15,1,14.5,2,3,1,2.5,106.74947941691518,24.84127127124657,3.1666666666666665,0.0,1,2,"[[0, 1]]",0.7790781116502739,0.7790781116502739,0.0,4.0,4.0,0.30000000000000004,0.30000000000000004,0.7142857142857143,0.7142857142857143
full_bundle,simu5g_00000237,19.1,gnb_2,2|3|4|5,4,7,25,0.28,11,15,4,13.0,1,2,1,1.75,139.8083461411009,59.553180257260394,3.2916666666666665,0.3333333333333335,1,4,"[[0, 1, 2, 3]]",0.7040781116502738,0.7040781116502739,-1.1102230246251565e-16,4.0,4.0,0.45000000000000007,0.45000000000000007,0.8571428571428571,0.8571428571428571
full_bundle,simu5g_00000238,19.2,gnb_1,0|1,2,7,25,0.28,14,15,1,14.5,2,3,1,2.5,107.34468072113108,25.5912738571392,3.1666666666666665,0.0,1,2,"[[0, 1]]",0.7790781116502739,0.7790781116502739,0.0,4.0,4.0,0.30000000000000004,0.30000000000000004,0.7142857142857143,0.7142857142857143
full_bundle,simu5g_00000239,19.2,gnb_2,2|3|4|5,4,7,25,0.28,12,15,3,13.5,1,2,1,1.75,139.4309110836898,60.12768174847241,3.208333333333333,0.16666666666666696,1,4,"[[0, 1, 2, 3]]",0.7040781116502738,0.7040781116502739,-1.1102230246251565e-16,4.0,4.0,0.45000000000000007,0.45000000000000007,0.8571428571428571,0.8571428571428571
full_bundle,simu5g_00000240,19.3,gnb_1,0|1,2,7,25,0.28,14,15,1,14.5,3,3,0,3.0,107.32893720141013,25.076170740301436,3.1666666666666665,0.0,1,2,"[[0, 1]]",0.8290781116502739,0.8290781116502739,0.0,4.0,4.0,0.2,0.2,0.7142857142857143,0.7142857142857143
full_bundle,simu5g_00000241,19.3,gnb_2,2|3|4|5,4,7,25,0.28,13,15,2,13.75,1,2,1,1.75,139.05296283411872,60.68884025940754,3.208333333333333,0.16666666666666696,1,4,"[[0, 1, 2, 3]]",0.7040781116502738,0.7040781116502739,-1.1102230246251565e-16,4.0,4.0,0.45000000000000007,0.45000000000000007,0.8571428571428571,0.8571428571428571
full_bundle,simu5g_00000242,19.4,gnb_1,0|1,2,7,25,0.28,15,15,0,15.0,3,3,0,3.0,106.92766801824328,23.746476282610715,3.1666666666666665,0.0,1,2,"[[0, 1]]",0.8290781116502739,0.8290781116502739,0.0,4.0,4.0,0.2,0.2,0.7142857142857143,0.7142857142857143
full_bundle,simu5g_00000243,19.4,gnb_2,2|3|4|5,4,7,25,0.28,13,15,2,13.75,2,2,0,2.0,138.67492938751417,61.235382766353055,3.208333333333333,0.16666666666666696,1,4,"[[0, 1, 2, 3]]",0.7290781116502738,0.7290781116502738,0.0,4.0,4.0,0.4,0.4,0.8571428571428571,0.8571428571428571
full_bundle,simu5g_00000244,19.5,gnb_1,0|1,2,7,25,0.28,15,15,0,15.0,3,3,0,3.0,106.54256794942815,22.40586480786888,3.1666666666666665,0.0,1,2,"[[0, 1]]",0.8290781116502739,0.8290781116502739,0.0,4.0,4.0,0.2,0.2,0.7142857142857143,0.7142857142857143
full_bundle,simu5g_00000245,19.5,gnb_2,2|3|4|5,4,7,25,0.28,13,15,2,13.75,2,2,0,2.0,138.29693661909283,61.766669340398664,3.208333333333333,0.16666666666666696,1,4,"[[0, 1, 2, 3]]",0.7290781116502738,0.7290781116502738,0.0,4.0,4.0,0.4,0.4,0.8571428571428571,0.8571428571428571
full_bundle,simu5g_00000246,19.6,gnb_1,0|1,2,7,25,0.28,15,15,0,15.0,3,3,0,3.0,106.17451127908552,21.057093146159787,3.1666666666666665,0.0,1,2,"[[0, 1]]",0.8290781116502739,0.8290781116502739,0.0,4.0,4.0,0.2,0.2,0.7142857142857143,0.7142857142857143
full_bundle,simu5g_00000247,19.6,gnb_2,2|3|4|5,4,7,25,0.28,12,15,3,13.75,2,2,0,2.0,137.91947600190576,62.283183389328585,3.208333333333333,0.16666666666666696,1,4,"[[0, 1, 2, 3]]",0.7290781116502738,0.7290781116502738,0.0,4.0,4.0,0.4,0.4,0.8571428571428571,0.8571428571428571
full_bundle,simu5g_00000248,19.7,gnb_1,0|1,2,7,25,0.28,14,15,1,14.5,3,3,0,3.0,105.82191262627776,19.697393752487216,3.1666666666666665,0.0,1,2,"[[0, 1]]",0.8290781116502739,0.8290781116502739,0.0,4.0,4.0,0.2,0.2,0.7142857142857143,0.7142857142857143
full_bundle,simu5g_00000249,19.7,gnb_2,2|3|4|5,4,7,25,0.28,12,15,3,13.75,2,2,0,2.0,137.54357341893717,62.78002416591123,3.208333333333333,0.16666666666666696,1,4,"[[0, 1, 2, 3]]",0.7290781116502738,0.7290781116502738,0.0,4.0,4.0,0.4,0.4,0.8571428571428571,0.8571428571428571
full_bundle,simu5g_00000250,19.8,gnb_1,0|1,2,7,25,0.28,14,15,1,14.5,3,3,0,3.0,105.48519495258498,18.32734079072948,3.1666666666666665,0.0,1,2,"[[0, 1]]",0.8290781116502739,0.8290781116502739,0.0,4.0,4.0,0.2,0.2,0.7142857142857143,0.7142857142857143
full_bundle,simu5g_00000251,19.8,gnb_2,2|3|4|5,4,7,25,0.28,12,15,3,13.75,2,2,0,2.0,137.16894071783298,63.25648782365373,3.208333333333333,0.16666666666666696,1,4,"[[0, 1, 2, 3]]",0.7290781116502738,0.7290781116502738,0.0,4.0,4.0,0.4,0.4,0.8571428571428571,0.8571428571428571
full_bundle,simu5g_00000252,19.9,gnb_1,0|1,2,7,25,0.28,14,15,1,14.5,3,3,0,3.0,105.16588540559309,16.950494962466834,3.1666666666666665,0.0,1,2,"[[0, 1]]",0.8290781116502739,0.8290781116502739,0.0,4.0,4.0,0.2,0.2,0.7142857142857143,0.7142857142857143
full_bundle,simu5g_00000253,19.9,gnb_2,2|3|4|5,4,7,25,0.28,14,15,1,14.25,2,2,0,2.0,136.79533416830213,63.711558848892764,3.1666666666666665,0.0,1,4,"[[0, 1, 2, 3]]",0.7290781116502738,0.7290781116502738,0.0,4.0,4.0,0.4,0.4,0.8571428571428571,0.8571428571428571
full_bundle,simu5g_00000254,20.0,gnb_1,0|1,2,7,25,0.28,15,15,0,15.0,3,3,0,3.0,104.8627184760575,15.564289878394092,3.1666666666666665,0.0,1,2,"[[0, 1]]",0.8290781116502739,0.8290781116502739,0.0,4.0,4.0,0.2,0.2,0.7142857142857143,0.7142857142857143
full_bundle,simu5g_00000255,20.0,gnb_2,2|3|4|5,4,7,25,0.28,14,14,0,14.0,2,2,0,2.0,136.42304231214356,64.14481227671041,3.1666666666666665,0.0,1,4,"[[0, 1, 2, 3]]",0.7290781116502738,0.7290781116502738,0.0,4.0,4.0,0.4,0.4,0.8571428571428571,0.8571428571428571
full_bundle,simu5g_00000256,20.1,gnb_1,0|1,2,7,25,0.28,15,15,0,15.0,3,3,0,3.0,104.57542412150302,14.17068955598748,3.1666666666666665,0.0,1,2,"[[0, 1]]",0.8290781116502739,0.8290781116502739,0.0,4.0,4.0,0.2,0.2,0.7142857142857143,0.7142857142857143
full_bundle,simu5g_00000257,20.1,gnb_2,2|3|4|5,4,7,25,0.28,14,14,0,14.0,2,2,0,2.0,136.05253495890926,64.55711314137484,3.1666666666666665,0.0,1,4,"[[0, 1, 2, 3]]",0.7290781116502738,0.7290781116502738,0.0,4.0,4.0,0.4,0.4,0.8571428571428571,0.8571428571428571
full_bundle,simu5g_00000258,20.2,gnb_1,0|1,2,7,25,0.28,15,15,0,15.0,3,3,0,3.0,104.30493610669922,12.771476313832622,3.1666666666666665,0.0,1,2,"[[0, 1]]",0.8290781116502739,0.8290781116502739,0.0,4.0,4.0,0.2,0.2,0.7142857142857143,0.7142857142857143
full_bundle,simu5g_00000259,20.2,gnb_2,2|3|4|5,4,7,25,0.28,14,14,0,14.0,2,2,0,2.0,135.68341699874577,64.9490694965175,3.1666666666666665,0.0,1,4,"[[0, 1, 2, 3]]",0.7290781116502738,0.7290781116502738,0.0,4.0,4.0,0.4,0.4,0.8571428571428571,0.8571428571428571
full_bundle,simu5g_00000260,20.3,gnb_1,0|1,2,7,25,0.28,15,15,0,15.0,3,3,0,3.0,104.05041031357973,11.364512102022275,3.1666666666666665,0.0,1,2,"[[0, 1]]",0.8290781116502739,0.8290781116502739,0.0,4.0,4.0,0.2,0.2,0.7142857142857143,0.7142857142857143
full_bundle,simu5g_00000261,20.3,gnb_2,2|3|4|5,4,7,25,0.28,14,14,0,14.0,2,2,0,2.0,135.31562818918525,65.31910702118294,3.1666666666666665,0.0,1,4,"[[0, 1, 2, 3]]",0.7290781116502738,0.7290781116502738,0.0,4.0,4.0,0.4,0.4,0.8571428571428571,0.8571428571428571
full_bundle,simu5g_00000262,20.4,gnb_1,0|1,2,7,25,0.28,15,15,0,15.0,3,3,0,3.0,103.81304844956225,9.952366612818082,3.1666666666666665,0.0,1,2,"[[0, 1]]",0.8290781116502739,0.8290781116502739,0.0,4.0,4.0,0.2,0.2,0.7142857142857143,0.7142857142857143
full_bundle,simu5g_00000263,20.4,gnb_2,2|3|4|5,4,7,25,0.28,11,14,3,13.25,2,2,0,2.0,134.94966730236118,65.66665284902642,3.208333333333333,0.16666666666666696,1,4,"[[0, 1, 2, 3]]",0.7290781116502738,0.7290781116502738,0.0,4.0,4.0,0.4,0.4,0.8571428571428571,0.8571428571428571
full_bundle,simu5g_00000264,20.5,gnb_1,0|1,2,7,25,0.28,15,15,0,15.0,3,3,0,3.0,103.59133767457608,8.533972530076198,3.1666666666666665,0.0,1,2,"[[0, 1]]",0.8290781116502739,0.8290781116502739,0.0,4.0,4.0,0.2,0.2,0.7142857142857143,0.7142857142857143
full_bundle,simu5g_00000265,20.5,gnb_2,2|3|4|5,4,7,25,0.28,11,15,4,13.5,2,2,0,2.0,134.58516879815102,65.99166280866532,3.208333333333333,0.16666666666666696,1,4,"[[0, 1, 2, 3]]",0.7290781116502738,0.7290781116502738,0.0,4.0,4.0,0.4,0.4,0.8571428571428571,0.8571428571428571
full_bundle,simu5g_00000266,20.6,gnb_1,0|1,2,7,25,0.28,15,15,0,15.0,3,3,0,3.0,103.38605087067742,7.111113339535464,3.1666666666666665,0.0,1,2,"[[0, 1]]",0.8290781116502739,0.8290781116502739,0.0,4.0,4.0,0.2,0.2,0.7142857142857143,0.7142857142857143
full_bundle,simu5g_00000267,20.6,gnb_2,2|3|4|5,4,7,25,0.28,11,15,4,13.5,2,2,0,2.0,134.22250973796784,66.29496380306401,3.208333333333333,0.16666666666666696,1,4,"[[0, 1, 2, 3]]",0.7290781116502738,0.7290781116502738,0.0,4.0,4.0,0.4,0.4,0.8571428571428571,0.8571428571428571
full_bundle,simu5g_00000268,20.7,gnb_1,0|1,2,7,25,0.28,15,15,0,15.0,3,3,0,3.0,103.19890742699195,5.685372562974933,3.1666666666666665,0.0,1,2,"[[0, 1]]",0.8290781116502739,0.8290781116502739,0.0,4.0,4.0,0.2,0.2,0.7142857142857143,0.7142857142857143
full_bundle,simu5g_00000269,20.7,gnb_2,2|3|4|5,4,7,25,0.28,11,15,4,13.75,2,2,0,2.0,133.8621031351464,66.57705728985992,3.208333333333333,0.16666666666666696,1,4,"[[0, 1, 2, 3]]",0.7290781116502738,0.7290781116502738,0.0,4.0,4.0,0.4,0.4,0.8571428571428571,0.8571428571428571
full_bundle,simu5g_00000270,20.8,gnb_1,0|1,2,7,25,0.28,15,15,0,15.0,3,3,0,3.0,103.02737499016251,4.255055405408413,3.1666666666666665,0.0,1,2,"[[0, 1]]",0.8290781116502739,0.8290781116502739,0.0,4.0,4.0,0.2,0.2,0.7142857142857143,0.7142857142857143
full_bundle,simu5g_00000271,20.8,gnb_2,2|3|4|5,4,7,25,0.28,12,15,3,13.75,2,2,0,2.0,133.5040137609969,66.83630525940161,3.208333333333333,0.16666666666666696,1,4,"[[0, 1, 2, 3]]",0.7290781116502738,0.7290781116502738,0.0,4.0,4.0,0.4,0.4,0.8571428571428571,0.8571428571428571
full_bundle,simu5g_00000272,20.9,gnb_1,0|1,2,7,25,0.28,15,15,0,15.0,3,3,0,3.0,102.87224221684875,2.82322170896029,3.1666666666666665,0.0,1,2,"[[0, 1]]",0.8290781116502739,0.8290781116502739,0.0,4.0,4.0,0.2,0.2,0.7142857142857143,0.7142857142857143
full_bundle,simu5g_00000273,20.9,gnb_2,2|3|4|5,4,7,25,0.28,12,15,3,13.75,2,2,0,2.0,133.14862772623235,67.07316901916302,3.208333333333333,0.16666666666666696,1,4,"[[0, 1, 2, 3]]",0.7290781116502738,0.7290781116502738,0.0,4.0,4.0,0.4,0.4,0.8571428571428571,0.8571428571428571
full_bundle,simu5g_00000274,21.0,gnb_1,0|1,2,7,25,0.28,15,15,0,15.0,3,3,0,3.0,102.73424358884469,1.3886623229785613,3.1666666666666665,0.0,1,2,"[[0, 1]]",0.8290781116502739,0.8290781116502739,0.0,4.0,4.0,0.2,0.2,0.7142857142857143,0.7142857142857143
full_bundle,simu5g_00000275,21.0,gnb_2,2|3|4|5,4,7,25,0.28,12,15,3,13.75,2,2,0,2.0,132.79540252157292,67.2863662820631,3.208333333333333,0.16666666666666696,1,4,"[[0, 1, 2, 3]]",0.7290781116502738,0.7290781116502738,0.0,4.0,4.0,0.4,0.4,0.8571428571428571,0.8571428571428571
full_bundle,simu5g_00000276,21.1,gnb_1,0|1,2,7,25,0.28,15,15,0,15.0,3,3,0,3.0,102.61354963996463,0.04515592757564946,3.1666666666666665,0.0,1,2,"[[0, 1]]",0.8290781116502739,0.8290781116502739,0.0,4.0,4.0,0.2,0.2,0.7142857142857143,0.7142857142857143
full_bundle,simu5g_00000277,21.1,gnb_2,2|3|4|5,4,7,25,0.28,12,15,3,13.75,2,2,0,2.0,132.44481538692835,67.47750561672792,3.25,0.16666666666666696,1,4,"[[0, 1, 2, 3]]",0.7290781116502738,0.7290781116502738,0.0,4.0,4.0,0.4,0.4,0.8571428571428571,0.8571428571428571
full_bundle,simu5g_00000278,21.2,gnb_1,0|1,2,7,25,0.28,13,15,2,14.0,3,3,0,3.0,102.50976796654777,1.4792199586679828,3.25,0.16666666666666696,1,2,"[[0, 1]]",0.8290781116502739,0.8290781116502739,0.0,4.0,4.0,0.2,0.2,0.8571428571428571,0.8571428571428571
full_bundle,simu5g_00000279,21.2,gnb_2,2|3|4|5,4,7,25,0.28,10,15,5,13.25,2,2,0,2.0,132.09715828425942,67.64527606184886,3.2916666666666665,0.3333333333333335,1,4,"[[0, 1, 2, 3]]",0.7290781116502738,0.7290781116502738,0.0,4.0,4.0,0.4,0.4,0.8571428571428571,0.8571428571428571
full_bundle,simu5g_00000280,21.3,gnb_1,0|1,2,7,25,0.28,13,15,2,14.0,3,3,0,3.0,102.42318636423272,2.9141105633293876,3.25,0.16666666666666696,1,2,"[[0, 1]]",0.8290781116502739,0.8290781116502739,0.0,4.0,4.0,0.2,0.2,0.8571428571428571,0.8571428571428571
full_bundle,simu5g_00000281,21.3,gnb_2,2|3|4|5,4,7,25,0.28,10,15,5,13.25,2,2,0,2.0,131.75186158733163,67.78850952516714,3.2916666666666665,0.3333333333333335,1,4,"[[0, 1, 2, 3]]",0.7290781116502738,0.7290781116502738,0.0,4.0,4.0,0.4,0.4,0.8571428571428571,0.8571428571428571
full_bundle,simu5g_00000282,21.4,gnb_1,0|1,2,7,25,0.28,13,14,1,13.5,3,3,0,3.0,102.35393936609168,4.347454122278577,3.25,0.16666666666666696,1,2,"[[0, 1]]",0.8290781116502739,0.8290781116502739,0.0,4.0,4.0,0.2,0.2,0.8571428571428571,0.8571428571428571
full_bundle,simu5g_00000283,21.4,gnb_2,2|3|4|5,4,7,25,0.28,10,13,3,11.75,2,2,0,2.0,131.4094566059548,67.90801950172805,3.416666666666667,0.16666666666666652,1,4,"[[0, 1, 2, 3]]",0.7290781116502738,0.7290781116502738,0.0,4.0,4.0,0.4,0.4,1.0,1.0
full_bundle,simu5g_00000284,21.5,gnb_1,0|1,2,7,25,0.28,11,14,3,12.5,3,3,0,3.0,102.3017356258585,5.779064598112697,3.333333333333333,0.3333333333333335,1,2,"[[0, 1]]",0.8290781116502739,0.8290781116502739,0.0,4.0,4.0,0.2,0.2,0.8571428571428571,0.8571428571428571
full_bundle,simu5g_00000285,21.5,gnb_2,2|3|4|5,4,7,25,0.28,11,13,2,12.5,2,2,0,2.0,131.07021088446783,68.00448948394448,3.3333333333333335,0.3333333333333335,1,4,"[[0, 1, 2, 3]]",0.7290781116502738,0.7290781116502738,0.0,4.0,4.0,0.4,0.4,1.0,1.0
full_bundle,simu5g_00000286,21.6,gnb_1,0|1,2,7,25,0.28,11,15,4,13.0,3,3,0,3.0,102.26596584105152,7.2066276676672345,3.333333333333333,0.3333333333333335,1,2,"[[0, 1]]",0.8290781116502739,0.8290781116502739,0.0,4.0,4.0,0.2,0.2,0.8571428571428571,0.8571428571428571
full_bundle,simu5g_00000287,21.6,gnb_2,2|3|4|5,4,7,25,0.28,11,13,2,12.5,2,2,0,2.0,130.73447217754875,68.07807794881454,3.3333333333333335,0.3333333333333335,1,4,"[[0, 1, 2, 3]]",0.7290781116502738,0.7290781116502738,0.0,4.0,4.0,0.4,0.4,1.0,1.0
full_bundle,simu5g_00000288,21.7,gnb_1,0|1,2,7,25,0.28,11,15,4,13.0,3,3,0,3.0,102.2475135743515,8.633807889042473,3.333333333333333,0.3333333333333335,1,2,"[[0, 1]]",0.8290781116502739,0.8290781116502739,0.0,4.0,4.0,0.2,0.2,0.8571428571428571,0.8571428571428571
full_bundle,simu5g_00000289,21.7,gnb_2,2|3|4|5,4,7,25,0.28,11,13,2,12.25,2,2,0,2.0,130.40180493819997,68.12754298255183,3.3333333333333335,0.3333333333333335,1,4,"[[0, 1, 2, 3]]",0.7290781116502738,0.7290781116502738,0.0,4.0,4.0,0.4,0.4,1.0,1.0
full_bundle,simu5g_00000290,21.8,gnb_1,0|1,2,7,25,0.28,12,15,3,13.5,3,3,0,3.0,102.24644282727701,10.055909212520746,3.25,0.16666666666666696,1,2,"[[0, 1]]",0.8290781116502739,0.8290781116502739,0.0,4.0,4.0,0.2,0.2,0.8571428571428571,0.8571428571428571
full_bundle,simu5g_00000291,21.8,gnb_2,2|3|4|5,4,7,25,0.28,11,13,2,12.0,2,2,0,2.0,130.0723163444148,68.1522242615829,3.3750000000000004,0.16666666666666652,1,4,"[[0, 1, 2, 3]]",0.7290781116502738,0.7290781116502738,0.0,4.0,4.0,0.4,0.4,1.0,1.0
full_bundle,simu5g_00000292,21.9,gnb_1,0|1,2,7,25,0.28,12,15,3,13.5,3,3,0,3.0,102.26221932697848,11.473231066204207,3.25,0.16666666666666696,1,2,"[[0, 1]]",0.8290781116502739,0.8290781116502739,0.0,4.0,4.0,0.2,0.2,0.8571428571428571,0.8571428571428571
full_bundle,simu5g_00000293,21.9,gnb_2,2|3|4|5,4,7,25,0.28,11,13,2,12.0,2,2,0,2.0,129.74623902713418,68.15387804131913,3.3750000000000004,0.16666666666666652,1,4,"[[0, 1, 2, 3]]",0.7290781116502738,0.7290781116502738,0.0,4.0,4.0,0.4,0.4,1.0,1.0
full_bundle,simu5g_00000294,22.0,gnb_1,0|1,2,7,25,0.28,12,15,3,13.5,3,3,0,3.0,102.2956231725458,12.885866624322261,3.25,0.16666666666666696,1,2,"[[0, 1]]",0.8290781116502739,0.8290781116502739,0.0,4.0,4.0,0.2,0.2,0.8571428571428571,0.8571428571428571
full_bundle,simu5g_00000295,22.0,gnb_2,2|3|4|5,4,7,25,0.28,12,14,2,12.75,2,2,0,2.0,129.42360261485555,68.13182953339555,3.291666666666667,0.16666666666666696,1,4,"[[0, 1, 2, 3]]",0.7290781116502738,0.7290781116502738,0.0,4.0,4.0,0.4,0.4,0.8571428571428571,0.8571428571428571
full_bundle,simu5g_00000296,22.1,gnb_1,0|1,2,7,25,0.28,13,15,2,14.0,3,3,0,3.0,102.34666186501522,14.291181017042007,3.1666666666666665,0.0,1,2,"[[0, 1]]",0.8290781116502739,0.8290781116502739,0.0,4.0,4.0,0.2,0.2,0.7142857142857143,0.7142857142857143
full_bundle,simu5g_00000297,22.1,gnb_2,2|3|4|5,4,7,25,0.28,12,14,2,13.0,2,2,0,2.0,129.1046251264153,68.08532581170877,3.25,0.16666666666666696,1,4,"[[0, 1, 2, 3]]",0.7290781116502738,0.7290781116502738,0.0,4.0,4.0,0.4,0.4,0.8571428571428571,0.8571428571428571
full_bundle,simu5g_00000298,22.2,gnb_1,0|1,2,7,25,0.28,13,15,2,14.0,3,3,0,3.0,102.41476363777704,15.689596083631628,3.1666666666666665,0.0,1,2,"[[0, 1]]",0.8290781116502739,0.8290781116502739,0.0,4.0,4.0,0.2,0.2,0.7142857142857143,0.7142857142857143
full_bundle,simu5g_00000299,22.2,gnb_2,2|3|4|5,4,7,25,0.28,12,14,2,13.0,2,2,0,2.0,128.78933771716,68.01370847229494,3.25,0.16666666666666696,1,4,"[[0, 1, 2, 3]]",0.7290781116502738,0.7290781116502738,0.0,4.0,4.0,0.4,0.4,0.8571428571428571,0.8571428571428571
full_bundle,simu5g_00000300,22.3,gnb_1,0|1,2,7,25,0.28,13,15,2,14.0,3,3,0,3.0,102.50092515395642,17.081316748876958,3.1666666666666665,0.0,1,2,"[[0, 1]]",0.8290781116502739,0.8290781116502739,0.0,4.0,4.0,0.2,0.2,0.7142857142857143,0.7142857142857143
full_bundle,simu5g_00000301,22.3,gnb_2,2|3|4|5,4,7,25,0.28,13,14,1,13.5,2,2,0,2.0,128.47754057969195,67.91725448103588,3.2083333333333335,0.16666666666666696,1,4,"[[0, 1, 2, 3]]",0.7290781116502738,0.7290781116502738,0.0,4.0,4.0,0.4,0.4,0.8571428571428571,0.8571428571428571
full_bundle,simu5g_00000302,22.4,gnb_1,0|1,2,7,25,0.28,14,15,1,14.5,3,3,0,3.0,102.60375009463556,18.464681773307518,3.1666666666666665,0.0,1,2,"[[0, 1]]",0.8290781116502739,0.8290781116502739,0.0,4.0,4.0,0.2,0.2,0.7142857142857143,0.7142857142857143
full_bundle,simu5g_00000303,22.4,gnb_2,2|3|4|5,4,7,25,0.28,13,14,1,13.75,2,2,0,2.0,128.1692100650202,67.79597375342219,3.2083333333333335,0.16666666666666696,1,4,"[[0, 1, 2, 3]]",0.7290781116502738,0.7290781116502738,0.0,4.0,4.0,0.4,0.4,0.8571428571428571,0.8571428571428571
full_bundle,simu5g_00000304,22.5,gnb_1,0|1,2,7,25,0.28,14,15,1,14.5,3,3,0,3.0,102.72531739177808,19.839584719459992,3.1666666666666665,0.0,1,2,"[[0, 1]]",0.8290781116502739,0.8290781116502739,0.0,4.0,4.0,0.2,0.2,0.7142857142857143,0.7142857142857143
full_bundle,simu5g_00000305,22.5,gnb_2,2|3|4|5,4,7,25,0.28,13,14,1,13.75,2,2,0,2.0,127.86443787990592,67.64998832770299,3.2083333333333335,0.16666666666666696,1,4,"[[0, 1, 2, 3]]",0.7290781116502738,0.7290781116502738,0.0,4.0,4.0,0.4,0.4,0.8571428571428571,0.8571428571428571
full_bundle,simu5g_00000306,22.6,gnb_1,0|1,2,7,25,0.28,14,15,1,14.5,3,3,0,3.0,102.86458638624615,21.20503824321068,3.1666666666666665,0.0,1,2,"[[0, 1]]",0.8290781116502739,0.8290781116502739,0.0,4.0,4.0,0.2,0.2,0.7142857142857143,0.7142857142857143
full_bundle,simu5g_00000307,22.6,gnb_2,2|3|4|5,4,7,25,0.28,12,15,3,13.75,2,2,0,2.0,127.5634239317279,67.479052777373,3.2499999999999996,0.3333333333333335,1,4,"[[0, 1, 2, 3]]",0.7290781116502738,0.7290781116502738,0.0,4.0,4.0,0.4,0.4,0.8571428571428571,0.8571428571428571
full_bundle,simu5g_00000308,22.7,gnb_1,0|1,2,7,25,0.28,15,15,0,15.0,3,3,0,3.0,103.02141172201996,22.559468581000274,3.1666666666666665,0.0,1,2,"[[0, 1]]",0.8290781116502739,0.8290781116502739,0.0,4.0,4.0,0.2,0.2,0.7142857142857143,0.7142857142857143
full_bundle,simu5g_00000309,22.7,gnb_2,2|3|4|5,4,7,25,0.28,12,15,3,13.5,2,2,0,2.0,127.26648900244894,67.28358895207575,3.2499999999999996,0.3333333333333335,1,4,"[[0, 1, 2, 3]]",0.7290781116502738,0.7290781116502738,0.0,4.0,4.0,0.4,0.4,0.8571428571428571,0.8571428571428571
full_bundle,simu5g_00000310,22.8,gnb_1,0|1,2,7,25,0.28,15,15,0,15.0,3,3,0,3.0,103.19558440017727,23.902986997848487,3.1666666666666665,0.0,1,2,"[[0, 1]]",0.8290781116502739,0.8290781116502739,0.0,4.0,4.0,0.2,0.2,0.7142857142857143,0.7142857142857143
full_bundle,simu5g_00000311,22.8,gnb_2,2|3|4|5,4,7,25,0.28,12,15,3,13.5,2,2,0,2.0,126.97406384706736,67.06486986945602,3.2499999999999996,0.3333333333333335,1,4,"[[0, 1, 2, 3]]",0.7290781116502738,0.7290781116502738,0.0,4.0,4.0,0.4,0.4,0.8571428571428571,0.8571428571428571
full_bundle,simu5g_00000312,22.9,gnb_1,0|1,2,7,25,0.28,15,15,0,15.0,3,3,0,3.0,103.38752230199682,25.23439372930359,3.1666666666666665,0.0,1,2,"[[0, 1]]",0.8290781116502739,0.8290781116502739,0.0,4.0,4.0,0.2,0.2,0.7142857142857143,0.7142857142857143
full_bundle,simu5g_00000313,22.9,gnb_2,2|3|4|5,4,7,25,0.28,12,14,2,13.0,2,2,0,2.0,126.68695939015106,66.82226254837703,3.2499999999999996,0.3333333333333335,1,4,"[[0, 1, 2, 3]]",0.7290781116502738,0.7290781116502738,0.0,4.0,4.0,0.4,0.4,0.8571428571428571,0.8571428571428571
full_bundle,simu5g_00000314,23.0,gnb_1,0|1|2,3,7,25,0.28,13,15,2,14.333333333333334,2,3,1,2.6666666666666665,100.26373769293438,26.55302500946941,3.1666666666666665,0.0,1,3,"[[0, 1, 2]]",0.7957447783169406,0.7957447783169406,0.0,4.0,4.0,0.26666666666666666,0.26666666666666666,0.7142857142857143,0.7142857142857143
full_bundle,simu5g_00000315,23.0,gnb_2,3|4|5,3,7,25,0.28,12,14,2,13.0,2,2,0,2.0,137.34185260803386,50.08298129850402,3.2777777777777772,0.3333333333333335,1,3,"[[0, 1, 2]]",0.7290781116502738,0.7290781116502738,0.0,4.0,4.0,0.4000000000000001,0.4000000000000001,0.8571428571428571,0.8571428571428571
full_bundle,simu5g_00000316,23.1,gnb_1,0|1|2,3,7,25,0.28,14,15,1,14.666666666666666,2,2,0,2.0,100.45240279421574,27.8587219569482,3.1666666666666665,0.0,1,3,"[[0, 1, 2]]",0.7290781116502738,0.7290781116502738,0.0,4.0,4.0,0.4000000000000001,0.4000000000000001,0.7142857142857143,0.7142857142857143
full_bundle,simu5g_00000317,23.1,gnb_2,3|4|5,3,7,25,0.28,12,14,2,13.0,2,2,0,2.0,136.93649330013503,50.490346172845875,3.2777777777777772,0.3333333333333335,1,3,"[[0, 1, 2]]",0.7290781116502738,0.7290781116502738,0.0,4.0,4.0,0.4000000000000001,0.4000000000000001,0.8571428571428571,0.8571428571428571
full_bundle,simu5g_00000318,23.2,gnb_1,0|1|2,3,7,25,0.28,14,15,1,14.666666666666666,2,2,0,2.0,100.65999878660948,29.150871957586048,3.1666666666666665,0.0,1,3,"[[0, 1, 2]]",0.7290781116502738,0.7290781116502738,0.0,4.0,4.0,0.4000000000000001,0.4000000000000001,0.7142857142857143,0.7142857142857143
full_bundle,simu5g_00000319,23.2,gnb_2,3|4|5,3,7,25,0.28,10,14,4,12.333333333333334,2,2,0,2.0,136.5310119399221,50.88666928340241,3.3333333333333335,0.5,1,3,"[[0, 1, 2]]",0.7290781116502738,0.7290781116502738,0.0,4.0,4.0,0.4000000000000001,0.4000000000000001,1.0,1.0
full_bundle,simu5g_00000320,23.3,gnb_1,0|1|2,3,7,25,0.28,14,15,1,14.666666666666666,2,2,0,2.0,100.88670795823275,30.429799208513685,3.1666666666666665,0.0,1,3,"[[0, 1, 2]]",0.7290781116502738,0.7290781116502738,0.0,4.0,4.0,0.4000000000000001,0.4000000000000001,0.7142857142857143,0.7142857142857143
full_bundle,simu5g_00000321,23.3,gnb_2,3|4|5,3,7,25,0.28,10,14,4,12.0,2,2,0,2.0,136.12583819310385,51.27113895515777,3.388888888888889,0.5,1,3,"[[0, 1, 2]]",0.7290781116502738,0.7290781116502738,0.0,4.0,4.0,0.4000000000000001,0.4000000000000001,1.0,1.0
full_bundle,simu5g_00000322,23.4,gnb_1,0|1|2,3,7,25,0.28,14,15,1,14.666666666666666,2,2,0,2.0,101.13201434113815,31.69267171392245,3.1666666666666665,0.0,1,3,"[[0, 1, 2]]",0.7290781116502738,0.7290781116502738,0.0,4.0,4.0,0.4000000000000001,0.4000000000000001,0.7142857142857143,0.7142857142857143
full_bundle,simu5g_00000323,23.4,gnb_2,3|4|5,3,7,25,0.28,10,14,4,12.0,2,2,0,2.0,135.7210736132182,51.64452840676846,3.388888888888889,0.5,1,3,"[[0, 1, 2]]",0.7290781116502738,0.7290781116502738,0.0,4.0,4.0,0.4000000000000001,0.4000000000000001,1.0,1.0
full_bundle,simu5g_00000324,23.5,gnb_1,0|1|2,3,7,25,0.28,14,15,1,14.666666666666666,2,2,0,2.0,100.79232289164567,31.130072345711383,3.1666666666666665,0.0,1,3,"[[0, 1, 2]]",0.7290781116502738,0.7290781116502738,0.0,4.0,4.0,0.4000000000000001,0.4000000000000001,0.7142857142857143,0.7142857142857143
full_bundle,simu5g_00000325,23.5,gnb_2,3|4|5,3,7,25,0.28,10,14,4,12.0,2,2,0,2.0,135.31669327419195,52.00519033718528,3.388888888888889,0.5,1,3,"[[0, 1, 2]]",0.7290781116502738,0.7290781116502738,0.0,4.0,4.0,0.4000000000000001,0.4000000000000001,1.0,1.0
full_bundle,simu5g_00000326,23.6,gnb_1,0|1|2,3,7,25,0.28,14,15,1,14.666666666666666,2,2,0,2.0,100.43077972832604,30.42907043384014,3.1666666666666665,0.0,1,3,"[[0, 1, 2]]",0.7290781116502738,0.7290781116502738,0.0,4.0,4.0,0.4000000000000001,0.4000000000000001,0.7142857142857143,0.7142857142857143
full_bundle,simu5g_00000327,23.6,gnb_2,3|4|5,3,7,25,0.28,10,14,4,12.666666666666666,2,2,0,2.0,134.91309005824655,52.35262993199372,3.3333333333333335,0.5,1,3,"[[0, 1, 2]]",0.7290781116502738,0.7290781116502738,0.0,4.0,4.0,0.4000000000000001,0.4000000000000001,1.0,1.0
full_bundle,simu5g_00000328,23.7,gnb_1,0|1|2,3,7,25,0.28,14,15,1,14.666666666666666,2,2,0,2.0,100.08835164041892,29.71244302529975,3.1666666666666665,0.0,1,3,"[[0, 1, 2]]",0.7290781116502738,0.7290781116502738,0.0,4.0,4.0,0.4000000000000001,0.4000000000000001,0.7142857142857143,0.7142857142857143
full_bundle,simu5g_00000329,23.7,gnb_2,3|4|5,3,7,25,0.28,14,14,0,14.0,2,2,0,2.0,134.5091432658846,52.6881338997064,3.1666666666666665,0.0,1,3,"[[0, 1, 2]]",0.7290781116502738,0.7290781116502738,0.0,4.0,4.0,0.4000000000000001,0.4000000000000001,0.8571428571428571,0.8571428571428571
full_bundle,simu5g_00000330,23.8,gnb_1,0|1|2,3,7,25,0.28,14,15,1,14.666666666666666,2,2,0,2.0,99.76387014091357,28.97769442008358,3.1666666666666665,0.0,1,3,"[[0, 1, 2]]",0.7290781116502738,0.7290781116502738,0.0,4.0,4.0,0.4000000000000001,0.4000000000000001,0.7142857142857143,0.7142857142857143
full_bundle,simu5g_00000331,23.8,gnb_2,3|4|5,3,7,25,0.28,14,15,1,14.333333333333334,2,2,0,2.0,134.10645645731557,53.009726367331325,3.1666666666666665,0.0,1,3,"[[0, 1, 2]]",0.7290781116502738,0.7290781116502738,0.0,4.0,4.0,0.4000000000000001,0.4000000000000001,0.8571428571428571,0.8571428571428571
full_bundle,simu5g_00000332,23.9,gnb_1,0|1|2,3,7,25,0.28,14,15,1,14.666666666666666,2,2,0,2.0,99.4584345126757,28.226264852997957,3.1666666666666665,0.0,1,3,"[[0, 1, 2]]",0.7290781116502738,0.7290781116502738,0.0,4.0,4.0,0.4000000000000001,0.4000000000000001,0.7142857142857143,0.7142857142857143
full_bundle,simu5g_00000333,23.9,gnb_2,3|4|5,3,7,25,0.28,14,15,1,14.666666666666666,2,2,0,2.0,133.70466408836634,53.31875953039895,3.1666666666666665,0.0,1,3,"[[0, 1, 2]]",0.7290781116502738,0.7290781116502738,0.0,4.0,4.0,0.4000000000000001,0.4000000000000001,0.8571428571428571,0.8571428571428571
full_bundle,simu5g_00000334,24.0,gnb_1,0|1|2|3,4,7,25,0.28,14,15,1,14.5,2,2,0,2.0,100.52307515441939,27.458714804369052,3.1666666666666665,0.0,1,4,"[[0, 1, 2, 3]]",0.7290781116502738,0.7290781116502738,0.0,4.0,4.0,0.4,0.4,0.7142857142857143,0.7142857142857143
full_bundle,simu5g_00000335,24.0,gnb_2,4|5,2,7,25,0.28,14,15,1,14.5,2,2,0,2.0,147.66722612500274,21.049770201010517,3.1666666666666665,0.0,1,2,"[[0, 1]]",0.7290781116502738,0.7290781116502738,0.0,4.0,4.0,0.4,0.4,0.7142857142857143,0.7142857142857143
full_bundle,simu5g_00000336,24.1,gnb_1,0|1|2|3,4,7,25,0.28,13,15,2,14.25,2,2,0,2.0,100.19747606070527,26.673750884092613,3.208333333333333,0.16666666666666696,1,4,"[[0, 1, 2, 3]]",0.7290781116502738,0.7290781116502738,0.0,4.0,4.0,0.4,0.4,0.8571428571428571,0.8571428571428571
full_bundle,simu5g_00000337,24.1,gnb_2,4|5,2,7,25,0.28,14,15,1,14.5,2,3,1,2.5,147.31684365573534,21.3209703309563,3.1666666666666665,0.0,1,2,"[[0, 1]]",0.7790781116502739,0.7790781116502739,0.0,4.0,4.0,0.30000000000000004,0.30000000000000004,0.7142857142857143,0.7142857142857143
full_bundle,simu5g_00000338,24.2,gnb_1,0|1|2|3,4,7,25,0.28,13,15,2,14.5,2,2,0,2.0,99.8886671784555,25.873386311534972,3.208333333333333,0.16666666666666696,1,4,"[[0, 1, 2, 3]]",0.7290781116502738,0.7290781116502738,0.0,4.0,4.0,0.4,0.4,0.8571428571428571,0.8571428571428571
full_bundle,simu5g_00000339,24.2,gnb_2,4|5,2,7,25,0.28,13,15,2,14.0,3,3,0,3.0,146.9628903005505,21.592402409993497,3.25,0.16666666666666696,1,2,"[[0, 1]]",0.8290781116502739,0.8290781116502739,0.0,4.0,4.0,0.2,0.2,0.8571428571428571,0.8571428571428571
full_bundle,simu5g_00000340,24.3,gnb_1,0|1|2|3,4,7,25,0.28,13,15,2,14.5,2,2,0,2.0,99.59679320271538,25.05648419030088,3.208333333333333,0.16666666666666696,1,4,"[[0, 1, 2, 3]]",0.7290781116502738,0.7290781116502738,0.0,4.0,4.0,0.4,0.4,0.8571428571428571,0.8571428571428571
full_bundle,simu5g_00000341,24.3,gnb_2,4|5,2,7,25,0.28,13,15,2,14.0,3,3,0,3.0,146.6050857683736,21.862578742762935,3.25,0.16666666666666696,1,2,"[[0, 1]]",0.8290781116502739,0.8290781116502739,0.0,4.0,4.0,0.2,0.2,0.8571428571428571,0.8571428571428571
full_bundle,simu5g_00000342,24.4,gnb_1,0|1|2|3,4,7,25,0.28,13,15,2,14.5,2,2,0,2.0,99.32155061187535,24.222321547679954,3.1666666666666665,0.0,1,4,"[[0, 1, 2, 3]]",0.7290781116502738,0.7290781116502738,0.0,4.0,4.0,0.4,0.4,0.8571428571428571,0.8571428571428571
full_bundle,simu5g_00000343,24.4,gnb_2,4|5,2,7,25,0.28,13,15,2,14.0,3,3,0,3.0,146.2443914477688,22.132046668152412,3.25,0.16666666666666696,1,2,"[[0, 1]]",0.8290781116502739,0.8290781116502739,0.0,4.0,4.0,0.2,0.2,0.8571428571428571,0.8571428571428571
full_bundle,simu5g_00000344,24.5,gnb_1,0|1|2|3,4,7,25,0.28,13,15,2,14.0,2,2,0,2.0,99.06356664513935,23.373614973929705,3.1666666666666665,0.0,1,4,"[[0, 1, 2, 3]]",0.7290781116502738,0.7290781116502738,0.0,4.0,4.0,0.4,0.4,0.8571428571428571,0.8571428571428571
full_bundle,simu5g_00000345,24.5,gnb_2,4|5,2,7,25,0.28,13,15,2,14.0,3,3,0,3.0,145.88040977306423,22.40106956834896,3.25,0.16666666666666696,1,2,"[[0, 1]]",0.8290781116502739,0.8290781116502739,0.0,4.0,4.0,0.2,0.2,0.8571428571428571,0.8571428571428571
full_bundle,simu5g_00000346,24.6,gnb_1,0|1|2|3,4,7,25,0.28,13,15,2,14.0,2,2,0,2.0,98.82211758713149,22.507902992245036,3.1666666666666665,0.0,1,4,"[[0, 1, 2, 3]]",0.7290781116502738,0.7290781116502738,0.0,4.0,4.0,0.4,0.4,0.8571428571428571,0.8571428571428571
full_bundle,simu5g_00000347,24.6,gnb_2,4|5,2,7,25,0.28,13,15,2,14.0,2,2,0,2.0,145.51394677460587,22.668763803630355,3.25,0.16666666666666696,1,2,"[[0, 1]]",0.7290781116502738,0.7290781116502738,0.0,4.0,4.0,0.4,0.4,0.8571428571428571,0.8571428571428571
full_bundle,simu5g_00000348,24.7,gnb_1,0|1|2|3,4,7,25,0.28,14,15,1,14.25,2,2,0,2.0,98.59804230157147,21.627962588892714,3.1666666666666665,0.0,1,4,"[[0, 1, 2, 3]]",0.7290781116502738,0.7290781116502738,0.0,4.0,4.0,0.4,0.4,0.7142857142857143,0.7142857142857143
full_bundle,simu5g_00000349,24.7,gnb_2,4|5,2,7,25,0.28,12,15,3,13.5,2,2,0,2.0,145.14343482257624,22.935436753362268,3.25,0.16666666666666696,1,2,"[[0, 1]]",0.7290781116502738,0.7290781116502738,0.0,4.0,4.0,0.4,0.4,0.8571428571428571,0.8571428571428571
full_bundle,simu5g_00000350,24.8,gnb_1,0|1|2|3,4,7,25,0.28,14,15,1,14.5,2,2,0,2.0,98.3907874588932,20.731857603660274,3.1666666666666665,0.0,1,4,"[[0, 1, 2, 3]]",0.7290781116502738,0.7290781116502738,0.0,4.0,4.0,0.4,0.4,0.8571428571428571,0.8571428571428571
full_bundle,simu5g_00000351,24.8,gnb_2,4|5,2,7,25,0.28,12,15,3,13.5,2,2,0,2.0,144.7701049369229,23.20221137295465,3.25,0.16666666666666696,1,2,"[[0, 1]]",0.7290781116502738,0.7290781116502738,0.0,4.0,4.0,0.4,0.4,0.8571428571428571,0.8571428571428571
full_bundle,simu5g_00000352,24.9,gnb_1,0|1|2|3,4,7,25,0.28,14,15,1,14.5,2,2,0,2.0,98.20111328185573,19.821844891445238,3.1666666666666665,0.0,1,4,"[[0, 1, 2, 3]]",0.7290781116502738,0.7290781116502738,0.0,4.0,4.0,0.4,0.4,0.8571428571428571,0.8571428571428571
full_bundle,simu5g_00000353,24.9,gnb_2,4|5|6,3,7,25,0.28,12,15,3,13.666666666666666,2,2,0,2.0,150.99458381846625,31.538330535415554,3.222222222222222,0.16666666666666696,1,3,"[[0, 1, 2]]",0.7290781116502738,0.7290781116502738,0.0,4.0,4.0,0.4000000000000001,0.4000000000000001,0.8571428571428571,0.8571428571428571
full_bundle,simu5g_00000354,25.0,gnb_1,0|1|2|3,4,7,25,0.28,14,15,1,14.5,2,2,0,2.0,98.02808753805034,18.8961689394921,3.1666666666666665,0.0,1,4,"[[0, 1, 2, 3]]",0.7290781116502738,0.7290781116502738,0.0,4.0,4.0,0.4,0.4,0.7142857142857143,0.7142857142857143
full_bundle,simu5g_00000355,25.0,gnb_2,4|5|6,3,7,25,0.28,14,15,1,14.333333333333334,2,2,0,2.0,150.73373517498135,32.0286424379799,3.1666666666666665,0.0,1,3,"[[0, 1, 2]]",0.7290781116502738,0.7290781116502738,0.0,4.0,4.0,0.4000000000000001,0.4000000000000001,0.8571428571428571,0.8571428571428571
full_bundle,simu5g_00000356,25.1,gnb_1,0|1|2|3,4,7,25,0.28,14,15,1,14.5,2,2,0,2.0,97.8727181085692,17.956065162691445,3.1666666666666665,0.0,1,4,"[[0, 1, 2, 3]]",0.7290781116502738,0.7290781116502738,0.0,4.0,4.0,0.4,0.4,0.7142857142857143,0.7142857142857143
full_bundle,simu5g_00000357,25.1,gnb_2,4|5|6,3,7,25,0.28,14,15,1,14.333333333333334,2,2,0,2.0,150.4696404691384,32.517684419816334,3.1666666666666665,0.0,1,3,"[[0, 1, 2]]",0.7290781116502738,0.7290781116502738,0.0,4.0,4.0,0.4000000000000001,0.4000000000000001,0.8571428571428571,0.8571428571428571
full_bundle,simu5g_00000358,25.2,gnb_1,0|1|2|3,4,7,25,0.28,14,15,1,14.5,2,2,0,2.0,97.73445118635748,17.002551555613394,3.1666666666666665,0.0,1,4,"[[0, 1, 2, 3]]",0.7290781116502738,0.7290781116502738,0.0,4.0,4.0,0.4,0.4,0.7142857142857143,0.7142857142857143
full_bundle,simu5g_00000359,25.2,gnb_2,4|5|6,3,7,25,0.28,14,15,1,14.333333333333334,2,2,0,2.0,150.2030235994228,33.00540851237915,3.1666666666666665,0.0,1,3,"[[0, 1, 2]]",0.7290781116502738,0.7290781116502738,0.0,4.0,4.0,0.4000000000000001,0.4000000000000001,0.8571428571428571,0.8571428571428571
full_bundle,simu5g_00000360,25.3,gnb_1,0|1|2|3,4,7,25,0.28,14,15,1,14.5,2,2,0,2.0,97.61391179419401,16.037489850759016,3.1666666666666665,0.0,1,4,"[[0, 1, 2, 3]]",0.7290781116502738,0.7290781116502738,0.0,4.0,4.0,0.4,0.4,0.7142857142857143,0.7142857142857143
full_bundle,simu5g_00000361,25.3,gnb_2,4|5|6,3,7,25,0.28,14,15,1,14.333333333333334,2,2,0,2.0,149.93382781806838,33.49240166335605,3.1666666666666665,0.0,1,3,"[[0, 1, 2]]",0.7290781116502738,0.7290781116502738,0.0,4.0,4.0,0.4000000000000001,0.4000000000000001,0.8571428571428571,0.8571428571428571
full_bundle,simu5g_00000362,25.4,gnb_1,0|1|2|3,4,7,25,0.28,13,15,2,14.0,2,2,0,2.0,97.51052753407825,15.058420406717246,3.1666666666666665,0.0,1,4,"[[0, 1, 2, 3]]",0.7290781116502738,0.7290781116502738,0.0,4.0,4.0,0.4,0.4,0.8571428571428571,0.8571428571428571
full_bundle,simu5g_00000363,25.4,gnb_2,4|5|6,3,7,25,0.28,14,15,1,14.333333333333334,2,2,0,2.0,149.66186112136032,33.97720594948572,3.1666666666666665,0.0,1,3,"[[0, 1, 2]]",0.7290781116502738,0.7290781116502738,0.0,4.0,4.0,0.4000000000000001,0.4000000000000001,0.8571428571428571,0.8571428571428571
full_bundle,simu5g_00000364,25.5,gnb_1,0|1|2|3,4,7,25,0.28,13,15,2,14.0,2,2,0,2.0,97.42453300279473,14.493582378828975,3.1666666666666665,0.0,1,4,"[[0, 1, 2, 3]]",0.7290781116502738,0.7290781116502738,0.0,4.0,4.0,0.4,0.4,0.8571428571428571,0.8571428571428571
full_bundle,simu5g_00000365,25.5,gnb_2,4|5|6,3,7,25,0.28,14,15,1,14.333333333333334,2,2,0,2.0,149.38731216296193,34.45993856091948,3.1666666666666665,0.0,1,3,"[[0, 1, 2]]",0.7290781116502738,0.7290781116502738,0.0,4.0,4.0,0.4000000000000001,0.4000000000000001,0.8571428571428571,0.8571428571428571
full_bundle,simu5g_00000366,25.6,gnb_1,0|1|2|3,4,7,25,0.28,13,15,2,14.0,2,2,0,2.0,97.35547548076778,14.81699460351237,3.208333333333333,0.16666666666666696,1,4,"[[0, 1, 2, 3]]",0.7290781116502738,0.7290781116502738,0.0,4.0,4.0,0.4,0.4,0.8571428571428571,0.8571428571428571
full_bundle,simu5g_00000367,25.6,gnb_2,4|5|6,3,7,25,0.28,14,15,1,14.333333333333334,2,2,0,2.0,149.1100490411884,34.942654990940554,3.1666666666666665,0.0,1,3,"[[0, 1, 2]]",0.7290781116502738,0.7290781116502738,0.0,4.0,4.0,0.4000000000000001,0.4000000000000001,0.7142857142857143,0.7142857142857143
full_bundle,simu5g_00000368,25.7,gnb_1,0|1|2|3,4,7,25,0.28,13,15,2,14.0,2,2,0,2.0,97.30362993528601,15.129496355451934,3.208333333333333,0.16666666666666696,1,4,"[[0, 1, 2, 3]]",0.7290781116502738,0.7290781116502738,0.0,4.0,4.0,0.4,0.4,0.8571428571428571,0.8571428571428571
full_bundle,simu5g_00000369,25.7,gnb_2,4|5|6,3,7,25,0.28,14,15,1,14.333333333333334,2,2,0,2.0,148.82995646132647,35.423249924200235,3.1666666666666665,0.0,1,3,"[[0, 1, 2]]",0.7290781116502738,0.7290781116502738,0.0,4.0,4.0,0.4000000000000001,0.4000000000000001,0.7142857142857143,0.7142857142857143
full_bundle,simu5g_00000370,25.8,gnb_1,0|1|2|3,4,7,25,0.28,13,15,2,14.0,2,2,0,2.0,97.2690961209047,15.431633833403211,3.208333333333333,0.16666666666666696,1,4,"[[0, 1, 2, 3]]",0.7290781116502738,0.7290781116502738,0.0,4.0,4.0,0.4,0.4,0.8571428571428571,0.8571428571428571
full_bundle,simu5g_00000371,25.8,gnb_2,4|5|6,3,7,25,0.28,13,15,2,14.0,2,2,0,2.0,148.54755313907427,35.90211000665528,3.222222222222222,0.16666666666666696,1,3,"[[0, 1, 2]]",0.7290781116502738,0.7290781116502738,0.0,4.0,4.0,0.4000000000000001,0.4000000000000001,0.8571428571428571,0.8571428571428571
full_bundle,simu5g_00000372,25.9,gnb_1,0|1|2|3,4,7,25,0.28,14,15,1,14.25,2,2,0,2.0,97.25190107916929,15.722511823841245,3.1666666666666665,0.0,1,4,"[[0, 1, 2, 3]]",0.7290781116502738,0.7290781116502738,0.0,4.0,4.0,0.4,0.4,0.8571428571428571,0.8571428571428571
full_bundle,simu5g_00000373,25.9,gnb_2,4|5|6,3,7,25,0.28,13,15,2,14.0,2,2,0,2.0,148.26251893366077,36.380819952690175,3.222222222222222,0.16666666666666696,1,3,"[[0, 1, 2]]",0.7290781116502738,0.7290781116502738,0.0,4.0,4.0,0.4000000000000001,0.4000000000000001,0.8571428571428571,0.8571428571428571
full_bundle,simu5g_00000374,26.0,gnb_1,0|1|2|3,4,7,25,0.28,14,15,1,14.5,2,2,0,2.0,97.25197107979685,16.00244520137629,3.1666666666666665,0.0,1,4,"[[0, 1, 2, 3]]",0.7290781116502738,0.7290781116502738,0.0,4.0,4.0,0.4,0.4,0.7142857142857143,0.7142857142857143
full_bundle,simu5g_00000375,26.0,gnb_2,4|5|6,3,7,25,0.28,13,15,2,14.0,2,2,0,2.0,147.97449570869745,36.85949734692616,3.222222222222222,0.16666666666666696,1,3,"[[0, 1, 2]]",0.7290781116502738,0.7290781116502738,0.0,4.0,4.0,0.4000000000000001,0.4000000000000001,0.8571428571428571,0.8571428571428571
full_bundle,simu5g_00000376,26.1,gnb_1,0|1|2|3,4,7,25,0.28,14,15,1,14.5,2,2,0,2.0,97.26924660435384,16.27014417464514,3.1666666666666665,0.0,1,4,"[[0, 1, 2, 3]]",0.7290781116502738,0.7290781116502738,0.0,4.0,4.0,0.4,0.4,0.7142857142857143,0.7142857142857143
full_bundle,simu5g_00000377,26.1,gnb_2,4|5|6,3,7,25,0.28,13,15,2,14.0,2,2,0,2.0,147.6839901326649,37.33541098138545,3.222222222222222,0.16666666666666696,1,3,"[[0, 1, 2]]",0.7290781116502738,0.7290781116502738,0.0,4.0,4.0,0.4000000000000001,0.4000000000000001,0.8571428571428571,0.8571428571428571
full_bundle,simu5g_00000378,26.2,gnb_1,0|1|2|3,4,7,25,0.28,14,15,1,14.75,2,2,0,2.0,97.303753243466,16.527897751436242,3.1666666666666665,0.0,1,4,"[[0, 1, 2, 3]]",0.7290781116502738,0.7290781116502738,0.0,4.0,4.0,0.4,0.4,0.7142857142857143,0.7142857142857143
full_bundle,simu5g_00000379,26.2,gnb_2,4|5|6,3,7,25,0.28,14,15,1,14.666666666666666,2,2,0,2.0,147.39100290734476,37.80951655488771,3.1666666666666665,0.0,1,3,"[[0, 1, 2]]",0.7290781116502738,0.7290781116502738,0.0,4.0,4.0,0.4000000000000001,0.4000000000000001,0.7142857142857143,0.7142857142857143
full_bundle,simu5g_00000380,26.3,gnb_1,0|1|2|3,4,7,25,0.28,14,15,1,14.75,2,2,0,2.0,97.35555438230115,16.775206385784244,3.1666666666666665,0.0,1,4,"[[0, 1, 2, 3]]",0.7290781116502738,0.7290781116502738,0.0,4.0,4.0,0.4,0.4,0.7142857142857143,0.7142857142857143
full_bundle,simu5g_00000381,26.3,gnb_2,4|5|6,3,7,25,0.28,14,15,1,14.666666666666666,2,2,0,2.0,147.0948815284613,38.2819298386669,3.1666666666666665,0.0,1,3,"[[0, 1, 2]]",0.7290781116502738,0.7290781116502738,0.0,4.0,4.0,0.4000000000000001,0.4000000000000001,0.7142857142857143,0.7142857142857143
full_bundle,simu5g_00000382,26.4,gnb_1,0|1|2|3,4,7,25,0.28,14,15,1,14.75,2,2,0,2.0,97.42450718062278,17.011740029761157,3.1666666666666665,0.0,1,4,"[[0, 1, 2, 3]]",0.7290781116502738,0.7290781116502738,0.0,4.0,4.0,0.4,0.4,0.7142857142857143,0.7142857142857143
full_bundle,simu5g_00000383,26.4,gnb_2,4|5|6,3,7,25,0.28,14,15,1,14.666666666666666,2,2,0,2.0,146.79587540178997,38.75094531950374,3.1666666666666665,0.0,1,3,"[[0, 1, 2]]",0.7290781116502738,0.7290781116502738,0.0,4.0,4.0,0.4000000000000001,0.4000000000000001,0.7142857142857143,0.7142857142857143
full_bundle,simu5g_00000384,26.5,gnb_1,0|1|2|3,4,7,25,0.28,13,15,2,14.25,2,2,0,2.0,97.5101976041766,17.23767390757733,3.1666666666666665,0.0,1,4,"[[0, 1, 2, 3]]",0.7290781116502738,0.7290781116502738,0.0,4.0,4.0,0.4,0.4,0.7142857142857143,0.7142857142857143
full_bundle,simu5g_00000385,26.5,gnb_2,4|5|6,3,7,25,0.28,14,15,1,14.666666666666666,2,2,0,2.0,146.4944892224806,39.21693658642154,3.1666666666666665,0.0,1,3,"[[0, 1, 2]]",0.7290781116502738,0.7290781116502738,0.0,4.0,4.0,0.4000000000000001,0.4000000000000001,0.7142857142857143,0.7142857142857143
full_bundle,simu5g_00000386,26.6,gnb_1,0|1|2|3,4,7,25,0.28,13,15,2,14.25,2,2,0,2.0,97.6131386724345,17.45314428661841,3.1666666666666665,0.0,1,4,"[[0, 1, 2, 3]]",0.7290781116502738,0.7290781116502738,0.0,4.0,4.0,0.4,0.4,0.7142857142857143,0.7142857142857143
full_bundle,simu5g_00000387,26.6,gnb_2,4|5|6,3,7,25,0.28,11,15,4,13.333333333333334,2,2,0,2.0,146.1910894103646,39.68092666300298,3.2777777777777772,0.3333333333333335,1,3,"[[0, 1, 2]]",0.7290781116502738,0.7290781116502738,0.0,4.0,4.0,0.4000000000000001,0.4000000000000001,0.8571428571428571,0.8571428571428571
full_bundle,simu5g_00000388,26.7,gnb_1,0|1|2|3,4,7,25,0.28,13,15,2,14.25,2,2,0,2.0,97.73306962293438,17.656936070215195,3.1666666666666665,0.0,1,4,"[[0, 1, 2, 3]]",0.7290781116502738,0.7290781116502738,0.0,4.0,4.0,0.4,0.4,0.7142857142857143,0.7142857142857143
full_bundle,simu5g_00000389,26.7,gnb_2,4|5|6,3,7,25,0.28,11,15,4,13.333333333333334,2,2,0,2.0,145.88558704135298,40.141953706282266,3.2777777777777772,0.3333333333333335,1,3,"[[0, 1, 2]]",0.7290781116502738,0.7290781116502738,0.0,4.0,4.0,0.4000000000000001,0.4000000000000001,0.8571428571428571,0.8571428571428571
full_bundle,simu5g_00000390,26.8,gnb_1,0|1|2|3,4,7,25,0.28,14,15,1,14.75,2,2,0,2.0,97.86951261849286,17.85076146142238,3.1666666666666665,0.0,1,4,"[[0, 1, 2, 3]]",0.7290781116502738,0.7290781116502738,0.0,4.0,4.0,0.4,0.4,0.7142857142857143,0.7142857142857143
full_bundle,simu5g_00000391,26.8,gnb_2,4|5|6,3,7,25,0.28,11,15,4,13.333333333333334,2,2,0,2.0,145.5778734639873,40.601400846269016,3.2777777777777772,0.3333333333333335,1,3,"[[0, 1, 2]]",0.7290781116502738,0.7290781116502738,0.0,4.0,4.0,0.4000000000000001,0.4000000000000001,0.8571428571428571,0.8571428571428571
full_bundle,simu5g_00000392,26.9,gnb_1,0|1|2|3,4,7,25,0.28,13,15,2,14.5,2,2,0,2.0,98.023361061613,18.778664043935635,3.1666666666666665,0.0,1,4,"[[0, 1, 2, 3]]",0.7290781116502738,0.7290781116502738,0.0,4.0,4.0,0.4,0.4,0.8571428571428571,0.8571428571428571
full_bundle,simu5g_00000393,26.9,gnb_2,4|5|6,3,7,25,0.28,11,15,4,13.333333333333334,2,2,0,2.0,145.26790656729744,41.05991015062504,3.2777777777777772,0.3333333333333335,1,3,"[[0, 1, 2]]",0.7290781116502738,0.7290781116502738,0.0,4.0,4.0,0.4000000000000001,0.4000000000000001,0.8571428571428571,0.8571428571428571
full_bundle,simu5g_00000394,27.0,gnb_1,0|1|2|3,4,7,25,0.28,13,15,2,14.5,2,2,0,2.0,98.19324163319938,20.04956262546105,3.1666666666666665,0.0,1,4,"[[0, 1, 2, 3]]",0.7290781116502738,0.7290781116502738,0.0,4.0,4.0,0.4,0.4,0.7142857142857143,0.7142857142857143
full_bundle,simu5g_00000395,27.0,gnb_2,4|5|6,3,7,25,0.28,13,15,2,14.0,2,2,0,2.0,144.95554308744863,41.51575027317078,3.222222222222222,0.16666666666666696,1,3,"[[0, 1, 2]]",0.7290781116502738,0.7290781116502738,0.0,4.0,4.0,0.4000000000000001,0.4000000000000001,0.8571428571428571,0.8571428571428571
full_bundle,simu5g_00000396,27.1,gnb_1,0|1|2|3,4,7,25,0.28,13,15,2,14.25,2,2,0,2.0,98.37971964502435,21.3122761211647,3.1666666666666665,0.0,1,4,"[[0, 1, 2, 3]]",0.7290781116502738,0.7290781116502738,0.0,4.0,4.0,0.4,0.4,0.8571428571428571,0.8571428571428571
full_bundle,simu5g_00000397,27.1,gnb_2,4|5|6,3,7,25,0.28,13,15,2,14.0,2,2,0,2.0,144.6408046386349,41.970482341342944,3.222222222222222,0.16666666666666696,1,3,"[[0, 1, 2]]",0.7290781116502738,0.7290781116502738,0.0,4.0,4.0,0.4000000000000001,0.4000000000000001,0.8571428571428571,0.8571428571428571
full_bundle,simu5g_00000398,27.2,gnb_1,0|1|2|3,4,7,25,0.28,14,15,1,14.25,2,2,0,2.0,98.58322743544704,22.566615160231393,3.1666666666666665,0.0,1,4,"[[0, 1, 2, 3]]",0.7290781116502738,0.7290781116502738,0.0,4.0,4.0,0.4,0.4,0.8571428571428571,0.8571428571428571
full_bundle,simu5g_00000399,27.2,gnb_2,4|5|6,3,7,25,0.28,13,15,2,14.0,2,2,0,2.0,144.32364657421567,42.42110757663026,3.222222222222222,0.16666666666666696,1,3,"[[0, 1, 2]]",0.7290781116502738,0.7290781116502738,0.0,4.0,4.0,0.4000000000000001,0.4000000000000001,0.8571428571428571,0.8571428571428571
full_bundle,simu5g_00000400,27.3,gnb_1,0|1|2|3,4,7,25,0.28,14,15,1,14.25,2,2,0,2.0,98.80362054943612,23.81122964093727,3.1666666666666665,0.0,1,4,"[[0, 1, 2, 3]]",0.7290781116502738,0.7290781116502738,0.0,4.0,4.0,0.4,0.4,0.8571428571428571,0.8571428571428571
full_bundle,simu5g_00000401,27.3,gnb_2,4|5|6,3,7,25,0.28,13,15,2,14.0,2,2,0,2.0,144.00416720015784,42.86958832334817,3.222222222222222,0.16666666666666696,1,3,"[[0, 1, 2]]",0.7290781116502738,0.7290781116502738,0.0,4.0,4.0,0.4000000000000001,0.4000000000000001,0.8571428571428571,0.8571428571428571
full_bundle,simu5g_00000402,27.4,gnb_1,0|1|2|3,4,7,25,0.28,14,15,1,14.5,2,2,0,2.0,99.03998869550249,25.044569827727727,3.1666666666666665,0.0,1,4,"[[0, 1, 2, 3]]",0.7290781116502738,0.7290781116502738,0.0,4.0,4.0,0.4,0.4,0.7142857142857143,0.7142857142857143
full_bundle,simu5g_00000403,27.4,gnb_2,4|5|6,3,7,25,0.28,13,15,2,13.666666666666666,2,2,0,2.0,143.68265639289234,43.314256707881896,3.277777777777778,0.16666666666666696,1,3,"[[0, 1, 2]]",0.7290781116502738,0.7290781116502738,0.0,4.0,4.0,0.4000000000000001,0.4000000000000001,0.8571428571428571,0.8571428571428571
full_bundle,simu5g_00000404,27.5,gnb_1,0|1|2|3,4,7,25,0.28,13,15,2,14.25,2,2,0,2.0,99.2934200942378,26.269372693785073,3.1666666666666665,0.0,1,4,"[[0, 1, 2, 3]]",0.7290781116502738,0.7290781116502738,0.0,4.0,4.0,0.4,0.4,0.8571428571428571,0.8571428571428571
full_bundle,simu5g_00000405,27.5,gnb_2,4|5|6,3,7,25,0.28,13,15,2,13.666666666666666,2,2,0,2.0,143.35912180859592,43.75523040764894,3.277777777777778,0.16666666666666696,1,3,"[[0, 1, 2]]",0.7290781116502738,0.7290781116502738,0.0,4.0,4.0,0.4000000000000001,0.4000000000000001,0.8571428571428571,0.8571428571428571
full_bundle,simu5g_00000406,27.6,gnb_1,0|1|2|3,4,7,25,0.28,13,15,2,14.25,2,2,0,2.0,99.56257207309552,27.481344031413727,3.1666666666666665,0.0,1,4,"[[0, 1, 2, 3]]",0.7290781116502738,0.7290781116502738,0.0,4.0,4.0,0.4,0.4,0.8571428571428571,0.8571428571428571
full_bundle,simu5g_00000407,27.6,gnb_2,4|5|6,3,7,25,0.28,13,15,2,13.666666666666666,2,2,0,2.0,143.03310235703404,44.1924244431861,3.277777777777778,0.16666666666666696,1,3,"[[0, 1, 2]]",0.7290781116502738,0.7290781116502738,0.0,4.0,4.0,0.4000000000000001,0.4000000000000001,0.8571428571428571,0.8571428571428571
full_bundle,simu5g_00000408,27.7,gnb_1,0|1|2|3,4,7,25,0.28,13,15,2,14.5,2,2,0,2.0,99.84840655223825,28.681866109910004,3.1666666666666665,0.0,1,4,"[[0, 1, 2, 3]]",0.7290781116502738,0.7290781116502738,0.0,4.0,4.0,0.4,0.4,0.8571428571428571,0.8571428571428571
full_bundle,simu5g_00000409,27.7,gnb_2,4|5|6,3,7,25,0.28,13,15,2,13.666666666666666,2,2,0,2.0,142.70644805322215,44.62026429805836,3.277777777777778,0.16666666666666696,1,3,"[[0, 1, 2]]",0.7290781116502738,0.7290781116502738,0.0,4.0,4.0,0.4000000000000001,0.4000000000000001,0.8571428571428571,0.8571428571428571
full_bundle,simu5g_00000410,27.8,gnb_1,0|1|2|3,4,7,25,0.28,12,15,3,14.25,2,2,0,2.0,100.15008273727086,29.869410735205477,3.2083333333333335,0.16666666666666696,1,4,"[[0, 1, 2, 3]]",0.7290781116502738,0.7290781116502738,0.0,4.0,4.0,0.4,0.4,0.8571428571428571,0.8571428571428571
full_bundle,simu5g_00000411,27.8,gnb_2,4|5|6,3,7,25,0.28,12,15,3,13.333333333333334,2,2,0,2.0,142.37925465111593,45.04092927853195,3.277777777777778,0.16666666666666696,1,3,"[[0, 1, 2]]",0.7290781116502738,0.7290781116502738,0.0,4.0,4.0,0.4000000000000001,0.4000000000000001,0.8571428571428571,0.8571428571428571
full_bundle,simu5g_00000412,27.9,gnb_1,0|1|2|3,4,7,25,0.28,12,15,3,14.25,2,2,0,2.0,100.46826254584501,31.046018534850973,3.2083333333333335,0.16666666666666696,1,4,"[[0, 1, 2, 3]]",0.7290781116502738,0.7290781116502738,0.0,4.0,4.0,0.4,0.4,0.8571428571428571,0.8571428571428571
full_bundle,simu5g_00000413,27.9,gnb_2,4|5|6,3,7,25,0.28,12,15,3,13.333333333333334,2,2,0,2.0,142.05120149800743,45.45432030723258,3.277777777777778,0.16666666666666696,1,3,"[[0, 1, 2]]",0.7290781116502738,0.7290781116502738,0.0,4.0,4.0,0.4000000000000001,0.4000000000000001,0.8571428571428571,0.8571428571428571
full_bundle,simu5g_00000414,28.0,gnb_1,0|1|2|3,4,7,25,0.28,12,15,3,14.25,2,2,0,2.0,100.80215557806284,32.20814740542819,3.2083333333333335,0.16666666666666696,1,4,"[[0, 1, 2, 3]]",0.7290781116502738,0.7290781116502738,0.0,4.0,4.0,0.4,0.4,0.8571428571428571,0.8571428571428571
full_bundle,simu5g_00000415,28.0,gnb_2,4|5|6,3,7,25,0.28,12,15,3,13.333333333333334,2,2,0,2.0,141.72244356771378,45.860214394672255,3.277777777777778,0.16666666666666696,1,3,"[[0, 1, 2]]",0.7290781116502738,0.7290781116502738,0.0,4.0,4.0,0.4000000000000001,0.4000000000000001,0.8571428571428571,0.8571428571428571
full_bundle,simu5g_00000416,28.1,gnb_1,0|1|2|3,4,7,25,0.28,14,15,1,14.75,2,2,0,2.0,100.70699383121202,31.578321216696622,3.1666666666666665,0.0,1,4,"[[0, 1, 2, 3]]",0.7290781116502738,0.7290781116502738,0.0,4.0,4.0,0.4,0.4,0.7142857142857143,0.7142857142857143
full_bundle,simu5g_00000417,28.1,gnb_2,4|5|6,3,7,25,0.28,12,15,3,13.333333333333334,2,2,0,2.0,141.39322001131484,46.25934441053185,3.277777777777778,0.16666666666666696,1,3,"[[0, 1, 2]]",0.7290781116502738,0.7290781116502738,0.0,4.0,4.0,0.4000000000000001,0.4000000000000001,0.8571428571428571,0.8571428571428571
full_bundle,simu5g_00000418,28.2,gnb_1,0|1|2|3,4,7,25,0.28,14,15,1,14.75,2,2,0,2.0,100.61186692687889,30.869649881317386,3.1666666666666665,0.0,1,4,"[[0, 1, 2, 3]]",0.7290781116502738,0.7290781116502738,0.0,4.0,4.0,0.4,0.4,0.7142857142857143,0.7142857142857143
full_bundle,simu5g_00000419,28.2,gnb_2,4|5|6,3,7,25,0.28,13,15,2,13.666666666666666,2,2,0,2.0,141.0635382676777,46.651036503924615,3.277777777777778,0.16666666666666696,1,3,"[[0, 1, 2]]",0.7290781116502738,0.7290781116502738,0.0,4.0,4.0,0.4000000000000001,0.4000000000000001,0.8571428571428571,0.8571428571428571
full_bundle,simu5g_00000420,28.3,gnb_1,0|1|2|3,4,7,25,0.28,14,15,1,14.75,2,2,0,2.0,100.53174565216389,30.145507875936474,3.1666666666666665,0.0,1,4,"[[0, 1, 2, 3]]",0.7290781116502738,0.7290781116502738,0.0,4.0,4.0,0.4,0.4,0.7142857142857143,0.7142857142857143
full_bundle,simu5g_00000421,28.3,gnb_2,4|5|6,3,7,25,0.28,13,15,2,13.666666666666666,2,2,0,2.0,140.73342009115592,47.03687822818257,3.277777777777778,0.16666666666666696,1,3,"[[0, 1, 2]]",0.7290781116502738,0.7290781116502738,0.0,4.0,4.0,0.4000000000000001,0.4000000000000001,0.8571428571428571,0.8571428571428571
full_bundle,simu5g_00000422,28.4,gnb_1,0|1|2|3,4,7,25,0.28,14,15,1,14.75,2,2,0,2.0,100.46769330828579,29.4077215926915,3.1666666666666665,0.0,1,4,"[[0, 1, 2, 3]]",0.7290781116502738,0.7290781116502738,0.0,4.0,4.0,0.4,0.4,0.7142857142857143,0.7142857142857143
full_bundle,simu5g_00000423,28.4,gnb_2,4|5|6,3,7,25,0.28,13,15,2,13.666666666666666,2,2,0,2.0,140.4030461920721,47.41455686748341,3.277777777777778,0.16666666666666696,1,3,"[[0, 1, 2]]",0.7290781116502738,0.7290781116502738,0.0,4.0,4.0,0.4000000000000001,0.4000000000000001,0.8571428571428571,0.8571428571428571
full_bundle,simu5g_00000424,28.5,gnb_1,0|1|2|3,4,7,25,0.28,14,15,1,14.75,2,2,0,2.0,100.41919995649708,28.655434990637247,3.1666666666666665,0.0,1,4,"[[0, 1, 2, 3]]",0.7290781116502738,0.7290781116502738,0.0,4.0,4.0,0.4,0.4,0.7142857142857143,0.7142857142857143
full_bundle,simu5g_00000425,28.5,gnb_2,4|5|6,3,7,25,0.28,13,15,2,13.666666666666666,2,2,0,2.0,140.07223175185348,47.78612953429115,3.277777777777778,0.16666666666666696,1,3,"[[0, 1, 2]]",0.7290781116502738,0.7290781116502738,0.0,4.0,4.0,0.4000000000000001,0.4000000000000001,0.8571428571428571,0.8571428571428571
full_bundle,simu5g_00000426,28.6,gnb_1,0|1|2|3,4,7,25,0.28,14,15,1,14.75,2,2,0,2.0,100.38593591158441,27.88686864281189,3.1666666666666665,0.0,1,4,"[[0, 1, 2, 3]]",0.7290781116502738,0.7290781116502738,0.0,4.0,4.0,0.4,0.4,0.7142857142857143,0.7142857142857143
full_bundle,simu5g_00000427,28.6,gnb_2,4|5|6,3,7,25,0.28,13,15,2,14.0,2,2,0,2.0,139.74104556044657,48.14976971432043,3.222222222222222,0.16666666666666696,1,3,"[[0, 1, 2]]",0.7290781116502738,0.7290781116502738,0.0,4.0,4.0,0.4000000000000001,0.4000000000000001,0.8571428571428571,0.8571428571428571
full_bundle,simu5g_00000428,28.7,gnb_1,0|1|2|3,4,7,25,0.28,13,15,2,14.5,2,2,0,2.0,100.36825419820187,27.10437265407853,3.1666666666666665,0.0,1,4,"[[0, 1, 2, 3]]",0.7290781116502738,0.7290781116502738,0.0,4.0,4.0,0.4,0.4,0.7142857142857143,0.7142857142857143
full_bundle,simu5g_00000429,28.7,gnb_2,4|5|6,3,7,25,0.28,13,15,2,14.0,2,2,0,2.0,139.40917261723504,48.50661875531273,3.222222222222222,0.16666666666666696,1,3,"[[0, 1, 2]]",0.7290781116502738,0.7290781116502738,0.0,4.0,4.0,0.4000000000000001,0.4000000000000001,0.8571428571428571,0.8571428571428571
full_bundle,simu5g_00000430,28.8,gnb_1,0|1|2|3,4,7,25,0.28,13,15,2,14.5,2,2,0,2.0,100.36582003939685,26.306608682913236,3.1666666666666665,0.0,1,4,"[[0, 1, 2, 3]]",0.7290781116502738,0.7290781116502738,0.0,4.0,4.0,0.4,0.4,0.7142857142857143,0.7142857142857143
full_bundle,simu5g_00000431,28.8,gnb_2,4|5|6,3,7,25,0.28,12,15,3,13.666666666666666,2,2,0,2.0,139.07740272863563,48.8534338669178,3.2777777777777772,0.3333333333333335,1,3,"[[0, 1, 2]]",0.7290781116502738,0.7290781116502738,0.0,4.0,4.0,0.4000000000000001,0.4000000000000001,0.8571428571428571,0.8571428571428571
full_bundle,simu5g_00000432,28.9,gnb_1,0|1|2|3,4,7,25,0.28,14,15,1,14.75,2,2,0,2.0,100.37894188571073,25.495143688730906,3.1666666666666665,0.0,1,4,"[[0, 1, 2, 3]]",0.7290781116502738,0.7290781116502738,0.0,4.0,4.0,0.4,0.4,0.7142857142857143,0.7142857142857143
full_bundle,simu5g_00000433,28.9,gnb_2,4|5|6,3,7,25,0.28,12,14,2,13.333333333333334,2,2,0,2.0,138.7452567200717,49.19258142662744,3.2777777777777772,0.3333333333333335,1,3,"[[0, 1, 2]]",0.7290781116502738,0.7290781116502738,0.0,4.0,4.0,0.4000000000000001,0.4000000000000001,0.8571428571428571,0.8571428571428571
full_bundle,simu5g_00000434,29.0,gnb_1,0|1|2|3,4,7,25,0.28,13,15,2,14.25,2,2,0,2.0,100.40774277607771,24.669581261193755,3.1666666666666665,0.0,1,4,"[[0, 1, 2, 3]]",0.7290781116502738,0.7290781116502738,0.0,4.0,4.0,0.4,0.4,0.8571428571428571,0.8571428571428571
full_bundle,simu5g_00000435,29.0,gnb_2,4|5|6,3,7,25,0.28,12,14,2,13.0,2,2,0,2.0,138.41329206707118,49.523114404751865,3.3333333333333335,0.3333333333333335,1,3,"[[0, 1, 2]]",0.7290781116502738,0.7290781116502738,0.0,4.0,4.0,0.4000000000000001,0.4000000000000001,0.8571428571428571,0.8571428571428571
full_bundle,simu5g_00000436,29.1,gnb_1,0|1|2|3,4,7,25,0.28,13,15,2,14.25,2,2,0,2.0,100.45187504885173,24.141368410786598,3.1666666666666665,0.0,1,4,"[[0, 1, 2, 3]]",0.7290781116502738,0.7290781116502738,0.0,4.0,4.0,0.4,0.4,0.8571428571428571,0.8571428571428571
full_bundle,simu5g_00000437,29.1,gnb_2,4|5|6,3,7,25,0.28,12,14,2,13.0,2,2,0,2.0,138.08081422296644,49.84752597904871,3.3333333333333335,0.3333333333333335,1,3,"[[0, 1, 2]]",0.7290781116502738,0.7290781116502738,0.0,4.0,4.0,0.4000000000000001,0.4000000000000001,0.8571428571428571,0.8571428571428571
full_bundle,simu5g_00000438,29.2,gnb_1,0|1|2|3,4,7,25,0.28,13,15,2,14.5,2,2,0,2.0,100.51144290858001,25.116214630155866,3.1666666666666665,0.0,1,4,"[[0, 1, 2, 3]]",0.7290781116502738,0.7290781116502738,0.0,4.0,4.0,0.4,0.4,0.7142857142857143,0.7142857142857143
full_bundle,simu5g_00000439,29.2,gnb_2,4|5|6,3,7,25,0.28,12,14,2,13.0,2,2,0,2.0,137.747845478068,50.16258553585767,3.3333333333333335,0.3333333333333335,1,3,"[[0, 1, 2]]",0.7290781116502738,0.7290781116502738,0.0,4.0,4.0,0.4000000000000001,0.4000000000000001,0.8571428571428571,0.8571428571428571
full_bundle,simu5g_00000440,29.3,gnb_1,0|1|2|3,4,7,25,0.28,14,15,1,14.75,2,2,0,2.0,100.58620547321516,26.078514399827128,3.1666666666666665,0.0,1,4,"[[0, 1, 2, 3]]",0.7290781116502738,0.7290781116502738,0.0,4.0,4.0,0.4,0.4,0.7142857142857143,0.7142857142857143
full_bundle,simu5g_00000441,29.3,gnb_2,4|5|6,3,7,25,0.28,12,14,2,13.0,2,2,0,2.0,137.41408427177316,50.46948004896143,3.3333333333333335,0.3333333333333335,1,3,"[[0, 1, 2]]",0.7290781116502738,0.7290781116502738,0.0,4.0,4.0,0.4000000000000001,0.4000000000000001,0.8571428571428571,0.8571428571428571
full_bundle,simu5g_00000442,29.4,gnb_1,0|1|2|3,4,7,25,0.28,14,15,1,14.75,2,2,0,2.0,100.67615498385977,27.02951415526492,3.1666666666666665,0.0,1,4,"[[0, 1, 2, 3]]",0.7290781116502738,0.7290781116502738,0.0,4.0,4.0,0.4,0.4,0.7142857142857143,0.7142857142857143
full_bundle,simu5g_00000443,29.4,gnb_2,4|5|6,3,7,25,0.28,13,14,1,13.666666666666666,2,2,0,2.0,137.08008064110226,50.76718699746374,3.222222222222222,0.16666666666666696,1,3,"[[0, 1, 2]]",0.7290781116502738,0.7290781116502738,0.0,4.0,4.0,0.4000000000000001,0.4000000000000001,0.8571428571428571,0.8571428571428571
full_bundle,simu5g_00000444,29.5,gnb_1,0|1|2|3,4,7,25,0.28,14,15,1,14.75,2,2,0,2.0,100.78207948422659,27.969997531654272,3.1666666666666665,0.0,1,4,"[[0, 1, 2, 3]]",0.7290781116502738,0.7290781116502738,0.0,4.0,4.0,0.4,0.4,0.7142857142857143,0.7142857142857143
full_bundle,simu5g_00000445,29.5,gnb_2,4|5|6,3,7,25,0.28,13,14,1,13.666666666666666,2,2,0,2.0,136.74593740907335,51.05521524162681,3.222222222222222,0.16666666666666696,1,3,"[[0, 1, 2]]",0.7290781116502738,0.7290781116502738,0.0,4.0,4.0,0.4000000000000001,0.4000000000000001,0.8571428571428571,0.8571428571428571
full_bundle,simu5g_00000446,29.6,gnb_1,0|1|2|3,4,7,25,0.28,14,15,1,14.75,2,2,0,2.0,100.90316083650075,28.897599047260613,3.1666666666666665,0.0,1,4,"[[0, 1, 2, 3]]",0.7290781116502738,0.7290781116502738,0.0,4.0,4.0,0.4,0.4,0.7142857142857143,0.7142857142857143
full_bundle,simu5g_00000447,29.6,gnb_2,4|5|6,3,7,25,0.28,13,14,1,13.666666666666666,2,2,0,2.0,136.4114048425405,51.33553186486246,3.222222222222222,0.16666666666666696,1,3,"[[0, 1, 2]]",0.7290781116502738,0.7290781116502738,0.0,4.0,4.0,0.4000000000000001,0.4000000000000001,0.8571428571428571,0.8571428571428571
full_bundle,simu5g_00000448,29.7,gnb_1,0|1|2|3,4,7,25,0.28,14,15,1,14.75,2,2,0,2.0,101.03909996381599,29.81258942492778,3.1666666666666665,0.0,1,4,"[[0, 1, 2, 3]]",0.7290781116502738,0.7290781116502738,0.0,4.0,4.0,0.4,0.4,0.7142857142857143,0.7142857142857143
full_bundle,simu5g_00000449,29.7,gnb_2,4|5|6,3,7,25,0.28,13,14,1,13.666666666666666,2,2,0,2.0,136.0768581117082,51.608615183245874,3.222222222222222,0.16666666666666696,1,3,"[[0, 1, 2]]",0.7290781116502738,0.7290781116502738,0.0,4.0,4.0,0.4000000000000001,0.4000000000000001,0.8571428571428571,0.8571428571428571
full_bundle,simu5g_00000450,29.8,gnb_1,0|1|2|3,4,7,25,0.28,14,15,1,14.75,2,2,0,2.0,101.18991877995983,30.713450977013665,3.1666666666666665,0.0,1,4,"[[0, 1, 2, 3]]",0.7290781116502738,0.7290781116502738,0.0,4.0,4.0,0.4,0.4,0.7142857142857143,0.7142857142857143
full_bundle,simu5g_00000451,29.8,gnb_2,4|5|6,3,7,25,0.28,13,14,1,13.666666666666666,2,2,0,2.0,135.7427384278225,51.872212419592714,3.222222222222222,0.16666666666666696,1,3,"[[0, 1, 2]]",0.7290781116502738,0.7290781116502738,0.0,4.0,4.0,0.4000000000000001,0.4000000000000001,0.8571428571428571,0.8571428571428571
full_bundle,simu5g_00000452,29.9,gnb_1,0|1|2|3,4,7,25,0.28,14,15,1,14.75,2,2,0,2.0,101.3563042240438,31.602551056429377,3.1666666666666665,0.0,1,4,"[[0, 1, 2, 3]]",0.7290781116502738,0.7290781116502738,0.0,4.0,4.0,0.4,0.4,0.7142857142857143,0.7142857142857143
full_bundle,simu5g_00000453,29.9,gnb_2,4|5|6,3,7,25,0.28,13,14,1,13.666666666666666,2,2,0,2.0,135.40862339085086,52.127778765414476,3.222222222222222,0.16666666666666696,1,3,"[[0, 1, 2]]",0.7290781116502738,0.7290781116502738,0.0,4.0,4.0,0.4000000000000001,0.4000000000000001,0.8571428571428571,0.8571428571428571
full_bundle,simu5g_00000454,30.0,gnb_1,0|1|2|3,4,7,25,0.28,14,15,1,14.75,2,2,0,2.0,101.53698676914755,32.47676892718455,3.1666666666666665,0.0,1,4,"[[0, 1, 2, 3]]",0.7290781116502738,0.7290781116502738,0.0,4.0,4.0,0.4,0.4,0.7142857142857143,0.7142857142857143
full_bundle,simu5g_00000455,30.0,gnb_2,4|5|6,3,7,25,0.28,11,14,3,12.0,2,2,0,2.0,135.0739620241353,52.37482813784115,3.388888888888889,0.3333333333333335,1,3,"[[0, 1, 2]]",0.7290781116502738,0.7290781116502738,0.0,4.0,4.0,0.4000000000000001,0.4000000000000001,1.0,1.0
full_bundle,simu5g_00000456,30.1,gnb_1,0|1|2|3,4,7,25,0.28,14,15,1,14.75,2,2,0,2.0,101.73318182859043,33.33880464847077,3.1666666666666665,0.0,1,4,"[[0, 1, 2, 3]]",0.7290781116502738,0.7290781116502738,0.0,4.0,4.0,0.4,0.4,0.7142857142857143,0.7142857142857143
full_bundle,simu5g_00000457,30.1,gnb_2,4|5|6,3,7,25,0.28,11,14,3,12.0,2,2,0,2.0,134.7392299059656,52.614194712059685,3.388888888888889,0.3333333333333335,1,3,"[[0, 1, 2]]",0.7290781116502738,0.7290781116502738,0.0,4.0,4.0,0.4000000000000001,0.4000000000000001,1.0,1.0
full_bundle,simu5g_00000458,30.2,gnb_1,0|1|2|3,4,7,25,0.28,15,15,0,15.0,2,2,0,2.0,101.94370210168529,34.186609831929786,3.1666666666666665,0.0,1,4,"[[0, 1, 2, 3]]",0.7290781116502738,0.7290781116502738,0.0,4.0,4.0,0.4,0.4,0.7142857142857143,0.7142857142857143
full_bundle,simu5g_00000459,30.2,gnb_2,4|5|6,3,7,25,0.28,11,14,3,12.333333333333334,2,2,0,2.0,134.40479325570183,52.84459601412459,3.388888888888889,0.3333333333333335,1,3,"[[0, 1, 2]]",0.7290781116502738,0.7290781116502738,0.0,4.0,4.0,0.4000000000000001,0.4000000000000001,1.0,1.0
full_bundle,simu5g_00000460,30.3,gnb_1,0|1|2|3,4,7,25,0.28,15,15,0,15.0,2,2,0,2.0,102.17006559583933,35.022511793624545,3.1666666666666665,0.0,1,4,"[[0, 1, 2, 3]]",0.7290781116502738,0.7290781116502738,0.0,4.0,4.0,0.4,0.4,0.7142857142857143,0.7142857142857143
full_bundle,simu5g_00000461,30.3,gnb_2,4|5|6,3,7,25,0.28,11,15,4,12.666666666666666,2,2,0,2.0,134.0704445718304,53.06636407505623,3.388888888888889,0.3333333333333335,1,3,"[[0, 1, 2]]",0.7290781116502738,0.7290781116502738,0.0,4.0,4.0,0.4000000000000001,0.4000000000000001,1.0,1.0
full_bundle,simu5g_00000462,30.4,gnb_1,0|1|2|3,4,7,25,0.28,15,15,0,15.0,2,2,0,2.0,102.4110844991548,35.84544259811388,3.1666666666666665,0.0,1,4,"[[0, 1, 2, 3]]",0.7290781116502738,0.7290781116502738,0.0,4.0,4.0,0.4,0.4,0.7142857142857143,0.7142857142857143
full_bundle,simu5g_00000463,30.4,gnb_2,4|5|6,3,7,25,0.28,12,15,3,13.666666666666666,2,2,0,2.0,133.73665215407075,53.27910377925312,3.2777777777777772,0.3333333333333335,1,3,"[[0, 1, 2]]",0.7290781116502738,0.7290781116502738,0.0,4.0,4.0,0.4000000000000001,0.4000000000000001,0.8571428571428571,0.8571428571428571
full_bundle,simu5g_00000464,30.5,gnb_1,1|2|3,3,7,25,0.28,14,15,1,14.666666666666666,2,2,0,2.0,95.06572087547117,10.785160437701194,3.1666666666666665,0.0,1,3,"[[0, 1, 2]]",0.7290781116502738,0.7290781116502738,0.0,4.0,4.0,0.4000000000000001,0.4000000000000001,0.7142857142857143,0.7142857142857143
full_bundle,simu5g_00000465,30.5,gnb_2,4|5|6|7,4,7,25,0.28,12,15,3,13.75,1,2,1,1.75,141.29208730750852,60.36835111397423,3.2499999999999996,0.3333333333333335,1,4,"[[0, 1, 2, 3]]",0.7040781116502738,0.7040781116502739,-1.1102230246251565e-16,4.0,4.0,0.45000000000000007,0.45000000000000007,0.8571428571428571,0.8571428571428571
full_bundle,simu5g_00000466,30.6,gnb_1,1|2|3,3,7,25,0.28,14,15,1,14.666666666666666,2,2,0,2.0,95.05045927217299,9.777068961307421,3.1666666666666665,0.0,1,3,"[[0, 1, 2]]",0.7290781116502738,0.7290781116502738,0.0,4.0,4.0,0.4000000000000001,0.4000000000000001,0.7142857142857143,0.7142857142857143
full_bundle,simu5g_00000467,30.6,gnb_2,4|5|6|7,4,7,25,0.28,11,15,4,13.5,1,2,1,1.75,141.03082408176877,60.71609046093124,3.2499999999999996,0.3333333333333335,1,4,"[[0, 1, 2, 3]]",0.7040781116502738,0.7040781116502739,-1.1102230246251565e-16,4.0,4.0,0.45000000000000007,0.45000000000000007,0.8571428571428571,0.8571428571428571
full_bundle,simu5g_00000468,30.7,gnb_1,1|2|3,3,7,25,0.28,14,15,1,14.666666666666666,2,2,0,2.0,95.05186890203352,8.76173827687525,3.1666666666666665,0.0,1,3,"[[0, 1, 2]]",0.7290781116502738,0.7290781116502738,0.0,4.0,4.0,0.4000000000000001,0.4000000000000001,0.7142857142857143,0.7142857142857143
full_bundle,simu5g_00000469,30.7,gnb_2,4|5|6|7,4,7,25,0.28,11,15,4,13.5,1,2,1,1.75,140.76748029074625,61.04947614905615,3.2499999999999996,0.3333333333333335,1,4,"[[0, 1, 2, 3]]",0.7040781116502738,0.7040781116502739,-1.1102230246251565e-16,4.0,4.0,0.45000000000000007,0.45000000000000007,0.8571428571428571,0.8571428571428571
full_bundle,simu5g_00000470,30.8,gnb_1,1|2|3,3,7,25,0.28,14,15,1,14.333333333333334,2,2,0,2.0,95.06937016712625,7.848182331547704,3.1666666666666665,0.0,1,3,"[[0, 1, 2]]",0.7290781116502738,0.7290781116502738,0.0,4.0,4.0,0.4000000000000001,0.4000000000000001,0.7142857142857143,0.7142857142857143
full_bundle,simu5g_00000471,30.8,gnb_2,4|5|6|7,4,7,25,0.28,11,15,4,13.5,1,2,1,1.75,140.50215613798065,61.369331192694915,3.2499999999999996,0.3333333333333335,1,4,"[[0, 1, 2, 3]]",0.7040781116502738,0.7040781116502739,-1.1102230246251565e-16,4.0,4.0,0.45000000000000007,0.45000000000000007,0.8571428571428571,0.8571428571428571
full_bundle,simu5g_00000472,30.9,gnb_1,1|2|3,3,7,25,0.28,14,15,1,14.333333333333334,2,2,0,2.0,95.10389869245682,7.787053624339819,3.1666666666666665,0.0,1,3,"[[0, 1, 2]]",0.7290781116502738,0.7290781116502738,0.0,4.0,4.0,0.4000000000000001,0.4000000000000001,0.7142857142857143,0.7142857142857143
full_bundle,simu5g_00000473,30.9,gnb_2,4|5|6|7,4,7,25,0.28,11,15,4,13.5,2,2,0,2.0,140.23573978046932,61.67705796607859,3.2499999999999996,0.3333333333333335,1,4,"[[0, 1, 2, 3]]",0.7290781116502738,0.7290781116502738,0.0,4.0,4.0,0.4,0.4,0.8571428571428571,0.8571428571428571
full_bundle,simu5g_00000474,31.0,gnb_1,1|2|3|4,4,7,25,0.28,10,15,5,13.25,2,2,0,2.0,97.03675406560112,11.995173777604037,3.375,0.8333333333333335,1,4,"[[0, 1, 2, 3]]",0.7290781116502738,0.7290781116502738,0.0,4.0,4.0,0.4,0.4,1.0,1.0
full_bundle,simu5g_00000475,31.0,gnb_2,5|6|7,3,7,25,0.28,14,14,0,14.0,2,2,0,2.0,152.3957524508646,29.18717396669041,3.1666666666666665,0.0,1,3,"[[0, 1, 2]]",0.7290781116502738,0.7290781116502738,0.0,4.0,4.0,0.4000000000000001,0.4000000000000001,0.8571428571428571,0.8571428571428571
full_bundle,simu5g_00000476,31.1,gnb_1,1|2|3|4,4,7,25,0.28,10,15,5,13.5,2,2,0,2.0,96.99605036210068,11.192106423366198,3.375,0.8333333333333335,1,4,"[[0, 1, 2, 3]]",0.7290781116502738,0.7290781116502738,0.0,4.0,4.0,0.4,0.4,1.0,1.0
full_bundle,simu5g_00000477,31.1,gnb_2,5|6|7,3,7,25,0.28,14,14,0,14.0,2,2,0,2.0,152.1582385933732,29.52723386659099,3.1666666666666665,0.0,1,3,"[[0, 1, 2]]",0.7290781116502738,0.7290781116502738,0.0,4.0,4.0,0.4000000000000001,0.4000000000000001,0.8571428571428571,0.8571428571428571
full_bundle,simu5g_00000478,31.2,gnb_1,1|2|3|4,4,7,25,0.28,10,15,5,13.5,2,2,0,2.0,96.96945690523596,10.375025874592112,3.375,0.8333333333333335,1,4,"[[0, 1, 2, 3]]",0.7290781116502738,0.7290781116502738,0.0,4.0,4.0,0.4,0.4,1.0,1.0
full_bundle,simu5g_00000479,31.2,gnb_2,5|6|7,3,7,25,0.28,14,14,0,14.0,2,2,0,2.0,151.91691792640503,29.863501278513667,3.1666666666666665,0.0,1,3,"[[0, 1, 2]]",0.7290781116502738,0.7290781116502738,0.0,4.0,4.0,0.4000000000000001,0.4000000000000001,0.8571428571428571,0.8571428571428571
full_bundle,simu5g_00000480,31.3,gnb_1,1|2|3|4,4,7,25,0.28,10,15,5,13.5,2,2,0,2.0,96.95645471782343,9.543919854565544,3.375,0.8333333333333335,1,4,"[[0, 1, 2, 3]]",0.7290781116502738,0.7290781116502738,0.0,4.0,4.0,0.4,0.4,1.0,1.0
full_bundle,simu5g_00000481,31.3,gnb_2,5|6|7,3,7,25,0.28,14,14,0,14.0,2,2,0,2.0,151.67113638074173,30.194279712145516,3.1666666666666665,0.0,1,3,"[[0, 1, 2]]",0.7290781116502738,0.7290781116502738,0.0,4.0,4.0,0.4000000000000001,0.4000000000000001,0.8571428571428571,0.8571428571428571
full_bundle,simu5g_00000482,31.4,gnb_1,1|2|3|4,4,7,25,0.28,9,15,6,13.25,2,2,0,2.0,96.95750301471779,8.697973849055685,3.375,0.8333333333333335,1,4,"[[0, 1, 2, 3]]",0.7290781116502738,0.7290781116502738,0.0,4.0,4.0,0.4,0.4,1.0,1.0
full_bundle,simu5g_00000483,31.4,gnb_2,5|6|7,3,7,25,0.28,14,14,0,14.0,2,2,0,2.0,151.4213511142108,30.51952894965322,3.1666666666666665,0.0,1,3,"[[0, 1, 2]]",0.7290781116502738,0.7290781116502738,0.0,4.0,4.0,0.4000000000000001,0.4000000000000001,0.8571428571428571,0.8571428571428571
full_bundle,simu5g_00000484,31.5,gnb_1,1|2|3|4,4,7,25,0.28,10,15,5,13.5,1,2,1,1.75,96.97180092143776,7.838667872632939,3.375,0.8333333333333335,1,4,"[[0, 1, 2, 3]]",0.7040781116502739,0.7040781116502739,0.0,4.0,4.0,0.45000000000000007,0.45000000000000007,1.0,1.0
full_bundle,simu5g_00000485,31.5,gnb_2,5|6|7,3,7,25,0.28,14,14,0,14.0,2,2,0,2.0,151.1681122913585,30.839992822999875,3.1666666666666665,0.0,1,3,"[[0, 1, 2]]",0.7290781116502738,0.7290781116502738,0.0,4.0,4.0,0.4000000000000001,0.4000000000000001,0.8571428571428571,0.8571428571428571
full_bundle,simu5g_00000486,31.6,gnb_1,1|2|3|4,4,7,25,0.28,10,15,5,13.5,1,2,1,1.75,97.00005569498114,7.706745380384774,3.375,0.8333333333333335,1,4,"[[0, 1, 2, 3]]",0.7040781116502739,0.7040781116502739,0.0,4.0,4.0,0.45000000000000007,0.45000000000000007,1.0,1.0
full_bundle,simu5g_00000487,31.6,gnb_2,5|6|7,3,7,25,0.28,13,14,1,13.666666666666666,2,2,0,2.0,150.9108781189202,31.156562326658957,3.222222222222222,0.16666666666666696,1,3,"[[0, 1, 2]]",0.7290781116502738,0.7290781116502738,0.0,4.0,4.0,0.4000000000000001,0.4000000000000001,0.8571428571428571,0.8571428571428571
full_bundle,simu5g_00000488,31.7,gnb_1,1|2|3|4,4,7,25,0.28,10,15,5,13.5,1,2,1,1.75,97.04193692058575,8.627999515267263,3.375,0.8333333333333335,1,4,"[[0, 1, 2, 3]]",0.7040781116502739,0.7040781116502739,0.0,4.0,4.0,0.45000000000000007,0.45000000000000007,1.0,1.0
full_bundle,simu5g_00000489,31.7,gnb_2,5|6|7,3,7,25,0.28,13,14,1,13.666666666666666,2,2,0,2.0,150.64977262337564,31.468046482344334,3.222222222222222,0.16666666666666696,1,3,"[[0, 1, 2]]",0.7290781116502738,0.7290781116502738,0.0,4.0,4.0,0.4000000000000001,0.4000000000000001,0.8571428571428571,0.8571428571428571
full_bundle,simu5g_00000490,31.8,gnb_1,1|2|3|4,4,7,25,0.28,9,15,6,13.25,1,2,1,1.75,97.09742991671733,9.542253726635963,3.375,0.8333333333333335,1,4,"[[0, 1, 2, 3]]",0.7040781116502739,0.7040781116502739,0.0,4.0,4.0,0.45000000000000007,0.45000000000000007,1.0,1.0
full_bundle,simu5g_00000491,31.8,gnb_2,5|6|7,3,7,25,0.28,13,14,1,13.666666666666666,2,2,0,2.0,150.38494294321745,31.776554752534764,3.222222222222222,0.16666666666666696,1,3,"[[0, 1, 2]]",0.7290781116502738,0.7290781116502738,0.0,4.0,4.0,0.4000000000000001,0.4000000000000001,0.8571428571428571,0.8571428571428571
full_bundle,simu5g_00000492,31.9,gnb_1,1|2|3|4,4,7,25,0.28,9,15,6,13.25,1,2,1,1.75,97.16605137293918,10.448503638200378,3.375,0.8333333333333335,1,4,"[[0, 1, 2, 3]]",0.7040781116502739,0.7040781116502739,0.0,4.0,4.0,0.45000000000000007,0.45000000000000007,1.0,1.0
full_bundle,simu5g_00000493,31.9,gnb_2,5|6|7,3,7,25,0.28,13,14,1,13.666666666666666,2,2,0,2.0,150.1164069906832,32.08131937145896,3.222222222222222,0.16666666666666696,1,3,"[[0, 1, 2]]",0.7290781116502738,0.7290781116502738,0.0,4.0,4.0,0.4000000000000001,0.4000000000000001,0.8571428571428571,0.8571428571428571
full_bundle,simu5g_00000494,32.0,gnb_1,1|2|3,3,7,25,0.28,14,15,1,14.666666666666666,2,2,0,2.0,96.5476748275006,11.34535164223692,3.1666666666666665,0.0,1,3,"[[0, 1, 2]]",0.7290781116502738,0.7290781116502738,0.0,4.0,4.0,0.4000000000000001,0.4000000000000001,0.7142857142857143,0.7142857142857143
full_bundle,simu5g_00000495,32.0,gnb_2,4|5|6|7,4,7,25,0.28,13,14,1,13.75,1,2,1,1.75,137.22046002793923,64.2149031563796,3.208333333333333,0.16666666666666696,1,4,"[[0, 1, 2, 3]]",0.7040781116502738,0.7040781116502738,0.0,4.0,4.0,0.44999999999999996,0.44999999999999996,0.8571428571428571,0.8571428571428571
full_bundle,simu5g_00000496,32.1,gnb_1,1|2|3,3,7,25,0.28,14,15,1,14.666666666666666,2,2,0,2.0,96.7745014193235,12.2331422664235,3.1666666666666665,0.0,1,3,"[[0, 1, 2]]",0.7290781116502738,0.7290781116502738,0.0,4.0,4.0,0.4000000000000001,0.4000000000000001,0.7142857142857143,0.7142857142857143
full_bundle,simu5g_00000497,32.1,gnb_2,4|5|6|7,4,7,25,0.28,13,14,1,13.75,2,2,0,2.0,136.9392612278824,64.36819322712388,3.208333333333333,0.16666666666666696,1,4,"[[0, 1, 2, 3]]",0.7290781116502738,0.7290781116502738,0.0,4.0,4.0,0.4,0.4,0.8571428571428571,0.8571428571428571
full_bundle,simu5g_00000498,32.2,gnb_1,1|2|3,3,7,25,0.28,14,15,1,14.666666666666666,2,2,0,2.0,97.01720921828884,13.112093214975701,3.1666666666666665,0.0,1,3,"[[0, 1, 2]]",0.7290781116502738,0.7290781116502738,0.0,4.0,4.0,0.4000000000000001,0.4000000000000001,0.7142857142857143,0.7142857142857143
full_bundle,simu5g_00000499,32.2,gnb_2,4|5|6|7,4,7,25,0.28,13,14,1,13.75,2,2,0,2.0,136.65701040597787,64.50803090993342,3.208333333333333,0.16666666666666696,1,4,"[[0, 1, 2, 3]]",0.7290781116502738,0.7290781116502738,0.0,4.0,4.0,0.4,0.4,0.8571428571428571,0.8571428571428571
full_bundle,simu5g_00000500,32.3,gnb_1,1|2|3,3,7,25,0.28,15,15,0,15.0,2,2,0,2.0,97.27548689729446,13.97984337062438,3.1666666666666665,0.0,1,3,"[[0, 1, 2]]",0.7290781116502738,0.7290781116502738,0.0,4.0,4.0,0.4000000000000001,0.4000000000000001,0.7142857142857143,0.7142857142857143
full_bundle,simu5g_00000501,32.3,gnb_2,4|5|6|7,4,7,25,0.28,13,14,1,13.75,2,2,0,2.0,136.37319814172895,64.63422901077536,3.208333333333333,0.16666666666666696,1,4,"[[0, 1, 2, 3]]",0.7290781116502738,0.7290781116502738,0.0,4.0,4.0,0.4,0.4,0.8571428571428571,0.8571428571428571
full_bundle,simu5g_00000502,32.4,gnb_1,1|2|3,3,7,25,0.28,15,15,0,15.0,2,2,0,2.0,97.54921604086225,14.837889701398936,3.1666666666666665,0.0,1,3,"[[0, 1, 2]]",0.7290781116502738,0.7290781116502738,0.0,4.0,4.0,0.4000000000000001,0.4000000000000001,0.7142857142857143,0.7142857142857143
full_bundle,simu5g_00000503,32.4,gnb_2,4|5|6|7,4,7,25,0.28,13,14,1,13.75,2,2,0,2.0,136.08872313604965,64.74630523379965,3.208333333333333,0.16666666666666696,1,4,"[[0, 1, 2, 3]]",0.7290781116502738,0.7290781116502738,0.0,4.0,4.0,0.4,0.4,0.8571428571428571,0.8571428571428571
full_bundle,simu5g_00000504,32.5,gnb_1,1|2|3,3,7,25,0.28,15,15,0,15.0,2,2,0,2.0,97.83831259646892,15.686470310738969,3.1666666666666665,0.0,1,3,"[[0, 1, 2]]",0.7290781116502738,0.7290781116502738,0.0,4.0,4.0,0.4000000000000001,0.4000000000000001,0.7142857142857143,0.7142857142857143
full_bundle,simu5g_00000505,32.5,gnb_2,4|5|6|7,4,7,25,0.28,13,14,1,13.75,2,2,0,2.0,135.80298951762188,64.84405591080407,3.208333333333333,0.16666666666666696,1,4,"[[0, 1, 2, 3]]",0.7290781116502738,0.7290781116502738,0.0,4.0,4.0,0.4,0.4,0.8571428571428571,0.8571428571428571
full_bundle,simu5g_00000506,32.6,gnb_1,1|2|3,3,7,25,0.28,14,15,1,14.666666666666666,2,2,0,2.0,98.14312665489548,16.52369848723096,3.1666666666666665,0.0,1,3,"[[0, 1, 2]]",0.7290781116502738,0.7290781116502738,0.0,4.0,4.0,0.4000000000000001,0.4000000000000001,0.7142857142857143,0.7142857142857143
full_bundle,simu5g_00000507,32.6,gnb_2,4|5|6|7,4,7,25,0.28,13,14,1,13.75,2,2,0,2.0,135.5158384991577,64.9270112520678,3.208333333333333,0.16666666666666696,1,4,"[[0, 1, 2, 3]]",0.7290781116502738,0.7290781116502738,0.0,4.0,4.0,0.4,0.4,0.8571428571428571,0.8571428571428571
full_bundle,simu5g_00000508,32.7,gnb_1,1|2|3,3,7,25,0.28,14,15,1,14.666666666666666,2,2,0,2.0,98.46289986418044,17.349022796048175,3.1666666666666665,0.0,1,3,"[[0, 1, 2]]",0.7290781116502738,0.7290781116502738,0.0,4.0,4.0,0.4000000000000001,0.4000000000000001,0.7142857142857143,0.7142857142857143
full_bundle,simu5g_00000509,32.7,gnb_2,4|5|6|7,4,7,25,0.28,13,14,1,13.75,2,2,0,2.0,135.22784899008536,64.99540874968598,3.208333333333333,0.16666666666666696,1,4,"[[0, 1, 2, 3]]",0.7290781116502738,0.7290781116502738,0.0,4.0,4.0,0.4,0.4,0.8571428571428571,0.8571428571428571
full_bundle,simu5g_00000510,32.8,gnb_1,1|2|3,3,7,25,0.28,14,15,1,14.666666666666666,2,2,0,2.0,98.79770869710728,18.16392834734465,3.1666666666666665,0.0,1,3,"[[0, 1, 2]]",0.7290781116502738,0.7290781116502738,0.0,4.0,4.0,0.4000000000000001,0.4000000000000001,0.7142857142857143,0.7142857142857143
full_bundle,simu5g_00000511,32.8,gnb_2,4|5|6|7,4,7,25,0.28,13,14,1,13.75,2,2,0,2.0,134.93941420606856,65.05001464159497,3.208333333333333,0.16666666666666696,1,4,"[[0, 1, 2, 3]]",0.7290781116502738,0.7290781116502738,0.0,4.0,4.0,0.4,0.4,0.8571428571428571,0.8571428571428571
full_bundle,simu5g_00000512,32.9,gnb_1,1|2|3,3,7,25,0.28,14,15,1,14.666666666666666,2,2,0,2.0,99.14762943086764,18.966370930214296,3.1666666666666665,0.0,1,3,"[[0, 1, 2]]",0.7290781116502738,0.7290781116502738,0.0,4.0,4.0,0.4000000000000001,0.4000000000000001,0.7142857142857143,0.7142857142857143
full_bundle,simu5g_00000513,32.9,gnb_2,4|5|6|7,4,7,25,0.28,13,14,1,13.5,2,2,0,2.0,134.64980934600055,65.0897072494864,3.208333333333333,0.16666666666666696,1,4,"[[0, 1, 2, 3]]",0.7290781116502738,0.7290781116502738,0.0,4.0,4.0,0.4,0.4,0.8571428571428571,0.8571428571428571
full_bundle,simu5g_00000514,33.0,gnb_1,1|2|3,3,7,25,0.28,14,15,1,14.666666666666666,2,2,0,2.0,99.51292638763285,19.757107785282415,3.1666666666666665,0.0,1,3,"[[0, 1, 2]]",0.7290781116502738,0.7290781116502738,0.0,4.0,4.0,0.4000000000000001,0.4000000000000001,0.7142857142857143,0.7142857142857143
full_bundle,simu5g_00000515,33.0,gnb_2,4|5|6|7,4,7,25,0.28,13,15,2,13.75,2,2,0,2.0,134.35959453945748,65.11569671226809,3.208333333333333,0.16666666666666696,1,4,"[[0, 1, 2, 3]]",0.7290781116502738,0.7290781116502738,0.0,4.0,4.0,0.4,0.4,0.8571428571428571,0.8571428571428571
full_bundle,simu5g_00000516,33.1,gnb_1,1|2|3,3,7,25,0.28,14,15,1,14.666666666666666,2,2,0,2.0,99.89285072140156,20.534164095497673,3.1666666666666665,0.0,1,3,"[[0, 1, 2]]",0.7290781116502738,0.7290781116502738,0.0,4.0,4.0,0.4000000000000001,0.4000000000000001,0.7142857142857143,0.7142857142857143
full_bundle,simu5g_00000517,33.1,gnb_2,4|5|6|7,4,7,25,0.28,13,15,2,13.75,2,2,0,2.0,134.06831429097633,65.12869651553098,3.1666666666666665,0.0,1,4,"[[0, 1, 2, 3]]",0.7290781116502738,0.7290781116502738,0.0,4.0,4.0,0.4,0.4,0.8571428571428571,0.8571428571428571
full_bundle,simu5g_00000518,33.2,gnb_1,1|2|3,3,7,25,0.28,14,15,1,14.666666666666666,2,2,0,2.0,100.28690720007889,21.29802243189556,3.1666666666666665,0.0,1,3,"[[0, 1, 2]]",0.7290781116502738,0.7290781116502738,0.0,4.0,4.0,0.4000000000000001,0.4000000000000001,0.7142857142857143,0.7142857142857143
full_bundle,simu5g_00000519,33.2,gnb_2,4|5|6|7,4,7,25,0.28,13,15,2,13.75,2,2,0,2.0,133.7768826483818,65.12796622314494,3.1666666666666665,0.0,1,4,"[[0, 1, 2, 3]]",0.7290781116502738,0.7290781116502738,0.0,4.0,4.0,0.4,0.4,0.8571428571428571,0.8571428571428571
full_bundle,simu5g_00000520,33.3,gnb_1,1|2|3,3,7,25,0.28,14,15,1,14.666666666666666,2,2,0,2.0,100.69569157950868,22.048645137139957,3.1666666666666665,0.0,1,3,"[[0, 1, 2]]",0.7290781116502738,0.7290781116502738,0.0,4.0,4.0,0.4000000000000001,0.4000000000000001,0.7142857142857143,0.7142857142857143
full_bundle,simu5g_00000521,33.3,gnb_2,4|5|6|7,4,7,25,0.28,13,15,2,13.75,2,2,0,2.0,133.4847870853663,65.11200034713303,3.1666666666666665,0.0,1,4,"[[0, 1, 2, 3]]",0.7290781116502738,0.7290781116502738,0.0,4.0,4.0,0.4,0.4,0.8571428571428571,0.8571428571428571
full_bundle,simu5g_00000522,33.4,gnb_1,1|2|3,3,7,25,0.28,14,15,1,14.666666666666666,2,2,0,2.0,101.11911596669972,22.786015116842336,3.1666666666666665,0.0,1,3,"[[0, 1, 2]]",0.7290781116502738,0.7290781116502738,0.0,4.0,4.0,0.4000000000000001,0.4000000000000001,0.7142857142857143,0.7142857142857143
full_bundle,simu5g_00000523,33.4,gnb_2,4|5|6|7,4,7,25,0.28,13,15,2,13.75,2,2,0,2.0,133.1923207760597,65.08167307047418,3.1666666666666665,0.0,1,4,"[[0, 1, 2, 3]]",0.7290781116502738,0.7290781116502738,0.0,4.0,4.0,0.4,0.4,0.8571428571428571,0.8571428571428571
full_bundle,simu5g_00000524,33.5,gnb_1,1|2|3,3,7,25,0.28,14,15,1,14.666666666666666,2,2,0,2.0,101.55770415534083,23.511333297291145,3.1666666666666665,0.0,1,3,"[[0, 1, 2]]",0.7290781116502738,0.7290781116502738,0.0,4.0,4.0,0.4000000000000001,0.4000000000000001,0.7142857142857143,0.7142857142857143
full_bundle,simu5g_00000525,33.5,gnb_2,4|5|6|7,4,7,25,0.28,13,15,2,13.75,2,2,0,2.0,132.90021282056335,65.03718263824354,3.1666666666666665,0.0,1,4,"[[0, 1, 2, 3]]",0.7290781116502738,0.7290781116502738,0.0,4.0,4.0,0.4,0.4,0.8571428571428571,0.8571428571428571
full_bundle,simu5g_00000526,33.6,gnb_1,1|2|3,3,7,25,0.28,14,15,1,14.333333333333334,2,2,0,2.0,102.01008727142177,24.221977798675454,3.1666666666666665,0.0,1,3,"[[0, 1, 2]]",0.7290781116502738,0.7290781116502738,0.0,4.0,4.0,0.4000000000000001,0.4000000000000001,0.7142857142857143,0.7142857142857143
full_bundle,simu5g_00000527,33.6,gnb_2,4|5|6|7,4,7,25,0.28,13,15,2,13.75,2,2,0,2.0,132.60798238519465,64.97912420155134,3.1666666666666665,0.0,1,4,"[[0, 1, 2, 3]]",0.7290781116502738,0.7290781116502738,0.0,4.0,4.0,0.4,0.4,0.8571428571428571,0.8571428571428571
full_bundle,simu5g_00000528,33.7,gnb_1,1|2|3,3,7,25,0.28,14,15,1,14.333333333333334,2,2,0,2.0,102.47653089848022,24.91810260174394,3.1666666666666665,0.0,1,3,"[[0, 1, 2]]",0.7290781116502738,0.7290781116502738,0.0,4.0,4.0,0.4000000000000001,0.4000000000000001,0.7142857142857143,0.7142857142857143
full_bundle,simu5g_00000529,33.7,gnb_2,4|5|6|7,4,7,25,0.28,13,15,2,13.75,2,2,0,2.0,132.31644370570498,64.90784981502632,3.1666666666666665,0.0,1,4,"[[0, 1, 2, 3]]",0.7290781116502738,0.7290781116502738,0.0,4.0,4.0,0.4,0.4,0.8571428571428571,0.8571428571428571
full_bundle,simu5g_00000530,33.8,gnb_1,1|2|3,3,7,25,0.28,14,15,1,14.666666666666666,2,2,0,2.0,102.95691104837165,25.59943474791359,3.1666666666666665,0.0,1,3,"[[0, 1, 2]]",0.7290781116502738,0.7290781116502738,0.0,4.0,4.0,0.4000000000000001,0.4000000000000001,0.7142857142857143,0.7142857142857143
full_bundle,simu5g_00000531,33.8,gnb_2,4|5|6|7,4,7,25,0.28,13,14,1,13.5,2,2,0,2.0,132.02484561063252,64.82126092951137,3.1666666666666665,0.0,1,4,"[[0, 1, 2, 3]]",0.7290781116502738,0.7290781116502738,0.0,4.0,4.0,0.4,0.4,0.8571428571428571,0.8571428571428571
full_bundle,simu5g_00000532,33.9,gnb_1,1|2|3,3,7,25,0.28,15,15,0,15.0,2,2,0,2.0,103.45136546082671,26.26620280668594,3.1666666666666665,0.0,1,3,"[[0, 1, 2]]",0.7290781116502738,0.7290781116502738,0.0,4.0,4.0,0.4000000000000001,0.4000000000000001,0.7142857142857143,0.7142857142857143
full_bundle,simu5g_00000533,33.9,gnb_2,4|5|6|7,4,7,25,0.28,13,14,1,13.5,2,2,0,2.0,131.73328924909794,64.72100912239196,3.1666666666666665,0.0,1,4,"[[0, 1, 2, 3]]",0.7290781116502738,0.7290781116502738,0.0,4.0,4.0,0.4,0.4,0.8571428571428571,0.8571428571428571
full_bundle,simu5g_00000534,34.0,gnb_1,1|2|3,3,7,25,0.28,15,15,0,15.0,2,2,0,2.0,103.95983441833563,26.918487906800465,3.1666666666666665,0.0,1,3,"[[0, 1, 2]]",0.7290781116502738,0.7290781116502738,0.0,4.0,4.0,0.4000000000000001,0.4000000000000001,0.7142857142857143,0.7142857142857143
full_bundle,simu5g_00000535,34.0,gnb_2,4|5|6|7,4,7,25,0.28,12,14,2,13.0,2,2,0,2.0,131.44232855627612,64.6067849831294,3.25,0.16666666666666696,1,4,"[[0, 1, 2, 3]]",0.7290781116502738,0.7290781116502738,0.0,4.0,4.0,0.4,0.4,0.8571428571428571,0.8571428571428571
full_bundle,simu5g_00000536,34.1,gnb_1,1|2|3,3,7,25,0.28,14,15,1,14.666666666666666,2,2,0,2.0,104.48190222804756,27.55649341025915,3.1666666666666665,0.0,1,3,"[[0, 1, 2]]",0.7290781116502738,0.7290781116502738,0.0,4.0,4.0,0.4000000000000001,0.4000000000000001,0.7142857142857143,0.7142857142857143
full_bundle,simu5g_00000537,34.1,gnb_2,4|5|6|7,4,7,25,0.28,12,14,2,13.0,2,2,0,2.0,131.15137049471613,64.47731953989056,3.25,0.16666666666666696,1,4,"[[0, 1, 2, 3]]",0.7290781116502738,0.7290781116502738,0.0,4.0,4.0,0.4,0.4,0.8571428571428571,0.8571428571428571
full_bundle,simu5g_00000538,34.2,gnb_1,1|2|3,3,7,25,0.28,14,15,1,14.666666666666666,2,2,0,2.0,105.0182358958055,28.180211856620474,3.1666666666666665,0.0,1,3,"[[0, 1, 2]]",0.7290781116502738,0.7290781116502738,0.0,4.0,4.0,0.4000000000000001,0.4000000000000001,0.7142857142857143,0.7142857142857143
full_bundle,simu5g_00000539,34.2,gnb_2,4|5|6|7,4,7,25,0.28,12,14,2,13.0,2,2,0,2.0,130.86039484604737,64.33255890047798,3.25,0.16666666666666696,1,4,"[[0, 1, 2, 3]]",0.7290781116502738,0.7290781116502738,0.0,4.0,4.0,0.4,0.4,0.8571428571428571,0.8571428571428571
full_bundle,simu5g_00000540,34.3,gnb_1,1|2|3,3,7,25,0.28,14,15,1,14.666666666666666,2,2,0,2.0,105.56747866008641,28.787572443845903,3.1666666666666665,0.0,1,3,"[[0, 1, 2]]",0.7290781116502738,0.7290781116502738,0.0,4.0,4.0,0.4000000000000001,0.4000000000000001,0.7142857142857143,0.7142857142857143
full_bundle,simu5g_00000541,34.3,gnb_2,4|5|6|7,4,7,25,0.28,12,14,2,13.0,2,2,0,2.0,130.56998851871995,64.1744924322119,3.25,0.16666666666666696,1,4,"[[0, 1, 2, 3]]",0.7290781116502738,0.7290781116502738,0.0,4.0,4.0,0.4,0.4,0.8571428571428571,0.8571428571428571
full_bundle,simu5g_00000542,34.4,gnb_1,1|2|3,3,7,25,0.28,15,15,0,15.0,2,2,0,2.0,106.13057842984979,29.381180332541277,3.1666666666666665,0.0,1,3,"[[0, 1, 2]]",0.7290781116502738,0.7290781116502738,0.0,4.0,4.0,0.4000000000000001,0.4000000000000001,0.7142857142857143,0.7142857142857143
full_bundle,simu5g_00000543,34.4,gnb_2,4|5|6|7,4,7,25,0.28,12,14,2,13.25,2,2,0,2.0,130.27987852903897,64.00098225109424,3.25,0.16666666666666696,1,4,"[[0, 1, 2, 3]]",0.7290781116502738,0.7290781116502738,0.0,4.0,4.0,0.4,0.4,0.8571428571428571,0.8571428571428571
full_bundle,simu5g_00000544,34.5,gnb_1,1|2|3,3,7,25,0.28,15,15,0,15.0,2,2,0,2.0,106.70579755312929,29.9578661132623,3.1666666666666665,0.0,1,3,"[[0, 1, 2]]",0.7290781116502738,0.7290781116502738,0.0,4.0,4.0,0.4000000000000001,0.4000000000000001,0.7142857142857143,0.7142857142857143
full_bundle,simu5g_00000545,34.5,gnb_2,4|5|6|7,4,7,25,0.28,12,14,2,13.5,2,2,0,2.0,129.98972773995345,63.81280542498274,3.208333333333333,0.16666666666666696,1,4,"[[0, 1, 2, 3]]",0.7290781116502738,0.7290781116502738,0.0,4.0,4.0,0.4,0.4,0.8571428571428571,0.8571428571428571
full_bundle,simu5g_00000546,34.6,gnb_1,1|2|3,3,7,25,0.28,15,15,0,15.0,2,2,0,2.0,107.29434648878878,30.52065833355475,3.1666666666666665,0.0,1,3,"[[0, 1, 2]]",0.7290781116502738,0.7290781116502738,0.0,4.0,4.0,0.4000000000000001,0.4000000000000001,0.7142857142857143,0.7142857142857143
full_bundle,simu5g_00000547,34.6,gnb_2,4|5|6|7,4,7,25,0.28,12,14,2,13.5,2,2,0,2.0,129.699991975069,63.61002560460207,3.208333333333333,0.16666666666666696,1,4,"[[0, 1, 2, 3]]",0.7290781116502738,0.7290781116502738,0.0,4.0,4.0,0.4,0.4,0.8571428571428571,0.8571428571428571
full_bundle,simu5g_00000548,34.7,gnb_1,1|2|3,3,7,25,0.28,14,15,1,14.666666666666666,2,2,0,2.0,107.8964262801183,31.213000637681517,3.1666666666666665,0.0,1,3,"[[0, 1, 2]]",0.7290781116502738,0.7290781116502738,0.0,4.0,4.0,0.4000000000000001,0.4000000000000001,0.7142857142857143,0.7142857142857143
full_bundle,simu5g_00000549,34.7,gnb_2,4|5|6|7,4,7,25,0.28,12,14,2,13.5,2,2,0,2.0,129.4104470399742,63.393672303450174,3.208333333333333,0.16666666666666696,1,4,"[[0, 1, 2, 3]]",0.7290781116502738,0.7290781116502738,0.0,4.0,4.0,0.4,0.4,0.8571428571428571,0.8571428571428571
full_bundle,simu5g_00000550,34.8,gnb_1,1|2|3,3,7,25,0.28,14,15,1,14.666666666666666,2,2,0,2.0,108.51100548070042,32.05238059980093,3.1666666666666665,0.0,1,3,"[[0, 1, 2]]",0.7290781116502738,0.7290781116502738,0.0,4.0,4.0,0.4000000000000001,0.4000000000000001,0.7142857142857143,0.7142857142857143
full_bundle,simu5g_00000551,34.8,gnb_2,4|5|6|7,4,7,25,0.28,8,15,7,12.5,2,2,0,2.0,129.12112774105816,63.16193673477672,3.458333333333333,1.1666666666666665,1,4,"[[0, 1, 2, 3]]",0.6471841780840183,0.6471841780840183,0.0,3.0,3.0,0.2,0.2,0.5714285714285714,0.5714285714285714
full_bundle,simu5g_00000552,34.9,gnb_1,1|2|3,3,7,25,0.28,14,15,1,14.666666666666666,2,2,0,2.0,109.13852305294934,32.87954148709173,3.1666666666666665,0.0,1,3,"[[0, 1, 2]]",0.7290781116502738,0.7290781116502738,0.0,4.0,4.0,0.4000000000000001,0.4000000000000001,0.7142857142857143,0.7142857142857143
full_bundle,simu5g_00000553,34.9,gnb_2,4|5|6|7,4,7,25,0.28,8,15,7,12.5,1,2,1,1.75,128.83251344174062,62.91659033154478,3.458333333333333,1.1666666666666665,1,4,"[[0, 1, 2, 3]]",0.6221841780840183,0.6221841780840183,0.0,3.0,3.0,0.25,0.25,0.5714285714285714,0.5714285714285714
full_bundle,simu5g_00000554,35.0,gnb_1,1|2|3,3,7,25,0.28,14,15,1,14.666666666666666,2,2,0,2.0,109.7780893929188,33.694118819378986,3.1666666666666665,0.0,1,3,"[[0, 1, 2]]",0.7290781116502738,0.7290781116502738,0.0,4.0,4.0,0.4000000000000001,0.4000000000000001,0.7142857142857143,0.7142857142857143
full_bundle,simu5g_00000555,35.0,gnb_2,4|5|6|7,4,7,25,0.28,12,15,3,13.5,1,2,1,1.75,128.54417116758486,62.657216852670615,3.208333333333333,0.16666666666666696,1,4,"[[0, 1, 2, 3]]",0.7040781116502739,0.7040781116502738,1.1102230246251565e-16,4.0,4.0,0.44999999999999996,0.44999999999999996,0.8571428571428571,0.8571428571428571
full_bundle,simu5g_00000556,35.1,gnb_1,1|2|3,3,7,25,0.28,14,15,1,14.666666666666666,2,2,0,2.0,110.09502722323369,34.49644813921384,3.1666666666666665,0.0,1,3,"[[0, 1, 2]]",0.7290781116502738,0.7290781116502738,0.0,4.0,4.0,0.4000000000000001,0.4000000000000001,0.7142857142857143,0.7142857142857143
full_bundle,simu5g_00000557,35.1,gnb_2,4|5|6|7,4,7,25,0.28,12,15,3,13.5,2,2,0,2.0,128.2563678459668,62.38324580632376,3.208333333333333,0.16666666666666696,1,4,"[[0, 1, 2, 3]]",0.7290781116502738,0.7290781116502738,0.0,4.0,4.0,0.4,0.4,0.8571428571428571,0.8571428571428571
full_bundle,simu5g_00000558,35.2,gnb_1,1|2|3,3,7,25,0.28,14,15,1,14.666666666666666,2,2,0,2.0,110.26320445696756,35.28501446235046,3.1666666666666665,0.0,1,3,"[[0, 1, 2]]",0.7290781116502738,0.7290781116502738,0.0,4.0,4.0,0.4000000000000001,0.4000000000000001,0.7142857142857143,0.7142857142857143
full_bundle,simu5g_00000559,35.2,gnb_2,4|5|6|7,4,7,25,0.28,12,15,3,13.5,2,2,0,2.0,127.96939964487748,62.09490673929116,3.208333333333333,0.16666666666666696,1,4,"[[0, 1, 2, 3]]",0.7290781116502738,0.7290781116502738,0.0,4.0,4.0,0.4,0.4,0.8571428571428571,0.8571428571428571
full_bundle,simu5g_00000560,35.3,gnb_1,1|2|3,3,7,25,0.28,14,15,1,14.666666666666666,2,2,0,2.0,110.4432185376453,36.06103210805986,3.1666666666666665,0.0,1,3,"[[0, 1, 2]]",0.7290781116502738,0.7290781116502738,0.0,4.0,4.0,0.4000000000000001,0.4000000000000001,0.7142857142857143,0.7142857142857143
full_bundle,simu5g_00000561,35.3,gnb_2,4|5|6|7,4,7,25,0.28,12,15,3,13.5,2,2,0,2.0,127.68323336673274,61.79352953583721,3.208333333333333,0.16666666666666696,1,4,"[[0, 1, 2, 3]]",0.7290781116502738,0.7290781116502738,0.0,4.0,4.0,0.4,0.4,0.8571428571428571,0.8571428571428571
full_bundle,simu5g_00000562,35.4,gnb_1,2|3,2,7,25,0.28,15,15,0,15.0,2,2,0,2.0,103.19528916630298,29.011775192928212,3.1666666666666665,0.0,1,2,"[[0, 1]]",0.7290781116502738,0.7290781116502738,0.0,4.0,4.0,0.4,0.4,0.7142857142857143,0.7142857142857143
full_bundle,simu5g_00000563,35.4,gnb_2,4|5|6|7,4,7,25,0.28,12,15,3,13.5,2,2,0,2.0,127.39756428720906,61.47730993597659,3.208333333333333,0.16666666666666696,1,4,"[[0, 1, 2, 3]]",0.7290781116502738,0.7290781116502738,0.0,4.0,4.0,0.4,0.4,0.8571428571428571,0.8571428571428571
full_bundle,simu5g_00000564,35.5,gnb_1,2|3,2,7,25,0.28,15,15,0,15.0,2,3,1,2.5,102.9718201674541,27.952042928678637,3.1666666666666665,0.0,1,2,"[[0, 1]]",0.7790781116502739,0.7790781116502739,0.0,4.0,4.0,0.30000000000000004,0.30000000000000004,0.7142857142857143,0.7142857142857143
full_bundle,simu5g_00000565,35.5,gnb_2,4|5|6|7,4,7,25,0.28,12,15,3,13.25,2,2,0,2.0,127.11219308054825,61.14601295868145,3.291666666666667,0.16666666666666696,1,4,"[[0, 1, 2, 3]]",0.7290781116502738,0.7290781116502738,0.0,4.0,4.0,0.4,0.4,0.8571428571428571,0.8571428571428571
full_bundle,simu5g_00000566,35.6,gnb_1,2|3,2,7,25,0.28,15,15,0,15.0,3,3,0,3.0,102.76091679439446,26.87648887049714,3.1666666666666665,0.0,1,2,"[[0, 1]]",0.8290781116502739,0.8290781116502739,0.0,4.0,4.0,0.2,0.2,0.7142857142857143,0.7142857142857143
full_bundle,simu5g_00000567,35.6,gnb_2,4|5|6|7,4,7,25,0.28,12,15,3,13.25,2,2,0,2.0,126.8272902786843,60.80038369866938,3.291666666666667,0.16666666666666696,1,4,"[[0, 1, 2, 3]]",0.7290781116502738,0.7290781116502738,0.0,4.0,4.0,0.4,0.4,0.8571428571428571,0.8571428571428571
full_bundle,simu5g_00000568,35.7,gnb_1,2|3,2,7,25,0.28,14,15,1,14.5,3,3,0,3.0,102.56309594602222,25.787192046537882,3.1666666666666665,0.0,1,2,"[[0, 1]]",0.8290781116502739,0.8290781116502739,0.0,4.0,4.0,0.2,0.2,0.7142857142857143,0.7142857142857143
full_bundle,simu5g_00000569,35.7,gnb_2,4|5|6|7,4,7,25,0.28,13,15,2,13.75,2,2,0,2.0,126.54285133700417,60.44049651082706,3.291666666666667,0.16666666666666696,1,4,"[[0, 1, 2, 3]]",0.7290781116502738,0.7290781116502738,0.0,4.0,4.0,0.4,0.4,0.8571428571428571,0.8571428571428571
full_bundle,simu5g_00000570,35.8,gnb_1,2|3,2,7,25,0.28,14,15,1,14.5,3,3,0,3.0,102.378676944716,24.68475491801526,3.1666666666666665,0.0,1,2,"[[0, 1]]",0.8290781116502739,0.8290781116502739,0.0,4.0,4.0,0.2,0.2,0.7142857142857143,0.7142857142857143
full_bundle,simu5g_00000571,35.8,gnb_2,4|5|6|7,4,7,25,0.28,13,15,2,13.75,2,2,0,2.0,126.25923549643642,60.066920649663544,3.291666666666667,0.16666666666666696,1,4,"[[0, 1, 2, 3]]",0.7290781116502738,0.7290781116502738,0.0,4.0,4.0,0.4,0.4,0.8571428571428571,0.8571428571428571
full_bundle,simu5g_00000572,35.9,gnb_1,2|3,2,7,25,0.28,14,15,1,14.5,3,3,0,3.0,102.20737587565952,23.568649952641593,3.1666666666666665,0.0,1,2,"[[0, 1]]",0.8290781116502739,0.8290781116502739,0.0,4.0,4.0,0.2,0.2,0.7142857142857143,0.7142857142857143
full_bundle,simu5g_00000573,35.9,gnb_2,4|5|6|7,4,7,25,0.28,13,15,2,13.75,2,2,0,2.0,125.97656843985504,59.680039724731174,3.291666666666667,0.16666666666666696,1,4,"[[0, 1, 2, 3]]",0.7290781116502738,0.7290781116502738,0.0,4.0,4.0,0.4,0.4,0.8571428571428571,0.8571428571428571
full_bundle,simu5g_00000574,36.0,gnb_1,2|3,2,7,25,0.28,15,15,0,15.0,3,3,0,3.0,102.04841924767089,22.438361922538533,3.1666666666666665,0.0,1,2,"[[0, 1]]",0.8290781116502739,0.8290781116502739,0.0,4.0,4.0,0.2,0.2,0.7142857142857143,0.7142857142857143
full_bundle,simu5g_00000575,36.0,gnb_2,4|5|6|7,4,7,25,0.28,12,14,2,13.0,2,2,0,2.0,125.69514166371778,59.28091808940549,3.2916666666666665,0.3333333333333335,1,4,"[[0, 1, 2, 3]]",0.7290781116502738,0.7290781116502738,0.0,4.0,4.0,0.4,0.4,0.8571428571428571,0.8571428571428571
full_bundle,simu5g_00000576,36.1,gnb_1,2|3,2,7,25,0.28,15,15,0,15.0,3,3,0,3.0,101.90313121295321,21.296104988128192,3.1666666666666665,0.0,1,2,"[[0, 1]]",0.8290781116502739,0.8290781116502739,0.0,4.0,4.0,0.2,0.2,0.7142857142857143,0.7142857142857143
full_bundle,simu5g_00000577,36.1,gnb_2,4|5|6|7,4,7,25,0.28,12,14,2,13.0,2,2,0,2.0,125.41589395090375,58.87499501084706,3.2916666666666665,0.3333333333333335,1,4,"[[0, 1, 2, 3]]",0.7290781116502738,0.7290781116502738,0.0,4.0,4.0,0.4,0.4,0.8571428571428571,0.8571428571428571
full_bundle,simu5g_00000578,36.2,gnb_1,2|3,2,7,25,0.28,15,15,0,15.0,3,3,0,3.0,101.77032303492105,20.140305903460927,3.1666666666666665,0.0,1,2,"[[0, 1]]",0.8290781116502739,0.8290781116502739,0.0,4.0,4.0,0.2,0.2,0.7142857142857143,0.7142857142857143
full_bundle,simu5g_00000579,36.2,gnb_2,4|5|6|7,4,7,25,0.28,11,14,3,12.5,2,2,0,2.0,125.138872781756,58.46056626104124,3.3749999999999996,0.5,1,4,"[[0, 1, 2, 3]]",0.7290781116502738,0.7290781116502738,0.0,4.0,4.0,0.4,0.4,0.8571428571428571,0.8571428571428571
full_bundle,simu5g_00000580,36.3,gnb_1,2|3,2,7,25,0.28,15,15,0,15.0,3,3,0,3.0,101.65065563940911,18.97261981324597,3.1666666666666665,0.0,1,2,"[[0, 1]]",0.8290781116502739,0.8290781116502739,0.0,4.0,4.0,0.2,0.2,0.7142857142857143,0.7142857142857143
full_bundle,simu5g_00000581,36.3,gnb_2,4|5|6|7,4,7,25,0.28,11,14,3,12.5,2,2,0,2.0,124.86389429732793,58.03706178482024,3.3749999999999996,0.5,1,4,"[[0, 1, 2, 3]]",0.7290781116502738,0.7290781116502738,0.0,4.0,4.0,0.4,0.4,0.8571428571428571,0.8571428571428571
full_bundle,simu5g_00000582,36.4,gnb_1,2|3,2,7,25,0.28,15,15,0,15.0,3,3,0,3.0,101.54309208808058,17.79223098731761,3.1666666666666665,0.0,1,2,"[[0, 1]]",0.8290781116502739,0.8290781116502739,0.0,4.0,4.0,0.2,0.2,0.7142857142857143,0.7142857142857143
full_bundle,simu5g_00000583,36.4,gnb_2,4|5|6|7,4,7,25,0.28,11,15,4,12.75,2,2,0,2.0,124.59124012156977,57.60489290167445,3.3749999999999996,0.5,1,4,"[[0, 1, 2, 3]]",0.7290781116502738,0.7290781116502738,0.0,4.0,4.0,0.4,0.4,0.8571428571428571,0.8571428571428571
full_bundle,simu5g_00000584,36.5,gnb_1,2|3,2,7,25,0.28,15,15,0,15.0,3,3,0,3.0,101.4488658688123,16.602596660671097,3.1666666666666665,0.0,1,2,"[[0, 1]]",0.8290781116502739,0.8290781116502739,0.0,4.0,4.0,0.2,0.2,0.7142857142857143,0.7142857142857143
full_bundle,simu5g_00000585,36.5,gnb_2,4|5|6|7,4,7,25,0.28,11,15,4,13.25,2,2,0,2.0,124.32093883091892,57.16463020573478,3.2916666666666665,0.5,1,4,"[[0, 1, 2, 3]]",0.7290781116502738,0.7290781116502738,0.0,4.0,4.0,0.4,0.4,0.8571428571428571,0.8571428571428571
full_bundle,simu5g_00000586,36.6,gnb_1,2|3,2,7,25,0.28,15,15,0,15.0,3,3,0,3.0,101.36633121255477,15.400566964699479,3.1666666666666665,0.0,1,2,"[[0, 1]]",0.8290781116502739,0.8290781116502739,0.0,4.0,4.0,0.2,0.2,0.7142857142857143,0.7142857142857143
full_bundle,simu5g_00000587,36.6,gnb_2,4|5|6|7,4,7,25,0.28,11,15,4,13.25,2,2,0,2.0,124.05316580023667,56.71727917885036,3.25,0.3333333333333335,1,4,"[[0, 1, 2, 3]]",0.7290781116502738,0.7290781116502738,0.0,4.0,4.0,0.4,0.4,0.8571428571428571,0.8571428571428571
full_bundle,simu5g_00000588,36.7,gnb_1,2|3,2,7,25,0.28,15,15,0,15.0,3,3,0,3.0,101.29591111406177,14.189133282489166,3.1666666666666665,0.0,1,2,"[[0, 1]]",0.8290781116502739,0.8290781116502739,0.0,4.0,4.0,0.2,0.2,0.7142857142857143,0.7142857142857143
full_bundle,simu5g_00000589,36.7,gnb_2,4|5|6|7,4,7,25,0.28,11,15,4,13.25,2,2,0,2.0,123.78767678865717,56.262181937225904,3.25,0.3333333333333335,1,4,"[[0, 1, 2, 3]]",0.7290781116502738,0.7290781116502738,0.0,4.0,4.0,0.4,0.4,0.8571428571428571,0.8571428571428571
full_bundle,simu5g_00000590,36.8,gnb_1,2|3,2,7,25,0.28,15,15,0,15.0,3,3,0,3.0,101.2385206081996,12.967858854985138,3.1666666666666665,0.0,1,2,"[[0, 1]]",0.8290781116502739,0.8290781116502739,0.0,4.0,4.0,0.2,0.2,0.7142857142857143,0.7142857142857143
full_bundle,simu5g_00000591,36.8,gnb_2,4|5|6|7,4,7,25,0.28,12,14,2,13.25,2,2,0,2.0,123.52414750041616,55.798177253227266,3.25,0.3333333333333335,1,4,"[[0, 1, 2, 3]]",0.7290781116502738,0.7290781116502738,0.0,4.0,4.0,0.4,0.4,0.8571428571428571,0.8571428571428571
full_bundle,simu5g_00000592,36.9,gnb_1,2|3,2,7,25,0.28,15,15,0,15.0,3,3,0,3.0,101.19332488899889,11.736971743730251,3.1666666666666665,0.0,1,2,"[[0, 1]]",0.8290781116502739,0.8290781116502739,0.0,4.0,4.0,0.2,0.2,0.7142857142857143,0.7142857142857143
full_bundle,simu5g_00000593,36.9,gnb_2,4|5|6|7,4,7,25,0.28,12,14,2,13.25,2,2,0,2.0,123.26231906618975,55.32460498627354,3.25,0.3333333333333335,1,4,"[[0, 1, 2, 3]]",0.7290781116502738,0.7290781116502738,0.0,4.0,4.0,0.4,0.4,0.8571428571428571,0.8571428571428571
full_bundle,simu5g_00000594,37.0,gnb_1,2|3,2,7,25,0.28,15,15,0,15.0,3,3,0,3.0,101.16098042631063,10.497454241314514,3.1666666666666665,0.0,1,2,"[[0, 1]]",0.8290781116502739,0.8290781116502739,0.0,4.0,4.0,0.2,0.2,0.7142857142857143,0.7142857142857143
full_bundle,simu5g_00000595,37.0,gnb_2,4|5|6|7,4,7,25,0.28,12,14,2,13.25,2,2,0,2.0,123.002679501178,54.84225906933763,3.2916666666666665,0.3333333333333335,1,4,"[[0, 1, 2, 3]]",0.7290781116502738,0.7290781116502738,0.0,4.0,4.0,0.4,0.4,0.8571428571428571,0.8571428571428571
full_bundle,simu5g_00000596,37.1,gnb_1,2|3,2,7,25,0.28,15,15,0,15.0,3,3,0,3.0,101.14023233253843,9.250563568754188,3.1666666666666665,0.0,1,2,"[[0, 1]]",0.8290781116502739,0.8290781116502739,0.0,4.0,4.0,0.2,0.2,0.7142857142857143,0.7142857142857143
full_bundle,simu5g_00000597,37.1,gnb_2,4|5|6|7,4,7,25,0.28,12,14,2,13.25,2,2,0,2.0,122.74493094214509,54.35044557587196,3.2916666666666665,0.3333333333333335,1,4,"[[0, 1, 2, 3]]",0.7290781116502738,0.7290781116502738,0.0,4.0,4.0,0.4,0.4,0.8571428571428571,0.8571428571428571
full_bundle,simu5g_00000598,37.2,gnb_1,2|3,2,7,25,0.28,15,15,0,15.0,3,3,0,3.0,101.13102225812416,7.992729142186846,3.1666666666666665,0.0,1,2,"[[0, 1]]",0.8290781116502739,0.8290781116502739,0.0,4.0,4.0,0.2,0.2,0.7142857142857143,0.7142857142857143
full_bundle,simu5g_00000599,37.2,gnb_2,4|5|6|7,4,7,25,0.28,12,14,2,13.25,2,2,0,2.0,122.4891414002492,53.8496663623429,3.2916666666666665,0.3333333333333335,1,4,"[[0, 1, 2, 3]]",0.7290781116502738,0.7290781116502738,0.0,4.0,4.0,0.4,0.4,0.8571428571428571,0.8571428571428571
full_bundle,simu5g_00000600,37.3,gnb_1,2|3,2,7,25,0.28,15,15,0,15.0,3,3,0,3.0,101.13385739032276,6.726989599545462,3.1666666666666665,0.0,1,2,"[[0, 1]]",0.8290781116502739,0.8290781116502739,0.0,4.0,4.0,0.2,0.2,0.7142857142857143,0.7142857142857143
full_bundle,simu5g_00000601,37.3,gnb_2,4|5|6|7,4,7,25,0.28,12,14,2,13.25,2,2,0,2.0,122.23526857942721,53.339359460760235,3.2916666666666665,0.3333333333333335,1,4,"[[0, 1, 2, 3]]",0.7290781116502738,0.7290781116502738,0.0,4.0,4.0,0.4,0.4,0.8571428571428571,0.8571428571428571
full_bundle,simu5g_00000602,37.4,gnb_1,2|3,2,7,25,0.28,15,15,0,15.0,3,3,0,3.0,101.14943162499623,5.455905988726812,3.1666666666666665,0.0,1,2,"[[0, 1]]",0.8290781116502739,0.8290781116502739,0.0,4.0,4.0,0.2,0.2,0.7142857142857143,0.7142857142857143
full_bundle,simu5g_00000603,37.4,gnb_2,4|5|6|7,4,7,25,0.28,13,14,1,13.5,2,2,0,2.0,121.9836287570728,52.82180315944839,3.208333333333333,0.16666666666666696,1,4,"[[0, 1, 2, 3]]",0.7290781116502738,0.7290781116502738,0.0,4.0,4.0,0.4,0.4,0.8571428571428571,0.8571428571428571
full_bundle,simu5g_00000604,37.5,gnb_1,2|3,2,7,25,0.28,15,15,0,15.0,3,3,0,3.0,101.17578295488312,4.178013129119819,3.1666666666666665,0.0,1,2,"[[0, 1]]",0.8290781116502739,0.8290781116502739,0.0,4.0,4.0,0.2,0.2,0.7142857142857143,0.7142857142857143
full_bundle,simu5g_00000605,37.5,gnb_2,4|5|6|7,4,7,25,0.28,13,14,1,13.75,2,2,0,2.0,121.73393587509841,52.29565910115738,3.1666666666666665,0.0,1,4,"[[0, 1, 2, 3]]",0.7290781116502738,0.7290781116502738,0.0,4.0,4.0,0.4,0.4,0.8571428571428571,0.8571428571428571
full_bundle,simu5g_00000606,37.6,gnb_1,2|3,2,7,25,0.28,15,15,0,15.0,3,3,0,3.0,101.21415839558024,2.891594215947748,3.1666666666666665,0.0,1,2,"[[0, 1]]",0.8290781116502739,0.8290781116502739,0.0,4.0,4.0,0.2,0.2,0.7142857142857143,0.7142857142857143
full_bundle,simu5g_00000607,37.6,gnb_2,4|5|6|7,4,7,25,0.28,13,15,2,14.25,2,2,0,2.0,121.48586181793591,51.75740492327084,3.1666666666666665,0.0,1,4,"[[0, 1, 2, 3]]",0.7290781116502738,0.7290781116502738,0.0,4.0,4.0,0.4,0.4,0.8571428571428571,0.8571428571428571
full_bundle,simu5g_00000608,37.7,gnb_1,2|3,2,7,25,0.28,15,15,0,15.0,3,3,0,3.0,101.26387508532413,1.6007178637840127,3.1666666666666665,0.0,1,2,"[[0, 1]]",0.8290781116502739,0.8290781116502739,0.0,4.0,4.0,0.2,0.2,0.7142857142857143,0.7142857142857143
full_bundle,simu5g_00000609,37.7,gnb_2,4|5|6|7,4,7,25,0.28,13,15,2,14.25,2,2,0,2.0,121.24054294389188,51.212469367050986,3.1666666666666665,0.0,1,4,"[[0, 1, 2, 3]]",0.7290781116502738,0.7290781116502738,0.0,4.0,4.0,0.4,0.4,0.8571428571428571,0.8571428571428571
full_bundle,simu5g_00000610,37.8,gnb_1,2|3,2,7,25,0.28,15,15,0,15.0,3,3,0,3.0,101.3250777336282,0.3053226336074317,3.1666666666666665,0.0,1,2,"[[0, 1]]",0.8290781116502739,0.8290781116502739,0.0,4.0,4.0,0.2,0.2,0.7142857142857143,0.7142857142857143
full_bundle,simu5g_00000611,37.8,gnb_2,4|5|6|7,4,7,25,0.28,13,15,2,14.25,2,2,0,2.0,120.99711651337546,50.65893350006246,3.1666666666666665,0.0,1,4,"[[0, 1, 2, 3]]",0.7290781116502738,0.7290781116502738,0.0,4.0,4.0,0.4,0.4,0.8571428571428571,0.8571428571428571
full_bundle,simu5g_00000612,37.9,gnb_1,2|3,2,7,25,0.28,15,15,0,15.0,3,3,0,3.0,101.39748092069435,0.9959522799642286,3.1666666666666665,0.0,1,2,"[[0, 1]]",0.8290781116502739,0.8290781116502739,0.0,4.0,4.0,0.2,0.2,0.7142857142857143,0.7142857142857143
full_bundle,simu5g_00000613,37.9,gnb_2,4|5|6|7,4,7,25,0.28,13,15,2,14.25,2,2,0,2.0,120.75534754853976,50.09419871226062,3.1666666666666665,0.0,1,4,"[[0, 1, 2, 3]]",0.7290781116502738,0.7290781116502738,0.0,4.0,4.0,0.4,0.4,0.8571428571428571,0.8571428571428571
full_bundle,simu5g_00000614,38.0,gnb_1,2|3|4,3,7,25,0.28,15,15,0,15.0,2,3,1,2.6666666666666665,99.38980029247087,7.427882185724457,3.1666666666666665,0.0,1,3,"[[0, 1, 2]]",0.7957447783169406,0.7957447783169406,0.0,4.0,4.0,0.26666666666666666,0.26666666666666666,0.7142857142857143,0.7142857142857143
full_bundle,simu5g_00000615,38.0,gnb_2,5|6|7,3,7,25,0.28,13,15,2,14.0,2,2,0,2.0,128.9538515478065,37.98504873835583,3.1666666666666665,0.0,1,3,"[[0, 1, 2]]",0.7290781116502738,0.7290781116502738,0.0,4.0,4.0,0.4000000000000001,0.4000000000000001,0.8571428571428571,0.8571428571428571
full_bundle,simu5g_00000616,38.1,gnb_1,2|3|4,3,7,25,0.28,15,15,0,15.0,2,2,0,2.0,99.5120888893298,8.001277482810337,3.1666666666666665,0.0,1,3,"[[0, 1, 2]]",0.7290781116502738,0.7290781116502738,0.0,4.0,4.0,0.4000000000000001,0.4000000000000001,0.7142857142857143,0.7142857142857143
full_bundle,simu5g_00000617,38.1,gnb_2,5|6|7,3,7,25,0.28,13,15,2,14.0,2,2,0,2.0,128.57983871145953,37.90911677147301,3.1666666666666665,0.0,1,3,"[[0, 1, 2]]",0.7290781116502738,0.7290781116502738,0.0,4.0,4.0,0.4000000000000001,0.4000000000000001,0.8571428571428571,0.8571428571428571
full_bundle,simu5g_00000618,38.2,gnb_1,2|3|4,3,7,25,0.28,15,15,0,15.0,2,2,0,2.0,99.6447563738529,8.580722958904929,3.1666666666666665,0.0,1,3,"[[0, 1, 2]]",0.7290781116502738,0.7290781116502738,0.0,4.0,4.0,0.4000000000000001,0.4000000000000001,0.7142857142857143,0.7142857142857143
full_bundle,simu5g_00000619,38.2,gnb_2,5|6|7,3,7,25,0.28,13,15,2,14.0,2,2,0,2.0,128.20717983978676,37.829450299894944,3.1666666666666665,0.0,1,3,"[[0, 1, 2]]",0.7290781116502738,0.7290781116502738,0.0,4.0,4.0,0.4000000000000001,0.4000000000000001,0.8571428571428571,0.8571428571428571
full_bundle,simu5g_00000620,38.3,gnb_1,2|3|4,3,7,25,0.28,15,15,0,15.0,2,2,0,2.0,99.78753832138773,9.164780696693256,3.1666666666666665,0.0,1,3,"[[0, 1, 2]]",0.7290781116502738,0.7290781116502738,0.0,4.0,4.0,0.4000000000000001,0.4000000000000001,0.7142857142857143,0.7142857142857143
full_bundle,simu5g_00000621,38.3,gnb_2,5|6|7,3,7,25,0.28,13,15,2,14.0,2,2,0,2.0,127.83640860334623,37.74549695353885,3.1666666666666665,0.0,1,3,"[[0, 1, 2]]",0.7290781116502738,0.7290781116502738,0.0,4.0,4.0,0.4000000000000001,0.4000000000000001,0.8571428571428571,0.8571428571428571
full_bundle,simu5g_00000622,38.4,gnb_1,2|3|4,3,7,25,0.28,15,15,0,15.0,2,2,0,2.0,99.94039304325445,9.75354463340581,3.1666666666666665,0.0,1,3,"[[0, 1, 2]]",0.7290781116502738,0.7290781116502738,0.0,4.0,4.0,0.4000000000000001,0.4000000000000001,0.7142857142857143,0.7142857142857143
full_bundle,simu5g_00000623,38.4,gnb_2,5|6|7,3,7,25,0.28,13,15,2,14.0,2,2,0,2.0,127.467727222706,37.660188398377045,3.1666666666666665,0.0,1,3,"[[0, 1, 2]]",0.7290781116502738,0.7290781116502738,0.0,4.0,4.0,0.4000000000000001,0.4000000000000001,0.8571428571428571,0.8571428571428571
full_bundle,simu5g_00000624,38.5,gnb_1,2|3|4,3,7,25,0.28,15,15,0,15.0,2,2,0,2.0,100.10339583423949,10.348983291770182,3.1666666666666665,0.0,1,3,"[[0, 1, 2]]",0.7290781116502738,0.7290781116502738,0.0,4.0,4.0,0.4000000000000001,0.4000000000000001,0.7142857142857143,0.7142857142857143
full_bundle,simu5g_00000625,38.5,gnb_2,5|6|7,3,7,25,0.28,13,15,2,14.333333333333334,2,2,0,2.0,127.1007163436107,37.57247316173178,3.1666666666666665,0.0,1,3,"[[0, 1, 2]]",0.7290781116502738,0.7290781116502738,0.0,4.0,4.0,0.4000000000000001,0.4000000000000001,0.8571428571428571,0.8571428571428571
full_bundle,simu5g_00000626,38.6,gnb_1,2|3|4,3,7,25,0.28,15,15,0,15.0,2,2,0,2.0,100.27566100036985,10.947739532699956,3.1666666666666665,0.0,1,3,"[[0, 1, 2]]",0.7290781116502738,0.7290781116502738,0.0,4.0,4.0,0.4000000000000001,0.4000000000000001,0.7142857142857143,0.7142857142857143
full_bundle,simu5g_00000627,38.6,gnb_2,5|6|7,3,7,25,0.28,12,15,3,14.0,2,2,0,2.0,126.7344942740284,37.48035524524157,3.2777777777777772,0.3333333333333335,1,3,"[[0, 1, 2]]",0.7290781116502738,0.7290781116502738,0.0,4.0,4.0,0.4000000000000001,0.4000000000000001,0.8571428571428571,0.8571428571428571
full_bundle,simu5g_00000628,38.7,gnb_1,2|3|4,3,7,25,0.28,15,15,0,15.0,2,2,0,2.0,100.4577851438958,11.550448653082228,3.1666666666666665,0.0,1,3,"[[0, 1, 2]]",0.7290781116502738,0.7290781116502738,0.0,4.0,4.0,0.4000000000000001,0.4000000000000001,0.7142857142857143,0.7142857142857143
full_bundle,simu5g_00000629,38.7,gnb_2,5|6|7,3,7,25,0.28,12,15,3,14.0,2,2,0,2.0,126.37032521523376,37.38458298705942,3.2777777777777772,0.3333333333333335,1,3,"[[0, 1, 2]]",0.7290781116502738,0.7290781116502738,0.0,4.0,4.0,0.4000000000000001,0.4000000000000001,0.8571428571428571,0.8571428571428571
full_bundle,simu5g_00000630,38.8,gnb_1,2|3|4,3,7,25,0.28,15,15,0,15.0,2,2,0,2.0,100.64991895015002,12.855030080704125,3.1666666666666665,0.0,1,3,"[[0, 1, 2]]",0.7290781116502738,0.7290781116502738,0.0,4.0,4.0,0.4000000000000001,0.4000000000000001,0.7142857142857143,0.7142857142857143
full_bundle,simu5g_00000631,38.8,gnb_2,5|6|7,3,7,25,0.28,12,15,3,14.0,2,2,0,2.0,126.00906400028724,37.288372493676505,3.2777777777777772,0.3333333333333335,1,3,"[[0, 1, 2]]",0.7290781116502738,0.7290781116502738,0.0,4.0,4.0,0.4000000000000001,0.4000000000000001,0.8571428571428571,0.8571428571428571
full_bundle,simu5g_00000632,38.9,gnb_1,2|3|4,3,7,25,0.28,15,15,0,15.0,2,2,0,2.0,100.85194857952057,14.18113456993973,3.1666666666666665,0.0,1,3,"[[0, 1, 2]]",0.7290781116502738,0.7290781116502738,0.0,4.0,4.0,0.4000000000000001,0.4000000000000001,0.7142857142857143,0.7142857142857143
full_bundle,simu5g_00000633,38.9,gnb_2,5|6|7,3,7,25,0.28,12,15,3,14.0,2,2,0,2.0,125.64917191902136,37.189258827036696,3.2777777777777772,0.3333333333333335,1,3,"[[0, 1, 2]]",0.7290781116502738,0.7290781116502738,0.0,4.0,4.0,0.4000000000000001,0.4000000000000001,0.8571428571428571,0.8571428571428571
full_bundle,simu5g_00000634,39.0,gnb_1,2|3|4,3,7,25,0.28,15,15,0,15.0,2,2,0,2.0,101.06348391804687,15.50932453514038,3.1666666666666665,0.0,1,3,"[[0, 1, 2]]",0.7290781116502738,0.7290781116502738,0.0,4.0,4.0,0.4000000000000001,0.4000000000000001,0.7142857142857143,0.7142857142857143
full_bundle,simu5g_00000635,39.0,gnb_2,5|6|7,3,7,25,0.28,12,15,3,14.0,2,2,0,2.0,125.2909373411249,37.08609385029597,3.2777777777777772,0.3333333333333335,1,3,"[[0, 1, 2]]",0.7290781116502738,0.7290781116502738,0.0,4.0,4.0,0.4000000000000001,0.4000000000000001,0.8571428571428571,0.8571428571428571
full_bundle,simu5g_00000636,39.1,gnb_1,2|3|4,3,7,25,0.28,15,15,0,15.0,2,2,0,2.0,101.28452313548325,16.83639861841543,3.1666666666666665,0.0,1,3,"[[0, 1, 2]]",0.7290781116502738,0.7290781116502738,0.0,4.0,4.0,0.4000000000000001,0.4000000000000001,0.7142857142857143,0.7142857142857143
full_bundle,simu5g_00000637,39.1,gnb_2,5|6|7,3,7,25,0.28,12,15,3,14.0,2,2,0,2.0,124.93421375985736,36.9799456434385,3.2777777777777772,0.3333333333333335,1,3,"[[0, 1, 2]]",0.7290781116502738,0.7290781116502738,0.0,4.0,4.0,0.4000000000000001,0.4000000000000001,0.8571428571428571,0.8571428571428571
full_bundle,simu5g_00000638,39.2,gnb_1,2|3|4,3,7,25,0.28,15,15,0,15.0,2,2,0,2.0,101.51519747509616,18.16171041058564,3.1666666666666665,0.0,1,3,"[[0, 1, 2]]",0.7290781116502738,0.7290781116502738,0.0,4.0,4.0,0.4000000000000001,0.4000000000000001,0.7142857142857143,0.7142857142857143
full_bundle,simu5g_00000639,39.2,gnb_2,5|6|7,3,7,25,0.28,12,15,3,14.0,2,2,0,2.0,124.57950655486451,36.87172229966558,3.222222222222222,0.16666666666666696,1,3,"[[0, 1, 2]]",0.7290781116502738,0.7290781116502738,0.0,4.0,4.0,0.4000000000000001,0.4000000000000001,0.8571428571428571,0.8571428571428571
full_bundle,simu5g_00000640,39.3,gnb_1,2|3|4,3,7,25,0.28,14,15,1,14.666666666666666,2,2,0,2.0,101.75527735820889,19.48675345423119,3.1666666666666665,0.0,1,3,"[[0, 1, 2]]",0.7290781116502738,0.7290781116502738,0.0,4.0,4.0,0.4000000000000001,0.4000000000000001,0.7142857142857143,0.7142857142857143
full_bundle,simu5g_00000641,39.3,gnb_2,5|6|7,3,7,25,0.28,12,15,3,14.0,2,2,0,2.0,124.22618275610182,36.76035428865609,3.222222222222222,0.16666666666666696,1,3,"[[0, 1, 2]]",0.7290781116502738,0.7290781116502738,0.0,4.0,4.0,0.4000000000000001,0.4000000000000001,0.8571428571428571,0.8571428571428571
full_bundle,simu5g_00000642,39.4,gnb_1,2|3|4,3,7,25,0.28,14,15,1,14.666666666666666,2,2,0,2.0,102.0049532714467,20.811122095428317,3.1666666666666665,0.0,1,3,"[[0, 1, 2]]",0.7290781116502738,0.7290781116502738,0.0,4.0,4.0,0.4000000000000001,0.4000000000000001,0.7142857142857143,0.7142857142857143
full_bundle,simu5g_00000643,39.4,gnb_2,5|6|7,3,7,25,0.28,12,15,3,13.333333333333334,2,2,0,2.0,123.87457077593298,36.644345435922816,3.222222222222222,0.16666666666666696,1,3,"[[0, 1, 2]]",0.7290781116502738,0.7290781116502738,0.0,4.0,4.0,0.4000000000000001,0.4000000000000001,0.8571428571428571,0.8571428571428571
full_bundle,simu5g_00000644,39.5,gnb_1,2|3|4,3,7,25,0.28,14,15,1,14.666666666666666,2,2,0,2.0,102.26452978554276,22.13251265222638,3.1666666666666665,0.0,1,3,"[[0, 1, 2]]",0.7290781116502738,0.7290781116502738,0.0,4.0,4.0,0.4000000000000001,0.4000000000000001,0.7142857142857143,0.7142857142857143
full_bundle,simu5g_00000645,39.5,gnb_2,5|6|7,3,7,25,0.28,12,14,2,13.0,2,2,0,2.0,123.52475552370515,36.5254642776282,3.222222222222222,0.16666666666666696,1,3,"[[0, 1, 2]]",0.7290781116502738,0.7290781116502738,0.0,4.0,4.0,0.4000000000000001,0.4000000000000001,0.8571428571428571,0.8571428571428571
full_bundle,simu5g_00000646,39.6,gnb_1,2|3|4,3,7,25,0.28,14,15,1,14.666666666666666,2,2,0,2.0,102.53305183706732,23.45117772079537,3.1666666666666665,0.0,1,3,"[[0, 1, 2]]",0.7290781116502738,0.7290781116502738,0.0,4.0,4.0,0.4000000000000001,0.4000000000000001,0.7142857142857143,0.7142857142857143
full_bundle,simu5g_00000647,39.6,gnb_2,5|6|7,3,7,25,0.28,12,14,2,13.0,2,2,0,2.0,123.17672446011026,36.40393068147333,3.222222222222222,0.16666666666666696,1,3,"[[0, 1, 2]]",0.7290781116502738,0.7290781116502738,0.0,4.0,4.0,0.4000000000000001,0.4000000000000001,0.8571428571428571,0.8571428571428571
full_bundle,simu5g_00000648,39.7,gnb_1,2|3|4,3,7,25,0.28,14,15,1,14.666666666666666,2,2,0,2.0,102.81123855783825,24.7687405537186,3.1666666666666665,0.0,1,3,"[[0, 1, 2]]",0.7290781116502738,0.7290781116502738,0.0,4.0,4.0,0.4000000000000001,0.4000000000000001,0.7142857142857143,0.7142857142857143
full_bundle,simu5g_00000649,39.7,gnb_2,5|6|7,3,7,25,0.28,12,14,2,13.0,2,2,0,2.0,122.8307304164908,36.280243886066344,3.222222222222222,0.16666666666666696,1,3,"[[0, 1, 2]]",0.7290781116502738,0.7290781116502738,0.0,4.0,4.0,0.4000000000000001,0.4000000000000001,0.8571428571428571,0.8571428571428571
full_bundle,simu5g_00000650,39.8,gnb_1,2|3|4,3,7,25,0.28,14,15,1,14.333333333333334,2,2,0,2.0,103.09803521481588,26.082606053603243,3.1666666666666665,0.0,1,3,"[[0, 1, 2]]",0.7290781116502738,0.7290781116502738,0.0,4.0,4.0,0.4000000000000001,0.4000000000000001,0.7142857142857143,0.7142857142857143
full_bundle,simu5g_00000651,39.8,gnb_2,5|6|7,3,7,25,0.28,13,14,1,13.666666666666666,2,2,0,2.0,122.48726861475465,36.154893781839604,3.1666666666666665,0.0,1,3,"[[0, 1, 2]]",0.7290781116502738,0.7290781116502738,0.0,4.0,4.0,0.4000000000000001,0.4000000000000001,0.7142857142857143,0.7142857142857143
full_bundle,simu5g_00000652,39.9,gnb_1,2|3|4,3,7,25,0.28,14,15,1,14.333333333333334,2,2,0,2.0,103.3948784526339,27.393480639253227,3.1666666666666665,0.0,1,3,"[[0, 1, 2]]",0.7290781116502738,0.7290781116502738,0.0,4.0,4.0,0.4000000000000001,0.4000000000000001,0.7142857142857143,0.7142857142857143
full_bundle,simu5g_00000653,39.9,gnb_2,5|6|7,3,7,25,0.28,13,14,1,13.666666666666666,2,2,0,2.0,122.14547659490718,36.0242745950173,3.1666666666666665,0.0,1,3,"[[0, 1, 2]]",0.7290781116502738,0.7290781116502738,0.0,4.0,4.0,0.4000000000000001,0.4000000000000001,0.7142857142857143,0.7142857142857143
full_bundle,simu5g_00000654,40.0,gnb_1,2|3|4,3,7,25,0.28,13,14,1,13.666666666666666,2,2,0,2.0,103.70082379770606,28.701092974629134,3.222222222222222,0.16666666666666696,1,3,"[[0, 1, 2]]",0.7290781116502738,0.7290781116502738,0.0,4.0,4.0,0.4000000000000001,0.4000000000000001,0.8571428571428571,0.8571428571428571
full_bundle,simu5g_00000655,40.0,gnb_2,5|6|7,3,7,25,0.28,12,14,2,13.333333333333334,2,2,0,2.0,121.80575404174117,35.89176552004925,3.222222222222222,0.16666666666666696,1,3,"[[0, 1, 2]]",0.7290781116502738,0.7290781116502738,0.0,4.0,4.0,0.4000000000000001,0.4000000000000001,0.8571428571428571,0.8571428571428571
full_bundle,simu5g_00000656,40.1,gnb_1,2|3|4,3,7,25,0.28,13,14,1,13.666666666666666,2,2,0,2.0,104.01577892569382,30.003219017274816,3.222222222222222,0.16666666666666696,1,3,"[[0, 1, 2]]",0.7290781116502738,0.7290781116502738,0.0,4.0,4.0,0.4000000000000001,0.4000000000000001,0.8571428571428571,0.8571428571428571
full_bundle,simu5g_00000657,40.1,gnb_2,5|6|7,3,7,25,0.28,12,14,2,13.333333333333334,2,2,0,2.0,121.46808057276746,35.75618047284219,3.222222222222222,0.16666666666666696,1,3,"[[0, 1, 2]]",0.7290781116502738,0.7290781116502738,0.0,4.0,4.0,0.4000000000000001,0.4000000000000001,0.8571428571428571,0.8571428571428571
full_bundle,simu5g_00000658,40.2,gnb_1,2|3|4,3,7,25,0.28,13,15,2,14.0,2,2,0,2.0,104.33946612689766,31.301048403951015,3.222222222222222,0.16666666666666696,1,3,"[[0, 1, 2]]",0.7290781116502738,0.7290781116502738,0.0,4.0,4.0,0.4000000000000001,0.4000000000000001,0.8571428571428571,0.8571428571428571
full_bundle,simu5g_00000659,40.2,gnb_2,5|6|7,3,7,25,0.28,12,14,2,13.333333333333334,2,2,0,2.0,121.13249552636411,35.61741185782681,3.222222222222222,0.16666666666666696,1,3,"[[0, 1, 2]]",0.7290781116502738,0.7290781116502738,0.0,4.0,4.0,0.4000000000000001,0.4000000000000001,0.8571428571428571,0.8571428571428571
full_bundle,simu5g_00000660,40.3,gnb_1,2|3|4,3,7,25,0.28,13,15,2,14.0,2,2,0,2.0,104.67203868627875,32.594081460018856,3.222222222222222,0.16666666666666696,1,3,"[[0, 1, 2]]",0.7290781116502738,0.7290781116502738,0.0,4.0,4.0,0.4000000000000001,0.4000000000000001,0.8571428571428571,0.8571428571428571
full_bundle,simu5g_00000661,40.3,gnb_2,5|6|7,3,7,25,0.28,12,14,2,13.333333333333334,2,2,0,2.0,120.79888891617826,35.47716951319846,3.222222222222222,0.16666666666666696,1,3,"[[0, 1, 2]]",0.7290781116502738,0.7290781116502738,0.0,4.0,4.0,0.4000000000000001,0.4000000000000001,0.8571428571428571,0.8571428571428571
full_bundle,simu5g_00000662,40.4,gnb_1,2|3|4,3,7,25,0.28,14,15,1,14.666666666666666,2,2,0,2.0,105.01382982767893,33.88291641873924,3.1666666666666665,0.0,1,3,"[[0, 1, 2]]",0.7290781116502738,0.7290781116502738,0.0,4.0,4.0,0.4000000000000001,0.4000000000000001,0.7142857142857143,0.7142857142857143
full_bundle,simu5g_00000663,40.4,gnb_2,5|6|7,3,7,25,0.28,12,14,2,13.333333333333334,2,2,0,2.0,120.46688569396163,35.33196374547764,3.222222222222222,0.16666666666666696,1,3,"[[0, 1, 2]]",0.7290781116502738,0.7290781116502738,0.0,4.0,4.0,0.4000000000000001,0.4000000000000001,0.8571428571428571,0.8571428571428571
full_bundle,simu5g_00000664,40.5,gnb_1,2|3|4,3,7,25,0.28,14,15,1,14.666666666666666,2,2,0,2.0,105.36442611161124,35.16556936533398,3.1666666666666665,0.0,1,3,"[[0, 1, 2]]",0.7290781116502738,0.7290781116502738,0.0,4.0,4.0,0.4000000000000001,0.4000000000000001,0.7142857142857143,0.7142857142857143
full_bundle,simu5g_00000665,40.5,gnb_2,5|6|7,3,7,25,0.28,12,14,2,12.666666666666666,2,2,0,2.0,120.13683273768872,35.18247958779014,3.277777777777778,0.16666666666666696,1,3,"[[0, 1, 2]]",0.7290781116502738,0.7290781116502738,0.0,4.0,4.0,0.4000000000000001,0.4000000000000001,0.8571428571428571,0.8571428571428571
full_bundle,simu5g_00000666,40.6,gnb_1,3|4,2,7,25,0.28,14,15,1,14.5,2,2,0,2.0,95.7258341895677,12.896223908084579,3.1666666666666665,0.0,1,2,"[[0, 1]]",0.7290781116502738,0.7290781116502738,0.0,4.0,4.0,0.4,0.4,0.7142857142857143,0.7142857142857143
full_bundle,simu5g_00000667,40.6,gnb_2,5|6|7,3,7,25,0.28,12,14,2,13.333333333333334,2,2,0,2.0,119.8093784245847,35.03176718046238,3.222222222222222,0.16666666666666696,1,3,"[[0, 1, 2]]",0.7290781116502738,0.7290781116502738,0.0,4.0,4.0,0.4000000000000001,0.4000000000000001,0.8571428571428571,0.8571428571428571
full_bundle,simu5g_00000668,40.7,gnb_1,3|4,2,7,25,0.28,14,15,1,14.5,2,3,1,2.5,95.77444540723688,13.518624397333554,3.1666666666666665,0.0,1,2,"[[0, 1]]",0.7790781116502739,0.7790781116502739,0.0,4.0,4.0,0.30000000000000004,0.30000000000000004,0.7142857142857143,0.7142857142857143
full_bundle,simu5g_00000669,40.7,gnb_2,5|6|7,3,7,25,0.28,12,14,2,13.333333333333334,2,2,0,2.0,119.48402565414744,34.87780260467966,3.222222222222222,0.16666666666666696,1,3,"[[0, 1, 2]]",0.7290781116502738,0.7290781116502738,0.0,4.0,4.0,0.4000000000000001,0.4000000000000001,0.8571428571428571,0.8571428571428571
full_bundle,simu5g_00000670,40.8,gnb_1,3|4,2,7,25,0.28,15,15,0,15.0,3,3,0,3.0,95.83301774975308,14.134753620918602,3.1666666666666665,0.0,1,2,"[[0, 1]]",0.8290781116502739,0.8290781116502739,0.0,4.0,4.0,0.2,0.2,0.7142857142857143,0.7142857142857143
full_bundle,simu5g_00000671,40.8,gnb_2,5|6|7,3,7,25,0.28,12,14,2,13.333333333333334,2,2,0,2.0,119.16077467699297,34.71973402642419,3.222222222222222,0.16666666666666696,1,3,"[[0, 1, 2]]",0.7290781116502738,0.7290781116502738,0.0,4.0,4.0,0.4000000000000001,0.4000000000000001,0.8571428571428571,0.8571428571428571
full_bundle,simu5g_00000672,40.9,gnb_1,3|4,2,7,25,0.28,15,15,0,15.0,3,3,0,3.0,95.90141473963789,14.74412411377628,3.1666666666666665,0.0,1,2,"[[0, 1]]",0.8290781116502739,0.8290781116502739,0.0,4.0,4.0,0.2,0.2,0.7142857142857143,0.7142857142857143
full_bundle,simu5g_00000673,40.9,gnb_2,5|6|7,3,7,25,0.28,12,14,2,13.333333333333334,2,2,0,2.0,118.83928456755639,34.55772064513491,3.222222222222222,0.16666666666666696,1,3,"[[0, 1, 2]]",0.7290781116502738,0.7290781116502738,0.0,4.0,4.0,0.4000000000000001,0.4000000000000001,0.8571428571428571,0.8571428571428571
full_bundle,simu5g_00000674,41.0,gnb_1,3|4,2,7,25,0.28,15,15,0,15.0,3,3,0,3.0,95.97985886845622,15.345231900171967,3.1666666666666665,0.0,1,2,"[[0, 1]]",0.8290781116502739,0.8290781116502739,0.0,4.0,4.0,0.2,0.2,0.7142857142857143,0.7142857142857143
full_bundle,simu5g_00000675,41.0,gnb_2,5|6|7,3,7,25,0.28,14,14,0,14.0,2,2,0,2.0,118.51961403888511,34.39305420229435,3.1666666666666665,0.0,1,3,"[[0, 1, 2]]",0.7290781116502738,0.7290781116502738,0.0,4.0,4.0,0.4000000000000001,0.4000000000000001,0.7142857142857143,0.7142857142857143
full_bundle,simu5g_00000676,41.1,gnb_1,3|4,2,7,25,0.28,15,15,0,15.0,3,3,0,3.0,96.06794787912719,15.938575706617144,3.1666666666666665,0.0,1,2,"[[0, 1]]",0.8290781116502739,0.8290781116502739,0.0,4.0,4.0,0.2,0.2,0.7142857142857143,0.7142857142857143
full_bundle,simu5g_00000677,41.1,gnb_2,5|6|7,3,7,25,0.28,14,14,0,14.0,2,2,0,2.0,118.20305775679877,34.22682444722666,3.1666666666666665,0.0,1,3,"[[0, 1, 2]]",0.7290781116502738,0.7290781116502738,0.0,4.0,4.0,0.4000000000000001,0.4000000000000001,0.7142857142857143,0.7142857142857143
full_bundle,simu5g_00000678,41.2,gnb_1,3|4,2,7,25,0.28,15,15,0,15.0,3,3,0,3.0,96.16563372312422,16.524118177898288,3.1666666666666665,0.0,1,2,"[[0, 1]]",0.8290781116502739,0.8290781116502739,0.0,4.0,4.0,0.2,0.2,0.7142857142857143,0.7142857142857143
full_bundle,simu5g_00000679,41.2,gnb_2,5|6|7,3,7,25,0.28,14,14,0,14.0,2,2,0,2.0,117.88771356281063,34.05570777333229,3.1666666666666665,0.0,1,3,"[[0, 1, 2]]",0.7290781116502738,0.7290781116502738,0.0,4.0,4.0,0.4000000000000001,0.4000000000000001,0.7142857142857143,0.7142857142857143
full_bundle,simu5g_00000680,41.3,gnb_1,3|4,2,7,25,0.28,15,15,0,15.0,3,3,0,3.0,96.27334667310316,17.101562242580826,3.1666666666666665,0.0,1,2,"[[0, 1]]",0.8290781116502739,0.8290781116502739,0.0,4.0,4.0,0.2,0.2,0.7142857142857143,0.7142857142857143
full_bundle,simu5g_00000681,41.3,gnb_2,5|6|7,3,7,25,0.28,14,14,0,14.0,2,2,0,2.0,117.57531901413908,33.881654176326265,3.1666666666666665,0.0,1,3,"[[0, 1, 2]]",0.7290781116502738,0.7290781116502738,0.0,4.0,4.0,0.4000000000000001,0.4000000000000001,0.7142857142857143,0.7142857142857143
full_bundle,simu5g_00000682,41.4,gnb_1,3|4,2,7,25,0.28,15,15,0,15.0,3,3,0,3.0,96.39070245401757,17.67130171247379,3.1666666666666665,0.0,1,2,"[[0, 1]]",0.8290781116502739,0.8290781116502739,0.0,4.0,4.0,0.2,0.2,0.7142857142857143,0.7142857142857143
full_bundle,simu5g_00000683,41.4,gnb_2,5|6|7,3,7,25,0.28,14,14,0,14.0,2,2,0,2.0,117.26562049411602,33.705848311253874,3.1666666666666665,0.0,1,3,"[[0, 1, 2]]",0.7290781116502738,0.7290781116502738,0.0,4.0,4.0,0.4000000000000001,0.4000000000000001,0.7142857142857143,0.7142857142857143
full_bundle,simu5g_00000684,41.5,gnb_1,3|4,2,7,25,0.28,15,15,0,15.0,3,3,0,3.0,96.51777261110527,18.232503739113213,3.1666666666666665,0.0,1,2,"[[0, 1]]",0.8290781116502739,0.8290781116502739,0.0,4.0,4.0,0.2,0.2,0.7142857142857143,0.7142857142857143
full_bundle,simu5g_00000685,41.5,gnb_2,5|6|7,3,7,25,0.28,14,15,1,14.333333333333334,2,2,0,2.0,116.95782407502226,33.52572164641836,3.1666666666666665,0.0,1,3,"[[0, 1, 2]]",0.7290781116502738,0.7290781116502738,0.0,4.0,4.0,0.4000000000000001,0.4000000000000001,0.7142857142857143,0.7142857142857143
full_bundle,simu5g_00000686,41.6,gnb_1,3|4,2,7,25,0.28,15,15,0,15.0,3,3,0,3.0,96.6553792522282,18.78658549777782,3.1666666666666665,0.0,1,2,"[[0, 1]]",0.8290781116502739,0.8290781116502739,0.0,4.0,4.0,0.2,0.2,0.7142857142857143,0.7142857142857143
full_bundle,simu5g_00000687,41.6,gnb_2,5|6|7,3,7,25,0.28,14,15,1,14.333333333333334,2,2,0,2.0,116.65199181892979,33.34126998542155,3.1666666666666665,0.0,1,3,"[[0, 1, 2]]",0.7290781116502738,0.7290781116502738,0.0,4.0,4.0,0.4000000000000001,0.4000000000000001,0.7142857142857143,0.7142857142857143
full_bundle,simu5g_00000688,41.7,gnb_1,3|4,2,7,25,0.28,15,15,0,15.0,3,3,0,3.0,96.80226409429949,19.330565877210645,3.1666666666666665,0.0,1,2,"[[0, 1]]",0.8290781116502739,0.8290781116502739,0.0,4.0,4.0,0.2,0.2,0.7142857142857143,0.7142857142857143
full_bundle,simu5g_00000689,41.7,gnb_2,5|6|7,3,7,25,0.28,14,15,1,14.333333333333334,2,2,0,2.0,116.34826614462236,33.15484391346348,3.1666666666666665,0.0,1,3,"[[0, 1, 2]]",0.7290781116502738,0.7290781116502738,0.0,4.0,4.0,0.4000000000000001,0.4000000000000001,0.7142857142857143,0.7142857142857143
full_bundle,simu5g_00000690,41.8,gnb_1,3|4,2,7,25,0.28,15,15,0,15.0,3,3,0,3.0,96.95922350994113,19.866705919147492,3.1666666666666665,0.0,1,2,"[[0, 1]]",0.8290781116502739,0.8290781116502739,0.0,4.0,4.0,0.2,0.2,0.7142857142857143,0.7142857142857143
full_bundle,simu5g_00000691,41.8,gnb_2,5|6|7,3,7,25,0.28,13,15,2,14.0,2,2,0,2.0,116.0468518646557,32.963597570043135,3.222222222222222,0.16666666666666696,1,3,"[[0, 1, 2]]",0.7290781116502738,0.7290781116502738,0.0,4.0,4.0,0.4000000000000001,0.4000000000000001,0.8571428571428571,0.8571428571428571
full_bundle,simu5g_00000692,41.9,gnb_1,3|4,2,7,25,0.28,15,15,0,15.0,3,3,0,3.0,97.12623955265764,20.39427416887645,3.1666666666666665,0.0,1,2,"[[0, 1]]",0.8290781116502739,0.8290781116502739,0.0,4.0,4.0,0.2,0.2,0.7142857142857143,0.7142857142857143
full_bundle,simu5g_00000693,41.9,gnb_2,5|6|7,3,7,25,0.28,13,15,2,14.0,2,2,0,2.0,115.74842560644187,32.77159180031113,3.222222222222222,0.16666666666666696,1,3,"[[0, 1, 2]]",0.7290781116502738,0.7290781116502738,0.0,4.0,4.0,0.4000000000000001,0.4000000000000001,0.8571428571428571,0.8571428571428571
full_bundle,simu5g_00000694,42.0,gnb_1,3|4|5,3,7,25,0.28,12,15,3,14.0,2,3,1,2.6666666666666665,97.04938121911077,20.912105933702293,3.222222222222222,0.16666666666666696,1,3,"[[0, 1, 2]]",0.7957447783169406,0.7957447783169406,0.0,4.0,4.0,0.26666666666666666,0.26666666666666666,0.8571428571428571,0.8571428571428571
full_bundle,simu5g_00000695,42.0,gnb_2,6|7,2,7,25,0.28,13,14,1,13.5,2,2,0,2.0,124.90686022596562,8.420823123381211,3.25,0.16666666666666696,1,2,"[[0, 1]]",0.7290781116502738,0.7290781116502738,0.0,4.0,4.0,0.4,0.4,0.8571428571428571,0.8571428571428571
full_bundle,simu5g_00000696,42.1,gnb_1,3|4|5,3,7,25,0.28,12,15,3,14.0,2,2,0,2.0,97.11682227524,21.42137280408265,3.222222222222222,0.16666666666666696,1,3,"[[0, 1, 2]]",0.7290781116502738,0.7290781116502738,0.0,4.0,4.0,0.4000000000000001,0.4000000000000001,0.8571428571428571,0.8571428571428571
full_bundle,simu5g_00000697,42.1,gnb_2,6|7,2,7,25,0.28,13,14,1,13.5,2,3,1,2.5,124.55067122372606,8.391135061038241,3.25,0.16666666666666696,1,2,"[[0, 1]]",0.7790781116502739,0.7790781116502739,0.0,4.0,4.0,0.30000000000000004,0.30000000000000004,0.8571428571428571,0.8571428571428571
full_bundle,simu5g_00000698,42.2,gnb_1,3|4|5,3,7,25,0.28,12,15,3,14.0,2,2,0,2.0,97.19231165490585,21.921263634883502,3.222222222222222,0.16666666666666696,1,3,"[[0, 1, 2]]",0.7290781116502738,0.7290781116502738,0.0,4.0,4.0,0.4000000000000001,0.4000000000000001,0.8571428571428571,0.8571428571428571
full_bundle,simu5g_00000699,42.2,gnb_2,6|7,2,7,25,0.28,13,13,0,13.0,3,3,0,3.0,124.19589509184814,8.36102822328796,3.3333333333333335,0.0,1,2,"[[0, 1]]",0.8290781116502739,0.8290781116502739,0.0,4.0,4.0,0.2,0.2,0.8571428571428571,0.8571428571428571
full_bundle,simu5g_00000700,42.3,gnb_1,3|4|5,3,7,25,0.28,12,15,3,14.0,2,2,0,2.0,97.27572037834977,22.412092775363305,3.222222222222222,0.16666666666666696,1,3,"[[0, 1, 2]]",0.7290781116502738,0.7290781116502738,0.0,4.0,4.0,0.4000000000000001,0.4000000000000001,0.8571428571428571,0.8571428571428571
full_bundle,simu5g_00000701,42.3,gnb_2,6|7,2,7,25,0.28,13,13,0,13.0,3,3,0,3.0,123.84190427136876,8.329959918907576,3.3333333333333335,0.0,1,2,"[[0, 1]]",0.8290781116502739,0.8290781116502739,0.0,4.0,4.0,0.2,0.2,0.8571428571428571,0.8571428571428571
full_bundle,simu5g_00000702,42.4,gnb_1,3|4|5,3,7,25,0.28,12,15,3,14.0,2,2,0,2.0,97.36773253888038,22.894840996318848,3.222222222222222,0.16666666666666696,1,3,"[[0, 1, 2]]",0.7290781116502738,0.7290781116502738,0.0,4.0,4.0,0.4000000000000001,0.4000000000000001,0.8571428571428571,0.8571428571428571
full_bundle,simu5g_00000703,42.4,gnb_2,6|7,2,7,25,0.28,11,13,2,12.0,3,3,0,3.0,123.49005265438319,8.298354974551415,3.5,0.33333333333333304,1,2,"[[0, 1]]",0.8290781116502739,0.8290781116502739,0.0,4.0,4.0,0.2,0.2,0.8571428571428571,0.8571428571428571
full_bundle,simu5g_00000704,42.5,gnb_1,3|4|5,3,7,25,0.28,12,15,3,14.0,2,2,0,2.0,97.46745513552482,23.367466123692054,3.2777777777777772,0.3333333333333335,1,3,"[[0, 1, 2]]",0.7290781116502738,0.7290781116502738,0.0,4.0,4.0,0.4000000000000001,0.4000000000000001,0.8571428571428571,0.8571428571428571
full_bundle,simu5g_00000705,42.5,gnb_2,6|7,2,7,25,0.28,11,13,2,12.0,3,3,0,3.0,123.13951961716998,8.267640430602668,3.5,0.33333333333333304,1,2,"[[0, 1]]",0.8290781116502739,0.8290781116502739,0.0,4.0,4.0,0.2,0.2,0.8571428571428571,0.8571428571428571
full_bundle,simu5g_00000706,42.6,gnb_1,3|4|5,3,7,25,0.28,12,15,3,14.0,2,2,0,2.0,97.57527260604799,23.831172875665217,3.2777777777777772,0.3333333333333335,1,3,"[[0, 1, 2]]",0.7290781116502738,0.7290781116502738,0.0,4.0,4.0,0.4000000000000001,0.4000000000000001,0.8571428571428571,0.8571428571428571
full_bundle,simu5g_00000707,42.6,gnb_2,6|7,2,7,25,0.28,11,13,2,12.0,3,3,0,3.0,122.79071531346281,8.23641773893165,3.5,0.33333333333333304,1,2,"[[0, 1]]",0.8290781116502739,0.8290781116502739,0.0,4.0,4.0,0.2,0.2,0.8571428571428571,0.8571428571428571
full_bundle,simu5g_00000708,42.7,gnb_1,3|4|5,3,7,25,0.28,12,15,3,14.0,2,2,0,2.0,97.69096441072317,24.285278034367835,3.2777777777777772,0.3333333333333335,1,3,"[[0, 1, 2]]",0.7290781116502738,0.7290781116502738,0.0,4.0,4.0,0.4000000000000001,0.4000000000000001,0.8571428571428571,0.8571428571428571
full_bundle,simu5g_00000709,42.7,gnb_2,6|7,2,7,25,0.28,11,13,2,12.0,3,3,0,3.0,122.44275593962473,8.203080293984257,3.5,0.33333333333333304,1,2,"[[0, 1]]",0.8290781116502739,0.8290781116502739,0.0,4.0,4.0,0.2,0.2,0.8571428571428571,0.8571428571428571
full_bundle,simu5g_00000710,42.8,gnb_1,3|4|5,3,7,25,0.28,12,15,3,14.0,2,2,0,2.0,97.8144680994526,24.729163958672387,3.2777777777777772,0.3333333333333335,1,3,"[[0, 1, 2]]",0.7290781116502738,0.7290781116502738,0.0,4.0,4.0,0.4000000000000001,0.4000000000000001,0.8571428571428571,0.8571428571428571
full_bundle,simu5g_00000711,42.8,gnb_2,6|7,2,7,25,0.28,11,13,2,12.0,3,3,0,3.0,122.09636155446302,8.171282074910707,3.5,0.33333333333333304,1,2,"[[0, 1]]",0.8290781116502739,0.8290781116502739,0.0,4.0,4.0,0.2,0.2,0.8571428571428571,0.8571428571428571
full_bundle,simu5g_00000712,42.9,gnb_1,3|4|5,3,7,25,0.28,12,15,3,14.0,2,2,0,2.0,97.94605263167107,25.163784984028027,3.2777777777777772,0.3333333333333335,1,3,"[[0, 1, 2]]",0.7290781116502738,0.7290781116502738,0.0,4.0,4.0,0.4000000000000001,0.4000000000000001,0.8571428571428571,0.8571428571428571
full_bundle,simu5g_00000713,42.9,gnb_2,6|7,2,7,25,0.28,11,13,2,12.0,3,3,0,3.0,121.75077538998072,8.138845215108688,3.5,0.33333333333333304,1,2,"[[0, 1]]",0.8290781116502739,0.8290781116502739,0.0,4.0,4.0,0.2,0.2,0.8571428571428571,0.8571428571428571
full_bundle,simu5g_00000714,43.0,gnb_1,3|4,2,7,25,0.28,15,15,0,15.0,2,2,0,2.0,99.60960478609849,25.589867377038956,3.1666666666666665,0.0,1,2,"[[0, 1]]",0.7290781116502738,0.7290781116502738,0.0,4.0,4.0,0.4,0.4,0.7142857142857143,0.7142857142857143
full_bundle,simu5g_00000715,43.0,gnb_2,5|6|7,3,7,25,0.28,12,13,1,12.666666666666666,2,3,1,2.6666666666666665,112.61753559522761,30.420639778663954,3.3333333333333335,0.0,1,3,"[[0, 1, 2]]",0.7957447783169406,0.7957447783169406,0.0,4.0,4.0,0.26666666666666666,0.26666666666666666,0.8571428571428571,0.8571428571428571
full_bundle,simu5g_00000716,43.1,gnb_1,3|4,2,7,25,0.28,15,15,0,15.0,2,3,1,2.5,99.89355469948748,26.005608617124025,3.1666666666666665,0.0,1,2,"[[0, 1]]",0.7790781116502739,0.7790781116502739,0.0,4.0,4.0,0.30000000000000004,0.30000000000000004,0.7142857142857143,0.7142857142857143
full_bundle,simu5g_00000717,43.1,gnb_2,5|6|7,3,7,25,0.28,12,13,1,12.666666666666666,2,2,0,2.0,112.34799739507582,30.186785686695202,3.3333333333333335,0.0,1,3,"[[0, 1, 2]]",0.7290781116502738,0.7290781116502738,0.0,4.0,4.0,0.4000000000000001,0.4000000000000001,0.8571428571428571,0.8571428571428571
full_bundle,simu5g_00000718,43.2,gnb_1,3|4,2,7,25,0.28,15,15,0,15.0,3,3,0,3.0,100.18669046006264,26.411156805346494,3.1666666666666665,0.0,1,2,"[[0, 1]]",0.8290781116502739,0.8290781116502739,0.0,4.0,4.0,0.2,0.2,0.7142857142857143,0.7142857142857143
full_bundle,simu5g_00000719,43.2,gnb_2,5|6|7,3,7,25,0.28,12,13,1,12.666666666666666,2,2,0,2.0,112.0813215353259,29.95112043583046,3.3333333333333335,0.0,1,3,"[[0, 1, 2]]",0.7290781116502738,0.7290781116502738,0.0,4.0,4.0,0.4000000000000001,0.4000000000000001,0.8571428571428571,0.8571428571428571
full_bundle,simu5g_00000720,43.3,gnb_1,3|4,2,7,25,0.28,15,15,0,15.0,3,3,0,3.0,100.48995018831295,26.808231887344036,3.1666666666666665,0.0,1,2,"[[0, 1]]",0.8290781116502739,0.8290781116502739,0.0,4.0,4.0,0.2,0.2,0.7142857142857143,0.7142857142857143
full_bundle,simu5g_00000721,43.3,gnb_2,5|6|7,3,7,25,0.28,12,13,1,12.666666666666666,2,2,0,2.0,111.81660112714394,29.711084361686986,3.3333333333333335,0.0,1,3,"[[0, 1, 2]]",0.7290781116502738,0.7290781116502738,0.0,4.0,4.0,0.4000000000000001,0.4000000000000001,0.8571428571428571,0.8571428571428571
full_bundle,simu5g_00000722,43.4,gnb_1,3|4,2,7,25,0.28,15,15,0,15.0,3,3,0,3.0,100.8022202442771,27.195307547484646,3.1666666666666665,0.0,1,2,"[[0, 1]]",0.8290781116502739,0.8290781116502739,0.0,4.0,4.0,0.2,0.2,0.7142857142857143,0.7142857142857143
full_bundle,simu5g_00000723,43.4,gnb_2,5|6|7,3,7,25,0.28,12,14,2,13.0,2,2,0,2.0,111.5542053667698,29.466497165354085,3.277777777777778,0.16666666666666696,1,3,"[[0, 1, 2]]",0.7290781116502738,0.7290781116502738,0.0,4.0,4.0,0.4000000000000001,0.4000000000000001,0.8571428571428571,0.8571428571428571
full_bundle,simu5g_00000724,43.5,gnb_1,3|4,2,7,25,0.28,15,15,0,15.0,3,3,0,3.0,101.12384131014151,27.572793714770597,3.1666666666666665,0.0,1,2,"[[0, 1]]",0.8290781116502739,0.8290781116502739,0.0,4.0,4.0,0.2,0.2,0.7142857142857143,0.7142857142857143
full_bundle,simu5g_00000725,43.5,gnb_2,5|6|7,3,7,25,0.28,12,15,3,13.666666666666666,2,2,0,2.0,111.29411901904234,29.218490278757685,3.222222222222222,0.16666666666666696,1,3,"[[0, 1, 2]]",0.7290781116502738,0.7290781116502738,0.0,4.0,4.0,0.4000000000000001,0.4000000000000001,0.8571428571428571,0.8571428571428571
full_bundle,simu5g_00000726,43.6,gnb_1,3|4,2,7,25,0.28,15,15,0,15.0,3,3,0,3.0,101.45417267119662,27.93980043716951,3.1666666666666665,0.0,1,2,"[[0, 1]]",0.8290781116502739,0.8290781116502739,0.0,4.0,4.0,0.2,0.2,0.7142857142857143,0.7142857142857143
full_bundle,simu5g_00000727,43.6,gnb_2,5|6|7,3,7,25,0.28,13,15,2,14.0,2,2,0,2.0,111.0367457921363,28.966219381563718,3.222222222222222,0.16666666666666696,1,3,"[[0, 1, 2]]",0.7290781116502738,0.7290781116502738,0.0,4.0,4.0,0.4000000000000001,0.4000000000000001,0.8571428571428571,0.8571428571428571
full_bundle,simu5g_00000728,43.7,gnb_1,3|4,2,7,25,0.28,15,15,0,15.0,3,3,0,3.0,101.79444231810186,28.298105667143744,3.1666666666666665,0.0,1,2,"[[0, 1]]",0.8290781116502739,0.8290781116502739,0.0,4.0,4.0,0.2,0.2,0.7142857142857143,0.7142857142857143
full_bundle,simu5g_00000729,43.7,gnb_2,5|6|7,3,7,25,0.28,13,15,2,14.0,2,2,0,2.0,110.7820181272419,28.7113650566139,3.222222222222222,0.16666666666666696,1,3,"[[0, 1, 2]]",0.7290781116502738,0.7290781116502738,0.0,4.0,4.0,0.4000000000000001,0.4000000000000001,0.8571428571428571,0.8571428571428571
full_bundle,simu5g_00000730,43.8,gnb_1,3|4,2,7,25,0.28,15,15,0,15.0,3,3,0,3.0,102.14335515091801,28.646240860887147,3.1666666666666665,0.0,1,2,"[[0, 1]]",0.8290781116502739,0.8290781116502739,0.0,4.0,4.0,0.2,0.2,0.7142857142857143,0.7142857142857143
full_bundle,simu5g_00000731,43.8,gnb_2,5|6|7,3,7,25,0.28,13,15,2,14.0,2,2,0,2.0,110.52967667025275,28.45287152434254,3.222222222222222,0.16666666666666696,1,3,"[[0, 1, 2]]",0.7290781116502738,0.7290781116502738,0.0,4.0,4.0,0.4000000000000001,0.4000000000000001,0.8571428571428571,0.8571428571428571
full_bundle,simu5g_00000732,43.9,gnb_1,3|4,2,7,25,0.28,15,15,0,15.0,3,3,0,3.0,102.50178176704458,28.985681450083376,3.1666666666666665,0.0,1,2,"[[0, 1]]",0.8290781116502739,0.8290781116502739,0.0,4.0,4.0,0.2,0.2,0.7142857142857143,0.7142857142857143
full_bundle,simu5g_00000733,43.9,gnb_2,5|6|7,3,7,25,0.28,13,15,2,14.0,2,2,0,2.0,110.28019854069606,28.19121338453077,3.222222222222222,0.16666666666666696,1,3,"[[0, 1, 2]]",0.7290781116502738,0.7290781116502738,0.0,4.0,4.0,0.4000000000000001,0.4000000000000001,0.8571428571428571,0.8571428571428571
full_bundle,simu5g_00000734,44.0,gnb_1,3|4|5,3,7,25,0.28,13,15,2,14.333333333333334,2,3,1,2.6666666666666665,99.91311587629626,29.314586629604705,3.222222222222222,0.16666666666666696,1,3,"[[0, 1, 2]]",0.7957447783169406,0.7957447783169406,0.0,4.0,4.0,0.26666666666666666,0.26666666666666666,0.8571428571428571,0.8571428571428571
full_bundle,simu5g_00000735,44.0,gnb_2,6|7,2,7,25,0.28,12,13,1,12.5,2,2,0,2.0,118.04942292224659,7.757268968322279,3.416666666666667,0.16666666666666652,1,2,"[[0, 1]]",0.7290781116502738,0.7290781116502738,0.0,4.0,4.0,0.4,0.4,0.8571428571428571,0.8571428571428571
full_bundle,simu5g_00000736,44.1,gnb_1,3|4|5,3,7,25,0.28,13,15,2,14.333333333333334,2,2,0,2.0,100.13793497922045,29.633054786124347,3.222222222222222,0.16666666666666696,1,3,"[[0, 1, 2]]",0.7290781116502738,0.7290781116502738,0.0,4.0,4.0,0.4000000000000001,0.4000000000000001,0.8571428571428571,0.8571428571428571
full_bundle,simu5g_00000737,44.1,gnb_2,6|7,2,7,25,0.28,12,13,1,12.5,2,2,0,2.0,117.7216311048465,7.7215926093755485,3.416666666666667,0.16666666666666652,1,2,"[[0, 1]]",0.7290781116502738,0.7290781116502738,0.0,4.0,4.0,0.4,0.4,0.8571428571428571,0.8571428571428571
full_bundle,simu5g_00000738,44.2,gnb_1,3|4|5,3,7,25,0.28,13,15,2,14.333333333333334,2,2,0,2.0,100.37037572569564,29.94305577945765,3.222222222222222,0.16666666666666696,1,3,"[[0, 1, 2]]",0.7290781116502738,0.7290781116502738,0.0,4.0,4.0,0.4000000000000001,0.4000000000000001,0.8571428571428571,0.8571428571428571
full_bundle,simu5g_00000739,44.2,gnb_2,6|7,2,7,25,0.28,12,13,1,12.5,3,3,0,3.0,117.39552771452934,7.6835615591862165,3.333333333333333,0.3333333333333335,1,2,"[[0, 1]]",0.8290781116502739,0.8290781116502739,0.0,4.0,4.0,0.2,0.2,0.8571428571428571,0.8571428571428571
full_bundle,simu5g_00000740,44.3,gnb_1,3|4|5,3,7,25,0.28,13,15,2,14.333333333333334,2,2,0,2.0,100.61018093145275,30.244129684135316,3.222222222222222,0.16666666666666696,1,3,"[[0, 1, 2]]",0.7290781116502738,0.7290781116502738,0.0,4.0,4.0,0.4000000000000001,0.4000000000000001,0.8571428571428571,0.8571428571428571
full_bundle,simu5g_00000741,44.3,gnb_2,6|7,2,7,25,0.28,12,13,1,12.5,3,3,0,3.0,117.07161635634728,7.648115490719007,3.333333333333333,0.3333333333333335,1,2,"[[0, 1]]",0.8290781116502739,0.8290781116502739,0.0,4.0,4.0,0.2,0.2,0.8571428571428571,0.8571428571428571
full_bundle,simu5g_00000742,44.4,gnb_1,3|4|5,3,7,25,0.28,13,15,2,14.333333333333334,2,2,0,2.0,100.85706472409386,30.534530782391784,3.222222222222222,0.16666666666666696,1,3,"[[0, 1, 2]]",0.7290781116502738,0.7290781116502738,0.0,4.0,4.0,0.4000000000000001,0.4000000000000001,0.8571428571428571,0.8571428571428571
full_bundle,simu5g_00000743,44.4,gnb_2,6|7,2,7,25,0.28,12,13,1,12.5,3,3,0,3.0,116.7486883407995,7.6114306562244565,3.333333333333333,0.3333333333333335,1,2,"[[0, 1]]",0.8290781116502739,0.8290781116502739,0.0,4.0,4.0,0.2,0.2,0.8571428571428571,0.8571428571428571
full_bundle,simu5g_00000744,44.5,gnb_1,3|4|5,3,7,25,0.28,13,15,2,14.333333333333334,2,2,0,2.0,101.11131567460654,30.815479051020247,3.222222222222222,0.16666666666666696,1,3,"[[0, 1, 2]]",0.7290781116502738,0.7290781116502738,0.0,4.0,4.0,0.4000000000000001,0.4000000000000001,0.8571428571428571,0.8571428571428571
full_bundle,simu5g_00000745,44.5,gnb_2,6|7,2,7,25,0.28,12,13,1,12.5,3,3,0,3.0,116.42824134237893,7.57458993329341,3.333333333333333,0.3333333333333335,1,2,"[[0, 1]]",0.8290781116502739,0.8290781116502739,0.0,4.0,4.0,0.2,0.2,0.8571428571428571,0.8571428571428571
full_bundle,simu5g_00000746,44.6,gnb_1,3|4|5,3,7,25,0.28,13,15,2,14.333333333333334,2,2,0,2.0,101.17933794033843,30.506597427487847,3.222222222222222,0.16666666666666696,1,3,"[[0, 1, 2]]",0.7290781116502738,0.7290781116502738,0.0,4.0,4.0,0.4000000000000001,0.4000000000000001,0.8571428571428571,0.8571428571428571
full_bundle,simu5g_00000747,44.6,gnb_2,6|7,2,7,25,0.28,8,13,5,10.5,3,3,0,3.0,116.10954203501565,7.53736406668088,3.833333333333333,1.3333333333333335,1,2,"[[0, 1]]",0.7471841780840183,0.7471841780840183,0.0,3.0,3.0,0.0,0.0,0.5714285714285714,0.5714285714285714
full_bundle,simu5g_00000748,44.7,gnb_1,3|4|5,3,7,25,0.28,13,15,2,14.333333333333334,2,2,0,2.0,101.05933163253424,29.602110050967994,3.222222222222222,0.16666666666666696,1,3,"[[0, 1, 2]]",0.7290781116502738,0.7290781116502738,0.0,4.0,4.0,0.4000000000000001,0.4000000000000001,0.8571428571428571,0.8571428571428571
full_bundle,simu5g_00000749,44.7,gnb_2,6|7,2,7,25,0.28,8,13,5,10.5,2,3,1,2.5,115.79166011810105,7.499526846366635,3.833333333333333,1.3333333333333335,1,2,"[[0, 1]]",0.6971841780840182,0.6971841780840182,0.0,3.0,3.0,0.1,0.1,0.5714285714285714,0.5714285714285714
full_bundle,simu5g_00000750,44.8,gnb_1,3|4|5,3,7,25,0.28,13,15,2,14.333333333333334,2,2,0,2.0,100.94698451117871,28.68984802475066,3.222222222222222,0.16666666666666696,1,3,"[[0, 1, 2]]",0.7290781116502738,0.7290781116502738,0.0,4.0,4.0,0.4000000000000001,0.4000000000000001,0.8571428571428571,0.8571428571428571
full_bundle,simu5g_00000751,44.8,gnb_2,6|7,2,7,25,0.28,8,14,6,11.0,2,3,1,2.5,115.47533659839868,7.462144612690054,3.833333333333333,1.3333333333333335,1,2,"[[0, 1]]",0.6971841780840182,0.6971841780840182,0.0,3.0,3.0,0.1,0.1,0.5714285714285714,0.5714285714285714
full_bundle,simu5g_00000752,44.9,gnb_1,3|4|5,3,7,25,0.28,13,15,2,14.333333333333334,2,2,0,2.0,100.84174311116423,27.768033180017596,3.222222222222222,0.16666666666666696,1,3,"[[0, 1, 2]]",0.7290781116502738,0.7290781116502738,0.0,4.0,4.0,0.4000000000000001,0.4000000000000001,0.8571428571428571,0.8571428571428571
full_bundle,simu5g_00000753,44.9,gnb_2,6|7,2,7,25,0.28,8,14,6,11.0,2,3,1,2.5,115.16112622664608,7.423769119985721,3.833333333333333,1.3333333333333335,1,2,"[[0, 1]]",0.6971841780840182,0.6971841780840182,0.0,3.0,3.0,0.1,0.1,0.5714285714285714,0.5714285714285714
full_bundle,simu5g_00000754,45.0,gnb_1,3|4|5|6,4,7,25,0.28,13,15,2,14.0,2,3,1,2.25,103.3460660944254,26.836821576631337,3.25,0.16666666666666696,1,4,"[[0, 1, 2, 3]]",0.7540781116502738,0.7540781116502738,0.0,4.0,4.0,0.35000000000000003,0.35000000000000003,0.8571428571428571,0.8571428571428571
full_bundle,simu5g_00000756,45.1,gnb_1,3|4|5|6,4,7,25,0.28,13,15,2,14.0,2,2,0,2.0,103.20454999489144,25.896981643954376,3.25,0.16666666666666696,1,4,"[[0, 1, 2, 3]]",0.7290781116502738,0.7290781116502738,0.0,4.0,4.0,0.4,0.4,0.8571428571428571,0.8571428571428571
full_bundle,simu5g_00000758,45.2,gnb_1,3|4|5|6,4,7,25,0.28,13,15,2,14.0,2,2,0,2.0,103.06872883751036,24.948987221782787,3.25,0.16666666666666696,1,4,"[[0, 1, 2, 3]]",0.7290781116502738,0.7290781116502738,0.0,4.0,4.0,0.4,0.4,0.8571428571428571,0.8571428571428571
full_bundle,simu5g_00000760,45.3,gnb_1,3|4|5|6,4,7,25,0.28,13,15,2,14.0,2,2,0,2.0,102.93821582332706,23.99108386404616,3.25,0.16666666666666696,1,4,"[[0, 1, 2, 3]]",0.7290781116502738,0.7290781116502738,0.0,4.0,4.0,0.4,0.4,0.8571428571428571,0.8571428571428571
full_bundle,simu5g_00000762,45.4,gnb_1,3|4|5|6,4,7,25,0.28,13,15,2,14.0,2,2,0,2.0,102.81375502613498,23.025330822936866,3.25,0.16666666666666696,1,4,"[[0, 1, 2, 3]]",0.7290781116502738,0.7290781116502738,0.0,4.0,4.0,0.4,0.4,0.8571428571428571,0.8571428571428571
full_bundle,simu5g_00000764,45.5,gnb_1,3|4|5|6,4,7,25,0.28,13,15,2,14.0,2,2,0,2.0,102.69484029633855,22.051448093092176,3.25,0.16666666666666696,1,4,"[[0, 1, 2, 3]]",0.7290781116502738,0.7290781116502738,0.0,4.0,4.0,0.4,0.4,0.8571428571428571,0.8571428571428571
full_bundle,simu5g_00000766,45.6,gnb_1,3|4|5|6,4,7,25,0.28,12,15,3,13.75,2,2,0,2.0,102.58172650558164,21.069954536425684,3.25,0.16666666666666696,1,4,"[[0, 1, 2, 3]]",0.7290781116502738,0.7290781116502738,0.0,4.0,4.0,0.4,0.4,0.8571428571428571,0.8571428571428571
full_bundle,simu5g_00000768,45.7,gnb_1,3|4|5|6,4,7,25,0.28,12,15,3,13.75,2,2,0,2.0,102.47401258697529,20.384482828863085,3.25,0.16666666666666696,1,4,"[[0, 1, 2, 3]]",0.7290781116502738,0.7290781116502738,0.0,4.0,4.0,0.4,0.4,0.8571428571428571,0.8571428571428571
full_bundle,simu5g_00000770,45.8,gnb_1,3|4|5|6,4,7,25,0.28,12,15,3,13.75,2,2,0,2.0,102.37172676933095,19.81153020987621,3.25,0.16666666666666696,1,4,"[[0, 1, 2, 3]]",0.7290781116502738,0.7290781116502738,0.0,4.0,4.0,0.4,0.4,0.8571428571428571,0.8571428571428571
full_bundle,simu5g_00000772,45.9,gnb_1,3|4|5|6,4,7,25,0.28,12,15,3,13.75,2,2,0,2.0,102.27510777855235,19.237617367499368,3.25,0.16666666666666696,1,4,"[[0, 1, 2, 3]]",0.7290781116502738,0.7290781116502738,0.0,4.0,4.0,0.4,0.4,0.8571428571428571,0.8571428571428571
full_bundle,simu5g_00000774,46.0,gnb_1,3|4|5,3,7,25,0.28,15,15,0,15.0,2,2,0,2.0,100.13630851569495,18.662594547320865,3.1666666666666665,0.0,1,3,"[[0, 1, 2]]",0.7290781116502738,0.7290781116502738,0.0,4.0,4.0,0.4000000000000001,0.4000000000000001,0.7142857142857143,0.7142857142857143
full_bundle,simu5g_00000775,46.0,gnb_2,6|7,2,7,25,0.28,12,15,3,13.5,2,5,3,3.5,111.81434897105798,6.97631412132904,3.25,0.16666666666666696,1,2,"[[0, 1]]",0.85,0.85,0.0,5.0,5.0,0.3,0.3,1.0,1.0
full_bundle,simu5g_00000776,46.1,gnb_1,3|4|5,3,7,25,0.28,15,15,0,15.0,2,2,0,2.0,100.112763141426,18.087519370435118,3.1666666666666665,0.0,1,3,"[[0, 1, 2]]",0.7290781116502738,0.7290781116502738,0.0,4.0,4.0,0.4000000000000001,0.4000000000000001,0.7142857142857143,0.7142857142857143
full_bundle,simu5g_00000777,46.1,gnb_2,6|7,2,7,25,0.28,12,15,3,13.5,2,3,1,2.5,111.52064552207467,6.9343635713607625,3.25,0.16666666666666696,1,2,"[[0, 1]]",0.7790781116502739,0.7790781116502739,0.0,4.0,4.0,0.30000000000000004,0.30000000000000004,0.8571428571428571,0.8571428571428571
full_bundle,simu5g_00000778,46.2,gnb_1,3|4|5,3,7,25,0.28,15,15,0,15.0,2,2,0,2.0,100.09572157851936,17.510363284840196,3.1666666666666665,0.0,1,3,"[[0, 1, 2]]",0.7290781116502738,0.7290781116502738,0.0,4.0,4.0,0.4000000000000001,0.4000000000000001,0.7142857142857143,0.7142857142857143
full_bundle,simu5g_00000779,46.2,gnb_2,6|7,2,7,25,0.28,12,15,3,13.5,2,3,1,2.5,111.22820228404214,6.890506774723875,3.25,0.16666666666666696,1,2,"[[0, 1]]",0.7790781116502739,0.7790781116502739,0.0,4.0,4.0,0.30000000000000004,0.30000000000000004,0.8571428571428571,0.8571428571428571
full_bundle,simu5g_00000780,46.3,gnb_1,3|4|5,3,7,25,0.28,15,15,0,15.0,2,2,0,2.0,100.0850907519107,16.93298604394201,3.1666666666666665,0.0,1,3,"[[0, 1, 2]]",0.7290781116502738,0.7290781116502738,0.0,4.0,4.0,0.4000000000000001,0.4000000000000001,0.7142857142857143,0.7142857142857143
full_bundle,simu5g_00000781,46.3,gnb_2,6|7,2,7,25,0.28,12,15,3,13.5,3,3,0,3.0,110.93733177147485,6.846074621349956,3.25,0.16666666666666696,1,2,"[[0, 1]]",0.8290781116502739,0.8290781116502739,0.0,4.0,4.0,0.2,0.2,0.8571428571428571,0.8571428571428571
full_bundle,simu5g_00000782,46.4,gnb_1,3|4|5,3,7,25,0.28,15,15,0,15.0,2,2,0,2.0,100.08119053493881,16.35494385058037,3.1666666666666665,0.0,1,3,"[[0, 1, 2]]",0.7290781116502738,0.7290781116502738,0.0,4.0,4.0,0.4000000000000001,0.4000000000000001,0.7142857142857143,0.7142857142857143
full_bundle,simu5g_00000783,46.4,gnb_2,6|7,2,7,25,0.28,14,15,1,14.5,3,3,0,3.0,110.64912794627743,6.802297022815338,3.1666666666666665,0.0,1,2,"[[0, 1]]",0.8290781116502739,0.8290781116502739,0.0,4.0,4.0,0.2,0.2,0.7142857142857143,0.7142857142857143
full_bundle,simu5g_00000784,46.5,gnb_1,3|4|5,3,7,25,0.28,15,15,0,15.0,2,2,0,2.0,100.0840848307912,15.777518752970167,3.1666666666666665,0.0,1,3,"[[0, 1, 2]]",0.7290781116502738,0.7290781116502738,0.0,4.0,4.0,0.4000000000000001,0.4000000000000001,0.7142857142857143,0.7142857142857143
full_bundle,simu5g_00000785,46.5,gnb_2,6|7,2,7,25,0.28,14,15,1,14.5,3,3,0,3.0,110.36278217695178,6.758441433115479,3.1666666666666665,0.0,1,2,"[[0, 1]]",0.8290781116502739,0.8290781116502739,0.0,4.0,4.0,0.2,0.2,0.7142857142857143,0.7142857142857143
full_bundle,simu5g_00000786,46.6,gnb_1,3|4|5,3,7,25,0.28,15,15,0,15.0,2,2,0,2.0,100.09312594353919,15.19875765264888,3.1666666666666665,0.0,1,3,"[[0, 1, 2]]",0.7290781116502738,0.7290781116502738,0.0,4.0,4.0,0.4000000000000001,0.4000000000000001,0.7142857142857143,0.7142857142857143
full_bundle,simu5g_00000787,46.6,gnb_2,6|7,2,7,25,0.28,14,15,1,14.5,3,3,0,3.0,110.07797723017228,6.713284716680121,3.1666666666666665,0.0,1,2,"[[0, 1]]",0.8290781116502739,0.8290781116502739,0.0,4.0,4.0,0.2,0.2,0.7142857142857143,0.7142857142857143
full_bundle,simu5g_00000788,46.7,gnb_1,3|4|5,3,7,25,0.28,15,15,0,15.0,2,2,0,2.0,100.10869571909116,14.619289103782847,3.1666666666666665,0.0,1,3,"[[0, 1, 2]]",0.7290781116502738,0.7290781116502738,0.0,4.0,4.0,0.4000000000000001,0.4000000000000001,0.7142857142857143,0.7142857142857143
full_bundle,simu5g_00000789,46.7,gnb_2,6|7,2,7,25,0.28,14,15,1,14.5,3,3,0,3.0,109.79572525869617,6.669372205098725,3.1666666666666665,0.0,1,2,"[[0, 1]]",0.8290781116502739,0.8290781116502739,0.0,4.0,4.0,0.2,0.2,0.7142857142857143,0.7142857142857143
full_bundle,simu5g_00000790,46.8,gnb_1,3|4|5,3,7,25,0.28,15,15,0,15.0,2,2,0,2.0,100.13070199570335,14.039242113931195,3.1666666666666665,0.0,1,3,"[[0, 1, 2]]",0.7290781116502738,0.7290781116502738,0.0,4.0,4.0,0.4000000000000001,0.4000000000000001,0.7142857142857143,0.7142857142857143
full_bundle,simu5g_00000791,46.8,gnb_2,6|7,2,7,25,0.28,14,15,1,14.5,3,3,0,3.0,109.51474708116837,6.6238253890634695,3.1666666666666665,0.0,1,2,"[[0, 1]]",0.8290781116502739,0.8290781116502739,0.0,4.0,4.0,0.2,0.2,0.7142857142857143,0.7142857142857143
full_bundle,simu5g_00000792,46.9,gnb_1,3|4|5,3,7,25,0.28,15,15,0,15.0,2,2,0,2.0,100.15922297330575,13.460249640590419,3.1666666666666665,0.0,1,3,"[[0, 1, 2]]",0.7290781116502738,0.7290781116502738,0.0,4.0,4.0,0.4000000000000001,0.4000000000000001,0.7142857142857143,0.7142857142857143
full_bundle,simu5g_00000793,46.9,gnb_2,6|7,2,7,25,0.28,14,15,1,14.5,3,3,0,3.0,109.23624599631776,6.577659911423197,3.1666666666666665,0.0,1,2,"[[0, 1]]",0.8290781116502739,0.8290781116502739,0.0,4.0,4.0,0.2,0.2,0.7142857142857143,0.7142857142857143
full_bundle,simu5g_00000794,47.0,gnb_1,3|4|5|6|7,5,7,25,0.28,14,15,1,14.6,2,3,1,2.4,103.70044463896564,18.412005985826156,3.1666666666666665,0.0,1,5,"[[0, 1, 2, 3, 4]]",0.7690781116502738,0.7690781116502738,0.0,4.0,4.0,0.32,0.32,0.7142857142857143,0.7142857142857143
full_bundle,simu5g_00000795,47.1,gnb_1,3|4|5|6|7,5,7,25,0.28,14,15,1,14.6,1,2,1,1.6,103.61514410336835,18.043866872606372,3.1666666666666665,0.0,1,5,"[[0, 1, 2, 3, 4]]",0.6890781116502738,0.6890781116502738,0.0,4.0,4.0,0.48,0.48,0.7142857142857143,0.7142857142857143
full_bundle,simu5g_00000796,47.2,gnb_1,3|4|5|6|7,5,7,25,0.28,14,15,1,14.6,1,2,1,1.6,103.5344762990317,17.672713570352272,3.1666666666666665,0.0,1,5,"[[0, 1, 2, 3, 4]]",0.6890781116502738,0.6890781116502738,0.0,4.0,4.0,0.48,0.48,0.7142857142857143,0.7142857142857143
full_bundle,simu5g_00000797,47.3,gnb_1,3|4|5|6|7,5,7,25,0.28,14,15,1,14.6,1,2,1,1.6,103.45807725412342,17.298438196675775,3.1666666666666665,0.0,1,5,"[[0, 1, 2, 3, 4]]",0.6890781116502738,0.6890781116502738,0.0,4.0,4.0,0.48,0.48,0.7142857142857143,0.7142857142857143
full_bundle,simu5g_00000798,47.4,gnb_1,3|4|5|6|7,5,7,25,0.28,14,15,1,14.6,1,2,1,1.6,103.38677573335796,16.921474059201586,3.1666666666666665,0.0,1,5,"[[0, 1, 2, 3, 4]]",0.6890781116502738,0.6890781116502738,0.0,4.0,4.0,0.48,0.48,0.7142857142857143,0.7142857142857143
full_bundle,simu5g_00000799,47.5,gnb_1,3|4|5|6|7,5,7,25,0.28,14,15,1,14.4,1,2,1,1.6,103.3198293313103,16.542201727749458,3.1666666666666665,0.0,1,5,"[[0, 1, 2, 3, 4]]",0.6890781116502738,0.6890781116502738,0.0,4.0,4.0,0.48,0.48,0.8571428571428571,0.8571428571428571
full_bundle,simu5g_00000800,47.6,gnb_1,3|4|5|6|7,5,7,25,0.28,13,15,2,14.2,1,2,1,1.6,103.25725395637464,16.15914114328595,3.2,0.16666666666666696,1,5,"[[0, 1, 2, 3, 4]]",0.6890781116502738,0.6890781116502738,0.0,4.0,4.0,0.48,0.48,0.8571428571428571,0.8571428571428571
full_bundle,simu5g_00000801,47.7,gnb_1,3|4|5|6|7,5,7,25,0.28,13,15,2,14.2,1,2,1,1.6,103.1991619404644,15.772650281326392,3.2,0.16666666666666696,1,5,"[[0, 1, 2, 3, 4]]",0.6890781116502738,0.6890781116502738,0.0,4.0,4.0,0.48,0.48,0.8571428571428571,0.8571428571428571
full_bundle,simu5g_00000802,47.8,gnb_1,3|4|5|6|7,5,7,25,0.28,13,15,2,14.2,1,2,1,1.6,103.14561294108917,15.384760815581402,3.2,0.16666666666666696,1,5,"[[0, 1, 2, 3, 4]]",0.6890781116502738,0.6890781116502738,0.0,4.0,4.0,0.48,0.48,0.8571428571428571,0.8571428571428571
full_bundle,simu5g_00000803,47.9,gnb_1,3|4|5|6|7,5,7,25,0.28,13,15,2,14.2,1,2,1,1.6,103.09640265374648,14.992942587779226,3.2,0.16666666666666696,1,5,"[[0, 1, 2, 3, 4]]",0.6890781116502738,0.6890781116502738,0.0,4.0,4.0,0.48,0.48,0.8571428571428571,0.8571428571428571
full_bundle,simu5g_00000804,48.0,gnb_1,3|4|5|6|7,5,7,25,0.28,13,15,2,14.0,1,2,1,1.6,103.05208517533694,14.598794575634429,3.233333333333333,0.16666666666666696,1,5,"[[0, 1, 2, 3, 4]]",0.6890781116502739,0.6890781116502738,1.1102230246251565e-16,4.0,4.0,0.48,0.48,0.8571428571428571,0.8571428571428571
full_bundle,simu5g_00000805,48.1,gnb_1,3|4|5|6|7,5,7,25,0.28,13,15,2,14.0,1,2,1,1.6,103.01230534278834,14.201826927822381,3.233333333333333,0.16666666666666696,1,5,"[[0, 1, 2, 3, 4]]",0.6890781116502739,0.6890781116502738,1.1102230246251565e-16,4.0,4.0,0.48,0.48,0.8571428571428571,0.8571428571428571
full_bundle,simu5g_00000806,48.2,gnb_1,3|4|5|6|7,5,7,25,0.28,13,15,2,14.2,1,2,1,1.6,102.97677524280873,13.802376019948667,3.1999999999999997,0.16666666666666696,1,5,"[[0, 1, 2, 3, 4]]",0.6890781116502739,0.6890781116502738,1.1102230246251565e-16,4.0,4.0,0.48,0.48,0.8571428571428571,0.8571428571428571
full_bundle,simu5g_00000807,48.3,gnb_1,3|4|5|6|7,5,7,25,0.28,13,15,2,14.2,1,2,1,1.6,102.94543517727644,13.399491748337681,3.1999999999999997,0.16666666666666696,1,5,"[[0, 1, 2, 3, 4]]",0.6890781116502739,0.6890781116502738,1.1102230246251565e-16,4.0,4.0,0.48,0.48,0.8571428571428571,0.8571428571428571
full_bundle,simu5g_00000808,48.4,gnb_1,3|4|5|6|7,5,7,25,0.28,13,15,2,14.2,1,2,1,1.6,102.91833630928117,13.53256400422211,3.1999999999999997,0.16666666666666696,1,5,"[[0, 1, 2, 3, 4]]",0.6890781116502739,0.6890781116502738,1.1102230246251565e-16,4.0,4.0,0.48,0.48,0.8571428571428571,0.8571428571428571
full_bundle,simu5g_00000809,48.5,gnb_1,3|4|5|6|7,5,7,25,0.28,14,15,1,14.4,1,2,1,1.6,102.8956130628796,14.075169633074594,3.1999999999999997,0.16666666666666696,1,5,"[[0, 1, 2, 3, 4]]",0.6890781116502739,0.6890781116502738,1.1102230246251565e-16,4.0,4.0,0.48,0.48,0.8571428571428571,0.8571428571428571
full_bundle,simu5g_00000810,48.6,gnb_1,3|4|5|6|7,5,7,25,0.28,14,15,1,14.4,1,2,1,1.6,102.87760795555486,14.620246162487291,3.1666666666666665,0.0,1,5,"[[0, 1, 2, 3, 4]]",0.6890781116502738,0.6890781116502738,0.0,4.0,4.0,0.48,0.48,0.8571428571428571,0.8571428571428571
full_bundle,simu5g_00000811,48.7,gnb_1,3|4|5|6|7,5,7,25,0.28,14,15,1,14.4,1,2,1,1.6,102.8641624680034,15.168679224774436,3.1666666666666665,0.0,1,5,"[[0, 1, 2, 3, 4]]",0.6890781116502738,0.6890781116502738,0.0,4.0,4.0,0.48,0.48,0.8571428571428571,0.8571428571428571
full_bundle,simu5g_00000812,48.8,gnb_1,3|4|5|6|7,5,7,25,0.28,14,15,1,14.4,1,2,1,1.6,102.8550518568579,15.718421077523132,3.1666666666666665,0.0,1,5,"[[0, 1, 2, 3, 4]]",0.6890781116502738,0.6890781116502738,0.0,4.0,4.0,0.48,0.48,0.8571428571428571,0.8571428571428571
full_bundle,simu5g_00000813,48.9,gnb_1,3|4|5|6|7,5,7,25,0.28,14,15,1,14.4,1,2,1,1.6,102.85015144187301,16.27066993628742,3.1666666666666665,0.0,1,5,"[[0, 1, 2, 3, 4]]",0.6890781116502738,0.6890781116502738,0.0,4.0,4.0,0.48,0.48,0.8571428571428571,0.8571428571428571
full_bundle,simu5g_00000814,49.0,gnb_1,3|4|5|6,4,7,25,0.28,14,15,1,14.75,1,2,1,1.5,101.90729309205187,16.825368207352668,3.1666666666666665,0.0,1,4,"[[0, 1, 2, 3]]",0.6790781116502738,0.6790781116502738,0.0,4.0,4.0,0.5,0.5,0.7142857142857143,0.7142857142857143
full_bundle,simu5g_00000816,49.1,gnb_1,3|4|5|6,4,7,25,0.28,14,15,1,14.5,2,2,0,2.0,101.97692189782425,17.382146973290006,3.1666666666666665,0.0,1,4,"[[0, 1, 2, 3]]",0.7290781116502738,0.7290781116502738,0.0,4.0,4.0,0.4,0.4,0.7142857142857143,0.7142857142857143
full_bundle,simu5g_00000818,49.2,gnb_1,3|4|5|6,4,7,25,0.28,14,15,1,14.5,2,2,0,2.0,102.05151185963817,17.940787210309935,3.1666666666666665,0.0,1,4,"[[0, 1, 2, 3]]",0.7290781116502738,0.7290781116502738,0.0,4.0,4.0,0.4,0.4,0.7142857142857143,0.7142857142857143
full_bundle,simu5g_00000820,49.3,gnb_1,3|4|5|6,4,7,25,0.28,14,15,1,14.5,2,2,0,2.0,102.1311000154432,18.806802383142212,3.1666666666666665,0.0,1,4,"[[0, 1, 2, 3]]",0.7290781116502738,0.7290781116502738,0.0,4.0,4.0,0.4,0.4,0.7142857142857143,0.7142857142857143
full_bundle,simu5g_00000822,49.4,gnb_1,3|4|5|6,4,7,25,0.28,12,15,3,14.25,2,2,0,2.0,102.21569161433868,19.92583434246427,3.2083333333333335,0.16666666666666696,1,4,"[[0, 1, 2, 3]]",0.7290781116502738,0.7290781116502738,0.0,4.0,4.0,0.4,0.4,0.8571428571428571,0.8571428571428571
full_bundle,simu5g_00000824,49.5,gnb_1,3|4|5|6,4,7,25,0.28,12,15,3,13.75,2,2,0,2.0,102.30496902165875,21.044029433019176,3.25,0.16666666666666696,1,4,"[[0, 1, 2, 3]]",0.7290781116502738,0.7290781116502738,0.0,4.0,4.0,0.4,0.4,0.8571428571428571,0.8571428571428571
full_bundle,simu5g_00000826,49.6,gnb_1,3|4|5|6,4,7,25,0.28,12,15,3,13.75,2,2,0,2.0,102.39951478624197,22.162793554368264,3.25,0.16666666666666696,1,4,"[[0, 1, 2, 3]]",0.7290781116502738,0.7290781116502738,0.0,4.0,4.0,0.4,0.4,0.8571428571428571,0.8571428571428571
full_bundle,simu5g_00000828,49.7,gnb_1,3|4|5|6,4,7,25,0.28,12,15,3,13.75,2,2,0,2.0,102.4986400400833,23.279763223423387,3.25,0.16666666666666696,1,4,"[[0, 1, 2, 3]]",0.7290781116502738,0.7290781116502738,0.0,4.0,4.0,0.4,0.4,0.8571428571428571,0.8571428571428571
full_bundle,simu5g_00000830,49.8,gnb_1,3|4|5|6,4,7,25,0.28,12,15,3,13.75,2,2,0,2.0,102.60230246100204,24.395054838405528,3.25,0.16666666666666696,1,4,"[[0, 1, 2, 3]]",0.7290781116502738,0.7290781116502738,0.0,4.0,4.0,0.4,0.4,0.8571428571428571,0.8571428571428571
full_bundle,simu5g_00000832,49.9,gnb_1,3|4|5|6,4,7,25,0.28,12,15,3,13.75,2,2,0,2.0,102.71102881712723,25.508896189557106,3.25,0.16666666666666696,1,4,"[[0, 1, 2, 3]]",0.7290781116502738,0.7290781116502738,0.0,4.0,4.0,0.4,0.4,0.8571428571428571,0.8571428571428571
