timestamp_s,ue_id,serving_gnb,active_ues_same_gnb,raw_feedback_timestamp_s,achievable_kbps_if_all_budget_assigned,effective_capacity_kbps,ewma_capacity_kbps,buffer_s,previous_quality,next_quality,stalled
0.2,0,gnb_2,1,0.294,13920.000000,13920.000000,7656.000000,4.430909,1,2,0
0.3,0,gnb_2,1,0.396,13920.000000,13920.000000,9848.400000,5.258909,2,3,0
0.4,0,gnb_2,1,0.498,13920.000000,13920.000000,11273.460000,5.622909,3,4,0
0.5,0,gnb_2,1,0.594,13920.000000,13920.000000,12199.749000,5.762909,4,5,0
0.6,0,gnb_2,1,0.696,13920.000000,13920.000000,12801.836850,5.848509,5,5,0
0.7,0,gnb_2,1,0.798,13920.000000,13920.000000,13193.193952,5.934109,5,5,0
0.8,0,gnb_2,1,0.894,13920.000000,13920.000000,13447.576069,6.019709,5,5,0
0.9,0,gnb_2,1,0.996,13920.000000,13920.000000,13612.924445,6.105309,5,5,0
1.0,0,gnb_2,1,1.098,13920.000000,13920.000000,13720.400889,6.190909,5,5,0
1.1,0,gnb_2,1,1.194,13920.000000,13920.000000,13790.260578,6.276509,5,5,0
1.2,0,gnb_2,1,1.296,13920.000000,13920.000000,13835.669376,6.362109,5,5,0
1.3,0,gnb_2,1,1.398,13920.000000,13920.000000,13865.185094,6.447709,5,5,0
1.4,0,gnb_2,1,1.494,13920.000000,13920.000000,13884.370311,6.533309,5,5,0
1.5,0,gnb_2,1,1.596,13920.000000,13920.000000,13896.840702,6.618909,5,5,0
1.6,0,gnb_2,1,1.698,13920.000000,13920.000000,13904.946456,6.704509,5,5,0
1.7,0,gnb_2,1,1.794,13920.000000,13920.000000,13910.215197,6.790109,5,5,0
1.8,0,gnb_2,1,1.896,13920.000000,13920.000000,13913.639878,6.875709,5,5,0
1.9,0,gnb_2,1,1.998,13920.000000,13920.000000,13915.865921,6.961309,5,5,0
2.0,0,gnb_2,1,2.094,13920.000000,13920.000000,13917.312848,7.046909,5,5,0
2.1,0,gnb_2,1,2.196,13920.000000,13920.000000,13918.253351,7.132509,5,5,0
2.2,0,gnb_2,1,2.298,13920.000000,13920.000000,13918.864678,7.218109,5,5,0
2.3,0,gnb_2,1,2.394,13920.000000,13920.000000,13919.262041,7.303709,5,5,0
2.4,0,gnb_2,1,2.496,13920.000000,13920.000000,13919.520327,7.389309,5,5,0
2.5,0,gnb_2,1,2.598,13920.000000,13920.000000,13919.688212,7.474909,5,5,0
2.6,0,gnb_2,1,2.694,13920.000000,13920.000000,13919.797338,7.560509,5,5,0
2.7,0,gnb_2,1,2.796,13920.000000,13920.000000,13919.868270,7.646109,5,5,0
2.8,0,gnb_2,1,2.898,13920.000000,13920.000000,13919.914375,7.731709,5,5,0
2.9,0,gnb_2,1,2.994,13920.000000,13920.000000,13919.944344,7.817309,5,5,0
3.0,0,gnb_2,1,3.096,13920.000000,13920.000000,13919.963824,7.902909,5,5,0
3.1,0,gnb_2,1,3.198,13920.000000,13920.000000,13919.976485,7.988509,5,5,0
3.2,0,gnb_2,1,3.294,13920.000000,13920.000000,13919.984715,8.074109,5,5,0
3.3,0,gnb_2,1,3.396,13920.000000,13920.000000,13919.990065,8.159709,5,5,0
3.4,0,gnb_2,1,3.498,13920.000000,13920.000000,13919.993542,8.245309,5,5,0
3.5,0,gnb_2,2,3.594,13920.000000,6960.000000,11483.995802,8.238109,5,4,0
3.6,0,gnb_2,2,3.696,13920.000000,6960.000000,9900.597272,8.258109,4,4,0
3.7,0,gnb_2,2,3.798,13920.000000,6960.000000,8871.388227,8.278109,4,4,0
3.8,0,gnb_2,2,3.894,13920.000000,6960.000000,8202.402347,8.298109,4,4,0
3.9,0,gnb_2,2,3.996,13920.000000,6960.000000,7767.561526,8.318109,4,4,0
4.0,0,gnb_2,2,4.098,13920.000000,6960.000000,7484.914992,8.338109,4,4,0
4.1,0,gnb_2,2,4.194,13920.000000,6960.000000,7301.194745,8.358109,4,4,0
4.2,0,gnb_2,2,4.296,13920.000000,6960.000000,7181.776584,8.378109,4,4,0
4.3,0,gnb_2,2,4.398,13920.000000,6960.000000,7104.154780,8.398109,4,4,0
4.4,0,gnb_2,2,4.494,13920.000000,6960.000000,7053.700607,8.418109,4,4,0
4.5,0,gnb_2,2,4.596,13920.000000,6960.000000,7020.905394,8.438109,4,4,0
4.6,0,gnb_2,2,4.698,13920.000000,6960.000000,6999.588506,8.458109,4,4,0
4.7,0,gnb_2,2,4.794,13920.000000,6960.000000,6985.732529,8.478109,4,4,0
4.8,0,gnb_2,2,4.896,13920.000000,6960.000000,6976.726144,8.498109,4,4,0
4.9,0,gnb_2,2,4.998,13920.000000,6960.000000,6970.871994,8.518109,4,4,0
5.0,0,gnb_2,2,5.094,13920.000000,6960.000000,6967.066796,8.538109,4,4,0
5.1,0,gnb_2,2,5.196,13920.000000,6960.000000,6964.593417,8.558109,4,4,0
5.2,0,gnb_2,2,5.298,13920.000000,6960.000000,6962.985721,8.578109,4,4,0
5.3,0,gnb_2,2,5.394,13920.000000,6960.000000,6961.940719,8.598109,4,4,0
5.4,0,gnb_2,3,5.496,13920.000000,4640.000000,6149.261467,8.578109,4,3,0
5.5,0,gnb_2,3,5.598,13920.000000,4640.000000,5621.019954,8.632776,3,3,0
5.6,0,gnb_2,3,5.694,13920.000000,4640.000000,5277.662970,8.687442,3,3,0
5.7,0,gnb_2,3,5.796,13920.000000,4640.000000,5054.480930,8.742109,3,3,0
5.8,0,gnb_2,3,5.898,13920.000000,4640.000000,4909.412605,8.796776,3,3,0
5.9,0,gnb_2,3,5.994,13920.000000,4640.000000,4815.118193,8.851442,3,3,0
6.0,0,gnb_2,3,6.096,13920.000000,4640.000000,4753.826826,8.906109,3,3,0
6.1,0,gnb_2,3,6.198,13920.000000,4640.000000,4713.987437,8.960776,3,3,0
6.2,0,gnb_2,3,6.294,13920.000000,4640.000000,4688.091834,9.015442,3,3,0
6.3,0,gnb_2,3,6.396,13920.000000,4640.000000,4671.259692,9.070109,3,3,0
6.4,0,gnb_2,3,6.498,13920.000000,4640.000000,4660.318800,9.124776,3,3,0
6.5,0,gnb_2,3,6.594,13920.000000,4640.000000,4653.207220,9.179442,3,3,0
6.6,0,gnb_2,3,6.696,13920.000000,4640.000000,4648.584693,9.234109,3,3,0
6.7,0,gnb_2,3,6.798,13920.000000,4640.000000,4645.580050,9.288776,3,3,0
6.8,0,gnb_2,3,6.894,13920.000000,4640.000000,4643.627033,9.343442,3,3,0
6.9,0,gnb_2,3,6.996,13920.000000,4640.000000,4642.357571,9.398109,3,3,0
7.0,0,gnb_2,3,7.098,13920.000000,4640.000000,4641.532421,9.452776,3,3,0
7.1,0,gnb_2,3,7.194,13920.000000,4640.000000,4640.996074,9.507442,3,3,0
7.2,0,gnb_2,3,7.296,13920.000000,4640.000000,4640.647448,9.562109,3,3,0
7.3,0,gnb_2,3,7.398,13920.000000,4640.000000,4640.420841,9.616776,3,3,0
7.4,0,gnb_2,3,7.494,13920.000000,4640.000000,4640.273547,9.671442,3,3,0
7.5,0,gnb_2,3,7.596,13920.000000,4640.000000,4640.177805,9.726109,3,3,0
7.6,0,gnb_2,3,7.698,13920.000000,4640.000000,4640.115574,9.780776,3,3,0
7.7,0,gnb_2,3,7.794,13920.000000,4640.000000,4640.075123,9.835442,3,3,0
7.8,0,gnb_2,3,7.896,13920.000000,4640.000000,4640.048830,9.890109,3,3,0
7.9,0,gnb_2,3,7.998,13920.000000,4640.000000,4640.031739,9.944776,3,3,0
8.0,0,gnb_2,3,8.094,13920.000000,4640.000000,4640.020631,9.999442,3,3,0
8.1,0,gnb_2,3,8.196,13920.000000,4640.000000,4640.013410,10.054109,3,3,0
8.2,0,gnb_2,3,8.298,13920.000000,4640.000000,4640.008716,10.108776,3,3,0
8.3,0,gnb_2,3,8.394,13920.000000,4640.000000,4640.005666,10.163442,3,3,0
8.4,0,gnb_2,3,8.496,13920.000000,4640.000000,4640.003683,10.218109,3,3,0
8.5,0,gnb_2,3,8.598,13920.000000,4640.000000,4640.002394,10.272776,3,3,0
8.6,0,gnb_2,3,8.694,13920.000000,4640.000000,4640.001556,10.327442,3,3,0
8.7,0,gnb_2,3,8.796,13920.000000,4640.000000,4640.001011,10.382109,3,3,0
8.8,0,gnb_2,4,8.898,13920.000000,3480.000000,4234.000657,10.398109,3,3,0
8.9,0,gnb_2,4,8.994,13920.000000,3480.000000,3970.100427,10.414109,3,3,0
9.0,0,gnb_2,4,9.096,13920.000000,3480.000000,3798.565278,10.430109,3,3,0
9.1,0,gnb_2,4,9.198,13920.000000,3480.000000,3687.067431,10.446109,3,3,0
9.2,0,gnb_2,4,9.294,13920.000000,3480.000000,3614.593830,10.462109,3,3,0
9.3,0,gnb_2,4,9.396,13920.000000,3480.000000,3567.485989,10.478109,3,3,0
9.4,0,gnb_2,4,9.498,13920.000000,3480.000000,3536.865893,10.494109,3,3,0
9.5,0,gnb_2,4,9.594,13920.000000,3480.000000,3516.962831,10.510109,3,3,0
9.6,0,gnb_2,4,9.696,13920.000000,3480.000000,3504.025840,10.526109,3,3,0
9.7,0,gnb_2,4,9.798,13920.000000,3480.000000,3495.616796,10.542109,3,3,0
9.8,0,gnb_2,4,9.894,13920.000000,3480.000000,3490.150917,10.558109,3,3,0
9.9,0,gnb_2,4,9.996,13920.000000,3480.000000,3486.598096,10.574109,3,3,0
10.0,0,gnb_2,4,10.098,13920.000000,3480.000000,3484.288763,10.590109,3,3,0
10.1,0,gnb_2,4,10.194,13920.000000,3480.000000,3482.787696,10.606109,3,3,0
10.2,0,gnb_2,4,10.296,13920.000000,3480.000000,3481.812002,10.622109,3,3,0
10.3,0,gnb_2,4,10.398,13920.000000,3480.000000,3481.177801,10.638109,3,3,0
10.4,0,gnb_2,4,10.494,13920.000000,3480.000000,3480.765571,10.654109,3,3,0
10.5,0,gnb_2,4,10.596,13920.000000,3480.000000,3480.497621,10.670109,3,3,0
10.6,0,gnb_2,4,10.698,13920.000000,3480.000000,3480.323454,10.686109,3,3,0
10.7,0,gnb_2,4,10.794,13920.000000,3480.000000,3480.210245,10.702109,3,3,0
10.8,0,gnb_2,4,10.896,13920.000000,3480.000000,3480.136659,10.718109,3,3,0
10.9,0,gnb_2,5,10.998,13920.000000,2784.000000,3236.488828,10.710909,3,2,0
11.0,0,gnb_2,5,11.094,13920.000000,2784.000000,3078.117739,10.796509,2,2,0
11.1,0,gnb_2,5,11.196,13920.000000,2784.000000,2975.176530,10.882109,2,2,0
11.2,0,gnb_2,5,11.298,13920.000000,2784.000000,2908.264745,10.967709,2,2,0
11.3,0,gnb_2,5,11.394,13920.000000,2784.000000,2864.772084,11.053309,2,2,0
11.4,0,gnb_2,5,11.496,13920.000000,2784.000000,2836.501855,11.138909,2,2,0
11.5,0,gnb_2,5,11.598,13920.000000,2784.000000,2818.126205,11.224509,2,2,0
11.6,0,gnb_2,5,11.694,13920.000000,2784.000000,2806.182034,11.310109,2,2,0
11.7,0,gnb_2,5,11.796,13632.000000,2726.400000,2778.258322,11.391869,2,2,0
11.8,0,gnb_2,5,11.898,13632.000000,2726.400000,2760.107909,11.473629,2,2,0
11.9,0,gnb_2,5,11.994,13632.000000,2726.400000,2748.310141,11.555389,2,2,0
12.0,0,gnb_2,5,12.096,13632.000000,2726.400000,2740.641592,11.637149,2,2,0
12.1,0,gnb_2,5,12.198,13632.000000,2726.400000,2735.657035,11.718909,2,2,0
12.2,0,gnb_2,5,12.294,13632.000000,2726.400000,2732.417072,11.800669,2,2,0
12.3,0,gnb_2,5,12.396,13632.000000,2726.400000,2730.311097,11.882429,2,2,0
12.4,0,gnb_2,5,12.498,13248.000000,2649.600000,2702.062213,11.959069,2,2,0
12.5,0,gnb_2,5,12.594,13248.000000,2649.600000,2683.700439,12.000000,2,2,0
12.6,0,gnb_2,5,12.696,13248.000000,2649.600000,2671.765285,12.000000,2,2,0
12.7,0,gnb_2,5,12.798,13248.000000,2649.600000,2664.007435,12.000000,2,2,0
12.8,0,gnb_2,5,12.894,13248.000000,2649.600000,2658.964833,12.000000,2,2,0
12.9,0,gnb_2,5,12.996,13248.000000,2649.600000,2655.687141,12.000000,2,2,0
13.0,0,gnb_2,5,13.098,13920.000000,2784.000000,2700.596642,12.000000,2,2,0
13.1,0,gnb_2,5,13.194,13920.000000,2784.000000,2729.787817,12.000000,2,2,0
13.2,0,gnb_2,5,13.296,13920.000000,2784.000000,2748.762081,12.000000,2,2,0
13.3,0,gnb_2,5,13.398,13920.000000,2784.000000,2761.095353,12.000000,2,2,0
13.4,0,gnb_2,5,13.494,13920.000000,2784.000000,2769.111979,12.000000,2,2,0
13.5,0,gnb_2,5,13.596,13920.000000,2784.000000,2774.322787,12.000000,2,2,0
13.6,0,gnb_2,5,13.698,13920.000000,2784.000000,2777.709811,12.000000,2,2,0
13.7,0,gnb_2,5,13.794,13920.000000,2784.000000,2779.911377,12.000000,2,2,0
13.8,0,gnb_2,5,13.896,13920.000000,2784.000000,2781.342395,12.000000,2,2,0
13.9,0,gnb_2,5,13.998,13920.000000,2784.000000,2782.272557,12.000000,2,2,0
14.0,0,gnb_2,5,14.094,13920.000000,2784.000000,2782.877162,12.000000,2,2,0
14.1,0,gnb_2,5,14.196,13920.000000,2784.000000,2783.270155,12.000000,2,2,0
14.2,0,gnb_2,5,14.298,13920.000000,2784.000000,2783.525601,12.000000,2,2,0
14.3,0,gnb_2,5,14.394,13920.000000,2784.000000,2783.691641,12.000000,2,2,0
14.4,0,gnb_2,5,14.496,13920.000000,2784.000000,2783.799566,12.000000,2,2,0
14.5,0,gnb_2,5,14.598,13920.000000,2784.000000,2783.869718,12.000000,2,2,0
14.6,0,gnb_2,5,14.694,13920.000000,2784.000000,2783.915317,12.000000,2,2,0
14.7,0,gnb_2,5,14.796,13920.000000,2784.000000,2783.944956,12.000000,2,2,0
14.8,0,gnb_2,5,14.898,13920.000000,2784.000000,2783.964221,12.000000,2,2,0
14.9,0,gnb_2,5,14.994,13920.000000,2784.000000,2783.976744,12.000000,2,2,0
15.0,0,gnb_2,5,15.096,13920.000000,2784.000000,2783.984884,12.000000,2,2,0
15.1,0,gnb_2,5,15.198,13920.000000,2784.000000,2783.990174,12.000000,2,2,0
15.2,0,gnb_2,5,15.294,13920.000000,2784.000000,2783.993613,12.000000,2,2,0
15.3,0,gnb_2,5,15.396,13920.000000,2784.000000,2783.995849,12.000000,2,2,0
15.4,0,gnb_2,5,15.498,13920.000000,2784.000000,2783.997302,12.000000,2,2,0
15.5,0,gnb_2,5,15.594,13920.000000,2784.000000,2783.998246,12.000000,2,2,0
15.6,0,gnb_2,5,15.696,13920.000000,2784.000000,2783.998860,12.000000,2,2,0
15.7,0,gnb_2,5,15.798,13920.000000,2784.000000,2783.999259,12.000000,2,2,0
15.8,0,gnb_2,5,15.894,13920.000000,2784.000000,2783.999518,12.000000,2,2,0
15.9,0,gnb_2,5,15.996,13920.000000,2784.000000,2783.999687,12.000000,2,2,0
16.0,0,gnb_2,6,16.098,13920.000000,2320.000000,2621.599796,12.000000,2,2,0
16.1,0,gnb_2,6,16.194,13920.000000,2320.000000,2516.039868,12.000000,2,2,0
16.2,0,gnb_2,6,16.296,13920.000000,2320.000000,2447.425914,12.000000,2,2,0
16.3,0,gnb_2,6,16.398,13920.000000,2320.000000,2402.826844,12.000000,2,2,0
16.4,0,gnb_2,6,16.494,13920.000000,2320.000000,2373.837449,12.000000,2,2,0
16.5,0,gnb_2,6,16.596,13920.000000,2320.000000,2354.994342,12.000000,2,2,0
16.6,0,gnb_2,6,16.698,13920.000000,2320.000000,2342.746322,12.000000,2,2,0
16.7,0,gnb_2,6,16.794,13920.000000,2320.000000,2334.785109,12.000000,2,2,0
16.8,0,gnb_2,6,16.896,13920.000000,2320.000000,2329.610321,12.000000,2,2,0
16.9,0,gnb_2,6,16.998,13920.000000,2320.000000,2326.246709,12.000000,2,2,0
17.0,0,gnb_2,6,17.094,13920.000000,2320.000000,2324.060361,12.000000,2,2,0
17.1,0,gnb_2,6,17.196,13920.000000,2320.000000,2322.639234,12.000000,2,2,0
17.2,0,gnb_2,6,17.298,13920.000000,2320.000000,2321.715502,12.000000,2,2,0
17.3,0,gnb_2,6,17.394,13920.000000,2320.000000,2321.115077,12.000000,2,2,0
17.4,0,gnb_2,6,17.496,13920.000000,2320.000000,2320.724800,12.000000,2,2,0
17.5,0,gnb_2,6,17.598,13920.000000,2320.000000,2320.471120,12.000000,2,2,0
17.6,0,gnb_2,6,17.694,13920.000000,2320.000000,2320.306228,12.000000,2,2,0
17.7,0,gnb_2,6,17.796,13920.000000,2320.000000,2320.199048,12.000000,2,2,0
17.8,0,gnb_2,6,17.898,13920.000000,2320.000000,2320.129381,12.000000,2,2,0
17.9,0,gnb_2,6,17.994,13920.000000,2320.000000,2320.084098,12.000000,2,2,0
18.0,0,gnb_2,6,18.096,13920.000000,2320.000000,2320.054664,12.000000,2,2,0
18.1,0,gnb_2,6,18.198,13920.000000,2320.000000,2320.035531,12.000000,2,2,0
18.2,0,gnb_2,6,18.294,13920.000000,2320.000000,2320.023095,12.000000,2,2,0
18.3,0,gnb_2,6,18.396,13920.000000,2320.000000,2320.015012,12.000000,2,2,0
18.4,0,gnb_2,6,18.498,13920.000000,2320.000000,2320.009758,12.000000,2,2,0
18.5,0,gnb_2,6,18.594,13920.000000,2320.000000,2320.006343,12.000000,2,2,0
18.6,0,gnb_2,6,18.696,13920.000000,2320.000000,2320.004123,12.000000,2,2,0
18.7,0,gnb_2,6,18.798,13920.000000,2320.000000,2320.002680,12.000000,2,2,0
18.8,0,gnb_2,6,18.894,13920.000000,2320.000000,2320.001742,12.000000,2,2,0
18.9,0,gnb_2,6,18.996,13920.000000,2320.000000,2320.001132,12.000000,2,2,0
19.0,0,gnb_2,6,19.098,13920.000000,2320.000000,2320.000736,12.000000,2,2,0
19.1,0,gnb_2,6,19.194,13920.000000,2320.000000,2320.000478,12.000000,2,2,0
19.2,0,gnb_2,6,19.296,13920.000000,2320.000000,2320.000311,12.000000,2,2,0
19.3,0,gnb_2,6,19.398,13920.000000,2320.000000,2320.000202,12.000000,2,2,0
19.4,0,gnb_2,6,19.494,13920.000000,2320.000000,2320.000131,12.000000,2,2,0
19.5,0,gnb_2,6,19.596,13920.000000,2320.000000,2320.000085,12.000000,2,2,0
19.6,0,gnb_2,6,19.698,13920.000000,2320.000000,2320.000056,12.000000,2,2,0
19.7,0,gnb_2,6,19.794,13920.000000,2320.000000,2320.000036,12.000000,2,2,0
19.8,0,gnb_2,6,19.896,13920.000000,2320.000000,2320.000023,12.000000,2,2,0
19.9,0,gnb_2,6,19.998,13920.000000,2320.000000,2320.000015,12.000000,2,2,0
20.0,0,gnb_2,6,20.094,13920.000000,2320.000000,2320.000010,12.000000,2,2,0
20.1,0,gnb_2,6,20.196,13920.000000,2320.000000,2320.000006,12.000000,2,2,0
20.2,0,gnb_2,6,20.298,13920.000000,2320.000000,2320.000004,12.000000,2,2,0
20.3,0,gnb_2,6,20.394,13920.000000,2320.000000,2320.000003,12.000000,2,2,0
20.4,0,gnb_2,6,20.496,13920.000000,2320.000000,2320.000002,12.000000,2,2,0
20.5,0,gnb_2,6,20.598,13920.000000,2320.000000,2320.000001,12.000000,2,2,0
20.6,0,gnb_2,6,20.694,13920.000000,2320.000000,2320.000001,12.000000,2,2,0
20.7,0,gnb_2,6,20.796,13920.000000,2320.000000,2320.000000,12.000000,2,2,0
20.8,0,gnb_2,6,20.898,13920.000000,2320.000000,2320.000000,12.000000,2,2,0
20.9,0,gnb_2,6,20.994,13920.000000,2320.000000,2320.000000,12.000000,2,2,0
21.0,0,gnb_2,6,21.096,13920.000000,2320.000000,2320.000000,12.000000,2,2,0
21.1,0,gnb_2,7,21.198,13920.000000,1988.571429,2204.000000,12.000000,2,2,0
21.2,0,gnb_2,7,21.294,13920.000000,1988.571429,2128.600000,12.000000,2,2,0
21.3,0,gnb_2,7,21.396,13920.000000,1988.571429,2079.590000,12.000000,2,2,0
21.4,0,gnb_2,7,21.498,13920.000000,1988.571429,2047.733500,12.000000,2,2,0
21.5,0,gnb_2,7,21.594,13920.000000,1988.571429,2027.026775,12.000000,2,2,0
21.6,0,gnb_2,7,21.696,13920.000000,1988.571429,2013.567404,12.000000,2,2,0
21.7,0,gnb_2,7,21.798,13920.000000,1988.571429,2004.818812,12.000000,2,2,0
21.8,0,gnb_2,7,21.894,13920.000000,1988.571429,1999.132228,12.000000,2,2,0
21.9,0,gnb_2,7,21.996,13920.000000,1988.571429,1995.435948,12.000000,2,2,0
22.0,0,gnb_2,7,22.098,13920.000000,1988.571429,1993.033366,12.000000,2,2,0
22.1,0,gnb_2,7,22.194,13920.000000,1988.571429,1991.471688,12.000000,2,2,0
22.2,0,gnb_2,7,22.296,13920.000000,1988.571429,1990.456597,12.000000,2,2,0
22.3,0,gnb_2,7,22.398,13920.000000,1988.571429,1989.796788,12.000000,2,2,0
22.4,0,gnb_2,7,22.494,13920.000000,1988.571429,1989.367912,12.000000,2,2,0
22.5,0,gnb_2,7,22.596,13920.000000,1988.571429,1989.089143,12.000000,2,2,0
22.6,0,gnb_2,7,22.698,13920.000000,1988.571429,1988.907943,12.000000,2,2,0
22.7,0,gnb_2,7,22.794,13920.000000,1988.571429,1988.790163,12.000000,2,2,0
22.8,0,gnb_2,7,22.896,13920.000000,1988.571429,1988.713606,12.000000,2,2,0
22.9,0,gnb_2,7,22.998,13920.000000,1988.571429,1988.663844,12.000000,2,2,0
23.0,0,gnb_2,7,23.094,13920.000000,1988.571429,1988.631498,12.000000,2,2,0
23.1,0,gnb_2,7,23.196,13920.000000,1988.571429,1988.610474,12.000000,2,2,0
23.2,0,gnb_2,7,23.298,13920.000000,1988.571429,1988.596808,12.000000,2,2,0
23.3,0,gnb_2,7,23.394,13920.000000,1988.571429,1988.587925,12.000000,2,2,0
23.4,0,gnb_2,7,23.496,13920.000000,1988.571429,1988.582151,12.000000,2,2,0
23.5,0,gnb_2,7,23.598,13920.000000,1988.571429,1988.578398,12.000000,2,2,0
23.6,0,gnb_2,7,23.694,13920.000000,1988.571429,1988.575959,12.000000,2,2,0
23.7,0,gnb_2,7,23.796,13920.000000,1988.571429,1988.574373,12.000000,2,2,0
23.8,0,gnb_2,7,23.898,13920.000000,1988.571429,1988.573343,12.000000,2,2,0
23.9,0,gnb_2,7,23.994,13920.000000,1988.571429,1988.572673,12.000000,2,2,0
24.0,0,gnb_2,7,24.096,13920.000000,1988.571429,1988.572237,12.000000,2,2,0
24.1,0,gnb_2,7,24.198,13920.000000,1988.571429,1988.571954,12.000000,2,2,0
24.2,0,gnb_2,7,24.294,13920.000000,1988.571429,1988.571770,12.000000,2,2,0
24.3,0,gnb_2,7,24.396,13920.000000,1988.571429,1988.571651,12.000000,2,2,0
24.4,0,gnb_2,7,24.498,13920.000000,1988.571429,1988.571573,12.000000,2,2,0
24.5,0,gnb_2,7,24.594,13920.000000,1988.571429,1988.571522,12.000000,2,2,0
24.6,0,gnb_2,7,24.696,13920.000000,1988.571429,1988.571490,12.000000,2,2,0
24.7,0,gnb_2,7,24.798,13920.000000,1988.571429,1988.571468,12.000000,2,2,0
24.8,0,gnb_2,7,24.894,13920.000000,1988.571429,1988.571454,12.000000,2,2,0
24.9,0,gnb_2,7,24.996,13920.000000,1988.571429,1988.571445,12.000000,2,2,0
25.0,0,gnb_2,7,25.098,13920.000000,1988.571429,1988.571439,12.000000,2,2,0
25.1,0,gnb_2,7,25.194,13920.000000,1988.571429,1988.571436,12.000000,2,2,0
25.2,0,gnb_2,7,25.296,13920.000000,1988.571429,1988.571433,12.000000,2,2,0
25.3,0,gnb_2,7,25.398,13920.000000,1988.571429,1988.571432,12.000000,2,2,0
25.4,0,gnb_2,7,25.494,13920.000000,1988.571429,1988.571431,12.000000,2,2,0
25.5,0,gnb_2,7,25.596,13920.000000,1988.571429,1988.571430,12.000000,2,2,0
25.6,0,gnb_2,7,25.698,13920.000000,1988.571429,1988.571429,12.000000,2,2,0
25.7,0,gnb_2,7,25.794,13920.000000,1988.571429,1988.571429,12.000000,2,2,0
25.8,0,gnb_2,7,25.896,13920.000000,1988.571429,1988.571429,12.000000,2,2,0
25.9,0,gnb_2,7,25.998,13920.000000,1988.571429,1988.571429,12.000000,2,2,0
26.0,0,gnb_1,3,26.094,13920.000000,4640.000000,2916.571429,12.000000,2,2,0
26.1,0,gnb_1,3,26.196,13920.000000,4640.000000,3519.771429,12.000000,2,3,0
26.2,0,gnb_1,3,26.298,13920.000000,4640.000000,3911.851429,12.000000,3,3,0
26.3,0,gnb_1,3,26.394,13920.000000,4640.000000,4166.703429,12.000000,3,3,0
26.4,0,gnb_1,3,26.496,13920.000000,4640.000000,4332.357229,12.000000,3,3,0
26.5,0,gnb_1,3,26.598,13920.000000,4640.000000,4440.032199,12.000000,3,3,0
26.6,0,gnb_1,3,26.694,13920.000000,4640.000000,4510.020929,12.000000,3,3,0
26.7,0,gnb_1,3,26.796,13920.000000,4640.000000,4555.513604,12.000000,3,3,0
26.8,0,gnb_1,3,26.898,13920.000000,4640.000000,4585.083843,12.000000,3,3,0
26.9,0,gnb_1,3,26.994,13920.000000,4640.000000,4604.304498,12.000000,3,3,0
27.0,0,gnb_1,3,27.096,13920.000000,4640.000000,4616.797923,12.000000,3,3,0
27.1,0,gnb_1,3,27.198,13920.000000,4640.000000,4624.918650,12.000000,3,3,0
27.2,0,gnb_1,3,27.294,13920.000000,4640.000000,4630.197123,12.000000,3,3,0
27.3,0,gnb_1,3,27.396,13920.000000,4640.000000,4633.628130,12.000000,3,3,0
27.4,0,gnb_1,3,27.498,13920.000000,4640.000000,4635.858284,12.000000,3,3,0
27.5,0,gnb_1,3,27.594,13920.000000,4640.000000,4637.307885,12.000000,3,3,0
27.6,0,gnb_1,3,27.696,13920.000000,4640.000000,4638.250125,12.000000,3,3,0
27.7,0,gnb_1,3,27.798,13920.000000,4640.000000,4638.862581,12.000000,3,3,0
27.8,0,gnb_1,3,27.894,13920.000000,4640.000000,4639.260678,12.000000,3,3,0
27.9,0,gnb_1,3,27.996,13920.000000,4640.000000,4639.519441,12.000000,3,3,0
28.0,0,gnb_1,3,28.098,13920.000000,4640.000000,4639.687636,12.000000,3,3,0
28.1,0,gnb_1,3,28.194,13920.000000,4640.000000,4639.796964,12.000000,3,3,0
28.2,0,gnb_1,3,28.296,13920.000000,4640.000000,4639.868026,12.000000,3,3,0
28.3,0,gnb_1,3,28.398,13920.000000,4640.000000,4639.914217,12.000000,3,3,0
28.4,0,gnb_1,3,28.494,13920.000000,4640.000000,4639.944241,12.000000,3,3,0
28.5,0,gnb_1,3,28.596,13920.000000,4640.000000,4639.963757,12.000000,3,3,0
28.6,0,gnb_1,3,28.698,13920.000000,4640.000000,4639.976442,12.000000,3,3,0
28.7,0,gnb_1,3,28.794,13920.000000,4640.000000,4639.984687,12.000000,3,3,0
28.8,0,gnb_1,3,28.896,13920.000000,4640.000000,4639.990047,12.000000,3,3,0
28.9,0,gnb_1,3,28.998,13920.000000,4640.000000,4639.993530,12.000000,3,3,0
29.0,0,gnb_1,3,29.094,13920.000000,4640.000000,4639.995795,12.000000,3,3,0
29.1,0,gnb_1,3,29.196,13920.000000,4640.000000,4639.997267,12.000000,3,3,0
29.2,0,gnb_1,3,29.298,13920.000000,4640.000000,4639.998223,12.000000,3,3,0
29.3,0,gnb_1,3,29.394,13920.000000,4640.000000,4639.998845,12.000000,3,3,0
29.4,0,gnb_1,3,29.496,13920.000000,4640.000000,4639.999249,12.000000,3,3,0
29.5,0,gnb_1,3,29.598,13920.000000,4640.000000,4639.999512,12.000000,3,3,0
29.6,0,gnb_1,3,29.694,13920.000000,4640.000000,4639.999683,12.000000,3,3,0
29.7,0,gnb_1,3,29.796,13920.000000,4640.000000,4639.999794,12.000000,3,3,0
29.8,0,gnb_1,3,29.898,13920.000000,4640.000000,4639.999866,12.000000,3,3,0
29.9,0,gnb_1,3,29.994,13920.000000,4640.000000,4639.999913,12.000000,3,3,0
30.0,0,gnb_1,4,30.096,13920.000000,3480.000000,4233.999943,12.000000,3,3,0
30.1,0,gnb_1,4,30.198,13920.000000,3480.000000,3970.099963,12.000000,3,3,0
30.2,0,gnb_1,4,30.294,13920.000000,3480.000000,3798.564976,12.000000,3,3,0
30.3,0,gnb_1,4,30.396,13920.000000,3480.000000,3687.067234,12.000000,3,3,0
30.4,0,gnb_1,4,30.498,13920.000000,3480.000000,3614.593702,12.000000,3,3,0
30.5,0,gnb_1,4,30.594,13920.000000,3480.000000,3567.485907,12.000000,3,3,0
30.6,0,gnb_1,4,30.696,13920.000000,3480.000000,3536.865839,12.000000,3,3,0
30.7,0,gnb_1,4,30.798,13920.000000,3480.000000,3516.962796,12.000000,3,3,0
30.8,0,gnb_1,4,30.894,13920.000000,3480.000000,3504.025817,12.000000,3,3,0
30.9,0,gnb_1,4,30.996,13920.000000,3480.000000,3495.616781,12.000000,3,3,0
31.0,0,gnb_1,5,31.098,13920.000000,2784.000000,3246.550908,11.992800,3,2,0
31.1,0,gnb_1,5,31.194,13920.000000,2784.000000,3084.658090,12.000000,2,2,0
31.2,0,gnb_1,5,31.296,13920.000000,2784.000000,2979.427759,12.000000,2,2,0
31.3,0,gnb_1,5,31.398,13920.000000,2784.000000,2911.028043,12.000000,2,2,0
31.4,0,gnb_1,5,31.494,13920.000000,2784.000000,2866.568228,12.000000,2,2,0
31.5,0,gnb_1,5,31.596,13920.000000,2784.000000,2837.669348,12.000000,2,2,0
31.6,0,gnb_1,5,31.698,13920.000000,2784.000000,2818.885076,12.000000,2,2,0
31.7,0,gnb_1,5,31.794,13920.000000,2784.000000,2806.675300,12.000000,2,2,0
31.8,0,gnb_1,5,31.896,13920.000000,2784.000000,2798.738945,12.000000,2,2,0
31.9,0,gnb_1,5,31.998,13920.000000,2784.000000,2793.580314,12.000000,2,2,0
32.0,0,gnb_1,6,32.094,13920.000000,2320.000000,2627.827204,12.000000,2,2,0
32.1,0,gnb_1,6,32.196,13920.000000,2320.000000,2520.087683,12.000000,2,2,0
32.2,0,gnb_1,6,32.298,13920.000000,2320.000000,2450.056994,12.000000,2,2,0
32.3,0,gnb_1,6,32.394,13920.000000,2320.000000,2404.537046,12.000000,2,2,0
32.4,0,gnb_1,6,32.496,13920.000000,2320.000000,2374.949080,12.000000,2,2,0
32.5,0,gnb_1,6,32.598,13920.000000,2320.000000,2355.716902,12.000000,2,2,0
32.6,0,gnb_1,6,32.694,13920.000000,2320.000000,2343.215986,12.000000,2,2,0
32.7,0,gnb_1,6,32.796,13920.000000,2320.000000,2335.090391,12.000000,2,2,0
32.8,0,gnb_1,6,32.898,13920.000000,2320.000000,2329.808754,12.000000,2,2,0
32.9,0,gnb_1,6,32.994,13920.000000,2320.000000,2326.375690,12.000000,2,2,0
33.0,0,gnb_1,6,33.096,13920.000000,2320.000000,2324.144199,12.000000,2,2,0
33.1,0,gnb_1,6,33.198,13920.000000,2320.000000,2322.693729,12.000000,2,2,0
33.2,0,gnb_1,6,33.294,13920.000000,2320.000000,2321.750924,12.000000,2,2,0
33.3,0,gnb_1,6,33.396,13920.000000,2320.000000,2321.138101,12.000000,2,2,0
33.4,0,gnb_1,6,33.498,13920.000000,2320.000000,2320.739765,12.000000,2,2,0
33.5,0,gnb_1,6,33.594,13920.000000,2320.000000,2320.480847,12.000000,2,2,0
33.6,0,gnb_1,6,33.696,13920.000000,2320.000000,2320.312551,12.000000,2,2,0
33.7,0,gnb_1,6,33.798,13920.000000,2320.000000,2320.203158,12.000000,2,2,0
33.8,0,gnb_1,6,33.894,13920.000000,2320.000000,2320.132053,12.000000,2,2,0
33.9,0,gnb_1,6,33.996,13920.000000,2320.000000,2320.085834,12.000000,2,2,0
34.0,0,gnb_1,6,34.098,13920.000000,2320.000000,2320.055792,12.000000,2,2,0
34.1,0,gnb_1,6,34.194,13920.000000,2320.000000,2320.036265,12.000000,2,2,0
34.2,0,gnb_1,6,34.296,13920.000000,2320.000000,2320.023572,12.000000,2,2,0
34.3,0,gnb_1,6,34.398,13920.000000,2320.000000,2320.015322,12.000000,2,2,0
34.4,0,gnb_1,6,34.494,13920.000000,2320.000000,2320.009959,12.000000,2,2,0
34.5,0,gnb_1,6,34.596,13920.000000,2320.000000,2320.006474,12.000000,2,2,0
34.6,0,gnb_1,6,34.698,13920.000000,2320.000000,2320.004208,12.000000,2,2,0
34.7,0,gnb_1,6,34.794,13920.000000,2320.000000,2320.002735,12.000000,2,2,0
34.8,0,gnb_1,6,34.896,13920.000000,2320.000000,2320.001778,12.000000,2,2,0
34.9,0,gnb_1,6,34.998,13920.000000,2320.000000,2320.001156,12.000000,2,2,0
5.4,1,gnb_2,3,5.494,13856.000000,4618.666667,2540.266667,2.739758,1,1,0
5.5,1,gnb_2,3,5.596,13856.000000,4618.666667,3267.706667,3.479515,1,1,0
5.6,1,gnb_2,3,5.698,13856.000000,4618.666667,3740.542667,4.219273,1,2,0
5.7,1,gnb_2,3,5.794,13856.000000,4618.666667,4047.886067,4.427184,2,3,0
5.8,1,gnb_2,3,5.896,13856.000000,4618.666667,4247.659277,4.481139,3,3,0
5.9,1,gnb_2,3,5.998,13856.000000,4618.666667,4377.511863,4.535095,3,3,0
6.0,1,gnb_2,3,6.094,13856.000000,4618.666667,4461.916044,4.589051,3,3,0
6.1,1,gnb_2,3,6.196,13856.000000,4618.666667,4516.778762,4.643006,3,3,0
6.2,1,gnb_2,3,6.298,13856.000000,4618.666667,4552.439529,4.696962,3,3,0
6.3,1,gnb_2,3,6.394,13856.000000,4618.666667,4575.619027,4.750917,3,3,0
6.4,1,gnb_2,3,6.496,13856.000000,4618.666667,4590.685701,4.804873,3,3,0
6.5,1,gnb_2,3,6.598,13856.000000,4618.666667,4600.479039,4.858828,3,3,0
6.6,1,gnb_2,3,6.694,13856.000000,4618.666667,4606.844709,4.912784,3,3,0
6.7,1,gnb_2,3,6.796,13856.000000,4618.666667,4610.982394,4.966739,3,3,0
6.8,1,gnb_2,3,6.898,13856.000000,4618.666667,4613.671889,5.020695,3,3,0
6.9,1,gnb_2,3,6.994,13856.000000,4618.666667,4615.420061,5.074651,3,3,0
7.0,1,gnb_2,3,7.096,13856.000000,4618.666667,4616.556373,5.128606,3,3,0
7.1,1,gnb_2,3,7.198,13856.000000,4618.666667,4617.294976,5.182562,3,3,0
7.2,1,gnb_2,3,7.294,13856.000000,4618.666667,4617.775068,5.236517,3,3,0
7.3,1,gnb_2,3,7.396,13856.000000,4618.666667,4618.087127,5.290473,3,3,0
7.4,1,gnb_2,3,7.498,13856.000000,4618.666667,4618.289966,5.344428,3,3,0
7.5,1,gnb_2,3,7.594,13856.000000,4618.666667,4618.421811,5.398384,3,3,0
7.6,1,gnb_2,3,7.696,13856.000000,4618.666667,4618.507511,5.452339,3,3,0
7.7,1,gnb_2,3,7.798,13856.000000,4618.666667,4618.563215,5.506295,3,3,0
7.8,1,gnb_2,3,7.894,13856.000000,4618.666667,4618.599423,5.560251,3,3,0
7.9,1,gnb_2,3,7.996,13856.000000,4618.666667,4618.622958,5.614206,3,3,0
8.0,1,gnb_2,3,8.098,13920.000000,4640.000000,4626.104923,5.668873,3,3,0
8.1,1,gnb_2,3,8.194,13920.000000,4640.000000,4630.968200,5.723539,3,3,0
8.2,1,gnb_2,3,8.296,13920.000000,4640.000000,4634.129330,5.778206,3,3,0
8.3,1,gnb_2,3,8.398,13920.000000,4640.000000,4636.184064,5.832873,3,3,0
8.4,1,gnb_2,3,8.494,13920.000000,4640.000000,4637.519642,5.887539,3,3,0
8.5,1,gnb_2,3,8.596,13920.000000,4640.000000,4638.387767,5.942206,3,3,0
8.6,1,gnb_2,3,8.698,13920.000000,4640.000000,4638.952049,5.996873,3,3,0
8.7,1,gnb_2,3,8.794,13920.000000,4640.000000,4639.318832,6.051539,3,3,0
8.8,1,gnb_2,4,8.896,13920.000000,3480.000000,4233.557241,6.067539,3,3,0
8.9,1,gnb_2,4,8.998,13920.000000,3480.000000,3969.812206,6.083539,3,3,0
9.0,1,gnb_2,4,9.094,13920.000000,3480.000000,3798.377934,6.099539,3,3,0
9.1,1,gnb_2,4,9.196,13920.000000,3480.000000,3686.945657,6.115539,3,3,0
9.2,1,gnb_2,4,9.298,13920.000000,3480.000000,3614.514677,6.131539,3,3,0
9.3,1,gnb_2,4,9.394,13920.000000,3480.000000,3567.434540,6.147539,3,3,0
9.4,1,gnb_2,4,9.496,13920.000000,3480.000000,3536.832451,6.163539,3,3,0
9.5,1,gnb_2,4,9.598,13920.000000,3480.000000,3516.941093,6.179539,3,3,0
9.6,1,gnb_2,4,9.694,13920.000000,3480.000000,3504.011711,6.195539,3,3,0
9.7,1,gnb_2,4,9.796,13920.000000,3480.000000,3495.607612,6.211539,3,3,0
9.8,1,gnb_2,4,9.898,13920.000000,3480.000000,3490.144948,6.227539,3,3,0
9.9,1,gnb_2,4,9.994,13920.000000,3480.000000,3486.594216,6.243539,3,3,0
10.0,1,gnb_2,4,10.096,13920.000000,3480.000000,3484.286240,6.259539,3,3,0
10.1,1,gnb_2,4,10.198,13920.000000,3480.000000,3482.786056,6.275539,3,3,0
10.2,1,gnb_2,4,10.294,13920.000000,3480.000000,3481.810937,6.291539,3,3,0
10.3,1,gnb_2,4,10.396,13920.000000,3480.000000,3481.177109,6.307539,3,3,0
10.4,1,gnb_2,4,10.498,13920.000000,3480.000000,3480.765121,6.323539,3,3,0
10.5,1,gnb_2,4,10.594,13920.000000,3480.000000,3480.497328,6.339539,3,3,0
10.6,1,gnb_2,4,10.696,13920.000000,3480.000000,3480.323263,6.355539,3,3,0
10.7,1,gnb_2,4,10.798,13920.000000,3480.000000,3480.210121,6.371539,3,3,0
10.8,1,gnb_2,4,10.894,13920.000000,3480.000000,3480.136579,6.387539,3,3,0
10.9,1,gnb_2,5,10.996,13920.000000,2784.000000,3236.488776,6.380339,3,2,0
11.0,1,gnb_2,5,11.098,13856.000000,2771.200000,3073.637705,6.465086,2,2,0
11.1,1,gnb_2,5,11.194,13856.000000,2771.200000,2967.784508,6.549833,2,2,0
11.2,1,gnb_2,5,11.296,13856.000000,2771.200000,2898.979930,6.634579,2,2,0
11.3,1,gnb_2,5,11.398,13856.000000,2771.200000,2854.256955,6.719326,2,2,0
11.4,1,gnb_2,5,11.494,13856.000000,2771.200000,2825.187020,6.804073,2,2,0
11.5,1,gnb_2,5,11.596,13856.000000,2771.200000,2806.291563,6.888819,2,2,0
11.6,1,gnb_2,5,11.698,13856.000000,2771.200000,2794.009516,6.973566,2,2,0
11.7,1,gnb_2,5,11.794,13856.000000,2771.200000,2786.026186,7.058313,2,2,0
11.8,1,gnb_2,5,11.896,13856.000000,2771.200000,2780.837021,7.143059,2,2,0
11.9,1,gnb_2,5,11.998,13856.000000,2771.200000,2777.464063,7.227806,2,2,0
12.0,1,gnb_2,5,12.094,13856.000000,2771.200000,2775.271641,7.312553,2,2,0
12.1,1,gnb_2,5,12.196,13856.000000,2771.200000,2773.846567,7.397299,2,2,0
12.2,1,gnb_2,5,12.298,13920.000000,2784.000000,2777.400268,7.482899,2,2,0
12.3,1,gnb_2,5,12.394,13920.000000,2784.000000,2779.710174,7.568499,2,2,0
12.4,1,gnb_2,5,12.496,13920.000000,2784.000000,2781.211613,7.654099,2,2,0
12.5,1,gnb_2,5,12.598,13920.000000,2784.000000,2782.187549,7.739699,2,2,0
12.6,1,gnb_2,5,12.694,13920.000000,2784.000000,2782.821907,7.825299,2,2,0
12.7,1,gnb_2,5,12.796,13920.000000,2784.000000,2783.234239,7.910899,2,2,0
12.8,1,gnb_2,5,12.898,13920.000000,2784.000000,2783.502256,7.996499,2,2,0
12.9,1,gnb_2,5,12.994,13920.000000,2784.000000,2783.676466,8.082099,2,2,0
13.0,1,gnb_2,5,13.096,13920.000000,2784.000000,2783.789703,8.167699,2,2,0
13.1,1,gnb_2,5,13.198,13920.000000,2784.000000,2783.863307,8.253299,2,2,0
13.2,1,gnb_2,5,13.294,13920.000000,2784.000000,2783.911150,8.338899,2,2,0
13.3,1,gnb_2,5,13.396,13920.000000,2784.000000,2783.942247,8.424499,2,2,0
13.4,1,gnb_2,5,13.498,13920.000000,2784.000000,2783.962461,8.510099,2,2,0
13.5,1,gnb_2,5,13.594,13920.000000,2784.000000,2783.975599,8.595699,2,2,0
13.6,1,gnb_2,5,13.696,13920.000000,2784.000000,2783.984140,8.681299,2,2,0
13.7,1,gnb_2,5,13.798,13920.000000,2784.000000,2783.989691,8.766899,2,2,0
13.8,1,gnb_2,5,13.894,13920.000000,2784.000000,2783.993299,8.852499,2,2,0
13.9,1,gnb_2,5,13.996,13920.000000,2784.000000,2783.995644,8.938099,2,2,0
14.0,1,gnb_2,5,14.098,13920.000000,2784.000000,2783.997169,9.023699,2,2,0
14.1,1,gnb_2,5,14.194,13760.000000,2752.000000,2772.798160,9.107166,2,2,0
14.2,1,gnb_2,5,14.296,13760.000000,2752.000000,2765.518804,9.190633,2,2,0
14.3,1,gnb_2,5,14.398,13760.000000,2752.000000,2760.787222,9.274099,2,2,0
14.4,1,gnb_2,5,14.494,13792.000000,2758.400000,2759.951695,9.357993,2,2,0
14.5,1,gnb_2,5,14.596,13792.000000,2758.400000,2759.408602,9.441886,2,2,0
14.6,1,gnb_2,5,14.698,13792.000000,2758.400000,2759.055591,9.525779,2,2,0
14.7,1,gnb_2,5,14.794,13792.000000,2758.400000,2758.826134,9.609673,2,2,0
14.8,1,gnb_2,5,14.896,13792.000000,2758.400000,2758.676987,9.693566,2,2,0
14.9,1,gnb_2,5,14.998,13600.000000,2720.000000,2745.140042,9.774899,2,2,0
15.0,1,gnb_2,5,15.094,13600.000000,2720.000000,2736.341027,9.856233,2,2,0
15.1,1,gnb_2,5,15.196,13600.000000,2720.000000,2730.621668,9.937566,2,2,0
15.2,1,gnb_2,5,15.298,13600.000000,2720.000000,2726.904084,10.018899,2,2,0
15.3,1,gnb_2,5,15.394,13600.000000,2720.000000,2724.487655,10.100233,2,2,0
15.4,1,gnb_2,5,15.496,13600.000000,2720.000000,2722.916975,10.181566,2,2,0
15.5,1,gnb_2,5,15.598,13600.000000,2720.000000,2721.896034,10.262899,2,2,0
15.6,1,gnb_2,5,15.694,13728.000000,2745.600000,2730.192422,10.345939,2,2,0
15.7,1,gnb_2,5,15.796,13728.000000,2745.600000,2735.585074,10.428979,2,2,0
15.8,1,gnb_2,5,15.898,13728.000000,2745.600000,2739.090298,10.512019,2,2,0
15.9,1,gnb_2,5,15.994,13728.000000,2745.600000,2741.368694,10.595059,2,2,0
16.0,1,gnb_2,6,16.096,13728.000000,2288.000000,2582.689651,10.647593,2,2,0
16.1,1,gnb_2,6,16.198,13728.000000,2288.000000,2479.548273,10.700126,2,2,0
16.2,1,gnb_2,6,16.294,13728.000000,2288.000000,2412.506378,10.752659,2,2,0
16.3,1,gnb_2,6,16.396,13920.000000,2320.000000,2380.129145,10.807326,2,2,0
16.4,1,gnb_2,6,16.498,13920.000000,2320.000000,2359.083945,10.861993,2,2,0
16.5,1,gnb_2,6,16.594,13920.000000,2320.000000,2345.404564,10.916659,2,2,0
16.6,1,gnb_2,6,16.696,13920.000000,2320.000000,2336.512967,10.971326,2,2,0
16.7,1,gnb_2,6,16.798,13920.000000,2320.000000,2330.733428,11.025993,2,2,0
16.8,1,gnb_2,6,16.894,13920.000000,2320.000000,2326.976728,11.080659,2,2,0
16.9,1,gnb_2,6,16.996,13920.000000,2320.000000,2324.534873,11.135326,2,2,0
17.0,1,gnb_2,6,17.098,13888.000000,2314.666667,2321.081001,11.189637,2,2,0
17.1,1,gnb_2,6,17.194,13888.000000,2314.666667,2318.835984,11.243948,2,2,0
17.2,1,gnb_2,6,17.296,13888.000000,2314.666667,2317.376723,11.298259,2,2,0
17.3,1,gnb_2,6,17.398,13888.000000,2314.666667,2316.428203,11.352571,2,2,0
17.4,1,gnb_2,6,17.494,13888.000000,2314.666667,2315.811665,11.406882,2,2,0
17.5,1,gnb_2,6,17.596,13920.000000,2320.000000,2317.277583,11.461548,2,2,0
17.6,1,gnb_2,6,17.698,13792.000000,2298.666667,2310.763762,11.514793,2,2,0
17.7,1,gnb_2,6,17.794,13792.000000,2298.666667,2306.529779,11.568037,2,2,0
17.8,1,gnb_2,6,17.896,13792.000000,2298.666667,2303.777689,11.621282,2,2,0
17.9,1,gnb_2,6,17.998,13792.000000,2298.666667,2301.988831,11.674526,2,2,0
18.0,1,gnb_2,6,18.094,13792.000000,2298.666667,2300.826074,11.727771,2,2,0
18.1,1,gnb_2,6,18.196,13792.000000,2298.666667,2300.070281,11.781015,2,2,0
18.2,1,gnb_2,6,18.298,13856.000000,2309.333333,2303.312350,11.834971,2,2,0
18.3,1,gnb_2,6,18.394,13856.000000,2309.333333,2305.419694,11.888926,2,2,0
18.4,1,gnb_2,6,18.496,13856.000000,2309.333333,2306.789468,11.942882,2,2,0
18.5,1,gnb_2,6,18.598,13856.000000,2309.333333,2307.679821,11.996837,2,2,0
18.6,1,gnb_2,6,18.694,13856.000000,2309.333333,2308.258550,12.000000,2,2,0
18.7,1,gnb_2,6,18.796,13856.000000,2309.333333,2308.634724,12.000000,2,2,0
18.8,1,gnb_2,6,18.898,13856.000000,2309.333333,2308.879237,12.000000,2,2,0
18.9,1,gnb_2,6,18.994,13856.000000,2309.333333,2309.038171,12.000000,2,2,0
19.0,1,gnb_2,6,19.096,13856.000000,2309.333333,2309.141478,12.000000,2,2,0
19.1,1,gnb_2,6,19.198,13856.000000,2309.333333,2309.208627,12.000000,2,2,0
19.2,1,gnb_2,6,19.294,13856.000000,2309.333333,2309.252274,12.000000,2,2,0
19.3,1,gnb_2,6,19.396,13856.000000,2309.333333,2309.280645,12.000000,2,2,0
19.4,1,gnb_2,6,19.498,13888.000000,2314.666667,2311.165753,12.000000,2,2,0
19.5,1,gnb_2,6,19.594,13888.000000,2314.666667,2312.391073,12.000000,2,2,0
19.6,1,gnb_2,6,19.696,13888.000000,2314.666667,2313.187530,12.000000,2,2,0
19.7,1,gnb_2,6,19.798,13888.000000,2314.666667,2313.705228,12.000000,2,2,0
19.8,1,gnb_2,6,19.894,13888.000000,2314.666667,2314.041732,12.000000,2,2,0
19.9,1,gnb_2,6,19.996,13728.000000,2288.000000,2304.927126,12.000000,2,2,0
20.0,1,gnb_2,6,20.098,13728.000000,2288.000000,2299.002632,12.000000,2,2,0
20.1,1,gnb_2,6,20.194,13728.000000,2288.000000,2295.151711,12.000000,2,2,0
20.2,1,gnb_2,6,20.296,13728.000000,2288.000000,2292.648612,12.000000,2,2,0
20.3,1,gnb_2,6,20.398,13728.000000,2288.000000,2291.021598,12.000000,2,2,0
20.4,1,gnb_2,6,20.494,13920.000000,2320.000000,2301.164039,12.000000,2,2,0
20.5,1,gnb_2,6,20.596,13920.000000,2320.000000,2307.756625,12.000000,2,2,0
20.6,1,gnb_2,6,20.698,13920.000000,2320.000000,2312.041806,12.000000,2,2,0
20.7,1,gnb_2,6,20.794,13920.000000,2320.000000,2314.827174,12.000000,2,2,0
20.8,1,gnb_2,6,20.896,13920.000000,2320.000000,2316.637663,12.000000,2,2,0
20.9,1,gnb_2,6,20.998,13920.000000,2320.000000,2317.814481,12.000000,2,2,0
21.0,1,gnb_2,6,21.094,13920.000000,2320.000000,2318.579413,12.000000,2,2,0
21.1,1,gnb_2,7,21.196,13920.000000,1988.571429,2203.076618,12.000000,2,2,0
21.2,1,gnb_2,7,21.298,13920.000000,1988.571429,2127.999802,12.000000,2,2,0
21.3,1,gnb_2,7,21.394,13920.000000,1988.571429,2079.199871,12.000000,2,2,0
21.4,1,gnb_2,7,21.496,13920.000000,1988.571429,2047.479916,12.000000,2,2,0
21.5,1,gnb_2,7,21.598,13920.000000,1988.571429,2026.861946,12.000000,2,2,0
21.6,1,gnb_2,7,21.694,13920.000000,1988.571429,2013.460265,12.000000,2,2,0
21.7,1,gnb_2,7,21.796,13920.000000,1988.571429,2004.749172,12.000000,2,2,0
21.8,1,gnb_2,7,21.898,13920.000000,1988.571429,1999.086962,12.000000,2,2,0
21.9,1,gnb_2,7,21.994,13920.000000,1988.571429,1995.406525,12.000000,2,2,0
22.0,1,gnb_2,7,22.096,13920.000000,1988.571429,1993.014241,12.000000,2,2,0
22.1,1,gnb_2,7,22.198,13920.000000,1988.571429,1991.459257,12.000000,2,2,0
22.2,1,gnb_2,7,22.294,13920.000000,1988.571429,1990.448517,12.000000,2,2,0
22.3,1,gnb_2,7,22.396,13920.000000,1988.571429,1989.791536,12.000000,2,2,0
22.4,1,gnb_2,7,22.498,13920.000000,1988.571429,1989.364498,12.000000,2,2,0
22.5,1,gnb_2,7,22.594,13920.000000,1988.571429,1989.086924,12.000000,2,2,0
22.6,1,gnb_2,7,22.696,13920.000000,1988.571429,1988.906501,12.000000,2,2,0
22.7,1,gnb_2,7,22.798,13920.000000,1988.571429,1988.789225,12.000000,2,2,0
22.8,1,gnb_2,7,22.894,13920.000000,1988.571429,1988.712996,12.000000,2,2,0
22.9,1,gnb_2,7,22.996,13920.000000,1988.571429,1988.663448,12.000000,2,2,0
23.0,1,gnb_2,7,23.098,13920.000000,1988.571429,1988.631241,12.000000,2,2,0
23.1,1,gnb_2,7,23.194,13920.000000,1988.571429,1988.610307,12.000000,2,2,0
23.2,1,gnb_2,7,23.296,13920.000000,1988.571429,1988.596699,12.000000,2,2,0
23.3,1,gnb_2,7,23.398,13920.000000,1988.571429,1988.587855,12.000000,2,2,0
23.4,1,gnb_2,7,23.494,13920.000000,1988.571429,1988.582105,12.000000,2,2,0
23.5,1,gnb_2,7,23.596,13920.000000,1988.571429,1988.578369,12.000000,2,2,0
23.6,1,gnb_2,7,23.698,13920.000000,1988.571429,1988.575940,12.000000,2,2,0
23.7,1,gnb_2,7,23.794,13920.000000,1988.571429,1988.574361,12.000000,2,2,0
23.8,1,gnb_2,7,23.896,13920.000000,1988.571429,1988.573334,12.000000,2,2,0
23.9,1,gnb_2,7,23.998,13920.000000,1988.571429,1988.572667,12.000000,2,2,0
24.0,1,gnb_2,7,24.094,13920.000000,1988.571429,1988.572234,12.000000,2,2,0
24.1,1,gnb_2,7,24.196,13920.000000,1988.571429,1988.571952,12.000000,2,2,0
24.2,1,gnb_2,7,24.298,13920.000000,1988.571429,1988.571769,12.000000,2,2,0
24.3,1,gnb_2,7,24.394,13920.000000,1988.571429,1988.571650,12.000000,2,2,0
24.4,1,gnb_2,7,24.496,13920.000000,1988.571429,1988.571572,12.000000,2,2,0
24.5,1,gnb_2,7,24.598,13920.000000,1988.571429,1988.571522,12.000000,2,2,0
24.6,1,gnb_2,7,24.694,13920.000000,1988.571429,1988.571489,12.000000,2,2,0
24.7,1,gnb_2,7,24.796,13920.000000,1988.571429,1988.571468,12.000000,2,2,0
24.8,1,gnb_2,7,24.898,13920.000000,1988.571429,1988.571454,12.000000,2,2,0
24.9,1,gnb_2,7,24.994,13920.000000,1988.571429,1988.571445,12.000000,2,2,0
25.0,1,gnb_2,7,25.096,13920.000000,1988.571429,1988.571439,12.000000,2,2,0
25.1,1,gnb_2,7,25.198,13920.000000,1988.571429,1988.571436,12.000000,2,2,0
25.2,1,gnb_2,7,25.294,13920.000000,1988.571429,1988.571433,12.000000,2,2,0
25.3,1,gnb_2,7,25.396,13920.000000,1988.571429,1988.571432,12.000000,2,2,0
25.4,1,gnb_2,7,25.498,13920.000000,1988.571429,1988.571431,12.000000,2,2,0
25.5,1,gnb_2,7,25.594,13920.000000,1988.571429,1988.571430,12.000000,2,2,0
25.6,1,gnb_2,7,25.696,13920.000000,1988.571429,1988.571429,12.000000,2,2,0
25.7,1,gnb_2,7,25.798,13920.000000,1988.571429,1988.571429,12.000000,2,2,0
25.8,1,gnb_2,7,25.894,13920.000000,1988.571429,1988.571429,12.000000,2,2,0
25.9,1,gnb_2,7,25.996,13920.000000,1988.571429,1988.571429,12.000000,2,2,0
26.0,1,gnb_2,6,26.098,13920.000000,2320.000000,2104.571429,12.000000,2,2,0
26.1,1,gnb_2,6,26.194,13920.000000,2320.000000,2179.971429,12.000000,2,2,0
26.2,1,gnb_2,6,26.296,13920.000000,2320.000000,2228.981429,12.000000,2,2,0
26.3,1,gnb_2,7,26.398,13920.000000,1988.571429,2144.837929,12.000000,2,2,0
26.4,1,gnb_2,7,26.494,13920.000000,1988.571429,2090.144654,12.000000,2,2,0
26.5,1,gnb_2,7,26.596,13920.000000,1988.571429,2054.594025,12.000000,2,2,0
26.6,1,gnb_2,7,26.698,13920.000000,1988.571429,2031.486116,12.000000,2,2,0
26.7,1,gnb_2,7,26.794,13920.000000,1988.571429,2016.465975,12.000000,2,2,0
26.8,1,gnb_2,7,26.896,13920.000000,1988.571429,2006.702884,12.000000,2,2,0
26.9,1,gnb_2,7,26.998,13920.000000,1988.571429,2000.356875,12.000000,2,2,0
27.0,1,gnb_2,7,27.094,13920.000000,1988.571429,1996.231969,12.000000,2,2,0
27.1,1,gnb_2,7,27.196,13920.000000,1988.571429,1993.550780,12.000000,2,2,0
27.2,1,gnb_2,7,27.298,13920.000000,1988.571429,1991.808007,12.000000,2,2,0
27.3,1,gnb_2,7,27.394,13920.000000,1988.571429,1990.675204,12.000000,2,2,0
27.4,1,gnb_2,7,27.496,13920.000000,1988.571429,1989.938883,12.000000,2,2,0
27.5,1,gnb_2,7,27.598,13920.000000,1988.571429,1989.460274,12.000000,2,2,0
27.6,1,gnb_2,7,27.694,13920.000000,1988.571429,1989.149178,12.000000,2,2,0
27.7,1,gnb_2,7,27.796,13920.000000,1988.571429,1988.946966,12.000000,2,2,0
27.8,1,gnb_2,7,27.898,13920.000000,1988.571429,1988.815528,12.000000,2,2,0
27.9,1,gnb_2,7,27.994,13856.000000,1979.428571,1985.530093,12.000000,2,2,0
28.0,1,gnb_2,7,28.096,13856.000000,1979.428571,1983.394560,12.000000,2,2,0
28.1,1,gnb_2,7,28.198,13856.000000,1979.428571,1982.006464,12.000000,2,2,0
28.2,1,gnb_2,7,28.294,13856.000000,1979.428571,1981.104202,12.000000,2,2,0
28.3,1,gnb_2,7,28.396,13888.000000,1984.000000,1982.117731,12.000000,2,2,0
28.4,1,gnb_2,7,28.498,13888.000000,1984.000000,1982.776525,12.000000,2,2,0
28.5,1,gnb_2,7,28.594,13888.000000,1984.000000,1983.204741,12.000000,2,2,0
28.6,1,gnb_2,7,28.696,13888.000000,1984.000000,1983.483082,12.000000,2,2,0
28.7,1,gnb_2,7,28.798,13920.000000,1988.571429,1985.264003,12.000000,2,2,0
28.8,1,gnb_2,7,28.894,13920.000000,1988.571429,1986.421602,12.000000,2,2,0
28.9,1,gnb_2,7,28.996,13920.000000,1988.571429,1987.174041,12.000000,2,2,0
29.0,1,gnb_2,7,29.098,13920.000000,1988.571429,1987.663127,12.000000,2,2,0
29.1,1,gnb_2,7,29.194,13920.000000,1988.571429,1987.981032,12.000000,2,2,0
29.2,1,gnb_2,7,29.296,13920.000000,1988.571429,1988.187671,12.000000,2,2,0
29.3,1,gnb_2,7,29.398,13920.000000,1988.571429,1988.321986,12.000000,2,2,0
29.4,1,gnb_2,7,29.494,13920.000000,1988.571429,1988.409291,12.000000,2,2,0
29.5,1,gnb_2,7,29.596,13920.000000,1988.571429,1988.466039,12.000000,2,2,0
29.6,1,gnb_2,7,29.698,13920.000000,1988.571429,1988.502925,12.000000,2,2,0
29.7,1,gnb_2,7,29.794,13920.000000,1988.571429,1988.526902,12.000000,2,2,0
29.8,1,gnb_2,7,29.896,13920.000000,1988.571429,1988.542486,12.000000,2,2,0
29.9,1,gnb_2,7,29.998,13920.000000,1988.571429,1988.552616,12.000000,2,2,0
30.0,1,gnb_2,6,30.094,13920.000000,2320.000000,2104.559200,12.000000,2,2,0
30.1,1,gnb_2,6,30.196,13920.000000,2320.000000,2179.963480,12.000000,2,2,0
30.2,1,gnb_2,6,30.298,13920.000000,2320.000000,2228.976262,12.000000,2,2,0
30.3,1,gnb_2,6,30.394,13920.000000,2320.000000,2260.834570,12.000000,2,2,0
30.4,1,gnb_2,6,30.496,13920.000000,2320.000000,2281.542471,12.000000,2,2,0
30.5,1,gnb_2,6,30.598,13920.000000,2320.000000,2295.002606,12.000000,2,2,0
30.6,1,gnb_2,6,30.694,13920.000000,2320.000000,2303.751694,12.000000,2,2,0
30.7,1,gnb_2,6,30.796,13920.000000,2320.000000,2309.438601,12.000000,2,2,0
30.8,1,gnb_2,6,30.898,13920.000000,2320.000000,2313.135091,12.000000,2,2,0
30.9,1,gnb_2,6,30.994,13920.000000,2320.000000,2315.537809,12.000000,2,2,0
31.0,1,gnb_1,5,31.096,13920.000000,2784.000000,2479.499576,12.000000,2,2,0
31.1,1,gnb_1,5,31.198,13920.000000,2784.000000,2586.074724,12.000000,2,2,0
31.2,1,gnb_1,5,31.294,13920.000000,2784.000000,2655.348571,12.000000,2,2,0
31.3,1,gnb_1,5,31.396,13920.000000,2784.000000,2700.376571,12.000000,2,2,0
31.4,1,gnb_1,5,31.498,13920.000000,2784.000000,2729.644771,12.000000,2,2,0
31.5,1,gnb_1,5,31.594,13920.000000,2784.000000,2748.669101,12.000000,2,2,0
31.6,1,gnb_1,5,31.696,13920.000000,2784.000000,2761.034916,12.000000,2,2,0
31.7,1,gnb_1,5,31.798,13696.000000,2739.200000,2753.392695,12.000000,2,2,0
31.8,1,gnb_1,5,31.894,13696.000000,2739.200000,2748.425252,12.000000,2,2,0
31.9,1,gnb_1,5,31.996,13696.000000,2739.200000,2745.196414,12.000000,2,2,0
32.0,1,gnb_1,6,32.098,13920.000000,2320.000000,2596.377669,12.000000,2,2,0
32.1,1,gnb_1,6,32.194,13920.000000,2320.000000,2499.645485,12.000000,2,2,0
32.2,1,gnb_1,6,32.296,13920.000000,2320.000000,2436.769565,12.000000,2,2,0
32.3,1,gnb_1,6,32.398,13632.000000,2272.000000,2379.100217,12.000000,2,2,0
32.4,1,gnb_1,6,32.494,13632.000000,2272.000000,2341.615141,12.000000,2,2,0
32.5,1,gnb_1,6,32.596,13664.000000,2277.333333,2319.116508,12.000000,2,2,0
32.6,1,gnb_1,6,32.698,13312.000000,2218.666667,2283.959064,12.000000,2,2,0
32.7,1,gnb_1,6,32.794,13312.000000,2218.666667,2261.106725,12.000000,2,2,0
32.8,1,gnb_1,6,32.896,13312.000000,2218.666667,2246.252704,12.000000,2,2,0
32.9,1,gnb_1,6,32.998,13920.000000,2320.000000,2272.064258,12.000000,2,2,0
33.0,1,gnb_1,6,33.094,13920.000000,2320.000000,2288.841768,12.000000,2,2,0
33.1,1,gnb_1,6,33.196,13920.000000,2320.000000,2299.747149,12.000000,2,2,0
33.2,1,gnb_1,6,33.298,13792.000000,2298.666667,2299.368980,12.000000,2,2,0
33.3,1,gnb_1,6,33.394,13792.000000,2298.666667,2299.123170,12.000000,2,2,0
33.4,1,gnb_1,6,33.496,13792.000000,2298.666667,2298.963394,12.000000,2,2,0
33.5,1,gnb_1,6,33.598,13920.000000,2320.000000,2306.326206,12.000000,2,2,0
33.6,1,gnb_1,6,33.694,13920.000000,2320.000000,2311.112034,12.000000,2,2,0
33.7,1,gnb_1,6,33.796,13920.000000,2320.000000,2314.222822,12.000000,2,2,0
33.8,1,gnb_1,6,33.898,13920.000000,2320.000000,2316.244834,12.000000,2,2,0
33.9,1,gnb_1,6,33.994,13920.000000,2320.000000,2317.559142,12.000000,2,2,0
34.0,1,gnb_1,6,34.096,13920.000000,2320.000000,2318.413443,12.000000,2,2,0
34.1,1,gnb_1,6,34.198,13920.000000,2320.000000,2318.968738,12.000000,2,2,0
34.2,1,gnb_1,6,34.294,13920.000000,2320.000000,2319.329679,12.000000,2,2,0
34.3,1,gnb_1,6,34.396,13920.000000,2320.000000,2319.564292,12.000000,2,2,0
34.4,1,gnb_1,6,34.498,13920.000000,2320.000000,2319.716790,12.000000,2,2,0
34.5,1,gnb_1,6,34.594,13920.000000,2320.000000,2319.815913,12.000000,2,2,0
34.6,1,gnb_1,6,34.696,13920.000000,2320.000000,2319.880344,12.000000,2,2,0
34.7,1,gnb_1,6,34.798,13920.000000,2320.000000,2319.922223,12.000000,2,2,0
34.8,1,gnb_1,6,34.894,13920.000000,2320.000000,2319.949445,12.000000,2,2,0
34.9,1,gnb_1,6,34.996,13920.000000,2320.000000,2319.967139,12.000000,2,2,0
3.5,11,gnb_1,1,3.594,13920.000000,13920.000000,7656.000000,4.430909,1,2,0
3.6,11,gnb_1,1,3.696,13920.000000,13920.000000,9848.400000,5.258909,2,3,0
3.7,11,gnb_1,1,3.798,13920.000000,13920.000000,11273.460000,5.622909,3,4,0
3.8,11,gnb_1,1,3.894,13920.000000,13920.000000,12199.749000,5.762909,4,5,0
3.9,11,gnb_1,1,3.996,13920.000000,13920.000000,12801.836850,5.848509,5,5,0
4.0,11,gnb_1,1,4.098,13920.000000,13920.000000,13193.193952,5.934109,5,5,0
4.1,11,gnb_1,1,4.194,13920.000000,13920.000000,13447.576069,6.019709,5,5,0
4.2,11,gnb_1,1,4.296,13920.000000,13920.000000,13612.924445,6.105309,5,5,0
4.3,11,gnb_1,1,4.398,13920.000000,13920.000000,13720.400889,6.190909,5,5,0
4.4,11,gnb_1,2,4.494,13920.000000,6960.000000,11354.260578,6.183709,5,4,0
4.5,11,gnb_1,2,4.596,13920.000000,6960.000000,9816.269376,6.203709,4,4,0
4.6,11,gnb_1,2,4.698,13920.000000,6960.000000,8816.575094,6.223709,4,4,0
4.7,11,gnb_1,2,4.794,13920.000000,6960.000000,8166.773811,6.243709,4,4,0
4.8,11,gnb_1,2,4.896,13920.000000,6960.000000,7744.402977,6.263709,4,4,0
4.9,11,gnb_1,2,4.998,13920.000000,6960.000000,7469.861935,6.283709,4,4,0
5.0,11,gnb_1,2,5.094,13920.000000,6960.000000,7291.410258,6.303709,4,4,0
5.1,11,gnb_1,2,5.196,13920.000000,6960.000000,7175.416668,6.323709,4,4,0
5.2,11,gnb_1,2,5.298,13920.000000,6960.000000,7100.020834,6.343709,4,4,0
5.3,11,gnb_1,2,5.394,13920.000000,6960.000000,7051.013542,6.363709,4,4,0
5.4,11,gnb_1,2,5.496,13920.000000,6960.000000,7019.158802,6.383709,4,4,0
5.5,11,gnb_1,2,5.598,13920.000000,6960.000000,6998.453222,6.403709,4,4,0
5.6,11,gnb_1,2,5.694,13920.000000,6960.000000,6984.994594,6.423709,4,4,0
5.7,11,gnb_1,2,5.796,13920.000000,6960.000000,6976.246486,6.443709,4,4,0
5.8,11,gnb_1,2,5.898,13920.000000,6960.000000,6970.560216,6.463709,4,4,0
5.9,11,gnb_1,2,5.994,13920.000000,6960.000000,6966.864140,6.483709,4,4,0
6.0,11,gnb_1,2,6.096,13920.000000,6960.000000,6964.461691,6.503709,4,4,0
6.1,11,gnb_1,2,6.198,13920.000000,6960.000000,6962.900099,6.523709,4,4,0
6.2,11,gnb_1,2,6.294,13920.000000,6960.000000,6961.885065,6.543709,4,4,0
6.3,11,gnb_1,2,6.396,13920.000000,6960.000000,6961.225292,6.563709,4,4,0
6.4,11,gnb_1,2,6.498,13920.000000,6960.000000,6960.796440,6.583709,4,4,0
6.5,11,gnb_1,2,6.594,13920.000000,6960.000000,6960.517686,6.603709,4,4,0
6.6,11,gnb_1,2,6.696,13920.000000,6960.000000,6960.336496,6.623709,4,4,0
6.7,11,gnb_1,2,6.798,13920.000000,6960.000000,6960.218722,6.643709,4,4,0
6.8,11,gnb_1,2,6.894,13920.000000,6960.000000,6960.142169,6.663709,4,4,0
6.9,11,gnb_1,2,6.996,13920.000000,6960.000000,6960.092410,6.683709,4,4,0
7.0,11,gnb_1,2,7.098,13920.000000,6960.000000,6960.060067,6.703709,4,4,0
7.1,11,gnb_1,2,7.194,13920.000000,6960.000000,6960.039043,6.723709,4,4,0
7.2,11,gnb_1,2,7.296,13920.000000,6960.000000,6960.025378,6.743709,4,4,0
7.3,11,gnb_1,2,7.398,13920.000000,6960.000000,6960.016496,6.763709,4,4,0
7.4,11,gnb_1,2,7.494,13920.000000,6960.000000,6960.010722,6.783709,4,4,0
7.5,11,gnb_1,2,7.596,13920.000000,6960.000000,6960.006969,6.803709,4,4,0
7.6,11,gnb_1,2,7.698,13920.000000,6960.000000,6960.004530,6.823709,4,4,0
7.7,11,gnb_1,2,7.794,13920.000000,6960.000000,6960.002945,6.843709,4,4,0
7.8,11,gnb_1,2,7.896,13920.000000,6960.000000,6960.001914,6.863709,4,4,0
7.9,11,gnb_1,2,7.998,13920.000000,6960.000000,6960.001244,6.883709,4,4,0
8.0,11,gnb_1,2,8.094,13920.000000,6960.000000,6960.000809,6.903709,4,4,0
8.1,11,gnb_1,2,8.196,13920.000000,6960.000000,6960.000526,6.923709,4,4,0
8.2,11,gnb_1,2,8.298,13920.000000,6960.000000,6960.000342,6.943709,4,4,0
8.3,11,gnb_1,2,8.394,13920.000000,6960.000000,6960.000222,6.963709,4,4,0
8.4,11,gnb_1,2,8.496,13920.000000,6960.000000,6960.000144,6.983709,4,4,0
8.5,11,gnb_1,2,8.598,13920.000000,6960.000000,6960.000094,7.003709,4,4,0
8.6,11,gnb_1,2,8.694,13920.000000,6960.000000,6960.000061,7.023709,4,4,0
8.7,11,gnb_1,2,8.796,13920.000000,6960.000000,6960.000040,7.043709,4,4,0
8.8,11,gnb_1,2,8.898,13920.000000,6960.000000,6960.000026,7.063709,4,4,0
8.9,11,gnb_1,2,8.994,13920.000000,6960.000000,6960.000017,7.083709,4,4,0
9.0,11,gnb_1,2,9.096,13920.000000,6960.000000,6960.000011,7.103709,4,4,0
9.1,11,gnb_1,2,9.198,13920.000000,6960.000000,6960.000007,7.123709,4,4,0
9.2,11,gnb_1,2,9.294,13920.000000,6960.000000,6960.000005,7.143709,4,4,0
9.3,11,gnb_1,2,9.396,13920.000000,6960.000000,6960.000003,7.163709,4,4,0
9.4,11,gnb_1,2,9.498,13920.000000,6960.000000,6960.000002,7.183709,4,4,0
9.5,11,gnb_1,2,9.594,13920.000000,6960.000000,6960.000001,7.203709,4,4,0
9.6,11,gnb_1,2,9.696,13920.000000,6960.000000,6960.000001,7.223709,4,4,0
9.7,11,gnb_1,2,9.798,13920.000000,6960.000000,6960.000001,7.243709,4,4,0
9.8,11,gnb_1,2,9.894,13920.000000,6960.000000,6960.000000,7.263709,4,4,0
9.9,11,gnb_1,2,9.996,13920.000000,6960.000000,6960.000000,7.283709,4,4,0
10.0,11,gnb_1,2,10.098,13920.000000,6960.000000,6960.000000,7.303709,4,4,0
10.1,11,gnb_1,2,10.194,13920.000000,6960.000000,6960.000000,7.323709,4,4,0
10.2,11,gnb_1,2,10.296,13920.000000,6960.000000,6960.000000,7.343709,4,4,0
10.3,11,gnb_1,2,10.398,13920.000000,6960.000000,6960.000000,7.363709,4,4,0
10.4,11,gnb_1,2,10.494,13920.000000,6960.000000,6960.000000,7.383709,4,4,0
10.5,11,gnb_1,2,10.596,13920.000000,6960.000000,6960.000000,7.403709,4,4,0
10.6,11,gnb_1,2,10.698,13920.000000,6960.000000,6960.000000,7.423709,4,4,0
10.7,11,gnb_1,2,10.794,13920.000000,6960.000000,6960.000000,7.443709,4,4,0
10.8,11,gnb_1,2,10.896,13920.000000,6960.000000,6960.000000,7.463709,4,4,0
10.9,11,gnb_1,2,10.998,13920.000000,6960.000000,6960.000000,7.483709,4,4,0
11.0,11,gnb_1,2,11.094,13920.000000,6960.000000,6960.000000,7.503709,4,4,0
11.1,11,gnb_1,2,11.196,13920.000000,6960.000000,6960.000000,7.523709,4,4,0
11.2,11,gnb_1,2,11.298,13920.000000,6960.000000,6960.000000,7.543709,4,4,0
11.3,11,gnb_1,2,11.394,13920.000000,6960.000000,6960.000000,7.563709,4,4,0
11.4,11,gnb_1,2,11.496,13920.000000,6960.000000,6960.000000,7.583709,4,4,0
11.5,11,gnb_1,2,11.598,13920.000000,6960.000000,6960.000000,7.603709,4,4,0
11.6,11,gnb_1,2,11.694,13920.000000,6960.000000,6960.000000,7.623709,4,4,0
11.7,11,gnb_1,2,11.796,13920.000000,6960.000000,6960.000000,7.643709,4,4,0
11.8,11,gnb_1,2,11.898,13920.000000,6960.000000,6960.000000,7.663709,4,4,0
11.9,11,gnb_1,2,11.994,13920.000000,6960.000000,6960.000000,7.683709,4,4,0
12.0,11,gnb_1,2,12.096,13920.000000,6960.000000,6960.000000,7.703709,4,4,0
12.1,11,gnb_1,2,12.198,13920.000000,6960.000000,6960.000000,7.723709,4,4,0
12.2,11,gnb_1,2,12.294,13920.000000,6960.000000,6960.000000,7.743709,4,4,0
12.3,11,gnb_1,2,12.396,13920.000000,6960.000000,6960.000000,7.763709,4,4,0
12.4,11,gnb_1,2,12.498,13920.000000,6960.000000,6960.000000,7.783709,4,4,0
12.5,11,gnb_1,2,12.594,13920.000000,6960.000000,6960.000000,7.803709,4,4,0
12.6,11,gnb_1,2,12.696,13920.000000,6960.000000,6960.000000,7.823709,4,4,0
12.7,11,gnb_1,2,12.798,13920.000000,6960.000000,6960.000000,7.843709,4,4,0
12.8,11,gnb_1,2,12.894,13920.000000,6960.000000,6960.000000,7.863709,4,4,0
12.9,11,gnb_1,2,12.996,13920.000000,6960.000000,6960.000000,7.883709,4,4,0
13.0,11,gnb_1,2,13.098,13920.000000,6960.000000,6960.000000,7.903709,4,4,0
13.1,11,gnb_1,2,13.194,13920.000000,6960.000000,6960.000000,7.923709,4,4,0
13.2,11,gnb_1,2,13.296,13920.000000,6960.000000,6960.000000,7.943709,4,4,0
13.3,11,gnb_1,2,13.398,13920.000000,6960.000000,6960.000000,7.963709,4,4,0
13.4,11,gnb_1,2,13.494,13920.000000,6960.000000,6960.000000,7.983709,4,4,0
13.5,11,gnb_1,2,13.596,13920.000000,6960.000000,6960.000000,8.003709,4,4,0
13.6,11,gnb_1,2,13.698,13920.000000,6960.000000,6960.000000,8.023709,4,4,0
13.7,11,gnb_1,2,13.794,13920.000000,6960.000000,6960.000000,8.043709,4,4,0
13.8,11,gnb_1,2,13.896,13920.000000,6960.000000,6960.000000,8.063709,4,4,0
13.9,11,gnb_1,2,13.998,13920.000000,6960.000000,6960.000000,8.083709,4,4,0
14.0,11,gnb_1,2,14.094,13920.000000,6960.000000,6960.000000,8.103709,4,4,0
14.1,11,gnb_1,2,14.196,13920.000000,6960.000000,6960.000000,8.123709,4,4,0
14.2,11,gnb_1,2,14.298,13920.000000,6960.000000,6960.000000,8.143709,4,4,0
14.3,11,gnb_1,2,14.394,13920.000000,6960.000000,6960.000000,8.163709,4,4,0
14.4,11,gnb_1,2,14.496,13920.000000,6960.000000,6960.000000,8.183709,4,4,0
14.5,11,gnb_1,2,14.598,13920.000000,6960.000000,6960.000000,8.203709,4,4,0
14.6,11,gnb_1,2,14.694,13920.000000,6960.000000,6960.000000,8.223709,4,4,0
14.7,11,gnb_1,2,14.796,13920.000000,6960.000000,6960.000000,8.243709,4,4,0
14.8,11,gnb_1,2,14.898,13920.000000,6960.000000,6960.000000,8.263709,4,4,0
14.9,11,gnb_1,2,14.994,13920.000000,6960.000000,6960.000000,8.283709,4,4,0
15.0,11,gnb_1,2,15.096,13920.000000,6960.000000,6960.000000,8.303709,4,4,0
15.1,11,gnb_1,2,15.198,13920.000000,6960.000000,6960.000000,8.323709,4,4,0
15.2,11,gnb_1,2,15.294,13920.000000,6960.000000,6960.000000,8.343709,4,4,0
15.3,11,gnb_1,2,15.396,13920.000000,6960.000000,6960.000000,8.363709,4,4,0
15.4,11,gnb_1,2,15.498,13920.000000,6960.000000,6960.000000,8.383709,4,4,0
15.5,11,gnb_1,2,15.594,13920.000000,6960.000000,6960.000000,8.403709,4,4,0
15.6,11,gnb_1,2,15.696,13920.000000,6960.000000,6960.000000,8.423709,4,4,0
15.7,11,gnb_1,2,15.798,13920.000000,6960.000000,6960.000000,8.443709,4,4,0
15.8,11,gnb_1,2,15.894,13920.000000,6960.000000,6960.000000,8.463709,4,4,0
15.9,11,gnb_1,2,15.996,13920.000000,6960.000000,6960.000000,8.483709,4,4,0
16.0,11,gnb_1,2,16.098,13920.000000,6960.000000,6960.000000,8.503709,4,4,0
16.1,11,gnb_1,2,16.194,13920.000000,6960.000000,6960.000000,8.523709,4,4,0
16.2,11,gnb_1,2,16.296,13920.000000,6960.000000,6960.000000,8.543709,4,4,0
16.3,11,gnb_1,2,16.398,13920.000000,6960.000000,6960.000000,8.563709,4,4,0
16.4,11,gnb_1,2,16.494,13920.000000,6960.000000,6960.000000,8.583709,4,4,0
16.5,11,gnb_1,2,16.596,13920.000000,6960.000000,6960.000000,8.603709,4,4,0
16.6,11,gnb_1,2,16.698,13920.000000,6960.000000,6960.000000,8.623709,4,4,0
16.7,11,gnb_1,2,16.794,13920.000000,6960.000000,6960.000000,8.643709,4,4,0
16.8,11,gnb_1,2,16.896,13920.000000,6960.000000,6960.000000,8.663709,4,4,0
16.9,11,gnb_1,2,16.998,13920.000000,6960.000000,6960.000000,8.683709,4,4,0
17.0,11,gnb_1,2,17.094,13920.000000,6960.000000,6960.000000,8.703709,4,4,0
17.1,11,gnb_1,2,17.196,13920.000000,6960.000000,6960.000000,8.723709,4,4,0
17.2,11,gnb_1,2,17.298,13920.000000,6960.000000,6960.000000,8.743709,4,4,0
17.3,11,gnb_1,2,17.394,13920.000000,6960.000000,6960.000000,8.763709,4,4,0
17.4,11,gnb_1,2,17.496,13920.000000,6960.000000,6960.000000,8.783709,4,4,0
17.5,11,gnb_1,2,17.598,13920.000000,6960.000000,6960.000000,8.803709,4,4,0
17.6,11,gnb_1,2,17.694,13920.000000,6960.000000,6960.000000,8.823709,4,4,0
17.7,11,gnb_1,2,17.796,13920.000000,6960.000000,6960.000000,8.843709,4,4,0
17.8,11,gnb_1,2,17.898,13920.000000,6960.000000,6960.000000,8.863709,4,4,0
17.9,11,gnb_1,2,17.994,13920.000000,6960.000000,6960.000000,8.883709,4,4,0
18.0,11,gnb_1,2,18.096,13920.000000,6960.000000,6960.000000,8.903709,4,4,0
18.1,11,gnb_1,2,18.198,13920.000000,6960.000000,6960.000000,8.923709,4,4,0
18.2,11,gnb_1,2,18.294,13920.000000,6960.000000,6960.000000,8.943709,4,4,0
18.3,11,gnb_1,2,18.396,13920.000000,6960.000000,6960.000000,8.963709,4,4,0
18.4,11,gnb_1,2,18.498,13920.000000,6960.000000,6960.000000,8.983709,4,4,0
18.5,11,gnb_1,2,18.594,13920.000000,6960.000000,6960.000000,9.003709,4,4,0
18.6,11,gnb_1,2,18.696,13920.000000,6960.000000,6960.000000,9.023709,4,4,0
18.7,11,gnb_1,2,18.798,13920.000000,6960.000000,6960.000000,9.043709,4,4,0
18.8,11,gnb_1,2,18.894,13920.000000,6960.000000,6960.000000,9.063709,4,4,0
18.9,11,gnb_1,2,18.996,13920.000000,6960.000000,6960.000000,9.083709,4,4,0
19.0,11,gnb_1,2,19.098,13920.000000,6960.000000,6960.000000,9.103709,4,4,0
19.1,11,gnb_1,2,19.194,13920.000000,6960.000000,6960.000000,9.123709,4,4,0
19.2,11,gnb_1,2,19.296,13920.000000,6960.000000,6960.000000,9.143709,4,4,0
19.3,11,gnb_1,2,19.398,13920.000000,6960.000000,6960.000000,9.163709,4,4,0
19.4,11,gnb_1,2,19.494,13920.000000,6960.000000,6960.000000,9.183709,4,4,0
19.5,11,gnb_1,2,19.596,13920.000000,6960.000000,6960.000000,9.203709,4,4,0
19.6,11,gnb_1,2,19.698,13920.000000,6960.000000,6960.000000,9.223709,4,4,0
19.7,11,gnb_1,2,19.794,13920.000000,6960.000000,6960.000000,9.243709,4,4,0
19.8,11,gnb_1,2,19.896,13920.000000,6960.000000,6960.000000,9.263709,4,4,0
19.9,11,gnb_1,2,19.998,13920.000000,6960.000000,6960.000000,9.283709,4,4,0
20.0,11,gnb_1,2,20.094,13920.000000,6960.000000,6960.000000,9.303709,4,4,0
20.1,11,gnb_1,2,20.196,13920.000000,6960.000000,6960.000000,9.323709,4,4,0
20.2,11,gnb_1,2,20.298,13920.000000,6960.000000,6960.000000,9.343709,4,4,0
20.3,11,gnb_1,2,20.394,13920.000000,6960.000000,6960.000000,9.363709,4,4,0
20.4,11,gnb_1,2,20.496,13920.000000,6960.000000,6960.000000,9.383709,4,4,0
20.5,11,gnb_1,2,20.598,13920.000000,6960.000000,6960.000000,9.403709,4,4,0
20.6,11,gnb_1,2,20.694,13920.000000,6960.000000,6960.000000,9.423709,4,4,0
20.7,11,gnb_1,2,20.796,13920.000000,6960.000000,6960.000000,9.443709,4,4,0
20.8,11,gnb_1,2,20.898,13920.000000,6960.000000,6960.000000,9.463709,4,4,0
20.9,11,gnb_1,2,20.994,13920.000000,6960.000000,6960.000000,9.483709,4,4,0
21.0,11,gnb_1,2,21.096,13920.000000,6960.000000,6960.000000,9.503709,4,4,0
21.1,11,gnb_1,2,21.198,13920.000000,6960.000000,6960.000000,9.523709,4,4,0
21.2,11,gnb_1,2,21.294,13920.000000,6960.000000,6960.000000,9.543709,4,4,0
21.3,11,gnb_1,2,21.396,13920.000000,6960.000000,6960.000000,9.563709,4,4,0
21.4,11,gnb_1,2,21.498,13920.000000,6960.000000,6960.000000,9.583709,4,4,0
21.5,11,gnb_1,2,21.594,13920.000000,6960.000000,6960.000000,9.603709,4,4,0
21.6,11,gnb_1,2,21.696,13920.000000,6960.000000,6960.000000,9.623709,4,4,0
21.7,11,gnb_1,2,21.798,13920.000000,6960.000000,6960.000000,9.643709,4,4,0
21.8,11,gnb_1,2,21.894,13920.000000,6960.000000,6960.000000,9.663709,4,4,0
21.9,11,gnb_1,2,21.996,13920.000000,6960.000000,6960.000000,9.683709,4,4,0
22.0,11,gnb_1,2,22.098,13920.000000,6960.000000,6960.000000,9.703709,4,4,0
22.1,11,gnb_1,2,22.194,13920.000000,6960.000000,6960.000000,9.723709,4,4,0
22.2,11,gnb_1,2,22.296,13920.000000,6960.000000,6960.000000,9.743709,4,4,0
22.3,11,gnb_1,2,22.398,13920.000000,6960.000000,6960.000000,9.763709,4,4,0
22.4,11,gnb_1,2,22.494,13920.000000,6960.000000,6960.000000,9.783709,4,4,0
22.5,11,gnb_1,2,22.596,13920.000000,6960.000000,6960.000000,9.803709,4,4,0
22.6,11,gnb_1,2,22.698,13920.000000,6960.000000,6960.000000,9.823709,4,4,0
22.7,11,gnb_1,2,22.794,13920.000000,6960.000000,6960.000000,9.843709,4,4,0
22.8,11,gnb_1,2,22.896,13920.000000,6960.000000,6960.000000,9.863709,4,4,0
22.9,11,gnb_1,2,22.998,13920.000000,6960.000000,6960.000000,9.883709,4,4,0
23.0,11,gnb_1,2,23.094,13920.000000,6960.000000,6960.000000,9.903709,4,4,0
23.1,11,gnb_1,2,23.196,13920.000000,6960.000000,6960.000000,9.923709,4,4,0
23.2,11,gnb_1,2,23.298,13920.000000,6960.000000,6960.000000,9.943709,4,4,0
23.3,11,gnb_1,2,23.394,13920.000000,6960.000000,6960.000000,9.963709,4,4,0
23.4,11,gnb_1,2,23.496,13920.000000,6960.000000,6960.000000,9.983709,4,4,0
23.5,11,gnb_1,2,23.598,13920.000000,6960.000000,6960.000000,10.003709,4,4,0
23.6,11,gnb_1,2,23.694,13920.000000,6960.000000,6960.000000,10.023709,4,4,0
23.7,11,gnb_1,2,23.796,13920.000000,6960.000000,6960.000000,10.043709,4,4,0
23.8,11,gnb_1,2,23.898,13920.000000,6960.000000,6960.000000,10.063709,4,4,0
23.9,11,gnb_1,2,23.994,13920.000000,6960.000000,6960.000000,10.083709,4,4,0
24.0,11,gnb_1,2,24.096,13920.000000,6960.000000,6960.000000,10.103709,4,4,0
24.1,11,gnb_1,2,24.198,13920.000000,6960.000000,6960.000000,10.123709,4,4,0
24.2,11,gnb_1,2,24.294,13920.000000,6960.000000,6960.000000,10.143709,4,4,0
24.3,11,gnb_1,2,24.396,13920.000000,6960.000000,6960.000000,10.163709,4,4,0
24.4,11,gnb_1,2,24.498,13920.000000,6960.000000,6960.000000,10.183709,4,4,0
24.5,11,gnb_1,2,24.594,13920.000000,6960.000000,6960.000000,10.203709,4,4,0
24.6,11,gnb_1,2,24.696,13920.000000,6960.000000,6960.000000,10.223709,4,4,0
24.7,11,gnb_1,2,24.798,13920.000000,6960.000000,6960.000000,10.243709,4,4,0
24.8,11,gnb_1,2,24.894,13920.000000,6960.000000,6960.000000,10.263709,4,4,0
24.9,11,gnb_1,2,24.996,13920.000000,6960.000000,6960.000000,10.283709,4,4,0
25.0,11,gnb_1,2,25.098,13920.000000,6960.000000,6960.000000,10.303709,4,4,0
25.1,11,gnb_1,2,25.194,13920.000000,6960.000000,6960.000000,10.323709,4,4,0
25.2,11,gnb_1,2,25.296,13920.000000,6960.000000,6960.000000,10.343709,4,4,0
25.3,11,gnb_1,2,25.398,13920.000000,6960.000000,6960.000000,10.363709,4,4,0
25.4,11,gnb_1,2,25.494,13920.000000,6960.000000,6960.000000,10.383709,4,4,0
25.5,11,gnb_1,2,25.596,13920.000000,6960.000000,6960.000000,10.403709,4,4,0
25.6,11,gnb_1,2,25.698,13920.000000,6960.000000,6960.000000,10.423709,4,4,0
25.7,11,gnb_1,2,25.794,13920.000000,6960.000000,6960.000000,10.443709,4,4,0
25.8,11,gnb_1,2,25.896,13920.000000,6960.000000,6960.000000,10.463709,4,4,0
25.9,11,gnb_1,2,25.998,13920.000000,6960.000000,6960.000000,10.483709,4,4,0
26.0,11,gnb_1,3,26.094,13920.000000,4640.000000,6148.000000,10.463709,4,3,0
26.1,11,gnb_1,3,26.196,13920.000000,4640.000000,5620.200000,10.518376,3,3,0
26.2,11,gnb_1,3,26.298,13920.000000,4640.000000,5277.130000,10.573042,3,3,0
26.3,11,gnb_1,3,26.394,13920.000000,4640.000000,5054.134500,10.627709,3,3,0
26.4,11,gnb_1,3,26.496,13920.000000,4640.000000,4909.187425,10.682376,3,3,0
26.5,11,gnb_1,3,26.598,13920.000000,4640.000000,4814.971826,10.737042,3,3,0
26.6,11,gnb_1,3,26.694,13920.000000,4640.000000,4753.731687,10.791709,3,3,0
26.7,11,gnb_1,3,26.796,13920.000000,4640.000000,4713.925597,10.846376,3,3,0
26.8,11,gnb_1,3,26.898,13920.000000,4640.000000,4688.051638,10.901042,3,3,0
26.9,11,gnb_1,3,26.994,13920.000000,4640.000000,4671.233565,10.955709,3,3,0
27.0,11,gnb_1,3,27.096,13920.000000,4640.000000,4660.301817,11.010376,3,3,0
27.1,11,gnb_1,3,27.198,13920.000000,4640.000000,4653.196181,11.065042,3,3,0
27.2,11,gnb_1,3,27.294,13920.000000,4640.000000,4648.577518,11.119709,3,3,0
27.3,11,gnb_1,3,27.396,13920.000000,4640.000000,4645.575386,11.174376,3,3,0
27.4,11,gnb_1,3,27.498,13920.000000,4640.000000,4643.624001,11.229042,3,3,0
27.5,11,gnb_1,3,27.594,13920.000000,4640.000000,4642.355601,11.283709,3,3,0
27.6,11,gnb_1,3,27.696,13920.000000,4640.000000,4641.531141,11.338376,3,3,0
27.7,11,gnb_1,3,27.798,13920.000000,4640.000000,4640.995241,11.393042,3,3,0
27.8,11,gnb_1,3,27.894,13920.000000,4640.000000,4640.646907,11.447709,3,3,0
27.9,11,gnb_1,3,27.996,13920.000000,4640.000000,4640.420489,11.502376,3,3,0
28.0,11,gnb_1,3,28.098,13920.000000,4640.000000,4640.273318,11.557042,3,3,0
28.1,11,gnb_1,3,28.194,13920.000000,4640.000000,4640.177657,11.611709,3,3,0
28.2,11,gnb_1,3,28.296,13920.000000,4640.000000,4640.115477,11.666376,3,3,0
28.3,11,gnb_1,3,28.398,13920.000000,4640.000000,4640.075060,11.721042,3,3,0
28.4,11,gnb_1,3,28.494,13920.000000,4640.000000,4640.048789,11.775709,3,3,0
28.5,11,gnb_1,3,28.596,13920.000000,4640.000000,4640.031713,11.830376,3,3,0
28.6,11,gnb_1,3,28.698,13920.000000,4640.000000,4640.020613,11.885042,3,3,0
28.7,11,gnb_1,3,28.794,13920.000000,4640.000000,4640.013399,11.939709,3,3,0
28.8,11,gnb_1,3,28.896,13920.000000,4640.000000,4640.008709,11.994376,3,3,0
28.9,11,gnb_1,3,28.998,13920.000000,4640.000000,4640.005661,12.000000,3,3,0
29.0,11,gnb_1,3,29.094,13920.000000,4640.000000,4640.003680,12.000000,3,3,0
29.1,11,gnb_1,3,29.196,13920.000000,4640.000000,4640.002392,12.000000,3,3,0
29.2,11,gnb_1,3,29.298,13920.000000,4640.000000,4640.001555,12.000000,3,3,0
29.3,11,gnb_1,3,29.394,13920.000000,4640.000000,4640.001011,12.000000,3,3,0
29.4,11,gnb_1,3,29.496,13920.000000,4640.000000,4640.000657,12.000000,3,3,0
29.5,11,gnb_1,3,29.598,13920.000000,4640.000000,4640.000427,12.000000,3,3,0
29.6,11,gnb_1,3,29.694,13920.000000,4640.000000,4640.000278,12.000000,3,3,0
29.7,11,gnb_1,3,29.796,13920.000000,4640.000000,4640.000180,12.000000,3,3,0
29.8,11,gnb_1,3,29.898,13920.000000,4640.000000,4640.000117,12.000000,3,3,0
29.9,11,gnb_1,3,29.994,13920.000000,4640.000000,4640.000076,12.000000,3,3,0
30.0,11,gnb_1,4,30.096,13920.000000,3480.000000,4234.000050,12.000000,3,3,0
30.1,11,gnb_1,4,30.198,13920.000000,3480.000000,3970.100032,12.000000,3,3,0
30.2,11,gnb_1,4,30.294,13920.000000,3480.000000,3798.565021,12.000000,3,3,0
30.3,11,gnb_1,4,30.396,13920.000000,3480.000000,3687.067264,12.000000,3,3,0
30.4,11,gnb_1,4,30.498,13920.000000,3480.000000,3614.593721,12.000000,3,3,0
30.5,11,gnb_1,4,30.594,13920.000000,3480.000000,3567.485919,12.000000,3,3,0
30.6,11,gnb_1,4,30.696,13920.000000,3480.000000,3536.865847,12.000000,3,3,0
30.7,11,gnb_1,4,30.798,13920.000000,3480.000000,3516.962801,12.000000,3,3,0
30.8,11,gnb_1,4,30.894,13920.000000,3480.000000,3504.025820,12.000000,3,3,0
30.9,11,gnb_1,4,30.996,13920.000000,3480.000000,3495.616783,12.000000,3,3,0
31.0,11,gnb_1,5,31.098,13920.000000,2784.000000,3246.550909,11.992800,3,2,0
31.1,11,gnb_1,5,31.194,13920.000000,2784.000000,3084.658091,12.000000,2,2,0
31.2,11,gnb_1,5,31.296,13920.000000,2784.000000,2979.427759,12.000000,2,2,0
31.3,11,gnb_1,5,31.398,13920.000000,2784.000000,2911.028043,12.000000,2,2,0
31.4,11,gnb_1,5,31.494,13920.000000,2784.000000,2866.568228,12.000000,2,2,0
31.5,11,gnb_1,5,31.596,13920.000000,2784.000000,2837.669348,12.000000,2,2,0
31.6,11,gnb_1,5,31.698,13920.000000,2784.000000,2818.885076,12.000000,2,2,0
31.7,11,gnb_1,5,31.794,13920.000000,2784.000000,2806.675300,12.000000,2,2,0
31.8,11,gnb_1,5,31.896,13920.000000,2784.000000,2798.738945,12.000000,2,2,0
31.9,11,gnb_1,5,31.998,13920.000000,2784.000000,2793.580314,12.000000,2,2,0
32.0,11,gnb_1,6,32.094,13920.000000,2320.000000,2627.827204,12.000000,2,2,0
32.1,11,gnb_1,6,32.196,13920.000000,2320.000000,2520.087683,12.000000,2,2,0
32.2,11,gnb_1,6,32.298,13920.000000,2320.000000,2450.056994,12.000000,2,2,0
32.3,11,gnb_1,6,32.394,13920.000000,2320.000000,2404.537046,12.000000,2,2,0
32.4,11,gnb_1,6,32.496,13920.000000,2320.000000,2374.949080,12.000000,2,2,0
32.5,11,gnb_1,6,32.598,13920.000000,2320.000000,2355.716902,12.000000,2,2,0
32.6,11,gnb_1,6,32.694,13920.000000,2320.000000,2343.215986,12.000000,2,2,0
32.7,11,gnb_1,6,32.796,13920.000000,2320.000000,2335.090391,12.000000,2,2,0
32.8,11,gnb_1,6,32.898,13920.000000,2320.000000,2329.808754,12.000000,2,2,0
32.9,11,gnb_1,6,32.994,13920.000000,2320.000000,2326.375690,12.000000,2,2,0
33.0,11,gnb_1,6,33.096,13920.000000,2320.000000,2324.144199,12.000000,2,2,0
33.1,11,gnb_1,6,33.198,13920.000000,2320.000000,2322.693729,12.000000,2,2,0
33.2,11,gnb_1,6,33.294,13920.000000,2320.000000,2321.750924,12.000000,2,2,0
33.3,11,gnb_1,6,33.396,13920.000000,2320.000000,2321.138101,12.000000,2,2,0
33.4,11,gnb_1,6,33.498,13920.000000,2320.000000,2320.739765,12.000000,2,2,0
33.5,11,gnb_1,6,33.594,13920.000000,2320.000000,2320.480847,12.000000,2,2,0
33.6,11,gnb_1,6,33.696,13920.000000,2320.000000,2320.312551,12.000000,2,2,0
33.7,11,gnb_1,6,33.798,13920.000000,2320.000000,2320.203158,12.000000,2,2,0
33.8,11,gnb_1,6,33.894,13920.000000,2320.000000,2320.132053,12.000000,2,2,0
33.9,11,gnb_1,6,33.996,13920.000000,2320.000000,2320.085834,12.000000,2,2,0
34.0,11,gnb_1,6,34.098,13920.000000,2320.000000,2320.055792,12.000000,2,2,0
34.1,11,gnb_1,6,34.194,13920.000000,2320.000000,2320.036265,12.000000,2,2,0
34.2,11,gnb_1,6,34.296,13920.000000,2320.000000,2320.023572,12.000000,2,2,0
34.3,11,gnb_1,6,34.398,13920.000000,2320.000000,2320.015322,12.000000,2,2,0
34.4,11,gnb_1,6,34.494,13920.000000,2320.000000,2320.009959,12.000000,2,2,0
34.5,11,gnb_1,6,34.596,13920.000000,2320.000000,2320.006474,12.000000,2,2,0
34.6,11,gnb_1,6,34.698,13920.000000,2320.000000,2320.004208,12.000000,2,2,0
34.7,11,gnb_1,6,34.794,13920.000000,2320.000000,2320.002735,12.000000,2,2,0
34.8,11,gnb_1,6,34.896,13920.000000,2320.000000,2320.001778,12.000000,2,2,0
34.9,11,gnb_1,6,34.998,13920.000000,2320.000000,2320.001156,12.000000,2,2,0
3.5,16,gnb_2,2,3.594,13920.000000,6960.000000,3828.000000,3.165455,1,1,0
3.6,16,gnb_2,2,3.696,13920.000000,6960.000000,4924.200000,4.330909,1,2,0
3.7,16,gnb_2,2,3.798,13920.000000,6960.000000,5636.730000,4.694909,2,3,0
3.8,16,gnb_2,2,3.894,13920.000000,6960.000000,6099.874500,4.826909,3,3,0
3.9,16,gnb_2,2,3.996,13920.000000,6960.000000,6400.918425,4.958909,3,3,0
4.0,16,gnb_2,2,4.098,13920.000000,6960.000000,6596.596976,5.090909,3,4,0
4.1,16,gnb_2,2,4.194,13920.000000,6960.000000,6723.788035,5.110909,4,4,0
4.2,16,gnb_2,2,4.296,13920.000000,6960.000000,6806.462222,5.130909,4,4,0
4.3,16,gnb_2,2,4.398,13920.000000,6960.000000,6860.200445,5.150909,4,4,0
4.4,16,gnb_2,2,4.494,13920.000000,6960.000000,6895.130289,5.170909,4,4,0
4.5,16,gnb_2,2,4.596,13920.000000,6960.000000,6917.834688,5.190909,4,4,0
4.6,16,gnb_2,2,4.698,13920.000000,6960.000000,6932.592547,5.210909,4,4,0
4.7,16,gnb_2,2,4.794,13920.000000,6960.000000,6942.185156,5.230909,4,4,0
4.8,16,gnb_2,2,4.896,13920.000000,6960.000000,6948.420351,5.250909,4,4,0
4.9,16,gnb_2,2,4.998,13920.000000,6960.000000,6952.473228,5.270909,4,4,0
5.0,16,gnb_2,2,5.094,13920.000000,6960.000000,6955.107598,5.290909,4,4,0
5.1,16,gnb_2,2,5.196,13920.000000,6960.000000,6956.819939,5.310909,4,4,0
5.2,16,gnb_2,2,5.298,13920.000000,6960.000000,6957.932960,5.330909,4,4,0
5.3,16,gnb_2,2,5.394,13920.000000,6960.000000,6958.656424,5.350909,4,4,0
5.4,16,gnb_2,3,5.496,13920.000000,4640.000000,6147.126676,5.330909,4,3,0
5.5,16,gnb_2,3,5.598,13920.000000,4640.000000,5619.632339,5.385576,3,3,0
5.6,16,gnb_2,3,5.694,13920.000000,4640.000000,5276.761020,5.440242,3,3,0
5.7,16,gnb_2,3,5.796,13920.000000,4640.000000,5053.894663,5.494909,3,3,0
5.8,16,gnb_2,3,5.898,13920.000000,4640.000000,4909.031531,5.549576,3,3,0
5.9,16,gnb_2,3,5.994,13920.000000,4640.000000,4814.870495,5.604242,3,3,0
6.0,16,gnb_2,3,6.096,13920.000000,4640.000000,4753.665822,5.658909,3,3,0
6.1,16,gnb_2,3,6.198,13920.000000,4640.000000,4713.882784,5.713576,3,3,0
6.2,16,gnb_2,3,6.294,13920.000000,4640.000000,4688.023810,5.768242,3,3,0
6.3,16,gnb_2,3,6.396,13920.000000,4640.000000,4671.215476,5.822909,3,3,0
6.4,16,gnb_2,3,6.498,13920.000000,4640.000000,4660.290060,5.877576,3,3,0
6.5,16,gnb_2,3,6.594,13920.000000,4640.000000,4653.188539,5.932242,3,3,0
6.6,16,gnb_2,3,6.696,13920.000000,4640.000000,4648.572550,5.986909,3,3,0
6.7,16,gnb_2,3,6.798,13920.000000,4640.000000,4645.572158,6.041576,3,3,0
6.8,16,gnb_2,3,6.894,13920.000000,4640.000000,4643.621902,6.096242,3,3,0
6.9,16,gnb_2,3,6.996,13920.000000,4640.000000,4642.354237,6.150909,3,3,0
7.0,16,gnb_2,3,7.098,13920.000000,4640.000000,4641.530254,6.205576,3,3,0
7.1,16,gnb_2,3,7.194,13920.000000,4640.000000,4640.994665,6.260242,3,3,0
7.2,16,gnb_2,3,7.296,13920.000000,4640.000000,4640.646532,6.314909,3,3,0
7.3,16,gnb_2,3,7.398,13920.000000,4640.000000,4640.420246,6.369576,3,3,0
7.4,16,gnb_2,3,7.494,13920.000000,4640.000000,4640.273160,6.424242,3,3,0
7.5,16,gnb_2,3,7.596,13920.000000,4640.000000,4640.177554,6.478909,3,3,0
7.6,16,gnb_2,3,7.698,13920.000000,4640.000000,4640.115410,6.533576,3,3,0
7.7,16,gnb_2,3,7.794,13920.000000,4640.000000,4640.075017,6.588242,3,3,0
7.8,16,gnb_2,3,7.896,13920.000000,4640.000000,4640.048761,6.642909,3,3,0
7.9,16,gnb_2,3,7.998,13920.000000,4640.000000,4640.031694,6.697576,3,3,0
8.0,16,gnb_2,3,8.094,13920.000000,4640.000000,4640.020601,6.752242,3,3,0
8.1,16,gnb_2,3,8.196,13920.000000,4640.000000,4640.013391,6.806909,3,3,0
8.2,16,gnb_2,3,8.298,13920.000000,4640.000000,4640.008704,6.861576,3,3,0
8.3,16,gnb_2,3,8.394,13920.000000,4640.000000,4640.005658,6.916242,3,3,0
8.4,16,gnb_2,3,8.496,13920.000000,4640.000000,4640.003677,6.970909,3,3,0
8.5,16,gnb_2,3,8.598,13920.000000,4640.000000,4640.002390,7.025576,3,3,0
8.6,16,gnb_2,3,8.694,13920.000000,4640.000000,4640.001554,7.080242,3,3,0
8.7,16,gnb_2,3,8.796,13920.000000,4640.000000,4640.001010,7.134909,3,3,0
8.8,16,gnb_2,4,8.898,13920.000000,3480.000000,4234.000656,7.150909,3,3,0
8.9,16,gnb_2,4,8.994,13920.000000,3480.000000,3970.100427,7.166909,3,3,0
9.0,16,gnb_2,4,9.096,13920.000000,3480.000000,3798.565277,7.182909,3,3,0
9.1,16,gnb_2,4,9.198,13920.000000,3480.000000,3687.067430,7.198909,3,3,0
9.2,16,gnb_2,4,9.294,13920.000000,3480.000000,3614.593830,7.214909,3,3,0
9.3,16,gnb_2,4,9.396,13920.000000,3480.000000,3567.485989,7.230909,3,3,0
9.4,16,gnb_2,4,9.498,13920.000000,3480.000000,3536.865893,7.246909,3,3,0
9.5,16,gnb_2,4,9.594,13920.000000,3480.000000,3516.962830,7.262909,3,3,0
9.6,16,gnb_2,4,9.696,13920.000000,3480.000000,3504.025840,7.278909,3,3,0
9.7,16,gnb_2,4,9.798,13920.000000,3480.000000,3495.616796,7.294909,3,3,0
9.8,16,gnb_2,4,9.894,13920.000000,3480.000000,3490.150917,7.310909,3,3,0
9.9,16,gnb_2,4,9.996,13920.000000,3480.000000,3486.598096,7.326909,3,3,0
10.0,16,gnb_2,4,10.098,13920.000000,3480.000000,3484.288763,7.342909,3,3,0
10.1,16,gnb_2,4,10.194,13920.000000,3480.000000,3482.787696,7.358909,3,3,0
10.2,16,gnb_2,4,10.296,13920.000000,3480.000000,3481.812002,7.374909,3,3,0
10.3,16,gnb_2,4,10.398,13920.000000,3480.000000,3481.177801,7.390909,3,3,0
10.4,16,gnb_2,4,10.494,13920.000000,3480.000000,3480.765571,7.406909,3,3,0
10.5,16,gnb_2,4,10.596,13920.000000,3480.000000,3480.497621,7.422909,3,3,0
10.6,16,gnb_2,4,10.698,13920.000000,3480.000000,3480.323454,7.438909,3,3,0
10.7,16,gnb_2,4,10.794,13920.000000,3480.000000,3480.210245,7.454909,3,3,0
10.8,16,gnb_2,4,10.896,13920.000000,3480.000000,3480.136659,7.470909,3,3,0
10.9,16,gnb_2,5,10.998,13920.000000,2784.000000,3236.488828,7.463709,3,2,0
11.0,16,gnb_2,5,11.094,13920.000000,2784.000000,3078.117739,7.549309,2,2,0
11.1,16,gnb_2,5,11.196,13920.000000,2784.000000,2975.176530,7.634909,2,2,0
11.2,16,gnb_2,5,11.298,13920.000000,2784.000000,2908.264745,7.720509,2,2,0
11.3,16,gnb_2,5,11.394,13920.000000,2784.000000,2864.772084,7.806109,2,2,0
11.4,16,gnb_2,5,11.496,13920.000000,2784.000000,2836.501855,7.891709,2,2,0
11.5,16,gnb_2,5,11.598,13920.000000,2784.000000,2818.126205,7.977309,2,2,0
11.6,16,gnb_2,5,11.694,13920.000000,2784.000000,2806.182034,8.062909,2,2,0
11.7,16,gnb_2,5,11.796,13920.000000,2784.000000,2798.418322,8.148509,2,2,0
11.8,16,gnb_2,5,11.898,13920.000000,2784.000000,2793.371909,8.234109,2,2,0
11.9,16,gnb_2,5,11.994,13920.000000,2784.000000,2790.091741,8.319709,2,2,0
12.0,16,gnb_2,5,12.096,13920.000000,2784.000000,2787.959632,8.405309,2,2,0
12.1,16,gnb_2,5,12.198,13920.000000,2784.000000,2786.573761,8.490909,2,2,0
12.2,16,gnb_2,5,12.294,13920.000000,2784.000000,2785.672944,8.576509,2,2,0
12.3,16,gnb_2,5,12.396,13920.000000,2784.000000,2785.087414,8.662109,2,2,0
12.4,16,gnb_2,5,12.498,13920.000000,2784.000000,2784.706819,8.747709,2,2,0
12.5,16,gnb_2,5,12.594,13920.000000,2784.000000,2784.459432,8.833309,2,2,0
12.6,16,gnb_2,5,12.696,13920.000000,2784.000000,2784.298631,8.918909,2,2,0
12.7,16,gnb_2,5,12.798,13920.000000,2784.000000,2784.194110,9.004509,2,2,0
12.8,16,gnb_2,5,12.894,13920.000000,2784.000000,2784.126172,9.090109,2,2,0
12.9,16,gnb_2,5,12.996,13920.000000,2784.000000,2784.082012,9.175709,2,2,0
13.0,16,gnb_2,5,13.098,13920.000000,2784.000000,2784.053308,9.261309,2,2,0
13.1,16,gnb_2,5,13.194,13920.000000,2784.000000,2784.034650,9.346909,2,2,0
13.2,16,gnb_2,5,13.296,13920.000000,2784.000000,2784.022522,9.432509,2,2,0
13.3,16,gnb_2,5,13.398,13920.000000,2784.000000,2784.014640,9.518109,2,2,0
13.4,16,gnb_2,5,13.494,13920.000000,2784.000000,2784.009516,9.603709,2,2,0
13.5,16,gnb_2,5,13.596,13920.000000,2784.000000,2784.006185,9.689309,2,2,0
13.6,16,gnb_2,5,13.698,13920.000000,2784.000000,2784.004020,9.774909,2,2,0
13.7,16,gnb_2,5,13.794,13920.000000,2784.000000,2784.002613,9.860509,2,2,0
13.8,16,gnb_2,5,13.896,13920.000000,2784.000000,2784.001699,9.946109,2,2,0
13.9,16,gnb_2,5,13.998,13920.000000,2784.000000,2784.001104,10.031709,2,2,0
14.0,16,gnb_2,5,14.094,13920.000000,2784.000000,2784.000718,10.117309,2,2,0
14.1,16,gnb_2,5,14.196,13920.000000,2784.000000,2784.000466,10.202909,2,2,0
14.2,16,gnb_2,5,14.298,13920.000000,2784.000000,2784.000303,10.288509,2,2,0
14.3,16,gnb_2,5,14.394,13920.000000,2784.000000,2784.000197,10.374109,2,2,0
14.4,16,gnb_2,5,14.496,13920.000000,2784.000000,2784.000128,10.459709,2,2,0
14.5,16,gnb_2,5,14.598,13920.000000,2784.000000,2784.000083,10.545309,2,2,0
14.6,16,gnb_2,5,14.694,13920.000000,2784.000000,2784.000054,10.630909,2,2,0
14.7,16,gnb_2,5,14.796,13920.000000,2784.000000,2784.000035,10.716509,2,2,0
14.8,16,gnb_2,5,14.898,13920.000000,2784.000000,2784.000023,10.802109,2,2,0
14.9,16,gnb_2,5,14.994,13920.000000,2784.000000,2784.000015,10.887709,2,2,0
15.0,16,gnb_2,5,15.096,13920.000000,2784.000000,2784.000010,10.973309,2,2,0
15.1,16,gnb_2,5,15.198,13920.000000,2784.000000,2784.000006,11.058909,2,2,0
15.2,16,gnb_2,5,15.294,13920.000000,2784.000000,2784.000004,11.144509,2,2,0
15.3,16,gnb_2,5,15.396,13920.000000,2784.000000,2784.000003,11.230109,2,2,0
15.4,16,gnb_2,5,15.498,13920.000000,2784.000000,2784.000002,11.315709,2,2,0
15.5,16,gnb_2,5,15.594,13920.000000,2784.000000,2784.000001,11.401309,2,2,0
15.6,16,gnb_2,5,15.696,13920.000000,2784.000000,2784.000001,11.486909,2,2,0
15.7,16,gnb_2,5,15.798,13920.000000,2784.000000,2784.000000,11.572509,2,2,0
15.8,16,gnb_2,5,15.894,13920.000000,2784.000000,2784.000000,11.658109,2,2,0
15.9,16,gnb_2,5,15.996,13920.000000,2784.000000,2784.000000,11.743709,2,2,0
16.0,16,gnb_2,6,16.098,13920.000000,2320.000000,2621.600000,11.798376,2,2,0
16.1,16,gnb_2,6,16.194,13920.000000,2320.000000,2516.040000,11.853042,2,2,0
16.2,16,gnb_2,6,16.296,13920.000000,2320.000000,2447.426000,11.907709,2,2,0
16.3,16,gnb_2,6,16.398,13920.000000,2320.000000,2402.826900,11.962376,2,2,0
16.4,16,gnb_2,6,16.494,13920.000000,2320.000000,2373.837485,12.000000,2,2,0
16.5,16,gnb_2,6,16.596,13920.000000,2320.000000,2354.994365,12.000000,2,2,0
16.6,16,gnb_2,6,16.698,13920.000000,2320.000000,2342.746337,12.000000,2,2,0
16.7,16,gnb_2,6,16.794,13920.000000,2320.000000,2334.785119,12.000000,2,2,0
16.8,16,gnb_2,6,16.896,13920.000000,2320.000000,2329.610328,12.000000,2,2,0
16.9,16,gnb_2,6,16.998,13920.000000,2320.000000,2326.246713,12.000000,2,2,0
17.0,16,gnb_2,6,17.094,13920.000000,2320.000000,2324.060363,12.000000,2,2,0
17.1,16,gnb_2,6,17.196,13920.000000,2320.000000,2322.639236,12.000000,2,2,0
17.2,16,gnb_2,6,17.298,13920.000000,2320.000000,2321.715504,12.000000,2,2,0
17.3,16,gnb_2,6,17.394,13920.000000,2320.000000,2321.115077,12.000000,2,2,0
17.4,16,gnb_2,6,17.496,13920.000000,2320.000000,2320.724800,12.000000,2,2,0
17.5,16,gnb_2,6,17.598,13920.000000,2320.000000,2320.471120,12.000000,2,2,0
17.6,16,gnb_2,6,17.694,13920.000000,2320.000000,2320.306228,12.000000,2,2,0
17.7,16,gnb_2,6,17.796,13920.000000,2320.000000,2320.199048,12.000000,2,2,0
17.8,16,gnb_2,6,17.898,13920.000000,2320.000000,2320.129381,12.000000,2,2,0
17.9,16,gnb_2,6,17.994,13920.000000,2320.000000,2320.084098,12.000000,2,2,0
18.0,16,gnb_2,6,18.096,13920.000000,2320.000000,2320.054664,12.000000,2,2,0
18.1,16,gnb_2,6,18.198,13920.000000,2320.000000,2320.035531,12.000000,2,2,0
18.2,16,gnb_2,6,18.294,13920.000000,2320.000000,2320.023095,12.000000,2,2,0
18.3,16,gnb_2,6,18.396,13920.000000,2320.000000,2320.015012,12.000000,2,2,0
18.4,16,gnb_2,6,18.498,13920.000000,2320.000000,2320.009758,12.000000,2,2,0
18.5,16,gnb_2,6,18.594,13920.000000,2320.000000,2320.006343,12.000000,2,2,0
18.6,16,gnb_2,6,18.696,13920.000000,2320.000000,2320.004123,12.000000,2,2,0
18.7,16,gnb_2,6,18.798,13920.000000,2320.000000,2320.002680,12.000000,2,2,0
18.8,16,gnb_2,6,18.894,13920.000000,2320.000000,2320.001742,12.000000,2,2,0
18.9,16,gnb_2,6,18.996,13920.000000,2320.000000,2320.001132,12.000000,2,2,0
19.0,16,gnb_2,6,19.098,13920.000000,2320.000000,2320.000736,12.000000,2,2,0
19.1,16,gnb_2,6,19.194,13920.000000,2320.000000,2320.000478,12.000000,2,2,0
19.2,16,gnb_2,6,19.296,13920.000000,2320.000000,2320.000311,12.000000,2,2,0
19.3,16,gnb_2,6,19.398,13920.000000,2320.000000,2320.000202,12.000000,2,2,0
19.4,16,gnb_2,6,19.494,13920.000000,2320.000000,2320.000131,12.000000,2,2,0
19.5,16,gnb_2,6,19.596,13920.000000,2320.000000,2320.000085,12.000000,2,2,0
19.6,16,gnb_2,6,19.698,13920.000000,2320.000000,2320.000056,12.000000,2,2,0
19.7,16,gnb_2,6,19.794,13920.000000,2320.000000,2320.000036,12.000000,2,2,0
19.8,16,gnb_2,6,19.896,13920.000000,2320.000000,2320.000023,12.000000,2,2,0
19.9,16,gnb_2,6,19.998,13920.000000,2320.000000,2320.000015,12.000000,2,2,0
20.0,16,gnb_2,6,20.094,13920.000000,2320.000000,2320.000010,12.000000,2,2,0
20.1,16,gnb_2,6,20.196,13920.000000,2320.000000,2320.000006,12.000000,2,2,0
20.2,16,gnb_2,6,20.298,13920.000000,2320.000000,2320.000004,12.000000,2,2,0
20.3,16,gnb_2,6,20.394,13920.000000,2320.000000,2320.000003,12.000000,2,2,0
20.4,16,gnb_2,6,20.496,13920.000000,2320.000000,2320.000002,12.000000,2,2,0
20.5,16,gnb_2,6,20.598,13920.000000,2320.000000,2320.000001,12.000000,2,2,0
20.6,16,gnb_2,6,20.694,13920.000000,2320.000000,2320.000001,12.000000,2,2,0
20.7,16,gnb_2,6,20.796,13920.000000,2320.000000,2320.000000,12.000000,2,2,0
20.8,16,gnb_2,6,20.898,13920.000000,2320.000000,2320.000000,12.000000,2,2,0
20.9,16,gnb_2,6,20.994,13920.000000,2320.000000,2320.000000,12.000000,2,2,0
21.0,16,gnb_2,6,21.096,13920.000000,2320.000000,2320.000000,12.000000,2,2,0
21.1,16,gnb_2,7,21.198,13920.000000,1988.571429,2204.000000,12.000000,2,2,0
21.2,16,gnb_2,7,21.294,13920.000000,1988.571429,2128.600000,12.000000,2,2,0
21.3,16,gnb_2,7,21.396,13920.000000,1988.571429,2079.590000,12.000000,2,2,0
21.4,16,gnb_2,7,21.498,13920.000000,1988.571429,2047.733500,12.000000,2,2,0
21.5,16,gnb_2,7,21.594,13920.000000,1988.571429,2027.026775,12.000000,2,2,0
21.6,16,gnb_2,7,21.696,13920.000000,1988.571429,2013.567404,12.000000,2,2,0
21.7,16,gnb_2,7,21.798,13920.000000,1988.571429,2004.818812,12.000000,2,2,0
21.8,16,gnb_2,7,21.894,13920.000000,1988.571429,1999.132228,12.000000,2,2,0
21.9,16,gnb_2,7,21.996,13920.000000,1988.571429,1995.435948,12.000000,2,2,0
22.0,16,gnb_2,7,22.098,13920.000000,1988.571429,1993.033366,12.000000,2,2,0
22.1,16,gnb_2,7,22.194,13920.000000,1988.571429,1991.471688,12.000000,2,2,0
22.2,16,gnb_2,7,22.296,13920.000000,1988.571429,1990.456597,12.000000,2,2,0
22.3,16,gnb_2,7,22.398,13920.000000,1988.571429,1989.796788,12.000000,2,2,0
22.4,16,gnb_2,7,22.494,13920.000000,1988.571429,1989.367912,12.000000,2,2,0
22.5,16,gnb_2,7,22.596,13920.000000,1988.571429,1989.089143,12.000000,2,2,0
22.6,16,gnb_2,7,22.698,13920.000000,1988.571429,1988.907943,12.000000,2,2,0
22.7,16,gnb_2,7,22.794,13920.000000,1988.571429,1988.790163,12.000000,2,2,0
22.8,16,gnb_2,7,22.896,13920.000000,1988.571429,1988.713606,12.000000,2,2,0
22.9,16,gnb_2,7,22.998,13920.000000,1988.571429,1988.663844,12.000000,2,2,0
23.0,16,gnb_2,7,23.094,13920.000000,1988.571429,1988.631498,12.000000,2,2,0
23.1,16,gnb_2,7,23.196,13920.000000,1988.571429,1988.610474,12.000000,2,2,0
23.2,16,gnb_2,7,23.298,13920.000000,1988.571429,1988.596808,12.000000,2,2,0
23.3,16,gnb_2,7,23.394,13920.000000,1988.571429,1988.587925,12.000000,2,2,0
23.4,16,gnb_2,7,23.496,13920.000000,1988.571429,1988.582151,12.000000,2,2,0
23.5,16,gnb_2,7,23.598,13920.000000,1988.571429,1988.578398,12.000000,2,2,0
23.6,16,gnb_2,7,23.694,13920.000000,1988.571429,1988.575959,12.000000,2,2,0
23.7,16,gnb_2,7,23.796,13920.000000,1988.571429,1988.574373,12.000000,2,2,0
23.8,16,gnb_2,7,23.898,13920.000000,1988.571429,1988.573343,12.000000,2,2,0
23.9,16,gnb_2,7,23.994,13920.000000,1988.571429,1988.572673,12.000000,2,2,0
24.0,16,gnb_2,7,24.096,13920.000000,1988.571429,1988.572237,12.000000,2,2,0
24.1,16,gnb_2,7,24.198,13920.000000,1988.571429,1988.571954,12.000000,2,2,0
24.2,16,gnb_2,7,24.294,13920.000000,1988.571429,1988.571770,12.000000,2,2,0
24.3,16,gnb_2,7,24.396,13920.000000,1988.571429,1988.571651,12.000000,2,2,0
24.4,16,gnb_2,7,24.498,13920.000000,1988.571429,1988.571573,12.000000,2,2,0
24.5,16,gnb_2,7,24.594,13920.000000,1988.571429,1988.571522,12.000000,2,2,0
24.6,16,gnb_2,7,24.696,13920.000000,1988.571429,1988.571490,12.000000,2,2,0
24.7,16,gnb_2,7,24.798,13920.000000,1988.571429,1988.571468,12.000000,2,2,0
24.8,16,gnb_2,7,24.894,13920.000000,1988.571429,1988.571454,12.000000,2,2,0
24.9,16,gnb_2,7,24.996,13920.000000,1988.571429,1988.571445,12.000000,2,2,0
25.0,16,gnb_2,7,25.098,13920.000000,1988.571429,1988.571439,12.000000,2,2,0
25.1,16,gnb_2,7,25.194,13920.000000,1988.571429,1988.571436,12.000000,2,2,0
25.2,16,gnb_2,7,25.296,13920.000000,1988.571429,1988.571433,12.000000,2,2,0
25.3,16,gnb_2,7,25.398,13920.000000,1988.571429,1988.571432,12.000000,2,2,0
25.4,16,gnb_2,7,25.494,13920.000000,1988.571429,1988.571431,12.000000,2,2,0
25.5,16,gnb_2,7,25.596,13920.000000,1988.571429,1988.571430,12.000000,2,2,0
25.6,16,gnb_2,7,25.698,13920.000000,1988.571429,1988.571429,12.000000,2,2,0
25.7,16,gnb_2,7,25.794,13920.000000,1988.571429,1988.571429,12.000000,2,2,0
25.8,16,gnb_2,7,25.896,13920.000000,1988.571429,1988.571429,12.000000,2,2,0
25.9,16,gnb_2,7,25.998,13920.000000,1988.571429,1988.571429,12.000000,2,2,0
26.0,16,gnb_2,6,26.094,13920.000000,2320.000000,2104.571429,12.000000,2,2,0
26.1,16,gnb_2,6,26.196,13920.000000,2320.000000,2179.971429,12.000000,2,2,0
26.2,16,gnb_2,6,26.298,13920.000000,2320.000000,2228.981429,12.000000,2,2,0
26.3,16,gnb_2,7,26.394,13920.000000,1988.571429,2144.837929,12.000000,2,2,0
26.4,16,gnb_2,7,26.496,13920.000000,1988.571429,2090.144654,12.000000,2,2,0
26.5,16,gnb_2,7,26.598,13920.000000,1988.571429,2054.594025,12.000000,2,2,0
26.6,16,gnb_2,7,26.694,13920.000000,1988.571429,2031.486116,12.000000,2,2,0
26.7,16,gnb_2,7,26.796,13920.000000,1988.571429,2016.465975,12.000000,2,2,0
26.8,16,gnb_2,7,26.898,13920.000000,1988.571429,2006.702884,12.000000,2,2,0
26.9,16,gnb_2,7,26.994,13920.000000,1988.571429,2000.356875,12.000000,2,2,0
27.0,16,gnb_2,7,27.096,13920.000000,1988.571429,1996.231969,12.000000,2,2,0
27.1,16,gnb_2,7,27.198,13920.000000,1988.571429,1993.550780,12.000000,2,2,0
27.2,16,gnb_2,7,27.294,13920.000000,1988.571429,1991.808007,12.000000,2,2,0
27.3,16,gnb_2,7,27.396,13920.000000,1988.571429,1990.675204,12.000000,2,2,0
27.4,16,gnb_2,7,27.498,13920.000000,1988.571429,1989.938883,12.000000,2,2,0
27.5,16,gnb_2,7,27.594,13920.000000,1988.571429,1989.460274,12.000000,2,2,0
27.6,16,gnb_2,7,27.696,13920.000000,1988.571429,1989.149178,12.000000,2,2,0
27.7,16,gnb_2,7,27.798,13920.000000,1988.571429,1988.946966,12.000000,2,2,0
27.8,16,gnb_2,7,27.894,13920.000000,1988.571429,1988.815528,12.000000,2,2,0
27.9,16,gnb_2,7,27.996,13920.000000,1988.571429,1988.730093,12.000000,2,2,0
28.0,16,gnb_2,7,28.098,13920.000000,1988.571429,1988.674560,12.000000,2,2,0
28.1,16,gnb_2,7,28.194,13920.000000,1988.571429,1988.638464,12.000000,2,2,0
28.2,16,gnb_2,7,28.296,13920.000000,1988.571429,1988.615002,12.000000,2,2,0
28.3,16,gnb_2,7,28.398,13920.000000,1988.571429,1988.599751,12.000000,2,2,0
28.4,16,gnb_2,7,28.494,13920.000000,1988.571429,1988.589838,12.000000,2,2,0
28.5,16,gnb_2,7,28.596,13920.000000,1988.571429,1988.583395,12.000000,2,2,0
28.6,16,gnb_2,7,28.698,13920.000000,1988.571429,1988.579207,12.000000,2,2,0
28.7,16,gnb_2,7,28.794,13920.000000,1988.571429,1988.576484,12.000000,2,2,0
28.8,16,gnb_2,7,28.896,13920.000000,1988.571429,1988.574715,12.000000,2,2,0
28.9,16,gnb_2,7,28.998,13920.000000,1988.571429,1988.573565,12.000000,2,2,0
29.0,16,gnb_2,7,29.094,13920.000000,1988.571429,1988.572817,12.000000,2,2,0
29.1,16,gnb_2,7,29.196,13920.000000,1988.571429,1988.572331,12.000000,2,2,0
29.2,16,gnb_2,7,29.298,13920.000000,1988.571429,1988.572015,12.000000,2,2,0
29.3,16,gnb_2,7,29.394,13920.000000,1988.571429,1988.571810,12.000000,2,2,0
29.4,16,gnb_2,7,29.496,13920.000000,1988.571429,1988.571676,12.000000,2,2,0
29.5,16,gnb_2,7,29.598,13920.000000,1988.571429,1988.571590,12.000000,2,2,0
29.6,16,gnb_2,7,29.694,13920.000000,1988.571429,1988.571533,12.000000,2,2,0
29.7,16,gnb_2,7,29.796,13920.000000,1988.571429,1988.571497,12.000000,2,2,0
29.8,16,gnb_2,7,29.898,13920.000000,1988.571429,1988.571473,12.000000,2,2,0
29.9,16,gnb_2,7,29.994,13920.000000,1988.571429,1988.571457,12.000000,2,2,0
30.0,16,gnb_1,4,30.096,13920.000000,3480.000000,2510.571447,12.000000,2,2,0
30.1,16,gnb_1,4,30.198,13920.000000,3480.000000,2849.871441,12.000000,2,2,0
30.2,16,gnb_1,4,30.294,13920.000000,3480.000000,3070.416436,12.000000,2,2,0
30.3,16,gnb_1,4,30.396,13920.000000,3480.000000,3213.770684,12.000000,2,3,0
30.4,16,gnb_1,4,30.498,13920.000000,3480.000000,3306.950944,12.000000,3,3,0
30.5,16,gnb_1,4,30.594,13920.000000,3480.000000,3367.518114,12.000000,3,3,0
30.6,16,gnb_1,4,30.696,13920.000000,3480.000000,3406.886774,12.000000,3,3,0
30.7,16,gnb_1,4,30.798,13920.000000,3480.000000,3432.476403,12.000000,3,3,0
30.8,16,gnb_1,4,30.894,13920.000000,3480.000000,3449.109662,12.000000,3,3,0
30.9,16,gnb_1,4,30.996,13920.000000,3480.000000,3459.921280,12.000000,3,3,0
31.0,16,gnb_1,5,31.098,13920.000000,2784.000000,3223.348832,11.992800,3,2,0
31.1,16,gnb_1,5,31.194,13920.000000,2784.000000,3069.576741,12.000000,2,2,0
31.2,16,gnb_1,5,31.296,13920.000000,2784.000000,2969.624882,12.000000,2,2,0
31.3,16,gnb_1,5,31.398,13920.000000,2784.000000,2904.656173,12.000000,2,2,0
31.4,16,gnb_1,5,31.494,13920.000000,2784.000000,2862.426512,12.000000,2,2,0
31.5,16,gnb_1,5,31.596,13920.000000,2784.000000,2834.977233,12.000000,2,2,0
31.6,16,gnb_1,5,31.698,13920.000000,2784.000000,2817.135202,12.000000,2,2,0
31.7,16,gnb_1,5,31.794,13920.000000,2784.000000,2805.537881,12.000000,2,2,0
31.8,16,gnb_1,5,31.896,13920.000000,2784.000000,2797.999623,12.000000,2,2,0
31.9,16,gnb_1,5,31.998,13920.000000,2784.000000,2793.099755,12.000000,2,2,0
32.0,16,gnb_1,6,32.094,13920.000000,2320.000000,2627.514841,12.000000,2,2,0
32.1,16,gnb_1,6,32.196,13920.000000,2320.000000,2519.884646,12.000000,2,2,0
32.2,16,gnb_1,6,32.298,13920.000000,2320.000000,2449.925020,12.000000,2,2,0
32.3,16,gnb_1,6,32.394,13920.000000,2320.000000,2404.451263,12.000000,2,2,0
32.4,16,gnb_1,6,32.496,13920.000000,2320.000000,2374.893321,12.000000,2,2,0
32.5,16,gnb_1,6,32.598,13920.000000,2320.000000,2355.680659,12.000000,2,2,0
32.6,16,gnb_1,6,32.694,13920.000000,2320.000000,2343.192428,12.000000,2,2,0
32.7,16,gnb_1,6,32.796,13920.000000,2320.000000,2335.075078,12.000000,2,2,0
32.8,16,gnb_1,6,32.898,13920.000000,2320.000000,2329.798801,12.000000,2,2,0
32.9,16,gnb_1,6,32.994,13920.000000,2320.000000,2326.369221,12.000000,2,2,0
33.0,16,gnb_1,6,33.096,13920.000000,2320.000000,2324.139993,12.000000,2,2,0
33.1,16,gnb_1,6,33.198,13920.000000,2320.000000,2322.690996,12.000000,2,2,0
33.2,16,gnb_1,6,33.294,13920.000000,2320.000000,2321.749147,12.000000,2,2,0
33.3,16,gnb_1,6,33.396,13920.000000,2320.000000,2321.136946,12.000000,2,2,0
33.4,16,gnb_1,6,33.498,13920.000000,2320.000000,2320.739015,12.000000,2,2,0
33.5,16,gnb_1,6,33.594,13920.000000,2320.000000,2320.480360,12.000000,2,2,0
33.6,16,gnb_1,6,33.696,13920.000000,2320.000000,2320.312234,12.000000,2,2,0
33.7,16,gnb_1,6,33.798,13920.000000,2320.000000,2320.202952,12.000000,2,2,0
33.8,16,gnb_1,6,33.894,13920.000000,2320.000000,2320.131919,12.000000,2,2,0
33.9,16,gnb_1,6,33.996,13920.000000,2320.000000,2320.085747,12.000000,2,2,0
34.0,16,gnb_1,6,34.098,13920.000000,2320.000000,2320.055736,12.000000,2,2,0
34.1,16,gnb_1,6,34.194,13920.000000,2320.000000,2320.036228,12.000000,2,2,0
34.2,16,gnb_1,6,34.296,13920.000000,2320.000000,2320.023548,12.000000,2,2,0
34.3,16,gnb_1,6,34.398,13920.000000,2320.000000,2320.015306,12.000000,2,2,0
34.4,16,gnb_1,6,34.494,13920.000000,2320.000000,2320.009949,12.000000,2,2,0
34.5,16,gnb_1,6,34.596,13920.000000,2320.000000,2320.006467,12.000000,2,2,0
34.6,16,gnb_1,6,34.698,13920.000000,2320.000000,2320.004204,12.000000,2,2,0
34.7,16,gnb_1,6,34.794,13920.000000,2320.000000,2320.002732,12.000000,2,2,0
34.8,16,gnb_1,6,34.896,13920.000000,2320.000000,2320.001776,12.000000,2,2,0
34.9,16,gnb_1,6,34.998,13920.000000,2320.000000,2320.001154,12.000000,2,2,0
8.8,17,gnb_2,4,8.894,13920.000000,3480.000000,1914.000000,2.532727,1,1,0
8.9,17,gnb_2,4,8.996,13920.000000,3480.000000,2462.100000,3.065455,1,1,0
9.0,17,gnb_2,4,9.098,13920.000000,3480.000000,2818.365000,3.598182,1,1,0
9.1,17,gnb_2,4,9.194,13920.000000,3480.000000,3049.937250,4.130909,1,2,0
9.2,17,gnb_2,4,9.296,13920.000000,3480.000000,3200.459212,4.262909,2,2,0
9.3,17,gnb_2,4,9.398,13920.000000,3480.000000,3298.298488,4.394909,2,2,0
9.4,17,gnb_2,4,9.494,13920.000000,3480.000000,3361.894017,4.526909,2,3,0
9.5,17,gnb_2,4,9.596,13920.000000,3480.000000,3403.231111,4.542909,3,3,0
9.6,17,gnb_2,4,9.698,13920.000000,3480.000000,3430.100222,4.558909,3,3,0
9.7,17,gnb_2,4,9.794,13920.000000,3480.000000,3447.565144,4.574909,3,3,0
9.8,17,gnb_2,4,9.896,13920.000000,3480.000000,3458.917344,4.590909,3,3,0
9.9,17,gnb_2,4,9.998,13920.000000,3480.000000,3466.296274,4.606909,3,3,0
10.0,17,gnb_2,4,10.094,13920.000000,3480.000000,3471.092578,4.622909,3,3,0
10.1,17,gnb_2,4,10.196,13920.000000,3480.000000,3474.210176,4.638909,3,3,0
10.2,17,gnb_2,4,10.298,13920.000000,3480.000000,3476.236614,4.654909,3,3,0
10.3,17,gnb_2,4,10.394,13920.000000,3480.000000,3477.553799,4.670909,3,3,0
10.4,17,gnb_2,4,10.496,13920.000000,3480.000000,3478.409969,4.686909,3,3,0
10.5,17,gnb_2,4,10.598,13920.000000,3480.000000,3478.966480,4.702909,3,3,0
10.6,17,gnb_2,4,10.694,13920.000000,3480.000000,3479.328212,4.718909,3,3,0
10.7,17,gnb_2,4,10.796,13920.000000,3480.000000,3479.563338,4.734909,3,3,0
10.8,17,gnb_2,4,10.898,13920.000000,3480.000000,3479.716170,4.750909,3,3,0
10.9,17,gnb_2,5,10.994,13920.000000,2784.000000,3236.215510,4.743709,3,2,0
11.0,17,gnb_2,5,11.096,13920.000000,2784.000000,3077.940082,4.829309,2,2,0
11.1,17,gnb_2,5,11.198,13920.000000,2784.000000,2975.061053,4.914909,2,2,0
11.2,17,gnb_2,5,11.294,13920.000000,2784.000000,2908.189685,5.000509,2,2,0
11.3,17,gnb_2,5,11.396,13920.000000,2784.000000,2864.723295,5.086109,2,2,0
11.4,17,gnb_2,5,11.498,13920.000000,2784.000000,2836.470142,5.171709,2,2,0
11.5,17,gnb_2,5,11.594,13920.000000,2784.000000,2818.105592,5.257309,2,2,0
11.6,17,gnb_2,5,11.696,13920.000000,2784.000000,2806.168635,5.342909,2,2,0
11.7,17,gnb_2,5,11.798,13920.000000,2784.000000,2798.409613,5.428509,2,2,0
11.8,17,gnb_2,5,11.894,13920.000000,2784.000000,2793.366248,5.514109,2,2,0
11.9,17,gnb_2,5,11.996,13920.000000,2784.000000,2790.088061,5.599709,2,2,0
12.0,17,gnb_2,5,12.098,13920.000000,2784.000000,2787.957240,5.685309,2,2,0
12.1,17,gnb_2,5,12.194,13920.000000,2784.000000,2786.572206,5.770909,2,2,0
12.2,17,gnb_2,5,12.296,13920.000000,2784.000000,2785.671934,5.856509,2,2,0
12.3,17,gnb_2,5,12.398,13920.000000,2784.000000,2785.086757,5.942109,2,2,0
12.4,17,gnb_2,5,12.494,13920.000000,2784.000000,2784.706392,6.027709,2,2,0
12.5,17,gnb_2,5,12.596,13920.000000,2784.000000,2784.459155,6.113309,2,2,0
12.6,17,gnb_2,5,12.698,13920.000000,2784.000000,2784.298451,6.198909,2,2,0
12.7,17,gnb_2,5,12.794,13920.000000,2784.000000,2784.193993,6.284509,2,2,0
12.8,17,gnb_2,5,12.896,13920.000000,2784.000000,2784.126095,6.370109,2,2,0
12.9,17,gnb_2,5,12.998,13920.000000,2784.000000,2784.081962,6.455709,2,2,0
13.0,17,gnb_2,5,13.094,13920.000000,2784.000000,2784.053275,6.541309,2,2,0
13.1,17,gnb_2,5,13.196,13920.000000,2784.000000,2784.034629,6.626909,2,2,0
13.2,17,gnb_2,5,13.298,13920.000000,2784.000000,2784.022509,6.712509,2,2,0
13.3,17,gnb_2,5,13.394,13920.000000,2784.000000,2784.014631,6.798109,2,2,0
13.4,17,gnb_2,5,13.496,13920.000000,2784.000000,2784.009510,6.883709,2,2,0
13.5,17,gnb_2,5,13.598,13920.000000,2784.000000,2784.006181,6.969309,2,2,0
13.6,17,gnb_2,5,13.694,13920.000000,2784.000000,2784.004018,7.054909,2,2,0
13.7,17,gnb_2,5,13.796,13920.000000,2784.000000,2784.002612,7.140509,2,2,0
13.8,17,gnb_2,5,13.898,13920.000000,2784.000000,2784.001698,7.226109,2,2,0
13.9,17,gnb_2,5,13.994,13920.000000,2784.000000,2784.001103,7.311709,2,2,0
14.0,17,gnb_2,5,14.096,13920.000000,2784.000000,2784.000717,7.397309,2,2,0
14.1,17,gnb_2,5,14.198,13920.000000,2784.000000,2784.000466,7.482909,2,2,0
14.2,17,gnb_2,5,14.294,13920.000000,2784.000000,2784.000303,7.568509,2,2,0
14.3,17,gnb_2,5,14.396,13920.000000,2784.000000,2784.000197,7.654109,2,2,0
14.4,17,gnb_2,5,14.498,13920.000000,2784.000000,2784.000128,7.739709,2,2,0
14.5,17,gnb_2,5,14.594,13920.000000,2784.000000,2784.000083,7.825309,2,2,0
14.6,17,gnb_2,5,14.696,13920.000000,2784.000000,2784.000054,7.910909,2,2,0
14.7,17,gnb_2,5,14.798,13920.000000,2784.000000,2784.000035,7.996509,2,2,0
14.8,17,gnb_2,5,14.894,13920.000000,2784.000000,2784.000023,8.082109,2,2,0
14.9,17,gnb_2,5,14.996,13920.000000,2784.000000,2784.000015,8.167709,2,2,0
15.0,17,gnb_2,5,15.098,13920.000000,2784.000000,2784.000010,8.253309,2,2,0
15.1,17,gnb_2,5,15.194,13920.000000,2784.000000,2784.000006,8.338909,2,2,0
15.2,17,gnb_2,5,15.296,13920.000000,2784.000000,2784.000004,8.424509,2,2,0
15.3,17,gnb_2,5,15.398,13920.000000,2784.000000,2784.000003,8.510109,2,2,0
15.4,17,gnb_2,5,15.494,13920.000000,2784.000000,2784.000002,8.595709,2,2,0
15.5,17,gnb_2,5,15.596,13920.000000,2784.000000,2784.000001,8.681309,2,2,0
15.6,17,gnb_2,5,15.698,13920.000000,2784.000000,2784.000001,8.766909,2,2,0
15.7,17,gnb_2,5,15.794,13920.000000,2784.000000,2784.000000,8.852509,2,2,0
15.8,17,gnb_2,5,15.896,13920.000000,2784.000000,2784.000000,8.938109,2,2,0
15.9,17,gnb_2,5,15.998,13920.000000,2784.000000,2784.000000,9.023709,2,2,0
16.0,17,gnb_2,6,16.094,13920.000000,2320.000000,2621.600000,9.078376,2,2,0
16.1,17,gnb_2,6,16.196,13920.000000,2320.000000,2516.040000,9.133042,2,2,0
16.2,17,gnb_2,6,16.298,13920.000000,2320.000000,2447.426000,9.187709,2,2,0
16.3,17,gnb_2,6,16.394,13920.000000,2320.000000,2402.826900,9.242376,2,2,0
16.4,17,gnb_2,6,16.496,13920.000000,2320.000000,2373.837485,9.297042,2,2,0
16.5,17,gnb_2,6,16.598,13920.000000,2320.000000,2354.994365,9.351709,2,2,0
16.6,17,gnb_2,6,16.694,13920.000000,2320.000000,2342.746337,9.406376,2,2,0
16.7,17,gnb_2,6,16.796,13920.000000,2320.000000,2334.785119,9.461042,2,2,0
16.8,17,gnb_2,6,16.898,13920.000000,2320.000000,2329.610328,9.515709,2,2,0
16.9,17,gnb_2,6,16.994,13920.000000,2320.000000,2326.246713,9.570376,2,2,0
17.0,17,gnb_2,6,17.096,13920.000000,2320.000000,2324.060363,9.625042,2,2,0
17.1,17,gnb_2,6,17.198,13920.000000,2320.000000,2322.639236,9.679709,2,2,0
17.2,17,gnb_2,6,17.294,13920.000000,2320.000000,2321.715504,9.734376,2,2,0
17.3,17,gnb_2,6,17.396,13920.000000,2320.000000,2321.115077,9.789042,2,2,0
17.4,17,gnb_2,6,17.498,13920.000000,2320.000000,2320.724800,9.843709,2,2,0
17.5,17,gnb_2,6,17.594,13920.000000,2320.000000,2320.471120,9.898376,2,2,0
17.6,17,gnb_2,6,17.696,13920.000000,2320.000000,2320.306228,9.953042,2,2,0
17.7,17,gnb_2,6,17.798,13920.000000,2320.000000,2320.199048,10.007709,2,2,0
17.8,17,gnb_2,6,17.894,13920.000000,2320.000000,2320.129381,10.062376,2,2,0
17.9,17,gnb_2,6,17.996,13920.000000,2320.000000,2320.084098,10.117042,2,2,0
18.0,17,gnb_2,6,18.098,13920.000000,2320.000000,2320.054664,10.171709,2,2,0
18.1,17,gnb_2,6,18.194,13920.000000,2320.000000,2320.035531,10.226376,2,2,0
18.2,17,gnb_2,6,18.296,13920.000000,2320.000000,2320.023095,10.281042,2,2,0
18.3,17,gnb_2,6,18.398,13920.000000,2320.000000,2320.015012,10.335709,2,2,0
18.4,17,gnb_2,6,18.494,13920.000000,2320.000000,2320.009758,10.390376,2,2,0
18.5,17,gnb_2,6,18.596,13920.000000,2320.000000,2320.006343,10.445042,2,2,0
18.6,17,gnb_2,6,18.698,13920.000000,2320.000000,2320.004123,10.499709,2,2,0
18.7,17,gnb_2,6,18.794,13920.000000,2320.000000,2320.002680,10.554376,2,2,0
18.8,17,gnb_2,6,18.896,13920.000000,2320.000000,2320.001742,10.609042,2,2,0
18.9,17,gnb_2,6,18.998,13920.000000,2320.000000,2320.001132,10.663709,2,2,0
19.0,17,gnb_2,6,19.094,13920.000000,2320.000000,2320.000736,10.718376,2,2,0
19.1,17,gnb_2,6,19.196,13920.000000,2320.000000,2320.000478,10.773042,2,2,0
19.2,17,gnb_2,6,19.298,13920.000000,2320.000000,2320.000311,10.827709,2,2,0
19.3,17,gnb_2,6,19.394,13920.000000,2320.000000,2320.000202,10.882376,2,2,0
19.4,17,gnb_2,6,19.496,13920.000000,2320.000000,2320.000131,10.937042,2,2,0
19.5,17,gnb_2,6,19.598,13920.000000,2320.000000,2320.000085,10.991709,2,2,0
19.6,17,gnb_2,6,19.694,13920.000000,2320.000000,2320.000056,11.046376,2,2,0
19.7,17,gnb_2,6,19.796,13920.000000,2320.000000,2320.000036,11.101042,2,2,0
19.8,17,gnb_2,6,19.898,13920.000000,2320.000000,2320.000023,11.155709,2,2,0
19.9,17,gnb_2,6,19.994,13920.000000,2320.000000,2320.000015,11.210376,2,2,0
20.0,17,gnb_2,6,20.096,13920.000000,2320.000000,2320.000010,11.265042,2,2,0
20.1,17,gnb_2,6,20.198,13920.000000,2320.000000,2320.000006,11.319709,2,2,0
20.2,17,gnb_2,6,20.294,13920.000000,2320.000000,2320.000004,11.374376,2,2,0
20.3,17,gnb_2,6,20.396,13920.000000,2320.000000,2320.000003,11.429042,2,2,0
20.4,17,gnb_2,6,20.498,13920.000000,2320.000000,2320.000002,11.483709,2,2,0
20.5,17,gnb_2,6,20.594,13920.000000,2320.000000,2320.000001,11.538376,2,2,0
20.6,17,gnb_2,6,20.696,13920.000000,2320.000000,2320.000001,11.593042,2,2,0
20.7,17,gnb_2,6,20.798,13920.000000,2320.000000,2320.000000,11.647709,2,2,0
20.8,17,gnb_2,6,20.894,13920.000000,2320.000000,2320.000000,11.702376,2,2,0
20.9,17,gnb_2,6,20.996,13920.000000,2320.000000,2320.000000,11.757042,2,2,0
21.0,17,gnb_2,6,21.098,13920.000000,2320.000000,2320.000000,11.811709,2,2,0
21.1,17,gnb_2,7,21.194,13920.000000,1988.571429,2204.000000,11.844281,2,2,0
21.2,17,gnb_2,7,21.296,13920.000000,1988.571429,2128.600000,11.876852,2,2,0
21.3,17,gnb_2,7,21.398,13920.000000,1988.571429,2079.590000,11.909423,2,2,0
21.4,17,gnb_2,7,21.494,13920.000000,1988.571429,2047.733500,11.941995,2,2,0
21.5,17,gnb_2,7,21.596,13920.000000,1988.571429,2027.026775,11.974566,2,2,0
21.6,17,gnb_2,7,21.698,13920.000000,1988.571429,2013.567404,12.000000,2,2,0
21.7,17,gnb_2,7,21.794,13920.000000,1988.571429,2004.818812,12.000000,2,2,0
21.8,17,gnb_2,7,21.896,13920.000000,1988.571429,1999.132228,12.000000,2,2,0
21.9,17,gnb_2,7,21.998,13920.000000,1988.571429,1995.435948,12.000000,2,2,0
22.0,17,gnb_2,7,22.094,13920.000000,1988.571429,1993.033366,12.000000,2,2,0
22.1,17,gnb_2,7,22.196,13920.000000,1988.571429,1991.471688,12.000000,2,2,0
22.2,17,gnb_2,7,22.298,13920.000000,1988.571429,1990.456597,12.000000,2,2,0
22.3,17,gnb_2,7,22.394,13920.000000,1988.571429,1989.796788,12.000000,2,2,0
22.4,17,gnb_2,7,22.496,13920.000000,1988.571429,1989.367912,12.000000,2,2,0
22.5,17,gnb_2,7,22.598,13920.000000,1988.571429,1989.089143,12.000000,2,2,0
22.6,17,gnb_2,7,22.694,13920.000000,1988.571429,1988.907943,12.000000,2,2,0
22.7,17,gnb_2,7,22.796,13920.000000,1988.571429,1988.790163,12.000000,2,2,0
22.8,17,gnb_2,7,22.898,13920.000000,1988.571429,1988.713606,12.000000,2,2,0
22.9,17,gnb_2,7,22.994,13920.000000,1988.571429,1988.663844,12.000000,2,2,0
23.0,17,gnb_2,7,23.096,13920.000000,1988.571429,1988.631498,12.000000,2,2,0
23.1,17,gnb_2,7,23.198,13920.000000,1988.571429,1988.610474,12.000000,2,2,0
23.2,17,gnb_2,7,23.294,13920.000000,1988.571429,1988.596808,12.000000,2,2,0
23.3,17,gnb_2,7,23.396,13920.000000,1988.571429,1988.587925,12.000000,2,2,0
23.4,17,gnb_2,7,23.498,13920.000000,1988.571429,1988.582151,12.000000,2,2,0
23.5,17,gnb_2,7,23.594,13920.000000,1988.571429,1988.578398,12.000000,2,2,0
23.6,17,gnb_2,7,23.696,13920.000000,1988.571429,1988.575959,12.000000,2,2,0
23.7,17,gnb_2,7,23.798,13920.000000,1988.571429,1988.574373,12.000000,2,2,0
23.8,17,gnb_2,7,23.894,13920.000000,1988.571429,1988.573343,12.000000,2,2,0
23.9,17,gnb_2,7,23.996,13920.000000,1988.571429,1988.572673,12.000000,2,2,0
24.0,17,gnb_2,7,24.098,13920.000000,1988.571429,1988.572237,12.000000,2,2,0
24.1,17,gnb_2,7,24.194,13920.000000,1988.571429,1988.571954,12.000000,2,2,0
24.2,17,gnb_2,7,24.296,13920.000000,1988.571429,1988.571770,12.000000,2,2,0
24.3,17,gnb_2,7,24.398,13920.000000,1988.571429,1988.571651,12.000000,2,2,0
24.4,17,gnb_2,7,24.494,13920.000000,1988.571429,1988.571573,12.000000,2,2,0
24.5,17,gnb_2,7,24.596,13920.000000,1988.571429,1988.571522,12.000000,2,2,0
24.6,17,gnb_2,7,24.698,13920.000000,1988.571429,1988.571490,12.000000,2,2,0
24.7,17,gnb_2,7,24.794,13920.000000,1988.571429,1988.571468,12.000000,2,2,0
24.8,17,gnb_2,7,24.896,13920.000000,1988.571429,1988.571454,12.000000,2,2,0
24.9,17,gnb_2,7,24.998,13920.000000,1988.571429,1988.571445,12.000000,2,2,0
25.0,17,gnb_2,7,25.094,13920.000000,1988.571429,1988.571439,12.000000,2,2,0
25.1,17,gnb_2,7,25.196,13920.000000,1988.571429,1988.571436,12.000000,2,2,0
25.2,17,gnb_2,7,25.298,13920.000000,1988.571429,1988.571433,12.000000,2,2,0
25.3,17,gnb_2,7,25.394,13920.000000,1988.571429,1988.571432,12.000000,2,2,0
25.4,17,gnb_2,7,25.496,13920.000000,1988.571429,1988.571431,12.000000,2,2,0
25.5,17,gnb_2,7,25.598,13920.000000,1988.571429,1988.571430,12.000000,2,2,0
25.6,17,gnb_2,7,25.694,13920.000000,1988.571429,1988.571429,12.000000,2,2,0
25.7,17,gnb_2,7,25.796,13920.000000,1988.571429,1988.571429,12.000000,2,2,0
25.8,17,gnb_2,7,25.898,13920.000000,1988.571429,1988.571429,12.000000,2,2,0
25.9,17,gnb_2,7,25.994,13920.000000,1988.571429,1988.571429,12.000000,2,2,0
26.0,17,gnb_2,6,26.096,13920.000000,2320.000000,2104.571429,12.000000,2,2,0
26.1,17,gnb_2,6,26.198,13920.000000,2320.000000,2179.971429,12.000000,2,2,0
26.2,17,gnb_2,6,26.294,13920.000000,2320.000000,2228.981429,12.000000,2,2,0
26.3,17,gnb_2,7,26.396,13920.000000,1988.571429,2144.837929,12.000000,2,2,0
26.4,17,gnb_2,7,26.498,13920.000000,1988.571429,2090.144654,12.000000,2,2,0
26.5,17,gnb_2,7,26.594,13920.000000,1988.571429,2054.594025,12.000000,2,2,0
26.6,17,gnb_2,7,26.696,13920.000000,1988.571429,2031.486116,12.000000,2,2,0
26.7,17,gnb_2,7,26.798,13920.000000,1988.571429,2016.465975,12.000000,2,2,0
26.8,17,gnb_2,7,26.894,13920.000000,1988.571429,2006.702884,12.000000,2,2,0
26.9,17,gnb_2,7,26.996,13920.000000,1988.571429,2000.356875,12.000000,2,2,0
27.0,17,gnb_2,7,27.098,13920.000000,1988.571429,1996.231969,12.000000,2,2,0
27.1,17,gnb_2,7,27.194,13920.000000,1988.571429,1993.550780,12.000000,2,2,0
27.2,17,gnb_2,7,27.296,13920.000000,1988.571429,1991.808007,12.000000,2,2,0
27.3,17,gnb_2,7,27.398,13920.000000,1988.571429,1990.675204,12.000000,2,2,0
27.4,17,gnb_2,7,27.494,13920.000000,1988.571429,1989.938883,12.000000,2,2,0
27.5,17,gnb_2,7,27.596,13920.000000,1988.571429,1989.460274,12.000000,2,2,0
27.6,17,gnb_2,7,27.698,13920.000000,1988.571429,1989.149178,12.000000,2,2,0
27.7,17,gnb_2,7,27.794,13920.000000,1988.571429,1988.946966,12.000000,2,2,0
27.8,17,gnb_2,7,27.896,13920.000000,1988.571429,1988.815528,12.000000,2,2,0
27.9,17,gnb_2,7,27.998,13920.000000,1988.571429,1988.730093,12.000000,2,2,0
28.0,17,gnb_2,7,28.094,13920.000000,1988.571429,1988.674560,12.000000,2,2,0
28.1,17,gnb_2,7,28.196,13920.000000,1988.571429,1988.638464,12.000000,2,2,0
28.2,17,gnb_2,7,28.298,13920.000000,1988.571429,1988.615002,12.000000,2,2,0
28.3,17,gnb_2,7,28.394,13920.000000,1988.571429,1988.599751,12.000000,2,2,0
28.4,17,gnb_2,7,28.496,13920.000000,1988.571429,1988.589838,12.000000,2,2,0
28.5,17,gnb_2,7,28.598,13920.000000,1988.571429,1988.583395,12.000000,2,2,0
28.6,17,gnb_2,7,28.694,13920.000000,1988.571429,1988.579207,12.000000,2,2,0
28.7,17,gnb_2,7,28.796,13920.000000,1988.571429,1988.576484,12.000000,2,2,0
28.8,17,gnb_2,7,28.898,13920.000000,1988.571429,1988.574715,12.000000,2,2,0
28.9,17,gnb_2,7,28.994,13920.000000,1988.571429,1988.573565,12.000000,2,2,0
29.0,17,gnb_2,7,29.096,13920.000000,1988.571429,1988.572817,12.000000,2,2,0
29.1,17,gnb_2,7,29.198,13920.000000,1988.571429,1988.572331,12.000000,2,2,0
29.2,17,gnb_2,7,29.294,13920.000000,1988.571429,1988.572015,12.000000,2,2,0
29.3,17,gnb_2,7,29.396,13920.000000,1988.571429,1988.571810,12.000000,2,2,0
29.4,17,gnb_2,7,29.498,13920.000000,1988.571429,1988.571676,12.000000,2,2,0
29.5,17,gnb_2,7,29.594,13920.000000,1988.571429,1988.571590,12.000000,2,2,0
29.6,17,gnb_2,7,29.696,13920.000000,1988.571429,1988.571533,12.000000,2,2,0
29.7,17,gnb_2,7,29.798,13920.000000,1988.571429,1988.571497,12.000000,2,2,0
29.8,17,gnb_2,7,29.894,13920.000000,1988.571429,1988.571473,12.000000,2,2,0
29.9,17,gnb_2,7,29.996,13920.000000,1988.571429,1988.571457,12.000000,2,2,0
30.0,17,gnb_2,6,30.098,13920.000000,2320.000000,2104.571447,12.000000,2,2,0
30.1,17,gnb_2,6,30.194,13920.000000,2320.000000,2179.971441,12.000000,2,2,0
30.2,17,gnb_2,6,30.296,13920.000000,2320.000000,2228.981436,12.000000,2,2,0
30.3,17,gnb_2,6,30.398,13920.000000,2320.000000,2260.837934,12.000000,2,2,0
30.4,17,gnb_2,6,30.494,13920.000000,2320.000000,2281.544657,12.000000,2,2,0
30.5,17,gnb_2,6,30.596,13920.000000,2320.000000,2295.004027,12.000000,2,2,0
30.6,17,gnb_2,6,30.698,13920.000000,2320.000000,2303.752618,12.000000,2,2,0
30.7,17,gnb_2,6,30.794,13920.000000,2320.000000,2309.439201,12.000000,2,2,0
30.8,17,gnb_2,6,30.896,13920.000000,2320.000000,2313.135481,12.000000,2,2,0
30.9,17,gnb_2,6,30.998,13920.000000,2320.000000,2315.538063,12.000000,2,2,0
31.0,17,gnb_2,5,31.094,13920.000000,2784.000000,2479.499741,12.000000,2,2,0
31.1,17,gnb_2,5,31.196,13920.000000,2784.000000,2586.074831,12.000000,2,2,0
31.2,17,gnb_2,5,31.298,13920.000000,2784.000000,2655.348640,12.000000,2,2,0
31.3,17,gnb_2,5,31.394,13920.000000,2784.000000,2700.376616,12.000000,2,2,0
31.4,17,gnb_2,5,31.496,13920.000000,2784.000000,2729.644801,12.000000,2,2,0
31.5,17,gnb_2,5,31.598,13920.000000,2784.000000,2748.669120,12.000000,2,2,0
31.6,17,gnb_2,5,31.694,13920.000000,2784.000000,2761.034928,12.000000,2,2,0
31.7,17,gnb_2,5,31.796,13920.000000,2784.000000,2769.072703,12.000000,2,2,0
31.8,17,gnb_2,5,31.898,13920.000000,2784.000000,2774.297257,12.000000,2,2,0
31.9,17,gnb_2,5,31.994,13920.000000,2784.000000,2777.693217,12.000000,2,2,0
32.0,17,gnb_1,6,32.096,13920.000000,2320.000000,2617.500591,12.000000,2,2,0
32.1,17,gnb_1,6,32.198,13920.000000,2320.000000,2513.375384,12.000000,2,2,0
32.2,17,gnb_1,6,32.294,13920.000000,2320.000000,2445.694000,12.000000,2,2,0
32.3,17,gnb_1,6,32.396,13920.000000,2320.000000,2401.701100,12.000000,2,2,0
32.4,17,gnb_1,6,32.498,13920.000000,2320.000000,2373.105715,12.000000,2,2,0
32.5,17,gnb_1,6,32.594,13920.000000,2320.000000,2354.518715,12.000000,2,2,0
32.6,17,gnb_1,6,32.696,13920.000000,2320.000000,2342.437165,12.000000,2,2,0
32.7,17,gnb_1,6,32.798,13920.000000,2320.000000,2334.584157,12.000000,2,2,0
32.8,17,gnb_1,6,32.894,13920.000000,2320.000000,2329.479702,12.000000,2,2,0
32.9,17,gnb_1,6,32.996,13920.000000,2320.000000,2326.161806,12.000000,2,2,0
33.0,17,gnb_1,6,33.098,13920.000000,2320.000000,2324.005174,12.000000,2,2,0
33.1,17,gnb_1,6,33.194,13920.000000,2320.000000,2322.603363,12.000000,2,2,0
33.2,17,gnb_1,6,33.296,13920.000000,2320.000000,2321.692186,12.000000,2,2,0
33.3,17,gnb_1,6,33.398,13856.000000,2309.333333,2317.366588,12.000000,2,2,0
33.4,17,gnb_1,6,33.494,13856.000000,2309.333333,2314.554949,12.000000,2,2,0
33.5,17,gnb_1,6,33.596,13856.000000,2309.333333,2312.727383,12.000000,2,2,0
33.6,17,gnb_1,6,33.698,13920.000000,2320.000000,2315.272799,12.000000,2,2,0
33.7,17,gnb_1,6,33.794,13920.000000,2320.000000,2316.927319,12.000000,2,2,0
33.8,17,gnb_1,6,33.896,13920.000000,2320.000000,2318.002758,12.000000,2,2,0
33.9,17,gnb_1,6,33.998,13920.000000,2320.000000,2318.701792,12.000000,2,2,0
34.0,17,gnb_1,6,34.094,13920.000000,2320.000000,2319.156165,12.000000,2,2,0
34.1,17,gnb_1,6,34.196,13920.000000,2320.000000,2319.451507,12.000000,2,2,0
34.2,17,gnb_1,6,34.298,13920.000000,2320.000000,2319.643480,12.000000,2,2,0
34.3,17,gnb_1,6,34.394,13920.000000,2320.000000,2319.768262,12.000000,2,2,0
34.4,17,gnb_1,6,34.496,13920.000000,2320.000000,2319.849370,12.000000,2,2,0
34.5,17,gnb_1,6,34.598,13888.000000,2314.666667,2318.035424,12.000000,2,2,0
34.6,17,gnb_1,6,34.694,13888.000000,2314.666667,2316.856359,12.000000,2,2,0
34.7,17,gnb_1,6,34.796,13888.000000,2314.666667,2316.089967,12.000000,2,2,0
34.8,17,gnb_1,6,34.898,13856.000000,2309.333333,2313.725145,12.000000,2,2,0
34.9,17,gnb_1,6,34.994,13856.000000,2309.333333,2312.188011,12.000000,2,2,0
35,17,gnb_1,1,35,13856.000000,13856.000000,6352.522207,12.000000,2,3,0
10.9,2,gnb_2,5,10.994,13920.000000,2784.000000,1531.200000,2.406182,1,1,0
11.0,2,gnb_2,5,11.096,13920.000000,2784.000000,1969.680000,2.812364,1,1,0
11.1,2,gnb_2,5,11.198,13920.000000,2784.000000,2254.692000,3.218545,1,1,0
11.2,2,gnb_2,5,11.294,13920.000000,2784.000000,2439.949800,3.624727,1,1,0
11.3,2,gnb_2,5,11.396,13920.000000,2784.000000,2560.367370,4.030909,1,2,0
11.4,2,gnb_2,5,11.498,13920.000000,2784.000000,2638.638791,4.116509,2,2,0
11.5,2,gnb_2,5,11.594,13920.000000,2784.000000,2689.515214,4.202109,2,2,0
11.6,2,gnb_2,5,11.696,13920.000000,2784.000000,2722.584889,4.287709,2,2,0
11.7,2,gnb_2,5,11.798,13920.000000,2784.000000,2744.080178,4.373309,2,2,0
11.8,2,gnb_2,5,11.894,13920.000000,2784.000000,2758.052116,4.458909,2,2,0
11.9,2,gnb_2,5,11.996,13920.000000,2784.000000,2767.133875,4.544509,2,2,0
12.0,2,gnb_2,5,12.098,13920.000000,2784.000000,2773.037019,4.630109,2,2,0
12.1,2,gnb_2,5,12.194,13920.000000,2784.000000,2776.874062,4.715709,2,2,0
12.2,2,gnb_2,5,12.296,13920.000000,2784.000000,2779.368140,4.801309,2,2,0
12.3,2,gnb_2,5,12.398,13920.000000,2784.000000,2780.989291,4.886909,2,2,0
12.4,2,gnb_2,5,12.494,13920.000000,2784.000000,2782.043039,4.972509,2,2,0
12.5,2,gnb_2,5,12.596,13920.000000,2784.000000,2782.727976,5.058109,2,2,0
12.6,2,gnb_2,5,12.698,13920.000000,2784.000000,2783.173184,5.143709,2,2,0
12.7,2,gnb_2,5,12.794,13920.000000,2784.000000,2783.462570,5.229309,2,2,0
12.8,2,gnb_2,5,12.896,13920.000000,2784.000000,2783.650670,5.314909,2,2,0
12.9,2,gnb_2,5,12.998,13920.000000,2784.000000,2783.772936,5.400509,2,2,0
13.0,2,gnb_2,5,13.094,13920.000000,2784.000000,2783.852408,5.486109,2,2,0
13.1,2,gnb_2,5,13.196,13920.000000,2784.000000,2783.904065,5.571709,2,2,0
13.2,2,gnb_2,5,13.298,13920.000000,2784.000000,2783.937642,5.657309,2,2,0
13.3,2,gnb_2,5,13.394,13920.000000,2784.000000,2783.959468,5.742909,2,2,0
13.4,2,gnb_2,5,13.496,13920.000000,2784.000000,2783.973654,5.828509,2,2,0
13.5,2,gnb_2,5,13.598,13920.000000,2784.000000,2783.982875,5.914109,2,2,0
13.6,2,gnb_2,5,13.694,13920.000000,2784.000000,2783.988869,5.999709,2,2,0
13.7,2,gnb_2,5,13.796,13920.000000,2784.000000,2783.992765,6.085309,2,2,0
13.8,2,gnb_2,5,13.898,13920.000000,2784.000000,2783.995297,6.170909,2,2,0
13.9,2,gnb_2,5,13.994,13920.000000,2784.000000,2783.996943,6.256509,2,2,0
14.0,2,gnb_2,5,14.096,13920.000000,2784.000000,2783.998013,6.342109,2,2,0
14.1,2,gnb_2,5,14.198,13920.000000,2784.000000,2783.998708,6.427709,2,2,0
14.2,2,gnb_2,5,14.294,13920.000000,2784.000000,2783.999160,6.513309,2,2,0
14.3,2,gnb_2,5,14.396,13920.000000,2784.000000,2783.999454,6.598909,2,2,0
14.4,2,gnb_2,5,14.498,13920.000000,2784.000000,2783.999645,6.684509,2,2,0
14.5,2,gnb_2,5,14.594,13920.000000,2784.000000,2783.999769,6.770109,2,2,0
14.6,2,gnb_2,5,14.696,13920.000000,2784.000000,2783.999850,6.855709,2,2,0
14.7,2,gnb_2,5,14.798,13920.000000,2784.000000,2783.999903,6.941309,2,2,0
14.8,2,gnb_2,5,14.894,13280.000000,2656.000000,2739.199937,7.018376,2,2,0
14.9,2,gnb_2,5,14.996,13280.000000,2656.000000,2710.079959,7.095442,2,2,0
15.0,2,gnb_2,5,15.098,13280.000000,2656.000000,2691.151973,7.172509,2,2,0
15.1,2,gnb_2,5,15.194,13280.000000,2656.000000,2678.848783,7.249576,2,2,0
15.2,2,gnb_2,5,15.296,13280.000000,2656.000000,2670.851709,7.326642,2,2,0
15.3,2,gnb_2,5,15.398,13280.000000,2656.000000,2665.653611,7.403709,2,2,0
15.4,2,gnb_2,5,15.494,13280.000000,2656.000000,2662.274847,7.480776,2,2,0
15.5,2,gnb_2,5,15.596,13280.000000,2656.000000,2660.078651,7.557842,2,2,0
15.6,2,gnb_2,5,15.698,13280.000000,2656.000000,2658.651123,7.634909,2,2,0
15.7,2,gnb_2,5,15.794,13280.000000,2656.000000,2657.723230,7.711976,2,2,0
15.8,2,gnb_2,5,15.896,13280.000000,2656.000000,2657.120099,7.789042,2,2,0
15.9,2,gnb_2,5,15.998,13280.000000,2656.000000,2656.728065,7.866109,2,2,0
16.0,2,gnb_2,6,16.094,13280.000000,2213.333333,2501.539909,7.913665,2,2,0
16.1,2,gnb_2,6,16.196,13520.000000,2253.333333,2414.667607,7.963887,2,2,0
16.2,2,gnb_2,6,16.298,13520.000000,2253.333333,2358.200611,8.014109,2,2,0
16.3,2,gnb_2,6,16.394,13520.000000,2253.333333,2321.497064,8.064331,2,2,0
16.4,2,gnb_2,6,16.496,13520.000000,2253.333333,2297.639758,8.114554,2,2,0
16.5,2,gnb_2,6,16.598,13520.000000,2253.333333,2282.132510,8.164776,2,2,0
16.6,2,gnb_2,6,16.694,13520.000000,2253.333333,2272.052798,8.214998,2,2,0
16.7,2,gnb_2,6,16.796,13520.000000,2253.333333,2265.500985,8.265220,2,2,0
16.8,2,gnb_2,6,16.898,13520.000000,2253.333333,2261.242307,8.315442,2,2,0
16.9,2,gnb_2,6,16.994,13520.000000,2253.333333,2258.474166,8.365665,2,2,0
17.0,2,gnb_2,6,17.096,13520.000000,2253.333333,2256.674875,8.415887,2,2,0
17.1,2,gnb_2,6,17.198,13520.000000,2253.333333,2255.505335,8.466109,2,2,0
17.2,2,gnb_2,6,17.294,13520.000000,2253.333333,2254.745135,8.516331,2,2,0
17.3,2,gnb_2,6,17.396,13664.000000,2277.333333,2262.651004,8.568154,2,2,0
17.4,2,gnb_2,6,17.498,13664.000000,2277.333333,2267.789819,8.619976,2,2,0
17.5,2,gnb_2,6,17.594,13664.000000,2277.333333,2271.130049,8.671798,2,2,0
17.6,2,gnb_2,6,17.696,13664.000000,2277.333333,2273.301199,8.723620,2,2,0
17.7,2,gnb_2,6,17.798,13664.000000,2277.333333,2274.712446,8.775442,2,2,0
17.8,2,gnb_2,6,17.894,13664.000000,2277.333333,2275.629756,8.827265,2,2,0
17.9,2,gnb_2,6,17.996,13664.000000,2277.333333,2276.226008,8.879087,2,2,0
18.0,2,gnb_2,6,18.098,13664.000000,2277.333333,2276.613572,8.930909,2,2,0
18.1,2,gnb_2,6,18.194,13664.000000,2277.333333,2276.865489,8.982731,2,2,0
18.2,2,gnb_2,6,18.296,13664.000000,2277.333333,2277.029234,9.034554,2,2,0
18.3,2,gnb_2,6,18.398,13664.000000,2277.333333,2277.135669,9.086376,2,2,0
18.4,2,gnb_2,6,18.494,13664.000000,2277.333333,2277.204851,9.138198,2,2,0
18.5,2,gnb_2,6,18.596,13664.000000,2277.333333,2277.249820,9.190020,2,2,0
18.6,2,gnb_2,6,18.698,13664.000000,2277.333333,2277.279050,9.241842,2,2,0
18.7,2,gnb_2,6,18.794,13664.000000,2277.333333,2277.298049,9.293665,2,2,0
18.8,2,gnb_2,6,18.896,13664.000000,2277.333333,2277.310399,9.345487,2,2,0
18.9,2,gnb_2,6,18.998,13664.000000,2277.333333,2277.318426,9.397309,2,2,0
19.0,2,gnb_2,6,19.094,13664.000000,2277.333333,2277.323643,9.449131,2,2,0
19.1,2,gnb_2,6,19.196,13664.000000,2277.333333,2277.327035,9.500954,2,2,0
19.2,2,gnb_2,6,19.298,13664.000000,2277.333333,2277.329239,9.552776,2,2,0
19.3,2,gnb_2,6,19.394,13664.000000,2277.333333,2277.330672,9.604598,2,2,0
19.4,2,gnb_2,6,19.496,13728.000000,2288.000000,2281.064937,9.657131,2,2,0
19.5,2,gnb_2,6,19.598,13728.000000,2288.000000,2283.492209,9.709665,2,2,0
19.6,2,gnb_2,6,19.694,13728.000000,2288.000000,2285.069936,9.762198,2,2,0
19.7,2,gnb_2,6,19.796,13760.000000,2293.333333,2287.962125,9.815087,2,2,0
19.8,2,gnb_2,6,19.898,13760.000000,2293.333333,2289.842048,9.867976,2,2,0
19.9,2,gnb_2,6,19.994,13760.000000,2293.333333,2291.063998,9.920865,2,2,0
20.0,2,gnb_2,6,20.096,13760.000000,2293.333333,2291.858265,9.973754,2,2,0
20.1,2,gnb_2,6,20.198,13760.000000,2293.333333,2292.374539,10.026642,2,2,0
20.2,2,gnb_2,6,20.294,13760.000000,2293.333333,2292.710117,10.079531,2,2,0
20.3,2,gnb_2,6,20.396,13920.000000,2320.000000,2302.261576,10.134198,2,2,0
20.4,2,gnb_2,6,20.498,13920.000000,2320.000000,2308.470024,10.188865,2,2,0
20.5,2,gnb_2,6,20.594,13920.000000,2320.000000,2312.505516,10.243531,2,2,0
20.6,2,gnb_2,6,20.696,13920.000000,2320.000000,2315.128585,10.298198,2,2,0
20.7,2,gnb_2,6,20.798,13920.000000,2320.000000,2316.833580,10.352865,2,2,0
20.8,2,gnb_2,6,20.894,13920.000000,2320.000000,2317.941827,10.407531,2,2,0
20.9,2,gnb_2,6,20.996,13920.000000,2320.000000,2318.662188,10.462198,2,2,0
21.0,2,gnb_2,6,21.098,13920.000000,2320.000000,2319.130422,10.516865,2,2,0
21.1,2,gnb_2,7,21.194,13920.000000,1988.571429,2203.434774,10.549436,2,2,0
21.2,2,gnb_2,7,21.296,13920.000000,1988.571429,2128.232603,10.582008,2,2,0
21.3,2,gnb_2,7,21.398,13920.000000,1988.571429,2079.351192,10.614579,2,2,0
21.4,2,gnb_2,7,21.494,13920.000000,1988.571429,2047.578275,10.647150,2,2,0
21.5,2,gnb_2,7,21.596,13920.000000,1988.571429,2026.925879,10.679722,2,2,0
21.6,2,gnb_2,7,21.698,13920.000000,1988.571429,2013.501821,10.712293,2,2,0
21.7,2,gnb_2,7,21.794,13920.000000,1988.571429,2004.776184,10.744865,2,2,0
21.8,2,gnb_2,7,21.896,13920.000000,1988.571429,1999.104519,10.777436,2,2,0
21.9,2,gnb_2,7,21.998,13920.000000,1988.571429,1995.417938,10.810008,2,2,0
22.0,2,gnb_2,7,22.094,13920.000000,1988.571429,1993.021659,10.842579,2,2,0
22.1,2,gnb_2,7,22.196,13920.000000,1988.571429,1991.464079,10.875150,2,2,0
22.2,2,gnb_2,7,22.298,13920.000000,1988.571429,1990.451651,10.907722,2,2,0
22.3,2,gnb_2,7,22.394,13920.000000,1988.571429,1989.793573,10.940293,2,2,0
22.4,2,gnb_2,7,22.496,13920.000000,1988.571429,1989.365823,10.972865,2,2,0
22.5,2,gnb_2,7,22.598,13920.000000,1988.571429,1989.087785,11.005436,2,2,0
22.6,2,gnb_2,7,22.694,13920.000000,1988.571429,1988.907060,11.038008,2,2,0
22.7,2,gnb_2,7,22.796,13920.000000,1988.571429,1988.789589,11.070579,2,2,0
22.8,2,gnb_2,7,22.898,13920.000000,1988.571429,1988.713233,11.103150,2,2,0
22.9,2,gnb_2,7,22.994,13920.000000,1988.571429,1988.663601,11.135722,2,2,0
23.0,2,gnb_2,7,23.096,13920.000000,1988.571429,1988.631341,11.168293,2,2,0
23.1,2,gnb_2,7,23.198,13920.000000,1988.571429,1988.610372,11.200865,2,2,0
23.2,2,gnb_2,7,23.294,13920.000000,1988.571429,1988.596742,11.233436,2,2,0
23.3,2,gnb_2,7,23.396,13920.000000,1988.571429,1988.587882,11.266008,2,2,0
23.4,2,gnb_2,7,23.498,13920.000000,1988.571429,1988.582123,11.298579,2,2,0
23.5,2,gnb_2,7,23.594,13920.000000,1988.571429,1988.578380,11.331150,2,2,0
23.6,2,gnb_2,7,23.696,13920.000000,1988.571429,1988.575947,11.363722,2,2,0
23.7,2,gnb_2,7,23.798,13856.000000,1979.428571,1985.374366,11.395684,2,2,0
23.8,2,gnb_2,7,23.894,13856.000000,1979.428571,1983.293338,11.427646,2,2,0
23.9,2,gnb_2,7,23.996,13856.000000,1979.428571,1981.940669,11.459608,2,2,0
24.0,2,gnb_2,7,24.098,13856.000000,1979.428571,1981.061435,11.491569,2,2,0
24.1,2,gnb_2,7,24.194,13856.000000,1979.428571,1980.489933,11.523531,2,2,0
24.2,2,gnb_2,7,24.296,13888.000000,1984.000000,1981.718456,11.555798,2,2,0
24.3,2,gnb_2,7,24.398,13920.000000,1988.571429,1984.116997,11.588369,2,2,0
24.4,2,gnb_2,7,24.494,13920.000000,1988.571429,1985.676048,11.620941,2,2,0
24.5,2,gnb_2,7,24.596,13920.000000,1988.571429,1986.689431,11.653512,2,2,0
24.6,2,gnb_2,7,24.698,13920.000000,1988.571429,1987.348130,11.686084,2,2,0
24.7,2,gnb_2,7,24.794,13920.000000,1988.571429,1987.776285,11.718655,2,2,0
24.8,2,gnb_2,7,24.896,13920.000000,1988.571429,1988.054585,11.751227,2,2,0
24.9,2,gnb_2,7,24.998,13920.000000,1988.571429,1988.235480,11.783798,2,2,0
25.0,2,gnb_2,7,25.094,13920.000000,1988.571429,1988.353062,11.816369,2,2,0
25.1,2,gnb_2,7,25.196,13920.000000,1988.571429,1988.429490,11.848941,2,2,0
25.2,2,gnb_2,7,25.298,13920.000000,1988.571429,1988.479169,11.881512,2,2,0
25.3,2,gnb_2,7,25.394,13920.000000,1988.571429,1988.511460,11.914084,2,2,0
25.4,2,gnb_2,7,25.496,13920.000000,1988.571429,1988.532449,11.946655,2,2,0
25.5,2,gnb_2,7,25.598,13920.000000,1988.571429,1988.546092,11.979227,2,2,0
25.6,2,gnb_2,7,25.694,13920.000000,1988.571429,1988.554960,12.000000,2,2,0
25.7,2,gnb_2,7,25.796,13920.000000,1988.571429,1988.560724,12.000000,2,2,0
25.8,2,gnb_2,7,25.898,13920.000000,1988.571429,1988.564470,12.000000,2,2,0
25.9,2,gnb_2,7,25.994,13920.000000,1988.571429,1988.566906,12.000000,2,2,0
26.0,2,gnb_2,6,26.096,13920.000000,2320.000000,2104.568489,12.000000,2,2,0
26.1,2,gnb_2,6,26.198,13920.000000,2320.000000,2179.969518,12.000000,2,2,0
26.2,2,gnb_2,6,26.294,13920.000000,2320.000000,2228.980187,12.000000,2,2,0
26.3,2,gnb_2,7,26.396,13920.000000,1988.571429,2144.837121,12.000000,2,2,0
26.4,2,gnb_2,7,26.498,13920.000000,1988.571429,2090.144129,12.000000,2,2,0
26.5,2,gnb_2,7,26.594,13920.000000,1988.571429,2054.593684,12.000000,2,2,0
26.6,2,gnb_2,7,26.696,13920.000000,1988.571429,2031.485894,12.000000,2,2,0
26.7,2,gnb_2,7,26.798,13920.000000,1988.571429,2016.465831,12.000000,2,2,0
26.8,2,gnb_2,7,26.894,13920.000000,1988.571429,2006.702790,12.000000,2,2,0
26.9,2,gnb_2,7,26.996,13920.000000,1988.571429,2000.356814,12.000000,2,2,0
27.0,2,gnb_2,7,27.098,13920.000000,1988.571429,1996.231929,12.000000,2,2,0
27.1,2,gnb_2,7,27.194,13920.000000,1988.571429,1993.550754,12.000000,2,2,0
27.2,2,gnb_2,7,27.296,13920.000000,1988.571429,1991.807990,12.000000,2,2,0
27.3,2,gnb_2,7,27.398,13920.000000,1988.571429,1990.675193,12.000000,2,2,0
27.4,2,gnb_2,7,27.494,13920.000000,1988.571429,1989.938876,12.000000,2,2,0
27.5,2,gnb_2,7,27.596,13920.000000,1988.571429,1989.460269,12.000000,2,2,0
27.6,2,gnb_2,7,27.698,13920.000000,1988.571429,1989.149175,12.000000,2,2,0
27.7,2,gnb_2,7,27.794,13920.000000,1988.571429,1988.946964,12.000000,2,2,0
27.8,2,gnb_2,7,27.896,13920.000000,1988.571429,1988.815526,12.000000,2,2,0
27.9,2,gnb_2,7,27.998,13920.000000,1988.571429,1988.730092,12.000000,2,2,0
28.0,2,gnb_2,7,28.094,13920.000000,1988.571429,1988.674560,12.000000,2,2,0
28.1,2,gnb_2,7,28.196,13920.000000,1988.571429,1988.638464,12.000000,2,2,0
28.2,2,gnb_2,7,28.298,13920.000000,1988.571429,1988.615002,12.000000,2,2,0
28.3,2,gnb_2,7,28.394,13920.000000,1988.571429,1988.599751,12.000000,2,2,0
28.4,2,gnb_2,7,28.496,13920.000000,1988.571429,1988.589838,12.000000,2,2,0
28.5,2,gnb_2,7,28.598,13920.000000,1988.571429,1988.583395,12.000000,2,2,0
28.6,2,gnb_2,7,28.694,13920.000000,1988.571429,1988.579207,12.000000,2,2,0
28.7,2,gnb_2,7,28.796,13920.000000,1988.571429,1988.576484,12.000000,2,2,0
28.8,2,gnb_2,7,28.898,13920.000000,1988.571429,1988.574715,12.000000,2,2,0
28.9,2,gnb_2,7,28.994,13920.000000,1988.571429,1988.573565,12.000000,2,2,0
29.0,2,gnb_2,7,29.096,13920.000000,1988.571429,1988.572817,12.000000,2,2,0
29.1,2,gnb_2,7,29.198,13920.000000,1988.571429,1988.572331,12.000000,2,2,0
29.2,2,gnb_2,7,29.294,13920.000000,1988.571429,1988.572015,12.000000,2,2,0
29.3,2,gnb_2,7,29.396,13920.000000,1988.571429,1988.571810,12.000000,2,2,0
29.4,2,gnb_2,7,29.498,13920.000000,1988.571429,1988.571676,12.000000,2,2,0
29.5,2,gnb_2,7,29.594,13920.000000,1988.571429,1988.571590,12.000000,2,2,0
29.6,2,gnb_2,7,29.696,13920.000000,1988.571429,1988.571533,12.000000,2,2,0
29.7,2,gnb_2,7,29.798,13920.000000,1988.571429,1988.571497,12.000000,2,2,0
29.8,2,gnb_2,7,29.894,13920.000000,1988.571429,1988.571473,12.000000,2,2,0
29.9,2,gnb_2,7,29.996,13920.000000,1988.571429,1988.571457,12.000000,2,2,0
30.0,2,gnb_2,6,30.098,13920.000000,2320.000000,2104.571447,12.000000,2,2,0
30.1,2,gnb_2,6,30.194,13920.000000,2320.000000,2179.971441,12.000000,2,2,0
30.2,2,gnb_2,6,30.296,13920.000000,2320.000000,2228.981436,12.000000,2,2,0
30.3,2,gnb_2,6,30.398,13920.000000,2320.000000,2260.837934,12.000000,2,2,0
30.4,2,gnb_2,6,30.494,13920.000000,2320.000000,2281.544657,12.000000,2,2,0
30.5,2,gnb_2,6,30.596,13920.000000,2320.000000,2295.004027,12.000000,2,2,0
30.6,2,gnb_2,6,30.698,13920.000000,2320.000000,2303.752618,12.000000,2,2,0
30.7,2,gnb_2,6,30.794,13920.000000,2320.000000,2309.439201,12.000000,2,2,0
30.8,2,gnb_2,6,30.896,13920.000000,2320.000000,2313.135481,12.000000,2,2,0
30.9,2,gnb_2,6,30.998,13920.000000,2320.000000,2315.538063,12.000000,2,2,0
31.0,2,gnb_2,5,31.094,13920.000000,2784.000000,2479.499741,12.000000,2,2,0
31.1,2,gnb_2,5,31.196,13920.000000,2784.000000,2586.074831,12.000000,2,2,0
31.2,2,gnb_2,5,31.298,13920.000000,2784.000000,2655.348640,12.000000,2,2,0
31.3,2,gnb_2,5,31.394,13920.000000,2784.000000,2700.376616,12.000000,2,2,0
31.4,2,gnb_2,5,31.496,13920.000000,2784.000000,2729.644801,12.000000,2,2,0
31.5,2,gnb_2,5,31.598,13920.000000,2784.000000,2748.669120,12.000000,2,2,0
31.6,2,gnb_2,5,31.694,13824.000000,2764.800000,2754.314928,12.000000,2,2,0
31.7,2,gnb_2,5,31.796,13824.000000,2764.800000,2757.984703,12.000000,2,2,0
31.8,2,gnb_2,5,31.898,13824.000000,2764.800000,2760.370057,12.000000,2,2,0
31.9,2,gnb_2,5,31.994,13824.000000,2764.800000,2761.920537,12.000000,2,2,0
32.0,2,gnb_2,4,32.096,13376.000000,3344.000000,2965.648349,12.000000,2,2,0
32.1,2,gnb_2,4,32.198,13376.000000,3344.000000,3098.071427,12.000000,2,3,0
32.2,2,gnb_2,4,32.294,13376.000000,3344.000000,3184.146428,12.000000,3,3,0
32.3,2,gnb_2,4,32.396,13376.000000,3344.000000,3240.095178,12.000000,3,3,0
32.4,2,gnb_2,4,32.498,13824.000000,3456.000000,3315.661866,12.000000,3,3,0
32.5,2,gnb_2,4,32.594,13824.000000,3456.000000,3364.780213,12.000000,3,3,0
32.6,2,gnb_2,4,32.696,13824.000000,3456.000000,3396.707138,12.000000,3,3,0
32.7,2,gnb_2,4,32.798,13824.000000,3456.000000,3417.459640,12.000000,3,3,0
32.8,2,gnb_2,4,32.894,13920.000000,3480.000000,3439.348766,12.000000,3,3,0
32.9,2,gnb_2,4,32.996,13920.000000,3480.000000,3453.576698,12.000000,3,3,0
33.0,2,gnb_2,4,33.098,13920.000000,3480.000000,3462.824854,12.000000,3,3,0
33.1,2,gnb_2,4,33.194,13920.000000,3480.000000,3468.836155,12.000000,3,3,0
33.2,2,gnb_2,4,33.296,13920.000000,3480.000000,3472.743501,12.000000,3,3,0
33.3,2,gnb_2,4,33.398,13920.000000,3480.000000,3475.283275,12.000000,3,3,0
33.4,2,gnb_2,4,33.494,13920.000000,3480.000000,3476.934129,12.000000,3,3,0
33.5,2,gnb_2,4,33.596,13920.000000,3480.000000,3478.007184,12.000000,3,3,0
33.6,2,gnb_2,4,33.698,13664.000000,3416.000000,3456.304670,12.000000,3,3,0
33.7,2,gnb_2,4,33.794,13664.000000,3416.000000,3442.198035,12.000000,3,3,0
33.8,2,gnb_2,4,33.896,13664.000000,3416.000000,3433.028723,12.000000,3,3,0
33.9,2,gnb_2,4,33.998,13664.000000,3416.000000,3427.068670,12.000000,3,3,0
34.0,2,gnb_2,4,34.094,13920.000000,3480.000000,3445.594635,12.000000,3,3,0
34.1,2,gnb_2,4,34.196,13920.000000,3480.000000,3457.636513,12.000000,3,3,0
34.2,2,gnb_2,4,34.298,13920.000000,3480.000000,3465.463733,12.000000,3,3,0
34.3,2,gnb_2,4,34.394,13920.000000,3480.000000,3470.551427,12.000000,3,3,0
34.4,2,gnb_2,4,34.496,13760.000000,3440.000000,3459.858427,12.000000,3,3,0
34.5,2,gnb_2,4,34.598,13760.000000,3440.000000,3452.907978,12.000000,3,3,0
34.6,2,gnb_2,4,34.694,13760.000000,3440.000000,3448.390186,12.000000,3,3,0
34.7,2,gnb_2,4,34.796,13760.000000,3440.000000,3445.453621,12.000000,3,3,0
34.8,2,gnb_2,4,34.898,13920.000000,3480.000000,3457.544853,12.000000,3,3,0
34.9,2,gnb_2,4,34.994,13920.000000,3480.000000,3465.404155,12.000000,3,3,0
35,2,gnb_2,3,35,13920.000000,4640.000000,3876.512701,12.000000,3,3,0
4.4,23,gnb_1,2,4.494,13920.000000,6960.000000,3828.000000,3.165455,1,1,0
4.5,23,gnb_1,2,4.596,13920.000000,6960.000000,4924.200000,4.330909,1,2,0
4.6,23,gnb_1,2,4.698,13920.000000,6960.000000,5636.730000,4.694909,2,3,0
4.7,23,gnb_1,2,4.794,13920.000000,6960.000000,6099.874500,4.826909,3,3,0
4.8,23,gnb_1,2,4.896,13920.000000,6960.000000,6400.918425,4.958909,3,3,0
4.9,23,gnb_1,2,4.998,13920.000000,6960.000000,6596.596976,5.090909,3,4,0
5.0,23,gnb_1,2,5.094,13920.000000,6960.000000,6723.788035,5.110909,4,4,0
5.1,23,gnb_1,2,5.196,13920.000000,6960.000000,6806.462222,5.130909,4,4,0
5.2,23,gnb_1,2,5.298,13920.000000,6960.000000,6860.200445,5.150909,4,4,0
5.3,23,gnb_1,2,5.394,13920.000000,6960.000000,6895.130289,5.170909,4,4,0
5.4,23,gnb_1,2,5.496,13920.000000,6960.000000,6917.834688,5.190909,4,4,0
5.5,23,gnb_1,2,5.598,13920.000000,6960.000000,6932.592547,5.210909,4,4,0
5.6,23,gnb_1,2,5.694,13920.000000,6960.000000,6942.185156,5.230909,4,4,0
5.7,23,gnb_1,2,5.796,13920.000000,6960.000000,6948.420351,5.250909,4,4,0
5.8,23,gnb_1,2,5.898,13920.000000,6960.000000,6952.473228,5.270909,4,4,0
5.9,23,gnb_1,2,5.994,13920.000000,6960.000000,6955.107598,5.290909,4,4,0
6.0,23,gnb_1,2,6.096,13920.000000,6960.000000,6956.819939,5.310909,4,4,0
6.1,23,gnb_1,2,6.198,13920.000000,6960.000000,6957.932960,5.330909,4,4,0
6.2,23,gnb_1,2,6.294,13920.000000,6960.000000,6958.656424,5.350909,4,4,0
6.3,23,gnb_1,2,6.396,13920.000000,6960.000000,6959.126676,5.370909,4,4,0
6.4,23,gnb_1,2,6.498,13920.000000,6960.000000,6959.432339,5.390909,4,4,0
6.5,23,gnb_1,2,6.594,13920.000000,6960.000000,6959.631020,5.410909,4,4,0
6.6,23,gnb_1,2,6.696,13920.000000,6960.000000,6959.760163,5.430909,4,4,0
6.7,23,gnb_1,2,6.798,13920.000000,6960.000000,6959.844106,5.450909,4,4,0
6.8,23,gnb_1,2,6.894,13920.000000,6960.000000,6959.898669,5.470909,4,4,0
6.9,23,gnb_1,2,6.996,13920.000000,6960.000000,6959.934135,5.490909,4,4,0
7.0,23,gnb_1,2,7.098,13920.000000,6960.000000,6959.957188,5.510909,4,4,0
7.1,23,gnb_1,2,7.194,13920.000000,6960.000000,6959.972172,5.530909,4,4,0
7.2,23,gnb_1,2,7.296,13920.000000,6960.000000,6959.981912,5.550909,4,4,0
7.3,23,gnb_1,2,7.398,13920.000000,6960.000000,6959.988243,5.570909,4,4,0
7.4,23,gnb_1,2,7.494,13920.000000,6960.000000,6959.992358,5.590909,4,4,0
7.5,23,gnb_1,2,7.596,13920.000000,6960.000000,6959.995033,5.610909,4,4,0
7.6,23,gnb_1,2,7.698,13920.000000,6960.000000,6959.996771,5.630909,4,4,0
7.7,23,gnb_1,2,7.794,13920.000000,6960.000000,6959.997901,5.650909,4,4,0
7.8,23,gnb_1,2,7.896,13920.000000,6960.000000,6959.998636,5.670909,4,4,0
7.9,23,gnb_1,2,7.998,13920.000000,6960.000000,6959.999113,5.690909,4,4,0
8.0,23,gnb_1,2,8.094,13920.000000,6960.000000,6959.999424,5.710909,4,4,0
8.1,23,gnb_1,2,8.196,13920.000000,6960.000000,6959.999625,5.730909,4,4,0
8.2,23,gnb_1,2,8.298,13920.000000,6960.000000,6959.999756,5.750909,4,4,0
8.3,23,gnb_1,2,8.394,13920.000000,6960.000000,6959.999842,5.770909,4,4,0
8.4,23,gnb_1,2,8.496,13920.000000,6960.000000,6959.999897,5.790909,4,4,0
8.5,23,gnb_1,2,8.598,13920.000000,6960.000000,6959.999933,5.810909,4,4,0
8.6,23,gnb_1,2,8.694,13920.000000,6960.000000,6959.999957,5.830909,4,4,0
8.7,23,gnb_1,2,8.796,13920.000000,6960.000000,6959.999972,5.850909,4,4,0
8.8,23,gnb_1,2,8.898,13920.000000,6960.000000,6959.999982,5.870909,4,4,0
8.9,23,gnb_1,2,8.994,13920.000000,6960.000000,6959.999988,5.890909,4,4,0
9.0,23,gnb_1,2,9.096,13920.000000,6960.000000,6959.999992,5.910909,4,4,0
9.1,23,gnb_1,2,9.198,13920.000000,6960.000000,6959.999995,5.930909,4,4,0
9.2,23,gnb_1,2,9.294,13920.000000,6960.000000,6959.999997,5.950909,4,4,0
9.3,23,gnb_1,2,9.396,13920.000000,6960.000000,6959.999998,5.970909,4,4,0
9.4,23,gnb_1,2,9.498,13920.000000,6960.000000,6959.999999,5.990909,4,4,0
9.5,23,gnb_1,2,9.594,13920.000000,6960.000000,6959.999999,6.010909,4,4,0
9.6,23,gnb_1,2,9.696,13920.000000,6960.000000,6959.999999,6.030909,4,4,0
9.7,23,gnb_1,2,9.798,13920.000000,6960.000000,6960.000000,6.050909,4,4,0
9.8,23,gnb_1,2,9.894,13920.000000,6960.000000,6960.000000,6.070909,4,4,0
9.9,23,gnb_1,2,9.996,13920.000000,6960.000000,6960.000000,6.090909,4,4,0
10.0,23,gnb_1,2,10.098,13920.000000,6960.000000,6960.000000,6.110909,4,4,0
10.1,23,gnb_1,2,10.194,13920.000000,6960.000000,6960.000000,6.130909,4,4,0
10.2,23,gnb_1,2,10.296,13920.000000,6960.000000,6960.000000,6.150909,4,4,0
10.3,23,gnb_1,2,10.398,13920.000000,6960.000000,6960.000000,6.170909,4,4,0
10.4,23,gnb_1,2,10.494,13920.000000,6960.000000,6960.000000,6.190909,4,4,0
10.5,23,gnb_1,2,10.596,13920.000000,6960.000000,6960.000000,6.210909,4,4,0
10.6,23,gnb_1,2,10.698,13920.000000,6960.000000,6960.000000,6.230909,4,4,0
10.7,23,gnb_1,2,10.794,13920.000000,6960.000000,6960.000000,6.250909,4,4,0
10.8,23,gnb_1,2,10.896,13920.000000,6960.000000,6960.000000,6.270909,4,4,0
10.9,23,gnb_1,2,10.998,13920.000000,6960.000000,6960.000000,6.290909,4,4,0
11.0,23,gnb_1,2,11.094,13920.000000,6960.000000,6960.000000,6.310909,4,4,0
11.1,23,gnb_1,2,11.196,13920.000000,6960.000000,6960.000000,6.330909,4,4,0
11.2,23,gnb_1,2,11.298,13920.000000,6960.000000,6960.000000,6.350909,4,4,0
11.3,23,gnb_1,2,11.394,13920.000000,6960.000000,6960.000000,6.370909,4,4,0
11.4,23,gnb_1,2,11.496,13920.000000,6960.000000,6960.000000,6.390909,4,4,0
11.5,23,gnb_1,2,11.598,13920.000000,6960.000000,6960.000000,6.410909,4,4,0
11.6,23,gnb_1,2,11.694,13920.000000,6960.000000,6960.000000,6.430909,4,4,0
11.7,23,gnb_1,2,11.796,13920.000000,6960.000000,6960.000000,6.450909,4,4,0
11.8,23,gnb_1,2,11.898,13920.000000,6960.000000,6960.000000,6.470909,4,4,0
11.9,23,gnb_1,2,11.994,13920.000000,6960.000000,6960.000000,6.490909,4,4,0
12.0,23,gnb_1,2,12.096,13920.000000,6960.000000,6960.000000,6.510909,4,4,0
12.1,23,gnb_1,2,12.198,13920.000000,6960.000000,6960.000000,6.530909,4,4,0
12.2,23,gnb_1,2,12.294,13920.000000,6960.000000,6960.000000,6.550909,4,4,0
12.3,23,gnb_1,2,12.396,13920.000000,6960.000000,6960.000000,6.570909,4,4,0
12.4,23,gnb_1,2,12.498,13920.000000,6960.000000,6960.000000,6.590909,4,4,0
12.5,23,gnb_1,2,12.594,13920.000000,6960.000000,6960.000000,6.610909,4,4,0
12.6,23,gnb_1,2,12.696,13888.000000,6944.000000,6954.400000,6.630633,4,4,0
12.7,23,gnb_1,2,12.798,13888.000000,6944.000000,6950.760000,6.650357,4,4,0
12.8,23,gnb_1,2,12.894,13888.000000,6944.000000,6948.394000,6.670082,4,4,0
12.9,23,gnb_1,2,12.996,13888.000000,6944.000000,6946.856100,6.689806,4,4,0
13.0,23,gnb_1,2,13.098,13888.000000,6944.000000,6945.856465,6.709530,4,4,0
13.1,23,gnb_1,2,13.194,13888.000000,6944.000000,6945.206702,6.729254,4,4,0
13.2,23,gnb_1,2,13.296,13888.000000,6944.000000,6944.784356,6.748978,4,4,0
13.3,23,gnb_1,2,13.398,13888.000000,6944.000000,6944.509832,6.768702,4,4,0
13.4,23,gnb_1,2,13.494,13920.000000,6960.000000,6949.931391,6.788702,4,4,0
13.5,23,gnb_1,2,13.596,13920.000000,6960.000000,6953.455404,6.808702,4,4,0
13.6,23,gnb_1,2,13.698,13920.000000,6960.000000,6955.746013,6.828702,4,4,0
13.7,23,gnb_1,2,13.794,13920.000000,6960.000000,6957.234908,6.848702,4,4,0
13.8,23,gnb_1,2,13.896,13920.000000,6960.000000,6958.202690,6.868702,4,4,0
13.9,23,gnb_1,2,13.998,13920.000000,6960.000000,6958.831749,6.888702,4,4,0
14.0,23,gnb_1,2,14.094,13920.000000,6960.000000,6959.240637,6.908702,4,4,0
14.1,23,gnb_1,2,14.196,13920.000000,6960.000000,6959.506414,6.928702,4,4,0
14.2,23,gnb_1,2,14.298,13920.000000,6960.000000,6959.679169,6.948702,4,4,0
14.3,23,gnb_1,2,14.394,13920.000000,6960.000000,6959.791460,6.968702,4,4,0
14.4,23,gnb_1,2,14.496,13920.000000,6960.000000,6959.864449,6.988702,4,4,0
14.5,23,gnb_1,2,14.598,13920.000000,6960.000000,6959.911892,7.008702,4,4,0
14.6,23,gnb_1,2,14.694,13920.000000,6960.000000,6959.942730,7.028702,4,4,0
14.7,23,gnb_1,2,14.796,13920.000000,6960.000000,6959.962774,7.048702,4,4,0
14.8,23,gnb_1,2,14.898,13920.000000,6960.000000,6959.975803,7.068702,4,4,0
14.9,23,gnb_1,2,14.994,13920.000000,6960.000000,6959.984272,7.088702,4,4,0
15.0,23,gnb_1,2,15.096,13920.000000,6960.000000,6959.989777,7.108702,4,4,0
15.1,23,gnb_1,2,15.198,13920.000000,6960.000000,6959.993355,7.128702,4,4,0
15.2,23,gnb_1,2,15.294,13920.000000,6960.000000,6959.995681,7.148702,4,4,0
15.3,23,gnb_1,2,15.396,13920.000000,6960.000000,6959.997192,7.168702,4,4,0
15.4,23,gnb_1,2,15.498,13920.000000,6960.000000,6959.998175,7.188702,4,4,0
15.5,23,gnb_1,2,15.594,13920.000000,6960.000000,6959.998814,7.208702,4,4,0
15.6,23,gnb_1,2,15.696,13920.000000,6960.000000,6959.999229,7.228702,4,4,0
15.7,23,gnb_1,2,15.798,13920.000000,6960.000000,6959.999499,7.248702,4,4,0
15.8,23,gnb_1,2,15.894,13920.000000,6960.000000,6959.999674,7.268702,4,4,0
15.9,23,gnb_1,2,15.996,13920.000000,6960.000000,6959.999788,7.288702,4,4,0
16.0,23,gnb_1,2,16.098,13920.000000,6960.000000,6959.999862,7.308702,4,4,0
16.1,23,gnb_1,2,16.194,13920.000000,6960.000000,6959.999911,7.328702,4,4,0
16.2,23,gnb_1,2,16.296,13920.000000,6960.000000,6959.999942,7.348702,4,4,0
16.3,23,gnb_1,2,16.398,13920.000000,6960.000000,6959.999962,7.368702,4,4,0
16.4,23,gnb_1,2,16.494,13920.000000,6960.000000,6959.999975,7.388702,4,4,0
16.5,23,gnb_1,2,16.596,13920.000000,6960.000000,6959.999984,7.408702,4,4,0
16.6,23,gnb_1,2,16.698,13920.000000,6960.000000,6959.999990,7.428702,4,4,0
16.7,23,gnb_1,2,16.794,13920.000000,6960.000000,6959.999993,7.448702,4,4,0
16.8,23,gnb_1,2,16.896,13920.000000,6960.000000,6959.999996,7.468702,4,4,0
16.9,23,gnb_1,2,16.998,13920.000000,6960.000000,6959.999997,7.488702,4,4,0
17.0,23,gnb_1,2,17.094,13920.000000,6960.000000,6959.999998,7.508702,4,4,0
17.1,23,gnb_1,2,17.196,13920.000000,6960.000000,6959.999999,7.528702,4,4,0
17.2,23,gnb_1,2,17.298,13920.000000,6960.000000,6959.999999,7.548702,4,4,0
17.3,23,gnb_1,2,17.394,13920.000000,6960.000000,6959.999999,7.568702,4,4,0
17.4,23,gnb_1,2,17.496,13920.000000,6960.000000,6960.000000,7.588702,4,4,0
17.5,23,gnb_1,2,17.598,13920.000000,6960.000000,6960.000000,7.608702,4,4,0
17.6,23,gnb_1,2,17.694,13920.000000,6960.000000,6960.000000,7.628702,4,4,0
17.7,23,gnb_1,2,17.796,13920.000000,6960.000000,6960.000000,7.648702,4,4,0
17.8,23,gnb_1,2,17.898,13920.000000,6960.000000,6960.000000,7.668702,4,4,0
17.9,23,gnb_1,2,17.994,13920.000000,6960.000000,6960.000000,7.688702,4,4,0
18.0,23,gnb_1,2,18.096,13920.000000,6960.000000,6960.000000,7.708702,4,4,0
18.1,23,gnb_1,2,18.198,13920.000000,6960.000000,6960.000000,7.728702,4,4,0
18.2,23,gnb_1,2,18.294,13920.000000,6960.000000,6960.000000,7.748702,4,4,0
18.3,23,gnb_1,2,18.396,13920.000000,6960.000000,6960.000000,7.768702,4,4,0
18.4,23,gnb_1,2,18.498,13920.000000,6960.000000,6960.000000,7.788702,4,4,0
18.5,23,gnb_1,2,18.594,13920.000000,6960.000000,6960.000000,7.808702,4,4,0
18.6,23,gnb_1,2,18.696,13920.000000,6960.000000,6960.000000,7.828702,4,4,0
18.7,23,gnb_1,2,18.798,13920.000000,6960.000000,6960.000000,7.848702,4,4,0
18.8,23,gnb_1,2,18.894,13920.000000,6960.000000,6960.000000,7.868702,4,4,0
18.9,23,gnb_1,2,18.996,13920.000000,6960.000000,6960.000000,7.888702,4,4,0
19.0,23,gnb_1,2,19.098,13920.000000,6960.000000,6960.000000,7.908702,4,4,0
19.1,23,gnb_1,2,19.194,13920.000000,6960.000000,6960.000000,7.928702,4,4,0
19.2,23,gnb_1,2,19.296,13920.000000,6960.000000,6960.000000,7.948702,4,4,0
19.3,23,gnb_1,2,19.398,13920.000000,6960.000000,6960.000000,7.968702,4,4,0
19.4,23,gnb_1,2,19.494,13920.000000,6960.000000,6960.000000,7.988702,4,4,0
19.5,23,gnb_1,2,19.596,13920.000000,6960.000000,6960.000000,8.008702,4,4,0
19.6,23,gnb_1,2,19.698,13920.000000,6960.000000,6960.000000,8.028702,4,4,0
19.7,23,gnb_1,2,19.794,13920.000000,6960.000000,6960.000000,8.048702,4,4,0
19.8,23,gnb_1,2,19.896,13920.000000,6960.000000,6960.000000,8.068702,4,4,0
19.9,23,gnb_1,2,19.998,13920.000000,6960.000000,6960.000000,8.088702,4,4,0
20.0,23,gnb_1,2,20.094,13920.000000,6960.000000,6960.000000,8.108702,4,4,0
20.1,23,gnb_1,2,20.196,13920.000000,6960.000000,6960.000000,8.128702,4,4,0
20.2,23,gnb_1,2,20.298,13920.000000,6960.000000,6960.000000,8.148702,4,4,0
20.3,23,gnb_1,2,20.394,13920.000000,6960.000000,6960.000000,8.168702,4,4,0
20.4,23,gnb_1,2,20.496,13920.000000,6960.000000,6960.000000,8.188702,4,4,0
20.5,23,gnb_1,2,20.598,13920.000000,6960.000000,6960.000000,8.208702,4,4,0
20.6,23,gnb_1,2,20.694,13920.000000,6960.000000,6960.000000,8.228702,4,4,0
20.7,23,gnb_1,2,20.796,13920.000000,6960.000000,6960.000000,8.248702,4,4,0
20.8,23,gnb_1,2,20.898,13920.000000,6960.000000,6960.000000,8.268702,4,4,0
20.9,23,gnb_1,2,20.994,13920.000000,6960.000000,6960.000000,8.288702,4,4,0
21.0,23,gnb_1,2,21.096,13920.000000,6960.000000,6960.000000,8.308702,4,4,0
21.1,23,gnb_1,2,21.198,13920.000000,6960.000000,6960.000000,8.328702,4,4,0
21.2,23,gnb_1,2,21.294,13920.000000,6960.000000,6960.000000,8.348702,4,4,0
21.3,23,gnb_1,2,21.396,13920.000000,6960.000000,6960.000000,8.368702,4,4,0
21.4,23,gnb_1,2,21.498,13920.000000,6960.000000,6960.000000,8.388702,4,4,0
21.5,23,gnb_1,2,21.594,13920.000000,6960.000000,6960.000000,8.408702,4,4,0
21.6,23,gnb_1,2,21.696,13920.000000,6960.000000,6960.000000,8.428702,4,4,0
21.7,23,gnb_1,2,21.798,13920.000000,6960.000000,6960.000000,8.448702,4,4,0
21.8,23,gnb_1,2,21.894,13920.000000,6960.000000,6960.000000,8.468702,4,4,0
21.9,23,gnb_1,2,21.996,13920.000000,6960.000000,6960.000000,8.488702,4,4,0
22.0,23,gnb_1,2,22.098,13920.000000,6960.000000,6960.000000,8.508702,4,4,0
22.1,23,gnb_1,2,22.194,13920.000000,6960.000000,6960.000000,8.528702,4,4,0
22.2,23,gnb_1,2,22.296,13920.000000,6960.000000,6960.000000,8.548702,4,4,0
22.3,23,gnb_1,2,22.398,13920.000000,6960.000000,6960.000000,8.568702,4,4,0
22.4,23,gnb_1,2,22.494,13920.000000,6960.000000,6960.000000,8.588702,4,4,0
22.5,23,gnb_1,2,22.596,13920.000000,6960.000000,6960.000000,8.608702,4,4,0
22.6,23,gnb_1,2,22.698,13920.000000,6960.000000,6960.000000,8.628702,4,4,0
22.7,23,gnb_1,2,22.794,13920.000000,6960.000000,6960.000000,8.648702,4,4,0
22.8,23,gnb_1,2,22.896,13920.000000,6960.000000,6960.000000,8.668702,4,4,0
22.9,23,gnb_1,2,22.998,13920.000000,6960.000000,6960.000000,8.688702,4,4,0
23.0,23,gnb_1,2,23.094,13920.000000,6960.000000,6960.000000,8.708702,4,4,0
23.1,23,gnb_1,2,23.196,13920.000000,6960.000000,6960.000000,8.728702,4,4,0
23.2,23,gnb_1,2,23.298,13920.000000,6960.000000,6960.000000,8.748702,4,4,0
23.3,23,gnb_1,2,23.394,13920.000000,6960.000000,6960.000000,8.768702,4,4,0
23.4,23,gnb_1,2,23.496,13920.000000,6960.000000,6960.000000,8.788702,4,4,0
23.5,23,gnb_1,2,23.598,13920.000000,6960.000000,6960.000000,8.808702,4,4,0
23.6,23,gnb_1,2,23.694,13920.000000,6960.000000,6960.000000,8.828702,4,4,0
23.7,23,gnb_1,2,23.796,13920.000000,6960.000000,6960.000000,8.848702,4,4,0
23.8,23,gnb_1,2,23.898,13920.000000,6960.000000,6960.000000,8.868702,4,4,0
23.9,23,gnb_1,2,23.994,13920.000000,6960.000000,6960.000000,8.888702,4,4,0
24.0,23,gnb_1,2,24.096,13920.000000,6960.000000,6960.000000,8.908702,4,4,0
24.1,23,gnb_1,2,24.198,13920.000000,6960.000000,6960.000000,8.928702,4,4,0
24.2,23,gnb_1,2,24.294,13920.000000,6960.000000,6960.000000,8.948702,4,4,0
24.3,23,gnb_1,2,24.396,13920.000000,6960.000000,6960.000000,8.968702,4,4,0
24.4,23,gnb_1,2,24.498,13920.000000,6960.000000,6960.000000,8.988702,4,4,0
24.5,23,gnb_1,2,24.594,13920.000000,6960.000000,6960.000000,9.008702,4,4,0
24.6,23,gnb_1,2,24.696,13920.000000,6960.000000,6960.000000,9.028702,4,4,0
24.7,23,gnb_1,2,24.798,13920.000000,6960.000000,6960.000000,9.048702,4,4,0
24.8,23,gnb_1,2,24.894,13920.000000,6960.000000,6960.000000,9.068702,4,4,0
24.9,23,gnb_1,2,24.996,13920.000000,6960.000000,6960.000000,9.088702,4,4,0
25.0,23,gnb_1,2,25.098,13920.000000,6960.000000,6960.000000,9.108702,4,4,0
25.1,23,gnb_1,2,25.194,13920.000000,6960.000000,6960.000000,9.128702,4,4,0
25.2,23,gnb_1,2,25.296,13920.000000,6960.000000,6960.000000,9.148702,4,4,0
25.3,23,gnb_1,2,25.398,13920.000000,6960.000000,6960.000000,9.168702,4,4,0
25.4,23,gnb_1,2,25.494,13920.000000,6960.000000,6960.000000,9.188702,4,4,0
25.5,23,gnb_1,2,25.596,13920.000000,6960.000000,6960.000000,9.208702,4,4,0
25.6,23,gnb_1,2,25.698,13920.000000,6960.000000,6960.000000,9.228702,4,4,0
25.7,23,gnb_1,2,25.794,13920.000000,6960.000000,6960.000000,9.248702,4,4,0
25.8,23,gnb_1,2,25.896,13920.000000,6960.000000,6960.000000,9.268702,4,4,0
25.9,23,gnb_1,2,25.998,13920.000000,6960.000000,6960.000000,9.288702,4,4,0
26.0,23,gnb_1,3,26.094,13920.000000,4640.000000,6148.000000,9.268702,4,3,0
26.1,23,gnb_1,3,26.196,13920.000000,4640.000000,5620.200000,9.323369,3,3,0
26.2,23,gnb_1,3,26.298,13920.000000,4640.000000,5277.130000,9.378036,3,3,0
26.3,23,gnb_1,3,26.394,13920.000000,4640.000000,5054.134500,9.432702,3,3,0
26.4,23,gnb_1,3,26.496,13920.000000,4640.000000,4909.187425,9.487369,3,3,0
26.5,23,gnb_1,3,26.598,13920.000000,4640.000000,4814.971826,9.542036,3,3,0
26.6,23,gnb_1,3,26.694,13920.000000,4640.000000,4753.731687,9.596702,3,3,0
26.7,23,gnb_1,3,26.796,13920.000000,4640.000000,4713.925597,9.651369,3,3,0
26.8,23,gnb_1,3,26.898,13920.000000,4640.000000,4688.051638,9.706036,3,3,0
26.9,23,gnb_1,3,26.994,13920.000000,4640.000000,4671.233565,9.760702,3,3,0
27.0,23,gnb_1,3,27.096,13920.000000,4640.000000,4660.301817,9.815369,3,3,0
27.1,23,gnb_1,3,27.198,13920.000000,4640.000000,4653.196181,9.870036,3,3,0
27.2,23,gnb_1,3,27.294,13920.000000,4640.000000,4648.577518,9.924702,3,3,0
27.3,23,gnb_1,3,27.396,13920.000000,4640.000000,4645.575386,9.979369,3,3,0
27.4,23,gnb_1,3,27.498,13920.000000,4640.000000,4643.624001,10.034036,3,3,0
27.5,23,gnb_1,3,27.594,13920.000000,4640.000000,4642.355601,10.088702,3,3,0
27.6,23,gnb_1,3,27.696,13920.000000,4640.000000,4641.531141,10.143369,3,3,0
27.7,23,gnb_1,3,27.798,13920.000000,4640.000000,4640.995241,10.198036,3,3,0
27.8,23,gnb_1,3,27.894,13920.000000,4640.000000,4640.646907,10.252702,3,3,0
27.9,23,gnb_1,3,27.996,13920.000000,4640.000000,4640.420489,10.307369,3,3,0
28.0,23,gnb_1,3,28.098,13920.000000,4640.000000,4640.273318,10.362036,3,3,0
28.1,23,gnb_1,3,28.194,13920.000000,4640.000000,4640.177657,10.416702,3,3,0
28.2,23,gnb_1,3,28.296,13920.000000,4640.000000,4640.115477,10.471369,3,3,0
28.3,23,gnb_1,3,28.398,13920.000000,4640.000000,4640.075060,10.526036,3,3,0
28.4,23,gnb_1,3,28.494,13920.000000,4640.000000,4640.048789,10.580702,3,3,0
28.5,23,gnb_1,3,28.596,13920.000000,4640.000000,4640.031713,10.635369,3,3,0
28.6,23,gnb_1,3,28.698,13920.000000,4640.000000,4640.020613,10.690036,3,3,0
28.7,23,gnb_1,3,28.794,13920.000000,4640.000000,4640.013399,10.744702,3,3,0
28.8,23,gnb_1,3,28.896,13920.000000,4640.000000,4640.008709,10.799369,3,3,0
28.9,23,gnb_1,3,28.998,13920.000000,4640.000000,4640.005661,10.854036,3,3,0
29.0,23,gnb_1,3,29.094,13920.000000,4640.000000,4640.003680,10.908702,3,3,0
29.1,23,gnb_1,3,29.196,13920.000000,4640.000000,4640.002392,10.963369,3,3,0
29.2,23,gnb_1,3,29.298,13920.000000,4640.000000,4640.001555,11.018036,3,3,0
29.3,23,gnb_1,3,29.394,13920.000000,4640.000000,4640.001011,11.072702,3,3,0
29.4,23,gnb_1,3,29.496,13920.000000,4640.000000,4640.000657,11.127369,3,3,0
29.5,23,gnb_1,3,29.598,13920.000000,4640.000000,4640.000427,11.182036,3,3,0
29.6,23,gnb_1,3,29.694,13920.000000,4640.000000,4640.000278,11.236702,3,3,0
29.7,23,gnb_1,3,29.796,13920.000000,4640.000000,4640.000180,11.291369,3,3,0
29.8,23,gnb_1,3,29.898,13920.000000,4640.000000,4640.000117,11.346036,3,3,0
29.9,23,gnb_1,3,29.994,13920.000000,4640.000000,4640.000076,11.400702,3,3,0
30.0,23,gnb_1,4,30.096,13920.000000,3480.000000,4234.000050,11.416702,3,3,0
30.1,23,gnb_1,4,30.198,13920.000000,3480.000000,3970.100032,11.432702,3,3,0
30.2,23,gnb_1,4,30.294,13920.000000,3480.000000,3798.565021,11.448702,3,3,0
30.3,23,gnb_1,4,30.396,13920.000000,3480.000000,3687.067264,11.464702,3,3,0
30.4,23,gnb_1,4,30.498,13920.000000,3480.000000,3614.593721,11.480702,3,3,0
30.5,23,gnb_1,4,30.594,13920.000000,3480.000000,3567.485919,11.496702,3,3,0
30.6,23,gnb_1,4,30.696,13920.000000,3480.000000,3536.865847,11.512702,3,3,0
30.7,23,gnb_1,4,30.798,13920.000000,3480.000000,3516.962801,11.528702,3,3,0
30.8,23,gnb_1,4,30.894,13920.000000,3480.000000,3504.025820,11.544702,3,3,0
30.9,23,gnb_1,4,30.996,13920.000000,3480.000000,3495.616783,11.560702,3,3,0
31.0,23,gnb_1,5,31.098,13920.000000,2784.000000,3246.550909,11.553502,3,2,0
31.1,23,gnb_1,5,31.194,13920.000000,2784.000000,3084.658091,11.639102,2,2,0
31.2,23,gnb_1,5,31.296,13920.000000,2784.000000,2979.427759,11.724702,2,2,0
31.3,23,gnb_1,5,31.398,13920.000000,2784.000000,2911.028043,11.810302,2,2,0
31.4,23,gnb_1,5,31.494,13920.000000,2784.000000,2866.568228,11.895902,2,2,0
31.5,23,gnb_1,5,31.596,13920.000000,2784.000000,2837.669348,11.981502,2,2,0
31.6,23,gnb_1,5,31.698,13920.000000,2784.000000,2818.885076,12.000000,2,2,0
31.7,23,gnb_1,5,31.794,13920.000000,2784.000000,2806.675300,12.000000,2,2,0
31.8,23,gnb_1,5,31.896,13920.000000,2784.000000,2798.738945,12.000000,2,2,0
31.9,23,gnb_1,5,31.998,13920.000000,2784.000000,2793.580314,12.000000,2,2,0
32.0,23,gnb_1,6,32.094,13920.000000,2320.000000,2627.827204,12.000000,2,2,0
32.1,23,gnb_1,6,32.196,13920.000000,2320.000000,2520.087683,12.000000,2,2,0
32.2,23,gnb_1,6,32.298,13920.000000,2320.000000,2450.056994,12.000000,2,2,0
32.3,23,gnb_1,6,32.394,13920.000000,2320.000000,2404.537046,12.000000,2,2,0
32.4,23,gnb_1,6,32.496,13920.000000,2320.000000,2374.949080,12.000000,2,2,0
32.5,23,gnb_1,6,32.598,13920.000000,2320.000000,2355.716902,12.000000,2,2,0
32.6,23,gnb_1,6,32.694,13920.000000,2320.000000,2343.215986,12.000000,2,2,0
32.7,23,gnb_1,6,32.796,13920.000000,2320.000000,2335.090391,12.000000,2,2,0
32.8,23,gnb_1,6,32.898,13920.000000,2320.000000,2329.808754,12.000000,2,2,0
32.9,23,gnb_1,6,32.994,13920.000000,2320.000000,2326.375690,12.000000,2,2,0
33.0,23,gnb_1,6,33.096,13920.000000,2320.000000,2324.144199,12.000000,2,2,0
33.1,23,gnb_1,6,33.198,13920.000000,2320.000000,2322.693729,12.000000,2,2,0
33.2,23,gnb_1,6,33.294,13920.000000,2320.000000,2321.750924,12.000000,2,2,0
33.3,23,gnb_1,6,33.396,13920.000000,2320.000000,2321.138101,12.000000,2,2,0
33.4,23,gnb_1,6,33.498,13920.000000,2320.000000,2320.739765,12.000000,2,2,0
33.5,23,gnb_1,6,33.594,13920.000000,2320.000000,2320.480847,12.000000,2,2,0
33.6,23,gnb_1,6,33.696,13920.000000,2320.000000,2320.312551,12.000000,2,2,0
33.7,23,gnb_1,6,33.798,13920.000000,2320.000000,2320.203158,12.000000,2,2,0
33.8,23,gnb_1,6,33.894,13920.000000,2320.000000,2320.132053,12.000000,2,2,0
33.9,23,gnb_1,6,33.996,13920.000000,2320.000000,2320.085834,12.000000,2,2,0
34.0,23,gnb_1,6,34.098,13920.000000,2320.000000,2320.055792,12.000000,2,2,0
34.1,23,gnb_1,6,34.194,13920.000000,2320.000000,2320.036265,12.000000,2,2,0
34.2,23,gnb_1,6,34.296,13920.000000,2320.000000,2320.023572,12.000000,2,2,0
34.3,23,gnb_1,6,34.398,13920.000000,2320.000000,2320.015322,12.000000,2,2,0
34.4,23,gnb_1,6,34.494,13920.000000,2320.000000,2320.009959,12.000000,2,2,0
34.5,23,gnb_1,6,34.596,13920.000000,2320.000000,2320.006474,12.000000,2,2,0
34.6,23,gnb_1,6,34.698,13920.000000,2320.000000,2320.004208,12.000000,2,2,0
34.7,23,gnb_1,6,34.794,13696.000000,2282.666667,2306.936068,12.000000,2,2,0
34.8,23,gnb_1,6,34.896,13664.000000,2277.333333,2296.575111,12.000000,2,2,0
34.9,23,gnb_1,6,34.998,13664.000000,2277.333333,2289.840489,12.000000,2,2,0
16.0,3,gnb_2,6,16.094,13424.000000,2237.333333,1230.533333,2.306788,1,1,0
16.1,3,gnb_2,6,16.196,13424.000000,2237.333333,1582.913333,2.613576,1,1,0
16.2,3,gnb_2,6,16.298,13424.000000,2237.333333,1811.960333,2.920364,1,1,0
16.3,3,gnb_2,6,16.394,13424.000000,2237.333333,1960.840883,3.227152,1,1,0
16.4,3,gnb_2,6,16.496,13424.000000,2237.333333,2057.613241,3.533939,1,1,0
16.5,3,gnb_2,6,16.598,13424.000000,2237.333333,2120.515273,3.840727,1,1,0
16.6,3,gnb_2,6,16.694,13424.000000,2237.333333,2161.401594,4.147515,1,2,0
16.7,3,gnb_2,6,16.796,13424.000000,2237.333333,2187.977703,4.196671,2,2,0
16.8,3,gnb_2,6,16.898,13424.000000,2237.333333,2205.252174,4.245826,2,2,0
16.9,3,gnb_2,6,16.994,13424.000000,2237.333333,2216.480579,4.294982,2,2,0
17.0,3,gnb_2,6,17.096,13424.000000,2237.333333,2223.779043,4.344137,2,2,0
17.1,3,gnb_2,6,17.198,13424.000000,2237.333333,2228.523045,4.393293,2,2,0
17.2,3,gnb_2,6,17.294,13424.000000,2237.333333,2231.606646,4.442448,2,2,0
17.3,3,gnb_2,6,17.396,13424.000000,2237.333333,2233.610986,4.491604,2,2,0
17.4,3,gnb_2,6,17.498,13424.000000,2237.333333,2234.913808,4.540760,2,2,0
17.5,3,gnb_2,6,17.594,13424.000000,2237.333333,2235.760642,4.589915,2,2,0
17.6,3,gnb_2,6,17.696,13424.000000,2237.333333,2236.311084,4.639071,2,2,0
17.7,3,gnb_2,6,17.798,13424.000000,2237.333333,2236.668871,4.688226,2,2,0
17.8,3,gnb_2,6,17.894,13424.000000,2237.333333,2236.901433,4.737382,2,2,0
17.9,3,gnb_2,6,17.996,13424.000000,2237.333333,2237.052598,4.786537,2,2,0
18.0,3,gnb_2,6,18.098,13424.000000,2237.333333,2237.150855,4.835693,2,2,0
18.1,3,gnb_2,6,18.194,13424.000000,2237.333333,2237.214723,4.884848,2,2,0
18.2,3,gnb_2,6,18.296,13424.000000,2237.333333,2237.256236,4.934004,2,2,0
18.3,3,gnb_2,6,18.398,13424.000000,2237.333333,2237.283220,4.983160,2,2,0
18.4,3,gnb_2,6,18.494,13568.000000,2261.333333,2245.700760,5.033915,2,2,0
18.5,3,gnb_2,6,18.596,13568.000000,2261.333333,2251.172161,5.084671,2,2,0
18.6,3,gnb_2,6,18.698,13600.000000,2266.666667,2256.595238,5.135782,2,2,0
18.7,3,gnb_2,6,18.794,13600.000000,2266.666667,2260.120238,5.186893,2,2,0
18.8,3,gnb_2,6,18.896,13600.000000,2266.666667,2262.411488,5.238004,2,2,0
18.9,3,gnb_2,6,18.998,13600.000000,2266.666667,2263.900800,5.289115,2,2,0
19.0,3,gnb_2,6,19.094,13600.000000,2266.666667,2264.868854,5.340226,2,2,0
19.1,3,gnb_2,6,19.196,13600.000000,2266.666667,2265.498088,5.391337,2,2,0
19.2,3,gnb_2,6,19.298,13600.000000,2266.666667,2265.907091,5.442448,2,2,0
19.3,3,gnb_2,6,19.394,13600.000000,2266.666667,2266.172942,5.493560,2,2,0
19.4,3,gnb_2,6,19.496,13600.000000,2266.666667,2266.345746,5.544671,2,2,0
19.5,3,gnb_2,6,19.598,13600.000000,2266.666667,2266.458068,5.595782,2,2,0
19.6,3,gnb_2,6,19.694,13600.000000,2266.666667,2266.531078,5.646893,2,2,0
19.7,3,gnb_2,6,19.796,13600.000000,2266.666667,2266.578534,5.698004,2,2,0
19.8,3,gnb_2,6,19.898,13600.000000,2266.666667,2266.609380,5.749115,2,2,0
19.9,3,gnb_2,6,19.994,13600.000000,2266.666667,2266.629431,5.800226,2,2,0
20.0,3,gnb_2,6,20.096,13248.000000,2208.000000,2246.109130,5.847426,2,2,0
20.1,3,gnb_2,6,20.198,13248.000000,2208.000000,2232.770934,5.894626,2,2,0
20.2,3,gnb_2,6,20.294,13248.000000,2208.000000,2224.101107,5.941826,2,2,0
20.3,3,gnb_2,6,20.396,13248.000000,2208.000000,2218.465720,5.989026,2,2,0
20.4,3,gnb_2,6,20.498,13248.000000,2208.000000,2214.802718,6.036226,2,2,0
20.5,3,gnb_2,6,20.594,13248.000000,2208.000000,2212.421767,6.083426,2,2,0
20.6,3,gnb_2,6,20.696,13248.000000,2208.000000,2210.874148,6.130626,2,2,0
20.7,3,gnb_2,6,20.798,13248.000000,2208.000000,2209.868196,6.177826,2,2,0
20.8,3,gnb_2,6,20.894,13248.000000,2208.000000,2209.214328,6.225026,2,2,0
20.9,3,gnb_2,6,20.996,13248.000000,2208.000000,2208.789313,6.272226,2,2,0
21.0,3,gnb_2,6,21.098,13248.000000,2208.000000,2208.513053,6.319426,2,2,0
21.1,3,gnb_2,7,21.194,13248.000000,1892.571429,2097.933485,6.345598,2,2,0
21.2,3,gnb_2,7,21.296,13248.000000,1892.571429,2026.056765,6.371769,2,2,0
21.3,3,gnb_2,7,21.398,13248.000000,1892.571429,1979.336897,6.397941,2,2,0
21.4,3,gnb_2,7,21.494,13248.000000,1892.571429,1948.968983,6.424112,2,2,0
21.5,3,gnb_2,7,21.596,13248.000000,1892.571429,1929.229839,6.450283,2,2,0
21.6,3,gnb_2,7,21.698,13248.000000,1892.571429,1916.399395,6.476455,2,2,0
21.7,3,gnb_2,7,21.794,13248.000000,1892.571429,1908.059607,6.502626,2,2,0
21.8,3,gnb_2,7,21.896,13280.000000,1897.142857,1904.238745,6.529102,2,2,0
21.9,3,gnb_2,7,21.998,13280.000000,1897.142857,1901.755184,6.555579,2,2,0
22.0,3,gnb_2,7,22.094,13280.000000,1897.142857,1900.140870,6.582055,2,2,0
22.1,3,gnb_2,7,22.196,13424.000000,1917.714286,1906.291565,6.609902,2,2,0
22.2,3,gnb_2,7,22.298,13424.000000,1917.714286,1910.289517,6.637750,2,2,0
22.3,3,gnb_2,7,22.394,13424.000000,1917.714286,1912.888186,6.665598,2,2,0
22.4,3,gnb_2,7,22.496,13424.000000,1917.714286,1914.577321,6.693445,2,2,0
22.5,3,gnb_2,7,22.598,12816.000000,1830.857143,1885.275259,6.715502,2,2,0
22.6,3,gnb_2,7,22.694,12816.000000,1830.857143,1866.228918,6.737560,2,2,0
22.7,3,gnb_2,7,22.796,12816.000000,1830.857143,1853.848797,6.759617,2,2,0
22.8,3,gnb_2,7,22.898,12960.000000,1851.428571,1853.001718,6.783045,2,2,0
22.9,3,gnb_2,7,22.994,12960.000000,1851.428571,1852.451117,6.806474,2,2,0
23.0,3,gnb_2,7,23.096,12960.000000,1851.428571,1852.093226,6.829902,2,2,0
23.1,3,gnb_2,7,23.198,12960.000000,1851.428571,1851.860597,6.853331,2,2,0
23.2,3,gnb_2,7,23.294,12960.000000,1851.428571,1851.709388,6.876760,2,2,0
23.3,3,gnb_2,7,23.396,12960.000000,1851.428571,1851.611102,6.900188,2,2,0
23.4,3,gnb_2,7,23.498,12960.000000,1851.428571,1851.547216,6.923617,2,2,0
23.5,3,gnb_2,7,23.594,13696.000000,1956.571429,1888.305691,6.954055,2,2,0
23.6,3,gnb_2,7,23.696,13696.000000,1956.571429,1912.198699,6.984493,2,2,0
23.7,3,gnb_2,7,23.798,13696.000000,1956.571429,1927.729154,7.014931,2,2,0
23.8,3,gnb_2,7,23.894,13696.000000,1956.571429,1937.823950,7.045369,2,2,0
23.9,3,gnb_2,7,23.996,13696.000000,1956.571429,1944.385568,7.075807,2,2,0
24.0,3,gnb_2,7,24.098,13696.000000,1956.571429,1948.650619,7.106245,2,2,0
24.1,3,gnb_2,7,24.194,13696.000000,1956.571429,1951.422902,7.136683,2,2,0
24.2,3,gnb_2,7,24.296,13728.000000,1961.142857,1954.824887,7.167426,2,2,0
24.3,3,gnb_2,7,24.398,13728.000000,1961.142857,1957.036176,7.198169,2,2,0
24.4,3,gnb_2,7,24.494,13424.000000,1917.714286,1943.273515,7.226017,2,2,0
24.5,3,gnb_2,7,24.596,13424.000000,1917.714286,1934.327784,7.253864,2,2,0
24.6,3,gnb_2,7,24.698,13424.000000,1917.714286,1928.513060,7.281712,2,2,0
24.7,3,gnb_2,7,24.794,13424.000000,1917.714286,1924.733489,7.309560,2,2,0
24.8,3,gnb_2,7,24.896,13424.000000,1917.714286,1922.276768,7.337407,2,2,0
24.9,3,gnb_2,7,24.998,13424.000000,1917.714286,1920.679899,7.365255,2,2,0
25.0,3,gnb_2,7,25.094,13424.000000,1917.714286,1919.641934,7.393102,2,2,0
25.1,3,gnb_2,7,25.196,13424.000000,1917.714286,1918.967257,7.420950,2,2,0
25.2,3,gnb_2,7,25.298,13424.000000,1917.714286,1918.528717,7.448798,2,2,0
25.3,3,gnb_2,7,25.394,13424.000000,1917.714286,1918.243666,7.476645,2,2,0
25.4,3,gnb_2,7,25.496,13424.000000,1917.714286,1918.058383,7.504493,2,2,0
25.5,3,gnb_2,7,25.598,13424.000000,1917.714286,1917.937949,7.532341,2,2,0
25.6,3,gnb_2,7,25.694,13424.000000,1917.714286,1917.859667,7.560188,2,2,0
25.7,3,gnb_2,7,25.796,13424.000000,1917.714286,1917.808783,7.588036,2,2,0
25.8,3,gnb_2,7,25.898,13568.000000,1938.285714,1924.975709,7.617255,2,2,0
25.9,3,gnb_2,7,25.994,13920.000000,1988.571429,1947.234211,7.649826,2,2,0
26.0,3,gnb_2,6,26.096,13920.000000,2320.000000,2077.702237,7.704493,2,2,0
26.1,3,gnb_2,6,26.198,13920.000000,2320.000000,2162.506454,7.759160,2,2,0
26.2,3,gnb_2,6,26.294,13920.000000,2320.000000,2217.629195,7.813826,2,2,0
26.3,3,gnb_2,7,26.396,13920.000000,1988.571429,2137.458977,7.846398,2,2,0
26.4,3,gnb_2,7,26.498,13920.000000,1988.571429,2085.348335,7.878969,2,2,0
26.5,3,gnb_2,7,26.594,13920.000000,1988.571429,2051.476418,7.911541,2,2,0
26.6,3,gnb_2,7,26.696,13600.000000,1942.857143,2013.459672,7.941064,2,2,0
26.7,3,gnb_2,7,26.798,13600.000000,1942.857143,1988.748786,7.970588,2,2,0
26.8,3,gnb_2,7,26.894,13600.000000,1942.857143,1972.686711,8.000112,2,2,0
26.9,3,gnb_2,7,26.996,13600.000000,1942.857143,1962.246362,8.029636,2,2,0
27.0,3,gnb_2,7,27.098,13600.000000,1942.857143,1955.460135,8.059160,2,2,0
27.1,3,gnb_2,7,27.194,13600.000000,1942.857143,1951.049088,8.088683,2,2,0
27.2,3,gnb_2,7,27.296,13600.000000,1942.857143,1948.181907,8.118207,2,2,0
27.3,3,gnb_2,7,27.398,11856.000000,1693.714286,1859.118240,8.131122,2,2,0
27.4,3,gnb_2,7,27.494,11856.000000,1693.714286,1801.226856,8.144036,2,2,0
27.5,3,gnb_2,7,27.596,11856.000000,1693.714286,1763.597456,8.156950,2,2,0
27.6,3,gnb_2,7,27.698,11856.000000,1693.714286,1739.138347,8.169864,2,2,0
27.7,3,gnb_2,7,27.794,11856.000000,1693.714286,1723.239925,8.182779,2,2,0
27.8,3,gnb_2,7,27.896,11856.000000,1693.714286,1712.905951,8.195693,2,2,0
27.9,3,gnb_2,7,27.998,13632.000000,1947.428571,1794.988868,8.225522,2,2,0
28.0,3,gnb_2,7,28.094,13632.000000,1947.428571,1848.342764,8.255350,2,2,0
28.1,3,gnb_2,7,28.196,13632.000000,1947.428571,1883.022797,8.285179,2,2,0
28.2,3,gnb_2,7,28.298,13664.000000,1952.000000,1907.164818,8.315312,2,2,0
28.3,3,gnb_2,7,28.394,13664.000000,1952.000000,1922.857132,8.345445,2,2,0
28.4,3,gnb_2,7,28.496,13696.000000,1956.571429,1934.657136,8.375883,2,2,0
28.5,3,gnb_2,7,28.598,13920.000000,1988.571429,1953.527138,8.408455,2,2,0
28.6,3,gnb_2,7,28.694,13920.000000,1988.571429,1965.792640,8.441026,2,2,0
28.7,3,gnb_2,7,28.796,13920.000000,1988.571429,1973.765216,8.473598,2,2,0
28.8,3,gnb_2,7,28.898,13920.000000,1988.571429,1978.947390,8.506169,2,2,0
28.9,3,gnb_2,7,28.994,13920.000000,1988.571429,1982.315804,8.538741,2,2,0
29.0,3,gnb_2,7,29.096,13920.000000,1988.571429,1984.505272,8.571312,2,2,0
29.1,3,gnb_2,7,29.198,13920.000000,1988.571429,1985.928427,8.603883,2,2,0
29.2,3,gnb_2,7,29.294,13920.000000,1988.571429,1986.853478,8.636455,2,2,0
29.3,3,gnb_2,7,29.396,13920.000000,1988.571429,1987.454760,8.669026,2,2,0
29.4,3,gnb_2,7,29.498,13920.000000,1988.571429,1987.845594,8.701598,2,2,0
29.5,3,gnb_2,7,29.594,13920.000000,1988.571429,1988.099636,8.734169,2,2,0
29.6,3,gnb_2,7,29.696,13920.000000,1988.571429,1988.264764,8.766741,2,2,0
29.7,3,gnb_2,7,29.798,13920.000000,1988.571429,1988.372096,8.799312,2,2,0
29.8,3,gnb_2,7,29.894,13920.000000,1988.571429,1988.441863,8.831883,2,2,0
29.9,3,gnb_2,7,29.996,13920.000000,1988.571429,1988.487211,8.864455,2,2,0
30.0,3,gnb_2,6,30.098,13920.000000,2320.000000,2104.516687,8.919122,2,2,0
30.1,3,gnb_2,6,30.194,13920.000000,2320.000000,2179.935847,8.973788,2,2,0
30.2,3,gnb_2,6,30.296,13920.000000,2320.000000,2228.958300,9.028455,2,2,0
30.3,3,gnb_2,6,30.398,13920.000000,2320.000000,2260.822895,9.083122,2,2,0
30.4,3,gnb_2,6,30.494,13920.000000,2320.000000,2281.534882,9.137788,2,2,0
30.5,3,gnb_2,6,30.596,13920.000000,2320.000000,2294.997673,9.192455,2,2,0
30.6,3,gnb_2,6,30.698,13920.000000,2320.000000,2303.748488,9.247122,2,2,0
30.7,3,gnb_2,6,30.794,13920.000000,2320.000000,2309.436517,9.301788,2,2,0
30.8,3,gnb_2,6,30.896,13920.000000,2320.000000,2313.133736,9.356455,2,2,0
30.9,3,gnb_2,6,30.998,13920.000000,2320.000000,2315.536928,9.411122,2,2,0
31.0,3,gnb_2,5,31.094,13920.000000,2784.000000,2479.499003,9.496722,2,2,0
31.1,3,gnb_2,5,31.196,13920.000000,2784.000000,2586.074352,9.582322,2,2,0
31.2,3,gnb_2,5,31.298,13920.000000,2784.000000,2655.348329,9.667922,2,2,0
31.3,3,gnb_2,5,31.394,13920.000000,2784.000000,2700.376414,9.753522,2,2,0
31.4,3,gnb_2,5,31.496,13920.000000,2784.000000,2729.644669,9.839122,2,2,0
31.5,3,gnb_2,5,31.598,13920.000000,2784.000000,2748.669035,9.924722,2,2,0
31.6,3,gnb_2,5,31.694,13920.000000,2784.000000,2761.034873,10.010322,2,2,0
31.7,3,gnb_2,5,31.796,13920.000000,2784.000000,2769.072667,10.095922,2,2,0
31.8,3,gnb_2,5,31.898,13920.000000,2784.000000,2774.297234,10.181522,2,2,0
31.9,3,gnb_2,5,31.994,13920.000000,2784.000000,2777.693202,10.267122,2,2,0
32.0,3,gnb_2,4,32.096,13920.000000,3480.000000,3023.500581,10.399122,2,2,0
32.1,3,gnb_2,4,32.198,13920.000000,3480.000000,3183.275378,10.531122,2,3,0
32.2,3,gnb_2,4,32.294,13920.000000,3480.000000,3287.128996,10.547122,3,3,0
32.3,3,gnb_2,4,32.396,13920.000000,3480.000000,3354.633847,10.563122,3,3,0
32.4,3,gnb_2,4,32.498,13920.000000,3480.000000,3398.512001,10.579122,3,3,0
32.5,3,gnb_2,4,32.594,13920.000000,3480.000000,3427.032800,10.595122,3,3,0
32.6,3,gnb_2,4,32.696,13920.000000,3480.000000,3445.571320,10.611122,3,3,0
32.7,3,gnb_2,4,32.798,13920.000000,3480.000000,3457.621358,10.627122,3,3,0
32.8,3,gnb_2,4,32.894,13920.000000,3480.000000,3465.453883,10.643122,3,3,0
32.9,3,gnb_2,4,32.996,13920.000000,3480.000000,3470.545024,10.659122,3,3,0
33.0,3,gnb_2,4,33.098,13920.000000,3480.000000,3473.854265,10.675122,3,3,0
33.1,3,gnb_2,4,33.194,13920.000000,3480.000000,3476.005273,10.691122,3,3,0
33.2,3,gnb_2,4,33.296,13920.000000,3480.000000,3477.403427,10.707122,3,3,0
33.3,3,gnb_2,4,33.398,13920.000000,3480.000000,3478.312228,10.723122,3,3,0
33.4,3,gnb_2,4,33.494,13920.000000,3480.000000,3478.902948,10.739122,3,3,0
33.5,3,gnb_2,4,33.596,13920.000000,3480.000000,3479.286916,10.755122,3,3,0
33.6,3,gnb_2,4,33.698,13920.000000,3480.000000,3479.536496,10.771122,3,3,0
33.7,3,gnb_2,4,33.794,13920.000000,3480.000000,3479.698722,10.787122,3,3,0
33.8,3,gnb_2,4,33.896,13920.000000,3480.000000,3479.804169,10.803122,3,3,0
33.9,3,gnb_2,4,33.998,13920.000000,3480.000000,3479.872710,10.819122,3,3,0
34.0,3,gnb_2,4,34.094,13920.000000,3480.000000,3479.917262,10.835122,3,3,0
34.1,3,gnb_2,4,34.196,13920.000000,3480.000000,3479.946220,10.851122,3,3,0
34.2,3,gnb_2,4,34.298,13920.000000,3480.000000,3479.965043,10.867122,3,3,0
34.3,3,gnb_2,4,34.394,13920.000000,3480.000000,3479.977278,10.883122,3,3,0
34.4,3,gnb_2,4,34.496,13920.000000,3480.000000,3479.985231,10.899122,3,3,0
34.5,3,gnb_2,4,34.598,13920.000000,3480.000000,3479.990400,10.915122,3,3,0
34.6,3,gnb_2,4,34.694,13920.000000,3480.000000,3479.993760,10.931122,3,3,0
34.7,3,gnb_2,4,34.796,13920.000000,3480.000000,3479.995944,10.947122,3,3,0
34.8,3,gnb_2,4,34.898,13920.000000,3480.000000,3479.997364,10.963122,3,3,0
34.9,3,gnb_2,4,34.994,13920.000000,3480.000000,3479.998286,10.979122,3,3,0
35,3,gnb_2,3,35,13920.000000,4640.000000,3885.998886,11.033788,3,3,0
21.1,4,gnb_2,7,21.194,13168.000000,1881.142857,1034.628571,2.242026,1,1,0
21.2,4,gnb_2,7,21.296,13168.000000,1881.142857,1330.908571,2.484052,1,1,0
21.3,4,gnb_2,7,21.398,13168.000000,1881.142857,1523.490571,2.726078,1,1,0
21.4,4,gnb_2,7,21.494,13168.000000,1881.142857,1648.668871,2.968104,1,1,0
21.5,4,gnb_2,7,21.596,13168.000000,1881.142857,1730.034766,3.210130,1,1,0
21.6,4,gnb_2,7,21.698,13168.000000,1881.142857,1782.922598,3.452156,1,1,0
21.7,4,gnb_2,7,21.794,13168.000000,1881.142857,1817.299689,3.694182,1,1,0
21.8,4,gnb_2,7,21.896,13168.000000,1881.142857,1839.644798,3.936208,1,1,0
21.9,4,gnb_2,7,21.998,13168.000000,1881.142857,1854.169119,4.178234,1,2,0
22.0,4,gnb_2,7,22.094,13168.000000,1881.142857,1863.609927,4.203643,2,2,0
22.1,4,gnb_2,7,22.196,13168.000000,1881.142857,1869.746453,4.229053,2,2,0
22.2,4,gnb_2,7,22.298,13168.000000,1881.142857,1873.735194,4.254462,2,2,0
22.3,4,gnb_2,7,22.394,13168.000000,1881.142857,1876.327876,4.279872,2,2,0
22.4,4,gnb_2,7,22.496,13168.000000,1881.142857,1878.013120,4.305281,2,2,0
22.5,4,gnb_2,7,22.598,13168.000000,1881.142857,1879.108528,4.330691,2,2,0
22.6,4,gnb_2,7,22.694,13168.000000,1881.142857,1879.820543,4.356100,2,2,0
22.7,4,gnb_2,7,22.796,13168.000000,1881.142857,1880.283353,4.381510,2,2,0
22.8,4,gnb_2,7,22.898,13168.000000,1881.142857,1880.584179,4.406919,2,2,0
22.9,4,gnb_2,7,22.994,13168.000000,1881.142857,1880.779717,4.432329,2,2,0
23.0,4,gnb_2,7,23.096,13168.000000,1881.142857,1880.906816,4.457739,2,2,0
23.1,4,gnb_2,7,23.198,13168.000000,1881.142857,1880.989430,4.483148,2,2,0
23.2,4,gnb_2,7,23.294,13168.000000,1881.142857,1881.043130,4.508558,2,2,0
23.3,4,gnb_2,7,23.396,13168.000000,1881.142857,1881.078034,4.533967,2,2,0
23.4,4,gnb_2,7,23.498,13168.000000,1881.142857,1881.100722,4.559377,2,2,0
23.5,4,gnb_2,7,23.594,13456.000000,1922.285714,1895.515469,4.587529,2,2,0
23.6,4,gnb_2,7,23.696,13456.000000,1922.285714,1904.885055,4.615681,2,2,0
23.7,4,gnb_2,7,23.798,13456.000000,1922.285714,1910.975286,4.643834,2,2,0
23.8,4,gnb_2,7,23.894,13456.000000,1922.285714,1914.933936,4.671986,2,2,0
23.9,4,gnb_2,7,23.996,13456.000000,1922.285714,1917.507058,4.700139,2,2,0
24.0,4,gnb_2,7,24.098,13920.000000,1988.571429,1942.379588,4.732710,2,2,0
24.1,4,gnb_2,7,24.194,13920.000000,1988.571429,1958.546732,4.765281,2,2,0
24.2,4,gnb_2,7,24.296,13920.000000,1988.571429,1969.055376,4.797853,2,2,0
24.3,4,gnb_2,7,24.398,13920.000000,1988.571429,1975.885994,4.830424,2,2,0
24.4,4,gnb_2,7,24.494,13920.000000,1988.571429,1980.325896,4.862996,2,2,0
24.5,4,gnb_2,7,24.596,13920.000000,1988.571429,1983.211833,4.895567,2,2,0
24.6,4,gnb_2,7,24.698,13920.000000,1988.571429,1985.087691,4.928139,2,2,0
24.7,4,gnb_2,7,24.794,13920.000000,1988.571429,1986.306999,4.960710,2,2,0
24.8,4,gnb_2,7,24.896,13920.000000,1988.571429,1987.099550,4.993281,2,2,0
24.9,4,gnb_2,7,24.998,13920.000000,1988.571429,1987.614707,5.025853,2,2,0
25.0,4,gnb_2,7,25.094,13920.000000,1988.571429,1987.949560,5.058424,2,2,0
25.1,4,gnb_2,7,25.196,13920.000000,1988.571429,1988.167214,5.090996,2,2,0
25.2,4,gnb_2,7,25.298,13920.000000,1988.571429,1988.308689,5.123567,2,2,0
25.3,4,gnb_2,7,25.394,13920.000000,1988.571429,1988.400648,5.156139,2,2,0
25.4,4,gnb_2,7,25.496,13920.000000,1988.571429,1988.460421,5.188710,2,2,0
25.5,4,gnb_2,7,25.598,13920.000000,1988.571429,1988.499274,5.221281,2,2,0
25.6,4,gnb_2,7,25.694,13920.000000,1988.571429,1988.524528,5.253853,2,2,0
25.7,4,gnb_2,7,25.796,13920.000000,1988.571429,1988.540943,5.286424,2,2,0
25.8,4,gnb_2,7,25.898,13920.000000,1988.571429,1988.551613,5.318996,2,2,0
25.9,4,gnb_2,7,25.994,13920.000000,1988.571429,1988.558548,5.351567,2,2,0
26.0,4,gnb_2,6,26.096,13920.000000,2320.000000,2104.563057,5.406234,2,2,0
26.1,4,gnb_2,6,26.198,13920.000000,2320.000000,2179.965987,5.460900,2,2,0
26.2,4,gnb_2,6,26.294,13920.000000,2320.000000,2228.977891,5.515567,2,2,0
26.3,4,gnb_2,7,26.396,13920.000000,1988.571429,2144.835629,5.548139,2,2,0
26.4,4,gnb_2,7,26.498,13920.000000,1988.571429,2090.143159,5.580710,2,2,0
26.5,4,gnb_2,7,26.594,13920.000000,1988.571429,2054.593053,5.613281,2,2,0
26.6,4,gnb_2,7,26.696,13920.000000,1988.571429,2031.485485,5.645853,2,2,0
26.7,4,gnb_2,7,26.798,13920.000000,1988.571429,2016.465565,5.678424,2,2,0
26.8,4,gnb_2,7,26.894,13920.000000,1988.571429,2006.702617,5.710996,2,2,0
26.9,4,gnb_2,7,26.996,13920.000000,1988.571429,2000.356701,5.743567,2,2,0
27.0,4,gnb_2,7,27.098,13920.000000,1988.571429,1996.231856,5.776139,2,2,0
27.1,4,gnb_2,7,27.194,13920.000000,1988.571429,1993.550706,5.808710,2,2,0
27.2,4,gnb_2,7,27.296,13920.000000,1988.571429,1991.807959,5.841281,2,2,0
27.3,4,gnb_2,7,27.398,13920.000000,1988.571429,1990.675173,5.873853,2,2,0
27.4,4,gnb_2,7,27.494,13920.000000,1988.571429,1989.938863,5.906424,2,2,0
27.5,4,gnb_2,7,27.596,13920.000000,1988.571429,1989.460261,5.938996,2,2,0
27.6,4,gnb_2,7,27.698,13920.000000,1988.571429,1989.149169,5.971567,2,2,0
27.7,4,gnb_2,7,27.794,13920.000000,1988.571429,1988.946960,6.004139,2,2,0
27.8,4,gnb_2,7,27.896,13920.000000,1988.571429,1988.815524,6.036710,2,2,0
27.9,4,gnb_2,7,27.998,13920.000000,1988.571429,1988.730091,6.069281,2,2,0
28.0,4,gnb_2,7,28.094,13920.000000,1988.571429,1988.674559,6.101853,2,2,0
28.1,4,gnb_2,7,28.196,13920.000000,1988.571429,1988.638463,6.134424,2,2,0
28.2,4,gnb_2,7,28.298,13920.000000,1988.571429,1988.615001,6.166996,2,2,0
28.3,4,gnb_2,7,28.394,13920.000000,1988.571429,1988.599751,6.199567,2,2,0
28.4,4,gnb_2,7,28.496,13920.000000,1988.571429,1988.589838,6.232139,2,2,0
28.5,4,gnb_2,7,28.598,13920.000000,1988.571429,1988.583395,6.264710,2,2,0
28.6,4,gnb_2,7,28.694,13920.000000,1988.571429,1988.579207,6.297281,2,2,0
28.7,4,gnb_2,7,28.796,13920.000000,1988.571429,1988.576484,6.329853,2,2,0
28.8,4,gnb_2,7,28.898,13920.000000,1988.571429,1988.574715,6.362424,2,2,0
28.9,4,gnb_2,7,28.994,13920.000000,1988.571429,1988.573565,6.394996,2,2,0
29.0,4,gnb_2,7,29.096,13920.000000,1988.571429,1988.572817,6.427567,2,2,0
29.1,4,gnb_2,7,29.198,13920.000000,1988.571429,1988.572331,6.460139,2,2,0
29.2,4,gnb_2,7,29.294,13920.000000,1988.571429,1988.572015,6.492710,2,2,0
29.3,4,gnb_2,7,29.396,13920.000000,1988.571429,1988.571810,6.525281,2,2,0
29.4,4,gnb_2,7,29.498,13920.000000,1988.571429,1988.571676,6.557853,2,2,0
29.5,4,gnb_2,7,29.594,13920.000000,1988.571429,1988.571590,6.590424,2,2,0
29.6,4,gnb_2,7,29.696,13920.000000,1988.571429,1988.571533,6.622996,2,2,0
29.7,4,gnb_2,7,29.798,13920.000000,1988.571429,1988.571497,6.655567,2,2,0
29.8,4,gnb_2,7,29.894,13920.000000,1988.571429,1988.571473,6.688139,2,2,0
29.9,4,gnb_2,7,29.996,13920.000000,1988.571429,1988.571457,6.720710,2,2,0
30.0,4,gnb_2,6,30.098,13920.000000,2320.000000,2104.571447,6.775377,2,2,0
30.1,4,gnb_2,6,30.194,13920.000000,2320.000000,2179.971441,6.830043,2,2,0
30.2,4,gnb_2,6,30.296,13920.000000,2320.000000,2228.981436,6.884710,2,2,0
30.3,4,gnb_2,6,30.398,13920.000000,2320.000000,2260.837934,6.939377,2,2,0
30.4,4,gnb_2,6,30.494,13920.000000,2320.000000,2281.544657,6.994043,2,2,0
30.5,4,gnb_2,6,30.596,13920.000000,2320.000000,2295.004027,7.048710,2,2,0
30.6,4,gnb_2,6,30.698,13920.000000,2320.000000,2303.752618,7.103377,2,2,0
30.7,4,gnb_2,6,30.794,13920.000000,2320.000000,2309.439201,7.158043,2,2,0
30.8,4,gnb_2,6,30.896,13920.000000,2320.000000,2313.135481,7.212710,2,2,0
30.9,4,gnb_2,6,30.998,13920.000000,2320.000000,2315.538063,7.267377,2,2,0
31.0,4,gnb_2,5,31.094,13920.000000,2784.000000,2479.499741,7.352977,2,2,0
31.1,4,gnb_2,5,31.196,13920.000000,2784.000000,2586.074831,7.438577,2,2,0
31.2,4,gnb_2,5,31.298,13920.000000,2784.000000,2655.348640,7.524177,2,2,0
31.3,4,gnb_2,5,31.394,13920.000000,2784.000000,2700.376616,7.609777,2,2,0
31.4,4,gnb_2,5,31.496,13920.000000,2784.000000,2729.644801,7.695377,2,2,0
31.5,4,gnb_2,5,31.598,13920.000000,2784.000000,2748.669120,7.780977,2,2,0
31.6,4,gnb_2,5,31.694,13920.000000,2784.000000,2761.034928,7.866577,2,2,0
31.7,4,gnb_2,5,31.796,13920.000000,2784.000000,2769.072703,7.952177,2,2,0
31.8,4,gnb_2,5,31.898,13920.000000,2784.000000,2774.297257,8.037777,2,2,0
31.9,4,gnb_2,5,31.994,13920.000000,2784.000000,2777.693217,8.123377,2,2,0
32.0,4,gnb_2,4,32.096,13920.000000,3480.000000,3023.500591,8.255377,2,2,0
32.1,4,gnb_2,4,32.198,13920.000000,3480.000000,3183.275384,8.387377,2,3,0
32.2,4,gnb_2,4,32.294,13920.000000,3480.000000,3287.129000,8.403377,3,3,0
32.3,4,gnb_2,4,32.396,13920.000000,3480.000000,3354.633850,8.419377,3,3,0
32.4,4,gnb_2,4,32.498,13920.000000,3480.000000,3398.512002,8.435377,3,3,0
32.5,4,gnb_2,4,32.594,13920.000000,3480.000000,3427.032802,8.451377,3,3,0
32.6,4,gnb_2,4,32.696,13920.000000,3480.000000,3445.571321,8.467377,3,3,0
32.7,4,gnb_2,4,32.798,13920.000000,3480.000000,3457.621359,8.483377,3,3,0
32.8,4,gnb_2,4,32.894,13920.000000,3480.000000,3465.453883,8.499377,3,3,0
32.9,4,gnb_2,4,32.996,13824.000000,3456.000000,3462.145024,8.514577,3,3,0
33.0,4,gnb_2,4,33.098,13824.000000,3456.000000,3459.994266,8.529777,3,3,0
33.1,4,gnb_2,4,33.194,13824.000000,3456.000000,3458.596273,8.544977,3,3,0
33.2,4,gnb_2,4,33.296,13824.000000,3456.000000,3457.687577,8.560177,3,3,0
33.3,4,gnb_2,4,33.398,13824.000000,3456.000000,3457.096925,8.575377,3,3,0
33.4,4,gnb_2,4,33.494,13824.000000,3456.000000,3456.713001,8.590577,3,3,0
33.5,4,gnb_2,4,33.596,13920.000000,3480.000000,3464.863451,8.606577,3,3,0
33.6,4,gnb_2,4,33.698,13920.000000,3480.000000,3470.161243,8.622577,3,3,0
33.7,4,gnb_2,4,33.794,13920.000000,3480.000000,3473.604808,8.638577,3,3,0
33.8,4,gnb_2,4,33.896,13920.000000,3480.000000,3475.843125,8.654577,3,3,0
33.9,4,gnb_2,4,33.998,13920.000000,3480.000000,3477.298031,8.670577,3,3,0
34.0,4,gnb_2,4,34.094,13920.000000,3480.000000,3478.243720,8.686577,3,3,0
34.1,4,gnb_2,4,34.196,13600.000000,3400.000000,3450.858418,8.699910,3,3,0
34.2,4,gnb_2,4,34.298,13600.000000,3400.000000,3433.057972,8.713243,3,3,0
34.3,4,gnb_2,4,34.394,13600.000000,3400.000000,3421.487682,8.726577,3,3,0
34.4,4,gnb_2,4,34.496,13600.000000,3400.000000,3413.966993,8.739910,3,3,0
34.5,4,gnb_2,4,34.598,13600.000000,3400.000000,3409.078546,8.753243,3,3,0
34.6,4,gnb_2,4,34.694,13600.000000,3400.000000,3405.901055,8.766577,3,3,0
34.7,4,gnb_2,4,34.796,13920.000000,3480.000000,3431.835685,8.782577,3,3,0
34.8,4,gnb_2,4,34.898,13920.000000,3480.000000,3448.693196,8.798577,3,3,0
34.9,4,gnb_2,4,34.994,13920.000000,3480.000000,3459.650577,8.814577,3,3,0
35,4,gnb_2,3,35,13920.000000,4640.000000,3872.772875,8.869243,3,3,0
26.3,5,gnb_2,7,26.394,13568.000000,1938.285714,1066.057143,2.252416,1,1,0
26.4,5,gnb_2,7,26.496,13568.000000,1938.285714,1371.337143,2.504831,1,1,0
26.5,5,gnb_2,7,26.598,13568.000000,1938.285714,1569.769143,2.757247,1,1,0
26.6,5,gnb_2,7,26.694,13568.000000,1938.285714,1698.749943,3.009662,1,1,0
26.7,5,gnb_2,7,26.796,13568.000000,1938.285714,1782.587463,3.262078,1,1,0
26.8,5,gnb_2,7,26.898,13568.000000,1938.285714,1837.081851,3.514494,1,1,0
26.9,5,gnb_2,7,26.994,13568.000000,1938.285714,1872.503203,3.766909,1,1,0
27.0,5,gnb_2,7,27.096,13568.000000,1938.285714,1895.527082,4.019325,1,2,0
27.1,5,gnb_2,7,27.198,13568.000000,1938.285714,1910.492603,4.048544,2,2,0
27.2,5,gnb_2,7,27.294,13568.000000,1938.285714,1920.220192,4.077763,2,2,0
27.3,5,gnb_2,7,27.396,13568.000000,1938.285714,1926.543125,4.106982,2,2,0
27.4,5,gnb_2,7,27.498,13568.000000,1938.285714,1930.653031,4.136201,2,2,0
27.5,5,gnb_2,7,27.594,13568.000000,1938.285714,1933.324470,4.165420,2,2,0
27.6,5,gnb_2,7,27.696,13568.000000,1938.285714,1935.060906,4.194639,2,2,0
27.7,5,gnb_2,7,27.798,13568.000000,1938.285714,1936.189589,4.223858,2,2,0
27.8,5,gnb_2,7,27.894,13568.000000,1938.285714,1936.923233,4.253077,2,2,0
27.9,5,gnb_2,7,27.996,13568.000000,1938.285714,1937.400101,4.282296,2,2,0
28.0,5,gnb_2,7,28.098,13568.000000,1938.285714,1937.710066,4.311515,2,2,0
28.1,5,gnb_2,7,28.194,13568.000000,1938.285714,1937.911543,4.340734,2,2,0
28.2,5,gnb_2,7,28.296,13568.000000,1938.285714,1938.042503,4.369953,2,2,0
28.3,5,gnb_2,7,28.398,13568.000000,1938.285714,1938.127627,4.399172,2,2,0
28.4,5,gnb_2,7,28.494,13568.000000,1938.285714,1938.182957,4.428391,2,2,0
28.5,5,gnb_2,7,28.596,13568.000000,1938.285714,1938.218922,4.457610,2,2,0
28.6,5,gnb_2,7,28.698,13568.000000,1938.285714,1938.242300,4.486829,2,2,0
28.7,5,gnb_2,7,28.794,13568.000000,1938.285714,1938.257495,4.516048,2,2,0
28.8,5,gnb_2,7,28.896,13920.000000,1988.571429,1955.867372,4.548620,2,2,0
28.9,5,gnb_2,7,28.998,13920.000000,1988.571429,1967.313792,4.581191,2,2,0
29.0,5,gnb_2,7,29.094,13920.000000,1988.571429,1974.753964,4.613763,2,2,0
29.1,5,gnb_2,7,29.196,13920.000000,1988.571429,1979.590077,4.646334,2,2,0
29.2,5,gnb_2,7,29.298,13920.000000,1988.571429,1982.733550,4.678906,2,2,0
29.3,5,gnb_2,7,29.394,13920.000000,1988.571429,1984.776807,4.711477,2,2,0
29.4,5,gnb_2,7,29.496,13920.000000,1988.571429,1986.104925,4.744048,2,2,0
29.5,5,gnb_2,7,29.598,13920.000000,1988.571429,1986.968201,4.776620,2,2,0
29.6,5,gnb_2,7,29.694,13920.000000,1988.571429,1987.529331,4.809191,2,2,0
29.7,5,gnb_2,7,29.796,13920.000000,1988.571429,1987.894065,4.841763,2,2,0
29.8,5,gnb_2,7,29.898,13920.000000,1988.571429,1988.131142,4.874334,2,2,0
29.9,5,gnb_2,7,29.994,13920.000000,1988.571429,1988.285242,4.906906,2,2,0
30.0,5,gnb_2,6,30.096,13920.000000,2320.000000,2104.385408,4.961572,2,2,0
30.1,5,gnb_2,6,30.198,13920.000000,2320.000000,2179.850515,5.016239,2,2,0
30.2,5,gnb_2,6,30.294,13920.000000,2320.000000,2228.902835,5.070906,2,2,0
30.3,5,gnb_2,6,30.396,13920.000000,2320.000000,2260.786843,5.125572,2,2,0
30.4,5,gnb_2,6,30.498,13920.000000,2320.000000,2281.511448,5.180239,2,2,0
30.5,5,gnb_2,6,30.594,13792.000000,2298.666667,2287.515774,5.233483,2,2,0
30.6,5,gnb_2,6,30.696,13792.000000,2298.666667,2291.418587,5.286728,2,2,0
30.7,5,gnb_2,6,30.798,13792.000000,2298.666667,2293.955415,5.339972,2,2,0
30.8,5,gnb_2,6,30.894,13792.000000,2298.666667,2295.604353,5.393217,2,2,0
30.9,5,gnb_2,6,30.996,13792.000000,2298.666667,2296.676163,5.446461,2,2,0
31.0,5,gnb_2,5,31.098,13792.000000,2758.400000,2458.279506,5.530355,2,2,0
31.1,5,gnb_2,5,31.194,13792.000000,2758.400000,2563.321679,5.614248,2,2,0
31.2,5,gnb_2,5,31.296,13792.000000,2758.400000,2631.599091,5.698141,2,2,0
31.3,5,gnb_2,5,31.398,13792.000000,2758.400000,2675.979409,5.782035,2,2,0
31.4,5,gnb_2,5,31.494,13792.000000,2758.400000,2704.826616,5.865928,2,2,0
31.5,5,gnb_2,5,31.596,13792.000000,2758.400000,2723.577300,5.949821,2,2,0
31.6,5,gnb_2,5,31.698,13792.000000,2758.400000,2735.765245,6.033715,2,2,0
31.7,5,gnb_2,5,31.794,13792.000000,2758.400000,2743.687409,6.117608,2,2,0
31.8,5,gnb_2,5,31.896,13760.000000,2752.000000,2746.596816,6.201075,2,2,0
31.9,5,gnb_2,5,31.998,13792.000000,2758.400000,2750.727930,6.284968,2,2,0
32.0,5,gnb_2,4,32.094,13792.000000,3448.000000,2994.773155,6.414835,2,2,0
32.1,5,gnb_2,4,32.196,13792.000000,3448.000000,3153.402551,6.544701,2,3,0
32.2,5,gnb_2,4,32.298,13792.000000,3448.000000,3256.511658,6.559635,3,3,0
32.3,5,gnb_2,4,32.394,13792.000000,3448.000000,3323.532578,6.574568,3,3,0
32.4,5,gnb_2,4,32.496,13792.000000,3448.000000,3367.096175,6.589501,3,3,0
32.5,5,gnb_2,4,32.598,13792.000000,3448.000000,3395.412514,6.604435,3,3,0
32.6,5,gnb_2,4,32.694,13792.000000,3448.000000,3413.818134,6.619368,3,3,0
32.7,5,gnb_2,4,32.796,13792.000000,3448.000000,3425.781787,6.634301,3,3,0
32.8,5,gnb_2,4,32.898,13792.000000,3448.000000,3433.558162,6.649235,3,3,0
32.9,5,gnb_2,4,32.994,13696.000000,3424.000000,3430.212805,6.663368,3,3,0
33.0,5,gnb_2,4,33.096,13696.000000,3424.000000,3428.038323,6.677501,3,3,0
33.1,5,gnb_2,4,33.198,13696.000000,3424.000000,3426.624910,6.691635,3,3,0
33.2,5,gnb_2,4,33.294,13696.000000,3424.000000,3425.706192,6.705768,3,3,0
33.3,5,gnb_2,4,33.396,13696.000000,3424.000000,3425.109025,6.719901,3,3,0
33.4,5,gnb_2,4,33.498,13696.000000,3424.000000,3424.720866,6.734035,3,3,0
33.5,5,gnb_2,4,33.594,13696.000000,3424.000000,3424.468563,6.748168,3,3,0
33.6,5,gnb_2,4,33.696,13696.000000,3424.000000,3424.304566,6.762301,3,3,0
33.7,5,gnb_2,4,33.798,13696.000000,3424.000000,3424.197968,6.776435,3,3,0
33.8,5,gnb_2,4,33.894,13696.000000,3424.000000,3424.128679,6.790568,3,3,0
33.9,5,gnb_2,4,33.996,13792.000000,3448.000000,3432.483641,6.805501,3,3,0
34.0,5,gnb_2,4,34.098,13792.000000,3448.000000,3437.914367,6.820435,3,3,0
34.1,5,gnb_2,4,34.194,13792.000000,3448.000000,3441.444338,6.835368,3,3,0
34.2,5,gnb_2,4,34.296,13792.000000,3448.000000,3443.738820,6.850301,3,3,0
34.3,5,gnb_2,4,34.398,13792.000000,3448.000000,3445.230233,6.865235,3,3,0
34.4,5,gnb_2,4,34.494,13792.000000,3448.000000,3446.199651,6.880168,3,3,0
34.5,5,gnb_2,4,34.596,13792.000000,3448.000000,3446.829773,6.895101,3,3,0
34.6,5,gnb_2,4,34.698,13792.000000,3448.000000,3447.239353,6.910035,3,3,0
34.7,5,gnb_2,4,34.794,13792.000000,3448.000000,3447.505579,6.924968,3,3,0
34.8,5,gnb_2,4,34.896,13696.000000,3424.000000,3439.278627,6.939101,3,3,0
34.9,5,gnb_2,4,34.998,13696.000000,3424.000000,3433.931107,6.953235,3,3,0
