scenario_id,timestamp_s,serving_gnb,ue_id,trajectory_step,x_m,y_m,speed_mps,angle_deg,distance_m,direction_to_gnb,lane_id,lane_position_m,slope_deg,vehicle_type,user_index
sumo_coupled_00000000,0.2,gnb_2,0,0,226.65,416.134329244136,0.156707558642142,0.0,165.06598104621926,0.0,,,,SUMO/TraCI,0
sumo_coupled_00000001,0.3,gnb_2,0,1,226.65,416.103310410344,0.310188337914881,180.0,165.04039991667028,0.8246666299831026,,,,SUMO/TraCI,0
sumo_coupled_00000002,0.4,gnb_2,0,2,226.65,416.05632227748,0.469881328638984,180.0,165.00165251194758,0.8245755130702603,,,,SUMO/TraCI,0
sumo_coupled_00000003,0.5,gnb_2,0,3,226.65,415.993564450441,0.627578270394723,180.0,164.94990776577066,0.8244537162370059,,,,SUMO/TraCI,0
sumo_coupled_00000004,0.6,gnb_2,0,4,226.65,415.915221619346,0.78342831094982,180.0,164.88532368842274,0.8243015119779831,,,,SUMO/TraCI,0
sumo_coupled_00000005,0.7,gnb_2,0,5,226.65,415.821871002083,0.933506172625551,180.0,164.80838310749388,0.8241199169674225,,,,SUMO/TraCI,0
sumo_coupled_00000006,0.8,gnb_2,0,6,226.65,415.714211004877,1.0765999720642,180.0,164.71966964718047,0.8239101698999797,,,,SUMO/TraCI,0
sumo_coupled_00000007,0.9,gnb_2,0,7,226.65,415.593110289617,1.21100715260219,180.0,164.6199078423149,0.8236738318399383,,,,SUMO/TraCI,0
sumo_coupled_00000008,1,gnb_2,0,8,226.65,415.456346446103,1.36763843514024,180.0,164.50727732391258,0.823406408820391,,,,SUMO/TraCI,0
sumo_coupled_00000009,1.1,gnb_2,0,9,226.65,415.306008543452,1.50337902650724,180.0,164.38351026779023,0.8231118092260633,,,,SUMO/TraCI,0
sumo_coupled_00000010,1.2,gnb_2,0,10,226.65,415.142151166036,1.6385737741601,180.0,164.2486636834033,0.822789958440871,,,,SUMO/TraCI,0
sumo_coupled_00000011,1.3,gnb_2,0,11,226.65,414.964187132437,1.77964033599499,180.0,164.1022678341755,0.8224395001586307,,,,SUMO/TraCI,0
sumo_coupled_00000012,1.4,gnb_2,0,12,226.65,414.770438659716,1.93748472720872,180.0,163.94295848413944,0.8220568904321333,,,,SUMO/TraCI,0
sumo_coupled_00000013,1.5,gnb_2,0,13,226.65,414.564033883822,2.06404775893803,180.0,163.77332418646938,0.8216480586948934,,,,SUMO/TraCI,0
sumo_coupled_00000014,1.6,gnb_2,0,14,226.65,414.345471724161,2.1856215966076,180.0,163.59379044690948,0.8212137597469484,,,,SUMO/TraCI,0
sumo_coupled_00000015,1.7,gnb_2,0,15,226.65,414.111039426782,2.34432297379266,180.0,163.40132617617238,0.820746333981336,,,,SUMO/TraCI,0
sumo_coupled_00000016,1.8,gnb_2,0,16,226.65,413.864528846898,2.46510579883608,180.0,163.19906428470105,0.8202530414841785,,,,SUMO/TraCI,0
sumo_coupled_00000017,1.9,gnb_2,0,17,226.65,413.60230470283,2.62224144068103,180.0,162.9840431511865,0.8197262880446428,,,,SUMO/TraCI,0
sumo_coupled_00000018,2,gnb_2,0,18,226.65,413.326165069358,2.76139633472565,180.0,162.75776108100558,0.8191693236858961,,,,SUMO/TraCI,0
sumo_coupled_00000019,2.1,gnb_2,0,19,226.65,413.034894964898,2.91270104459043,180.0,162.519247408796,0.8185793195944727,,,,SUMO/TraCI,0
sumo_coupled_00000020,2.2,gnb_2,0,20,226.65,412.730171073814,3.0472389108457,180.0,162.26990113167608,0.8179592774023344,,,,SUMO/TraCI,0
sumo_coupled_00000021,2.3,gnb_2,0,21,226.65,412.412225693792,3.17945380022305,180.0,162.00993800746824,0.8173092794325255,,,,SUMO/TraCI,0
sumo_coupled_00000022,2.4,gnb_2,0,22,226.65,412.081339341571,3.30886352221038,180.0,161.7396138930201,0.816629495782857,,,,SUMO/TraCI,0
sumo_coupled_00000023,2.5,gnb_2,0,23,226.65,411.734728638405,3.46610703165199,180.0,161.4566853042456,0.8159137442352841,,,,SUMO/TraCI,0
sumo_coupled_00000024,2.6,gnb_2,0,24,226.65,411.375177756419,3.59550881986062,180.0,161.16345687075184,0.8151672861036847,,,,SUMO/TraCI,0
sumo_coupled_00000025,2.7,gnb_2,0,25,226.65,411.002287034898,3.72890721520896,180.0,160.85963355787496,0.8143888192295633,,,,SUMO/TraCI,0
sumo_coupled_00000026,2.8,gnb_2,0,26,226.65,410.61506705569,3.8721997920845,180.0,160.54444319864328,0.813575757923173,,,,SUMO/TraCI,0
sumo_coupled_00000027,2.9,gnb_2,0,27,226.65,410.213874553445,4.01192502244863,180.0,160.21821252972558,0.8127282941025583,,,,SUMO/TraCI,0
sumo_coupled_00000028,3,gnb_2,0,28,226.65,409.799757272423,4.14117281022038,180.0,159.881829761796,0.8118480847123682,,,,SUMO/TraCI,0
sumo_coupled_00000028,3,gnb_2,1,0,226.65,416.136171190872,0.138288091282244,0.0,165.067500152242,0.0,,,,SUMO/TraCI,1
sumo_coupled_00000029,3.1,gnb_2,0,29,226.65,409.37133279841,4.28424474012594,180.0,159.5342102811712,0.810931602509577,,,,SUMO/TraCI,0
sumo_coupled_00000029,3.1,gnb_2,1,1,226.65,416.108638707048,0.275324838235466,180.0,165.04479401267318,0.8246769582844079,,,,SUMO/TraCI,1
sumo_coupled_00000030,3.2,gnb_2,0,30,226.65,408.930612738705,4.40720059705454,180.0,159.1770253559788,0.8099825489914038,,,,SUMO/TraCI,0
sumo_coupled_00000030,3.2,gnb_2,1,2,226.65,416.06737931678,0.412593902686169,180.0,165.01076999437487,0.8245969600736875,,,,SUMO/TraCI,1
sumo_coupled_00000031,3.3,gnb_2,0,31,226.65,408.476620384949,4.53992353756468,180.0,158.80952265383297,0.8089982152077713,,,,SUMO/TraCI,0
sumo_coupled_00000031,3.3,gnb_2,1,3,226.65,416.012759000929,0.54620315850894,180.0,164.9657331419007,0.8244909800990802,,,,SUMO/TraCI,1
sumo_coupled_00000032,3.4,gnb_2,0,32,226.65,408.008101853568,4.68518531380709,180.0,158.4307313628055,0.8079751999656568,,,,SUMO/TraCI,0
sumo_coupled_00000032,3.4,gnb_2,1,4,226.65,415.94471594695,0.68043053978397,180.0,164.90963675266804,0.8243588344739385,,,,SUMO/TraCI,1
sumo_coupled_00000033,3.5,gnb_2,0,33,226.65,407.527018961605,4.81082891962979,180.0,158.0422825234866,0.8069170915868876,,,,SUMO/TraCI,0
sumo_coupled_00000033,3.5,gnb_2,1,5,226.65,415.86337490287,0.813410440807198,180.0,164.84258897505163,0.8242006859248765,,,,SUMO/TraCI,1
sumo_coupled_00000034,3.6,gnb_2,0,34,226.65,407.03145805237,4.95560909234475,180.0,157.64267770788163,0.8058189565123002,,,,SUMO/TraCI,0
sumo_coupled_00000034,3.6,gnb_2,1,6,226.65,415.769657482607,0.937174202621441,180.0,164.76535556039812,0.8240182350277989,,,,SUMO/TraCI,1
sumo_coupled_00000035,3.7,gnb_2,0,35,226.65,406.520276960177,5.11181092193838,180.0,157.2310496755647,0.8046774299430219,,,,SUMO/TraCI,0
sumo_coupled_00000035,3.7,gnb_2,1,7,226.65,415.663454489288,1.06202993319551,180.0,164.67785335000912,0.8238111666475669,,,,SUMO/TraCI,1
sumo_coupled_00000036,3.8,gnb_2,0,36,226.65,405.994395430835,5.25881529341939,180.0,156.80819551280354,0.8034936886991182,,,,SUMO/TraCI,0
sumo_coupled_00000036,3.8,gnb_2,1,8,226.65,415.544551590601,1.18902898687093,180.0,164.579913616143,0.8235789447960066,,,,SUMO/TraCI,1
sumo_coupled_00000037,3.9,gnb_2,0,37,226.65,405.454174350241,5.40221080593321,180.0,156.3744619875658,0.8022676641420932,,,,SUMO/TraCI,0
sumo_coupled_00000037,3.9,gnb_2,1,9,226.65,415.413273955681,1.31277634919758,180.0,164.47181297534334,0.8233220726762548,,,,SUMO/TraCI,1
sumo_coupled_00000038,4,gnb_2,0,38,226.65,404.900922365414,5.53251984826777,180.0,155.9309555788432,0.8010014554310895,,,,SUMO/TraCI,0
sumo_coupled_00000038,4,gnb_2,1,10,226.65,415.271385322671,1.41888633010464,180.0,164.35501266196457,0.8230438678550619,,,,SUMO/TraCI,1
sumo_coupled_00000039,4.1,gnb_2,0,39,226.65,404.334302016074,5.66620349340629,180.0,155.47746189665014,0.7996934121469143,,,,SUMO/TraCI,0
sumo_coupled_00000039,4.1,gnb_2,1,11,226.65,415.117031543768,1.54353778903044,180.0,164.22799613098735,0.8227405480609981,,,,SUMO/TraCI,1
sumo_coupled_00000040,4.2,gnb_2,0,40,226.65,403.752486934054,5.81815082019683,180.0,155.01258181955168,0.798338337968674,,,,SUMO/TraCI,0
sumo_coupled_00000040,4.2,gnb_2,1,12,226.65,414.951166227693,1.65865316074595,180.0,164.09155909495902,0.8224138217225263,,,,SUMO/TraCI,1
sumo_coupled_00000041,4.3,gnb_2,0,41,226.65,403.157905803679,5.94581130374711,180.0,154.53831972021655,0.796940888361216,,,,SUMO/TraCI,0
sumo_coupled_00000041,4.3,gnb_2,1,13,226.65,414.774209352168,1.76956875524504,180.0,163.9460582219103,0.8220643473461462,,,,SUMO/TraCI,1
sumo_coupled_00000042,4.4,gnb_2,0,42,226.65,402.550470283064,6.07435520614985,180.0,154.0546664875821,0.7954998902480012,,,,SUMO/TraCI,0
sumo_coupled_00000042,4.4,gnb_2,1,14,226.65,414.585272043026,1.8893730914199,180.0,163.79077492610907,0.8216901843448843,,,,SUMO/TraCI,1
sumo_coupled_00000043,4.5,gnb_2,0,43,226.65,401.928614520988,6.21855762076121,180.0,153.56044262441966,0.7940105696308961,,,,SUMO/TraCI,0
sumo_coupled_00000043,4.5,gnb_2,1,15,226.65,414.385472948416,1.99799094610519,180.0,163.62664159472763,0.8212933519790959,,,,SUMO/TraCI,1
sumo_coupled_00000044,4.6,gnb_2,0,44,226.65,401.292801223844,6.35813297144625,180.0,153.05608817922575,0.7924728945235582,,,,SUMO/TraCI,0
sumo_coupled_00000044,4.6,gnb_2,1,16,226.65,414.174964363155,2.10508585261085,180.0,163.45379641309626,0.8208739552555578,,,,SUMO/TraCI,1
sumo_coupled_00000045,4.7,gnb_2,0,45,226.65,400.644172564842,6.48628659002039,180.0,152.5425805270626,0.7908884991193558,,,,SUMO/TraCI,0
sumo_coupled_00000045,4.7,gnb_2,1,17,226.65,413.953206509942,2.21757853212904,180.0,163.27181028669696,0.8204307055500089,,,,SUMO/TraCI,1
sumo_coupled_00000046,4.8,gnb_2,0,46,226.65,399.981325415831,6.62847149010304,180.0,152.01888352615782,0.7892527732923776,,,,SUMO/TraCI,0
sumo_coupled_00000046,4.8,gnb_2,1,18,226.65,413.719551537417,2.33654972525218,180.0,163.0801672901028,0.8199620699403852,,,,SUMO/TraCI,1
sumo_coupled_00000047,4.9,gnb_2,0,47,226.65,399.305450534477,6.75874881354648,180.0,151.48601594614118,0.787567418611725,,,,SUMO/TraCI,0
sumo_coupled_00000047,4.9,gnb_2,1,19,226.65,413.473578876316,2.45972661101164,180.0,162.87853989415595,0.8194669412130765,,,,SUMO/TraCI,1
sumo_coupled_00000048,5,gnb_2,0,48,226.65,398.61389064941,6.9155988506649,180.0,150.94196750735097,0.7858244635881894,,,,SUMO/TraCI,0
sumo_coupled_00000048,5,gnb_2,1,20,226.65,413.216067954851,2.57510921464323,180.0,162.66758515866482,0.8189466132721708,,,,SUMO/TraCI,1
sumo_coupled_00000049,5.1,gnb_2,0,49,226.65,397.908281345379,7.05609304030914,180.0,150.3881155870405,0.7840265893692706,,,,SUMO/TraCI,0
sumo_coupled_00000049,5.1,gnb_2,1,21,226.65,412.946660437252,2.69407517598846,180.0,162.44702835514715,0.8184000765258662,,,,SUMO/TraCI,1
sumo_coupled_00000050,5.2,gnb_2,0,50,226.65,397.188409595914,7.1987174946491,180.0,149.82438334136305,0.7821718133083146,,,,SUMO/TraCI,0
sumo_coupled_00000050,5.2,gnb_2,1,22,226.65,412.666696395373,2.79964041879422,180.0,162.21798553940334,0.817829761319208,,,,SUMO/TraCI,1
sumo_coupled_00000051,5.3,gnb_2,0,51,226.65,396.453522078229,7.34887517685558,180.0,149.25027740149957,0.7802566541632369,,,,SUMO/TraCI,0
sumo_coupled_00000051,5.3,gnb_2,1,23,226.65,412.374218335432,2.92478059940643,180.0,161.97887572123906,0.8172313688807431,,,,SUMO/TraCI,1
sumo_coupled_00000052,5.4,gnb_2,0,52,226.65,395.70608112342,7.47440954808634,180.0,148.6678166549151,0.7782860051815703,,,,SUMO/TraCI,0
sumo_coupled_00000052,5.4,gnb_2,1,24,226.65,412.069696471194,3.04521864237983,180.0,161.7301061212578,0.8166055142026198,,,,SUMO/TraCI,1
sumo_coupled_00000053,5.5,gnb_2,0,53,226.65,394.94272025886,7.63360864560608,180.0,148.0744793693584,0.776249362809818,,,,SUMO/TraCI,0
sumo_coupled_00000053,5.5,gnb_2,1,25,226.65,411.752552072744,3.17144398450523,180.0,161.47122801812438,0.8159506414229746,,,,SUMO/TraCI,1
sumo_coupled_00000054,5.6,gnb_2,0,54,226.65,394.165162701126,7.77557557733286,180.0,147.4717155069899,0.7741495534153108,,,,SUMO/TraCI,0
sumo_coupled_00000054,5.6,gnb_2,1,26,226.65,411.423911197996,3.28640874747441,180.0,161.20318524948178,0.8152686995272539,,,,SUMO/TraCI,1
sumo_coupled_00000055,5.7,gnb_2,0,55,226.65,393.371794834878,7.9336786624838,180.0,146.85838881072362,0.7719803802355184,,,,SUMO/TraCI,0
sumo_coupled_00000055,5.7,gnb_2,1,27,226.65,411.082844798424,3.41066399572322,180.0,160.92524569018906,0.81455736939363,,,,SUMO/TraCI,1
sumo_coupled_00000056,5.8,gnb_2,0,56,226.65,392.564417878606,8.07376956271495,180.0,146.2360101765274,0.7697448647752692,,,,SUMO/TraCI,0
sumo_coupled_00000056,5.8,gnb_2,1,28,226.65,410.730228817655,3.5261598076883,180.0,160.63814997290163,0.8138180677485901,,,,SUMO/TraCI,1
sumo_coupled_00000057,5.9,gnb_2,0,57,226.65,391.744476018353,8.19941860253479,180.0,145.6058049001353,0.7674451996951198,,,,SUMO/TraCI,0
sumo_coupled_00000057,5.9,gnb_2,1,29,226.65,410.366061168759,3.64167648896363,180.0,160.34192341573248,0.8130503762933389,,,,SUMO/TraCI,1
sumo_coupled_00000058,6,gnb_2,0,58,226.65,390.909873420723,8.34602597630139,180.0,144.96628063863952,0.76507359457742,,,,SUMO/TraCI,0
sumo_coupled_00000058,6,gnb_2,1,30,226.65,409.99035358134,3.75707587419215,180.0,160.03660370115892,0.8122538880172366,,,,SUMO/TraCI,1
sumo_coupled_00000059,6.1,gnb_2,0,59,226.65,390.06287718321,8.46996237513166,180.0,144.31929681732228,0.7626345167308174,,,,SUMO/TraCI,0
sumo_coupled_00000059,6.1,gnb_2,1,31,226.65,409.602635606805,3.87717974534512,180.0,159.7218383823273,0.8114271468412119,,,,SUMO/TraCI,1
sumo_coupled_00000059,6.1,gnb_2,2,0,226.65,416.13804423952,0.119557604800165,0.0,165.06904491563978,0.0,,,,SUMO/TraCI,2
sumo_coupled_00000060,6.2,gnb_2,0,60,226.65,389.201054418837,8.61822764372941,180.0,143.66312256868773,0.7601188980604687,,,,SUMO/TraCI,0
sumo_coupled_00000060,6.2,gnb_2,1,32,226.65,409.201468650382,4.01166956422988,180.0,159.3964930649845,0.8105665699791009,,,,SUMO/TraCI,1
sumo_coupled_00000060,6.2,gnb_2,2,1,226.65,416.114680600438,0.23363639082248,180.0,165.04977665831376,0.8246886688142742,,,,SUMO/TraCI,2
sumo_coupled_00000061,6.3,gnb_2,0,61,226.65,388.326381195629,8.74673223207261,180.0,142.99939637264458,0.757530338892756,,,,SUMO/TraCI,0
sumo_coupled_00000061,6.3,gnb_2,1,33,226.65,408.789466071033,4.1200257934958,180.0,159.06272055658349,0.8096772494546807,,,,SUMO/TraCI,1
sumo_coupled_00000061,6.3,gnb_2,2,2,226.65,416.080022401302,0.346581991357288,180.0,165.0211955984408,0.8246214791246353,,,,SUMO/TraCI,2
sumo_coupled_00000062,6.4,gnb_2,0,62,226.65,387.438109099209,8.88272096420195,180.0,142.32768454103908,0.7548644485130371,,,,SUMO/TraCI,0
sumo_coupled_00000062,6.4,gnb_2,1,34,226.65,408.365984206277,4.23481864755878,180.0,158.72003150593864,0.8087573004386287,,,,SUMO/TraCI,1
sumo_coupled_00000062,6.4,gnb_2,2,3,226.65,416.034365635014,0.456567662879355,180.0,164.98354806986265,0.8245329138964206,,,,SUMO/TraCI,2
sumo_coupled_00000063,6.5,gnb_2,0,63,226.65,386.535994024101,9.02115075108152,180.0,141.64794570590595,0.7521181722274637,,,,SUMO/TraCI,0
sumo_coupled_00000063,6.5,gnb_2,1,35,226.65,407.929607405352,4.36376800925026,180.0,158.36731654886208,0.8078030883719688,,,,SUMO/TraCI,1
sumo_coupled_00000063,6.5,gnb_2,2,4,226.65,415.977525197659,0.568404373555431,180.0,164.9366843939819,0.8244225697713885,,,,SUMO/TraCI,2
sumo_coupled_00000064,6.6,gnb_2,0,64,226.65,385.618060837484,9.17933186617237,180.0,140.95884958054415,0.7492829371960336,,,,SUMO/TraCI,0
sumo_coupled_00000064,6.6,gnb_2,1,36,226.65,407.482383010687,4.47224394664771,180.0,158.00626721140998,0.806818522205309,,,,SUMO/TraCI,1
sumo_coupled_00000064,6.6,gnb_2,2,5,226.65,415.909487442852,0.680377548061603,180.0,164.88059703002884,0.824290364609121,,,,SUMO/TraCI,2
sumo_coupled_00000065,6.7,gnb_2,0,65,226.65,384.685625700913,9.32435136571083,180.0,140.26155114068737,0.7463601026050936,,,,SUMO/TraCI,0
sumo_coupled_00000065,6.7,gnb_2,1,37,226.65,407.022217608299,4.60165402387988,180.0,157.63523167785198,0.805798400879604,,,,SUMO/TraCI,1
sumo_coupled_00000065,6.7,gnb_2,2,6,226.65,415.830716973314,0.787704695380688,180.0,164.81567332473125,0.8241371359487815,,,,SUMO/TraCI,2
sumo_coupled_00000066,6.8,gnb_2,0,66,226.65,383.739210511328,9.46415189585205,180.0,139.55660606905582,0.7433486198424419,,,,SUMO/TraCI,0
sumo_coupled_00000066,6.8,gnb_2,1,38,226.65,406.550482932901,4.71734675397768,180.0,157.2553567626568,0.8047451326182916,,,,SUMO/TraCI,1
sumo_coupled_00000066,6.8,gnb_2,2,7,226.65,415.741424150664,0.892928226498244,180.0,164.7420915566221,0.8239632195273511,,,,SUMO/TraCI,2
sumo_coupled_00000067,6.9,gnb_2,0,67,226.65,382.778497594809,9.6071291651905,180.0,138.84394861803,0.7402447036245005,,,,SUMO/TraCI,0
sumo_coupled_00000067,6.9,gnb_2,1,39,226.65,406.065931579336,4.84551353564856,180.0,156.8656801373896,0.8036552767241509,,,,SUMO/TraCI,1
sumo_coupled_00000067,6.9,gnb_2,2,8,226.65,415.642071825061,0.99352325603516,180.0,164.66023851857804,0.8237694360545761,,,,SUMO/TraCI,2
sumo_coupled_00000068,7,gnb_2,0,68,226.65,381.802056766978,9.76440827830251,180.0,138.12270364421272,0.7370407187308448,,,,SUMO/TraCI,0
sumo_coupled_00000068,7,gnb_2,1,40,226.65,405.569460362151,4.96471217185512,180.0,156.46696736257724,0.8025301600635734,,,,SUMO/TraCI,1
sumo_coupled_00000068,7,gnb_2,2,9,226.65,415.533600552029,1.08471273032055,180.0,164.57089468857168,0.8235575361518701,,,,SUMO/TraCI,2
sumo_coupled_00000069,7.1,gnb_2,0,69,226.65,380.811433063045,9.90623703933809,180.0,137.39420488588593,0.733738611077337,,,,SUMO/TraCI,0
sumo_coupled_00000069,7.1,gnb_2,1,41,226.65,405.06206234398,5.07398018170402,180.0,156.06005875216613,0.8013713652548791,,,,SUMO/TraCI,1
sumo_coupled_00000069,7.1,gnb_2,2,10,226.65,415.416426074121,1.17174477907774,180.0,164.47440819376087,0.8233282463895063,,,,SUMO/TraCI,2
sumo_coupled_00000070,7.2,gnb_2,0,70,226.65,379.804829423957,10.066036390872,180.0,136.6573323182666,0.7303291212469862,,,,SUMO/TraCI,0
sumo_coupled_00000070,7.2,gnb_2,1,42,226.65,404.543268561722,5.18793782258194,180.0,155.64462163543337,0.8001771423457208,,,,SUMO/TraCI,1
sumo_coupled_00000070,7.2,gnb_2,2,11,226.65,415.288335632744,1.28090441377499,180.0,164.36896379267586,0.8230771339739524,,,,SUMO/TraCI,2
sumo_coupled_00000071,7.3,gnb_2,0,71,226.65,378.785943728075,10.1888569588263,180.0,135.9149924704644,0.7268215369952076,,,,SUMO/TraCI,0
sumo_coupled_00000071,7.3,gnb_2,1,43,226.65,404.012334062802,5.30934498920592,180.0,155.22010662186776,0.7989450385117237,,,,SUMO/TraCI,1
sumo_coupled_00000071,7.3,gnb_2,2,12,226.65,415.151453432113,1.36882200631072,180.0,164.25631757960667,0.8228082512967085,,,,SUMO/TraCI,2
sumo_coupled_00000072,7.4,gnb_2,0,72,226.65,377.754904438265,10.3103928980932,180.0,135.16746591445116,0.7232132656843255,,,,SUMO/TraCI,0
sumo_coupled_00000072,7.4,gnb_2,1,44,226.65,403.468520730106,5.43813332695185,180.0,154.78597517630791,0.7976725319556245,,,,SUMO/TraCI,1
sumo_coupled_00000072,7.4,gnb_2,2,13,226.65,415.003067538456,1.48385893657004,180.0,164.13424610602416,0.8225161460287171,,,,SUMO/TraCI,2
sumo_coupled_00000073,7.5,gnb_2,0,73,226.65,376.710625253838,10.442791844276,180.0,134.41416419778193,0.7194972779173363,,,,SUMO/TraCI,0
sumo_coupled_00000073,7.5,gnb_2,1,45,226.65,402.913390343769,5.55130386337076,180.0,154.3435260249024,0.7963624617720451,,,,SUMO/TraCI,1
sumo_coupled_00000073,7.5,gnb_2,2,14,226.65,414.842893569861,1.60173968594466,180.0,164.00252573144374,0.822200103129314,,,,SUMO/TraCI,2
sumo_coupled_00000074,7.6,gnb_2,0,74,226.65,375.653261667424,10.5736358641416,180.0,133.6554112919364,0.7156706993216584,,,,SUMO/TraCI,0
sumo_coupled_00000074,7.6,gnb_2,1,46,226.65,402.344966200948,5.68424142821829,180.0,153.8912383948843,0.7950093031743062,,,,SUMO/TraCI,1
sumo_coupled_00000074,7.6,gnb_2,2,15,226.65,414.67322915654,1.69664413321057,180.0,163.86305609090152,0.8218645030142198,,,,SUMO/TraCI,2
sumo_coupled_00000075,7.7,gnb_2,0,75,226.65,374.582790328081,10.7047133934267,180.0,132.89140952765055,0.7117299053736146,,,,SUMO/TraCI,0
sumo_coupled_00000075,7.7,gnb_2,1,47,226.65,401.76437616644,5.80590034507701,180.0,153.43006811965606,0.7936148217797778,,,,SUMO/TraCI,1
sumo_coupled_00000075,7.7,gnb_2,2,16,226.65,414.494271978935,1.78957177605425,180.0,163.71600928175513,0.8215095919389926,,,,SUMO/TraCI,2
sumo_coupled_00000076,7.8,gnb_2,0,76,226.65,373.497874735957,10.8491559212424,180.0,132.12144065268402,0.7076661764667006,,,,SUMO/TraCI,0
sumo_coupled_00000076,7.8,gnb_2,1,48,226.65,401.170819965878,5.93556200561833,180.0,152.95943943151474,0.7921761508555373,,,,SUMO/TraCI,1
sumo_coupled_00000076,7.8,gnb_2,2,17,226.65,414.306264056954,1.88007921981105,180.0,163.56159410123223,0.8211356999481711,,,,SUMO/TraCI,2
sumo_coupled_00000077,7.9,gnb_2,0,77,226.65,372.40079293154,10.9708180441663,180.0,131.34736021092064,0.7034842023711835,,,,SUMO/TraCI,0
sumo_coupled_00000077,7.9,gnb_2,1,49,226.65,400.56352802748,6.07291938398403,180.0,152.4788076764537,0.7906903907807631,,,,SUMO/TraCI,1
sumo_coupled_00000077,7.9,gnb_2,2,18,226.65,414.106271842758,1.99992214195655,180.0,163.39741322176343,0.820736810935609,,,,SUMO/TraCI,2
sumo_coupled_00000078,8,gnb_2,0,78,226.65,371.290348855476,11.1044407606453,180.0,130.56856549014586,0.6991755520387162,,,,SUMO/TraCI,0
sumo_coupled_00000078,8,gnb_2,1,50,226.65,399.943460186573,6.20067840907045,180.0,151.9890000675313,0.7891588215810361,,,,SUMO/TraCI,1
sumo_coupled_00000078,8,gnb_2,2,19,226.65,413.895892679021,2.10379163736516,180.0,163.2247915492984,0.8203159054951573,,,,SUMO/TraCI,2
sumo_coupled_00000079,8.1,gnb_2,0,79,226.65,370.164694708896,11.2565414657958,180.0,129.78403088187858,0.6947287281511415,,,,SUMO/TraCI,0
sumo_coupled_00000079,8.1,gnb_2,1,51,226.65,399.309460537174,6.33999649398864,180.0,151.4891741137679,0.7875774703714008,,,,SUMO/TraCI,1
sumo_coupled_00000079,8.1,gnb_2,2,20,226.65,413.675088833911,2.20803845110201,180.0,163.04371154618013,0.8198727050938678,,,,SUMO/TraCI,2
sumo_coupled_00000080,8.2,gnb_2,0,80,226.65,369.026140772388,11.3855393650804,180.0,128.99564427074677,0.6901484253649102,,,,SUMO/TraCI,0
sumo_coupled_00000080,8.2,gnb_2,1,52,226.65,398.664714542603,6.44745994570569,180.0,150.9819094377782,0.7859531978664399,,,,SUMO/TraCI,1
sumo_coupled_00000080,8.2,gnb_2,2,21,226.65,413.445267120805,2.29821713106,180.0,162.85534015482267,0.8194098332541124,,,,SUMO/TraCI,2
sumo_coupled_00000081,8.3,gnb_2,0,81,226.65,367.872707817803,11.5343295458474,180.0,128.2023216608536,0.6854221255856929,,,,SUMO/TraCI,0
sumo_coupled_00000081,8.3,gnb_2,1,53,226.65,398.008637491419,6.56077051184277,180.0,150.46681036886886,0.7842835054595843,,,,SUMO/TraCI,1
sumo_coupled_00000081,8.3,gnb_2,2,22,226.65,413.204985789728,2.40281331076884,180.0,162.65850958139768,0.8189241751478701,,,,SUMO/TraCI,2
sumo_coupled_00000082,8.4,gnb_2,0,82,226.65,366.706479698292,11.6622811951071,180.0,127.40579312445068,0.6805536669246793,,,,SUMO/TraCI,0
sumo_coupled_00000082,8.4,gnb_2,1,54,226.65,397.340188517618,6.68448973801007,180.0,149.9431303573129,0.7825646179187907,,,,SUMO/TraCI,1
sumo_coupled_00000082,8.4,gnb_2,2,23,226.65,412.953831796153,2.51153993575313,180.0,162.45289744809028,0.8184146536299033,,,,SUMO/TraCI,2
sumo_coupled_00000083,8.5,gnb_2,0,83,226.65,365.52767207405,11.7880762424276,180.0,126.60649742570966,0.6755393586670859,,,,SUMO/TraCI,0
sumo_coupled_00000083,8.5,gnb_2,1,55,226.65,396.659681695298,6.80506822319954,180.0,149.41119045522743,0.7807961461243845,,,,SUMO/TraCI,1
sumo_coupled_00000083,8.5,gnb_2,2,24,226.65,412.6942215952,2.59610200952498,180.0,162.24049724022683,0.8178859400234818,,,,SUMO/TraCI,2
sumo_coupled_00000084,8.6,gnb_2,0,84,226.65,364.334458447194,11.9321362685554,180.0,125.80351100657519,0.6703664927347392,,,,SUMO/TraCI,0
sumo_coupled_00000084,8.6,gnb_2,1,56,226.65,395.966846919449,6.92834775849033,180.0,148.8708570689338,0.7789761488761444,,,,SUMO/TraCI,1
sumo_coupled_00000084,8.6,gnb_2,2,25,226.65,412.423956385998,2.70265209202507,180.0,162.01952575205465,0.8173333169031243,,,,SUMO/TraCI,2
sumo_coupled_00000085,8.7,gnb_2,0,85,226.65,363.127391637798,12.0706680939582,180.0,124.99754293786677,0.6650322053059762,,,,SUMO/TraCI,0
sumo_coupled_00000085,8.7,gnb_2,1,57,226.65,395.260919026637,7.05927892812199,180.0,148.32161661357716,0.7771012860986184,,,,SUMO/TraCI,1
sumo_coupled_00000085,8.7,gnb_2,2,26,226.65,412.144507113282,2.79449272716084,180.0,161.7912026663138,0.8167595328766011,,,,SUMO/TraCI,2
sumo_coupled_00000086,8.8,gnb_2,0,86,226.65,361.907825454669,12.1956618312888,180.0,124.1898319940587,0.6595372917372779,,,,SUMO/TraCI,0
sumo_coupled_00000086,8.8,gnb_2,1,58,226.65,394.543843022267,7.17076004369321,180.0,147.76506513486112,0.7751753969568248,,,,SUMO/TraCI,1
sumo_coupled_00000086,8.8,gnb_2,2,27,226.65,411.85316102056,2.91346092721858,180.0,161.5533304240854,0.8161587302127352,,,,SUMO/TraCI,2
sumo_coupled_00000087,8.9,gnb_2,0,87,226.65,360.672841892087,12.3498356258266,180.0,123.37880660366943,0.653863042712294,,,,SUMO/TraCI,0
sumo_coupled_00000087,8.9,gnb_2,1,59,226.65,393.813725723622,7.30117298645453,180.0,147.1998188283255,0.7731920231257848,,,,SUMO/TraCI,1
sumo_coupled_00000087,8.9,gnb_2,2,28,226.65,411.551050554626,3.02110465933887,180.0,161.30685478932926,0.8155329215639032,,,,SUMO/TraCI,2
sumo_coupled_00000088,9,gnb_2,0,88,226.65,359.423792252782,12.4904963930466,180.0,122.56574266822305,0.6480097172647717,,,,SUMO/TraCI,0
sumo_coupled_00000088,9,gnb_2,1,60,226.65,393.07204309463,7.4168262899215,180.0,146.62711014540884,0.7711537312745058,,,,SUMO/TraCI,1
sumo_coupled_00000088,9,gnb_2,2,29,226.65,411.240325149833,3.1072540479269,180.0,161.05354837889752,0.8148862690133011,,,,SUMO/TraCI,2
sumo_coupled_00000089,9.1,gnb_2,0,89,226.65,358.159495490985,12.642967617973,180.0,121.75027406706445,0.6419656636496108,,,,SUMO/TraCI,0
sumo_coupled_00000089,9.1,gnb_2,1,61,226.65,392.317821721625,7.54221373005092,180.0,146.04627888546403,0.7690563743134438,,,,SUMO/TraCI,1
sumo_coupled_00000089,9.1,gnb_2,2,30,226.65,410.919239273928,3.21085875905623,180.0,160.79200761251786,0.8142148432490606,,,,SUMO/TraCI,2
sumo_coupled_00000090,9.2,gnb_2,0,90,226.65,356.880707849605,12.7878764137954,180.0,120.93331112417421,0.6357281309420527,,,,SUMO/TraCI,0
sumo_coupled_00000090,9.2,gnb_2,1,62,226.65,391.552996829387,7.64824892238035,180.0,145.45890691744256,0.7669038575458332,,,,SUMO/TraCI,1
sumo_coupled_00000090,9.2,gnb_2,2,31,226.65,410.589330417872,3.29908856056203,180.0,160.52350519157048,0.8135215479005725,,,,SUMO/TraCI,2
sumo_coupled_00000091,9.3,gnb_2,0,91,226.65,355.589897591379,12.9081025822603,180.0,120.1168394434151,0.6293030847434845,,,,SUMO/TraCI,0
sumo_coupled_00000091,9.3,gnb_2,1,63,226.65,390.776663397835,7.76333431551602,180.0,144.8643905642696,0.7646921577231125,,,,SUMO/TraCI,1
sumo_coupled_00000091,9.3,gnb_2,2,32,226.65,410.250123391977,3.39207025894468,180.0,160.2476743782113,0.8128050774987534,,,,SUMO/TraCI,2
sumo_coupled_00000092,9.4,gnb_2,0,92,226.65,354.284787747283,13.0510984409649,180.0,119.29984153660426,0.6226729791966282,,,,SUMO/TraCI,0
sumo_coupled_00000092,9.4,gnb_2,1,64,226.65,389.98812297742,7.88540420415133,180.0,144.26229478313473,0.7624176722182461,,,,SUMO/TraCI,1
sumo_coupled_00000092,9.4,gnb_2,2,33,226.65,409.900371967168,3.49751424809304,180.0,159.9635243960591,0.8120624527223047,,,,SUMO/TraCI,2
sumo_coupled_00000093,9.5,gnb_2,0,93,226.65,352.965736992532,13.1905075475064,180.0,118.48299994034315,0.6158329636257578,,,,SUMO/TraCI,0
sumo_coupled_00000093,9.5,gnb_2,1,65,226.65,389.18799502894,8.00127948480096,180.0,143.65319613026307,0.7600805131403383,,,,SUMO/TraCI,1
sumo_coupled_00000093,9.5,gnb_2,2,34,226.65,409.538869562038,3.61502405129691,180.0,159.67010123191722,0.8112907085459018,,,,SUMO/TraCI,2
sumo_coupled_00000094,9.6,gnb_2,0,94,226.65,351.632609927442,13.3312706509002,180.0,117.66670431781907,0.6087755269660781,,,,SUMO/TraCI,0
sumo_coupled_00000094,9.6,gnb_2,1,66,226.65,388.377266218733,8.10728810206774,180.0,143.03794717852364,0.7576819183756102,,,,SUMO/TraCI,1
sumo_coupled_00000094,9.6,gnb_2,2,35,226.65,409.166849342067,3.72020219971092,180.0,159.3684331006496,0.8104920581134866,,,,SUMO/TraCI,2
sumo_coupled_00000094,9.6,gnb_2,3,0,226.65,416.140334187142,0.0966581285825232,0.0,165.0709335182506,0.0,,,,SUMO/TraCI,3
sumo_coupled_00000095,9.7,gnb_2,0,95,226.65,350.286505676548,13.4610425089442,180.0,116.85210901057548,0.601499675715625,,,,SUMO/TraCI,0
sumo_coupled_00000095,9.7,gnb_2,1,67,226.65,387.555267465597,8.21998753136277,180.0,142.41614395705324,0.7552182251053727,,,,SUMO/TraCI,1
sumo_coupled_00000095,9.7,gnb_2,2,36,226.65,408.78423066134,3.82618680727241,180.0,159.05848159413955,0.809665912629239,,,,SUMO/TraCI,2
sumo_coupled_00000095,9.7,gnb_2,3,1,226.65,416.12125239607,0.190817910712636,180.0,165.05519638555643,0.8247014052081165,,,,SUMO/TraCI,3
sumo_coupled_00000096,9.8,gnb_2,0,96,226.65,348.924674263219,13.6183141332914,180.0,116.03806798758261,0.5939832975381383,,,,SUMO/TraCI,0
sumo_coupled_00000096,9.8,gnb_2,1,68,226.65,386.720666492421,8.34600973175393,180.0,141.78689345841013,0.7526835794856104,,,,SUMO/TraCI,1
sumo_coupled_00000096,9.8,gnb_2,2,37,226.65,408.391172614391,3.93058046948855,180.0,158.74040350615954,0.8088121850427895,,,,SUMO/TraCI,2
sumo_coupled_00000096,9.8,gnb_2,3,2,226.65,416.09298176406,0.282706320108418,180.0,165.0318823301509,0.8246466067193138,,,,SUMO/TraCI,3
sumo_coupled_00000097,9.9,gnb_2,0,97,226.65,347.548706213745,13.7596804947362,180.0,115.22608303309988,0.5862275661521961,,,,SUMO/TraCI,0
sumo_coupled_00000097,9.9,gnb_2,1,69,226.65,385.872127366753,8.48539125668022,180.0,141.1493175795121,0.7500718330225946,,,,SUMO/TraCI,1
sumo_coupled_00000097,9.9,gnb_2,2,38,226.65,407.98639343468,4.04779179711027,180.0,158.41319201511186,0.8079276214727793,,,,SUMO/TraCI,2
sumo_coupled_00000097,9.9,gnb_2,3,3,226.65,416.054935418295,0.380463457641869,180.0,165.00050894368906,0.8245728227706707,,,,SUMO/TraCI,3
sumo_coupled_00000098,10,gnb_2,0,98,226.65,346.158256296435,13.9044991731041,180.0,114.41650832019295,0.5782229965565117,,,,SUMO/TraCI,0
sumo_coupled_00000098,10,gnb_2,1,70,226.65,385.01029024494,8.6183712181288,180.0,140.50403395392794,0.7473827426148736,,,,SUMO/TraCI,1
sumo_coupled_00000098,10,gnb_2,2,39,226.65,407.570706988283,4.15686446397138,180.0,158.0775372451455,0.8070135024336018,,,,SUMO/TraCI,2
sumo_coupled_00000098,10,gnb_2,3,4,226.65,416.007293937316,0.476414809794474,180.0,164.9612272752342,0.8244803714414103,,,,SUMO/TraCI,3
sumo_coupled_00000099,10.1,gnb_2,0,99,226.65,344.752975086872,14.0528120956246,180.0,113.60972794000111,0.5699597759891564,,,,SUMO/TraCI,0
sumo_coupled_00000099,10.1,gnb_2,1,71,226.65,384.134722868068,8.75567376872778,180.0,139.85085987154076,0.7446126749861989,,,,SUMO/TraCI,1
sumo_coupled_00000099,10.1,gnb_2,2,40,226.65,407.144019535455,4.26687452828271,180.0,157.73339596810868,0.8060691190669705,,,,SUMO/TraCI,2
sumo_coupled_00000099,10.1,gnb_2,3,5,226.65,415.951128896438,0.561650408782757,180.0,164.91492336418767,0.8243712947445763,,,,SUMO/TraCI,3
sumo_coupled_00000100,10.2,gnb_2,0,100,226.65,343.331826768243,14.2114831862927,180.0,112.80577459422341,0.5614236238885426,,,,SUMO/TraCI,0
sumo_coupled_00000100,10.2,gnb_2,1,72,226.65,383.245516536963,8.89206331104526,180.0,139.19001108191745,0.7417595252305853,,,,SUMO/TraCI,1
sumo_coupled_00000100,10.2,gnb_2,2,41,226.65,406.707902032924,4.36117502530237,180.0,157.38206675979654,0.8050974589519858,,,,SUMO/TraCI,2
sumo_coupled_00000100,10.2,gnb_2,3,6,226.65,415.885924129892,0.652047665458613,180.0,164.86117455797395,0.8242445469300429,,,,SUMO/TraCI,3
sumo_coupled_00000101,10.3,gnb_2,0,101,226.65,341.895987599129,14.3583916911345,180.0,112.00596314871602,0.5526133239615693,,,,SUMO/TraCI,0
sumo_coupled_00000101,10.3,gnb_2,1,73,226.65,382.343084355315,9.02432181648232,180.0,138.52194560920347,0.7388221693336892,,,,SUMO/TraCI,1
sumo_coupled_00000101,10.3,gnb_2,2,42,226.65,406.261158817277,4.46743215647285,180.0,157.02261851682914,0.8040953590628397,,,,SUMO/TraCI,2
sumo_coupled_00000101,10.3,gnb_2,3,7,226.65,415.81319339596,0.727307339322586,180.0,164.8012317927522,0.8241030234941057,,,,SUMO/TraCI,3
sumo_coupled_00000102,10.4,gnb_2,0,102,226.65,340.444398935061,14.515886640684,180.0,111.21037659598495,0.5435140207702813,,,,SUMO/TraCI,0
sumo_coupled_00000102,10.4,gnb_2,1,74,226.65,381.428422685242,9.14661670072491,180.0,137.8475514052249,0.7358014099726514,,,,SUMO/TraCI,1
sumo_coupled_00000102,10.4,gnb_2,2,43,226.65,405.803014546551,4.58144270725773,180.0,156.6544636102008,0.803060517059912,,,,SUMO/TraCI,2
sumo_coupled_00000102,10.4,gnb_2,3,8,226.65,415.732225504438,0.809678915213062,180.0,164.73451229292425,0.8239452900014326,,,,SUMO/TraCI,3
sumo_coupled_00000103,10.5,gnb_2,0,103,226.65,338.978514716623,14.6588421843809,180.0,110.42050397538908,0.5341264764537603,,,,SUMO/TraCI,0
sumo_coupled_00000103,10.5,gnb_2,1,75,226.65,380.501803717111,9.26618968131623,180.0,137.16717920258003,0.7326957097271897,,,,SUMO/TraCI,1
sumo_coupled_00000103,10.5,gnb_2,2,44,226.65,405.334280279533,4.68734267017843,180.0,156.2782912409415,0.8019941815610161,,,,SUMO/TraCI,2
sumo_coupled_00000103,10.5,gnb_2,3,9,226.65,415.642829836901,0.893956675374658,180.0,164.66086294612475,0.8237709156260274,,,,SUMO/TraCI,3
sumo_coupled_00000104,10.6,gnb_2,0,104,226.65,337.498423437767,14.8009127885618,180.0,109.63708860521949,0.5244431803986234,,,,SUMO/TraCI,0
sumo_coupled_00000104,10.6,gnb_2,1,76,226.65,379.56176859739,9.40035119721221,180.0,136.4799189120518,0.7294975655836081,,,,SUMO/TraCI,1
sumo_coupled_00000104,10.6,gnb_2,2,45,226.65,404.854594790318,4.79685489215554,180.0,155.8938495908498,0.8008949366380029,,,,SUMO/TraCI,2
sumo_coupled_00000104,10.6,gnb_2,3,10,226.65,415.546213145209,0.966166916919399,180.0,164.58128204023208,0.8235821927312156,,,,SUMO/TraCI,3
sumo_coupled_00000105,10.7,gnb_2,0,105,226.65,336.003798469447,14.9462496831969,180.0,108.86068134549974,0.5144538668805805,,,,SUMO/TraCI,0
sumo_coupled_00000105,10.7,gnb_2,1,77,226.65,378.610559657732,9.512089396578,180.0,135.7875729807817,0.7262119610289266,,,,SUMO/TraCI,1
sumo_coupled_00000105,10.7,gnb_2,2,46,226.65,404.364776723792,4.8981806652587,180.0,155.50183339613275,0.7997640542731046,,,,SUMO/TraCI,2
sumo_coupled_00000105,10.7,gnb_2,3,11,226.65,415.4418915056,1.04321639609313,180.0,164.49537523776988,0.8233781120583207,,,,SUMO/TraCI,3
sumo_coupled_00000106,10.8,gnb_2,0,106,226.65,334.495944287954,15.0785418149319,180.0,108.09269375788442,0.5041593690875983,,,,SUMO/TraCI,0
sumo_coupled_00000106,10.8,gnb_2,1,78,226.65,377.645800282587,9.64759375144981,180.0,135.08858135618593,0.7228279348431816,,,,SUMO/TraCI,1
sumo_coupled_00000106,10.8,gnb_2,2,47,226.65,403.863795982034,5.00980741757566,180.0,155.10145858462755,0.7985985245551418,,,,SUMO/TraCI,2
sumo_coupled_00000106,10.8,gnb_2,3,12,226.65,415.32958395081,1.12307554789259,180.0,164.40291600911257,0.8231580511826743,,,,SUMO/TraCI,3
sumo_coupled_00000107,10.9,gnb_2,0,107,226.65,332.974775941282,15.2116834667188,180.0,107.33382219053335,0.49355156520228993,,,,SUMO/TraCI,0
sumo_coupled_00000107,10.9,gnb_2,1,79,226.65,376.668027231124,9.77773051462972,180.0,134.38351829282237,0.7193443694522407,,,,SUMO/TraCI,1
sumo_coupled_00000107,10.9,gnb_2,2,48,226.65,403.351975868037,5.11820113997852,180.0,154.69302650911186,0.7973984261066301,,,,SUMO/TraCI,2
sumo_coupled_00000107,10.9,gnb_2,3,13,226.65,415.208187443507,1.21396507303369,180.0,164.30300195601575,0.822919763083224,,,,SUMO/TraCI,3
sumo_coupled_00000108,11,gnb_2,0,108,226.65,331.441430317366,15.3334562391557,180.0,106.58538010954607,0.48263120387144687,,,,SUMO/TraCI,0
sumo_coupled_00000108,11,gnb_2,1,80,226.65,375.678395781051,9.89631450072534,180.0,133.6734001932899,0.7157624152800883,,,,SUMO/TraCI,1
sumo_coupled_00000108,11,gnb_2,2,49,226.65,402.82951469881,5.22461169226413,180.0,154.27673895031998,0.7961635404956505,,,,SUMO/TraCI,2
sumo_coupled_00000108,11,gnb_2,3,14,226.65,415.07897660839,1.29210835116705,180.0,164.19668821742408,0.8226656583324182,,,,SUMO/TraCI,3
sumo_coupled_00000109,11.1,gnb_2,0,109,226.65,329.894020268783,15.4741004858308,180.0,105.84722839348098,0.4713776735211699,,,,SUMO/TraCI,0
sumo_coupled_00000109,11.1,gnb_2,1,81,226.65,374.676083066669,10.0231271438186,180.0,132.95782491018272,0.7120760521663596,,,,SUMO/TraCI,1
sumo_coupled_00000109,11.1,gnb_2,2,50,226.65,402.297461077849,5.32053620961068,180.0,153.853474078709,0.7948956746682465,,,,SUMO/TraCI,2
sumo_coupled_00000109,11.1,gnb_2,3,15,226.65,414.941226623642,1.37749984748102,180.0,164.08338472463663,0.8223942165143611,,,,SUMO/TraCI,3
sumo_coupled_00000110,11.2,gnb_2,0,110,226.65,328.344219209618,15.4980105916538,180.0,105.12557267852384,0.4598711614866121,,,,SUMO/TraCI,0
sumo_coupled_00000110,11.2,gnb_2,1,82,226.65,373.661090862354,10.149922043154,180.0,132.23699346826564,0.7082820654481295,,,,SUMO/TraCI,1
sumo_coupled_00000110,11.2,gnb_2,2,51,226.65,401.755940063498,5.41521014350878,180.0,153.42337318917907,0.7935944669484388,,,,SUMO/TraCI,2
sumo_coupled_00000110,11.2,gnb_2,3,16,226.65,414.794101009994,1.47125613648467,180.0,163.96241083581464,0.8221036780495464,,,,SUMO/TraCI,3
sumo_coupled_00000111,11.3,gnb_2,0,111,226.65,326.793276111231,15.5094309838709,180.0,104.42142112240143,0.44811951042478687,,,,SUMO/TraCI,0
sumo_coupled_00000111,11.3,gnb_2,1,83,226.65,372.632222635957,10.2886822639664,180.0,131.51027020912667,0.7043725367505819,,,,SUMO/TraCI,1
sumo_coupled_00000111,11.3,gnb_2,2,52,226.65,401.204084517871,5.51855545626806,180.0,152.9857921632438,0.7922571292668799,,,,SUMO/TraCI,2
sumo_coupled_00000111,11.3,gnb_2,3,17,226.65,414.638545569472,1.55555440521938,180.0,163.834552073312,0.8217957925579977,,,,SUMO/TraCI,3
sumo_coupled_00000112,11.4,gnb_2,0,112,226.65,325.243375972849,15.4990013838221,180.0,103.73613434777954,0.43613901999826554,,,,SUMO/TraCI,0
sumo_coupled_00000112,11.4,gnb_2,1,84,226.65,371.592242998528,10.3997963742891,180.0,130.77982060509717,0.7003545545080688,,,,SUMO/TraCI,1
sumo_coupled_00000112,11.4,gnb_2,2,53,226.65,400.643500570668,5.60583947203347,180.0,152.5420490551532,0.7908868493502933,,,,SUMO/TraCI,2
sumo_coupled_00000112,11.4,gnb_2,3,18,226.65,414.4742059669,1.64339602571935,180.0,163.69952526024088,0.8214697370265429,,,,SUMO/TraCI,3
sumo_coupled_00000113,11.5,gnb_2,0,113,226.65,323.692734003662,15.506419691866,180.0,103.06928497236585,0.42391614548773243,,,,SUMO/TraCI,0
sumo_coupled_00000113,11.5,gnb_2,1,85,226.65,370.538752950865,10.5349004766335,180.0,130.0441782083987,0.6962153492621147,,,,SUMO/TraCI,1
sumo_coupled_00000113,11.5,gnb_2,2,54,226.65,400.072997613947,5.70502956721318,180.0,152.09124648052207,0.7894800022519668,,,,SUMO/TraCI,2
sumo_coupled_00000113,11.5,gnb_2,3,19,226.65,414.301064958849,1.73141008051251,180.0,163.5573249630874,0.8211253454356683,,,,SUMO/TraCI,3
sumo_coupled_00000114,11.6,gnb_2,0,114,226.65,322.143110546918,15.4962345674389,180.0,102.42199112773463,0.41146544880541946,,,,SUMO/TraCI,0
sumo_coupled_00000114,11.6,gnb_2,1,86,226.65,369.474646033172,10.6410691769295,180.0,129.3055868196012,0.691962723606067,,,,SUMO/TraCI,1
sumo_coupled_00000114,11.6,gnb_2,2,55,226.65,399.491517706721,5.81479907226135,180.0,151.63259973981724,0.7880331664282858,,,,SUMO/TraCI,2
sumo_coupled_00000114,11.6,gnb_2,3,20,226.65,414.118743961547,1.82320997301628,180.0,163.40764970411576,0.8207617220148351,,,,SUMO/TraCI,3
sumo_coupled_00000115,11.7,gnb_2,0,115,226.65,320.593564322696,15.4954622422193,180.0,101.79420398245107,0.39878070395534687,,,,SUMO/TraCI,0
sumo_coupled_00000115,11.7,gnb_2,1,87,226.65,368.397937763822,10.7670826934979,180.0,128.56289472820896,0.6875851539489792,,,,SUMO/TraCI,1
sumo_coupled_00000115,11.7,gnb_2,2,56,226.65,398.901478417762,5.90039288958201,180.0,151.16806564195204,0.786551563736915,,,,SUMO/TraCI,2
sumo_coupled_00000115,11.7,gnb_2,3,21,226.65,413.92977085643,1.88973105117119,180.0,163.25258350683413,0.8203837757386757,,,,SUMO/TraCI,3
sumo_coupled_00000116,11.8,gnb_2,0,116,226.65,319.042920804185,15.5064351851155,180.0,101.18582986229771,0.3858536403498188,,,,SUMO/TraCI,0
sumo_coupled_00000116,11.8,gnb_2,1,88,226.65,367.309567278165,10.8837048565773,180.0,127.81699041324833,0.6830826402333698,,,,SUMO/TraCI,1
sumo_coupled_00000116,11.8,gnb_2,2,57,226.65,398.30269015265,5.98788265112174,180.0,150.69754144429135,0.7850339761274948,,,,SUMO/TraCI,2
sumo_coupled_00000116,11.8,gnb_2,3,22,226.65,413.73222750543,1.97543350999732,180.0,163.090561264483,0.8199875361797133,,,,SUMO/TraCI,3
sumo_coupled_00000117,11.9,gnb_2,0,117,226.65,317.493601555309,15.4931924887595,180.0,100.59817422591857,0.37270658084815395,,,,SUMO/TraCI,0
sumo_coupled_00000117,11.9,gnb_2,1,89,226.65,366.209620440328,10.9994683783608,180.0,127.0681752307218,0.6784517073908901,,,,SUMO/TraCI,1
sumo_coupled_00000117,11.9,gnb_2,2,58,226.65,397.692968372443,6.09721780207512,180.0,150.2193639459203,0.7834740161382459,,,,SUMO/TraCI,2
sumo_coupled_00000117,11.9,gnb_2,3,23,226.65,413.52716163578,2.05065869650361,180.0,162.9224520884329,0.8195749568224188,,,,SUMO/TraCI,3
sumo_coupled_00000118,12,gnb_2,0,118,226.65,315.944351966608,15.4924958870035,180.0,100.03108985860044,0.35933180391633596,,,,SUMO/TraCI,0
sumo_coupled_00000118,12,gnb_2,1,90,226.65,365.096401351196,11.1321908913275,180.0,126.31555732736895,0.6736810821382336,,,,SUMO/TraCI,1
sumo_coupled_00000118,12,gnb_2,2,59,226.65,397.073918371017,6.19050001425894,180.0,149.7348485247958,0.7818748910119595,,,,SUMO/TraCI,2
sumo_coupled_00000118,12,gnb_2,3,24,226.65,413.313018933011,2.14142702768463,180.0,162.74699234404716,0.8191427504306025,,,,SUMO/TraCI,3
sumo_coupled_00000119,12.1,gnb_2,0,119,226.65,314.393737478441,15.506144881671,180.0,99.484429323065,0.345719804721913,,,,SUMO/TraCI,0
sumo_coupled_00000119,12.1,gnb_2,1,91,226.65,363.972049068426,11.2435228276953,180.0,125.5608518796768,0.6687757195920844,,,,SUMO/TraCI,1
sumo_coupled_00000119,12.1,gnb_2,2,60,226.65,396.444116447439,6.29801923578085,180.0,149.24293871143362,0.7802319992679033,,,,SUMO/TraCI,2
sumo_coupled_00000119,12.1,gnb_2,3,25,226.65,413.089525557356,2.23493375655752,180.0,162.56396991056204,0.818690178583717,,,,SUMO/TraCI,3
sumo_coupled_00000120,12.2,gnb_2,0,120,226.65,312.843989382753,15.4974809568875,180.0,98.95933578280723,0.3318937937784663,,,,SUMO/TraCI,0
sumo_coupled_00000120,12.2,gnb_2,1,92,226.65,362.836326223641,11.3572284478545,180.0,124.80416436253026,0.6637304664211252,,,,SUMO/TraCI,1
sumo_coupled_00000120,12.2,gnb_2,2,61,226.65,395.804719936412,6.39396511026697,180.0,148.7445987575711,0.7785473953589025,,,,SUMO/TraCI,2
sumo_coupled_00000120,12.2,gnb_2,3,26,226.65,412.856396258801,2.33129298554756,180.0,162.37316442958038,0.8182164628344082,,,,SUMO/TraCI,3
sumo_coupled_00000121,12.3,gnb_2,0,121,226.65,311.293457564224,15.50531818529,180.0,98.45558890344361,0.3178433841365148,,,,SUMO/TraCI,0
sumo_coupled_00000121,12.3,gnb_2,1,93,226.65,361.689333387897,11.4699283574396,180.0,124.04583704969299,0.6585415144175464,,,,SUMO/TraCI,1
sumo_coupled_00000121,12.3,gnb_2,2,62,226.65,395.155857830169,6.48862106242628,180.0,148.23998816986628,0.7768204736917099,,,,SUMO/TraCI,2
sumo_coupled_00000121,12.3,gnb_2,3,27,226.65,412.614500456078,2.41895802722568,180.0,162.17530092839388,0.8177231655924722,,,,SUMO/TraCI,3
sumo_coupled_00000122,12.4,gnb_2,0,122,226.65,309.745342017986,15.4811554623802,180.0,97.97452664732278,0.30360281428110175,,,,SUMO/TraCI,0
sumo_coupled_00000122,12.4,gnb_2,1,94,226.65,360.531401492512,11.5793189538435,180.0,123.28637039976543,0.65320603754805,,,,SUMO/TraCI,1
sumo_coupled_00000122,12.4,gnb_2,2,63,226.65,394.496231929369,6.59625900799913,180.0,147.72816124904506,0.7750467545341435,,,,SUMO/TraCI,2
sumo_coupled_00000122,12.4,gnb_2,3,28,226.65,412.364657546641,2.49842909437511,180.0,161.97106243844777,0.8172117633478031,,,,SUMO/TraCI,3
sumo_coupled_00000123,12.5,gnb_2,0,123,226.65,308.197090257907,15.4825176007894,180.0,97.51563156239389,0.28915456738713247,,,,SUMO/TraCI,0
sumo_coupled_00000123,12.5,gnb_2,1,95,226.65,359.359729012374,11.7167248013851,180.0,122.52423878122006,0.6477063624453863,,,,SUMO/TraCI,1
sumo_coupled_00000123,12.5,gnb_2,2,64,226.65,393.826441546061,6.69790383308326,180.0,147.20965082167282,0.7732267613619188,,,,SUMO/TraCI,2
sumo_coupled_00000123,12.5,gnb_2,3,29,226.65,412.106500898435,2.58156648205267,180.0,161.76016221439755,0.8166813082404093,,,,SUMO/TraCI,3
sumo_coupled_00000124,12.6,gnb_2,0,124,226.65,306.647610165554,15.494800923526,180.0,97.07892473413236,0.27449428636064055,,,,SUMO/TraCI,0
sumo_coupled_00000124,12.6,gnb_2,1,96,226.65,358.175875427104,11.8385358527002,180.0,121.76079007132832,0.6420447451212171,,,,SUMO/TraCI,1
sumo_coupled_00000124,12.6,gnb_2,2,65,226.65,393.147558955412,6.78882590648943,180.0,146.68535236201478,0.7713623557733799,,,,SUMO/TraCI,2
sumo_coupled_00000124,12.6,gnb_2,3,30,226.65,411.839112568337,2.67388330098148,180.0,161.54186486111465,0.8161296929541172,,,,SUMO/TraCI,3
sumo_coupled_00000125,12.7,gnb_2,0,125,226.65,305.098246475309,15.4936369024531,180.0,96.66511509399531,0.2596411999396467,,,,SUMO/TraCI,0
sumo_coupled_00000125,12.7,gnb_2,1,97,226.65,356.978243286401,11.976321407034,180.0,120.99534056921505,0.6362083277278416,,,,SUMO/TraCI,1
sumo_coupled_00000125,12.7,gnb_2,2,66,226.65,392.457445959221,6.90112996191198,180.0,146.15368504307753,0.7694465310681365,,,,SUMO/TraCI,2
sumo_coupled_00000125,12.7,gnb_2,3,31,226.65,411.563272402952,2.75840165385301,180.0,161.31682226405698,0.8155582942713696,,,,SUMO/TraCI,3
sumo_coupled_00000126,12.8,gnb_2,0,126,226.65,303.546590053417,15.5165642189176,180.0,96.27390302228156,0.24457915711558287,,,,SUMO/TraCI,0
sumo_coupled_00000126,12.8,gnb_2,1,98,226.65,355.76715789606,12.1108539034021,180.0,120.2284688235132,0.6301931533976429,,,,SUMO/TraCI,1
sumo_coupled_00000126,12.8,gnb_2,2,67,226.65,391.75789621928,6.99549739940876,180.0,145.61610442310067,0.7674830793066499,,,,SUMO/TraCI,2
sumo_coupled_00000126,12.8,gnb_2,3,32,226.65,411.279968161515,2.83304241436789,180.0,161.08585456360962,0.8149689401168067,,,,SUMO/TraCI,3
sumo_coupled_00000127,12.9,gnb_2,0,127,226.65,301.995349619442,15.5124043397453,180.0,95.90629752462289,0.2293420785407227,,,,SUMO/TraCI,0
sumo_coupled_00000127,12.9,gnb_2,1,99,226.65,354.545554837719,12.216030583411,180.0,119.46238841603399,0.624008575637298,,,,SUMO/TraCI,1
sumo_coupled_00000127,12.9,gnb_2,2,68,226.65,391.048353386555,7.09542832724789,180.0,145.07225541041677,0.7654692695884101,,,,SUMO/TraCI,2
sumo_coupled_00000127,12.9,gnb_2,3,33,226.65,410.988624125751,2.91344035764597,180.0,160.84850683284964,0.8143602120091273,,,,SUMO/TraCI,3
sumo_coupled_00000128,13,gnb_2,0,128,226.65,300.447523066238,15.4782655320444,180.0,95.56319217954334,0.21396860653023542,,,,SUMO/TraCI,0
sumo_coupled_00000128,13,gnb_2,1,100,226.65,353.313201234651,12.3235360306806,180.0,118.6972955684856,0.6176484551187685,,,,SUMO/TraCI,1
sumo_coupled_00000128,13,gnb_2,2,69,226.65,390.328163395468,7.20189991086946,180.0,144.52171510958857,0.7634019795005051,,,,SUMO/TraCI,2
sumo_coupled_00000128,13,gnb_2,3,34,226.65,410.689459137675,2.99164988075522,180.0,160.60497261821632,0.8137323334835013,,,,SUMO/TraCI,3
sumo_coupled_00000129,13.1,gnb_2,0,129,226.65,298.897912798032,15.4961026820575,180.0,95.24365389946996,0.19841650361271118,,,,SUMO/TraCI,0
sumo_coupled_00000129,13.1,gnb_2,1,101,226.65,352.068249969508,12.4495126514349,180.0,117.93241773858232,0.6110978758127368,,,,SUMO/TraCI,1
sumo_coupled_00000129,13.1,gnb_2,2,70,226.65,389.597638509173,7.30524886295052,180.0,143.96480426405392,0.7612807801839805,,,,SUMO/TraCI,2
sumo_coupled_00000129,13.1,gnb_2,3,35,226.65,410.381637834464,3.07821303211292,180.0,160.35458828607725,0.8130833001289578,,,,SUMO/TraCI,3
sumo_coupled_00000130,13.2,gnb_2,0,130,226.65,297.350079739659,15.4783305837341,180.0,94.94865858437667,0.18273117280788923,,,,SUMO/TraCI,0
sumo_coupled_00000130,13.2,gnb_2,1,102,226.65,350.812397976013,12.5585199349515,180.0,117.16918625267162,0.6043602438554821,,,,SUMO/TraCI,1
sumo_coupled_00000130,13.2,gnb_2,2,71,226.65,388.856364008223,7.41274500950372,180.0,143.401291783201,0.7591030921311073,,,,SUMO/TraCI,2
sumo_coupled_00000130,13.2,gnb_2,3,36,226.65,410.064833738658,3.16804095805878,180.0,160.09710639316611,0.8124121457838539,,,,SUMO/TraCI,3
sumo_coupled_00000131,13.3,gnb_2,0,131,226.65,295.798956980761,15.5112275889736,180.0,94.67750282765138,0.16687128947117472,,,,SUMO/TraCI,0
sumo_coupled_00000131,13.3,gnb_2,1,103,226.65,349.542605897533,12.6979207847922,180.0,116.4061705195201,0.5974133981657909,,,,SUMO/TraCI,1
sumo_coupled_00000131,13.3,gnb_2,2,72,226.65,388.106630141207,7.49733867015915,180.0,142.83300032026116,0.7568743210519246,,,,SUMO/TraCI,2
sumo_coupled_00000131,13.3,gnb_2,3,37,226.65,409.740241902316,3.24591836341912,180.0,159.83351609994526,0.8117211275086277,,,,SUMO/TraCI,3
sumo_coupled_00000132,13.4,gnb_2,0,132,226.65,294.24744854187,15.5150843889114,180.0,94.43099221099624,0.15087682770541674,,,,SUMO/TraCI,0
sumo_coupled_00000132,13.4,gnb_2,1,104,226.65,348.261719826931,12.8088607060248,180.0,115.645513936903,0.5902669070602695,,,,SUMO/TraCI,1
sumo_coupled_00000132,13.4,gnb_2,2,73,226.65,387.347164419358,7.59465721849298,180.0,142.25904614075228,0.7545893729186673,,,,SUMO/TraCI,2
sumo_coupled_00000132,13.4,gnb_2,3,38,226.65,409.408848791669,3.31393110646656,180.0,159.56463469574032,0.8110120957468256,,,,SUMO/TraCI,3
sumo_coupled_00000133,13.5,gnb_2,0,133,226.65,292.69713838988,15.5031015198991,180.0,94.20955271782032,0.13477548744882517,,,,SUMO/TraCI,0
sumo_coupled_00000133,13.5,gnb_2,1,105,226.65,346.966896916985,12.9482290994541,180.0,114.88597731094117,0.5828987878628368,,,,SUMO/TraCI,1
sumo_coupled_00000133,13.5,gnb_2,2,74,226.65,386.578160926504,7.69003492853922,180.0,141.67966292476765,0.7522474201755924,,,,SUMO/TraCI,2
sumo_coupled_00000133,13.5,gnb_2,3,39,226.65,409.070382956441,3.38465835228352,180.0,159.29025788328153,0.8102842237283345,,,,SUMO/TraCI,3
sumo_coupled_00000134,13.6,gnb_2,0,134,226.65,291.148741754091,15.4839663578884,180.0,94.01338703982222,0.11858674711260678,,,,SUMO/TraCI,0
sumo_coupled_00000134,13.6,gnb_2,1,106,226.65,345.659501065723,13.0739585126252,180.0,114.12884201725558,0.5753103238863644,,,,SUMO/TraCI,1
sumo_coupled_00000134,13.6,gnb_2,2,75,226.65,385.799837001055,7.7832392544862,180.0,141.09510271249601,0.7498476911465821,,,,SUMO/TraCI,2
sumo_coupled_00000134,13.6,gnb_2,3,40,226.65,408.723660031248,3.46722925192816,180.0,159.00944359326687,0.8095346862574565,,,,SUMO/TraCI,3
sumo_coupled_00000135,13.7,gnb_2,0,135,226.65,289.600897622158,15.4784413193387,180.0,93.84241970000112,0.10230871766574771,,,,SUMO/TraCI,0
sumo_coupled_00000135,13.7,gnb_2,1,107,226.65,344.33978174497,13.1971932075303,180.0,113.37473270085525,0.5674966565498653,,,,SUMO/TraCI,1
sumo_coupled_00000135,13.7,gnb_2,2,76,226.65,385.011678756086,7.88158244968803,180.0,140.5050717062249,0.7473871048274308,,,,SUMO/TraCI,2
sumo_coupled_00000135,13.7,gnb_2,3,41,226.65,408.367083624761,3.5657640648717,180.0,158.72092066998093,0.8087596964716902,,,,SUMO/TraCI,3
sumo_coupled_00000136,13.8,gnb_2,0,136,226.65,288.051392968521,15.4950465363671,180.0,93.69657106177124,0.08593049753350049,,,,SUMO/TraCI,0
sumo_coupled_00000136,13.8,gnb_2,1,108,226.65,343.008979346401,13.3080239856839,180.0,112.62483730632061,0.5594590043671024,,,,SUMO/TraCI,1
sumo_coupled_00000136,13.8,gnb_2,2,77,226.65,384.214817573859,7.96861182227118,180.0,139.9105096193732,0.7448676861900914,,,,SUMO/TraCI,2
sumo_coupled_00000136,13.8,gnb_2,3,42,226.65,408.000593690535,3.66489934225706,180.0,158.42466501504566,0.8079587460600202,,,,SUMO/TraCI,3
sumo_coupled_00000136,13.8,gnb_2,4,0,226.65,415.142201405309,0.0779859469048679,0.0,164.24870501977512,0.0,,,,SUMO/TraCI,4
sumo_coupled_00000137,13.9,gnb_2,0,137,226.65,286.502303835859,15.4908913266227,180.0,93.57618529932616,0.06948673762517443,,,,SUMO/TraCI,0
sumo_coupled_00000137,13.9,gnb_2,1,109,226.65,341.666776612616,13.4220273378552,180.0,111.8794611972648,0.5511894314889997,,,,SUMO/TraCI,1
sumo_coupled_00000137,13.9,gnb_2,2,78,226.65,383.40613963288,8.08677940979359,180.0,139.30919644364718,0.7422779132511145,,,,SUMO/TraCI,2
sumo_coupled_00000137,13.9,gnb_2,3,43,226.65,407.625450032461,3.75143658074573,180.0,158.12171892560553,0.8071342184972535,,,,SUMO/TraCI,3
sumo_coupled_00000137,13.9,gnb_2,4,1,226.65,415.126691471122,0.155099341879316,180.0,164.23594383670036,0.8227595513773669,,,,SUMO/TraCI,4
sumo_coupled_00000138,14,gnb_2,0,138,226.65,284.953328526889,15.4897530896996,180.0,93.48132414282166,0.05298735947857605,,,,SUMO/TraCI,0
sumo_coupled_00000138,14,gnb_2,1,110,226.65,340.312475459379,13.5430115323702,180.0,111.13872950523681,0.5426773882324893,,,,SUMO/TraCI,1
sumo_coupled_00000138,14,gnb_2,2,79,226.65,382.585674305846,8.20465327034184,180.0,138.70127278718502,0.739615954809927,,,,SUMO/TraCI,2
sumo_coupled_00000138,14,gnb_2,3,44,226.65,407.240608741143,3.8484129131739,180.0,157.81126389715226,0.8062834400975801,,,,SUMO/TraCI,3
sumo_coupled_00000138,14,gnb_2,4,2,226.65,415.103958201161,0.227332699604831,180.0,164.21724033006112,0.8227148253716529,,,,SUMO/TraCI,4
sumo_coupled_00000139,14.1,gnb_2,0,139,226.65,283.405304281605,15.4802424528391,180.0,93.4120902091925,0.0364546417276285,,,,SUMO/TraCI,0
sumo_coupled_00000139,14.1,gnb_2,1,111,226.65,338.945862605639,13.6661285374002,180.0,110.40306706936572,0.5339150819841225,,,,SUMO/TraCI,1
sumo_coupled_00000139,14.1,gnb_2,2,80,226.65,381.754274823775,8.31399482071066,180.0,138.0874901825373,0.7368826436722576,,,,SUMO/TraCI,2
sumo_coupled_00000139,14.1,gnb_2,3,45,226.65,406.847034124048,3.93574617095431,180.0,157.4941032739556,0.8054081485412943,,,,SUMO/TraCI,3
sumo_coupled_00000139,14.1,gnb_2,4,3,226.65,415.073539806905,0.304183942560664,180.0,164.19221557664525,0.8226549555502672,,,,SUMO/TraCI,4
sumo_coupled_00000140,14.2,gnb_2,0,140,226.65,281.854427807821,15.5087647378386,180.0,93.36841758589689,0.019861403414221865,,,,SUMO/TraCI,0
sumo_coupled_00000140,14.2,gnb_2,1,112,226.65,337.565732815545,13.8012979009401,180.0,109.67240352336003,0.5248880389795014,,,,SUMO/TraCI,1
sumo_coupled_00000140,14.2,gnb_2,2,81,226.65,380.913146424224,8.41128399550301,180.0,137.46885327679456,0.7340800771869002,,,,SUMO/TraCI,2
sumo_coupled_00000140,14.2,gnb_2,3,46,226.65,406.44656496786,4.00469156188215,180.0,157.17174139192846,0.8045120824394814,,,,SUMO/TraCI,3
sumo_coupled_00000140,14.2,gnb_2,4,4,226.65,415.035908465449,0.376313414555936,180.0,164.16125936130337,0.8225808512363307,,,,SUMO/TraCI,4
sumo_coupled_00000141,14.3,gnb_2,0,141,226.65,280.303582964108,15.5084484371298,180.0,93.3504936388453,0.0032520766872695004,,,,SUMO/TraCI,0
sumo_coupled_00000141,14.3,gnb_2,1,113,226.65,336.174868255685,13.9086455986022,180.0,108.94878761851169,0.5156080162395512,,,,SUMO/TraCI,1
sumo_coupled_00000141,14.3,gnb_2,2,82,226.65,380.060135741485,8.53010682739263,180.0,136.84390108661913,0.7311990885012052,,,,SUMO/TraCI,2
sumo_coupled_00000141,14.3,gnb_2,3,47,226.65,406.036653148802,4.09911819057678,180.0,156.84215133997435,0.8035891631937787,,,,SUMO/TraCI,3
sumo_coupled_00000141,14.3,gnb_2,4,5,226.65,414.991251649261,0.446568161879501,180.0,164.12452748396296,0.8224928578237726,,,,SUMO/TraCI,4
sumo_coupled_00000142,14.4,gnb_2,0,142,226.65,278.754843928918,15.4873903519043,180.0,93.35830393511523,-0.013337389590404461,,,,SUMO/TraCI,0
sumo_coupled_00000142,14.4,gnb_2,1,114,226.65,334.770088215991,14.047800396936,180.0,108.2311649350012,0.506047294685255,,,,SUMO/TraCI,1
sumo_coupled_00000142,14.4,gnb_2,2,83,226.65,379.196147186713,8.63988554772307,180.0,136.21342854758495,0.7282405871757329,,,,SUMO/TraCI,2
sumo_coupled_00000142,14.4,gnb_2,3,48,226.65,405.617509887218,4.19143261583778,180.0,156.5055311810586,0.8026394271132388,,,,SUMO/TraCI,3
sumo_coupled_00000142,14.4,gnb_2,4,6,226.65,414.940208777333,0.510428719283619,180.0,164.08254765474058,0.8223922087147968,,,,SUMO/TraCI,4
sumo_coupled_00000143,14.5,gnb_2,0,143,226.65,277.206666148706,15.4817778021131,180.0,93.39178343946958,-0.029909845903140393,,,,SUMO/TraCI,0
sumo_coupled_00000143,14.5,gnb_2,1,115,226.65,333.353468940777,14.1661927521394,180.0,107.52123115001268,0.4962133373113885,,,,SUMO/TraCI,1
sumo_coupled_00000143,14.5,gnb_2,2,84,226.65,378.320786478289,8.75360708424208,180.0,135.57728258712555,0.7252010410748972,,,,SUMO/TraCI,2
sumo_coupled_00000143,14.5,gnb_2,3,49,226.65,405.191037981324,4.26471905894367,180.0,156.1634351916008,0.8016667783192908,,,,SUMO/TraCI,3
sumo_coupled_00000143,14.5,gnb_2,4,7,226.65,414.883002633631,0.572061437025102,180.0,164.03550499652235,0.8222793146916004,,,,SUMO/TraCI,4
sumo_coupled_00000144,14.6,gnb_2,0,144,226.65,275.658058120433,15.4860802827344,180.0,93.4509227310546,-0.04646226867189761,,,,SUMO/TraCI,0
sumo_coupled_00000144,14.6,gnb_2,1,116,226.65,331.924803397125,14.2866554365228,180.0,106.81950995876214,0.4860984984594169,,,,SUMO/TraCI,1
sumo_coupled_00000144,14.6,gnb_2,2,85,226.65,377.434488879505,8.8629759878371,180.0,134.93591858067438,0.7220797094233414,,,,SUMO/TraCI,2
sumo_coupled_00000144,14.6,gnb_2,3,50,226.65,404.756109328947,4.34928652376541,180.0,155.81498424380172,0.8006682408268431,,,,SUMO/TraCI,3
sumo_coupled_00000144,14.6,gnb_2,4,8,226.65,414.819443346416,0.635592872142314,180.0,163.98324549854925,0.8221537690422692,,,,SUMO/TraCI,4
sumo_coupled_00000145,14.7,gnb_2,0,145,226.65,274.108582748203,15.4947537223005,180.0,93.53572203834624,-0.06298574623053364,,,,SUMO/TraCI,0
sumo_coupled_00000145,14.7,gnb_2,1,117,226.65,330.484640956798,14.4016244032644,180.0,106.12691210308913,0.47570064893397096,,,,SUMO/TraCI,1
sumo_coupled_00000145,14.7,gnb_2,2,86,226.65,376.538698309463,8.95790570041389,180.0,134.29051631178393,0.7188794932125206,,,,SUMO/TraCI,2
sumo_coupled_00000145,14.7,gnb_2,3,51,226.65,404.311230712543,4.44878616403811,180.0,155.45901254435879,0.7996399094396149,,,,SUMO/TraCI,3
sumo_coupled_00000145,14.7,gnb_2,4,9,226.65,414.748199288072,0.71244058344387,180.0,163.9246769445588,0.8220129012890803,,,,SUMO/TraCI,4
sumo_coupled_00000146,14.8,gnb_2,0,146,226.65,272.557101041412,15.5148170679097,180.0,93.64624522589119,-0.0794788829027198,,,,SUMO/TraCI,0
sumo_coupled_00000146,14.8,gnb_2,1,118,226.65,329.032717206227,14.5192375057135,180.0,105.4439654822685,0.4650120752000016,,,,SUMO/TraCI,1
sumo_coupled_00000146,14.8,gnb_2,2,87,226.65,375.632551586442,9.06146723021605,180.0,133.6405904765969,0.7155950991041836,,,,SUMO/TraCI,2
sumo_coupled_00000146,14.8,gnb_2,3,52,226.65,403.85777543612,4.5345527642304,180.0,155.09665062787246,0.7985844628798289,,,,SUMO/TraCI,3
sumo_coupled_00000146,14.8,gnb_2,4,10,226.65,414.669308619285,0.788906687867905,180.0,163.85983395572032,0.8218567379707987,,,,SUMO/TraCI,4
sumo_coupled_00000147,14.9,gnb_2,0,147,226.65,271.006041661191,15.5105938022059,180.0,93.78226797534933,-0.09590254674980866,,,,SUMO/TraCI,0
sumo_coupled_00000147,14.9,gnb_2,1,119,226.65,327.578030208576,14.5468699765105,180.0,104.77543346857684,0.45409528391829684,,,,SUMO/TraCI,1
sumo_coupled_00000147,14.9,gnb_2,2,88,226.65,374.717251331333,9.15300255109221,180.0,132.98714298669213,0.7122286350704686,,,,SUMO/TraCI,2
sumo_coupled_00000147,14.9,gnb_2,3,53,226.65,403.397778526753,4.59996909367176,180.0,154.72955194576625,0.7975062098674256,,,,SUMO/TraCI,3
sumo_coupled_00000147,14.9,gnb_2,4,11,226.65,414.582608930591,0.866996886943544,180.0,163.78858667979398,0.8216849028296425,,,,SUMO/TraCI,4
sumo_coupled_00000148,15,gnb_2,0,148,226.65,269.45615765724,15.4988400395156,180.0,93.94357408225949,-0.11223590805186452,,,,SUMO/TraCI,0
sumo_coupled_00000148,15,gnb_2,1,120,226.65,326.121167608178,14.5686260039795,180.0,104.12196983125916,0.4429532756912138,,,,SUMO/TraCI,1
sumo_coupled_00000148,15,gnb_2,2,89,226.65,373.793502484105,9.23748847227302,180.0,132.3308112581337,0.7087805295861508,,,,SUMO/TraCI,2
sumo_coupled_00000148,15,gnb_2,3,54,226.65,402.929753811264,4.68024715489265,180.0,154.35655759344328,0.796401239622396,,,,SUMO/TraCI,3
sumo_coupled_00000148,15,gnb_2,4,12,226.65,414.489397285809,0.932116447818543,180.0,163.71200469818993,0.8214999109793197,,,,SUMO/TraCI,4
sumo_coupled_00000149,15.1,gnb_2,0,149,226.65,267.906980363468,15.4917729377129,180.0,94.1300357161812,-0.12847142301097825,,,,SUMO/TraCI,0
sumo_coupled_00000149,15.1,gnb_2,1,121,226.65,324.665628093158,14.5553951502002,180.0,103.48546194010201,0.4316125884330565,,,,SUMO/TraCI,1
sumo_coupled_00000149,15.1,gnb_2,2,90,226.65,372.857843645874,9.3565883823134,180.0,131.66928885112728,0.7052354004194884,,,,SUMO/TraCI,2
sumo_coupled_00000149,15.1,gnb_2,3,55,226.65,402.452400778753,4.77353032510867,180.0,153.97666367498792,0.7952659698954383,,,,SUMO/TraCI,3
sumo_coupled_00000149,15.1,gnb_2,4,13,226.65,414.389075874725,1.00321411084112,180.0,163.62960066706327,0.8213005185300557,,,,SUMO/TraCI,4
sumo_coupled_00000150,15.2,gnb_2,0,150,226.65,266.357770024383,15.4921033908554,180.0,94.34157587568495,-0.14460464380617863,,,,SUMO/TraCI,0
sumo_coupled_00000150,15.2,gnb_2,1,122,226.65,323.211849410467,14.5377868269097,180.0,102.8663522706666,0.4200775905493957,,,,SUMO/TraCI,1
sumo_coupled_00000150,15.2,gnb_2,2,91,226.65,371.912189826902,9.45653818971888,180.0,131.00409588549692,0.7015978333016178,,,,SUMO/TraCI,2
sumo_coupled_00000150,15.2,gnb_2,3,56,226.65,401.968173773775,4.84227004978479,180.0,153.591854971902,0.7941057408030379,,,,SUMO/TraCI,3
sumo_coupled_00000150,15.2,gnb_2,4,14,226.65,414.282442132209,1.06633742516216,180.0,163.54203363352815,0.8210882496001897,,,,SUMO/TraCI,4
sumo_coupled_00000151,15.3,gnb_2,0,151,226.65,264.806144520033,15.516255043497,180.0,94.57841056153418,-0.16064824297381947,,,,SUMO/TraCI,0
sumo_coupled_00000151,15.3,gnb_2,1,123,226.65,321.755994112863,14.5585529760427,180.0,102.2633147534024,0.40831841030728694,,,,SUMO/TraCI,1
sumo_coupled_00000151,15.3,gnb_2,2,92,226.65,370.95745664482,9.54733182081897,180.0,130.3360326973869,0.6978688453407529,,,,SUMO/TraCI,2
sumo_coupled_00000151,15.3,gnb_2,3,57,226.65,401.475678323933,4.9249544984186,180.0,153.2010539267261,0.7929167274660727,,,,SUMO/TraCI,3
sumo_coupled_00000151,15.3,gnb_2,4,15,226.65,414.169450010203,1.12992122006145,180.0,163.44926985471778,0.8208629511129647,,,,SUMO/TraCI,4
sumo_coupled_00000152,15.4,gnb_2,0,152,226.65,263.25455335696,15.5159116307308,180.0,94.84003628887379,-0.17656516486386561,,,,SUMO/TraCI,0
sumo_coupled_00000152,15.4,gnb_2,1,124,226.65,320.302003200893,14.5399091197019,180.0,101.67828658078768,0.39636784367792594,,,,SUMO/TraCI,1
sumo_coupled_00000152,15.4,gnb_2,2,93,226.65,369.994021811083,9.63434833737314,180.0,129.6655176279865,0.69404744960243,,,,SUMO/TraCI,2
sumo_coupled_00000152,15.4,gnb_2,3,58,226.65,400.975997174286,4.99681149647128,180.0,152.8051517204602,0.7917010376430107,,,,SUMO/TraCI,3
sumo_coupled_00000152,15.4,gnb_2,4,16,226.65,414.050821600036,1.18628410166975,180.0,163.35190623817243,0.8206260011718841,,,,SUMO/TraCI,4
sumo_coupled_00000153,15.5,gnb_2,0,153,226.65,261.706210637248,15.4834271971171,180.0,95.12562866677276,-0.19231188922635753,,,,SUMO/TraCI,0
sumo_coupled_00000153,15.5,gnb_2,1,125,226.65,318.846712941202,14.5529025969065,180.0,101.11028437471704,0.3842014012860964,,,,SUMO/TraCI,1
sumo_coupled_00000153,15.5,gnb_2,2,94,226.65,369.020160446325,9.73861364758145,180.0,128.9915170307313,0.6901241453352052,,,,SUMO/TraCI,2
sumo_coupled_00000153,15.5,gnb_2,3,59,226.65,400.467591247445,5.08405926840286,180.0,152.40296270401532,0.7904543921590775,,,,SUMO/TraCI,3
sumo_coupled_00000153,15.5,gnb_2,4,17,226.65,413.926280039372,1.24541560663756,180.0,163.24971970935903,0.8203767839712502,,,,SUMO/TraCI,4
sumo_coupled_00000154,15.6,gnb_2,0,154,226.65,260.154729958311,15.5148067893681,180.0,95.43614222624235,-0.2079429195141134,,,,SUMO/TraCI,0
sumo_coupled_00000154,15.6,gnb_2,1,126,226.65,317.391562170953,14.5515077024947,180.0,100.56018805463842,0.3718326595673894,,,,SUMO/TraCI,1
sumo_coupled_00000154,15.6,gnb_2,2,95,226.65,368.036676667686,9.83483778639175,180.0,128.31476508450103,0.6860993480345764,,,,SUMO/TraCI,2
sumo_coupled_00000154,15.6,gnb_2,3,60,226.65,399.950400308428,5.17190939017012,180.0,151.99447698568565,0.7891760456514784,,,,SUMO/TraCI,3
sumo_coupled_00000154,15.6,gnb_2,4,18,226.65,413.795475257532,1.30804781839725,180.0,163.14242764955063,0.8201145292807621,,,,SUMO/TraCI,4
sumo_coupled_00000155,15.7,gnb_2,0,155,226.65,258.60674563199,15.4798432632104,180.0,95.77000486819648,-0.22338157335851105,,,,SUMO/TraCI,0
sumo_coupled_00000155,15.7,gnb_2,1,127,226.65,315.935026554213,14.5653561673912,180.0,100.02773931991061,0.3592506118656236,,,,SUMO/TraCI,1
sumo_coupled_00000155,15.7,gnb_2,2,96,226.65,367.042849328872,9.93827338814027,180.0,127.63494865940409,0.681967206028713,,,,SUMO/TraCI,2
sumo_coupled_00000155,15.7,gnb_2,3,61,226.65,399.4252148256,5.25185482828551,180.0,151.58035636632047,0.78786735754195,,,,SUMO/TraCI,3
sumo_coupled_00000155,15.7,gnb_2,4,19,226.65,413.658120831893,1.37354425638643,180.0,163.0298002339232,0.8198385855844373,,,,SUMO/TraCI,4
sumo_coupled_00000156,15.8,gnb_2,0,156,226.65,257.058246574601,15.4849905738921,180.0,96.12776160002794,-0.23865897887912865,,,,SUMO/TraCI,0
sumo_coupled_00000156,15.8,gnb_2,1,128,226.65,314.480882291993,14.5414426222017,180.0,99.51459060677622,0.3464907214283922,,,,SUMO/TraCI,1
sumo_coupled_00000156,15.8,gnb_2,2,97,226.65,366.038399233793,10.0445009507811,180.0,126.95207222693746,0.6777234725242778,,,,SUMO/TraCI,2
sumo_coupled_00000156,15.8,gnb_2,3,62,226.65,398.891076759327,5.34138066272623,180.0,151.15988433771767,0.7865253223778838,,,,SUMO/TraCI,3
sumo_coupled_00000156,15.8,gnb_2,4,20,226.65,413.515737333354,1.42383498539504,180.0,162.9130891477698,0.8195519342969981,,,,SUMO/TraCI,4
sumo_coupled_00000157,15.9,gnb_2,0,157,226.65,255.510388616142,15.4785795845964,180.0,96.50887817052059,-0.2537550104000541,,,,SUMO/TraCI,0
sumo_coupled_00000157,15.9,gnb_2,1,129,226.65,313.023887178287,14.5699511370661,180.0,99.01918816251842,0.3335099771176217,,,,SUMO/TraCI,1
sumo_coupled_00000157,15.9,gnb_2,2,98,226.65,365.025440280025,10.1295895376815,180.0,126.26776308627669,0.6733740917064359,,,,SUMO/TraCI,2
sumo_coupled_00000157,15.9,gnb_2,3,63,226.65,398.349562382654,5.41514376673637,180.0,150.73434053382036,0.7851532833428881,,,,SUMO/TraCI,3
sumo_coupled_00000157,15.9,gnb_2,4,21,226.65,413.365923934663,1.49813398690995,180.0,162.79033192099067,0.8192496591222097,,,,SUMO/TraCI,4
sumo_coupled_00000158,16,gnb_2,0,158,226.65,253.962470116009,15.4791850013227,180.0,96.91323677630277,-0.2686684579949733,,,,SUMO/TraCI,0
sumo_coupled_00000158,16,gnb_2,1,130,226.65,311.569063262856,14.5482391543074,180.0,98.54353482240326,0.32035651369468593,,,,SUMO/TraCI,1
sumo_coupled_00000158,16,gnb_2,2,99,226.65,364.003585343508,10.2185493651763,180.0,125.58194476342541,0.6689145123668547,,,,SUMO/TraCI,2
sumo_coupled_00000158,16,gnb_2,3,64,226.65,397.800267276005,5.49295106648955,180.0,150.30344463883125,0.7837496177088349,,,,SUMO/TraCI,3
sumo_coupled_00000158,16,gnb_2,4,22,226.65,413.209186915623,1.56737019039419,180.0,162.6619500028245,0.8189326816339647,,,,SUMO/TraCI,4
sumo_coupled_00000159,16.1,gnb_2,0,159,226.65,252.41239417454,15.5007594146893,180.0,97.3411449243379,-0.2834115609273295,,,,SUMO/TraCI,0
sumo_coupled_00000159,16.1,gnb_2,1,131,226.65,310.114286191168,14.5477707168767,180.0,98.0871690528561,0.3070155503717346,,,,SUMO/TraCI,1
sumo_coupled_00000159,16.1,gnb_2,2,100,226.65,362.970382982533,10.3320236097438,180.0,124.89318216887662,0.6643307628301366,,,,SUMO/TraCI,2
sumo_coupled_00000159,16.1,gnb_2,3,65,226.65,397.241091317659,5.59175958345666,180.0,149.86559309379743,0.7823082596702535,,,,SUMO/TraCI,3
sumo_coupled_00000159,16.1,gnb_2,4,23,226.65,413.047394668151,1.61792247472432,180.0,162.52947956596284,0.818604692659177,,,,SUMO/TraCI,4
sumo_coupled_00000160,16.2,gnb_2,0,160,226.65,250.860763985592,15.5163018894882,180.0,97.79221633393617,-0.29797091329748304,,,,SUMO/TraCI,0
sumo_coupled_00000160,16.2,gnb_2,1,132,226.65,308.657515939645,14.5677025152328,180.0,97.64976046991107,0.2934724652855168,,,,SUMO/TraCI,1
sumo_coupled_00000160,16.2,gnb_2,2,101,226.65,361.927536698108,10.4284628442576,180.0,124.20283317791035,0.6596269553751123,,,,SUMO/TraCI,2
sumo_coupled_00000160,16.2,gnb_2,3,66,226.65,396.673201869747,5.6788944791213,180.0,149.42174719410403,0.7808314657048179,,,,SUMO/TraCI,3
sumo_coupled_00000160,16.2,gnb_2,4,24,226.65,412.878380764759,1.6901390339258,180.0,162.39115300614216,0.8182612063831649,,,,SUMO/TraCI,4
sumo_coupled_00000161,16.3,gnb_2,0,161,226.65,249.312753180248,15.4801080534362,180.0,98.26458984484889,-0.312292015549085,,,,SUMO/TraCI,0
sumo_coupled_00000161,16.3,gnb_2,1,133,226.65,307.203369145889,14.5414679375563,180.0,97.2329460259613,0.2797752228820225,,,,SUMO/TraCI,1
sumo_coupled_00000161,16.3,gnb_2,2,102,226.65,360.873072873974,10.5446382413352,180.0,123.50982315621341,0.6547906134695615,,,,SUMO/TraCI,2
sumo_coupled_00000161,16.3,gnb_2,3,67,226.65,396.096579560127,5.76622309620049,180.0,148.9719379130207,0.7793184487397324,,,,SUMO/TraCI,3
sumo_coupled_00000161,16.3,gnb_2,4,25,226.65,412.70317946512,1.75201299638775,180.0,162.2478238379543,0.81790421791825,,,,SUMO/TraCI,4
sumo_coupled_00000162,16.4,gnb_2,0,162,226.65,247.762412973316,15.5034020693169,180.0,98.75973125369987,-0.3264244102069311,,,,SUMO/TraCI,0
sumo_coupled_00000162,16.4,gnb_2,1,134,226.65,305.747198726667,14.5617041922214,180.0,96.83563776973064,0.26588556981358785,,,,SUMO/TraCI,1
sumo_coupled_00000162,16.4,gnb_2,2,103,226.65,359.808394310908,10.6467856306568,180.0,122.81531786583207,0.6498244331223699,,,,SUMO/TraCI,2
sumo_coupled_00000162,16.4,gnb_2,3,68,226.65,395.513152698506,5.83426861620297,180.0,148.5177125677216,0.7777735779887801,,,,SUMO/TraCI,3
sumo_coupled_00000162,16.4,gnb_2,4,26,226.65,412.522229292273,1.80950172846493,180.0,162.0998573614233,0.8175345213092752,,,,SUMO/TraCI,4
sumo_coupled_00000163,16.5,gnb_2,0,163,226.65,246.214172501954,15.4824047136248,180.0,99.27590160621922,-0.34032254506293447,,,,SUMO/TraCI,0
sumo_coupled_00000163,16.5,gnb_2,1,135,226.65,304.292517331979,14.546813946886,180.0,96.45905296199263,0.2518427932477307,,,,SUMO/TraCI,1
sumo_coupled_00000163,16.5,gnb_2,2,104,226.65,358.734251390332,10.7414292057626,180.0,122.12004275300593,0.6447283313647056,,,,SUMO/TraCI,2
sumo_coupled_00000163,16.5,gnb_2,3,69,226.65,394.921315107744,5.91837590762552,180.0,148.05786424939876,0.7761919009865138,,,,SUMO/TraCI,3
sumo_coupled_00000163,16.5,gnb_2,4,27,226.65,412.33557675712,1.86652535152909,180.0,161.94729814245002,0.8171521122922141,,,,SUMO/TraCI,4
sumo_coupled_00000164,16.6,gnb_2,0,164,226.65,244.662534608809,15.5163789314438,180.0,99.81462297816698,-0.35403094593585305,,,,SUMO/TraCI,0
sumo_coupled_00000164,16.6,gnb_2,1,136,226.65,302.836708295991,14.5580903598776,180.0,96.10274577657073,0.23762805226277367,,,,SUMO/TraCI,1
sumo_coupled_00000164,16.6,gnb_2,2,105,226.65,357.64898870764,10.8526268269246,180.0,121.42317714225403,0.6394906683809621,,,,SUMO/TraCI,2
sumo_coupled_00000164,16.6,gnb_2,3,70,226.65,394.321666502611,5.99648605132847,180.0,147.59290610301773,0.7745742632292646,,,,SUMO/TraCI,3
sumo_coupled_00000164,16.6,gnb_2,4,28,226.65,412.141029819924,1.9454693719643,180.0,161.78836256625516,0.8167523777602355,,,,SUMO/TraCI,4
sumo_coupled_00000165,16.7,gnb_2,0,165,226.65,243.113534673885,15.4899993492418,180.0,100.37347171566142,-0.3674921739342364,,,,SUMO/TraCI,0
sumo_coupled_00000165,16.7,gnb_2,1,137,226.65,301.382865009286,14.5384328670525,180.0,95.76768461232288,0.2232785004236653,,,,SUMO/TraCI,1
sumo_coupled_00000165,16.7,gnb_2,2,106,226.65,356.554033116756,10.9495559088368,180.0,120.72589815959694,0.6341144218745282,,,,SUMO/TraCI,2
sumo_coupled_00000165,16.7,gnb_2,3,71,226.65,393.712209664889,6.09456837722471,180.0,147.1213415071779,0.7729144425952713,,,,SUMO/TraCI,3
sumo_coupled_00000165,16.7,gnb_2,4,29,226.65,411.941156302019,1.99873517904904,180.0,161.62515653917805,0.8163404703031882,,,,SUMO/TraCI,4
sumo_coupled_00000166,16.8,gnb_2,0,166,226.65,241.562246733146,15.5128794073907,180.0,100.95386756436598,-0.38074572271683327,,,,SUMO/TraCI,0
sumo_coupled_00000166,16.8,gnb_2,1,138,226.65,299.928260748687,14.5460426059847,180.0,95.45343407372863,0.2087746862338588,,,,SUMO/TraCI,1
sumo_coupled_00000166,16.8,gnb_2,2,107,226.65,355.450252204808,11.037809119481,180.0,120.02900923430609,0.6286001416334545,,,,SUMO/TraCI,2
sumo_coupled_00000166,16.8,gnb_2,3,72,226.65,393.095813472132,6.16396192756969,180.0,146.6454415415743,0.7712194275065081,,,,SUMO/TraCI,3
sumo_coupled_00000166,16.8,gnb_2,4,30,226.65,411.735703345968,2.05452956051108,180.0,161.45748058252636,0.8159157622841354,,,,SUMO/TraCI,4
sumo_coupled_00000167,16.9,gnb_2,0,167,226.65,240.01302524998,15.4922148316574,180.0,101.55383128990623,-0.3937515132823398,,,,SUMO/TraCI,0
sumo_coupled_00000167,16.9,gnb_2,1,139,226.65,298.474151086497,14.5410966218966,180.0,95.16047897297868,0.19413680223008148,,,,SUMO/TraCI,1
sumo_coupled_00000167,16.9,gnb_2,2,108,226.65,354.335024580938,11.1522762387007,180.0,119.33112913003319,0.6229307065379088,,,,SUMO/TraCI,2
sumo_coupled_00000167,16.9,gnb_2,3,73,226.65,392.469979798864,6.25833673267763,180.0,146.16332938174637,0.7694815127337257,,,,SUMO/TraCI,3
sumo_coupled_00000167,16.9,gnb_2,4,31,226.65,411.523234513726,2.12468832241472,180.0,161.28417069555388,0.8154751575837794,,,,SUMO/TraCI,4
sumo_coupled_00000168,17,gnb_2,0,168,226.65,238.463329988575,15.4969526140519,180.0,102.17395683655405,-0.4065289365064966,,,,SUMO/TraCI,0
sumo_coupled_00000168,17,gnb_2,1,140,226.65,297.017036392603,14.5711469389445,180.0,94.88836613403761,0.17933743709492325,,,,SUMO/TraCI,1
sumo_coupled_00000168,17,gnb_2,2,109,226.65,353.21132137624,11.2370320469797,180.0,118.63439668854515,0.6171171550561692,,,,SUMO/TraCI,2
sumo_coupled_00000168,17,gnb_2,3,74,226.65,391.834212054011,6.35767744852368,180.0,145.6746837502711,0.7676983342261959,,,,SUMO/TraCI,3
sumo_coupled_00000168,17,gnb_2,4,32,226.65,411.305909794986,2.17324718740311,180.0,161.10699689054167,0.8150230115964304,,,,SUMO/TraCI,4
sumo_coupled_00000169,17.1,gnb_2,0,169,226.65,236.912610121399,15.5071986717672,180.0,102.81413164808895,-0.419080423944833,,,,SUMO/TraCI,0
sumo_coupled_00000169,17.1,gnb_2,1,141,226.65,295.560306890565,14.5672950203803,180.0,94.63797150472195,0.1644192774122239,,,,SUMO/TraCI,1
sumo_coupled_00000169,17.1,gnb_2,2,110,226.65,352.078019143679,11.333022325612,180.0,117.93838791367531,0.6111497742061415,,,,SUMO/TraCI,2
sumo_coupled_00000169,17.1,gnb_2,3,75,226.65,391.190296430116,6.43915623895147,180.0,145.18093717915264,0.7658739404120782,,,,SUMO/TraCI,3
sumo_coupled_00000169,17.1,gnb_2,4,33,226.65,411.082492475107,2.23417319878664,180.0,160.92495870276457,0.8145566326800935,,,,SUMO/TraCI,4
sumo_coupled_00000170,17.2,gnb_2,0,170,226.65,235.362436269173,15.5017385222518,180.0,103.4733521048953,-0.4313918784188612,,,,SUMO/TraCI,0
sumo_coupled_00000170,17.2,gnb_2,1,142,226.65,294.10330232325,14.5700456731527,180.0,94.40935142463901,0.14938459072571586,,,,SUMO/TraCI,1
sumo_coupled_00000170,17.2,gnb_2,2,111,226.65,350.935821878507,11.4219726517167,180.0,117.243819988856,0.6050282384627986,,,,SUMO/TraCI,2
sumo_coupled_00000170,17.2,gnb_2,3,76,226.65,390.537153849236,6.5314258087999,180.0,144.6813218113854,0.7640043128258005,,,,SUMO/TraCI,3
sumo_coupled_00000170,17.2,gnb_2,4,34,226.65,410.851266098431,2.31226376676288,180.0,160.73666768837282,0.8140722834451068,,,,SUMO/TraCI,4
sumo_coupled_00000171,17.3,gnb_2,0,171,226.65,233.812568960631,15.4986730854248,180.0,104.15133837842154,-0.4434645944879982,,,,SUMO/TraCI,0
sumo_coupled_00000171,17.3,gnb_2,1,143,226.65,292.648017378547,14.5528494470257,180.0,94.20294498373194,0.13426350291629666,,,,SUMO/TraCI,1
sumo_coupled_00000171,17.3,gnb_2,2,112,226.65,349.783138730786,11.5268314772047,180.0,116.55002767532972,0.5987397868765765,,,,SUMO/TraCI,2
sumo_coupled_00000171,17.3,gnb_2,3,77,226.65,389.874665006442,6.62488842794111,180.0,144.1758111136464,0.7620880656591793,,,,SUMO/TraCI,3
sumo_coupled_00000171,17.3,gnb_2,4,35,226.65,410.612270539077,2.389955593546,180.0,160.5421680287551,0.8135698685449588,,,,SUMO/TraCI,4
sumo_coupled_00000172,17.4,gnb_2,0,172,226.65,232.264756520043,15.4781244058755,180.0,104.84691683636089,-0.45528514257085373,,,,SUMO/TraCI,0
sumo_coupled_00000172,17.4,gnb_2,1,144,226.65,291.191746073401,14.5627130514586,180.0,94.01849647899867,0.11903770526580343,,,,SUMO/TraCI,1
sumo_coupled_00000172,17.4,gnb_2,2,113,226.65,348.620186690199,11.6295204058759,180.0,115.85746640332577,0.5922810917625002,,,,SUMO/TraCI,2
sumo_coupled_00000172,17.4,gnb_2,3,78,226.65,389.203379011212,6.712859952301,180.0,143.66488954322284,0.7601257298037124,,,,SUMO/TraCI,3
sumo_coupled_00000172,17.4,gnb_2,4,36,226.65,410.367011054547,2.45259484529224,180.0,160.3426957216835,0.8130523842559869,,,,SUMO/TraCI,4
sumo_coupled_00000173,17.5,gnb_2,0,173,226.65,230.714307546552,15.504489734912,180.0,105.5618396041669,-0.466889291037919,,,,SUMO/TraCI,0
sumo_coupled_00000173,17.5,gnb_2,1,145,226.65,289.73593476718,14.5581130622157,180.0,93.85633130370472,0.10373231759587993,,,,SUMO/TraCI,1
sumo_coupled_00000173,17.5,gnb_2,2,114,226.65,347.446661968991,11.7352472120797,180.0,115.16629155599018,0.5856458609349299,,,,SUMO/TraCI,2
sumo_coupled_00000173,17.5,gnb_2,3,79,226.65,388.522179161312,6.81199849899647,180.0,143.14777633592462,0.7581129231560203,,,,SUMO/TraCI,3
sumo_coupled_00000173,17.5,gnb_2,4,37,226.65,410.114415094147,2.52595960399982,180.0,160.13738949818054,0.8125173983532766,,,,SUMO/TraCI,4
sumo_coupled_00000174,17.6,gnb_2,0,174,226.65,229.1651931292,15.4911441735213,180.0,106.2939325154147,-0.4782474941683804,,,,SUMO/TraCI,0
sumo_coupled_00000174,17.6,gnb_2,1,146,226.65,288.281248904347,14.546858628324,180.0,93.7166024961199,0.08836480072663634,,,,SUMO/TraCI,1
sumo_coupled_00000174,17.6,gnb_2,2,115,226.65,346.261308711721,11.853532572701,180.0,114.4761264726842,0.5788220719324563,,,,SUMO/TraCI,2
sumo_coupled_00000174,17.6,gnb_2,3,80,226.65,387.832016017694,6.90163143618403,180.0,142.6252648672044,0.7560512937037788,,,,SUMO/TraCI,3
sumo_coupled_00000174,17.6,gnb_2,4,38,226.65,409.854800124159,2.59614969987896,180.0,159.92651942465727,0.8119653988051351,,,,SUMO/TraCI,4
sumo_coupled_00000175,17.7,gnb_2,0,175,226.65,227.615605320733,15.4958780846686,180.0,107.04367008802161,-0.48937405300277437,,,,SUMO/TraCI,0
sumo_coupled_00000175,17.7,gnb_2,1,147,226.65,286.826348455363,14.5490044898474,180.0,93.59926032418224,0.0729316495848351,,,,SUMO/TraCI,1
sumo_coupled_00000175,17.7,gnb_2,2,116,226.65,345.065452848408,11.9585586331248,180.0,113.78811736894323,0.5718123680475499,,,,SUMO/TraCI,2
sumo_coupled_00000175,17.7,gnb_2,3,81,226.65,387.132766321878,6.99249695815866,180.0,142.09733326061442,0.7539393165485418,,,,SUMO/TraCI,3
sumo_coupled_00000175,17.7,gnb_2,4,39,226.65,409.587841937085,2.66958187073943,180.0,159.70983463115513,0.8113955050818508,,,,SUMO/TraCI,4
sumo_coupled_00000176,17.8,gnb_2,0,176,226.65,226.066624709211,15.4898061152209,180.0,107.81016403965393,-0.5002624360255276,,,,SUMO/TraCI,0
sumo_coupled_00000176,17.8,gnb_2,1,148,226.65,285.370504766011,14.558436893515,180.0,93.50435723238648,0.057435877053982204,,,,SUMO/TraCI,1
sumo_coupled_00000176,17.8,gnb_2,2,117,226.65,343.858852587415,12.0660026099331,180.0,113.10250021012445,0.5646104415797755,,,,SUMO/TraCI,2
sumo_coupled_00000176,17.8,gnb_2,3,82,226.65,386.424271361007,7.08494960871314,180.0,141.56393620806557,0.7517753052909497,,,,SUMO/TraCI,3
sumo_coupled_00000176,17.8,gnb_2,4,40,226.65,409.315445112613,2.72396824472126,180.0,159.48889254325277,0.8108116060655646,,,,SUMO/TraCI,4
sumo_coupled_00000177,17.9,gnb_2,0,177,226.65,224.518755559628,15.478691495828,180.0,108.59277593216,-0.5109110064101521,,,,SUMO/TraCI,0
sumo_coupled_00000177,17.9,gnb_2,1,149,226.65,283.913480884474,14.5702388153719,180.0,93.43199576501158,0.04188587488077082,,,,SUMO/TraCI,1
sumo_coupled_00000177,17.9,gnb_2,2,118,226.65,342.642859855719,12.1599273169556,180.0,112.42041803383961,0.5572195954373955,,,,SUMO/TraCI,2
sumo_coupled_00000177,17.9,gnb_2,3,83,226.65,385.707885726127,7.16385634880069,180.0,141.02616638300825,0.7495622155610364,,,,SUMO/TraCI,3
sumo_coupled_00000177,17.9,gnb_2,4,41,226.65,409.0382155739,2.77229538713124,180.0,159.26419427635417,0.8102148518705576,,,,SUMO/TraCI,4
sumo_coupled_00000178,18,gnb_2,0,178,226.65,222.967838513572,15.5091704605647,180.0,109.39328107253206,-0.5213497659752379,,,,SUMO/TraCI,0
sumo_coupled_00000178,18,gnb_2,1,150,226.65,282.458511005698,14.5496987877628,180.0,93.38236865899867,0.026327357519444514,,,,SUMO/TraCI,1
sumo_coupled_00000178,18,gnb_2,2,119,226.65,341.416550584467,12.2630927125238,180.0,111.7417343059181,0.5496294734098669,,,,SUMO/TraCI,2
sumo_coupled_00000178,18,gnb_2,3,84,226.65,384.983774218683,7.24111507443965,180.0,140.4842174381144,0.7472994200571325,,,,SUMO/TraCI,3
sumo_coupled_00000178,18,gnb_2,4,42,226.65,408.755420747867,2.8279482603344,180.0,159.0351560880809,0.8096035110410205,,,,SUMO/TraCI,4
sumo_coupled_00000179,18.1,gnb_2,0,179,226.65,221.419243352607,15.4859516096522,180.0,110.20856386588602,-0.5315445060937419,,,,SUMO/TraCI,0
sumo_coupled_00000179,18.1,gnb_2,1,151,226.65,281.003520062543,14.5499094315413,180.0,93.3553938051569,0.010749459904131875,,,,SUMO/TraCI,1
sumo_coupled_00000179,18.1,gnb_2,2,120,226.65,340.181469559644,12.3508102482337,180.0,111.06769007392903,0.5418449732733785,,,,SUMO/TraCI,2
sumo_coupled_00000179,18.1,gnb_2,3,85,226.65,384.250194781305,7.33579437377418,180.0,139.93686294876,0.7449802188253842,,,,SUMO/TraCI,3
sumo_coupled_00000179,18.1,gnb_2,4,43,226.65,408.467671947088,2.87748800778863,180.0,158.80228347068757,0.8089787447596817,,,,SUMO/TraCI,4
sumo_coupled_00000180,18.2,gnb_2,0,180,226.65,219.870713070628,15.4853028197807,180.0,111.03942383961989,-0.5415129586426881,,,,SUMO/TraCI,0
sumo_coupled_00000180,18.2,gnb_2,1,152,226.65,279.547250212275,14.5626985026831,180.0,93.35109791732653,-0.004849967465042143,,,,SUMO/TraCI,1
sumo_coupled_00000180,18.2,gnb_2,2,121,226.65,338.935834543018,12.4563501662522,180.0,110.39771326110879,0.5338501387580833,,,,SUMO/TraCI,2
sumo_coupled_00000180,18.2,gnb_2,3,86,226.65,383.507769558481,7.42425222824698,180.0,139.38465072945303,0.7426052224314901,,,,SUMO/TraCI,3
sumo_coupled_00000180,18.2,gnb_2,4,44,226.65,408.172807192997,2.94864754090932,180.0,158.5638388906285,0.8083356715487061,,,,SUMO/TraCI,4
sumo_coupled_00000181,18.3,gnb_2,0,181,226.65,218.322992838047,15.4772023258113,180.0,111.88510049356705,-0.5512530881223026,,,,SUMO/TraCI,0
sumo_coupled_00000181,18.3,gnb_2,1,153,226.65,278.09188622299,14.5536398928489,180.0,93.3694992927884,-0.020436157326136208,,,,SUMO/TraCI,1
sumo_coupled_00000181,18.3,gnb_2,2,122,226.65,337.678725757556,12.5710878546223,180.0,109.73175431485342,0.5256338615717231,,,,SUMO/TraCI,2
sumo_coupled_00000181,18.3,gnb_2,3,87,226.65,382.758361164164,7.49408394317164,180.0,138.82904339202503,0.7401791343760489,,,,SUMO/TraCI,3
sumo_coupled_00000181,18.3,gnb_2,4,45,226.65,407.870173524055,3.02633668941733,180.0,158.31930955215773,0.8076726325156733,,,,SUMO/TraCI,4
sumo_coupled_00000182,18.4,gnb_2,0,182,226.65,216.77171959895,15.5127323909697,180.0,112.74767377854765,-0.5607945448634201,,,,SUMO/TraCI,0
sumo_coupled_00000182,18.4,gnb_2,1,154,226.65,276.636413746973,14.5547247601724,180.0,93.41057869685612,-0.03600862236324205,,,,SUMO/TraCI,1
sumo_coupled_00000182,18.4,gnb_2,2,123,226.65,336.411049436777,12.6767632077927,180.0,109.07075225998258,0.5171968494570828,,,,SUMO/TraCI,2
sumo_coupled_00000182,18.4,gnb_2,3,88,226.65,381.999433468966,7.58927695197889,180.0,138.2682426589346,0.7376924122813028,,,,SUMO/TraCI,3
sumo_coupled_00000182,18.4,gnb_2,4,46,226.65,407.561178708237,3.08994815818694,180.0,158.06984789464045,0.806992480901616,,,,SUMO/TraCI,4
sumo_coupled_00000183,18.5,gnb_2,0,183,226.65,215.221396248004,15.5032335094676,180.0,113.62433719964271,-0.5701120494826499,,,,SUMO/TraCI,0
sumo_coupled_00000183,18.5,gnb_2,1,155,226.65,275.181455876377,14.5495787059555,180.0,93.47427917599205,-0.051549411946260615,,,,SUMO/TraCI,1
sumo_coupled_00000183,18.5,gnb_2,2,124,226.65,335.133591732255,12.774577045224,180.0,108.41556824229156,0.5085394341986033,,,,SUMO/TraCI,2
sumo_coupled_00000183,18.5,gnb_2,3,89,226.65,381.232914923291,7.66518545674763,180.0,137.70376016604,0.7351499683176892,,,,SUMO/TraCI,3
sumo_coupled_00000183,18.5,gnb_2,4,47,226.65,407.245704173626,3.15474534610387,180.0,157.8153722887664,0.8062947375037404,,,,SUMO/TraCI,4
sumo_coupled_00000184,18.6,gnb_2,0,184,226.65,213.673066521551,15.4832972645235,180.0,114.5141240400266,-0.5792030811436455,,,,SUMO/TraCI,0
sumo_coupled_00000184,18.6,gnb_2,1,156,226.65,273.724605041599,14.5685083477844,180.0,93.56069196988618,-0.06707298574085842,,,,SUMO/TraCI,1
sumo_coupled_00000184,18.6,gnb_2,2,125,226.65,333.845023566224,12.8856816603107,180.0,107.76599214430874,0.4996476392489427,,,,SUMO/TraCI,2
sumo_coupled_00000184,18.6,gnb_2,3,90,226.65,380.456406700631,7.76508222660304,180.0,137.13392048360095,0.7325423669532152,,,,SUMO/TraCI,3
sumo_coupled_00000184,18.6,gnb_2,4,48,226.65,406.922685310773,3.23018862852928,180.0,157.55503973690435,0.8055768036536103,,,,SUMO/TraCI,4
sumo_coupled_00000185,18.7,gnb_2,0,185,226.65,212.124104328039,15.4896219351177,180.0,115.41819489695258,-0.5880866160882329,,,,SUMO/TraCI,0
sumo_coupled_00000185,18.7,gnb_2,1,157,226.65,272.269804061735,14.5480097986367,180.0,93.66951707596216,-0.08252627086778017,,,,SUMO/TraCI,1
sumo_coupled_00000185,18.7,gnb_2,2,126,226.65,332.547183647459,12.9783991876425,180.0,107.12342885326152,0.4905293287375868,,,,SUMO/TraCI,2
sumo_coupled_00000185,18.7,gnb_2,3,91,226.65,379.673291795254,7.83114905377056,180.0,136.5612961175378,0.7298795092678789,,,,SUMO/TraCI,3
sumo_coupled_00000185,18.7,gnb_2,4,49,226.65,406.594374924844,3.28310385929522,180.0,157.2906807875532,0.8048434547487934,,,,SUMO/TraCI,4
sumo_coupled_00000185,18.7,gnb_2,5,0,226.65,415.144255942964,0.0574405703631928,0.0,164.25039547708053,0.0,,,,SUMO/TraCI,5
sumo_coupled_00000186,18.8,gnb_2,0,186,226.65,210.574099329639,15.5000499840022,180.0,116.33648689852565,-0.5967680692551568,,,,SUMO/TraCI,0
sumo_coupled_00000186,18.8,gnb_2,1,158,226.65,270.814891652038,14.5491240969712,180.0,93.8007927224701,-0.09792143628399949,,,,SUMO/TraCI,1
sumo_coupled_00000186,18.8,gnb_2,2,127,226.65,331.238391226243,13.0879242121637,180.0,106.48753558728615,0.48116796903656095,,,,SUMO/TraCI,2
sumo_coupled_00000186,18.8,gnb_2,3,92,226.65,378.881764859212,7.91526936041911,180.0,135.98465325790443,0.727153855160963,,,,SUMO/TraCI,3
sumo_coupled_00000186,18.8,gnb_2,4,50,226.65,406.259719639888,3.34655284955826,180.0,157.02146128330074,0.8040921196885825,,,,SUMO/TraCI,4
sumo_coupled_00000186,18.8,gnb_2,5,1,226.65,415.132530068527,0.117258744368301,180.0,164.24074763200923,0.8227710359142977,,,,SUMO/TraCI,5
sumo_coupled_00000187,18.9,gnb_2,0,187,226.65,209.023227891314,15.5087143832479,180.0,117.2686005671098,-0.6052495874039855,,,,SUMO/TraCI,0
sumo_coupled_00000187,18.9,gnb_2,1,159,226.65,269.358363759582,14.5652789245574,180.0,93.95460032309954,-0.11326359969413502,,,,SUMO/TraCI,1
sumo_coupled_00000187,18.9,gnb_2,2,128,226.65,329.9211917235,13.171995027427,180.0,105.86003912286469,0.47157730279657073,,,,SUMO/TraCI,2
sumo_coupled_00000187,18.9,gnb_2,3,93,226.65,378.082719455254,7.99045403958086,180.0,135.40473535197378,0.7243669817033784,,,,SUMO/TraCI,3
sumo_coupled_00000187,18.9,gnb_2,4,51,226.65,405.919521014321,3.40198625566539,180.0,156.74804072930553,0.8033243696600741,,,,SUMO/TraCI,4
sumo_coupled_00000187,18.9,gnb_2,5,2,226.65,415.114827573095,0.177024954315573,180.0,164.22618283972622,0.8227362119532307,,,,SUMO/TraCI,5
sumo_coupled_00000188,19,gnb_2,0,188,226.65,207.473968913622,15.4925897769292,180.0,118.212722179731,-0.6135213685047298,,,,SUMO/TraCI,0
sumo_coupled_00000188,19,gnb_2,1,160,226.65,267.901409686473,14.5695407310959,180.0,94.13075155109816,-0.12852962622910066,,,,SUMO/TraCI,1
sumo_coupled_00000188,19,gnb_2,2,129,226.65,328.595481337693,13.2571038580736,180.0,105.24135739547485,0.46175270388314565,,,,SUMO/TraCI,2
sumo_coupled_00000188,19,gnb_2,3,94,226.65,377.275062834501,8.07656620752553,180.0,134.82084538177364,0.7215135208435028,,,,SUMO/TraCI,3
sumo_coupled_00000188,19,gnb_2,4,52,226.65,405.572612563433,3.46908450888571,180.0,156.46949711047853,0.802537330804929,,,,SUMO/TraCI,4
sumo_coupled_00000188,19,gnb_2,5,3,226.65,415.091481032821,0.233465402741124,180.0,164.206975331869,0.8226902709814585,,,,SUMO/TraCI,5
sumo_coupled_00000189,19.1,gnb_2,0,189,226.65,205.923729699483,15.5023921413847,180.0,119.17011505253846,-0.6216010638897095,,,,SUMO/TraCI,0
sumo_coupled_00000189,19.1,gnb_2,1,161,226.65,266.446097642547,14.5531204392579,180.0,94.3288437812919,-0.14368778216850295,,,,SUMO/TraCI,1
sumo_coupled_00000189,19.1,gnb_2,2,130,226.65,327.25817011849,13.3731121920276,180.0,104.63057460870671,0.4516669271407926,,,,SUMO/TraCI,2
sumo_coupled_00000189,19.1,gnb_2,3,95,226.65,376.458462216571,8.1660061793043,180.0,134.23284781746102,0.7185905967497744,,,,SUMO/TraCI,3
sumo_coupled_00000189,19.1,gnb_2,4,53,226.65,405.219442747906,3.53169815526631,180.0,156.18620727226877,0.8017317593839735,,,,SUMO/TraCI,4
sumo_coupled_00000189,19.1,gnb_2,5,4,226.65,415.063255039585,0.282259932363992,180.0,164.1837548659671,0.8226347067640468,,,,SUMO/TraCI,5
sumo_coupled_00000190,19.2,gnb_2,0,190,226.65,204.372799701622,15.509299978608,180.0,120.14031764970069,-0.6294905971439839,,,,SUMO/TraCI,0
sumo_coupled_00000190,19.2,gnb_2,1,162,226.65,264.990030576723,14.5606706582445,180.0,94.54904379256149,-0.15875326519651078,,,,SUMO/TraCI,1
sumo_coupled_00000190,19.2,gnb_2,2,131,226.65,325.908868785461,13.493013330296,180.0,104.02810549635456,0.4413121681531513,,,,SUMO/TraCI,2
sumo_coupled_00000190,19.2,gnb_2,3,96,226.65,375.634505742071,8.23956474500031,180.0,133.64198886775895,0.7156022336415763,,,,SUMO/TraCI,3
sumo_coupled_00000190,19.2,gnb_2,4,54,226.65,404.859480708978,3.59962038927999,180.0,155.89776272581867,0.8009061741865503,,,,SUMO/TraCI,4
sumo_coupled_00000190,19.2,gnb_2,5,5,226.65,415.029256037234,0.339990023507279,180.0,164.15578724482697,0.8225677467943743,,,,SUMO/TraCI,5
sumo_coupled_00000191,19.3,gnb_1,0,191,226.65,202.824396165448,15.4840353617386,180.0,119.86702257156085,0.6909689953798734,,,,SUMO/TraCI,0
sumo_coupled_00000192,19.3,gnb_2,1,163,226.65,263.535398854033,14.546317226893,180.0,94.79085183125942,-0.1736939886907674,,,,SUMO/TraCI,0
sumo_coupled_00000192,19.3,gnb_2,2,132,226.65,324.549249260648,13.5961952481292,180.0,103.43528464546007,0.43069683051917196,,,,SUMO/TraCI,1
sumo_coupled_00000192,19.3,gnb_2,3,97,226.65,374.802742434489,8.31763307581211,180.0,133.04804573198382,0.7125451705278155,,,,SUMO/TraCI,2
sumo_coupled_00000192,19.3,gnb_2,4,55,226.65,404.492994065453,3.66486643524942,180.0,155.60439605416332,0.8000609058764575,,,,SUMO/TraCI,3
sumo_coupled_00000192,19.3,gnb_2,5,6,226.65,414.990762186857,0.384938503767773,180.0,164.1241249048676,0.8224918930419439,,,,SUMO/TraCI,4
sumo_coupled_00000193,19.4,gnb_1,0,192,226.65,201.273813767596,15.5058239785244,180.0,118.80090615954863,0.6841177933310201,,,,SUMO/TraCI,0
sumo_coupled_00000194,19.4,gnb_2,1,164,226.65,262.080118883494,14.5527997053885,180.0,95.05442987693792,-0.18852231442244163,,,,SUMO/TraCI,0
sumo_coupled_00000194,19.4,gnb_2,2,133,226.65,323.180761848534,13.6848741211364,180.0,102.8532969516282,0.4198286601239617,,,,SUMO/TraCI,1
sumo_coupled_00000194,19.4,gnb_2,3,98,226.65,373.962782966196,8.39959468293723,180.0,132.4508477992967,0.7094162440438146,,,,SUMO/TraCI,2
sumo_coupled_00000194,19.4,gnb_2,4,56,226.65,404.120943190583,3.72050874870744,180.0,155.30689308115055,0.799197902476406,,,,SUMO/TraCI,3
sumo_coupled_00000194,19.4,gnb_2,5,7,226.65,414.947665083877,0.43097102979753,180.0,164.08867971798125,0.822406916283385,,,,SUMO/TraCI,4
sumo_coupled_00000195,19.5,gnb_1,0,193,226.65,199.723148165785,15.5066560181078,180.0,117.74550035336259,0.677080210509363,,,,SUMO/TraCI,0
sumo_coupled_00000196,19.5,gnb_2,1,165,226.65,260.624148897466,14.5596998602855,180.0,95.3396355454937,-0.20322975844907995,,,,SUMO/TraCI,0
sumo_coupled_00000196,19.5,gnb_2,2,134,226.65,321.80245646461,13.7830538392359,180.0,102.28229498048825,0.4086968959054386,,,,SUMO/TraCI,1
sumo_coupled_00000196,19.5,gnb_2,3,99,226.65,373.115447676321,8.47335289875066,180.0,131.85108682131397,0.7062167625702782,,,,SUMO/TraCI,2
sumo_coupled_00000196,19.5,gnb_2,4,57,226.65,403.743491298756,3.77451891826567,180.0,155.0054003536822,0.7983172909873164,,,,SUMO/TraCI,3
sumo_coupled_00000196,19.5,gnb_2,5,8,226.65,414.899370624016,0.482944598615873,180.0,164.0489643208869,0.8223116261809917,,,,SUMO/TraCI,4
sumo_coupled_00000197,19.6,gnb_1,0,194,226.65,198.175323549352,15.4782461643346,180.0,116.70305785216541,0.6698652545024247,,,,SUMO/TraCI,0
sumo_coupled_00000198,19.6,gnb_2,1,166,226.65,259.169059921778,14.5508897568826,180.0,95.64596470600563,-0.21779214776338618,,,,SUMO/TraCI,0
sumo_coupled_00000198,19.6,gnb_2,2,135,226.65,320.41464850049,13.8780796412015,180.0,101.7229881266676,0.3973010353388834,,,,SUMO/TraCI,1
sumo_coupled_00000198,19.6,gnb_2,3,100,226.65,372.260164596661,8.55283079659121,180.0,131.2484684535518,0.7029427899900519,,,,SUMO/TraCI,2
sumo_coupled_00000198,19.6,gnb_2,4,58,226.65,403.361067063582,3.82424235173789,180.0,154.7002759114074,0.7974198257682973,,,,SUMO/TraCI,3
sumo_coupled_00000198,19.6,gnb_2,5,9,226.65,414.847327727821,0.520428961950735,180.0,164.0061715159962,0.8222088625163034,,,,SUMO/TraCI,4
sumo_coupled_00000199,19.7,gnb_1,0,195,226.65,196.625500994674,15.4982255467807,180.0,115.67060950252137,0.6624457269156496,,,,SUMO/TraCI,0
sumo_coupled_00000200,19.7,gnb_2,1,167,226.65,257.71467654705,14.5438337472738,180.0,95.97321575003416,-0.23220357136925562,,,,SUMO/TraCI,0
sumo_coupled_00000200,19.7,gnb_2,2,136,226.65,319.02653329229,13.8811520820064,180.0,101.17950781069366,0.38571578511044424,,,,SUMO/TraCI,1
sumo_coupled_00000200,19.7,gnb_2,3,101,226.65,371.398343222019,8.61821374642101,180.0,130.64409532669274,0.6995979649402861,,,,SUMO/TraCI,2
sumo_coupled_00000200,19.7,gnb_2,4,59,226.65,402.97319765722,3.87869406362352,180.0,154.39115856175735,0.7965041444263145,,,,SUMO/TraCI,3
sumo_coupled_00000200,19.7,gnb_2,5,10,226.65,414.790599175118,0.5672855270321,180.0,163.9595319766049,0.8220967549135909,,,,SUMO/TraCI,4
sumo_coupled_00000201,19.8,gnb_1,0,196,226.65,195.074228771079,15.5127222359494,180.0,114.64886534794972,0.6548187680988816,,,,SUMO/TraCI,0
sumo_coupled_00000202,19.8,gnb_2,1,168,226.65,256.259452554181,14.5522399286954,180.0,96.32152455722024,-0.24647188211515303,,,,SUMO/TraCI,0
sumo_coupled_00000202,19.8,gnb_2,2,137,226.65,317.63727077531,13.8926251697959,180.0,100.65180898232283,0.3739353634659476,,,,SUMO/TraCI,1
sumo_coupled_00000202,19.8,gnb_2,3,102,226.65,370.529185455868,8.69157766151262,180.0,130.03751735288913,0.696177436317817,,,,SUMO/TraCI,2
sumo_coupled_00000202,19.8,gnb_2,4,60,226.65,402.579976516157,3.93221141063151,180.0,154.07813973014342,0.7955702004894843,,,,SUMO/TraCI,3
sumo_coupled_00000202,19.8,gnb_2,5,11,226.65,414.728271947042,0.623272280758012,180.0,163.90829680597656,0.8219734728042727,,,,SUMO/TraCI,4
sumo_coupled_00000203,19.9,gnb_1,0,197,226.65,193.526080976762,15.4814779431687,180.0,113.64113288682651,0.647002358292094,,,,SUMO/TraCI,0
sumo_coupled_00000204,19.9,gnb_2,1,169,226.65,254.803631963721,14.558205904599,180.0,96.69063792435968,-0.2605874630384581,,,,SUMO/TraCI,0
sumo_coupled_00000204,19.9,gnb_2,2,138,226.65,316.248500999422,13.8876977588758,180.0,100.14078252492885,0.36197541186976806,,,,SUMO/TraCI,1
sumo_coupled_00000204,19.9,gnb_2,3,103,226.65,369.652363841287,8.76821614580715,180.0,129.42862450914984,0.6926780237469735,,,,SUMO/TraCI,2
sumo_coupled_00000204,19.9,gnb_2,4,61,226.65,402.179329198998,4.00647317158159,180.0,153.75958826530828,0.7946127495358576,,,,SUMO/TraCI,3
sumo_coupled_00000204,19.9,gnb_2,5,12,226.65,414.660191867097,0.68080079945037,180.0,163.85234137382162,0.821838679496657,,,,SUMO/TraCI,4
sumo_coupled_00000205,20,gnb_1,0,198,226.65,191.976682014673,15.493989620892,180.0,112.64486341525455,0.638969943523637,,,,SUMO/TraCI,0
sumo_coupled_00000206,20,gnb_2,1,170,226.65,253.346383767943,14.5724819577769,180.0,97.08057353686046,-0.27455149120989597,,,,SUMO/TraCI,0
sumo_coupled_00000206,20,gnb_2,2,139,226.65,314.861447272812,13.8705372661073,180.0,99.64709231058902,0.34984911716392764,,,,SUMO/TraCI,1
sumo_coupled_00000206,20,gnb_2,3,104,226.65,368.766336184351,8.86027656936689,180.0,128.8164777487462,0.6890914713371366,,,,SUMO/TraCI,2
sumo_coupled_00000206,20,gnb_2,4,62,226.65,401.772725806598,4.06603392400321,180.0,153.43669460193962,0.7936349653680471,,,,SUMO/TraCI,3
sumo_coupled_00000206,20,gnb_2,5,13,226.65,414.586646842601,0.735450244962702,180.0,163.79190458729943,0.8216929107803841,,,,SUMO/TraCI,4
sumo_coupled_00000207,20.1,gnb_1,0,199,226.65,190.426591648516,15.5009036615711,180.0,111.66076889949676,0.6307192073153761,,,,SUMO/TraCI,0
sumo_coupled_00000208,20.1,gnb_2,1,171,226.65,251.891405755468,14.5497801247558,180.0,97.49007934350928,-0.28832261122170694,,,,SUMO/TraCI,0
sumo_coupled_00000208,20.1,gnb_2,2,140,226.65,313.475009872455,13.8643740035621,180.0,99.17055402669162,0.3375498927176031,,,,SUMO/TraCI,1
sumo_coupled_00000208,20.1,gnb_2,3,105,226.65,367.873071786709,8.93264397641199,180.0,128.20257113346872,0.6854236308195907,,,,SUMO/TraCI,2
sumo_coupled_00000208,20.1,gnb_2,4,63,226.65,401.360000799872,4.12725006726113,180.0,153.10934750741032,0.7926361308149283,,,,SUMO/TraCI,3
sumo_coupled_00000208,20.1,gnb_2,5,14,226.65,414.508462545288,0.781842973127028,180.0,163.72766716806646,0.821537769833458,,,,SUMO/TraCI,4
sumo_coupled_00000209,20.2,gnb_1,0,200,226.65,188.878174111498,15.4841753701714,180.0,110.69067426361552,0.6222581492950444,,,,SUMO/TraCI,0
sumo_coupled_00000210,20.2,gnb_2,1,172,226.65,250.437408315089,14.5399744037881,180.0,97.9191979497829,-0.3019080252278206,,,,SUMO/TraCI,0
sumo_coupled_00000210,20.2,gnb_2,2,141,226.65,312.086018275599,13.8899159685634,180.0,98.71035948056348,0.3250521874749819,,,,SUMO/TraCI,1
sumo_coupled_00000210,20.2,gnb_2,3,106,226.65,366.970515652823,9.02556133886121,180.0,127.58563043273301,0.6816638782741014,,,,SUMO/TraCI,2
sumo_coupled_00000210,20.2,gnb_2,4,64,226.65,400.942014616381,4.17986183491078,180.0,152.77824910460558,0.7916180171273816,,,,SUMO/TraCI,3
sumo_coupled_00000210,20.2,gnb_2,5,15,226.65,414.425392664869,0.830698804193175,180.0,163.65942897708098,0.8213727342510406,,,,SUMO/TraCI,4
sumo_coupled_00000211,20.3,gnb_1,0,201,226.65,187.327821645161,15.5035246633773,180.0,109.73266636459087,0.6135622497448645,,,,SUMO/TraCI,0
sumo_coupled_00000212,20.3,gnb_2,1,173,226.65,248.98272621547,14.5468209961841,180.0,98.3681542625686,-0.3153182451887563,,,,SUMO/TraCI,0
sumo_coupled_00000212,20.3,gnb_2,2,142,226.65,310.696641479038,13.8937679656073,180.0,98.26752412721406,0.31237829335456857,,,,SUMO/TraCI,1
sumo_coupled_00000212,20.3,gnb_2,3,107,226.65,366.058245811761,9.12269841062857,180.0,126.9655235573716,0.6778079859834871,,,,SUMO/TraCI,2
sumo_coupled_00000212,20.3,gnb_2,4,65,226.65,400.518028172994,4.23986443387446,180.0,152.44283392375834,0.7905785078311323,,,,SUMO/TraCI,3
sumo_coupled_00000212,20.3,gnb_2,5,16,226.65,414.336753684469,0.886389803997472,180.0,163.586631148397,0.8211964067076233,,,,SUMO/TraCI,4
sumo_coupled_00000213,20.4,gnb_1,0,202,226.65,185.778981795513,15.4883984964748,180.0,108.78923175597129,0.6046460732718842,,,,SUMO/TraCI,0
sumo_coupled_00000214,20.4,gnb_2,1,174,226.65,247.526881712317,14.5584450315293,180.0,98.8368651431532,-0.32855269378130963,,,,SUMO/TraCI,0
sumo_coupled_00000214,20.4,gnb_2,2,143,226.65,309.308554325172,13.8808715386596,180.0,97.84280176196692,0.29954737392408465,,,,SUMO/TraCI,1
sumo_coupled_00000214,20.4,gnb_2,3,108,226.65,365.136411902508,9.21833909252446,180.0,126.34251513894085,0.6738540214185392,,,,SUMO/TraCI,2
sumo_coupled_00000214,20.4,gnb_2,4,66,226.65,400.089021957816,4.2900621517795,180.0,152.1038976975436,0.7895196886841866,,,,SUMO/TraCI,3
sumo_coupled_00000214,20.4,gnb_2,5,17,226.65,414.24276236425,0.939913202188907,180.0,163.50945461099334,0.8210091745680884,,,,SUMO/TraCI,4
sumo_coupled_00000215,20.5,gnb_1,0,203,226.65,184.227685175964,15.5129661954881,180.0,107.85832393961418,0.5954819510446192,,,,SUMO/TraCI,0
sumo_coupled_00000216,20.5,gnb_2,1,175,226.65,246.072072227656,14.5480948466195,180.0,99.32435140953798,-0.3415872068718683,,,,SUMO/TraCI,0
sumo_coupled_00000216,20.5,gnb_2,2,144,226.65,307.919876523711,13.8867780146105,180.0,97.43583532304359,0.28654628383021585,,,,SUMO/TraCI,1
sumo_coupled_00000216,20.5,gnb_2,3,109,226.65,364.205559890778,9.30852011730216,180.0,125.71713811775781,0.6698017561607518,,,,SUMO/TraCI,2
sumo_coupled_00000216,20.5,gnb_2,4,67,226.65,399.65340322286,4.35618734955516,180.0,151.76020362009376,0.788437287039969,,,,SUMO/TraCI,3
sumo_coupled_00000216,20.5,gnb_2,5,18,226.65,414.14292618543,0.998361788197652,180.0,163.42749813170892,0.8208100088353675,,,,SUMO/TraCI,4
sumo_coupled_00000217,20.6,gnb_1,0,204,226.65,182.676031489993,15.5165368597151,180.0,106.94160754044515,0.5860771399596646,,,,SUMO/TraCI,0
sumo_coupled_00000218,20.6,gnb_2,1,176,226.65,244.617729405847,14.5434282180834,180.0,99.83049420090968,-0.35442347428377835,,,,SUMO/TraCI,0
sumo_coupled_00000218,20.6,gnb_2,2,145,226.65,306.531324060063,13.8855246364847,180.0,97.0470692827974,0.27338614402409334,,,,SUMO/TraCI,1
sumo_coupled_00000218,20.6,gnb_2,3,110,226.65,363.264763628673,9.4079626210455,180.0,125.08894180597574,0.6656444800518352,,,,SUMO/TraCI,2
sumo_coupled_00000218,20.6,gnb_2,4,68,226.65,399.2114493764,4.41953846459564,180.0,151.4119947772368,0.7873316083827344,,,,SUMO/TraCI,3
sumo_coupled_00000218,20.6,gnb_2,5,19,226.65,414.038790178898,1.04136006532586,180.0,163.3420330858614,0.8206019457859935,,,,SUMO/TraCI,4
sumo_coupled_00000219,20.7,gnb_1,0,205,226.65,181.127711361004,15.4832012898882,180.0,106.04159370847941,0.5764503269259715,,,,SUMO/TraCI,0
sumo_coupled_00000220,20.7,gnb_2,1,177,226.65,243.160501868166,14.5722753768081,180.0,100.35622114550448,-0.36708733859579223,,,,SUMO/TraCI,0
sumo_coupled_00000220,20.7,gnb_2,2,146,226.65,305.142133969049,13.8919009101372,180.0,96.67651938561714,0.2600645340650261,,,,SUMO/TraCI,1
sumo_coupled_00000220,20.7,gnb_2,3,111,226.65,362.315331931709,9.49431696964681,180.0,124.45897465039407,0.6613852650074712,,,,SUMO/TraCI,2
sumo_coupled_00000220,20.7,gnb_2,4,69,226.65,398.763219280382,4.48230096018043,180.0,151.05934182909738,0.7862024145103587,,,,SUMO/TraCI,3
sumo_coupled_00000220,20.7,gnb_2,5,20,226.65,413.930981469322,1.07808709575399,180.0,163.25357667547706,0.8203862003927554,,,,SUMO/TraCI,4
sumo_coupled_00000221,20.8,gnb_1,0,206,226.65,179.576262557719,15.5144880328548,180.0,105.15490269286673,0.5665571555111182,,,,SUMO/TraCI,0
sumo_coupled_00000222,20.8,gnb_2,1,178,226.65,241.704351648883,14.5615021928323,180.0,100.89984728745831,-0.3795411923866914,,,,SUMO/TraCI,0
sumo_coupled_00000222,20.8,gnb_2,2,147,226.65,303.752862289226,13.8927167982301,180.0,96.32456055924125,0.24659196108782241,,,,SUMO/TraCI,1
sumo_coupled_00000222,20.8,gnb_2,3,112,226.65,361.357304269477,9.58027662231258,180.0,123.8274341896668,0.6570216430783976,,,,SUMO/TraCI,2
sumo_coupled_00000222,20.8,gnb_2,4,70,226.65,398.309891071722,4.53328208660808,180.0,150.70319447643678,0.7850523108202618,,,,SUMO/TraCI,3
sumo_coupled_00000222,20.8,gnb_2,5,21,226.65,413.817957071124,1.13024398198258,180.0,163.16086581864286,0.8201596406080965,,,,SUMO/TraCI,4
sumo_coupled_00000223,20.9,gnb_1,0,207,226.65,178.024990404157,15.5127215356135,180.0,104.28385307132889,0.5564139480391908,,,,SUMO/TraCI,0
sumo_coupled_00000224,20.9,gnb_2,1,179,226.65,240.250318033342,14.5403361554111,180.0,101.4606313623686,-0.391774439335896,,,,SUMO/TraCI,0
sumo_coupled_00000224,20.9,gnb_2,2,148,226.65,302.365957121244,13.869051679818,180.0,95.99197121608309,0.23299820639058452,,,,SUMO/TraCI,1
sumo_coupled_00000224,20.9,gnb_2,3,113,226.65,360.390899542754,9.66404726723695,180.0,123.19463961265997,0.6525519275474445,,,,SUMO/TraCI,2
sumo_coupled_00000224,20.9,gnb_2,4,71,226.65,397.850426119682,4.59464952039447,180.0,150.34275984094023,0.7838782941351184,,,,SUMO/TraCI,3
sumo_coupled_00000224,20.9,gnb_2,5,22,226.65,413.701224601499,1.16732469624467,180.0,163.0651402352461,0.8199252421983925,,,,SUMO/TraCI,4
sumo_coupled_00000225,21,gnb_1,0,208,226.65,176.473423615763,15.5156678839435,180.0,103.42857475033396,0.5460137467047583,,,,SUMO/TraCI,0
sumo_coupled_00000226,21,gnb_2,1,180,226.65,238.794160266021,14.5615776732091,180.0,102.0399124273554,-0.4038208065232748,,,,SUMO/TraCI,0
sumo_coupled_00000226,21,gnb_2,2,149,226.65,300.979503457579,13.8645366366487,180.0,95.67843051245443,0.21927098244831822,,,,SUMO/TraCI,1
sumo_coupled_00000226,21,gnb_2,3,114,226.65,359.416845231427,9.74054311327074,180.0,122.56124104508906,0.6479768363491873,,,,SUMO/TraCI,2
sumo_coupled_00000226,21,gnb_2,4,72,226.65,397.383646828549,4.66779291133311,180.0,149.97714173423068,0.7826769164367761,,,,SUMO/TraCI,3
sumo_coupled_00000226,21,gnb_2,5,23,226.65,413.578825022076,1.22399579423317,180.0,162.96479679451753,0.8196790205586894,,,,SUMO/TraCI,4
sumo_coupled_00000227,21.1,gnb_1,0,209,226.65,174.924356796071,15.4906681969144,180.0,102.5909716761768,0.5353722252425579,,,,SUMO/TraCI,0
sumo_coupled_00000228,21.1,gnb_2,1,181,226.65,237.339102336053,14.5505792996781,180.0,102.63612760375246,-0.4156518631397321,,,,SUMO/TraCI,0
sumo_coupled_00000228,21.1,gnb_2,2,150,226.65,299.59153237491,13.8797108266978,180.0,95.38370217598573,0.20539706394246526,,,,SUMO/TraCI,1
sumo_coupled_00000228,21.1,gnb_2,3,115,226.65,358.434923882843,9.81921348583439,180.0,121.92727252139849,0.6432926962183749,,,,SUMO/TraCI,2
sumo_coupled_00000228,21.1,gnb_2,4,73,226.65,396.910459772219,4.73187056329575,180.0,149.60707905761555,0.7814500524216191,,,,SUMO/TraCI,3
sumo_coupled_00000228,21.1,gnb_2,5,24,226.65,413.452427867392,1.26397154684341,180.0,162.86120779271366,0.8194242795819581,,,,SUMO/TraCI,4
sumo_coupled_00000229,21.2,gnb_1,0,210,226.65,173.375486477806,15.4887031826504,180.0,101.77015798721378,0.5244709012293368,,,,SUMO/TraCI,0
sumo_coupled_00000230,21.2,gnb_2,1,182,226.65,235.884112315272,14.5499002078099,180.0,103.24937794588176,-0.4272750941691035,,,,SUMO/TraCI,0
sumo_coupled_00000230,21.2,gnb_2,2,151,226.65,298.203022350072,13.8851002483806,180.0,95.10821480123165,0.19139274549643065,,,,SUMO/TraCI,1
sumo_coupled_00000230,21.2,gnb_2,3,116,226.65,357.446279268022,9.88644614821436,180.0,121.29364646369757,0.6385023579219478,,,,SUMO/TraCI,2
sumo_coupled_00000230,21.2,gnb_2,4,74,226.65,396.431738201916,4.7872157030302,180.0,149.23328100902796,0.7801995467410007,,,,SUMO/TraCI,3
sumo_coupled_00000230,21.2,gnb_2,5,25,226.65,413.320952172263,1.31475695128599,180.0,162.75349086308051,0.8191587871035085,,,,SUMO/TraCI,4
sumo_coupled_00000231,21.3,gnb_1,0,211,226.65,171.826027493744,15.4945898406242,180.0,100.96613108256803,0.513301113334349,,,,SUMO/TraCI,0
sumo_coupled_00000232,21.3,gnb_2,1,183,226.65,234.427178006952,14.5693430832056,180.0,103.88024164589741,-0.43870539065932007,,,,SUMO/TraCI,0
sumo_coupled_00000232,21.3,gnb_2,2,152,226.65,296.8156949536,13.873273964718,180.0,94.85246489560788,0.17728263542868267,,,,SUMO/TraCI,1
sumo_coupled_00000232,21.3,gnb_2,3,117,226.65,356.450257914458,9.96021353563779,180.0,120.66011948936213,0.6336000514337147,,,,SUMO/TraCI,2
sumo_coupled_00000232,21.3,gnb_2,4,75,226.65,395.9450617182,4.86676483715799,180.0,148.8538875435815,0.7789186001894212,,,,SUMO/TraCI,3
sumo_coupled_00000232,21.3,gnb_2,5,26,226.65,413.18357278786,1.37379384402628,180.0,162.64097442077502,0.8188808094772931,,,,SUMO/TraCI,4
sumo_coupled_00000233,21.4,gnb_1,0,212,226.65,170.277752907875,15.4827458586857,180.0,100.18021230495239,0.5018730920116998,,,,SUMO/TraCI,0
sumo_coupled_00000234,21.4,gnb_2,1,184,226.65,232.970110049858,14.570679570941,180.0,104.52766642723097,-0.44992767520437094,,,,SUMO/TraCI,0
sumo_coupled_00000234,21.4,gnb_2,2,153,226.65,295.427576052598,13.8811890100148,180.0,94.61623857910804,0.16305421018929114,,,,SUMO/TraCI,1
sumo_coupled_00000234,21.4,gnb_2,3,118,226.65,355.446998098039,10.0325981641912,180.0,120.02696372901173,0.6285837428028074,,,,SUMO/TraCI,2
sumo_coupled_00000234,21.4,gnb_2,4,76,226.65,395.452271915828,4.92789802372184,180.0,148.4703660348633,0.7776115530604801,,,,SUMO/TraCI,3
sumo_coupled_00000234,21.4,gnb_2,5,27,226.65,413.04101609927,1.42556688590883,180.0,162.5242580808361,0.8185917454433064,,,,SUMO/TraCI,4
sumo_coupled_00000235,21.5,gnb_1,0,213,226.65,168.729494870042,15.4825803783384,180.0,99.41220332680214,0.4901761880264476,,,,SUMO/TraCI,0
sumo_coupled_00000236,21.5,gnb_2,1,185,226.65,231.513090966208,14.5701908364932,180.0,105.19126792491484,-0.46094043726520884,,,,SUMO/TraCI,0
sumo_coupled_00000236,21.5,gnb_2,2,154,226.65,294.03920156235,13.8837449024832,180.0,94.39979703637233,0.14872067528853564,,,,SUMO/TraCI,1
sumo_coupled_00000236,21.5,gnb_2,3,119,226.65,354.435322966238,10.1167513180072,180.0,119.39363385494286,0.6234446558237192,,,,SUMO/TraCI,2
sumo_coupled_00000236,21.5,gnb_2,4,77,226.65,394.953859192807,4.98412723021683,180.0,148.0831261262393,0.7762792574679308,,,,SUMO/TraCI,3
sumo_coupled_00000236,21.5,gnb_2,5,28,226.65,412.894430959966,1.46585139303654,180.0,162.40428652031682,0.818293862849124,,,,SUMO/TraCI,4
sumo_coupled_00000237,21.6,gnb_1,0,214,226.65,167.181526057318,15.4796881272399,180.0,98.6626520072179,0.47821060043942787,,,,SUMO/TraCI,0
sumo_coupled_00000238,21.6,gnb_2,1,186,226.65,230.059216276884,14.5387468932411,180.0,105.86927967488514,-0.4717212006776618,,,,SUMO/TraCI,0
sumo_coupled_00000238,21.6,gnb_2,2,155,226.65,292.651707351682,13.8749421066791,180.0,94.20344048341654,0.13430196696381982,,,,SUMO/TraCI,1
sumo_coupled_00000238,21.6,gnb_2,3,120,226.65,353.415636788818,10.1968617742057,180.0,118.76059205438328,0.6181818018825576,,,,SUMO/TraCI,2
sumo_coupled_00000238,21.6,gnb_2,4,78,226.65,394.450007108583,5.03852084223655,180.0,147.6923377401641,0.7749217654739509,,,,SUMO/TraCI,3
sumo_coupled_00000238,21.6,gnb_2,5,29,226.65,412.74437360834,1.50057351626456,180.0,162.28151843223108,0.8179882397623375,,,,SUMO/TraCI,4
sumo_coupled_00000239,21.7,gnb_1,0,215,226.65,165.630930326591,15.5059573072695,180.0,97.93060962983026,0.4659516620908642,,,,SUMO/TraCI,0
sumo_coupled_00000240,21.7,gnb_2,1,187,226.65,228.602017732827,14.5719854405736,180.0,106.56441751887273,-0.4823184273312463,,,,SUMO/TraCI,0
sumo_coupled_00000240,21.7,gnb_2,2,156,226.65,291.26311536676,13.8859198492207,180.0,94.02701881781078,0.11978594566082888,,,,SUMO/TraCI,1
sumo_coupled_00000240,21.7,gnb_2,3,121,226.65,352.388143641979,10.2749314683899,180.0,118.12817547025682,0.6127932083417764,,,,SUMO/TraCI,2
sumo_coupled_00000240,21.7,gnb_2,4,79,226.65,393.939985527278,5.10021581305292,180.0,147.29746366436973,0.7735366427415228,,,,SUMO/TraCI,3
sumo_coupled_00000240,21.7,gnb_2,5,30,226.65,412.589137611901,1.55235996438097,180.0,162.15456180036261,0.817671338627764,,,,SUMO/TraCI,4
sumo_coupled_00000241,21.8,gnb_1,0,216,226.65,164.081877818214,15.4905250837688,180.0,97.21848822101663,0.45343101528176616,,,,SUMO/TraCI,0
sumo_coupled_00000242,21.8,gnb_2,1,188,226.65,227.145730118291,14.5628761453582,180.0,107.27439743353737,-0.49270162449017946,,,,SUMO/TraCI,0
sumo_coupled_00000242,21.8,gnb_2,2,157,226.65,289.876623929328,13.8649143743236,180.0,93.87102961106463,0.10521482474678032,,,,SUMO/TraCI,1
sumo_coupled_00000242,21.8,gnb_2,3,122,226.65,351.354135926718,10.3400771526028,180.0,117.49738385959301,0.6072827630952596,,,,SUMO/TraCI,2
sumo_coupled_00000242,21.8,gnb_2,4,80,226.65,393.422580680668,5.17404846609858,180.0,146.89759803435396,0.7721200496017817,,,,SUMO/TraCI,3
sumo_coupled_00000242,21.8,gnb_2,5,31,226.65,412.428517682108,1.60619929793128,180.0,162.02325387264753,0.8173426623452372,,,,SUMO/TraCI,4
sumo_coupled_00000243,21.9,gnb_1,0,217,226.65,162.5319842915,15.4989352671371,180.0,96.52560379387639,0.44062904162012867,,,,SUMO/TraCI,0
sumo_coupled_00000244,21.9,gnb_2,1,189,226.65,225.690462797636,14.5526732065533,180.0,107.99883486008059,-0.5028715103521764,,,,SUMO/TraCI,0
sumo_coupled_00000244,21.9,gnb_2,2,158,226.65,288.489383245917,13.8724068341115,180.0,93.73522351760866,0.09056769619077316,,,,SUMO/TraCI,1
sumo_coupled_00000244,21.9,gnb_2,3,123,226.65,350.310201569695,10.4393435702335,180.0,116.86636361576045,0.601629069257812,,,,SUMO/TraCI,2
sumo_coupled_00000244,21.9,gnb_2,4,81,226.65,392.899724914726,5.22855765942213,180.0,146.49426741623986,0.7706767432335055,,,,SUMO/TraCI,3
sumo_coupled_00000244,21.9,gnb_2,5,32,226.65,412.264351597688,1.64166084420052,180.0,161.8891015589278,0.8170059029547684,,,,SUMO/TraCI,4
sumo_coupled_00000245,22,gnb_1,0,218,226.65,160.981894215264,15.500900762364,180.0,95.85268986038467,0.4275507998258227,,,,SUMO/TraCI,0
sumo_coupled_00000246,22,gnb_2,1,190,226.65,224.233960456405,14.5650234123033,180.0,108.73855648470693,-0.5128451337446068,,,,SUMO/TraCI,0
sumo_coupled_00000246,22,gnb_2,2,159,226.65,287.101583069682,13.8780017623492,180.0,93.61973607149079,0.07585561942045045,,,,SUMO/TraCI,1
sumo_coupled_00000246,22,gnb_2,3,124,226.65,349.259049492272,10.5115207742343,180.0,116.23699254786742,0.5958434399767402,,,,SUMO/TraCI,2
sumo_coupled_00000246,22,gnb_2,4,82,226.65,392.36961714217,5.30107772555676,180.0,146.08611623517774,0.7692012084247006,,,,SUMO/TraCI,3
sumo_coupled_00000246,22,gnb_2,5,33,226.65,412.095974486855,1.68377110832953,180.0,161.75156560488634,0.8166596347483177,,,,SUMO/TraCI,4
sumo_coupled_00000247,22.1,gnb_1,0,219,226.65,159.433760756797,15.4813345846661,180.0,95.20107135649423,0.4142155145411291,,,,SUMO/TraCI,0
sumo_coupled_00000248,22.1,gnb_2,1,191,226.65,222.778231154305,14.5572930210065,180.0,109.49225237353623,-0.5226102085331221,,,,SUMO/TraCI,0
sumo_coupled_00000248,22.1,gnb_2,2,160,226.65,285.7136481883,13.8793488138169,180.0,93.52469340029756,0.061092402236967075,,,,SUMO/TraCI,1
sumo_coupled_00000248,22.1,gnb_2,3,125,226.65,348.200758629737,10.582908625341,180.0,115.60954103218143,0.5899232712181809,,,,SUMO/TraCI,2
sumo_coupled_00000248,22.1,gnb_2,4,83,226.65,391.833642963872,5.35974178298292,180.0,145.67424686117585,0.7676967300228905,,,,SUMO/TraCI,3
sumo_coupled_00000248,22.1,gnb_2,5,34,226.65,411.922612958147,1.7336152870825,180.0,161.61001921200634,0.816302192162268,,,,SUMO/TraCI,4
sumo_coupled_00000249,22.2,gnb_1,0,220,226.65,157.884771252065,15.489895047316,180.0,94.56996559596124,0.40060045505275027,,,,SUMO/TraCI,0
sumo_coupled_00000250,22.2,gnb_2,1,192,226.65,221.323356931604,14.5487422270076,180.0,110.25956167959286,-0.5321682961057521,,,,SUMO/TraCI,0
sumo_coupled_00000250,22.2,gnb_2,2,161,226.65,284.32530655217,13.8834163612993,180.0,93.45015129345829,0.04628463937514002,,,,SUMO/TraCI,1
sumo_coupled_00000250,22.2,gnb_2,3,126,226.65,347.134826014629,10.6593261510869,180.0,114.98394394007586,0.5838626134585929,,,,SUMO/TraCI,2
sumo_coupled_00000250,22.2,gnb_2,4,84,226.65,391.292720284524,5.40922679348019,180.0,145.25939586935263,0.7661653803422226,,,,SUMO/TraCI,3
sumo_coupled_00000250,22.2,gnb_2,5,35,226.65,411.743521702036,1.79091256110906,180.0,161.46385976575323,0.8159319484444719,,,,SUMO/TraCI,4
sumo_coupled_00000251,22.3,gnb_1,0,221,226.65,156.336059682885,15.4871156918012,180.0,93.96026677951794,0.3867172894277667,,,,SUMO/TraCI,0
sumo_coupled_00000252,22.3,gnb_2,1,193,226.65,219.866724914624,14.5663201697979,180.0,111.0415835283949,-0.5415383424354631,,,,SUMO/TraCI,0
sumo_coupled_00000252,22.3,gnb_2,2,162,226.65,282.936720333526,13.8858621864375,180.0,93.39618207570021,0.03144368718568943,,,,SUMO/TraCI,1
sumo_coupled_00000252,22.3,gnb_2,3,127,226.65,346.060696736868,10.7412927776088,180.0,114.36012483973792,0.5776549897041839,,,,SUMO/TraCI,2
sumo_coupled_00000252,22.3,gnb_2,4,85,226.65,390.745313362041,5.47406922482428,180.0,144.84041884659354,0.7646022722382204,,,,SUMO/TraCI,3
sumo_coupled_00000252,22.3,gnb_2,5,36,226.65,411.559120982713,1.84400719323195,180.0,161.3134365567361,0.8155496763993488,,,,SUMO/TraCI,4
sumo_coupled_00000253,22.4,gnb_1,0,222,226.65,154.785019153141,15.5104052974411,180.0,93.3714092079818,0.3725446520321708,,,,SUMO/TraCI,0
sumo_coupled_00000254,22.4,gnb_2,1,194,226.65,218.411943154738,14.5478175988577,180.0,111.83609098128932,-0.5506992984542527,,,,SUMO/TraCI,0
sumo_coupled_00000254,22.4,gnb_2,2,163,226.65,281.548244981274,13.8847535225237,180.0,93.36283823086164,0.016583096771818604,,,,SUMO/TraCI,1
sumo_coupled_00000254,22.4,gnb_2,3,128,226.65,344.977303901581,10.8339283528635,180.0,113.73773570068298,0.5712906407120504,,,,SUMO/TraCI,2
sumo_coupled_00000254,22.4,gnb_2,4,86,226.65,390.191554210267,5.53759151774374,180.0,144.41745434425232,0.7630071774260748,,,,SUMO/TraCI,3
sumo_coupled_00000254,22.4,gnb_2,5,37,226.65,411.369479637341,1.89641345371771,180.0,161.15881198428383,0.8151554235219363,,,,SUMO/TraCI,4
sumo_coupled_00000255,22.5,gnb_1,0,223,226.65,153.23616970221,15.488494509313,180.0,92.80552503204808,0.35812705860704636,,,,SUMO/TraCI,0
sumo_coupled_00000256,22.5,gnb_2,1,195,226.65,216.954792006614,14.5715114812418,180.0,112.64510975150807,-0.5596799375708537,,,,SUMO/TraCI,0
sumo_coupled_00000256,22.5,gnb_2,2,164,226.65,280.161302060634,13.8694292063946,180.0,93.35013935905378,0.0017279252258379822,,,,SUMO/TraCI,1
sumo_coupled_00000256,22.5,gnb_2,3,129,226.65,343.885190787908,10.92113113674,180.0,113.11737312193652,0.5647690449728004,,,,SUMO/TraCI,2
sumo_coupled_00000256,22.5,gnb_2,4,87,226.65,389.630879167896,5.60675042370436,180.0,143.99011135187658,0.7613778344818762,,,,SUMO/TraCI,3
sumo_coupled_00000256,22.5,gnb_2,5,38,226.65,411.17476363673,1.94716000611544,180.0,161.00012768675677,0.8147494385342647,,,,SUMO/TraCI,4
sumo_coupled_00000257,22.6,gnb_1,0,224,226.65,151.687009261606,15.4916044060361,180.0,92.2620672646408,0.34344568901449224,,,,SUMO/TraCI,0
sumo_coupled_00000258,22.6,gnb_2,1,196,226.65,215.497585065907,14.5720694070686,180.0,113.46710550785149,-0.5684679682749965,,,,SUMO/TraCI,0
sumo_coupled_00000258,22.6,gnb_2,2,165,226.65,278.772067775023,13.8923428561157,180.0,93.35807580252035,-0.013152929882299977,,,,SUMO/TraCI,1
sumo_coupled_00000258,22.6,gnb_2,3,130,226.65,342.783083100034,11.021076878732,180.0,112.49861342943642,0.5580787281384052,,,,SUMO/TraCI,2
sumo_coupled_00000258,22.6,gnb_2,4,88,226.65,389.065191729476,5.65687438419935,180.0,143.5598779150615,0.7597191730269192,,,,SUMO/TraCI,3
sumo_coupled_00000258,22.6,gnb_2,5,39,226.65,410.974651859912,2.00111776817497,180.0,160.83712857989335,0.8143309509212754,,,,SUMO/TraCI,4
sumo_coupled_00000259,22.7,gnb_1,0,225,226.65,150.138229509197,15.4877975240943,180.0,91.74167743151982,0.32851186454153897,,,,SUMO/TraCI,0
sumo_coupled_00000260,22.7,gnb_2,1,197,226.65,214.041456354954,14.5612871095368,180.0,114.30114601252009,-0.57705933795118,,,,SUMO/TraCI,0
sumo_coupled_00000260,22.7,gnb_2,2,166,226.65,277.384157834682,13.8790994034065,180.0,93.3866432110816,-0.028010881164294597,,,,SUMO/TraCI,1
sumo_coupled_00000260,22.7,gnb_2,3,131,226.65,341.673267526184,11.0981557385067,180.0,111.8830390513069,0.5512298204368772,,,,SUMO/TraCI,2
sumo_coupled_00000260,22.7,gnb_2,4,89,226.65,388.493508006592,5.71683722883937,180.0,143.12604158424992,0.7580277272094346,,,,SUMO/TraCI,3
sumo_coupled_00000260,22.7,gnb_2,5,40,226.65,410.7696486321,2.05003227812471,180.0,160.67023216315735,0.8139009128916055,,,,SUMO/TraCI,4
sumo_coupled_00000261,22.8,gnb_1,0,226,226.65,148.587788029089,15.5044148010795,180.0,91.24409090125303,0.3133111168812842,,,,SUMO/TraCI,0
sumo_coupled_00000262,22.8,gnb_2,1,198,226.65,212.586150913171,14.5530544178274,180.0,115.14707789910152,-0.5854586179416631,,,,SUMO/TraCI,0
sumo_coupled_00000262,22.8,gnb_2,2,167,226.65,275.997245476595,13.869123580873,180.0,93.4357776431204,-0.04283963407136788,,,,SUMO/TraCI,1
sumo_coupled_00000262,22.8,gnb_2,3,132,226.65,340.555940468166,11.1732705801739,180.0,111.2710403743223,0.5442201336884447,,,,SUMO/TraCI,2
sumo_coupled_00000262,22.8,gnb_2,4,90,226.65,387.916024070626,5.77483935966072,180.0,142.68878985825037,0.7563034501717462,,,,SUMO/TraCI,3
sumo_coupled_00000262,22.8,gnb_2,5,41,226.65,410.561232193773,2.08416438326705,180.0,160.50064751257642,0.813462339356248,,,,SUMO/TraCI,4
sumo_coupled_00000263,22.9,gnb_1,0,227,226.65,147.037556842317,15.5023118677211,180.0,90.77032543734502,0.2978677966840595,,,,SUMO/TraCI,0
sumo_coupled_00000264,22.9,gnb_2,1,199,226.65,211.13148492284,14.5466599033056,180.0,116.00471916664861,-0.5936699435324327,,,,SUMO/TraCI,0
sumo_coupled_00000264,22.9,gnb_2,2,168,226.65,274.609970305976,13.8727517061932,180.0,93.50548069553174,-0.057643997484754676,,,,SUMO/TraCI,1
sumo_coupled_00000264,22.9,gnb_2,3,133,226.65,339.436360095972,11.1958037219464,180.0,110.66572821545998,0.5370800974647973,,,,SUMO/TraCI,2
sumo_coupled_00000264,22.9,gnb_2,4,91,226.65,387.333698805012,5.82325265614417,180.0,142.24888540570373,0.7545486103380621,,,,SUMO/TraCI,3
sumo_coupled_00000264,22.9,gnb_2,5,42,226.65,410.348620068203,2.12612125569512,180.0,160.32774324390877,0.8130135024098847,,,,SUMO/TraCI,4
sumo_coupled_00000265,23,gnb_1,0,228,226.65,145.489084000411,15.4847284190577,180.0,90.32118191863971,0.28220494305943955,,,,SUMO/TraCI,0
sumo_coupled_00000266,23,gnb_2,1,200,226.65,209.676762410463,14.5472251237747,180.0,116.87420692810912,-0.6017002334209957,,,,SUMO/TraCI,0
sumo_coupled_00000266,23,gnb_2,2,169,226.65,273.220928258411,13.8904204756506,180.0,93.59582423205434,-0.07242921142273927,,,,SUMO/TraCI,1
sumo_coupled_00000266,23,gnb_2,3,134,226.65,338.317553331988,11.1880676398345,180.0,110.06888537015928,0.5298277813558966,,,,SUMO/TraCI,2
sumo_coupled_00000266,23,gnb_2,4,92,226.65,386.744463293422,5.89235511590269,180.0,141.80480578527906,0.7527563167009623,,,,SUMO/TraCI,3
sumo_coupled_00000266,23,gnb_2,5,43,226.65,410.132232354084,2.16387714119698,180.0,160.1518666686633,0.8125552018904243,,,,SUMO/TraCI,4
sumo_coupled_00000267,23.1,gnb_1,0,229,226.65,143.938726783632,15.5035721677949,180.0,89.89596843029938,0.2662936636829586,,,,SUMO/TraCI,0
sumo_coupled_00000268,23.1,gnb_2,1,201,226.65,208.222952079397,14.538103310663,180.0,117.75469038724758,-0.6095472518721531,,,,SUMO/TraCI,0
sumo_coupled_00000268,23.1,gnb_2,2,170,226.65,271.833303519991,13.8762473841915,180.0,93.70654956510026,-0.08715182148858673,,,,SUMO/TraCI,1
sumo_coupled_00000268,23.1,gnb_2,3,135,226.65,337.200873942369,11.1667938961869,180.0,109.48133393309925,0.522471474245306,,,,SUMO/TraCI,2
sumo_coupled_00000268,23.1,gnb_2,4,93,226.65,386.148141485445,5.96321807976541,180.0,141.35646586136076,0.7509252642857719,,,,SUMO/TraCI,3
sumo_coupled_00000268,23.1,gnb_2,5,44,226.65,409.910415040207,2.21817313876725,180.0,159.97168010594513,0.8120838323018842,,,,SUMO/TraCI,4
sumo_coupled_00000269,23.2,gnb_1,0,230,226.65,142.388547795333,15.5017898829874,180.0,89.49563996298318,0.2501635588570938,,,,SUMO/TraCI,0
sumo_coupled_00000270,23.2,gnb_2,1,202,226.65,206.769048272484,14.5390380691287,180.0,118.64651192056922,-0.6172195924018585,,,,SUMO/TraCI,0
sumo_coupled_00000270,23.2,gnb_2,2,171,226.65,270.443925703838,13.8937781615388,180.0,93.83784447627603,-0.1018360380025351,,,,SUMO/TraCI,1
sumo_coupled_00000270,23.2,gnb_2,3,136,226.65,336.083172366064,11.1770157630544,180.0,108.90153682405791,0.5149897237600269,,,,SUMO/TraCI,2
sumo_coupled_00000270,23.2,gnb_2,4,94,226.65,385.543902934994,6.04238550451127,180.0,140.9032928882481,0.749052068064172,,,,SUMO/TraCI,3
sumo_coupled_00000270,23.2,gnb_2,5,45,226.65,409.684418150525,2.25996889681951,180.0,159.78820610746033,0.8116019405293904,,,,SUMO/TraCI,4
sumo_coupled_00000271,23.3,gnb_1,0,231,226.65,140.838310508784,15.5023728654847,180.0,89.12046726123297,0.23382182734412757,,,,SUMO/TraCI,0
sumo_coupled_00000272,23.3,gnb_2,1,203,226.65,205.313697956135,14.5535031634888,180.0,119.55026646974666,-0.6247271900708401,,,,SUMO/TraCI,0
sumo_coupled_00000272,23.3,gnb_2,2,172,226.65,269.055459827469,13.8846587636834,180.0,93.98939014371858,-0.11644442160754277,,,,SUMO/TraCI,1
sumo_coupled_00000272,23.3,gnb_2,3,137,226.65,334.964590841021,11.1858152504324,180.0,108.32972235873609,0.5073823660232842,,,,SUMO/TraCI,2
sumo_coupled_00000272,23.3,gnb_2,4,95,226.65,384.933873945005,6.1002898998904,180.0,140.44693090668162,0.7471425204351895,,,,SUMO/TraCI,3
sumo_coupled_00000272,23.3,gnb_2,5,46,226.65,409.453514560775,2.3090358975057,180.0,159.60086131389386,0.8111078693126422,,,,SUMO/TraCI,4
sumo_coupled_00000273,23.4,gnb_1,0,232,226.65,139.289903916657,15.4840659212728,180.0,88.77118278537164,0.21729916524031875,,,,SUMO/TraCI,0
sumo_coupled_00000274,23.4,gnb_2,1,204,226.65,203.859880871993,14.5381708414159,180.0,120.46385449929409,-0.6320578022717444,,,,SUMO/TraCI,0
sumo_coupled_00000274,23.4,gnb_2,2,173,226.65,267.668232011075,13.8722781639434,180.0,94.16100573874874,-0.13096470128133159,,,,SUMO/TraCI,1
sumo_coupled_00000274,23.4,gnb_2,3,138,226.65,333.845144657789,11.1944618323131,180.0,107.76605264747438,0.49964848238366744,,,,SUMO/TraCI,2
sumo_coupled_00000274,23.4,gnb_2,4,96,226.65,384.316930929391,6.16943015613881,180.0,139.98658713793736,0.7451923292236643,,,,SUMO/TraCI,3
sumo_coupled_00000274,23.4,gnb_2,5,47,226.65,409.218848671745,2.34665889029018,180.0,159.41058105424284,0.8106039625297867,,,,SUMO/TraCI,4
sumo_coupled_00000275,23.5,gnb_1,0,233,226.65,137.738968069748,15.5093584690929,180.0,88.44712255454974,0.20056014890487261,,,,SUMO/TraCI,0
sumo_coupled_00000275,23.5,gnb_1,1,205,226.65,202.404387263149,14.5549360884405,180.0,119.57719490026112,0.6891312957448299,,,,SUMO/TraCI,1
sumo_coupled_00000276,23.5,gnb_2,2,174,226.65,266.281388836082,13.8684317499259,180.0,94.35265122012616,-0.14539719855791108,,,,SUMO/TraCI,0
sumo_coupled_00000276,23.5,gnb_2,3,139,226.65,332.726647561382,11.1849709640781,180.0,107.21157522890049,0.4917999520929408,,,,SUMO/TraCI,1
sumo_coupled_00000276,23.5,gnb_2,4,97,226.65,383.692300395366,6.24630534025011,180.0,139.52173902758958,0.7431981648025578,,,,SUMO/TraCI,2
sumo_coupled_00000276,23.5,gnb_2,5,48,226.65,408.979672574115,2.39176097630244,180.0,159.21676556608577,0.8100885111912394,,,,SUMO/TraCI,3
sumo_coupled_00000277,23.6,gnb_1,0,234,226.65,136.189367076028,15.4960099372023,180.0,88.14940786143931,0.18365826236151023,,,,SUMO/TraCI,0
sumo_coupled_00000277,23.6,gnb_1,1,206,226.65,200.948335466667,14.5605179648187,180.0,118.57847829527945,0.6826562174722183,,,,SUMO/TraCI,1
sumo_coupled_00000278,23.6,gnb_2,2,175,226.65,264.893270488492,13.8811834759051,180.0,94.56445302825932,-0.15975061482133815,,,,SUMO/TraCI,0
sumo_coupled_00000278,23.6,gnb_2,3,140,226.65,331.609595427392,11.1705213398929,180.0,106.66664352167025,0.483840062117517,,,,SUMO/TraCI,1
sumo_coupled_00000278,23.6,gnb_2,4,98,226.65,383.061207716573,6.31092678793249,180.0,139.05335319940545,0.7411630524923842,,,,SUMO/TraCI,2
sumo_coupled_00000278,23.6,gnb_2,5,49,226.65,408.735802439458,2.43870134657528,180.0,159.01927345366397,0.8095610025345125,,,,SUMO/TraCI,3
sumo_coupled_00000279,23.7,gnb_1,0,235,226.65,134.641139418643,15.4822765738458,180.0,87.87824226437476,0.16660710366277348,,,,SUMO/TraCI,0
sumo_coupled_00000279,23.7,gnb_1,1,207,226.65,199.494319085676,14.5401638099102,180.0,117.59068528967451,0.6760256468431034,,,,SUMO/TraCI,1
sumo_coupled_00000280,23.7,gnb_2,2,176,226.65,263.50505338536,13.8821710313177,180.0,94.79612736720748,-0.17400443533673357,,,,SUMO/TraCI,0
sumo_coupled_00000280,23.7,gnb_2,3,141,226.65,330.48996361432,11.1963181307237,180.0,106.1294441979951,0.47573945191049827,,,,SUMO/TraCI,1
sumo_coupled_00000280,23.7,gnb_2,4,99,226.65,382.422198977607,6.39008738966015,180.0,138.58040750195724,0.7390813811552724,,,,SUMO/TraCI,2
sumo_coupled_00000280,23.7,gnb_2,5,50,226.65,408.486577558979,2.49224880478508,180.0,158.8175780977015,0.8090198773837021,,,,SUMO/TraCI,3
sumo_coupled_00000281,23.8,gnb_1,0,236,226.65,133.0906583931,15.5048102554341,180.0,87.63325759758587,0.1493800270807304,,,,SUMO/TraCI,0
sumo_coupled_00000281,23.8,gnb_1,1,208,226.65,198.037757723215,14.565613624617,180.0,116.61095201766945,0.669214652422959,,,,SUMO/TraCI,1
sumo_coupled_00000282,23.8,gnb_2,2,177,226.65,262.11744145099,13.8761193436971,180.0,95.04740080748537,-0.18814358306578424,,,,SUMO/TraCI,0
sumo_coupled_00000282,23.8,gnb_2,3,142,226.65,329.372744618641,11.1721899567859,180.0,105.60251138669733,0.4675338111784757,,,,SUMO/TraCI,1
sumo_coupled_00000282,23.8,gnb_2,4,100,226.65,381.777520254768,6.44678722838787,180.0,138.10462023122074,0.7369595606893358,,,,SUMO/TraCI,2
sumo_coupled_00000282,23.8,gnb_2,5,51,226.65,408.232677057529,2.53900501450105,180.0,158.61223775402865,0.8084664769460509,,,,SUMO/TraCI,3
sumo_coupled_00000283,23.9,gnb_1,0,237,226.65,131.542943614434,15.477147786658,180.0,87.41545656968225,0.13204694075163548,,,,SUMO/TraCI,0
sumo_coupled_00000283,23.9,gnb_1,1,209,226.65,196.581885805984,14.5587191723105,180.0,115.6417214226802,0.6622340524149652,,,,SUMO/TraCI,1
sumo_coupled_00000284,23.9,gnb_2,2,178,226.65,260.730268358405,13.8717309258552,180.0,95.31812554566464,-0.20216230156942536,,,,SUMO/TraCI,0
sumo_coupled_00000284,23.9,gnb_2,3,143,226.65,328.255610861275,11.1713375736598,180.0,105.08485371163059,0.45920614776412966,,,,SUMO/TraCI,1
sumo_coupled_00000284,23.9,gnb_2,4,101,226.65,381.126468925052,6.51051329716024,180.0,137.62552531143888,0.7347944263697337,,,,SUMO/TraCI,2
sumo_coupled_00000284,23.9,gnb_2,5,52,226.65,407.974537264764,2.58139792765141,180.0,158.40361324202954,0.8079016295494975,,,,SUMO/TraCI,3
sumo_coupled_00000285,24,gnb_1,0,238,226.65,129.992186420704,15.5075719372962,180.0,87.2242299448158,0.1145574621527271,,,,SUMO/TraCI,0
sumo_coupled_00000285,24,gnb_1,1,210,226.65,195.126262494181,14.5562331180244,180.0,114.68294474918486,0.6550778989716776,,,,SUMO/TraCI,1
sumo_coupled_00000286,24,gnb_2,2,179,226.65,259.341602130759,13.8866622764533,180.0,95.60853467407532,-0.2160727380632331,,,,SUMO/TraCI,0
sumo_coupled_00000286,24,gnb_2,3,144,226.65,327.138529223834,11.1708163744153,180.0,104.57659124960159,0.450756031159254,,,,SUMO/TraCI,1
sumo_coupled_00000286,24,gnb_2,4,102,226.65,380.467901350031,6.58567575021562,180.0,137.14234102449748,0.7325812043130037,,,,SUMO/TraCI,2
sumo_coupled_00000286,24,gnb_2,5,53,226.65,407.71265228623,2.61884978533769,180.0,158.192111225508,0.8073263027899759,,,,SUMO/TraCI,3
sumo_coupled_00000287,24.1,gnb_1,0,239,226.65,128.441393270166,15.5079315053799,180.0,87.0602068705422,0.09696040905023674,,,,SUMO/TraCI,0
sumo_coupled_00000287,24.1,gnb_1,1,211,226.65,193.669468889989,14.5679360419167,180.0,113.73395775463482,0.6477350330929362,,,,SUMO/TraCI,1
sumo_coupled_00000288,24.1,gnb_2,2,180,226.65,257.954272327261,13.873298034979,180.0,95.91786386602116,-0.22983964388044198,,,,SUMO/TraCI,0
sumo_coupled_00000288,24.1,gnb_2,3,145,226.65,326.021535404311,11.169938195229,180.0,104.07787575162288,0.44218365403747584,,,,SUMO/TraCI,1
sumo_coupled_00000288,24.1,gnb_2,4,103,226.65,379.803496009998,6.64405340032754,180.0,136.6563584902572,0.7303245682279279,,,,SUMO/TraCI,2
sumo_coupled_00000288,24.1,gnb_2,5,54,226.65,407.446513963646,2.66138322584517,180.0,157.9773288212135,0.8067392638843772,,,,SUMO/TraCI,3
sumo_coupled_00000289,24.2,gnb_1,0,240,226.65,126.892943918234,15.4844935193226,180.0,86.92373194853015,0.07929875724060596,,,,SUMO/TraCI,0
sumo_coupled_00000289,24.2,gnb_1,1,212,226.65,192.214731099514,14.5473779047541,180.0,112.79711826006512,0.640217872703234,,,,SUMO/TraCI,1
sumo_coupled_00000290,24.2,gnb_2,2,181,226.65,256.566653699285,13.8761862797653,180.0,96.24626859701748,-0.2434727770988223,,,,SUMO/TraCI,0
sumo_coupled_00000290,24.2,gnb_2,3,146,226.65,324.901648031957,11.1988737235393,180.0,103.58754990820927,0.4334656826205961,,,,SUMO/TraCI,1
sumo_coupled_00000290,24.2,gnb_2,4,104,226.65,379.131956095122,6.71539914875952,180.0,136.16668909555375,0.7280191414917716,,,,SUMO/TraCI,2
sumo_coupled_00000290,24.2,gnb_2,5,55,226.65,407.175895721853,2.70618241792475,180.0,157.75909150554725,0.8061398839722727,,,,SUMO/TraCI,3
sumo_coupled_00000291,24.3,gnb_1,0,241,226.65,125.342749737981,15.5019418025237,180.0,86.81455796560101,0.06154209458853641,,,,SUMO/TraCI,0
sumo_coupled_00000291,24.3,gnb_1,1,213,226.65,190.759505178086,14.5522592142823,180.0,111.87104215590189,0.632509573652461,,,,SUMO/TraCI,1
sumo_coupled_00000292,24.3,gnb_2,2,182,226.65,255.178277187343,13.8837651194241,180.0,96.59368728539343,-0.2569704450697623,,,,SUMO/TraCI,0
sumo_coupled_00000292,24.3,gnb_2,3,147,226.65,323.78371309605,11.1793493590725,180.0,103.1078854039652,0.4246398122171772,,,,SUMO/TraCI,1
sumo_coupled_00000292,24.3,gnb_2,4,105,226.65,378.453829426653,6.78126668468592,180.0,135.67379639699215,0.7256657662808327,,,,SUMO/TraCI,2
sumo_coupled_00000292,24.3,gnb_2,5,56,226.65,406.899515334668,2.76380387185281,180.0,157.53637513975508,0.8055251698034298,,,,SUMO/TraCI,3
sumo_coupled_00000293,24.4,gnb_1,0,242,226.65,123.794963823509,15.4778591447265,180.0,86.73306319058345,0.04375452317612841,,,,SUMO/TraCI,0
sumo_coupled_00000293,24.4,gnb_1,1,214,226.65,189.302777018068,14.567281600178,180.0,110.9553847382634,0.6246003939470698,,,,SUMO/TraCI,1
sumo_coupled_00000294,24.4,gnb_2,2,183,226.65,253.789052096224,13.8922509111892,180.0,96.95997261764495,-0.27032750934385147,,,,SUMO/TraCI,0
sumo_coupled_00000294,24.4,gnb_2,3,148,226.65,322.664877517218,11.1883557883173,180.0,102.63778190100959,0.4156839394519135,,,,SUMO/TraCI,1
sumo_coupled_00000294,24.4,gnb_2,4,106,226.65,377.769978551092,6.83850875561413,180.0,135.1783681136926,0.7232664509521372,,,,SUMO/TraCI,2
sumo_coupled_00000294,24.4,gnb_2,5,57,226.65,406.618893135409,2.80622199259,180.0,157.31041478184503,0.8048983489809087,,,,SUMO/TraCI,3
sumo_coupled_00000295,24.5,gnb_1,0,243,226.65,122.247218846129,15.4774497737956,180.0,86.67913527800332,0.025925718327964004,,,,SUMO/TraCI,0
sumo_coupled_00000295,24.5,gnb_1,1,215,226.65,187.848252284155,14.5452473391294,180.0,110.05275025193302,0.6165066491190508,,,,SUMO/TraCI,1
sumo_coupled_00000296,24.5,gnb_2,2,184,226.65,252.400095898447,13.8895619777674,180.0,97.34463111242921,-0.2835277486405613,,,,SUMO/TraCI,0
sumo_coupled_00000296,24.5,gnb_2,3,149,226.65,321.54599959601,11.1887792120804,180.0,102.17774993819184,0.40660515250278584,,,,SUMO/TraCI,1
sumo_coupled_00000296,24.5,gnb_2,4,107,226.65,377.079587076908,6.90391474183378,180.0,134.67987498888974,0.7208173239314076,,,,SUMO/TraCI,2
sumo_coupled_00000296,24.5,gnb_2,5,58,226.65,406.333687680659,2.85205454749521,180.0,157.0809445572387,0.8042585180319202,,,,SUMO/TraCI,3
sumo_coupled_00000296,24.5,gnb_2,6,0,226.65,415.145165699823,0.0483430017681676,0.0,164.25114402046827,0.0,,,,SUMO/TraCI,4
sumo_coupled_00000297,24.6,gnb_1,0,244,226.65,120.697732128657,15.494867174722,180.0,86.65280913001817,0.008052042809253682,,,,SUMO/TraCI,0
sumo_coupled_00000297,24.6,gnb_1,1,216,226.65,186.391554967779,14.5669731637561,180.0,109.1607121222632,0.6082000902799031,,,,SUMO/TraCI,1
sumo_coupled_00000298,24.6,gnb_2,2,185,226.65,251.011385197107,13.887107013396,180.0,97.74744133833124,-0.29656648200698477,,,,SUMO/TraCI,0
sumo_coupled_00000298,24.6,gnb_2,3,150,226.65,320.426022988124,11.1997660788603,180.0,101.72750775791339,0.3973951970230907,,,,SUMO/TraCI,1
sumo_coupled_00000298,24.6,gnb_2,4,108,226.65,376.384299185352,6.95287891556052,180.0,134.1795648727907,0.7183232355592254,,,,SUMO/TraCI,2
sumo_coupled_00000298,24.6,gnb_2,5,59,226.65,406.044340248131,2.8934743252832,180.0,156.84832867642106,0.8036065242885766,,,,SUMO/TraCI,3
sumo_coupled_00000298,24.6,gnb_2,6,1,226.65,415.135681741461,0.0948395836219952,180.0,164.2433407469826,0.822777234844717,,,,SUMO/TraCI,4
sumo_coupled_00000299,24.7,gnb_1,0,245,226.65,119.14933748651,15.4839464214665,180.0,86.65417547188282,-0.009816751574377542,,,,SUMO/TraCI,0
sumo_coupled_00000299,24.7,gnb_1,1,217,226.65,184.936884149248,14.5467081853135,180.0,108.28213806077554,0.5997007937985196,,,,SUMO/TraCI,1
sumo_coupled_00000300,24.7,gnb_2,2,186,226.65,249.62498288159,13.8640231551752,180.0,98.16753111362075,-0.30942020007871485,,,,SUMO/TraCI,0
sumo_coupled_00000300,24.7,gnb_2,3,151,226.65,319.307787932842,11.1823505528225,180.0,101.28832456000681,0.38807817291473395,,,,SUMO/TraCI,1
sumo_coupled_00000300,24.7,gnb_2,4,109,226.65,375.681631817833,7.02667367519167,180.0,133.67571644589512,0.7157742210909331,,,,SUMO/TraCI,2
sumo_coupled_00000300,24.7,gnb_2,5,60,226.65,405.749078749712,2.95261498418893,180.0,156.6111531992574,0.8029382083006605,,,,SUMO/TraCI,3
sumo_coupled_00000300,24.7,gnb_2,6,2,226.65,415.121450272901,0.142314685602211,180.0,164.2316316178222,0.8227492410678686,,,,SUMO/TraCI,4
sumo_coupled_00000301,24.8,gnb_1,0,246,226.65,117.600481130558,15.4885635595244,180.0,86.68321746915494,-0.02768146983348699,,,,SUMO/TraCI,0
sumo_coupled_00000301,24.8,gnb_1,1,218,226.65,183.480515537435,14.5636861181275,180.0,107.41507507281521,0.5909833000107519,,,,SUMO/TraCI,1
sumo_coupled_00000302,24.8,gnb_2,2,187,226.65,248.238017993104,13.8696488848617,180.0,98.60550695070933,-0.3221116445633519,,,,SUMO/TraCI,0
sumo_coupled_00000302,24.8,gnb_2,3,152,226.65,318.188821029072,11.1896690377011,180.0,100.85935034289331,0.3786344141543725,,,,SUMO/TraCI,1
sumo_coupled_00000302,24.8,gnb_2,4,110,226.65,374.972416318451,7.09215499382195,180.0,133.16899925044558,0.7131721110244299,,,,SUMO/TraCI,2
sumo_coupled_00000302,24.8,gnb_2,5,61,226.65,405.450121609458,2.98957140254252,180.0,156.37121062340023,0.8022584279377892,,,,SUMO/TraCI,3
sumo_coupled_00000302,24.8,gnb_2,6,3,226.65,415.103004569557,0.184457033440627,180.0,164.21645576409736,0.8227129488389227,,,,SUMO/TraCI,4
sumo_coupled_00000303,24.9,gnb_1,0,247,226.65,116.049201238443,15.5127989211527,180.0,86.7400213906725,-0.045547588047768706,,,,SUMO/TraCI,0
sumo_coupled_00000303,24.9,gnb_1,1,219,226.65,182.025872388286,14.546431491493,180.0,106.56186628211773,0.5820644340450578,,,,SUMO/TraCI,1
sumo_coupled_00000304,24.9,gnb_2,2,188,226.65,246.850420834067,13.8759715903662,180.0,99.0611785659673,-0.33463743966924314,,,,SUMO/TraCI,0
sumo_coupled_00000304,24.9,gnb_2,3,153,226.65,317.070874013416,11.1794701565558,180.0,100.44138688866538,0.36907967085826243,,,,SUMO/TraCI,1
sumo_coupled_00000304,24.9,gnb_2,4,111,226.65,374.255996458147,7.16419860303876,180.0,132.65901917441656,0.7105132922339924,,,,SUMO/TraCI,2
sumo_coupled_00000304,24.9,gnb_2,5,62,226.65,405.146063016454,3.04058593003824,180.0,156.12738257115012,0.8015638317604064,,,,SUMO/TraCI,3
sumo_coupled_00000304,24.9,gnb_2,6,4,226.65,415.079780691756,0.232238778007152,180.0,164.1973497098321,0.8226672411611249,,,,SUMO/TraCI,4
sumo_coupled_00000305,25,gnb_1,0,248,226.65,114.500139997593,15.4906124084943,180.0,86.82436846903107,-0.06334465887153237,,,,SUMO/TraCI,0
sumo_coupled_00000305,25,gnb_1,1,220,226.65,180.569047622915,14.5682476537062,180.0,105.72053740852317,0.5729165695485005,,,,SUMO/TraCI,1
sumo_coupled_00000306,25,gnb_2,2,189,226.65,245.463474068706,13.8694676536061,180.0,99.5338842977754,-0.34698259969410133,,,,SUMO/TraCI,0
sumo_coupled_00000306,25,gnb_2,3,154,226.65,315.951225593106,11.1964842031011,180.0,100.03355997687176,0.3593916441783949,,,,SUMO/TraCI,1
sumo_coupled_00000306,25,gnb_2,4,112,226.65,373.533003988788,7.22992469358918,180.0,132.14630276767727,0.7077988716281055,,,,SUMO/TraCI,2
sumo_coupled_00000306,25,gnb_2,5,63,226.65,404.837248713241,3.08814303212985,180.0,155.87995755160955,0.8008550340534271,,,,SUMO/TraCI,3
sumo_coupled_00000306,25,gnb_2,6,5,226.65,415.052545823026,0.272348687301995,180.0,164.17494520565717,0.8226136189894846,,,,SUMO/TraCI,4
sumo_coupled_00000307,25.1,gnb_1,0,249,226.65,112.948790861165,15.5134913642832,180.0,86.93642533667686,-0.08110764977427973,,,,SUMO/TraCI,0
sumo_coupled_00000307,25.1,gnb_1,1,221,226.65,179.111860596331,14.5718702658445,180.0,104.89249049936831,0.5635471168137343,,,,SUMO/TraCI,1
sumo_coupled_00000308,25.1,gnb_2,2,190,226.65,244.073955441799,13.8951862690775,180.0,100.0245128835819,-0.35917240206923245,,,,SUMO/TraCI,0
sumo_coupled_00000308,25.1,gnb_2,3,155,226.65,314.833858385054,11.1736720805161,180.0,99.63744371464973,0.3496061027500281,,,,SUMO/TraCI,1
sumo_coupled_00000308,25.1,gnb_2,4,113,226.65,372.803417573244,7.29586415544626,180.0,131.6309113136952,0.7050275398616687,,,,SUMO/TraCI,2
sumo_coupled_00000308,25.1,gnb_2,5,64,226.65,404.52426315422,3.12985559021472,180.0,155.6294143602084,0.8001332117462405,,,,SUMO/TraCI,3
sumo_coupled_00000308,25.1,gnb_2,6,6,226.65,415.020513187011,0.320326360151216,180.0,164.14859573351154,0.8225505224925055,,,,SUMO/TraCI,4
sumo_coupled_00000309,25.2,gnb_1,0,250,226.65,111.397252007744,15.5153885342122,180.0,87.07599998287856,-0.09879585642367045,,,,SUMO/TraCI,0
sumo_coupled_00000309,25.2,gnb_1,1,222,226.65,177.655202630383,14.5665796594757,180.0,104.07855153849195,0.553958541679551,,,,SUMO/TraCI,1
sumo_coupled_00000310,25.2,gnb_2,2,191,226.65,242.686517383581,13.8743805821734,180.0,100.53118165507557,-0.37116327493734524,,,,SUMO/TraCI,0
sumo_coupled_00000310,25.2,gnb_2,3,156,226.65,313.715741290007,11.1811709504691,180.0,99.2520715689838,0.339698111656776,,,,SUMO/TraCI,1
sumo_coupled_00000310,25.2,gnb_2,4,114,226.65,372.068612143849,7.34805429395017,180.0,131.11388882225444,0.7022033513830296,,,,SUMO/TraCI,2
sumo_coupled_00000310,25.2,gnb_2,5,65,226.65,404.207258355104,3.17004799115448,180.0,155.3758846413804,0.7993985594468793,,,,SUMO/TraCI,3
sumo_coupled_00000310,25.2,gnb_2,6,7,226.65,414.98489270142,0.356204855906704,180.0,164.1192973346336,0.8224803231163637,,,,SUMO/TraCI,4
sumo_coupled_00000311,25.3,gnb_1,0,251,226.65,109.847329860384,15.4992214736004,180.0,87.24276022091375,-0.11637263784304497,,,,SUMO/TraCI,0
sumo_coupled_00000311,25.3,gnb_1,1,223,226.65,176.201312750391,14.5388987999228,180.0,103.28025007167277,0.5441632133093144,,,,SUMO/TraCI,1
sumo_coupled_00000312,25.3,gnb_2,2,192,226.65,241.298472894858,13.880444887232,180.0,101.05459267282234,-0.3829764296853219,,,,SUMO/TraCI,0
sumo_coupled_00000312,25.3,gnb_2,3,157,226.65,312.598238097558,11.1750319244957,180.0,98.87804421136717,0.3296812589443438,,,,SUMO/TraCI,1
sumo_coupled_00000312,25.3,gnb_2,4,115,226.65,371.327651706649,7.40960437199203,180.0,130.59464945491064,0.6993215425581504,,,,SUMO/TraCI,2
sumo_coupled_00000312,25.3,gnb_2,5,66,226.65,403.886740779864,3.20517575240182,180.0,155.11978288102785,0.7986521027745466,,,,SUMO/TraCI,3
sumo_coupled_00000312,25.3,gnb_2,6,8,226.65,414.945684794619,0.392079068009071,180.0,164.0870511182667,0.8224030103225886,,,,SUMO/TraCI,4
sumo_coupled_00000313,25.4,gnb_1,0,252,226.65,108.297609840443,15.4972001994063,180.0,87.436653844063,-0.13383849501408612,,,,SUMO/TraCI,0
sumo_coupled_00000313,25.4,gnb_1,1,224,226.65,174.745024848592,14.5628790179959,180.0,102.49507425078025,0.5341234712864775,,,,SUMO/TraCI,1
sumo_coupled_00000314,25.4,gnb_2,2,193,226.65,239.909106976413,13.8936591844549,180.0,101.59479417484292,-0.39461562326305083,,,,SUMO/TraCI,0
sumo_coupled_00000314,25.4,gnb_2,3,158,226.65,311.481717753437,11.1652034412045,180.0,98.51558786662682,0.3195607764738495,,,,SUMO/TraCI,1
sumo_coupled_00000314,25.4,gnb_2,4,116,226.65,370.581026526281,7.466251803686,180.0,130.07361326016442,0.6963827962947947,,,,SUMO/TraCI,2
sumo_coupled_00000314,25.4,gnb_2,5,67,226.65,403.562751492093,3.23989287770633,180.0,154.86115089426636,0.7978937956909362,,,,SUMO/TraCI,3
sumo_coupled_00000314,25.4,gnb_2,6,9,226.65,414.90162631843,0.440584761892052,180.0,164.05081920965014,0.8223160784465897,,,,SUMO/TraCI,4
sumo_coupled_00000315,25.5,gnb_1,0,253,226.65,106.747881715154,15.4972812528943,180.0,87.6575218622769,-0.15118061751354403,,,,SUMO/TraCI,0
sumo_coupled_00000315,25.5,gnb_1,1,225,226.65,173.290640901015,14.5438394757702,180.0,101.72568460148564,0.5238661318405786,,,,SUMO/TraCI,1
sumo_coupled_00000316,25.5,gnb_2,2,194,226.65,238.5195757293,13.8953124711271,180.0,102.15110424110587,-0.406069269430454,,,,SUMO/TraCI,0
sumo_coupled_00000316,25.5,gnb_2,3,159,226.65,310.363025433202,11.1869232023589,180.0,98.16382130631055,0.309309733760844,,,,SUMO/TraCI,1
sumo_coupled_00000316,25.5,gnb_2,4,117,226.65,369.829282080389,7.51744445892153,180.0,129.5512347261812,0.6933880813274509,,,,SUMO/TraCI,2
sumo_coupled_00000316,25.5,gnb_2,5,68,226.65,403.234701707267,3.28049784826254,180.0,154.59952847560393,0.7971221058847773,,,,SUMO/TraCI,3
sumo_coupled_00000316,25.5,gnb_2,6,10,226.65,414.853411017339,0.482153010913413,180.0,164.0111732871007,0.822220878703665,,,,SUMO/TraCI,4
sumo_coupled_00000317,25.6,gnb_1,0,254,226.65,105.197839577941,15.5004213721246,180.0,87.90521288956856,-0.16838774329179207,,,,SUMO/TraCI,0
sumo_coupled_00000317,25.6,gnb_1,1,226,226.65,171.834667449999,14.5597345101582,180.0,100.97056625399298,0.5133641354412939,,,,SUMO/TraCI,1
sumo_coupled_00000318,25.6,gnb_2,2,195,226.65,237.132420032715,13.8715569658503,180.0,102.72220749308093,-0.41731560305664606,,,,SUMO/TraCI,0
sumo_coupled_00000318,25.6,gnb_2,3,160,226.65,309.245442413586,11.1758301961585,180.0,97.82391528642867,0.29896004804096465,,,,SUMO/TraCI,1
sumo_coupled_00000318,25.6,gnb_2,4,118,226.65,369.070628473543,7.58653606845168,180.0,129.02635140416834,0.6903289715953751,,,,SUMO/TraCI,2
sumo_coupled_00000318,25.6,gnb_2,5,69,226.65,402.902419405691,3.3228230157597,180.0,154.334789324288,0.7963364575400341,,,,SUMO/TraCI,3
sumo_coupled_00000318,25.6,gnb_2,6,11,226.65,414.802123715464,0.512873018745692,180.0,163.9690063951089,0.8221195375828361,,,,SUMO/TraCI,4
sumo_coupled_00000319,25.7,gnb_1,0,255,226.65,103.64774945611,15.5009012183116,180.0,88.17946811956938,-0.1854428348526293,,,,SUMO/TraCI,0
sumo_coupled_00000319,25.7,gnb_1,1,227,226.65,170.379032885056,14.5563456494226,180.0,100.23108028168485,0.5026288526819532,,,,SUMO/TraCI,1
sumo_coupled_00000320,25.7,gnb_2,2,196,226.65,235.744834867541,13.8758516517356,180.0,103.30896447502131,-0.428376814706717,,,,SUMO/TraCI,0
sumo_coupled_00000320,25.7,gnb_2,3,161,226.65,308.125679788776,11.1976262480987,180.0,97.49500686486853,0.28848328435690207,,,,SUMO/TraCI,1
sumo_coupled_00000320,25.7,gnb_2,4,119,226.65,368.306116705576,7.6451176796752,180.0,128.49977722789566,0.6872083252639748,,,,SUMO/TraCI,2
sumo_coupled_00000320,25.7,gnb_2,5,70,226.65,402.566055737072,3.36363668619352,180.0,154.06706500398795,0.7955370327454441,,,,SUMO/TraCI,3
sumo_coupled_00000320,25.7,gnb_2,6,12,226.65,414.746192267933,0.559314475310627,180.0,163.9230271520959,0.8220089307093433,,,,SUMO/TraCI,4
sumo_coupled_00000321,25.8,gnb_1,0,256,226.65,102.099017193902,15.4873226220847,180.0,88.47975861983473,-0.20231726538735256,,,,SUMO/TraCI,0
sumo_coupled_00000321,25.8,gnb_1,1,228,226.65,168.922416244738,14.56616640318,180.0,99.50691087167466,0.49164842739243464,,,,SUMO/TraCI,1
sumo_coupled_00000322,25.8,gnb_2,2,197,226.65,234.356216397292,13.8861847024914,180.0,103.91139245323794,-0.4392567795032537,,,,SUMO/TraCI,0
sumo_coupled_00000322,25.8,gnb_2,3,162,226.65,307.007478065694,11.1820172308199,180.0,97.1783225388715,0.27791669335402397,,,,SUMO/TraCI,1
sumo_coupled_00000322,25.8,gnb_2,4,120,226.65,367.536600568265,7.69516137311337,180.0,127.97218033247682,0.684028359451573,,,,SUMO/TraCI,2
sumo_coupled_00000322,25.8,gnb_2,5,71,226.65,402.225386776547,3.40668960524397,180.0,153.79618874561393,0.7947231187810089,,,,SUMO/TraCI,3
sumo_coupled_00000322,25.8,gnb_2,6,13,226.65,414.686898153288,0.592941146448962,180.0,163.8742903391321,0.8218915723421788,,,,SUMO/TraCI,4
sumo_coupled_00000323,25.9,gnb_1,0,257,226.65,100.549537809654,15.4947938424756,180.0,88.80621025253853,-0.2190214190543055,,,,SUMO/TraCI,0
sumo_coupled_00000323,25.9,gnb_1,1,229,226.65,167.465674819233,14.5674142550588,180.0,98.79885012511618,0.48042740132221934,,,,SUMO/TraCI,1
sumo_coupled_00000324,25.9,gnb_2,2,198,226.65,232.967763832441,13.8845256485082,180.0,104.52872207637978,-0.4499455769983705,,,,SUMO/TraCI,0
sumo_coupled_00000324,25.9,gnb_2,3,163,226.65,305.890439592155,11.1703847353929,180.0,96.87382186264269,0.267259400881954,,,,SUMO/TraCI,1
sumo_coupled_00000324,25.9,gnb_2,4,121,226.65,366.760267548502,7.76333019762215,180.0,127.44240473675804,0.6807802138362966,,,,SUMO/TraCI,2
sumo_coupled_00000324,25.9,gnb_2,5,72,226.65,401.880103728484,3.45283048063284,180.0,153.52192737477608,0.7938937832049986,,,,SUMO/TraCI,3
sumo_coupled_00000324,25.9,gnb_2,6,14,226.65,414.624761643798,0.621365094903982,180.0,163.8232246894482,0.8217684757396254,,,,SUMO/TraCI,4
sumo_coupled_00000325,26,gnb_1,0,258,226.65,98.9995372638148,15.5000054583919,180.0,89.15852138261324,-0.2355407246612379,,,,SUMO/TraCI,0
sumo_coupled_00000325,26,gnb_1,1,230,226.65,166.00840456778,14.5727025145274,180.0,98.10706290004059,0.46896118595107744,,,,SUMO/TraCI,1
sumo_coupled_00000326,26,gnb_2,2,199,226.65,231.578864192597,13.8889963984406,180.0,105.16096658398953,-0.46044780093125337,,,,SUMO/TraCI,0
sumo_coupled_00000326,26,gnb_2,3,164,226.65,304.773604329437,11.1683526271721,180.0,96.58133345254402,0.25650509724645376,,,,SUMO/TraCI,1
sumo_coupled_00000326,26,gnb_2,4,122,226.65,365.976735226246,7.83532322256741,180.0,126.91028918162627,0.6774607148140788,,,,SUMO/TraCI,2
sumo_coupled_00000326,26,gnb_2,5,73,226.65,401.529093810441,3.51009918042668,180.0,153.24341141591364,0.7930461263395024,,,,SUMO/TraCI,3
sumo_coupled_00000326,26,gnb_2,6,15,226.65,414.559728297911,0.650333458866468,180.0,163.76978652855243,0.8216395169719002,,,,SUMO/TraCI,4
sumo_coupled_00000327,26.1,gnb_1,0,259,226.65,97.4481303488074,15.514069150075,180.0,89.53663677380553,-0.25187309311343586,,,,SUMO/TraCI,0
sumo_coupled_00000327,26.1,gnb_1,1,231,226.65,164.552733740603,14.5567082717658,180.0,97.43289271986677,0.4572658421288831,,,,SUMO/TraCI,1
sumo_coupled_00000328,26.1,gnb_2,2,200,226.65,230.191844094833,13.8702009776393,180.0,105.80678094845067,-0.47074634970166684,,,,SUMO/TraCI,0
sumo_coupled_00000328,26.1,gnb_2,3,165,226.65,303.655817324672,11.1778700476524,180.0,96.30067597529236,0.24564539225811163,,,,SUMO/TraCI,1
sumo_coupled_00000328,26.1,gnb_2,4,123,226.65,365.187876230317,7.88858995928345,180.0,126.37720030381985,0.6740763051050286,,,,SUMO/TraCI,2
sumo_coupled_00000328,26.1,gnb_2,5,74,226.65,401.174252741663,3.5484106877828,180.0,152.96215880896955,0.7921845094576258,,,,SUMO/TraCI,3
sumo_coupled_00000328,26.1,gnb_2,6,16,226.65,414.49013567478,0.695926231306754,180.0,163.7126112852053,0.8215013774380732,,,,SUMO/TraCI,4
sumo_coupled_00000329,26.2,gnb_1,0,260,226.65,95.8964994434899,15.5163090531749,180.0,89.93998687501396,-0.2679953755164072,,,,SUMO/TraCI,0
sumo_coupled_00000329,26.2,gnb_1,1,232,226.65,163.095593585983,14.5714015462033,180.0,96.77526898194715,0.44531618500613246,,,,SUMO/TraCI,1
sumo_coupled_00000330,26.2,gnb_2,2,201,226.65,228.802461418237,13.8938267659657,180.0,106.4678846264502,-0.48087307042300176,,,,SUMO/TraCI,0
sumo_coupled_00000330,26.2,gnb_2,3,166,226.65,302.536593221305,11.1922410336707,180.0,96.03187249045271,0.23467826500566819,,,,SUMO/TraCI,1
sumo_coupled_00000330,26.2,gnb_2,4,124,226.65,364.393472239077,7.94403991240737,180.0,125.84307949413771,0.6706246587283207,,,,SUMO/TraCI,2
sumo_coupled_00000330,26.2,gnb_2,5,75,226.65,400.814508924268,3.59743817394786,180.0,152.67733317887115,0.7913061252041006,,,,SUMO/TraCI,3
sumo_coupled_00000330,26.2,gnb_2,6,17,226.65,414.417073668435,0.730620063448101,180.0,163.65259604902542,0.8213561954627819,,,,SUMO/TraCI,4
sumo_coupled_00000331,26.3,gnb_1,0,261,226.65,94.3464661490083,15.5003329448157,180.0,90.36772819454951,-0.28387937113748296,,,,SUMO/TraCI,0
sumo_coupled_00000331,26.3,gnb_1,1,233,226.65,161.640884229634,14.5470935634936,180.0,96.13628731871115,0.4331442932842422,,,,SUMO/TraCI,1
sumo_coupled_00000332,26.3,gnb_2,2,202,226.65,227.413063119386,13.8939829885056,180.0,107.14293458033376,-0.4908110561521468,,,,SUMO/TraCI,0
sumo_coupled_00000332,26.3,gnb_2,3,167,226.65,301.416800703248,11.197925180567,180.0,95.77526743561013,0.2236151490534499,,,,SUMO/TraCI,1
sumo_coupled_00000332,26.3,gnb_2,4,125,226.65,363.592078794084,8.01393444992331,180.0,125.30705541635054,0.6670979420619007,,,,SUMO/TraCI,2
sumo_coupled_00000332,26.3,gnb_2,5,76,226.65,400.449425498268,3.65083426000294,180.0,152.38860391401587,0.7904096658450306,,,,SUMO/TraCI,3
sumo_coupled_00000332,26.3,gnb_2,6,18,226.65,414.339620353663,0.774533147723656,180.0,163.58898525501743,0.8212021129921563,,,,SUMO/TraCI,4
sumo_coupled_00000333,26.4,gnb_1,0,262,226.65,92.795998413208,15.504677358003,180.0,90.82004295492368,-0.2995374225961779,,,,SUMO/TraCI,0
sumo_coupled_00000333,26.4,gnb_1,1,234,226.65,160.185985793226,14.5489843640749,180.0,95.51510851259796,0.4207291015947039,,,,SUMO/TraCI,1
sumo_coupled_00000334,26.4,gnb_2,2,203,226.65,226.023422471815,13.8964064757125,180.0,107.83178298468484,-0.5005627843124063,,,,SUMO/TraCI,0
sumo_coupled_00000334,26.4,gnb_2,3,168,226.65,300.296981856375,11.1981884687312,180.0,95.53109427028465,0.21246466411186563,,,,SUMO/TraCI,1
sumo_coupled_00000334,26.4,gnb_2,4,126,226.65,362.785540008569,8.06538785515455,180.0,124.77046178687637,0.663502713887339,,,,SUMO/TraCI,2
sumo_coupled_00000334,26.4,gnb_2,5,77,226.65,400.078711237027,3.70714261241071,180.0,152.09575731211345,0.7894941539402395,,,,SUMO/TraCI,3
sumo_coupled_00000334,26.4,gnb_2,6,19,226.65,414.257320403956,0.82299949707022,180.0,163.5214071063801,0.8210381917556143,,,,SUMO/TraCI,4
sumo_coupled_00000335,26.5,gnb_1,0,263,226.65,91.2474666381764,15.4853177503158,180.0,91.29584149742408,-0.314938039786126,,,,SUMO/TraCI,0
sumo_coupled_00000335,26.5,gnb_1,1,235,226.65,158.729221120368,14.567646728581,180.0,94.91140641983112,0.40805655064316687,,,,SUMO/TraCI,1
sumo_coupled_00000336,26.5,gnb_2,2,204,226.65,224.634835264693,13.8858720712159,180.0,108.53351540500141,-0.5101204409412843,,,,SUMO/TraCI,0
sumo_coupled_00000336,26.5,gnb_2,3,169,226.65,299.180006887456,11.1697496891883,180.0,95.30002709444976,0.2012591965839328,,,,SUMO/TraCI,1
sumo_coupled_00000336,26.5,gnb_2,4,127,226.65,361.973823150217,8.11716858351705,180.0,124.23336984024483,0.6598373951831898,,,,SUMO/TraCI,2
sumo_coupled_00000336,26.5,gnb_2,5,78,226.65,399.703609675083,3.7510156194428,180.0,151.79979140053067,0.7885624121790757,,,,SUMO/TraCI,3
sumo_coupled_00000336,26.5,gnb_2,6,20,226.65,414.17071279147,0.866076124856724,180.0,163.45030642666637,0.8208654711312336,,,,SUMO/TraCI,4
sumo_coupled_00000337,26.6,gnb_1,0,264,226.65,89.6981175184169,15.4934911975951,180.0,91.79556951142943,-0.3301017973183361,,,,SUMO/TraCI,0
sumo_coupled_00000337,26.6,gnb_1,1,236,226.65,157.273818577008,14.554025433603,180.0,94.32687873194844,0.39515585671959047,,,,SUMO/TraCI,1
sumo_coupled_00000338,26.6,gnb_2,2,205,226.65,223.245626014132,13.8920925056161,180.0,109.24871379804785,-0.5194969534449764,,,,SUMO/TraCI,0
sumo_coupled_00000338,26.6,gnb_2,3,170,226.65,298.06235665528,11.1765023217595,180.0,95.0813926483123,0.18996731276422454,,,,SUMO/TraCI,1
sumo_coupled_00000338,26.6,gnb_2,4,128,226.65,361.157165701244,8.16657448973236,180.0,123.69603083631738,0.6561016158120421,,,,SUMO/TraCI,2
sumo_coupled_00000338,26.6,gnb_2,5,79,226.65,399.323561413501,3.80048261582199,180.0,151.50027989545612,0.78761281164524,,,,SUMO/TraCI,3
sumo_coupled_00000338,26.6,gnb_2,6,21,226.65,414.081347478815,0.893653126551314,180.0,163.37695749932035,0.8206870144424914,,,,SUMO/TraCI,4
sumo_coupled_00000339,26.7,gnb_1,0,265,226.65,88.1472662655552,15.5085125286166,180.0,92.31911582309179,-0.34502858319704,,,,SUMO/TraCI,0
sumo_coupled_00000339,26.7,gnb_1,1,237,226.65,155.819910182383,14.5390839462476,180.0,93.76187106427638,0.38203066743225994,,,,SUMO/TraCI,1
sumo_coupled_00000340,26.7,gnb_2,2,206,226.65,221.85785100257,13.8777501156135,180.0,109.97605189330699,-0.5286800898602587,,,,SUMO/TraCI,0
sumo_coupled_00000340,26.7,gnb_2,3,171,226.65,296.94368939256,11.1866726272041,180.0,94.87523971106238,0.17858916029262326,,,,SUMO/TraCI,1
sumo_coupled_00000340,26.7,gnb_2,4,129,226.65,360.335432754838,8.21732946406034,180.0,123.15845182490358,0.6522932983036537,,,,SUMO/TraCI,2
sumo_coupled_00000340,26.7,gnb_2,5,80,226.65,398.939411482604,3.84149930896144,180.0,151.19790376796956,0.7866472253817096,,,,SUMO/TraCI,3
sumo_coupled_00000340,26.7,gnb_2,6,22,226.65,413.988058970379,0.932885084359684,180.0,163.30040553118585,0.8205004668208921,,,,SUMO/TraCI,4
sumo_coupled_00000341,26.8,gnb_1,0,266,226.65,86.5985920256736,15.4867423988168,180.0,92.86482948171174,-0.3596776967205252,,,,SUMO/TraCI,0
sumo_coupled_00000341,26.8,gnb_1,1,238,226.65,154.365216461649,14.5469372073368,180.0,93.21582806828458,0.3686628888441028,,,,SUMO/TraCI,1
sumo_coupled_00000342,26.8,gnb_2,2,207,226.65,220.470851023323,13.8699997924753,180.0,110.71559094313412,-0.5376762971644384,,,,SUMO/TraCI,0
sumo_coupled_00000342,26.8,gnb_2,3,172,226.65,295.824699881489,11.1898951107136,180.0,94.68180198084104,0.16713560103863595,,,,SUMO/TraCI,1
sumo_coupled_00000342,26.8,gnb_2,4,130,226.65,359.506767645504,8.2866510933387,180.0,122.61952781443973,0.6484021677674512,,,,SUMO/TraCI,2
sumo_coupled_00000342,26.8,gnb_2,5,81,226.65,398.551779475579,3.87632007025834,180.0,150.8931639168134,0.7856670004012638,,,,SUMO/TraCI,3
sumo_coupled_00000342,26.8,gnb_2,6,23,226.65,413.891183626347,0.968753440322131,180.0,163.22092866070875,0.8203064688148529,,,,SUMO/TraCI,4
sumo_coupled_00000343,26.9,gnb_1,0,267,226.65,85.0471785534482,15.514134722253,180.0,93.43405282376727,-0.3740908201047303,,,,SUMO/TraCI,0
sumo_coupled_00000343,26.9,gnb_1,1,239,226.65,152.91121845425,14.5399800739942,180.0,92.68964775067045,0.3550689775278808,,,,SUMO/TraCI,1
sumo_coupled_00000344,26.9,gnb_2,2,208,226.65,219.082333971667,13.8851705165571,180.0,111.46831179460608,-0.5465020959551375,,,,SUMO/TraCI,0
sumo_coupled_00000344,26.9,gnb_2,3,173,226.65,294.707077441845,11.1762243964348,180.0,94.50143187740821,0.15562809102113637,,,,SUMO/TraCI,1
sumo_coupled_00000344,26.9,gnb_2,4,131,226.65,358.670431517573,8.36336127930609,180.0,122.07890602049618,0.6444228088377919,,,,SUMO/TraCI,2
sumo_coupled_00000344,26.9,gnb_2,5,82,226.65,398.16056933751,3.91210138068534,180.0,150.5859975102749,0.7846716912005555,,,,SUMO/TraCI,3
sumo_coupled_00000344,26.9,gnb_2,6,24,226.65,413.791071606871,1.00112019475865,180.0,163.13881617112122,0.8201056912570306,,,,SUMO/TraCI,4
sumo_coupled_00000345,27,gnb_1,0,268,226.65,83.4994929615602,15.4768559188803,180.0,94.02398371725799,-0.3882042176409101,,,,SUMO/TraCI,0
sumo_coupled_00000345,27,gnb_1,1,240,226.65,151.455088331656,14.5613012259388,180.0,92.18267235197882,0.34122560703764154,,,,SUMO/TraCI,1
sumo_coupled_00000346,27,gnb_2,2,209,226.65,217.695489183918,13.8684478774872,180.0,112.23223497743987,-0.5551391792973384,,,,SUMO/TraCI,0
sumo_coupled_00000346,27,gnb_2,3,174,226.65,293.590264817918,11.1681262392714,180.0,94.33407548612081,0.1440652780862576,,,,SUMO/TraCI,1
sumo_coupled_00000346,27,gnb_2,4,132,226.65,357.827768610853,8.42662906720219,180.0,121.53758294019376,0.64035968733351,,,,SUMO/TraCI,2
sumo_coupled_00000346,27,gnb_2,5,83,226.65,397.764882075917,3.95687261592853,180.0,150.27571310878758,0.783658780515416,,,,SUMO/TraCI,3
sumo_coupled_00000346,27,gnb_2,6,25,226.65,413.686824227328,1.04247379543575,180.0,163.05333321336454,0.8198962976880159,,,,SUMO/TraCI,4
sumo_coupled_00000347,27.1,gnb_1,0,269,226.65,81.9512307858723,15.4826217568793,180.0,94.6357825492554,-0.4020547850843241,,,,SUMO/TraCI,0
sumo_coupled_00000347,27.1,gnb_1,1,241,226.65,149.998117741032,14.5697059062361,180.0,91.69574454686989,0.3271484177294463,,,,SUMO/TraCI,1
sumo_coupled_00000348,27.1,gnb_2,2,210,226.65,216.308632960919,13.8685622299984,180.0,113.00802066803459,-0.5636004122767253,,,,SUMO/TraCI,0
sumo_coupled_00000348,27.1,gnb_2,3,175,226.65,292.470920292336,11.1934452558227,180.0,94.17933081593752,0.13241674350722424,,,,SUMO/TraCI,1
sumo_coupled_00000348,27.1,gnb_2,4,133,226.65,356.977161487357,8.50607123496113,180.0,120.994652322533,0.6362030057507051,,,,SUMO/TraCI,2
sumo_coupled_00000348,27.1,gnb_2,5,84,226.65,397.365101182571,3.99780893346667,180.0,149.96262692949574,0.7826290028764944,,,,SUMO/TraCI,3
sumo_coupled_00000348,27.1,gnb_2,6,26,226.65,413.57923721902,1.07587008307654,180.0,162.96513466387594,0.8196798505062701,,,,SUMO/TraCI,4
sumo_coupled_00000349,27.2,gnb_1,0,270,226.65,80.4017979326463,15.4943285322596,180.0,95.26930306749901,-0.41564492226103594,,,,SUMO/TraCI,0
sumo_coupled_00000349,27.2,gnb_1,1,242,226.65,148.541369311289,14.5674842974292,180.0,91.2295580509047,0.3128522150174547,,,,SUMO/TraCI,1
sumo_coupled_00000350,27.2,gnb_2,2,211,226.65,214.920459916354,13.8817304456467,180.0,113.7961732111361,-0.5718956819654927,,,,SUMO/TraCI,0
sumo_coupled_00000350,27.2,gnb_2,3,176,226.65,291.353392094416,11.1752819791937,180.0,94.03787541224837,0.1207321203785642,,,,SUMO/TraCI,1
sumo_coupled_00000350,27.2,gnb_2,4,134,226.65,356.121179264614,8.55982222743062,180.0,120.45188430504315,0.6319633744528056,,,,SUMO/TraCI,2
sumo_coupled_00000350,27.2,gnb_2,5,85,226.65,396.960342987697,4.04758194873645,180.0,149.6460635359304,0.7815798172306385,,,,SUMO/TraCI,3
sumo_coupled_00000350,27.2,gnb_2,6,27,226.65,413.46680854987,1.12428669149604,180.0,162.8729918816734,0.8194532869319004,,,,SUMO/TraCI,4
sumo_coupled_00000351,27.3,gnb_1,0,271,226.65,78.8502105871446,15.5158734550175,180.0,95.92459365940701,-0.4289805965607025,,,,SUMO/TraCI,0
sumo_coupled_00000351,27.3,gnb_1,1,243,226.65,147.085586891841,14.5578241944876,180.0,90.78464362035834,0.2983498729708851,,,,SUMO/TraCI,1
sumo_coupled_00000352,27.3,gnb_2,2,212,226.65,213.532025241332,13.8843467502212,180.0,114.59587326129561,-0.5800206662513155,,,,SUMO/TraCI,0
sumo_coupled_00000352,27.3,gnb_2,3,177,226.65,290.234626761788,11.1876533262862,180.0,93.90937165668348,0.1089840830711126,,,,SUMO/TraCI,1
sumo_coupled_00000352,27.3,gnb_2,4,135,226.65,355.258636853876,8.6254241073775,180.0,119.90865240300043,0.6276330802296034,,,,SUMO/TraCI,2
sumo_coupled_00000352,27.3,gnb_2,5,86,226.65,396.550052961256,4.10290026441379,180.0,149.3256084711245,0.7805094796167771,,,,SUMO/TraCI,3
sumo_coupled_00000352,27.3,gnb_2,6,28,226.65,413.351164801681,1.15643748189114,180.0,162.7782407263486,0.8192198429387234,,,,SUMO/TraCI,4
sumo_coupled_00000353,27.4,gnb_1,0,272,226.65,77.300536172775,15.4967441436962,180.0,96.59951713716015,-0.44202564456504156,,,,SUMO/TraCI,0
sumo_coupled_00000353,27.4,gnb_1,1,244,226.65,145.62972215356,14.5586473828035,180.0,90.36097142942127,0.28363708078967204,,,,SUMO/TraCI,1
sumo_coupled_00000354,27.4,gnb_2,2,213,226.65,212.145623185711,13.8640205562068,180.0,115.405541257149,-0.5879646338913179,,,,SUMO/TraCI,0
sumo_coupled_00000354,27.4,gnb_2,3,178,226.65,289.114705649629,11.1992111215857,180.0,93.79392495827956,0.09717799584230333,,,,SUMO/TraCI,1
sumo_coupled_00000354,27.4,gnb_2,4,136,226.65,354.390637784999,8.67999068877575,180.0,119.3657802305959,0.6232157796085948,,,,SUMO/TraCI,2
sumo_coupled_00000354,27.4,gnb_2,5,87,226.65,396.135346916832,4.14706044423068,180.0,149.0021520096033,0.7794206013168656,,,,SUMO/TraCI,3
sumo_coupled_00000354,27.4,gnb_2,6,29,226.65,413.231272298603,1.19892503078527,180.0,162.6800369384778,0.8189773914852768,,,,SUMO/TraCI,4
sumo_coupled_00000355,27.5,gnb_1,0,273,226.65,75.7502143978095,15.503217749655,180.0,97.29473791444133,-0.45480142657974687,,,,SUMO/TraCI,0
sumo_coupled_00000355,27.5,gnb_1,1,245,226.65,144.173610392199,14.5611176136117,180.0,89.95880134480358,0.26871868044955205,,,,SUMO/TraCI,1
sumo_coupled_00000356,27.5,gnb_2,2,214,226.65,210.755751572102,13.8987161360877,180.0,116.22817403858865,-0.5957613031493412,,,,SUMO/TraCI,0
sumo_coupled_00000356,27.5,gnb_2,3,179,226.65,287.997636848124,11.1706880150491,180.0,93.69196707911767,0.0853609663395201,,,,SUMO/TraCI,1
sumo_coupled_00000356,27.5,gnb_2,4,137,226.65,353.517704820047,8.72932964952019,180.0,118.8237157389364,0.6187123871935658,,,,SUMO/TraCI,2
sumo_coupled_00000356,27.5,gnb_2,5,88,226.65,395.714929774796,4.20417142036534,180.0,148.67470354026597,0.7783094704033268,,,,SUMO/TraCI,3
sumo_coupled_00000356,27.5,gnb_2,6,30,226.65,413.10781806541,1.2345423319263,180.0,162.57894614658534,0.8187272781642746,,,,SUMO/TraCI,4
sumo_coupled_00000357,27.6,gnb_1,0,274,226.65,74.2009896101231,15.4922478768636,180.0,98.00903964784092,-0.46729373692915094,,,,SUMO/TraCI,0
sumo_coupled_00000357,27.6,gnb_1,1,246,226.65,142.717111518763,14.5649887343652,180.0,89.5783994931586,0.2536003282855928,,,,SUMO/TraCI,1
sumo_coupled_00000358,27.6,gnb_2,2,215,226.65,209.368837939344,13.8691363275852,180.0,117.05974352457233,-0.6033770443536777,,,,SUMO/TraCI,0
sumo_coupled_00000358,27.6,gnb_2,3,180,226.65,286.878872217435,11.1876463068952,180.0,93.60310562681026,0.07348978617077767,,,,SUMO/TraCI,1
sumo_coupled_00000358,27.6,gnb_2,4,138,226.65,352.638001360757,8.7970345928967,180.0,118.28145138475998,0.6141115154604544,,,,SUMO/TraCI,2
sumo_coupled_00000358,27.6,gnb_2,5,89,226.65,395.289695377463,4.25234397332812,180.0,148.34397985839604,0.7771781199851485,,,,SUMO/TraCI,3
sumo_coupled_00000358,27.6,gnb_2,6,31,226.65,412.979463927912,1.28354137498211,180.0,162.47387582794607,0.8184667427318124,,,,SUMO/TraCI,4
sumo_coupled_00000359,27.7,gnb_1,0,275,226.65,72.6507900880102,15.5019952211284,180.0,98.74295002322786,-0.4795199039612608,,,,SUMO/TraCI,0
sumo_coupled_00000359,27.7,gnb_1,1,247,226.65,141.262569641102,14.5454187766036,180.0,89.22062187489344,0.23831451960642816,,,,SUMO/TraCI,1
sumo_coupled_00000360,27.7,gnb_2,2,216,226.65,207.980737486373,13.8810045297071,180.0,117.90248798480344,-0.6108375128004901,,,,SUMO/TraCI,0
sumo_coupled_00000360,27.7,gnb_2,3,181,226.65,285.760482867748,11.1838934968703,180.0,93.52756632602826,0.06159128366141283,,,,SUMO/TraCI,1
sumo_coupled_00000360,27.7,gnb_2,4,139,226.65,351.760380607916,8.77620752840489,180.0,117.74453161396907,0.6094582875677466,,,,SUMO/TraCI,2
sumo_coupled_00000360,27.7,gnb_2,5,90,226.65,394.859664477567,4.30030899895774,180.0,148.01001663366998,0.7760262926113217,,,,SUMO/TraCI,3
sumo_coupled_00000360,27.7,gnb_2,6,32,226.65,412.846168373628,1.33295554283565,180.0,162.36479591202743,0.8181956416562541,,,,SUMO/TraCI,4
sumo_coupled_00000361,27.8,gnb_1,0,276,226.65,71.101480243476,15.4930984453426,180.0,99.49516437686391,-0.4914662944955604,,,,SUMO/TraCI,0
sumo_coupled_00000361,27.8,gnb_1,1,248,226.65,139.807932143151,14.5463749795167,180.0,88.88518816871388,0.22284851448537585,,,,SUMO/TraCI,1
sumo_coupled_00000362,27.8,gnb_2,2,217,226.65,206.594058409208,13.8667907716511,180.0,118.75459890391936,-0.618131358855268,,,,SUMO/TraCI,0
sumo_coupled_00000362,27.8,gnb_2,3,182,226.65,284.642700184341,11.1778268340661,180.0,93.46537949958626,0.04967293996127767,,,,SUMO/TraCI,1
sumo_coupled_00000362,27.8,gnb_2,4,140,226.65,350.882776096776,8.77604511140287,180.0,117.211733402359,0.6047413005441437,,,,SUMO/TraCI,2
sumo_coupled_00000362,27.8,gnb_2,5,91,226.65,394.425526339612,4.34138137955288,180.0,147.67336787009782,0.774855534142537,,,,SUMO/TraCI,3
sumo_coupled_00000362,27.8,gnb_2,6,33,226.65,412.709095570119,1.37072803509853,180.0,162.25266268089095,0.8179162879509935,,,,SUMO/TraCI,4
sumo_coupled_00000363,27.9,gnb_1,0,277,226.65,69.5525915417918,15.4888870168418,180.0,100.26546524177354,-0.5031384269405487,,,,SUMO/TraCI,0
sumo_coupled_00000363,27.9,gnb_1,1,249,226.65,138.354011491747,14.5392065140353,180.0,88.57252529898412,0.20722014450634066,,,,SUMO/TraCI,1
sumo_coupled_00000364,27.9,gnb_2,2,218,226.65,205.204455153217,13.8960325599089,180.0,119.61854383383509,-0.6252838602573464,,,,SUMO/TraCI,0
sumo_coupled_00000364,27.9,gnb_2,3,183,226.65,283.524617121533,11.1808306280791,180.0,93.41651580878728,0.03773012824356998,,,,SUMO/TraCI,1
sumo_coupled_00000364,27.9,gnb_2,4,141,226.65,350.004759549642,8.78016547134519,180.0,116.68285589409952,0.5999575431473653,,,,SUMO/TraCI,2
sumo_coupled_00000364,27.9,gnb_2,5,92,226.65,393.986661744832,4.38864594780071,180.0,147.33357239859063,0.7736638696064252,,,,SUMO/TraCI,3
sumo_coupled_00000364,27.9,gnb_2,6,34,226.65,412.567874715339,1.41220854779031,180.0,162.1371762013321,0.8176278742558353,,,,SUMO/TraCI,4
sumo_coupled_00000365,28,gnb_1,0,278,226.65,68.0028811381526,15.4971040363923,180.0,101.0540591462465,-0.514547553073515,,,,SUMO/TraCI,0
sumo_coupled_00000365,28,gnb_1,1,250,226.65,136.900196291214,14.5381520053318,180.0,88.28272274166426,0.19143265824127217,,,,SUMO/TraCI,1
sumo_coupled_00000366,28,gnb_2,2,219,226.65,203.817145703226,13.8730944999065,180.0,120.49087014709245,-0.63227076212307,,,,SUMO/TraCI,0
sumo_coupled_00000366,28,gnb_2,3,184,226.65,282.404809747215,11.198073743179,180.0,93.38097027724814,0.025752674662461766,,,,SUMO/TraCI,1
sumo_coupled_00000366,28,gnb_2,4,142,226.65,349.127100464786,8.77659084855765,180.0,116.15841992153912,0.5951105439578026,,,,SUMO/TraCI,2
sumo_coupled_00000366,28,gnb_2,5,93,226.65,393.542586175285,4.44075569546735,180.0,146.9902764653908,0.7724496402455497,,,,SUMO/TraCI,3
sumo_coupled_00000366,28,gnb_2,6,35,226.65,412.422865720729,1.45008994610015,180.0,162.01863431621138,0.8173310821907042,,,,SUMO/TraCI,4
sumo_coupled_00000367,28.1,gnb_1,0,279,226.65,66.4549769399527,15.4790419819985,180.0,101.85917727186391,-0.5256769639630477,,,,SUMO/TraCI,0
sumo_coupled_00000367,28.1,gnb_1,1,251,226.65,135.445342914142,14.5485337707172,180.0,88.01580038683645,0.1754837523065006,,,,SUMO/TraCI,1
sumo_coupled_00000367,28.1,gnb_1,2,220,226.65,202.428947719358,13.8819798386814,180.0,119.59412160353307,0.6892391249180168,,,,SUMO/TraCI,2
sumo_coupled_00000368,28.1,gnb_2,3,185,226.65,281.287338213,11.174715342155,180.0,93.35887606261468,0.013789135723277087,,,,SUMO/TraCI,0
sumo_coupled_00000368,28.1,gnb_2,4,143,226.65,348.249647471087,8.77452993698418,180.0,115.63838843536193,0.5901988811374372,,,,SUMO/TraCI,1
sumo_coupled_00000368,28.1,gnb_2,5,94,226.65,393.09334621414,4.49239961145352,180.0,146.64353875268878,0.7712126096797864,,,,SUMO/TraCI,2
sumo_coupled_00000368,28.1,gnb_2,6,36,226.65,412.27491599181,1.47949728919625,180.0,161.89773284589378,0.8170275992543952,,,,SUMO/TraCI,3
sumo_coupled_00000369,28.2,gnb_1,0,280,226.65,64.9033608881043,15.5161605184839,180.0,102.68330994580607,-0.5365685927048364,,,,SUMO/TraCI,0
sumo_coupled_00000369,28.2,gnb_1,1,252,226.65,133.990456809735,14.5488610440707,180.0,87.77217885950571,0.15939511803767697,,,,SUMO/TraCI,1
sumo_coupled_00000369,28.2,gnb_1,2,221,226.65,201.041107019628,13.8784069973016,180.0,118.6418287408231,0.6830736501598007,,,,SUMO/TraCI,2
sumo_coupled_00000370,28.2,gnb_2,3,186,226.65,280.167437010017,11.1990120298264,180.0,93.35015016138068,0.0017936447850116066,,,,SUMO/TraCI,0
sumo_coupled_00000370,28.2,gnb_2,4,144,226.65,347.372568292885,8.77079178202152,180.0,115.12291456690735,0.585222920617852,,,,SUMO/TraCI,1
sumo_coupled_00000370,28.2,gnb_2,5,95,226.65,392.639418255058,4.53927959082229,180.0,146.29374916529378,0.769953732799543,,,,SUMO/TraCI,2
sumo_coupled_00000370,28.2,gnb_2,6,37,226.65,412.123384550457,1.51531441353111,180.0,161.77395107083197,0.8167160638402619,,,,SUMO/TraCI,3
sumo_coupled_00000371,28.3,gnb_1,0,281,226.65,63.3536536168922,15.4970727121212,180.0,103.52309432467246,-0.5471855990456748,,,,SUMO/TraCI,0
sumo_coupled_00000371,28.3,gnb_1,1,253,226.65,132.533554942876,14.5690186685957,180.0,87.55177039618384,0.14315592804303034,,,,SUMO/TraCI,1
sumo_coupled_00000371,28.3,gnb_1,2,222,226.65,199.651910288862,13.8919673076598,180.0,117.69727827212031,0.6767523553493221,,,,SUMO/TraCI,2
sumo_coupled_00000372,28.3,gnb_2,3,187,226.65,279.049431922927,11.1800508709054,180.0,93.354839615679,-0.010182311715024922,,,,SUMO/TraCI,0
sumo_coupled_00000372,28.3,gnb_2,4,145,226.65,346.493958124268,8.78610168617219,180.0,114.61094610477615,0.5801710952065599,,,,SUMO/TraCI,1
sumo_coupled_00000372,28.3,gnb_2,5,96,226.65,392.181531258373,4.57886996684526,180.0,145.94148983573288,0.7686747023388687,,,,SUMO/TraCI,2
sumo_coupled_00000372,28.3,gnb_2,6,38,226.65,411.968922900731,1.5446164972582,180.0,161.64782433295872,0.8163977674633234,,,,SUMO/TraCI,3
sumo_coupled_00000373,28.4,gnb_1,0,282,226.65,61.8030259582761,15.5062765861616,180.0,104.37964498700447,-0.5575509865833475,,,,SUMO/TraCI,0
sumo_coupled_00000373,28.4,gnb_1,1,254,226.65,131.077673980818,14.5588096205778,180.0,87.35523659647023,0.12681179071141807,,,,SUMO/TraCI,1
sumo_coupled_00000373,28.4,gnb_1,2,223,226.65,198.264716859412,13.871934294505,180.0,116.76295818916174,0.6702872047196621,,,,SUMO/TraCI,2
sumo_coupled_00000374,28.4,gnb_2,3,188,226.65,277.930651546932,11.1878037599497,180.0,93.37293346050672,-0.022162187438860687,,,,SUMO/TraCI,0
sumo_coupled_00000374,28.4,gnb_2,4,146,226.65,345.61685871445,8.77099409817904,180.0,114.10431476308025,0.5750602757721578,,,,SUMO/TraCI,1
sumo_coupled_00000374,28.4,gnb_2,5,97,226.65,391.71860620732,4.62925051053497,180.0,145.58595218257236,0.767372157357731,,,,SUMO/TraCI,2
sumo_coupled_00000374,28.4,gnb_2,6,39,226.65,411.810938062099,1.57984838632193,180.0,161.51887163056367,0.8160714394017403,,,,SUMO/TraCI,3
sumo_coupled_00000375,28.5,gnb_1,0,283,226.65,60.2534057192665,15.4962023900949,180.0,105.25149893539083,-0.567655519256873,,,,SUMO/TraCI,0
sumo_coupled_00000375,28.5,gnb_1,1,255,226.65,129.623159976598,14.5451400421983,180.0,87.18272597215115,0.110379204931857,,,,SUMO/TraCI,1
sumo_coupled_00000375,28.5,gnb_1,2,224,226.65,196.878196097729,13.8652076168237,180.0,115.8381609627884,0.663668996976093,,,,SUMO/TraCI,2
sumo_coupled_00000376,28.5,gnb_2,3,189,226.65,276.812203519684,11.1844802724756,180.0,93.40441395565797,-0.0341289704127834,,,,SUMO/TraCI,0
sumo_coupled_00000376,28.5,gnb_2,4,147,226.65,344.738599351448,8.7825936300233,180.0,113.60153496316545,0.5698743364025763,,,,SUMO/TraCI,1
sumo_coupled_00000376,28.5,gnb_2,5,98,226.65,391.251081050338,4.67525156981311,180.0,145.22749579493845,0.7660469557873859,,,,SUMO/TraCI,2
sumo_coupled_00000376,28.5,gnb_2,6,40,226.65,411.650126289129,1.60811772969285,180.0,161.3876644974566,0.8157384686064636,,,,SUMO/TraCI,3
sumo_coupled_00000377,28.6,gnb_1,0,284,226.65,58.702276060393,15.5112965887354,180.0,106.13968843074805,-0.5775193506395239,,,,SUMO/TraCI,0
sumo_coupled_00000377,28.6,gnb_1,1,256,226.65,128.166607730099,14.5655224649846,180.0,87.03399325445957,0.09383239151422655,,,,SUMO/TraCI,1
sumo_coupled_00000377,28.6,gnb_1,2,225,226.65,195.488952828952,13.8924326877715,180.0,114.92086189727146,0.6568777120418056,,,,SUMO/TraCI,2
sumo_coupled_00000378,28.6,gnb_2,3,190,226.65,275.695294136058,11.1690938362584,180.0,93.44920006385853,-0.046064662522529554,,,,SUMO/TraCI,0
sumo_coupled_00000378,28.6,gnb_2,4,148,226.65,343.860182586277,8.7841676517129,180.0,113.10325114669621,0.5646184520677449,,,,SUMO/TraCI,1
sumo_coupled_00000378,28.6,gnb_2,5,99,226.65,390.779898810059,4.71182240279461,180.0,144.86686467362685,0.7647014316188662,,,,SUMO/TraCI,2
sumo_coupled_00000378,28.6,gnb_2,6,41,226.65,411.485034269317,1.65092019811995,180.0,161.25302086101664,0.8153957895935695,,,,SUMO/TraCI,3
sumo_coupled_00000379,28.7,gnb_1,0,285,226.65,57.1526814923972,15.4959456799586,180.0,107.04208491801752,-0.5871271897939669,,,,SUMO/TraCI,0
sumo_coupled_00000379,28.7,gnb_1,1,257,226.65,126.712192955253,14.5441477484691,180.0,86.90958539924436,0.07723190628995177,,,,SUMO/TraCI,1
sumo_coupled_00000379,28.7,gnb_1,2,226,226.65,194.101013022663,13.879398062896,180.0,114.0139580533229,0.6499293094272448,,,,SUMO/TraCI,2
sumo_coupled_00000380,28.7,gnb_2,3,191,226.65,274.576975977886,11.1831815817195,180.0,93.50738842222269,-0.05799567407044812,,,,SUMO/TraCI,0
sumo_coupled_00000380,28.7,gnb_2,4,149,226.65,342.980487371981,8.79695214295387,180.0,112.60889969097582,0.5592851679113606,,,,SUMO/TraCI,1
sumo_coupled_00000380,28.7,gnb_2,5,100,226.65,390.303777483283,4.76121326775965,180.0,144.50309971444076,0.763331566597944,,,,SUMO/TraCI,2
sumo_coupled_00000380,28.7,gnb_2,6,42,226.65,411.316365256644,1.68669012673456,180.0,161.11551844628855,0.815044798433996,,,,SUMO/TraCI,3
sumo_coupled_00000381,28.8,gnb_1,0,286,226.65,55.6034944675585,15.4918702483863,180.0,107.95893860533165,-0.5964907247546912,,,,SUMO/TraCI,0
sumo_coupled_00000381,28.8,gnb_1,1,258,226.65,125.25802218837,14.5417076688218,180.0,86.80938484595656,0.06056974367115235,,,,SUMO/TraCI,1
sumo_coupled_00000381,28.8,gnb_1,2,227,226.65,192.711797474848,13.8921554781506,180.0,113.1159935288698,0.6428073980209552,,,,SUMO/TraCI,2
sumo_coupled_00000382,28.8,gnb_2,3,192,226.65,273.457840619284,11.1913535860227,180.0,93.57896317742942,-0.069910577747178,,,,SUMO/TraCI,0
sumo_coupled_00000382,28.8,gnb_2,4,150,226.65,342.103321699394,8.77165672586858,180.0,112.12067189460835,0.5538971596403749,,,,SUMO/TraCI,1
sumo_coupled_00000382,28.8,gnb_2,5,101,226.65,389.824297765681,4.79479717602254,180.0,144.13743052977242,0.7619415537104096,,,,SUMO/TraCI,2
sumo_coupled_00000382,28.8,gnb_2,6,43,226.65,411.142823767536,1.73541489108315,180.0,160.97410576152615,0.8146827289217344,,,,SUMO/TraCI,3
sumo_coupled_00000383,28.9,gnb_1,0,287,226.65,54.054599030582,15.4889543697645,180.0,108.88993713386613,-0.605615199211169,,,,SUMO/TraCI,0
sumo_coupled_00000383,28.9,gnb_1,1,259,226.65,123.802879225256,14.5514296311447,180.0,86.73340988570601,0.04384560955538697,,,,SUMO/TraCI,1
sumo_coupled_00000383,28.9,gnb_1,2,228,226.65,191.323388431918,13.8840904292921,180.0,112.22855357443692,0.6355190917132504,,,,SUMO/TraCI,2
sumo_coupled_00000384,28.9,gnb_2,3,193,226.65,272.338572469255,11.1926815002901,180.0,93.66386694883388,-0.08179704490452282,,,,SUMO/TraCI,0
sumo_coupled_00000384,28.9,gnb_2,4,151,226.65,341.225129777818,8.78191921576113,180.0,111.63663832412124,0.548432223478993,,,,SUMO/TraCI,1
sumo_coupled_00000384,28.9,gnb_2,5,102,226.65,389.341506853655,4.82790912025165,180.0,143.7699120853452,0.7605312215030591,,,,SUMO/TraCI,2
sumo_coupled_00000384,28.9,gnb_2,6,44,226.65,410.964939680949,1.77884086587025,180.0,160.82921975074868,0.8143106077609341,,,,SUMO/TraCI,3
sumo_coupled_00000385,29,gnb_1,0,288,226.65,52.5041717204614,15.5042731012066,180.0,109.83582901376474,-0.614515580986601,,,,SUMO/TraCI,0
sumo_coupled_00000385,29,gnb_1,1,260,226.65,122.348136361544,14.547428637123,180.0,86.68181034318795,0.027089147679857217,,,,SUMO/TraCI,1
sumo_coupled_00000385,29,gnb_1,2,229,226.65,189.935040660833,13.8834777108543,180.0,111.3513916043817,0.6280571769529736,,,,SUMO/TraCI,2
sumo_coupled_00000386,29,gnb_2,3,194,226.65,271.220539915513,11.1803255374241,180.0,93.76194014297646,-0.09363564865551348,,,,SUMO/TraCI,0
sumo_coupled_00000386,29,gnb_2,4,152,226.65,340.348302083971,8.76827693847567,180.0,111.15817587752248,0.5429047535870384,,,,SUMO/TraCI,1
sumo_coupled_00000386,29,gnb_2,5,103,226.65,388.855202448236,4.86304405419318,180.0,143.4004100414167,0.7590996595950918,,,,SUMO/TraCI,2
sumo_coupled_00000386,29,gnb_2,6,45,226.65,410.783234960665,1.81704720283766,180.0,160.68129028227435,0.8139294545800175,,,,SUMO/TraCI,3
sumo_coupled_00000387,29.1,gnb_1,0,289,226.65,50.9527597571212,15.5141196334024,180.0,110.7959560866633,-0.6231927832173844,,,,SUMO/TraCI,0
sumo_coupled_00000387,29.1,gnb_1,1,261,226.65,120.891664329331,14.5647203221212,180.0,86.6545876758767,0.01028986869877195,,,,SUMO/TraCI,1
sumo_coupled_00000387,29.1,gnb_1,2,230,226.65,188.545159469731,13.8988119110158,180.0,110.48376073763444,0.6204093616301227,,,,SUMO/TraCI,2
sumo_coupled_00000388,29.1,gnb_2,3,195,226.65,270.102809992962,11.1772992255026,180.0,93.87319569523247,-0.10543148055990412,,,,SUMO/TraCI,0
sumo_coupled_00000388,29.1,gnb_2,4,153,226.65,339.469485450705,8.78816633265466,180.0,110.68352271124918,0.5372930314645732,,,,SUMO/TraCI,1
sumo_coupled_00000388,29.1,gnb_2,5,104,226.65,388.363967531972,4.9123491626454,180.0,143.02787126735223,0.7576423152478765,,,,SUMO/TraCI,2
sumo_coupled_00000388,29.1,gnb_2,6,46,226.65,410.598602954269,1.8463200639604,180.0,160.5310486902979,0.8135410814279571,,,,SUMO/TraCI,3
sumo_coupled_00000389,29.2,gnb_1,0,290,226.65,49.4034240074109,15.4933574971032,180.0,111.76805913085101,-0.631634623894999,,,,SUMO/TraCI,0
sumo_coupled_00000389,29.2,gnb_1,1,262,226.65,119.434619267528,14.57045061803,180.0,86.65184450069515,-0.00652473972977526,,,,SUMO/TraCI,1
sumo_coupled_00000389,29.2,gnb_1,2,231,226.65,187.157501744973,13.876577247587,180.0,109.62824700151896,0.6125930458784267,,,,SUMO/TraCI,2
sumo_coupled_00000390,29.2,gnb_2,3,196,226.65,268.984998688354,11.1781130460848,180.0,93.99762100125493,-0.11718383076417392,,,,SUMO/TraCI,0
sumo_coupled_00000390,29.2,gnb_2,4,154,226.65,338.591514765839,8.77970684865862,180.0,110.21428266134807,0.5316145362563517,,,,SUMO/TraCI,1
sumo_coupled_00000390,29.2,gnb_2,5,105,226.65,387.867884981694,4.96082550277304,180.0,142.65238557565016,0.756158998297932,,,,SUMO/TraCI,2
sumo_coupled_00000390,29.2,gnb_2,6,47,226.65,410.409038615979,1.89564338289575,180.0,160.37686819720574,0.8131411972431266,,,,SUMO/TraCI,3
sumo_coupled_00000391,29.3,gnb_1,0,291,226.65,47.855685109855,15.4773889755585,180.0,112.75204952003489,-0.6398492550445896,,,,SUMO/TraCI,0
sumo_coupled_00000391,29.3,gnb_1,1,263,226.65,117.980299469256,14.5431979827285,180.0,86.67353512020776,-0.023302390146460225,,,,SUMO/TraCI,1
sumo_coupled_00000391,29.3,gnb_1,2,232,226.65,185.770724449056,13.8677729591671,180.0,108.78423918267596,0.6045979173381034,,,,SUMO/TraCI,2
sumo_coupled_00000392,29.3,gnb_2,3,197,226.65,267.868414710847,11.1658397750685,180.0,94.13499806994204,-0.12887433513451899,,,,SUMO/TraCI,0
sumo_coupled_00000392,29.3,gnb_2,4,155,226.65,337.711987781762,8.79526984076947,180.0,109.74924160887056,0.5258531807211813,,,,SUMO/TraCI,1
sumo_coupled_00000392,29.3,gnb_2,5,106,226.65,387.367364532076,5.00520449617877,180.0,142.27428954861693,0.7546505055320428,,,,SUMO/TraCI,2
sumo_coupled_00000392,29.3,gnb_2,6,48,226.65,410.214500996125,1.94537619854232,180.0,160.218721657832,0.8127296214122535,,,,SUMO/TraCI,3
sumo_coupled_00000393,29.4,gnb_1,0,292,226.65,46.3070814686399,15.4860364121512,180.0,113.7491483118431,-0.6478546839694227,,,,SUMO/TraCI,0
sumo_coupled_00000393,29.4,gnb_1,1,264,226.65,116.525457116287,14.5484235296892,180.0,86.71963415657818,-0.040066392317101754,,,,SUMO/TraCI,1
sumo_coupled_00000393,29.4,gnb_1,2,233,226.65,184.381943985931,13.8878046312509,180.0,107.95025341057593,0.5964038244640515,,,,SUMO/TraCI,2
sumo_coupled_00000394,29.4,gnb_2,3,198,226.65,266.75051469436,11.1790001648688,180.0,94.28558405644189,-0.14052503824665824,,,,SUMO/TraCI,0
sumo_coupled_00000394,29.4,gnb_2,4,156,226.65,336.832927391132,8.79060390630364,180.0,109.28954266463776,0.5200216416453275,,,,SUMO/TraCI,1
sumo_coupled_00000394,29.4,gnb_2,5,107,226.65,386.862884613282,5.04479918794729,180.0,141.8939695965675,0.753117873276181,,,,SUMO/TraCI,2
sumo_coupled_00000394,29.4,gnb_2,6,49,226.65,410.015130696881,1.99370299244382,180.0,160.0567296621015,0.8123065551280358,,,,SUMO/TraCI,3
sumo_coupled_00000395,29.5,gnb_1,0,293,226.65,44.7558228039198,15.512586647201,180.0,114.76022264667805,-0.6556642664221799,,,,SUMO/TraCI,0
sumo_coupled_00000395,29.5,gnb_1,1,265,226.65,115.068400308571,14.5705680771561,180.0,86.79022511502377,-0.05682206360097709,,,,SUMO/TraCI,1
sumo_coupled_00000395,29.5,gnb_1,2,234,226.65,182.994805867746,13.871381181851,180.0,107.12874528489078,0.5880289711246218,,,,SUMO/TraCI,2
sumo_coupled_00000396,29.5,gnb_2,3,199,226.65,265.632860669358,11.1765402500203,180.0,94.44912489031373,-0.15211511326681867,,,,SUMO/TraCI,0
sumo_coupled_00000396,29.5,gnb_2,4,157,226.65,335.955080911681,8.77846479450911,180.0,108.83562642734579,0.5141246735877828,,,,SUMO/TraCI,1
sumo_coupled_00000396,29.5,gnb_2,5,108,226.65,386.354304180576,5.08580432706069,180.0,141.51134413090168,0.7515602712542642,,,,SUMO/TraCI,2
sumo_coupled_00000396,29.5,gnb_2,6,50,226.65,409.810857595243,2.04273101638037,180.0,159.8908416689726,0.8118717510036929,,,,SUMO/TraCI,3
sumo_coupled_00000397,29.6,gnb_1,0,294,226.65,43.2054825440564,15.5034025986341,180.0,115.78264296210908,-0.6632645057262625,,,,SUMO/TraCI,0
sumo_coupled_00000397,29.6,gnb_1,1,266,226.65,113.613423758762,14.5497654980915,180.0,86.88504391484847,-0.07350604837694687,,,,SUMO/TraCI,1
sumo_coupled_00000397,29.6,gnb_1,2,235,226.65,181.608116808062,13.8668905968321,180.0,106.31924828851929,0.5794634348888135,,,,SUMO/TraCI,2
sumo_coupled_00000398,29.6,gnb_2,3,200,226.65,264.514453556103,11.1840711325535,180.0,94.62570818052613,-0.16365052100169045,,,,SUMO/TraCI,0
sumo_coupled_00000398,29.6,gnb_2,4,158,226.65,335.076428144381,8.78652767299861,180.0,108.38650947946964,0.5081483702066582,,,,SUMO/TraCI,1
sumo_coupled_00000398,29.6,gnb_2,5,109,226.65,385.840589831329,5.13714349246816,180.0,141.12566370381973,0.7499740802173056,,,,SUMO/TraCI,2
sumo_coupled_00000398,29.6,gnb_2,6,51,226.65,409.602885736393,2.07971858850064,180.0,159.7220413443321,0.811427681774943,,,,SUMO/TraCI,3
sumo_coupled_00000399,29.7,gnb_1,0,295,226.65,41.6549419811739,15.5054056288243,180.0,116.816825055183,-0.6706658735316318,,,,SUMO/TraCI,0
sumo_coupled_00000399,29.7,gnb_1,1,267,226.65,112.156880875253,14.5654288350912,180.0,87.00423563025522,-0.09014640572302902,,,,SUMO/TraCI,1
sumo_coupled_00000399,29.7,gnb_1,2,236,226.65,180.218415657264,13.897011507987,180.0,105.52004588830985,0.5706822353072475,,,,SUMO/TraCI,2
sumo_coupled_00000400,29.7,gnb_2,3,201,226.65,263.395261517872,11.1919203823106,180.0,94.81529328151584,-0.17512721742922782,,,,SUMO/TraCI,0
sumo_coupled_00000400,29.7,gnb_2,4,159,226.65,334.19674652369,8.79681620690972,180.0,107.94215966781981,0.5020906260396734,,,,SUMO/TraCI,1
sumo_coupled_00000400,29.7,gnb_2,5,110,226.65,385.322650750185,5.17939081143866,180.0,140.7376398162391,0.7483616386327397,,,,SUMO/TraCI,2
sumo_coupled_00000400,29.7,gnb_2,6,52,226.65,409.391758839485,2.11126896907425,180.0,159.55077485106568,0.810975433746825,,,,SUMO/TraCI,3
sumo_coupled_00000401,29.8,gnb_1,0,296,226.65,40.1064349213033,15.4850705987063,180.0,117.86095299540024,-0.6778628803537223,,,,SUMO/TraCI,0
sumo_coupled_00000401,29.8,gnb_1,1,268,226.65,110.701365259099,14.5551561615353,180.0,87.14750201838658,-0.10669995726256326,,,,SUMO/TraCI,1
sumo_coupled_00000401,29.8,gnb_1,2,237,226.65,178.829726759974,13.8868889728952,180.0,104.7337541132428,0.5617074195236492,,,,SUMO/TraCI,2
sumo_coupled_00000402,29.8,gnb_2,3,202,226.65,262.277236567207,11.1802495066426,180.0,95.01746599280968,-0.18652111217251507,,,,SUMO/TraCI,0
sumo_coupled_00000402,29.8,gnb_2,4,160,226.65,333.319048283351,8.77698240339756,180.0,107.50415531430546,0.4959719754781969,,,,SUMO/TraCI,1
sumo_coupled_00000402,29.8,gnb_2,5,111,226.65,384.801012474901,5.21638275284063,180.0,140.34769223526388,0.7467241591633994,,,,SUMO/TraCI,2
sumo_coupled_00000402,29.8,gnb_2,6,53,226.65,409.176639111144,2.15119728341199,180.0,159.37636773389818,0.8105131328304774,,,,SUMO/TraCI,3
sumo_coupled_00000403,29.9,gnb_1,0,297,226.65,38.5557710506899,15.5066387061343,180.0,118.91755517646519,-0.6848797793433666,,,,SUMO/TraCI,0
sumo_coupled_00000403,29.9,gnb_1,1,269,226.65,109.244190198694,14.5717506040486,180.0,87.31500412003581,-0.12318398091718018,,,,SUMO/TraCI,1
sumo_coupled_00000403,29.9,gnb_1,2,238,226.65,177.441826016397,13.8790074357735,180.0,103.96050151907706,0.5525350991679878,,,,SUMO/TraCI,2
sumo_coupled_00000404,29.9,gnb_2,3,203,226.65,261.160120707414,11.171158597935,180.0,95.23215608059711,-0.19783106954589336,,,,SUMO/TraCI,0
sumo_coupled_00000404,29.9,gnb_2,4,161,226.65,332.441534584695,8.77513698655367,180.0,107.07164447040942,0.4897798557599239,,,,SUMO/TraCI,1
sumo_coupled_00000404,29.9,gnb_2,5,112,226.65,384.27427407269,5.26738402211013,180.0,139.95480246631934,0.7450567771533527,,,,SUMO/TraCI,2
sumo_coupled_00000404,29.9,gnb_2,6,54,226.65,408.958264018321,2.18375092822675,180.0,159.1994232358239,0.8100422815432797,,,,SUMO/TraCI,3
sumo_coupled_00000405,30,gnb_1,0,298,226.65,37.0079016625302,15.4786938815971,180.0,119.98296081717712,-0.6916990360316929,,,,SUMO/TraCI,0
sumo_coupled_00000405,30,gnb_1,1,270,226.65,107.788893617358,14.5529658133611,180.0,87.50619188999256,-0.1395456266454042,,,,SUMO/TraCI,1
sumo_coupled_00000405,30,gnb_1,2,239,226.65,176.051852529401,13.8997348699588,180.0,103.19899549887934,0.5431433926118949,,,,SUMO/TraCI,2
sumo_coupled_00000406,30,gnb_2,3,204,226.65,260.041275080703,11.1884562671068,180.0,95.45979887054114,-0.20907989703984473,,,,SUMO/TraCI,0
sumo_coupled_00000406,30,gnb_2,4,162,226.65,331.562863517132,8.78671067563444,180.0,106.64404059339827,0.4835044061554803,,,,SUMO/TraCI,1
sumo_coupled_00000406,30,gnb_2,5,113,226.65,383.742399677683,5.3187439500722,180.0,139.55897674776827,0.7433588443771818,,,,SUMO/TraCI,2
sumo_coupled_00000406,30,gnb_2,6,55,226.65,408.735302510862,2.22961507458904,180.0,159.01886873123942,0.8095599191341238,,,,SUMO/TraCI,3
sumo_coupled_00000407,30.1,gnb_1,0,299,226.65,35.4586621234114,15.4923953911883,180.0,121.05973860026097,-0.6983439651703192,,,,SUMO/TraCI,0
sumo_coupled_00000407,30.1,gnb_1,1,271,226.65,106.334724540854,14.5416907650458,180.0,87.7209339517902,-0.15578123537371574,,,,SUMO/TraCI,1
sumo_coupled_00000407,30.1,gnb_1,2,240,226.65,174.664393140679,13.8745938872173,180.0,102.45202964040642,0.5335608609467677,,,,SUMO/TraCI,2
sumo_coupled_00000408,30.1,gnb_2,3,205,226.65,258.922231893934,11.1904318676947,180.0,95.70002512190419,-0.22024830274826798,,,,SUMO/TraCI,0
sumo_coupled_00000408,30.1,gnb_2,4,163,226.65,330.683498290178,8.79365226953477,180.0,106.2216526840478,0.4771484627614874,,,,SUMO/TraCI,1
sumo_coupled_00000408,30.1,gnb_2,5,114,226.65,383.205309359607,5.37090318075473,180.0,139.16018963774152,0.7416295538851203,,,,SUMO/TraCI,2
sumo_coupled_00000408,30.1,gnb_2,6,56,226.65,408.50915888776,2.26143623102539,180.0,158.83584739610748,0.8090689916318559,,,,SUMO/TraCI,3
sumo_coupled_00000408,30.1,gnb_2,7,0,226.65,416.140139305787,0.098606942129205,0.0,165.0707727921545,0.0,,,,SUMO/TraCI,4
sumo_coupled_00000409,30.2,gnb_1,0,300,226.65,33.9104979151022,15.4816420830914,180.0,122.14591630187897,-0.7048086803993584,,,,SUMO/TraCI,0
sumo_coupled_00000409,30.2,gnb_1,1,272,226.65,104.879910890658,14.5481365019565,180.0,87.95930646994918,-0.17189868492775917,,,,SUMO/TraCI,1
sumo_coupled_00000409,30.2,gnb_1,2,241,226.65,173.274415464662,13.8997767601712,180.0,101.71718558386002,0.5237503884802268,,,,SUMO/TraCI,2
sumo_coupled_00000410,30.2,gnb_2,3,206,226.65,257.804491995962,11.1773989797174,180.0,95.95240005105299,-0.23131790337947286,,,,SUMO/TraCI,0
sumo_coupled_00000410,30.2,gnb_2,4,164,226.65,329.805726799599,8.77771490579098,180.0,105.80563747757625,0.4707284790014564,,,,SUMO/TraCI,1
sumo_coupled_00000410,30.2,gnb_2,5,115,226.65,382.663047216596,5.42262143011111,180.0,138.7585087978284,0.7398684816235406,,,,SUMO/TraCI,2
sumo_coupled_00000410,30.2,gnb_2,6,57,226.65,408.279671370686,2.29487517074008,180.0,158.65023349170085,0.8085690676112144,,,,SUMO/TraCI,3
sumo_coupled_00000410,30.2,gnb_2,7,1,226.65,416.120652175877,0.19487129910135,180.0,165.0547013834689,0.8247002420102539,,,,SUMO/TraCI,4
sumo_coupled_00000411,30.3,gnb_1,0,301,226.65,32.3598548303979,15.5064308470429,180.0,123.24373227612402,-0.7111123912836953,,,,SUMO/TraCI,0
sumo_coupled_00000411,30.3,gnb_1,1,273,226.65,103.4240763931,14.5583449755788,180.0,88.22122048249948,-0.18789043629461225,,,,SUMO/TraCI,1
sumo_coupled_00000411,30.3,gnb_1,2,242,226.65,171.887950108722,13.8646535594035,180.0,100.99793001089293,0.5137526096141349,,,,SUMO/TraCI,2
sumo_coupled_00000412,30.3,gnb_2,3,207,226.65,256.685591584731,11.1890041123109,180.0,96.21737961384089,-0.24230974184538284,,,,SUMO/TraCI,0
sumo_coupled_00000412,30.3,gnb_2,4,165,226.65,328.927990785453,8.77736014146358,180.0,105.39530721195025,0.4642331056264078,,,,SUMO/TraCI,1
sumo_coupled_00000412,30.3,gnb_2,5,116,226.65,382.11613539193,5.46911824665799,180.0,138.3543552165344,0.7380767683974313,,,,SUMO/TraCI,2
sumo_coupled_00000412,30.3,gnb_2,6,58,226.65,408.0463930264,2.33278344286164,180.0,158.46167128700648,0.8080590844866313,,,,SUMO/TraCI,3
sumo_coupled_00000412,30.3,gnb_2,7,2,226.65,416.091753147873,0.288990280035747,180.0,165.0308691574446,0.8246442246997878,,,,SUMO/TraCI,4
sumo_coupled_00000413,30.4,gnb_1,0,302,226.65,30.8083416280144,15.5151320238353,180.0,124.35181712844002,-0.7172525535341527,,,,SUMO/TraCI,0
sumo_coupled_00000413,30.4,gnb_1,1,274,226.65,101.967922124659,14.5615426844084,180.0,88.50637453032614,-0.2037376174431642,,,,SUMO/TraCI,1
sumo_coupled_00000413,30.4,gnb_1,2,243,226.65,170.499553245737,13.8839686298454,180.0,100.29171141235464,0.5035266876452573,,,,SUMO/TraCI,2
sumo_coupled_00000414,30.4,gnb_2,3,208,226.65,255.567368713312,11.1822287141893,180.0,96.4944349254984,-0.2532024909576599,,,,SUMO/TraCI,0
sumo_coupled_00000414,30.4,gnb_2,4,166,226.65,328.051070979796,8.76919805657119,180.0,104.99108496584552,0.45766810577705175,,,,SUMO/TraCI,1
sumo_coupled_00000414,30.4,gnb_2,5,117,226.65,381.565823842521,5.50311549409664,180.0,137.94868275126808,0.7362580186840341,,,,SUMO/TraCI,2
sumo_coupled_00000414,30.4,gnb_2,6,59,226.65,407.809350774539,2.37042251860107,180.0,158.27018874509864,0.8075390052158323,,,,SUMO/TraCI,3
sumo_coupled_00000414,30.4,gnb_2,7,3,226.65,416.052935148217,0.388179996560485,180.0,164.99885957922538,0.8245689424470852,,,,SUMO/TraCI,4
sumo_coupled_00000415,30.5,gnb_1,1,275,226.65,100.513163239806,14.5475888485326,180.0,88.81418415387516,-0.21941131302216368,,,,SUMO/TraCI,0
sumo_coupled_00000415,30.5,gnb_1,2,244,226.65,169.110151120431,13.8940212530671,180.0,99.59934459157635,0.49307705107714644,,,,SUMO/TraCI,1
sumo_coupled_00000416,30.5,gnb_2,3,209,226.65,254.449084415542,11.1828429777001,180.0,96.78363388096201,-0.26400037444227487,,,,SUMO/TraCI,0
sumo_coupled_00000416,30.5,gnb_2,4,167,226.65,327.17192404515,8.79146934645623,180.0,104.59164841478213,0.4510104273151802,,,,SUMO/TraCI,1
sumo_coupled_00000416,30.5,gnb_2,5,118,226.65,381.010695360339,5.55128482181415,180.0,137.5404779589602,0.7344070404530579,,,,SUMO/TraCI,2
sumo_coupled_00000416,30.5,gnb_2,6,60,226.65,407.569078861207,2.40271913332947,180.0,158.07622332753542,0.8070099106358498,,,,SUMO/TraCI,3
sumo_coupled_00000416,30.5,gnb_2,7,4,226.65,416.005804819233,0.471303289842738,180.0,164.95999952875636,0.8244774806484163,,,,SUMO/TraCI,4
sumo_coupled_00000417,30.6,gnb_1,1,276,226.65,99.0577758307648,14.5538740904133,180.0,89.14482179663887,-0.23492361919809024,,,,SUMO/TraCI,0
sumo_coupled_00000417,30.6,gnb_1,2,245,226.65,167.721252824366,13.8889829606488,180.0,98.92189075794629,0.48241347247532873,,,,SUMO/TraCI,1
sumo_coupled_00000418,30.6,gnb_2,3,210,226.65,253.331484311613,11.1760010392882,180.0,97.08466526193384,-0.2746933886668457,,,,SUMO/TraCI,0
sumo_coupled_00000418,30.6,gnb_2,4,168,226.65,326.29330778163,8.78616263519973,180.0,104.19833417749405,0.4442806897735316,,,,SUMO/TraCI,1
sumo_coupled_00000418,30.6,gnb_2,5,119,226.65,380.451864231588,5.58831128750833,180.0,137.13059296743884,0.732527017187477,,,,SUMO/TraCI,2
sumo_coupled_00000418,30.6,gnb_2,6,61,226.65,407.3257805361,2.43298325106177,180.0,157.87994454371685,0.8064721640489529,,,,SUMO/TraCI,3
sumo_coupled_00000418,30.6,gnb_2,7,5,226.65,415.950523918898,0.552809003354237,180.0,164.9144246384253,0.8243701193329169,,,,SUMO/TraCI,4
sumo_coupled_00000419,30.7,gnb_1,1,277,226.65,97.6011322176287,14.5664361313607,180.0,89.49822220542792,-0.2502716504352289,,,,SUMO/TraCI,0
sumo_coupled_00000419,30.7,gnb_1,2,246,226.65,166.333544371047,13.8770845331829,180.0,98.25996048230317,0.4715404335969764,,,,SUMO/TraCI,1
sumo_coupled_00000420,30.7,gnb_2,3,211,226.65,252.214469495544,11.1701481606951,180.0,97.39742401836946,-0.28527993203614466,,,,SUMO/TraCI,0
sumo_coupled_00000420,30.7,gnb_2,4,169,226.65,325.415671278852,8.77636502777785,180.0,103.81139483558027,0.4374825263718186,,,,SUMO/TraCI,1
sumo_coupled_00000420,30.7,gnb_2,5,120,226.65,379.887675498169,5.64188733419588,180.0,136.71784893139414,0.7306118131531844,,,,SUMO/TraCI,2
sumo_coupled_00000420,30.7,gnb_2,6,62,226.65,407.077530861787,2.48249674313202,180.0,157.67980641137416,0.8059214033422375,,,,SUMO/TraCI,3
sumo_coupled_00000420,30.7,gnb_2,7,6,226.65,415.885555824793,0.649680941046222,180.0,164.86087098463642,0.824243830650733,,,,SUMO/TraCI,4
sumo_coupled_00000421,30.8,gnb_1,1,278,226.65,96.1450317691914,14.5610044843731,180.0,89.87370032046577,-0.2654276851375664,,,,SUMO/TraCI,0
sumo_coupled_00000421,30.8,gnb_1,2,247,226.65,164.944221325774,13.8932304527313,180.0,97.61252752889949,0.46043497144838996,,,,SUMO/TraCI,1
sumo_coupled_00000422,30.8,gnb_2,3,212,226.65,251.097684365195,11.167851303491,180.0,97.72188265201348,-0.2957609375755257,,,,SUMO/TraCI,0
sumo_coupled_00000422,30.8,gnb_2,4,170,226.65,324.536527617771,8.79143661081791,180.0,103.4298061114323,0.43059664609434384,,,,SUMO/TraCI,1
sumo_coupled_00000422,30.8,gnb_2,5,121,226.65,379.319693345767,5.67982152402004,180.0,136.30342617226168,0.7286661541452799,,,,SUMO/TraCI,2
sumo_coupled_00000422,30.8,gnb_2,6,63,226.65,406.824872866164,2.52657995623211,180.0,157.47625496410137,0.8053587056351784,,,,SUMO/TraCI,3
sumo_coupled_00000422,30.8,gnb_2,7,7,226.65,415.810651850967,0.749039738261539,180.0,164.7991373041272,0.8240980752243646,,,,SUMO/TraCI,4
sumo_coupled_00000423,30.9,gnb_1,1,279,226.65,94.6877845195691,14.5724724962229,180.0,90.27142821805671,-0.28040118540373077,,,,SUMO/TraCI,0
sumo_coupled_00000423,30.9,gnb_1,2,248,226.65,163.557368137103,13.8685318867126,180.0,96.9817860169172,0.4491293667194888,,,,SUMO/TraCI,1
sumo_coupled_00000424,30.9,gnb_2,3,213,226.65,249.979284464963,11.1839990023174,180.0,98.05848184239653,-0.30615113523058085,,,,SUMO/TraCI,0
sumo_coupled_00000424,30.9,gnb_2,4,171,226.65,323.657262387169,8.79265230601281,180.0,103.05425298910336,0.4236337765874174,,,,SUMO/TraCI,1
sumo_coupled_00000424,30.9,gnb_2,5,122,226.65,378.748301523609,5.71391822157682,180.0,135.88763576498633,0.7266908498900612,,,,SUMO/TraCI,2
sumo_coupled_00000424,30.9,gnb_2,6,64,226.65,406.568379643965,2.56493222198706,180.0,157.2697594126056,0.8047852309095616,,,,SUMO/TraCI,3
sumo_coupled_00000424,30.9,gnb_2,7,8,226.65,415.728340109989,0.823117409780392,180.0,164.73131095518195,0.8239377160478999,,,,SUMO/TraCI,4
sumo_coupled_00000425,31,gnb_1,1,280,226.65,93.2338824304685,14.5390208910061,180.0,90.68984259411846,-0.2951390894934398,,,,SUMO/TraCI,0
sumo_coupled_00000425,31,gnb_1,2,249,226.65,162.167638424513,13.8972971258974,180.0,96.36561746961655,0.4375797045850734,,,,SUMO/TraCI,1
sumo_coupled_00000426,31,gnb_2,3,214,226.65,248.861204571909,11.1807989305339,180.0,98.40653982694697,-0.3164301425784321,,,,SUMO/TraCI,0
sumo_coupled_00000426,31,gnb_2,4,172,226.65,322.778383411028,8.78878976141661,180.0,102.6850163717225,0.41659810674002457,,,,SUMO/TraCI,1
sumo_coupled_00000426,31,gnb_2,5,123,226.65,378.173270841135,5.75030682473931,180.0,135.47034216996295,0.7246846008402743,,,,SUMO/TraCI,2
sumo_coupled_00000426,31,gnb_2,6,65,226.65,406.306897391566,2.61482252399694,180.0,157.05939904597744,0.8041982724930141,,,,SUMO/TraCI,3
sumo_coupled_00000426,31,gnb_2,7,9,226.65,415.638767025848,0.895730841411224,180.0,164.65751613665336,0.8237629851848245,,,,SUMO/TraCI,4
sumo_coupled_00000427,31.1,gnb_1,1,281,226.65,91.7785119381952,14.5537049227329,180.0,91.12998896314315,-0.3096838744622122,,,,SUMO/TraCI,0
sumo_coupled_00000427,31.1,gnb_1,2,250,226.65,160.779867032292,13.8777139222119,180.0,95.7664871193019,0.4258260719273345,,,,SUMO/TraCI,1
sumo_coupled_00000428,31.1,gnb_2,3,215,226.65,247.744346770879,11.1685780103004,180.0,98.76562997944833,-0.32658783461243485,,,,SUMO/TraCI,0
sumo_coupled_00000428,31.1,gnb_2,4,173,226.65,321.899745873763,8.78637537264824,180.0,102.32209538650935,0.4094887396069417,,,,SUMO/TraCI,1
sumo_coupled_00000428,31.1,gnb_2,5,124,226.65,377.593524564027,5.79746277108461,180.0,135.05079983779933,0.7226430697281334,,,,SUMO/TraCI,2
sumo_coupled_00000428,31.1,gnb_2,6,66,226.65,406.041295911279,2.65601480286709,180.0,156.84588223792997,0.803599648985866,,,,SUMO/TraCI,3
sumo_coupled_00000428,31.1,gnb_2,7,10,226.65,415.542268971725,0.964980541224461,180.0,164.57803370439032,0.8235744826990797,,,,SUMO/TraCI,4
sumo_coupled_00000429,31.2,gnb_1,1,282,226.65,90.323602750621,14.5490918757422,180.0,91.59099875917366,-0.32400997534058046,,,,SUMO/TraCI,0
sumo_coupled_00000429,31.2,gnb_1,2,251,226.65,159.392370052718,13.874969795743,180.0,95.1839341400127,0.41385524152398473,,,,SUMO/TraCI,1
sumo_coupled_00000430,31.2,gnb_2,3,216,226.65,246.624911822688,11.194349481914,180.0,99.13687008799174,-0.3366566661595125,,,,SUMO/TraCI,0
sumo_coupled_00000430,31.2,gnb_2,4,174,226.65,321.02252648989,8.77219383872301,180.0,101.96602463376577,0.4023156403050112,,,,SUMO/TraCI,1
sumo_coupled_00000430,31.2,gnb_2,5,125,226.65,377.009182004026,5.84342560000786,180.0,134.62913463693602,0.7205660369550586,,,,SUMO/TraCI,2
sumo_coupled_00000430,31.2,gnb_2,6,67,226.65,405.771284030459,2.70011880820001,180.0,156.62898322682935,0.8029885749070952,,,,SUMO/TraCI,3
sumo_coupled_00000430,31.2,gnb_2,7,11,226.65,415.438564561253,1.03704410472197,180.0,164.49263591544968,0.8233715984153193,,,,SUMO/TraCI,4
sumo_coupled_00000431,31.3,gnb_1,1,283,226.65,88.8697408895489,14.5386186107206,180.0,92.07233858376698,-0.3381065322037948,,,,SUMO/TraCI,0
sumo_coupled_00000431,31.3,gnb_1,2,252,226.65,158.00516347667,13.8720657604737,180.0,94.61825907766647,0.40166838670614124,,,,SUMO/TraCI,1
sumo_coupled_00000432,31.3,gnb_2,3,217,226.65,245.506501320963,11.1841050172527,180.0,99.51896277152775,-0.3466022727570624,,,,SUMO/TraCI,0
sumo_coupled_00000432,31.3,gnb_2,4,175,226.65,320.145254750792,8.7727173909843,180.0,101.61625843833252,0.3950672399058542,,,,SUMO/TraCI,1
sumo_coupled_00000432,31.3,gnb_2,5,126,226.65,376.419610943119,5.89571060907048,180.0,134.2049323773997,0.7184505758102537,,,,SUMO/TraCI,2
sumo_coupled_00000432,31.3,gnb_2,6,68,226.65,405.497552072787,2.73731957671489,180.0,156.4092646752803,0.8023664859836227,,,,SUMO/TraCI,3
sumo_coupled_00000432,31.3,gnb_2,7,12,226.65,415.325084281013,1.13480280240193,180.0,164.39921208954522,0.8231492265747838,,,,SUMO/TraCI,4
sumo_coupled_00000433,31.4,gnb_1,1,284,226.65,87.4129428456806,14.5679804386832,180.0,92.57504412085841,-0.3520069308503532,,,,SUMO/TraCI,0
sumo_coupled_00000433,31.4,gnb_1,2,253,226.65,156.617485404474,13.8767807219662,180.0,94.06945698443712,0.38926009119550886,,,,SUMO/TraCI,1
sumo_coupled_00000434,31.4,gnb_2,3,218,226.65,244.387028287291,11.194730336715,180.0,99.91249298366151,-0.35644162856123224,,,,SUMO/TraCI,0
sumo_coupled_00000434,31.4,gnb_2,4,176,226.65,319.268329079992,8.76925670800358,180.0,101.2730179699141,0.3877471992753066,,,,SUMO/TraCI,1
sumo_coupled_00000434,31.4,gnb_2,5,127,226.65,375.826189855592,5.9342108752725,180.0,133.77922545088967,0.7163009767220532,,,,SUMO/TraCI,2
sumo_coupled_00000434,31.4,gnb_2,6,69,226.65,405.219275882743,2.78276190044208,180.0,156.1860734911999,0.8017313777325884,,,,SUMO/TraCI,3
sumo_coupled_00000434,31.4,gnb_2,7,13,226.65,415.203025844727,1.22058436285715,180.0,164.2987544005429,0.8229096217924841,,,,SUMO/TraCI,4
sumo_coupled_00000435,31.5,gnb_1,1,285,226.65,85.9576370703514,14.5530577532917,180.0,93.09728768247716,-0.3656643901995878,,,,SUMO/TraCI,0
sumo_coupled_00000435,31.5,gnb_1,2,254,226.65,155.229391576235,13.8809382823883,180.0,93.53786682852939,0.3766324032257053,,,,SUMO/TraCI,1
sumo_coupled_00000436,31.5,gnb_2,3,219,226.65,243.269955906598,11.1707238069328,180.0,100.3160936196344,-0.36614308600044015,,,,SUMO/TraCI,0
sumo_coupled_00000436,31.5,gnb_2,4,177,226.65,318.390684075999,8.77645003993064,180.0,100.9359555551101,0.38034696223822867,,,,SUMO/TraCI,1
sumo_coupled_00000436,31.5,gnb_2,5,128,226.65,375.228831549325,5.97358306266552,180.0,133.3519885800347,0.7141163214988047,,,,SUMO/TraCI,2
sumo_coupled_00000436,31.5,gnb_2,6,70,226.65,404.937638607336,2.81637275407522,180.0,155.9603668910063,0.8010858213397851,,,,SUMO/TraCI,3
sumo_coupled_00000436,31.5,gnb_2,7,14,226.65,415.073255150879,1.29770693847803,180.0,164.1919814030346,0.8226543951578295,,,,SUMO/TraCI,4
sumo_coupled_00000437,31.6,gnb_1,1,286,226.65,84.5030505055674,14.5458656478398,180.0,93.63896583906883,-0.37908310046310084,,,,SUMO/TraCI,0
sumo_coupled_00000437,31.6,gnb_1,2,255,226.65,153.842977571254,13.8641400498087,180.0,93.02456466379407,0.3638068900786373,,,,SUMO/TraCI,1
sumo_coupled_00000438,31.6,gnb_2,3,220,226.65,242.15063642257,11.1931948402757,180.0,100.73131004417884,-0.3757457692233924,,,,SUMO/TraCI,0
sumo_coupled_00000438,31.6,gnb_2,4,178,226.65,317.512936891484,8.77747184514254,180.0,100.60538223288285,0.3728720676658083,,,,SUMO/TraCI,1
sumo_coupled_00000438,31.6,gnb_2,5,129,226.65,374.625675579224,6.03155970101034,180.0,132.9219356570786,0.711889088219013,,,,SUMO/TraCI,2
sumo_coupled_00000438,31.6,gnb_2,6,71,226.65,404.652700892645,2.84937714690716,180.0,155.73220071594446,0.8004298425090102,,,,SUMO/TraCI,3
sumo_coupled_00000438,31.6,gnb_2,7,15,226.65,414.935284490749,1.37970660129922,180.0,164.07849798373755,0.8223824946527908,,,,SUMO/TraCI,4
sumo_coupled_00000439,31.7,gnb_1,1,287,226.65,83.0482596121246,14.5479089344286,180.0,94.20007228072038,-0.39226870524852236,,,,SUMO/TraCI,0
sumo_coupled_00000439,31.7,gnb_1,2,256,226.65,152.456340365574,13.8663720567962,180.0,92.52911179691498,0.3507689605495178,,,,SUMO/TraCI,1
sumo_coupled_00000440,31.7,gnb_2,3,221,226.65,241.031568301698,11.1906812087214,180.0,101.15711131218224,-0.38522681394134545,,,,SUMO/TraCI,0
sumo_coupled_00000440,31.7,gnb_2,4,179,226.65,316.635326856711,8.77610034773499,180.0,100.28145229252542,0.3653250528307482,,,,SUMO/TraCI,1
sumo_coupled_00000440,31.7,gnb_2,5,130,226.65,374.018647682222,6.07027897001638,180.0,132.49048498663515,0.7096256587158396,,,,SUMO/TraCI,2
sumo_coupled_00000440,31.7,gnb_2,6,72,226.65,404.362861176495,2.89839716150042,180.0,155.50030141451228,0.7997596149025129,,,,SUMO/TraCI,3
sumo_coupled_00000440,31.7,gnb_2,7,16,226.65,414.789382154027,1.45902336722716,180.0,163.9585314689795,0.8220943487745791,,,,SUMO/TraCI,4
sumo_coupled_00000441,31.8,gnb_1,1,288,226.65,81.5919986322554,14.5626097986922,180.0,94.78078428175552,-0.4052298328062876,,,,SUMO/TraCI,0
sumo_coupled_00000441,31.8,gnb_1,2,257,226.65,151.067410121753,13.8893024382126,180.0,92.05110793289346,0.33750175114026415,,,,SUMO/TraCI,1
sumo_coupled_00000442,31.8,gnb_2,3,222,226.65,239.912737268754,11.1883103294414,180.0,101.59336165952942,-0.3945854539747463,,,,SUMO/TraCI,0
sumo_coupled_00000442,31.8,gnb_2,4,180,226.65,315.758522357867,8.76804498843849,180.0,99.96446579269092,0.3577123338209399,,,,SUMO/TraCI,1
sumo_coupled_00000442,31.8,gnb_2,5,131,226.65,373.406198361481,6.12449320741229,180.0,132.05658026900568,0.7073195305467403,,,,SUMO/TraCI,2
sumo_coupled_00000442,31.8,gnb_2,6,73,226.65,404.068662370123,2.94198806372204,180.0,155.2651135391063,0.7990762351059246,,,,SUMO/TraCI,3
sumo_coupled_00000442,31.8,gnb_2,7,17,226.65,414.63682123025,1.52560923776949,180.0,163.83313502154044,0.8217923755933024,,,,SUMO/TraCI,4
sumo_coupled_00000443,31.9,gnb_1,1,289,226.65,80.1380996414476,14.5389899080775,180.0,95.37920947562503,-0.41793070604909394,,,,SUMO/TraCI,0
sumo_coupled_00000443,31.9,gnb_1,2,258,226.65,149.677843917664,13.8956620408883,180.0,91.59146750435451,0.32402411192126646,,,,SUMO/TraCI,1
sumo_coupled_00000444,31.9,gnb_2,3,223,226.65,238.794014867092,11.1872240166191,180.0,102.03997114255489,-0.40382199908054867,,,,SUMO/TraCI,0
sumo_coupled_00000444,31.9,gnb_2,4,181,226.65,314.879922539204,8.78599818663299,180.0,99.65355736922226,0.35001181553380845,,,,SUMO/TraCI,1
sumo_coupled_00000444,31.9,gnb_2,5,132,226.65,372.788181577169,6.18016784311806,180.0,131.62016996037377,0.7049693189509196,,,,SUMO/TraCI,2
sumo_coupled_00000444,31.9,gnb_2,6,74,226.65,403.771250217478,2.97412152644445,180.0,155.02756167984305,0.7983822287877146,,,,SUMO/TraCI,3
sumo_coupled_00000444,31.9,gnb_2,7,18,226.65,414.476596883845,1.60224346405138,180.0,163.70148933183273,0.8214744864736867,,,,SUMO/TraCI,4
sumo_coupled_00000445,32,gnb_1,1,290,226.65,78.6835313996813,14.5456824176635,180.0,95.99621387117891,-0.43039685560685653,,,,SUMO/TraCI,0
sumo_coupled_00000445,32,gnb_1,2,259,226.65,148.288389589447,13.8945432821708,180.0,91.15072948454299,0.31034737461145656,,,,SUMO/TraCI,1
sumo_coupled_00000446,32,gnb_2,3,224,226.65,237.677143924973,11.1687094211928,180.0,102.49608112677991,-0.41292170012506946,,,,SUMO/TraCI,0
sumo_coupled_00000446,32,gnb_2,4,182,226.65,314.001912751258,8.78009787945449,180.0,99.34964806552743,0.34224492399642464,,,,SUMO/TraCI,1
sumo_coupled_00000446,32,gnb_2,5,133,226.65,372.164478722765,6.23702854404364,180.0,131.18122441202857,0.7025737039416904,,,,SUMO/TraCI,2
sumo_coupled_00000446,32,gnb_2,6,75,226.65,403.469073883949,3.02176333528793,180.0,154.78641641229396,0.7976738317597127,,,,SUMO/TraCI,3
sumo_coupled_00000446,32,gnb_2,7,19,226.65,414.309865298212,1.66731585632904,180.0,163.56455122190704,0.8211428716971481,,,,SUMO/TraCI,4
sumo_coupled_00000447,32.1,gnb_1,1,291,226.65,77.2292912742492,14.5424012543207,180.0,96.63103034172313,-0.4426187796456037,,,,SUMO/TraCI,0
sumo_coupled_00000447,32.1,gnb_1,2,260,226.65,146.90073903632,13.8765055312775,180.0,90.72966582491193,0.2964933111098684,,,,SUMO/TraCI,1
sumo_coupled_00000448,32.1,gnb_2,3,225,226.65,236.559036036787,11.1810788818565,180.0,102.96280809133543,-0.4219092774225595,,,,SUMO/TraCI,0
sumo_coupled_00000448,32.1,gnb_2,4,183,226.65,313.12365567307,8.78257078188658,180.0,99.0525066070925,0.33440502222180246,,,,SUMO/TraCI,1
sumo_coupled_00000448,32.1,gnb_2,5,134,226.65,371.536621183656,6.27857539108557,180.0,130.74087164203908,0.7001377613136767,,,,SUMO/TraCI,2
sumo_coupled_00000448,32.1,gnb_2,6,76,226.65,403.163736936066,3.05336947882979,180.0,154.5429668281817,0.7969546558077756,,,,SUMO/TraCI,3
sumo_coupled_00000448,32.1,gnb_2,7,20,226.65,414.134643676811,1.75221621400687,180.0,163.42069983421638,0.8207934723868219,,,,SUMO/TraCI,4
sumo_coupled_00000449,32.2,gnb_1,1,292,226.65,75.774805153882,14.5448612036724,180.0,97.28355646858878,-0.45460092590670825,,,,SUMO/TraCI,0
sumo_coupled_00000449,32.2,gnb_1,2,261,226.65,145.513194511701,13.8754452461833,180.0,90.32798898565102,0.28245059807269557,,,,SUMO/TraCI,1
sumo_coupled_00000450,32.2,gnb_2,3,226,226.65,235.439612819541,11.1942321724619,180.0,103.44008220062672,-0.430784529869496,,,,SUMO/TraCI,0
sumo_coupled_00000450,32.2,gnb_2,4,184,226.65,312.246034456163,8.77621216906607,180.0,98.76248902365741,0.32650082814780845,,,,SUMO/TraCI,1
sumo_coupled_00000450,32.2,gnb_2,5,135,226.65,370.904751899111,6.31869284545815,180.0,130.29925716533813,0.6976613211521303,,,,SUMO/TraCI,2
sumo_coupled_00000450,32.2,gnb_2,6,77,226.65,402.853424199553,3.10312736513117,180.0,154.2957755013251,0.7962202711019649,,,,SUMO/TraCI,3
sumo_coupled_00000450,32.2,gnb_2,7,21,226.65,413.951633731676,1.83009945134875,180.0,163.27051993359083,0.8204275565862098,,,,SUMO/TraCI,4
sumo_coupled_00000451,32.3,gnb_1,1,293,226.65,74.3185278136683,14.562773402137,180.0,97.9541699015953,-0.4663555643646747,,,,SUMO/TraCI,0
sumo_coupled_00000451,32.3,gnb_1,2,262,226.65,144.126762311987,13.8643219971387,180.0,89.94622370983186,0.2682354113033179,,,,SUMO/TraCI,1
sumo_coupled_00000452,32.3,gnb_2,3,227,226.65,234.322818401181,11.1679441835964,180.0,103.92606708045624,-0.4395161183522628,,,,SUMO/TraCI,0
sumo_coupled_00000452,32.3,gnb_2,4,185,226.65,311.366428639839,8.79605816324055,180.0,98.47880658100053,0.31850943090013556,,,,SUMO/TraCI,1
sumo_coupled_00000452,32.3,gnb_2,5,136,226.65,370.26834973334,6.36402165770366,180.0,129.8560644081769,0.6951415796000046,,,,SUMO/TraCI,2
sumo_coupled_00000452,32.3,gnb_2,6,78,226.65,402.538175269702,3.1524892985148,180.0,154.04488598596254,0.7954705830407663,,,,SUMO/TraCI,3
sumo_coupled_00000452,32.3,gnb_2,7,22,226.65,413.759634718266,1.91999013410077,180.0,163.11303559177588,0.8200425811032489,,,,SUMO/TraCI,4
sumo_coupled_00000453,32.4,gnb_1,1,294,226.65,72.8630554400352,14.5547237363311,180.0,98.64134043315306,-0.47786196287456595,,,,SUMO/TraCI,0
sumo_coupled_00000453,32.4,gnb_1,2,263,226.65,142.740008818903,13.8675349308448,180.0,89.58420899401739,0.2538394776742586,,,,SUMO/TraCI,1
sumo_coupled_00000454,32.4,gnb_2,3,228,226.65,233.205211871884,11.1760652929731,180.0,104.42209869541632,-0.44813108252697953,,,,SUMO/TraCI,0
sumo_coupled_00000454,32.4,gnb_2,4,186,226.65,310.487689153499,8.78739486339688,180.0,98.20245256570927,0.3104575125870615,,,,SUMO/TraCI,1
sumo_coupled_00000454,32.4,gnb_2,5,137,226.65,369.628133446084,6.40216287256286,180.0,129.41184182689403,0.6925806184411922,,,,SUMO/TraCI,2
sumo_coupled_00000454,32.4,gnb_2,6,79,226.65,402.219915148398,3.18260121303926,180.0,153.79184035208633,0.7947100110681521,,,,SUMO/TraCI,3
sumo_coupled_00000454,32.4,gnb_2,7,23,226.65,413.5592571423,2.00377575966074,180.0,162.9487577995089,0.8196396152134553,,,,SUMO/TraCI,4
sumo_coupled_00000455,32.5,gnb_1,1,295,226.65,71.4071257426137,14.5592969742143,180.0,99.34530652524133,-0.4891310516520475,,,,SUMO/TraCI,0
sumo_coupled_00000455,32.5,gnb_1,2,264,226.65,141.350343931227,13.8966488767564,180.0,89.24158047671322,0.2392421090838724,,,,SUMO/TraCI,1
sumo_coupled_00000456,32.5,gnb_2,3,229,226.65,232.08681452821,11.1839734367456,180.0,104.9280507874522,-0.45662894823849803,,,,SUMO/TraCI,0
sumo_coupled_00000456,32.5,gnb_2,4,187,226.65,309.609617619026,8.78071534473449,180.0,97.93340571809465,0.3023444084468837,,,,SUMO/TraCI,1
sumo_coupled_00000456,32.5,gnb_2,5,138,226.65,368.983042562579,6.45090883504621,180.0,128.96590388042006,0.6899733951780461,,,,SUMO/TraCI,2
sumo_coupled_00000456,32.5,gnb_2,6,80,226.65,401.896805121946,3.23110026451725,180.0,153.53518684307411,0.7939340005918956,,,,SUMO/TraCI,3
sumo_coupled_00000456,32.5,gnb_2,7,24,226.65,413.35021377691,2.09043365389585,180.0,162.77746162889872,0.8192179214645993,,,,SUMO/TraCI,4
sumo_coupled_00000457,32.6,gnb_1,1,296,226.65,69.9508654754534,14.562602671603,180.0,100.06567027035878,-0.5001628869253879,,,,SUMO/TraCI,0
sumo_coupled_00000457,32.6,gnb_1,2,265,226.65,139.963589269845,13.8675466138264,180.0,88.92000560354836,0.2245117860074487,,,,SUMO/TraCI,1
sumo_coupled_00000458,32.6,gnb_2,3,230,226.65,230.967844913936,11.1896961427387,180.0,105.44370409077932,-0.4650078969518265,,,,SUMO/TraCI,0
sumo_coupled_00000458,32.6,gnb_2,4,188,226.65,308.731233013491,8.7838460553512,180.0,97.67141982420198,0.294162131206899,,,,SUMO/TraCI,1
sumo_coupled_00000458,32.6,gnb_2,5,139,226.65,368.332007423061,6.51035139518858,180.0,128.51757092081883,0.6873146355799346,,,,SUMO/TraCI,2
sumo_coupled_00000458,32.6,gnb_2,6,81,226.65,401.57009864362,3.26706478325732,180.0,153.27593217534022,0.7931453876564895,,,,SUMO/TraCI,3
sumo_coupled_00000458,32.6,gnb_2,7,25,226.65,413.131616411972,2.18597364938013,180.0,162.59843107626978,0.8187755289565137,,,,SUMO/TraCI,4
sumo_coupled_00000459,32.7,gnb_1,1,297,226.65,68.4948729371094,14.5599253834393,180.0,100.80178874288147,-0.5109544950066953,,,,SUMO/TraCI,0
sumo_coupled_00000459,32.7,gnb_1,2,266,226.65,138.576725772486,13.8686349735856,180.0,88.61894402680583,0.20962477014922246,,,,SUMO/TraCI,1
sumo_coupled_00000460,32.7,gnb_2,3,231,226.65,229.850349028438,11.1749588549731,180.0,105.96796682285401,-0.4732529317599994,,,,SUMO/TraCI,0
sumo_coupled_00000460,32.7,gnb_2,4,189,226.65,307.853050056352,8.78182957138866,180.0,97.41670748614762,0.28591656169772145,,,,SUMO/TraCI,1
sumo_coupled_00000460,32.7,gnb_2,5,140,226.65,367.677547418605,6.54460004455268,180.0,128.0686332453881,0.6846137512111098,,,,SUMO/TraCI,2
sumo_coupled_00000460,32.7,gnb_2,6,82,226.65,401.239609971927,3.30488671693043,180.0,153.01393899297207,0.792343565362993,,,,SUMO/TraCI,3
sumo_coupled_00000460,32.7,gnb_2,7,26,226.65,412.903999188143,2.27617223829391,180.0,162.4121162358336,0.8183133270374807,,,,SUMO/TraCI,4
sumo_coupled_00000461,32.8,gnb_1,1,298,226.65,67.0404819221923,14.5439101491722,180.0,101.552612251156,-0.521498333758567,,,,SUMO/TraCI,0
sumo_coupled_00000461,32.8,gnb_1,2,267,226.65,137.188119889928,13.8860588255841,180.0,88.3382927464106,0.19457156523580652,,,,SUMO/TraCI,1
sumo_coupled_00000462,32.8,gnb_2,3,232,226.65,228.731095214515,11.192538139231,180.0,106.50222109375525,-0.48138812748658394,,,,SUMO/TraCI,0
sumo_coupled_00000462,32.8,gnb_2,4,190,226.65,306.976215151569,8.76834904782474,180.0,97.16963869390347,0.27761979476477705,,,,SUMO/TraCI,1
sumo_coupled_00000462,32.8,gnb_2,5,141,226.65,367.019147612249,6.58399806356731,180.0,127.61878604328746,0.6818678527684215,,,,SUMO/TraCI,2
sumo_coupled_00000462,32.8,gnb_2,6,83,226.65,400.905795182806,3.33814789121529,180.0,152.7495787515849,0.7915294835570964,,,,SUMO/TraCI,3
sumo_coupled_00000462,32.8,gnb_2,7,27,226.65,412.668735685124,2.3526350301901,180.0,162.21965333549844,0.8178339242948693,,,,SUMO/TraCI,4
sumo_coupled_00000463,32.9,gnb_1,1,299,226.65,65.5854023421369,14.5507958005536,180.0,102.31896665949633,-0.531813401116017,,,,SUMO/TraCI,0
sumo_coupled_00000463,32.9,gnb_1,2,268,226.65,135.800258460244,13.8786142968377,180.0,88.07877535144613,0.1793878082114432,,,,SUMO/TraCI,1
sumo_coupled_00000464,32.9,gnb_2,3,233,226.65,227.612588893303,11.1850632121251,180.0,107.04514628166042,-0.4893954833678647,,,,SUMO/TraCI,0
sumo_coupled_00000464,32.9,gnb_2,4,191,226.65,306.099246186215,8.76968965354562,180.0,96.92983622955657,0.2692591590106971,,,,SUMO/TraCI,1
sumo_coupled_00000464,32.9,gnb_2,5,142,226.65,366.356591804497,6.62555807751881,180.0,127.16793404034098,0.6790752122866321,,,,SUMO/TraCI,2
sumo_coupled_00000464,32.9,gnb_2,6,84,226.65,400.567468810823,3.38326371982834,180.0,152.48192363506166,0.790700077337559,,,,SUMO/TraCI,3
sumo_coupled_00000464,32.9,gnb_2,7,28,226.65,412.423978074809,2.44757610315118,180.0,162.01954347904297,0.8173333613419165,,,,SUMO/TraCI,4
sumo_coupled_00000465,33,gnb_1,1,300,226.65,64.1297151988865,14.5568714325041,180.0,103.1004908996923,-0.5419012490975467,,,,SUMO/TraCI,0
sumo_coupled_00000465,33,gnb_1,2,269,226.65,134.413424073731,13.8683438651264,180.0,87.84059023896191,0.16408614781071776,,,,SUMO/TraCI,1
sumo_coupled_00000466,33,gnb_2,3,234,226.65,226.492597520376,11.1999137292651,180.0,107.59769802424432,-0.49729133115438506,,,,SUMO/TraCI,0
sumo_coupled_00000466,33,gnb_2,4,192,226.65,305.222403958593,8.76842227622122,180.0,96.69742582639131,0.26083842194389784,,,,SUMO/TraCI,1
sumo_coupled_00000466,33,gnb_2,5,143,226.65,365.689721715647,6.66870088849517,180.0,126.71602466817299,0.6762342958598948,,,,SUMO/TraCI,2
sumo_coupled_00000466,33,gnb_2,6,85,226.65,400.225667472845,3.41801337978244,180.0,152.2118051246062,0.7898577076490474,,,,SUMO/TraCI,3
sumo_coupled_00000466,33,gnb_2,7,29,226.65,412.171343814426,2.52634260382863,180.0,161.8131225386594,0.8168147412324265,,,,SUMO/TraCI,4
sumo_coupled_00000467,33.1,gnb_1,1,301,226.65,62.6725916057347,14.5712359315185,180.0,103.89732553440864,-0.551769817937033,,,,SUMO/TraCI,0
sumo_coupled_00000467,33.1,gnb_1,2,270,226.65,133.025387968313,13.8803610541774,180.0,87.6235312671492,0.1486517123876326,,,,SUMO/TraCI,1
sumo_coupled_00000468,33.1,gnb_2,3,235,226.65,225.37523852538,11.1735899499583,180.0,108.15769536264688,-0.5050473874416992,,,,SUMO/TraCI,0
sumo_coupled_00000468,33.1,gnb_2,4,193,226.65,304.34342224552,8.78981713072211,180.0,96.47188557618057,0.2523369591060478,,,,SUMO/TraCI,1
sumo_coupled_00000468,33.1,gnb_2,5,144,226.65,365.017788659732,6.71933055915286,180.0,126.26261081013196,0.6733409685910734,,,,SUMO/TraCI,2
sumo_coupled_00000468,33.1,gnb_2,6,86,226.65,399.879054227095,3.46613245749812,180.0,151.93817868588127,0.7889988893109897,,,,SUMO/TraCI,3
sumo_coupled_00000468,33.1,gnb_2,7,30,226.65,411.911051972077,2.60291842349117,180.0,161.60058209171154,0.8162783219259375,,,,SUMO/TraCI,4
sumo_coupled_00000469,33.2,gnb_1,1,302,226.65,61.2185837929972,14.5400781273753,180.0,104.70662534577691,-0.561391564410433,,,,SUMO/TraCI,0
sumo_coupled_00000469,33.2,gnb_1,2,271,226.65,131.637832193347,13.8755577496635,180.0,87.42803691128209,0.13311327355041197,,,,SUMO/TraCI,1
sumo_coupled_00000470,33.2,gnb_2,3,236,226.65,224.258332637997,11.1690588738362,180.0,108.72605934317765,-0.5126799195955655,,,,SUMO/TraCI,0
sumo_coupled_00000470,33.2,gnb_2,4,194,226.65,303.465164398497,8.7825784702301,180.0,96.25402038485711,0.24378373292538943,,,,SUMO/TraCI,1
sumo_coupled_00000470,33.2,gnb_2,5,145,226.65,364.342427036899,6.75361622832597,180.0,125.8088530210598,0.6704013669274964,,,,SUMO/TraCI,2
sumo_coupled_00000470,33.2,gnb_2,6,87,226.65,399.529674756266,3.49379470828712,180.0,151.66267057960812,0.7881285111191851,,,,SUMO/TraCI,3
sumo_coupled_00000470,33.2,gnb_2,7,31,226.65,411.643165798857,2.67886173219896,180.0,161.38198660800205,0.8157240381395179,,,,SUMO/TraCI,4
sumo_coupled_00000471,33.3,gnb_1,1,303,226.65,59.7634984721435,14.5508532085367,180.0,105.5303682184207,-0.5707977954097766,,,,SUMO/TraCI,0
sumo_coupled_00000471,33.3,gnb_1,2,272,226.65,130.249066879975,13.8876531337239,180.0,87.25403069148268,0.11746238882893771,,,,SUMO/TraCI,1
sumo_coupled_00000472,33.3,gnb_2,3,237,226.65,223.141821667442,11.1651097055525,180.0,109.30267582862264,-0.5201901774271914,,,,SUMO/TraCI,0
sumo_coupled_00000472,33.3,gnb_2,4,195,226.65,302.586344425363,8.78819973134249,180.0,96.04356019276423,0.23516771327542493,,,,SUMO/TraCI,1
sumo_coupled_00000472,33.3,gnb_2,5,146,226.65,363.664669094056,6.77757942843367,180.0,125.35549192044955,0.6674192555293033,,,,SUMO/TraCI,2
sumo_coupled_00000472,33.3,gnb_2,6,88,226.65,399.176571294775,3.53103461491492,180.0,151.3845356883542,0.7872440256388954,,,,SUMO/TraCI,3
sumo_coupled_00000472,33.3,gnb_2,7,32,226.65,411.365490875376,2.77674923481197,180.0,161.15556053989727,0.8151471189407321,,,,SUMO/TraCI,4
sumo_coupled_00000473,33.4,gnb_1,1,304,226.65,58.3082590533592,14.5523941878432,180.0,106.36772725327658,-0.5799855138367679,,,,SUMO/TraCI,0
sumo_coupled_00000473,33.4,gnb_1,2,273,226.65,128.860109757291,13.8895712268371,180.0,87.10180276499014,0.10172131317645085,,,,SUMO/TraCI,1
sumo_coupled_00000474,33.4,gnb_2,3,238,226.65,222.024918983836,11.1690268360591,180.0,109.88781788183248,-0.5275842412168684,,,,SUMO/TraCI,0
sumo_coupled_00000474,33.4,gnb_2,4,196,226.65,301.706620141017,8.79724284345657,180.0,95.84049174511995,0.2264869445656021,,,,SUMO/TraCI,1
sumo_coupled_00000474,33.4,gnb_2,5,147,226.65,362.986200163713,6.78468930342421,180.0,124.90369056842093,0.6644015063610474,,,,SUMO/TraCI,2
sumo_coupled_00000474,33.4,gnb_2,6,89,226.65,398.818663350066,3.57907944708388,180.0,151.1029359751038,0.7863425193117554,,,,SUMO/TraCI,3
sumo_coupled_00000474,33.4,gnb_2,7,33,226.65,411.079062511666,2.86428363709488,180.0,160.92216481559413,0.8145494603672135,,,,SUMO/TraCI,4
sumo_coupled_00000475,33.5,gnb_1,1,305,226.65,56.8521214684664,14.5613758489273,180.0,107.21882793163392,-0.5889625894045275,,,,SUMO/TraCI,0
sumo_coupled_00000475,33.5,gnb_1,2,274,226.65,127.470948485153,13.8916127213798,180.0,86.9714756185487,0.08590113519425728,,,,SUMO/TraCI,1
sumo_coupled_00000476,33.5,gnb_2,3,239,226.65,220.904919274664,11.1999970917183,180.0,110.48280891583984,-0.534880324868927,,,,SUMO/TraCI,0
sumo_coupled_00000476,33.5,gnb_2,4,197,226.65,300.828611395036,8.78008745981753,180.0,95.64545756409669,0.21776895553118877,,,,SUMO/TraCI,1
sumo_coupled_00000476,33.5,gnb_2,5,148,226.65,362.30708883133,6.79111332383798,180.0,124.45352293884031,0.6613480027542319,,,,SUMO/TraCI,2
sumo_coupled_00000476,33.5,gnb_2,6,90,226.65,398.457662528986,3.61000821080897,180.0,150.81923057697628,0.7854281053935406,,,,SUMO/TraCI,3
sumo_coupled_00000476,33.5,gnb_2,7,34,226.65,410.784893479311,2.94169032355315,180.0,160.68264020234022,0.8139329383349665,,,,SUMO/TraCI,4
sumo_coupled_00000477,33.6,gnb_1,1,306,226.65,55.3981203340527,14.5400113441369,180.0,108.08156806955355,-0.5977141229517892,,,,SUMO/TraCI,0
sumo_coupled_00000477,33.6,gnb_1,2,275,226.65,126.084443963806,13.8650452134684,180.0,86.86335797301815,0.07004615186182384,,,,SUMO/TraCI,1
sumo_coupled_00000478,33.6,gnb_2,3,240,226.65,219.785970708564,11.1894856609963,180.0,111.08533577169361,-0.5420520077932692,,,,SUMO/TraCI,0
sumo_coupled_00000478,33.6,gnb_2,4,198,226.65,299.94884053168,8.79770863355696,180.0,95.45773273317567,0.20898087520516723,,,,SUMO/TraCI,1
sumo_coupled_00000478,33.6,gnb_2,5,149,226.65,361.627333136645,6.79755694684735,180.0,124.00501608806324,0.6582583165722639,,,,SUMO/TraCI,2
sumo_coupled_00000478,33.6,gnb_2,6,91,226.65,398.092158944003,3.65503584983026,180.0,150.53232378481263,0.784497016818905,,,,SUMO/TraCI,3
sumo_coupled_00000478,33.6,gnb_2,7,35,226.65,410.482805622404,3.02087856906477,180.0,160.43685693472702,0.8132969450747237,,,,SUMO/TraCI,4
sumo_coupled_00000479,33.7,gnb_1,1,307,226.65,53.9435887482733,14.5453158577944,180.0,108.95720245792495,-0.6062601623535179,,,,SUMO/TraCI,0
sumo_coupled_00000479,33.7,gnb_1,2,276,226.65,124.695762897554,13.8868106625173,180.0,86.77714381788586,0.05411289990609427,,,,SUMO/TraCI,1
sumo_coupled_00000480,33.7,gnb_2,3,241,226.65,218.668070528135,11.179001804291,180.0,111.6952464196298,-0.5491006236867595,,,,SUMO/TraCI,0
sumo_coupled_00000480,33.7,gnb_2,4,199,226.65,299.069307864174,8.79532667505741,180.0,95.27780960128463,0.2001442722494838,,,,SUMO/TraCI,1
sumo_coupled_00000480,33.7,gnb_2,5,150,226.65,360.949271783266,6.78061353378929,180.0,123.55973090874333,0.6551428300135435,,,,SUMO/TraCI,2
sumo_coupled_00000480,33.7,gnb_2,6,92,226.65,397.722592612993,3.69566331009521,180.0,150.24257489648105,0.783550153437568,,,,SUMO/TraCI,3
sumo_coupled_00000480,33.7,gnb_2,7,36,226.65,410.173818345466,3.08987276938405,180.0,160.18565941631095,0.8126433965424683,,,,SUMO/TraCI,4
sumo_coupled_00000481,33.8,gnb_1,1,308,226.65,52.4893060850721,14.5428266320114,180.0,109.8449648043782,-0.6145998046897918,,,,SUMO/TraCI,0
sumo_coupled_00000481,33.8,gnb_1,2,277,226.65,123.309198673742,13.8656422381252,180.0,86.71316679641158,0.03816258586785861,,,,SUMO/TraCI,1
sumo_coupled_00000482,33.8,gnb_2,3,242,226.65,217.550836949929,11.1723357820592,180.0,112.31260154432518,-0.5560298861515097,,,,SUMO/TraCI,0
sumo_coupled_00000482,33.8,gnb_2,4,200,226.65,298.192334789936,8.76973074238748,180.0,95.10616985826479,0.19128448571788517,,,,SUMO/TraCI,1
sumo_coupled_00000482,33.8,gnb_2,5,151,226.65,360.270292708784,6.78979074482433,180.0,123.11597130979335,0.6519892736483558,,,,SUMO/TraCI,2
sumo_coupled_00000482,33.8,gnb_2,6,93,226.65,397.348724598932,3.73868014060916,180.0,149.9498104866958,0.782586681624007,,,,SUMO/TraCI,3
sumo_coupled_00000482,33.8,gnb_2,7,37,226.65,409.855922538708,3.17895806757977,180.0,159.92743078777616,0.8119677900098758,,,,SUMO/TraCI,4
sumo_coupled_00000483,33.9,gnb_1,1,309,226.65,51.0339358454804,14.5537023959174,180.0,110.74538593081571,-0.6227443570209211,,,,SUMO/TraCI,0
sumo_coupled_00000483,33.9,gnb_1,2,278,226.65,121.919306948446,13.8989172529643,180.0,86.67125382248923,0.0221446773156983,,,,SUMO/TraCI,1
sumo_coupled_00000484,33.9,gnb_2,3,243,226.65,216.433919344773,11.1691760515666,180.0,112.93745662917517,-0.5628432103260768,,,,SUMO/TraCI,0
sumo_coupled_00000484,33.9,gnb_2,4,201,226.65,297.312847803807,8.79486986128241,180.0,94.94186220565607,0.18235209844847156,,,,SUMO/TraCI,1
sumo_coupled_00000484,33.9,gnb_2,5,152,226.65,359.591727102732,6.78565606051451,180.0,122.67463276160954,0.6488034674405797,,,,SUMO/TraCI,2
sumo_coupled_00000484,33.9,gnb_2,6,94,226.65,396.970229422713,3.78495176218765,180.0,149.65379070107815,0.7816055234868854,,,,SUMO/TraCI,3
sumo_coupled_00000484,33.9,gnb_2,7,38,226.65,409.529957850363,3.25964688345335,180.0,159.66287132804803,0.8112716298595618,,,,SUMO/TraCI,4
sumo_coupled_00000485,34,gnb_1,1,310,226.65,49.5781511295252,14.5578471595519,180.0,111.65777759894738,-0.6306936281986208,,,,SUMO/TraCI,0
sumo_coupled_00000485,34,gnb_1,2,279,226.65,120.529673101122,13.8963384732399,180.0,86.65161887462953,0.00611267403888148,,,,SUMO/TraCI,1
sumo_coupled_00000486,34,gnb_2,3,244,226.65,215.316565842981,11.173535017916,180.0,113.57010678143,-0.5695463004318975,,,,SUMO/TraCI,0
sumo_coupled_00000486,34,gnb_2,4,202,226.65,296.434883358806,8.77964445000887,180.0,94.78569454837348,0.17338991328927322,,,,SUMO/TraCI,1
sumo_coupled_00000486,34,gnb_2,5,153,226.65,358.913940482935,6.7778661979693,180.0,122.2359705755397,0.6455868932146087,,,,SUMO/TraCI,2
sumo_coupled_00000486,34,gnb_2,6,95,226.65,396.58792466285,3.82304759863438,180.0,149.35516956968846,0.7806085654668323,,,,SUMO/TraCI,3
sumo_coupled_00000486,34,gnb_2,7,39,226.65,409.196517101664,3.33440748699136,180.0,159.3924795315029,0.8105559150683089,,,,SUMO/TraCI,4
sumo_coupled_00000487,34.1,gnb_1,1,311,226.65,48.1237245607172,14.5442656880808,180.0,112.5807331252717,-0.63844206236696,,,,SUMO/TraCI,0
sumo_coupled_00000487,34.1,gnb_1,2,280,226.65,119.142781909055,13.8689119206686,180.0,86.6542400743059,-0.00989239638141115,,,,SUMO/TraCI,1
sumo_coupled_00000488,34.1,gnb_2,3,245,226.65,214.198258814205,11.183070287758,180.0,114.21073348456505,-0.5761432325858212,,,,SUMO/TraCI,0
sumo_coupled_00000488,34.1,gnb_2,4,203,226.65,295.557885592898,8.7699776590839,180.0,94.63757342684617,0.16439438406484588,,,,SUMO/TraCI,1
sumo_coupled_00000488,34.1,gnb_2,5,154,226.65,358.234382512695,6.79557970239827,180.0,121.79836249778843,0.6423270470004516,,,,SUMO/TraCI,2
sumo_coupled_00000488,34.1,gnb_2,6,96,226.65,396.20269836382,3.85226299029624,180.0,149.05465308749316,0.7795979257058852,,,,SUMO/TraCI,3
sumo_coupled_00000488,34.1,gnb_2,7,40,226.65,408.853896579871,3.4262052179292,180.0,159.11489296673673,0.809816693945853,,,,SUMO/TraCI,4
sumo_coupled_00000489,34.2,gnb_1,1,312,226.65,46.6670910000895,14.5663356062763,180.0,113.51624572011336,-0.646012458698826,,,,SUMO/TraCI,0
sumo_coupled_00000489,34.2,gnb_1,2,281,226.65,117.753175494281,13.8960641477397,180.0,86.67912505534133,-0.02592117195789058,,,,SUMO/TraCI,1
sumo_coupled_00000490,34.2,gnb_2,3,246,226.65,213.07881668817,11.1944212603546,180.0,114.8593369119618,-0.5826359886016426,,,,SUMO/TraCI,0
sumo_coupled_00000490,34.2,gnb_2,4,204,226.65,294.68047331729,8.77412275607884,180.0,94.49729518255887,0.1553533705798551,,,,SUMO/TraCI,1
sumo_coupled_00000490,34.2,gnb_2,5,155,226.65,357.555158862161,6.79223650534009,180.0,121.36319526996243,0.639033594078056,,,,SUMO/TraCI,2
sumo_coupled_00000490,34.2,gnb_2,6,97,226.65,395.813243495693,3.89454868127383,180.0,148.75123484863133,0.7785699635605988,,,,SUMO/TraCI,3
sumo_coupled_00000490,34.2,gnb_2,7,41,226.65,408.501751147752,3.52145432118686,180.0,158.82985408303685,0.8090528817118396,,,,SUMO/TraCI,4
sumo_coupled_00000491,34.3,gnb_1,1,313,226.65,45.2108790852424,14.5621191484707,180.0,114.46237419869568,-0.6533948071436197,,,,SUMO/TraCI,0
sumo_coupled_00000491,34.3,gnb_1,2,282,226.65,116.364203751203,13.8897174307732,180.0,86.72624466885884,-0.04192267591753028,,,,SUMO/TraCI,1
sumo_coupled_00000492,34.3,gnb_2,3,247,226.65,211.961632559655,11.1718412851496,180.0,115.51381711270474,-0.5890063123267861,,,,SUMO/TraCI,0
sumo_coupled_00000492,34.3,gnb_2,4,205,226.65,293.802360934483,8.78112382806838,180.0,94.36486458086898,0.14626589033733634,,,,SUMO/TraCI,1
sumo_coupled_00000492,34.3,gnb_2,5,156,226.65,356.875708261337,6.79450600824342,180.0,120.93013280684926,0.6357034965315356,,,,SUMO/TraCI,2
sumo_coupled_00000492,34.3,gnb_2,6,98,226.65,395.420420908076,3.92822587617231,180.0,148.44559967408068,0.77752672468222,,,,SUMO/TraCI,3
sumo_coupled_00000492,34.3,gnb_2,7,42,226.65,408.142519181266,3.59231966486211,180.0,158.5393570130809,0.808269451797342,,,,SUMO/TraCI,4
sumo_coupled_00000493,34.4,gnb_1,1,314,226.65,43.7540840145412,14.5679507070121,180.0,115.41950530331363,-0.6605981873262267,,,,SUMO/TraCI,0
sumo_coupled_00000493,34.4,gnb_1,2,283,226.65,114.975994628998,13.8820912220543,180.0,86.79552482684726,-0.057883230512456085,,,,SUMO/TraCI,1
sumo_coupled_00000494,34.4,gnb_2,3,248,226.65,210.842178159723,11.1945439993136,180.0,116.17670515938853,-0.5952813151775649,,,,SUMO/TraCI,0
sumo_coupled_00000494,34.4,gnb_2,4,206,226.65,292.923223986915,8.79136947568506,180.0,94.24028978210951,0.13713056291310685,,,,SUMO/TraCI,1
sumo_coupled_00000494,34.4,gnb_2,5,157,226.65,356.197883708065,6.77824553271523,180.0,120.50037336700576,0.6323456233284065,,,,SUMO/TraCI,2
sumo_coupled_00000494,34.4,gnb_2,6,99,226.65,395.023996593662,3.96424314413592,180.0,148.13757893383692,0.7764673718951183,,,,SUMO/TraCI,3
sumo_coupled_00000494,34.4,gnb_2,7,43,226.65,407.773540589147,3.68978592119307,180.0,158.24127203320376,0.8074602721996338,,,,SUMO/TraCI,4
sumo_coupled_00000495,34.5,gnb_1,1,315,226.65,42.2994462373901,14.5463777715112,180.0,116.3855599076459,-0.6676133518992109,,,,SUMO/TraCI,0
sumo_coupled_00000495,34.5,gnb_1,2,284,226.65,113.587093457888,13.8890117110964,180.0,86.88698331923985,-0.07380744844771189,,,,SUMO/TraCI,1
sumo_coupled_00000496,34.5,gnb_2,3,249,226.65,209.725564115362,11.1661404436151,180.0,116.84484943250214,-0.6014337493346976,,,,SUMO/TraCI,0
sumo_coupled_00000496,34.5,gnb_2,4,207,226.65,292.045867997351,8.7735598956421,180.0,94.12398969343366,0.1279787229226576,,,,SUMO/TraCI,1
sumo_coupled_00000496,34.5,gnb_2,5,158,226.65,355.518543653038,6.79340055027977,180.0,120.07194899507465,0.6289440979769204,,,,SUMO/TraCI,2
sumo_coupled_00000496,34.5,gnb_2,6,100,226.65,394.622668576671,4.01328016990645,180.0,147.82617715288913,0.7753881672670367,,,,SUMO/TraCI,3
sumo_coupled_00000496,34.5,gnb_2,7,44,226.65,407.396266633982,3.77273955164488,180.0,157.9367951184164,0.8066281612113504,,,,SUMO/TraCI,4
sumo_coupled_00000497,34.6,gnb_1,1,316,226.65,40.8450184706782,14.5442776671196,180.0,117.36155077753223,-0.6744541206631302,,,,SUMO/TraCI,0
sumo_coupled_00000497,34.6,gnb_1,2,285,226.65,112.19937559668,13.8771786120832,180.0,87.00041517763965,-0.0896619215827015,,,,SUMO/TraCI,1
sumo_coupled_00000498,34.6,gnb_2,3,250,226.65,208.606861539616,11.1870257574588,180.0,117.5210735111944,-0.6074922252440409,,,,SUMO/TraCI,0
sumo_coupled_00000498,34.6,gnb_2,4,208,226.65,291.168188375723,8.77679621627182,180.0,94.01569513435314,0.11879068021316112,,,,SUMO/TraCI,1
sumo_coupled_00000498,34.6,gnb_2,5,159,226.65,354.841024056423,6.77519596614293,180.0,119.64698651371913,0.6255153283600794,,,,SUMO/TraCI,2
sumo_coupled_00000498,34.6,gnb_2,6,101,226.65,394.216633903164,4.06034673507407,180.0,147.51156551324846,0.7742893481318647,,,,SUMO/TraCI,3
sumo_coupled_00000498,34.6,gnb_2,7,45,226.65,407.010414291408,3.85852342574402,180.0,157.6257207389552,0.8057721398257751,,,,SUMO/TraCI,4
sumo_coupled_00000499,34.7,gnb_1,1,317,226.65,39.3881855999971,14.56832870681,180.0,118.34900557613703,-0.6811363898460744,,,,SUMO/TraCI,0
sumo_coupled_00000499,34.7,gnb_1,2,286,226.65,110.809741209599,13.8963438708084,180.0,87.13600493845551,-0.10547027944294804,,,,SUMO/TraCI,1
sumo_coupled_00000500,34.7,gnb_2,3,251,226.65,207.487748963166,11.1911257644964,180.0,118.20426832576237,-0.6134486686808591,,,,SUMO/TraCI,0
sumo_coupled_00000500,34.7,gnb_2,4,209,226.65,290.289865997954,8.78322377769649,180.0,93.91540790656158,0.10956525907007292,,,,SUMO/TraCI,1
sumo_coupled_00000500,34.7,gnb_2,5,160,226.65,354.161304832644,6.79719223778904,180.0,119.22299121595779,0.6220386191981204,,,,SUMO/TraCI,2
sumo_coupled_00000500,34.7,gnb_2,6,102,226.65,393.806599330469,4.10034572694998,180.0,147.1943088273657,0.7731725515552718,,,,SUMO/TraCI,3
sumo_coupled_00000500,34.7,gnb_2,7,46,226.65,406.617235069006,3.93179222401358,180.0,157.30908021001176,0.8048946373595768,,,,SUMO/TraCI,4
sumo_coupled_00000501,34.8,gnb_1,1,318,226.65,37.9317476823215,14.5643791767564,180.0,119.34580234963501,-0.6876509328518456,,,,SUMO/TraCI,0
sumo_coupled_00000501,34.8,gnb_1,2,287,226.65,109.420823245904,13.8891796369525,180.0,87.29342174983408,-0.12119099632059165,,,,SUMO/TraCI,1
sumo_coupled_00000502,34.8,gnb_2,3,252,226.65,206.369086942963,11.1866202020284,180.0,118.89379234263217,-0.6192998945213635,,,,SUMO/TraCI,0
sumo_coupled_00000502,34.8,gnb_2,4,210,226.65,289.412856475245,8.77009522708505,180.0,93.82336791558679,0.1003252887245935,,,,SUMO/TraCI,1
sumo_coupled_00000502,34.8,gnb_2,5,161,226.65,353.481509190809,6.7979564183529,180.0,118.80132445793248,0.6185243264424107,,,,SUMO/TraCI,2
sumo_coupled_00000502,34.8,gnb_2,6,103,226.65,393.392682062001,4.13917268468149,180.0,146.87451394034989,0.7720378370617323,,,,SUMO/TraCI,3
sumo_coupled_00000502,34.8,gnb_2,7,47,226.65,406.214751024464,4.02484044542663,180.0,156.9853046503635,0.8039908659321239,,,,SUMO/TraCI,4
sumo_coupled_00000503,34.9,gnb_1,1,319,226.65,36.4748733530474,14.568743292741,180.0,120.35227160876305,-0.6940054020623155,,,,SUMO/TraCI,0
sumo_coupled_00000503,34.9,gnb_1,2,288,226.65,108.031039521381,13.8978372452268,180.0,87.47273012167132,-0.136830763850295,,,,SUMO/TraCI,1
sumo_coupled_00000504,34.9,gnb_2,3,253,226.65,205.249205235998,11.1988170696551,180.0,119.59056742841364,-0.6250559418805958,,,,SUMO/TraCI,0
sumo_coupled_00000504,34.9,gnb_2,4,211,226.65,288.534159429824,8.78697045420855,180.0,93.73928939976905,0.09104143507455505,,,,SUMO/TraCI,1
sumo_coupled_00000504,34.9,gnb_2,5,162,226.65,352.804112524735,6.77396666074451,180.0,118.3835347525756,0.6149851216801164,,,,SUMO/TraCI,2
sumo_coupled_00000504,34.9,gnb_2,6,104,226.65,392.973783032253,4.18899029747548,180.0,146.55134988330394,0.7708818999088842,,,,SUMO/TraCI,3
sumo_coupled_00000504,34.9,gnb_2,7,48,226.65,405.804777947389,4.09973077074984,180.0,156.65587973131383,0.8030645141641752,,,,SUMO/TraCI,4
sumo_coupled_00000505,35,gnb_1,1,320,226.65,35.0184566231852,14.5641672986215,180.0,121.36756244856142,-0.7001998034922394,,,,SUMO/TraCI,0
sumo_coupled_00000505,35,gnb_1,2,289,226.65,106.642971221135,13.8806830024663,180.0,87.67344362918243,-0.1523497677969508,,,,SUMO/TraCI,1
sumo_coupled_00000506,35,gnb_2,3,254,226.65,204.130069151851,11.191360841468,180.0,120.29326210101259,-0.6307080672934079,,,,SUMO/TraCI,0
sumo_coupled_00000506,35,gnb_2,4,212,226.65,287.655096056175,8.7906337364912,180.0,93.66334926549052,0.08172989879399356,,,,SUMO/TraCI,1
sumo_coupled_00000506,35,gnb_2,5,163,226.65,352.125039175605,6.79073349129502,180.0,117.96713006631363,0.6113994562304,,,,SUMO/TraCI,2
sumo_coupled_00000506,35,gnb_2,6,105,226.65,392.550944311485,4.22838720768597,180.0,146.22563922037406,0.769707316114799,,,,SUMO/TraCI,3
sumo_coupled_00000506,35,gnb_2,7,49,226.65,405.386988525534,4.17789421854668,180.0,156.32056611816114,0.8021144730934202,,,,SUMO/TraCI,4
sumo_coupled_00000507,35.1,gnb_1,1,321,226.65,33.5614105536761,14.5704606950916,180.0,122.39220663698379,-0.7062425935558251,,,,SUMO/TraCI,0
sumo_coupled_00000507,35.1,gnb_1,2,290,226.65,105.254089994229,13.8888122690581,180.0,87.89575849776995,-0.16776588834084777,,,,SUMO/TraCI,1
sumo_coupled_00000507,35.1,gnb_1,3,255,226.65,203.012562162011,11.1750698983995,180.0,119.99711653494737,0.6917879742371544,,,,SUMO/TraCI,2
sumo_coupled_00000508,35.1,gnb_2,4,213,226.65,286.776716059569,8.78379996605963,180.0,93.59565364135248,0.07240417472307639,,,,SUMO/TraCI,0
sumo_coupled_00000508,35.1,gnb_2,5,164,226.65,351.446137242616,6.78901932989014,180.0,117.5532773974878,0.6077766509310683,,,,SUMO/TraCI,1
sumo_coupled_00000508,35.1,gnb_2,6,106,226.65,392.124480464403,4.26463847082015,180.0,145.89764089735067,0.7685146913601607,,,,SUMO/TraCI,2
sumo_coupled_00000508,35.1,gnb_2,7,50,226.65,404.960772136332,4.2621638920229,180.0,155.97889944767624,0.8011389526328246,,,,SUMO/TraCI,3
sumo_coupled_00000509,35.2,gnb_1,1,322,226.65,32.1060086086345,14.5540194504154,180.0,123.4243745080583,-0.712128311297433,,,,SUMO/TraCI,0
sumo_coupled_00000509,35.2,gnb_1,2,291,226.65,103.865431853721,13.8865814050771,180.0,88.13936004570785,-0.1830574687394126,,,,SUMO/TraCI,1
sumo_coupled_00000509,35.2,gnb_1,3,256,226.65,201.893758490611,11.1880367140064,180.0,119.22587881713652,0.6868790509501388,,,,SUMO/TraCI,2
sumo_coupled_00000510,35.2,gnb_2,4,214,226.65,285.898099270026,8.78616789542884,180.0,93.53614314797827,0.06305690048278956,,,,SUMO/TraCI,0
sumo_coupled_00000510,35.2,gnb_2,5,165,226.65,350.768061455627,6.78075786989159,180.0,117.14239634815141,0.6041199741663281,,,,SUMO/TraCI,1
sumo_coupled_00000510,35.2,gnb_2,6,107,226.65,391.695222822281,4.2925764212166,180.0,145.5680091961108,0.7673061096260785,,,,SUMO/TraCI,2
sumo_coupled_00000510,35.2,gnb_2,7,51,226.65,404.526307216643,4.3446491968819,180.0,155.63104988726943,0.8001379371715541,,,,SUMO/TraCI,3
sumo_coupled_00000511,35.3,gnb_1,1,323,226.65,30.6508360222072,14.5517258642735,180.0,124.46483681558622,-0.717866718534949,,,,SUMO/TraCI,0
sumo_coupled_00000511,35.3,gnb_1,2,292,226.65,102.478293839741,13.8713801397961,180.0,88.40380470752636,-0.1982008152050414,,,,SUMO/TraCI,1
sumo_coupled_00000511,35.3,gnb_1,3,257,226.65,200.776168262609,11.1759022800182,180.0,118.46101408982332,0.6818797634246174,,,,SUMO/TraCI,2
sumo_coupled_00000512,35.3,gnb_2,4,215,226.65,285.019204224905,8.78895045121759,180.0,93.4848378671713,0.05369003508394166,,,,SUMO/TraCI,0
sumo_coupled_00000512,35.3,gnb_2,5,166,226.65,350.088934021368,6.79127434259094,180.0,116.73337642787378,0.6004189732717442,,,,SUMO/TraCI,1
sumo_coupled_00000512,35.3,gnb_2,6,108,226.65,391.262641417203,4.32581405077735,180.0,145.23635176887737,0.7660798420099493,,,,SUMO/TraCI,2
sumo_coupled_00000512,35.3,gnb_2,7,52,226.65,404.085248451795,4.41058764848286,180.0,155.2783674030085,0.7991148446953009,,,,SUMO/TraCI,3
sumo_coupled_00000513,35.4,gnb_1,2,293,226.65,101.090017165102,13.8827667463943,180.0,88.68940156983888,-0.2132158127147498,,,,SUMO/TraCI,0
sumo_coupled_00000513,35.4,gnb_1,3,258,226.65,199.657670762709,11.1849749990017,180.0,117.70117676276709,0.6767788815167345,,,,SUMO/TraCI,1
sumo_coupled_00000514,35.4,gnb_2,4,216,226.65,284.140049599549,8.79154625355452,180.0,93.44175999352069,0.044306203134830455,,,,SUMO/TraCI,0
sumo_coupled_00000514,35.4,gnb_2,5,167,226.65,349.411223553339,6.77710468028579,180.0,116.32772865990123,0.5966868291245632,,,,SUMO/TraCI,1
sumo_coupled_00000514,35.4,gnb_2,6,109,226.65,390.825447200938,4.37194216265367,180.0,144.9016985659171,0.7648319398445321,,,,SUMO/TraCI,2
sumo_coupled_00000514,35.4,gnb_2,7,53,226.65,403.635333654342,4.49914797453569,180.0,154.91906992949728,0.7980640066494569,,,,SUMO/TraCI,3
sumo_coupled_00000515,35.5,gnb_1,2,294,226.65,99.7014856010267,13.8853156407531,180.0,88.99579870311479,-0.22808396233049216,,,,SUMO/TraCI,0
sumo_coupled_00000515,35.5,gnb_1,3,259,226.65,198.5402773253,11.1739343740861,180.0,116.94784163179342,0.6715838123167897,,,,SUMO/TraCI,1
sumo_coupled_00000516,35.5,gnb_2,4,217,226.65,283.260465431313,8.79584168235958,180.0,93.40692230680115,0.034906036413487294,,,,SUMO/TraCI,0
sumo_coupled_00000516,35.5,gnb_2,5,168,226.65,348.73388711285,6.77336440489581,180.0,115.92484521293099,0.5929176526964473,,,,SUMO/TraCI,1
sumo_coupled_00000516,35.5,gnb_2,6,110,226.65,390.383638738231,4.41808462707233,180.0,144.56406953697828,0.7635620600040995,,,,SUMO/TraCI,2
sumo_coupled_00000516,35.5,gnb_2,7,54,226.65,403.176244865544,4.59088788797507,180.0,154.5529352654826,0.7969841831470789,,,,SUMO/TraCI,3
sumo_coupled_00000517,35.6,gnb_1,2,295,226.65,98.3131999276213,13.8828567340542,180.0,89.3226723591459,-0.24279166195544477,,,,SUMO/TraCI,0
sumo_coupled_00000517,35.6,gnb_1,3,260,226.65,197.421073167921,11.1920415737934,180.0,116.19916122964304,0.6662791051900508,,,,SUMO/TraCI,1
sumo_coupled_00000518,35.6,gnb_2,4,218,226.65,282.382614728737,8.77850702576339,180.0,93.38040133210819,0.02551514766212245,,,,SUMO/TraCI,0
sumo_coupled_00000518,35.6,gnb_2,5,169,226.65,348.055530254523,6.78356858326588,180.0,115.52392695119177,0.5891033316697767,,,,SUMO/TraCI,1
sumo_coupled_00000518,35.6,gnb_2,6,111,226.65,389.937952791595,4.45685946635518,180.0,144.2240478006597,0.7622719960234825,,,,SUMO/TraCI,2
sumo_coupled_00000518,35.6,gnb_2,7,55,226.65,402.708972665844,4.67272199700131,180.0,154.18078503077757,0.795877207664683,,,,SUMO/TraCI,3
sumo_coupled_00000519,35.7,gnb_1,2,296,226.65,96.9262764947517,13.8692343286965,180.0,89.66949992275327,-0.2573196407376576,,,,SUMO/TraCI,0
sumo_coupled_00000519,35.7,gnb_1,3,261,226.65,196.302196695061,11.1887647285953,180.0,115.45669196929116,0.6608728813688481,,,,SUMO/TraCI,1
sumo_coupled_00000520,35.7,gnb_2,4,219,226.65,281.503698665596,8.78916063141078,180.0,93.36211013937567,0.01610609125427015,,,,SUMO/TraCI,0
sumo_coupled_00000520,35.7,gnb_2,5,170,226.65,347.377147180465,6.78383074057708,180.0,115.12559429674202,0.5852490716078041,,,,SUMO/TraCI,1
sumo_coupled_00000520,35.7,gnb_2,6,112,226.65,389.487655861029,4.50296930566162,180.0,143.88109426169623,0.7609592936643145,,,,SUMO/TraCI,2
sumo_coupled_00000520,35.7,gnb_2,7,56,226.65,402.233462326799,4.7551033904451,180.0,153.80260665020273,0.7947424623614977,,,,SUMO/TraCI,3
sumo_coupled_00000521,35.8,gnb_1,2,297,226.65,95.5395681746996,13.8670832005199,180.0,90.03629948570837,-0.2716730026113862,,,,SUMO/TraCI,0
sumo_coupled_00000521,35.8,gnb_1,3,262,226.65,195.184425405147,11.177712899145,180.0,114.72105440372363,0.6553672801904327,,,,SUMO/TraCI,1
sumo_coupled_00000522,35.8,gnb_2,4,220,226.65,280.626132319553,8.77566346042603,180.0,93.35209982470447,0.006707211950547853,,,,SUMO/TraCI,0
sumo_coupled_00000522,35.8,gnb_2,5,171,226.65,346.698322044869,6.78825135596399,180.0,114.7296328922962,0.5813521787129121,,,,SUMO/TraCI,1
sumo_coupled_00000522,35.8,gnb_2,6,113,226.65,389.034008426798,4.53647434231441,180.0,143.53618879437704,0.7596273061352827,,,,SUMO/TraCI,2
sumo_coupled_00000522,35.8,gnb_2,7,57,226.65,401.750455207833,4.83007118966906,180.0,153.419020474368,0.7935812315277693,,,,SUMO/TraCI,3
sumo_coupled_00000523,35.9,gnb_1,2,298,226.65,94.1522605641344,13.8730761056524,180.0,90.42305089933873,-0.2858534320484273,,,,SUMO/TraCI,0
sumo_coupled_00000523,35.9,gnb_1,3,263,226.65,194.066762877335,11.1766252781113,180.0,113.99170085198033,0.6497557482146148,,,,SUMO/TraCI,1
sumo_coupled_00000524,35.9,gnb_2,4,221,226.65,279.748606277543,8.7752604200989,180.0,93.35033850395878,-0.002693013506816035,,,,SUMO/TraCI,0
sumo_coupled_00000524,35.9,gnb_2,5,172,226.65,346.018932912214,6.79389132654807,180.0,114.33600484041503,0.577411577432325,,,,SUMO/TraCI,1
sumo_coupled_00000524,35.9,gnb_2,6,114,226.65,388.577278264512,4.56730162285408,180.0,143.18955218635637,0.758276540478333,,,,SUMO/TraCI,2
sumo_coupled_00000524,35.9,gnb_2,7,58,226.65,401.260356921856,4.9009828597704,180.0,153.03037822868995,0.7923940221897866,,,,SUMO/TraCI,3
sumo_coupled_00000525,36,gnb_1,2,299,226.65,92.7653157226318,13.8694484150261,180.0,90.82923828640163,-0.2998449044732945,,,,SUMO/TraCI,0
sumo_coupled_00000525,36,gnb_1,3,264,226.65,192.947424609045,11.1933826829086,180.0,113.26760020894017,0.6440272811861628,,,,SUMO/TraCI,1
sumo_coupled_00000526,36,gnb_2,4,222,226.65,278.871789087866,8.7681718967706,180.0,93.35681742573628,-0.012084933304752968,,,,SUMO/TraCI,0
sumo_coupled_00000526,36,gnb_2,5,173,226.65,345.341548599926,6.77384312287858,180.0,113.94621745997755,0.5734420155094359,,,,SUMO/TraCI,1
sumo_coupled_00000526,36,gnb_2,6,115,226.65,388.115608928076,4.6166933643599,180.0,142.83979625401554,0.7569011701459681,,,,SUMO/TraCI,2
sumo_coupled_00000526,36,gnb_2,7,59,226.65,400.764464157261,4.95892764594355,180.0,152.63773551514177,0.7911835415383311,,,,SUMO/TraCI,3
sumo_coupled_00000527,36.1,gnb_1,2,300,226.65,91.3771613568701,13.8815436576167,180.0,91.25507871888912,-0.3136574867389291,,,,SUMO/TraCI,0
sumo_coupled_00000527,36.1,gnb_1,3,265,226.65,191.829982972647,11.1744163639785,180.0,112.55118370701732,0.6381983787894056,,,,SUMO/TraCI,1
sumo_coupled_00000528,36.1,gnb_2,4,223,226.65,277.992389650893,8.79399436973035,180.0,93.37158560993724,-0.02150129866589006,,,,SUMO/TraCI,0
sumo_coupled_00000528,36.1,gnb_2,5,174,226.65,344.661788091766,6.79760508160689,180.0,113.55777973888206,0.5694175092226279,,,,SUMO/TraCI,1
sumo_coupled_00000528,36.1,gnb_2,6,116,226.65,387.649905507224,4.65703420852101,180.0,142.4876298340114,0.7555035172711412,,,,SUMO/TraCI,2
sumo_coupled_00000528,36.1,gnb_2,7,60,226.65,400.269691987304,4.94772169956713,180.0,152.2465806207843,0.789966457682696,,,,SUMO/TraCI,3
sumo_coupled_00000529,36.2,gnb_1,2,301,226.65,89.9883573710788,13.8880398579137,180.0,91.70017008319059,-0.3272801195646046,,,,SUMO/TraCI,0
sumo_coupled_00000529,36.2,gnb_1,3,266,226.65,190.7111700435,11.1881292914716,180.0,111.84047598665151,0.6322502602004267,,,,SUMO/TraCI,1
sumo_coupled_00000530,36.2,gnb_2,4,224,226.65,277.112809681778,8.7957996911481,180.0,93.39463779004464,-0.030913876712199802,,,,SUMO/TraCI,0
sumo_coupled_00000530,36.2,gnb_2,5,175,226.65,343.982528472707,6.79259619058738,180.0,113.17237494088722,0.5653546504270733,,,,SUMO/TraCI,1
sumo_coupled_00000530,36.2,gnb_2,6,117,226.65,387.180432803907,4.69472703316738,180.0,142.1332743450063,0.7540840334385267,,,,SUMO/TraCI,2
sumo_coupled_00000530,36.2,gnb_2,7,61,226.65,399.773872348676,4.95819638628023,180.0,151.85520405108588,0.788737357386729,,,,SUMO/TraCI,3
sumo_coupled_00000531,36.3,gnb_1,2,302,226.65,88.5986604688187,13.8969690226009,180.0,92.16434573278612,-0.3407102744723412,,,,SUMO/TraCI,0
sumo_coupled_00000531,36.3,gnb_1,3,267,226.65,189.593121864017,11.1804817948304,180.0,111.13696554603209,0.6261923881230325,,,,SUMO/TraCI,1
sumo_coupled_00000532,36.3,gnb_2,4,225,226.65,276.234744055474,8.78065626303852,180.0,93.42590461070093,-0.04030205498373894,,,,SUMO/TraCI,0
sumo_coupled_00000532,36.3,gnb_2,5,176,226.65,343.302752081015,6.79776391692017,180.0,112.78945394419839,0.5612470835467782,,,,SUMO/TraCI,1
sumo_coupled_00000532,36.3,gnb_2,6,118,226.65,386.707857032227,4.72575771680649,180.0,141.77725223889126,0.752644414721953,,,,SUMO/TraCI,2
sumo_coupled_00000532,36.3,gnb_2,7,62,226.65,399.276182405922,4.97689942754179,180.0,151.46296639552116,0.7874940339835378,,,,SUMO/TraCI,3
sumo_coupled_00000533,36.4,gnb_1,2,303,226.65,87.2091510923042,13.8950937651452,180.0,92.64697659442177,-0.35393328647132694,,,,SUMO/TraCI,0
sumo_coupled_00000533,36.4,gnb_1,3,268,226.65,188.473323793157,11.1979807085916,180.0,110.43920758173938,0.6200091914139988,,,,SUMO/TraCI,1
sumo_coupled_00000534,36.4,gnb_2,4,226,226.65,275.355153334378,8.79590721096099,180.0,93.46548614620875,-0.049695848779474146,,,,SUMO/TraCI,0
sumo_coupled_00000534,36.4,gnb_2,5,177,226.65,342.624297733058,6.78454347956972,180.0,112.410075912076,0.5571057329597476,,,,SUMO/TraCI,1
sumo_coupled_00000534,36.4,gnb_2,6,119,226.65,386.231429164971,4.76427867255371,180.0,141.41901938011117,0.7511820519659971,,,,SUMO/TraCI,2
sumo_coupled_00000534,36.4,gnb_2,7,63,226.65,398.777257611342,4.98924794580516,180.0,151.0703790478832,0.7862379002418101,,,,SUMO/TraCI,3
sumo_coupled_00000535,36.5,gnb_1,2,304,226.65,85.8203739292676,13.8877716303654,180.0,93.14756753847676,-0.3669406187833484,,,,SUMO/TraCI,0
sumo_coupled_00000535,36.5,gnb_1,3,269,226.65,187.356336314707,11.1698747845006,180.0,109.75016419914786,0.6137242418378994,,,,SUMO/TraCI,1
sumo_coupled_00000536,36.5,gnb_2,4,227,226.65,274.476561813091,8.78591521287709,180.0,93.51326574023925,-0.05906582497345337,,,,SUMO/TraCI,0
sumo_coupled_00000536,36.5,gnb_2,5,178,226.65,341.946624037936,6.77673695122148,180.0,112.03395346812228,0.552927234292076,,,,SUMO/TraCI,1
sumo_coupled_00000536,36.5,gnb_2,6,120,226.65,385.751205508133,4.80223656838667,180.0,141.05864016934015,0.7496967600224932,,,,SUMO/TraCI,2
sumo_coupled_00000536,36.5,gnb_2,7,64,226.65,398.277664107412,4.99593503929997,180.0,150.67789594597403,0.784970239761118,,,,SUMO/TraCI,3
sumo_coupled_00000537,36.6,gnb_1,2,305,226.65,84.4316714281224,13.8870250114519,180.0,93.66604773020502,-0.379735554491723,,,,SUMO/TraCI,0
sumo_coupled_00000537,36.6,gnb_1,3,270,226.65,186.236726526956,11.1960978775099,180.0,109.0666146949045,0.6073052392085525,,,,SUMO/TraCI,1
sumo_coupled_00000538,36.6,gnb_2,4,228,226.65,273.599357311486,8.77204501604289,180.0,93.56917615767506,-0.06840546162048224,,,,SUMO/TraCI,0
sumo_coupled_00000538,36.6,gnb_2,5,179,226.65,341.268810921579,6.77813116357219,180.0,111.66060044502805,0.5487057267952131,,,,SUMO/TraCI,1
sumo_coupled_00000538,36.6,gnb_2,6,121,226.65,385.267579385979,4.83626122153387,180.0,140.69643126171817,0.7481894063834797,,,,SUMO/TraCI,2
sumo_coupled_00000538,36.6,gnb_2,7,65,226.65,397.778589555222,4.99074552189989,180.0,150.28645533652542,0.7836939748927412,,,,SUMO/TraCI,3
sumo_coupled_00000539,36.7,gnb_1,2,306,226.65,83.0450165676351,13.866548604873,180.0,94.20134447281718,-0.39229783437993987,,,,SUMO/TraCI,0
sumo_coupled_00000539,36.7,gnb_1,3,271,226.65,185.117379922902,11.1934660405456,180.0,108.39047775530635,0.6007666104203891,,,,SUMO/TraCI,1
sumo_coupled_00000540,36.7,gnb_2,4,229,226.65,272.720995898593,8.78361412893236,180.0,93.63336157966506,-0.07773942939359152,,,,SUMO/TraCI,0
sumo_coupled_00000540,36.7,gnb_2,5,180,226.65,340.589592104933,6.79218816645397,180.0,111.28935785349,0.5444329383650309,,,,SUMO/TraCI,1
sumo_coupled_00000540,36.7,gnb_2,6,122,226.65,384.780591697281,4.86987688698189,180.0,140.33244420458269,0.7466597784367481,,,,SUMO/TraCI,2
sumo_coupled_00000540,36.7,gnb_2,7,66,226.65,397.27937357534,4.99215979881729,180.0,149.89554351689097,0.782407340630006,,,,SUMO/TraCI,3
sumo_coupled_00000541,36.8,gnb_1,2,307,226.65,81.6566818099565,13.8833475767868,180.0,94.75459118070702,-0.4046592118889389,,,,SUMO/TraCI,0
sumo_coupled_00000541,36.8,gnb_1,3,272,226.65,183.999247977552,11.1813194534951,180.0,107.72245003569216,0.5941124431940309,,,,SUMO/TraCI,1
sumo_coupled_00000542,36.8,gnb_2,4,230,226.65,271.842202832243,8.78793066350371,180.0,93.70577439320516,-0.08705757164468339,,,,SUMO/TraCI,0
sumo_coupled_00000542,36.8,gnb_2,5,181,226.65,339.910695525286,6.7889657964725,180.0,110.92120599021415,0.5401194026917765,,,,SUMO/TraCI,1
sumo_coupled_00000542,36.8,gnb_2,6,123,226.65,384.288843657807,4.91748039474501,180.0,139.96565797181287,0.7451030857784363,,,,SUMO/TraCI,2
sumo_coupled_00000542,36.8,gnb_2,7,67,226.65,396.778461446873,5.00912128467492,180.0,149.50395164643243,0.7811061858956532,,,,SUMO/TraCI,3
sumo_coupled_00000543,36.9,gnb_1,2,308,226.65,80.268369859236,13.8831195072047,180.0,95.32483901713375,-0.41680248873667236,,,,SUMO/TraCI,0
sumo_coupled_00000543,36.9,gnb_1,3,273,226.65,182.880909848658,11.1833812889457,180.0,107.061810760864,0.5873327697502745,,,,SUMO/TraCI,1
sumo_coupled_00000544,36.9,gnb_2,4,231,226.65,270.96384488004,8.78357952202857,180.0,93.78632415950621,-0.09634832371286689,,,,SUMO/TraCI,0
sumo_coupled_00000544,36.9,gnb_2,5,182,226.65,339.231514963532,6.79180561753944,180.0,110.55584500547727,0.5357610442089017,,,,SUMO/TraCI,1
sumo_coupled_00000544,36.9,gnb_2,6,124,226.65,383.792439027916,4.96404629890364,180.0,139.59617795399578,0.7435192033847874,,,,SUMO/TraCI,2
sumo_coupled_00000544,36.9,gnb_2,7,68,226.65,396.274875578165,5.03585868707716,180.0,149.11092914577975,0.7797877475801102,,,,SUMO/TraCI,3
sumo_coupled_00000545,37,gnb_1,2,309,226.65,78.8789854919919,13.8938436724404,180.0,95.91225330565337,-0.4287357776588104,,,,SUMO/TraCI,0
sumo_coupled_00000545,37,gnb_1,3,274,226.65,181.764094425736,11.1681542292167,180.0,106.40970754696788,0.5804366523465364,,,,SUMO/TraCI,1
sumo_coupled_00000546,37,gnb_2,4,232,226.65,270.086147808923,8.77697071117163,180.0,93.87495387624178,-0.10560699932962679,,,,SUMO/TraCI,0
sumo_coupled_00000546,37,gnb_2,5,183,226.65,338.553987959965,6.77527003567177,180.0,110.19433744986956,0.5313702075354174,,,,SUMO/TraCI,1
sumo_coupled_00000546,37,gnb_2,6,125,226.65,383.291622068675,5.00816959241545,180.0,139.22421373302126,0.7419084604546504,,,,SUMO/TraCI,2
sumo_coupled_00000546,37,gnb_2,7,69,226.65,395.769542308419,5.0533326974591,180.0,148.7172129455794,0.7784542220461252,,,,SUMO/TraCI,3
sumo_coupled_00000547,37.1,gnb_1,2,310,226.65,77.4921986064437,13.867868855482,180.0,96.51495054816134,-0.4404271167537381,,,,SUMO/TraCI,0
sumo_coupled_00000547,37.1,gnb_1,3,275,226.65,180.647518303847,11.1657612188894,180.0,105.76551411691553,0.5734148678822276,,,,SUMO/TraCI,1
sumo_coupled_00000548,37.1,gnb_2,4,233,226.65,269.206150742558,8.79997066365183,180.0,93.97196221103601,-0.11486244411074314,,,,SUMO/TraCI,0
sumo_coupled_00000548,37.1,gnb_2,5,184,226.65,337.876648292336,6.77339667628962,180.0,109.83591815774453,0.5269373558585316,,,,SUMO/TraCI,1
sumo_coupled_00000548,37.1,gnb_2,6,126,226.65,382.785909880774,5.05712187900988,180.0,138.84943561289182,0.7402688345621953,,,,SUMO/TraCI,2
sumo_coupled_00000548,37.1,gnb_2,7,70,226.65,395.261937133235,5.07605175184177,180.0,148.32240778690797,0.7771040050727175,,,,SUMO/TraCI,3
sumo_coupled_00000549,37.2,gnb_1,2,311,226.65,76.1033119247404,13.8888668170339,180.0,97.13465768703074,-0.45191581584294416,,,,SUMO/TraCI,0
sumo_coupled_00000549,37.2,gnb_1,3,276,226.65,179.527682312853,11.1983599099377,180.0,105.12738682921758,0.5662433368533871,,,,SUMO/TraCI,1
sumo_coupled_00000550,37.2,gnb_2,4,234,226.65,268.327603399472,8.78547343085706,180.0,94.07692247517463,-0.1240729000633299,,,,SUMO/TraCI,0
sumo_coupled_00000550,37.2,gnb_2,5,185,226.65,337.198329223789,6.78319068547152,180.0,109.48000441173245,0.5224545754371503,,,,SUMO/TraCI,1
sumo_coupled_00000550,37.2,gnb_2,6,127,226.65,382.276893979626,5.09015901147702,180.0,138.4730498765722,0.7386050503747146,,,,SUMO/TraCI,2
sumo_coupled_00000550,37.2,gnb_2,7,71,226.65,394.752138041537,5.0979909169824,180.0,147.92658883751753,0.7757370662253336,,,,SUMO/TraCI,3
sumo_coupled_00000551,37.3,gnb_1,2,312,226.65,74.7140054642981,13.8930646044221,180.0,97.77036259055002,-0.4631873436468058,,,,SUMO/TraCI,0
sumo_coupled_00000551,37.3,gnb_1,3,277,226.65,178.407825800494,11.1985651235899,180.0,104.49735219009548,0.5589407250648983,,,,SUMO/TraCI,1
sumo_coupled_00000552,37.3,gnb_2,4,235,226.65,267.447765952909,8.79837446562946,180.0,94.19013260195014,-0.1332648516393652,,,,SUMO/TraCI,0
sumo_coupled_00000552,37.3,gnb_2,5,186,226.65,336.519648034408,6.78681189380214,180.0,109.12695869460195,0.517925622692203,,,,SUMO/TraCI,1
sumo_coupled_00000552,37.3,gnb_2,6,128,226.65,381.763775151438,5.13118828187603,180.0,138.09449095844636,0.7369140828511359,,,,SUMO/TraCI,2
sumo_coupled_00000552,37.3,gnb_2,7,72,226.65,394.239785225119,5.12352816417944,180.0,147.52949206271037,0.7743521897069849,,,,SUMO/TraCI,3
sumo_coupled_00000553,37.4,gnb_1,2,313,226.65,73.3249000446693,13.8910541962879,180.0,98.42147863063282,-0.4742369308481765,,,,SUMO/TraCI,0
sumo_coupled_00000553,37.4,gnb_1,3,278,226.65,177.291260549567,11.1656525092758,180.0,103.87738461935963,0.5515277532207875,,,,SUMO/TraCI,1
sumo_coupled_00000554,37.4,gnb_2,4,236,226.65,266.570872100434,8.7689385247454,180.0,94.31099605105919,-0.14239196341745355,,,,SUMO/TraCI,0
sumo_coupled_00000554,37.4,gnb_2,5,187,226.65,335.840192762295,6.79455272113881,180.0,108.77660422963322,0.5133474533219786,,,,SUMO/TraCI,1
sumo_coupled_00000554,37.4,gnb_2,6,129,226.65,381.247000539094,5.16774612344417,180.0,137.7141155370912,0.7351969705082605,,,,SUMO/TraCI,2
sumo_coupled_00000554,37.4,gnb_2,7,73,226.65,393.72703330132,5.12751923798795,180.0,147.13279921050759,0.7729550033137552,,,,SUMO/TraCI,3
sumo_coupled_00000555,37.5,gnb_1,2,314,226.65,71.9378864860698,13.8701355859954,180.0,99.08677639032321,-0.4850507329515257,,,,SUMO/TraCI,0
sumo_coupled_00000555,37.5,gnb_1,3,279,226.65,176.172896084276,11.1836446529126,180.0,103.26478951944303,0.5439695015666457,,,,SUMO/TraCI,1
sumo_coupled_00000556,37.5,gnb_2,4,237,226.65,265.693293419445,8.77578680989146,180.0,94.43995104394165,-0.1514899830252799,,,,SUMO/TraCI,0
sumo_coupled_00000556,37.5,gnb_2,5,188,226.65,335.160406014131,6.79786748163076,180.0,108.42920682013578,0.5087227660498526,,,,SUMO/TraCI,1
sumo_coupled_00000556,37.5,gnb_2,6,130,226.65,380.725241768731,5.21758770363021,180.0,137.33097549121723,0.7334488188731516,,,,SUMO/TraCI,2
sumo_coupled_00000556,37.5,gnb_2,7,74,226.65,393.212705932923,5.14327368396831,180.0,146.73561014509903,0.7715421350071258,,,,SUMO/TraCI,3
sumo_coupled_00000557,37.6,gnb_1,2,315,226.65,70.5479685552317,13.8991793083809,180.0,99.76836128760637,-0.49566847451980167,,,,SUMO/TraCI,0
sumo_coupled_00000557,37.6,gnb_1,3,280,226.65,175.053101311295,11.1979477298004,180.0,102.65995550355412,0.5362665612044712,,,,SUMO/TraCI,1
sumo_coupled_00000558,37.6,gnb_2,4,238,226.65,264.813536952521,8.79756466924399,180.0,94.5772232616947,-0.16057209678759668,,,,SUMO/TraCI,0
sumo_coupled_00000558,37.6,gnb_2,5,189,226.65,334.481713720356,6.78692293775827,180.0,108.08551998258984,0.504061170535441,,,,SUMO/TraCI,1
sumo_coupled_00000558,37.6,gnb_2,6,131,226.65,380.199826290558,5.25415478173084,180.0,136.94607584249357,0.7316735851986098,,,,SUMO/TraCI,2
sumo_coupled_00000558,37.6,gnb_2,7,75,226.65,392.692505988784,5.20199944139181,180.0,146.33462818496554,0.7701014270275232,,,,SUMO/TraCI,3
sumo_coupled_00000559,37.7,gnb_1,2,316,226.65,69.1600985650944,13.8786999013741,180.0,100.46351615343212,-0.5060533752099693,,,,SUMO/TraCI,0
sumo_coupled_00000559,37.7,gnb_1,3,281,226.65,173.934083523511,11.1901778778422,180.0,102.06423401721614,0.5284327467192221,,,,SUMO/TraCI,1
sumo_coupled_00000560,37.7,gnb_2,4,239,226.65,263.93364791133,8.79889041190595,180.0,94.72249030424142,-0.1696149672275939,,,,SUMO/TraCI,0
sumo_coupled_00000560,37.7,gnb_2,5,190,226.65,333.802383281727,6.79330438629095,180.0,107.74469335792763,0.4993506557487297,,,,SUMO/TraCI,1
sumo_coupled_00000560,37.7,gnb_2,6,132,226.65,379.671554959822,5.28271330735669,180.0,136.56002844210607,0.7298735662029923,,,,SUMO/TraCI,2
sumo_coupled_00000560,37.7,gnb_2,7,76,226.65,392.173035771801,5.19470216982622,180.0,145.9349596712924,0.7686508840956435,,,,SUMO/TraCI,3
sumo_coupled_00000561,37.8,gnb_1,2,317,226.65,67.773231541485,13.868670236093,180.0,101.17241641682449,-0.5162154894407557,,,,SUMO/TraCI,0
sumo_coupled_00000561,37.8,gnb_1,3,282,226.65,172.815802775188,11.182807483233,180.0,101.47773905043192,0.5204668853426054,,,,SUMO/TraCI,1
sumo_coupled_00000562,37.8,gnb_2,4,240,226.65,263.055060358,8.78587553329766,180.0,94.87546300003507,-0.17860191777924442,,,,SUMO/TraCI,0
sumo_coupled_00000562,37.8,gnb_2,5,191,226.65,333.1226295332,6.79753748526261,180.0,107.40687253859322,0.4945924620802274,,,,SUMO/TraCI,1
sumo_coupled_00000562,37.8,gnb_2,6,133,226.65,379.138885633191,5.32669326631142,180.0,136.1717340147761,0.728043057911221,,,,SUMO/TraCI,2
sumo_coupled_00000562,37.8,gnb_2,7,77,226.65,391.651413178014,5.21622593786731,180.0,145.53439650009753,0.7671823009754207,,,,SUMO/TraCI,3
sumo_coupled_00000563,37.9,gnb_1,2,318,226.65,66.3859937180203,13.8723782346472,180.0,101.89545706067646,-0.5261667971129838,,,,SUMO/TraCI,0
sumo_coupled_00000563,37.9,gnb_1,3,283,226.65,171.696107832147,11.1969494304084,180.0,100.89950478071223,0.512352443597217,,,,SUMO/TraCI,1
sumo_coupled_00000564,37.9,gnb_2,4,241,226.65,262.176235192393,8.7882516560778,180.0,95.03635668478084,-0.187546802396112,,,,SUMO/TraCI,0
sumo_coupled_00000564,37.9,gnb_2,5,192,226.65,332.444569800207,6.7805973299318,180.0,107.07313109052514,0.48980140270548017,,,,SUMO/TraCI,1
sumo_coupled_00000564,37.9,gnb_2,6,134,226.65,378.601986283531,5.36899349660112,180.0,135.78134702181163,0.7261821188715398,,,,SUMO/TraCI,2
sumo_coupled_00000564,37.9,gnb_2,7,78,226.65,391.124504992615,5.26908185399655,180.0,145.13055539704146,0.7656864861338519,,,,SUMO/TraCI,3
sumo_coupled_00000565,38,gnb_1,2,319,226.65,64.9976345808428,13.8835913717747,180.0,102.63275647522335,-0.5359143348394366,,,,SUMO/TraCI,0
sumo_coupled_00000565,38,gnb_1,3,284,226.65,170.579062802169,11.1704502997827,180.0,100.3317701126904,0.5041181147841779,,,,SUMO/TraCI,1
sumo_coupled_00000566,38,gnb_2,4,242,226.65,261.298513736088,8.77721456304938,180.0,95.20487428949889,-0.1964341259150716,,,,SUMO/TraCI,0
sumo_coupled_00000566,38,gnb_2,5,193,226.65,331.766696310457,6.77873489749827,180.0,106.74274376696096,0.4849668884610389,,,,SUMO/TraCI,1
sumo_coupled_00000566,38,gnb_2,6,135,226.65,378.06378207868,5.38204204850772,180.0,135.39101837114174,0.7243004983525706,,,,SUMO/TraCI,2
sumo_coupled_00000566,38,gnb_2,7,79,226.65,390.597972058542,5.26532934072311,180.0,144.72779250531678,0.7641792232440705,,,,SUMO/TraCI,3
sumo_coupled_00000567,38.1,gnb_1,2,320,226.65,63.6108572648162,13.8677731602658,180.0,103.38258034315517,-0.5454414326670195,,,,SUMO/TraCI,0
sumo_coupled_00000567,38.1,gnb_1,3,285,226.65,169.460145594055,11.1891720811406,180.0,99.77238346448941,0.4957298189800053,,,,SUMO/TraCI,1
sumo_coupled_00000568,38.1,gnb_2,4,243,226.65,260.420152315791,8.78361420296878,180.0,95.38130286034483,-0.2052797256594136,,,,SUMO/TraCI,0
sumo_coupled_00000568,38.1,gnb_2,5,194,226.65,331.087246799585,6.79449510872248,180.0,106.4148922170281,0.4800761034028488,,,,SUMO/TraCI,1
sumo_coupled_00000568,38.1,gnb_2,6,136,226.65,377.524066420384,5.39715658295725,180.0,135.00061492884936,0.7223972014629934,,,,SUMO/TraCI,2
sumo_coupled_00000568,38.1,gnb_2,7,80,226.65,390.069055917242,5.28916141300154,180.0,144.3240089885011,0.7626524283011822,,,,SUMO/TraCI,3
sumo_coupled_00000569,38.2,gnb_1,2,321,226.65,62.2226210959661,13.8823616885012,180.0,104.14628180122564,-0.554771403306632,,,,SUMO/TraCI,0
sumo_coupled_00000569,38.2,gnb_1,3,286,226.65,168.341160650881,11.1898494317394,180.0,99.2224284780124,0.4871999344542685,,,,SUMO/TraCI,1
sumo_coupled_00000570,38.2,gnb_2,4,244,226.65,259.541418992387,8.78733323403448,180.0,95.56555884232071,-0.21407901816771507,,,,SUMO/TraCI,0
sumo_coupled_00000570,38.2,gnb_2,5,195,226.65,330.408099570082,6.79147229502886,180.0,106.09052267882981,0.47514234351246964,,,,SUMO/TraCI,1
sumo_coupled_00000570,38.2,gnb_2,6,137,226.65,376.984074102736,5.39992317648896,180.0,134.6110438618057,0.7204763540969321,,,,SUMO/TraCI,2
sumo_coupled_00000570,38.2,gnb_2,7,81,226.65,389.538742562606,5.30313354636019,180.0,143.91997297872476,0.7611086932235511,,,,SUMO/TraCI,3
sumo_coupled_00000571,38.3,gnb_1,2,322,226.65,60.8352966902689,13.8732440569727,180.0,104.92227893888175,-0.5638907571212318,,,,SUMO/TraCI,0
sumo_coupled_00000571,38.3,gnb_1,3,287,226.65,167.223722565298,11.1743808558292,180.0,98.68283778309295,0.4785403787140454,,,,SUMO/TraCI,1
sumo_coupled_00000572,38.3,gnb_2,4,245,226.65,258.662803145616,8.78615846771747,180.0,95.75749824218849,-0.22282533739987923,,,,SUMO/TraCI,0
sumo_coupled_00000572,38.3,gnb_2,5,196,226.65,329.72990815533,6.78191414752277,180.0,105.76996863541918,0.4701703971071895,,,,SUMO/TraCI,1
sumo_coupled_00000572,38.3,gnb_2,6,138,226.65,376.445859048645,5.38215054090251,180.0,134.2237915856615,0.7185451841977906,,,,SUMO/TraCI,2
sumo_coupled_00000572,38.3,gnb_2,7,82,226.65,389.006726229235,5.32016333371288,180.0,143.51546558895802,0.7595468946980298,,,,SUMO/TraCI,3
sumo_coupled_00000573,38.4,gnb_1,2,323,226.65,59.4480580618933,13.8723862837553,180.0,105.71073820797888,-0.5728078619503608,,,,SUMO/TraCI,0
sumo_coupled_00000573,38.4,gnb_1,3,288,226.65,166.106804972833,11.1691759246448,180.0,98.15324734721139,0.4697430418143261,,,,SUMO/TraCI,1
sumo_coupled_00000574,38.4,gnb_2,4,246,226.65,257.783778478146,8.79024667469412,180.0,95.95719357457307,-0.23152221000074016,,,,SUMO/TraCI,0
sumo_coupled_00000574,38.4,gnb_2,5,197,226.65,329.051202036125,6.78706119205011,180.0,105.45256242116051,0.465149455925238,,,,SUMO/TraCI,1
sumo_coupled_00000574,38.4,gnb_2,6,139,226.65,375.908042025658,5.37817022987001,180.0,133.83786842741998,0.7165986962626258,,,,SUMO/TraCI,2
sumo_coupled_00000574,38.4,gnb_2,7,83,226.65,388.475974054788,5.30752174446919,180.0,143.11275081953755,0.757975606181829,,,,SUMO/TraCI,3
sumo_coupled_00000575,38.5,gnb_1,2,324,226.65,58.0581039576085,13.8995410428485,180.0,106.51300852631304,-0.5815430143172543,,,,SUMO/TraCI,0
sumo_coupled_00000575,38.5,gnb_1,3,289,226.65,164.989000984487,11.1780398834671,180.0,97.63315374186257,0.46079635103702365,,,,SUMO/TraCI,1
sumo_coupled_00000576,38.5,gnb_2,4,247,226.65,256.906770487656,8.770079904899,180.0,96.16402523454286,-0.2401441646813339,,,,SUMO/TraCI,0
sumo_coupled_00000576,38.5,gnb_2,5,198,226.65,328.373253158171,6.7794887795425,180.0,105.13892771521165,0.4600888958007918,,,,SUMO/TraCI,1
sumo_coupled_00000576,38.5,gnb_2,6,140,226.65,375.368579093939,5.39462931719434,180.0,133.45182043867703,0.7146292855387625,,,,SUMO/TraCI,2
sumo_coupled_00000576,38.5,gnb_2,7,84,226.65,387.945919053291,5.3005500149686,180.0,142.71140087694343,0.7563931009714503,,,,SUMO/TraCI,3
sumo_coupled_00000577,38.6,gnb_1,2,325,226.65,56.6698843713002,13.882195863083,180.0,107.32625981345147,-0.590071020258944,,,,SUMO/TraCI,0
sumo_coupled_00000577,38.6,gnb_1,3,290,226.65,163.869121229976,11.1987975451048,180.0,97.12220290690658,0.4516899320336192,,,,SUMO/TraCI,1
sumo_coupled_00000578,38.6,gnb_2,4,248,226.65,256.029253839164,8.77516648492217,180.0,96.37852028075152,-0.24871461079718765,,,,SUMO/TraCI,0
sumo_coupled_00000578,38.6,gnb_2,5,199,226.65,327.694075943509,6.79177214661357,180.0,104.82818027660885,0.4549738039681623,,,,SUMO/TraCI,1
sumo_coupled_00000578,38.6,gnb_2,6,141,226.65,374.829014474052,5.39564619886922,180.0,133.066767023626,0.7126423568794986,,,,SUMO/TraCI,2
sumo_coupled_00000578,38.6,gnb_2,7,85,226.65,387.412740316844,5.3317873644753,180.0,142.30853552185042,0.7547877569181476,,,,SUMO/TraCI,3
sumo_coupled_00000579,38.7,gnb_1,2,326,226.65,55.2822709116144,13.8761345968582,180.0,108.15085278608612,-0.5984023927799458,,,,SUMO/TraCI,0
sumo_coupled_00000579,38.7,gnb_1,3,291,226.65,162.750525388328,11.1859584164841,180.0,96.6220985125974,0.4424508062485753,,,,SUMO/TraCI,1
sumo_coupled_00000580,38.7,gnb_2,4,249,226.65,255.152151427947,8.77102411217242,180.0,96.60040413300389,-0.2572230291898297,,,,SUMO/TraCI,0
sumo_coupled_00000580,38.7,gnb_2,5,200,226.65,327.016183732615,6.77892210894008,180.0,104.52150033738997,0.44982308501934243,,,,SUMO/TraCI,1
sumo_coupled_00000580,38.7,gnb_2,6,142,226.65,374.290296469696,5.38718004355731,180.0,132.68339198386195,0.7106412872016745,,,,SUMO/TraCI,2
sumo_coupled_00000580,38.7,gnb_2,7,86,226.65,386.878968859573,5.33771457270809,180.0,141.90608332444938,0.7531669281239227,,,,SUMO/TraCI,3
sumo_coupled_00000581,38.8,gnb_1,2,327,226.65,53.8936293581864,13.8864155342793,180.0,108.98749808777535,-0.6065500337348184,,,,SUMO/TraCI,0
sumo_coupled_00000581,38.8,gnb_1,3,292,226.65,161.632065828284,11.1845956004399,180.0,96.13246800707122,0.4330697701969085,,,,SUMO/TraCI,1
sumo_coupled_00000582,38.8,gnb_2,4,250,226.65,254.27480072431,8.77350703636557,180.0,96.82979075560351,-0.26567442803444535,,,,SUMO/TraCI,0
sumo_coupled_00000582,38.8,gnb_2,5,201,226.65,326.338809456464,6.77374276151136,180.0,104.21855766533365,0.4446310762164551,,,,SUMO/TraCI,1
sumo_coupled_00000582,38.8,gnb_2,6,143,226.65,373.752431584524,5.37864885171759,180.0,132.3017041765179,0.7086260314488378,,,,SUMO/TraCI,2
sumo_coupled_00000582,38.8,gnb_2,7,87,226.65,386.348431032277,5.30537827296019,180.0,141.50693015901015,0.7515422100724973,,,,SUMO/TraCI,3
sumo_coupled_00000583,38.9,gnb_1,2,328,226.65,52.505486882923,13.881424752634,180.0,109.83502083084102,-0.6145081287053841,,,,SUMO/TraCI,0
sumo_coupled_00000583,38.9,gnb_1,3,293,226.65,160.514731355563,11.1733447272121,180.0,95.65388626090129,0.42355551812141545,,,,SUMO/TraCI,1
sumo_coupled_00000584,38.9,gnb_2,4,251,226.65,253.396089041921,8.78711682388932,180.0,97.06693864681937,-0.2740779850375013,,,,SUMO/TraCI,0
sumo_coupled_00000584,38.9,gnb_2,5,202,226.65,325.660133265474,6.78676190990256,180.0,103.91857519144901,0.4393837500307754,,,,SUMO/TraCI,1
sumo_coupled_00000584,38.9,gnb_2,6,144,226.65,373.214568886087,5.37862698437471,180.0,131.92110654712937,0.7065932914441233,,,,SUMO/TraCI,2
sumo_coupled_00000584,38.9,gnb_2,7,88,226.65,385.816814927442,5.31616104834515,180.0,141.1078340184857,0.7499003557348883,,,,SUMO/TraCI,3
sumo_coupled_00000585,39,gnb_1,2,329,226.65,51.1159746132798,13.8951226964323,180.0,110.6943153620741,-0.6222905409496857,,,,SUMO/TraCI,0
sumo_coupled_00000585,39,gnb_1,3,294,226.65,159.394923260789,11.1980809477414,180.0,95.18499082693371,0.41387747079176834,,,,SUMO/TraCI,1
sumo_coupled_00000586,39,gnb_2,4,252,226.65,252.51843251926,8.77656522661448,180.0,97.3111455651328,-0.2824092484076853,,,,SUMO/TraCI,0
sumo_coupled_00000586,39,gnb_2,5,203,226.65,324.982362495519,6.77770769954566,180.0,103.62256238714748,0.43409814869718233,,,,SUMO/TraCI,1
sumo_coupled_00000586,39,gnb_2,6,145,226.65,372.676686895308,5.37881990778493,180.0,131.5415933987838,0.704542833188494,,,,SUMO/TraCI,2
sumo_coupled_00000586,39,gnb_2,7,89,226.65,385.283918240855,5.32896686587672,180.0,140.70865623744345,0.748240520918558,,,,SUMO/TraCI,3
sumo_coupled_00000587,39.1,gnb_1,2,330,226.65,49.7274178844219,13.8855672885785,180.0,111.56369614346178,-0.6298875399862454,,,,SUMO/TraCI,0
sumo_coupled_00000587,39.1,gnb_1,3,295,226.65,158.275819996424,11.191032643643,180.0,94.72729752504635,0.40406325311142416,,,,SUMO/TraCI,1
sumo_coupled_00000588,39.1,gnb_2,4,253,226.65,251.640985831281,8.77446687979251,180.0,97.56257573794167,-0.29067512777535554,,,,SUMO/TraCI,0
sumo_coupled_00000588,39.1,gnb_2,5,204,226.65,324.304437484094,6.77925011425209,180.0,103.33008119991968,0.4287661150519686,,,,SUMO/TraCI,1
sumo_coupled_00000588,39.1,gnb_2,6,146,226.65,372.137872913162,5.38813982146327,180.0,131.16253323629425,0.7024709773420752,,,,SUMO/TraCI,2
sumo_coupled_00000588,39.1,gnb_2,7,90,226.65,384.750566264741,5.33351976113898,180.0,140.31002684335817,0.7465650789282815,,,,SUMO/TraCI,3
sumo_coupled_00000589,39.2,gnb_1,2,331,226.65,48.3397495582028,13.8766832621917,180.0,112.44293660955809,-0.6373032633488318,,,,SUMO/TraCI,0
sumo_coupled_00000589,39.2,gnb_1,3,296,226.65,157.158136573055,11.1768342336873,180.0,94.28122619897245,0.3941202089866326,,,,SUMO/TraCI,1
sumo_coupled_00000590,39.2,gnb_2,4,254,226.65,250.762873050412,8.78112780868262,180.0,97.82142961675792,-0.29888263813085136,,,,SUMO/TraCI,0
sumo_coupled_00000590,39.2,gnb_2,5,205,226.65,323.627086123518,6.77351360576251,180.0,103.04147293021802,0.423393463649954,,,,SUMO/TraCI,1
sumo_coupled_00000590,39.2,gnb_2,6,147,226.65,371.597998418901,5.39874494260701,180.0,130.7838515044919,0.7003769759430504,,,,SUMO/TraCI,2
sumo_coupled_00000590,39.2,gnb_2,7,91,226.65,384.218423032761,5.32143231979847,180.0,139.9131952298836,0.7448791578344379,,,,SUMO/TraCI,3
sumo_coupled_00000591,39.3,gnb_1,2,332,226.65,46.9514521322434,13.8829742595935,180.0,113.33275274865571,-0.6445493124989241,,,,SUMO/TraCI,0
sumo_coupled_00000591,39.3,gnb_1,3,297,226.65,156.039548881321,11.1858769173408,180.0,93.84599929442452,0.38402861232532204,,,,SUMO/TraCI,1
sumo_coupled_00000592,39.3,gnb_2,4,255,226.65,249.886003767102,8.76869283310324,180.0,98.08708003154642,-0.3070128728800249,,,,SUMO/TraCI,0
sumo_coupled_00000592,39.3,gnb_2,5,206,226.65,322.947756627741,6.79329495776887,180.0,102.75569229661036,0.41795987811331925,,,,SUMO/TraCI,1
sumo_coupled_00000592,39.3,gnb_2,6,148,226.65,371.058845997236,5.39152421665785,180.0,130.40680938642868,0.6982675707324867,,,,SUMO/TraCI,2
sumo_coupled_00000592,39.3,gnb_2,7,92,226.65,383.684640881773,5.33782150988192,180.0,139.51604658526645,0.7431735876948409,,,,SUMO/TraCI,3
sumo_coupled_00000593,39.4,gnb_1,2,333,226.65,45.5625442803354,13.8890785190808,180.0,114.23290819206622,-0.6516288248085981,,,,SUMO/TraCI,0
sumo_coupled_00000593,39.4,gnb_1,3,298,226.65,154.920017432498,11.1953144882293,180.0,93.4217860966379,0.3737888012157662,,,,SUMO/TraCI,1
sumo_coupled_00000594,39.4,gnb_2,4,256,226.65,249.00807101469,8.77932752412558,180.0,98.36016552563592,-0.315086181684317,,,,SUMO/TraCI,0
sumo_coupled_00000594,39.4,gnb_2,5,207,226.65,322.269819426281,6.77937201459799,180.0,102.47419252831614,0.4124923396161508,,,,SUMO/TraCI,1
sumo_coupled_00000594,39.4,gnb_2,6,149,226.65,370.519797486724,5.39048510511755,180.0,130.03098183524386,0.6961402291141456,,,,SUMO/TraCI,2
sumo_coupled_00000594,39.4,gnb_2,7,93,226.65,383.149140109394,5.35500772378347,180.0,139.11853796423895,0.7414478445418178,,,,SUMO/TraCI,3
sumo_coupled_00000595,39.5,gnb_1,2,334,226.65,44.1739029566612,13.886413236741,180.0,115.14260502883297,-0.6585407462715569,,,,SUMO/TraCI,0
sumo_coupled_00000595,39.5,gnb_1,3,299,226.65,153.803177127378,11.1684030512045,180.0,93.0100923766066,0.3634355827806919,,,,SUMO/TraCI,1
sumo_coupled_00000596,39.5,gnb_2,4,257,226.65,248.128334450078,8.79736564611644,180.0,98.6408919511887,-0.32310804291685963,,,,SUMO/TraCI,0
sumo_coupled_00000596,39.5,gnb_2,5,208,226.65,321.591972246804,6.77847179477126,180.0,102.19645128564355,0.4069805920222477,,,,SUMO/TraCI,1
sumo_coupled_00000596,39.5,gnb_2,6,150,226.65,369.980163551603,5.39633935120655,180.0,129.6558997222002,0.693992049296591,,,,SUMO/TraCI,2
sumo_coupled_00000596,39.5,gnb_2,7,94,226.65,382.613582714685,5.35557394708907,180.0,138.72191556327175,0.7397070772705876,,,,SUMO/TraCI,3
sumo_coupled_00000597,39.6,gnb_1,2,335,226.65,42.7862803768487,13.8762257981254,180.0,116.06110889545481,-0.6652850412854805,,,,SUMO/TraCI,0
sumo_coupled_00000597,39.6,gnb_1,3,300,226.65,152.686034512849,11.1714261452935,180.0,92.60993117465944,0.3529430817868136,,,,SUMO/TraCI,1
sumo_coupled_00000598,39.6,gnb_2,4,258,226.65,247.250198096398,8.78136353679746,180.0,98.92811544108768,-0.3310464548685829,,,,SUMO/TraCI,0
sumo_coupled_00000598,39.6,gnb_2,5,209,226.65,320.91312178898,6.78850457824394,180.0,101.92205862579459,0.4014157714297349,,,,SUMO/TraCI,1
sumo_coupled_00000598,39.6,gnb_2,6,151,226.65,369.440737140093,5.3942641151062,180.0,129.28212544726827,0.6918260109869109,,,,SUMO/TraCI,2
sumo_coupled_00000598,39.6,gnb_2,7,95,226.65,382.077699904702,5.35882809983071,180.0,138.32598930726792,0.7379502609444821,,,,SUMO/TraCI,3
sumo_coupled_00000599,39.7,gnb_1,2,336,226.65,41.3967343715833,13.8954600526541,180.0,116.9901528653221,-0.6718793308946608,,,,SUMO/TraCI,0
sumo_coupled_00000599,39.7,gnb_1,3,301,226.65,151.568439757878,11.1759475497052,180.0,92.2214123116035,0.3423113891512805,,,,SUMO/TraCI,1
sumo_coupled_00000600,39.7,gnb_2,4,259,226.65,246.3724421171,8.77755979298055,180.0,99.22215049658917,-0.33891180260254455,,,,SUMO/TraCI,0
sumo_coupled_00000600,39.7,gnb_2,5,210,226.65,320.233492873803,6.79628915176634,180.0,101.65115075013345,0.39579967936319893,,,,SUMO/TraCI,1
sumo_coupled_00000600,39.7,gnb_2,6,152,226.65,368.901486469912,5.39250670181005,180.0,128.90964586313916,0.689641848557221,,,,SUMO/TraCI,2
sumo_coupled_00000600,39.7,gnb_2,7,96,226.65,381.54234154424,5.35358360462467,180.0,137.9313946361998,0.7361800539468368,,,,SUMO/TraCI,3
sumo_coupled_00000601,39.8,gnb_1,2,337,226.65,40.0094692006415,13.8726517094178,180.0,117.92670400534021,-0.6783071864345179,,,,SUMO/TraCI,0
sumo_coupled_00000601,39.8,gnb_1,3,302,226.65,150.448576790521,11.1986296735669,180.0,91.84409795173697,0.3315245886188722,,,,SUMO/TraCI,1
sumo_coupled_00000602,39.8,gnb_2,4,260,226.65,245.493979121774,8.78462995326519,180.0,99.52330368737046,-0.3467129767578729,,,,SUMO/TraCI,0
sumo_coupled_00000602,39.8,gnb_2,5,211,226.65,319.554190825179,6.79302048623911,180.0,101.38420247669097,0.3901415591277428,,,,SUMO/TraCI,1
sumo_coupled_00000602,39.8,gnb_2,6,153,226.65,368.362465503297,5.39020966614538,180.0,128.53850710904243,0.6874396435018256,,,,SUMO/TraCI,2
sumo_coupled_00000602,39.8,gnb_2,7,97,226.65,381.008813969937,5.33527574302847,180.0,137.53909625853058,0.7344007392637798,,,,SUMO/TraCI,3
sumo_coupled_00000603,39.9,gnb_1,2,338,226.65,38.6205306103063,13.8893859033519,180.0,118.87321202923766,-0.6845904809039557,,,,SUMO/TraCI,0
sumo_coupled_00000603,39.9,gnb_1,3,303,226.65,149.331190824508,11.1738596601377,180.0,91.47973138998444,0.32063048698150537,,,,SUMO/TraCI,1
sumo_coupled_00000604,39.9,gnb_2,4,261,226.65,244.614350149539,8.79628972234577,180.0,99.83169193867961,-0.3544530715977066,,,,SUMO/TraCI,0
sumo_coupled_00000604,39.9,gnb_2,5,212,226.65,318.876237342287,6.77953482891805,180.0,101.1216313648758,0.38445025873851296,,,,SUMO/TraCI,1
sumo_coupled_00000604,39.9,gnb_2,6,154,226.65,367.823928939731,5.38536563565605,180.0,128.1688924599527,0.68522031558611,,,,SUMO/TraCI,2
sumo_coupled_00000604,39.9,gnb_2,7,98,226.65,380.472767561961,5.36046407976291,180.0,137.1459059598931,0.7325976437921757,,,,SUMO/TraCI,3
sumo_coupled_00000605,40,gnb_1,2,339,226.65,37.231436252794,13.8909435751233,180.0,119.8284508986714,-0.6907254756818666,,,,SUMO/TraCI,0
sumo_coupled_00000605,40,gnb_1,3,304,226.65,148.212991018616,11.1819980589126,180.0,91.12735792404227,0.3095995720860522,,,,SUMO/TraCI,1
sumo_coupled_00000606,40,gnb_2,4,262,226.65,243.735257839184,8.79092310354859,180.0,100.14666257040454,-0.3621163324870799,,,,SUMO/TraCI,0
sumo_coupled_00000606,40,gnb_2,5,213,226.65,318.197110852338,6.79126489949692,180.0,100.86248944709722,0.3787048194202322,,,,SUMO/TraCI,1
sumo_coupled_00000606,40,gnb_2,6,155,226.65,367.285450260593,5.38478679138701,180.0,127.80051771097976,0.6829819770995655,,,,SUMO/TraCI,2
sumo_coupled_00000606,40,gnb_2,7,99,226.65,379.937499226363,5.35268335598051,180.0,136.75425496714647,0.7307816436890521,,,,SUMO/TraCI,3
sumo_coupled_00000607,40.1,gnb_1,2,340,226.65,35.8439833375979,13.8745291519603,180.0,120.79096671722807,-0.6967078660725642,,,,SUMO/TraCI,0
sumo_coupled_00000607,40.1,gnb_1,3,305,226.65,147.095989231441,11.1700178717508,180.0,90.78774769995326,0.2984542509082968,,,,SUMO/TraCI,1
sumo_coupled_00000608,40.1,gnb_2,4,263,226.65,242.855396369106,8.79861470077932,180.0,100.46862235990012,-0.3697134762914742,,,,SUMO/TraCI,0
sumo_coupled_00000608,40.1,gnb_2,5,214,226.65,317.517680247319,6.79430605018372,180.0,100.60715099405245,0.37291265955376185,,,,SUMO/TraCI,1
sumo_coupled_00000608,40.1,gnb_2,6,156,226.65,366.747567680377,5.37882580215926,180.0,127.4337592573553,0.6807267413746179,,,,SUMO/TraCI,2
sumo_coupled_00000608,40.1,gnb_2,7,100,226.65,379.40188966388,5.35609562482287,180.0,136.36333146689464,0.7289488207320025,,,,SUMO/TraCI,3
sumo_coupled_00000609,40.2,gnb_1,2,341,226.65,34.4570440198299,13.8693931776807,180.0,121.76132316062157,-0.7025462089248653,,,,SUMO/TraCI,0
sumo_coupled_00000609,40.2,gnb_1,3,306,226.65,145.977659807079,11.1832942436251,180.0,90.46027475667056,0.2871720197286201,,,,SUMO/TraCI,1
sumo_coupled_00000610,40.2,gnb_2,4,264,226.65,241.976684999087,8.78711370019615,180.0,100.79680046340088,-0.37722740033518404,,,,SUMO/TraCI,0
sumo_coupled_00000610,40.2,gnb_2,5,215,226.65,316.839472571932,6.78207675387524,180.0,100.35621176279089,0.36708711822451406,,,,SUMO/TraCI,1
sumo_coupled_00000610,40.2,gnb_2,6,157,226.65,366.208848040024,5.38719640352356,180.0,127.06765119568375,0.6784484267145434,,,,SUMO/TraCI,2
sumo_coupled_00000610,40.2,gnb_2,7,101,226.65,378.866596080382,5.35293583498473,180.0,135.9736236206177,0.7271012822033145,,,,SUMO/TraCI,3
sumo_coupled_00000611,40.3,gnb_1,2,342,226.65,33.0703425890376,13.8670143079227,180.0,122.73951212868369,-0.7082450948625476,,,,SUMO/TraCI,0
sumo_coupled_00000611,40.3,gnb_1,3,307,226.65,144.859126501932,11.1853330514673,180.0,90.14543066866483,0.27576690596002884,,,,SUMO/TraCI,1
sumo_coupled_00000612,40.3,gnb_2,4,265,226.65,241.098949818224,8.77735180862248,180.0,101.13117326148773,-0.38465933823582066,,,,SUMO/TraCI,0
sumo_coupled_00000612,40.3,gnb_2,5,216,226.65,316.15953639467,6.79936177261663,180.0,100.10861387651646,0.36120304731491565,,,,SUMO/TraCI,1
sumo_coupled_00000612,40.3,gnb_2,6,158,226.65,365.66937954699,5.39468493034132,180.0,126.70226948230338,0.676147158981675,,,,SUMO/TraCI,2
sumo_coupled_00000612,40.3,gnb_2,7,102,226.65,378.332508141523,5.34087938858665,180.0,135.58578338971492,0.7252420252563307,,,,SUMO/TraCI,3
sumo_coupled_00000613,40.4,gnb_1,2,343,226.65,31.6828454306439,13.8749715839382,180.0,123.72607765231845,-0.7138119646654875,,,,SUMO/TraCI,0
sumo_coupled_00000613,40.4,gnb_1,3,308,226.65,143.739652913278,11.1947358865431,180.0,89.84316123357921,0.2642343901007484,,,,SUMO/TraCI,1
sumo_coupled_00000614,40.4,gnb_2,4,266,226.65,240.220669421814,8.78280396410078,180.0,101.47225059713914,-0.39202176303466685,,,,SUMO/TraCI,0
sumo_coupled_00000614,40.4,gnb_2,5,217,226.65,315.4795625605,6.79973834169912,180.0,99.86501819698644,0.3552751824519336,,,,SUMO/TraCI,1
sumo_coupled_00000614,40.4,gnb_2,6,159,226.65,365.130686230161,5.38693316829333,180.0,126.3386569424344,0.6738292798929343,,,,SUMO/TraCI,2
sumo_coupled_00000614,40.4,gnb_2,7,103,226.65,377.795712719684,5.36795421839553,180.0,135.19698194246408,0.7233572178504918,,,,SUMO/TraCI,3
sumo_coupled_00000615,40.5,gnb_1,2,344,226.65,30.2963590766514,13.8648635399248,180.0,124.71954816669704,-0.7192428311514804,,,,SUMO/TraCI,0
sumo_coupled_00000615,40.5,gnb_1,3,309,226.65,142.620623756983,11.1902915629453,180.0,89.55397880136306,0.25259205743562907,,,,SUMO/TraCI,1
sumo_coupled_00000616,40.5,gnb_2,4,267,226.65,239.342414380689,8.78255041125417,180.0,101.81975136677364,-0.39930941760852295,,,,SUMO/TraCI,0
sumo_coupled_00000616,40.5,gnb_2,5,218,226.65,314.801689427039,6.77873133460898,180.0,99.62620180944407,0.3493226560378613,,,,SUMO/TraCI,1
sumo_coupled_00000616,40.5,gnb_2,6,160,226.65,364.590975146511,5.39711083649949,180.0,125.97561500638783,0.671486899605306,,,,SUMO/TraCI,2
sumo_coupled_00000616,40.5,gnb_2,7,104,226.65,377.258203150485,5.37509569199147,180.0,134.8086813972342,0.7214535602785027,,,,SUMO/TraCI,3
sumo_coupled_00000617,40.6,gnb_1,3,310,226.65,141.500911319375,11.1971243760828,180.0,89.27772223552542,0.2408317638598911,,,,SUMO/TraCI,0
sumo_coupled_00000618,40.6,gnb_2,4,268,226.65,238.463356291615,8.79058089073748,180.0,102.17394614361,-0.4065287216175775,,,,SUMO/TraCI,0
sumo_coupled_00000618,40.6,gnb_2,5,219,226.65,314.122879170358,6.78810256681428,180.0,99.3911131986902,0.34331921710287927,,,,SUMO/TraCI,1
sumo_coupled_00000618,40.6,gnb_2,6,161,226.65,364.051710833275,5.39264313236112,180.0,125.6141416959113,0.669126180368678,,,,SUMO/TraCI,2
sumo_coupled_00000618,40.6,gnb_2,7,105,226.65,376.722739153872,5.35463996612356,180.0,134.4228803791526,0.7195407424766994,,,,SUMO/TraCI,3
sumo_coupled_00000619,40.7,gnb_1,3,311,226.65,140.383116546286,11.1779477308865,180.0,89.0151332085701,0.2289848457399554,,,,SUMO/TraCI,0
sumo_coupled_00000620,40.7,gnb_2,4,269,226.65,237.58598169489,8.77374596725404,180.0,102.53375760590366,-0.4136590650284322,,,,SUMO/TraCI,0
sumo_coupled_00000620,40.7,gnb_2,5,220,226.65,313.443517604104,6.79361566253961,180.0,99.15992824592004,0.3372684732199776,,,,SUMO/TraCI,1
sumo_coupled_00000620,40.7,gnb_2,6,162,226.65,363.513152825954,5.38558007321146,180.0,125.2544178659226,0.6667481614528749,,,,SUMO/TraCI,2
sumo_coupled_00000620,40.7,gnb_2,7,106,226.65,376.186749563429,5.35989590443368,180.0,134.0377308505997,0.717609504077923,,,,SUMO/TraCI,3
sumo_coupled_00000621,40.8,gnb_1,3,312,226.65,139.26438453114,11.1873201514641,180.0,88.76564093929377,0.21702524002856893,,,,SUMO/TraCI,0
sumo_coupled_00000622,40.8,gnb_2,4,270,226.65,236.707174951877,8.78806743012369,180.0,102.90039456021238,-0.4207255495292598,,,,SUMO/TraCI,0
sumo_coupled_00000622,40.8,gnb_2,5,221,226.65,312.766062001456,6.77455602648132,180.0,98.93349947860563,0.3311927928774185,,,,SUMO/TraCI,1
sumo_coupled_00000622,40.8,gnb_2,6,163,226.65,362.974008961031,5.39143864922924,180.0,124.89559104734344,0.6643469818688679,,,,SUMO/TraCI,2
sumo_coupled_00000622,40.8,gnb_2,7,107,226.65,375.650218642458,5.36530920970835,180.0,133.65323350502982,0.7156595926192715,,,,SUMO/TraCI,3
sumo_coupled_00000623,40.9,gnb_1,3,313,226.65,138.144524971095,11.198595600453,180.0,88.52935268274975,0.2049549038963042,,,,SUMO/TraCI,0
sumo_coupled_00000624,40.9,gnb_2,4,271,226.65,235.827740496522,8.79434455355257,180.0,103.27347679652603,-0.42772123950574575,,,,SUMO/TraCI,0
sumo_coupled_00000624,40.9,gnb_2,5,222,226.65,312.087841498485,6.78220502970205,180.0,98.71095213820954,0.32506870619135947,,,,SUMO/TraCI,1
sumo_coupled_00000624,40.9,gnb_2,6,164,226.65,362.435113440435,5.38895520595776,180.0,124.53822878111517,0.6619261751772668,,,,SUMO/TraCI,2
sumo_coupled_00000624,40.9,gnb_2,7,108,226.65,375.112126700196,5.38091942261996,180.0,133.26867278334444,0.7136870557330471,,,,SUMO/TraCI,3
sumo_coupled_00000625,41,gnb_1,3,314,226.65,137.027819938091,11.1670503300359,180.0,88.30724291837024,0.19282472620995808,,,,SUMO/TraCI,0
sumo_coupled_00000626,41,gnb_2,4,272,226.65,234.948773201959,8.78967294563353,180.0,103.6524748185422,-0.43463725180618523,,,,SUMO/TraCI,0
sumo_coupled_00000626,41,gnb_2,5,223,226.65,311.407978480362,6.79863018123177,180.0,98.49204847206134,0.3188884683342868,,,,SUMO/TraCI,1
sumo_coupled_00000626,41,gnb_2,6,165,226.65,361.895481390781,5.3963204965397,180.0,124.18169097023828,0.6594811260092144,,,,SUMO/TraCI,2
sumo_coupled_00000626,41,gnb_2,7,109,226.65,374.573928821711,5.38197878484696,180.0,132.8851026743557,0.7116969992751637,,,,SUMO/TraCI,3
sumo_coupled_00000627,41.1,gnb_1,3,315,226.65,135.910732175006,11.1708776308468,180.0,88.09866002581862,0.18060129598274383,,,,SUMO/TraCI,0
sumo_coupled_00000628,41.1,gnb_2,4,273,226.65,234.070446128376,8.78327073582262,180.0,104.03723573243576,-0.4414722627747068,,,,SUMO/TraCI,0
sumo_coupled_00000628,41.1,gnb_2,5,224,226.65,310.729470624464,6.78507855898235,180.0,98.27778418777966,0.31267972592614734,,,,SUMO/TraCI,1
sumo_coupled_00000628,41.1,gnb_2,6,166,226.65,361.356309257615,5.39172133166401,180.0,123.82678044761033,0.6570170763022941,,,,SUMO/TraCI,2
sumo_coupled_00000628,41.1,gnb_2,7,110,226.65,374.038549592793,5.3537922891871,180.0,132.50460863500632,0.709700217686987,,,,SUMO/TraCI,3
sumo_coupled_00000629,41.2,gnb_1,3,316,226.65,134.792428247789,11.1830392721761,180.0,87.90357463417507,0.1682801673236847,,,,SUMO/TraCI,0
sumo_coupled_00000630,41.2,gnb_2,4,274,226.65,233.192729987183,8.7771614119336,180.0,104.42769281207336,-0.4482266030434162,,,,SUMO/TraCI,0
sumo_coupled_00000630,41.2,gnb_2,5,225,226.65,310.049579871398,6.79890753065655,180.0,98.06732254144357,0.30641786777342633,,,,SUMO/TraCI,1
sumo_coupled_00000630,41.2,gnb_2,6,167,226.65,360.816501007273,5.39808250342263,180.0,123.47278783221249,0.6545288433682633,,,,SUMO/TraCI,2
sumo_coupled_00000630,41.2,gnb_2,7,111,226.65,373.500121067083,5.38428525709829,180.0,132.12303031477586,0.707674663866883,,,,SUMO/TraCI,3
sumo_coupled_00000631,41.3,gnb_1,3,317,226.65,133.675745207925,11.1668303986371,180.0,87.72256555181275,0.15589768860382341,,,,SUMO/TraCI,0
sumo_coupled_00000632,41.3,gnb_2,4,275,226.65,232.314831783296,8.77898203887045,180.0,104.82412779439358,-0.4549064153458608,,,,SUMO/TraCI,0
sumo_coupled_00000632,41.3,gnb_2,5,226,226.65,309.371069976951,6.78509894447704,180.0,97.8615463376241,0.3001288154145886,,,,SUMO/TraCI,1
sumo_coupled_00000632,41.3,gnb_2,6,168,226.65,360.27832770342,5.38173303852032,180.0,123.1212101908428,0.6520267919636706,,,,SUMO/TraCI,2
sumo_coupled_00000632,41.3,gnb_2,7,112,226.65,372.962618194944,5.37502872138993,180.0,131.74320051395037,0.7056350371957159,,,,SUMO/TraCI,3
sumo_coupled_00000633,41.4,gnb_1,3,318,226.65,132.556454925258,11.1929028266715,180.0,87.55505159778068,0.14341211267787418,,,,SUMO/TraCI,0
sumo_coupled_00000634,41.4,gnb_2,4,276,226.65,231.43702098332,8.77810799975693,180.0,105.22635331025447,-0.46150966453711995,,,,SUMO/TraCI,0
sumo_coupled_00000634,41.4,gnb_2,5,227,226.65,308.692930172671,6.78139804279851,180.0,97.66015944024346,0.2938038432164114,,,,SUMO/TraCI,1
sumo_coupled_00000634,41.4,gnb_2,6,169,226.65,359.739707026034,5.38620677386236,180.0,122.77069429060722,0.6495011491690704,,,,SUMO/TraCI,2
sumo_coupled_00000634,41.4,gnb_2,7,113,226.65,372.427298416466,5.35319778478033,180.0,131.36600775149734,0.703586110276785,,,,SUMO/TraCI,3
sumo_coupled_00000635,41.5,gnb_1,3,319,226.65,131.436928256108,11.1952666914987,180.0,87.40152074154867,0.13085502585163988,,,,SUMO/TraCI,0
sumo_coupled_00000636,41.5,gnb_2,4,277,226.65,230.559888471191,8.77132512129843,180.0,105.63402448066188,-0.4680320736796303,,,,SUMO/TraCI,0
sumo_coupled_00000636,41.5,gnb_2,5,228,226.65,308.014196905921,6.78733266750001,180.0,97.46290437024598,0.2874344560828962,,,,SUMO/TraCI,1
sumo_coupled_00000636,41.5,gnb_2,6,170,226.65,359.201700382157,5.38006643877598,180.0,122.42194183815649,0.6469567398862434,,,,SUMO/TraCI,2
sumo_coupled_00000636,41.5,gnb_2,7,114,226.65,371.890139001601,5.37159414864429,180.0,130.98862601666434,0.701512351079328,,,,SUMO/TraCI,3
sumo_coupled_00000637,41.6,gnb_1,3,320,226.65,130.317424141532,11.1950411457557,180.0,87.26208650333929,0.1182349008023912,,,,SUMO/TraCI,0
sumo_coupled_00000638,41.6,gnb_2,4,278,226.65,229.680040409391,8.79848061799258,180.0,106.04867200111711,-0.47449872441664254,,,,SUMO/TraCI,0
sumo_coupled_00000638,41.6,gnb_2,5,229,226.65,307.336667218026,6.77529687894927,180.0,97.27032370969624,0.2810381026345959,,,,SUMO/TraCI,1
sumo_coupled_00000638,41.6,gnb_2,6,171,226.65,358.662908344893,5.38792037263513,180.0,122.07405805197531,0.6443867730800006,,,,SUMO/TraCI,2
sumo_coupled_00000638,41.6,gnb_2,7,115,226.65,371.351879606161,5.38259395440559,180.0,130.6115936951178,0.6994163153647798,,,,SUMO/TraCI,3
sumo_coupled_00000639,41.7,gnb_1,3,321,226.65,129.199510037377,11.1791410415526,180.0,87.13698115569417,0.10557526684266857,,,,SUMO/TraCI,0
sumo_coupled_00000640,41.7,gnb_2,4,279,226.65,228.80316346488,8.76876944511384,180.0,106.46754703290482,-0.4808680012069513,,,,SUMO/TraCI,0
sumo_coupled_00000640,41.7,gnb_2,5,230,226.65,306.657229455054,6.79437762971525,180.0,97.08156561479319,0.27458590398950045,,,,SUMO/TraCI,1
sumo_coupled_00000640,41.7,gnb_2,6,172,226.65,358.12296082762,5.39947517273307,180.0,121.72682329081724,0.6417892023763457,,,,SUMO/TraCI,2
sumo_coupled_00000640,41.7,gnb_2,7,116,226.65,370.814645662535,5.37233943625876,180.0,130.23640952825667,0.697306121932296,,,,SUMO/TraCI,3
sumo_coupled_00000641,41.8,gnb_1,3,322,226.65,128.079581984812,11.1992805256473,180.0,87.02587055036737,0.09284115095563256,,,,SUMO/TraCI,0
sumo_coupled_00000642,41.8,gnb_2,4,280,226.65,227.92505012685,8.7811333803013,180.0,106.89257646951486,-0.48717087372294243,,,,SUMO/TraCI,0
sumo_coupled_00000642,41.8,gnb_2,5,231,226.65,305.97978012275,6.77449332304578,180.0,96.89773720385031,0.2681154469902078,,,,SUMO/TraCI,1
sumo_coupled_00000642,41.8,gnb_2,6,173,226.65,357.5837744949,5.39186332719633,180.0,121.38148361622335,0.6391730615206492,,,,SUMO/TraCI,2
sumo_coupled_00000642,41.8,gnb_2,7,117,226.65,370.275931284353,5.38714378182243,180.0,129.86133477389345,0.695171749478287,,,,SUMO/TraCI,3
sumo_coupled_00000643,41.9,gnb_1,3,323,226.65,126.960341653266,11.1924033154664,180.0,86.92910246821941,0.08006917655466009,,,,SUMO/TraCI,0
sumo_coupled_00000644,41.9,gnb_2,4,281,226.65,227.046391314775,8.78658812074363,180.0,107.32337663709586,-0.4934023727587584,,,,SUMO/TraCI,0
sumo_coupled_00000644,41.9,gnb_2,5,232,226.65,305.300381137186,6.79398985564173,180.0,96.7177945658754,0.26158972349140625,,,,SUMO/TraCI,1
sumo_coupled_00000644,41.9,gnb_2,6,174,226.65,357.045429170162,5.38345324738242,180.0,121.03809588726372,0.6365386749137476,,,,SUMO/TraCI,2
sumo_coupled_00000644,41.9,gnb_2,7,118,226.65,369.740061742187,5.35869542165514,180.0,129.48938636618652,0.6930302495094744,,,,SUMO/TraCI,3
sumo_coupled_00000645,42,gnb_1,3,324,226.65,125.840612778135,11.19728875131,180.0,86.8466191490729,0.0672520454493403,,,,SUMO/TraCI,0
sumo_coupled_00000646,42,gnb_2,4,282,226.65,226.169522280913,8.7686903386265,180.0,107.75872508277519,-0.49954634928853303,,,,SUMO/TraCI,0
sumo_coupled_00000646,42,gnb_2,5,233,226.65,304.622949070111,6.77432067074347,180.0,96.54279942548423,0.25504697622856937,,,,SUMO/TraCI,1
sumo_coupled_00000646,42,gnb_2,6,175,226.65,356.507582762547,5.37846407615114,180.0,120.69644866427501,0.6338842907910056,,,,SUMO/TraCI,2
sumo_coupled_00000646,42,gnb_2,7,119,226.65,369.202283456689,5.37778285498609,180.0,129.11727178765622,0.6908625176296269,,,,SUMO/TraCI,3
sumo_coupled_00000647,42.1,gnb_1,3,325,226.65,124.721417521166,11.1919525696884,180.0,86.77853584504163,0.05440766515808617,,,,SUMO/TraCI,0
sumo_coupled_00000648,42.1,gnb_2,4,283,226.65,225.291703264689,8.77819016223401,180.0,108.19990864912428,-0.5056223930162604,,,,SUMO/TraCI,0
sumo_coupled_00000648,42.1,gnb_2,5,234,226.65,303.94460666358,6.7834240653161,180.0,96.37202233155408,0.24846014521934592,,,,SUMO/TraCI,1
sumo_coupled_00000648,42.1,gnb_2,6,176,226.65,355.967943798701,5.39638963846082,180.0,120.35510369320694,0.6311983577559643,,,,SUMO/TraCI,2
sumo_coupled_00000648,42.1,gnb_2,7,120,226.65,368.664375559551,5.37907897137386,180.0,128.74623875424518,0.6886754628132967,,,,SUMO/TraCI,3
sumo_coupled_00000649,42.2,gnb_1,3,326,226.65,123.602660916767,11.1875660439907,180.0,86.72486186602549,0.041541270164632424,,,,SUMO/TraCI,0
sumo_coupled_00000650,42.2,gnb_2,4,284,226.65,224.414407564916,8.77295699772984,180.0,108.646125500909,-0.5116205679568293,,,,SUMO/TraCI,0
sumo_coupled_00000650,42.2,gnb_2,5,235,226.65,303.267184040777,6.77422622802248,180.0,96.2059475977831,0.24184766765202742,,,,SUMO/TraCI,1
sumo_coupled_00000650,42.2,gnb_2,6,177,226.65,355.428569997207,5.39373801493726,180.0,120.01538098020417,0.6284908599310989,,,,SUMO/TraCI,2
sumo_coupled_00000650,42.2,gnb_2,7,121,226.65,368.126499646715,5.37875912836415,180.0,128.37640920349213,0.6864695795239437,,,,SUMO/TraCI,3
sumo_coupled_00000651,42.3,gnb_1,3,327,226.65,122.485231084808,11.1742983195861,180.0,86.68563245166351,0.028669469374798504,,,,SUMO/TraCI,0
sumo_coupled_00000652,42.3,gnb_2,4,285,226.65,223.536815979686,8.77591585230082,180.0,109.09772522702681,-0.5175468498799309,,,,SUMO/TraCI,0
sumo_coupled_00000652,42.3,gnb_2,5,236,226.65,302.587378828977,6.79805211800733,180.0,96.043803456359,0.23517788775660492,,,,SUMO/TraCI,1
sumo_coupled_00000652,42.3,gnb_2,6,178,226.65,354.888875761089,5.39694236118346,180.0,119.67692431191497,0.625758693178858,,,,SUMO/TraCI,2
sumo_coupled_00000652,42.3,gnb_2,7,122,226.65,367.587327339537,5.39172307177744,180.0,128.00688423082255,0.6842391943670716,,,,SUMO/TraCI,3
sumo_coupled_00000653,42.4,gnb_1,3,328,226.65,121.368380881736,11.1685020307195,180.0,86.66080409410878,0.015790078294796533,,,,SUMO/TraCI,0
sumo_coupled_00000654,42.4,gnb_2,4,286,226.65,222.657024221098,8.79791758588702,180.0,109.55564509042763,-0.5234141584540979,,,,SUMO/TraCI,0
sumo_coupled_00000654,42.4,gnb_2,5,237,226.65,301.909952644443,6.77426184533583,180.0,95.88674843210471,0.22849823362147878,,,,SUMO/TraCI,1
sumo_coupled_00000654,42.4,gnb_2,6,179,226.65,354.350669032976,5.38206728112709,180.0,119.34087516710748,0.6230109250402782,,,,SUMO/TraCI,2
sumo_coupled_00000654,42.4,gnb_2,7,123,226.65,367.049127342871,5.38199996665556,180.0,127.6392301416589,0.6819935159923837,,,,SUMO/TraCI,3
sumo_coupled_00000655,42.5,gnb_1,3,329,226.65,120.249221341971,11.1915953976568,180.0,86.65035840247457,0.0028761720847524717,,,,SUMO/TraCI,0
sumo_coupled_00000656,42.5,gnb_2,4,287,226.65,221.778876569836,8.78147651261836,180.0,110.01782452616662,-0.5291971885548118,,,,SUMO/TraCI,0
sumo_coupled_00000656,42.5,gnb_2,5,238,226.65,301.232314869515,6.776377749281,180.0,95.73418247793327,0.2217840516307646,,,,SUMO/TraCI,1
sumo_coupled_00000656,42.5,gnb_2,6,180,226.65,353.811476005618,5.39193027357746,180.0,119.00569940186864,0.6202347986407362,,,,SUMO/TraCI,2
sumo_coupled_00000656,42.5,gnb_2,7,124,226.65,366.511736383636,5.3739095923514,180.0,127.27333983247131,0.6797318000573456,,,,SUMO/TraCI,3
sumo_coupled_00000657,42.6,gnb_1,3,330,226.65,119.130368822981,11.1885251898924,180.0,86.6543637584631,-0.010035630512999636,,,,SUMO/TraCI,0
sumo_coupled_00000658,42.6,gnb_2,4,288,226.65,220.899819752125,8.79056817711145,180.0,110.48553663412832,-0.5349132750613739,,,,SUMO/TraCI,0
sumo_coupled_00000658,42.6,gnb_2,5,239,226.65,300.553469538853,6.78845330662001,180.0,95.58591742555258,0.21502612615358466,,,,SUMO/TraCI,1
sumo_coupled_00000658,42.6,gnb_2,6,181,226.65,353.273059753913,5.38416251705086,180.0,118.67250644399698,0.6174392194917655,,,,SUMO/TraCI,2
sumo_coupled_00000658,42.6,gnb_2,7,125,226.65,365.974720338413,5.37016045223047,180.0,126.90892418292863,0.6774521247574964,,,,SUMO/TraCI,3
sumo_coupled_00000659,42.7,gnb_1,3,331,226.65,118.012521861569,11.1784696141235,180.0,86.67279024786696,-0.022930819842619684,,,,SUMO/TraCI,0
sumo_coupled_00000660,42.7,gnb_2,4,289,226.65,220.021083563263,8.78736188861728,180.0,110.95806828223479,-0.5405548002527732,,,,SUMO/TraCI,0
sumo_coupled_00000660,42.7,gnb_2,5,240,226.65,299.873587700028,6.79881838824879,180.0,95.44203470206774,0.20822678143928378,,,,SUMO/TraCI,1
sumo_coupled_00000660,42.7,gnb_2,6,182,226.65,352.735279302952,5.37780450961262,180.0,118.3412157926326,0.6146233906402048,,,,SUMO/TraCI,2
sumo_coupled_00000660,42.7,gnb_2,7,126,226.65,365.435568541781,5.39151796632043,180.0,126.54429608661685,0.6751435756796353,,,,SUMO/TraCI,3
sumo_coupled_00000661,42.8,gnb_1,3,332,226.65,116.893011480427,11.1951038114226,180.0,86.70568538256738,-0.03583373461456622,,,,SUMO/TraCI,0
sumo_coupled_00000662,42.8,gnb_2,4,290,226.65,219.143585812958,8.77497750304639,180.0,111.43484934123977,-0.5461165384689067,,,,SUMO/TraCI,0
sumo_coupled_00000662,42.8,gnb_2,5,241,226.65,299.194125381059,6.79462318968889,180.0,95.30286957455066,0.20140133730227705,,,,SUMO/TraCI,1
sumo_coupled_00000662,42.8,gnb_2,6,183,226.65,352.19631331961,5.38965983341914,180.0,118.01072051700767,0.6117775826070403,,,,SUMO/TraCI,2
sumo_coupled_00000662,42.8,gnb_2,7,127,226.65,364.898028705659,5.37539836122506,180.0,126.18200259191838,0.6728220107603243,,,,SUMO/TraCI,3
sumo_coupled_00000663,42.9,gnb_1,3,333,226.65,115.774145782669,11.1886569775816,180.0,86.75298463952774,-0.04871134099754714,,,,SUMO/TraCI,0
sumo_coupled_00000664,42.9,gnb_2,4,291,226.65,218.265562098841,8.78023714117706,180.0,111.91676962355577,-0.5516102556284416,,,,SUMO/TraCI,0
sumo_coupled_00000664,42.9,gnb_2,5,242,226.65,298.51492775708,6.79197623979091,180.0,95.16840363192969,0.19454910506524556,,,,SUMO/TraCI,1
sumo_coupled_00000664,42.9,gnb_2,6,184,226.65,351.65666956189,5.39643757719488,180.0,117.68135278242637,0.6089041965244187,,,,SUMO/TraCI,2
sumo_coupled_00000664,42.9,gnb_2,7,128,226.65,364.359348765498,5.38679940160719,180.0,125.82019799753506,0.6704754094183725,,,,SUMO/TraCI,3
sumo_coupled_00000665,43,gnb_1,3,334,226.65,114.655412290848,11.187334918211,180.0,86.81467109757901,-0.0615631855950329,,,,SUMO/TraCI,0
sumo_coupled_00000666,43,gnb_2,4,292,226.65,217.385642463634,8.79919635206461,180.0,112.40453847461796,-0.5570447455776433,,,,SUMO/TraCI,0
sumo_coupled_00000666,43,gnb_2,5,243,226.65,297.836520232768,6.78407524312334,180.0,95.03874974984646,0.18767629287754625,,,,SUMO/TraCI,1
sumo_coupled_00000666,43,gnb_2,6,185,226.65,351.118552740674,5.38116821216187,180.0,117.35446750732596,0.6060148731554197,,,,SUMO/TraCI,2
sumo_coupled_00000666,43,gnb_2,7,129,226.65,363.82025960868,5.3908915681795,180.0,125.45938952851041,0.6681067070682022,,,,SUMO/TraCI,3
sumo_coupled_00000667,43.1,gnb_1,3,335,226.65,113.536254684928,11.1915760591987,180.0,86.89075039092548,-0.07438933702369144,,,,SUMO/TraCI,0
sumo_coupled_00000668,43.1,gnb_2,4,293,226.65,216.506965915351,8.78676548282802,180.0,112.8963590080495,-0.5624010786753711,,,,SUMO/TraCI,0
sumo_coupled_00000668,43.1,gnb_2,5,244,226.65,297.15895987765,6.77560355117568,180.0,94.91392102364543,0.180784438073897,,,,SUMO/TraCI,1
sumo_coupled_00000668,43.1,gnb_2,6,186,226.65,350.580802233054,5.37750507620105,180.0,117.02936445124138,0.6031033541369054,,,,SUMO/TraCI,2
sumo_coupled_00000668,43.1,gnb_2,7,130,226.65,363.282437040631,5.37822568048717,180.0,125.10070671034063,0.665723154014341,,,,SUMO/TraCI,3
sumo_coupled_00000669,43.2,gnb_1,3,336,226.65,112.417694628932,11.1856005599548,180.0,86.98111205738938,-0.08717186055364828,,,,SUMO/TraCI,0
sumo_coupled_00000670,43.2,gnb_2,4,294,226.65,215.629322375487,8.7764353986457,180.0,113.39226886273588,-0.5676813619668841,,,,SUMO/TraCI,0
sumo_coupled_00000670,43.2,gnb_2,5,245,226.65,296.481471647966,6.77488229683996,180.0,94.79378359197773,0.17386658727440835,,,,SUMO/TraCI,1
sumo_coupled_00000670,43.2,gnb_2,6,187,226.65,350.042124299765,5.38677933288796,180.0,116.70527698619173,0.6001624443087713,,,,SUMO/TraCI,2
sumo_coupled_00000670,43.2,gnb_2,7,131,226.65,362.747015540786,5.35421499845422,180.0,124.74490402780819,0.663329826462009,,,,SUMO/TraCI,3
sumo_coupled_00000671,43.3,gnb_1,3,337,226.65,111.298274534032,11.1942009490053,180.0,87.08583424464094,-0.09992125058506265,,,,SUMO/TraCI,0
sumo_coupled_00000672,43.3,gnb_2,4,295,226.65,214.749438316004,8.79884059482813,180.0,113.89406613198497,-0.5729057175672442,,,,SUMO/TraCI,0
sumo_coupled_00000672,43.3,gnb_2,5,246,226.65,295.801475271692,6.79996376274433,180.0,94.67792309066509,0.16689714725322272,,,,SUMO/TraCI,1
sumo_coupled_00000672,43.3,gnb_2,6,188,226.65,349.503601274485,5.38523025280098,180.0,116.38287283841463,0.5971978486128575,,,,SUMO/TraCI,2
sumo_coupled_00000672,43.3,gnb_2,7,132,226.65,362.209504772753,5.37510768032936,180.0,124.38900745235208,0.6609065097994598,,,,SUMO/TraCI,3
sumo_coupled_00000673,43.4,gnb_1,3,338,226.65,110.180941322412,11.1733321161964,180.0,87.20456647053477,-0.1125979874105071,,,,SUMO/TraCI,0
sumo_coupled_00000674,43.4,gnb_2,4,296,226.65,213.870515839463,8.78922476540506,180.0,114.39987401801942,-0.5780555680517688,,,,SUMO/TraCI,0
sumo_coupled_00000674,43.4,gnb_2,5,247,226.65,295.121927502403,6.79547769288695,180.0,94.56688210672874,0.15990722296772278,,,,SUMO/TraCI,1
sumo_coupled_00000674,43.4,gnb_2,6,189,226.65,348.965554326046,5.38046948439209,180.0,116.06235472149788,0.5942112280207918,,,,SUMO/TraCI,2
sumo_coupled_00000674,43.4,gnb_2,7,133,226.65,361.670414922739,5.39089850013902,180.0,124.03337927208283,0.6584551304015079,,,,SUMO/TraCI,3
sumo_coupled_00000675,43.5,gnb_1,3,339,226.65,109.063515028206,11.1742629420583,180.0,87.33744445275622,-0.12522103251727176,,,,SUMO/TraCI,0
sumo_coupled_00000676,43.5,gnb_2,4,297,226.65,212.991490572333,8.79025267130882,180.0,114.91023816752681,-0.5831378517375952,,,,SUMO/TraCI,0
sumo_coupled_00000676,43.5,gnb_2,5,248,226.65,294.443448411792,6.78479090611567,180.0,94.4607627643568,0.15290421111486105,,,,SUMO/TraCI,1
sumo_coupled_00000676,43.5,gnb_2,6,190,226.65,348.425631586064,5.39922739982489,180.0,115.74234124965574,0.5911892817034885,,,,SUMO/TraCI,2
sumo_coupled_00000676,43.5,gnb_2,7,134,226.65,361.131591462899,5.3882345983992,180.0,123.67925304311449,0.6559838409972979,,,,SUMO/TraCI,3
sumo_coupled_00000677,43.6,gnb_1,3,340,226.65,107.946974381392,11.1654064681428,180.0,87.48427245261186,-0.1377736281128341,,,,SUMO/TraCI,0
sumo_coupled_00000678,43.6,gnb_2,4,298,226.65,212.114109695272,8.77380877060443,180.0,115.42407288978137,-0.5881432582053516,,,,SUMO/TraCI,0
sumo_coupled_00000678,43.6,gnb_2,5,249,226.65,293.765538101358,6.77910310433735,180.0,94.35948568755522,0.14588398825040963,,,,SUMO/TraCI,1
sumo_coupled_00000678,43.6,gnb_2,6,191,226.65,347.887545891481,5.380856945829,180.0,115.42504661973474,0.5881526399996616,,,,SUMO/TraCI,2
sumo_coupled_00000678,43.6,gnb_2,7,135,226.65,360.591606453745,5.39985009153686,180.0,123.32570506911894,0.6534858763513798,,,,SUMO/TraCI,3
sumo_coupled_00000679,43.7,gnb_1,3,341,226.65,106.82837147901,11.1860290238215,180.0,87.64538948452999,-0.15028318772335286,,,,SUMO/TraCI,0
sumo_coupled_00000680,43.7,gnb_2,4,299,226.65,211.234663034446,8.79446660826355,180.0,115.94349515167373,-0.5930935312550075,,,,SUMO/TraCI,0
sumo_coupled_00000680,43.7,gnb_2,5,250,226.65,293.08630670556,6.79231395797897,180.0,94.26279182791046,0.1388279134512674,,,,SUMO/TraCI,1
sumo_coupled_00000680,43.7,gnb_2,6,192,226.65,347.34896961338,5.38576278100431,180.0,115.10910566929091,0.5850881146351181,,,,SUMO/TraCI,2
sumo_coupled_00000680,43.7,gnb_2,7,136,226.65,360.05261245868,5.3899399506562,180.0,122.97415688452436,0.6509710209589102,,,,SUMO/TraCI,3
sumo_coupled_00000681,43.8,gnb_1,3,342,226.65,105.711153777886,11.1721770112345,180.0,87.82023472047443,-0.16270562550412654,,,,SUMO/TraCI,0
sumo_coupled_00000682,43.8,gnb_2,4,300,226.65,210.356497543964,8.78165490481257,180.0,116.46647558136158,-0.5979703782431726,,,,SUMO/TraCI,0
sumo_coupled_00000682,43.8,gnb_2,5,251,226.65,292.407405289685,6.78901415874413,180.0,94.17094140987709,0.13175407513111756,,,,SUMO/TraCI,1
sumo_coupled_00000682,43.8,gnb_2,6,193,226.65,346.8094546141,5.39514999279985,180.0,114.79427566666156,0.5819929105881603,,,,SUMO/TraCI,2
sumo_coupled_00000682,43.8,gnb_2,7,137,226.65,359.513376223919,5.39236234760622,180.0,122.62381293421963,0.6484334022998715,,,,SUMO/TraCI,3
sumo_coupled_00000683,43.9,gnb_1,3,343,226.65,104.593793350252,11.1736042763456,180.0,88.00894104200289,-0.17505274427055406,,,,SUMO/TraCI,0
sumo_coupled_00000684,43.9,gnb_2,4,301,226.65,209.476818052035,8.7967949192971,180.0,116.99462249208626,-0.6027899440654663,,,,SUMO/TraCI,0
sumo_coupled_00000684,43.9,gnb_2,5,252,226.65,291.729140240357,6.78265049328236,180.0,94.0839796712382,0.12466671032988484,,,,SUMO/TraCI,1
sumo_coupled_00000684,43.9,gnb_2,6,194,226.65,346.270458637936,5.38995976164588,180.0,114.48142289508102,0.578875218022674,,,,SUMO/TraCI,2
sumo_coupled_00000684,43.9,gnb_2,7,138,226.65,358.97468161902,5.38694604899132,180.0,122.27519305576897,0.6458765645375028,,,,SUMO/TraCI,3
sumo_coupled_00000685,44,gnb_1,3,344,226.65,103.476164899126,11.1762845112628,180.0,88.21144838648142,-0.18732075488068176,,,,SUMO/TraCI,0
sumo_coupled_00000686,44,gnb_2,4,302,226.65,208.598694643569,8.78123408465833,180.0,117.52603501608613,-0.6075360693199435,,,,SUMO/TraCI,0
sumo_coupled_00000686,44,gnb_2,5,253,226.65,291.05115279162,6.77987448737421,180.0,94.00186422632122,0.11756312369521688,,,,SUMO/TraCI,1
sumo_coupled_00000686,44,gnb_2,6,195,226.65,345.732384960338,5.3807367759815,180.0,114.17078843808545,0.5757373305342854,,,,SUMO/TraCI,2
sumo_coupled_00000686,44,gnb_2,7,139,226.65,358.436143982862,5.38537636158259,180.0,121.92805740640773,0.6432985618840831,,,,SUMO/TraCI,3
sumo_coupled_00000687,44.1,gnb_1,3,345,226.65,102.356247890966,11.1991700815933,180.0,88.42807522775243,-0.1995265877221836,,,,SUMO/TraCI,0
sumo_coupled_00000688,44.1,gnb_2,4,303,226.65,207.721317664518,8.77376979050785,180.0,118.06113001387678,-0.61221404815443,,,,SUMO/TraCI,0
sumo_coupled_00000688,44.1,gnb_2,5,254,226.65,290.373424124168,6.77728667452093,180.0,93.92459969603209,0.11044416646692674,,,,SUMO/TraCI,1
sumo_coupled_00000688,44.1,gnb_2,6,196,226.65,345.192539461115,5.398454992224,180.0,113.86083480015873,0.5725633364232469,,,,SUMO/TraCI,2
sumo_coupled_00000688,44.1,gnb_2,7,140,226.65,357.897780166027,5.38363816834575,180.0,121.58242740953428,0.6406993331662862,,,,SUMO/TraCI,3
sumo_coupled_00000689,44.2,gnb_1,3,346,226.65,101.237753330765,11.184945602013,180.0,88.6580193782673,-0.21162492463523472,,,,SUMO/TraCI,0
sumo_coupled_00000690,44.2,gnb_2,4,304,226.65,206.842686431442,8.78631233076006,180.0,118.60107515772495,-0.6168351633513248,,,,SUMO/TraCI,0
sumo_coupled_00000690,44.2,gnb_2,5,255,226.65,289.694407195136,6.79016929031559,180.0,93.8520326410947,0.10329458960371161,,,,SUMO/TraCI,1
sumo_coupled_00000690,44.2,gnb_2,6,197,226.65,344.654705497462,5.37833963653597,180.0,113.55374693493623,0.569375359621622,,,,SUMO/TraCI,2
sumo_coupled_00000690,44.2,gnb_2,7,141,226.65,357.358014910538,5.39765255488907,180.0,121.23730849412244,0.638071034992403,,,,SUMO/TraCI,3
sumo_coupled_00000691,44.3,gnb_1,3,347,226.65,100.121186405868,11.1656692489702,180.0,88.90101084864136,-0.2236061593042707,,,,SUMO/TraCI,0
sumo_coupled_00000692,44.3,gnb_2,4,305,226.65,205.963914119025,8.78772312416881,180.0,119.14514053277668,-0.6213940874962314,,,,SUMO/TraCI,0
sumo_coupled_00000692,44.3,gnb_2,5,256,226.65,289.016073019645,6.78334175491589,180.0,93.78439141294018,0.09613617877996869,,,,SUMO/TraCI,1
sumo_coupled_00000692,44.3,gnb_2,6,198,226.65,344.115419606746,5.39285890715488,180.0,113.24755861098777,0.5661527753281319,,,,SUMO/TraCI,2
sumo_coupled_00000692,44.3,gnb_2,7,142,226.65,356.821491241098,5.36523669440507,180.0,120.89567410170677,0.6354362288965759,,,,SUMO/TraCI,3
sumo_coupled_00000693,44.4,gnb_1,3,348,226.65,99.0038495540918,11.1733685177611,180.0,89.1575057611372,-0.235495040677329,,,,SUMO/TraCI,0
sumo_coupled_00000694,44.4,gnb_2,4,306,226.65,205.08697635299,8.76937766034901,180.0,119.69203654352899,-0.6258814354768374,,,,SUMO/TraCI,0
sumo_coupled_00000694,44.4,gnb_2,5,257,226.65,288.338196975036,6.77876044608606,180.0,93.7216518676154,0.08896766978471471,,,,SUMO/TraCI,1
sumo_coupled_00000694,44.4,gnb_2,6,199,226.65,343.575881063062,5.39538543684525,180.0,112.94297301268728,0.5629024928883385,,,,SUMO/TraCI,2
sumo_coupled_00000694,44.4,gnb_2,7,143,226.65,356.283299246735,5.38191994363082,180.0,120.55440366891173,0.6327707402231275,,,,SUMO/TraCI,3
sumo_coupled_00000695,44.5,gnb_1,3,349,226.65,97.8858679088278,11.1798164526396,180.0,89.42738583982992,-0.24728590558131708,,,,SUMO/TraCI,0
sumo_coupled_00000696,44.5,gnb_2,4,307,226.65,204.210000282628,8.7697607036233,180.0,120.24286489085017,-0.6303076676206109,,,,SUMO/TraCI,0
sumo_coupled_00000696,44.5,gnb_2,5,258,226.65,287.659340917695,6.78856057341397,180.0,93.66369629313951,0.08177491622499626,,,,SUMO/TraCI,1
sumo_coupled_00000696,44.5,gnb_2,6,200,226.65,343.037768840756,5.38112222305324,180.0,112.64094637573223,0.5596345811094593,,,,SUMO/TraCI,2
sumo_coupled_00000696,44.5,gnb_2,7,144,226.65,355.746634711165,5.36664535570243,180.0,120.21553630902564,0.630090228241805,,,,SUMO/TraCI,3
sumo_coupled_00000697,44.6,gnb_1,3,350,226.65,96.7677200866892,11.1814782213862,180.0,89.71043044133957,-0.25896966271388117,,,,SUMO/TraCI,0
sumo_coupled_00000697,44.6,gnb_1,4,308,226.65,203.330134342952,8.79865939676017,180.0,120.21702786882742,0.6931641533666606,,,,SUMO/TraCI,1
sumo_coupled_00000698,44.6,gnb_2,5,259,226.65,286.979513095454,6.79827822240605,180.0,93.61055551084831,0.07455903938787313,,,,SUMO/TraCI,0
sumo_coupled_00000698,44.6,gnb_2,6,201,226.65,342.499970607321,5.37798233435489,180.0,112.34086000167521,0.5563422837103884,,,,SUMO/TraCI,1
sumo_coupled_00000698,44.6,gnb_2,7,145,226.65,355.21014629545,5.3648841571461,180.0,119.87822406835609,0.6273878920041742,,,,SUMO/TraCI,2
sumo_coupled_00000699,44.7,gnb_1,3,351,226.65,95.6486641943413,11.1905589234782,180.0,90.00672227961618,-0.27055018990702157,,,,SUMO/TraCI,0
sumo_coupled_00000699,44.7,gnb_1,4,309,226.65,202.450289699223,8.7984464372918,180.0,119.60883233058418,0.6893327866569292,,,,SUMO/TraCI,1
sumo_coupled_00000700,44.7,gnb_2,5,260,226.65,286.30140718679,6.78105908663687,180.0,93.56244028740234,0.06734975239458846,,,,SUMO/TraCI,0
sumo_coupled_00000700,44.7,gnb_2,6,202,226.65,341.960988654109,5.38981953211245,180.0,112.04189669491774,0.5530162419761995,,,,SUMO/TraCI,1
sumo_coupled_00000700,44.7,gnb_2,7,146,226.65,354.672146361791,5.37999933658471,180.0,119.54142354128437,0.6246549869468682,,,,SUMO/TraCI,2
sumo_coupled_00000701,44.8,gnb_1,3,352,226.65,94.5293209450628,11.1934324927861,180.0,90.31598967801669,-0.28201738303197565,,,,SUMO/TraCI,0
sumo_coupled_00000701,44.8,gnb_1,4,310,226.65,201.57307709862,8.77212600602955,180.0,119.00583770276735,0.6854544169703626,,,,SUMO/TraCI,1
sumo_coupled_00000702,44.8,gnb_2,5,261,226.65,285.62178409176,6.79623095030547,180.0,93.51912615275212,0.06011373633429263,,,,SUMO/TraCI,0
sumo_coupled_00000702,44.8,gnb_2,6,203,226.65,341.421153539903,5.39835114206246,180.0,111.74426429205366,0.5496582211984796,,,,SUMO/TraCI,1
sumo_coupled_00000702,44.8,gnb_2,7,147,226.65,354.134643885062,5.37502476729553,180.0,119.20640890474371,0.621901494778708,,,,SUMO/TraCI,2
sumo_coupled_00000703,44.9,gnb_1,3,353,226.65,93.4094266175512,11.1989432751155,180.0,90.63818782835078,-0.29337053199701674,,,,SUMO/TraCI,0
sumo_coupled_00000703,44.9,gnb_1,4,311,226.65,200.69579092792,8.77286170699447,180.0,118.40622100836838,0.6815164797989526,,,,SUMO/TraCI,1
sumo_coupled_00000704,44.9,gnb_2,5,262,226.65,284.943814392754,6.77969699005946,180.0,93.48082049677356,0.0528858686357448,,,,SUMO/TraCI,0
sumo_coupled_00000704,44.9,gnb_2,6,204,226.65,340.882764129695,5.38389410208212,180.0,111.44924166665322,0.5462824440905256,,,,SUMO/TraCI,1
sumo_coupled_00000704,44.9,gnb_2,7,148,226.65,353.597351810241,5.37292074820821,180.0,118.87301078663894,0.6191258328800835,,,,SUMO/TraCI,2
sumo_coupled_00000705,45,gnb_1,3,354,226.65,92.2920139304988,11.1741268705239,180.0,90.97227595277405,-0.3045761555299012,,,,SUMO/TraCI,0
sumo_coupled_00000705,45,gnb_1,4,312,226.65,199.817046805134,8.78744122786075,180.0,117.80909752940539,0.6775117412745776,,,,SUMO/TraCI,1
sumo_coupled_00000706,45,gnb_2,5,263,226.65,284.264317159296,6.7949723345777,180.0,93.4473482814524,0.04563336721393519,,,,SUMO/TraCI,0
sumo_coupled_00000706,45,gnb_2,6,205,226.65,340.343451623422,5.39312506272923,180.0,111.15554261406973,0.5428739782498614,,,,SUMO/TraCI,1
sumo_coupled_00000706,45,gnb_2,7,149,226.65,353.059792487311,5.37559322930067,180.0,118.54094557699858,0.6163253729054725,,,,SUMO/TraCI,2
sumo_coupled_00000707,45.1,gnb_1,3,355,226.65,91.1738505108707,11.1816341962805,180.0,91.31905274568736,-0.31566413166162255,,,,SUMO/TraCI,0
sumo_coupled_00000707,45.1,gnb_1,4,313,226.65,198.939066488233,8.77980316901207,180.0,117.21603438964173,0.6734493868460778,,,,SUMO/TraCI,1
sumo_coupled_00000708,45.1,gnb_2,5,264,226.65,283.585701107501,6.78616051795357,180.0,93.41884045754546,0.038383061595915764,,,,SUMO/TraCI,0
sumo_coupled_00000708,45.1,gnb_2,6,206,226.65,339.805220439611,5.38231183810858,180.0,110.86427238669121,0.539445388059845,,,,SUMO/TraCI,1
sumo_coupled_00000708,45.1,gnb_2,7,150,226.65,352.520778343251,5.39014144059952,180.0,118.20949958235565,0.6134936582886582,,,,SUMO/TraCI,2
sumo_coupled_00000709,45.2,gnb_1,3,356,226.65,90.0552171380152,11.1863337285549,180.0,91.67830997924983,-0.32662887076302355,,,,SUMO/TraCI,0
sumo_coupled_00000709,45.2,gnb_1,4,314,226.65,198.062180038851,8.76886449382454,180.0,116.62729720103262,0.6693302675470031,,,,SUMO/TraCI,1
sumo_coupled_00000710,45.2,gnb_2,5,265,226.65,282.907734210142,6.77966897359001,180.0,93.39527513871796,0.03113363289334714,,,,SUMO/TraCI,0
sumo_coupled_00000710,45.2,gnb_2,6,207,226.65,339.265456049454,5.39764390156895,180.0,110.57403303104105,0.5359798718096553,,,,SUMO/TraCI,1
sumo_coupled_00000710,45.2,gnb_2,7,151,226.65,351.984397294738,5.36381048513049,180.0,117.88119423337501,0.6106520871533341,,,,SUMO/TraCI,2
sumo_coupled_00000711,45.3,gnb_1,3,357,226.65,88.9369415673845,11.1827557063079,180.0,92.04963932133622,-0.33745986037139625,,,,SUMO/TraCI,0
sumo_coupled_00000711,45.3,gnb_1,4,315,226.65,197.183074163877,8.79105874973536,180.0,116.04072318538238,0.6651378244219674,,,,SUMO/TraCI,1
sumo_coupled_00000712,45.3,gnb_2,5,266,226.65,282.228863156787,6.78871053354279,180.0,93.3766048374628,0.02386961017341212,,,,SUMO/TraCI,0
sumo_coupled_00000712,45.3,gnb_2,6,208,226.65,338.72611297627,5.39343073184718,180.0,110.2858959491268,0.5324897845809716,,,,SUMO/TraCI,1
sumo_coupled_00000712,45.3,gnb_2,7,152,226.65,351.444668868427,5.39728426310516,180.0,117.55238495972417,0.6077687738356429,,,,SUMO/TraCI,2
sumo_coupled_00000713,45.4,gnb_1,3,358,226.65,87.8169746905928,11.1996687679167,180.0,92.43359572182587,-0.34817454690673677,,,,SUMO/TraCI,0
sumo_coupled_00000713,45.4,gnb_1,4,316,226.65,196.305577901415,8.77496262461692,180.0,115.45892654476273,0.6608893758581047,,,,SUMO/TraCI,1
sumo_coupled_00000714,45.4,gnb_2,5,267,226.65,281.550465929568,6.78397227219725,180.0,93.3628750874712,0.016606878570474572,,,,SUMO/TraCI,0
sumo_coupled_00000714,45.4,gnb_2,6,209,226.65,338.186721038807,5.39391937462671,180.0,109.99962275048011,0.5289720053931095,,,,SUMO/TraCI,1
sumo_coupled_00000714,45.4,gnb_2,7,153,226.65,350.907255218678,5.37413649749453,180.0,117.22653855952048,0.6048737435224674,,,,SUMO/TraCI,2
sumo_coupled_00000715,45.5,gnb_1,3,359,226.65,86.6986526487684,11.1832204182434,180.0,92.82888685860334,-0.3587390571854654,,,,SUMO/TraCI,0
sumo_coupled_00000715,45.5,gnb_1,4,317,226.65,195.427242151717,8.7833574969843,180.0,114.88033495169552,0.6565722687301737,,,,SUMO/TraCI,1
sumo_coupled_00000716,45.5,gnb_2,5,268,226.65,280.87205990695,6.78406022618106,180.0,93.35407322919181,0.009341423215771747,,,,SUMO/TraCI,0
sumo_coupled_00000716,45.5,gnb_2,6,210,226.65,337.648873974463,5.37847064344038,180.0,109.7160661458636,0.5254369391791799,,,,SUMO/TraCI,1
sumo_coupled_00000716,45.5,gnb_2,7,154,226.65,350.36805301376,5.39202204917995,180.0,116.901177859538,0.6019447733735444,,,,SUMO/TraCI,2
sumo_coupled_00000717,45.6,gnb_1,3,360,226.65,85.5792192979974,11.1943335077108,180.0,93.2363268481516,-0.3691777858008248,,,,SUMO/TraCI,0
sumo_coupled_00000717,45.6,gnb_1,4,318,226.65,194.550006465259,8.77235686457902,180.0,114.30628138457729,0.6521951861458912,,,,SUMO/TraCI,1
sumo_coupled_00000718,45.6,gnb_2,5,269,226.65,280.194309297416,6.77750609533465,180.0,93.3502022285065,0.0020815091213231625,,,,SUMO/TraCI,0
sumo_coupled_00000718,45.6,gnb_2,6,211,226.65,337.110408607136,5.38465367326979,180.0,109.43409556109115,0.5218703395346683,,,,SUMO/TraCI,1
sumo_coupled_00000718,45.6,gnb_2,7,155,226.65,349.831658011229,5.36395002531294,180.0,116.57908457608185,0.5990067452078462,,,,SUMO/TraCI,2
sumo_coupled_00000719,45.7,gnb_1,3,361,226.65,84.460175138104,11.1904415989341,180.0,93.65522757013748,-0.3794750787966488,,,,SUMO/TraCI,0
sumo_coupled_00000719,45.7,gnb_1,4,319,226.65,193.67222542934,8.77781035918743,180.0,113.73574328113168,0.647749100713548,,,,SUMO/TraCI,1
sumo_coupled_00000720,45.7,gnb_2,5,270,226.65,279.51489379793,6.79415499485866,180.0,93.35126045226859,-0.005196568313269512,,,,SUMO/TraCI,0
sumo_coupled_00000720,45.7,gnb_2,6,212,226.65,336.571492042986,5.38916564149491,180.0,109.15381904436339,0.5182731354547809,,,,SUMO/TraCI,1
sumo_coupled_00000720,45.7,gnb_2,7,156,226.65,349.293461983721,5.38196027507246,180.0,116.25750029004315,0.596034335942587,,,,SUMO/TraCI,2
sumo_coupled_00000721,45.8,gnb_1,3,362,226.65,83.3428478517768,11.1732728632714,180.0,94.08490475957333,-0.3896177845096162,,,,SUMO/TraCI,0
sumo_coupled_00000721,45.8,gnb_1,4,320,226.65,192.793895909265,8.78329520075023,180.0,113.16878448427777,0.6432329925694135,,,,SUMO/TraCI,1
sumo_coupled_00000722,45.8,gnb_2,5,271,226.65,278.836202055652,6.7869174227824,180.0,93.35725427440155,-0.012466068688430964,,,,SUMO/TraCI,0
sumo_coupled_00000722,45.8,gnb_2,6,213,226.65,336.033498381916,5.37993661070766,180.0,108.87596355907111,0.5146544430030673,,,,SUMO/TraCI,1
sumo_coupled_00000722,45.8,gnb_2,7,157,226.65,348.756225121185,5.37236862536186,180.0,115.93809120782986,0.5930425833726473,,,,SUMO/TraCI,2
sumo_coupled_00000723,45.9,gnb_1,3,363,226.65,82.2240601568121,11.1878769496467,180.0,94.52642028044939,-0.3996336657107175,,,,SUMO/TraCI,0
sumo_coupled_00000723,45.9,gnb_1,4,321,226.65,191.915504672729,8.78391236536205,180.0,112.60578276595439,0.6386484149060254,,,,SUMO/TraCI,1
sumo_coupled_00000724,45.9,gnb_2,5,272,226.65,278.158313307521,6.77888748130528,180.0,93.36816539845502,-0.019724996037134197,,,,SUMO/TraCI,0
sumo_coupled_00000724,45.9,gnb_2,6,214,226.65,335.495505329593,5.37993052322476,180.0,108.60006266935063,0.5110080414829732,,,,SUMO/TraCI,1
sumo_coupled_00000724,45.9,gnb_2,7,158,226.65,348.217524245505,5.38700875680563,180.0,115.61943225161616,0.5900178103023976,,,,SUMO/TraCI,2
sumo_coupled_00000725,46,gnb_1,3,364,226.65,81.1072146259098,11.1684553090227,180.0,94.97826727286113,-0.40949141830894753,,,,SUMO/TraCI,0
sumo_coupled_00000725,46,gnb_1,4,322,226.65,191.036779136129,8.787255366005,180.0,112.04662641077229,0.6339930206885681,,,,SUMO/TraCI,1
sumo_coupled_00000726,46,gnb_2,5,273,226.65,277.479105897878,6.79207409643172,180.0,93.38403186345143,-0.0269949160666794,,,,SUMO/TraCI,0
sumo_coupled_00000726,46,gnb_2,6,215,226.65,334.957632352635,5.37872976958402,180.0,108.32619191039346,0.5073346656374251,,,,SUMO/TraCI,1
sumo_coupled_00000726,46,gnb_2,7,159,226.65,347.678987855873,5.38536389632021,180.0,115.3025060317225,0.5869689236177823,,,,SUMO/TraCI,2
sumo_coupled_00000727,46.1,gnb_1,3,365,226.65,79.9902345404247,11.1698008548515,180.0,95.44110137739519,-0.41920896639035904,,,,SUMO/TraCI,0
sumo_coupled_00000727,46.1,gnb_1,4,323,226.65,190.159264787316,8.77514348812401,180.0,111.49235370865897,0.6292742278152044,,,,SUMO/TraCI,1
sumo_coupled_00000728,46.1,gnb_2,5,274,226.65,276.799909727673,6.79196170205669,180.0,93.40483433822385,-0.03426043517982461,,,,SUMO/TraCI,0
sumo_coupled_00000728,46.1,gnb_2,6,216,226.65,334.418090056821,5.39542295814143,180.0,108.05346373639429,0.5036218939688836,,,,SUMO/TraCI,1
sumo_coupled_00000728,46.1,gnb_2,7,160,226.65,347.141476964378,5.37510891494687,180.0,114.98782730775505,0.5839007357246572,,,,SUMO/TraCI,2
sumo_coupled_00000729,46.2,gnb_1,3,366,226.65,78.8707249485926,11.1950959183206,180.0,95.91579518647762,-0.4288060686088737,,,,SUMO/TraCI,0
sumo_coupled_00000729,46.2,gnb_1,4,324,226.65,189.279530464242,8.79734323074669,180.0,110.94086641696032,0.6244725924878006,,,,SUMO/TraCI,1
sumo_coupled_00000730,46.2,gnb_2,5,275,226.65,276.122318280066,6.77591447606333,180.0,93.43050313212012,-0.04150338048004056,,,,SUMO/TraCI,0
sumo_coupled_00000730,46.2,gnb_2,6,217,226.65,333.87895296741,5.39137089410971,180.0,107.78294889668021,0.49988382688488026,,,,SUMO/TraCI,1
sumo_coupled_00000730,46.2,gnb_2,7,161,226.65,346.60164364054,5.39833323838265,180.0,114.67345567140408,0.5807939008255448,,,,SUMO/TraCI,2
sumo_coupled_00000731,46.3,gnb_1,3,367,226.65,77.753779424359,11.1694552423363,180.0,96.40002932014966,-0.4382386693611788,,,,SUMO/TraCI,0
sumo_coupled_00000731,46.3,gnb_1,4,325,226.65,188.400570275245,8.78960188996792,180.0,110.39411448976223,0.6196034144699658,,,,SUMO/TraCI,1
sumo_coupled_00000732,46.3,gnb_2,5,276,226.65,275.443682367733,6.78635912333755,180.0,93.46112844582022,-0.0487509375077609,,,,SUMO/TraCI,0
sumo_coupled_00000732,46.3,gnb_2,6,218,226.65,333.339488312165,5.3946465524513,180.0,107.51429446079987,0.496115317313576,,,,SUMO/TraCI,1
sumo_coupled_00000732,46.3,gnb_2,7,162,226.65,346.061119553074,5.40524087465255,180.0,114.36036908214983,0.5776574532180769,,,,SUMO/TraCI,2
sumo_coupled_00000733,46.4,gnb_1,3,368,226.65,76.6355837734656,11.181956508935,180.0,96.89527901125071,-0.4475389995161609,,,,SUMO/TraCI,0
sumo_coupled_00000733,46.4,gnb_1,4,326,226.65,187.521518984751,8.79051290493459,180.0,109.85161822207304,0.6146611226814277,,,,SUMO/TraCI,1
sumo_coupled_00000734,46.4,gnb_2,5,277,226.65,274.764962413799,6.78719953933079,180.0,93.49667437149267,-0.055991698329295306,,,,SUMO/TraCI,0
sumo_coupled_00000734,46.4,gnb_2,6,219,226.65,332.80063061046,5.38857701704314,180.0,107.24797943486976,0.4923228473737831,,,,SUMO/TraCI,1
sumo_coupled_00000734,46.4,gnb_2,7,163,226.65,345.522843803321,5.38275749753214,180.0,114.0502764576851,0.5745084171508453,,,,SUMO/TraCI,2
sumo_coupled_00000735,46.5,gnb_1,3,369,226.65,75.5178912067225,11.17692566743,180.0,97.4006185950427,-0.4566922616602505,,,,SUMO/TraCI,0
sumo_coupled_00000735,46.5,gnb_1,4,327,226.65,186.644236928457,8.77282056294382,180.0,109.31457732515052,0.6096555332252456,,,,SUMO/TraCI,1
sumo_coupled_00000736,46.5,gnb_2,5,278,226.65,274.08740105068,6.77561363119166,180.0,93.53705857218036,-0.0632112987042177,,,,SUMO/TraCI,0
sumo_coupled_00000736,46.5,gnb_2,6,220,226.65,332.261457334731,5.39173275729292,180.0,106.98356146039404,0.4884998837328715,,,,SUMO/TraCI,1
sumo_coupled_00000736,46.5,gnb_2,7,164,226.65,344.984773002813,5.38070800508048,180.0,113.74200289350952,0.5713348749771419,,,,SUMO/TraCI,2
sumo_coupled_00000737,46.6,gnb_1,3,370,226.65,74.4012089428779,11.1668226384465,180.0,97.91563841323345,-0.4656946714137887,,,,SUMO/TraCI,0
sumo_coupled_00000737,46.6,gnb_1,4,328,226.65,185.765777824314,8.78459104143083,180.0,108.78124853501652,0.6045690659925097,,,,SUMO/TraCI,1
sumo_coupled_00000738,46.6,gnb_2,5,279,226.65,273.407572545077,6.7982850560355,180.0,93.58249088236764,-0.07044509493992425,,,,SUMO/TraCI,0
sumo_coupled_00000738,46.6,gnb_2,6,221,226.65,331.722536836719,5.38920498012391,180.0,106.72133487183221,0.48465039252775033,,,,SUMO/TraCI,1
sumo_coupled_00000738,46.6,gnb_2,7,165,226.65,344.445251347097,5.39521655716071,180.0,113.43461958851233,0.5681268344785231,,,,SUMO/TraCI,2
sumo_coupled_00000739,46.7,gnb_1,3,371,226.65,73.2831839809044,11.1802496197354,180.0,98.44126877972484,-0.4745653585960027,,,,SUMO/TraCI,0
sumo_coupled_00000739,46.7,gnb_1,4,329,226.65,184.886706181405,8.79071642909199,180.0,108.25205374066574,0.5994039275859927,,,,SUMO/TraCI,1
sumo_coupled_00000740,46.7,gnb_2,5,280,226.65,272.728678693256,6.78893851821194,180.0,93.6327646368829,-0.07765787259345518,,,,SUMO/TraCI,0
sumo_coupled_00000740,46.7,gnb_2,6,222,226.65,331.183301556334,5.39235280384426,180.0,106.46103915614681,0.48077026076425267,,,,SUMO/TraCI,1
sumo_coupled_00000740,46.7,gnb_2,7,166,226.65,343.908273914765,5.36977432332549,180.0,113.13041136124554,0.5649079955229237,,,,SUMO/TraCI,2
sumo_coupled_00000741,46.8,gnb_1,3,372,226.65,72.1642126368456,11.1897134405875,180.0,98.97719460892455,-0.48330110337195953,,,,SUMO/TraCI,0
sumo_coupled_00000741,46.8,gnb_1,4,330,226.65,184.007035271532,8.79670909872651,180.0,107.72707674605834,0.5941592142374176,,,,SUMO/TraCI,1
sumo_coupled_00000742,46.8,gnb_2,5,281,226.65,272.050920930271,6.7775776298428,180.0,93.68783463212715,-0.08484643818422863,,,,SUMO/TraCI,0
sumo_coupled_00000742,46.8,gnb_2,6,223,226.65,330.644047347693,5.39254208640719,180.0,106.20283438663664,0.47686154178636003,,,,SUMO/TraCI,1
sumo_coupled_00000742,46.8,gnb_2,7,167,226.65,343.369019687396,5.3925422736839,180.0,112.82665977570011,0.5616493461153056,,,,SUMO/TraCI,2
sumo_coupled_00000743,46.9,gnb_1,3,373,226.65,71.0472812165997,11.1693142024591,180.0,99.52181256531993,-0.4918792928059944,,,,SUMO/TraCI,0
sumo_coupled_00000743,46.9,gnb_1,4,331,226.65,183.129582031999,8.7745323953256,180.0,107.20805299759385,0.5888511195461769,,,,SUMO/TraCI,1
sumo_coupled_00000744,46.9,gnb_2,5,282,226.65,271.37282582398,6.78095106291305,180.0,93.74780335700343,-0.09202534744378625,,,,SUMO/TraCI,0
sumo_coupled_00000744,46.9,gnb_2,6,224,226.65,330.106211847248,5.37835500445159,180.0,105.94741604060617,0.4729347229010657,,,,SUMO/TraCI,1
sumo_coupled_00000744,46.9,gnb_2,7,168,226.65,342.830487965716,5.38531721679897,180.0,112.52507595202937,0.5583687674425679,,,,SUMO/TraCI,2
sumo_coupled_00000745,47,gnb_1,3,374,226.65,69.9281168553627,11.1916436123697,180.0,100.07705022456554,-0.5003333234970423,,,,SUMO/TraCI,0
sumo_coupled_00000745,47,gnb_1,4,332,226.65,182.251960983204,8.77621048795432,180.0,106.69362280030776,0.5834646846673991,,,,SUMO/TraCI,1
sumo_coupled_00000746,47,gnb_2,5,283,226.65,270.693847966228,6.78977857751958,180.0,93.81272283478226,-0.09919925307105153,,,,SUMO/TraCI,0
sumo_coupled_00000746,47,gnb_2,6,225,226.65,329.568336272326,5.37875574921956,180.0,105.69409851456413,0.46897922371224665,,,,SUMO/TraCI,1
sumo_coupled_00000746,47,gnb_2,7,169,226.65,342.290988584699,5.39499381017363,180.0,112.22472882060842,0.555055817370442,,,,SUMO/TraCI,2
sumo_coupled_00000747,47.1,gnb_1,3,375,226.65,68.8104561897874,11.176606655753,180.0,100.64090567705398,-0.5086355638975908,,,,SUMO/TraCI,0
sumo_coupled_00000747,47.1,gnb_1,4,333,226.65,181.374411402756,8.77549580448121,180.0,106.1839953808235,0.578000584576233,,,,SUMO/TraCI,1
sumo_coupled_00000748,47.1,gnb_2,5,284,226.65,270.015258611745,6.78589354483038,180.0,93.88246673682116,-0.10635363274214982,,,,SUMO/TraCI,0
sumo_coupled_00000748,47.1,gnb_2,6,226,226.65,329.028531433914,5.39804838412616,180.0,105.44201911271564,0.4649809615415593,,,,SUMO/TraCI,1
sumo_coupled_00000748,47.1,gnb_2,7,170,226.65,341.751774510931,5.39214073767492,180.0,111.92633360942753,0.5517180141575696,,,,SUMO/TraCI,2
sumo_coupled_00000749,47.2,gnb_1,3,376,226.65,67.6933031454793,11.1715304430807,180.0,101.21369984261382,-0.5167946328990742,,,,SUMO/TraCI,0
sumo_coupled_00000749,47.2,gnb_1,4,334,226.65,180.497329448341,8.77081954415143,180.0,105.67946522565823,0.5724605941103179,,,,SUMO/TraCI,1
sumo_coupled_00000750,47.2,gnb_2,5,285,226.65,269.337504053319,6.77754558426375,180.0,93.95696525438116,-0.11348276221792757,,,,SUMO/TraCI,0
sumo_coupled_00000750,47.2,gnb_2,6,227,226.65,328.489738885059,5.38792548855068,180.0,105.19257234777179,0.460961623076861,,,,SUMO/TraCI,1
sumo_coupled_00000750,47.2,gnb_2,7,171,226.65,341.212439050516,5.39335460415758,180.0,111.62967882473343,0.5483527292649827,,,,SUMO/TraCI,2
sumo_coupled_00000751,47.3,gnb_1,3,377,226.65,66.5762880950417,11.1701505043765,180.0,101.79545910159246,-0.5248142930584078,,,,SUMO/TraCI,0
sumo_coupled_00000751,47.3,gnb_1,4,335,226.65,179.618039743689,8.79289704652131,180.0,105.17857749028593,0.5668268307697467,,,,SUMO/TraCI,1
sumo_coupled_00000752,47.3,gnb_2,5,286,226.65,268.658798129036,6.78705924282386,180.0,94.0364044393338,-0.12060437591784613,,,,SUMO/TraCI,0
sumo_coupled_00000752,47.3,gnb_2,6,228,226.65,327.950516790095,5.39222094963945,180.0,104.94510260339536,0.4569104760543976,,,,SUMO/TraCI,1
sumo_coupled_00000752,47.3,gnb_2,7,172,226.65,340.673096878147,5.3934217236858,180.0,111.33484263600957,0.5449605482131721,,,,SUMO/TraCI,2
sumo_coupled_00000753,47.4,gnb_1,3,378,226.65,65.4566283434519,11.1965975158976,180.0,102.38750847473698,-0.5327150984439288,,,,SUMO/TraCI,0
sumo_coupled_00000753,47.4,gnb_1,4,336,226.65,178.739547800954,8.78491942734271,180.0,104.68312650977025,0.5611176295491304,,,,SUMO/TraCI,1
sumo_coupled_00000754,47.4,gnb_2,5,287,226.65,267.978809021482,6.79989107553801,180.0,94.12083474205912,-0.12772082835285545,,,,SUMO/TraCI,0
sumo_coupled_00000754,47.4,gnb_2,6,229,226.65,327.411902188257,5.38614601837588,180.0,104.70010013896284,0.4528353088997022,,,,SUMO/TraCI,1
sumo_coupled_00000754,47.4,gnb_2,7,173,226.65,340.134614357411,5.38482520735776,180.0,111.0423088012607,0.5415468662943388,,,,SUMO/TraCI,2
sumo_coupled_00000755,47.5,gnb_1,3,379,226.65,64.339868634014,11.1675970943796,180.0,102.9867599435909,-0.5404590978148338,,,,SUMO/TraCI,0
sumo_coupled_00000755,47.5,gnb_1,4,337,226.65,177.861168376079,8.7837942487523,180.0,104.19278912595135,0.5553279537044996,,,,SUMO/TraCI,1
sumo_coupled_00000756,47.5,gnb_2,5,288,226.65,267.299781356375,6.79027665107907,180.0,94.209967909961,-0.13480758910525226,,,,SUMO/TraCI,0
sumo_coupled_00000756,47.5,gnb_2,6,230,226.65,326.873643530985,5.38258657271799,180.0,104.4574600393378,0.4487342839212518,,,,SUMO/TraCI,1
sumo_coupled_00000756,47.5,gnb_2,7,174,226.65,339.597152444225,5.37461913186619,180.0,110.75216963771045,0.5381127307860208,,,,SUMO/TraCI,2
sumo_coupled_00000757,47.6,gnb_1,3,380,226.65,63.2211284929123,11.1874014110165,180.0,103.59566955050957,-0.5480815149266866,,,,SUMO/TraCI,0
sumo_coupled_00000757,47.6,gnb_1,4,338,226.65,176.981921854181,8.79246521898359,180.0,103.70709675907426,0.549450554830956,,,,SUMO/TraCI,1
sumo_coupled_00000758,47.6,gnb_2,5,289,226.65,266.620374583166,6.7940677320864,180.0,94.30396002445916,-0.1418776625431616,,,,SUMO/TraCI,0
sumo_coupled_00000758,47.6,gnb_2,6,231,226.65,326.334051641512,5.3959188947326,180.0,104.21644228008506,0.4445944481292861,,,,SUMO/TraCI,1
sumo_coupled_00000758,47.6,gnb_2,7,175,226.65,339.058227365842,5.38925078382461,180.0,110.46310116774511,0.5346421270226555,,,,SUMO/TraCI,2
sumo_coupled_00000759,47.7,gnb_1,3,381,226.65,62.1026537320814,11.1847476083087,180.0,104.21288406366685,-0.5555680258551076,,,,SUMO/TraCI,0
sumo_coupled_00000759,47.7,gnb_1,4,339,226.65,176.10301467476,8.78907179420441,180.0,103.22679281851363,0.5434927613550538,,,,SUMO/TraCI,1
sumo_coupled_00000760,47.7,gnb_2,5,290,226.65,265.942502612466,6.77871970699402,180.0,94.40251973756062,-0.1489101925098387,,,,SUMO/TraCI,0
sumo_coupled_00000760,47.7,gnb_2,6,232,226.65,325.796223883087,5.37827758424857,180.0,103.97844306369387,0.44043960011051236,,,,SUMO/TraCI,1
sumo_coupled_00000760,47.7,gnb_2,7,176,226.65,338.517908273371,5.40319092471494,180.0,110.17517001888702,0.5311351755875616,,,,SUMO/TraCI,2
sumo_coupled_00000761,47.8,gnb_1,3,382,226.65,60.9858022585552,11.1685147352621,180.0,104.83748392186045,-0.562911236838061,,,,SUMO/TraCI,0
sumo_coupled_00000761,47.8,gnb_1,4,340,226.65,175.224681887268,8.78332787492126,180.0,102.75207048789794,0.5374556602610973,,,,SUMO/TraCI,1
sumo_coupled_00000762,47.8,gnb_2,5,291,226.65,265.264892555551,6.776100569156,180.0,94.50579818931458,-0.15591749635225075,,,,SUMO/TraCI,0
sumo_coupled_00000762,47.8,gnb_2,6,233,226.65,325.257174349823,5.39049533264246,180.0,103.74215310147692,0.43624672321533586,,,,SUMO/TraCI,1
sumo_coupled_00000762,47.8,gnb_2,7,177,226.65,337.980276460263,5.3763181310735,180.0,109.89055900489598,0.5276183594414128,,,,SUMO/TraCI,2
sumo_coupled_00000763,47.9,gnb_1,3,383,226.65,59.8668644949916,11.1893776356359,180.0,105.47140126908195,-0.5701368786368435,,,,SUMO/TraCI,0
sumo_coupled_00000763,47.9,gnb_1,4,341,226.65,174.34473668207,8.79945205198228,180.0,102.28183076697212,0.5313234645348026,,,,SUMO/TraCI,1
sumo_coupled_00000764,47.9,gnb_2,5,292,226.65,264.587333524532,6.77559031019313,180.0,94.61380865330395,-0.16290081431924003,,,,SUMO/TraCI,0
sumo_coupled_00000764,47.9,gnb_2,6,234,226.65,324.718333875679,5.38840474143508,180.0,103.50822133829128,0.43202687958020314,,,,SUMO/TraCI,1
sumo_coupled_00000764,47.9,gnb_2,7,178,226.65,337.440555512849,5.39720947414412,180.0,109.60675124108317,0.5240603782380784,,,,SUMO/TraCI,2
sumo_coupled_00000765,48,gnb_1,3,384,226.65,58.7472901233103,11.1957437168132,180.0,106.11369830157614,-0.5772365948702393,,,,SUMO/TraCI,0
sumo_coupled_00000765,48,gnb_1,4,342,226.65,173.465801575515,8.78935106554627,180.0,101.81755466574683,0.5251137856437031,,,,SUMO/TraCI,1
sumo_coupled_00000766,48,gnb_2,5,293,226.65,263.908663932805,6.78669591726991,180.0,94.72673116088937,-0.16987112159359283,,,,SUMO/TraCI,0
sumo_coupled_00000766,48,gnb_2,6,235,226.65,324.180299692726,5.38034182953648,180.0,103.2769160119486,0.42778484678623224,,,,SUMO/TraCI,1
sumo_coupled_00000766,48,gnb_2,7,179,226.65,336.902092031553,5.38463481295915,180.0,109.3255257365238,0.5204831318962777,,,,SUMO/TraCI,2
sumo_coupled_00000767,48.1,gnb_1,3,385,226.65,57.6280737073862,11.1921641592402,180.0,106.76366277648613,-0.584205568360762,,,,SUMO/TraCI,0
sumo_coupled_00000767,48.1,gnb_1,4,343,226.65,172.588543166932,8.77258408583701,180.0,101.35964370705074,0.5188311762314715,,,,SUMO/TraCI,1
sumo_coupled_00000768,48.1,gnb_2,5,294,226.65,263.230200212363,6.78463720441842,180.0,94.84433923496663,-0.17681392398223814,,,,SUMO/TraCI,0
sumo_coupled_00000768,48.1,gnb_2,6,236,226.65,323.641826637195,5.38473055530223,180.0,103.04771483264915,0.42351086298293833,,,,SUMO/TraCI,1
sumo_coupled_00000768,48.1,gnb_2,7,180,226.65,336.363497538767,5.38594492786315,180.0,109.046166162789,0.5168773880103682,,,,SUMO/TraCI,2
sumo_coupled_00000769,48.2,gnb_1,3,386,226.65,56.5083788433653,11.1969486402092,180.0,107.42163868186718,-0.5910505735689555,,,,SUMO/TraCI,0
sumo_coupled_00000769,48.2,gnb_1,4,344,226.65,171.709371460231,8.7917170670107,180.0,100.90630107586024,0.5124493803549144,,,,SUMO/TraCI,1
sumo_coupled_00000770,48.2,gnb_2,5,295,226.65,262.552841512524,6.77358699838771,180.0,94.96644586003576,-0.1837191897566651,,,,SUMO/TraCI,0
sumo_coupled_00000770,48.2,gnb_2,6,237,226.65,323.102986152543,5.38840484652843,180.0,102.8206687162961,0.4192054641413899,,,,SUMO/TraCI,1
sumo_coupled_00000770,48.2,gnb_2,7,181,226.65,335.825031241906,5.38466296861203,180.0,108.76882187998443,0.5132447908970033,,,,SUMO/TraCI,2
sumo_coupled_00000771,48.3,gnb_1,3,387,226.65,55.3905786801704,11.1780016319489,180.0,108.08607599169864,-0.5977589687388764,,,,SUMO/TraCI,0
sumo_coupled_00000771,48.3,gnb_1,4,345,226.65,170.831732080313,8.7763937991783,180.0,100.45938227106875,0.5059928792231088,,,,SUMO/TraCI,1
sumo_coupled_00000772,48.3,gnb_2,5,296,226.65,261.875281773769,6.77559738754737,180.0,95.09325901860903,-0.19059940119082586,,,,SUMO/TraCI,0
sumo_coupled_00000772,48.3,gnb_2,6,238,226.65,322.563561490932,5.39424661610217,180.0,102.59570783805893,0.41486688271712086,,,,SUMO/TraCI,1
sumo_coupled_00000772,48.3,gnb_2,7,182,226.65,335.285210219179,5.398210227266,180.0,108.49275076694671,0.5095751543615774,,,,SUMO/TraCI,2
sumo_coupled_00000773,48.4,gnb_1,3,388,226.65,54.2732442161288,11.1733446404163,180.0,108.7576614582745,-0.6043413852649603,,,,SUMO/TraCI,0
sumo_coupled_00000773,48.4,gnb_1,4,346,226.65,169.951905177089,8.79826903223992,180.0,100.01707519629282,0.4994337724738874,,,,SUMO/TraCI,1
sumo_coupled_00000774,48.4,gnb_2,5,297,226.65,261.195833303925,6.79448469844274,180.0,95.22509745405239,-0.19747070046474166,,,,SUMO/TraCI,0
sumo_coupled_00000774,48.4,gnb_2,6,239,226.65,322.024951103884,5.38610387048917,180.0,102.37342924452537,0.4105064313466024,,,,SUMO/TraCI,1
sumo_coupled_00000774,48.4,gnb_2,7,183,226.65,334.744895070239,5.40315148939952,180.0,108.21841819326079,0.5058741015089815,,,,SUMO/TraCI,2
sumo_coupled_00000775,48.5,gnb_1,3,389,226.65,53.1561633149063,11.1708090122254,180.0,109.43637879052595,-0.6108008819721698,,,,SUMO/TraCI,0
sumo_coupled_00000775,48.5,gnb_1,4,347,226.65,169.071984968097,8.79920208992064,180.0,99.58053127348307,0.49278693676907714,,,,SUMO/TraCI,1
sumo_coupled_00000776,48.5,gnb_2,5,298,226.65,260.518272356611,6.77560947313486,180.0,95.36120915745136,-0.20429405012286078,,,,SUMO/TraCI,0
sumo_coupled_00000776,48.5,gnb_2,6,240,226.65,321.48571434621,5.39236757673381,180.0,102.15325249259239,0.40611251559727196,,,,SUMO/TraCI,1
sumo_coupled_00000776,48.5,gnb_2,7,184,226.65,334.205776069039,5.39119001199994,180.0,107.94669360034517,0.5021531856244431,,,,SUMO/TraCI,2
sumo_coupled_00000777,48.6,gnb_1,3,390,226.65,52.0384584645235,11.1770485038275,180.0,110.12262995351273,-0.6171441924713008,,,,SUMO/TraCI,0
sumo_coupled_00000777,48.6,gnb_1,4,348,226.65,168.193933554107,8.78051413989812,180.0,99.15078280789155,0.48606710092732797,,,,SUMO/TraCI,1
sumo_coupled_00000778,48.6,gnb_2,5,299,226.65,259.838581156865,6.79691199746891,180.0,95.50238379102544,-0.2111090639083042,,,,SUMO/TraCI,0
sumo_coupled_00000778,48.6,gnb_2,6,241,226.65,320.947309234617,5.38405111593136,180.0,101.9357868148147,0.40169709298467887,,,,SUMO/TraCI,1
sumo_coupled_00000778,48.6,gnb_2,7,185,226.65,333.665601320853,5.40174748185877,180.0,107.67645641052987,0.49839680009756476,,,,SUMO/TraCI,2
sumo_coupled_00000779,48.7,gnb_1,3,391,226.65,50.9196618143393,11.187966501842,180.0,110.81658550887252,-0.6233754439233268,,,,SUMO/TraCI,0
sumo_coupled_00000779,48.7,gnb_1,4,349,226.65,167.314461614878,8.79471939228475,180.0,98.72629223213929,0.4792488459267318,,,,SUMO/TraCI,1
sumo_coupled_00000780,48.7,gnb_2,5,300,226.65,259.160146916746,6.78434240118065,180.0,95.64790628409808,-0.21788091232603107,,,,SUMO/TraCI,0
sumo_coupled_00000780,48.7,gnb_2,6,242,226.65,320.407584280243,5.39724954373785,180.0,101.7201817112265,0.3972425491232026,,,,SUMO/TraCI,1
sumo_coupled_00000780,48.7,gnb_2,7,186,226.65,333.128642439142,5.36958881711235,180.0,107.40984660368062,0.49463474829431014,,,,SUMO/TraCI,2
sumo_coupled_00000781,48.8,gnb_1,3,392,226.65,49.8027274365921,11.1693437774724,180.0,111.51627493483352,-0.6294800701012376,,,,SUMO/TraCI,0
sumo_coupled_00000781,48.8,gnb_1,4,350,226.65,166.436486531281,8.7797508359775,180.0,98.30854378623377,0.47235453545374895,,,,SUMO/TraCI,1
sumo_coupled_00000782,48.8,gnb_2,5,301,226.65,258.482418731033,6.77728185713105,180.0,95.79785385731039,-0.22461443970359843,,,,SUMO/TraCI,0
sumo_coupled_00000782,48.8,gnb_2,6,243,226.65,319.869701897367,5.37882382876065,180.0,101.50771216703147,0.3927751009870187,,,,SUMO/TraCI,1
sumo_coupled_00000782,48.8,gnb_2,7,187,226.65,332.590889324601,5.37753114540622,180.0,107.14487453888044,0.4908390583398084,,,,SUMO/TraCI,2
sumo_coupled_00000783,48.9,gnb_1,3,393,226.65,48.6852856689477,11.1744176764437,180.0,112.22304121756636,-0.6354730147866403,,,,SUMO/TraCI,0
sumo_coupled_00000783,48.9,gnb_1,4,351,226.65,165.558000095279,8.78486436001212,180.0,97.89664893489176,0.46536833069309974,,,,SUMO/TraCI,1
sumo_coupled_00000784,48.9,gnb_2,5,302,226.65,257.804616369605,6.77802361428505,180.0,95.95237128127894,-0.23131667653455354,,,,SUMO/TraCI,0
sumo_coupled_00000784,48.9,gnb_2,6,244,226.65,319.330487609599,5.3921428776806,180.0,101.29713596942818,0.38826850565122667,,,,SUMO/TraCI,1
sumo_coupled_00000784,48.9,gnb_2,7,188,226.65,332.052332576036,5.38556748565113,180.0,106.88155980619977,0.4870094773169343,,,,SUMO/TraCI,2
sumo_coupled_00000785,49,gnb_1,3,394,226.65,47.5665258850446,11.1875978390314,180.0,112.93728645740482,-0.6413601423146841,,,,SUMO/TraCI,0
sumo_coupled_00000785,49,gnb_1,4,352,226.65,164.679385413974,8.78614681305736,180.0,97.4908712699319,0.4582930158687995,,,,SUMO/TraCI,1
sumo_coupled_00000786,49,gnb_2,5,303,226.65,257.124722303222,6.79894066382525,180.0,96.11191825005216,-0.23800667090281089,,,,SUMO/TraCI,0
sumo_coupled_00000786,49,gnb_2,6,245,226.65,318.791531409732,5.38956199867185,180.0,101.08909639081864,0.38373605853356113,,,,SUMO/TraCI,1
sumo_coupled_00000786,49,gnb_2,7,189,226.65,331.514203061438,5.38129514598402,180.0,106.62052155685166,0.4831546714388363,,,,SUMO/TraCI,2
sumo_coupled_00000787,49.1,gnb_1,3,395,226.65,46.4483824474077,11.181434376369,180.0,113.6576567794832,-0.6471329749063539,,,,SUMO/TraCI,0
sumo_coupled_00000787,49.1,gnb_1,4,353,226.65,163.799947566714,8.79437847259641,180.0,97.09097747394912,0.4511227377277784,,,,SUMO/TraCI,1
sumo_coupled_00000788,49.1,gnb_2,5,304,226.65,256.44684122156,6.77881081662606,180.0,96.2755098061932,-0.2446433036382099,,,,SUMO/TraCI,0
sumo_coupled_00000788,49.1,gnb_2,6,246,226.65,318.252671220539,5.38860189192812,180.0,100.88354353167148,0.3791765225666358,,,,SUMO/TraCI,1
sumo_coupled_00000788,49.1,gnb_2,7,190,226.65,330.977100750425,5.37102311013183,180.0,106.36205761886605,0.47927900128723055,,,,SUMO/TraCI,2
sumo_coupled_00000789,49.2,gnb_1,3,396,226.65,45.3301956267425,11.1818682066526,180.0,114.38444905292216,-0.6527968180247131,,,,SUMO/TraCI,0
sumo_coupled_00000789,49.2,gnb_1,4,354,226.65,162.921020659166,8.78926907548308,180.0,96.69765516507914,0.4438682673937917,,,,SUMO/TraCI,1
sumo_coupled_00000790,49.2,gnb_2,5,305,226.65,255.768668843579,6.78172377980407,180.0,96.44366184261223,-0.2512485599723955,,,,SUMO/TraCI,0
sumo_coupled_00000790,49.2,gnb_2,6,247,226.65,317.713347217411,5.39324003128102,180.0,100.68028137793915,0.3745852385517337,,,,SUMO/TraCI,1
sumo_coupled_00000790,49.2,gnb_2,7,191,226.65,330.437728603805,5.39372146619955,180.0,106.10460389026994,0.47535853068134654,,,,SUMO/TraCI,2
sumo_coupled_00000791,49.3,gnb_1,3,397,226.65,44.2121144398241,11.1808118691831,180.0,115.11744480174289,-0.6583527430677342,,,,SUMO/TraCI,0
sumo_coupled_00000791,49.3,gnb_1,4,355,226.65,162.041852279408,8.79168379757553,180.0,96.31064241860068,0.4365234331703344,,,,SUMO/TraCI,1
sumo_coupled_00000792,49.3,gnb_2,5,306,226.65,255.089389770437,6.79279073142516,180.0,96.61656691276713,-0.25782959409077544,,,,SUMO/TraCI,0
sumo_coupled_00000792,49.3,gnb_2,6,248,226.65,317.174680118173,5.3866709923785,180.0,100.47974592866208,0.3699718761686163,,,,SUMO/TraCI,1
sumo_coupled_00000792,49.3,gnb_2,7,192,226.65,329.897260105061,5.40468498743425,180.0,105.84875561853389,0.47140148047544994,,,,SUMO/TraCI,2
sumo_coupled_00000793,49.4,gnb_1,3,398,226.65,43.0945875429653,11.1752689685882,180.0,115.85622540539903,-0.6638004318536241,,,,SUMO/TraCI,0
sumo_coupled_00000793,49.4,gnb_1,4,356,226.65,161.163301975031,8.78550304377079,180.0,95.93039106293476,0.4290955297787327,,,,SUMO/TraCI,1
sumo_coupled_00000794,49.4,gnb_2,5,307,226.65,254.409404108967,6.7998566146947,180.0,96.7941170632707,-0.26438172760339734,,,,SUMO/TraCI,0
sumo_coupled_00000794,49.4,gnb_2,6,249,226.65,316.636916187382,5.37763930791174,180.0,100.28203292575022,0.3653387862061822,,,,SUMO/TraCI,1
sumo_coupled_00000794,49.4,gnb_2,7,193,226.65,329.35773192964,5.39528175421152,180.0,105.5954932809076,0.4674227128078034,,,,SUMO/TraCI,2
sumo_coupled_00000795,49.5,gnb_1,3,399,226.65,41.9774980653606,11.1708947760472,180.0,116.60074317147729,-0.6691424069218553,,,,SUMO/TraCI,0
sumo_coupled_00000795,49.5,gnb_1,4,357,226.65,160.284774301138,8.78527673892677,180.0,95.55671373845811,0.4215797375723776,,,,SUMO/TraCI,1
sumo_coupled_00000796,49.5,gnb_2,5,308,226.65,253.729494936104,6.79909172863653,180.0,96.97608950825035,-0.2708967251320337,,,,SUMO/TraCI,0
sumo_coupled_00000796,49.5,gnb_2,6,250,226.65,316.097796144661,5.39120042720635,180.0,100.08632966844924,0.36066659916734173,,,,SUMO/TraCI,1
sumo_coupled_00000796,49.5,gnb_2,7,194,226.65,328.819356712452,5.38375217188123,180.0,105.34491962034825,0.46342393053591696,,,,SUMO/TraCI,2
sumo_coupled_00000797,49.6,gnb_1,3,400,226.65,40.8578576567231,11.1964040863747,180.0,117.35289171845534,-0.6743944796277289,,,,SUMO/TraCI,0
sumo_coupled_00000797,49.6,gnb_1,4,358,226.65,159.407261875047,8.77512426091731,180.0,95.19009816408708,0.4139848853513885,,,,SUMO/TraCI,1
sumo_coupled_00000798,49.6,gnb_2,5,309,226.65,253.051968662655,6.775262734483,180.0,97.16181808178831,-0.27735206966445225,,,,SUMO/TraCI,0
sumo_coupled_00000798,49.6,gnb_2,6,251,226.65,315.558952901314,5.38843243347772,180.0,99.89325118063715,0.35596952227546064,,,,SUMO/TraCI,1
sumo_coupled_00000798,49.6,gnb_2,7,195,226.65,328.28079925721,5.38557455242355,180.0,105.09642275983997,0.45939526759667526,,,,SUMO/TraCI,2
sumo_coupled_00000799,49.7,gnb_1,3,401,226.65,39.7402645628725,11.1759309385053,180.0,118.10947308509043,-0.6795368173330638,,,,SUMO/TraCI,0
sumo_coupled_00000799,49.7,gnb_1,4,359,226.65,158.528578645571,8.78683229475469,180.0,94.82970986166704,0.4062922759309779,,,,SUMO/TraCI,1
sumo_coupled_00000800,49.7,gnb_2,5,310,226.65,252.372513955316,6.79454707339359,180.0,97.35245495183574,-0.2837882830828708,,,,SUMO/TraCI,0
sumo_coupled_00000800,49.7,gnb_2,6,252,226.65,315.020711122571,5.38241778742871,180.0,99.70292226173999,0.3512505985595356,,,,SUMO/TraCI,1
sumo_coupled_00000800,49.7,gnb_2,7,196,226.65,327.741956991512,5.38842265698002,180.0,104.84997356880629,0.4553358991567319,,,,SUMO/TraCI,2
sumo_coupled_00000801,49.8,gnb_1,3,402,226.65,38.6236934840649,11.165710788077,180.0,118.87104677832791,-0.6845763432005993,,,,SUMO/TraCI,0
sumo_coupled_00000801,49.8,gnb_1,4,360,226.65,157.64957573509,8.79002910481393,180.0,94.47599193992238,0.39850945157613693,,,,SUMO/TraCI,1
sumo_coupled_00000802,49.8,gnb_2,5,311,226.65,251.693650784548,6.78863170768414,180.0,97.54728036140791,-0.29018081396609274,,,,SUMO/TraCI,0
sumo_coupled_00000802,49.8,gnb_2,6,253,226.65,314.481748561239,5.3896256133198,180.0,99.51489076434997,0.34649838126126614,,,,SUMO/TraCI,1
sumo_coupled_00000802,49.8,gnb_2,7,197,226.65,327.202186539082,5.39770452429581,180.0,104.60530060216973,0.4512408670245045,,,,SUMO/TraCI,2
sumo_coupled_00000803,49.9,gnb_1,3,403,226.65,37.5067054490193,11.1698803504556,180.0,119.63848104132241,-0.6895214134529842,,,,SUMO/TraCI,0
sumo_coupled_00000803,49.9,gnb_1,4,361,226.65,156.771677203599,8.7789853149131,180.0,94.1295848517653,0.3906495206741518,,,,SUMO/TraCI,1
sumo_coupled_00000804,49.9,gnb_2,5,312,226.65,251.014736900754,6.7891388379361,180.0,97.74644738778238,-0.2965352079166097,,,,SUMO/TraCI,0
sumo_coupled_00000804,49.9,gnb_2,6,254,226.65,313.943295818508,5.38452742730733,180.0,99.32960198763881,0.34172386820529177,,,,SUMO/TraCI,1
sumo_coupled_00000804,49.9,gnb_2,7,198,226.65,326.663201134292,5.38985404789651,180.0,104.36319677021872,0.4471231485657971,,,,SUMO/TraCI,2
sumo_coupled_00000805,50,gnb_2,5,313,226.65,250.337190134933,6.77546765821055,180.0,97.94950121920537,-0.30283778371350084,,,,SUMO/TraCI,0
sumo_coupled_00000805,50,gnb_2,7,199,226.65,326.126510208186,5.36690926106769,180.0,104.12433646360435,0.4429945176583102,,,,SUMO/TraCI,1
