timestamp_s,ue_id,serving_gnb,active_ues_same_gnb,raw_feedback_timestamp_s,achievable_kbps_if_all_budget_assigned,effective_capacity_kbps,ewma_capacity_kbps,buffer_s,previous_quality,next_quality,stalled
0.2,0,gnb_2,1,0.294,13856.000000,13856.000000,7620.800000,4.419273,1,2,0
0.3,0,gnb_2,1,0.396,13856.000000,13856.000000,9803.120000,5.243006,2,3,0
0.4,0,gnb_2,1,0.498,13856.000000,13856.000000,11221.628000,5.604873,3,4,0
0.5,0,gnb_2,1,0.594,13856.000000,13856.000000,12143.658200,5.743769,4,5,0
0.6,0,gnb_2,1,0.696,13856.000000,13856.000000,12742.977830,5.828516,5,5,0
0.7,0,gnb_2,1,0.798,13856.000000,13856.000000,13132.535589,5.913263,5,5,0
0.8,0,gnb_2,1,0.894,13856.000000,13856.000000,13385.748133,5.998009,5,5,0
0.9,0,gnb_2,1,0.996,13856.000000,13856.000000,13550.336287,6.082756,5,5,0
1.0,0,gnb_2,1,1.098,13856.000000,13856.000000,13657.318586,6.167503,5,5,0
1.1,0,gnb_2,1,1.194,13856.000000,13856.000000,13726.857081,6.252249,5,5,0
1.2,0,gnb_2,1,1.296,13856.000000,13856.000000,13772.057103,6.336996,5,5,0
1.3,0,gnb_2,1,1.398,13856.000000,13856.000000,13801.437117,6.421743,5,5,0
1.4,0,gnb_2,1,1.494,13856.000000,13856.000000,13820.534126,6.506489,5,5,0
1.5,0,gnb_2,1,1.596,13856.000000,13856.000000,13832.947182,6.591236,5,5,0
1.6,0,gnb_2,1,1.698,13856.000000,13856.000000,13841.015668,6.675983,5,5,0
1.7,0,gnb_2,1,1.794,13856.000000,13856.000000,13846.260184,6.760729,5,5,0
1.8,0,gnb_2,1,1.896,13856.000000,13856.000000,13849.669120,6.845476,5,5,0
1.9,0,gnb_2,1,1.998,13856.000000,13856.000000,13851.884928,6.930223,5,5,0
2.0,0,gnb_2,1,2.094,13696.000000,13696.000000,13797.325203,7.012836,5,5,0
2.1,0,gnb_2,1,2.196,13696.000000,13696.000000,13761.861382,7.095449,5,5,0
2.2,0,gnb_2,1,2.298,13696.000000,13696.000000,13738.809898,7.178063,5,5,0
2.3,0,gnb_2,1,2.394,13696.000000,13696.000000,13723.826434,7.260676,5,5,0
2.4,0,gnb_2,1,2.496,13696.000000,13696.000000,13714.087182,7.343289,5,5,0
2.5,0,gnb_2,1,2.598,13696.000000,13696.000000,13707.756668,7.425903,5,5,0
2.6,0,gnb_2,1,2.694,13696.000000,13696.000000,13703.641834,7.508516,5,5,0
2.7,0,gnb_2,1,2.796,13696.000000,13696.000000,13700.967192,7.591129,5,5,0
2.8,0,gnb_2,1,2.898,13696.000000,13696.000000,13699.228675,7.673743,5,5,0
2.9,0,gnb_2,1,2.994,13696.000000,13696.000000,13698.098639,7.756356,5,5,0
3.0,0,gnb_2,1,3.096,13696.000000,13696.000000,13697.364115,7.838969,5,5,0
3.1,0,gnb_2,1,3.198,13696.000000,13696.000000,13696.886675,7.921583,5,5,0
3.2,0,gnb_2,1,3.294,13696.000000,13696.000000,13696.576339,8.004196,5,5,0
3.3,0,gnb_2,1,3.396,13696.000000,13696.000000,13696.374620,8.086809,5,5,0
3.4,0,gnb_2,1,3.498,13696.000000,13696.000000,13696.243503,8.169423,5,5,0
3.5,0,gnb_2,1,3.594,13696.000000,13696.000000,13696.158277,8.252036,5,5,0
3.6,0,gnb_2,1,3.696,13696.000000,13696.000000,13696.102880,8.334649,5,5,0
3.7,0,gnb_2,1,3.798,13696.000000,13696.000000,13696.066872,8.417263,5,5,0
3.8,0,gnb_2,1,3.894,13696.000000,13696.000000,13696.043467,8.499876,5,5,0
3.9,0,gnb_2,1,3.996,13392.000000,13392.000000,13589.628253,8.578436,5,5,0
4.0,0,gnb_2,1,4.098,13392.000000,13392.000000,13520.458365,8.656996,5,5,0
4.1,0,gnb_2,1,4.194,13392.000000,13392.000000,13475.497937,8.735556,5,5,0
4.2,0,gnb_2,1,4.296,13392.000000,13392.000000,13446.273659,8.814116,5,5,0
4.3,0,gnb_2,1,4.398,13392.000000,13392.000000,13427.277878,8.892676,5,5,0
4.4,0,gnb_2,1,4.494,13392.000000,13392.000000,13414.930621,8.971236,5,5,0
4.5,0,gnb_2,1,4.596,13392.000000,13392.000000,13406.904904,9.049796,5,5,0
4.6,0,gnb_2,1,4.698,13424.000000,13424.000000,13412.888187,9.128783,5,5,0
4.7,0,gnb_2,1,4.794,13424.000000,13424.000000,13416.777322,9.207769,5,5,0
4.8,0,gnb_2,1,4.896,13456.000000,13456.000000,13430.505259,9.287183,5,5,0
4.9,0,gnb_2,1,4.998,13456.000000,13456.000000,13439.428418,9.366596,5,5,0
5.0,0,gnb_2,1,5.094,13600.000000,13600.000000,13495.628472,9.447929,5,5,0
5.1,0,gnb_2,1,5.196,13600.000000,13600.000000,13532.158507,9.529263,5,5,0
5.2,0,gnb_2,1,5.298,13600.000000,13600.000000,13555.903029,9.610596,5,5,0
5.3,0,gnb_2,1,5.394,13600.000000,13600.000000,13571.336969,9.691929,5,5,0
5.4,0,gnb_2,1,5.496,13920.000000,13920.000000,13693.369030,9.777529,5,5,0
5.5,0,gnb_2,1,5.598,13920.000000,13920.000000,13772.689869,9.863129,5,5,0
5.6,0,gnb_2,2,5.694,13920.000000,6960.000000,11388.248415,9.855929,5,4,0
5.7,0,gnb_2,2,5.796,13920.000000,6960.000000,9838.361470,9.875929,4,4,0
5.8,0,gnb_2,2,5.898,13920.000000,6960.000000,8830.934955,9.895929,4,4,0
5.9,0,gnb_2,2,5.994,13920.000000,6960.000000,8176.107721,9.915929,4,4,0
6.0,0,gnb_2,2,6.096,13920.000000,6960.000000,7750.470019,9.935929,4,4,0
6.1,0,gnb_2,2,6.198,13920.000000,6960.000000,7473.805512,9.955929,4,4,0
6.2,0,gnb_2,2,6.294,13920.000000,6960.000000,7293.973583,9.975929,4,4,0
6.3,0,gnb_2,2,6.396,13920.000000,6960.000000,7177.082829,9.995929,4,4,0
6.4,0,gnb_2,2,6.498,13920.000000,6960.000000,7101.103839,10.015929,4,4,0
6.5,0,gnb_2,2,6.594,13920.000000,6960.000000,7051.717495,10.035929,4,4,0
6.6,0,gnb_2,2,6.696,13856.000000,6928.000000,7008.416372,10.055378,4,4,0
6.7,0,gnb_2,2,6.798,13856.000000,6928.000000,6980.270642,10.074826,4,4,0
6.8,0,gnb_2,2,6.894,13856.000000,6928.000000,6961.975917,10.094274,4,4,0
6.9,0,gnb_2,2,6.996,13856.000000,6928.000000,6950.084346,10.113722,4,4,0
7.0,0,gnb_2,2,7.098,13920.000000,6960.000000,6953.554825,10.133722,4,4,0
7.1,0,gnb_2,2,7.194,13920.000000,6960.000000,6955.810636,10.153722,4,4,0
7.2,0,gnb_2,2,7.296,13920.000000,6960.000000,6957.276914,10.173722,4,4,0
7.3,0,gnb_2,2,7.398,13920.000000,6960.000000,6958.229994,10.193722,4,4,0
7.4,0,gnb_2,2,7.494,13920.000000,6960.000000,6958.849496,10.213722,4,4,0
7.5,0,gnb_2,2,7.596,13920.000000,6960.000000,6959.252172,10.233722,4,4,0
7.6,0,gnb_2,2,7.698,13920.000000,6960.000000,6959.513912,10.253722,4,4,0
7.7,0,gnb_2,2,7.794,13920.000000,6960.000000,6959.684043,10.273722,4,4,0
7.8,0,gnb_2,2,7.896,13920.000000,6960.000000,6959.794628,10.293722,4,4,0
7.9,0,gnb_2,2,7.998,13920.000000,6960.000000,6959.866508,10.313722,4,4,0
8.0,0,gnb_2,2,8.094,13920.000000,6960.000000,6959.913230,10.333722,4,4,0
8.1,0,gnb_2,2,8.196,13920.000000,6960.000000,6959.943600,10.353722,4,4,0
8.2,0,gnb_2,2,8.298,13920.000000,6960.000000,6959.963340,10.373722,4,4,0
8.3,0,gnb_2,2,8.394,13920.000000,6960.000000,6959.976171,10.393722,4,4,0
8.4,0,gnb_2,2,8.496,13920.000000,6960.000000,6959.984511,10.413722,4,4,0
8.5,0,gnb_2,2,8.598,13920.000000,6960.000000,6959.989932,10.433722,4,4,0
8.6,0,gnb_2,2,8.694,13920.000000,6960.000000,6959.993456,10.453722,4,4,0
8.7,0,gnb_2,2,8.796,13920.000000,6960.000000,6959.995746,10.473722,4,4,0
8.8,0,gnb_2,2,8.898,13920.000000,6960.000000,6959.997235,10.493722,4,4,0
8.9,0,gnb_2,2,8.994,13920.000000,6960.000000,6959.998203,10.513722,4,4,0
9.0,0,gnb_2,2,9.096,13920.000000,6960.000000,6959.998832,10.533722,4,4,0
9.1,0,gnb_2,2,9.198,13920.000000,6960.000000,6959.999241,10.553722,4,4,0
9.2,0,gnb_2,2,9.294,13920.000000,6960.000000,6959.999506,10.573722,4,4,0
9.3,0,gnb_2,2,9.396,13920.000000,6960.000000,6959.999679,10.593722,4,4,0
9.4,0,gnb_2,2,9.498,13920.000000,6960.000000,6959.999791,10.613722,4,4,0
9.5,0,gnb_2,2,9.594,13920.000000,6960.000000,6959.999864,10.633722,4,4,0
9.6,0,gnb_2,2,9.696,13920.000000,6960.000000,6959.999912,10.653722,4,4,0
9.7,0,gnb_2,2,9.798,13920.000000,6960.000000,6959.999943,10.673722,4,4,0
9.8,0,gnb_2,3,9.894,13920.000000,4640.000000,6147.999963,10.653722,4,3,0
9.9,0,gnb_2,3,9.996,13920.000000,4640.000000,5620.199976,10.708389,3,3,0
10.0,0,gnb_2,3,10.098,13920.000000,4640.000000,5277.129984,10.763056,3,3,0
10.1,0,gnb_2,3,10.194,13920.000000,4640.000000,5054.134490,10.817722,3,3,0
10.2,0,gnb_2,3,10.296,13920.000000,4640.000000,4909.187418,10.872389,3,3,0
10.3,0,gnb_2,3,10.398,13920.000000,4640.000000,4814.971822,10.927056,3,3,0
10.4,0,gnb_2,3,10.494,13920.000000,4640.000000,4753.731684,10.981722,3,3,0
10.5,0,gnb_2,3,10.596,13920.000000,4640.000000,4713.925595,11.036389,3,3,0
10.6,0,gnb_2,3,10.698,13920.000000,4640.000000,4688.051637,11.091056,3,3,0
10.7,0,gnb_2,3,10.794,13920.000000,4640.000000,4671.233564,11.145722,3,3,0
10.8,0,gnb_2,3,10.896,13920.000000,4640.000000,4660.301816,11.200389,3,3,0
10.9,0,gnb_2,3,10.998,13920.000000,4640.000000,4653.196181,11.255056,3,3,0
11.0,0,gnb_2,3,11.094,13920.000000,4640.000000,4648.577517,11.309722,3,3,0
11.1,0,gnb_2,3,11.196,13920.000000,4640.000000,4645.575386,11.364389,3,3,0
11.2,0,gnb_2,3,11.298,13920.000000,4640.000000,4643.624001,11.419056,3,3,0
11.3,0,gnb_2,3,11.394,13920.000000,4640.000000,4642.355601,11.473722,3,3,0
11.4,0,gnb_2,3,11.496,13920.000000,4640.000000,4641.531140,11.528389,3,3,0
11.5,0,gnb_2,3,11.598,13920.000000,4640.000000,4640.995241,11.583056,3,3,0
11.6,0,gnb_2,3,11.694,13920.000000,4640.000000,4640.646907,11.637722,3,3,0
11.7,0,gnb_2,3,11.796,13920.000000,4640.000000,4640.420489,11.692389,3,3,0
11.8,0,gnb_2,3,11.898,13920.000000,4640.000000,4640.273318,11.747056,3,3,0
11.9,0,gnb_2,3,11.994,13920.000000,4640.000000,4640.177657,11.801722,3,3,0
12.0,0,gnb_2,3,12.096,13920.000000,4640.000000,4640.115477,11.856389,3,3,0
12.1,0,gnb_2,3,12.198,13920.000000,4640.000000,4640.075060,11.911056,3,3,0
12.2,0,gnb_2,3,12.294,13920.000000,4640.000000,4640.048789,11.965722,3,3,0
12.3,0,gnb_2,3,12.396,13920.000000,4640.000000,4640.031713,12.000000,3,3,0
12.4,0,gnb_2,3,12.498,13920.000000,4640.000000,4640.020613,12.000000,3,3,0
12.5,0,gnb_2,3,12.594,13920.000000,4640.000000,4640.013399,12.000000,3,3,0
12.6,0,gnb_2,3,12.696,13920.000000,4640.000000,4640.008709,12.000000,3,3,0
12.7,0,gnb_2,3,12.798,13920.000000,4640.000000,4640.005661,12.000000,3,3,0
12.8,0,gnb_2,3,12.894,13920.000000,4640.000000,4640.003680,12.000000,3,3,0
12.9,0,gnb_2,3,12.996,13920.000000,4640.000000,4640.002392,12.000000,3,3,0
13.0,0,gnb_2,3,13.098,13920.000000,4640.000000,4640.001555,12.000000,3,3,0
13.1,0,gnb_2,3,13.194,13920.000000,4640.000000,4640.001011,12.000000,3,3,0
13.2,0,gnb_2,3,13.296,13920.000000,4640.000000,4640.000657,12.000000,3,3,0
13.3,0,gnb_2,3,13.398,13920.000000,4640.000000,4640.000427,12.000000,3,3,0
13.4,0,gnb_2,3,13.494,13920.000000,4640.000000,4640.000278,12.000000,3,3,0
13.5,0,gnb_2,3,13.596,13920.000000,4640.000000,4640.000180,12.000000,3,3,0
13.6,0,gnb_2,4,13.698,13920.000000,3480.000000,4234.000117,12.000000,3,3,0
13.7,0,gnb_2,4,13.794,13920.000000,3480.000000,3970.100076,12.000000,3,3,0
13.8,0,gnb_2,4,13.896,13920.000000,3480.000000,3798.565050,12.000000,3,3,0
13.9,0,gnb_2,4,13.998,12960.000000,3240.000000,3603.067282,12.000000,3,3,0
14.0,0,gnb_2,4,14.094,12960.000000,3240.000000,3475.993733,12.000000,3,3,0
14.1,0,gnb_2,4,14.196,12960.000000,3240.000000,3393.395927,12.000000,3,3,0
14.2,0,gnb_2,4,14.298,12960.000000,3240.000000,3339.707352,12.000000,3,3,0
14.3,0,gnb_2,4,14.394,12960.000000,3240.000000,3304.809779,12.000000,3,3,0
14.4,0,gnb_2,4,14.496,12960.000000,3240.000000,3282.126356,12.000000,3,3,0
14.5,0,gnb_2,4,14.598,13664.000000,3416.000000,3328.982132,12.000000,3,3,0
14.6,0,gnb_2,4,14.694,13664.000000,3416.000000,3359.438386,12.000000,3,3,0
14.7,0,gnb_2,4,14.796,13664.000000,3416.000000,3379.234951,12.000000,3,3,0
14.8,0,gnb_2,4,14.898,13664.000000,3416.000000,3392.102718,12.000000,3,3,0
14.9,0,gnb_2,4,14.994,13664.000000,3416.000000,3400.466767,12.000000,3,3,0
15.0,0,gnb_2,4,15.096,13664.000000,3416.000000,3405.903398,12.000000,3,3,0
15.1,0,gnb_2,4,15.198,13696.000000,3424.000000,3412.237209,12.000000,3,3,0
15.2,0,gnb_2,4,15.294,13696.000000,3424.000000,3416.354186,12.000000,3,3,0
15.3,0,gnb_2,4,15.396,13696.000000,3424.000000,3419.030221,12.000000,3,3,0
15.4,0,gnb_2,4,15.498,13696.000000,3424.000000,3420.769643,12.000000,3,3,0
15.5,0,gnb_2,4,15.594,13696.000000,3424.000000,3421.900268,12.000000,3,3,0
15.6,0,gnb_2,4,15.696,13856.000000,3464.000000,3436.635174,12.000000,3,3,0
15.7,0,gnb_2,4,15.798,13856.000000,3464.000000,3446.212863,12.000000,3,3,0
15.8,0,gnb_2,4,15.894,13856.000000,3464.000000,3452.438361,12.000000,3,3,0
15.9,0,gnb_2,4,15.996,13856.000000,3464.000000,3456.484935,12.000000,3,3,0
16.0,0,gnb_2,4,16.098,13856.000000,3464.000000,3459.115208,12.000000,3,3,0
16.1,0,gnb_2,4,16.194,13920.000000,3480.000000,3466.424885,12.000000,3,3,0
16.2,0,gnb_2,4,16.296,13920.000000,3480.000000,3471.176175,12.000000,3,3,0
16.3,0,gnb_2,4,16.398,13920.000000,3480.000000,3474.264514,12.000000,3,3,0
16.4,0,gnb_2,4,16.494,13920.000000,3480.000000,3476.271934,12.000000,3,3,0
16.5,0,gnb_2,4,16.596,13920.000000,3480.000000,3477.576757,12.000000,3,3,0
16.6,0,gnb_2,4,16.698,13728.000000,3432.000000,3461.624892,12.000000,3,3,0
16.7,0,gnb_2,4,16.794,13728.000000,3432.000000,3451.256180,12.000000,3,3,0
16.8,0,gnb_2,4,16.896,13728.000000,3432.000000,3444.516517,12.000000,3,3,0
16.9,0,gnb_2,4,16.998,13728.000000,3432.000000,3440.135736,12.000000,3,3,0
17.0,0,gnb_2,4,17.094,13728.000000,3432.000000,3437.288228,12.000000,3,3,0
17.1,0,gnb_2,4,17.196,10552.000000,2638.000000,3157.537348,11.987933,3,2,0
17.2,0,gnb_2,4,17.298,10552.000000,2638.000000,2975.699276,12.000000,2,2,0
17.3,0,gnb_2,4,17.394,10656.000000,2664.000000,2866.604530,12.000000,2,2,0
17.4,0,gnb_2,4,17.496,10656.000000,2664.000000,2795.692944,12.000000,2,2,0
17.5,0,gnb_2,4,17.598,10656.000000,2664.000000,2749.600414,12.000000,2,2,0
17.6,0,gnb_2,4,17.694,13792.000000,3448.000000,2994.040269,12.000000,2,2,0
17.7,0,gnb_2,4,17.796,13792.000000,3448.000000,3152.926175,12.000000,2,3,0
17.8,0,gnb_2,4,17.898,13792.000000,3448.000000,3256.202014,12.000000,3,3,0
17.9,0,gnb_2,4,17.994,13792.000000,3448.000000,3323.331309,12.000000,3,3,0
18.0,0,gnb_2,4,18.096,13792.000000,3448.000000,3366.965351,12.000000,3,3,0
18.1,0,gnb_2,4,18.198,13920.000000,3480.000000,3406.527478,12.000000,3,3,0
18.2,0,gnb_2,4,18.294,13920.000000,3480.000000,3432.242861,12.000000,3,3,0
18.3,0,gnb_2,4,18.396,13920.000000,3480.000000,3448.957859,12.000000,3,3,0
18.4,0,gnb_2,4,18.498,13920.000000,3480.000000,3459.822609,12.000000,3,3,0
18.5,0,gnb_2,4,18.594,13920.000000,3480.000000,3466.884696,12.000000,3,3,0
18.6,0,gnb_2,4,18.696,13920.000000,3480.000000,3471.475052,12.000000,3,3,0
18.7,0,gnb_2,4,18.798,13920.000000,3480.000000,3474.458784,12.000000,3,3,0
18.8,0,gnb_2,4,18.894,13920.000000,3480.000000,3476.398210,12.000000,3,3,0
18.9,0,gnb_2,5,18.996,13920.000000,2784.000000,3234.058836,11.992800,3,2,0
19.0,0,gnb_2,5,19.098,13920.000000,2784.000000,3076.538244,12.000000,2,2,0
19.1,0,gnb_2,5,19.194,13856.000000,2771.200000,2969.669858,12.000000,2,2,0
19.2,0,gnb_2,5,19.296,13856.000000,2771.200000,2900.205408,12.000000,2,2,0
19.3,0,gnb_2,5,19.398,13856.000000,2771.200000,2855.053515,12.000000,2,2,0
19.4,0,gnb_2,5,19.494,13856.000000,2771.200000,2825.704785,12.000000,2,2,0
19.5,0,gnb_2,5,19.596,13920.000000,2784.000000,2811.108110,12.000000,2,2,0
19.6,0,gnb_2,5,19.698,13920.000000,2784.000000,2801.620272,12.000000,2,2,0
19.7,0,gnb_2,5,19.794,13920.000000,2784.000000,2795.453177,12.000000,2,2,0
19.8,0,gnb_2,5,19.896,13920.000000,2784.000000,2791.444565,12.000000,2,2,0
19.9,0,gnb_2,5,19.998,13728.000000,2745.600000,2775.398967,12.000000,2,2,0
20.0,0,gnb_2,5,20.094,13728.000000,2745.600000,2764.969329,12.000000,2,2,0
20.1,0,gnb_2,5,20.196,13728.000000,2745.600000,2758.190064,12.000000,2,2,0
20.2,0,gnb_2,5,20.298,13728.000000,2745.600000,2753.783541,12.000000,2,2,0
20.3,0,gnb_2,5,20.394,13920.000000,2784.000000,2764.359302,12.000000,2,2,0
20.4,0,gnb_2,5,20.496,13920.000000,2784.000000,2771.233546,12.000000,2,2,0
20.5,0,gnb_2,5,20.598,13920.000000,2784.000000,2775.701805,12.000000,2,2,0
20.6,0,gnb_2,5,20.694,13920.000000,2784.000000,2778.606173,12.000000,2,2,0
20.7,0,gnb_2,5,20.796,13920.000000,2784.000000,2780.494013,12.000000,2,2,0
20.8,0,gnb_2,5,20.898,13920.000000,2784.000000,2781.721108,12.000000,2,2,0
20.9,0,gnb_2,5,20.994,13920.000000,2784.000000,2782.518720,12.000000,2,2,0
21.0,0,gnb_2,5,21.096,13920.000000,2784.000000,2783.037168,12.000000,2,2,0
21.1,0,gnb_2,5,21.198,13920.000000,2784.000000,2783.374159,12.000000,2,2,0
21.2,0,gnb_2,5,21.294,13920.000000,2784.000000,2783.593204,12.000000,2,2,0
21.3,0,gnb_2,5,21.396,13920.000000,2784.000000,2783.735582,12.000000,2,2,0
21.4,0,gnb_2,5,21.498,13920.000000,2784.000000,2783.828129,12.000000,2,2,0
21.5,0,gnb_2,5,21.594,13920.000000,2784.000000,2783.888284,12.000000,2,2,0
21.6,0,gnb_2,5,21.696,13920.000000,2784.000000,2783.927384,12.000000,2,2,0
21.7,0,gnb_2,5,21.798,13920.000000,2784.000000,2783.952800,12.000000,2,2,0
21.8,0,gnb_2,5,21.894,13920.000000,2784.000000,2783.969320,12.000000,2,2,0
21.9,0,gnb_2,5,21.996,13920.000000,2784.000000,2783.980058,12.000000,2,2,0
22.0,0,gnb_2,5,22.098,13920.000000,2784.000000,2783.987038,12.000000,2,2,0
22.1,0,gnb_2,5,22.194,13920.000000,2784.000000,2783.991574,12.000000,2,2,0
22.2,0,gnb_2,5,22.296,13920.000000,2784.000000,2783.994523,12.000000,2,2,0
22.3,0,gnb_2,5,22.398,13920.000000,2784.000000,2783.996440,12.000000,2,2,0
22.4,0,gnb_2,5,22.494,13920.000000,2784.000000,2783.997686,12.000000,2,2,0
22.5,0,gnb_2,5,22.596,13920.000000,2784.000000,2783.998496,12.000000,2,2,0
22.6,0,gnb_2,5,22.698,13920.000000,2784.000000,2783.999022,12.000000,2,2,0
22.7,0,gnb_2,5,22.794,13920.000000,2784.000000,2783.999365,12.000000,2,2,0
22.8,0,gnb_2,5,22.896,13920.000000,2784.000000,2783.999587,12.000000,2,2,0
22.9,0,gnb_2,6,22.998,13920.000000,2320.000000,2621.599732,12.000000,2,2,0
23.0,0,gnb_2,5,23.094,13920.000000,2784.000000,2678.439825,12.000000,2,2,0
23.1,0,gnb_2,5,23.196,13392.000000,2678.400000,2678.425887,12.000000,2,2,0
23.2,0,gnb_2,5,23.298,13392.000000,2678.400000,2678.416826,12.000000,2,2,0
23.3,0,gnb_2,5,23.394,13392.000000,2678.400000,2678.410937,12.000000,2,2,0
23.4,0,gnb_2,5,23.496,13392.000000,2678.400000,2678.407109,12.000000,2,2,0
23.5,0,gnb_2,5,23.598,13696.000000,2739.200000,2699.684621,12.000000,2,2,0
23.6,0,gnb_2,5,23.694,13696.000000,2739.200000,2713.515004,12.000000,2,2,0
23.7,0,gnb_2,5,23.796,13696.000000,2739.200000,2722.504752,12.000000,2,2,0
23.8,0,gnb_2,5,23.898,13696.000000,2739.200000,2728.348089,12.000000,2,2,0
23.9,0,gnb_2,5,23.994,13920.000000,2784.000000,2747.826258,12.000000,2,2,0
24.0,0,gnb_2,6,24.096,13920.000000,2320.000000,2598.087068,12.000000,2,2,0
24.1,0,gnb_2,6,24.198,13920.000000,2320.000000,2500.756594,12.000000,2,2,0
24.2,0,gnb_2,6,24.294,13920.000000,2320.000000,2437.491786,12.000000,2,2,0
24.3,0,gnb_2,6,24.396,13920.000000,2320.000000,2396.369661,12.000000,2,2,0
24.4,0,gnb_2,6,24.498,13920.000000,2320.000000,2369.640280,12.000000,2,2,0
24.5,0,gnb_2,6,24.594,13920.000000,2320.000000,2352.266182,12.000000,2,2,0
24.6,0,gnb_2,6,24.696,13920.000000,2320.000000,2340.973018,12.000000,2,2,0
24.7,0,gnb_2,6,24.798,13920.000000,2320.000000,2333.632462,12.000000,2,2,0
24.8,0,gnb_2,6,24.894,13920.000000,2320.000000,2328.861100,12.000000,2,2,0
24.9,0,gnb_2,6,24.996,13920.000000,2320.000000,2325.759715,12.000000,2,2,0
25.0,0,gnb_1,3,25.098,13920.000000,4640.000000,3135.743815,12.000000,2,3,0
25.1,0,gnb_1,3,25.194,13920.000000,4640.000000,3662.233480,12.000000,3,3,0
25.2,0,gnb_1,3,25.296,13920.000000,4640.000000,4004.451762,12.000000,3,3,0
25.3,0,gnb_1,3,25.398,13920.000000,4640.000000,4226.893645,12.000000,3,3,0
25.4,0,gnb_1,3,25.494,13920.000000,4640.000000,4371.480869,12.000000,3,3,0
25.5,0,gnb_1,3,25.596,13920.000000,4640.000000,4465.462565,12.000000,3,3,0
25.6,0,gnb_1,3,25.698,13920.000000,4640.000000,4526.550667,12.000000,3,3,0
25.7,0,gnb_1,3,25.794,13920.000000,4640.000000,4566.257934,12.000000,3,3,0
25.8,0,gnb_1,3,25.896,13920.000000,4640.000000,4592.067657,12.000000,3,3,0
25.9,0,gnb_1,3,25.998,13248.000000,4416.000000,4530.443977,12.000000,3,3,0
26.0,0,gnb_2,6,26.094,13104.000000,2184.000000,3709.188585,11.972800,3,2,0
26.1,0,gnb_2,6,26.196,13104.000000,2184.000000,3175.372580,12.000000,2,2,0
26.2,0,gnb_2,6,26.298,13104.000000,2184.000000,2828.392177,12.000000,2,2,0
26.3,0,gnb_2,6,26.394,13728.000000,2288.000000,2639.254915,12.000000,2,2,0
26.4,0,gnb_2,6,26.496,13728.000000,2288.000000,2516.315695,12.000000,2,2,0
26.5,0,gnb_2,6,26.598,13728.000000,2288.000000,2436.405202,12.000000,2,2,0
26.6,0,gnb_2,6,26.694,13920.000000,2320.000000,2395.663381,12.000000,2,2,0
26.7,0,gnb_2,6,26.796,13920.000000,2320.000000,2369.181198,12.000000,2,2,0
26.8,0,gnb_2,7,26.898,13920.000000,1988.571429,2235.967779,12.000000,2,2,0
26.9,0,gnb_2,7,26.994,13920.000000,1988.571429,2149.379056,12.000000,2,2,0
27.0,0,gnb_1,3,27.096,13920.000000,4640.000000,3021.096386,12.000000,2,2,0
27.1,0,gnb_1,3,27.198,13920.000000,4640.000000,3587.712651,12.000000,2,3,0
27.2,0,gnb_1,3,27.294,13920.000000,4640.000000,3956.013223,12.000000,3,3,0
27.3,0,gnb_1,3,27.396,13920.000000,4640.000000,4195.408595,12.000000,3,3,0
27.4,0,gnb_1,3,27.498,13920.000000,4640.000000,4351.015587,12.000000,3,3,0
27.5,0,gnb_1,3,27.594,13920.000000,4640.000000,4452.160131,12.000000,3,3,0
27.6,0,gnb_1,3,27.696,13920.000000,4640.000000,4517.904085,12.000000,3,3,0
27.7,0,gnb_1,3,27.798,13920.000000,4640.000000,4560.637656,12.000000,3,3,0
27.8,0,gnb_1,3,27.894,13920.000000,4640.000000,4588.414476,12.000000,3,3,0
27.9,0,gnb_1,3,27.996,13920.000000,4640.000000,4606.469409,12.000000,3,3,0
28.0,0,gnb_1,3,28.098,13920.000000,4640.000000,4618.205116,12.000000,3,3,0
28.1,0,gnb_1,3,28.194,13920.000000,4640.000000,4625.833325,12.000000,3,3,0
28.2,0,gnb_1,3,28.296,13920.000000,4640.000000,4630.791662,12.000000,3,3,0
28.3,0,gnb_1,3,28.398,13920.000000,4640.000000,4634.014580,12.000000,3,3,0
28.4,0,gnb_1,3,28.494,13920.000000,4640.000000,4636.109477,12.000000,3,3,0
28.5,0,gnb_1,3,28.596,13920.000000,4640.000000,4637.471160,12.000000,3,3,0
28.6,0,gnb_1,3,28.698,13920.000000,4640.000000,4638.356254,12.000000,3,3,0
28.7,0,gnb_1,3,28.794,13920.000000,4640.000000,4638.931565,12.000000,3,3,0
28.8,0,gnb_1,3,28.896,13920.000000,4640.000000,4639.305517,12.000000,3,3,0
28.9,0,gnb_1,3,28.998,13920.000000,4640.000000,4639.548586,12.000000,3,3,0
29.0,0,gnb_1,4,29.094,13920.000000,3480.000000,4233.706581,12.000000,3,3,0
29.1,0,gnb_1,4,29.196,13920.000000,3480.000000,3969.909278,12.000000,3,3,0
29.2,0,gnb_1,4,29.298,13920.000000,3480.000000,3798.441031,12.000000,3,3,0
29.3,0,gnb_1,4,29.394,13920.000000,3480.000000,3686.986670,12.000000,3,3,0
29.4,0,gnb_1,4,29.496,13920.000000,3480.000000,3614.541335,12.000000,3,3,0
29.5,0,gnb_1,4,29.598,13920.000000,3480.000000,3567.451868,12.000000,3,3,0
29.6,0,gnb_1,4,29.694,13920.000000,3480.000000,3536.843714,12.000000,3,3,0
29.7,0,gnb_1,4,29.796,13920.000000,3480.000000,3516.948414,12.000000,3,3,0
29.8,0,gnb_1,4,29.898,13920.000000,3480.000000,3504.016469,12.000000,3,3,0
29.9,0,gnb_1,4,29.994,13920.000000,3480.000000,3495.610705,12.000000,3,3,0
30.0,0,gnb_1,4,30.096,13920.000000,3480.000000,3490.146958,12.000000,3,3,0
30.1,0,gnb_1,4,30.198,13920.000000,3480.000000,3486.595523,12.000000,3,3,0
30.2,0,gnb_1,4,30.294,13920.000000,3480.000000,3484.287090,12.000000,3,3,0
30.3,0,gnb_1,4,30.396,13920.000000,3480.000000,3482.786608,12.000000,3,3,0
30.4,0,gnb_1,4,30.498,13920.000000,3480.000000,3481.811295,12.000000,3,3,0
30.5,0,gnb_1,4,30.594,13920.000000,3480.000000,3481.177342,12.000000,3,3,0
30.6,0,gnb_1,4,30.696,13920.000000,3480.000000,3480.765272,12.000000,3,3,0
30.7,0,gnb_1,4,30.798,13920.000000,3480.000000,3480.497427,12.000000,3,3,0
30.8,0,gnb_1,4,30.894,13920.000000,3480.000000,3480.323328,12.000000,3,3,0
30.9,0,gnb_1,4,30.996,13920.000000,3480.000000,3480.210163,12.000000,3,3,0
31.0,0,gnb_1,4,31.098,13920.000000,3480.000000,3480.136606,12.000000,3,3,0
31.1,0,gnb_1,4,31.194,13920.000000,3480.000000,3480.088794,12.000000,3,3,0
31.2,0,gnb_1,4,31.296,13920.000000,3480.000000,3480.057716,12.000000,3,3,0
31.3,0,gnb_1,4,31.398,13920.000000,3480.000000,3480.037515,12.000000,3,3,0
31.4,0,gnb_1,4,31.494,13920.000000,3480.000000,3480.024385,12.000000,3,3,0
31.5,0,gnb_1,4,31.596,13920.000000,3480.000000,3480.015850,12.000000,3,3,0
31.6,0,gnb_1,4,31.698,13920.000000,3480.000000,3480.010303,12.000000,3,3,0
31.7,0,gnb_1,4,31.794,13920.000000,3480.000000,3480.006697,12.000000,3,3,0
31.8,0,gnb_1,4,31.896,13920.000000,3480.000000,3480.004353,12.000000,3,3,0
31.9,0,gnb_1,4,31.998,13920.000000,3480.000000,3480.002829,12.000000,3,3,0
32.0,0,gnb_1,4,32.094,13920.000000,3480.000000,3480.001839,12.000000,3,3,0
32.1,0,gnb_1,4,32.196,13920.000000,3480.000000,3480.001195,12.000000,3,3,0
32.2,0,gnb_1,4,32.298,13920.000000,3480.000000,3480.000777,12.000000,3,3,0
32.3,0,gnb_1,4,32.394,13920.000000,3480.000000,3480.000505,12.000000,3,3,0
32.4,0,gnb_1,4,32.496,13920.000000,3480.000000,3480.000328,12.000000,3,3,0
32.5,0,gnb_1,4,32.598,13920.000000,3480.000000,3480.000213,12.000000,3,3,0
32.6,0,gnb_1,4,32.694,13920.000000,3480.000000,3480.000139,12.000000,3,3,0
32.7,0,gnb_1,4,32.796,13920.000000,3480.000000,3480.000090,12.000000,3,3,0
32.8,0,gnb_1,4,32.898,13920.000000,3480.000000,3480.000059,12.000000,3,3,0
32.9,0,gnb_1,4,32.994,13920.000000,3480.000000,3480.000038,12.000000,3,3,0
33.0,0,gnb_1,4,33.096,13920.000000,3480.000000,3480.000025,12.000000,3,3,0
33.1,0,gnb_1,4,33.198,13920.000000,3480.000000,3480.000016,12.000000,3,3,0
33.2,0,gnb_1,4,33.294,13920.000000,3480.000000,3480.000010,12.000000,3,3,0
33.3,0,gnb_1,4,33.396,13920.000000,3480.000000,3480.000007,12.000000,3,3,0
33.4,0,gnb_1,4,33.498,13920.000000,3480.000000,3480.000004,12.000000,3,3,0
33.5,0,gnb_1,4,33.594,13920.000000,3480.000000,3480.000003,12.000000,3,3,0
33.6,0,gnb_1,4,33.696,13920.000000,3480.000000,3480.000002,12.000000,3,3,0
33.7,0,gnb_1,4,33.798,13920.000000,3480.000000,3480.000001,12.000000,3,3,0
33.8,0,gnb_1,4,33.894,13920.000000,3480.000000,3480.000001,12.000000,3,3,0
33.9,0,gnb_1,4,33.996,13920.000000,3480.000000,3480.000001,12.000000,3,3,0
34.0,0,gnb_1,4,34.098,13920.000000,3480.000000,3480.000000,12.000000,3,3,0
34.1,0,gnb_1,4,34.194,13920.000000,3480.000000,3480.000000,12.000000,3,3,0
34.2,0,gnb_1,4,34.296,13920.000000,3480.000000,3480.000000,12.000000,3,3,0
34.3,0,gnb_1,4,34.398,13920.000000,3480.000000,3480.000000,12.000000,3,3,0
34.4,0,gnb_1,4,34.494,13920.000000,3480.000000,3480.000000,12.000000,3,3,0
34.5,0,gnb_1,4,34.596,13920.000000,3480.000000,3480.000000,12.000000,3,3,0
34.6,0,gnb_1,4,34.698,13920.000000,3480.000000,3480.000000,12.000000,3,3,0
34.7,0,gnb_1,4,34.794,13920.000000,3480.000000,3480.000000,12.000000,3,3,0
34.8,0,gnb_1,4,34.896,13920.000000,3480.000000,3480.000000,12.000000,3,3,0
34.9,0,gnb_1,4,34.998,13920.000000,3480.000000,3480.000000,12.000000,3,3,0
35.0,0,gnb_1,4,35.094,13920.000000,3480.000000,3480.000000,12.000000,3,3,0
35.1,0,gnb_1,4,35.196,13920.000000,3480.000000,3480.000000,12.000000,3,3,0
35.2,0,gnb_1,4,35.298,13920.000000,3480.000000,3480.000000,12.000000,3,3,0
35.3,0,gnb_1,4,35.394,13920.000000,3480.000000,3480.000000,12.000000,3,3,0
35.4,0,gnb_1,4,35.496,13920.000000,3480.000000,3480.000000,12.000000,3,3,0
35.5,0,gnb_1,4,35.598,13920.000000,3480.000000,3480.000000,12.000000,3,3,0
35.6,0,gnb_1,4,35.694,13920.000000,3480.000000,3480.000000,12.000000,3,3,0
35.7,0,gnb_1,4,35.796,13920.000000,3480.000000,3480.000000,12.000000,3,3,0
35.8,0,gnb_1,4,35.898,13920.000000,3480.000000,3480.000000,12.000000,3,3,0
35.9,0,gnb_1,4,35.994,13920.000000,3480.000000,3480.000000,12.000000,3,3,0
36.0,0,gnb_1,4,36.096,13920.000000,3480.000000,3480.000000,12.000000,3,3,0
36.1,0,gnb_1,4,36.198,13920.000000,3480.000000,3480.000000,12.000000,3,3,0
36.2,0,gnb_1,4,36.294,13920.000000,3480.000000,3480.000000,12.000000,3,3,0
36.3,0,gnb_1,4,36.396,13920.000000,3480.000000,3480.000000,12.000000,3,3,0
36.4,0,gnb_1,4,36.498,13920.000000,3480.000000,3480.000000,12.000000,3,3,0
36.5,0,gnb_1,4,36.594,13920.000000,3480.000000,3480.000000,12.000000,3,3,0
36.6,0,gnb_1,4,36.696,13920.000000,3480.000000,3480.000000,12.000000,3,3,0
36.7,0,gnb_1,4,36.798,13920.000000,3480.000000,3480.000000,12.000000,3,3,0
36.8,0,gnb_1,4,36.894,13920.000000,3480.000000,3480.000000,12.000000,3,3,0
36.9,0,gnb_1,4,36.996,13920.000000,3480.000000,3480.000000,12.000000,3,3,0
37.0,0,gnb_1,4,37.098,13920.000000,3480.000000,3480.000000,12.000000,3,3,0
37.1,0,gnb_1,4,37.194,13920.000000,3480.000000,3480.000000,12.000000,3,3,0
37.2,0,gnb_1,4,37.296,13920.000000,3480.000000,3480.000000,12.000000,3,3,0
37.3,0,gnb_1,4,37.398,13920.000000,3480.000000,3480.000000,12.000000,3,3,0
37.4,0,gnb_1,4,37.494,13920.000000,3480.000000,3480.000000,12.000000,3,3,0
37.5,0,gnb_1,4,37.596,13920.000000,3480.000000,3480.000000,12.000000,3,3,0
37.6,0,gnb_1,4,37.698,13920.000000,3480.000000,3480.000000,12.000000,3,3,0
37.7,0,gnb_1,4,37.794,13920.000000,3480.000000,3480.000000,12.000000,3,3,0
37.8,0,gnb_1,4,37.896,13920.000000,3480.000000,3480.000000,12.000000,3,3,0
37.9,0,gnb_1,4,37.998,13920.000000,3480.000000,3480.000000,12.000000,3,3,0
38.0,0,gnb_1,5,38.094,13920.000000,2784.000000,3236.400000,11.992800,3,2,0
38.1,0,gnb_1,5,38.196,13920.000000,2784.000000,3078.060000,12.000000,2,2,0
38.2,0,gnb_1,5,38.298,13920.000000,2784.000000,2975.139000,12.000000,2,2,0
38.3,0,gnb_1,5,38.394,13920.000000,2784.000000,2908.240350,12.000000,2,2,0
38.4,0,gnb_1,5,38.496,13920.000000,2784.000000,2864.756228,12.000000,2,2,0
38.5,0,gnb_1,5,38.598,13920.000000,2784.000000,2836.491548,12.000000,2,2,0
38.6,0,gnb_1,5,38.694,13920.000000,2784.000000,2818.119506,12.000000,2,2,0
38.7,0,gnb_1,5,38.796,13920.000000,2784.000000,2806.177679,12.000000,2,2,0
38.8,0,gnb_1,5,38.898,13920.000000,2784.000000,2798.415491,12.000000,2,2,0
38.9,0,gnb_1,5,38.994,13920.000000,2784.000000,2793.370069,12.000000,2,2,0
39.0,0,gnb_1,5,39.096,13920.000000,2784.000000,2790.090545,12.000000,2,2,0
39.1,0,gnb_1,5,39.198,13920.000000,2784.000000,2787.958854,12.000000,2,2,0
39.2,0,gnb_1,5,39.294,13920.000000,2784.000000,2786.573255,12.000000,2,2,0
39.3,0,gnb_1,5,39.396,13920.000000,2784.000000,2785.672616,12.000000,2,2,0
39.4,0,gnb_1,5,39.498,13920.000000,2784.000000,2785.087200,12.000000,2,2,0
39.5,0,gnb_1,5,39.594,13920.000000,2784.000000,2784.706680,12.000000,2,2,0
39.6,0,gnb_1,5,39.696,13920.000000,2784.000000,2784.459342,12.000000,2,2,0
39.7,0,gnb_1,5,39.798,13920.000000,2784.000000,2784.298572,12.000000,2,2,0
39.8,0,gnb_1,5,39.894,13920.000000,2784.000000,2784.194072,12.000000,2,2,0
39.9,0,gnb_1,5,39.996,13920.000000,2784.000000,2784.126147,12.000000,2,2,0
40.0,0,gnb_1,7,40.098,13920.000000,1988.571429,2505.681995,12.000000,2,2,0
40.1,0,gnb_1,7,40.194,13920.000000,1988.571429,2324.693297,12.000000,2,2,0
40.2,0,gnb_1,7,40.296,13920.000000,1988.571429,2207.050643,12.000000,2,2,0
40.3,0,gnb_1,7,40.398,13920.000000,1988.571429,2130.582918,12.000000,2,2,0
40.4,0,gnb_1,7,40.494,13920.000000,1988.571429,2080.878897,12.000000,2,2,0
40.5,0,gnb_1,7,40.596,13920.000000,1988.571429,2048.571283,12.000000,2,2,0
40.6,0,gnb_1,7,40.698,13920.000000,1988.571429,2027.571334,12.000000,2,2,0
40.7,0,gnb_1,7,40.794,13920.000000,1988.571429,2013.921367,12.000000,2,2,0
40.8,0,gnb_1,7,40.896,13920.000000,1988.571429,2005.048889,12.000000,2,2,0
40.9,0,gnb_1,7,40.998,13920.000000,1988.571429,1999.281778,12.000000,2,2,0
41.0,0,gnb_1,7,41.094,13920.000000,1988.571429,1995.533155,12.000000,2,2,0
41.1,0,gnb_1,7,41.196,13920.000000,1988.571429,1993.096551,12.000000,2,2,0
41.2,0,gnb_1,7,41.298,13920.000000,1988.571429,1991.512758,12.000000,2,2,0
41.3,0,gnb_1,7,41.394,13920.000000,1988.571429,1990.483293,12.000000,2,2,0
41.4,0,gnb_1,7,41.496,13920.000000,1988.571429,1989.814140,12.000000,2,2,0
41.5,0,gnb_1,7,41.598,13920.000000,1988.571429,1989.379191,12.000000,2,2,0
41.6,0,gnb_1,7,41.694,13920.000000,1988.571429,1989.096474,12.000000,2,2,0
41.7,0,gnb_1,7,41.796,13920.000000,1988.571429,1988.912708,12.000000,2,2,0
41.8,0,gnb_1,7,41.898,13920.000000,1988.571429,1988.793260,12.000000,2,2,0
41.9,0,gnb_1,7,41.994,13920.000000,1988.571429,1988.715619,12.000000,2,2,0
42.0,0,gnb_1,6,42.096,13920.000000,2320.000000,2104.665153,12.000000,2,2,0
42.1,0,gnb_1,6,42.198,13920.000000,2320.000000,2180.032349,12.000000,2,2,0
42.2,0,gnb_1,6,42.294,13920.000000,2320.000000,2229.021027,12.000000,2,2,0
42.3,0,gnb_1,6,42.396,13920.000000,2320.000000,2260.863668,12.000000,2,2,0
42.4,0,gnb_1,6,42.498,13920.000000,2320.000000,2281.561384,12.000000,2,2,0
42.5,0,gnb_1,6,42.594,13920.000000,2320.000000,2295.014900,12.000000,2,2,0
42.6,0,gnb_1,6,42.696,13920.000000,2320.000000,2303.759685,12.000000,2,2,0
42.7,0,gnb_1,6,42.798,13920.000000,2320.000000,2309.443795,12.000000,2,2,0
42.8,0,gnb_1,6,42.894,13920.000000,2320.000000,2313.138467,12.000000,2,2,0
42.9,0,gnb_1,6,42.996,13920.000000,2320.000000,2315.540003,12.000000,2,2,0
43.0,0,gnb_1,6,43.098,13920.000000,2320.000000,2317.101002,12.000000,2,2,0
43.1,0,gnb_1,6,43.194,13920.000000,2320.000000,2318.115651,12.000000,2,2,0
43.2,0,gnb_1,6,43.296,13920.000000,2320.000000,2318.775173,12.000000,2,2,0
43.3,0,gnb_1,6,43.398,13920.000000,2320.000000,2319.203863,12.000000,2,2,0
43.4,0,gnb_1,6,43.494,13920.000000,2320.000000,2319.482511,12.000000,2,2,0
43.5,0,gnb_1,6,43.596,13920.000000,2320.000000,2319.663632,12.000000,2,2,0
43.6,0,gnb_1,6,43.698,13920.000000,2320.000000,2319.781361,12.000000,2,2,0
43.7,0,gnb_1,6,43.794,13920.000000,2320.000000,2319.857885,12.000000,2,2,0
43.8,0,gnb_1,6,43.896,13920.000000,2320.000000,2319.907625,12.000000,2,2,0
43.9,0,gnb_1,6,43.998,13920.000000,2320.000000,2319.939956,12.000000,2,2,0
44.0,0,gnb_1,6,44.094,13920.000000,2320.000000,2319.960972,12.000000,2,2,0
44.1,0,gnb_1,6,44.196,13920.000000,2320.000000,2319.974631,12.000000,2,2,0
44.2,0,gnb_1,6,44.298,13920.000000,2320.000000,2319.983510,12.000000,2,2,0
44.3,0,gnb_1,6,44.394,13920.000000,2320.000000,2319.989282,12.000000,2,2,0
44.4,0,gnb_1,6,44.496,13920.000000,2320.000000,2319.993033,12.000000,2,2,0
44.5,0,gnb_1,6,44.598,13920.000000,2320.000000,2319.995472,12.000000,2,2,0
44.6,0,gnb_1,6,44.694,13920.000000,2320.000000,2319.997057,12.000000,2,2,0
44.7,0,gnb_1,6,44.796,13920.000000,2320.000000,2319.998087,12.000000,2,2,0
44.8,0,gnb_1,6,44.898,13920.000000,2320.000000,2319.998756,12.000000,2,2,0
44.9,0,gnb_1,6,44.994,13920.000000,2320.000000,2319.999192,12.000000,2,2,0
45,0,gnb_1,3,45,13920.000000,4640.000000,3131.999475,12.000000,2,3,0
5.6,1,gnb_2,2,5.694,12096.000000,6048.000000,3326.400000,2.999636,1,1,0
5.7,1,gnb_2,2,5.796,12096.000000,6048.000000,4278.960000,3.999273,1,1,0
5.8,1,gnb_2,2,5.898,12096.000000,6048.000000,4898.124000,4.998909,1,2,0
5.9,1,gnb_2,2,5.994,12096.000000,6048.000000,5300.580600,5.302109,2,3,0
6.0,1,gnb_2,2,6.096,12096.000000,6048.000000,5562.177390,5.403709,3,3,0
6.1,1,gnb_2,2,6.198,12096.000000,6048.000000,5732.215303,5.505309,3,3,0
6.2,1,gnb_2,2,6.294,12096.000000,6048.000000,5842.739947,5.606909,3,3,0
6.3,1,gnb_2,2,6.396,12096.000000,6048.000000,5914.580966,5.708509,3,3,0
6.4,1,gnb_2,2,6.498,12096.000000,6048.000000,5961.277628,5.810109,3,3,0
6.5,1,gnb_2,2,6.594,12096.000000,6048.000000,5991.630458,5.911709,3,3,0
6.6,1,gnb_2,2,6.696,12096.000000,6048.000000,6011.359798,6.013309,3,3,0
6.7,1,gnb_2,2,6.798,12096.000000,6048.000000,6024.183869,6.114909,3,3,0
6.8,1,gnb_2,2,6.894,12096.000000,6048.000000,6032.519515,6.216509,3,3,0
6.9,1,gnb_2,2,6.996,12096.000000,6048.000000,6037.937684,6.318109,3,3,0
7.0,1,gnb_2,2,7.098,12528.000000,6264.000000,6117.059495,6.426909,3,4,0
7.1,1,gnb_2,2,7.194,12528.000000,6264.000000,6168.488672,6.434909,4,4,0
7.2,1,gnb_2,2,7.296,12528.000000,6264.000000,6201.917637,6.442909,4,4,0
7.3,1,gnb_2,2,7.398,12528.000000,6264.000000,6223.646464,6.450909,4,4,0
7.4,1,gnb_2,2,7.494,12528.000000,6264.000000,6237.770201,6.458909,4,4,0
7.5,1,gnb_2,2,7.596,12528.000000,6264.000000,6246.950631,6.466909,4,4,0
7.6,1,gnb_2,2,7.698,12528.000000,6264.000000,6252.917910,6.474909,4,4,0
7.7,1,gnb_2,2,7.794,12528.000000,6264.000000,6256.796642,6.482909,4,4,0
7.8,1,gnb_2,2,7.896,12528.000000,6264.000000,6259.317817,6.490909,4,4,0
7.9,1,gnb_2,2,7.998,12528.000000,6264.000000,6260.956581,6.498909,4,4,0
8.0,1,gnb_2,2,8.094,13664.000000,6832.000000,6460.821778,6.516702,4,4,0
8.1,1,gnb_2,2,8.196,13664.000000,6832.000000,6590.734156,6.534495,4,4,0
8.2,1,gnb_2,2,8.298,13664.000000,6832.000000,6675.177201,6.552288,4,4,0
8.3,1,gnb_2,2,8.394,13664.000000,6832.000000,6730.065181,6.570082,4,4,0
8.4,1,gnb_2,2,8.496,13664.000000,6832.000000,6765.742367,6.587875,4,4,0
8.5,1,gnb_2,2,8.598,13664.000000,6832.000000,6788.932539,6.605668,4,4,0
8.6,1,gnb_2,2,8.694,13664.000000,6832.000000,6804.006150,6.623461,4,4,0
8.7,1,gnb_2,2,8.796,13696.000000,6848.000000,6819.403998,6.641530,4,4,0
8.8,1,gnb_2,2,8.898,13696.000000,6848.000000,6829.412598,6.659599,4,4,0
8.9,1,gnb_2,2,8.994,13696.000000,6848.000000,6835.918189,6.677668,4,4,0
9.0,1,gnb_2,2,9.096,13696.000000,6848.000000,6840.146823,6.695737,4,4,0
9.1,1,gnb_2,2,9.198,13696.000000,6848.000000,6842.895435,6.713806,4,4,0
9.2,1,gnb_2,2,9.294,13920.000000,6960.000000,6883.882033,6.733806,4,4,0
9.3,1,gnb_2,2,9.396,13920.000000,6960.000000,6910.523321,6.753806,4,4,0
9.4,1,gnb_2,2,9.498,13920.000000,6960.000000,6927.840159,6.773806,4,4,0
9.5,1,gnb_2,2,9.594,13920.000000,6960.000000,6939.096103,6.793806,4,4,0
9.6,1,gnb_2,2,9.696,13920.000000,6960.000000,6946.412467,6.813806,4,4,0
9.7,1,gnb_2,2,9.798,13920.000000,6960.000000,6951.168104,6.833806,4,4,0
9.8,1,gnb_2,3,9.894,13920.000000,4640.000000,6142.259267,6.813806,4,3,0
9.9,1,gnb_2,3,9.996,13920.000000,4640.000000,5616.468524,6.868472,3,3,0
10.0,1,gnb_2,3,10.098,13920.000000,4640.000000,5274.704540,6.923139,3,3,0
10.1,1,gnb_2,3,10.194,13920.000000,4640.000000,5052.557951,6.977806,3,3,0
10.2,1,gnb_2,3,10.296,13600.000000,4533.333333,4870.829335,7.028917,3,3,0
10.3,1,gnb_2,3,10.398,13600.000000,4533.333333,4752.705734,7.080028,3,3,0
10.4,1,gnb_2,3,10.494,13600.000000,4533.333333,4675.925394,7.131139,3,3,0
10.5,1,gnb_2,3,10.596,13600.000000,4533.333333,4626.018173,7.182250,3,3,0
10.6,1,gnb_2,3,10.698,13600.000000,4533.333333,4593.578479,7.233361,3,3,0
10.7,1,gnb_2,3,10.794,13600.000000,4533.333333,4572.492678,7.284472,3,3,0
10.8,1,gnb_2,3,10.896,13600.000000,4533.333333,4558.786907,7.335583,3,3,0
10.9,1,gnb_2,3,10.998,13600.000000,4533.333333,4549.878156,7.386695,3,3,0
11.0,1,gnb_2,3,11.094,13600.000000,4533.333333,4544.087468,7.437806,3,3,0
11.1,1,gnb_2,3,11.196,13888.000000,4629.333333,4573.923521,7.492117,3,3,0
11.2,1,gnb_2,3,11.298,13888.000000,4629.333333,4593.316955,7.546428,3,3,0
11.3,1,gnb_2,3,11.394,13888.000000,4629.333333,4605.922688,7.600739,3,3,0
11.4,1,gnb_2,3,11.496,13888.000000,4629.333333,4614.116414,7.655050,3,3,0
11.5,1,gnb_2,3,11.598,13888.000000,4629.333333,4619.442336,7.709361,3,3,0
11.6,1,gnb_2,3,11.694,13888.000000,4629.333333,4622.904185,7.763672,3,3,0
11.7,1,gnb_2,3,11.796,13888.000000,4629.333333,4625.154387,7.817983,3,3,0
11.8,1,gnb_2,3,11.898,13888.000000,4629.333333,4626.617018,7.872295,3,3,0
11.9,1,gnb_2,3,11.994,13920.000000,4640.000000,4631.301062,7.926961,3,3,0
12.0,1,gnb_2,3,12.096,13920.000000,4640.000000,4634.345690,7.981628,3,3,0
12.1,1,gnb_2,3,12.198,13920.000000,4640.000000,4636.324699,8.036295,3,3,0
12.2,1,gnb_2,3,12.294,13920.000000,4640.000000,4637.611054,8.090961,3,3,0
12.3,1,gnb_2,3,12.396,13920.000000,4640.000000,4638.447185,8.145628,3,3,0
12.4,1,gnb_2,3,12.498,13920.000000,4640.000000,4638.990670,8.200295,3,3,0
12.5,1,gnb_2,3,12.594,13920.000000,4640.000000,4639.343936,8.254961,3,3,0
12.6,1,gnb_2,3,12.696,13920.000000,4640.000000,4639.573558,8.309628,3,3,0
12.7,1,gnb_2,3,12.798,13920.000000,4640.000000,4639.722813,8.364295,3,3,0
12.8,1,gnb_2,3,12.894,13920.000000,4640.000000,4639.819828,8.418961,3,3,0
12.9,1,gnb_2,3,12.996,13920.000000,4640.000000,4639.882888,8.473628,3,3,0
13.0,1,gnb_2,3,13.098,13920.000000,4640.000000,4639.923877,8.528295,3,3,0
13.1,1,gnb_2,3,13.194,13920.000000,4640.000000,4639.950520,8.582961,3,3,0
13.2,1,gnb_2,3,13.296,13920.000000,4640.000000,4639.967838,8.637628,3,3,0
13.3,1,gnb_2,3,13.398,13920.000000,4640.000000,4639.979095,8.692295,3,3,0
13.4,1,gnb_2,3,13.494,13920.000000,4640.000000,4639.986412,8.746961,3,3,0
13.5,1,gnb_2,3,13.596,13920.000000,4640.000000,4639.991168,8.801628,3,3,0
13.6,1,gnb_2,4,13.698,13920.000000,3480.000000,4233.994259,8.817628,3,3,0
13.7,1,gnb_2,4,13.794,13920.000000,3480.000000,3970.096268,8.833628,3,3,0
13.8,1,gnb_2,4,13.896,13920.000000,3480.000000,3798.562574,8.849628,3,3,0
13.9,1,gnb_2,4,13.998,13920.000000,3480.000000,3687.065673,8.865628,3,3,0
14.0,1,gnb_2,4,14.094,13920.000000,3480.000000,3614.592688,8.881628,3,3,0
14.1,1,gnb_2,4,14.196,13920.000000,3480.000000,3567.485247,8.897628,3,3,0
14.2,1,gnb_2,4,14.298,13920.000000,3480.000000,3536.865411,8.913628,3,3,0
14.3,1,gnb_2,4,14.394,13920.000000,3480.000000,3516.962517,8.929628,3,3,0
14.4,1,gnb_2,4,14.496,13920.000000,3480.000000,3504.025636,8.945628,3,3,0
14.5,1,gnb_2,4,14.598,13920.000000,3480.000000,3495.616663,8.961628,3,3,0
14.6,1,gnb_2,4,14.694,13920.000000,3480.000000,3490.150831,8.977628,3,3,0
14.7,1,gnb_2,4,14.796,13920.000000,3480.000000,3486.598040,8.993628,3,3,0
14.8,1,gnb_2,4,14.898,13920.000000,3480.000000,3484.288726,9.009628,3,3,0
14.9,1,gnb_2,4,14.994,13920.000000,3480.000000,3482.787672,9.025628,3,3,0
15.0,1,gnb_2,4,15.096,13920.000000,3480.000000,3481.811987,9.041628,3,3,0
15.1,1,gnb_2,4,15.198,13920.000000,3480.000000,3481.177791,9.057628,3,3,0
15.2,1,gnb_2,4,15.294,13920.000000,3480.000000,3480.765564,9.073628,3,3,0
15.3,1,gnb_2,4,15.396,13920.000000,3480.000000,3480.497617,9.089628,3,3,0
15.4,1,gnb_2,4,15.498,13920.000000,3480.000000,3480.323451,9.105628,3,3,0
15.5,1,gnb_2,4,15.594,13920.000000,3480.000000,3480.210243,9.121628,3,3,0
15.6,1,gnb_2,4,15.696,13920.000000,3480.000000,3480.136658,9.137628,3,3,0
15.7,1,gnb_2,4,15.798,13920.000000,3480.000000,3480.088828,9.153628,3,3,0
15.8,1,gnb_2,4,15.894,13920.000000,3480.000000,3480.057738,9.169628,3,3,0
15.9,1,gnb_2,4,15.996,13920.000000,3480.000000,3480.037530,9.185628,3,3,0
16.0,1,gnb_2,4,16.098,13920.000000,3480.000000,3480.024394,9.201628,3,3,0
16.1,1,gnb_2,4,16.194,13920.000000,3480.000000,3480.015856,9.217628,3,3,0
16.2,1,gnb_2,4,16.296,13920.000000,3480.000000,3480.010307,9.233628,3,3,0
16.3,1,gnb_2,4,16.398,13920.000000,3480.000000,3480.006699,9.249628,3,3,0
16.4,1,gnb_2,4,16.494,13920.000000,3480.000000,3480.004355,9.265628,3,3,0
16.5,1,gnb_2,4,16.596,13920.000000,3480.000000,3480.002830,9.281628,3,3,0
16.6,1,gnb_2,4,16.698,13920.000000,3480.000000,3480.001840,9.297628,3,3,0
16.7,1,gnb_2,4,16.794,13920.000000,3480.000000,3480.001196,9.313628,3,3,0
16.8,1,gnb_2,4,16.896,13920.000000,3480.000000,3480.000777,9.329628,3,3,0
16.9,1,gnb_2,4,16.998,13920.000000,3480.000000,3480.000505,9.345628,3,3,0
17.0,1,gnb_2,4,17.094,13920.000000,3480.000000,3480.000328,9.361628,3,3,0
17.1,1,gnb_2,4,17.196,13920.000000,3480.000000,3480.000213,9.377628,3,3,0
17.2,1,gnb_2,4,17.298,13920.000000,3480.000000,3480.000139,9.393628,3,3,0
17.3,1,gnb_2,4,17.394,13920.000000,3480.000000,3480.000090,9.409628,3,3,0
17.4,1,gnb_2,4,17.496,13920.000000,3480.000000,3480.000059,9.425628,3,3,0
17.5,1,gnb_2,4,17.598,13696.000000,3424.000000,3460.400038,9.439761,3,3,0
17.6,1,gnb_2,4,17.694,13696.000000,3424.000000,3447.660025,9.453895,3,3,0
17.7,1,gnb_2,4,17.796,13696.000000,3424.000000,3439.379016,9.468028,3,3,0
17.8,1,gnb_2,4,17.898,13696.000000,3424.000000,3433.996360,9.482161,3,3,0
17.9,1,gnb_2,4,17.994,13696.000000,3424.000000,3430.497634,9.496295,3,3,0
18.0,1,gnb_2,4,18.096,13696.000000,3424.000000,3428.223462,9.510428,3,3,0
18.1,1,gnb_2,4,18.198,13696.000000,3424.000000,3426.745250,9.524561,3,3,0
18.2,1,gnb_2,4,18.294,13696.000000,3424.000000,3425.784413,9.538695,3,3,0
18.3,1,gnb_2,4,18.396,13696.000000,3424.000000,3425.159868,9.552828,3,3,0
18.4,1,gnb_2,4,18.498,13696.000000,3424.000000,3424.753914,9.566961,3,3,0
18.5,1,gnb_2,4,18.594,13392.000000,3348.000000,3397.890044,9.578561,3,3,0
18.6,1,gnb_2,4,18.696,13392.000000,3348.000000,3380.428529,9.590161,3,3,0
18.7,1,gnb_2,4,18.798,13392.000000,3348.000000,3369.078544,9.601761,3,3,0
18.8,1,gnb_2,4,18.894,13424.000000,3356.000000,3364.501053,9.613628,3,3,0
18.9,1,gnb_2,5,18.996,13424.000000,2684.800000,3126.605685,9.603121,3,2,0
19.0,1,gnb_2,5,19.098,13568.000000,2713.600000,2982.053695,9.684028,2,2,0
19.1,1,gnb_2,5,19.194,13568.000000,2713.600000,2888.094902,9.764935,2,2,0
19.2,1,gnb_2,5,19.296,13568.000000,2713.600000,2827.021686,9.845841,2,2,0
19.3,1,gnb_2,5,19.398,13568.000000,2713.600000,2787.324096,9.926748,2,2,0
19.4,1,gnb_2,5,19.494,13600.000000,2720.000000,2763.760662,10.008081,2,2,0
19.5,1,gnb_2,5,19.596,13696.000000,2739.200000,2755.164431,10.090695,2,2,0
19.6,1,gnb_2,5,19.698,13696.000000,2739.200000,2749.576880,10.173308,2,2,0
19.7,1,gnb_2,5,19.794,13696.000000,2739.200000,2745.944972,10.255921,2,2,0
19.8,1,gnb_2,5,19.896,13696.000000,2739.200000,2743.584232,10.338535,2,2,0
19.9,1,gnb_2,5,19.998,13696.000000,2739.200000,2742.049751,10.421148,2,2,0
20.0,1,gnb_2,5,20.094,13920.000000,2784.000000,2756.732338,10.506748,2,2,0
20.1,1,gnb_2,5,20.196,13920.000000,2784.000000,2766.276020,10.592348,2,2,0
20.2,1,gnb_2,5,20.298,13920.000000,2784.000000,2772.479413,10.677948,2,2,0
20.3,1,gnb_2,5,20.394,13920.000000,2784.000000,2776.511618,10.763548,2,2,0
20.4,1,gnb_2,5,20.496,13920.000000,2784.000000,2779.132552,10.849148,2,2,0
20.5,1,gnb_2,5,20.598,13920.000000,2784.000000,2780.836159,10.934748,2,2,0
20.6,1,gnb_2,5,20.694,13920.000000,2784.000000,2781.943503,11.020348,2,2,0
20.7,1,gnb_2,5,20.796,13920.000000,2784.000000,2782.663277,11.105948,2,2,0
20.8,1,gnb_2,5,20.898,13920.000000,2784.000000,2783.131130,11.191548,2,2,0
20.9,1,gnb_2,5,20.994,13920.000000,2784.000000,2783.435235,11.277148,2,2,0
21.0,1,gnb_2,5,21.096,13920.000000,2784.000000,2783.632902,11.362748,2,2,0
21.1,1,gnb_2,5,21.198,13920.000000,2784.000000,2783.761387,11.448348,2,2,0
21.2,1,gnb_2,5,21.294,13920.000000,2784.000000,2783.844901,11.533948,2,2,0
21.3,1,gnb_2,5,21.396,13920.000000,2784.000000,2783.899186,11.619548,2,2,0
21.4,1,gnb_2,5,21.498,13920.000000,2784.000000,2783.934471,11.705148,2,2,0
21.5,1,gnb_2,5,21.594,13920.000000,2784.000000,2783.957406,11.790748,2,2,0
21.6,1,gnb_2,5,21.696,13696.000000,2739.200000,2768.292314,11.873361,2,2,0
21.7,1,gnb_2,5,21.798,13696.000000,2739.200000,2758.110004,11.955975,2,2,0
21.8,1,gnb_2,5,21.894,13696.000000,2739.200000,2751.491503,12.000000,2,2,0
21.9,1,gnb_2,5,21.996,13696.000000,2739.200000,2747.189477,12.000000,2,2,0
22.0,1,gnb_2,5,22.098,13600.000000,2720.000000,2737.673160,12.000000,2,2,0
22.1,1,gnb_2,5,22.194,13600.000000,2720.000000,2731.487554,12.000000,2,2,0
22.2,1,gnb_2,5,22.296,13600.000000,2720.000000,2727.466910,12.000000,2,2,0
22.3,1,gnb_2,5,22.398,13600.000000,2720.000000,2724.853492,12.000000,2,2,0
22.4,1,gnb_2,5,22.494,13920.000000,2784.000000,2745.554769,12.000000,2,2,0
22.5,1,gnb_2,5,22.596,13920.000000,2784.000000,2759.010600,12.000000,2,2,0
22.6,1,gnb_2,5,22.698,13920.000000,2784.000000,2767.756890,12.000000,2,2,0
22.7,1,gnb_2,5,22.794,13920.000000,2784.000000,2773.441979,12.000000,2,2,0
22.8,1,gnb_2,5,22.896,13920.000000,2784.000000,2777.137286,12.000000,2,2,0
22.9,1,gnb_2,6,22.998,13920.000000,2320.000000,2617.139236,12.000000,2,2,0
23.0,1,gnb_1,3,23.094,13920.000000,4640.000000,3325.140503,12.000000,2,3,0
23.1,1,gnb_1,3,23.196,13920.000000,4640.000000,3785.341327,12.000000,3,3,0
23.2,1,gnb_1,3,23.298,13424.000000,4474.666667,4026.605196,12.000000,3,3,0
23.3,1,gnb_1,3,23.394,13424.000000,4474.666667,4183.426711,12.000000,3,3,0
23.4,1,gnb_1,3,23.496,13568.000000,4522.666667,4302.160695,12.000000,3,3,0
23.5,1,gnb_1,3,23.598,13568.000000,4522.666667,4379.337785,12.000000,3,3,0
23.6,1,gnb_1,3,23.694,13920.000000,4640.000000,4470.569560,12.000000,3,3,0
23.7,1,gnb_1,3,23.796,13920.000000,4640.000000,4529.870214,12.000000,3,3,0
23.8,1,gnb_1,3,23.898,13920.000000,4640.000000,4568.415639,12.000000,3,3,0
23.9,1,gnb_1,3,23.994,13920.000000,4640.000000,4593.470166,12.000000,3,3,0
24.0,1,gnb_2,6,24.096,13920.000000,2320.000000,3797.755608,11.977333,3,2,0
24.1,1,gnb_2,6,24.198,13920.000000,2320.000000,3280.541145,12.000000,2,2,0
24.2,1,gnb_2,6,24.294,13920.000000,2320.000000,2944.351744,12.000000,2,2,0
24.3,1,gnb_2,6,24.396,13920.000000,2320.000000,2725.828634,12.000000,2,2,0
24.4,1,gnb_2,6,24.498,13920.000000,2320.000000,2583.788612,12.000000,2,2,0
24.5,1,gnb_2,6,24.594,13920.000000,2320.000000,2491.462598,12.000000,2,2,0
24.6,1,gnb_2,6,24.696,13920.000000,2320.000000,2431.450689,12.000000,2,2,0
24.7,1,gnb_2,6,24.798,13920.000000,2320.000000,2392.442948,12.000000,2,2,0
24.8,1,gnb_2,6,24.894,13920.000000,2320.000000,2367.087916,12.000000,2,2,0
24.9,1,gnb_2,6,24.996,13920.000000,2320.000000,2350.607145,12.000000,2,2,0
25.0,1,gnb_2,5,25.098,13920.000000,2784.000000,2502.294644,12.000000,2,2,0
25.1,1,gnb_2,5,25.194,13920.000000,2784.000000,2600.891519,12.000000,2,2,0
25.2,1,gnb_2,5,25.296,12528.000000,2505.600000,2567.539487,12.000000,2,2,0
25.3,1,gnb_2,5,25.398,12528.000000,2505.600000,2545.860667,12.000000,2,2,0
25.4,1,gnb_2,5,25.494,12528.000000,2505.600000,2531.769433,12.000000,2,2,0
25.5,1,gnb_2,5,25.596,12528.000000,2505.600000,2522.610132,12.000000,2,2,0
25.6,1,gnb_2,5,25.698,12528.000000,2505.600000,2516.656586,12.000000,2,2,0
25.7,1,gnb_2,5,25.794,12528.000000,2505.600000,2512.786781,12.000000,2,2,0
25.8,1,gnb_2,5,25.896,12528.000000,2505.600000,2510.271407,12.000000,2,2,0
25.9,1,gnb_2,5,25.998,12528.000000,2505.600000,2508.636415,12.000000,2,2,0
26.0,1,gnb_2,6,26.094,10288.000000,1714.666667,2230.747003,12.000000,2,2,0
26.1,1,gnb_2,6,26.196,10288.000000,1714.666667,2050.118885,12.000000,2,2,0
26.2,1,gnb_2,6,26.298,10288.000000,1714.666667,1932.710609,12.000000,2,2,0
26.3,1,gnb_2,6,26.394,10288.000000,1714.666667,1856.395229,12.000000,2,2,0
26.4,1,gnb_2,6,26.496,11856.000000,1976.000000,1898.256899,12.000000,2,2,0
26.5,1,gnb_2,6,26.598,11856.000000,1976.000000,1925.466984,12.000000,2,2,0
26.6,1,gnb_2,6,26.694,11856.000000,1976.000000,1943.153540,12.000000,2,2,0
26.7,1,gnb_2,6,26.796,11856.000000,1976.000000,1954.649801,12.000000,2,2,0
26.8,1,gnb_2,7,26.898,13600.000000,1942.857143,1950.522371,12.000000,2,2,0
26.9,1,gnb_2,7,26.994,13600.000000,1942.857143,1947.839541,12.000000,2,2,0
27.0,1,gnb_2,6,27.096,13920.000000,2320.000000,2078.095702,12.000000,2,2,0
27.1,1,gnb_2,6,27.198,13920.000000,2320.000000,2162.762206,12.000000,2,2,0
27.2,1,gnb_2,6,27.294,13920.000000,2320.000000,2217.795434,12.000000,2,2,0
27.3,1,gnb_2,6,27.396,13920.000000,2320.000000,2253.567032,12.000000,2,2,0
27.4,1,gnb_2,6,27.498,13920.000000,2320.000000,2276.818571,12.000000,2,2,0
27.5,1,gnb_2,6,27.594,13920.000000,2320.000000,2291.932071,12.000000,2,2,0
27.6,1,gnb_2,6,27.696,13920.000000,2320.000000,2301.755846,12.000000,2,2,0
27.7,1,gnb_2,6,27.798,13920.000000,2320.000000,2308.141300,12.000000,2,2,0
27.8,1,gnb_2,6,27.894,13920.000000,2320.000000,2312.291845,12.000000,2,2,0
27.9,1,gnb_2,6,27.996,13696.000000,2282.666667,2301.923033,12.000000,2,2,0
28.0,1,gnb_2,6,28.098,13696.000000,2282.666667,2295.183305,12.000000,2,2,0
28.1,1,gnb_2,6,28.194,13696.000000,2282.666667,2290.802481,12.000000,2,2,0
28.2,1,gnb_2,6,28.296,13920.000000,2320.000000,2301.021613,12.000000,2,2,0
28.3,1,gnb_2,6,28.398,13920.000000,2320.000000,2307.664048,12.000000,2,2,0
28.4,1,gnb_2,6,28.494,13920.000000,2320.000000,2311.981631,12.000000,2,2,0
28.5,1,gnb_2,6,28.596,13888.000000,2314.666667,2312.921394,12.000000,2,2,0
28.6,1,gnb_2,6,28.698,13888.000000,2314.666667,2313.532239,12.000000,2,2,0
28.7,1,gnb_2,6,28.794,13888.000000,2314.666667,2313.929289,12.000000,2,2,0
28.8,1,gnb_2,6,28.896,13920.000000,2320.000000,2316.054038,12.000000,2,2,0
28.9,1,gnb_2,6,28.998,13920.000000,2320.000000,2317.435125,12.000000,2,2,0
29.0,1,gnb_1,4,29.094,13920.000000,3480.000000,2724.332831,12.000000,2,2,0
29.1,1,gnb_1,4,29.196,13920.000000,3480.000000,2988.816340,12.000000,2,2,0
29.2,1,gnb_1,4,29.298,13920.000000,3480.000000,3160.730621,12.000000,2,3,0
29.3,1,gnb_1,4,29.394,13920.000000,3480.000000,3272.474904,12.000000,3,3,0
29.4,1,gnb_1,4,29.496,13920.000000,3480.000000,3345.108687,12.000000,3,3,0
29.5,1,gnb_1,4,29.598,13920.000000,3480.000000,3392.320647,12.000000,3,3,0
29.6,1,gnb_1,4,29.694,13888.000000,3472.000000,3420.208420,12.000000,3,3,0
29.7,1,gnb_1,4,29.796,13888.000000,3472.000000,3438.335473,12.000000,3,3,0
29.8,1,gnb_1,4,29.898,13920.000000,3480.000000,3452.918058,12.000000,3,3,0
29.9,1,gnb_1,4,29.994,13920.000000,3480.000000,3462.396737,12.000000,3,3,0
30.0,1,gnb_1,4,30.096,13920.000000,3480.000000,3468.557879,12.000000,3,3,0
30.1,1,gnb_1,4,30.198,13920.000000,3480.000000,3472.562622,12.000000,3,3,0
30.2,1,gnb_1,4,30.294,13920.000000,3480.000000,3475.165704,12.000000,3,3,0
30.3,1,gnb_1,4,30.396,13920.000000,3480.000000,3476.857708,12.000000,3,3,0
30.4,1,gnb_1,4,30.498,13920.000000,3480.000000,3477.957510,12.000000,3,3,0
30.5,1,gnb_1,4,30.594,13920.000000,3480.000000,3478.672381,12.000000,3,3,0
30.6,1,gnb_1,4,30.696,13920.000000,3480.000000,3479.137048,12.000000,3,3,0
30.7,1,gnb_1,4,30.798,13920.000000,3480.000000,3479.439081,12.000000,3,3,0
30.8,1,gnb_1,4,30.894,13920.000000,3480.000000,3479.635403,12.000000,3,3,0
30.9,1,gnb_1,4,30.996,13920.000000,3480.000000,3479.763012,12.000000,3,3,0
31.0,1,gnb_1,4,31.098,13920.000000,3480.000000,3479.845958,12.000000,3,3,0
31.1,1,gnb_1,4,31.194,13920.000000,3480.000000,3479.899872,12.000000,3,3,0
31.2,1,gnb_1,4,31.296,13920.000000,3480.000000,3479.934917,12.000000,3,3,0
31.3,1,gnb_1,4,31.398,13920.000000,3480.000000,3479.957696,12.000000,3,3,0
31.4,1,gnb_1,4,31.494,13920.000000,3480.000000,3479.972502,12.000000,3,3,0
31.5,1,gnb_1,4,31.596,13920.000000,3480.000000,3479.982127,12.000000,3,3,0
31.6,1,gnb_1,4,31.698,13920.000000,3480.000000,3479.988382,12.000000,3,3,0
31.7,1,gnb_1,4,31.794,13920.000000,3480.000000,3479.992448,12.000000,3,3,0
31.8,1,gnb_1,4,31.896,13920.000000,3480.000000,3479.995092,12.000000,3,3,0
31.9,1,gnb_1,4,31.998,13920.000000,3480.000000,3479.996809,12.000000,3,3,0
32.0,1,gnb_1,4,32.094,13920.000000,3480.000000,3479.997926,12.000000,3,3,0
32.1,1,gnb_1,4,32.196,13920.000000,3480.000000,3479.998652,12.000000,3,3,0
32.2,1,gnb_1,4,32.298,13920.000000,3480.000000,3479.999124,12.000000,3,3,0
32.3,1,gnb_1,4,32.394,13920.000000,3480.000000,3479.999430,12.000000,3,3,0
32.4,1,gnb_1,4,32.496,13920.000000,3480.000000,3479.999630,12.000000,3,3,0
32.5,1,gnb_1,4,32.598,13920.000000,3480.000000,3479.999759,12.000000,3,3,0
32.6,1,gnb_1,4,32.694,13920.000000,3480.000000,3479.999844,12.000000,3,3,0
32.7,1,gnb_1,4,32.796,13920.000000,3480.000000,3479.999898,12.000000,3,3,0
32.8,1,gnb_1,4,32.898,13920.000000,3480.000000,3479.999934,12.000000,3,3,0
32.9,1,gnb_1,4,32.994,13920.000000,3480.000000,3479.999957,12.000000,3,3,0
33.0,1,gnb_1,4,33.096,13920.000000,3480.000000,3479.999972,12.000000,3,3,0
33.1,1,gnb_1,4,33.198,13920.000000,3480.000000,3479.999982,12.000000,3,3,0
33.2,1,gnb_1,4,33.294,13920.000000,3480.000000,3479.999988,12.000000,3,3,0
33.3,1,gnb_1,4,33.396,13920.000000,3480.000000,3479.999992,12.000000,3,3,0
33.4,1,gnb_1,4,33.498,13920.000000,3480.000000,3479.999995,12.000000,3,3,0
33.5,1,gnb_1,4,33.594,13920.000000,3480.000000,3479.999997,12.000000,3,3,0
33.6,1,gnb_1,4,33.696,13920.000000,3480.000000,3479.999998,12.000000,3,3,0
33.7,1,gnb_1,4,33.798,13920.000000,3480.000000,3479.999999,12.000000,3,3,0
33.8,1,gnb_1,4,33.894,13920.000000,3480.000000,3479.999999,12.000000,3,3,0
33.9,1,gnb_1,4,33.996,13920.000000,3480.000000,3479.999999,12.000000,3,3,0
34.0,1,gnb_1,4,34.098,13920.000000,3480.000000,3480.000000,12.000000,3,3,0
34.1,1,gnb_1,4,34.194,13920.000000,3480.000000,3480.000000,12.000000,3,3,0
34.2,1,gnb_1,4,34.296,13920.000000,3480.000000,3480.000000,12.000000,3,3,0
34.3,1,gnb_1,4,34.398,13920.000000,3480.000000,3480.000000,12.000000,3,3,0
34.4,1,gnb_1,4,34.494,13920.000000,3480.000000,3480.000000,12.000000,3,3,0
34.5,1,gnb_1,4,34.596,13920.000000,3480.000000,3480.000000,12.000000,3,3,0
34.6,1,gnb_1,4,34.698,13920.000000,3480.000000,3480.000000,12.000000,3,3,0
34.7,1,gnb_1,4,34.794,13920.000000,3480.000000,3480.000000,12.000000,3,3,0
34.8,1,gnb_1,4,34.896,13920.000000,3480.000000,3480.000000,12.000000,3,3,0
34.9,1,gnb_1,4,34.998,13920.000000,3480.000000,3480.000000,12.000000,3,3,0
35.0,1,gnb_1,4,35.094,13920.000000,3480.000000,3480.000000,12.000000,3,3,0
35.1,1,gnb_1,4,35.196,13920.000000,3480.000000,3480.000000,12.000000,3,3,0
35.2,1,gnb_1,4,35.298,13920.000000,3480.000000,3480.000000,12.000000,3,3,0
35.3,1,gnb_1,4,35.394,13920.000000,3480.000000,3480.000000,12.000000,3,3,0
35.4,1,gnb_1,4,35.496,13920.000000,3480.000000,3480.000000,12.000000,3,3,0
35.5,1,gnb_1,4,35.598,13920.000000,3480.000000,3480.000000,12.000000,3,3,0
35.6,1,gnb_1,4,35.694,13920.000000,3480.000000,3480.000000,12.000000,3,3,0
35.7,1,gnb_1,4,35.796,13920.000000,3480.000000,3480.000000,12.000000,3,3,0
35.8,1,gnb_1,4,35.898,13920.000000,3480.000000,3480.000000,12.000000,3,3,0
35.9,1,gnb_1,4,35.994,13920.000000,3480.000000,3480.000000,12.000000,3,3,0
36.0,1,gnb_1,4,36.096,13920.000000,3480.000000,3480.000000,12.000000,3,3,0
36.1,1,gnb_1,4,36.198,13920.000000,3480.000000,3480.000000,12.000000,3,3,0
36.2,1,gnb_1,4,36.294,13920.000000,3480.000000,3480.000000,12.000000,3,3,0
36.3,1,gnb_1,4,36.396,13920.000000,3480.000000,3480.000000,12.000000,3,3,0
36.4,1,gnb_1,4,36.498,13920.000000,3480.000000,3480.000000,12.000000,3,3,0
36.5,1,gnb_1,4,36.594,13920.000000,3480.000000,3480.000000,12.000000,3,3,0
36.6,1,gnb_1,4,36.696,13920.000000,3480.000000,3480.000000,12.000000,3,3,0
36.7,1,gnb_1,4,36.798,13920.000000,3480.000000,3480.000000,12.000000,3,3,0
36.8,1,gnb_1,4,36.894,13920.000000,3480.000000,3480.000000,12.000000,3,3,0
36.9,1,gnb_1,4,36.996,13920.000000,3480.000000,3480.000000,12.000000,3,3,0
37.0,1,gnb_1,4,37.098,13920.000000,3480.000000,3480.000000,12.000000,3,3,0
37.1,1,gnb_1,4,37.194,13920.000000,3480.000000,3480.000000,12.000000,3,3,0
37.2,1,gnb_1,4,37.296,13920.000000,3480.000000,3480.000000,12.000000,3,3,0
37.3,1,gnb_1,4,37.398,13920.000000,3480.000000,3480.000000,12.000000,3,3,0
37.4,1,gnb_1,4,37.494,13920.000000,3480.000000,3480.000000,12.000000,3,3,0
37.5,1,gnb_1,4,37.596,13920.000000,3480.000000,3480.000000,12.000000,3,3,0
37.6,1,gnb_1,4,37.698,13920.000000,3480.000000,3480.000000,12.000000,3,3,0
37.7,1,gnb_1,4,37.794,13920.000000,3480.000000,3480.000000,12.000000,3,3,0
37.8,1,gnb_1,4,37.896,13920.000000,3480.000000,3480.000000,12.000000,3,3,0
37.9,1,gnb_1,4,37.998,13920.000000,3480.000000,3480.000000,12.000000,3,3,0
38.0,1,gnb_1,5,38.094,13920.000000,2784.000000,3236.400000,11.992800,3,2,0
38.1,1,gnb_1,5,38.196,13920.000000,2784.000000,3078.060000,12.000000,2,2,0
38.2,1,gnb_1,5,38.298,13920.000000,2784.000000,2975.139000,12.000000,2,2,0
38.3,1,gnb_1,5,38.394,13920.000000,2784.000000,2908.240350,12.000000,2,2,0
38.4,1,gnb_1,5,38.496,13920.000000,2784.000000,2864.756228,12.000000,2,2,0
38.5,1,gnb_1,5,38.598,13920.000000,2784.000000,2836.491548,12.000000,2,2,0
38.6,1,gnb_1,5,38.694,13920.000000,2784.000000,2818.119506,12.000000,2,2,0
38.7,1,gnb_1,5,38.796,13920.000000,2784.000000,2806.177679,12.000000,2,2,0
38.8,1,gnb_1,5,38.898,13920.000000,2784.000000,2798.415491,12.000000,2,2,0
38.9,1,gnb_1,5,38.994,13920.000000,2784.000000,2793.370069,12.000000,2,2,0
39.0,1,gnb_1,5,39.096,13920.000000,2784.000000,2790.090545,12.000000,2,2,0
39.1,1,gnb_1,5,39.198,13920.000000,2784.000000,2787.958854,12.000000,2,2,0
39.2,1,gnb_1,5,39.294,13920.000000,2784.000000,2786.573255,12.000000,2,2,0
39.3,1,gnb_1,5,39.396,13920.000000,2784.000000,2785.672616,12.000000,2,2,0
39.4,1,gnb_1,5,39.498,13920.000000,2784.000000,2785.087200,12.000000,2,2,0
39.5,1,gnb_1,5,39.594,13920.000000,2784.000000,2784.706680,12.000000,2,2,0
39.6,1,gnb_1,5,39.696,13920.000000,2784.000000,2784.459342,12.000000,2,2,0
39.7,1,gnb_1,5,39.798,13920.000000,2784.000000,2784.298572,12.000000,2,2,0
39.8,1,gnb_1,5,39.894,13920.000000,2784.000000,2784.194072,12.000000,2,2,0
39.9,1,gnb_1,5,39.996,13920.000000,2784.000000,2784.126147,12.000000,2,2,0
40.0,1,gnb_1,7,40.098,13920.000000,1988.571429,2505.681995,12.000000,2,2,0
40.1,1,gnb_1,7,40.194,13920.000000,1988.571429,2324.693297,12.000000,2,2,0
40.2,1,gnb_1,7,40.296,13920.000000,1988.571429,2207.050643,12.000000,2,2,0
40.3,1,gnb_1,7,40.398,13920.000000,1988.571429,2130.582918,12.000000,2,2,0
40.4,1,gnb_1,7,40.494,13920.000000,1988.571429,2080.878897,12.000000,2,2,0
40.5,1,gnb_1,7,40.596,13920.000000,1988.571429,2048.571283,12.000000,2,2,0
40.6,1,gnb_1,7,40.698,13920.000000,1988.571429,2027.571334,12.000000,2,2,0
40.7,1,gnb_1,7,40.794,13920.000000,1988.571429,2013.921367,12.000000,2,2,0
40.8,1,gnb_1,7,40.896,13920.000000,1988.571429,2005.048889,12.000000,2,2,0
40.9,1,gnb_1,7,40.998,13920.000000,1988.571429,1999.281778,12.000000,2,2,0
41.0,1,gnb_1,7,41.094,13920.000000,1988.571429,1995.533155,12.000000,2,2,0
41.1,1,gnb_1,7,41.196,13920.000000,1988.571429,1993.096551,12.000000,2,2,0
41.2,1,gnb_1,7,41.298,13920.000000,1988.571429,1991.512758,12.000000,2,2,0
41.3,1,gnb_1,7,41.394,13920.000000,1988.571429,1990.483293,12.000000,2,2,0
41.4,1,gnb_1,7,41.496,13920.000000,1988.571429,1989.814140,12.000000,2,2,0
41.5,1,gnb_1,7,41.598,13920.000000,1988.571429,1989.379191,12.000000,2,2,0
41.6,1,gnb_1,7,41.694,13920.000000,1988.571429,1989.096474,12.000000,2,2,0
41.7,1,gnb_1,7,41.796,13920.000000,1988.571429,1988.912708,12.000000,2,2,0
41.8,1,gnb_1,7,41.898,13920.000000,1988.571429,1988.793260,12.000000,2,2,0
41.9,1,gnb_1,7,41.994,13920.000000,1988.571429,1988.715619,12.000000,2,2,0
42.0,1,gnb_1,6,42.096,13920.000000,2320.000000,2104.665153,12.000000,2,2,0
42.1,1,gnb_1,6,42.198,13920.000000,2320.000000,2180.032349,12.000000,2,2,0
42.2,1,gnb_1,6,42.294,13920.000000,2320.000000,2229.021027,12.000000,2,2,0
42.3,1,gnb_1,6,42.396,13920.000000,2320.000000,2260.863668,12.000000,2,2,0
42.4,1,gnb_1,6,42.498,13920.000000,2320.000000,2281.561384,12.000000,2,2,0
42.5,1,gnb_1,6,42.594,13920.000000,2320.000000,2295.014900,12.000000,2,2,0
42.6,1,gnb_1,6,42.696,13920.000000,2320.000000,2303.759685,12.000000,2,2,0
42.7,1,gnb_1,6,42.798,13920.000000,2320.000000,2309.443795,12.000000,2,2,0
42.8,1,gnb_1,6,42.894,13920.000000,2320.000000,2313.138467,12.000000,2,2,0
42.9,1,gnb_1,6,42.996,13920.000000,2320.000000,2315.540003,12.000000,2,2,0
43.0,1,gnb_1,6,43.098,13920.000000,2320.000000,2317.101002,12.000000,2,2,0
43.1,1,gnb_1,6,43.194,13920.000000,2320.000000,2318.115651,12.000000,2,2,0
43.2,1,gnb_1,6,43.296,13920.000000,2320.000000,2318.775173,12.000000,2,2,0
43.3,1,gnb_1,6,43.398,13920.000000,2320.000000,2319.203863,12.000000,2,2,0
43.4,1,gnb_1,6,43.494,13920.000000,2320.000000,2319.482511,12.000000,2,2,0
43.5,1,gnb_1,6,43.596,13920.000000,2320.000000,2319.663632,12.000000,2,2,0
43.6,1,gnb_1,6,43.698,13920.000000,2320.000000,2319.781361,12.000000,2,2,0
43.7,1,gnb_1,6,43.794,13920.000000,2320.000000,2319.857885,12.000000,2,2,0
43.8,1,gnb_1,6,43.896,13920.000000,2320.000000,2319.907625,12.000000,2,2,0
43.9,1,gnb_1,6,43.998,13920.000000,2320.000000,2319.939956,12.000000,2,2,0
44.0,1,gnb_1,6,44.094,13920.000000,2320.000000,2319.960972,12.000000,2,2,0
44.1,1,gnb_1,6,44.196,13920.000000,2320.000000,2319.974631,12.000000,2,2,0
44.2,1,gnb_1,6,44.298,13920.000000,2320.000000,2319.983510,12.000000,2,2,0
44.3,1,gnb_1,6,44.394,13920.000000,2320.000000,2319.989282,12.000000,2,2,0
44.4,1,gnb_1,6,44.496,13920.000000,2320.000000,2319.993033,12.000000,2,2,0
44.5,1,gnb_1,6,44.598,13920.000000,2320.000000,2319.995472,12.000000,2,2,0
44.6,1,gnb_1,6,44.694,13920.000000,2320.000000,2319.997057,12.000000,2,2,0
44.7,1,gnb_1,6,44.796,13920.000000,2320.000000,2319.998087,12.000000,2,2,0
44.8,1,gnb_1,6,44.898,13920.000000,2320.000000,2319.998756,12.000000,2,2,0
44.9,1,gnb_1,6,44.994,13920.000000,2320.000000,2319.999192,12.000000,2,2,0
45,1,gnb_1,3,45,13920.000000,4640.000000,3131.999475,12.000000,2,3,0
1.7,15,gnb_1,2,1.794,13920.000000,6960.000000,3828.000000,3.165455,1,1,0
1.8,15,gnb_1,2,1.896,13920.000000,6960.000000,4924.200000,4.330909,1,2,0
1.9,15,gnb_1,2,1.998,13920.000000,6960.000000,5636.730000,4.694909,2,3,0
2.0,15,gnb_1,2,2.094,13920.000000,6960.000000,6099.874500,4.826909,3,3,0
2.1,15,gnb_1,2,2.196,13920.000000,6960.000000,6400.918425,4.958909,3,3,0
2.2,15,gnb_1,2,2.298,13920.000000,6960.000000,6596.596976,5.090909,3,4,0
2.3,15,gnb_1,2,2.394,13920.000000,6960.000000,6723.788035,5.110909,4,4,0
2.4,15,gnb_1,2,2.496,13920.000000,6960.000000,6806.462222,5.130909,4,4,0
2.5,15,gnb_1,2,2.598,13920.000000,6960.000000,6860.200445,5.150909,4,4,0
2.6,15,gnb_1,2,2.694,13920.000000,6960.000000,6895.130289,5.170909,4,4,0
2.7,15,gnb_1,2,2.796,13920.000000,6960.000000,6917.834688,5.190909,4,4,0
2.8,15,gnb_1,2,2.898,13920.000000,6960.000000,6932.592547,5.210909,4,4,0
2.9,15,gnb_1,2,2.994,13920.000000,6960.000000,6942.185156,5.230909,4,4,0
3.0,15,gnb_1,2,3.096,13920.000000,6960.000000,6948.420351,5.250909,4,4,0
3.1,15,gnb_1,2,3.198,13920.000000,6960.000000,6952.473228,5.270909,4,4,0
3.2,15,gnb_1,2,3.294,13920.000000,6960.000000,6955.107598,5.290909,4,4,0
3.3,15,gnb_1,2,3.396,13920.000000,6960.000000,6956.819939,5.310909,4,4,0
3.4,15,gnb_1,2,3.498,13920.000000,6960.000000,6957.932960,5.330909,4,4,0
3.5,15,gnb_1,2,3.594,13920.000000,6960.000000,6958.656424,5.350909,4,4,0
3.6,15,gnb_1,2,3.696,13920.000000,6960.000000,6959.126676,5.370909,4,4,0
3.7,15,gnb_1,2,3.798,13920.000000,6960.000000,6959.432339,5.390909,4,4,0
3.8,15,gnb_1,2,3.894,13920.000000,6960.000000,6959.631020,5.410909,4,4,0
3.9,15,gnb_1,2,3.996,13920.000000,6960.000000,6959.760163,5.430909,4,4,0
4.0,15,gnb_1,2,4.098,13920.000000,6960.000000,6959.844106,5.450909,4,4,0
4.1,15,gnb_1,2,4.194,13920.000000,6960.000000,6959.898669,5.470909,4,4,0
4.2,15,gnb_1,2,4.296,13920.000000,6960.000000,6959.934135,5.490909,4,4,0
4.3,15,gnb_1,2,4.398,13920.000000,6960.000000,6959.957188,5.510909,4,4,0
4.4,15,gnb_1,2,4.494,13920.000000,6960.000000,6959.972172,5.530909,4,4,0
4.5,15,gnb_1,2,4.596,13920.000000,6960.000000,6959.981912,5.550909,4,4,0
4.6,15,gnb_1,2,4.698,13920.000000,6960.000000,6959.988243,5.570909,4,4,0
4.7,15,gnb_1,2,4.794,13920.000000,6960.000000,6959.992358,5.590909,4,4,0
4.8,15,gnb_1,2,4.896,13920.000000,6960.000000,6959.995033,5.610909,4,4,0
4.9,15,gnb_1,2,4.998,13920.000000,6960.000000,6959.996771,5.630909,4,4,0
5.0,15,gnb_1,2,5.094,13920.000000,6960.000000,6959.997901,5.650909,4,4,0
5.1,15,gnb_1,2,5.196,13920.000000,6960.000000,6959.998636,5.670909,4,4,0
5.2,15,gnb_1,2,5.298,13920.000000,6960.000000,6959.999113,5.690909,4,4,0
5.3,15,gnb_1,2,5.394,13920.000000,6960.000000,6959.999424,5.710909,4,4,0
5.4,15,gnb_1,2,5.496,13920.000000,6960.000000,6959.999625,5.730909,4,4,0
5.5,15,gnb_1,2,5.598,13920.000000,6960.000000,6959.999756,5.750909,4,4,0
5.6,15,gnb_1,2,5.694,13920.000000,6960.000000,6959.999842,5.770909,4,4,0
5.7,15,gnb_1,2,5.796,13920.000000,6960.000000,6959.999897,5.790909,4,4,0
5.8,15,gnb_1,2,5.898,13920.000000,6960.000000,6959.999933,5.810909,4,4,0
5.9,15,gnb_1,2,5.994,13920.000000,6960.000000,6959.999957,5.830909,4,4,0
6.0,15,gnb_1,2,6.096,13920.000000,6960.000000,6959.999972,5.850909,4,4,0
6.1,15,gnb_1,2,6.198,13920.000000,6960.000000,6959.999982,5.870909,4,4,0
6.2,15,gnb_1,2,6.294,13920.000000,6960.000000,6959.999988,5.890909,4,4,0
6.3,15,gnb_1,2,6.396,13920.000000,6960.000000,6959.999992,5.910909,4,4,0
6.4,15,gnb_1,2,6.498,13920.000000,6960.000000,6959.999995,5.930909,4,4,0
6.5,15,gnb_1,2,6.594,13920.000000,6960.000000,6959.999997,5.950909,4,4,0
6.6,15,gnb_1,2,6.696,13920.000000,6960.000000,6959.999998,5.970909,4,4,0
6.7,15,gnb_1,2,6.798,13920.000000,6960.000000,6959.999999,5.990909,4,4,0
6.8,15,gnb_1,2,6.894,13920.000000,6960.000000,6959.999999,6.010909,4,4,0
6.9,15,gnb_1,2,6.996,13920.000000,6960.000000,6959.999999,6.030909,4,4,0
7.0,15,gnb_1,2,7.098,13920.000000,6960.000000,6960.000000,6.050909,4,4,0
7.1,15,gnb_1,2,7.194,13920.000000,6960.000000,6960.000000,6.070909,4,4,0
7.2,15,gnb_1,2,7.296,13920.000000,6960.000000,6960.000000,6.090909,4,4,0
7.3,15,gnb_1,2,7.398,13920.000000,6960.000000,6960.000000,6.110909,4,4,0
7.4,15,gnb_1,2,7.494,13920.000000,6960.000000,6960.000000,6.130909,4,4,0
7.5,15,gnb_1,2,7.596,13920.000000,6960.000000,6960.000000,6.150909,4,4,0
7.6,15,gnb_1,2,7.698,13920.000000,6960.000000,6960.000000,6.170909,4,4,0
7.7,15,gnb_1,2,7.794,13920.000000,6960.000000,6960.000000,6.190909,4,4,0
7.8,15,gnb_1,2,7.896,13920.000000,6960.000000,6960.000000,6.210909,4,4,0
7.9,15,gnb_1,2,7.998,13920.000000,6960.000000,6960.000000,6.230909,4,4,0
8.0,15,gnb_1,2,8.094,13920.000000,6960.000000,6960.000000,6.250909,4,4,0
8.1,15,gnb_1,2,8.196,13920.000000,6960.000000,6960.000000,6.270909,4,4,0
8.2,15,gnb_1,2,8.298,13920.000000,6960.000000,6960.000000,6.290909,4,4,0
8.3,15,gnb_1,2,8.394,13920.000000,6960.000000,6960.000000,6.310909,4,4,0
8.4,15,gnb_1,2,8.496,13920.000000,6960.000000,6960.000000,6.330909,4,4,0
8.5,15,gnb_1,2,8.598,13920.000000,6960.000000,6960.000000,6.350909,4,4,0
8.6,15,gnb_1,2,8.694,13920.000000,6960.000000,6960.000000,6.370909,4,4,0
8.7,15,gnb_1,2,8.796,13920.000000,6960.000000,6960.000000,6.390909,4,4,0
8.8,15,gnb_1,2,8.898,13920.000000,6960.000000,6960.000000,6.410909,4,4,0
8.9,15,gnb_1,2,8.994,13920.000000,6960.000000,6960.000000,6.430909,4,4,0
9.0,15,gnb_1,2,9.096,13920.000000,6960.000000,6960.000000,6.450909,4,4,0
9.1,15,gnb_1,2,9.198,13920.000000,6960.000000,6960.000000,6.470909,4,4,0
9.2,15,gnb_1,2,9.294,13920.000000,6960.000000,6960.000000,6.490909,4,4,0
9.3,15,gnb_1,2,9.396,13920.000000,6960.000000,6960.000000,6.510909,4,4,0
9.4,15,gnb_1,2,9.498,13920.000000,6960.000000,6960.000000,6.530909,4,4,0
9.5,15,gnb_1,2,9.594,13920.000000,6960.000000,6960.000000,6.550909,4,4,0
9.6,15,gnb_1,2,9.696,13920.000000,6960.000000,6960.000000,6.570909,4,4,0
9.7,15,gnb_1,2,9.798,13920.000000,6960.000000,6960.000000,6.590909,4,4,0
9.8,15,gnb_1,2,9.894,13920.000000,6960.000000,6960.000000,6.610909,4,4,0
9.9,15,gnb_1,2,9.996,13920.000000,6960.000000,6960.000000,6.630909,4,4,0
10.0,15,gnb_1,2,10.098,13920.000000,6960.000000,6960.000000,6.650909,4,4,0
10.1,15,gnb_1,2,10.194,13920.000000,6960.000000,6960.000000,6.670909,4,4,0
10.2,15,gnb_1,2,10.296,13920.000000,6960.000000,6960.000000,6.690909,4,4,0
10.3,15,gnb_1,2,10.398,13920.000000,6960.000000,6960.000000,6.710909,4,4,0
10.4,15,gnb_1,2,10.494,13920.000000,6960.000000,6960.000000,6.730909,4,4,0
10.5,15,gnb_1,2,10.596,13920.000000,6960.000000,6960.000000,6.750909,4,4,0
10.6,15,gnb_1,2,10.698,13920.000000,6960.000000,6960.000000,6.770909,4,4,0
10.7,15,gnb_1,2,10.794,13920.000000,6960.000000,6960.000000,6.790909,4,4,0
10.8,15,gnb_1,2,10.896,13920.000000,6960.000000,6960.000000,6.810909,4,4,0
10.9,15,gnb_1,2,10.998,13920.000000,6960.000000,6960.000000,6.830909,4,4,0
11.0,15,gnb_1,2,11.094,13920.000000,6960.000000,6960.000000,6.850909,4,4,0
11.1,15,gnb_1,2,11.196,13920.000000,6960.000000,6960.000000,6.870909,4,4,0
11.2,15,gnb_1,2,11.298,13920.000000,6960.000000,6960.000000,6.890909,4,4,0
11.3,15,gnb_1,2,11.394,13920.000000,6960.000000,6960.000000,6.910909,4,4,0
11.4,15,gnb_1,2,11.496,13920.000000,6960.000000,6960.000000,6.930909,4,4,0
11.5,15,gnb_1,2,11.598,13920.000000,6960.000000,6960.000000,6.950909,4,4,0
11.6,15,gnb_1,2,11.694,13920.000000,6960.000000,6960.000000,6.970909,4,4,0
11.7,15,gnb_1,2,11.796,13920.000000,6960.000000,6960.000000,6.990909,4,4,0
11.8,15,gnb_1,2,11.898,13920.000000,6960.000000,6960.000000,7.010909,4,4,0
11.9,15,gnb_1,2,11.994,13920.000000,6960.000000,6960.000000,7.030909,4,4,0
12.0,15,gnb_1,2,12.096,13920.000000,6960.000000,6960.000000,7.050909,4,4,0
12.1,15,gnb_1,2,12.198,13920.000000,6960.000000,6960.000000,7.070909,4,4,0
12.2,15,gnb_1,2,12.294,13920.000000,6960.000000,6960.000000,7.090909,4,4,0
12.3,15,gnb_1,2,12.396,13920.000000,6960.000000,6960.000000,7.110909,4,4,0
12.4,15,gnb_1,2,12.498,13920.000000,6960.000000,6960.000000,7.130909,4,4,0
12.5,15,gnb_1,2,12.594,13920.000000,6960.000000,6960.000000,7.150909,4,4,0
12.6,15,gnb_1,2,12.696,13920.000000,6960.000000,6960.000000,7.170909,4,4,0
12.7,15,gnb_1,2,12.798,13920.000000,6960.000000,6960.000000,7.190909,4,4,0
12.8,15,gnb_1,2,12.894,13920.000000,6960.000000,6960.000000,7.210909,4,4,0
12.9,15,gnb_1,2,12.996,13920.000000,6960.000000,6960.000000,7.230909,4,4,0
13.0,15,gnb_1,2,13.098,13792.000000,6896.000000,6937.600000,7.249806,4,4,0
13.1,15,gnb_1,2,13.194,13792.000000,6896.000000,6923.040000,7.268702,4,4,0
13.2,15,gnb_1,2,13.296,13792.000000,6896.000000,6913.576000,7.287599,4,4,0
13.3,15,gnb_1,2,13.398,13792.000000,6896.000000,6907.424400,7.306495,4,4,0
13.4,15,gnb_1,2,13.494,13792.000000,6896.000000,6903.425860,7.325392,4,4,0
13.5,15,gnb_1,2,13.596,13792.000000,6896.000000,6900.826809,7.344288,4,4,0
13.6,15,gnb_1,2,13.698,13824.000000,6912.000000,6904.737426,7.363461,4,4,0
13.7,15,gnb_1,2,13.794,13696.000000,6848.000000,6884.879327,7.381530,4,4,0
13.8,15,gnb_1,2,13.896,13728.000000,6864.000000,6877.571562,7.399875,4,4,0
13.9,15,gnb_1,2,13.998,13728.000000,6864.000000,6872.821516,7.418219,4,4,0
14.0,15,gnb_1,2,14.094,13728.000000,6864.000000,6869.733985,7.436564,4,4,0
14.1,15,gnb_1,2,14.196,13728.000000,6864.000000,6867.727090,7.454909,4,4,0
14.2,15,gnb_1,2,14.298,13728.000000,6864.000000,6866.422609,7.473254,4,4,0
14.3,15,gnb_1,2,14.394,13728.000000,6864.000000,6865.574696,7.491599,4,4,0
14.4,15,gnb_1,2,14.496,13664.000000,6832.000000,6853.823552,7.509392,4,4,0
14.5,15,gnb_1,2,14.598,13664.000000,6832.000000,6846.185309,7.527185,4,4,0
14.6,15,gnb_1,2,14.694,13664.000000,6832.000000,6841.220451,7.544978,4,4,0
14.7,15,gnb_1,2,14.796,13664.000000,6832.000000,6837.993293,7.562771,4,4,0
14.8,15,gnb_1,2,14.898,13664.000000,6832.000000,6835.895640,7.580564,4,4,0
14.9,15,gnb_1,2,14.994,13664.000000,6832.000000,6834.532166,7.598357,4,4,0
15.0,15,gnb_1,2,15.096,13920.000000,6960.000000,6878.445908,7.618357,4,4,0
15.1,15,gnb_1,2,15.198,13920.000000,6960.000000,6906.989840,7.638357,4,4,0
15.2,15,gnb_1,2,15.294,13920.000000,6960.000000,6925.543396,7.658357,4,4,0
15.3,15,gnb_1,2,15.396,13920.000000,6960.000000,6937.603208,7.678357,4,4,0
15.4,15,gnb_1,2,15.498,13920.000000,6960.000000,6945.442085,7.698357,4,4,0
15.5,15,gnb_1,2,15.594,13920.000000,6960.000000,6950.537355,7.718357,4,4,0
15.6,15,gnb_1,2,15.696,13920.000000,6960.000000,6953.849281,7.738357,4,4,0
15.7,15,gnb_1,2,15.798,13920.000000,6960.000000,6956.002033,7.758357,4,4,0
15.8,15,gnb_1,2,15.894,13920.000000,6960.000000,6957.401321,7.778357,4,4,0
15.9,15,gnb_1,2,15.996,13920.000000,6960.000000,6958.310859,7.798357,4,4,0
16.0,15,gnb_1,2,16.098,13920.000000,6960.000000,6958.902058,7.818357,4,4,0
16.1,15,gnb_1,2,16.194,13920.000000,6960.000000,6959.286338,7.838357,4,4,0
16.2,15,gnb_1,2,16.296,13920.000000,6960.000000,6959.536120,7.858357,4,4,0
16.3,15,gnb_1,2,16.398,13920.000000,6960.000000,6959.698478,7.878357,4,4,0
16.4,15,gnb_1,2,16.494,13920.000000,6960.000000,6959.804011,7.898357,4,4,0
16.5,15,gnb_1,2,16.596,13920.000000,6960.000000,6959.872607,7.918357,4,4,0
16.6,15,gnb_1,2,16.698,13920.000000,6960.000000,6959.917194,7.938357,4,4,0
16.7,15,gnb_1,2,16.794,13920.000000,6960.000000,6959.946176,7.958357,4,4,0
16.8,15,gnb_1,2,16.896,13920.000000,6960.000000,6959.965015,7.978357,4,4,0
16.9,15,gnb_1,2,16.998,13920.000000,6960.000000,6959.977260,7.998357,4,4,0
17.0,15,gnb_1,2,17.094,13920.000000,6960.000000,6959.985219,8.018357,4,4,0
17.1,15,gnb_1,2,17.196,13920.000000,6960.000000,6959.990392,8.038357,4,4,0
17.2,15,gnb_1,2,17.298,13920.000000,6960.000000,6959.993755,8.058357,4,4,0
17.3,15,gnb_1,2,17.394,13920.000000,6960.000000,6959.995941,8.078357,4,4,0
17.4,15,gnb_1,2,17.496,13920.000000,6960.000000,6959.997361,8.098357,4,4,0
17.5,15,gnb_1,2,17.598,13920.000000,6960.000000,6959.998285,8.118357,4,4,0
17.6,15,gnb_1,2,17.694,13920.000000,6960.000000,6959.998885,8.138357,4,4,0
17.7,15,gnb_1,2,17.796,13920.000000,6960.000000,6959.999275,8.158357,4,4,0
17.8,15,gnb_1,2,17.898,13920.000000,6960.000000,6959.999529,8.178357,4,4,0
17.9,15,gnb_1,2,17.994,13920.000000,6960.000000,6959.999694,8.198357,4,4,0
18.0,15,gnb_1,2,18.096,13920.000000,6960.000000,6959.999801,8.218357,4,4,0
18.1,15,gnb_1,2,18.198,13920.000000,6960.000000,6959.999871,8.238357,4,4,0
18.2,15,gnb_1,2,18.294,13920.000000,6960.000000,6959.999916,8.258357,4,4,0
18.3,15,gnb_1,2,18.396,13920.000000,6960.000000,6959.999945,8.278357,4,4,0
18.4,15,gnb_1,2,18.498,13920.000000,6960.000000,6959.999964,8.298357,4,4,0
18.5,15,gnb_1,2,18.594,13920.000000,6960.000000,6959.999977,8.318357,4,4,0
18.6,15,gnb_1,2,18.696,13920.000000,6960.000000,6959.999985,8.338357,4,4,0
18.7,15,gnb_1,2,18.798,13920.000000,6960.000000,6959.999990,8.358357,4,4,0
18.8,15,gnb_1,2,18.894,13920.000000,6960.000000,6959.999994,8.378357,4,4,0
18.9,15,gnb_1,2,18.996,13920.000000,6960.000000,6959.999996,8.398357,4,4,0
19.0,15,gnb_1,2,19.098,13920.000000,6960.000000,6959.999997,8.418357,4,4,0
19.1,15,gnb_1,2,19.194,13920.000000,6960.000000,6959.999998,8.438357,4,4,0
19.2,15,gnb_1,2,19.296,13920.000000,6960.000000,6959.999999,8.458357,4,4,0
19.3,15,gnb_1,2,19.398,13920.000000,6960.000000,6959.999999,8.478357,4,4,0
19.4,15,gnb_1,2,19.494,13920.000000,6960.000000,6960.000000,8.498357,4,4,0
19.5,15,gnb_1,2,19.596,13920.000000,6960.000000,6960.000000,8.518357,4,4,0
19.6,15,gnb_1,2,19.698,13920.000000,6960.000000,6960.000000,8.538357,4,4,0
19.7,15,gnb_1,2,19.794,13920.000000,6960.000000,6960.000000,8.558357,4,4,0
19.8,15,gnb_1,2,19.896,13920.000000,6960.000000,6960.000000,8.578357,4,4,0
19.9,15,gnb_1,2,19.998,13920.000000,6960.000000,6960.000000,8.598357,4,4,0
20.0,15,gnb_1,2,20.094,13920.000000,6960.000000,6960.000000,8.618357,4,4,0
20.1,15,gnb_1,2,20.196,13920.000000,6960.000000,6960.000000,8.638357,4,4,0
20.2,15,gnb_1,2,20.298,13920.000000,6960.000000,6960.000000,8.658357,4,4,0
20.3,15,gnb_1,2,20.394,13920.000000,6960.000000,6960.000000,8.678357,4,4,0
20.4,15,gnb_1,2,20.496,13920.000000,6960.000000,6960.000000,8.698357,4,4,0
20.5,15,gnb_1,2,20.598,13920.000000,6960.000000,6960.000000,8.718357,4,4,0
20.6,15,gnb_1,2,20.694,13920.000000,6960.000000,6960.000000,8.738357,4,4,0
20.7,15,gnb_1,2,20.796,13920.000000,6960.000000,6960.000000,8.758357,4,4,0
20.8,15,gnb_1,2,20.898,13920.000000,6960.000000,6960.000000,8.778357,4,4,0
20.9,15,gnb_1,2,20.994,13920.000000,6960.000000,6960.000000,8.798357,4,4,0
21.0,15,gnb_1,2,21.096,13920.000000,6960.000000,6960.000000,8.818357,4,4,0
21.1,15,gnb_1,2,21.198,13920.000000,6960.000000,6960.000000,8.838357,4,4,0
21.2,15,gnb_1,2,21.294,13920.000000,6960.000000,6960.000000,8.858357,4,4,0
21.3,15,gnb_1,2,21.396,13920.000000,6960.000000,6960.000000,8.878357,4,4,0
21.4,15,gnb_1,2,21.498,13920.000000,6960.000000,6960.000000,8.898357,4,4,0
21.5,15,gnb_1,2,21.594,13920.000000,6960.000000,6960.000000,8.918357,4,4,0
21.6,15,gnb_1,2,21.696,13920.000000,6960.000000,6960.000000,8.938357,4,4,0
21.7,15,gnb_1,2,21.798,13920.000000,6960.000000,6960.000000,8.958357,4,4,0
21.8,15,gnb_1,2,21.894,13920.000000,6960.000000,6960.000000,8.978357,4,4,0
21.9,15,gnb_1,2,21.996,13920.000000,6960.000000,6960.000000,8.998357,4,4,0
22.0,15,gnb_1,2,22.098,13920.000000,6960.000000,6960.000000,9.018357,4,4,0
22.1,15,gnb_1,2,22.194,13920.000000,6960.000000,6960.000000,9.038357,4,4,0
22.2,15,gnb_1,2,22.296,13920.000000,6960.000000,6960.000000,9.058357,4,4,0
22.3,15,gnb_1,2,22.398,13920.000000,6960.000000,6960.000000,9.078357,4,4,0
22.4,15,gnb_1,2,22.494,13920.000000,6960.000000,6960.000000,9.098357,4,4,0
22.5,15,gnb_1,2,22.596,13920.000000,6960.000000,6960.000000,9.118357,4,4,0
22.6,15,gnb_1,2,22.698,13920.000000,6960.000000,6960.000000,9.138357,4,4,0
22.7,15,gnb_1,2,22.794,13920.000000,6960.000000,6960.000000,9.158357,4,4,0
22.8,15,gnb_1,2,22.896,13920.000000,6960.000000,6960.000000,9.178357,4,4,0
22.9,15,gnb_1,2,22.998,13920.000000,6960.000000,6960.000000,9.198357,4,4,0
23.0,15,gnb_1,3,23.094,13920.000000,4640.000000,6148.000000,9.178357,4,3,0
23.1,15,gnb_1,3,23.196,13920.000000,4640.000000,5620.200000,9.233024,3,3,0
23.2,15,gnb_1,3,23.298,13920.000000,4640.000000,5277.130000,9.287691,3,3,0
23.3,15,gnb_1,3,23.394,13920.000000,4640.000000,5054.134500,9.342357,3,3,0
23.4,15,gnb_1,3,23.496,13920.000000,4640.000000,4909.187425,9.397024,3,3,0
23.5,15,gnb_1,3,23.598,13920.000000,4640.000000,4814.971826,9.451691,3,3,0
23.6,15,gnb_1,3,23.694,13920.000000,4640.000000,4753.731687,9.506357,3,3,0
23.7,15,gnb_1,3,23.796,13920.000000,4640.000000,4713.925597,9.561024,3,3,0
23.8,15,gnb_1,3,23.898,13920.000000,4640.000000,4688.051638,9.615691,3,3,0
23.9,15,gnb_1,3,23.994,13920.000000,4640.000000,4671.233565,9.670357,3,3,0
24.0,15,gnb_1,2,24.096,13920.000000,6960.000000,5472.301817,9.802357,3,3,0
24.1,15,gnb_1,2,24.198,13920.000000,6960.000000,5992.996181,9.934357,3,4,0
24.2,15,gnb_1,2,24.294,13920.000000,6960.000000,6331.447518,9.954357,4,4,0
24.3,15,gnb_1,2,24.396,13920.000000,6960.000000,6551.440886,9.974357,4,4,0
24.4,15,gnb_1,2,24.498,13920.000000,6960.000000,6694.436576,9.994357,4,4,0
24.5,15,gnb_1,2,24.594,13920.000000,6960.000000,6787.383775,10.014357,4,4,0
24.6,15,gnb_1,2,24.696,13920.000000,6960.000000,6847.799453,10.034357,4,4,0
24.7,15,gnb_1,2,24.798,13920.000000,6960.000000,6887.069645,10.054357,4,4,0
24.8,15,gnb_1,2,24.894,13920.000000,6960.000000,6912.595269,10.074357,4,4,0
24.9,15,gnb_1,2,24.996,13920.000000,6960.000000,6929.186925,10.094357,4,4,0
25.0,15,gnb_1,3,25.098,13920.000000,4640.000000,6127.971501,10.074357,4,3,0
25.1,15,gnb_1,3,25.194,13920.000000,4640.000000,5607.181476,10.129024,3,3,0
25.2,15,gnb_1,3,25.296,13920.000000,4640.000000,5268.667959,10.183691,3,3,0
25.3,15,gnb_1,3,25.398,13920.000000,4640.000000,5048.634174,10.238357,3,3,0
25.4,15,gnb_1,3,25.494,13920.000000,4640.000000,4905.612213,10.293024,3,3,0
25.5,15,gnb_1,3,25.596,13920.000000,4640.000000,4812.647938,10.347691,3,3,0
25.6,15,gnb_1,3,25.698,13920.000000,4640.000000,4752.221160,10.402357,3,3,0
25.7,15,gnb_1,3,25.794,13920.000000,4640.000000,4712.943754,10.457024,3,3,0
25.8,15,gnb_1,3,25.896,13920.000000,4640.000000,4687.413440,10.511691,3,3,0
25.9,15,gnb_1,3,25.998,13920.000000,4640.000000,4670.818736,10.566357,3,3,0
26.0,15,gnb_1,2,26.094,13920.000000,6960.000000,5472.032178,10.698357,3,3,0
26.1,15,gnb_1,2,26.196,13920.000000,6960.000000,5992.820916,10.830357,3,4,0
26.2,15,gnb_1,2,26.298,13920.000000,6960.000000,6331.333595,10.850357,4,4,0
26.3,15,gnb_1,2,26.394,13920.000000,6960.000000,6551.366837,10.870357,4,4,0
26.4,15,gnb_1,2,26.496,13920.000000,6960.000000,6694.388444,10.890357,4,4,0
26.5,15,gnb_1,2,26.598,13920.000000,6960.000000,6787.352489,10.910357,4,4,0
26.6,15,gnb_1,2,26.694,13920.000000,6960.000000,6847.779118,10.930357,4,4,0
26.7,15,gnb_1,2,26.796,13920.000000,6960.000000,6887.056426,10.950357,4,4,0
26.8,15,gnb_1,2,26.898,13920.000000,6960.000000,6912.586677,10.970357,4,4,0
26.9,15,gnb_1,2,26.994,13920.000000,6960.000000,6929.181340,10.990357,4,4,0
27.0,15,gnb_1,3,27.096,13920.000000,4640.000000,6127.967871,10.970357,4,3,0
27.1,15,gnb_1,3,27.198,13920.000000,4640.000000,5607.179116,11.025024,3,3,0
27.2,15,gnb_1,3,27.294,13920.000000,4640.000000,5268.666426,11.079691,3,3,0
27.3,15,gnb_1,3,27.396,13920.000000,4640.000000,5048.633177,11.134357,3,3,0
27.4,15,gnb_1,3,27.498,13920.000000,4640.000000,4905.611565,11.189024,3,3,0
27.5,15,gnb_1,3,27.594,13920.000000,4640.000000,4812.647517,11.243691,3,3,0
27.6,15,gnb_1,3,27.696,13920.000000,4640.000000,4752.220886,11.298357,3,3,0
27.7,15,gnb_1,3,27.798,13920.000000,4640.000000,4712.943576,11.353024,3,3,0
27.8,15,gnb_1,3,27.894,13920.000000,4640.000000,4687.413324,11.407691,3,3,0
27.9,15,gnb_1,3,27.996,13920.000000,4640.000000,4670.818661,11.462357,3,3,0
28.0,15,gnb_1,3,28.098,13920.000000,4640.000000,4660.032130,11.517024,3,3,0
28.1,15,gnb_1,3,28.194,13920.000000,4640.000000,4653.020884,11.571691,3,3,0
28.2,15,gnb_1,3,28.296,13920.000000,4640.000000,4648.463575,11.626357,3,3,0
28.3,15,gnb_1,3,28.398,13920.000000,4640.000000,4645.501324,11.681024,3,3,0
28.4,15,gnb_1,3,28.494,13920.000000,4640.000000,4643.575860,11.735691,3,3,0
28.5,15,gnb_1,3,28.596,13920.000000,4640.000000,4642.324309,11.790357,3,3,0
28.6,15,gnb_1,3,28.698,13920.000000,4640.000000,4641.510801,11.845024,3,3,0
28.7,15,gnb_1,3,28.794,13920.000000,4640.000000,4640.982021,11.899691,3,3,0
28.8,15,gnb_1,3,28.896,13920.000000,4640.000000,4640.638313,11.954357,3,3,0
28.9,15,gnb_1,3,28.998,13920.000000,4640.000000,4640.414904,12.000000,3,3,0
29.0,15,gnb_1,4,29.094,13920.000000,3480.000000,4234.269687,12.000000,3,3,0
29.1,15,gnb_1,4,29.196,13920.000000,3480.000000,3970.275297,12.000000,3,3,0
29.2,15,gnb_1,4,29.298,13920.000000,3480.000000,3798.678943,12.000000,3,3,0
29.3,15,gnb_1,4,29.394,13920.000000,3480.000000,3687.141313,12.000000,3,3,0
29.4,15,gnb_1,4,29.496,13920.000000,3480.000000,3614.641853,12.000000,3,3,0
29.5,15,gnb_1,4,29.598,13920.000000,3480.000000,3567.517205,12.000000,3,3,0
29.6,15,gnb_1,4,29.694,13920.000000,3480.000000,3536.886183,12.000000,3,3,0
29.7,15,gnb_1,4,29.796,13920.000000,3480.000000,3516.976019,12.000000,3,3,0
29.8,15,gnb_1,4,29.898,13920.000000,3480.000000,3504.034412,12.000000,3,3,0
29.9,15,gnb_1,4,29.994,13920.000000,3480.000000,3495.622368,12.000000,3,3,0
30.0,15,gnb_1,4,30.096,13920.000000,3480.000000,3490.154539,12.000000,3,3,0
30.1,15,gnb_1,4,30.198,13920.000000,3480.000000,3486.600450,12.000000,3,3,0
30.2,15,gnb_1,4,30.294,13920.000000,3480.000000,3484.290293,12.000000,3,3,0
30.3,15,gnb_1,4,30.396,13920.000000,3480.000000,3482.788690,12.000000,3,3,0
30.4,15,gnb_1,4,30.498,13920.000000,3480.000000,3481.812649,12.000000,3,3,0
30.5,15,gnb_1,4,30.594,13920.000000,3480.000000,3481.178222,12.000000,3,3,0
30.6,15,gnb_1,4,30.696,13920.000000,3480.000000,3480.765844,12.000000,3,3,0
30.7,15,gnb_1,4,30.798,13920.000000,3480.000000,3480.497799,12.000000,3,3,0
30.8,15,gnb_1,4,30.894,13920.000000,3480.000000,3480.323569,12.000000,3,3,0
30.9,15,gnb_1,4,30.996,13920.000000,3480.000000,3480.210320,12.000000,3,3,0
31.0,15,gnb_1,4,31.098,13920.000000,3480.000000,3480.136708,12.000000,3,3,0
31.1,15,gnb_1,4,31.194,13920.000000,3480.000000,3480.088860,12.000000,3,3,0
31.2,15,gnb_1,4,31.296,13920.000000,3480.000000,3480.057759,12.000000,3,3,0
31.3,15,gnb_1,4,31.398,13920.000000,3480.000000,3480.037543,12.000000,3,3,0
31.4,15,gnb_1,4,31.494,13920.000000,3480.000000,3480.024403,12.000000,3,3,0
31.5,15,gnb_1,4,31.596,13920.000000,3480.000000,3480.015862,12.000000,3,3,0
31.6,15,gnb_1,4,31.698,13920.000000,3480.000000,3480.010310,12.000000,3,3,0
31.7,15,gnb_1,4,31.794,13920.000000,3480.000000,3480.006702,12.000000,3,3,0
31.8,15,gnb_1,4,31.896,13920.000000,3480.000000,3480.004356,12.000000,3,3,0
31.9,15,gnb_1,4,31.998,13792.000000,3448.000000,3468.802831,12.000000,3,3,0
32.0,15,gnb_1,4,32.094,13792.000000,3448.000000,3461.521840,12.000000,3,3,0
32.1,15,gnb_1,4,32.196,13760.000000,3440.000000,3453.989196,12.000000,3,3,0
32.2,15,gnb_1,4,32.298,13920.000000,3480.000000,3463.092978,12.000000,3,3,0
32.3,15,gnb_1,4,32.394,13920.000000,3480.000000,3469.010435,12.000000,3,3,0
32.4,15,gnb_1,4,32.496,13920.000000,3480.000000,3472.856783,12.000000,3,3,0
32.5,15,gnb_1,4,32.598,13920.000000,3480.000000,3475.356909,12.000000,3,3,0
32.6,15,gnb_1,4,32.694,13920.000000,3480.000000,3476.981991,12.000000,3,3,0
32.7,15,gnb_1,4,32.796,13920.000000,3480.000000,3478.038294,12.000000,3,3,0
32.8,15,gnb_1,4,32.898,13920.000000,3480.000000,3478.724891,12.000000,3,3,0
32.9,15,gnb_1,4,32.994,13920.000000,3480.000000,3479.171179,12.000000,3,3,0
33.0,15,gnb_1,4,33.096,13920.000000,3480.000000,3479.461267,12.000000,3,3,0
33.1,15,gnb_1,4,33.198,13920.000000,3480.000000,3479.649823,12.000000,3,3,0
33.2,15,gnb_1,4,33.294,13920.000000,3480.000000,3479.772385,12.000000,3,3,0
33.3,15,gnb_1,4,33.396,13920.000000,3480.000000,3479.852050,12.000000,3,3,0
33.4,15,gnb_1,4,33.498,13920.000000,3480.000000,3479.903833,12.000000,3,3,0
33.5,15,gnb_1,4,33.594,13920.000000,3480.000000,3479.937491,12.000000,3,3,0
33.6,15,gnb_1,4,33.696,13920.000000,3480.000000,3479.959369,12.000000,3,3,0
33.7,15,gnb_1,4,33.798,13920.000000,3480.000000,3479.973590,12.000000,3,3,0
33.8,15,gnb_1,4,33.894,13920.000000,3480.000000,3479.982834,12.000000,3,3,0
33.9,15,gnb_1,4,33.996,13920.000000,3480.000000,3479.988842,12.000000,3,3,0
34.0,15,gnb_1,4,34.098,13920.000000,3480.000000,3479.992747,12.000000,3,3,0
34.1,15,gnb_1,4,34.194,13920.000000,3480.000000,3479.995286,12.000000,3,3,0
34.2,15,gnb_1,4,34.296,13920.000000,3480.000000,3479.996936,12.000000,3,3,0
34.3,15,gnb_1,4,34.398,13920.000000,3480.000000,3479.998008,12.000000,3,3,0
34.4,15,gnb_1,4,34.494,13920.000000,3480.000000,3479.998705,12.000000,3,3,0
34.5,15,gnb_1,4,34.596,13920.000000,3480.000000,3479.999158,12.000000,3,3,0
34.6,15,gnb_1,4,34.698,13920.000000,3480.000000,3479.999453,12.000000,3,3,0
34.7,15,gnb_1,4,34.794,13920.000000,3480.000000,3479.999644,12.000000,3,3,0
34.8,15,gnb_1,4,34.896,13920.000000,3480.000000,3479.999769,12.000000,3,3,0
34.9,15,gnb_1,4,34.998,13920.000000,3480.000000,3479.999850,12.000000,3,3,0
35.0,15,gnb_1,4,35.094,13920.000000,3480.000000,3479.999902,12.000000,3,3,0
35.1,15,gnb_1,4,35.196,13920.000000,3480.000000,3479.999937,12.000000,3,3,0
35.2,15,gnb_1,4,35.298,13920.000000,3480.000000,3479.999959,12.000000,3,3,0
35.3,15,gnb_1,4,35.394,13920.000000,3480.000000,3479.999973,12.000000,3,3,0
35.4,15,gnb_1,4,35.496,13920.000000,3480.000000,3479.999983,12.000000,3,3,0
35.5,15,gnb_1,4,35.598,13920.000000,3480.000000,3479.999989,12.000000,3,3,0
35.6,15,gnb_1,4,35.694,13920.000000,3480.000000,3479.999993,12.000000,3,3,0
35.7,15,gnb_1,4,35.796,13920.000000,3480.000000,3479.999995,12.000000,3,3,0
35.8,15,gnb_1,4,35.898,13920.000000,3480.000000,3479.999997,12.000000,3,3,0
35.9,15,gnb_1,4,35.994,13920.000000,3480.000000,3479.999998,12.000000,3,3,0
36.0,15,gnb_1,4,36.096,13920.000000,3480.000000,3479.999999,12.000000,3,3,0
36.1,15,gnb_1,4,36.198,13920.000000,3480.000000,3479.999999,12.000000,3,3,0
36.2,15,gnb_1,4,36.294,13920.000000,3480.000000,3479.999999,12.000000,3,3,0
36.3,15,gnb_1,4,36.396,13920.000000,3480.000000,3480.000000,12.000000,3,3,0
36.4,15,gnb_1,4,36.498,13920.000000,3480.000000,3480.000000,12.000000,3,3,0
36.5,15,gnb_1,4,36.594,13920.000000,3480.000000,3480.000000,12.000000,3,3,0
36.6,15,gnb_1,4,36.696,13920.000000,3480.000000,3480.000000,12.000000,3,3,0
36.7,15,gnb_1,4,36.798,13920.000000,3480.000000,3480.000000,12.000000,3,3,0
36.8,15,gnb_1,4,36.894,13920.000000,3480.000000,3480.000000,12.000000,3,3,0
36.9,15,gnb_1,4,36.996,13920.000000,3480.000000,3480.000000,12.000000,3,3,0
37.0,15,gnb_1,4,37.098,13632.000000,3408.000000,3454.800000,12.000000,3,3,0
37.1,15,gnb_1,4,37.194,13632.000000,3408.000000,3438.420000,12.000000,3,3,0
37.2,15,gnb_1,4,37.296,13632.000000,3408.000000,3427.773000,12.000000,3,3,0
37.3,15,gnb_1,4,37.398,13920.000000,3480.000000,3446.052450,12.000000,3,3,0
37.4,15,gnb_1,4,37.494,13920.000000,3480.000000,3457.934092,12.000000,3,3,0
37.5,15,gnb_1,4,37.596,13920.000000,3480.000000,3465.657160,12.000000,3,3,0
37.6,15,gnb_1,4,37.698,13920.000000,3480.000000,3470.677154,12.000000,3,3,0
37.7,15,gnb_1,4,37.794,13920.000000,3480.000000,3473.940150,12.000000,3,3,0
37.8,15,gnb_1,4,37.896,13920.000000,3480.000000,3476.061098,12.000000,3,3,0
37.9,15,gnb_1,4,37.998,13920.000000,3480.000000,3477.439713,12.000000,3,3,0
38.0,15,gnb_1,5,38.094,13920.000000,2784.000000,3234.735814,11.992800,3,2,0
38.1,15,gnb_1,5,38.196,13920.000000,2784.000000,3076.978279,12.000000,2,2,0
38.2,15,gnb_1,5,38.298,13920.000000,2784.000000,2974.435881,12.000000,2,2,0
38.3,15,gnb_1,5,38.394,13920.000000,2784.000000,2907.783323,12.000000,2,2,0
38.4,15,gnb_1,5,38.496,13920.000000,2784.000000,2864.459160,12.000000,2,2,0
38.5,15,gnb_1,5,38.598,13920.000000,2784.000000,2836.298454,12.000000,2,2,0
38.6,15,gnb_1,5,38.694,13920.000000,2784.000000,2817.993995,12.000000,2,2,0
38.7,15,gnb_1,5,38.796,13920.000000,2784.000000,2806.096097,12.000000,2,2,0
38.8,15,gnb_1,5,38.898,13728.000000,2745.600000,2784.922463,12.000000,2,2,0
38.9,15,gnb_1,5,38.994,13696.000000,2739.200000,2768.919601,12.000000,2,2,0
39.0,15,gnb_1,5,39.096,13696.000000,2739.200000,2758.517741,12.000000,2,2,0
39.1,15,gnb_1,5,39.198,13920.000000,2784.000000,2767.436531,12.000000,2,2,0
39.2,15,gnb_1,5,39.294,13920.000000,2784.000000,2773.233745,12.000000,2,2,0
39.3,15,gnb_1,5,39.396,13920.000000,2784.000000,2777.001935,12.000000,2,2,0
39.4,15,gnb_1,5,39.498,13696.000000,2739.200000,2763.771257,12.000000,2,2,0
39.5,15,gnb_1,5,39.594,13664.000000,2732.800000,2752.931317,12.000000,2,2,0
39.6,15,gnb_1,5,39.696,13664.000000,2732.800000,2745.885356,12.000000,2,2,0
39.7,15,gnb_1,5,39.798,13920.000000,2784.000000,2759.225482,12.000000,2,2,0
39.8,15,gnb_1,5,39.894,13920.000000,2784.000000,2767.896563,12.000000,2,2,0
39.9,15,gnb_1,5,39.996,13920.000000,2784.000000,2773.532766,12.000000,2,2,0
40.0,15,gnb_1,7,40.098,13920.000000,1988.571429,2498.796298,12.000000,2,2,0
40.1,15,gnb_1,7,40.194,13920.000000,1988.571429,2320.217594,12.000000,2,2,0
40.2,15,gnb_1,7,40.296,13920.000000,1988.571429,2204.141436,12.000000,2,2,0
40.3,15,gnb_1,7,40.398,13920.000000,1988.571429,2128.691933,12.000000,2,2,0
40.4,15,gnb_1,7,40.494,13920.000000,1988.571429,2079.649757,12.000000,2,2,0
40.5,15,gnb_1,7,40.596,13920.000000,1988.571429,2047.772342,12.000000,2,2,0
40.6,15,gnb_1,7,40.698,13920.000000,1988.571429,2027.052022,12.000000,2,2,0
40.7,15,gnb_1,7,40.794,13920.000000,1988.571429,2013.583814,12.000000,2,2,0
40.8,15,gnb_1,7,40.896,13920.000000,1988.571429,2004.829479,12.000000,2,2,0
40.9,15,gnb_1,7,40.998,13920.000000,1988.571429,1999.139162,12.000000,2,2,0
41.0,15,gnb_1,7,41.094,13632.000000,1947.428571,1981.040455,12.000000,2,2,0
41.1,15,gnb_1,7,41.196,13632.000000,1947.428571,1969.276296,12.000000,2,2,0
41.2,15,gnb_1,7,41.298,13632.000000,1947.428571,1961.629592,12.000000,2,2,0
41.3,15,gnb_1,7,41.394,13664.000000,1952.000000,1958.259235,12.000000,2,2,0
41.4,15,gnb_1,7,41.496,13664.000000,1952.000000,1956.068503,12.000000,2,2,0
41.5,15,gnb_1,7,41.598,13664.000000,1952.000000,1954.644527,12.000000,2,2,0
41.6,15,gnb_1,7,41.694,13664.000000,1952.000000,1953.718942,12.000000,2,2,0
41.7,15,gnb_1,7,41.796,13664.000000,1952.000000,1953.117313,12.000000,2,2,0
41.8,15,gnb_1,7,41.898,13664.000000,1952.000000,1952.726253,12.000000,2,2,0
41.9,15,gnb_1,7,41.994,13664.000000,1952.000000,1952.472065,12.000000,2,2,0
42.0,15,gnb_1,6,42.096,13664.000000,2277.333333,2066.173509,12.000000,2,2,0
42.1,15,gnb_1,6,42.198,13664.000000,2277.333333,2140.079447,12.000000,2,2,0
42.2,15,gnb_1,6,42.294,13664.000000,2277.333333,2188.118307,12.000000,2,2,0
42.3,15,gnb_1,6,42.396,13664.000000,2277.333333,2219.343566,12.000000,2,2,0
42.4,15,gnb_1,6,42.498,13664.000000,2277.333333,2239.639985,12.000000,2,2,0
42.5,15,gnb_1,6,42.594,13760.000000,2293.333333,2258.432657,12.000000,2,2,0
42.6,15,gnb_1,6,42.696,13760.000000,2293.333333,2270.647894,12.000000,2,2,0
42.7,15,gnb_1,6,42.798,13728.000000,2288.000000,2276.721131,12.000000,2,2,0
42.8,15,gnb_1,6,42.894,12528.000000,2088.000000,2210.668735,12.000000,2,2,0
42.9,15,gnb_1,6,42.996,12528.000000,2088.000000,2167.734678,12.000000,2,2,0
43.0,15,gnb_2,3,43.098,13664.000000,4554.666667,3003.160874,12.000000,2,2,0
43.1,15,gnb_2,3,43.194,12704.000000,4234.666667,3434.187901,12.000000,2,3,0
43.2,15,gnb_2,3,43.296,12704.000000,4234.666667,3714.355469,12.000000,3,3,0
43.3,15,gnb_2,3,43.398,12704.000000,4234.666667,3896.464388,12.000000,3,3,0
43.4,15,gnb_2,3,43.494,13792.000000,4597.333333,4141.768519,12.000000,3,3,0
43.5,15,gnb_2,3,43.596,13792.000000,4597.333333,4301.216204,12.000000,3,3,0
43.6,15,gnb_2,3,43.698,13792.000000,4597.333333,4404.857199,12.000000,3,3,0
43.7,15,gnb_2,3,43.794,13792.000000,4597.333333,4472.223846,12.000000,3,3,0
43.8,15,gnb_2,3,43.896,13792.000000,4597.333333,4516.012167,12.000000,3,3,0
43.9,15,gnb_2,3,43.998,13792.000000,4597.333333,4544.474575,12.000000,3,3,0
44.0,15,gnb_2,3,44.094,13920.000000,4640.000000,4577.908474,12.000000,3,3,0
44.1,15,gnb_2,3,44.196,13920.000000,4640.000000,4599.640508,12.000000,3,3,0
44.2,15,gnb_2,3,44.298,13920.000000,4640.000000,4613.766330,12.000000,3,3,0
44.3,15,gnb_2,3,44.394,13664.000000,4554.666667,4593.081448,12.000000,3,3,0
44.4,15,gnb_2,3,44.496,13664.000000,4554.666667,4579.636274,12.000000,3,3,0
44.5,15,gnb_2,3,44.598,13664.000000,4554.666667,4570.896912,12.000000,3,3,0
44.6,15,gnb_2,3,44.694,13632.000000,4544.000000,4561.482993,12.000000,3,3,0
44.7,15,gnb_2,3,44.796,13632.000000,4544.000000,4555.363945,12.000000,3,3,0
44.8,15,gnb_2,3,44.898,13632.000000,4544.000000,4551.386564,12.000000,3,3,0
44.9,15,gnb_2,3,44.994,13168.000000,4389.333333,4494.667934,12.000000,3,3,0
45,15,gnb_2,1,45,13168.000000,13168.000000,7530.334157,12.000000,3,4,0
9.8,2,gnb_2,3,9.894,13920.000000,4640.000000,2552.000000,2.743636,1,1,0
9.9,2,gnb_2,3,9.996,13920.000000,4640.000000,3282.800000,3.487273,1,1,0
10.0,2,gnb_2,3,10.098,13920.000000,4640.000000,3757.820000,4.230909,1,2,0
10.1,2,gnb_2,3,10.194,13920.000000,4640.000000,4066.583000,4.440242,2,3,0
10.2,2,gnb_2,3,10.296,13920.000000,4640.000000,4267.278950,4.494909,3,3,0
10.3,2,gnb_2,3,10.398,13920.000000,4640.000000,4397.731317,4.549576,3,3,0
10.4,2,gnb_2,3,10.494,13920.000000,4640.000000,4482.525356,4.604242,3,3,0
10.5,2,gnb_2,3,10.596,13920.000000,4640.000000,4537.641482,4.658909,3,3,0
10.6,2,gnb_2,3,10.698,13920.000000,4640.000000,4573.466963,4.713576,3,3,0
10.7,2,gnb_2,3,10.794,13920.000000,4640.000000,4596.753526,4.768242,3,3,0
10.8,2,gnb_2,3,10.896,13920.000000,4640.000000,4611.889792,4.822909,3,3,0
10.9,2,gnb_2,3,10.998,13920.000000,4640.000000,4621.728365,4.877576,3,3,0
11.0,2,gnb_2,3,11.094,13920.000000,4640.000000,4628.123437,4.932242,3,3,0
11.1,2,gnb_2,3,11.196,13920.000000,4640.000000,4632.280234,4.986909,3,3,0
11.2,2,gnb_2,3,11.298,13920.000000,4640.000000,4634.982152,5.041576,3,3,0
11.3,2,gnb_2,3,11.394,13920.000000,4640.000000,4636.738399,5.096242,3,3,0
11.4,2,gnb_2,3,11.496,13312.000000,4437.333333,4566.946626,5.144154,3,3,0
11.5,2,gnb_2,3,11.598,13312.000000,4437.333333,4521.581974,5.192065,3,3,0
11.6,2,gnb_2,3,11.694,13312.000000,4437.333333,4492.094949,5.239976,3,3,0
11.7,2,gnb_2,3,11.796,13312.000000,4437.333333,4472.928384,5.287887,3,3,0
11.8,2,gnb_2,3,11.898,13312.000000,4437.333333,4460.470116,5.335798,3,3,0
11.9,2,gnb_2,3,11.994,13312.000000,4437.333333,4452.372242,5.383709,3,3,0
12.0,2,gnb_2,3,12.096,13312.000000,4437.333333,4447.108624,5.431620,3,3,0
12.1,2,gnb_2,3,12.198,13312.000000,4437.333333,4443.687272,5.479531,3,3,0
12.2,2,gnb_2,3,12.294,13312.000000,4437.333333,4441.463394,5.527442,3,3,0
12.3,2,gnb_2,3,12.396,13312.000000,4437.333333,4440.017873,5.575354,3,3,0
12.4,2,gnb_2,3,12.498,13312.000000,4437.333333,4439.078284,5.623265,3,3,0
12.5,2,gnb_2,3,12.594,13856.000000,4618.666667,4501.934218,5.677220,3,3,0
12.6,2,gnb_2,3,12.696,13856.000000,4618.666667,4542.790575,5.731176,3,3,0
12.7,2,gnb_2,3,12.798,13856.000000,4618.666667,4569.347207,5.785131,3,3,0
12.8,2,gnb_2,3,12.894,13856.000000,4618.666667,4586.609018,5.839087,3,3,0
12.9,2,gnb_2,3,12.996,13856.000000,4618.666667,4597.829195,5.893042,3,3,0
13.0,2,gnb_2,3,13.098,13856.000000,4618.666667,4605.122310,5.946998,3,3,0
13.1,2,gnb_2,3,13.194,13856.000000,4618.666667,4609.862835,6.000954,3,3,0
13.2,2,gnb_2,3,13.296,13856.000000,4618.666667,4612.944176,6.054909,3,3,0
13.3,2,gnb_2,3,13.398,12192.000000,4064.000000,4420.813714,6.090376,3,3,0
13.4,2,gnb_2,3,13.494,12192.000000,4064.000000,4295.928914,6.125842,3,3,0
13.5,2,gnb_2,3,13.596,12192.000000,4064.000000,4214.753794,6.161309,3,3,0
13.6,2,gnb_2,4,13.698,12288.000000,3072.000000,3814.789966,6.163709,3,2,0
13.7,2,gnb_2,4,13.794,12288.000000,3072.000000,3554.813478,6.268509,2,2,0
13.8,2,gnb_2,4,13.896,12288.000000,3072.000000,3385.828761,6.373309,2,2,0
13.9,2,gnb_2,4,13.998,12288.000000,3072.000000,3275.988694,6.478109,2,2,0
14.0,2,gnb_2,4,14.094,12288.000000,3072.000000,3204.592651,6.582909,2,2,0
14.1,2,gnb_2,4,14.196,12288.000000,3072.000000,3158.185223,6.687709,2,2,0
14.2,2,gnb_2,4,14.298,12288.000000,3072.000000,3128.020395,6.792509,2,2,0
14.3,2,gnb_2,4,14.394,12288.000000,3072.000000,3108.413257,6.897309,2,2,0
14.4,2,gnb_2,4,14.496,12288.000000,3072.000000,3095.668617,7.002109,2,2,0
14.5,2,gnb_2,4,14.598,12288.000000,3072.000000,3087.384601,7.106909,2,2,0
14.6,2,gnb_2,4,14.694,12048.000000,3012.000000,3060.999991,7.207709,2,2,0
14.7,2,gnb_2,4,14.796,12048.000000,3012.000000,3043.849994,7.308509,2,2,0
14.8,2,gnb_2,4,14.898,12048.000000,3012.000000,3032.702496,7.409309,2,2,0
14.9,2,gnb_2,4,14.994,12048.000000,3012.000000,3025.456622,7.510109,2,2,0
15.0,2,gnb_2,4,15.096,12048.000000,3012.000000,3020.746805,7.610909,2,2,0
15.1,2,gnb_2,4,15.198,12048.000000,3012.000000,3017.685423,7.711709,2,2,0
15.2,2,gnb_2,4,15.294,13664.000000,3416.000000,3157.095525,7.839442,2,3,0
15.3,2,gnb_2,4,15.396,13664.000000,3416.000000,3247.712091,7.853309,3,3,0
15.4,2,gnb_2,4,15.498,13664.000000,3416.000000,3306.612859,7.867176,3,3,0
15.5,2,gnb_2,4,15.594,13696.000000,3424.000000,3347.698359,7.881309,3,3,0
15.6,2,gnb_2,4,15.696,13696.000000,3424.000000,3374.403933,7.895442,3,3,0
15.7,2,gnb_2,4,15.798,12384.000000,3096.000000,3276.962556,7.898642,3,2,0
15.8,2,gnb_2,4,15.894,12384.000000,3096.000000,3213.625662,8.005042,2,2,0
15.9,2,gnb_2,4,15.996,12384.000000,3096.000000,3172.456680,8.111442,2,2,0
16.0,2,gnb_2,4,16.098,12384.000000,3096.000000,3145.696842,8.217842,2,2,0
16.1,2,gnb_2,4,16.194,12384.000000,3096.000000,3128.302947,8.324242,2,2,0
16.2,2,gnb_2,4,16.296,13920.000000,3480.000000,3251.396916,8.456242,2,3,0
16.3,2,gnb_2,4,16.398,13920.000000,3480.000000,3331.407995,8.472242,3,3,0
16.4,2,gnb_2,4,16.494,13920.000000,3480.000000,3383.415197,8.488242,3,3,0
16.5,2,gnb_2,4,16.596,13920.000000,3480.000000,3417.219878,8.504242,3,3,0
16.6,2,gnb_2,4,16.698,13920.000000,3480.000000,3439.192921,8.520242,3,3,0
16.7,2,gnb_2,4,16.794,13664.000000,3416.000000,3431.075398,8.534109,3,3,0
16.8,2,gnb_2,4,16.896,13664.000000,3416.000000,3425.799009,8.547976,3,3,0
16.9,2,gnb_2,4,16.998,13664.000000,3416.000000,3422.369356,8.561842,3,3,0
17.0,2,gnb_2,4,17.094,13664.000000,3416.000000,3420.140081,8.575709,3,3,0
17.1,2,gnb_2,4,17.196,13920.000000,3480.000000,3441.091053,8.591709,3,3,0
17.2,2,gnb_2,4,17.298,13920.000000,3480.000000,3454.709184,8.607709,3,3,0
17.3,2,gnb_2,4,17.394,13920.000000,3480.000000,3463.560970,8.623709,3,3,0
17.4,2,gnb_2,4,17.496,13920.000000,3480.000000,3469.314630,8.639709,3,3,0
17.5,2,gnb_2,4,17.598,13920.000000,3480.000000,3473.054510,8.655709,3,3,0
17.6,2,gnb_2,4,17.694,13920.000000,3480.000000,3475.485431,8.671709,3,3,0
17.7,2,gnb_2,4,17.796,13920.000000,3480.000000,3477.065530,8.687709,3,3,0
17.8,2,gnb_2,4,17.898,13920.000000,3480.000000,3478.092595,8.703709,3,3,0
17.9,2,gnb_2,4,17.994,13312.000000,3328.000000,3425.560187,8.714642,3,3,0
18.0,2,gnb_2,4,18.096,13312.000000,3328.000000,3391.414121,8.725576,3,3,0
18.1,2,gnb_2,4,18.198,13312.000000,3328.000000,3369.219179,8.736509,3,3,0
18.2,2,gnb_2,4,18.294,13312.000000,3328.000000,3354.792466,8.747442,3,3,0
18.3,2,gnb_2,4,18.396,13920.000000,3480.000000,3398.615103,8.763442,3,3,0
18.4,2,gnb_2,4,18.498,13920.000000,3480.000000,3427.099817,8.779442,3,3,0
18.5,2,gnb_2,4,18.594,13920.000000,3480.000000,3445.614881,8.795442,3,3,0
18.6,2,gnb_2,4,18.696,13920.000000,3480.000000,3457.649673,8.811442,3,3,0
18.7,2,gnb_2,4,18.798,13920.000000,3480.000000,3465.472287,8.827442,3,3,0
18.8,2,gnb_2,4,18.894,13920.000000,3480.000000,3470.556987,8.843442,3,3,0
18.9,2,gnb_2,5,18.996,13920.000000,2784.000000,3230.262041,8.836242,3,2,0
19.0,2,gnb_2,5,19.098,13920.000000,2784.000000,3074.070327,8.921842,2,2,0
19.1,2,gnb_2,5,19.194,13920.000000,2784.000000,2972.545712,9.007442,2,2,0
19.2,2,gnb_2,5,19.296,13920.000000,2784.000000,2906.554713,9.093042,2,2,0
19.3,2,gnb_2,5,19.398,13920.000000,2784.000000,2863.660564,9.178642,2,2,0
19.4,2,gnb_2,5,19.494,13920.000000,2784.000000,2835.779366,9.264242,2,2,0
19.5,2,gnb_2,5,19.596,13920.000000,2784.000000,2817.656588,9.349842,2,2,0
19.6,2,gnb_2,5,19.698,13920.000000,2784.000000,2805.876782,9.435442,2,2,0
19.7,2,gnb_2,5,19.794,13920.000000,2784.000000,2798.219908,9.521042,2,2,0
19.8,2,gnb_2,5,19.896,13920.000000,2784.000000,2793.242941,9.606642,2,2,0
19.9,2,gnb_2,5,19.998,13920.000000,2784.000000,2790.007911,9.692242,2,2,0
20.0,2,gnb_2,5,20.094,13920.000000,2784.000000,2787.905142,9.777842,2,2,0
20.1,2,gnb_2,5,20.196,13920.000000,2784.000000,2786.538343,9.863442,2,2,0
20.2,2,gnb_2,5,20.298,13920.000000,2784.000000,2785.649923,9.949042,2,2,0
20.3,2,gnb_2,5,20.394,13920.000000,2784.000000,2785.072450,10.034642,2,2,0
20.4,2,gnb_2,5,20.496,13920.000000,2784.000000,2784.697092,10.120242,2,2,0
20.5,2,gnb_2,5,20.598,13632.000000,2726.400000,2764.293110,10.202002,2,2,0
20.6,2,gnb_2,5,20.694,13632.000000,2726.400000,2751.030522,10.283762,2,2,0
20.7,2,gnb_2,5,20.796,13632.000000,2726.400000,2742.409839,10.365522,2,2,0
20.8,2,gnb_2,5,20.898,13632.000000,2726.400000,2736.806395,10.447282,2,2,0
20.9,2,gnb_2,5,20.994,13664.000000,2732.800000,2735.404157,10.529469,2,2,0
21.0,2,gnb_2,5,21.096,13664.000000,2732.800000,2734.492702,10.611656,2,2,0
21.1,2,gnb_2,5,21.198,13664.000000,2732.800000,2733.900256,10.693842,2,2,0
21.2,2,gnb_2,5,21.294,13664.000000,2732.800000,2733.515167,10.776029,2,2,0
21.3,2,gnb_2,5,21.396,13312.000000,2662.400000,2708.624858,10.853522,2,2,0
21.4,2,gnb_2,5,21.498,13344.000000,2668.800000,2694.686158,10.931442,2,2,0
21.5,2,gnb_2,5,21.594,13488.000000,2697.600000,2695.706003,11.011282,2,2,0
21.6,2,gnb_2,5,21.696,13488.000000,2697.600000,2696.368902,11.091122,2,2,0
21.7,2,gnb_2,5,21.798,12992.000000,2598.400000,2662.079786,11.164349,2,2,0
21.8,2,gnb_2,5,21.894,13136.000000,2627.200000,2649.871861,11.239496,2,2,0
21.9,2,gnb_2,5,21.996,13136.000000,2627.200000,2641.936710,11.314642,2,2,0
22.0,2,gnb_2,5,22.098,13136.000000,2627.200000,2636.778861,11.389789,2,2,0
22.1,2,gnb_2,5,22.194,13856.000000,2771.200000,2683.826260,11.474536,2,2,0
22.2,2,gnb_2,5,22.296,13856.000000,2771.200000,2714.407069,11.559282,2,2,0
22.3,2,gnb_2,5,22.398,13856.000000,2771.200000,2734.284595,11.644029,2,2,0
22.4,2,gnb_2,5,22.494,13856.000000,2771.200000,2747.204987,11.728776,2,2,0
22.5,2,gnb_2,5,22.596,13920.000000,2784.000000,2760.083241,11.814376,2,2,0
22.6,2,gnb_2,5,22.698,13920.000000,2784.000000,2768.454107,11.899976,2,2,0
22.7,2,gnb_2,5,22.794,13920.000000,2784.000000,2773.895169,11.985576,2,2,0
22.8,2,gnb_2,5,22.896,13920.000000,2784.000000,2777.431860,12.000000,2,2,0
22.9,2,gnb_2,6,22.998,13920.000000,2320.000000,2617.330709,12.000000,2,2,0
23.0,2,gnb_2,5,23.094,13920.000000,2784.000000,2675.664961,12.000000,2,2,0
23.1,2,gnb_2,5,23.196,13920.000000,2784.000000,2713.582225,12.000000,2,2,0
23.2,2,gnb_2,5,23.298,13920.000000,2784.000000,2738.228446,12.000000,2,2,0
23.3,2,gnb_2,5,23.394,13760.000000,2752.000000,2743.048490,12.000000,2,2,0
23.4,2,gnb_2,5,23.496,13760.000000,2752.000000,2746.181518,12.000000,2,2,0
23.5,2,gnb_2,5,23.598,13760.000000,2752.000000,2748.217987,12.000000,2,2,0
23.6,2,gnb_2,5,23.694,13760.000000,2752.000000,2749.541692,12.000000,2,2,0
23.7,2,gnb_2,5,23.796,13760.000000,2752.000000,2750.402099,12.000000,2,2,0
23.8,2,gnb_2,5,23.898,13760.000000,2752.000000,2750.961365,12.000000,2,2,0
23.9,2,gnb_2,5,23.994,13760.000000,2752.000000,2751.324887,12.000000,2,2,0
24.0,2,gnb_2,6,24.096,13760.000000,2293.333333,2591.027843,12.000000,2,2,0
24.1,2,gnb_2,6,24.198,13920.000000,2320.000000,2496.168098,12.000000,2,2,0
24.2,2,gnb_2,6,24.294,13920.000000,2320.000000,2434.509264,12.000000,2,2,0
24.3,2,gnb_2,6,24.396,13920.000000,2320.000000,2394.431021,12.000000,2,2,0
24.4,2,gnb_2,6,24.498,13920.000000,2320.000000,2368.380164,12.000000,2,2,0
24.5,2,gnb_2,6,24.594,13920.000000,2320.000000,2351.447107,12.000000,2,2,0
24.6,2,gnb_2,6,24.696,13920.000000,2320.000000,2340.440619,12.000000,2,2,0
24.7,2,gnb_2,6,24.798,13920.000000,2320.000000,2333.286403,12.000000,2,2,0
24.8,2,gnb_2,6,24.894,13920.000000,2320.000000,2328.636162,12.000000,2,2,0
24.9,2,gnb_2,6,24.996,13920.000000,2320.000000,2325.613505,12.000000,2,2,0
25.0,2,gnb_2,5,25.098,13920.000000,2784.000000,2486.048778,12.000000,2,2,0
25.1,2,gnb_2,5,25.194,13920.000000,2784.000000,2590.331706,12.000000,2,2,0
25.2,2,gnb_2,5,25.296,13920.000000,2784.000000,2658.115609,12.000000,2,2,0
25.3,2,gnb_2,5,25.398,13920.000000,2784.000000,2702.175146,12.000000,2,2,0
25.4,2,gnb_2,5,25.494,13920.000000,2784.000000,2730.813845,12.000000,2,2,0
25.5,2,gnb_2,5,25.596,13920.000000,2784.000000,2749.428999,12.000000,2,2,0
25.6,2,gnb_2,5,25.698,13920.000000,2784.000000,2761.528849,12.000000,2,2,0
25.7,2,gnb_2,5,25.794,13920.000000,2784.000000,2769.393752,12.000000,2,2,0
25.8,2,gnb_2,5,25.896,13920.000000,2784.000000,2774.505939,12.000000,2,2,0
25.9,2,gnb_2,5,25.998,13920.000000,2784.000000,2777.828860,12.000000,2,2,0
26.0,2,gnb_2,6,26.094,13920.000000,2320.000000,2617.588759,12.000000,2,2,0
26.1,2,gnb_2,6,26.196,13920.000000,2320.000000,2513.432693,12.000000,2,2,0
26.2,2,gnb_2,6,26.298,13920.000000,2320.000000,2445.731251,12.000000,2,2,0
26.3,2,gnb_2,6,26.394,13920.000000,2320.000000,2401.725313,12.000000,2,2,0
26.4,2,gnb_2,6,26.496,13920.000000,2320.000000,2373.121453,12.000000,2,2,0
26.5,2,gnb_2,6,26.598,13280.000000,2213.333333,2317.195611,12.000000,2,2,0
26.6,2,gnb_2,6,26.694,13280.000000,2213.333333,2280.843814,12.000000,2,2,0
26.7,2,gnb_2,6,26.796,13280.000000,2213.333333,2257.215146,12.000000,2,2,0
26.8,2,gnb_2,7,26.898,13280.000000,1897.142857,2131.189845,12.000000,2,2,0
26.9,2,gnb_2,7,26.994,10640.000000,1520.000000,1917.273399,12.000000,2,1,0
27.0,2,gnb_2,6,27.096,10640.000000,1773.333333,1866.894376,12.000000,1,2,0
27.1,2,gnb_2,6,27.198,10640.000000,1773.333333,1834.148011,12.000000,2,2,0
27.2,2,gnb_2,6,27.294,10640.000000,1773.333333,1812.862874,12.000000,2,2,0
27.3,2,gnb_2,6,27.396,8896.000000,1482.666667,1697.294201,11.998844,2,1,0
27.4,2,gnb_2,6,27.498,8896.000000,1482.666667,1622.174564,12.000000,1,1,0
27.5,2,gnb_2,6,27.594,8896.000000,1482.666667,1573.346800,12.000000,1,1,0
27.6,2,gnb_2,6,27.696,8896.000000,1482.666667,1541.608753,12.000000,1,1,0
27.7,2,gnb_2,6,27.798,13664.000000,2277.333333,1799.112356,12.000000,1,2,0
27.8,2,gnb_2,6,27.894,13664.000000,2277.333333,1966.489698,12.000000,2,2,0
27.9,2,gnb_2,6,27.996,13664.000000,2277.333333,2075.284971,12.000000,2,2,0
28.0,2,gnb_2,6,28.098,13920.000000,2320.000000,2160.935231,12.000000,2,2,0
28.1,2,gnb_2,6,28.194,13920.000000,2320.000000,2216.607900,12.000000,2,2,0
28.2,2,gnb_2,6,28.296,13920.000000,2320.000000,2252.795135,12.000000,2,2,0
28.3,2,gnb_2,6,28.398,13920.000000,2320.000000,2276.316838,12.000000,2,2,0
28.4,2,gnb_2,6,28.494,13920.000000,2320.000000,2291.605945,12.000000,2,2,0
28.5,2,gnb_2,6,28.596,13920.000000,2320.000000,2301.543864,12.000000,2,2,0
28.6,2,gnb_2,6,28.698,13920.000000,2320.000000,2308.003512,12.000000,2,2,0
28.7,2,gnb_2,6,28.794,13920.000000,2320.000000,2312.202283,12.000000,2,2,0
28.8,2,gnb_2,6,28.896,13920.000000,2320.000000,2314.931484,12.000000,2,2,0
28.9,2,gnb_2,6,28.998,13920.000000,2320.000000,2316.705464,12.000000,2,2,0
29.0,2,gnb_2,5,29.094,13920.000000,2784.000000,2480.258552,12.000000,2,2,0
29.1,2,gnb_2,5,29.196,13920.000000,2784.000000,2586.568059,12.000000,2,2,0
29.2,2,gnb_2,5,29.298,13920.000000,2784.000000,2655.669238,12.000000,2,2,0
29.3,2,gnb_2,5,29.394,13792.000000,2758.400000,2691.625005,12.000000,2,2,0
29.4,2,gnb_2,5,29.496,13792.000000,2758.400000,2714.996253,12.000000,2,2,0
29.5,2,gnb_2,5,29.598,13792.000000,2758.400000,2730.187565,12.000000,2,2,0
29.6,2,gnb_2,5,29.694,13664.000000,2732.800000,2731.101917,12.000000,2,2,0
29.7,2,gnb_2,5,29.796,13664.000000,2732.800000,2731.696246,12.000000,2,2,0
29.8,2,gnb_2,5,29.898,13664.000000,2732.800000,2732.082560,12.000000,2,2,0
29.9,2,gnb_2,5,29.994,13920.000000,2784.000000,2750.253664,12.000000,2,2,0
30.0,2,gnb_2,5,30.096,13920.000000,2784.000000,2762.064882,12.000000,2,2,0
30.1,2,gnb_2,5,30.198,13920.000000,2784.000000,2769.742173,12.000000,2,2,0
30.2,2,gnb_2,5,30.294,13920.000000,2784.000000,2774.732412,12.000000,2,2,0
30.3,2,gnb_2,5,30.396,13920.000000,2784.000000,2777.976068,12.000000,2,2,0
30.4,2,gnb_2,5,30.498,13920.000000,2784.000000,2780.084444,12.000000,2,2,0
30.5,2,gnb_2,5,30.594,13920.000000,2784.000000,2781.454889,12.000000,2,2,0
30.6,2,gnb_2,5,30.696,13920.000000,2784.000000,2782.345678,12.000000,2,2,0
30.7,2,gnb_2,5,30.798,13920.000000,2784.000000,2782.924691,12.000000,2,2,0
30.8,2,gnb_2,5,30.894,13920.000000,2784.000000,2783.301049,12.000000,2,2,0
30.9,2,gnb_2,5,30.996,13920.000000,2784.000000,2783.545682,12.000000,2,2,0
31.0,2,gnb_1,4,31.098,13920.000000,3480.000000,3027.304693,12.000000,2,2,0
31.1,2,gnb_1,4,31.194,13920.000000,3480.000000,3185.748051,12.000000,2,3,0
31.2,2,gnb_1,4,31.296,13920.000000,3480.000000,3288.736233,12.000000,3,3,0
31.3,2,gnb_1,4,31.398,13920.000000,3480.000000,3355.678551,12.000000,3,3,0
31.4,2,gnb_1,4,31.494,13920.000000,3480.000000,3399.191058,12.000000,3,3,0
31.5,2,gnb_1,4,31.596,13920.000000,3480.000000,3427.474188,12.000000,3,3,0
31.6,2,gnb_1,4,31.698,13920.000000,3480.000000,3445.858222,12.000000,3,3,0
31.7,2,gnb_1,4,31.794,13888.000000,3472.000000,3455.007844,12.000000,3,3,0
31.8,2,gnb_1,4,31.896,13888.000000,3472.000000,3460.955099,12.000000,3,3,0
31.9,2,gnb_1,4,31.998,13920.000000,3480.000000,3467.620814,12.000000,3,3,0
32.0,2,gnb_1,4,32.094,13920.000000,3480.000000,3471.953529,12.000000,3,3,0
32.1,2,gnb_1,4,32.196,13920.000000,3480.000000,3474.769794,12.000000,3,3,0
32.2,2,gnb_1,4,32.298,13920.000000,3480.000000,3476.600366,12.000000,3,3,0
32.3,2,gnb_1,4,32.394,13920.000000,3480.000000,3477.790238,12.000000,3,3,0
32.4,2,gnb_1,4,32.496,13920.000000,3480.000000,3478.563655,12.000000,3,3,0
32.5,2,gnb_1,4,32.598,13920.000000,3480.000000,3479.066376,12.000000,3,3,0
32.6,2,gnb_1,4,32.694,13920.000000,3480.000000,3479.393144,12.000000,3,3,0
32.7,2,gnb_1,4,32.796,13920.000000,3480.000000,3479.605544,12.000000,3,3,0
32.8,2,gnb_1,4,32.898,13920.000000,3480.000000,3479.743603,12.000000,3,3,0
32.9,2,gnb_1,4,32.994,13920.000000,3480.000000,3479.833342,12.000000,3,3,0
33.0,2,gnb_1,4,33.096,13920.000000,3480.000000,3479.891672,12.000000,3,3,0
33.1,2,gnb_1,4,33.198,13920.000000,3480.000000,3479.929587,12.000000,3,3,0
33.2,2,gnb_1,4,33.294,13920.000000,3480.000000,3479.954232,12.000000,3,3,0
33.3,2,gnb_1,4,33.396,13920.000000,3480.000000,3479.970251,12.000000,3,3,0
33.4,2,gnb_1,4,33.498,13920.000000,3480.000000,3479.980663,12.000000,3,3,0
33.5,2,gnb_1,4,33.594,13920.000000,3480.000000,3479.987431,12.000000,3,3,0
33.6,2,gnb_1,4,33.696,13920.000000,3480.000000,3479.991830,12.000000,3,3,0
33.7,2,gnb_1,4,33.798,13920.000000,3480.000000,3479.994690,12.000000,3,3,0
33.8,2,gnb_1,4,33.894,13920.000000,3480.000000,3479.996548,12.000000,3,3,0
33.9,2,gnb_1,4,33.996,13920.000000,3480.000000,3479.997756,12.000000,3,3,0
34.0,2,gnb_1,4,34.098,13920.000000,3480.000000,3479.998542,12.000000,3,3,0
34.1,2,gnb_1,4,34.194,13920.000000,3480.000000,3479.999052,12.000000,3,3,0
34.2,2,gnb_1,4,34.296,13920.000000,3480.000000,3479.999384,12.000000,3,3,0
34.3,2,gnb_1,4,34.398,13920.000000,3480.000000,3479.999599,12.000000,3,3,0
34.4,2,gnb_1,4,34.494,13920.000000,3480.000000,3479.999740,12.000000,3,3,0
34.5,2,gnb_1,4,34.596,13920.000000,3480.000000,3479.999831,12.000000,3,3,0
34.6,2,gnb_1,4,34.698,13920.000000,3480.000000,3479.999890,12.000000,3,3,0
34.7,2,gnb_1,4,34.794,13920.000000,3480.000000,3479.999929,12.000000,3,3,0
34.8,2,gnb_1,4,34.896,13920.000000,3480.000000,3479.999954,12.000000,3,3,0
34.9,2,gnb_1,4,34.998,13920.000000,3480.000000,3479.999970,12.000000,3,3,0
35.0,2,gnb_1,4,35.094,13920.000000,3480.000000,3479.999980,12.000000,3,3,0
35.1,2,gnb_1,4,35.196,13920.000000,3480.000000,3479.999987,12.000000,3,3,0
35.2,2,gnb_1,4,35.298,13920.000000,3480.000000,3479.999992,12.000000,3,3,0
35.3,2,gnb_1,4,35.394,13920.000000,3480.000000,3479.999995,12.000000,3,3,0
35.4,2,gnb_1,4,35.496,13920.000000,3480.000000,3479.999996,12.000000,3,3,0
35.5,2,gnb_1,4,35.598,13920.000000,3480.000000,3479.999998,12.000000,3,3,0
35.6,2,gnb_1,4,35.694,13920.000000,3480.000000,3479.999999,12.000000,3,3,0
35.7,2,gnb_1,4,35.796,13920.000000,3480.000000,3479.999999,12.000000,3,3,0
35.8,2,gnb_1,4,35.898,13920.000000,3480.000000,3479.999999,12.000000,3,3,0
35.9,2,gnb_1,4,35.994,13920.000000,3480.000000,3480.000000,12.000000,3,3,0
36.0,2,gnb_1,4,36.096,13920.000000,3480.000000,3480.000000,12.000000,3,3,0
36.1,2,gnb_1,4,36.198,13920.000000,3480.000000,3480.000000,12.000000,3,3,0
36.2,2,gnb_1,4,36.294,13920.000000,3480.000000,3480.000000,12.000000,3,3,0
36.3,2,gnb_1,4,36.396,13920.000000,3480.000000,3480.000000,12.000000,3,3,0
36.4,2,gnb_1,4,36.498,13920.000000,3480.000000,3480.000000,12.000000,3,3,0
36.5,2,gnb_1,4,36.594,13920.000000,3480.000000,3480.000000,12.000000,3,3,0
36.6,2,gnb_1,4,36.696,13920.000000,3480.000000,3480.000000,12.000000,3,3,0
36.7,2,gnb_1,4,36.798,13920.000000,3480.000000,3480.000000,12.000000,3,3,0
36.8,2,gnb_1,4,36.894,13920.000000,3480.000000,3480.000000,12.000000,3,3,0
36.9,2,gnb_1,4,36.996,13920.000000,3480.000000,3480.000000,12.000000,3,3,0
37.0,2,gnb_1,4,37.098,13920.000000,3480.000000,3480.000000,12.000000,3,3,0
37.1,2,gnb_1,4,37.194,13920.000000,3480.000000,3480.000000,12.000000,3,3,0
37.2,2,gnb_1,4,37.296,13920.000000,3480.000000,3480.000000,12.000000,3,3,0
37.3,2,gnb_1,4,37.398,13920.000000,3480.000000,3480.000000,12.000000,3,3,0
37.4,2,gnb_1,4,37.494,13920.000000,3480.000000,3480.000000,12.000000,3,3,0
37.5,2,gnb_1,4,37.596,13920.000000,3480.000000,3480.000000,12.000000,3,3,0
37.6,2,gnb_1,4,37.698,13920.000000,3480.000000,3480.000000,12.000000,3,3,0
37.7,2,gnb_1,4,37.794,13920.000000,3480.000000,3480.000000,12.000000,3,3,0
37.8,2,gnb_1,4,37.896,13920.000000,3480.000000,3480.000000,12.000000,3,3,0
37.9,2,gnb_1,4,37.998,13920.000000,3480.000000,3480.000000,12.000000,3,3,0
38.0,2,gnb_1,5,38.094,13920.000000,2784.000000,3236.400000,11.992800,3,2,0
38.1,2,gnb_1,5,38.196,13920.000000,2784.000000,3078.060000,12.000000,2,2,0
38.2,2,gnb_1,5,38.298,13920.000000,2784.000000,2975.139000,12.000000,2,2,0
38.3,2,gnb_1,5,38.394,13760.000000,2752.000000,2897.040350,12.000000,2,2,0
38.4,2,gnb_1,5,38.496,13792.000000,2758.400000,2848.516227,12.000000,2,2,0
38.5,2,gnb_1,5,38.598,13792.000000,2758.400000,2816.975548,12.000000,2,2,0
38.6,2,gnb_1,5,38.694,13920.000000,2784.000000,2805.434106,12.000000,2,2,0
38.7,2,gnb_1,5,38.796,13920.000000,2784.000000,2797.932169,12.000000,2,2,0
38.8,2,gnb_1,5,38.898,13920.000000,2784.000000,2793.055910,12.000000,2,2,0
38.9,2,gnb_1,5,38.994,13760.000000,2752.000000,2778.686341,12.000000,2,2,0
39.0,2,gnb_1,5,39.096,13760.000000,2752.000000,2769.346122,12.000000,2,2,0
39.1,2,gnb_1,5,39.198,13792.000000,2758.400000,2765.514979,12.000000,2,2,0
39.2,2,gnb_1,5,39.294,13920.000000,2784.000000,2771.984737,12.000000,2,2,0
39.3,2,gnb_1,5,39.396,13920.000000,2784.000000,2776.190079,12.000000,2,2,0
39.4,2,gnb_1,5,39.498,13920.000000,2784.000000,2778.923551,12.000000,2,2,0
39.5,2,gnb_1,5,39.594,13920.000000,2784.000000,2780.700308,12.000000,2,2,0
39.6,2,gnb_1,5,39.696,13920.000000,2784.000000,2781.855200,12.000000,2,2,0
39.7,2,gnb_1,5,39.798,13920.000000,2784.000000,2782.605880,12.000000,2,2,0
39.8,2,gnb_1,5,39.894,13920.000000,2784.000000,2783.093822,12.000000,2,2,0
39.9,2,gnb_1,5,39.996,13920.000000,2784.000000,2783.410984,12.000000,2,2,0
40.0,2,gnb_1,7,40.098,13920.000000,1988.571429,2505.217140,12.000000,2,2,0
40.1,2,gnb_1,7,40.194,13920.000000,1988.571429,2324.391141,12.000000,2,2,0
40.2,2,gnb_1,7,40.296,13920.000000,1988.571429,2206.854242,12.000000,2,2,0
40.3,2,gnb_1,7,40.398,13920.000000,1988.571429,2130.455257,12.000000,2,2,0
40.4,2,gnb_1,7,40.494,13920.000000,1988.571429,2080.795917,12.000000,2,2,0
40.5,2,gnb_1,7,40.596,13920.000000,1988.571429,2048.517346,12.000000,2,2,0
40.6,2,gnb_1,7,40.698,13920.000000,1988.571429,2027.536275,12.000000,2,2,0
40.7,2,gnb_1,7,40.794,13920.000000,1988.571429,2013.898579,12.000000,2,2,0
40.8,2,gnb_1,7,40.896,13920.000000,1988.571429,2005.034076,12.000000,2,2,0
40.9,2,gnb_1,7,40.998,13920.000000,1988.571429,1999.272150,12.000000,2,2,0
41.0,2,gnb_1,7,41.094,13920.000000,1988.571429,1995.526897,12.000000,2,2,0
41.1,2,gnb_1,7,41.196,13920.000000,1988.571429,1993.092483,12.000000,2,2,0
41.2,2,gnb_1,7,41.298,13920.000000,1988.571429,1991.510114,12.000000,2,2,0
41.3,2,gnb_1,7,41.394,13920.000000,1988.571429,1990.481574,12.000000,2,2,0
41.4,2,gnb_1,7,41.496,13920.000000,1988.571429,1989.813023,12.000000,2,2,0
41.5,2,gnb_1,7,41.598,13920.000000,1988.571429,1989.378465,12.000000,2,2,0
41.6,2,gnb_1,7,41.694,13920.000000,1988.571429,1989.096002,12.000000,2,2,0
41.7,2,gnb_1,7,41.796,13920.000000,1988.571429,1988.912401,12.000000,2,2,0
41.8,2,gnb_1,7,41.898,13920.000000,1988.571429,1988.793061,12.000000,2,2,0
41.9,2,gnb_1,7,41.994,13920.000000,1988.571429,1988.715490,12.000000,2,2,0
42.0,2,gnb_1,6,42.096,13920.000000,2320.000000,2104.665068,12.000000,2,2,0
42.1,2,gnb_1,6,42.198,13920.000000,2320.000000,2180.032294,12.000000,2,2,0
42.2,2,gnb_1,6,42.294,13920.000000,2320.000000,2229.020991,12.000000,2,2,0
42.3,2,gnb_1,6,42.396,13920.000000,2320.000000,2260.863644,12.000000,2,2,0
42.4,2,gnb_1,6,42.498,13920.000000,2320.000000,2281.561369,12.000000,2,2,0
42.5,2,gnb_1,6,42.594,13920.000000,2320.000000,2295.014890,12.000000,2,2,0
42.6,2,gnb_1,6,42.696,13920.000000,2320.000000,2303.759678,12.000000,2,2,0
42.7,2,gnb_1,6,42.798,13920.000000,2320.000000,2309.443791,12.000000,2,2,0
42.8,2,gnb_1,6,42.894,13920.000000,2320.000000,2313.138464,12.000000,2,2,0
42.9,2,gnb_1,6,42.996,13920.000000,2320.000000,2315.540002,12.000000,2,2,0
43.0,2,gnb_1,6,43.098,13920.000000,2320.000000,2317.101001,12.000000,2,2,0
43.1,2,gnb_1,6,43.194,13920.000000,2320.000000,2318.115651,12.000000,2,2,0
43.2,2,gnb_1,6,43.296,13920.000000,2320.000000,2318.775173,12.000000,2,2,0
43.3,2,gnb_1,6,43.398,13920.000000,2320.000000,2319.203862,12.000000,2,2,0
43.4,2,gnb_1,6,43.494,13920.000000,2320.000000,2319.482511,12.000000,2,2,0
43.5,2,gnb_1,6,43.596,13920.000000,2320.000000,2319.663632,12.000000,2,2,0
43.6,2,gnb_1,6,43.698,13920.000000,2320.000000,2319.781361,12.000000,2,2,0
43.7,2,gnb_1,6,43.794,13920.000000,2320.000000,2319.857884,12.000000,2,2,0
43.8,2,gnb_1,6,43.896,13920.000000,2320.000000,2319.907625,12.000000,2,2,0
43.9,2,gnb_1,6,43.998,13920.000000,2320.000000,2319.939956,12.000000,2,2,0
44.0,2,gnb_1,6,44.094,13920.000000,2320.000000,2319.960972,12.000000,2,2,0
44.1,2,gnb_1,6,44.196,13920.000000,2320.000000,2319.974631,12.000000,2,2,0
44.2,2,gnb_1,6,44.298,13920.000000,2320.000000,2319.983510,12.000000,2,2,0
44.3,2,gnb_1,6,44.394,13920.000000,2320.000000,2319.989282,12.000000,2,2,0
44.4,2,gnb_1,6,44.496,13920.000000,2320.000000,2319.993033,12.000000,2,2,0
44.5,2,gnb_1,6,44.598,13920.000000,2320.000000,2319.995472,12.000000,2,2,0
44.6,2,gnb_1,6,44.694,13920.000000,2320.000000,2319.997057,12.000000,2,2,0
44.7,2,gnb_1,6,44.796,13920.000000,2320.000000,2319.998087,12.000000,2,2,0
44.8,2,gnb_1,6,44.898,13920.000000,2320.000000,2319.998756,12.000000,2,2,0
44.9,2,gnb_1,6,44.994,13824.000000,2304.000000,2314.399192,12.000000,2,2,0
45,2,gnb_1,3,45,13824.000000,4608.000000,3117.159475,12.000000,2,3,0
13.6,3,gnb_2,4,13.694,8920.000000,2230.000000,1226.500000,2.305455,1,1,0
13.7,3,gnb_2,4,13.796,8920.000000,2230.000000,1577.725000,2.610909,1,1,0
13.8,3,gnb_2,4,13.898,8920.000000,2230.000000,1806.021250,2.916364,1,1,0
13.9,3,gnb_2,4,13.994,8920.000000,2230.000000,1954.413812,3.221818,1,1,0
14.0,3,gnb_2,4,14.096,8920.000000,2230.000000,2050.868978,3.527273,1,1,0
14.1,3,gnb_2,4,14.198,8920.000000,2230.000000,2113.564836,3.832727,1,1,0
14.2,3,gnb_2,4,14.294,8920.000000,2230.000000,2154.317143,4.138182,1,2,0
14.3,3,gnb_2,4,14.396,8920.000000,2230.000000,2180.806143,4.186848,2,2,0
14.4,3,gnb_2,4,14.498,8920.000000,2230.000000,2198.023993,4.235515,2,2,0
14.5,3,gnb_2,4,14.594,8920.000000,2230.000000,2209.215595,4.284182,2,2,0
14.6,3,gnb_2,4,14.696,8920.000000,2230.000000,2216.490137,4.332848,2,2,0
14.7,3,gnb_2,4,14.798,8920.000000,2230.000000,2221.218589,4.381515,2,2,0
14.8,3,gnb_2,4,14.894,8920.000000,2230.000000,2224.292083,4.430182,2,2,0
14.9,3,gnb_2,4,14.996,8920.000000,2230.000000,2226.289854,4.478848,2,2,0
15.0,3,gnb_2,4,15.098,8920.000000,2230.000000,2227.588405,4.527515,2,2,0
15.1,3,gnb_2,4,15.194,8920.000000,2230.000000,2228.432463,4.576182,2,2,0
15.2,3,gnb_2,4,15.296,8920.000000,2230.000000,2228.981101,4.624848,2,2,0
15.3,3,gnb_2,4,15.398,8920.000000,2230.000000,2229.337716,4.673515,2,2,0
15.4,3,gnb_2,4,15.494,8920.000000,2230.000000,2229.569515,4.722182,2,2,0
15.5,3,gnb_2,4,15.596,8920.000000,2230.000000,2229.720185,4.770848,2,2,0
15.6,3,gnb_2,4,15.698,8920.000000,2230.000000,2229.818120,4.819515,2,2,0
15.7,3,gnb_2,4,15.794,8920.000000,2230.000000,2229.881778,4.868182,2,2,0
15.8,3,gnb_2,4,15.896,8920.000000,2230.000000,2229.923156,4.916848,2,2,0
15.9,3,gnb_2,4,15.998,8920.000000,2230.000000,2229.950051,4.965515,2,2,0
16.0,3,gnb_2,4,16.094,8920.000000,2230.000000,2229.967533,5.014182,2,2,0
16.1,3,gnb_2,4,16.196,7992.000000,1998.000000,2148.778897,5.047382,2,2,0
16.2,3,gnb_2,4,16.298,7992.000000,1998.000000,2096.006283,5.080582,2,2,0
16.3,3,gnb_2,4,16.394,7992.000000,1998.000000,2061.704084,5.113782,2,2,0
16.4,3,gnb_2,4,16.496,7992.000000,1998.000000,2039.407654,5.146982,2,2,0
16.5,3,gnb_2,4,16.598,7992.000000,1998.000000,2024.914975,5.180182,2,2,0
16.6,3,gnb_2,4,16.694,7992.000000,1998.000000,2015.494734,5.213382,2,2,0
16.7,3,gnb_2,4,16.796,7992.000000,1998.000000,2009.371577,5.246582,2,2,0
16.8,3,gnb_2,4,16.898,7992.000000,1998.000000,2005.391525,5.279782,2,2,0
16.9,3,gnb_2,4,16.994,7992.000000,1998.000000,2002.804491,5.312982,2,2,0
17.0,3,gnb_2,4,17.096,7992.000000,1998.000000,2001.122919,5.346182,2,2,0
17.1,3,gnb_2,4,17.198,7992.000000,1998.000000,2000.029898,5.379382,2,2,0
17.2,3,gnb_2,4,17.294,7992.000000,1998.000000,1999.319433,5.412582,2,2,0
17.3,3,gnb_2,4,17.396,7992.000000,1998.000000,1998.857632,5.445782,2,2,0
17.4,3,gnb_2,4,17.498,7992.000000,1998.000000,1998.557461,5.478982,2,2,0
17.5,3,gnb_2,4,17.594,7992.000000,1998.000000,1998.362349,5.512182,2,2,0
17.6,3,gnb_2,4,17.696,7992.000000,1998.000000,1998.235527,5.545382,2,2,0
17.7,3,gnb_2,4,17.798,7992.000000,1998.000000,1998.153093,5.578582,2,2,0
17.8,3,gnb_2,4,17.894,12384.000000,3096.000000,2382.399510,5.684982,2,2,0
17.9,3,gnb_2,4,17.996,12384.000000,3096.000000,2632.159682,5.791382,2,2,0
18.0,3,gnb_2,4,18.098,12528.000000,3132.000000,2807.103793,5.900182,2,2,0
18.1,3,gnb_2,4,18.194,12528.000000,3132.000000,2920.817465,6.008982,2,2,0
18.2,3,gnb_2,4,18.296,12528.000000,3132.000000,2994.731353,6.117782,2,2,0
18.3,3,gnb_2,4,18.398,12528.000000,3132.000000,3042.775379,6.226582,2,2,0
18.4,3,gnb_2,4,18.494,12528.000000,3132.000000,3074.003996,6.335382,2,2,0
18.5,3,gnb_2,4,18.596,12528.000000,3132.000000,3094.302598,6.444182,2,2,0
18.6,3,gnb_2,4,18.698,12528.000000,3132.000000,3107.496689,6.552982,2,2,0
18.7,3,gnb_2,4,18.794,12528.000000,3132.000000,3116.072848,6.661782,2,2,0
18.8,3,gnb_2,4,18.896,12528.000000,3132.000000,3121.647351,6.770582,2,2,0
18.9,3,gnb_2,5,18.998,12528.000000,2505.600000,2906.030778,6.837622,2,2,0
19.0,3,gnb_2,5,19.094,12528.000000,2505.600000,2765.880006,6.904662,2,2,0
19.1,3,gnb_2,5,19.196,13248.000000,2649.600000,2725.182004,6.981302,2,2,0
19.2,3,gnb_2,5,19.298,13248.000000,2649.600000,2698.728302,7.057942,2,2,0
19.3,3,gnb_2,5,19.394,13248.000000,2649.600000,2681.533397,7.134582,2,2,0
19.4,3,gnb_2,5,19.496,13248.000000,2649.600000,2670.356708,7.211222,2,2,0
19.5,3,gnb_2,5,19.598,13248.000000,2649.600000,2663.091860,7.287862,2,2,0
19.6,3,gnb_2,5,19.694,13248.000000,2649.600000,2658.369709,7.364502,2,2,0
19.7,3,gnb_2,5,19.796,13248.000000,2649.600000,2655.300311,7.441142,2,2,0
19.8,3,gnb_2,5,19.898,13248.000000,2649.600000,2653.305202,7.517782,2,2,0
19.9,3,gnb_2,5,19.994,13248.000000,2649.600000,2652.008381,7.594422,2,2,0
20.0,3,gnb_2,5,20.096,13248.000000,2649.600000,2651.165448,7.671062,2,2,0
20.1,3,gnb_2,5,20.198,13248.000000,2649.600000,2650.617541,7.747702,2,2,0
20.2,3,gnb_2,5,20.294,13664.000000,2732.800000,2679.381402,7.829888,2,2,0
20.3,3,gnb_2,5,20.396,13664.000000,2732.800000,2698.077911,7.912075,2,2,0
20.4,3,gnb_2,5,20.498,13664.000000,2732.800000,2710.230642,7.994262,2,2,0
20.5,3,gnb_2,5,20.594,13664.000000,2732.800000,2718.129917,8.076448,2,2,0
20.6,3,gnb_2,5,20.696,13664.000000,2732.800000,2723.264446,8.158635,2,2,0
20.7,3,gnb_2,5,20.798,13664.000000,2732.800000,2726.601890,8.240822,2,2,0
20.8,3,gnb_2,5,20.894,13664.000000,2732.800000,2728.771229,8.323008,2,2,0
20.9,3,gnb_2,5,20.996,13696.000000,2739.200000,2732.421299,8.405622,2,2,0
21.0,3,gnb_2,5,21.098,13696.000000,2739.200000,2734.793844,8.488235,2,2,0
21.1,3,gnb_2,5,21.194,13696.000000,2739.200000,2736.335999,8.570848,2,2,0
21.2,3,gnb_2,5,21.296,13920.000000,2784.000000,2753.018399,8.656448,2,2,0
21.3,3,gnb_2,5,21.398,13920.000000,2784.000000,2763.861959,8.742048,2,2,0
21.4,3,gnb_2,5,21.494,13920.000000,2784.000000,2770.910274,8.827648,2,2,0
21.5,3,gnb_2,5,21.596,13920.000000,2784.000000,2775.491678,8.913248,2,2,0
21.6,3,gnb_2,5,21.698,13920.000000,2784.000000,2778.469591,8.998848,2,2,0
21.7,3,gnb_2,5,21.794,13920.000000,2784.000000,2780.405234,9.084448,2,2,0
21.8,3,gnb_2,5,21.896,13920.000000,2784.000000,2781.663402,9.170048,2,2,0
21.9,3,gnb_2,5,21.998,13920.000000,2784.000000,2782.481211,9.255648,2,2,0
22.0,3,gnb_2,5,22.094,13920.000000,2784.000000,2783.012787,9.341248,2,2,0
22.1,3,gnb_2,5,22.196,13920.000000,2784.000000,2783.358312,9.426848,2,2,0
22.2,3,gnb_2,5,22.298,13920.000000,2784.000000,2783.582903,9.512448,2,2,0
22.3,3,gnb_2,5,22.394,13920.000000,2784.000000,2783.728887,9.598048,2,2,0
22.4,3,gnb_2,5,22.496,13920.000000,2784.000000,2783.823776,9.683648,2,2,0
22.5,3,gnb_2,5,22.598,13920.000000,2784.000000,2783.885455,9.769248,2,2,0
22.6,3,gnb_2,5,22.694,13920.000000,2784.000000,2783.925546,9.854848,2,2,0
22.7,3,gnb_2,5,22.796,13920.000000,2784.000000,2783.951605,9.940448,2,2,0
22.8,3,gnb_2,5,22.898,13920.000000,2784.000000,2783.968543,10.026048,2,2,0
22.9,3,gnb_2,6,22.994,13920.000000,2320.000000,2621.579553,10.080715,2,2,0
23.0,3,gnb_2,5,23.096,13920.000000,2784.000000,2678.426709,10.166315,2,2,0
23.1,3,gnb_2,5,23.198,13920.000000,2784.000000,2715.377361,10.251915,2,2,0
23.2,3,gnb_2,5,23.294,13920.000000,2784.000000,2739.395285,10.337515,2,2,0
23.3,3,gnb_2,5,23.396,13920.000000,2784.000000,2755.006935,10.423115,2,2,0
23.4,3,gnb_2,5,23.498,13920.000000,2784.000000,2765.154508,10.508715,2,2,0
23.5,3,gnb_2,5,23.594,13920.000000,2784.000000,2771.750430,10.594315,2,2,0
23.6,3,gnb_2,5,23.696,13920.000000,2784.000000,2776.037780,10.679915,2,2,0
23.7,3,gnb_2,5,23.798,13920.000000,2784.000000,2778.824557,10.765515,2,2,0
23.8,3,gnb_2,5,23.894,13920.000000,2784.000000,2780.635962,10.851115,2,2,0
23.9,3,gnb_2,5,23.996,13920.000000,2784.000000,2781.813375,10.936715,2,2,0
24.0,3,gnb_2,6,24.098,13920.000000,2320.000000,2620.178694,10.991382,2,2,0
24.1,3,gnb_2,6,24.194,13920.000000,2320.000000,2515.116151,11.046048,2,2,0
24.2,3,gnb_2,6,24.296,13920.000000,2320.000000,2446.825498,11.100715,2,2,0
24.3,3,gnb_2,6,24.398,13920.000000,2320.000000,2402.436574,11.155382,2,2,0
24.4,3,gnb_2,6,24.494,13920.000000,2320.000000,2373.583773,11.210048,2,2,0
24.5,3,gnb_2,6,24.596,13920.000000,2320.000000,2354.829452,11.264715,2,2,0
24.6,3,gnb_2,6,24.698,13920.000000,2320.000000,2342.639144,11.319382,2,2,0
24.7,3,gnb_2,6,24.794,13920.000000,2320.000000,2334.715444,11.374048,2,2,0
24.8,3,gnb_2,6,24.896,13920.000000,2320.000000,2329.565038,11.428715,2,2,0
24.9,3,gnb_2,6,24.998,13920.000000,2320.000000,2326.217275,11.483382,2,2,0
25.0,3,gnb_2,5,25.094,13920.000000,2784.000000,2486.441229,11.568982,2,2,0
25.1,3,gnb_2,5,25.196,13920.000000,2784.000000,2590.586799,11.654582,2,2,0
25.2,3,gnb_2,5,25.298,13920.000000,2784.000000,2658.281419,11.740182,2,2,0
25.3,3,gnb_2,5,25.394,13920.000000,2784.000000,2702.282922,11.825782,2,2,0
25.4,3,gnb_2,5,25.496,13920.000000,2784.000000,2730.883900,11.911382,2,2,0
25.5,3,gnb_2,5,25.598,13920.000000,2784.000000,2749.474535,11.996982,2,2,0
25.6,3,gnb_2,5,25.694,13920.000000,2784.000000,2761.558448,12.000000,2,2,0
25.7,3,gnb_2,5,25.796,13920.000000,2784.000000,2769.412991,12.000000,2,2,0
25.8,3,gnb_2,5,25.898,13920.000000,2784.000000,2774.518444,12.000000,2,2,0
25.9,3,gnb_2,5,25.994,13920.000000,2784.000000,2777.836989,12.000000,2,2,0
26.0,3,gnb_2,6,26.096,13920.000000,2320.000000,2617.594043,12.000000,2,2,0
26.1,3,gnb_2,6,26.198,13920.000000,2320.000000,2513.436128,12.000000,2,2,0
26.2,3,gnb_2,6,26.294,13920.000000,2320.000000,2445.733483,12.000000,2,2,0
26.3,3,gnb_2,6,26.396,13920.000000,2320.000000,2401.726764,12.000000,2,2,0
26.4,3,gnb_2,6,26.498,13920.000000,2320.000000,2373.122397,12.000000,2,2,0
26.5,3,gnb_2,6,26.594,13920.000000,2320.000000,2354.529558,12.000000,2,2,0
26.6,3,gnb_2,6,26.696,13920.000000,2320.000000,2342.444213,12.000000,2,2,0
26.7,3,gnb_2,6,26.798,13920.000000,2320.000000,2334.588738,12.000000,2,2,0
26.8,3,gnb_2,7,26.894,13920.000000,1988.571429,2213.482680,12.000000,2,2,0
26.9,3,gnb_2,7,26.996,13920.000000,1988.571429,2134.763742,12.000000,2,2,0
27.0,3,gnb_2,6,27.098,13920.000000,2320.000000,2199.596432,12.000000,2,2,0
27.1,3,gnb_2,6,27.194,13920.000000,2320.000000,2241.737681,12.000000,2,2,0
27.2,3,gnb_2,6,27.296,13920.000000,2320.000000,2269.129493,12.000000,2,2,0
27.3,3,gnb_2,6,27.398,13920.000000,2320.000000,2286.934170,12.000000,2,2,0
27.4,3,gnb_2,6,27.494,13920.000000,2320.000000,2298.507211,12.000000,2,2,0
27.5,3,gnb_2,6,27.596,13920.000000,2320.000000,2306.029687,12.000000,2,2,0
27.6,3,gnb_2,6,27.698,13920.000000,2320.000000,2310.919296,12.000000,2,2,0
27.7,3,gnb_2,6,27.794,13920.000000,2320.000000,2314.097543,12.000000,2,2,0
27.8,3,gnb_2,6,27.896,13920.000000,2320.000000,2316.163403,12.000000,2,2,0
27.9,3,gnb_2,6,27.998,13920.000000,2320.000000,2317.506212,12.000000,2,2,0
28.0,3,gnb_2,6,28.094,13920.000000,2320.000000,2318.379038,12.000000,2,2,0
28.1,3,gnb_2,6,28.196,13920.000000,2320.000000,2318.946374,12.000000,2,2,0
28.2,3,gnb_2,6,28.298,13920.000000,2320.000000,2319.315143,12.000000,2,2,0
28.3,3,gnb_2,6,28.394,13920.000000,2320.000000,2319.554843,12.000000,2,2,0
28.4,3,gnb_2,6,28.496,13920.000000,2320.000000,2319.710648,12.000000,2,2,0
28.5,3,gnb_2,6,28.598,13920.000000,2320.000000,2319.811921,12.000000,2,2,0
28.6,3,gnb_2,6,28.694,13920.000000,2320.000000,2319.877749,12.000000,2,2,0
28.7,3,gnb_2,6,28.796,13664.000000,2277.333333,2304.987203,12.000000,2,2,0
28.8,3,gnb_2,6,28.898,13664.000000,2277.333333,2295.308349,12.000000,2,2,0
28.9,3,gnb_2,6,28.994,13664.000000,2277.333333,2289.017093,12.000000,2,2,0
29.0,3,gnb_2,5,29.096,13664.000000,2732.800000,2444.341111,12.000000,2,2,0
29.1,3,gnb_2,5,29.198,13664.000000,2732.800000,2545.301722,12.000000,2,2,0
29.2,3,gnb_2,5,29.294,12528.000000,2505.600000,2531.406119,12.000000,2,2,0
29.3,3,gnb_2,5,29.396,12528.000000,2505.600000,2522.373978,12.000000,2,2,0
29.4,3,gnb_2,5,29.498,12528.000000,2505.600000,2516.503085,12.000000,2,2,0
29.5,3,gnb_2,5,29.594,12528.000000,2505.600000,2512.687006,12.000000,2,2,0
29.6,3,gnb_2,5,29.696,12528.000000,2505.600000,2510.206554,12.000000,2,2,0
29.7,3,gnb_2,5,29.798,13824.000000,2764.800000,2599.314260,12.000000,2,2,0
29.8,3,gnb_2,5,29.894,13824.000000,2764.800000,2657.234269,12.000000,2,2,0
29.9,3,gnb_2,5,29.996,13824.000000,2764.800000,2694.882275,12.000000,2,2,0
30.0,3,gnb_2,5,30.098,13248.000000,2649.600000,2679.033479,12.000000,2,2,0
30.1,3,gnb_2,5,30.194,13248.000000,2649.600000,2668.731761,12.000000,2,2,0
30.2,3,gnb_2,5,30.296,13248.000000,2649.600000,2662.035645,12.000000,2,2,0
30.3,3,gnb_2,5,30.398,13248.000000,2649.600000,2657.683169,12.000000,2,2,0
30.4,3,gnb_2,5,30.494,13248.000000,2649.600000,2654.854060,12.000000,2,2,0
30.5,3,gnb_2,5,30.596,12384.000000,2476.800000,2592.535139,12.000000,2,2,0
30.6,3,gnb_2,5,30.698,12384.000000,2476.800000,2552.027840,12.000000,2,2,0
30.7,3,gnb_2,5,30.794,12384.000000,2476.800000,2525.698096,12.000000,2,2,0
30.8,3,gnb_2,5,30.896,12384.000000,2476.800000,2508.583763,12.000000,2,2,0
30.9,3,gnb_2,5,30.998,12384.000000,2476.800000,2497.459446,12.000000,2,2,0
31.0,3,gnb_2,5,31.094,13920.000000,2784.000000,2597.748640,12.000000,2,2,0
31.1,3,gnb_2,5,31.196,13920.000000,2784.000000,2662.936616,12.000000,2,2,0
31.2,3,gnb_2,5,31.298,13920.000000,2784.000000,2705.308800,12.000000,2,2,0
31.3,3,gnb_2,5,31.394,13920.000000,2784.000000,2732.850720,12.000000,2,2,0
31.4,3,gnb_2,5,31.496,13920.000000,2784.000000,2750.752968,12.000000,2,2,0
31.5,3,gnb_2,5,31.598,13920.000000,2784.000000,2762.389429,12.000000,2,2,0
31.6,3,gnb_2,5,31.694,13920.000000,2784.000000,2769.953129,12.000000,2,2,0
31.7,3,gnb_2,5,31.796,13920.000000,2784.000000,2774.869534,12.000000,2,2,0
31.8,3,gnb_2,5,31.898,13920.000000,2784.000000,2778.065197,12.000000,2,2,0
31.9,3,gnb_2,5,31.994,13920.000000,2784.000000,2780.142378,12.000000,2,2,0
32.0,3,gnb_2,5,32.096,13920.000000,2784.000000,2781.492546,12.000000,2,2,0
32.1,3,gnb_2,5,32.198,13920.000000,2784.000000,2782.370155,12.000000,2,2,0
32.2,3,gnb_2,6,32.294,13920.000000,2320.000000,2620.540601,12.000000,2,2,0
32.3,3,gnb_2,6,32.396,13920.000000,2320.000000,2515.351390,12.000000,2,2,0
32.4,3,gnb_2,6,32.498,13664.000000,2277.333333,2432.045070,12.000000,2,2,0
32.5,3,gnb_2,6,32.594,13664.000000,2277.333333,2377.895962,12.000000,2,2,0
32.6,3,gnb_2,6,32.696,13664.000000,2277.333333,2342.699042,12.000000,2,2,0
32.7,3,gnb_2,6,32.798,13664.000000,2277.333333,2319.821044,12.000000,2,2,0
32.8,3,gnb_2,6,32.894,13856.000000,2309.333333,2316.150345,12.000000,2,2,0
32.9,3,gnb_2,6,32.996,13856.000000,2309.333333,2313.764391,12.000000,2,2,0
33.0,3,gnb_2,6,33.098,13856.000000,2309.333333,2312.213521,12.000000,2,2,0
33.1,3,gnb_2,6,33.194,13856.000000,2309.333333,2311.205455,12.000000,2,2,0
33.2,3,gnb_2,6,33.296,12960.000000,2160.000000,2258.283546,12.000000,2,2,0
33.3,3,gnb_2,6,33.398,12960.000000,2160.000000,2223.884305,12.000000,2,2,0
33.4,3,gnb_2,6,33.494,12960.000000,2160.000000,2201.524798,12.000000,2,2,0
33.5,3,gnb_2,6,33.596,12960.000000,2160.000000,2186.991119,12.000000,2,2,0
33.6,3,gnb_2,6,33.698,13600.000000,2266.666667,2214.877561,12.000000,2,2,0
33.7,3,gnb_2,6,33.794,13600.000000,2266.666667,2233.003748,12.000000,2,2,0
33.8,3,gnb_2,6,33.896,13600.000000,2266.666667,2244.785769,12.000000,2,2,0
33.9,3,gnb_2,6,33.998,13600.000000,2266.666667,2252.444083,12.000000,2,2,0
34.0,3,gnb_2,6,34.094,11760.000000,1960.000000,2150.088654,12.000000,2,2,0
34.1,3,gnb_2,6,34.196,11760.000000,1960.000000,2083.557625,12.000000,2,2,0
34.2,3,gnb_2,6,34.298,11760.000000,1960.000000,2040.312456,12.000000,2,2,0
34.3,3,gnb_2,6,34.394,11760.000000,1960.000000,2012.203097,12.000000,2,2,0
34.4,3,gnb_2,6,34.496,13920.000000,2320.000000,2119.932013,12.000000,2,2,0
34.5,3,gnb_2,6,34.598,13920.000000,2320.000000,2189.955808,12.000000,2,2,0
34.6,3,gnb_2,6,34.694,13920.000000,2320.000000,2235.471275,12.000000,2,2,0
34.7,3,gnb_2,6,34.796,13920.000000,2320.000000,2265.056329,12.000000,2,2,0
34.8,3,gnb_2,6,34.898,13792.000000,2298.666667,2276.819947,12.000000,2,2,0
34.9,3,gnb_2,6,34.994,13792.000000,2298.666667,2284.466299,12.000000,2,2,0
35.0,3,gnb_2,6,35.096,13792.000000,2298.666667,2289.436428,12.000000,2,2,0
35.1,3,gnb_2,6,35.198,13792.000000,2298.666667,2292.667011,12.000000,2,2,0
35.2,3,gnb_2,6,35.294,13920.000000,2320.000000,2302.233557,12.000000,2,2,0
35.3,3,gnb_2,6,35.396,13920.000000,2320.000000,2308.451812,12.000000,2,2,0
35.4,3,gnb_2,6,35.498,13920.000000,2320.000000,2312.493678,12.000000,2,2,0
35.5,3,gnb_2,6,35.594,13920.000000,2320.000000,2315.120891,12.000000,2,2,0
35.6,3,gnb_2,6,35.696,13920.000000,2320.000000,2316.828579,12.000000,2,2,0
35.7,3,gnb_2,6,35.798,13920.000000,2320.000000,2317.938576,12.000000,2,2,0
35.8,3,gnb_2,6,35.894,13920.000000,2320.000000,2318.660075,12.000000,2,2,0
35.9,3,gnb_2,6,35.996,13920.000000,2320.000000,2319.129048,12.000000,2,2,0
36.0,3,gnb_2,6,36.098,13920.000000,2320.000000,2319.433882,12.000000,2,2,0
36.1,3,gnb_2,6,36.194,13920.000000,2320.000000,2319.632023,12.000000,2,2,0
36.2,3,gnb_2,6,36.296,13920.000000,2320.000000,2319.760815,12.000000,2,2,0
36.3,3,gnb_2,6,36.398,13920.000000,2320.000000,2319.844530,12.000000,2,2,0
36.4,3,gnb_2,6,36.494,13920.000000,2320.000000,2319.898944,12.000000,2,2,0
36.5,3,gnb_2,6,36.596,13920.000000,2320.000000,2319.934314,12.000000,2,2,0
36.6,3,gnb_2,6,36.698,13920.000000,2320.000000,2319.957304,12.000000,2,2,0
36.7,3,gnb_2,6,36.794,13920.000000,2320.000000,2319.972248,12.000000,2,2,0
36.8,3,gnb_2,6,36.896,13664.000000,2277.333333,2305.048628,12.000000,2,2,0
36.9,3,gnb_2,6,36.998,13664.000000,2277.333333,2295.348275,12.000000,2,2,0
37.0,3,gnb_2,6,37.094,13664.000000,2277.333333,2289.043045,12.000000,2,2,0
37.1,3,gnb_2,6,37.196,13664.000000,2277.333333,2284.944646,12.000000,2,2,0
37.2,3,gnb_2,6,37.298,12384.000000,2064.000000,2207.614020,12.000000,2,2,0
37.3,3,gnb_2,6,37.394,12384.000000,2064.000000,2157.349113,12.000000,2,2,0
37.4,3,gnb_2,6,37.496,12384.000000,2064.000000,2124.676923,12.000000,2,2,0
37.5,3,gnb_2,6,37.598,12384.000000,2064.000000,2103.440000,12.000000,2,2,0
37.6,3,gnb_2,6,37.694,13920.000000,2320.000000,2179.236000,12.000000,2,2,0
37.7,3,gnb_2,6,37.796,13920.000000,2320.000000,2228.503400,12.000000,2,2,0
37.8,3,gnb_2,6,37.898,13920.000000,2320.000000,2260.527210,12.000000,2,2,0
37.9,3,gnb_2,6,37.994,13920.000000,2320.000000,2281.342687,12.000000,2,2,0
38.0,3,gnb_1,5,38.096,13920.000000,2784.000000,2457.272746,12.000000,2,2,0
38.1,3,gnb_1,5,38.198,13920.000000,2784.000000,2571.627285,12.000000,2,2,0
38.2,3,gnb_1,5,38.294,13920.000000,2784.000000,2645.957735,12.000000,2,2,0
38.3,3,gnb_1,5,38.396,13920.000000,2784.000000,2694.272528,12.000000,2,2,0
38.4,3,gnb_1,5,38.498,13920.000000,2784.000000,2725.677143,12.000000,2,2,0
38.5,3,gnb_1,5,38.594,13920.000000,2784.000000,2746.090143,12.000000,2,2,0
38.6,3,gnb_1,5,38.696,13920.000000,2784.000000,2759.358593,12.000000,2,2,0
38.7,3,gnb_1,5,38.798,13920.000000,2784.000000,2767.983085,12.000000,2,2,0
38.8,3,gnb_1,5,38.894,13920.000000,2784.000000,2773.589006,12.000000,2,2,0
38.9,3,gnb_1,5,38.996,13920.000000,2784.000000,2777.232854,12.000000,2,2,0
39.0,3,gnb_1,5,39.098,13920.000000,2784.000000,2779.601355,12.000000,2,2,0
39.1,3,gnb_1,5,39.194,13920.000000,2784.000000,2781.140881,12.000000,2,2,0
39.2,3,gnb_1,5,39.296,13920.000000,2784.000000,2782.141572,12.000000,2,2,0
39.3,3,gnb_1,5,39.398,13920.000000,2784.000000,2782.792022,12.000000,2,2,0
39.4,3,gnb_1,5,39.494,13920.000000,2784.000000,2783.214814,12.000000,2,2,0
39.5,3,gnb_1,5,39.596,13920.000000,2784.000000,2783.489629,12.000000,2,2,0
39.6,3,gnb_1,5,39.698,13920.000000,2784.000000,2783.668259,12.000000,2,2,0
39.7,3,gnb_1,5,39.794,13920.000000,2784.000000,2783.784368,12.000000,2,2,0
39.8,3,gnb_1,5,39.896,13920.000000,2784.000000,2783.859839,12.000000,2,2,0
39.9,3,gnb_1,5,39.998,13920.000000,2784.000000,2783.908896,12.000000,2,2,0
40.0,3,gnb_1,7,40.094,13920.000000,1988.571429,2505.540782,12.000000,2,2,0
40.1,3,gnb_1,7,40.196,13920.000000,1988.571429,2324.601508,12.000000,2,2,0
40.2,3,gnb_1,7,40.298,13920.000000,1988.571429,2206.990980,12.000000,2,2,0
40.3,3,gnb_1,7,40.394,13920.000000,1988.571429,2130.544137,12.000000,2,2,0
40.4,3,gnb_1,7,40.496,13920.000000,1988.571429,2080.853689,12.000000,2,2,0
40.5,3,gnb_1,7,40.598,13920.000000,1988.571429,2048.554898,12.000000,2,2,0
40.6,3,gnb_1,7,40.694,13920.000000,1988.571429,2027.560684,12.000000,2,2,0
40.7,3,gnb_1,7,40.796,13920.000000,1988.571429,2013.914444,12.000000,2,2,0
40.8,3,gnb_1,7,40.898,13920.000000,1988.571429,2005.044389,12.000000,2,2,0
40.9,3,gnb_1,7,40.994,13920.000000,1988.571429,1999.278853,12.000000,2,2,0
41.0,3,gnb_1,7,41.096,13920.000000,1988.571429,1995.531254,12.000000,2,2,0
41.1,3,gnb_1,7,41.198,13920.000000,1988.571429,1993.095315,12.000000,2,2,0
41.2,3,gnb_1,7,41.294,13920.000000,1988.571429,1991.511955,12.000000,2,2,0
41.3,3,gnb_1,7,41.396,13920.000000,1988.571429,1990.482771,12.000000,2,2,0
41.4,3,gnb_1,7,41.498,13824.000000,1974.857143,1985.013801,12.000000,2,2,0
41.5,3,gnb_1,7,41.594,13824.000000,1974.857143,1981.458971,12.000000,2,2,0
41.6,3,gnb_1,7,41.696,13824.000000,1974.857143,1979.148331,12.000000,2,2,0
41.7,3,gnb_1,7,41.798,12240.000000,1748.571429,1898.446415,12.000000,2,2,0
41.8,3,gnb_1,7,41.894,12384.000000,1769.142857,1853.190170,12.000000,2,2,0
41.9,3,gnb_1,7,41.996,12384.000000,1769.142857,1823.773610,12.000000,2,2,0
42.0,3,gnb_2,3,42.098,13920.000000,4640.000000,2809.452847,12.000000,2,2,0
42.1,3,gnb_2,3,42.194,13920.000000,4640.000000,3450.144350,12.000000,2,3,0
42.2,3,gnb_2,3,42.296,13920.000000,4640.000000,3866.593828,12.000000,3,3,0
42.3,3,gnb_2,3,42.398,13920.000000,4640.000000,4137.285988,12.000000,3,3,0
42.4,3,gnb_2,3,42.494,13920.000000,4640.000000,4313.235892,12.000000,3,3,0
42.5,3,gnb_2,3,42.596,13920.000000,4640.000000,4427.603330,12.000000,3,3,0
42.6,3,gnb_2,3,42.698,13920.000000,4640.000000,4501.942164,12.000000,3,3,0
42.7,3,gnb_2,3,42.794,13920.000000,4640.000000,4550.262407,12.000000,3,3,0
42.8,3,gnb_2,3,42.896,13920.000000,4640.000000,4581.670564,12.000000,3,3,0
42.9,3,gnb_2,3,42.998,13920.000000,4640.000000,4602.085867,12.000000,3,3,0
43.0,3,gnb_1,6,43.094,13920.000000,2320.000000,3803.355813,11.977333,3,2,0
43.1,3,gnb_1,6,43.196,13920.000000,2320.000000,3284.181279,12.000000,2,2,0
43.2,3,gnb_1,6,43.298,13920.000000,2320.000000,2946.717831,12.000000,2,2,0
43.3,3,gnb_1,6,43.394,13920.000000,2320.000000,2727.366590,12.000000,2,2,0
43.4,3,gnb_1,6,43.496,13920.000000,2320.000000,2584.788284,12.000000,2,2,0
43.5,3,gnb_1,6,43.598,13920.000000,2320.000000,2492.112384,12.000000,2,2,0
43.6,3,gnb_1,6,43.694,13920.000000,2320.000000,2431.873050,12.000000,2,2,0
43.7,3,gnb_1,6,43.796,13920.000000,2320.000000,2392.717482,12.000000,2,2,0
43.8,3,gnb_1,6,43.898,13920.000000,2320.000000,2367.266364,12.000000,2,2,0
43.9,3,gnb_1,6,43.994,13920.000000,2320.000000,2350.723136,12.000000,2,2,0
44.0,3,gnb_1,6,44.096,13920.000000,2320.000000,2339.970039,12.000000,2,2,0
44.1,3,gnb_1,6,44.198,13920.000000,2320.000000,2332.980525,12.000000,2,2,0
44.2,3,gnb_1,6,44.294,13920.000000,2320.000000,2328.437341,12.000000,2,2,0
44.3,3,gnb_1,6,44.396,13920.000000,2320.000000,2325.484272,12.000000,2,2,0
44.4,3,gnb_1,6,44.498,13920.000000,2320.000000,2323.564777,12.000000,2,2,0
44.5,3,gnb_1,6,44.594,13920.000000,2320.000000,2322.317105,12.000000,2,2,0
44.6,3,gnb_1,6,44.696,13920.000000,2320.000000,2321.506118,12.000000,2,2,0
44.7,3,gnb_1,6,44.798,13920.000000,2320.000000,2320.978977,12.000000,2,2,0
44.8,3,gnb_1,6,44.894,13920.000000,2320.000000,2320.636335,12.000000,2,2,0
44.9,3,gnb_1,6,44.996,13920.000000,2320.000000,2320.413618,12.000000,2,2,0
1.7,31,gnb_1,2,1.794,13728.000000,6864.000000,3775.200000,3.148000,1,1,0
1.8,31,gnb_1,2,1.896,13728.000000,6864.000000,4856.280000,4.296000,1,2,0
1.9,31,gnb_1,2,1.998,13728.000000,6864.000000,5558.982000,4.653600,2,3,0
2.0,31,gnb_1,2,2.094,13728.000000,6864.000000,6015.738300,4.782400,3,3,0
2.1,31,gnb_1,2,2.196,13728.000000,6864.000000,6312.629895,4.911200,3,3,0
2.2,31,gnb_1,2,2.298,13728.000000,6864.000000,6505.609432,5.040000,3,4,0
2.3,31,gnb_1,2,2.394,13728.000000,6864.000000,6631.046131,5.058345,4,4,0
2.4,31,gnb_1,2,2.496,13728.000000,6864.000000,6712.579985,5.076690,4,4,0
2.5,31,gnb_1,2,2.598,13728.000000,6864.000000,6765.576990,5.095034,4,4,0
2.6,31,gnb_1,2,2.694,13728.000000,6864.000000,6800.025044,5.113379,4,4,0
2.7,31,gnb_1,2,2.796,13728.000000,6864.000000,6822.416278,5.131724,4,4,0
2.8,31,gnb_1,2,2.898,13728.000000,6864.000000,6836.970581,5.150069,4,4,0
2.9,31,gnb_1,2,2.994,13728.000000,6864.000000,6846.430878,5.168414,4,4,0
3.0,31,gnb_1,2,3.096,13728.000000,6864.000000,6852.580070,5.186759,4,4,0
3.1,31,gnb_1,2,3.198,13728.000000,6864.000000,6856.577046,5.205103,4,4,0
3.2,31,gnb_1,2,3.294,13728.000000,6864.000000,6859.175080,5.223448,4,4,0
3.3,31,gnb_1,2,3.396,13728.000000,6864.000000,6860.863802,5.241793,4,4,0
3.4,31,gnb_1,2,3.498,13728.000000,6864.000000,6861.961471,5.260138,4,4,0
3.5,31,gnb_1,2,3.594,13728.000000,6864.000000,6862.674956,5.278483,4,4,0
3.6,31,gnb_1,2,3.696,13728.000000,6864.000000,6863.138722,5.296828,4,4,0
3.7,31,gnb_1,2,3.798,13824.000000,6912.000000,6880.240169,5.316000,4,4,0
3.8,31,gnb_1,2,3.894,13824.000000,6912.000000,6891.356110,5.335172,4,4,0
3.9,31,gnb_1,2,3.996,13824.000000,6912.000000,6898.581471,5.354345,4,4,0
4.0,31,gnb_1,2,4.098,13856.000000,6928.000000,6908.877956,5.373793,4,4,0
4.1,31,gnb_1,2,4.194,13856.000000,6928.000000,6915.570672,5.393241,4,4,0
4.2,31,gnb_1,2,4.296,13856.000000,6928.000000,6919.920937,5.412690,4,4,0
4.3,31,gnb_1,2,4.398,13856.000000,6928.000000,6922.748609,5.432138,4,4,0
4.4,31,gnb_1,2,4.494,13856.000000,6928.000000,6924.586596,5.451586,4,4,0
4.5,31,gnb_1,2,4.596,13856.000000,6928.000000,6925.781287,5.471034,4,4,0
4.6,31,gnb_1,2,4.698,13856.000000,6928.000000,6926.557837,5.490483,4,4,0
4.7,31,gnb_1,2,4.794,13856.000000,6928.000000,6927.062594,5.509931,4,4,0
4.8,31,gnb_1,2,4.896,13856.000000,6928.000000,6927.390686,5.529379,4,4,0
4.9,31,gnb_1,2,4.998,13856.000000,6928.000000,6927.603946,5.548828,4,4,0
5.0,31,gnb_1,2,5.094,13856.000000,6928.000000,6927.742565,5.568276,4,4,0
5.1,31,gnb_1,2,5.196,13728.000000,6864.000000,6905.432667,5.586621,4,4,0
5.2,31,gnb_1,2,5.298,13728.000000,6864.000000,6890.931234,5.604966,4,4,0
5.3,31,gnb_1,2,5.394,13728.000000,6864.000000,6881.505302,5.623310,4,4,0
5.4,31,gnb_1,2,5.496,13728.000000,6864.000000,6875.378446,5.641655,4,4,0
5.5,31,gnb_1,2,5.598,13728.000000,6864.000000,6871.395990,5.660000,4,4,0
5.6,31,gnb_1,2,5.694,13728.000000,6864.000000,6868.807394,5.678345,4,4,0
5.7,31,gnb_1,2,5.796,13728.000000,6864.000000,6867.124806,5.696690,4,4,0
5.8,31,gnb_1,2,5.898,13728.000000,6864.000000,6866.031124,5.715034,4,4,0
5.9,31,gnb_1,2,5.994,13728.000000,6864.000000,6865.320230,5.733379,4,4,0
6.0,31,gnb_1,2,6.096,13728.000000,6864.000000,6864.858150,5.751724,4,4,0
6.1,31,gnb_1,2,6.198,13920.000000,6960.000000,6898.157797,5.771724,4,4,0
6.2,31,gnb_1,2,6.294,13920.000000,6960.000000,6919.802568,5.791724,4,4,0
6.3,31,gnb_1,2,6.396,13920.000000,6960.000000,6933.871669,5.811724,4,4,0
6.4,31,gnb_1,2,6.498,13920.000000,6960.000000,6943.016585,5.831724,4,4,0
6.5,31,gnb_1,2,6.594,13920.000000,6960.000000,6948.960780,5.851724,4,4,0
6.6,31,gnb_1,2,6.696,13920.000000,6960.000000,6952.824507,5.871724,4,4,0
6.7,31,gnb_1,2,6.798,13920.000000,6960.000000,6955.335930,5.891724,4,4,0
6.8,31,gnb_1,2,6.894,13920.000000,6960.000000,6956.968354,5.911724,4,4,0
6.9,31,gnb_1,2,6.996,13920.000000,6960.000000,6958.029430,5.931724,4,4,0
7.0,31,gnb_1,2,7.098,13920.000000,6960.000000,6958.719130,5.951724,4,4,0
7.1,31,gnb_1,2,7.194,13920.000000,6960.000000,6959.167434,5.971724,4,4,0
7.2,31,gnb_1,2,7.296,13920.000000,6960.000000,6959.458832,5.991724,4,4,0
7.3,31,gnb_1,2,7.398,13920.000000,6960.000000,6959.648241,6.011724,4,4,0
7.4,31,gnb_1,2,7.494,13920.000000,6960.000000,6959.771357,6.031724,4,4,0
7.5,31,gnb_1,2,7.596,13920.000000,6960.000000,6959.851382,6.051724,4,4,0
7.6,31,gnb_1,2,7.698,13920.000000,6960.000000,6959.903398,6.071724,4,4,0
7.7,31,gnb_1,2,7.794,13920.000000,6960.000000,6959.937209,6.091724,4,4,0
7.8,31,gnb_1,2,7.896,13888.000000,6944.000000,6954.359186,6.111448,4,4,0
7.9,31,gnb_1,2,7.998,13888.000000,6944.000000,6950.733471,6.131172,4,4,0
8.0,31,gnb_1,2,8.094,13888.000000,6944.000000,6948.376756,6.150897,4,4,0
8.1,31,gnb_1,2,8.196,13888.000000,6944.000000,6946.844891,6.170621,4,4,0
8.2,31,gnb_1,2,8.298,13888.000000,6944.000000,6945.849179,6.190345,4,4,0
8.3,31,gnb_1,2,8.394,13888.000000,6944.000000,6945.201967,6.210069,4,4,0
8.4,31,gnb_1,2,8.496,13888.000000,6944.000000,6944.781278,6.229793,4,4,0
8.5,31,gnb_1,2,8.598,13920.000000,6960.000000,6950.107831,6.249793,4,4,0
8.6,31,gnb_1,2,8.694,13920.000000,6960.000000,6953.570090,6.269793,4,4,0
8.7,31,gnb_1,2,8.796,13920.000000,6960.000000,6955.820559,6.289793,4,4,0
8.8,31,gnb_1,2,8.898,13920.000000,6960.000000,6957.283363,6.309793,4,4,0
8.9,31,gnb_1,2,8.994,13920.000000,6960.000000,6958.234186,6.329793,4,4,0
9.0,31,gnb_1,2,9.096,13920.000000,6960.000000,6958.852221,6.349793,4,4,0
9.1,31,gnb_1,2,9.198,13920.000000,6960.000000,6959.253944,6.369793,4,4,0
9.2,31,gnb_1,2,9.294,13920.000000,6960.000000,6959.515063,6.389793,4,4,0
9.3,31,gnb_1,2,9.396,13920.000000,6960.000000,6959.684791,6.409793,4,4,0
9.4,31,gnb_1,2,9.498,13920.000000,6960.000000,6959.795114,6.429793,4,4,0
9.5,31,gnb_1,2,9.594,13920.000000,6960.000000,6959.866824,6.449793,4,4,0
9.6,31,gnb_1,2,9.696,13920.000000,6960.000000,6959.913436,6.469793,4,4,0
9.7,31,gnb_1,2,9.798,13920.000000,6960.000000,6959.943733,6.489793,4,4,0
9.8,31,gnb_1,2,9.894,13920.000000,6960.000000,6959.963427,6.509793,4,4,0
9.9,31,gnb_1,2,9.996,13920.000000,6960.000000,6959.976227,6.529793,4,4,0
10.0,31,gnb_1,2,10.098,13920.000000,6960.000000,6959.984548,6.549793,4,4,0
10.1,31,gnb_1,2,10.194,13920.000000,6960.000000,6959.989956,6.569793,4,4,0
10.2,31,gnb_1,2,10.296,13920.000000,6960.000000,6959.993471,6.589793,4,4,0
10.3,31,gnb_1,2,10.398,13920.000000,6960.000000,6959.995756,6.609793,4,4,0
10.4,31,gnb_1,2,10.494,13920.000000,6960.000000,6959.997242,6.629793,4,4,0
10.5,31,gnb_1,2,10.596,13920.000000,6960.000000,6959.998207,6.649793,4,4,0
10.6,31,gnb_1,2,10.698,13920.000000,6960.000000,6959.998835,6.669793,4,4,0
10.7,31,gnb_1,2,10.794,13920.000000,6960.000000,6959.999242,6.689793,4,4,0
10.8,31,gnb_1,2,10.896,13920.000000,6960.000000,6959.999508,6.709793,4,4,0
10.9,31,gnb_1,2,10.998,13920.000000,6960.000000,6959.999680,6.729793,4,4,0
11.0,31,gnb_1,2,11.094,13920.000000,6960.000000,6959.999792,6.749793,4,4,0
11.1,31,gnb_1,2,11.196,13920.000000,6960.000000,6959.999865,6.769793,4,4,0
11.2,31,gnb_1,2,11.298,13920.000000,6960.000000,6959.999912,6.789793,4,4,0
11.3,31,gnb_1,2,11.394,13920.000000,6960.000000,6959.999943,6.809793,4,4,0
11.4,31,gnb_1,2,11.496,13920.000000,6960.000000,6959.999963,6.829793,4,4,0
11.5,31,gnb_1,2,11.598,13920.000000,6960.000000,6959.999976,6.849793,4,4,0
11.6,31,gnb_1,2,11.694,13920.000000,6960.000000,6959.999984,6.869793,4,4,0
11.7,31,gnb_1,2,11.796,13920.000000,6960.000000,6959.999990,6.889793,4,4,0
11.8,31,gnb_1,2,11.898,13920.000000,6960.000000,6959.999993,6.909793,4,4,0
11.9,31,gnb_1,2,11.994,13920.000000,6960.000000,6959.999996,6.929793,4,4,0
12.0,31,gnb_1,2,12.096,13920.000000,6960.000000,6959.999997,6.949793,4,4,0
12.1,31,gnb_1,2,12.198,13920.000000,6960.000000,6959.999998,6.969793,4,4,0
12.2,31,gnb_1,2,12.294,13920.000000,6960.000000,6959.999999,6.989793,4,4,0
12.3,31,gnb_1,2,12.396,13920.000000,6960.000000,6959.999999,7.009793,4,4,0
12.4,31,gnb_1,2,12.498,13920.000000,6960.000000,6960.000000,7.029793,4,4,0
12.5,31,gnb_1,2,12.594,13920.000000,6960.000000,6960.000000,7.049793,4,4,0
12.6,31,gnb_1,2,12.696,13920.000000,6960.000000,6960.000000,7.069793,4,4,0
12.7,31,gnb_1,2,12.798,13920.000000,6960.000000,6960.000000,7.089793,4,4,0
12.8,31,gnb_1,2,12.894,13920.000000,6960.000000,6960.000000,7.109793,4,4,0
12.9,31,gnb_1,2,12.996,13920.000000,6960.000000,6960.000000,7.129793,4,4,0
13.0,31,gnb_1,2,13.098,13920.000000,6960.000000,6960.000000,7.149793,4,4,0
13.1,31,gnb_1,2,13.194,13920.000000,6960.000000,6960.000000,7.169793,4,4,0
13.2,31,gnb_1,2,13.296,13920.000000,6960.000000,6960.000000,7.189793,4,4,0
13.3,31,gnb_1,2,13.398,13920.000000,6960.000000,6960.000000,7.209793,4,4,0
13.4,31,gnb_1,2,13.494,13920.000000,6960.000000,6960.000000,7.229793,4,4,0
13.5,31,gnb_1,2,13.596,13920.000000,6960.000000,6960.000000,7.249793,4,4,0
13.6,31,gnb_1,2,13.698,13920.000000,6960.000000,6960.000000,7.269793,4,4,0
13.7,31,gnb_1,2,13.794,13920.000000,6960.000000,6960.000000,7.289793,4,4,0
13.8,31,gnb_1,2,13.896,13920.000000,6960.000000,6960.000000,7.309793,4,4,0
13.9,31,gnb_1,2,13.998,13920.000000,6960.000000,6960.000000,7.329793,4,4,0
14.0,31,gnb_1,2,14.094,13456.000000,6728.000000,6878.800000,7.345793,4,4,0
14.1,31,gnb_1,2,14.196,13456.000000,6728.000000,6826.020000,7.361793,4,4,0
14.2,31,gnb_1,2,14.298,13456.000000,6728.000000,6791.713000,7.377793,4,4,0
14.3,31,gnb_1,2,14.394,13456.000000,6728.000000,6769.413450,7.393793,4,4,0
14.4,31,gnb_1,2,14.496,13696.000000,6848.000000,6796.918742,7.411862,4,4,0
14.5,31,gnb_1,2,14.598,13696.000000,6848.000000,6814.797183,7.429931,4,4,0
14.6,31,gnb_1,2,14.694,13696.000000,6848.000000,6826.418169,7.448000,4,4,0
14.7,31,gnb_1,2,14.796,13696.000000,6848.000000,6833.971810,7.466069,4,4,0
14.8,31,gnb_1,2,14.898,13792.000000,6896.000000,6855.681676,7.484966,4,4,0
14.9,31,gnb_1,2,14.994,13792.000000,6896.000000,6869.793090,7.503862,4,4,0
15.0,31,gnb_1,2,15.096,13824.000000,6912.000000,6884.565508,7.523034,4,4,0
15.1,31,gnb_1,2,15.198,13824.000000,6912.000000,6894.167580,7.542207,4,4,0
15.2,31,gnb_1,2,15.294,13488.000000,6744.000000,6841.608927,7.558483,4,4,0
15.3,31,gnb_1,2,15.396,13488.000000,6744.000000,6807.445803,7.574759,4,4,0
15.4,31,gnb_1,2,15.498,13520.000000,6760.000000,6790.839772,7.591310,4,4,0
15.5,31,gnb_1,2,15.594,13520.000000,6760.000000,6780.045852,7.607862,4,4,0
15.6,31,gnb_1,2,15.696,12960.000000,6480.000000,6675.029804,7.619586,4,4,0
15.7,31,gnb_1,2,15.798,12960.000000,6480.000000,6606.769372,7.631310,4,4,0
15.8,31,gnb_1,2,15.894,12960.000000,6480.000000,6562.400092,7.643034,4,4,0
15.9,31,gnb_1,2,15.996,12960.000000,6480.000000,6533.560060,7.654759,4,4,0
16.0,31,gnb_1,2,16.098,13888.000000,6944.000000,6677.214039,7.674483,4,4,0
16.1,31,gnb_1,2,16.194,13888.000000,6944.000000,6770.589125,7.694207,4,4,0
16.2,31,gnb_1,2,16.296,13920.000000,6960.000000,6836.882931,7.714207,4,4,0
16.3,31,gnb_1,2,16.398,13920.000000,6960.000000,6879.973905,7.734207,4,4,0
16.4,31,gnb_1,2,16.494,13920.000000,6960.000000,6907.983039,7.754207,4,4,0
16.5,31,gnb_1,2,16.596,13920.000000,6960.000000,6926.188975,7.774207,4,4,0
16.6,31,gnb_1,2,16.698,13920.000000,6960.000000,6938.022834,7.794207,4,4,0
16.7,31,gnb_1,2,16.794,13920.000000,6960.000000,6945.714842,7.814207,4,4,0
16.8,31,gnb_1,2,16.896,13920.000000,6960.000000,6950.714647,7.834207,4,4,0
16.9,31,gnb_1,2,16.998,13920.000000,6960.000000,6953.964521,7.854207,4,4,0
17.0,31,gnb_1,2,17.094,13920.000000,6960.000000,6956.076938,7.874207,4,4,0
17.1,31,gnb_1,2,17.196,13920.000000,6960.000000,6957.450010,7.894207,4,4,0
17.2,31,gnb_1,2,17.298,13920.000000,6960.000000,6958.342507,7.914207,4,4,0
17.3,31,gnb_1,2,17.394,13920.000000,6960.000000,6958.922629,7.934207,4,4,0
17.4,31,gnb_1,2,17.496,13920.000000,6960.000000,6959.299709,7.954207,4,4,0
17.5,31,gnb_1,2,17.598,13920.000000,6960.000000,6959.544811,7.974207,4,4,0
17.6,31,gnb_1,2,17.694,13920.000000,6960.000000,6959.704127,7.994207,4,4,0
17.7,31,gnb_1,2,17.796,13920.000000,6960.000000,6959.807683,8.014207,4,4,0
17.8,31,gnb_1,2,17.898,13920.000000,6960.000000,6959.874994,8.034207,4,4,0
17.9,31,gnb_1,2,17.994,13920.000000,6960.000000,6959.918746,8.054207,4,4,0
18.0,31,gnb_1,2,18.096,13920.000000,6960.000000,6959.947185,8.074207,4,4,0
18.1,31,gnb_1,2,18.198,13920.000000,6960.000000,6959.965670,8.094207,4,4,0
18.2,31,gnb_1,2,18.294,13920.000000,6960.000000,6959.977686,8.114207,4,4,0
18.3,31,gnb_1,2,18.396,13728.000000,6864.000000,6926.385496,8.132552,4,4,0
18.4,31,gnb_1,2,18.498,13728.000000,6864.000000,6904.550572,8.150897,4,4,0
18.5,31,gnb_1,2,18.594,13728.000000,6864.000000,6890.357872,8.169241,4,4,0
18.6,31,gnb_1,2,18.696,13920.000000,6960.000000,6914.732617,8.189241,4,4,0
18.7,31,gnb_1,2,18.798,13920.000000,6960.000000,6930.576201,8.209241,4,4,0
18.8,31,gnb_1,2,18.894,13920.000000,6960.000000,6940.874531,8.229241,4,4,0
18.9,31,gnb_1,2,18.996,13920.000000,6960.000000,6947.568445,8.249241,4,4,0
19.0,31,gnb_1,2,19.098,13920.000000,6960.000000,6951.919489,8.269241,4,4,0
19.1,31,gnb_1,2,19.194,13920.000000,6960.000000,6954.747668,8.289241,4,4,0
19.2,31,gnb_1,2,19.296,13920.000000,6960.000000,6956.585984,8.309241,4,4,0
19.3,31,gnb_1,2,19.398,13920.000000,6960.000000,6957.780890,8.329241,4,4,0
19.4,31,gnb_1,2,19.494,13920.000000,6960.000000,6958.557578,8.349241,4,4,0
19.5,31,gnb_1,2,19.596,13920.000000,6960.000000,6959.062426,8.369241,4,4,0
19.6,31,gnb_1,2,19.698,13920.000000,6960.000000,6959.390577,8.389241,4,4,0
19.7,31,gnb_1,2,19.794,13920.000000,6960.000000,6959.603875,8.409241,4,4,0
19.8,31,gnb_1,2,19.896,13920.000000,6960.000000,6959.742519,8.429241,4,4,0
19.9,31,gnb_1,2,19.998,13920.000000,6960.000000,6959.832637,8.449241,4,4,0
20.0,31,gnb_1,2,20.094,13920.000000,6960.000000,6959.891214,8.469241,4,4,0
20.1,31,gnb_1,2,20.196,13920.000000,6960.000000,6959.929289,8.489241,4,4,0
20.2,31,gnb_1,2,20.298,13920.000000,6960.000000,6959.954038,8.509241,4,4,0
20.3,31,gnb_1,2,20.394,13920.000000,6960.000000,6959.970125,8.529241,4,4,0
20.4,31,gnb_1,2,20.496,13920.000000,6960.000000,6959.980581,8.549241,4,4,0
20.5,31,gnb_1,2,20.598,13920.000000,6960.000000,6959.987378,8.569241,4,4,0
20.6,31,gnb_1,2,20.694,13920.000000,6960.000000,6959.991795,8.589241,4,4,0
20.7,31,gnb_1,2,20.796,13920.000000,6960.000000,6959.994667,8.609241,4,4,0
20.8,31,gnb_1,2,20.898,13920.000000,6960.000000,6959.996534,8.629241,4,4,0
20.9,31,gnb_1,2,20.994,13920.000000,6960.000000,6959.997747,8.649241,4,4,0
21.0,31,gnb_1,2,21.096,13920.000000,6960.000000,6959.998535,8.669241,4,4,0
21.1,31,gnb_1,2,21.198,13920.000000,6960.000000,6959.999048,8.689241,4,4,0
21.2,31,gnb_1,2,21.294,13920.000000,6960.000000,6959.999381,8.709241,4,4,0
21.3,31,gnb_1,2,21.396,13920.000000,6960.000000,6959.999598,8.729241,4,4,0
21.4,31,gnb_1,2,21.498,13920.000000,6960.000000,6959.999739,8.749241,4,4,0
21.5,31,gnb_1,2,21.594,13920.000000,6960.000000,6959.999830,8.769241,4,4,0
21.6,31,gnb_1,2,21.696,13920.000000,6960.000000,6959.999890,8.789241,4,4,0
21.7,31,gnb_1,2,21.798,13920.000000,6960.000000,6959.999928,8.809241,4,4,0
21.8,31,gnb_1,2,21.894,13920.000000,6960.000000,6959.999953,8.829241,4,4,0
21.9,31,gnb_1,2,21.996,13920.000000,6960.000000,6959.999970,8.849241,4,4,0
22.0,31,gnb_1,2,22.098,13920.000000,6960.000000,6959.999980,8.869241,4,4,0
22.1,31,gnb_1,2,22.194,13920.000000,6960.000000,6959.999987,8.889241,4,4,0
22.2,31,gnb_1,2,22.296,13728.000000,6864.000000,6926.399992,8.907586,4,4,0
22.3,31,gnb_1,2,22.398,13728.000000,6864.000000,6904.559995,8.925931,4,4,0
22.4,31,gnb_1,2,22.494,13728.000000,6864.000000,6890.363996,8.944276,4,4,0
22.5,31,gnb_1,2,22.596,13920.000000,6960.000000,6914.736598,8.964276,4,4,0
22.6,31,gnb_1,2,22.698,13920.000000,6960.000000,6930.578789,8.984276,4,4,0
22.7,31,gnb_1,2,22.794,13920.000000,6960.000000,6940.876213,9.004276,4,4,0
22.8,31,gnb_1,2,22.896,13920.000000,6960.000000,6947.569538,9.024276,4,4,0
22.9,31,gnb_1,2,22.998,13920.000000,6960.000000,6951.920200,9.044276,4,4,0
23.0,31,gnb_1,3,23.094,13920.000000,4640.000000,6142.748130,9.024276,4,3,0
23.1,31,gnb_1,3,23.196,13920.000000,4640.000000,5616.786284,9.078943,3,3,0
23.2,31,gnb_1,3,23.298,13920.000000,4640.000000,5274.911085,9.133609,3,3,0
23.3,31,gnb_1,3,23.394,13920.000000,4640.000000,5052.692205,9.188276,3,3,0
23.4,31,gnb_1,3,23.496,13920.000000,4640.000000,4908.249933,9.242943,3,3,0
23.5,31,gnb_1,3,23.598,13920.000000,4640.000000,4814.362457,9.297609,3,3,0
23.6,31,gnb_1,3,23.694,13920.000000,4640.000000,4753.335597,9.352276,3,3,0
23.7,31,gnb_1,3,23.796,13920.000000,4640.000000,4713.668138,9.406943,3,3,0
23.8,31,gnb_1,3,23.898,13920.000000,4640.000000,4687.884290,9.461609,3,3,0
23.9,31,gnb_1,3,23.994,13920.000000,4640.000000,4671.124788,9.516276,3,3,0
24.0,31,gnb_1,2,24.096,13920.000000,6960.000000,5472.231112,9.648276,3,3,0
24.1,31,gnb_1,2,24.198,13920.000000,6960.000000,5992.950223,9.780276,3,4,0
24.2,31,gnb_1,2,24.294,13920.000000,6960.000000,6331.417645,9.800276,4,4,0
24.3,31,gnb_1,2,24.396,13920.000000,6960.000000,6551.421469,9.820276,4,4,0
24.4,31,gnb_1,2,24.498,13920.000000,6960.000000,6694.423955,9.840276,4,4,0
24.5,31,gnb_1,2,24.594,13920.000000,6960.000000,6787.375571,9.860276,4,4,0
24.6,31,gnb_1,2,24.696,13920.000000,6960.000000,6847.794121,9.880276,4,4,0
24.7,31,gnb_1,2,24.798,13920.000000,6960.000000,6887.066179,9.900276,4,4,0
24.8,31,gnb_1,2,24.894,13920.000000,6960.000000,6912.593016,9.920276,4,4,0
24.9,31,gnb_1,2,24.996,13856.000000,6928.000000,6917.985460,9.939724,4,4,0
25.0,31,gnb_1,3,25.098,13856.000000,4618.666667,6113.223883,9.919356,4,3,0
25.1,31,gnb_1,3,25.194,13856.000000,4618.666667,5590.128857,9.973312,3,3,0
25.2,31,gnb_1,3,25.296,13920.000000,4640.000000,5257.583757,10.027979,3,3,0
25.3,31,gnb_1,3,25.398,13920.000000,4640.000000,5041.429442,10.082645,3,3,0
25.4,31,gnb_1,3,25.494,13920.000000,4640.000000,4900.929137,10.137312,3,3,0
25.5,31,gnb_1,3,25.596,13920.000000,4640.000000,4809.603939,10.191979,3,3,0
25.6,31,gnb_1,3,25.698,13920.000000,4640.000000,4750.242561,10.246645,3,3,0
25.7,31,gnb_1,3,25.794,13920.000000,4640.000000,4711.657664,10.301312,3,3,0
25.8,31,gnb_1,3,25.896,13920.000000,4640.000000,4686.577482,10.355979,3,3,0
25.9,31,gnb_1,3,25.998,13920.000000,4640.000000,4670.275363,10.410645,3,3,0
26.0,31,gnb_1,2,26.094,13920.000000,6960.000000,5471.678986,10.542645,3,3,0
26.1,31,gnb_1,2,26.196,13456.000000,6728.000000,5911.391341,10.666912,3,3,0
26.2,31,gnb_1,2,26.298,13312.000000,6656.000000,6172.004372,10.788779,3,4,0
26.3,31,gnb_1,2,26.394,13312.000000,6656.000000,6341.402842,10.803537,4,4,0
26.4,31,gnb_1,2,26.496,13104.000000,6552.000000,6415.111847,10.816503,4,4,0
26.5,31,gnb_1,2,26.598,12960.000000,6480.000000,6437.822701,10.828227,4,4,0
26.6,31,gnb_1,2,26.694,12960.000000,6480.000000,6452.584755,10.839951,4,4,0
26.7,31,gnb_1,2,26.796,13728.000000,6864.000000,6596.580091,10.858296,4,4,0
26.8,31,gnb_1,2,26.898,13696.000000,6848.000000,6684.577059,10.876365,4,4,0
26.9,31,gnb_1,2,26.994,13696.000000,6848.000000,6741.775088,10.894434,4,4,0
27.0,31,gnb_1,3,27.096,13920.000000,4640.000000,6006.153807,10.874434,4,3,0
27.1,31,gnb_1,3,27.198,13920.000000,4640.000000,5527.999975,10.929100,3,3,0
27.2,31,gnb_1,3,27.294,13920.000000,4640.000000,5217.199984,10.983767,3,3,0
27.3,31,gnb_1,3,27.396,13920.000000,4640.000000,5015.179989,11.038434,3,3,0
27.4,31,gnb_1,3,27.498,13920.000000,4640.000000,4883.866993,11.093100,3,3,0
27.5,31,gnb_1,3,27.594,13920.000000,4640.000000,4798.513546,11.147767,3,3,0
27.6,31,gnb_1,3,27.696,13920.000000,4640.000000,4743.033805,11.202434,3,3,0
27.7,31,gnb_1,3,27.798,13920.000000,4640.000000,4706.971973,11.257100,3,3,0
27.8,31,gnb_1,3,27.894,13920.000000,4640.000000,4683.531782,11.311767,3,3,0
27.9,31,gnb_1,3,27.996,13920.000000,4640.000000,4668.295659,11.366434,3,3,0
28.0,31,gnb_1,3,28.098,13920.000000,4640.000000,4658.392178,11.421100,3,3,0
28.1,31,gnb_1,3,28.194,13920.000000,4640.000000,4651.954916,11.475767,3,3,0
28.2,31,gnb_1,3,28.296,13888.000000,4629.333333,4644.037362,11.530078,3,3,0
28.3,31,gnb_1,3,28.398,13888.000000,4629.333333,4638.890952,11.584389,3,3,0
28.4,31,gnb_1,3,28.494,13888.000000,4629.333333,4635.545785,11.638700,3,3,0
28.5,31,gnb_1,3,28.596,13856.000000,4618.666667,4629.638094,11.692656,3,3,0
28.6,31,gnb_1,3,28.698,13856.000000,4618.666667,4625.798094,11.746611,3,3,0
28.7,31,gnb_1,3,28.794,13856.000000,4618.666667,4623.302095,11.800567,3,3,0
28.8,31,gnb_1,3,28.896,13760.000000,4586.666667,4610.479695,11.853456,3,3,0
28.9,31,gnb_1,3,28.998,13728.000000,4576.000000,4598.411802,11.905989,3,3,0
29.0,31,gnb_1,4,29.094,13728.000000,3432.000000,4190.167671,11.920389,3,3,0
29.1,31,gnb_1,4,29.196,13920.000000,3480.000000,3941.608986,11.936389,3,3,0
29.2,31,gnb_1,4,29.298,13920.000000,3480.000000,3780.045841,11.952389,3,3,0
29.3,31,gnb_1,4,29.394,13920.000000,3480.000000,3675.029797,11.968389,3,3,0
29.4,31,gnb_1,4,29.496,13920.000000,3480.000000,3606.769368,11.984389,3,3,0
29.5,31,gnb_1,4,29.598,13920.000000,3480.000000,3562.400089,12.000000,3,3,0
29.6,31,gnb_1,4,29.694,13920.000000,3480.000000,3533.560058,12.000000,3,3,0
29.7,31,gnb_1,4,29.796,13920.000000,3480.000000,3514.814038,12.000000,3,3,0
29.8,31,gnb_1,4,29.898,13920.000000,3480.000000,3502.629124,12.000000,3,3,0
29.9,31,gnb_1,4,29.994,13920.000000,3480.000000,3494.708931,12.000000,3,3,0
30.0,31,gnb_1,4,30.096,13920.000000,3480.000000,3489.560805,12.000000,3,3,0
30.1,31,gnb_1,4,30.198,13920.000000,3480.000000,3486.214523,12.000000,3,3,0
30.2,31,gnb_1,4,30.294,13920.000000,3480.000000,3484.039440,12.000000,3,3,0
30.3,31,gnb_1,4,30.396,13136.000000,3284.000000,3414.025636,12.000000,3,3,0
30.4,31,gnb_1,4,30.498,13136.000000,3284.000000,3368.516663,12.000000,3,3,0
30.5,31,gnb_1,4,30.594,13104.000000,3276.000000,3336.135831,12.000000,3,3,0
30.6,31,gnb_1,4,30.696,12432.000000,3108.000000,3256.288290,12.000000,3,2,0
30.7,31,gnb_1,4,30.798,12432.000000,3108.000000,3204.387389,12.000000,2,2,0
30.8,31,gnb_1,4,30.894,12432.000000,3108.000000,3170.651803,12.000000,2,2,0
30.9,31,gnb_1,4,30.996,13456.000000,3364.000000,3238.323672,12.000000,2,3,0
31.0,31,gnb_2,5,31.098,13888.000000,2777.600000,3077.070387,11.992587,3,2,0
31.1,31,gnb_2,5,31.194,13888.000000,2777.600000,2972.255751,12.000000,2,2,0
31.2,31,gnb_2,5,31.296,13792.000000,2758.400000,2897.406238,12.000000,2,2,0
31.3,31,gnb_2,5,31.398,13824.000000,2764.800000,2850.994055,12.000000,2,2,0
31.4,31,gnb_2,5,31.494,13824.000000,2764.800000,2820.826136,12.000000,2,2,0
31.5,31,gnb_2,5,31.596,13920.000000,2784.000000,2807.936988,12.000000,2,2,0
31.6,31,gnb_2,5,31.698,13920.000000,2784.000000,2799.559042,12.000000,2,2,0
31.7,31,gnb_2,5,31.794,13920.000000,2784.000000,2794.113378,12.000000,2,2,0
31.8,31,gnb_2,5,31.896,13920.000000,2784.000000,2790.573695,12.000000,2,2,0
31.9,31,gnb_2,5,31.998,13920.000000,2784.000000,2788.272902,12.000000,2,2,0
32.0,31,gnb_2,5,32.094,13920.000000,2784.000000,2786.777386,12.000000,2,2,0
32.1,31,gnb_2,5,32.196,13920.000000,2784.000000,2785.805301,12.000000,2,2,0
32.2,31,gnb_2,6,32.298,13920.000000,2320.000000,2622.773446,12.000000,2,2,0
32.3,31,gnb_2,6,32.394,13920.000000,2320.000000,2516.802740,12.000000,2,2,0
32.4,31,gnb_2,6,32.496,13920.000000,2320.000000,2447.921781,12.000000,2,2,0
32.5,31,gnb_2,6,32.598,13920.000000,2320.000000,2403.149158,12.000000,2,2,0
32.6,31,gnb_2,6,32.694,13920.000000,2320.000000,2374.046952,12.000000,2,2,0
32.7,31,gnb_2,6,32.796,13728.000000,2288.000000,2343.930519,12.000000,2,2,0
32.8,31,gnb_2,6,32.898,13728.000000,2288.000000,2324.354837,12.000000,2,2,0
32.9,31,gnb_2,6,32.994,13728.000000,2288.000000,2311.630644,12.000000,2,2,0
33.0,31,gnb_2,6,33.096,13888.000000,2314.666667,2312.693252,12.000000,2,2,0
33.1,31,gnb_2,6,33.198,13920.000000,2320.000000,2315.250614,12.000000,2,2,0
33.2,31,gnb_2,6,33.294,13920.000000,2320.000000,2316.912899,12.000000,2,2,0
33.3,31,gnb_2,6,33.396,13920.000000,2320.000000,2317.993384,12.000000,2,2,0
33.4,31,gnb_2,6,33.498,13920.000000,2320.000000,2318.695700,12.000000,2,2,0
33.5,31,gnb_2,6,33.594,13920.000000,2320.000000,2319.152205,12.000000,2,2,0
33.6,31,gnb_2,6,33.696,13920.000000,2320.000000,2319.448933,12.000000,2,2,0
33.7,31,gnb_2,6,33.798,13920.000000,2320.000000,2319.641807,12.000000,2,2,0
33.8,31,gnb_2,6,33.894,13920.000000,2320.000000,2319.767174,12.000000,2,2,0
33.9,31,gnb_2,6,33.996,13920.000000,2320.000000,2319.848663,12.000000,2,2,0
34.0,31,gnb_2,6,34.098,13920.000000,2320.000000,2319.901631,12.000000,2,2,0
34.1,31,gnb_2,6,34.194,13920.000000,2320.000000,2319.936060,12.000000,2,2,0
34.2,31,gnb_2,6,34.296,13920.000000,2320.000000,2319.958439,12.000000,2,2,0
34.3,31,gnb_2,6,34.398,13920.000000,2320.000000,2319.972985,12.000000,2,2,0
34.4,31,gnb_2,6,34.494,13920.000000,2320.000000,2319.982441,12.000000,2,2,0
34.5,31,gnb_2,6,34.596,13920.000000,2320.000000,2319.988586,12.000000,2,2,0
34.6,31,gnb_2,6,34.698,13920.000000,2320.000000,2319.992581,12.000000,2,2,0
34.7,31,gnb_2,6,34.794,13920.000000,2320.000000,2319.995178,12.000000,2,2,0
34.8,31,gnb_2,6,34.896,13920.000000,2320.000000,2319.996866,12.000000,2,2,0
34.9,31,gnb_2,6,34.998,13920.000000,2320.000000,2319.997963,12.000000,2,2,0
35.0,31,gnb_2,6,35.094,13920.000000,2320.000000,2319.998676,12.000000,2,2,0
35.1,31,gnb_2,6,35.196,13920.000000,2320.000000,2319.999139,12.000000,2,2,0
35.2,31,gnb_2,6,35.298,13920.000000,2320.000000,2319.999440,12.000000,2,2,0
35.3,31,gnb_2,6,35.394,13920.000000,2320.000000,2319.999636,12.000000,2,2,0
35.4,31,gnb_2,6,35.496,13920.000000,2320.000000,2319.999764,12.000000,2,2,0
35.5,31,gnb_2,6,35.598,13920.000000,2320.000000,2319.999846,12.000000,2,2,0
35.6,31,gnb_2,6,35.694,13920.000000,2320.000000,2319.999900,12.000000,2,2,0
35.7,31,gnb_2,6,35.796,13920.000000,2320.000000,2319.999935,12.000000,2,2,0
35.8,31,gnb_2,6,35.898,13920.000000,2320.000000,2319.999958,12.000000,2,2,0
35.9,31,gnb_2,6,35.994,13920.000000,2320.000000,2319.999973,12.000000,2,2,0
36.0,31,gnb_2,6,36.096,13920.000000,2320.000000,2319.999982,12.000000,2,2,0
36.1,31,gnb_2,6,36.198,13920.000000,2320.000000,2319.999988,12.000000,2,2,0
36.2,31,gnb_2,6,36.294,13920.000000,2320.000000,2319.999992,12.000000,2,2,0
36.3,31,gnb_2,6,36.396,13920.000000,2320.000000,2319.999995,12.000000,2,2,0
36.4,31,gnb_2,6,36.498,13920.000000,2320.000000,2319.999997,12.000000,2,2,0
36.5,31,gnb_2,6,36.594,13920.000000,2320.000000,2319.999998,12.000000,2,2,0
36.6,31,gnb_2,6,36.696,13920.000000,2320.000000,2319.999999,12.000000,2,2,0
36.7,31,gnb_2,6,36.798,13920.000000,2320.000000,2319.999999,12.000000,2,2,0
36.8,31,gnb_2,6,36.894,13920.000000,2320.000000,2319.999999,12.000000,2,2,0
36.9,31,gnb_2,6,36.996,13920.000000,2320.000000,2320.000000,12.000000,2,2,0
37.0,31,gnb_2,6,37.098,13920.000000,2320.000000,2320.000000,12.000000,2,2,0
37.1,31,gnb_2,6,37.194,13920.000000,2320.000000,2320.000000,12.000000,2,2,0
37.2,31,gnb_2,6,37.296,13920.000000,2320.000000,2320.000000,12.000000,2,2,0
37.3,31,gnb_2,6,37.398,13920.000000,2320.000000,2320.000000,12.000000,2,2,0
37.4,31,gnb_2,6,37.494,13920.000000,2320.000000,2320.000000,12.000000,2,2,0
37.5,31,gnb_2,6,37.596,13920.000000,2320.000000,2320.000000,12.000000,2,2,0
37.6,31,gnb_2,6,37.698,13920.000000,2320.000000,2320.000000,12.000000,2,2,0
37.7,31,gnb_2,6,37.794,13920.000000,2320.000000,2320.000000,12.000000,2,2,0
37.8,31,gnb_2,6,37.896,13920.000000,2320.000000,2320.000000,12.000000,2,2,0
37.9,31,gnb_2,6,37.998,13920.000000,2320.000000,2320.000000,12.000000,2,2,0
38.0,31,gnb_2,5,38.094,13920.000000,2784.000000,2482.400000,12.000000,2,2,0
38.1,31,gnb_2,5,38.196,13920.000000,2784.000000,2587.960000,12.000000,2,2,0
38.2,31,gnb_2,5,38.298,13920.000000,2784.000000,2656.574000,12.000000,2,2,0
38.3,31,gnb_2,5,38.394,13920.000000,2784.000000,2701.173100,12.000000,2,2,0
38.4,31,gnb_2,5,38.496,13920.000000,2784.000000,2730.162515,12.000000,2,2,0
38.5,31,gnb_2,5,38.598,13920.000000,2784.000000,2749.005635,12.000000,2,2,0
38.6,31,gnb_2,5,38.694,13920.000000,2784.000000,2761.253663,12.000000,2,2,0
38.7,31,gnb_2,5,38.796,13920.000000,2784.000000,2769.214881,12.000000,2,2,0
38.8,31,gnb_2,5,38.898,13920.000000,2784.000000,2774.389672,12.000000,2,2,0
38.9,31,gnb_2,5,38.994,13920.000000,2784.000000,2777.753287,12.000000,2,2,0
39.0,31,gnb_2,5,39.096,13920.000000,2784.000000,2779.939637,12.000000,2,2,0
39.1,31,gnb_2,5,39.198,13920.000000,2784.000000,2781.360764,12.000000,2,2,0
39.2,31,gnb_2,5,39.294,13920.000000,2784.000000,2782.284496,12.000000,2,2,0
39.3,31,gnb_2,5,39.396,13920.000000,2784.000000,2782.884923,12.000000,2,2,0
39.4,31,gnb_2,5,39.498,13920.000000,2784.000000,2783.275200,12.000000,2,2,0
39.5,31,gnb_2,5,39.594,13920.000000,2784.000000,2783.528880,12.000000,2,2,0
39.6,31,gnb_2,5,39.696,13920.000000,2784.000000,2783.693772,12.000000,2,2,0
18.9,4,gnb_2,5,18.994,12816.000000,2563.200000,1409.760000,2.366036,1,1,0
19.0,4,gnb_2,5,19.096,12816.000000,2563.200000,1813.464000,2.732073,1,1,0
19.1,4,gnb_2,5,19.198,12816.000000,2563.200000,2075.871600,3.098109,1,1,0
19.2,4,gnb_2,5,19.294,12816.000000,2563.200000,2246.436540,3.464145,1,1,0
19.3,4,gnb_2,5,19.396,12816.000000,2563.200000,2357.303751,3.830182,1,1,0
19.4,4,gnb_2,5,19.498,12816.000000,2563.200000,2429.367438,4.196218,1,2,0
19.5,4,gnb_2,5,19.594,12816.000000,2563.200000,2476.208835,4.267098,2,2,0
19.6,4,gnb_2,5,19.696,12816.000000,2563.200000,2506.655743,4.337978,2,2,0
19.7,4,gnb_2,5,19.798,12816.000000,2563.200000,2526.446233,4.408858,2,2,0
19.8,4,gnb_2,5,19.894,12816.000000,2563.200000,2539.310051,4.479738,2,2,0
19.9,4,gnb_2,5,19.996,12816.000000,2563.200000,2547.671533,4.550618,2,2,0
20.0,4,gnb_2,5,20.098,12816.000000,2563.200000,2553.106497,4.621498,2,2,0
20.1,4,gnb_2,5,20.194,12816.000000,2563.200000,2556.639223,4.692378,2,2,0
20.2,4,gnb_2,5,20.296,12816.000000,2563.200000,2558.935495,4.763258,2,2,0
20.3,4,gnb_2,5,20.398,12816.000000,2563.200000,2560.428072,4.834138,2,2,0
20.4,4,gnb_2,5,20.494,12816.000000,2563.200000,2561.398247,4.905018,2,2,0
20.5,4,gnb_2,5,20.596,12816.000000,2563.200000,2562.028860,4.975898,2,2,0
20.6,4,gnb_2,5,20.698,12816.000000,2563.200000,2562.438759,5.046778,2,2,0
20.7,4,gnb_2,5,20.794,12816.000000,2563.200000,2562.705193,5.117658,2,2,0
20.8,4,gnb_2,5,20.896,12816.000000,2563.200000,2562.878376,5.188538,2,2,0
20.9,4,gnb_2,5,20.998,13520.000000,2704.000000,2612.270944,5.268805,2,2,0
21.0,4,gnb_2,5,21.094,13520.000000,2704.000000,2644.376114,5.349072,2,2,0
21.1,4,gnb_2,5,21.196,13520.000000,2704.000000,2665.244474,5.429338,2,2,0
21.2,4,gnb_2,5,21.298,13520.000000,2704.000000,2678.808908,5.509605,2,2,0
21.3,4,gnb_2,5,21.394,13520.000000,2704.000000,2687.625790,5.589872,2,2,0
21.4,4,gnb_2,5,21.496,13520.000000,2704.000000,2693.356764,5.670138,2,2,0
21.5,4,gnb_2,5,21.598,13520.000000,2704.000000,2697.081896,5.750405,2,2,0
21.6,4,gnb_2,5,21.694,13520.000000,2704.000000,2699.503233,5.830672,2,2,0
21.7,4,gnb_2,5,21.796,13520.000000,2704.000000,2701.077101,5.910938,2,2,0
21.8,4,gnb_2,5,21.898,13520.000000,2704.000000,2702.100116,5.991205,2,2,0
21.9,4,gnb_2,5,21.994,13520.000000,2704.000000,2702.765075,6.071472,2,2,0
22.0,4,gnb_2,5,22.096,13520.000000,2704.000000,2703.197299,6.151738,2,2,0
22.1,4,gnb_2,5,22.198,13520.000000,2704.000000,2703.478244,6.232005,2,2,0
22.2,4,gnb_2,5,22.294,13760.000000,2752.000000,2720.460859,6.315472,2,2,0
22.3,4,gnb_2,5,22.396,13760.000000,2752.000000,2731.499558,6.398938,2,2,0
22.4,4,gnb_2,5,22.498,13760.000000,2752.000000,2738.674713,6.482405,2,2,0
22.5,4,gnb_2,5,22.594,13760.000000,2752.000000,2743.338563,6.565872,2,2,0
22.6,4,gnb_2,5,22.696,13760.000000,2752.000000,2746.370066,6.649338,2,2,0
22.7,4,gnb_2,5,22.798,13760.000000,2752.000000,2748.340543,6.732805,2,2,0
22.8,4,gnb_2,5,22.894,13760.000000,2752.000000,2749.621353,6.816272,2,2,0
22.9,4,gnb_2,6,22.996,13760.000000,2293.333333,2589.920546,6.869160,2,2,0
23.0,4,gnb_2,5,23.098,13760.000000,2752.000000,2646.648355,6.952627,2,2,0
23.1,4,gnb_2,5,23.194,13760.000000,2752.000000,2683.521431,7.036094,2,2,0
23.2,4,gnb_2,5,23.296,13488.000000,2697.600000,2688.448930,7.115934,2,2,0
23.3,4,gnb_2,5,23.398,13488.000000,2697.600000,2691.651804,7.195774,2,2,0
23.4,4,gnb_2,5,23.494,13488.000000,2697.600000,2693.733673,7.275614,2,2,0
23.5,4,gnb_2,5,23.596,13488.000000,2697.600000,2695.086887,7.355454,2,2,0
23.6,4,gnb_2,5,23.698,13488.000000,2697.600000,2695.966477,7.435294,2,2,0
23.7,4,gnb_2,5,23.794,13488.000000,2697.600000,2696.538210,7.515134,2,2,0
23.8,4,gnb_2,5,23.896,13488.000000,2697.600000,2696.909836,7.594974,2,2,0
23.9,4,gnb_2,5,23.998,13488.000000,2697.600000,2697.151394,7.674814,2,2,0
24.0,4,gnb_2,6,24.094,13520.000000,2253.333333,2541.815073,7.725036,2,2,0
24.1,4,gnb_2,6,24.196,13760.000000,2293.333333,2454.846464,7.777925,2,2,0
24.2,4,gnb_2,6,24.298,13760.000000,2293.333333,2398.316868,7.830814,2,2,0
24.3,4,gnb_2,6,24.394,13760.000000,2293.333333,2361.572631,7.883703,2,2,0
24.4,4,gnb_2,6,24.496,13760.000000,2293.333333,2337.688877,7.936592,2,2,0
24.5,4,gnb_2,6,24.598,13760.000000,2293.333333,2322.164437,7.989480,2,2,0
24.6,4,gnb_2,6,24.694,13760.000000,2293.333333,2312.073550,8.042369,2,2,0
24.7,4,gnb_2,6,24.796,13760.000000,2293.333333,2305.514474,8.095258,2,2,0
24.8,4,gnb_2,6,24.898,13760.000000,2293.333333,2301.251075,8.148147,2,2,0
24.9,4,gnb_2,6,24.994,12880.000000,2146.666667,2247.146532,8.191258,2,2,0
25.0,4,gnb_2,5,25.096,12880.000000,2576.000000,2362.245246,8.262992,2,2,0
25.1,4,gnb_2,5,25.198,12880.000000,2576.000000,2437.059410,8.334725,2,2,0
25.2,4,gnb_2,5,25.294,12880.000000,2576.000000,2485.688616,8.406458,2,2,0
25.3,4,gnb_2,5,25.396,12880.000000,2576.000000,2517.297601,8.478192,2,2,0
25.4,4,gnb_2,5,25.498,12880.000000,2576.000000,2537.843440,8.549925,2,2,0
25.5,4,gnb_2,5,25.594,12880.000000,2576.000000,2551.198236,8.621658,2,2,0
25.6,4,gnb_2,5,25.696,13024.000000,2604.800000,2569.958854,8.695312,2,2,0
25.7,4,gnb_2,5,25.798,13024.000000,2604.800000,2582.153255,8.768965,2,2,0
25.8,4,gnb_2,5,25.894,13024.000000,2604.800000,2590.079616,8.842618,2,2,0
25.9,4,gnb_2,5,25.996,13024.000000,2604.800000,2595.231750,8.916272,2,2,0
26.0,4,gnb_2,6,26.098,13024.000000,2170.666667,2446.633971,8.960983,2,2,0
26.1,4,gnb_2,6,26.194,13024.000000,2170.666667,2350.045414,9.005694,2,2,0
26.2,4,gnb_2,6,26.296,12672.000000,2112.000000,2266.729519,9.046494,2,2,0
26.3,4,gnb_2,6,26.398,12672.000000,2112.000000,2212.574188,9.087294,2,2,0
26.4,4,gnb_2,6,26.494,12672.000000,2112.000000,2177.373222,9.128094,2,2,0
26.5,4,gnb_2,6,26.596,12672.000000,2112.000000,2154.492594,9.168894,2,2,0
26.6,4,gnb_2,6,26.698,12672.000000,2112.000000,2139.620186,9.209694,2,2,0
26.7,4,gnb_2,6,26.794,12672.000000,2112.000000,2129.953121,9.250494,2,2,0
26.8,4,gnb_2,7,26.896,13888.000000,1984.000000,2078.869529,9.282760,2,2,0
26.9,4,gnb_2,7,26.998,13888.000000,1984.000000,2045.665194,9.315027,2,2,0
27.0,4,gnb_2,6,27.094,13888.000000,2314.666667,2139.815709,9.369338,2,2,0
27.1,4,gnb_2,6,27.196,13888.000000,2314.666667,2201.013544,9.423649,2,2,0
27.2,4,gnb_2,6,27.298,13888.000000,2314.666667,2240.792137,9.477960,2,2,0
27.3,4,gnb_2,6,27.394,13888.000000,2314.666667,2266.648222,9.532272,2,2,0
27.4,4,gnb_2,6,27.496,13760.000000,2293.333333,2275.988011,9.585160,2,2,0
27.5,4,gnb_2,6,27.598,13760.000000,2293.333333,2282.058874,9.638049,2,2,0
27.6,4,gnb_2,6,27.694,13760.000000,2293.333333,2286.004935,9.690938,2,2,0
27.7,4,gnb_2,6,27.796,13760.000000,2293.333333,2288.569874,9.743827,2,2,0
27.8,4,gnb_2,6,27.898,13760.000000,2293.333333,2290.237085,9.796716,2,2,0
27.9,4,gnb_2,6,27.994,13920.000000,2320.000000,2300.654105,9.851383,2,2,0
28.0,4,gnb_2,6,28.096,13920.000000,2320.000000,2307.425168,9.906049,2,2,0
28.1,4,gnb_2,6,28.198,13920.000000,2320.000000,2311.826359,9.960716,2,2,0
28.2,4,gnb_2,6,28.294,13920.000000,2320.000000,2314.687134,10.015383,2,2,0
28.3,4,gnb_2,6,28.396,13920.000000,2320.000000,2316.546637,10.070049,2,2,0
28.4,4,gnb_2,6,28.498,12816.000000,2136.000000,2253.355314,10.112449,2,2,0
28.5,4,gnb_2,6,28.594,12848.000000,2141.333333,2214.147621,10.155205,2,2,0
28.6,4,gnb_2,6,28.696,12848.000000,2141.333333,2188.662620,10.197960,2,2,0
28.7,4,gnb_2,6,28.798,12848.000000,2141.333333,2172.097370,10.240716,2,2,0
28.8,4,gnb_2,6,28.894,12848.000000,2141.333333,2161.329957,10.283472,2,2,0
28.9,4,gnb_2,6,28.996,13792.000000,2298.666667,2209.397805,10.336716,2,2,0
29.0,4,gnb_2,5,29.098,13792.000000,2758.400000,2401.548574,10.420609,2,2,0
29.1,4,gnb_2,5,29.194,13792.000000,2758.400000,2526.446573,10.504503,2,2,0
29.2,4,gnb_2,5,29.296,13792.000000,2758.400000,2607.630272,10.588396,2,2,0
29.3,4,gnb_2,5,29.398,13792.000000,2758.400000,2660.399677,10.672289,2,2,0
29.4,4,gnb_2,5,29.494,13760.000000,2752.000000,2692.459790,10.755756,2,2,0
29.5,4,gnb_2,5,29.596,13760.000000,2752.000000,2713.298864,10.839223,2,2,0
29.6,4,gnb_2,5,29.698,13760.000000,2752.000000,2726.844261,10.922689,2,2,0
29.7,4,gnb_2,5,29.794,13760.000000,2752.000000,2735.648770,11.006156,2,2,0
29.8,4,gnb_2,5,29.896,13760.000000,2752.000000,2741.371700,11.089623,2,2,0
29.9,4,gnb_2,5,29.998,11536.000000,2307.200000,2589.411605,11.143436,2,2,0
30.0,4,gnb_2,5,30.094,11536.000000,2307.200000,2490.637543,11.197249,2,2,0
30.1,4,gnb_2,5,30.196,11536.000000,2307.200000,2426.434403,11.251063,2,2,0
30.2,4,gnb_2,5,30.298,11536.000000,2307.200000,2384.702362,11.304876,2,2,0
30.3,4,gnb_2,5,30.394,11536.000000,2307.200000,2357.576535,11.358689,2,2,0
30.4,4,gnb_2,5,30.496,13488.000000,2697.600000,2476.584748,11.438529,2,2,0
30.5,4,gnb_2,5,30.598,13520.000000,2704.000000,2556.180086,11.518796,2,2,0
30.6,4,gnb_2,5,30.694,13520.000000,2704.000000,2607.917056,11.599063,2,2,0
30.7,4,gnb_2,5,30.796,13520.000000,2704.000000,2641.546086,11.679329,2,2,0
30.8,4,gnb_2,5,30.898,13520.000000,2704.000000,2663.404956,11.759596,2,2,0
30.9,4,gnb_2,5,30.994,10328.000000,2065.600000,2454.173222,11.797303,2,2,0
31.0,4,gnb_2,5,31.096,10328.000000,2065.600000,2318.172594,11.835009,2,2,0
31.1,4,gnb_2,5,31.198,10328.000000,2065.600000,2229.772186,11.872716,2,2,0
31.2,4,gnb_2,5,31.294,10432.000000,2086.400000,2179.591921,11.911809,2,2,0
31.3,4,gnb_2,5,31.396,10432.000000,2086.400000,2146.974749,11.950903,2,2,0
31.4,4,gnb_2,5,31.498,12000.000000,2400.000000,2235.533587,12.000000,2,2,0
31.5,4,gnb_2,5,31.594,12000.000000,2400.000000,2293.096831,12.000000,2,2,0
31.6,4,gnb_2,5,31.696,12096.000000,2419.200000,2337.232940,12.000000,2,2,0
31.7,4,gnb_2,5,31.798,12096.000000,2419.200000,2365.921411,12.000000,2,2,0
31.8,4,gnb_2,5,31.894,12096.000000,2419.200000,2384.568917,12.000000,2,2,0
31.9,4,gnb_2,5,31.996,13728.000000,2745.600000,2510.929796,12.000000,2,2,0
32.0,4,gnb_2,5,32.098,13728.000000,2745.600000,2593.064368,12.000000,2,2,0
32.1,4,gnb_2,5,32.194,13728.000000,2745.600000,2646.451839,12.000000,2,2,0
32.2,4,gnb_2,6,32.296,13728.000000,2288.000000,2520.993695,12.000000,2,2,0
32.3,4,gnb_2,6,32.398,13728.000000,2288.000000,2439.445902,12.000000,2,2,0
32.4,4,gnb_2,6,32.494,13920.000000,2320.000000,2397.639836,12.000000,2,2,0
32.5,4,gnb_2,6,32.596,13920.000000,2320.000000,2370.465894,12.000000,2,2,0
32.6,4,gnb_2,6,32.698,13920.000000,2320.000000,2352.802831,12.000000,2,2,0
32.7,4,gnb_2,6,32.794,13920.000000,2320.000000,2341.321840,12.000000,2,2,0
32.8,4,gnb_2,6,32.896,13920.000000,2320.000000,2333.859196,12.000000,2,2,0
32.9,4,gnb_2,6,32.998,13920.000000,2320.000000,2329.008477,12.000000,2,2,0
33.0,4,gnb_2,6,33.094,13920.000000,2320.000000,2325.855510,12.000000,2,2,0
33.1,4,gnb_2,6,33.196,13920.000000,2320.000000,2323.806082,12.000000,2,2,0
33.2,4,gnb_2,6,33.298,13920.000000,2320.000000,2322.473953,12.000000,2,2,0
33.3,4,gnb_2,6,33.394,13760.000000,2293.333333,2312.274736,12.000000,2,2,0
33.4,4,gnb_2,6,33.496,13760.000000,2293.333333,2305.645245,12.000000,2,2,0
33.5,4,gnb_2,6,33.598,13760.000000,2293.333333,2301.336076,12.000000,2,2,0
33.6,4,gnb_2,6,33.694,13760.000000,2293.333333,2298.535116,12.000000,2,2,0
33.7,4,gnb_2,6,33.796,13664.000000,2277.333333,2291.114492,12.000000,2,2,0
33.8,4,gnb_2,6,33.898,13664.000000,2277.333333,2286.291087,12.000000,2,2,0
33.9,4,gnb_2,6,33.994,13664.000000,2277.333333,2283.155873,12.000000,2,2,0
34.0,4,gnb_2,6,34.096,13664.000000,2277.333333,2281.117984,12.000000,2,2,0
34.1,4,gnb_2,6,34.198,12880.000000,2146.666667,2234.060023,12.000000,2,2,0
34.2,4,gnb_2,6,34.294,12880.000000,2146.666667,2203.472348,12.000000,2,2,0
34.3,4,gnb_2,6,34.396,12880.000000,2146.666667,2183.590360,12.000000,2,2,0
34.4,4,gnb_2,6,34.498,12880.000000,2146.666667,2170.667067,12.000000,2,2,0
34.5,4,gnb_2,6,34.594,13760.000000,2293.333333,2213.600260,12.000000,2,2,0
34.6,4,gnb_2,6,34.696,13760.000000,2293.333333,2241.506836,12.000000,2,2,0
34.7,4,gnb_2,6,34.798,13760.000000,2293.333333,2259.646110,12.000000,2,2,0
34.8,4,gnb_2,6,34.894,13760.000000,2293.333333,2271.436638,12.000000,2,2,0
34.9,4,gnb_2,6,34.996,13792.000000,2298.666667,2280.967148,12.000000,2,2,0
35.0,4,gnb_2,6,35.098,13792.000000,2298.666667,2287.161980,12.000000,2,2,0
35.1,4,gnb_2,6,35.194,13792.000000,2298.666667,2291.188620,12.000000,2,2,0
35.2,4,gnb_2,6,35.296,13792.000000,2298.666667,2293.805936,12.000000,2,2,0
35.3,4,gnb_2,6,35.398,13760.000000,2293.333333,2293.640525,12.000000,2,2,0
35.4,4,gnb_2,6,35.494,13760.000000,2293.333333,2293.533008,12.000000,2,2,0
35.5,4,gnb_2,6,35.596,13760.000000,2293.333333,2293.463122,12.000000,2,2,0
35.6,4,gnb_2,6,35.698,13760.000000,2293.333333,2293.417696,12.000000,2,2,0
35.7,4,gnb_2,6,35.794,13920.000000,2320.000000,2302.721502,12.000000,2,2,0
35.8,4,gnb_2,6,35.896,13920.000000,2320.000000,2308.768977,12.000000,2,2,0
35.9,4,gnb_2,6,35.998,13920.000000,2320.000000,2312.699835,12.000000,2,2,0
36.0,4,gnb_2,6,36.094,13920.000000,2320.000000,2315.254893,12.000000,2,2,0
36.1,4,gnb_2,6,36.196,13920.000000,2320.000000,2316.915680,12.000000,2,2,0
36.2,4,gnb_2,6,36.298,13920.000000,2320.000000,2317.995192,12.000000,2,2,0
36.3,4,gnb_2,6,36.394,13920.000000,2320.000000,2318.696875,12.000000,2,2,0
36.4,4,gnb_2,6,36.496,13920.000000,2320.000000,2319.152969,12.000000,2,2,0
36.5,4,gnb_2,6,36.598,13920.000000,2320.000000,2319.449430,12.000000,2,2,0
36.6,4,gnb_2,6,36.694,13920.000000,2320.000000,2319.642129,12.000000,2,2,0
36.7,4,gnb_2,6,36.796,13920.000000,2320.000000,2319.767384,12.000000,2,2,0
36.8,4,gnb_2,6,36.898,13920.000000,2320.000000,2319.848800,12.000000,2,2,0
36.9,4,gnb_2,6,36.994,13920.000000,2320.000000,2319.901720,12.000000,2,2,0
37.0,4,gnb_2,6,37.096,13920.000000,2320.000000,2319.936118,12.000000,2,2,0
37.1,4,gnb_2,6,37.198,13920.000000,2320.000000,2319.958477,12.000000,2,2,0
37.2,4,gnb_2,6,37.294,13920.000000,2320.000000,2319.973010,12.000000,2,2,0
37.3,4,gnb_2,6,37.396,13920.000000,2320.000000,2319.982456,12.000000,2,2,0
37.4,4,gnb_2,6,37.498,13920.000000,2320.000000,2319.988597,12.000000,2,2,0
37.5,4,gnb_2,6,37.594,13920.000000,2320.000000,2319.992588,12.000000,2,2,0
37.6,4,gnb_2,6,37.696,13920.000000,2320.000000,2319.995182,12.000000,2,2,0
37.7,4,gnb_2,6,37.798,13920.000000,2320.000000,2319.996868,12.000000,2,2,0
37.8,4,gnb_2,6,37.894,13920.000000,2320.000000,2319.997964,12.000000,2,2,0
37.9,4,gnb_2,6,37.996,13920.000000,2320.000000,2319.998677,12.000000,2,2,0
38.0,4,gnb_2,5,38.098,13920.000000,2784.000000,2482.399140,12.000000,2,2,0
38.1,4,gnb_2,5,38.194,13920.000000,2784.000000,2587.959441,12.000000,2,2,0
38.2,4,gnb_2,5,38.296,13920.000000,2784.000000,2656.573637,12.000000,2,2,0
38.3,4,gnb_2,5,38.398,13920.000000,2784.000000,2701.172864,12.000000,2,2,0
38.4,4,gnb_2,5,38.494,13920.000000,2784.000000,2730.162361,12.000000,2,2,0
38.5,4,gnb_2,5,38.596,13920.000000,2784.000000,2749.005535,12.000000,2,2,0
38.6,4,gnb_2,5,38.698,13920.000000,2784.000000,2761.253598,12.000000,2,2,0
38.7,4,gnb_2,5,38.794,13920.000000,2784.000000,2769.214839,12.000000,2,2,0
38.8,4,gnb_2,5,38.896,13760.000000,2752.000000,2763.189645,12.000000,2,2,0
38.9,4,gnb_2,5,38.998,13760.000000,2752.000000,2759.273269,12.000000,2,2,0
39.0,4,gnb_2,5,39.094,13760.000000,2752.000000,2756.727625,12.000000,2,2,0
39.1,4,gnb_2,5,39.196,13760.000000,2752.000000,2755.072956,12.000000,2,2,0
39.2,4,gnb_2,5,39.298,13920.000000,2784.000000,2765.197422,12.000000,2,2,0
39.3,4,gnb_2,5,39.394,13920.000000,2784.000000,2771.778324,12.000000,2,2,0
39.4,4,gnb_2,5,39.496,13920.000000,2784.000000,2776.055911,12.000000,2,2,0
39.5,4,gnb_2,5,39.598,13920.000000,2784.000000,2778.836342,12.000000,2,2,0
39.6,4,gnb_2,5,39.694,13920.000000,2784.000000,2780.643622,12.000000,2,2,0
39.7,4,gnb_2,4,39.796,13920.000000,3480.000000,3025.418354,12.000000,2,2,0
39.8,4,gnb_2,4,39.898,13920.000000,3480.000000,3184.521930,12.000000,2,3,0
39.9,4,gnb_2,4,39.994,13920.000000,3480.000000,3287.939255,12.000000,3,3,0
40.0,4,gnb_1,7,40.096,13920.000000,1988.571429,2833.160516,11.966286,3,2,0
40.1,4,gnb_1,7,40.198,13920.000000,1988.571429,2537.554335,11.998857,2,2,0
40.2,4,gnb_1,7,40.294,13920.000000,1988.571429,2345.410318,12.000000,2,2,0
40.3,4,gnb_1,7,40.396,13920.000000,1988.571429,2220.516707,12.000000,2,2,0
40.4,4,gnb_1,7,40.498,13920.000000,1988.571429,2139.335859,12.000000,2,2,0
40.5,4,gnb_1,7,40.594,13920.000000,1988.571429,2086.568309,12.000000,2,2,0
40.6,4,gnb_1,7,40.696,13920.000000,1988.571429,2052.269401,12.000000,2,2,0
40.7,4,gnb_1,7,40.798,13920.000000,1988.571429,2029.975110,12.000000,2,2,0
40.8,4,gnb_1,7,40.894,13920.000000,1988.571429,2015.483822,12.000000,2,2,0
40.9,4,gnb_1,7,40.996,13920.000000,1988.571429,2006.064484,12.000000,2,2,0
41.0,4,gnb_1,7,41.098,13792.000000,1970.285714,1993.541915,12.000000,2,2,0
41.1,4,gnb_1,7,41.194,13824.000000,1974.857143,1987.002245,12.000000,2,2,0
41.2,4,gnb_1,7,41.296,13824.000000,1974.857143,1982.751459,12.000000,2,2,0
41.3,4,gnb_1,7,41.398,13760.000000,1965.714286,1976.788448,12.000000,2,2,0
41.4,4,gnb_1,7,41.494,13760.000000,1965.714286,1972.912491,12.000000,2,2,0
41.5,4,gnb_1,7,41.596,13760.000000,1965.714286,1970.393119,12.000000,2,2,0
41.6,4,gnb_1,7,41.698,10832.000000,1547.428571,1822.355528,12.000000,2,1,0
41.7,4,gnb_1,7,41.794,10832.000000,1547.428571,1726.131093,12.000000,1,1,0
41.8,4,gnb_1,7,41.896,10832.000000,1547.428571,1663.585210,12.000000,1,1,0
41.9,4,gnb_1,7,41.998,13024.000000,1860.571429,1732.530387,12.000000,1,2,0
42.0,4,gnb_1,6,42.094,13024.000000,2170.666667,1885.878085,12.000000,2,2,0
42.1,4,gnb_1,6,42.196,13024.000000,2170.666667,1985.554088,12.000000,2,2,0
42.2,4,gnb_1,6,42.298,13520.000000,2253.333333,2079.276824,12.000000,2,2,0
42.3,4,gnb_1,6,42.394,13664.000000,2277.333333,2148.596602,12.000000,2,2,0
42.4,4,gnb_1,6,42.496,13664.000000,2277.333333,2193.654458,12.000000,2,2,0
42.5,4,gnb_1,6,42.598,13888.000000,2314.666667,2236.008731,12.000000,2,2,0
42.6,4,gnb_1,6,42.694,13888.000000,2314.666667,2263.539009,12.000000,2,2,0
42.7,4,gnb_1,6,42.796,13920.000000,2320.000000,2283.300356,12.000000,2,2,0
42.8,4,gnb_1,6,42.898,13920.000000,2320.000000,2296.145231,12.000000,2,2,0
42.9,4,gnb_1,6,42.994,13920.000000,2320.000000,2304.494400,12.000000,2,2,0
43.0,4,gnb_1,6,43.096,13920.000000,2320.000000,2309.921360,12.000000,2,2,0
43.1,4,gnb_1,6,43.198,13920.000000,2320.000000,2313.448884,12.000000,2,2,0
43.2,4,gnb_1,6,43.294,13920.000000,2320.000000,2315.741775,12.000000,2,2,0
43.3,4,gnb_1,6,43.396,13920.000000,2320.000000,2317.232154,12.000000,2,2,0
43.4,4,gnb_1,6,43.498,13920.000000,2320.000000,2318.200900,12.000000,2,2,0
43.5,4,gnb_1,6,43.594,13920.000000,2320.000000,2318.830585,12.000000,2,2,0
43.6,4,gnb_1,6,43.696,13920.000000,2320.000000,2319.239880,12.000000,2,2,0
43.7,4,gnb_1,6,43.798,13920.000000,2320.000000,2319.505922,12.000000,2,2,0
43.8,4,gnb_1,6,43.894,13920.000000,2320.000000,2319.678849,12.000000,2,2,0
43.9,4,gnb_1,6,43.996,13920.000000,2320.000000,2319.791252,12.000000,2,2,0
44.0,4,gnb_1,6,44.098,13696.000000,2282.666667,2306.797647,12.000000,2,2,0
44.1,4,gnb_1,6,44.194,13696.000000,2282.666667,2298.351804,12.000000,2,2,0
44.2,4,gnb_1,6,44.296,13728.000000,2288.000000,2294.728673,12.000000,2,2,0
44.3,4,gnb_1,6,44.398,12432.000000,2072.000000,2216.773637,12.000000,2,2,0
44.4,4,gnb_1,6,44.494,12576.000000,2096.000000,2174.502864,12.000000,2,2,0
44.5,4,gnb_1,6,44.596,12576.000000,2096.000000,2147.026862,12.000000,2,2,0
44.6,4,gnb_1,6,44.698,13760.000000,2293.333333,2198.234127,12.000000,2,2,0
44.7,4,gnb_1,6,44.794,13760.000000,2293.333333,2231.518849,12.000000,2,2,0
44.8,4,gnb_1,6,44.896,13760.000000,2293.333333,2253.153919,12.000000,2,2,0
44.9,4,gnb_1,6,44.998,13920.000000,2320.000000,2276.550047,12.000000,2,2,0
22.9,5,gnb_2,6,22.994,13888.000000,2314.666667,1273.066667,2.320848,1,1,0
23.0,5,gnb_2,5,23.096,13888.000000,2777.600000,1799.653333,2.725867,1,1,0
23.1,5,gnb_2,5,23.198,13888.000000,2777.600000,2141.934667,3.130885,1,1,0
23.2,5,gnb_2,5,23.294,13888.000000,2777.600000,2364.417533,3.535903,1,1,0
23.3,5,gnb_2,5,23.396,13888.000000,2777.600000,2509.031397,3.940921,1,1,0
23.4,5,gnb_2,5,23.498,13888.000000,2777.600000,2603.030408,4.345939,1,2,0
23.5,5,gnb_2,5,23.594,13888.000000,2777.600000,2664.129765,4.431113,2,2,0
23.6,5,gnb_2,5,23.696,13920.000000,2784.000000,2706.084347,4.516713,2,2,0
23.7,5,gnb_2,5,23.798,13920.000000,2784.000000,2733.354826,4.602313,2,2,0
23.8,5,gnb_2,5,23.894,13920.000000,2784.000000,2751.080637,4.687913,2,2,0
23.9,5,gnb_2,5,23.996,13920.000000,2784.000000,2762.602414,4.773513,2,2,0
24.0,5,gnb_2,6,24.098,11904.000000,1984.000000,2490.091569,4.805779,2,2,0
24.1,5,gnb_2,6,24.194,11904.000000,1984.000000,2312.959520,4.838046,2,2,0
24.2,5,gnb_2,6,24.296,11904.000000,1984.000000,2197.823688,4.870313,2,2,0
24.3,5,gnb_2,6,24.398,11904.000000,1984.000000,2122.985397,4.902579,2,2,0
24.4,5,gnb_2,6,24.494,11904.000000,1984.000000,2074.340508,4.934846,2,2,0
24.5,5,gnb_2,6,24.596,11904.000000,1984.000000,2042.721330,4.967113,2,2,0
24.6,5,gnb_2,6,24.698,11904.000000,1984.000000,2022.168865,4.999379,2,2,0
24.7,5,gnb_2,6,24.794,11904.000000,1984.000000,2008.809762,5.031646,2,2,0
24.8,5,gnb_2,6,24.896,11904.000000,1984.000000,2000.126345,5.063913,2,2,0
24.9,5,gnb_2,6,24.998,12000.000000,2000.000000,2000.082124,5.097246,2,2,0
25.0,5,gnb_2,5,25.094,11424.000000,2284.800000,2099.733381,5.149566,2,2,0
25.1,5,gnb_2,5,25.196,11424.000000,2284.800000,2164.506698,5.201886,2,2,0
25.2,5,gnb_2,5,25.298,11424.000000,2284.800000,2206.609353,5.254206,2,2,0
25.3,5,gnb_2,5,25.394,11424.000000,2284.800000,2233.976080,5.306526,2,2,0
25.4,5,gnb_2,5,25.496,11424.000000,2284.800000,2251.764452,5.358846,2,2,0
25.5,5,gnb_2,5,25.598,11424.000000,2284.800000,2263.326894,5.411166,2,2,0
25.6,5,gnb_2,5,25.694,11424.000000,2284.800000,2270.842481,5.463486,2,2,0
25.7,5,gnb_2,5,25.796,11424.000000,2284.800000,2275.727613,5.515806,2,2,0
25.8,5,gnb_2,5,25.898,11424.000000,2284.800000,2278.902948,5.568126,2,2,0
25.9,5,gnb_2,5,25.994,11424.000000,2284.800000,2280.966916,5.620446,2,2,0
26.0,5,gnb_2,6,26.096,11264.000000,1877.333333,2139.695162,5.645602,2,2,0
26.1,5,gnb_2,6,26.198,11264.000000,1877.333333,2047.868522,5.670757,2,2,0
26.2,5,gnb_2,6,26.294,11344.000000,1890.666667,1992.847873,5.696802,2,2,0
26.3,5,gnb_2,6,26.396,11344.000000,1890.666667,1957.084451,5.722846,2,2,0
26.4,5,gnb_2,6,26.498,11344.000000,1890.666667,1933.838226,5.748891,2,2,0
26.5,5,gnb_2,6,26.594,11424.000000,1904.000000,1923.394847,5.775824,2,2,0
26.6,5,gnb_2,6,26.696,11424.000000,1904.000000,1916.606651,5.802757,2,2,0
26.7,5,gnb_2,6,26.798,11424.000000,1904.000000,1912.194323,5.829691,2,2,0
26.8,5,gnb_2,7,26.894,13920.000000,1988.571429,1938.926310,5.862262,2,2,0
26.9,5,gnb_2,7,26.996,13920.000000,1988.571429,1956.302101,5.894833,2,2,0
27.0,5,gnb_2,6,27.098,13920.000000,2320.000000,2083.596366,5.949500,2,2,0
27.1,5,gnb_2,6,27.194,13920.000000,2320.000000,2166.337638,6.004167,2,2,0
27.2,5,gnb_2,6,27.296,13920.000000,2320.000000,2220.119465,6.058833,2,2,0
27.3,5,gnb_2,6,27.398,13920.000000,2320.000000,2255.077652,6.113500,2,2,0
27.4,5,gnb_2,6,27.494,13920.000000,2320.000000,2277.800474,6.168167,2,2,0
27.5,5,gnb_2,6,27.596,13920.000000,2320.000000,2292.570308,6.222833,2,2,0
27.6,5,gnb_2,6,27.698,13920.000000,2320.000000,2302.170700,6.277500,2,2,0
27.7,5,gnb_2,6,27.794,13920.000000,2320.000000,2308.410955,6.332167,2,2,0
27.8,5,gnb_2,6,27.896,13920.000000,2320.000000,2312.467121,6.386833,2,2,0
27.9,5,gnb_2,6,27.998,13920.000000,2320.000000,2315.103629,6.441500,2,2,0
28.0,5,gnb_2,6,28.094,13920.000000,2320.000000,2316.817359,6.496167,2,2,0
28.1,5,gnb_2,6,28.196,13920.000000,2320.000000,2317.931283,6.550833,2,2,0
28.2,5,gnb_2,6,28.298,13920.000000,2320.000000,2318.655334,6.605500,2,2,0
28.3,5,gnb_2,6,28.394,13920.000000,2320.000000,2319.125967,6.660167,2,2,0
28.4,5,gnb_2,6,28.496,13920.000000,2320.000000,2319.431879,6.714833,2,2,0
28.5,5,gnb_2,6,28.598,13920.000000,2320.000000,2319.630721,6.769500,2,2,0
28.6,5,gnb_2,6,28.694,13920.000000,2320.000000,2319.759969,6.824167,2,2,0
28.7,5,gnb_2,6,28.796,13920.000000,2320.000000,2319.843980,6.878833,2,2,0
28.8,5,gnb_2,6,28.898,13920.000000,2320.000000,2319.898587,6.933500,2,2,0
28.9,5,gnb_2,6,28.994,13920.000000,2320.000000,2319.934081,6.988167,2,2,0
29.0,5,gnb_2,5,29.096,13920.000000,2784.000000,2482.357153,7.073767,2,2,0
29.1,5,gnb_2,5,29.198,13920.000000,2784.000000,2587.932149,7.159367,2,2,0
29.2,5,gnb_2,5,29.294,13600.000000,2720.000000,2634.155897,7.240700,2,2,0
29.3,5,gnb_2,5,29.396,13600.000000,2720.000000,2664.201333,7.322033,2,2,0
29.4,5,gnb_2,5,29.498,13600.000000,2720.000000,2683.730867,7.403367,2,2,0
29.5,5,gnb_2,5,29.594,13600.000000,2720.000000,2696.425063,7.484700,2,2,0
29.6,5,gnb_2,5,29.696,13600.000000,2720.000000,2704.676291,7.566033,2,2,0
29.7,5,gnb_2,5,29.798,13920.000000,2784.000000,2732.439589,7.651633,2,2,0
29.8,5,gnb_2,5,29.894,13920.000000,2784.000000,2750.485733,7.737233,2,2,0
29.9,5,gnb_2,5,29.996,13920.000000,2784.000000,2762.215726,7.822833,2,2,0
30.0,5,gnb_2,5,30.098,13920.000000,2784.000000,2769.840222,7.908433,2,2,0
30.1,5,gnb_2,5,30.194,13920.000000,2784.000000,2774.796144,7.994033,2,2,0
30.2,5,gnb_2,5,30.296,13760.000000,2752.000000,2766.817494,8.077500,2,2,0
30.3,5,gnb_2,5,30.398,13760.000000,2752.000000,2761.631371,8.160967,2,2,0
30.4,5,gnb_2,5,30.494,13760.000000,2752.000000,2758.260391,8.244433,2,2,0
30.5,5,gnb_2,5,30.596,13792.000000,2758.400000,2758.309254,8.328327,2,2,0
30.6,5,gnb_2,5,30.698,13792.000000,2758.400000,2758.341015,8.412220,2,2,0
30.7,5,gnb_2,5,30.794,10800.000000,2160.000000,2548.921660,8.456220,2,2,0
30.8,5,gnb_2,5,30.896,10800.000000,2160.000000,2412.799079,8.500220,2,2,0
30.9,5,gnb_2,5,30.998,10800.000000,2160.000000,2324.319401,8.544220,2,2,0
31.0,5,gnb_2,5,31.094,10800.000000,2160.000000,2266.807611,8.588220,2,2,0
31.1,5,gnb_2,5,31.196,12000.000000,2400.000000,2313.424947,8.648220,2,2,0
31.2,5,gnb_2,5,31.298,12000.000000,2400.000000,2343.726216,8.708220,2,2,0
31.3,5,gnb_2,5,31.394,12096.000000,2419.200000,2370.142040,8.769500,2,2,0
31.4,5,gnb_2,5,31.496,12096.000000,2419.200000,2387.312326,8.830780,2,2,0
31.5,5,gnb_2,5,31.598,13248.000000,2649.600000,2479.113012,8.907420,2,2,0
31.6,5,gnb_2,5,31.694,13248.000000,2649.600000,2538.783458,8.984060,2,2,0
31.7,5,gnb_2,5,31.796,13248.000000,2649.600000,2577.569248,9.060700,2,2,0
31.8,5,gnb_2,5,31.898,13248.000000,2649.600000,2602.780011,9.137340,2,2,0
31.9,5,gnb_2,5,31.994,12960.000000,2592.000000,2599.007007,9.210140,2,2,0
32.0,5,gnb_2,5,32.096,12960.000000,2592.000000,2596.554555,9.282940,2,2,0
32.1,5,gnb_2,5,32.198,12960.000000,2592.000000,2594.960460,9.355740,2,2,0
32.2,5,gnb_2,6,32.294,12960.000000,2160.000000,2442.724299,9.399740,2,2,0
32.3,5,gnb_2,6,32.396,13600.000000,2266.666667,2381.104128,9.450851,2,2,0
32.4,5,gnb_2,6,32.498,13600.000000,2266.666667,2341.051016,9.501962,2,2,0
32.5,5,gnb_2,6,32.594,13600.000000,2266.666667,2315.016494,9.553073,2,2,0
32.6,5,gnb_2,6,32.696,13600.000000,2266.666667,2298.094054,9.604184,2,2,0
32.7,5,gnb_2,6,32.798,12960.000000,2160.000000,2249.761135,9.648184,2,2,0
32.8,5,gnb_2,6,32.894,12960.000000,2160.000000,2218.344738,9.692184,2,2,0
32.9,5,gnb_2,6,32.996,12960.000000,2160.000000,2197.924080,9.736184,2,2,0
33.0,5,gnb_2,6,33.098,13104.000000,2184.000000,2193.050652,9.781784,2,2,0
33.1,5,gnb_2,6,33.194,11520.000000,1920.000000,2097.482924,9.809784,2,2,0
33.2,5,gnb_2,6,33.296,11520.000000,1920.000000,2035.363900,9.837784,2,2,0
33.3,5,gnb_2,6,33.398,11520.000000,1920.000000,1994.986535,9.865784,2,2,0
33.4,5,gnb_2,6,33.494,11520.000000,1920.000000,1968.741248,9.893784,2,2,0
33.5,5,gnb_2,6,33.596,12960.000000,2160.000000,2035.681811,9.937784,2,2,0
33.6,5,gnb_2,6,33.698,12960.000000,2160.000000,2079.193177,9.981784,2,2,0
33.7,5,gnb_2,6,33.794,12960.000000,2160.000000,2107.475565,10.025784,2,2,0
33.8,5,gnb_2,6,33.896,12960.000000,2160.000000,2125.859117,10.069784,2,2,0
33.9,5,gnb_2,6,33.998,13920.000000,2320.000000,2193.808426,10.124451,2,2,0
34.0,5,gnb_2,6,34.094,13920.000000,2320.000000,2237.975477,10.179118,2,2,0
34.1,5,gnb_2,6,34.196,13920.000000,2320.000000,2266.684060,10.233784,2,2,0
34.2,5,gnb_2,6,34.298,13920.000000,2320.000000,2285.344639,10.288451,2,2,0
34.3,5,gnb_2,6,34.394,13920.000000,2320.000000,2297.474015,10.343118,2,2,0
34.4,5,gnb_2,6,34.496,13920.000000,2320.000000,2305.358110,10.397784,2,2,0
34.5,5,gnb_2,6,34.598,13920.000000,2320.000000,2310.482772,10.452451,2,2,0
34.6,5,gnb_2,6,34.694,13920.000000,2320.000000,2313.813801,10.507118,2,2,0
34.7,5,gnb_2,6,34.796,13920.000000,2320.000000,2315.978971,10.561784,2,2,0
34.8,5,gnb_2,6,34.898,13920.000000,2320.000000,2317.386331,10.616451,2,2,0
34.9,5,gnb_2,6,34.994,13920.000000,2320.000000,2318.301115,10.671118,2,2,0
35.0,5,gnb_2,6,35.096,13920.000000,2320.000000,2318.895725,10.725784,2,2,0
35.1,5,gnb_2,6,35.198,13920.000000,2320.000000,2319.282221,10.780451,2,2,0
35.2,5,gnb_2,6,35.294,13920.000000,2320.000000,2319.533444,10.835118,2,2,0
35.3,5,gnb_2,6,35.396,13920.000000,2320.000000,2319.696738,10.889784,2,2,0
35.4,5,gnb_2,6,35.498,13920.000000,2320.000000,2319.802880,10.944451,2,2,0
35.5,5,gnb_2,6,35.594,13920.000000,2320.000000,2319.871872,10.999118,2,2,0
35.6,5,gnb_2,6,35.696,13920.000000,2320.000000,2319.916717,11.053784,2,2,0
35.7,5,gnb_2,6,35.798,13920.000000,2320.000000,2319.945866,11.108451,2,2,0
35.8,5,gnb_2,6,35.894,13920.000000,2320.000000,2319.964813,11.163118,2,2,0
35.9,5,gnb_2,6,35.996,13792.000000,2298.666667,2312.510462,11.216362,2,2,0
36.0,5,gnb_2,6,36.098,13792.000000,2298.666667,2307.665133,11.269607,2,2,0
36.1,5,gnb_2,6,36.194,13792.000000,2298.666667,2304.515670,11.322851,2,2,0
36.2,5,gnb_2,6,36.296,13792.000000,2298.666667,2302.468519,11.376096,2,2,0
36.3,5,gnb_2,6,36.398,13920.000000,2320.000000,2308.604537,11.430762,2,2,0
36.4,5,gnb_2,6,36.494,13920.000000,2320.000000,2312.592949,11.485429,2,2,0
36.5,5,gnb_2,6,36.596,13920.000000,2320.000000,2315.185417,11.540096,2,2,0
36.6,5,gnb_2,6,36.698,13920.000000,2320.000000,2316.870521,11.594762,2,2,0
36.7,5,gnb_2,6,36.794,13920.000000,2320.000000,2317.965839,11.649429,2,2,0
36.8,5,gnb_2,6,36.896,13920.000000,2320.000000,2318.677795,11.704096,2,2,0
36.9,5,gnb_2,6,36.998,13920.000000,2320.000000,2319.140567,11.758762,2,2,0
37.0,5,gnb_2,6,37.094,13920.000000,2320.000000,2319.441368,11.813429,2,2,0
37.1,5,gnb_2,6,37.196,13920.000000,2320.000000,2319.636889,11.868096,2,2,0
37.2,5,gnb_2,6,37.298,13920.000000,2320.000000,2319.763978,11.922762,2,2,0
37.3,5,gnb_2,6,37.394,13920.000000,2320.000000,2319.846586,11.977429,2,2,0
37.4,5,gnb_2,6,37.496,13920.000000,2320.000000,2319.900281,12.000000,2,2,0
37.5,5,gnb_2,6,37.598,13760.000000,2293.333333,2310.601849,12.000000,2,2,0
37.6,5,gnb_2,6,37.694,13760.000000,2293.333333,2304.557869,12.000000,2,2,0
37.7,5,gnb_2,6,37.796,13760.000000,2293.333333,2300.629281,12.000000,2,2,0
37.8,5,gnb_2,6,37.898,13760.000000,2293.333333,2298.075699,12.000000,2,2,0
37.9,5,gnb_2,6,37.994,13920.000000,2320.000000,2305.749205,12.000000,2,2,0
38.0,5,gnb_2,5,38.096,13920.000000,2784.000000,2473.136983,12.000000,2,2,0
38.1,5,gnb_2,5,38.198,13920.000000,2784.000000,2581.939039,12.000000,2,2,0
38.2,5,gnb_2,5,38.294,13920.000000,2784.000000,2652.660375,12.000000,2,2,0
38.3,5,gnb_2,5,38.396,13920.000000,2784.000000,2698.629244,12.000000,2,2,0
38.4,5,gnb_2,5,38.498,13920.000000,2784.000000,2728.509009,12.000000,2,2,0
38.5,5,gnb_2,5,38.594,13920.000000,2784.000000,2747.930856,12.000000,2,2,0
38.6,5,gnb_2,5,38.696,13920.000000,2784.000000,2760.555056,12.000000,2,2,0
38.7,5,gnb_2,5,38.798,13920.000000,2784.000000,2768.760786,12.000000,2,2,0
38.8,5,gnb_2,5,38.894,13920.000000,2784.000000,2774.094511,12.000000,2,2,0
38.9,5,gnb_2,5,38.996,13920.000000,2784.000000,2777.561432,12.000000,2,2,0
39.0,5,gnb_2,5,39.098,13920.000000,2784.000000,2779.814931,12.000000,2,2,0
39.1,5,gnb_2,5,39.194,13920.000000,2784.000000,2781.279705,12.000000,2,2,0
39.2,5,gnb_2,5,39.296,13920.000000,2784.000000,2782.231808,12.000000,2,2,0
39.3,5,gnb_2,5,39.398,13920.000000,2784.000000,2782.850675,12.000000,2,2,0
39.4,5,gnb_2,5,39.494,13920.000000,2784.000000,2783.252939,12.000000,2,2,0
39.5,5,gnb_2,5,39.596,13920.000000,2784.000000,2783.514410,12.000000,2,2,0
39.6,5,gnb_2,5,39.698,13920.000000,2784.000000,2783.684367,12.000000,2,2,0
39.7,5,gnb_2,4,39.794,13920.000000,3480.000000,3027.394838,12.000000,2,2,0
39.8,5,gnb_2,4,39.896,13920.000000,3480.000000,3185.806645,12.000000,2,3,0
39.9,5,gnb_2,4,39.998,13920.000000,3480.000000,3288.774319,12.000000,3,3,0
40.0,5,gnb_1,7,40.094,13920.000000,1988.571429,2833.703307,11.966286,3,2,0
40.1,5,gnb_1,7,40.196,13920.000000,1988.571429,2537.907150,11.998857,2,2,0
40.2,5,gnb_1,7,40.298,13920.000000,1988.571429,2345.639647,12.000000,2,2,0
40.3,5,gnb_1,7,40.394,13920.000000,1988.571429,2220.665771,12.000000,2,2,0
40.4,5,gnb_1,7,40.496,13920.000000,1988.571429,2139.432751,12.000000,2,2,0
40.5,5,gnb_1,7,40.598,13920.000000,1988.571429,2086.631288,12.000000,2,2,0
40.6,5,gnb_1,7,40.694,13920.000000,1988.571429,2052.310337,12.000000,2,2,0
40.7,5,gnb_1,7,40.796,13920.000000,1988.571429,2030.001719,12.000000,2,2,0
40.8,5,gnb_1,7,40.898,13920.000000,1988.571429,2015.501118,12.000000,2,2,0
40.9,5,gnb_1,7,40.994,13920.000000,1988.571429,2006.075726,12.000000,2,2,0
41.0,5,gnb_1,7,41.096,13920.000000,1988.571429,1999.949222,12.000000,2,2,0
41.1,5,gnb_1,7,41.198,13920.000000,1988.571429,1995.966994,12.000000,2,2,0
41.2,5,gnb_1,7,41.294,13920.000000,1988.571429,1993.378546,12.000000,2,2,0
41.3,5,gnb_1,7,41.396,13920.000000,1988.571429,1991.696055,12.000000,2,2,0
41.4,5,gnb_1,7,41.498,13920.000000,1988.571429,1990.602436,12.000000,2,2,0
41.5,5,gnb_1,7,41.594,13920.000000,1988.571429,1989.891583,12.000000,2,2,0
41.6,5,gnb_1,7,41.696,13920.000000,1988.571429,1989.429529,12.000000,2,2,0
41.7,5,gnb_1,7,41.798,13920.000000,1988.571429,1989.129194,12.000000,2,2,0
41.8,5,gnb_1,7,41.894,13920.000000,1988.571429,1988.933976,12.000000,2,2,0
41.9,5,gnb_1,7,41.996,13920.000000,1988.571429,1988.807084,12.000000,2,2,0
42.0,5,gnb_1,6,42.098,13920.000000,2320.000000,2104.724605,12.000000,2,2,0
42.1,5,gnb_1,6,42.194,13920.000000,2320.000000,2180.070993,12.000000,2,2,0
42.2,5,gnb_1,6,42.296,13920.000000,2320.000000,2229.046146,12.000000,2,2,0
42.3,5,gnb_1,6,42.398,13920.000000,2320.000000,2260.879995,12.000000,2,2,0
42.4,5,gnb_1,6,42.494,13920.000000,2320.000000,2281.571997,12.000000,2,2,0
42.5,5,gnb_1,6,42.596,13920.000000,2320.000000,2295.021798,12.000000,2,2,0
42.6,5,gnb_1,6,42.698,13920.000000,2320.000000,2303.764169,12.000000,2,2,0
42.7,5,gnb_1,6,42.794,13920.000000,2320.000000,2309.446710,12.000000,2,2,0
42.8,5,gnb_1,6,42.896,13920.000000,2320.000000,2313.140361,12.000000,2,2,0
42.9,5,gnb_1,6,42.998,13920.000000,2320.000000,2315.541235,12.000000,2,2,0
43.0,5,gnb_1,6,43.094,13920.000000,2320.000000,2317.101803,12.000000,2,2,0
43.1,5,gnb_1,6,43.196,13920.000000,2320.000000,2318.116172,12.000000,2,2,0
43.2,5,gnb_1,6,43.298,13920.000000,2320.000000,2318.775512,12.000000,2,2,0
43.3,5,gnb_1,6,43.394,13920.000000,2320.000000,2319.204083,12.000000,2,2,0
43.4,5,gnb_1,6,43.496,13920.000000,2320.000000,2319.482654,12.000000,2,2,0
43.5,5,gnb_1,6,43.598,13920.000000,2320.000000,2319.663725,12.000000,2,2,0
43.6,5,gnb_1,6,43.694,13920.000000,2320.000000,2319.781421,12.000000,2,2,0
43.7,5,gnb_1,6,43.796,13920.000000,2320.000000,2319.857924,12.000000,2,2,0
43.8,5,gnb_1,6,43.898,13920.000000,2320.000000,2319.907650,12.000000,2,2,0
43.9,5,gnb_1,6,43.994,13792.000000,2298.666667,2312.473306,12.000000,2,2,0
44.0,5,gnb_1,6,44.096,13792.000000,2298.666667,2307.640982,12.000000,2,2,0
44.1,5,gnb_1,6,44.198,13792.000000,2298.666667,2304.499972,12.000000,2,2,0
44.2,5,gnb_1,6,44.294,13920.000000,2320.000000,2309.924982,12.000000,2,2,0
44.3,5,gnb_1,6,44.396,13920.000000,2320.000000,2313.451238,12.000000,2,2,0
44.4,5,gnb_1,6,44.498,13920.000000,2320.000000,2315.743305,12.000000,2,2,0
44.5,5,gnb_1,6,44.594,13920.000000,2320.000000,2317.233148,12.000000,2,2,0
44.6,5,gnb_1,6,44.696,13920.000000,2320.000000,2318.201546,12.000000,2,2,0
44.7,5,gnb_1,6,44.798,13920.000000,2320.000000,2318.831005,12.000000,2,2,0
44.8,5,gnb_1,6,44.894,13824.000000,2304.000000,2313.640153,12.000000,2,2,0
44.9,5,gnb_1,6,44.996,13824.000000,2304.000000,2310.266100,12.000000,2,2,0
26.8,6,gnb_2,7,26.894,13920.000000,1988.571429,1093.714286,2.261558,1,1,0
26.9,6,gnb_2,7,26.996,13920.000000,1988.571429,1406.914286,2.523117,1,1,0
27.0,6,gnb_2,6,27.098,13920.000000,2320.000000,1726.494286,2.844935,1,1,0
27.1,6,gnb_2,6,27.194,13920.000000,2320.000000,1934.221286,3.166753,1,1,0
27.2,6,gnb_2,6,27.296,13920.000000,2320.000000,2069.243836,3.488571,1,1,0
27.3,6,gnb_2,6,27.398,13920.000000,2320.000000,2157.008493,3.810390,1,1,0
27.4,6,gnb_2,6,27.494,13920.000000,2320.000000,2214.055521,4.132208,1,2,0
27.5,6,gnb_2,6,27.596,13920.000000,2320.000000,2251.136088,4.186874,2,2,0
27.6,6,gnb_2,6,27.698,13920.000000,2320.000000,2275.238457,4.241541,2,2,0
27.7,6,gnb_2,6,27.794,13920.000000,2320.000000,2290.904997,4.296208,2,2,0
27.8,6,gnb_2,6,27.896,13920.000000,2320.000000,2301.088248,4.350874,2,2,0
27.9,6,gnb_2,6,27.998,13920.000000,2320.000000,2307.707361,4.405541,2,2,0
28.0,6,gnb_2,6,28.094,13920.000000,2320.000000,2312.009785,4.460208,2,2,0
28.1,6,gnb_2,6,28.196,13920.000000,2320.000000,2314.806360,4.514874,2,2,0
28.2,6,gnb_2,6,28.298,13920.000000,2320.000000,2316.624134,4.569541,2,2,0
28.3,6,gnb_2,6,28.394,13920.000000,2320.000000,2317.805687,4.624208,2,2,0
28.4,6,gnb_2,6,28.496,13920.000000,2320.000000,2318.573697,4.678874,2,2,0
28.5,6,gnb_2,6,28.598,13920.000000,2320.000000,2319.072903,4.733541,2,2,0
28.6,6,gnb_2,6,28.694,13920.000000,2320.000000,2319.397387,4.788208,2,2,0
28.7,6,gnb_2,6,28.796,13920.000000,2320.000000,2319.608301,4.842874,2,2,0
28.8,6,gnb_2,6,28.898,13920.000000,2320.000000,2319.745396,4.897541,2,2,0
28.9,6,gnb_2,6,28.994,13920.000000,2320.000000,2319.834507,4.952208,2,2,0
29.0,6,gnb_2,5,29.096,13920.000000,2784.000000,2482.292430,5.037808,2,2,0
29.1,6,gnb_2,5,29.198,13920.000000,2784.000000,2587.890079,5.123408,2,2,0
29.2,6,gnb_2,5,29.294,13920.000000,2784.000000,2656.528552,5.209008,2,2,0
29.3,6,gnb_2,5,29.396,13920.000000,2784.000000,2701.143559,5.294608,2,2,0
29.4,6,gnb_2,5,29.498,13920.000000,2784.000000,2730.143313,5.380208,2,2,0
29.5,6,gnb_2,5,29.594,13920.000000,2784.000000,2748.993153,5.465808,2,2,0
29.6,6,gnb_2,5,29.696,13920.000000,2784.000000,2761.245550,5.551408,2,2,0
29.7,6,gnb_2,5,29.798,13920.000000,2784.000000,2769.209607,5.637008,2,2,0
29.8,6,gnb_2,5,29.894,13920.000000,2784.000000,2774.386245,5.722608,2,2,0
29.9,6,gnb_2,5,29.996,13920.000000,2784.000000,2777.751059,5.808208,2,2,0
30.0,6,gnb_2,5,30.098,13920.000000,2784.000000,2779.938188,5.893808,2,2,0
30.1,6,gnb_2,5,30.194,13920.000000,2784.000000,2781.359822,5.979408,2,2,0
30.2,6,gnb_2,5,30.296,13920.000000,2784.000000,2782.283885,6.065008,2,2,0
30.3,6,gnb_2,5,30.398,13920.000000,2784.000000,2782.884525,6.150608,2,2,0
30.4,6,gnb_2,5,30.494,13920.000000,2784.000000,2783.274941,6.236208,2,2,0
30.5,6,gnb_2,5,30.596,13920.000000,2784.000000,2783.528712,6.321808,2,2,0
30.6,6,gnb_2,5,30.698,13920.000000,2784.000000,2783.693663,6.407408,2,2,0
30.7,6,gnb_2,5,30.794,13920.000000,2784.000000,2783.800881,6.493008,2,2,0
30.8,6,gnb_2,5,30.896,13920.000000,2784.000000,2783.870572,6.578608,2,2,0
30.9,6,gnb_2,5,30.998,13920.000000,2784.000000,2783.915872,6.664208,2,2,0
31.0,6,gnb_2,5,31.094,13568.000000,2713.600000,2759.305317,6.745114,2,2,0
31.1,6,gnb_2,5,31.196,13568.000000,2713.600000,2743.308456,6.826021,2,2,0
31.2,6,gnb_2,5,31.298,13568.000000,2713.600000,2732.910496,6.906928,2,2,0
31.3,6,gnb_2,5,31.394,13568.000000,2713.600000,2726.151823,6.987834,2,2,0
31.4,6,gnb_2,5,31.496,13568.000000,2713.600000,2721.758685,7.068741,2,2,0
31.5,6,gnb_2,5,31.598,13568.000000,2713.600000,2718.903145,7.149648,2,2,0
31.6,6,gnb_2,5,31.694,13568.000000,2713.600000,2717.047044,7.230554,2,2,0
31.7,6,gnb_2,5,31.796,13568.000000,2713.600000,2715.840579,7.311461,2,2,0
31.8,6,gnb_2,5,31.898,13568.000000,2713.600000,2715.056376,7.392368,2,2,0
31.9,6,gnb_2,5,31.994,13568.000000,2713.600000,2714.546645,7.473274,2,2,0
32.0,6,gnb_2,5,32.096,13568.000000,2713.600000,2714.215319,7.554181,2,2,0
32.1,6,gnb_2,5,32.198,13568.000000,2713.600000,2713.999957,7.635088,2,2,0
32.2,6,gnb_2,6,32.294,13568.000000,2261.333333,2555.566639,7.685843,2,2,0
32.3,6,gnb_2,6,32.396,12704.000000,2117.333333,2402.184982,7.726999,2,2,0
32.4,6,gnb_2,6,32.498,12704.000000,2117.333333,2302.486905,7.768154,2,2,0
32.5,6,gnb_2,6,32.594,12704.000000,2117.333333,2237.683155,7.809310,2,2,0
32.6,6,gnb_2,6,32.696,12704.000000,2117.333333,2195.560717,7.850466,2,2,0
32.7,6,gnb_2,6,32.798,12704.000000,2117.333333,2168.181133,7.891621,2,2,0
32.8,6,gnb_2,6,32.894,12704.000000,2117.333333,2150.384403,7.932777,2,2,0
32.9,6,gnb_2,6,32.996,12704.000000,2117.333333,2138.816529,7.973932,2,2,0
33.0,6,gnb_2,6,33.098,12704.000000,2117.333333,2131.297410,8.015088,2,2,0
33.1,6,gnb_2,6,33.194,12704.000000,2117.333333,2126.409983,8.056243,2,2,0
33.2,6,gnb_2,6,33.296,12704.000000,2117.333333,2123.233156,8.097399,2,2,0
33.3,6,gnb_2,6,33.398,12704.000000,2117.333333,2121.168218,8.138554,2,2,0
33.4,6,gnb_2,6,33.494,13568.000000,2261.333333,2170.226008,8.189310,2,2,0
33.5,6,gnb_2,6,33.596,13568.000000,2261.333333,2202.113572,8.240066,2,2,0
33.6,6,gnb_2,6,33.698,13568.000000,2261.333333,2222.840489,8.290821,2,2,0
33.7,6,gnb_2,6,33.794,13568.000000,2261.333333,2236.312984,8.341577,2,2,0
33.8,6,gnb_2,6,33.896,13568.000000,2261.333333,2245.070106,8.392332,2,2,0
33.9,6,gnb_2,6,33.998,13568.000000,2261.333333,2250.762236,8.443088,2,2,0
34.0,6,gnb_2,6,34.094,13568.000000,2261.333333,2254.462120,8.493843,2,2,0
34.1,6,gnb_2,6,34.196,13568.000000,2261.333333,2256.867045,8.544599,2,2,0
34.2,6,gnb_2,6,34.298,13568.000000,2261.333333,2258.430246,8.595354,2,2,0
34.3,6,gnb_2,6,34.394,13568.000000,2261.333333,2259.446326,8.646110,2,2,0
34.4,6,gnb_2,6,34.496,13696.000000,2282.666667,2267.573445,8.698288,2,2,0
34.5,6,gnb_2,6,34.598,13696.000000,2282.666667,2272.856073,8.750466,2,2,0
34.6,6,gnb_2,6,34.694,13696.000000,2282.666667,2276.289781,8.802643,2,2,0
34.7,6,gnb_2,6,34.796,13696.000000,2282.666667,2278.521691,8.854821,2,2,0
34.8,6,gnb_2,6,34.898,13696.000000,2282.666667,2279.972432,8.906999,2,2,0
34.9,6,gnb_2,6,34.994,13696.000000,2282.666667,2280.915414,8.959177,2,2,0
35.0,6,gnb_2,6,35.096,13696.000000,2282.666667,2281.528353,9.011354,2,2,0
35.1,6,gnb_2,6,35.198,13696.000000,2282.666667,2281.926763,9.063532,2,2,0
35.2,6,gnb_2,6,35.294,13696.000000,2282.666667,2282.185729,9.115710,2,2,0
35.3,6,gnb_2,6,35.396,12384.000000,2064.000000,2205.820724,9.153310,2,2,0
35.4,6,gnb_2,6,35.498,12384.000000,2064.000000,2156.183471,9.190910,2,2,0
35.5,6,gnb_2,6,35.594,12384.000000,2064.000000,2123.919256,9.228510,2,2,0
35.6,6,gnb_2,6,35.696,12384.000000,2064.000000,2102.947516,9.266110,2,2,0
35.7,6,gnb_2,6,35.798,12384.000000,2064.000000,2089.315886,9.303710,2,2,0
35.8,6,gnb_2,6,35.894,12384.000000,2064.000000,2080.455326,9.341310,2,2,0
35.9,6,gnb_2,6,35.996,12384.000000,2064.000000,2074.695962,9.378910,2,2,0
36.0,6,gnb_2,6,36.098,12384.000000,2064.000000,2070.952375,9.416510,2,2,0
36.1,6,gnb_2,6,36.194,13728.000000,2288.000000,2146.919044,9.469043,2,2,0
36.2,6,gnb_2,6,36.296,13728.000000,2288.000000,2196.297378,9.521577,2,2,0
36.3,6,gnb_2,6,36.398,13728.000000,2288.000000,2228.393296,9.574110,2,2,0
36.4,6,gnb_2,6,36.494,13728.000000,2288.000000,2249.255642,9.626643,2,2,0
36.5,6,gnb_2,6,36.596,13728.000000,2288.000000,2262.816168,9.679177,2,2,0
36.6,6,gnb_2,6,36.698,13728.000000,2288.000000,2271.630509,9.731710,2,2,0
36.7,6,gnb_2,6,36.794,13728.000000,2288.000000,2277.359831,9.784243,2,2,0
36.8,6,gnb_2,6,36.896,13760.000000,2293.333333,2282.950557,9.837132,2,2,0
36.9,6,gnb_2,6,36.998,13920.000000,2320.000000,2295.917862,9.891799,2,2,0
37.0,6,gnb_2,6,37.094,13920.000000,2320.000000,2304.346610,9.946466,2,2,0
37.1,6,gnb_2,6,37.196,13920.000000,2320.000000,2309.825297,10.001132,2,2,0
37.2,6,gnb_2,6,37.298,13920.000000,2320.000000,2313.386443,10.055799,2,2,0
37.3,6,gnb_2,6,37.394,13920.000000,2320.000000,2315.701188,10.110466,2,2,0
37.4,6,gnb_2,6,37.496,13920.000000,2320.000000,2317.205772,10.165132,2,2,0
37.5,6,gnb_2,6,37.598,13920.000000,2320.000000,2318.183752,10.219799,2,2,0
37.6,6,gnb_2,6,37.694,13664.000000,2277.333333,2303.886105,10.271621,2,2,0
37.7,6,gnb_2,6,37.796,13664.000000,2277.333333,2294.592635,10.323443,2,2,0
37.8,6,gnb_2,6,37.898,13664.000000,2277.333333,2288.551880,10.375266,2,2,0
37.9,6,gnb_2,6,37.994,13664.000000,2277.333333,2284.625388,10.427088,2,2,0
38.0,6,gnb_2,5,38.096,13664.000000,2732.800000,2441.486502,10.509274,2,2,0
38.1,6,gnb_2,5,38.198,13664.000000,2732.800000,2543.446227,10.591461,2,2,0
38.2,6,gnb_2,5,38.294,13664.000000,2732.800000,2609.720047,10.673648,2,2,0
38.3,6,gnb_2,5,38.396,11952.000000,2390.400000,2532.958031,10.733008,2,2,0
38.4,6,gnb_2,5,38.498,11952.000000,2390.400000,2483.062720,10.792368,2,2,0
38.5,6,gnb_2,5,38.594,11952.000000,2390.400000,2450.630768,10.851728,2,2,0
38.6,6,gnb_2,5,38.696,11952.000000,2390.400000,2429.549999,10.911088,2,2,0
38.7,6,gnb_2,5,38.798,11952.000000,2390.400000,2415.847499,10.970448,2,2,0
38.8,6,gnb_2,5,38.894,11952.000000,2390.400000,2406.940875,11.029808,2,2,0
38.9,6,gnb_2,5,38.996,11952.000000,2390.400000,2401.151569,11.089168,2,2,0
39.0,6,gnb_2,5,39.098,11280.000000,2256.000000,2350.348520,11.139568,2,2,0
39.1,6,gnb_2,5,39.194,11280.000000,2256.000000,2317.326538,11.189968,2,2,0
39.2,6,gnb_2,5,39.296,11280.000000,2256.000000,2295.862250,11.240368,2,2,0
39.3,6,gnb_2,5,39.398,11376.000000,2275.200000,2288.630462,11.292048,2,2,0
39.4,6,gnb_2,5,39.494,11376.000000,2275.200000,2283.929800,11.343728,2,2,0
39.5,6,gnb_2,5,39.596,11376.000000,2275.200000,2280.874370,11.395408,2,2,0
39.6,6,gnb_2,5,39.698,12704.000000,2540.800000,2371.848341,11.464794,2,2,0
39.7,6,gnb_2,4,39.794,12704.000000,3176.000000,2653.301421,11.576528,2,2,0
39.8,6,gnb_2,4,39.896,12704.000000,3176.000000,2836.245924,11.688261,2,2,0
39.9,6,gnb_2,4,39.998,12848.000000,3212.000000,2967.759851,11.802394,2,2,0
40.0,6,gnb_2,2,40.094,12848.000000,6424.000000,4177.443903,12.000000,2,3,0
40.1,6,gnb_2,2,40.196,12992.000000,6496.000000,4988.938537,12.000000,3,3,0
40.2,6,gnb_2,2,40.298,11760.000000,5880.000000,5300.810049,12.000000,3,3,0
40.3,6,gnb_2,2,40.394,11760.000000,5880.000000,5503.526532,12.000000,3,3,0
40.4,6,gnb_2,2,40.496,11760.000000,5880.000000,5635.292246,12.000000,3,3,0
40.5,6,gnb_2,2,40.598,11760.000000,5880.000000,5720.939960,12.000000,3,3,0
40.6,6,gnb_2,2,40.694,11760.000000,5880.000000,5776.610974,12.000000,3,3,0
40.7,6,gnb_2,2,40.796,11760.000000,5880.000000,5812.797133,12.000000,3,3,0
40.8,6,gnb_2,2,40.898,13664.000000,6832.000000,6169.518136,12.000000,3,4,0
40.9,6,gnb_2,2,40.994,13664.000000,6832.000000,6401.386789,12.000000,4,4,0
41.0,6,gnb_2,2,41.096,13664.000000,6832.000000,6552.101413,12.000000,4,4,0
41.1,6,gnb_2,2,41.198,13664.000000,6832.000000,6650.065918,12.000000,4,4,0
41.2,6,gnb_2,2,41.294,13664.000000,6832.000000,6713.742847,12.000000,4,4,0
41.3,6,gnb_2,2,41.396,13664.000000,6832.000000,6755.132850,12.000000,4,4,0
41.4,6,gnb_2,2,41.498,11280.000000,5640.000000,6364.836353,11.997241,4,3,0
41.5,6,gnb_2,2,41.594,11280.000000,5640.000000,6111.143629,12.000000,3,3,0
41.6,6,gnb_2,2,41.696,11280.000000,5640.000000,5946.243359,12.000000,3,3,0
41.7,6,gnb_2,2,41.798,11280.000000,5640.000000,5839.058183,12.000000,3,3,0
41.8,6,gnb_2,2,41.894,11280.000000,5640.000000,5769.387819,12.000000,3,3,0
41.9,6,gnb_2,2,41.996,11280.000000,5640.000000,5724.102082,12.000000,3,3,0
42.0,6,gnb_2,3,42.098,13568.000000,4522.666667,5303.599687,12.000000,3,3,0
42.1,6,gnb_2,3,42.194,13568.000000,4522.666667,5030.273130,12.000000,3,3,0
42.2,6,gnb_2,3,42.296,13568.000000,4522.666667,4852.610868,12.000000,3,3,0
42.3,6,gnb_2,3,42.398,13568.000000,4522.666667,4737.130397,12.000000,3,3,0
42.4,6,gnb_2,3,42.494,13568.000000,4522.666667,4662.068092,12.000000,3,3,0
42.5,6,gnb_2,3,42.596,13920.000000,4640.000000,4654.344260,12.000000,3,3,0
42.6,6,gnb_2,3,42.698,13920.000000,4640.000000,4649.323769,12.000000,3,3,0
42.7,6,gnb_2,3,42.794,13920.000000,4640.000000,4646.060450,12.000000,3,3,0
42.8,6,gnb_2,3,42.896,13920.000000,4640.000000,4643.939292,12.000000,3,3,0
42.9,6,gnb_2,3,42.998,13920.000000,4640.000000,4642.560540,12.000000,3,3,0
43.0,6,gnb_2,3,43.094,13920.000000,4640.000000,4641.664351,12.000000,3,3,0
43.1,6,gnb_2,3,43.196,13920.000000,4640.000000,4641.081828,12.000000,3,3,0
43.2,6,gnb_2,3,43.298,13920.000000,4640.000000,4640.703188,12.000000,3,3,0
43.3,6,gnb_2,3,43.394,13920.000000,4640.000000,4640.457072,12.000000,3,3,0
43.4,6,gnb_2,3,43.496,13920.000000,4640.000000,4640.297097,12.000000,3,3,0
43.5,6,gnb_2,3,43.598,13728.000000,4576.000000,4617.793113,12.000000,3,3,0
43.6,6,gnb_2,3,43.694,13728.000000,4576.000000,4603.165524,12.000000,3,3,0
43.7,6,gnb_2,3,43.796,13728.000000,4576.000000,4593.657590,12.000000,3,3,0
43.8,6,gnb_2,3,43.898,13728.000000,4576.000000,4587.477434,12.000000,3,3,0
43.9,6,gnb_2,3,43.994,13728.000000,4576.000000,4583.460332,12.000000,3,3,0
44.0,6,gnb_2,3,44.096,13920.000000,4640.000000,4603.249216,12.000000,3,3,0
44.1,6,gnb_2,3,44.198,13920.000000,4640.000000,4616.111990,12.000000,3,3,0
44.2,6,gnb_2,3,44.294,13920.000000,4640.000000,4624.472794,12.000000,3,3,0
44.3,6,gnb_2,3,44.396,13920.000000,4640.000000,4629.907316,12.000000,3,3,0
44.4,6,gnb_2,3,44.498,13920.000000,4640.000000,4633.439755,12.000000,3,3,0
44.5,6,gnb_2,3,44.594,13920.000000,4640.000000,4635.735841,12.000000,3,3,0
44.6,6,gnb_2,3,44.696,13920.000000,4640.000000,4637.228297,12.000000,3,3,0
44.7,6,gnb_2,3,44.798,13920.000000,4640.000000,4638.198393,12.000000,3,3,0
44.8,6,gnb_2,3,44.894,13920.000000,4640.000000,4638.828955,12.000000,3,3,0
44.9,6,gnb_2,3,44.996,13920.000000,4640.000000,4639.238821,12.000000,3,3,0
32.2,7,gnb_2,6,32.294,13824.000000,2304.000000,1267.200000,2.318909,1,1,0
32.3,7,gnb_2,6,32.396,13824.000000,2304.000000,1630.080000,2.637818,1,1,0
32.4,7,gnb_2,6,32.498,13824.000000,2304.000000,1865.952000,2.956727,1,1,0
32.5,7,gnb_2,6,32.594,13824.000000,2304.000000,2019.268800,3.275636,1,1,0
32.6,7,gnb_2,6,32.696,13824.000000,2304.000000,2118.924720,3.594545,1,1,0
32.7,7,gnb_2,6,32.798,13824.000000,2304.000000,2183.701068,3.913455,1,1,0
32.8,7,gnb_2,6,32.894,13824.000000,2304.000000,2225.805694,4.232364,1,2,0
32.9,7,gnb_2,6,32.996,13824.000000,2304.000000,2253.173701,4.285964,2,2,0
33.0,7,gnb_2,6,33.098,13824.000000,2304.000000,2270.962906,4.339564,2,2,0
33.1,7,gnb_2,6,33.194,13824.000000,2304.000000,2282.525889,4.393164,2,2,0
33.2,7,gnb_2,6,33.296,13824.000000,2304.000000,2290.041828,4.446764,2,2,0
33.3,7,gnb_2,6,33.398,13824.000000,2304.000000,2294.927188,4.500364,2,2,0
33.4,7,gnb_2,6,33.494,13824.000000,2304.000000,2298.102672,4.553964,2,2,0
33.5,7,gnb_2,6,33.596,13824.000000,2304.000000,2300.166737,4.607564,2,2,0
33.6,7,gnb_2,6,33.698,13824.000000,2304.000000,2301.508379,4.661164,2,2,0
33.7,7,gnb_2,6,33.794,13824.000000,2304.000000,2302.380446,4.714764,2,2,0
33.8,7,gnb_2,6,33.896,13824.000000,2304.000000,2302.947290,4.768364,2,2,0
33.9,7,gnb_2,6,33.998,13824.000000,2304.000000,2303.315739,4.821964,2,2,0
34.0,7,gnb_2,6,34.094,13824.000000,2304.000000,2303.555230,4.875564,2,2,0
34.1,7,gnb_2,6,34.196,13824.000000,2304.000000,2303.710900,4.929164,2,2,0
34.2,7,gnb_2,6,34.298,13488.000000,2248.000000,2284.212085,4.979030,2,2,0
34.3,7,gnb_2,6,34.394,13488.000000,2248.000000,2271.537855,5.028897,2,2,0
34.4,7,gnb_2,6,34.496,13488.000000,2248.000000,2263.299606,5.078764,2,2,0
34.5,7,gnb_2,6,34.598,13488.000000,2248.000000,2257.944744,5.128630,2,2,0
34.6,7,gnb_2,6,34.694,13488.000000,2248.000000,2254.464083,5.178497,2,2,0
34.7,7,gnb_2,6,34.796,13488.000000,2248.000000,2252.201654,5.228364,2,2,0
34.8,7,gnb_2,6,34.898,13488.000000,2248.000000,2250.731075,5.278230,2,2,0
34.9,7,gnb_2,6,34.994,13488.000000,2248.000000,2249.775199,5.328097,2,2,0
35.0,7,gnb_2,6,35.096,13488.000000,2248.000000,2249.153879,5.377964,2,2,0
35.1,7,gnb_2,6,35.198,13488.000000,2248.000000,2248.750022,5.427830,2,2,0
35.2,7,gnb_2,6,35.294,13488.000000,2248.000000,2248.487514,5.477697,2,2,0
35.3,7,gnb_2,6,35.396,13488.000000,2248.000000,2248.316884,5.527564,2,2,0
35.4,7,gnb_2,6,35.498,13488.000000,2248.000000,2248.205975,5.577430,2,2,0
35.5,7,gnb_2,6,35.594,13824.000000,2304.000000,2267.733884,5.631030,2,2,0
35.6,7,gnb_2,6,35.696,13824.000000,2304.000000,2280.427024,5.684630,2,2,0
35.7,7,gnb_2,6,35.798,13824.000000,2304.000000,2288.677566,5.738230,2,2,0
35.8,7,gnb_2,6,35.894,13824.000000,2304.000000,2294.040418,5.791830,2,2,0
35.9,7,gnb_2,6,35.996,13824.000000,2304.000000,2297.526272,5.845430,2,2,0
36.0,7,gnb_2,6,36.098,13824.000000,2304.000000,2299.792077,5.899030,2,2,0
36.1,7,gnb_2,6,36.194,13824.000000,2304.000000,2301.264850,5.952630,2,2,0
36.2,7,gnb_2,6,36.296,13824.000000,2304.000000,2302.222152,6.006230,2,2,0
36.3,7,gnb_2,6,36.398,13824.000000,2304.000000,2302.844399,6.059830,2,2,0
36.4,7,gnb_2,6,36.494,13824.000000,2304.000000,2303.248859,6.113430,2,2,0
36.5,7,gnb_2,6,36.596,13824.000000,2304.000000,2303.511759,6.167030,2,2,0
36.6,7,gnb_2,6,36.698,13824.000000,2304.000000,2303.682643,6.220630,2,2,0
36.7,7,gnb_2,6,36.794,13824.000000,2304.000000,2303.793718,6.274230,2,2,0
36.8,7,gnb_2,6,36.896,13824.000000,2304.000000,2303.865917,6.327830,2,2,0
36.9,7,gnb_2,6,36.998,13824.000000,2304.000000,2303.912846,6.381430,2,2,0
37.0,7,gnb_2,6,37.094,13824.000000,2304.000000,2303.943350,6.435030,2,2,0
37.1,7,gnb_2,6,37.196,13824.000000,2304.000000,2303.963177,6.488630,2,2,0
37.2,7,gnb_2,6,37.298,13824.000000,2304.000000,2303.976065,6.542230,2,2,0
37.3,7,gnb_2,6,37.394,13824.000000,2304.000000,2303.984442,6.595830,2,2,0
37.4,7,gnb_2,6,37.496,13824.000000,2304.000000,2303.989888,6.649430,2,2,0
37.5,7,gnb_2,6,37.598,12816.000000,2136.000000,2245.193427,6.691830,2,2,0
37.6,7,gnb_2,6,37.694,12816.000000,2136.000000,2206.975728,6.734230,2,2,0
37.7,7,gnb_2,6,37.796,12816.000000,2136.000000,2182.134223,6.776630,2,2,0
37.8,7,gnb_2,6,37.898,12816.000000,2136.000000,2165.987245,6.819030,2,2,0
37.9,7,gnb_2,6,37.994,12816.000000,2136.000000,2155.491709,6.861430,2,2,0
38.0,7,gnb_2,5,38.096,12816.000000,2563.200000,2298.189611,6.932310,2,2,0
38.1,7,gnb_2,5,38.198,12816.000000,2563.200000,2390.943247,7.003190,2,2,0
38.2,7,gnb_2,5,38.294,13824.000000,2764.800000,2521.793111,7.087510,2,2,0
38.3,7,gnb_2,5,38.396,13824.000000,2764.800000,2606.845522,7.171830,2,2,0
38.4,7,gnb_2,5,38.498,13824.000000,2764.800000,2662.129589,7.256150,2,2,0
38.5,7,gnb_2,5,38.594,13824.000000,2764.800000,2698.064233,7.340470,2,2,0
38.6,7,gnb_2,5,38.696,13824.000000,2764.800000,2721.421751,7.424790,2,2,0
38.7,7,gnb_2,5,38.798,13824.000000,2764.800000,2736.604138,7.509110,2,2,0
38.8,7,gnb_2,5,38.894,13824.000000,2764.800000,2746.472690,7.593430,2,2,0
38.9,7,gnb_2,5,38.996,13824.000000,2764.800000,2752.887248,7.677750,2,2,0
39.0,7,gnb_2,5,39.098,13824.000000,2764.800000,2757.056712,7.762070,2,2,0
39.1,7,gnb_2,5,39.194,13824.000000,2764.800000,2759.766862,7.846390,2,2,0
39.2,7,gnb_2,5,39.296,13824.000000,2764.800000,2761.528461,7.930710,2,2,0
39.3,7,gnb_2,5,39.398,13824.000000,2764.800000,2762.673499,8.015030,2,2,0
39.4,7,gnb_2,5,39.494,13824.000000,2764.800000,2763.417775,8.099350,2,2,0
39.5,7,gnb_2,5,39.596,13760.000000,2752.000000,2759.421553,8.182817,2,2,0
39.6,7,gnb_2,5,39.698,13760.000000,2752.000000,2756.824010,8.266284,2,2,0
39.7,7,gnb_2,4,39.794,13760.000000,3440.000000,2995.935606,8.395617,2,2,0
39.8,7,gnb_2,4,39.896,13760.000000,3440.000000,3151.358144,8.524950,2,3,0
39.9,7,gnb_2,4,39.998,13760.000000,3440.000000,3252.382794,8.539617,3,3,0
40.0,7,gnb_2,2,40.094,13760.000000,6880.000000,4522.048816,8.668950,3,3,0
40.1,7,gnb_2,2,40.196,13920.000000,6960.000000,5375.331730,8.800950,3,3,0
40.2,7,gnb_2,2,40.298,13920.000000,6960.000000,5929.965625,8.932950,3,3,0
40.3,7,gnb_2,2,40.394,13920.000000,6960.000000,6290.477656,9.064950,3,4,0
40.4,7,gnb_2,2,40.496,13920.000000,6960.000000,6524.810476,9.084950,4,4,0
40.5,7,gnb_2,2,40.598,13920.000000,6960.000000,6677.126810,9.104950,4,4,0
40.6,7,gnb_2,2,40.694,13920.000000,6960.000000,6776.132426,9.124950,4,4,0
40.7,7,gnb_2,2,40.796,13824.000000,6912.000000,6823.686077,9.144123,4,4,0
40.8,7,gnb_2,2,40.898,13888.000000,6944.000000,6865.795950,9.163847,4,4,0
40.9,7,gnb_2,2,40.994,13888.000000,6944.000000,6893.167368,9.183571,4,4,0
41.0,7,gnb_2,2,41.096,13888.000000,6944.000000,6910.958789,9.203295,4,4,0
41.1,7,gnb_2,2,41.198,13888.000000,6944.000000,6922.523213,9.223019,4,4,0
41.2,7,gnb_2,2,41.294,13824.000000,6912.000000,6918.840088,9.242192,4,4,0
41.3,7,gnb_2,2,41.396,13824.000000,6912.000000,6916.446057,9.261364,4,4,0
41.4,7,gnb_2,2,41.498,13824.000000,6912.000000,6914.889937,9.280537,4,4,0
41.5,7,gnb_2,2,41.594,13824.000000,6912.000000,6913.878459,9.299709,4,4,0
41.6,7,gnb_2,2,41.696,13824.000000,6912.000000,6913.220999,9.318881,4,4,0
41.7,7,gnb_2,2,41.798,13200.000000,6600.000000,6803.593649,9.332674,4,4,0
41.8,7,gnb_2,2,41.894,13200.000000,6600.000000,6732.335872,9.346468,4,4,0
41.9,7,gnb_2,2,41.996,13200.000000,6600.000000,6686.018317,9.360261,4,4,0
42.0,7,gnb_2,3,42.098,13200.000000,4400.000000,5885.911906,9.336123,4,3,0
42.1,7,gnb_2,3,42.194,13200.000000,4400.000000,5365.842739,9.382789,3,3,0
42.2,7,gnb_2,3,42.296,13792.000000,4597.333333,5096.864447,9.436034,3,3,0
42.3,7,gnb_2,3,42.398,13792.000000,4597.333333,4922.028557,9.489278,3,3,0
42.4,7,gnb_2,3,42.494,13792.000000,4597.333333,4808.385229,9.542523,3,3,0
42.5,7,gnb_2,3,42.596,13792.000000,4597.333333,4734.517065,9.595767,3,3,0
42.6,7,gnb_2,3,42.698,13792.000000,4597.333333,4686.502759,9.649012,3,3,0
42.7,7,gnb_2,3,42.794,13920.000000,4640.000000,4670.226793,9.703678,3,3,0
42.8,7,gnb_2,3,42.896,13920.000000,4640.000000,4659.647416,9.758345,3,3,0
42.9,7,gnb_2,3,42.998,13920.000000,4640.000000,4652.770820,9.813012,3,3,0
43.0,7,gnb_2,3,43.094,13920.000000,4640.000000,4648.301033,9.867678,3,3,0
43.1,7,gnb_2,3,43.196,13920.000000,4640.000000,4645.395672,9.922345,3,3,0
43.2,7,gnb_2,3,43.298,13920.000000,4640.000000,4643.507187,9.977012,3,3,0
43.3,7,gnb_2,3,43.394,13920.000000,4640.000000,4642.279671,10.031678,3,3,0
43.4,7,gnb_2,3,43.496,13920.000000,4640.000000,4641.481786,10.086345,3,3,0
43.5,7,gnb_2,3,43.598,13920.000000,4640.000000,4640.963161,10.141012,3,3,0
43.6,7,gnb_2,3,43.694,13920.000000,4640.000000,4640.626055,10.195678,3,3,0
43.7,7,gnb_2,3,43.796,13920.000000,4640.000000,4640.406936,10.250345,3,3,0
43.8,7,gnb_2,3,43.898,13920.000000,4640.000000,4640.264508,10.305012,3,3,0
43.9,7,gnb_2,3,43.994,13920.000000,4640.000000,4640.171930,10.359678,3,3,0
44.0,7,gnb_2,3,44.096,13920.000000,4640.000000,4640.111755,10.414345,3,3,0
44.1,7,gnb_2,3,44.198,13920.000000,4640.000000,4640.072641,10.469012,3,3,0
44.2,7,gnb_2,3,44.294,13760.000000,4586.666667,4621.380550,10.521900,3,3,0
44.3,7,gnb_2,3,44.396,13760.000000,4586.666667,4609.230691,10.574789,3,3,0
44.4,7,gnb_2,3,44.498,13760.000000,4586.666667,4601.333282,10.627678,3,3,0
44.5,7,gnb_2,3,44.594,13760.000000,4586.666667,4596.199967,10.680567,3,3,0
44.6,7,gnb_2,3,44.696,13760.000000,4586.666667,4592.863312,10.733456,3,3,0
44.7,7,gnb_2,3,44.798,13824.000000,4608.000000,4598.161153,10.787056,3,3,0
44.8,7,gnb_2,3,44.894,13824.000000,4608.000000,4601.604749,10.840656,3,3,0
44.9,7,gnb_2,3,44.996,13824.000000,4608.000000,4603.843087,10.894256,3,3,0
