scenario_id,timestamp_s,ue_id_a,ue_id_b,cqi_a,cqi_b,cqi_gap,mean_profile_gap_kbps,max_profile_gap_kbps,ambiguous_pair
simu5g_00000034,3.9,0,16,15,15,0.000000,3.840000,32.000000,1
simu5g_00000036,4.0,0,16,15,15,0.000000,3.840000,32.000000,1
simu5g_00000038,4.1,0,16,15,15,0.000000,3.840000,32.000000,1
simu5g_00000040,4.2,0,16,15,15,0.000000,3.840000,32.000000,1
simu5g_00000042,4.3,0,16,15,15,0.000000,2.560000,32.000000,1
simu5g_00000044,4.4,0,16,15,15,0.000000,2.560000,32.000000,1
simu5g_00000046,4.5,0,16,15,15,0.000000,2.560000,32.000000,1
simu5g_00000048,4.6,0,16,15,15,0.000000,2.560000,32.000000,1
simu5g_00000050,4.7,0,16,15,15,0.000000,2.560000,32.000000,1
simu5g_00000051,4.8,11,23,14,15,1.000000,69.120000,352.000000,0
simu5g_00000052,4.8,0,16,15,15,0.000000,2.560000,32.000000,1
simu5g_00000053,4.9,11,23,14,15,1.000000,69.120000,352.000000,0
simu5g_00000054,4.9,0,16,15,15,0.000000,2.560000,32.000000,1
simu5g_00000055,5.0,11,23,14,15,1.000000,69.120000,352.000000,0
simu5g_00000056,5.0,0,16,15,15,0.000000,2.560000,32.000000,1
simu5g_00000057,5.1,11,23,14,15,1.000000,69.120000,352.000000,0
simu5g_00000058,5.1,0,16,15,15,0.000000,2.560000,32.000000,1
simu5g_00000059,5.2,11,23,14,15,1.000000,69.120000,352.000000,0
simu5g_00000060,5.2,0,16,15,15,0.000000,2.560000,32.000000,1
simu5g_00000061,5.3,11,23,14,15,1.000000,69.120000,352.000000,0
simu5g_00000062,5.3,0,16,15,15,0.000000,2.560000,32.000000,1
simu5g_00000063,5.4,11,23,14,15,1.000000,69.120000,352.000000,0
simu5g_00000064,5.4,0,16,15,15,0.000000,2.560000,32.000000,1
simu5g_00000065,5.5,11,23,14,15,1.000000,69.120000,352.000000,0
simu5g_00000066,5.5,0,16,15,15,0.000000,2.560000,32.000000,1
simu5g_00000067,5.6,11,23,14,15,1.000000,69.120000,352.000000,0
simu5g_00000068,5.6,0,16,15,15,0.000000,32.640000,272.000000,1
simu5g_00000069,5.7,11,23,14,15,1.000000,65.920000,352.000000,0
simu5g_00000070,5.7,0,16,15,15,0.000000,32.640000,272.000000,1
simu5g_00000071,5.8,11,23,14,15,1.000000,65.920000,352.000000,0
simu5g_00000072,5.8,0,1,15,14,1.000000,95.360000,696.000000,0
simu5g_00000072,5.8,0,16,15,15,0.000000,32.640000,272.000000,1
simu5g_00000072,5.8,1,16,14,15,1.000000,92.160000,728.000000,0
simu5g_00000073,5.9,11,23,15,15,0.000000,24.960000,176.000000,1
simu5g_00000074,5.9,0,1,15,14,1.000000,95.360000,696.000000,0
simu5g_00000074,5.9,0,16,15,15,0.000000,32.640000,272.000000,1
simu5g_00000074,5.9,1,16,14,15,1.000000,92.160000,728.000000,0
simu5g_00000075,6.0,11,23,15,15,0.000000,24.960000,176.000000,1
simu5g_00000076,6.0,0,1,15,14,1.000000,95.360000,696.000000,0
simu5g_00000076,6.0,0,16,15,15,0.000000,32.640000,272.000000,1
simu5g_00000076,6.0,1,16,14,15,1.000000,92.160000,728.000000,0
simu5g_00000077,6.1,11,23,15,15,0.000000,24.960000,176.000000,1
simu5g_00000078,6.1,0,1,15,14,1.000000,95.360000,696.000000,0
simu5g_00000078,6.1,0,16,15,15,0.000000,32.640000,272.000000,1
simu5g_00000078,6.1,1,16,14,15,1.000000,92.160000,728.000000,0
simu5g_00000079,6.2,11,23,15,15,0.000000,24.960000,176.000000,1
simu5g_00000080,6.2,0,1,15,14,1.000000,95.360000,696.000000,0
simu5g_00000080,6.2,0,16,15,15,0.000000,32.640000,272.000000,1
simu5g_00000080,6.2,1,16,14,15,1.000000,92.160000,728.000000,0
simu5g_00000081,6.3,11,23,15,15,0.000000,24.960000,176.000000,1
simu5g_00000082,6.3,0,1,15,14,1.000000,91.520000,696.000000,0
simu5g_00000082,6.3,0,16,15,15,0.000000,28.800000,272.000000,1
simu5g_00000082,6.3,1,16,14,15,1.000000,92.160000,728.000000,0
simu5g_00000083,6.4,11,23,15,15,0.000000,24.960000,176.000000,1
simu5g_00000084,6.4,0,1,15,14,1.000000,91.520000,696.000000,0
simu5g_00000084,6.4,0,16,15,15,0.000000,28.800000,272.000000,1
simu5g_00000084,6.4,1,16,14,15,1.000000,92.160000,728.000000,0
simu5g_00000085,6.5,11,23,15,15,0.000000,24.960000,176.000000,1
simu5g_00000086,6.5,0,1,15,14,1.000000,91.520000,696.000000,0
simu5g_00000086,6.5,0,16,15,15,0.000000,28.800000,272.000000,1
simu5g_00000086,6.5,1,16,14,15,1.000000,92.160000,728.000000,0
simu5g_00000087,6.6,11,23,15,15,0.000000,24.960000,176.000000,1
simu5g_00000088,6.6,0,1,15,14,1.000000,91.520000,696.000000,0
simu5g_00000088,6.6,0,16,15,15,0.000000,28.800000,272.000000,1
simu5g_00000088,6.6,1,16,14,15,1.000000,92.160000,728.000000,0
simu5g_00000089,6.7,11,23,15,15,0.000000,24.960000,176.000000,1
simu5g_00000090,6.7,0,1,14,14,0.000000,112.640000,600.000000,1
simu5g_00000090,6.7,0,16,14,15,1.000000,71.680000,456.000000,0
simu5g_00000090,6.7,1,16,14,15,1.000000,92.160000,728.000000,0
simu5g_00000091,6.8,11,23,15,15,0.000000,24.960000,176.000000,1
simu5g_00000092,6.8,0,1,14,14,0.000000,112.640000,600.000000,1
simu5g_00000092,6.8,0,16,14,15,1.000000,71.680000,456.000000,0
simu5g_00000092,6.8,1,16,14,15,1.000000,92.160000,728.000000,0
simu5g_00000093,6.9,11,23,15,15,0.000000,23.680000,176.000000,1
simu5g_00000094,6.9,0,1,14,14,0.000000,112.640000,600.000000,1
simu5g_00000094,6.9,0,16,14,15,1.000000,71.680000,456.000000,0
simu5g_00000094,6.9,1,16,14,15,1.000000,92.160000,728.000000,0
simu5g_00000095,7.0,11,23,15,15,0.000000,23.680000,176.000000,1
simu5g_00000096,7.0,0,1,14,14,0.000000,112.640000,600.000000,1
simu5g_00000096,7.0,0,16,14,15,1.000000,71.680000,456.000000,0
simu5g_00000096,7.0,1,16,14,15,1.000000,92.160000,728.000000,0
simu5g_00000097,7.1,11,23,15,15,0.000000,23.680000,176.000000,1
simu5g_00000098,7.1,0,1,14,14,0.000000,112.640000,600.000000,1
simu5g_00000098,7.1,0,16,14,15,1.000000,71.680000,456.000000,0
simu5g_00000098,7.1,1,16,14,15,1.000000,92.160000,728.000000,0
simu5g_00000099,7.2,11,23,15,15,0.000000,23.680000,176.000000,1
simu5g_00000100,7.2,0,1,14,14,0.000000,112.640000,600.000000,1
simu5g_00000100,7.2,0,16,14,15,1.000000,71.680000,456.000000,0
simu5g_00000100,7.2,1,16,14,15,1.000000,92.160000,728.000000,0
simu5g_00000101,7.3,11,23,15,15,0.000000,23.680000,176.000000,1
simu5g_00000102,7.3,0,1,14,14,0.000000,112.640000,600.000000,1
simu5g_00000102,7.3,0,16,14,15,1.000000,71.680000,456.000000,0
simu5g_00000102,7.3,1,16,14,15,1.000000,92.160000,728.000000,0
simu5g_00000103,7.4,11,23,15,15,0.000000,23.680000,176.000000,1
simu5g_00000104,7.4,0,1,14,14,0.000000,112.640000,600.000000,1
simu5g_00000104,7.4,0,16,14,15,1.000000,71.680000,456.000000,0
simu5g_00000104,7.4,1,16,14,15,1.000000,92.160000,728.000000,0
simu5g_00000105,7.5,11,23,15,15,0.000000,5.120000,32.000000,1
simu5g_00000106,7.5,0,1,14,14,0.000000,108.480000,600.000000,1
simu5g_00000106,7.5,0,16,14,15,1.000000,67.520000,456.000000,0
simu5g_00000106,7.5,1,16,14,15,1.000000,92.160000,728.000000,0
simu5g_00000107,7.6,11,23,15,15,0.000000,5.120000,32.000000,1
simu5g_00000108,7.6,0,1,14,14,0.000000,107.200000,600.000000,1
simu5g_00000108,7.6,0,16,14,15,1.000000,66.240000,456.000000,0
simu5g_00000108,7.6,1,16,14,15,1.000000,92.160000,728.000000,0
simu5g_00000109,7.7,11,23,15,15,0.000000,5.120000,32.000000,1
simu5g_00000110,7.7,0,1,14,14,0.000000,99.200000,600.000000,1
simu5g_00000110,7.7,0,16,14,15,1.000000,55.680000,352.000000,0
simu5g_00000110,7.7,1,16,14,15,1.000000,92.160000,728.000000,0
simu5g_00000111,7.8,11,23,15,15,0.000000,5.120000,32.000000,1
simu5g_00000112,7.8,0,1,14,14,0.000000,99.200000,600.000000,1
simu5g_00000112,7.8,0,16,14,15,1.000000,55.680000,352.000000,0
simu5g_00000112,7.8,1,16,14,15,1.000000,92.160000,728.000000,0
simu5g_00000113,7.9,11,23,15,15,0.000000,5.120000,32.000000,1
simu5g_00000114,7.9,0,1,14,14,0.000000,99.200000,600.000000,1
simu5g_00000114,7.9,0,16,14,15,1.000000,55.680000,352.000000,0
simu5g_00000114,7.9,1,16,14,15,1.000000,92.160000,728.000000,0
simu5g_00000115,8.0,11,23,15,15,0.000000,5.120000,32.000000,1
simu5g_00000116,8.0,0,1,14,14,0.000000,77.440000,520.000000,1
simu5g_00000116,8.0,0,16,14,15,1.000000,55.680000,352.000000,0
simu5g_00000116,8.0,1,16,14,15,1.000000,57.600000,552.000000,0
simu5g_00000117,8.1,11,23,15,15,0.000000,5.120000,32.000000,1
simu5g_00000118,8.1,0,1,14,14,0.000000,77.440000,520.000000,1
simu5g_00000118,8.1,0,16,14,15,1.000000,55.680000,352.000000,0
simu5g_00000118,8.1,1,16,14,15,1.000000,57.600000,552.000000,0
simu5g_00000119,8.2,11,23,15,15,0.000000,5.120000,32.000000,1
simu5g_00000120,8.2,0,1,14,14,0.000000,77.440000,520.000000,1
simu5g_00000120,8.2,0,16,14,15,1.000000,55.680000,352.000000,0
simu5g_00000120,8.2,1,16,14,15,1.000000,57.600000,552.000000,0
simu5g_00000121,8.3,11,23,15,15,0.000000,3.840000,32.000000,1
simu5g_00000122,8.3,0,1,14,14,0.000000,77.440000,520.000000,1
simu5g_00000122,8.3,0,16,14,15,1.000000,55.680000,352.000000,0
simu5g_00000122,8.3,1,16,14,15,1.000000,57.600000,552.000000,0
simu5g_00000123,8.4,11,23,15,15,0.000000,3.840000,32.000000,1
simu5g_00000124,8.4,0,1,14,14,0.000000,77.440000,520.000000,1
simu5g_00000124,8.4,0,16,14,15,1.000000,55.680000,352.000000,0
simu5g_00000124,8.4,1,16,14,15,1.000000,57.600000,552.000000,0
simu5g_00000125,8.5,11,23,15,15,0.000000,3.840000,32.000000,1
simu5g_00000126,8.5,0,1,14,14,0.000000,77.440000,520.000000,1
simu5g_00000126,8.5,0,16,14,15,1.000000,55.680000,352.000000,0
simu5g_00000126,8.5,1,16,14,15,1.000000,57.600000,552.000000,0
simu5g_00000127,8.6,11,23,15,15,0.000000,5.120000,32.000000,1
simu5g_00000128,8.6,0,1,15,14,1.000000,57.600000,552.000000,0
simu5g_00000128,8.6,0,16,15,15,0.000000,0.000000,0.000000,0
simu5g_00000128,8.6,1,16,14,15,1.000000,57.600000,552.000000,0
simu5g_00000129,8.7,11,23,15,15,0.000000,5.120000,32.000000,1
simu5g_00000130,8.7,0,1,15,14,1.000000,57.600000,552.000000,0
simu5g_00000130,8.7,0,16,15,15,0.000000,0.000000,0.000000,0
simu5g_00000130,8.7,1,16,14,15,1.000000,57.600000,552.000000,0
simu5g_00000131,8.8,11,23,15,15,0.000000,5.120000,32.000000,1
simu5g_00000132,8.8,0,1,15,14,1.000000,57.600000,552.000000,0
simu5g_00000132,8.8,0,16,15,15,0.000000,0.000000,0.000000,0
simu5g_00000132,8.8,1,16,14,15,1.000000,57.600000,552.000000,0
simu5g_00000133,8.9,11,23,15,15,0.000000,5.120000,32.000000,1
simu5g_00000134,8.9,0,1,15,14,1.000000,57.600000,552.000000,0
simu5g_00000134,8.9,0,16,15,15,0.000000,0.000000,0.000000,0
simu5g_00000134,8.9,1,16,14,15,1.000000,57.600000,552.000000,0
simu5g_00000135,9.0,11,23,15,15,0.000000,5.120000,32.000000,1
simu5g_00000136,9.0,0,1,15,14,1.000000,57.600000,552.000000,0
simu5g_00000136,9.0,0,16,15,15,0.000000,0.000000,0.000000,0
simu5g_00000136,9.0,1,16,14,15,1.000000,57.600000,552.000000,0
simu5g_00000137,9.1,11,23,15,15,0.000000,5.120000,32.000000,1
simu5g_00000138,9.1,0,1,15,14,1.000000,57.600000,552.000000,0
simu5g_00000138,9.1,0,16,15,15,0.000000,0.000000,0.000000,0
simu5g_00000138,9.1,1,16,14,15,1.000000,57.600000,552.000000,0
simu5g_00000139,9.2,11,23,15,15,0.000000,5.120000,32.000000,1
simu5g_00000140,9.2,0,1,15,14,1.000000,57.600000,552.000000,0
simu5g_00000140,9.2,0,16,15,15,0.000000,0.000000,0.000000,0
simu5g_00000140,9.2,0,17,15,15,0.000000,38.720000,552.000000,1
simu5g_00000140,9.2,1,16,14,15,1.000000,57.600000,552.000000,0
simu5g_00000140,9.2,1,17,14,15,1.000000,96.320000,552.000000,0
simu5g_00000140,9.2,16,17,15,15,0.000000,38.720000,552.000000,1
simu5g_00000141,9.3,11,23,15,15,0.000000,5.120000,32.000000,1
simu5g_00000142,9.3,0,1,15,14,1.000000,57.600000,552.000000,0
simu5g_00000142,9.3,0,16,15,15,0.000000,0.000000,0.000000,0
simu5g_00000142,9.3,0,17,15,15,0.000000,38.720000,552.000000,1
simu5g_00000142,9.3,1,16,14,15,1.000000,57.600000,552.000000,0
simu5g_00000142,9.3,1,17,14,15,1.000000,96.320000,552.000000,0
simu5g_00000142,9.3,16,17,15,15,0.000000,38.720000,552.000000,1
simu5g_00000143,9.4,11,23,15,15,0.000000,5.120000,32.000000,1
simu5g_00000144,9.4,0,1,15,14,1.000000,57.600000,552.000000,0
simu5g_00000144,9.4,0,16,15,15,0.000000,0.000000,0.000000,0
simu5g_00000144,9.4,0,17,15,15,0.000000,38.720000,552.000000,1
simu5g_00000144,9.4,1,16,14,15,1.000000,57.600000,552.000000,0
simu5g_00000144,9.4,1,17,14,15,1.000000,96.320000,552.000000,0
simu5g_00000144,9.4,16,17,15,15,0.000000,38.720000,552.000000,1
simu5g_00000145,9.5,11,23,15,15,0.000000,5.120000,32.000000,1
simu5g_00000146,9.5,0,1,15,14,1.000000,57.600000,552.000000,0
simu5g_00000146,9.5,0,16,15,15,0.000000,2.560000,32.000000,1
simu5g_00000146,9.5,0,17,15,15,0.000000,41.280000,552.000000,1
simu5g_00000146,9.5,1,16,14,15,1.000000,57.600000,552.000000,0
simu5g_00000146,9.5,1,17,14,15,1.000000,96.320000,552.000000,0
simu5g_00000146,9.5,16,17,15,15,0.000000,38.720000,552.000000,1
simu5g_00000147,9.6,11,23,15,15,0.000000,5.120000,32.000000,1
simu5g_00000148,9.6,0,1,15,14,1.000000,57.600000,552.000000,0
simu5g_00000148,9.6,0,16,15,15,0.000000,2.560000,32.000000,1
simu5g_00000148,9.6,0,17,15,15,0.000000,41.280000,552.000000,1
simu5g_00000148,9.6,1,16,14,15,1.000000,57.600000,552.000000,0
simu5g_00000148,9.6,1,17,14,15,1.000000,96.320000,552.000000,0
simu5g_00000148,9.6,16,17,15,15,0.000000,38.720000,552.000000,1
simu5g_00000149,9.7,11,23,15,15,0.000000,5.120000,32.000000,1
simu5g_00000150,9.7,0,1,15,14,1.000000,58.880000,552.000000,0
simu5g_00000150,9.7,0,16,15,15,0.000000,2.560000,32.000000,1
simu5g_00000150,9.7,0,17,15,15,0.000000,41.280000,552.000000,1
simu5g_00000150,9.7,1,16,14,15,1.000000,58.880000,552.000000,0
simu5g_00000150,9.7,1,17,14,15,1.000000,97.600000,552.000000,0
simu5g_00000150,9.7,16,17,15,15,0.000000,38.720000,552.000000,1
simu5g_00000151,9.8,11,23,15,15,0.000000,5.120000,32.000000,1
simu5g_00000152,9.8,0,1,15,14,1.000000,58.880000,552.000000,0
simu5g_00000152,9.8,0,16,15,15,0.000000,2.560000,32.000000,1
simu5g_00000152,9.8,0,17,15,15,0.000000,41.280000,552.000000,1
simu5g_00000152,9.8,1,16,14,15,1.000000,58.880000,552.000000,0
simu5g_00000152,9.8,1,17,14,15,1.000000,97.600000,552.000000,0
simu5g_00000152,9.8,16,17,15,15,0.000000,38.720000,552.000000,1
simu5g_00000153,9.9,11,23,15,15,0.000000,19.200000,176.000000,1
simu5g_00000154,9.9,0,1,15,14,1.000000,58.880000,552.000000,0
simu5g_00000154,9.9,0,16,15,15,0.000000,2.560000,32.000000,1
simu5g_00000154,9.9,0,17,15,15,0.000000,41.280000,552.000000,1
simu5g_00000154,9.9,1,16,14,15,1.000000,58.880000,552.000000,0
simu5g_00000154,9.9,1,17,14,15,1.000000,97.600000,552.000000,0
simu5g_00000154,9.9,16,17,15,15,0.000000,38.720000,552.000000,1
simu5g_00000155,10.0,11,23,15,15,0.000000,19.200000,176.000000,1
simu5g_00000156,10.0,0,1,15,14,1.000000,58.880000,552.000000,0
simu5g_00000156,10.0,0,16,15,15,0.000000,2.560000,32.000000,1
simu5g_00000156,10.0,0,17,15,15,0.000000,41.280000,552.000000,1
simu5g_00000156,10.0,1,16,14,15,1.000000,58.880000,552.000000,0
simu5g_00000156,10.0,1,17,14,15,1.000000,97.600000,552.000000,0
simu5g_00000156,10.0,16,17,15,15,0.000000,38.720000,552.000000,1
simu5g_00000157,10.1,11,23,15,15,0.000000,19.200000,176.000000,1
simu5g_00000158,10.1,0,1,15,14,1.000000,58.880000,552.000000,0
simu5g_00000158,10.1,0,16,15,15,0.000000,2.560000,32.000000,1
simu5g_00000158,10.1,0,17,15,15,0.000000,41.280000,552.000000,1
simu5g_00000158,10.1,1,16,14,15,1.000000,58.880000,552.000000,0
simu5g_00000158,10.1,1,17,14,15,1.000000,97.600000,552.000000,0
simu5g_00000158,10.1,16,17,15,15,0.000000,38.720000,552.000000,1
simu5g_00000159,10.2,11,23,15,15,0.000000,19.200000,176.000000,1
simu5g_00000160,10.2,0,1,15,14,1.000000,58.880000,552.000000,0
simu5g_00000160,10.2,0,16,15,15,0.000000,2.560000,32.000000,1
simu5g_00000160,10.2,0,17,15,15,0.000000,41.280000,552.000000,1
simu5g_00000160,10.2,1,16,14,15,1.000000,58.880000,552.000000,0
simu5g_00000160,10.2,1,17,14,15,1.000000,97.600000,552.000000,0
simu5g_00000160,10.2,16,17,15,15,0.000000,38.720000,552.000000,1
simu5g_00000161,10.3,11,23,15,15,0.000000,19.200000,176.000000,1
simu5g_00000162,10.3,0,1,15,14,1.000000,58.880000,552.000000,0
simu5g_00000162,10.3,0,16,15,15,0.000000,21.760000,272.000000,1
simu5g_00000162,10.3,0,17,15,15,0.000000,60.480000,552.000000,1
simu5g_00000162,10.3,1,16,14,15,1.000000,58.880000,552.000000,0
simu5g_00000162,10.3,1,17,14,15,1.000000,97.600000,552.000000,0
simu5g_00000162,10.3,16,17,15,15,0.000000,38.720000,552.000000,1
simu5g_00000163,10.4,11,23,15,15,0.000000,19.200000,176.000000,1
simu5g_00000164,10.4,0,1,15,14,1.000000,55.040000,552.000000,0
simu5g_00000164,10.4,0,16,15,15,0.000000,17.920000,176.000000,1
simu5g_00000164,10.4,0,17,15,15,0.000000,56.640000,552.000000,1
simu5g_00000164,10.4,1,16,14,15,1.000000,58.880000,552.000000,0
simu5g_00000164,10.4,1,17,14,15,1.000000,97.600000,552.000000,0
simu5g_00000164,10.4,16,17,15,15,0.000000,38.720000,552.000000,1
simu5g_00000165,10.5,11,23,15,15,0.000000,19.200000,176.000000,1
simu5g_00000166,10.5,0,1,15,14,1.000000,53.760000,552.000000,0
simu5g_00000166,10.5,0,16,15,15,0.000000,17.920000,176.000000,1
simu5g_00000166,10.5,0,17,15,15,0.000000,56.640000,552.000000,1
simu5g_00000166,10.5,1,16,14,15,1.000000,57.600000,552.000000,0
simu5g_00000166,10.5,1,17,14,15,1.000000,96.320000,552.000000,0
simu5g_00000166,10.5,16,17,15,15,0.000000,38.720000,552.000000,1
simu5g_00000167,10.6,11,23,15,15,0.000000,19.200000,176.000000,1
simu5g_00000168,10.6,0,1,15,14,1.000000,53.760000,552.000000,0
simu5g_00000168,10.6,0,16,15,15,0.000000,17.920000,176.000000,1
simu5g_00000168,10.6,0,17,15,15,0.000000,56.640000,552.000000,1
simu5g_00000168,10.6,1,16,14,15,1.000000,57.600000,552.000000,0
simu5g_00000168,10.6,1,17,14,15,1.000000,96.320000,552.000000,0
simu5g_00000168,10.6,16,17,15,15,0.000000,38.720000,552.000000,1
simu5g_00000169,10.7,11,23,15,15,0.000000,19.200000,176.000000,1
simu5g_00000170,10.7,0,1,15,14,1.000000,53.760000,552.000000,0
simu5g_00000170,10.7,0,16,15,15,0.000000,17.920000,176.000000,1
simu5g_00000170,10.7,0,17,15,15,0.000000,56.640000,552.000000,1
simu5g_00000170,10.7,1,16,14,15,1.000000,57.600000,552.000000,0
simu5g_00000170,10.7,1,17,14,15,1.000000,96.320000,552.000000,0
simu5g_00000170,10.7,16,17,15,15,0.000000,38.720000,552.000000,1
simu5g_00000171,10.8,11,23,15,15,0.000000,19.200000,176.000000,1
simu5g_00000172,10.8,0,1,15,14,1.000000,53.760000,552.000000,0
simu5g_00000172,10.8,0,16,15,15,0.000000,17.920000,176.000000,1
simu5g_00000172,10.8,0,17,15,15,0.000000,56.640000,552.000000,1
simu5g_00000172,10.8,1,16,14,15,1.000000,57.600000,552.000000,0
simu5g_00000172,10.8,1,17,14,15,1.000000,96.320000,552.000000,0
simu5g_00000172,10.8,16,17,15,15,0.000000,38.720000,552.000000,1
simu5g_00000173,10.9,11,23,15,15,0.000000,3.840000,32.000000,1
simu5g_00000174,10.9,0,1,15,14,1.000000,53.760000,552.000000,0
simu5g_00000174,10.9,0,16,15,15,0.000000,17.920000,176.000000,1
simu5g_00000174,10.9,0,17,15,15,0.000000,56.640000,552.000000,1
simu5g_00000174,10.9,1,16,14,15,1.000000,57.600000,552.000000,0
simu5g_00000174,10.9,1,17,14,15,1.000000,96.320000,552.000000,0
simu5g_00000174,10.9,16,17,15,15,0.000000,38.720000,552.000000,1
simu5g_00000175,11.0,11,23,15,15,0.000000,3.840000,32.000000,1
simu5g_00000176,11.0,0,1,14,14,0.000000,96.000000,600.000000,1
simu5g_00000176,11.0,0,16,14,15,1.000000,54.400000,352.000000,0
simu5g_00000176,11.0,0,17,14,15,1.000000,93.120000,552.000000,0
simu5g_00000176,11.0,1,16,14,15,1.000000,82.560000,728.000000,0
simu5g_00000176,11.0,1,17,14,15,1.000000,118.720000,728.000000,0
simu5g_00000176,11.0,16,17,15,15,0.000000,38.720000,552.000000,1
simu5g_00000177,11.1,11,23,15,15,0.000000,3.840000,32.000000,1
simu5g_00000178,11.1,0,1,14,14,0.000000,96.000000,600.000000,1
simu5g_00000178,11.1,0,16,14,15,1.000000,54.400000,352.000000,0
simu5g_00000178,11.1,0,17,14,15,1.000000,93.120000,552.000000,0
simu5g_00000178,11.1,1,16,14,15,1.000000,82.560000,728.000000,0
simu5g_00000178,11.1,1,17,14,15,1.000000,118.720000,728.000000,0
simu5g_00000178,11.1,16,17,15,15,0.000000,38.720000,552.000000,1
simu5g_00000179,11.2,11,23,15,15,0.000000,3.840000,32.000000,1
simu5g_00000180,11.2,0,1,14,14,0.000000,96.000000,600.000000,1
simu5g_00000180,11.2,0,16,14,15,1.000000,54.400000,352.000000,0
simu5g_00000180,11.2,0,17,14,15,1.000000,93.120000,552.000000,0
simu5g_00000180,11.2,1,16,14,15,1.000000,82.560000,728.000000,0
simu5g_00000180,11.2,1,17,14,15,1.000000,118.720000,728.000000,0
simu5g_00000180,11.2,16,17,15,15,0.000000,38.720000,552.000000,1
simu5g_00000181,11.3,11,23,15,15,0.000000,3.840000,32.000000,1
simu5g_00000182,11.3,0,1,14,14,0.000000,97.280000,632.000000,1
simu5g_00000182,11.3,0,16,14,15,1.000000,53.120000,352.000000,0
simu5g_00000182,11.3,0,17,14,15,1.000000,71.040000,352.000000,0
simu5g_00000182,11.3,0,2,14,15,1.000000,39.040000,352.000000,0
simu5g_00000182,11.3,1,16,14,15,1.000000,82.560000,728.000000,0
simu5g_00000182,11.3,1,17,14,15,1.000000,97.920000,728.000000,0
simu5g_00000182,11.3,1,2,14,15,1.000000,94.080000,696.000000,0
simu5g_00000182,11.3,16,17,15,15,0.000000,17.920000,352.000000,1
simu5g_00000182,11.3,16,2,15,15,0.000000,21.760000,352.000000,1
simu5g_00000182,11.3,17,2,15,15,0.000000,37.120000,352.000000,1
simu5g_00000183,11.4,11,23,15,15,0.000000,3.840000,32.000000,1
simu5g_00000184,11.4,0,1,14,14,0.000000,97.280000,632.000000,1
simu5g_00000184,11.4,0,16,14,15,1.000000,53.120000,352.000000,0
simu5g_00000184,11.4,0,17,14,15,1.000000,71.040000,352.000000,0
simu5g_00000184,11.4,0,2,14,15,1.000000,39.040000,352.000000,0
simu5g_00000184,11.4,1,16,14,15,1.000000,82.560000,728.000000,0
simu5g_00000184,11.4,1,17,14,15,1.000000,97.920000,728.000000,0
simu5g_00000184,11.4,1,2,14,15,1.000000,94.080000,696.000000,0
simu5g_00000184,11.4,16,17,15,15,0.000000,17.920000,352.000000,1
simu5g_00000184,11.4,16,2,15,15,0.000000,21.760000,352.000000,1
simu5g_00000184,11.4,17,2,15,15,0.000000,37.120000,352.000000,1
simu5g_00000185,11.5,11,23,15,15,0.000000,3.840000,32.000000,1
simu5g_00000186,11.5,0,1,14,14,0.000000,97.280000,632.000000,1
simu5g_00000186,11.5,0,16,14,15,1.000000,53.120000,352.000000,0
simu5g_00000186,11.5,0,17,14,15,1.000000,71.040000,352.000000,0
simu5g_00000186,11.5,0,2,14,15,1.000000,39.040000,352.000000,0
simu5g_00000186,11.5,1,16,14,15,1.000000,82.560000,728.000000,0
simu5g_00000186,11.5,1,17,14,15,1.000000,97.920000,728.000000,0
simu5g_00000186,11.5,1,2,14,15,1.000000,94.080000,696.000000,0
simu5g_00000186,11.5,16,17,15,15,0.000000,17.920000,352.000000,1
simu5g_00000186,11.5,16,2,15,15,0.000000,21.760000,352.000000,1
simu5g_00000186,11.5,17,2,15,15,0.000000,37.120000,352.000000,1
simu5g_00000187,11.6,11,23,15,15,0.000000,3.840000,32.000000,1
simu5g_00000188,11.6,0,1,14,14,0.000000,97.280000,632.000000,1
simu5g_00000188,11.6,0,16,14,15,1.000000,53.120000,352.000000,0
simu5g_00000188,11.6,0,17,14,15,1.000000,71.040000,352.000000,0
simu5g_00000188,11.6,0,2,14,15,1.000000,39.040000,352.000000,0
simu5g_00000188,11.6,1,16,14,15,1.000000,82.560000,728.000000,0
simu5g_00000188,11.6,1,17,14,15,1.000000,97.920000,728.000000,0
simu5g_00000188,11.6,1,2,14,15,1.000000,94.080000,696.000000,0
simu5g_00000188,11.6,16,17,15,15,0.000000,17.920000,352.000000,1
simu5g_00000188,11.6,16,2,15,15,0.000000,21.760000,352.000000,1
simu5g_00000188,11.6,17,2,15,15,0.000000,37.120000,352.000000,1
simu5g_00000189,11.7,11,23,15,15,0.000000,3.840000,32.000000,1
simu5g_00000190,11.7,0,1,13,14,1.000000,145.600000,552.000000,0
simu5g_00000190,11.7,0,16,13,15,2.000000,141.120000,632.000000,0
simu5g_00000190,11.7,0,17,13,15,2.000000,151.360000,632.000000,0
simu5g_00000190,11.7,0,2,13,15,2.000000,121.920000,632.000000,0
simu5g_00000190,11.7,1,16,14,15,1.000000,82.560000,728.000000,0
simu5g_00000190,11.7,1,17,14,15,1.000000,97.920000,728.000000,0
simu5g_00000190,11.7,1,2,14,15,1.000000,94.080000,696.000000,0
simu5g_00000190,11.7,16,17,15,15,0.000000,17.920000,352.000000,1
simu5g_00000190,11.7,16,2,15,15,0.000000,21.760000,352.000000,1
simu5g_00000190,11.7,17,2,15,15,0.000000,37.120000,352.000000,1
simu5g_00000191,11.8,11,23,15,15,0.000000,6.400000,32.000000,1
simu5g_00000192,11.8,0,1,13,14,1.000000,145.600000,552.000000,0
simu5g_00000192,11.8,0,16,13,15,2.000000,141.120000,632.000000,0
simu5g_00000192,11.8,0,17,13,15,2.000000,151.360000,632.000000,0
simu5g_00000192,11.8,0,2,13,15,2.000000,121.920000,632.000000,0
simu5g_00000192,11.8,1,16,14,15,1.000000,82.560000,728.000000,0
simu5g_00000192,11.8,1,17,14,15,1.000000,97.920000,728.000000,0
simu5g_00000192,11.8,1,2,14,15,1.000000,94.080000,696.000000,0
simu5g_00000192,11.8,16,17,15,15,0.000000,17.920000,352.000000,1
simu5g_00000192,11.8,16,2,15,15,0.000000,21.760000,352.000000,1
simu5g_00000192,11.8,17,2,15,15,0.000000,37.120000,352.000000,1
simu5g_00000193,11.9,11,23,15,15,0.000000,6.400000,32.000000,1
simu5g_00000194,11.9,0,1,13,14,1.000000,141.440000,552.000000,0
simu5g_00000194,11.9,0,16,13,15,2.000000,136.960000,632.000000,0
simu5g_00000194,11.9,0,17,13,15,2.000000,147.200000,632.000000,0
simu5g_00000194,11.9,0,2,13,15,2.000000,117.760000,632.000000,0
simu5g_00000194,11.9,1,16,14,15,1.000000,82.560000,728.000000,0
simu5g_00000194,11.9,1,17,14,15,1.000000,97.920000,728.000000,0
simu5g_00000194,11.9,1,2,14,15,1.000000,94.080000,696.000000,0
simu5g_00000194,11.9,16,17,15,15,0.000000,17.920000,352.000000,1
simu5g_00000194,11.9,16,2,15,15,0.000000,21.760000,352.000000,1
simu5g_00000194,11.9,17,2,15,15,0.000000,37.120000,352.000000,1
simu5g_00000195,12.0,11,23,15,15,0.000000,6.400000,32.000000,1
simu5g_00000196,12.0,0,1,13,14,1.000000,141.440000,552.000000,0
simu5g_00000196,12.0,0,16,13,15,2.000000,136.960000,632.000000,0
simu5g_00000196,12.0,0,17,13,15,2.000000,147.200000,632.000000,0
simu5g_00000196,12.0,0,2,13,15,2.000000,117.760000,632.000000,0
simu5g_00000196,12.0,1,16,14,15,1.000000,82.560000,728.000000,0
simu5g_00000196,12.0,1,17,14,15,1.000000,97.920000,728.000000,0
simu5g_00000196,12.0,1,2,14,15,1.000000,94.080000,696.000000,0
simu5g_00000196,12.0,16,17,15,15,0.000000,17.920000,352.000000,1
simu5g_00000196,12.0,16,2,15,15,0.000000,21.760000,352.000000,1
simu5g_00000196,12.0,17,2,15,15,0.000000,37.120000,352.000000,1
simu5g_00000197,12.1,11,23,15,15,0.000000,6.400000,32.000000,1
simu5g_00000198,12.1,0,1,13,14,1.000000,141.440000,552.000000,0
simu5g_00000198,12.1,0,16,13,15,2.000000,135.680000,632.000000,0
simu5g_00000198,12.1,0,17,13,15,2.000000,147.200000,632.000000,0
simu5g_00000198,12.1,0,2,13,15,2.000000,117.760000,632.000000,0
simu5g_00000198,12.1,1,16,14,15,1.000000,83.840000,728.000000,0
simu5g_00000198,12.1,1,17,14,15,1.000000,97.920000,728.000000,0
simu5g_00000198,12.1,1,2,14,15,1.000000,94.080000,696.000000,0
simu5g_00000198,12.1,16,17,15,15,0.000000,19.200000,352.000000,1
simu5g_00000198,12.1,16,2,15,15,0.000000,23.040000,352.000000,1
simu5g_00000198,12.1,17,2,15,15,0.000000,37.120000,352.000000,1
simu5g_00000199,12.2,11,23,15,15,0.000000,6.400000,32.000000,1
simu5g_00000200,12.2,0,1,13,15,2.000000,124.800000,600.000000,0
simu5g_00000200,12.2,0,16,13,15,2.000000,135.680000,632.000000,0
simu5g_00000200,12.2,0,17,13,15,2.000000,147.200000,632.000000,0
simu5g_00000200,12.2,0,2,13,15,2.000000,117.760000,632.000000,0
simu5g_00000200,12.2,1,16,15,15,0.000000,27.520000,352.000000,1
simu5g_00000200,12.2,1,17,15,15,0.000000,44.160000,352.000000,1
simu5g_00000200,12.2,1,2,15,15,0.000000,45.440000,352.000000,1
simu5g_00000200,12.2,16,17,15,15,0.000000,19.200000,352.000000,1
simu5g_00000200,12.2,16,2,15,15,0.000000,23.040000,352.000000,1
simu5g_00000200,12.2,17,2,15,15,0.000000,37.120000,352.000000,1
simu5g_00000201,12.3,11,23,15,15,0.000000,6.400000,32.000000,1
simu5g_00000202,12.3,0,1,13,15,2.000000,121.600000,600.000000,0
simu5g_00000202,12.3,0,16,13,15,2.000000,132.480000,632.000000,0
simu5g_00000202,12.3,0,17,13,15,2.000000,144.000000,632.000000,0
simu5g_00000202,12.3,0,2,13,15,2.000000,114.560000,632.000000,0
simu5g_00000202,12.3,1,16,15,15,0.000000,27.520000,352.000000,1
simu5g_00000202,12.3,1,17,15,15,0.000000,44.160000,352.000000,1
simu5g_00000202,12.3,1,2,15,15,0.000000,45.440000,352.000000,1
simu5g_00000202,12.3,16,17,15,15,0.000000,19.200000,352.000000,1
simu5g_00000202,12.3,16,2,15,15,0.000000,23.040000,352.000000,1
simu5g_00000202,12.3,17,2,15,15,0.000000,37.120000,352.000000,1
simu5g_00000203,12.4,11,23,15,15,0.000000,6.400000,32.000000,1
simu5g_00000204,12.4,0,1,12,15,3.000000,202.560000,760.000000,0
simu5g_00000204,12.4,0,16,12,15,3.000000,219.840000,792.000000,0
simu5g_00000204,12.4,0,17,12,15,3.000000,228.800000,792.000000,0
simu5g_00000204,12.4,0,2,12,15,3.000000,199.360000,792.000000,0
simu5g_00000204,12.4,1,16,15,15,0.000000,27.520000,352.000000,1
simu5g_00000204,12.4,1,17,15,15,0.000000,44.160000,352.000000,1
simu5g_00000204,12.4,1,2,15,15,0.000000,45.440000,352.000000,1
simu5g_00000204,12.4,16,17,15,15,0.000000,19.200000,352.000000,1
simu5g_00000204,12.4,16,2,15,15,0.000000,23.040000,352.000000,1
simu5g_00000204,12.4,17,2,15,15,0.000000,37.120000,352.000000,1
simu5g_00000205,12.5,11,23,15,15,0.000000,5.120000,32.000000,1
simu5g_00000206,12.5,0,1,12,15,3.000000,202.560000,760.000000,0
simu5g_00000206,12.5,0,16,12,15,3.000000,219.840000,792.000000,0
simu5g_00000206,12.5,0,17,12,15,3.000000,228.800000,792.000000,0
simu5g_00000206,12.5,0,2,12,15,3.000000,199.360000,792.000000,0
simu5g_00000206,12.5,1,16,15,15,0.000000,27.520000,352.000000,1
simu5g_00000206,12.5,1,17,15,15,0.000000,44.160000,352.000000,1
simu5g_00000206,12.5,1,2,15,15,0.000000,45.440000,352.000000,1
simu5g_00000206,12.5,16,17,15,15,0.000000,19.200000,352.000000,1
simu5g_00000206,12.5,16,2,15,15,0.000000,23.040000,352.000000,1
simu5g_00000206,12.5,17,2,15,15,0.000000,37.120000,352.000000,1
simu5g_00000207,12.6,11,23,15,14,1.000000,29.440000,176.000000,0
simu5g_00000208,12.6,0,1,12,15,3.000000,198.720000,760.000000,0
simu5g_00000208,12.6,0,16,12,15,3.000000,216.000000,792.000000,0
simu5g_00000208,12.6,0,17,12,15,3.000000,224.960000,792.000000,0
simu5g_00000208,12.6,0,2,12,15,3.000000,195.520000,792.000000,0
simu5g_00000208,12.6,1,16,15,15,0.000000,27.520000,352.000000,1
simu5g_00000208,12.6,1,17,15,15,0.000000,44.160000,352.000000,1
simu5g_00000208,12.6,1,2,15,15,0.000000,45.440000,352.000000,1
simu5g_00000208,12.6,16,17,15,15,0.000000,19.200000,352.000000,1
simu5g_00000208,12.6,16,2,15,15,0.000000,23.040000,352.000000,1
simu5g_00000208,12.6,17,2,15,15,0.000000,37.120000,352.000000,1
simu5g_00000209,12.7,11,23,15,14,1.000000,29.440000,176.000000,0
simu5g_00000210,12.7,0,1,12,15,3.000000,195.520000,760.000000,0
simu5g_00000210,12.7,0,16,12,15,3.000000,212.800000,792.000000,0
simu5g_00000210,12.7,0,17,12,15,3.000000,221.760000,792.000000,0
simu5g_00000210,12.7,0,2,12,15,3.000000,192.320000,792.000000,0
simu5g_00000210,12.7,1,16,15,15,0.000000,27.520000,352.000000,1
simu5g_00000210,12.7,1,17,15,15,0.000000,44.160000,352.000000,1
simu5g_00000210,12.7,1,2,15,15,0.000000,45.440000,352.000000,1
simu5g_00000210,12.7,16,17,15,15,0.000000,19.200000,352.000000,1
simu5g_00000210,12.7,16,2,15,15,0.000000,23.040000,352.000000,1
simu5g_00000210,12.7,17,2,15,15,0.000000,37.120000,352.000000,1
simu5g_00000211,12.8,11,23,15,14,1.000000,29.440000,176.000000,0
simu5g_00000212,12.8,0,1,12,15,3.000000,195.520000,760.000000,0
simu5g_00000212,12.8,0,16,12,15,3.000000,212.800000,792.000000,0
simu5g_00000212,12.8,0,17,12,15,3.000000,221.760000,792.000000,0
simu5g_00000212,12.8,0,2,12,15,3.000000,192.320000,792.000000,0
simu5g_00000212,12.8,1,16,15,15,0.000000,27.520000,352.000000,1
simu5g_00000212,12.8,1,17,15,15,0.000000,44.160000,352.000000,1
simu5g_00000212,12.8,1,2,15,15,0.000000,45.440000,352.000000,1
simu5g_00000212,12.8,16,17,15,15,0.000000,19.200000,352.000000,1
simu5g_00000212,12.8,16,2,15,15,0.000000,23.040000,352.000000,1
simu5g_00000212,12.8,17,2,15,15,0.000000,37.120000,352.000000,1
simu5g_00000213,12.9,11,23,15,14,1.000000,29.440000,176.000000,0
simu5g_00000214,12.9,0,1,12,15,3.000000,195.520000,760.000000,0
simu5g_00000214,12.9,0,16,12,15,3.000000,212.800000,792.000000,0
simu5g_00000214,12.9,0,17,12,15,3.000000,221.760000,792.000000,0
simu5g_00000214,12.9,0,2,12,15,3.000000,192.320000,792.000000,0
simu5g_00000214,12.9,1,16,15,15,0.000000,27.520000,352.000000,1
simu5g_00000214,12.9,1,17,15,15,0.000000,44.160000,352.000000,1
simu5g_00000214,12.9,1,2,15,15,0.000000,45.440000,352.000000,1
simu5g_00000214,12.9,16,17,15,15,0.000000,19.200000,352.000000,1
simu5g_00000214,12.9,16,2,15,15,0.000000,23.040000,352.000000,1
simu5g_00000214,12.9,17,2,15,15,0.000000,37.120000,352.000000,1
simu5g_00000215,13.0,11,23,15,14,1.000000,29.440000,176.000000,0
simu5g_00000216,13.0,0,1,14,15,1.000000,65.280000,320.000000,0
simu5g_00000216,13.0,0,16,14,15,1.000000,44.160000,352.000000,0
simu5g_00000216,13.0,0,17,14,15,1.000000,62.080000,352.000000,0
simu5g_00000216,13.0,0,2,14,15,1.000000,36.480000,352.000000,0
simu5g_00000216,13.0,1,16,15,15,0.000000,26.240000,352.000000,1
simu5g_00000216,13.0,1,17,15,15,0.000000,44.160000,352.000000,1
simu5g_00000216,13.0,1,2,15,15,0.000000,45.440000,352.000000,1
simu5g_00000216,13.0,16,17,15,15,0.000000,17.920000,352.000000,1
simu5g_00000216,13.0,16,2,15,15,0.000000,21.760000,352.000000,1
simu5g_00000216,13.0,17,2,15,15,0.000000,37.120000,352.000000,1
simu5g_00000217,13.1,11,23,15,14,1.000000,29.440000,176.000000,0
simu5g_00000218,13.1,0,1,14,15,1.000000,59.520000,320.000000,0
simu5g_00000218,13.1,0,16,14,15,1.000000,38.400000,352.000000,0
simu5g_00000218,13.1,0,17,14,15,1.000000,45.440000,352.000000,0
simu5g_00000218,13.1,0,2,14,15,1.000000,30.720000,352.000000,0
simu5g_00000218,13.1,1,16,15,15,0.000000,26.240000,352.000000,1
simu5g_00000218,13.1,1,17,15,15,0.000000,33.280000,352.000000,1
simu5g_00000218,13.1,1,2,15,15,0.000000,45.440000,352.000000,1
simu5g_00000218,13.1,16,17,15,15,0.000000,7.040000,176.000000,1
simu5g_00000218,13.1,16,2,15,15,0.000000,21.760000,352.000000,1
simu5g_00000218,13.1,17,2,15,15,0.000000,28.800000,352.000000,1
simu5g_00000219,13.2,11,23,15,14,1.000000,29.440000,176.000000,0
simu5g_00000220,13.2,0,1,14,14,0.000000,77.440000,520.000000,1
simu5g_00000220,13.2,0,16,14,15,1.000000,38.400000,352.000000,0
simu5g_00000220,13.2,0,17,14,15,1.000000,45.440000,352.000000,0
simu5g_00000220,13.2,0,2,14,14,0.000000,58.560000,320.000000,1
simu5g_00000220,13.2,1,16,14,15,1.000000,44.160000,552.000000,0
simu5g_00000220,13.2,1,17,14,15,1.000000,51.200000,552.000000,0
simu5g_00000220,13.2,1,2,14,14,0.000000,105.280000,552.000000,1
simu5g_00000220,13.2,16,17,15,15,0.000000,7.040000,176.000000,1
simu5g_00000220,13.2,16,2,15,14,1.000000,66.240000,552.000000,0
simu5g_00000220,13.2,17,2,15,14,1.000000,73.280000,552.000000,0
simu5g_00000221,13.3,11,23,15,14,1.000000,29.440000,176.000000,0
simu5g_00000222,13.3,0,1,14,14,0.000000,77.440000,520.000000,1
simu5g_00000222,13.3,0,16,14,15,1.000000,38.400000,352.000000,0
simu5g_00000222,13.3,0,17,14,15,1.000000,45.440000,352.000000,0
simu5g_00000222,13.3,0,2,14,14,0.000000,58.560000,320.000000,1
simu5g_00000222,13.3,1,16,14,15,1.000000,44.160000,552.000000,0
simu5g_00000222,13.3,1,17,14,15,1.000000,51.200000,552.000000,0
simu5g_00000222,13.3,1,2,14,14,0.000000,105.280000,552.000000,1
simu5g_00000222,13.3,16,17,15,15,0.000000,7.040000,176.000000,1
simu5g_00000222,13.3,16,2,15,14,1.000000,66.240000,552.000000,0
simu5g_00000222,13.3,17,2,15,14,1.000000,73.280000,552.000000,0
simu5g_00000223,13.4,11,23,15,15,0.000000,0.000000,0.000000,0
simu5g_00000224,13.4,0,1,14,14,0.000000,77.440000,520.000000,1
simu5g_00000224,13.4,0,16,14,15,1.000000,38.400000,352.000000,0
simu5g_00000224,13.4,0,17,14,15,1.000000,45.440000,352.000000,0
simu5g_00000224,13.4,0,2,14,14,0.000000,58.560000,320.000000,1
simu5g_00000224,13.4,1,16,14,15,1.000000,44.160000,552.000000,0
simu5g_00000224,13.4,1,17,14,15,1.000000,51.200000,552.000000,0
simu5g_00000224,13.4,1,2,14,14,0.000000,105.280000,552.000000,1
simu5g_00000224,13.4,16,17,15,15,0.000000,7.040000,176.000000,1
simu5g_00000224,13.4,16,2,15,14,1.000000,66.240000,552.000000,0
simu5g_00000224,13.4,17,2,15,14,1.000000,73.280000,552.000000,0
simu5g_00000225,13.5,11,23,15,15,0.000000,0.000000,0.000000,0
simu5g_00000226,13.5,0,1,14,14,0.000000,77.440000,520.000000,1
simu5g_00000226,13.5,0,16,14,15,1.000000,38.400000,352.000000,0
simu5g_00000226,13.5,0,17,14,15,1.000000,45.440000,352.000000,0
simu5g_00000226,13.5,0,2,14,14,0.000000,58.560000,320.000000,1
simu5g_00000226,13.5,1,16,14,15,1.000000,44.160000,552.000000,0
simu5g_00000226,13.5,1,17,14,15,1.000000,51.200000,552.000000,0
simu5g_00000226,13.5,1,2,14,14,0.000000,105.280000,552.000000,1
simu5g_00000226,13.5,16,17,15,15,0.000000,7.040000,176.000000,1
simu5g_00000226,13.5,16,2,15,14,1.000000,66.240000,552.000000,0
simu5g_00000226,13.5,17,2,15,14,1.000000,73.280000,552.000000,0
simu5g_00000227,13.6,11,23,15,15,0.000000,0.000000,0.000000,0
simu5g_00000228,13.6,0,1,15,14,1.000000,45.440000,552.000000,0
simu5g_00000228,13.6,0,16,15,15,0.000000,3.840000,32.000000,1
simu5g_00000228,13.6,0,17,15,15,0.000000,10.880000,176.000000,1
simu5g_00000228,13.6,0,2,15,14,1.000000,62.400000,520.000000,0
simu5g_00000228,13.6,1,16,14,15,1.000000,44.160000,552.000000,0
simu5g_00000228,13.6,1,17,14,15,1.000000,51.200000,552.000000,0
simu5g_00000228,13.6,1,2,14,14,0.000000,105.280000,552.000000,1
simu5g_00000228,13.6,16,17,15,15,0.000000,7.040000,176.000000,1
simu5g_00000228,13.6,16,2,15,14,1.000000,66.240000,552.000000,0
simu5g_00000228,13.6,17,2,15,14,1.000000,73.280000,552.000000,0
simu5g_00000229,13.7,11,23,15,15,0.000000,0.000000,0.000000,0
simu5g_00000230,13.7,0,1,15,14,1.000000,45.440000,552.000000,0
simu5g_00000230,13.7,0,16,15,15,0.000000,3.840000,32.000000,1
simu5g_00000230,13.7,0,17,15,15,0.000000,10.880000,176.000000,1
simu5g_00000230,13.7,0,2,15,14,1.000000,62.400000,520.000000,0
simu5g_00000230,13.7,1,16,14,15,1.000000,44.160000,552.000000,0
simu5g_00000230,13.7,1,17,14,15,1.000000,51.200000,552.000000,0
simu5g_00000230,13.7,1,2,14,14,0.000000,105.280000,552.000000,1
simu5g_00000230,13.7,16,17,15,15,0.000000,7.040000,176.000000,1
simu5g_00000230,13.7,16,2,15,14,1.000000,66.240000,552.000000,0
simu5g_00000230,13.7,17,2,15,14,1.000000,73.280000,552.000000,0
simu5g_00000231,13.8,11,23,15,15,0.000000,0.000000,0.000000,0
simu5g_00000232,13.8,0,1,15,14,1.000000,45.440000,552.000000,0
simu5g_00000232,13.8,0,16,15,15,0.000000,3.840000,32.000000,1
simu5g_00000232,13.8,0,17,15,15,0.000000,10.880000,176.000000,1
simu5g_00000232,13.8,0,2,15,14,1.000000,62.400000,520.000000,0
simu5g_00000232,13.8,1,16,14,15,1.000000,44.160000,552.000000,0
simu5g_00000232,13.8,1,17,14,15,1.000000,51.200000,552.000000,0
simu5g_00000232,13.8,1,2,14,14,0.000000,105.280000,552.000000,1
simu5g_00000232,13.8,16,17,15,15,0.000000,7.040000,176.000000,1
simu5g_00000232,13.8,16,2,15,14,1.000000,66.240000,552.000000,0
simu5g_00000232,13.8,17,2,15,14,1.000000,73.280000,552.000000,0
simu5g_00000233,13.9,11,23,15,15,0.000000,0.000000,0.000000,0
simu5g_00000234,13.9,0,1,15,14,1.000000,45.440000,552.000000,0
simu5g_00000234,13.9,0,16,15,15,0.000000,3.840000,32.000000,1
simu5g_00000234,13.9,0,17,15,15,0.000000,10.880000,176.000000,1
simu5g_00000234,13.9,0,2,15,14,1.000000,62.400000,520.000000,0
simu5g_00000234,13.9,1,16,14,15,1.000000,44.160000,552.000000,0
simu5g_00000234,13.9,1,17,14,15,1.000000,51.200000,552.000000,0
simu5g_00000234,13.9,1,2,14,14,0.000000,105.280000,552.000000,1
simu5g_00000234,13.9,16,17,15,15,0.000000,7.040000,176.000000,1
simu5g_00000234,13.9,16,2,15,14,1.000000,66.240000,552.000000,0
simu5g_00000234,13.9,17,2,15,14,1.000000,73.280000,552.000000,0
simu5g_00000235,14.0,11,23,15,15,0.000000,0.000000,0.000000,0
simu5g_00000236,14.0,0,1,15,14,1.000000,44.160000,552.000000,0
simu5g_00000236,14.0,0,16,15,15,0.000000,0.000000,0.000000,0
simu5g_00000236,14.0,0,17,15,15,0.000000,7.040000,176.000000,1
simu5g_00000236,14.0,0,2,15,14,1.000000,66.240000,552.000000,0
simu5g_00000236,14.0,1,16,14,15,1.000000,44.160000,552.000000,0
simu5g_00000236,14.0,1,17,14,15,1.000000,51.200000,552.000000,0
simu5g_00000236,14.0,1,2,14,14,0.000000,105.280000,552.000000,1
simu5g_00000236,14.0,16,17,15,15,0.000000,7.040000,176.000000,1
simu5g_00000236,14.0,16,2,15,14,1.000000,66.240000,552.000000,0
simu5g_00000236,14.0,17,2,15,14,1.000000,73.280000,552.000000,0
simu5g_00000237,14.1,11,23,15,15,0.000000,0.000000,0.000000,0
simu5g_00000238,14.1,0,1,15,13,2.000000,108.160000,792.000000,0
simu5g_00000238,14.1,0,16,15,15,0.000000,0.000000,0.000000,0
simu5g_00000238,14.1,0,17,15,15,0.000000,7.040000,176.000000,1
simu5g_00000238,14.1,0,2,15,14,1.000000,66.240000,552.000000,0
simu5g_00000238,14.1,1,16,13,15,2.000000,108.160000,792.000000,0
simu5g_00000238,14.1,1,17,13,15,2.000000,115.200000,792.000000,0
simu5g_00000238,14.1,1,2,13,14,1.000000,139.840000,760.000000,0
simu5g_00000238,14.1,16,17,15,15,0.000000,7.040000,176.000000,1
simu5g_00000238,14.1,16,2,15,14,1.000000,66.240000,552.000000,0
simu5g_00000238,14.1,17,2,15,14,1.000000,73.280000,552.000000,0
simu5g_00000239,14.2,11,23,15,15,0.000000,0.000000,0.000000,0
simu5g_00000240,14.2,0,1,15,13,2.000000,108.160000,792.000000,0
simu5g_00000240,14.2,0,16,15,15,0.000000,0.000000,0.000000,0
simu5g_00000240,14.2,0,17,15,15,0.000000,7.040000,176.000000,1
simu5g_00000240,14.2,0,2,15,14,1.000000,66.240000,552.000000,0
simu5g_00000240,14.2,1,16,13,15,2.000000,108.160000,792.000000,0
simu5g_00000240,14.2,1,17,13,15,2.000000,115.200000,792.000000,0
simu5g_00000240,14.2,1,2,13,14,1.000000,139.840000,760.000000,0
simu5g_00000240,14.2,16,17,15,15,0.000000,7.040000,176.000000,1
simu5g_00000240,14.2,16,2,15,14,1.000000,66.240000,552.000000,0
simu5g_00000240,14.2,17,2,15,14,1.000000,73.280000,552.000000,0
simu5g_00000241,14.3,11,23,15,15,0.000000,0.000000,0.000000,0
simu5g_00000242,14.3,0,1,15,13,2.000000,108.160000,792.000000,0
simu5g_00000242,14.3,0,16,15,15,0.000000,0.000000,0.000000,0
simu5g_00000242,14.3,0,17,15,15,0.000000,7.040000,176.000000,1
simu5g_00000242,14.3,0,2,15,14,1.000000,66.240000,552.000000,0
simu5g_00000242,14.3,1,16,13,15,2.000000,108.160000,792.000000,0
simu5g_00000242,14.3,1,17,13,15,2.000000,115.200000,792.000000,0
simu5g_00000242,14.3,1,2,13,14,1.000000,139.840000,760.000000,0
simu5g_00000242,14.3,16,17,15,15,0.000000,7.040000,176.000000,1
simu5g_00000242,14.3,16,2,15,14,1.000000,66.240000,552.000000,0
simu5g_00000242,14.3,17,2,15,14,1.000000,73.280000,552.000000,0
simu5g_00000243,14.4,11,23,15,15,0.000000,0.000000,0.000000,0
simu5g_00000244,14.4,0,1,15,14,1.000000,106.880000,792.000000,0
simu5g_00000244,14.4,0,16,15,15,0.000000,0.000000,0.000000,0
simu5g_00000244,14.4,0,17,15,15,0.000000,7.040000,176.000000,1
simu5g_00000244,14.4,0,2,15,14,1.000000,60.480000,552.000000,0
simu5g_00000244,14.4,1,16,14,15,1.000000,106.880000,792.000000,0
simu5g_00000244,14.4,1,17,14,15,1.000000,113.920000,792.000000,0
simu5g_00000244,14.4,1,2,14,14,0.000000,146.880000,760.000000,1
simu5g_00000244,14.4,16,17,15,15,0.000000,7.040000,176.000000,1
simu5g_00000244,14.4,16,2,15,14,1.000000,60.480000,552.000000,0
simu5g_00000244,14.4,17,2,15,14,1.000000,67.520000,552.000000,0
simu5g_00000245,14.5,11,23,15,15,0.000000,0.000000,0.000000,0
simu5g_00000246,14.5,0,1,15,14,1.000000,106.880000,792.000000,0
simu5g_00000246,14.5,0,16,15,15,0.000000,0.000000,0.000000,0
simu5g_00000246,14.5,0,17,15,15,0.000000,1.280000,32.000000,1
simu5g_00000246,14.5,0,2,15,14,1.000000,60.480000,552.000000,0
simu5g_00000246,14.5,1,16,14,15,1.000000,106.880000,792.000000,0
simu5g_00000246,14.5,1,17,14,15,1.000000,108.160000,792.000000,0
simu5g_00000246,14.5,1,2,14,14,0.000000,146.880000,760.000000,1
simu5g_00000246,14.5,16,17,15,15,0.000000,1.280000,32.000000,1
simu5g_00000246,14.5,16,2,15,14,1.000000,60.480000,552.000000,0
simu5g_00000246,14.5,17,2,15,14,1.000000,61.760000,552.000000,0
simu5g_00000247,14.6,11,23,15,15,0.000000,0.000000,0.000000,0
simu5g_00000248,14.6,0,1,15,14,1.000000,106.880000,792.000000,0
simu5g_00000248,14.6,0,16,15,15,0.000000,1.280000,32.000000,1
simu5g_00000248,14.6,0,17,15,15,0.000000,1.280000,32.000000,1
simu5g_00000248,14.6,0,2,15,14,1.000000,60.480000,552.000000,0
simu5g_00000248,14.6,1,16,14,15,1.000000,105.600000,792.000000,0
simu5g_00000248,14.6,1,17,14,15,1.000000,108.160000,792.000000,0
simu5g_00000248,14.6,1,2,14,14,0.000000,146.880000,760.000000,1
simu5g_00000248,14.6,16,17,15,15,0.000000,2.560000,32.000000,1
simu5g_00000248,14.6,16,2,15,14,1.000000,59.200000,552.000000,0
simu5g_00000248,14.6,17,2,15,14,1.000000,61.760000,552.000000,0
simu5g_00000249,14.7,11,23,15,15,0.000000,0.000000,0.000000,0
simu5g_00000250,14.7,0,1,15,14,1.000000,106.880000,792.000000,0
simu5g_00000250,14.7,0,16,15,15,0.000000,1.280000,32.000000,1
simu5g_00000250,14.7,0,17,15,15,0.000000,1.280000,32.000000,1
simu5g_00000250,14.7,0,2,15,14,1.000000,60.480000,552.000000,0
simu5g_00000250,14.7,1,16,14,15,1.000000,105.600000,792.000000,0
simu5g_00000250,14.7,1,17,14,15,1.000000,108.160000,792.000000,0
simu5g_00000250,14.7,1,2,14,14,0.000000,146.880000,760.000000,1
simu5g_00000250,14.7,16,17,15,15,0.000000,2.560000,32.000000,1
simu5g_00000250,14.7,16,2,15,14,1.000000,59.200000,552.000000,0
simu5g_00000250,14.7,17,2,15,14,1.000000,61.760000,552.000000,0
simu5g_00000251,14.8,11,23,15,15,0.000000,0.000000,0.000000,0
simu5g_00000252,14.8,0,1,15,14,1.000000,106.880000,792.000000,0
simu5g_00000252,14.8,0,16,15,15,0.000000,1.280000,32.000000,1
simu5g_00000252,14.8,0,17,15,15,0.000000,1.280000,32.000000,1
simu5g_00000252,14.8,0,2,15,12,3.000000,215.680000,792.000000,0
simu5g_00000252,14.8,1,16,14,15,1.000000,105.600000,792.000000,0
simu5g_00000252,14.8,1,17,14,15,1.000000,108.160000,792.000000,0
simu5g_00000252,14.8,1,2,14,12,2.000000,225.280000,760.000000,0
simu5g_00000252,14.8,16,17,15,15,0.000000,2.560000,32.000000,1
simu5g_00000252,14.8,16,2,15,12,3.000000,214.400000,792.000000,0
simu5g_00000252,14.8,17,2,15,12,3.000000,214.400000,792.000000,0
simu5g_00000253,14.9,11,23,15,15,0.000000,0.000000,0.000000,0
simu5g_00000254,14.9,0,1,15,13,2.000000,164.480000,792.000000,0
simu5g_00000254,14.9,0,16,15,15,0.000000,1.280000,32.000000,1
simu5g_00000254,14.9,0,17,15,15,0.000000,1.280000,32.000000,1
simu5g_00000254,14.9,0,2,15,12,3.000000,215.680000,792.000000,0
simu5g_00000254,14.9,1,16,13,15,2.000000,163.200000,792.000000,0
simu5g_00000254,14.9,1,17,13,15,2.000000,165.760000,792.000000,0
simu5g_00000254,14.9,1,2,13,12,1.000000,221.440000,760.000000,0
simu5g_00000254,14.9,16,17,15,15,0.000000,2.560000,32.000000,1
simu5g_00000254,14.9,16,2,15,12,3.000000,214.400000,792.000000,0
simu5g_00000254,14.9,17,2,15,12,3.000000,214.400000,792.000000,0
simu5g_00000255,15.0,11,23,15,15,0.000000,0.000000,0.000000,0
simu5g_00000256,15.0,0,1,15,13,2.000000,156.160000,792.000000,0
simu5g_00000256,15.0,0,16,15,15,0.000000,3.840000,32.000000,1
simu5g_00000256,15.0,0,17,15,15,0.000000,3.840000,32.000000,1
simu5g_00000256,15.0,0,2,15,12,3.000000,213.120000,760.000000,0
simu5g_00000256,15.0,1,16,13,15,2.000000,157.440000,792.000000,0
simu5g_00000256,15.0,1,17,13,15,2.000000,160.000000,792.000000,0
simu5g_00000256,15.0,1,2,13,12,1.000000,227.200000,760.000000,0
simu5g_00000256,15.0,16,17,15,15,0.000000,2.560000,32.000000,1
simu5g_00000256,15.0,16,2,15,12,3.000000,214.400000,792.000000,0
simu5g_00000256,15.0,17,2,15,12,3.000000,214.400000,792.000000,0
simu5g_00000257,15.1,11,23,15,15,0.000000,0.000000,0.000000,0
simu5g_00000258,15.1,0,1,15,13,2.000000,156.160000,792.000000,0
simu5g_00000258,15.1,0,16,15,15,0.000000,3.840000,32.000000,1
simu5g_00000258,15.1,0,17,15,15,0.000000,3.840000,32.000000,1
simu5g_00000258,15.1,0,2,15,12,3.000000,213.120000,760.000000,0
simu5g_00000258,15.1,1,16,13,15,2.000000,157.440000,792.000000,0
simu5g_00000258,15.1,1,17,13,15,2.000000,160.000000,792.000000,0
simu5g_00000258,15.1,1,2,13,12,1.000000,227.200000,760.000000,0
simu5g_00000258,15.1,16,17,15,15,0.000000,2.560000,32.000000,1
simu5g_00000258,15.1,16,2,15,12,3.000000,214.400000,792.000000,0
simu5g_00000258,15.1,17,2,15,12,3.000000,214.400000,792.000000,0
simu5g_00000259,15.2,11,23,15,15,0.000000,0.000000,0.000000,0
simu5g_00000260,15.2,0,1,15,13,2.000000,156.160000,792.000000,0
simu5g_00000260,15.2,0,16,15,15,0.000000,3.840000,32.000000,1
simu5g_00000260,15.2,0,17,15,15,0.000000,3.840000,32.000000,1
simu5g_00000260,15.2,0,2,15,12,3.000000,213.120000,760.000000,0
simu5g_00000260,15.2,1,16,13,15,2.000000,157.440000,792.000000,0
simu5g_00000260,15.2,1,17,13,15,2.000000,160.000000,792.000000,0
simu5g_00000260,15.2,1,2,13,12,1.000000,227.200000,760.000000,0
simu5g_00000260,15.2,16,17,15,15,0.000000,2.560000,32.000000,1
simu5g_00000260,15.2,16,2,15,12,3.000000,214.400000,792.000000,0
simu5g_00000260,15.2,17,2,15,12,3.000000,214.400000,792.000000,0
simu5g_00000261,15.3,11,23,15,15,0.000000,0.000000,0.000000,0
simu5g_00000262,15.3,0,1,15,13,2.000000,156.160000,792.000000,0
simu5g_00000262,15.3,0,16,15,15,0.000000,8.320000,176.000000,1
simu5g_00000262,15.3,0,17,15,15,0.000000,3.840000,32.000000,1
simu5g_00000262,15.3,0,2,15,12,3.000000,213.120000,760.000000,0
simu5g_00000262,15.3,1,16,13,15,2.000000,161.920000,792.000000,0
simu5g_00000262,15.3,1,17,13,15,2.000000,160.000000,792.000000,0
simu5g_00000262,15.3,1,2,13,12,1.000000,227.200000,760.000000,0
simu5g_00000262,15.3,16,17,15,15,0.000000,9.600000,176.000000,1
simu5g_00000262,15.3,16,2,15,12,3.000000,207.360000,792.000000,0
simu5g_00000262,15.3,17,2,15,12,3.000000,214.400000,792.000000,0
simu5g_00000263,15.4,11,23,15,15,0.000000,0.000000,0.000000,0
simu5g_00000264,15.4,0,1,15,13,2.000000,156.160000,792.000000,0
simu5g_00000264,15.4,0,16,15,15,0.000000,8.320000,176.000000,1
simu5g_00000264,15.4,0,17,15,15,0.000000,3.840000,32.000000,1
simu5g_00000264,15.4,0,2,15,12,3.000000,213.120000,760.000000,0
simu5g_00000264,15.4,1,16,13,15,2.000000,161.920000,792.000000,0
simu5g_00000264,15.4,1,17,13,15,2.000000,160.000000,792.000000,0
simu5g_00000264,15.4,1,2,13,12,1.000000,227.200000,760.000000,0
simu5g_00000264,15.4,16,17,15,15,0.000000,9.600000,176.000000,1
simu5g_00000264,15.4,16,2,15,12,3.000000,207.360000,792.000000,0
simu5g_00000264,15.4,17,2,15,12,3.000000,214.400000,792.000000,0
simu5g_00000265,15.5,11,23,15,15,0.000000,0.000000,0.000000,0
simu5g_00000266,15.5,0,1,15,13,2.000000,158.720000,792.000000,0
simu5g_00000266,15.5,0,16,15,15,0.000000,8.320000,176.000000,1
simu5g_00000266,15.5,0,17,15,15,0.000000,1.280000,32.000000,1
simu5g_00000266,15.5,0,2,15,12,3.000000,215.680000,792.000000,0
simu5g_00000266,15.5,1,16,13,15,2.000000,161.920000,792.000000,0
simu5g_00000266,15.5,1,17,13,15,2.000000,160.000000,792.000000,0
simu5g_00000266,15.5,1,2,13,12,1.000000,227.200000,760.000000,0
simu5g_00000266,15.5,16,17,15,15,0.000000,9.600000,176.000000,1
simu5g_00000266,15.5,16,2,15,12,3.000000,207.360000,792.000000,0
simu5g_00000266,15.5,17,2,15,12,3.000000,214.400000,792.000000,0
simu5g_00000267,15.6,11,23,15,15,0.000000,0.000000,0.000000,0
simu5g_00000268,15.6,0,1,15,13,2.000000,120.960000,792.000000,0
simu5g_00000268,15.6,0,16,15,15,0.000000,8.320000,176.000000,1
simu5g_00000268,15.6,0,17,15,15,0.000000,12.160000,272.000000,1
simu5g_00000268,15.6,0,2,15,12,3.000000,215.680000,792.000000,0
simu5g_00000268,15.6,1,16,13,15,2.000000,124.160000,792.000000,0
simu5g_00000268,15.6,1,17,13,15,2.000000,130.560000,792.000000,0
simu5g_00000268,15.6,1,2,13,12,1.000000,222.720000,760.000000,0
simu5g_00000268,15.6,16,17,15,15,0.000000,20.480000,272.000000,1
simu5g_00000268,15.6,16,2,15,12,3.000000,207.360000,792.000000,0
simu5g_00000268,15.6,17,2,15,12,3.000000,222.720000,792.000000,0
simu5g_00000269,15.7,11,23,15,15,0.000000,0.000000,0.000000,0
simu5g_00000270,15.7,0,1,15,13,2.000000,120.960000,792.000000,0
simu5g_00000270,15.7,0,16,15,15,0.000000,8.320000,176.000000,1
simu5g_00000270,15.7,0,17,15,15,0.000000,12.160000,272.000000,1
simu5g_00000270,15.7,0,2,15,12,3.000000,215.680000,792.000000,0
simu5g_00000270,15.7,1,16,13,15,2.000000,124.160000,792.000000,0
simu5g_00000270,15.7,1,17,13,15,2.000000,130.560000,792.000000,0
simu5g_00000270,15.7,1,2,13,12,1.000000,222.720000,760.000000,0
simu5g_00000270,15.7,16,17,15,15,0.000000,20.480000,272.000000,1
simu5g_00000270,15.7,16,2,15,12,3.000000,207.360000,792.000000,0
simu5g_00000270,15.7,17,2,15,12,3.000000,222.720000,792.000000,0
simu5g_00000271,15.8,11,23,15,15,0.000000,0.000000,0.000000,0
simu5g_00000272,15.8,0,1,15,13,2.000000,120.960000,792.000000,0
simu5g_00000272,15.8,0,16,15,15,0.000000,8.320000,176.000000,1
simu5g_00000272,15.8,0,17,15,15,0.000000,12.160000,272.000000,1
simu5g_00000272,15.8,0,2,15,12,3.000000,215.680000,792.000000,0
simu5g_00000272,15.8,1,16,13,15,2.000000,124.160000,792.000000,0
simu5g_00000272,15.8,1,17,13,15,2.000000,130.560000,792.000000,0
simu5g_00000272,15.8,1,2,13,12,1.000000,222.720000,760.000000,0
simu5g_00000272,15.8,16,17,15,15,0.000000,20.480000,272.000000,1
simu5g_00000272,15.8,16,2,15,12,3.000000,207.360000,792.000000,0
simu5g_00000272,15.8,17,2,15,12,3.000000,222.720000,792.000000,0
simu5g_00000273,15.9,11,23,15,15,0.000000,0.000000,0.000000,0
simu5g_00000274,15.9,0,1,15,13,2.000000,115.200000,792.000000,0
simu5g_00000274,15.9,0,16,15,15,0.000000,8.320000,176.000000,1
simu5g_00000274,15.9,0,17,15,15,0.000000,12.160000,272.000000,1
simu5g_00000274,15.9,0,2,15,12,3.000000,215.680000,792.000000,0
simu5g_00000274,15.9,1,16,13,15,2.000000,118.400000,792.000000,0
simu5g_00000274,15.9,1,17,13,15,2.000000,124.800000,792.000000,0
simu5g_00000274,15.9,1,2,13,12,1.000000,216.960000,760.000000,0
simu5g_00000274,15.9,16,17,15,15,0.000000,20.480000,272.000000,1
simu5g_00000274,15.9,16,2,15,12,3.000000,207.360000,792.000000,0
simu5g_00000274,15.9,17,2,15,12,3.000000,222.720000,792.000000,0
simu5g_00000275,16.0,11,23,15,15,0.000000,0.000000,0.000000,0
simu5g_00000276,16.0,0,1,15,13,2.000000,115.200000,792.000000,0
simu5g_00000276,16.0,0,16,15,15,0.000000,1.280000,32.000000,1
simu5g_00000276,16.0,0,17,15,15,0.000000,12.160000,272.000000,1
simu5g_00000276,16.0,0,2,15,12,3.000000,215.680000,792.000000,0
simu5g_00000276,16.0,1,16,13,15,2.000000,113.920000,792.000000,0
simu5g_00000276,16.0,1,17,13,15,2.000000,124.800000,792.000000,0
simu5g_00000276,16.0,1,2,13,12,1.000000,216.960000,760.000000,0
simu5g_00000276,16.0,16,17,15,15,0.000000,13.440000,272.000000,1
simu5g_00000276,16.0,16,2,15,12,3.000000,214.400000,792.000000,0
simu5g_00000276,16.0,17,2,15,12,3.000000,222.720000,792.000000,0
simu5g_00000277,16.1,11,23,15,15,0.000000,0.000000,0.000000,0
simu5g_00000278,16.1,0,1,15,13,2.000000,115.200000,792.000000,0
simu5g_00000278,16.1,0,16,15,15,0.000000,1.280000,32.000000,1
simu5g_00000278,16.1,0,17,15,15,0.000000,12.160000,272.000000,1
simu5g_00000278,16.1,0,2,15,13,2.000000,171.840000,792.000000,0
simu5g_00000278,16.1,1,16,13,15,2.000000,113.920000,792.000000,0
simu5g_00000278,16.1,1,17,13,15,2.000000,124.800000,792.000000,0
simu5g_00000278,16.1,1,2,13,13,0.000000,184.640000,760.000000,1
simu5g_00000278,16.1,16,17,15,15,0.000000,13.440000,272.000000,1
simu5g_00000278,16.1,16,2,15,13,2.000000,170.560000,792.000000,0
simu5g_00000278,16.1,17,2,15,13,2.000000,181.440000,792.000000,0
simu5g_00000279,16.2,11,23,15,15,0.000000,0.000000,0.000000,0
simu5g_00000280,16.2,0,1,15,13,2.000000,115.200000,792.000000,0
simu5g_00000280,16.2,0,16,15,15,0.000000,1.280000,32.000000,1
simu5g_00000280,16.2,0,17,15,15,0.000000,8.320000,176.000000,1
simu5g_00000280,16.2,0,2,15,13,2.000000,171.840000,792.000000,0
simu5g_00000280,16.2,1,16,13,15,2.000000,113.920000,792.000000,0
simu5g_00000280,16.2,1,17,13,15,2.000000,120.960000,792.000000,0
simu5g_00000280,16.2,1,2,13,13,0.000000,184.640000,760.000000,1
simu5g_00000280,16.2,16,17,15,15,0.000000,9.600000,176.000000,1
simu5g_00000280,16.2,16,2,15,13,2.000000,170.560000,792.000000,0
simu5g_00000280,16.2,17,2,15,13,2.000000,177.600000,792.000000,0
simu5g_00000281,16.3,11,23,15,15,0.000000,0.000000,0.000000,0
simu5g_00000282,16.3,0,1,15,14,1.000000,58.880000,552.000000,0
simu5g_00000282,16.3,0,16,15,15,0.000000,1.280000,32.000000,1
simu5g_00000282,16.3,0,17,15,15,0.000000,8.320000,176.000000,1
simu5g_00000282,16.3,0,2,15,13,2.000000,171.840000,792.000000,0
simu5g_00000282,16.3,1,16,14,15,1.000000,60.160000,552.000000,0
simu5g_00000282,16.3,1,17,14,15,1.000000,67.200000,552.000000,0
simu5g_00000282,16.3,1,2,14,13,1.000000,182.080000,792.000000,0
simu5g_00000282,16.3,16,17,15,15,0.000000,9.600000,176.000000,1
simu5g_00000282,16.3,16,2,15,13,2.000000,170.560000,792.000000,0
simu5g_00000282,16.3,17,2,15,13,2.000000,177.600000,792.000000,0
simu5g_00000283,16.4,11,23,15,15,0.000000,0.000000,0.000000,0
simu5g_00000284,16.4,0,1,15,14,1.000000,58.880000,552.000000,0
simu5g_00000284,16.4,0,16,15,15,0.000000,1.280000,32.000000,1
simu5g_00000284,16.4,0,17,15,15,0.000000,8.320000,176.000000,1
simu5g_00000284,16.4,0,2,15,13,2.000000,171.840000,792.000000,0
simu5g_00000284,16.4,0,3,15,13,2.000000,166.720000,632.000000,0
simu5g_00000284,16.4,1,16,14,15,1.000000,60.160000,552.000000,0
simu5g_00000284,16.4,1,17,14,15,1.000000,67.200000,552.000000,0
simu5g_00000284,16.4,1,2,14,13,1.000000,182.080000,792.000000,0
simu5g_00000284,16.4,1,3,14,13,1.000000,191.040000,632.000000,0
simu5g_00000284,16.4,16,17,15,15,0.000000,9.600000,176.000000,1
simu5g_00000284,16.4,16,2,15,13,2.000000,170.560000,792.000000,0
simu5g_00000284,16.4,16,3,15,13,2.000000,165.440000,632.000000,0
simu5g_00000284,16.4,17,2,15,13,2.000000,177.600000,792.000000,0
simu5g_00000284,16.4,17,3,15,13,2.000000,169.920000,600.000000,0
simu5g_00000284,16.4,2,3,13,13,0.000000,204.160000,760.000000,1
simu5g_00000285,16.5,11,23,15,15,0.000000,0.000000,0.000000,0
simu5g_00000286,16.5,0,1,15,14,1.000000,58.880000,552.000000,0
simu5g_00000286,16.5,0,16,15,15,0.000000,1.280000,32.000000,1
simu5g_00000286,16.5,0,17,15,15,0.000000,8.320000,176.000000,1
simu5g_00000286,16.5,0,2,15,13,2.000000,171.840000,792.000000,0
simu5g_00000286,16.5,0,3,15,13,2.000000,166.720000,632.000000,0
simu5g_00000286,16.5,1,16,14,15,1.000000,60.160000,552.000000,0
simu5g_00000286,16.5,1,17,14,15,1.000000,67.200000,552.000000,0
simu5g_00000286,16.5,1,2,14,13,1.000000,182.080000,792.000000,0
simu5g_00000286,16.5,1,3,14,13,1.000000,191.040000,632.000000,0
simu5g_00000286,16.5,16,17,15,15,0.000000,9.600000,176.000000,1
simu5g_00000286,16.5,16,2,15,13,2.000000,170.560000,792.000000,0
simu5g_00000286,16.5,16,3,15,13,2.000000,165.440000,632.000000,0
simu5g_00000286,16.5,17,2,15,13,2.000000,177.600000,792.000000,0
simu5g_00000286,16.5,17,3,15,13,2.000000,169.920000,600.000000,0
simu5g_00000286,16.5,2,3,13,13,0.000000,204.160000,760.000000,1
simu5g_00000287,16.6,11,23,15,15,0.000000,0.000000,0.000000,0
simu5g_00000288,16.6,0,1,15,14,1.000000,58.880000,552.000000,0
simu5g_00000288,16.6,0,16,15,15,0.000000,0.000000,0.000000,0
simu5g_00000288,16.6,0,17,15,15,0.000000,38.720000,552.000000,1
simu5g_00000288,16.6,0,2,15,13,2.000000,171.840000,792.000000,0
simu5g_00000288,16.6,0,3,15,13,2.000000,166.720000,632.000000,0
simu5g_00000288,16.6,1,16,14,15,1.000000,58.880000,552.000000,0
simu5g_00000288,16.6,1,17,14,15,1.000000,97.600000,552.000000,0
simu5g_00000288,16.6,1,2,14,13,1.000000,182.080000,792.000000,0
simu5g_00000288,16.6,1,3,14,13,1.000000,191.040000,632.000000,0
simu5g_00000288,16.6,16,17,15,15,0.000000,38.720000,552.000000,1
simu5g_00000288,16.6,16,2,15,13,2.000000,171.840000,792.000000,0
simu5g_00000288,16.6,16,3,15,13,2.000000,166.720000,632.000000,0
simu5g_00000288,16.6,17,2,15,13,2.000000,177.280000,792.000000,0
simu5g_00000288,16.6,17,3,15,13,2.000000,172.160000,552.000000,0
simu5g_00000288,16.6,2,3,13,13,0.000000,204.160000,760.000000,1
simu5g_00000289,16.7,11,23,15,15,0.000000,5.120000,32.000000,1
simu5g_00000290,16.7,0,1,15,14,1.000000,58.880000,552.000000,0
simu5g_00000290,16.7,0,16,15,15,0.000000,0.000000,0.000000,0
simu5g_00000290,16.7,0,17,15,15,0.000000,38.720000,552.000000,1
simu5g_00000290,16.7,0,2,15,13,2.000000,171.840000,792.000000,0
simu5g_00000290,16.7,0,3,15,13,2.000000,166.720000,632.000000,0
simu5g_00000290,16.7,1,16,14,15,1.000000,58.880000,552.000000,0
simu5g_00000290,16.7,1,17,14,15,1.000000,97.600000,552.000000,0
simu5g_00000290,16.7,1,2,14,13,1.000000,182.080000,792.000000,0
simu5g_00000290,16.7,1,3,14,13,1.000000,191.040000,632.000000,0
simu5g_00000290,16.7,16,17,15,15,0.000000,38.720000,552.000000,1
simu5g_00000290,16.7,16,2,15,13,2.000000,171.840000,792.000000,0
simu5g_00000290,16.7,16,3,15,13,2.000000,166.720000,632.000000,0
simu5g_00000290,16.7,17,2,15,13,2.000000,177.280000,792.000000,0
simu5g_00000290,16.7,17,3,15,13,2.000000,172.160000,552.000000,0
simu5g_00000290,16.7,2,3,13,13,0.000000,204.160000,760.000000,1
simu5g_00000291,16.8,11,23,15,15,0.000000,5.120000,32.000000,1
simu5g_00000292,16.8,0,1,15,14,1.000000,58.880000,552.000000,0
simu5g_00000292,16.8,0,16,15,15,0.000000,0.000000,0.000000,0
simu5g_00000292,16.8,0,17,15,15,0.000000,38.720000,552.000000,1
simu5g_00000292,16.8,0,2,15,13,2.000000,168.640000,792.000000,0
simu5g_00000292,16.8,0,3,15,13,2.000000,166.720000,632.000000,0
simu5g_00000292,16.8,1,16,14,15,1.000000,58.880000,552.000000,0
simu5g_00000292,16.8,1,17,14,15,1.000000,97.600000,552.000000,0
simu5g_00000292,16.8,1,2,14,13,1.000000,178.880000,792.000000,0
simu5g_00000292,16.8,1,3,14,13,1.000000,191.040000,632.000000,0
simu5g_00000292,16.8,16,17,15,15,0.000000,38.720000,552.000000,1
simu5g_00000292,16.8,16,2,15,13,2.000000,168.640000,792.000000,0
simu5g_00000292,16.8,16,3,15,13,2.000000,166.720000,632.000000,0
simu5g_00000292,16.8,17,2,15,13,2.000000,174.080000,792.000000,0
simu5g_00000292,16.8,17,3,15,13,2.000000,172.160000,552.000000,0
simu5g_00000292,16.8,2,3,13,13,0.000000,207.360000,760.000000,1
simu5g_00000293,16.9,11,23,15,15,0.000000,5.120000,32.000000,1
simu5g_00000294,16.9,0,1,15,14,1.000000,58.880000,552.000000,0
simu5g_00000294,16.9,0,16,15,15,0.000000,0.000000,0.000000,0
simu5g_00000294,16.9,0,17,15,15,0.000000,38.720000,552.000000,1
simu5g_00000294,16.9,0,2,15,13,2.000000,168.640000,792.000000,0
simu5g_00000294,16.9,0,3,15,13,2.000000,166.720000,632.000000,0
simu5g_00000294,16.9,1,16,14,15,1.000000,58.880000,552.000000,0
simu5g_00000294,16.9,1,17,14,15,1.000000,97.600000,552.000000,0
simu5g_00000294,16.9,1,2,14,13,1.000000,178.880000,792.000000,0
simu5g_00000294,16.9,1,3,14,13,1.000000,191.040000,632.000000,0
simu5g_00000294,16.9,16,17,15,15,0.000000,38.720000,552.000000,1
simu5g_00000294,16.9,16,2,15,13,2.000000,168.640000,792.000000,0
simu5g_00000294,16.9,16,3,15,13,2.000000,166.720000,632.000000,0
simu5g_00000294,16.9,17,2,15,13,2.000000,174.080000,792.000000,0
simu5g_00000294,16.9,17,3,15,13,2.000000,172.160000,552.000000,0
simu5g_00000294,16.9,2,3,13,13,0.000000,207.360000,760.000000,1
simu5g_00000295,17.0,11,23,15,15,0.000000,5.120000,32.000000,1
simu5g_00000296,17.0,0,1,15,14,1.000000,77.440000,632.000000,0
simu5g_00000296,17.0,0,16,15,15,0.000000,0.000000,0.000000,0
simu5g_00000296,17.0,0,17,15,15,0.000000,38.720000,552.000000,1
simu5g_00000296,17.0,0,2,15,13,2.000000,168.640000,792.000000,0
simu5g_00000296,17.0,0,3,15,13,2.000000,166.720000,632.000000,0
simu5g_00000296,17.0,1,16,14,15,1.000000,77.440000,632.000000,0
simu5g_00000296,17.0,1,17,14,15,1.000000,116.160000,632.000000,0
simu5g_00000296,17.0,1,2,14,13,1.000000,187.200000,792.000000,0
simu5g_00000296,17.0,1,3,14,13,1.000000,185.280000,632.000000,0
simu5g_00000296,17.0,16,17,15,15,0.000000,38.720000,552.000000,1
simu5g_00000296,17.0,16,2,15,13,2.000000,168.640000,792.000000,0
simu5g_00000296,17.0,16,3,15,13,2.000000,166.720000,632.000000,0
simu5g_00000296,17.0,17,2,15,13,2.000000,174.080000,792.000000,0
simu5g_00000296,17.0,17,3,15,13,2.000000,172.160000,552.000000,0
simu5g_00000296,17.0,2,3,13,13,0.000000,207.360000,760.000000,1
simu5g_00000297,17.1,11,23,15,15,0.000000,5.120000,32.000000,1
simu5g_00000298,17.1,0,1,15,14,1.000000,77.440000,632.000000,0
simu5g_00000298,17.1,0,16,15,15,0.000000,0.000000,0.000000,0
simu5g_00000298,17.1,0,17,15,15,0.000000,38.720000,552.000000,1
simu5g_00000298,17.1,0,2,15,13,2.000000,168.640000,792.000000,0
simu5g_00000298,17.1,0,3,15,13,2.000000,166.720000,632.000000,0
simu5g_00000298,17.1,1,16,14,15,1.000000,77.440000,632.000000,0
simu5g_00000298,17.1,1,17,14,15,1.000000,116.160000,632.000000,0
simu5g_00000298,17.1,1,2,14,13,1.000000,187.200000,792.000000,0
simu5g_00000298,17.1,1,3,14,13,1.000000,185.280000,632.000000,0
simu5g_00000298,17.1,16,17,15,15,0.000000,38.720000,552.000000,1
simu5g_00000298,17.1,16,2,15,13,2.000000,168.640000,792.000000,0
simu5g_00000298,17.1,16,3,15,13,2.000000,166.720000,632.000000,0
simu5g_00000298,17.1,17,2,15,13,2.000000,174.080000,792.000000,0
simu5g_00000298,17.1,17,3,15,13,2.000000,172.160000,552.000000,0
simu5g_00000298,17.1,2,3,13,13,0.000000,207.360000,760.000000,1
simu5g_00000299,17.2,11,23,15,15,0.000000,3.840000,32.000000,1
simu5g_00000300,17.2,0,1,15,14,1.000000,77.440000,632.000000,0
simu5g_00000300,17.2,0,16,15,15,0.000000,0.000000,0.000000,0
simu5g_00000300,17.2,0,17,15,15,0.000000,38.720000,552.000000,1
simu5g_00000300,17.2,0,2,15,13,2.000000,168.640000,792.000000,0
simu5g_00000300,17.2,0,3,15,13,2.000000,166.720000,632.000000,0
simu5g_00000300,17.2,1,16,14,15,1.000000,77.440000,632.000000,0
simu5g_00000300,17.2,1,17,14,15,1.000000,116.160000,632.000000,0
simu5g_00000300,17.2,1,2,14,13,1.000000,187.200000,792.000000,0
simu5g_00000300,17.2,1,3,14,13,1.000000,185.280000,632.000000,0
simu5g_00000300,17.2,16,17,15,15,0.000000,38.720000,552.000000,1
simu5g_00000300,17.2,16,2,15,13,2.000000,168.640000,792.000000,0
simu5g_00000300,17.2,16,3,15,13,2.000000,166.720000,632.000000,0
simu5g_00000300,17.2,17,2,15,13,2.000000,174.080000,792.000000,0
simu5g_00000300,17.2,17,3,15,13,2.000000,172.160000,552.000000,0
simu5g_00000300,17.2,2,3,13,13,0.000000,207.360000,760.000000,1
simu5g_00000301,17.3,11,23,15,15,0.000000,2.560000,32.000000,1
simu5g_00000302,17.3,0,1,15,14,1.000000,77.440000,632.000000,0
simu5g_00000302,17.3,0,16,15,15,0.000000,0.000000,0.000000,0
simu5g_00000302,17.3,0,17,15,15,0.000000,38.720000,552.000000,1
simu5g_00000302,17.3,0,2,15,13,2.000000,155.840000,792.000000,0
simu5g_00000302,17.3,0,3,15,13,2.000000,166.720000,632.000000,0
simu5g_00000302,17.3,1,16,14,15,1.000000,77.440000,632.000000,0
simu5g_00000302,17.3,1,17,14,15,1.000000,116.160000,632.000000,0
simu5g_00000302,17.3,1,2,14,13,1.000000,174.400000,792.000000,0
simu5g_00000302,17.3,1,3,14,13,1.000000,185.280000,632.000000,0
simu5g_00000302,17.3,16,17,15,15,0.000000,38.720000,552.000000,1
simu5g_00000302,17.3,16,2,15,13,2.000000,155.840000,792.000000,0
simu5g_00000302,17.3,16,3,15,13,2.000000,166.720000,632.000000,0
simu5g_00000302,17.3,17,2,15,13,2.000000,161.280000,792.000000,0
simu5g_00000302,17.3,17,3,15,13,2.000000,172.160000,552.000000,0
simu5g_00000302,17.3,2,3,13,13,0.000000,206.080000,760.000000,1
simu5g_00000303,17.4,11,23,15,15,0.000000,2.560000,32.000000,1
simu5g_00000304,17.4,0,1,15,14,1.000000,77.440000,632.000000,0
simu5g_00000304,17.4,0,16,15,15,0.000000,0.000000,0.000000,0
simu5g_00000304,17.4,0,17,15,15,0.000000,38.720000,552.000000,1
simu5g_00000304,17.4,0,2,15,13,2.000000,155.840000,792.000000,0
simu5g_00000304,17.4,0,3,15,13,2.000000,166.720000,632.000000,0
simu5g_00000304,17.4,1,16,14,15,1.000000,77.440000,632.000000,0
simu5g_00000304,17.4,1,17,14,15,1.000000,116.160000,632.000000,0
simu5g_00000304,17.4,1,2,14,13,1.000000,174.400000,792.000000,0
simu5g_00000304,17.4,1,3,14,13,1.000000,185.280000,632.000000,0
simu5g_00000304,17.4,16,17,15,15,0.000000,38.720000,552.000000,1
simu5g_00000304,17.4,16,2,15,13,2.000000,155.840000,792.000000,0
simu5g_00000304,17.4,16,3,15,13,2.000000,166.720000,632.000000,0
simu5g_00000304,17.4,17,2,15,13,2.000000,161.280000,792.000000,0
simu5g_00000304,17.4,17,3,15,13,2.000000,172.160000,552.000000,0
simu5g_00000304,17.4,2,3,13,13,0.000000,206.080000,760.000000,1
simu5g_00000305,17.5,11,23,15,15,0.000000,2.560000,32.000000,1
simu5g_00000306,17.5,0,1,15,14,1.000000,74.880000,632.000000,0
simu5g_00000306,17.5,0,16,15,15,0.000000,15.360000,176.000000,1
simu5g_00000306,17.5,0,17,15,15,0.000000,34.560000,352.000000,1
simu5g_00000306,17.5,0,2,15,13,2.000000,137.280000,616.000000,0
simu5g_00000306,17.5,0,3,15,13,2.000000,174.400000,632.000000,0
simu5g_00000306,17.5,1,16,14,15,1.000000,76.160000,632.000000,0
simu5g_00000306,17.5,1,17,14,15,1.000000,95.360000,632.000000,0
simu5g_00000306,17.5,1,2,14,13,1.000000,169.920000,792.000000,0
simu5g_00000306,17.5,1,3,14,13,1.000000,186.560000,632.000000,0
simu5g_00000306,17.5,16,17,15,15,0.000000,19.200000,352.000000,1
simu5g_00000306,17.5,16,2,15,13,2.000000,152.640000,792.000000,0
simu5g_00000306,17.5,16,3,15,13,2.000000,166.720000,632.000000,0
simu5g_00000306,17.5,17,2,15,13,2.000000,161.600000,792.000000,0
simu5g_00000306,17.5,17,3,15,13,2.000000,175.680000,600.000000,0
simu5g_00000306,17.5,2,3,13,13,0.000000,202.880000,760.000000,1
simu5g_00000307,17.6,11,23,15,15,0.000000,2.560000,32.000000,1
simu5g_00000308,17.6,0,1,15,14,1.000000,97.280000,792.000000,0
simu5g_00000308,17.6,0,16,15,15,0.000000,15.360000,176.000000,1
simu5g_00000308,17.6,0,17,15,15,0.000000,34.560000,352.000000,1
simu5g_00000308,17.6,0,2,15,13,2.000000,137.280000,616.000000,0
simu5g_00000308,17.6,0,3,15,13,2.000000,174.400000,632.000000,0
simu5g_00000308,17.6,1,16,14,15,1.000000,101.120000,792.000000,0
simu5g_00000308,17.6,1,17,14,15,1.000000,117.760000,792.000000,0
simu5g_00000308,17.6,1,2,14,13,1.000000,187.200000,760.000000,0
simu5g_00000308,17.6,1,3,14,13,1.000000,189.760000,760.000000,0
simu5g_00000308,17.6,16,17,15,15,0.000000,19.200000,352.000000,1
simu5g_00000308,17.6,16,2,15,13,2.000000,152.640000,792.000000,0
simu5g_00000308,17.6,16,3,15,13,2.000000,166.720000,632.000000,0
simu5g_00000308,17.6,17,2,15,13,2.000000,161.600000,792.000000,0
simu5g_00000308,17.6,17,3,15,13,2.000000,175.680000,600.000000,0
simu5g_00000308,17.6,2,3,13,13,0.000000,202.880000,760.000000,1
simu5g_00000309,17.7,11,23,15,15,0.000000,2.560000,32.000000,1
simu5g_00000310,17.7,0,1,15,14,1.000000,97.280000,792.000000,0
simu5g_00000310,17.7,0,16,15,15,0.000000,15.360000,176.000000,1
simu5g_00000310,17.7,0,17,15,15,0.000000,34.560000,352.000000,1
simu5g_00000310,17.7,0,2,15,13,2.000000,137.280000,616.000000,0
simu5g_00000310,17.7,0,3,15,13,2.000000,174.400000,632.000000,0
simu5g_00000310,17.7,1,16,14,15,1.000000,101.120000,792.000000,0
simu5g_00000310,17.7,1,17,14,15,1.000000,117.760000,792.000000,0
simu5g_00000310,17.7,1,2,14,13,1.000000,187.200000,760.000000,0
simu5g_00000310,17.7,1,3,14,13,1.000000,189.760000,760.000000,0
simu5g_00000310,17.7,16,17,15,15,0.000000,19.200000,352.000000,1
simu5g_00000310,17.7,16,2,15,13,2.000000,152.640000,792.000000,0
simu5g_00000310,17.7,16,3,15,13,2.000000,166.720000,632.000000,0
simu5g_00000310,17.7,17,2,15,13,2.000000,161.600000,792.000000,0
simu5g_00000310,17.7,17,3,15,13,2.000000,175.680000,600.000000,0
simu5g_00000310,17.7,2,3,13,13,0.000000,202.880000,760.000000,1
simu5g_00000311,17.8,11,23,15,15,0.000000,2.560000,32.000000,1
simu5g_00000312,17.8,0,1,15,14,1.000000,97.280000,792.000000,0
simu5g_00000312,17.8,0,16,15,15,0.000000,15.360000,176.000000,1
simu5g_00000312,17.8,0,17,15,15,0.000000,34.560000,352.000000,1
simu5g_00000312,17.8,0,2,15,13,2.000000,137.280000,616.000000,0
simu5g_00000312,17.8,0,3,15,13,2.000000,174.400000,632.000000,0
simu5g_00000312,17.8,1,16,14,15,1.000000,101.120000,792.000000,0
simu5g_00000312,17.8,1,17,14,15,1.000000,117.760000,792.000000,0
simu5g_00000312,17.8,1,2,14,13,1.000000,187.200000,760.000000,0
simu5g_00000312,17.8,1,3,14,13,1.000000,189.760000,760.000000,0
simu5g_00000312,17.8,16,17,15,15,0.000000,19.200000,352.000000,1
simu5g_00000312,17.8,16,2,15,13,2.000000,152.640000,792.000000,0
simu5g_00000312,17.8,16,3,15,13,2.000000,166.720000,632.000000,0
simu5g_00000312,17.8,17,2,15,13,2.000000,161.600000,792.000000,0
simu5g_00000312,17.8,17,3,15,13,2.000000,175.680000,600.000000,0
simu5g_00000312,17.8,2,3,13,13,0.000000,202.880000,760.000000,1
simu5g_00000313,17.9,11,23,15,15,0.000000,0.000000,0.000000,0
simu5g_00000314,17.9,0,1,15,14,1.000000,97.280000,792.000000,0
simu5g_00000314,17.9,0,16,15,15,0.000000,15.360000,176.000000,1
simu5g_00000314,17.9,0,17,15,15,0.000000,34.560000,352.000000,1
simu5g_00000314,17.9,0,2,15,13,2.000000,137.280000,616.000000,0
simu5g_00000314,17.9,0,3,15,13,2.000000,174.400000,632.000000,0
simu5g_00000314,17.9,1,16,14,15,1.000000,101.120000,792.000000,0
simu5g_00000314,17.9,1,17,14,15,1.000000,117.760000,792.000000,0
simu5g_00000314,17.9,1,2,14,13,1.000000,187.200000,760.000000,0
simu5g_00000314,17.9,1,3,14,13,1.000000,189.760000,760.000000,0
simu5g_00000314,17.9,16,17,15,15,0.000000,19.200000,352.000000,1
simu5g_00000314,17.9,16,2,15,13,2.000000,152.640000,792.000000,0
simu5g_00000314,17.9,16,3,15,13,2.000000,166.720000,632.000000,0
simu5g_00000314,17.9,17,2,15,13,2.000000,161.600000,792.000000,0
simu5g_00000314,17.9,17,3,15,13,2.000000,175.680000,600.000000,0
simu5g_00000314,17.9,2,3,13,13,0.000000,202.880000,760.000000,1
simu5g_00000315,18.0,11,23,15,15,0.000000,0.000000,0.000000,0
simu5g_00000316,18.0,0,1,15,14,1.000000,98.560000,792.000000,0
simu5g_00000316,18.0,0,16,15,15,0.000000,2.560000,32.000000,1
simu5g_00000316,18.0,0,17,15,15,0.000000,21.760000,352.000000,1
simu5g_00000316,18.0,0,2,15,13,2.000000,150.080000,760.000000,0
simu5g_00000316,18.0,0,3,15,13,2.000000,164.160000,632.000000,0
simu5g_00000316,18.0,1,16,14,15,1.000000,101.120000,792.000000,0
simu5g_00000316,18.0,1,17,14,15,1.000000,117.760000,792.000000,0
simu5g_00000316,18.0,1,2,14,13,1.000000,187.200000,760.000000,0
simu5g_00000316,18.0,1,3,14,13,1.000000,189.760000,760.000000,0
simu5g_00000316,18.0,16,17,15,15,0.000000,19.200000,352.000000,1
simu5g_00000316,18.0,16,2,15,13,2.000000,152.640000,792.000000,0
simu5g_00000316,18.0,16,3,15,13,2.000000,166.720000,632.000000,0
simu5g_00000316,18.0,17,2,15,13,2.000000,161.600000,792.000000,0
simu5g_00000316,18.0,17,3,15,13,2.000000,175.680000,600.000000,0
simu5g_00000316,18.0,2,3,13,13,0.000000,202.880000,760.000000,1
simu5g_00000317,18.1,11,23,15,15,0.000000,0.000000,0.000000,0
simu5g_00000318,18.1,0,1,15,14,1.000000,98.560000,792.000000,0
simu5g_00000318,18.1,0,16,15,15,0.000000,2.560000,32.000000,1
simu5g_00000318,18.1,0,17,15,15,0.000000,21.760000,352.000000,1
simu5g_00000318,18.1,0,2,15,13,2.000000,150.080000,760.000000,0
simu5g_00000318,18.1,0,3,15,13,2.000000,164.160000,632.000000,0
simu5g_00000318,18.1,1,16,14,15,1.000000,101.120000,792.000000,0
simu5g_00000318,18.1,1,17,14,15,1.000000,117.760000,792.000000,0
simu5g_00000318,18.1,1,2,14,13,1.000000,187.200000,760.000000,0
simu5g_00000318,18.1,1,3,14,13,1.000000,189.760000,760.000000,0
simu5g_00000318,18.1,16,17,15,15,0.000000,19.200000,352.000000,1
simu5g_00000318,18.1,16,2,15,13,2.000000,152.640000,792.000000,0
simu5g_00000318,18.1,16,3,15,13,2.000000,166.720000,632.000000,0
simu5g_00000318,18.1,17,2,15,13,2.000000,161.600000,792.000000,0
simu5g_00000318,18.1,17,3,15,13,2.000000,175.680000,600.000000,0
simu5g_00000318,18.1,2,3,13,13,0.000000,202.880000,760.000000,1
simu5g_00000319,18.2,11,23,15,15,0.000000,0.000000,0.000000,0
simu5g_00000320,18.2,0,1,15,14,1.000000,88.320000,728.000000,0
simu5g_00000320,18.2,0,16,15,15,0.000000,2.560000,32.000000,1
simu5g_00000320,18.2,0,17,15,15,0.000000,21.760000,352.000000,1
simu5g_00000320,18.2,0,2,15,13,2.000000,150.080000,760.000000,0
simu5g_00000320,18.2,0,3,15,13,2.000000,164.160000,632.000000,0
simu5g_00000320,18.2,1,16,14,15,1.000000,88.320000,728.000000,0
simu5g_00000320,18.2,1,17,14,15,1.000000,104.960000,728.000000,0
simu5g_00000320,18.2,1,2,14,13,1.000000,179.520000,792.000000,0
simu5g_00000320,18.2,1,3,14,13,1.000000,182.080000,696.000000,0
simu5g_00000320,18.2,16,17,15,15,0.000000,19.200000,352.000000,1
simu5g_00000320,18.2,16,2,15,13,2.000000,152.640000,792.000000,0
simu5g_00000320,18.2,16,3,15,13,2.000000,166.720000,632.000000,0
simu5g_00000320,18.2,17,2,15,13,2.000000,161.600000,792.000000,0
simu5g_00000320,18.2,17,3,15,13,2.000000,175.680000,600.000000,0
simu5g_00000320,18.2,2,3,13,13,0.000000,202.880000,760.000000,1
simu5g_00000321,18.3,11,23,15,15,0.000000,0.000000,0.000000,0
simu5g_00000322,18.3,0,1,15,14,1.000000,88.320000,728.000000,0
simu5g_00000322,18.3,0,16,15,15,0.000000,2.560000,32.000000,1
simu5g_00000322,18.3,0,17,15,15,0.000000,20.480000,352.000000,1
simu5g_00000322,18.3,0,2,15,13,2.000000,150.080000,760.000000,0
simu5g_00000322,18.3,0,3,15,13,2.000000,164.160000,632.000000,0
simu5g_00000322,18.3,1,16,14,15,1.000000,88.320000,728.000000,0
simu5g_00000322,18.3,1,17,14,15,1.000000,103.680000,728.000000,0
simu5g_00000322,18.3,1,2,14,13,1.000000,179.520000,792.000000,0
simu5g_00000322,18.3,1,3,14,13,1.000000,182.080000,696.000000,0
simu5g_00000322,18.3,16,17,15,15,0.000000,17.920000,352.000000,1
simu5g_00000322,18.3,16,2,15,13,2.000000,152.640000,792.000000,0
simu5g_00000322,18.3,16,3,15,13,2.000000,166.720000,632.000000,0
simu5g_00000322,18.3,17,2,15,13,2.000000,162.880000,792.000000,0
simu5g_00000322,18.3,17,3,15,13,2.000000,176.960000,600.000000,0
simu5g_00000322,18.3,2,3,13,13,0.000000,202.880000,760.000000,1
simu5g_00000323,18.4,11,23,15,15,0.000000,0.000000,0.000000,0
simu5g_00000324,18.4,0,1,15,14,1.000000,87.040000,728.000000,0
simu5g_00000324,18.4,0,16,15,15,0.000000,5.120000,32.000000,1
simu5g_00000324,18.4,0,17,15,15,0.000000,21.760000,352.000000,1
simu5g_00000324,18.4,0,2,15,13,2.000000,155.200000,760.000000,0
simu5g_00000324,18.4,0,3,15,13,2.000000,115.840000,552.000000,0
simu5g_00000324,18.4,1,16,14,15,1.000000,89.600000,728.000000,0
simu5g_00000324,18.4,1,17,14,15,1.000000,103.680000,728.000000,0
simu5g_00000324,18.4,1,2,14,13,1.000000,185.920000,792.000000,0
simu5g_00000324,18.4,1,3,14,13,1.000000,158.080000,696.000000,0
simu5g_00000324,18.4,16,17,15,15,0.000000,19.200000,352.000000,1
simu5g_00000324,18.4,16,2,15,13,2.000000,157.760000,792.000000,0
simu5g_00000324,18.4,16,3,15,13,2.000000,118.400000,552.000000,0
simu5g_00000324,18.4,17,2,15,13,2.000000,169.280000,792.000000,0
simu5g_00000324,18.4,17,3,15,13,2.000000,129.920000,520.000000,0
simu5g_00000324,18.4,2,3,13,13,0.000000,185.280000,760.000000,1
simu5g_00000325,18.5,11,23,15,15,0.000000,1.280000,32.000000,1
simu5g_00000326,18.5,0,1,15,14,1.000000,87.040000,728.000000,0
simu5g_00000326,18.5,0,16,15,15,0.000000,5.120000,32.000000,1
simu5g_00000326,18.5,0,17,15,15,0.000000,21.760000,352.000000,1
simu5g_00000326,18.5,0,2,15,13,2.000000,155.200000,760.000000,0
simu5g_00000326,18.5,0,3,15,13,2.000000,115.840000,552.000000,0
simu5g_00000326,18.5,1,16,14,15,1.000000,89.600000,728.000000,0
simu5g_00000326,18.5,1,17,14,15,1.000000,103.680000,728.000000,0
simu5g_00000326,18.5,1,2,14,13,1.000000,185.920000,792.000000,0
simu5g_00000326,18.5,1,3,14,13,1.000000,158.080000,696.000000,0
simu5g_00000326,18.5,16,17,15,15,0.000000,19.200000,352.000000,1
simu5g_00000326,18.5,16,2,15,13,2.000000,157.760000,792.000000,0
simu5g_00000326,18.5,16,3,15,13,2.000000,118.400000,552.000000,0
simu5g_00000326,18.5,17,2,15,13,2.000000,169.280000,792.000000,0
simu5g_00000326,18.5,17,3,15,13,2.000000,129.920000,520.000000,0
simu5g_00000326,18.5,2,3,13,13,0.000000,185.280000,760.000000,1
simu5g_00000327,18.6,11,23,15,15,0.000000,1.280000,32.000000,1
simu5g_00000328,18.6,0,1,15,14,1.000000,87.040000,728.000000,0
simu5g_00000328,18.6,0,16,15,15,0.000000,5.120000,32.000000,1
simu5g_00000328,18.6,0,17,15,15,0.000000,21.760000,352.000000,1
simu5g_00000328,18.6,0,2,15,13,2.000000,152.000000,760.000000,0
simu5g_00000328,18.6,0,3,15,13,2.000000,114.560000,552.000000,0
simu5g_00000328,18.6,1,16,14,15,1.000000,89.600000,728.000000,0
simu5g_00000328,18.6,1,17,14,15,1.000000,103.680000,728.000000,0
simu5g_00000328,18.6,1,2,14,13,1.000000,182.720000,792.000000,0
simu5g_00000328,18.6,1,3,14,13,1.000000,156.800000,696.000000,0
simu5g_00000328,18.6,16,17,15,15,0.000000,19.200000,352.000000,1
simu5g_00000328,18.6,16,2,15,13,2.000000,154.560000,792.000000,0
simu5g_00000328,18.6,16,3,15,13,2.000000,117.120000,552.000000,0
simu5g_00000328,18.6,17,2,15,13,2.000000,166.080000,792.000000,0
simu5g_00000328,18.6,17,3,15,13,2.000000,128.640000,520.000000,0
simu5g_00000328,18.6,2,3,13,13,0.000000,183.360000,760.000000,1
simu5g_00000329,18.7,11,23,15,15,0.000000,1.280000,32.000000,1
simu5g_00000330,18.7,0,1,15,14,1.000000,87.040000,728.000000,0
simu5g_00000330,18.7,0,16,15,15,0.000000,5.120000,32.000000,1
simu5g_00000330,18.7,0,17,15,15,0.000000,21.760000,352.000000,1
simu5g_00000330,18.7,0,2,15,13,2.000000,152.000000,760.000000,0
simu5g_00000330,18.7,0,3,15,13,2.000000,114.560000,552.000000,0
simu5g_00000330,18.7,1,16,14,15,1.000000,89.600000,728.000000,0
simu5g_00000330,18.7,1,17,14,15,1.000000,103.680000,728.000000,0
simu5g_00000330,18.7,1,2,14,13,1.000000,182.720000,792.000000,0
simu5g_00000330,18.7,1,3,14,13,1.000000,156.800000,696.000000,0
simu5g_00000330,18.7,16,17,15,15,0.000000,19.200000,352.000000,1
simu5g_00000330,18.7,16,2,15,13,2.000000,154.560000,792.000000,0
simu5g_00000330,18.7,16,3,15,13,2.000000,117.120000,552.000000,0
simu5g_00000330,18.7,17,2,15,13,2.000000,166.080000,792.000000,0
simu5g_00000330,18.7,17,3,15,13,2.000000,128.640000,520.000000,0
simu5g_00000330,18.7,2,3,13,13,0.000000,183.360000,760.000000,1
simu5g_00000331,18.8,11,23,15,15,0.000000,1.280000,32.000000,1
simu5g_00000332,18.8,0,1,15,14,1.000000,82.560000,728.000000,0
simu5g_00000332,18.8,0,16,15,15,0.000000,1.280000,32.000000,1
simu5g_00000332,18.8,0,17,15,15,0.000000,17.920000,352.000000,1
simu5g_00000332,18.8,0,2,15,13,2.000000,155.840000,792.000000,0
simu5g_00000332,18.8,0,3,15,13,2.000000,118.400000,552.000000,0
simu5g_00000332,18.8,1,16,14,15,1.000000,83.840000,728.000000,0
simu5g_00000332,18.8,1,17,14,15,1.000000,97.920000,728.000000,0
simu5g_00000332,18.8,1,2,14,13,1.000000,176.960000,792.000000,0
simu5g_00000332,18.8,1,3,14,13,1.000000,162.560000,696.000000,0
simu5g_00000332,18.8,16,17,15,15,0.000000,19.200000,352.000000,1
simu5g_00000332,18.8,16,2,15,13,2.000000,154.560000,792.000000,0
simu5g_00000332,18.8,16,3,15,13,2.000000,117.120000,552.000000,0
simu5g_00000332,18.8,17,2,15,13,2.000000,166.080000,792.000000,0
simu5g_00000332,18.8,17,3,15,13,2.000000,128.640000,520.000000,0
simu5g_00000332,18.8,2,3,13,13,0.000000,183.360000,760.000000,1
simu5g_00000333,18.9,11,23,15,15,0.000000,1.280000,32.000000,1
simu5g_00000334,18.9,0,1,15,14,1.000000,82.560000,728.000000,0
simu5g_00000334,18.9,0,16,15,15,0.000000,2.560000,32.000000,1
simu5g_00000334,18.9,0,17,15,15,0.000000,17.920000,352.000000,1
simu5g_00000334,18.9,0,2,15,13,2.000000,155.840000,792.000000,0
simu5g_00000334,18.9,0,3,15,13,2.000000,118.400000,552.000000,0
simu5g_00000334,18.9,1,16,14,15,1.000000,82.560000,728.000000,0
simu5g_00000334,18.9,1,17,14,15,1.000000,97.920000,728.000000,0
simu5g_00000334,18.9,1,2,14,13,1.000000,176.960000,792.000000,0
simu5g_00000334,18.9,1,3,14,13,1.000000,162.560000,696.000000,0
simu5g_00000334,18.9,16,17,15,15,0.000000,20.480000,352.000000,1
simu5g_00000334,18.9,16,2,15,13,2.000000,153.280000,792.000000,0
simu5g_00000334,18.9,16,3,15,13,2.000000,115.840000,552.000000,0
simu5g_00000334,18.9,17,2,15,13,2.000000,166.080000,792.000000,0
simu5g_00000334,18.9,17,3,15,13,2.000000,128.640000,520.000000,0
simu5g_00000334,18.9,2,3,13,13,0.000000,183.360000,760.000000,1
simu5g_00000335,19.0,11,23,15,15,0.000000,0.000000,0.000000,0
simu5g_00000336,19.0,0,1,15,14,1.000000,82.560000,728.000000,0
simu5g_00000336,19.0,0,16,15,15,0.000000,2.560000,32.000000,1
simu5g_00000336,19.0,0,17,15,15,0.000000,17.920000,352.000000,1
simu5g_00000336,19.0,0,2,15,13,2.000000,155.840000,792.000000,0
simu5g_00000336,19.0,0,3,15,13,2.000000,118.400000,552.000000,0
simu5g_00000336,19.0,1,16,14,15,1.000000,82.560000,728.000000,0
simu5g_00000336,19.0,1,17,14,15,1.000000,97.920000,728.000000,0
simu5g_00000336,19.0,1,2,14,13,1.000000,176.960000,792.000000,0
simu5g_00000336,19.0,1,3,14,13,1.000000,162.560000,696.000000,0
simu5g_00000336,19.0,16,17,15,15,0.000000,20.480000,352.000000,1
simu5g_00000336,19.0,16,2,15,13,2.000000,153.280000,792.000000,0
simu5g_00000336,19.0,16,3,15,13,2.000000,115.840000,552.000000,0
simu5g_00000336,19.0,17,2,15,13,2.000000,166.080000,792.000000,0
simu5g_00000336,19.0,17,3,15,13,2.000000,128.640000,520.000000,0
simu5g_00000336,19.0,2,3,13,13,0.000000,183.360000,760.000000,1
simu5g_00000337,19.1,11,23,15,15,0.000000,0.000000,0.000000,0
simu5g_00000338,19.1,0,1,15,14,1.000000,82.560000,728.000000,0
simu5g_00000338,19.1,0,16,15,15,0.000000,2.560000,32.000000,1
simu5g_00000338,19.1,0,17,15,15,0.000000,38.720000,552.000000,1
simu5g_00000338,19.1,0,2,15,13,2.000000,155.840000,792.000000,0
simu5g_00000338,19.1,0,3,15,13,2.000000,118.400000,552.000000,0
simu5g_00000338,19.1,1,16,14,15,1.000000,82.560000,728.000000,0
simu5g_00000338,19.1,1,17,14,15,1.000000,118.720000,728.000000,0
simu5g_00000338,19.1,1,2,14,13,1.000000,176.960000,792.000000,0
simu5g_00000338,19.1,1,3,14,13,1.000000,162.560000,696.000000,0
simu5g_00000338,19.1,16,17,15,15,0.000000,41.280000,552.000000,1
simu5g_00000338,19.1,16,2,15,13,2.000000,153.280000,792.000000,0
simu5g_00000338,19.1,16,3,15,13,2.000000,115.840000,552.000000,0
simu5g_00000338,19.1,17,2,15,13,2.000000,161.280000,792.000000,0
simu5g_00000338,19.1,17,3,15,13,2.000000,135.360000,520.000000,0
simu5g_00000338,19.1,2,3,13,13,0.000000,183.360000,760.000000,1
simu5g_00000339,19.2,11,23,15,15,0.000000,0.000000,0.000000,0
simu5g_00000340,19.2,0,1,15,14,1.000000,78.720000,696.000000,0
simu5g_00000340,19.2,0,16,15,15,0.000000,17.920000,176.000000,1
simu5g_00000340,19.2,0,17,15,15,0.000000,56.640000,552.000000,1
simu5g_00000340,19.2,0,2,15,13,2.000000,134.720000,616.000000,0
simu5g_00000340,19.2,0,3,15,13,2.000000,123.520000,552.000000,0
simu5g_00000340,19.2,1,16,14,15,1.000000,82.560000,728.000000,0
simu5g_00000340,19.2,1,17,14,15,1.000000,118.720000,728.000000,0
simu5g_00000340,19.2,1,2,14,13,1.000000,173.760000,792.000000,0
simu5g_00000340,19.2,1,3,14,13,1.000000,162.560000,696.000000,0
simu5g_00000340,19.2,16,17,15,15,0.000000,41.280000,552.000000,1
simu5g_00000340,19.2,16,2,15,13,2.000000,150.080000,792.000000,0
simu5g_00000340,19.2,16,3,15,13,2.000000,115.840000,552.000000,0
simu5g_00000340,19.2,17,2,15,13,2.000000,158.080000,792.000000,0
simu5g_00000340,19.2,17,3,15,13,2.000000,135.360000,520.000000,0
simu5g_00000340,19.2,2,3,13,13,0.000000,180.160000,760.000000,1
simu5g_00000341,19.3,11,23,15,15,0.000000,0.000000,0.000000,0
simu5g_00000342,19.3,0,1,15,14,1.000000,78.720000,696.000000,0
simu5g_00000342,19.3,0,16,15,15,0.000000,17.920000,176.000000,1
simu5g_00000342,19.3,0,17,15,15,0.000000,56.640000,552.000000,1
simu5g_00000342,19.3,0,2,15,13,2.000000,134.720000,616.000000,0
simu5g_00000342,19.3,0,3,15,13,2.000000,123.520000,552.000000,0
simu5g_00000342,19.3,1,16,14,15,1.000000,82.560000,728.000000,0
simu5g_00000342,19.3,1,17,14,15,1.000000,118.720000,728.000000,0
simu5g_00000342,19.3,1,2,14,13,1.000000,173.760000,792.000000,0
simu5g_00000342,19.3,1,3,14,13,1.000000,162.560000,696.000000,0
simu5g_00000342,19.3,16,17,15,15,0.000000,41.280000,552.000000,1
simu5g_00000342,19.3,16,2,15,13,2.000000,150.080000,792.000000,0
simu5g_00000342,19.3,16,3,15,13,2.000000,115.840000,552.000000,0
simu5g_00000342,19.3,17,2,15,13,2.000000,158.080000,792.000000,0
simu5g_00000342,19.3,17,3,15,13,2.000000,135.360000,520.000000,0
simu5g_00000342,19.3,2,3,13,13,0.000000,180.160000,760.000000,1
simu5g_00000343,19.4,11,23,15,15,0.000000,0.000000,0.000000,0
simu5g_00000344,19.4,0,1,15,14,1.000000,73.600000,632.000000,0
simu5g_00000344,19.4,0,16,15,15,0.000000,21.760000,176.000000,1
simu5g_00000344,19.4,0,17,15,15,0.000000,56.640000,552.000000,1
simu5g_00000344,19.4,0,2,15,13,2.000000,120.640000,616.000000,0
simu5g_00000344,19.4,0,3,15,13,2.000000,123.520000,552.000000,0
simu5g_00000344,19.4,1,16,14,15,1.000000,73.600000,632.000000,0
simu5g_00000344,19.4,1,17,14,15,1.000000,116.160000,632.000000,0
simu5g_00000344,19.4,1,2,14,13,1.000000,159.680000,792.000000,0
simu5g_00000344,19.4,1,3,14,13,1.000000,160.000000,600.000000,0
simu5g_00000344,19.4,16,17,15,15,0.000000,56.640000,552.000000,1
simu5g_00000344,19.4,16,2,15,13,2.000000,120.640000,792.000000,0
simu5g_00000344,19.4,16,3,15,13,2.000000,112.000000,552.000000,0
simu5g_00000344,19.4,17,2,15,13,2.000000,146.560000,792.000000,0
simu5g_00000344,19.4,17,3,15,13,2.000000,135.360000,520.000000,0
simu5g_00000344,19.4,2,3,13,13,0.000000,182.720000,760.000000,1
simu5g_00000345,19.5,11,23,15,15,0.000000,0.000000,0.000000,0
simu5g_00000346,19.5,0,1,15,14,1.000000,73.600000,632.000000,0
simu5g_00000346,19.5,0,16,15,15,0.000000,21.760000,176.000000,1
simu5g_00000346,19.5,0,17,15,15,0.000000,56.640000,552.000000,1
simu5g_00000346,19.5,0,2,15,13,2.000000,120.640000,616.000000,0
simu5g_00000346,19.5,0,3,15,13,2.000000,123.520000,552.000000,0
simu5g_00000346,19.5,1,16,14,15,1.000000,73.600000,632.000000,0
simu5g_00000346,19.5,1,17,14,15,1.000000,116.160000,632.000000,0
simu5g_00000346,19.5,1,2,14,13,1.000000,159.680000,792.000000,0
simu5g_00000346,19.5,1,3,14,13,1.000000,160.000000,600.000000,0
simu5g_00000346,19.5,16,17,15,15,0.000000,56.640000,552.000000,1
simu5g_00000346,19.5,16,2,15,13,2.000000,120.640000,792.000000,0
simu5g_00000346,19.5,16,3,15,13,2.000000,112.000000,552.000000,0
simu5g_00000346,19.5,17,2,15,13,2.000000,146.560000,792.000000,0
simu5g_00000346,19.5,17,3,15,13,2.000000,135.360000,520.000000,0
simu5g_00000346,19.5,2,3,13,13,0.000000,182.720000,760.000000,1
simu5g_00000347,19.6,11,23,15,15,0.000000,0.000000,0.000000,0
simu5g_00000348,19.6,0,1,15,14,1.000000,76.160000,632.000000,0
simu5g_00000348,19.6,0,16,15,15,0.000000,19.200000,176.000000,1
simu5g_00000348,19.6,0,17,15,15,0.000000,54.080000,552.000000,1
simu5g_00000348,19.6,0,2,15,13,2.000000,123.200000,616.000000,0
simu5g_00000348,19.6,0,3,15,13,2.000000,126.080000,552.000000,0
simu5g_00000348,19.6,1,16,14,15,1.000000,73.600000,632.000000,0
simu5g_00000348,19.6,1,17,14,15,1.000000,116.160000,632.000000,0
simu5g_00000348,19.6,1,2,14,13,1.000000,159.680000,792.000000,0
simu5g_00000348,19.6,1,3,14,13,1.000000,160.000000,600.000000,0
simu5g_00000348,19.6,16,17,15,15,0.000000,56.640000,552.000000,1
simu5g_00000348,19.6,16,2,15,13,2.000000,120.640000,792.000000,0
simu5g_00000348,19.6,16,3,15,13,2.000000,112.000000,552.000000,0
simu5g_00000348,19.6,17,2,15,13,2.000000,146.560000,792.000000,0
simu5g_00000348,19.6,17,3,15,13,2.000000,135.360000,520.000000,0
simu5g_00000348,19.6,2,3,13,13,0.000000,182.720000,760.000000,1
simu5g_00000349,19.7,11,23,15,15,0.000000,0.000000,0.000000,0
simu5g_00000350,19.7,0,1,15,14,1.000000,76.160000,632.000000,0
simu5g_00000350,19.7,0,16,15,15,0.000000,19.200000,176.000000,1
simu5g_00000350,19.7,0,17,15,15,0.000000,54.080000,552.000000,1
simu5g_00000350,19.7,0,2,15,13,2.000000,121.920000,616.000000,0
simu5g_00000350,19.7,0,3,15,13,2.000000,126.080000,552.000000,0
simu5g_00000350,19.7,1,16,14,15,1.000000,73.600000,632.000000,0
simu5g_00000350,19.7,1,17,14,15,1.000000,116.160000,632.000000,0
simu5g_00000350,19.7,1,2,14,13,1.000000,160.960000,792.000000,0
simu5g_00000350,19.7,1,3,14,13,1.000000,160.000000,600.000000,0
simu5g_00000350,19.7,16,17,15,15,0.000000,56.640000,552.000000,1
simu5g_00000350,19.7,16,2,15,13,2.000000,119.360000,792.000000,0
simu5g_00000350,19.7,16,3,15,13,2.000000,112.000000,552.000000,0
simu5g_00000350,19.7,17,2,15,13,2.000000,145.280000,792.000000,0
simu5g_00000350,19.7,17,3,15,13,2.000000,135.360000,520.000000,0
simu5g_00000350,19.7,2,3,13,13,0.000000,184.000000,760.000000,1
simu5g_00000351,19.8,11,23,15,15,0.000000,0.000000,0.000000,0
simu5g_00000352,19.8,0,1,15,14,1.000000,76.160000,632.000000,0
simu5g_00000352,19.8,0,16,15,15,0.000000,19.200000,176.000000,1
simu5g_00000352,19.8,0,17,15,15,0.000000,23.680000,176.000000,1
simu5g_00000352,19.8,0,2,15,13,2.000000,121.920000,616.000000,0
simu5g_00000352,19.8,0,3,15,13,2.000000,126.080000,552.000000,0
simu5g_00000352,19.8,1,16,14,15,1.000000,73.600000,632.000000,0
simu5g_00000352,19.8,1,17,14,15,1.000000,85.760000,632.000000,0
simu5g_00000352,19.8,1,2,14,13,1.000000,160.960000,792.000000,0
simu5g_00000352,19.8,1,3,14,13,1.000000,160.000000,600.000000,0
simu5g_00000352,19.8,16,17,15,15,0.000000,26.240000,176.000000,1
simu5g_00000352,19.8,16,2,15,13,2.000000,119.360000,792.000000,0
simu5g_00000352,19.8,16,3,15,13,2.000000,112.000000,552.000000,0
simu5g_00000352,19.8,17,2,15,13,2.000000,143.040000,792.000000,0
simu5g_00000352,19.8,17,3,15,13,2.000000,121.600000,520.000000,0
simu5g_00000352,19.8,2,3,13,13,0.000000,184.000000,760.000000,1
simu5g_00000353,19.9,11,23,15,15,0.000000,0.000000,0.000000,0
simu5g_00000354,19.9,0,1,15,13,2.000000,119.680000,792.000000,0
simu5g_00000354,19.9,0,16,15,15,0.000000,16.640000,176.000000,1
simu5g_00000354,19.9,0,17,15,15,0.000000,23.680000,176.000000,1
simu5g_00000354,19.9,0,2,15,13,2.000000,121.920000,616.000000,0
simu5g_00000354,19.9,0,3,15,13,2.000000,126.080000,552.000000,0
simu5g_00000354,19.9,1,16,13,15,2.000000,119.680000,792.000000,0
simu5g_00000354,19.9,1,17,13,15,2.000000,129.280000,792.000000,0
simu5g_00000354,19.9,1,2,13,13,0.000000,171.200000,792.000000,1
simu5g_00000354,19.9,1,3,13,13,0.000000,184.320000,760.000000,1
simu5g_00000354,19.9,16,17,15,15,0.000000,23.680000,176.000000,1
simu5g_00000354,19.9,16,2,15,13,2.000000,121.920000,792.000000,0
simu5g_00000354,19.9,16,3,15,13,2.000000,114.560000,552.000000,0
simu5g_00000354,19.9,17,2,15,13,2.000000,143.040000,792.000000,0
simu5g_00000354,19.9,17,3,15,13,2.000000,121.600000,520.000000,0
simu5g_00000354,19.9,2,3,13,13,0.000000,184.000000,760.000000,1
simu5g_00000355,20.0,11,23,15,15,0.000000,0.000000,0.000000,0
simu5g_00000356,20.0,0,1,15,13,2.000000,123.520000,792.000000,0
simu5g_00000356,20.0,0,16,15,15,0.000000,15.360000,176.000000,1
simu5g_00000356,20.0,0,17,15,15,0.000000,8.320000,176.000000,1
simu5g_00000356,20.0,0,2,15,13,2.000000,137.280000,792.000000,0
simu5g_00000356,20.0,0,3,15,13,2.000000,185.280000,632.000000,0
simu5g_00000356,20.0,1,16,13,15,2.000000,119.680000,792.000000,0
simu5g_00000356,20.0,1,17,13,15,2.000000,129.280000,792.000000,0
simu5g_00000356,20.0,1,2,13,13,0.000000,171.200000,792.000000,1
simu5g_00000356,20.0,1,3,13,13,0.000000,202.560000,760.000000,1
simu5g_00000356,20.0,16,17,15,15,0.000000,23.680000,176.000000,1
simu5g_00000356,20.0,16,2,15,13,2.000000,121.920000,792.000000,0
simu5g_00000356,20.0,16,3,15,13,2.000000,181.440000,632.000000,0
simu5g_00000356,20.0,17,2,15,13,2.000000,143.040000,792.000000,0
simu5g_00000356,20.0,17,3,15,13,2.000000,188.480000,600.000000,0
simu5g_00000356,20.0,2,3,13,13,0.000000,211.200000,760.000000,1
simu5g_00000357,20.1,11,23,15,15,0.000000,0.000000,0.000000,0
simu5g_00000358,20.1,0,1,15,13,2.000000,123.520000,792.000000,0
simu5g_00000358,20.1,0,16,15,15,0.000000,15.360000,176.000000,1
simu5g_00000358,20.1,0,17,15,15,0.000000,8.320000,176.000000,1
simu5g_00000358,20.1,0,2,15,13,2.000000,137.280000,792.000000,0
simu5g_00000358,20.1,0,3,15,13,2.000000,181.440000,632.000000,0
simu5g_00000358,20.1,1,16,13,15,2.000000,119.680000,792.000000,0
simu5g_00000358,20.1,1,17,13,15,2.000000,129.280000,792.000000,0
simu5g_00000358,20.1,1,2,13,13,0.000000,171.200000,792.000000,1
simu5g_00000358,20.1,1,3,13,13,0.000000,198.720000,760.000000,1
simu5g_00000358,20.1,16,17,15,15,0.000000,23.680000,176.000000,1
simu5g_00000358,20.1,16,2,15,13,2.000000,121.920000,792.000000,0
simu5g_00000358,20.1,16,3,15,13,2.000000,177.600000,632.000000,0
simu5g_00000358,20.1,17,2,15,13,2.000000,143.040000,792.000000,0
simu5g_00000358,20.1,17,3,15,13,2.000000,184.640000,600.000000,0
simu5g_00000358,20.1,2,3,13,13,0.000000,207.360000,760.000000,1
simu5g_00000359,20.2,11,23,15,15,0.000000,0.000000,0.000000,0
simu5g_00000360,20.2,0,1,15,13,2.000000,123.520000,792.000000,0
simu5g_00000360,20.2,0,16,15,15,0.000000,15.360000,176.000000,1
simu5g_00000360,20.2,0,17,15,15,0.000000,8.320000,176.000000,1
simu5g_00000360,20.2,0,2,15,13,2.000000,137.280000,792.000000,0
simu5g_00000360,20.2,0,3,15,13,2.000000,181.440000,632.000000,0
simu5g_00000360,20.2,1,16,13,15,2.000000,119.680000,792.000000,0
simu5g_00000360,20.2,1,17,13,15,2.000000,129.280000,792.000000,0
simu5g_00000360,20.2,1,2,13,13,0.000000,171.200000,792.000000,1
simu5g_00000360,20.2,1,3,13,13,0.000000,198.720000,760.000000,1
simu5g_00000360,20.2,16,17,15,15,0.000000,23.680000,176.000000,1
simu5g_00000360,20.2,16,2,15,13,2.000000,121.920000,792.000000,0
simu5g_00000360,20.2,16,3,15,13,2.000000,177.600000,632.000000,0
simu5g_00000360,20.2,17,2,15,13,2.000000,143.040000,792.000000,0
simu5g_00000360,20.2,17,3,15,13,2.000000,184.640000,600.000000,0
simu5g_00000360,20.2,2,3,13,13,0.000000,207.360000,760.000000,1
simu5g_00000361,20.3,11,23,15,15,0.000000,0.000000,0.000000,0
simu5g_00000362,20.3,0,1,15,13,2.000000,123.520000,792.000000,0
simu5g_00000362,20.3,0,16,15,15,0.000000,15.360000,176.000000,1
simu5g_00000362,20.3,0,17,15,15,0.000000,8.320000,176.000000,1
simu5g_00000362,20.3,0,2,15,15,0.000000,7.040000,176.000000,1
simu5g_00000362,20.3,0,3,15,13,2.000000,181.440000,632.000000,0
simu5g_00000362,20.3,1,16,13,15,2.000000,119.680000,792.000000,0
simu5g_00000362,20.3,1,17,13,15,2.000000,129.280000,792.000000,0
simu5g_00000362,20.3,1,2,13,15,2.000000,128.000000,792.000000,0
simu5g_00000362,20.3,1,3,13,13,0.000000,198.720000,760.000000,1
simu5g_00000362,20.3,16,17,15,15,0.000000,23.680000,176.000000,1
simu5g_00000362,20.3,16,2,15,15,0.000000,22.400000,176.000000,1
simu5g_00000362,20.3,16,3,15,13,2.000000,177.600000,632.000000,0
simu5g_00000362,20.3,17,2,15,15,0.000000,15.360000,176.000000,1
simu5g_00000362,20.3,17,3,15,13,2.000000,184.640000,600.000000,0
simu5g_00000362,20.3,2,3,15,13,2.000000,185.920000,632.000000,0
simu5g_00000363,20.4,11,23,15,15,0.000000,0.000000,0.000000,0
simu5g_00000364,20.4,0,1,15,14,1.000000,76.160000,632.000000,0
simu5g_00000364,20.4,0,16,15,15,0.000000,1.280000,32.000000,1
simu5g_00000364,20.4,0,17,15,15,0.000000,8.320000,176.000000,1
simu5g_00000364,20.4,0,2,15,15,0.000000,7.040000,176.000000,1
simu5g_00000364,20.4,0,3,15,13,2.000000,181.440000,632.000000,0
simu5g_00000364,20.4,1,16,14,15,1.000000,77.440000,632.000000,0
simu5g_00000364,20.4,1,17,14,15,1.000000,84.480000,632.000000,0
simu5g_00000364,20.4,1,2,14,15,1.000000,83.200000,632.000000,0
simu5g_00000364,20.4,1,3,14,13,1.000000,201.280000,632.000000,0
simu5g_00000364,20.4,16,17,15,15,0.000000,9.600000,176.000000,1
simu5g_00000364,20.4,16,2,15,15,0.000000,8.320000,176.000000,1
simu5g_00000364,20.4,16,3,15,13,2.000000,180.160000,632.000000,0
simu5g_00000364,20.4,17,2,15,15,0.000000,15.360000,176.000000,1
simu5g_00000364,20.4,17,3,15,13,2.000000,184.640000,600.000000,0
simu5g_00000364,20.4,2,3,15,13,2.000000,185.920000,632.000000,0
simu5g_00000365,20.5,11,23,15,15,0.000000,0.000000,0.000000,0
simu5g_00000366,20.5,0,1,15,14,1.000000,76.160000,632.000000,0
simu5g_00000366,20.5,0,16,15,15,0.000000,1.280000,32.000000,1
simu5g_00000366,20.5,0,17,15,15,0.000000,29.120000,456.000000,1
simu5g_00000366,20.5,0,2,15,15,0.000000,7.040000,176.000000,1
simu5g_00000366,20.5,0,3,15,13,2.000000,181.440000,632.000000,0
simu5g_00000366,20.5,1,16,14,15,1.000000,77.440000,632.000000,0
simu5g_00000366,20.5,1,17,14,15,1.000000,105.280000,632.000000,0
simu5g_00000366,20.5,1,2,14,15,1.000000,83.200000,632.000000,0
simu5g_00000366,20.5,1,3,14,13,1.000000,201.280000,632.000000,0
simu5g_00000366,20.5,16,17,15,15,0.000000,30.400000,456.000000,1
simu5g_00000366,20.5,16,2,15,15,0.000000,8.320000,176.000000,1
simu5g_00000366,20.5,16,3,15,13,2.000000,180.160000,632.000000,0
simu5g_00000366,20.5,17,2,15,15,0.000000,36.160000,456.000000,1
simu5g_00000366,20.5,17,3,15,13,2.000000,186.240000,552.000000,0
simu5g_00000366,20.5,2,3,15,13,2.000000,185.920000,632.000000,0
simu5g_00000367,20.6,11,23,15,15,0.000000,0.000000,0.000000,0
simu5g_00000368,20.6,0,1,15,14,1.000000,76.160000,632.000000,0
simu5g_00000368,20.6,0,16,15,15,0.000000,1.280000,32.000000,1
simu5g_00000368,20.6,0,17,15,15,0.000000,29.120000,456.000000,1
simu5g_00000368,20.6,0,2,15,15,0.000000,7.040000,176.000000,1
simu5g_00000368,20.6,0,3,15,13,2.000000,181.440000,632.000000,0
simu5g_00000368,20.6,1,16,14,15,1.000000,77.440000,632.000000,0
simu5g_00000368,20.6,1,17,14,15,1.000000,105.280000,632.000000,0
simu5g_00000368,20.6,1,2,14,15,1.000000,83.200000,632.000000,0
simu5g_00000368,20.6,1,3,14,13,1.000000,201.280000,632.000000,0
simu5g_00000368,20.6,16,17,15,15,0.000000,30.400000,456.000000,1
simu5g_00000368,20.6,16,2,15,15,0.000000,8.320000,176.000000,1
simu5g_00000368,20.6,16,3,15,13,2.000000,180.160000,632.000000,0
simu5g_00000368,20.6,17,2,15,15,0.000000,36.160000,456.000000,1
simu5g_00000368,20.6,17,3,15,13,2.000000,186.240000,552.000000,0
simu5g_00000368,20.6,2,3,15,13,2.000000,185.920000,632.000000,0
simu5g_00000369,20.7,11,23,15,15,0.000000,0.000000,0.000000,0
simu5g_00000370,20.7,0,1,15,14,1.000000,76.160000,632.000000,0
simu5g_00000370,20.7,0,16,15,15,0.000000,1.280000,32.000000,1
simu5g_00000370,20.7,0,17,15,15,0.000000,29.120000,456.000000,1
simu5g_00000370,20.7,0,2,15,15,0.000000,7.040000,176.000000,1
simu5g_00000370,20.7,0,3,15,13,2.000000,181.440000,632.000000,0
simu5g_00000370,20.7,1,16,14,15,1.000000,77.440000,632.000000,0
simu5g_00000370,20.7,1,17,14,15,1.000000,105.280000,632.000000,0
simu5g_00000370,20.7,1,2,14,15,1.000000,83.200000,632.000000,0
simu5g_00000370,20.7,1,3,14,13,1.000000,201.280000,632.000000,0
simu5g_00000370,20.7,16,17,15,15,0.000000,30.400000,456.000000,1
simu5g_00000370,20.7,16,2,15,15,0.000000,8.320000,176.000000,1
simu5g_00000370,20.7,16,3,15,13,2.000000,180.160000,632.000000,0
simu5g_00000370,20.7,17,2,15,15,0.000000,36.160000,456.000000,1
simu5g_00000370,20.7,17,3,15,13,2.000000,186.240000,552.000000,0
simu5g_00000370,20.7,2,3,15,13,2.000000,185.920000,632.000000,0
simu5g_00000371,20.8,11,23,15,15,0.000000,0.000000,0.000000,0
simu5g_00000372,20.8,0,1,15,14,1.000000,76.160000,632.000000,0
simu5g_00000372,20.8,0,16,15,15,0.000000,3.840000,32.000000,1
simu5g_00000372,20.8,0,17,15,15,0.000000,31.680000,456.000000,1
simu5g_00000372,20.8,0,2,15,15,0.000000,7.040000,144.000000,1
simu5g_00000372,20.8,0,3,15,13,2.000000,178.880000,632.000000,0
simu5g_00000372,20.8,1,16,14,15,1.000000,77.440000,632.000000,0
simu5g_00000372,20.8,1,17,14,15,1.000000,105.280000,632.000000,0
simu5g_00000372,20.8,1,2,14,15,1.000000,83.200000,632.000000,0
simu5g_00000372,20.8,1,3,14,13,1.000000,201.280000,632.000000,0
simu5g_00000372,20.8,16,17,15,15,0.000000,30.400000,456.000000,1
simu5g_00000372,20.8,16,2,15,15,0.000000,8.320000,176.000000,1
simu5g_00000372,20.8,16,3,15,13,2.000000,180.160000,632.000000,0
simu5g_00000372,20.8,17,2,15,15,0.000000,36.160000,456.000000,1
simu5g_00000372,20.8,17,3,15,13,2.000000,186.240000,552.000000,0
simu5g_00000372,20.8,2,3,15,13,2.000000,185.920000,632.000000,0
simu5g_00000373,20.9,11,23,15,15,0.000000,0.000000,0.000000,0
simu5g_00000374,20.9,0,1,15,15,0.000000,34.880000,456.000000,1
simu5g_00000374,20.9,0,16,15,15,0.000000,2.560000,32.000000,1
simu5g_00000374,20.9,0,17,15,15,0.000000,31.680000,456.000000,1
simu5g_00000374,20.9,0,2,15,15,0.000000,7.040000,144.000000,1
simu5g_00000374,20.9,0,3,15,13,2.000000,178.880000,632.000000,0
simu5g_00000374,20.9,1,16,15,15,0.000000,34.880000,456.000000,1
simu5g_00000374,20.9,1,17,15,15,0.000000,64.000000,456.000000,1
simu5g_00000374,20.9,1,2,15,15,0.000000,41.920000,456.000000,1
simu5g_00000374,20.9,1,3,15,13,2.000000,194.560000,632.000000,0
simu5g_00000374,20.9,16,17,15,15,0.000000,29.120000,456.000000,1
simu5g_00000374,20.9,16,2,15,15,0.000000,7.040000,176.000000,1
simu5g_00000374,20.9,16,3,15,13,2.000000,181.440000,632.000000,0
simu5g_00000374,20.9,17,2,15,15,0.000000,36.160000,456.000000,1
simu5g_00000374,20.9,17,3,15,13,2.000000,186.240000,552.000000,0
simu5g_00000374,20.9,2,3,15,13,2.000000,185.920000,632.000000,0
simu5g_00000375,21.0,11,23,15,15,0.000000,0.000000,0.000000,0
simu5g_00000376,21.0,0,1,15,15,0.000000,34.880000,456.000000,1
simu5g_00000376,21.0,0,16,15,15,0.000000,2.560000,32.000000,1
simu5g_00000376,21.0,0,17,15,15,0.000000,31.680000,456.000000,1
simu5g_00000376,21.0,0,2,15,15,0.000000,7.040000,144.000000,1
simu5g_00000376,21.0,0,3,15,13,2.000000,178.880000,632.000000,0
simu5g_00000376,21.0,1,16,15,15,0.000000,34.880000,456.000000,1
simu5g_00000376,21.0,1,17,15,15,0.000000,64.000000,456.000000,1
simu5g_00000376,21.0,1,2,15,15,0.000000,41.920000,456.000000,1
simu5g_00000376,21.0,1,3,15,13,2.000000,194.560000,632.000000,0
simu5g_00000376,21.0,16,17,15,15,0.000000,29.120000,456.000000,1
simu5g_00000376,21.0,16,2,15,15,0.000000,7.040000,176.000000,1
simu5g_00000376,21.0,16,3,15,13,2.000000,181.440000,632.000000,0
simu5g_00000376,21.0,17,2,15,15,0.000000,36.160000,456.000000,1
simu5g_00000376,21.0,17,3,15,13,2.000000,186.240000,552.000000,0
simu5g_00000376,21.0,2,3,15,13,2.000000,185.920000,632.000000,0
simu5g_00000377,21.1,11,23,15,15,0.000000,0.000000,0.000000,0
simu5g_00000378,21.1,0,1,15,15,0.000000,34.880000,456.000000,1
simu5g_00000378,21.1,0,16,15,15,0.000000,2.560000,32.000000,1
simu5g_00000378,21.1,0,17,15,15,0.000000,31.680000,456.000000,1
simu5g_00000378,21.1,0,2,15,15,0.000000,10.880000,240.000000,1
simu5g_00000378,21.1,0,3,15,13,2.000000,178.880000,632.000000,0
simu5g_00000378,21.1,1,16,15,15,0.000000,34.880000,456.000000,1
simu5g_00000378,21.1,1,17,15,15,0.000000,64.000000,456.000000,1
simu5g_00000378,21.1,1,2,15,15,0.000000,45.760000,456.000000,1
simu5g_00000378,21.1,1,3,15,13,2.000000,194.560000,632.000000,0
simu5g_00000378,21.1,16,17,15,15,0.000000,29.120000,456.000000,1
simu5g_00000378,21.1,16,2,15,15,0.000000,10.880000,272.000000,1
simu5g_00000378,21.1,16,3,15,13,2.000000,181.440000,632.000000,0
simu5g_00000378,21.1,17,2,15,15,0.000000,40.000000,456.000000,1
simu5g_00000378,21.1,17,3,15,13,2.000000,186.240000,552.000000,0
simu5g_00000378,21.1,2,3,15,13,2.000000,189.760000,632.000000,0
simu5g_00000379,21.2,11,23,15,15,0.000000,0.000000,0.000000,0
simu5g_00000380,21.2,0,1,15,15,0.000000,34.880000,456.000000,1
simu5g_00000380,21.2,0,16,15,15,0.000000,0.000000,0.000000,0
simu5g_00000380,21.2,0,17,15,14,1.000000,74.560000,792.000000,0
simu5g_00000380,21.2,0,2,15,15,0.000000,7.040000,176.000000,1
simu5g_00000380,21.2,0,3,15,13,2.000000,181.440000,632.000000,0
simu5g_00000380,21.2,1,16,15,15,0.000000,34.880000,456.000000,1
simu5g_00000380,21.2,1,17,15,14,1.000000,104.320000,792.000000,0
simu5g_00000380,21.2,1,2,15,15,0.000000,41.920000,456.000000,1
simu5g_00000380,21.2,1,3,15,13,2.000000,194.560000,632.000000,0
simu5g_00000380,21.2,16,17,15,14,1.000000,74.560000,792.000000,0
simu5g_00000380,21.2,16,2,15,15,0.000000,7.040000,176.000000,1
simu5g_00000380,21.2,16,3,15,13,2.000000,181.440000,632.000000,0
simu5g_00000380,21.2,17,2,14,15,1.000000,81.600000,792.000000,0
simu5g_00000380,21.2,17,3,14,13,1.000000,186.880000,760.000000,0
simu5g_00000380,21.2,2,3,15,13,2.000000,185.920000,632.000000,0
simu5g_00000381,21.3,11,23,15,15,0.000000,0.000000,0.000000,0
simu5g_00000382,21.3,0,1,15,15,0.000000,34.880000,456.000000,1
simu5g_00000382,21.3,0,16,15,15,0.000000,0.000000,0.000000,0
simu5g_00000382,21.3,0,17,15,14,1.000000,74.560000,792.000000,0
simu5g_00000382,21.3,0,2,15,15,0.000000,7.040000,176.000000,1
simu5g_00000382,21.3,0,3,15,13,2.000000,181.440000,632.000000,0
simu5g_00000382,21.3,1,16,15,15,0.000000,34.880000,456.000000,1
simu5g_00000382,21.3,1,17,15,14,1.000000,104.320000,792.000000,0
simu5g_00000382,21.3,1,2,15,15,0.000000,41.920000,456.000000,1
simu5g_00000382,21.3,1,3,15,13,2.000000,194.560000,632.000000,0
simu5g_00000382,21.3,16,17,15,14,1.000000,74.560000,792.000000,0
simu5g_00000382,21.3,16,2,15,15,0.000000,7.040000,176.000000,1
simu5g_00000382,21.3,16,3,15,13,2.000000,181.440000,632.000000,0
simu5g_00000382,21.3,17,2,14,15,1.000000,81.600000,792.000000,0
simu5g_00000382,21.3,17,3,14,13,1.000000,186.880000,760.000000,0
simu5g_00000382,21.3,2,3,15,13,2.000000,185.920000,632.000000,0
simu5g_00000383,21.4,11,23,15,15,0.000000,0.000000,0.000000,0
simu5g_00000384,21.4,0,1,15,15,0.000000,17.920000,272.000000,1
simu5g_00000384,21.4,0,16,15,15,0.000000,2.560000,32.000000,1
simu5g_00000384,21.4,0,17,15,14,1.000000,74.560000,792.000000,0
simu5g_00000384,21.4,0,2,15,15,0.000000,7.040000,176.000000,1
simu5g_00000384,21.4,0,3,15,13,2.000000,173.760000,632.000000,0
simu5g_00000384,21.4,1,16,15,15,0.000000,20.480000,272.000000,1
simu5g_00000384,21.4,1,17,15,14,1.000000,92.480000,792.000000,0
simu5g_00000384,21.4,1,2,15,15,0.000000,24.960000,272.000000,1
simu5g_00000384,21.4,1,3,15,13,2.000000,175.040000,632.000000,0
simu5g_00000384,21.4,16,17,15,14,1.000000,74.560000,792.000000,0
simu5g_00000384,21.4,16,2,15,15,0.000000,9.600000,176.000000,1
simu5g_00000384,21.4,16,3,15,13,2.000000,171.200000,632.000000,0
simu5g_00000384,21.4,17,2,14,15,1.000000,81.600000,792.000000,0
simu5g_00000384,21.4,17,3,14,13,1.000000,179.200000,760.000000,0
simu5g_00000384,21.4,2,3,15,13,2.000000,178.240000,632.000000,0
simu5g_00000385,21.5,11,23,15,15,0.000000,0.000000,0.000000,0
simu5g_00000386,21.5,0,1,15,15,0.000000,17.920000,272.000000,1
simu5g_00000386,21.5,0,16,15,15,0.000000,2.560000,32.000000,1
simu5g_00000386,21.5,0,17,15,14,1.000000,74.560000,792.000000,0
simu5g_00000386,21.5,0,2,15,15,0.000000,7.040000,176.000000,1
simu5g_00000386,21.5,0,3,15,13,2.000000,173.760000,632.000000,0
simu5g_00000386,21.5,0,4,15,12,3.000000,278.400000,792.000000,0
simu5g_00000386,21.5,1,16,15,15,0.000000,20.480000,272.000000,1
simu5g_00000386,21.5,1,17,15,14,1.000000,92.480000,792.000000,0
simu5g_00000386,21.5,1,2,15,15,0.000000,24.960000,272.000000,1
simu5g_00000386,21.5,1,3,15,13,2.000000,175.040000,632.000000,0
simu5g_00000386,21.5,1,4,15,12,3.000000,272.000000,792.000000,0
simu5g_00000386,21.5,16,17,15,14,1.000000,74.560000,792.000000,0
simu5g_00000386,21.5,16,2,15,15,0.000000,9.600000,176.000000,1
simu5g_00000386,21.5,16,3,15,13,2.000000,171.200000,632.000000,0
simu5g_00000386,21.5,16,4,15,12,3.000000,275.840000,792.000000,0
simu5g_00000386,21.5,17,2,14,15,1.000000,81.600000,792.000000,0
simu5g_00000386,21.5,17,3,14,13,1.000000,179.200000,760.000000,0
simu5g_00000386,21.5,17,4,14,12,2.000000,267.200000,792.000000,0
simu5g_00000386,21.5,2,3,15,13,2.000000,178.240000,632.000000,0
simu5g_00000386,21.5,2,4,15,12,3.000000,271.360000,792.000000,0
simu5g_00000386,21.5,3,4,13,12,1.000000,285.760000,760.000000,0
simu5g_00000387,21.6,11,23,15,15,0.000000,0.000000,0.000000,0
simu5g_00000388,21.6,0,1,15,15,0.000000,20.480000,272.000000,1
simu5g_00000388,21.6,0,16,15,15,0.000000,2.560000,32.000000,1
simu5g_00000388,21.6,0,17,15,14,1.000000,74.560000,792.000000,0
simu5g_00000388,21.6,0,2,15,15,0.000000,7.040000,144.000000,1
simu5g_00000388,21.6,0,3,15,13,2.000000,171.200000,632.000000,0
simu5g_00000388,21.6,0,4,15,12,3.000000,275.840000,792.000000,0
simu5g_00000388,21.6,1,16,15,15,0.000000,20.480000,272.000000,1
simu5g_00000388,21.6,1,17,15,14,1.000000,92.480000,792.000000,0
simu5g_00000388,21.6,1,2,15,15,0.000000,24.960000,272.000000,1
simu5g_00000388,21.6,1,3,15,13,2.000000,175.040000,632.000000,0
simu5g_00000388,21.6,1,4,15,12,3.000000,272.000000,792.000000,0
simu5g_00000388,21.6,16,17,15,14,1.000000,74.560000,792.000000,0
simu5g_00000388,21.6,16,2,15,15,0.000000,9.600000,176.000000,1
simu5g_00000388,21.6,16,3,15,13,2.000000,171.200000,632.000000,0
simu5g_00000388,21.6,16,4,15,12,3.000000,275.840000,792.000000,0
simu5g_00000388,21.6,17,2,14,15,1.000000,81.600000,792.000000,0
simu5g_00000388,21.6,17,3,14,13,1.000000,179.200000,760.000000,0
simu5g_00000388,21.6,17,4,14,12,2.000000,267.200000,792.000000,0
simu5g_00000388,21.6,2,3,15,13,2.000000,178.240000,632.000000,0
simu5g_00000388,21.6,2,4,15,12,3.000000,271.360000,792.000000,0
simu5g_00000388,21.6,3,4,13,12,1.000000,285.760000,760.000000,0
simu5g_00000389,21.7,11,23,15,15,0.000000,0.000000,0.000000,0
simu5g_00000390,21.7,0,1,15,15,0.000000,20.480000,272.000000,1
simu5g_00000390,21.7,0,16,15,15,0.000000,2.560000,32.000000,1
simu5g_00000390,21.7,0,17,15,14,1.000000,74.560000,792.000000,0
simu5g_00000390,21.7,0,2,15,15,0.000000,7.040000,144.000000,1
simu5g_00000390,21.7,0,3,15,13,2.000000,171.200000,632.000000,0
simu5g_00000390,21.7,0,4,15,12,3.000000,275.840000,792.000000,0
simu5g_00000390,21.7,1,16,15,15,0.000000,20.480000,272.000000,1
simu5g_00000390,21.7,1,17,15,14,1.000000,92.480000,792.000000,0
simu5g_00000390,21.7,1,2,15,15,0.000000,24.960000,272.000000,1
simu5g_00000390,21.7,1,3,15,13,2.000000,175.040000,632.000000,0
simu5g_00000390,21.7,1,4,15,12,3.000000,272.000000,792.000000,0
simu5g_00000390,21.7,16,17,15,14,1.000000,74.560000,792.000000,0
simu5g_00000390,21.7,16,2,15,15,0.000000,9.600000,176.000000,1
simu5g_00000390,21.7,16,3,15,13,2.000000,171.200000,632.000000,0
simu5g_00000390,21.7,16,4,15,12,3.000000,275.840000,792.000000,0
simu5g_00000390,21.7,17,2,14,15,1.000000,81.600000,792.000000,0
simu5g_00000390,21.7,17,3,14,13,1.000000,179.200000,760.000000,0
simu5g_00000390,21.7,17,4,14,12,2.000000,267.200000,792.000000,0
simu5g_00000390,21.7,2,3,15,13,2.000000,178.240000,632.000000,0
simu5g_00000390,21.7,2,4,15,12,3.000000,271.360000,792.000000,0
simu5g_00000390,21.7,3,4,13,12,1.000000,285.760000,760.000000,0
simu5g_00000391,21.8,11,23,15,15,0.000000,0.000000,0.000000,0
simu5g_00000392,21.8,0,1,15,15,0.000000,20.480000,272.000000,1
simu5g_00000392,21.8,0,16,15,15,0.000000,2.560000,32.000000,1
simu5g_00000392,21.8,0,17,15,15,0.000000,16.000000,272.000000,1
simu5g_00000392,21.8,0,2,15,14,1.000000,69.440000,520.000000,0
simu5g_00000392,21.8,0,3,15,13,2.000000,169.920000,632.000000,0
simu5g_00000392,21.8,0,4,15,12,3.000000,275.840000,792.000000,0
simu5g_00000392,21.8,1,16,15,15,0.000000,20.480000,272.000000,1
simu5g_00000392,21.8,1,17,15,15,0.000000,31.360000,272.000000,1
simu5g_00000392,21.8,1,2,15,14,1.000000,75.840000,552.000000,0
simu5g_00000392,21.8,1,3,15,13,2.000000,173.760000,632.000000,0
simu5g_00000392,21.8,1,4,15,12,3.000000,272.000000,792.000000,0
simu5g_00000392,21.8,16,17,15,15,0.000000,16.000000,272.000000,1
simu5g_00000392,21.8,16,2,15,14,1.000000,69.440000,552.000000,0
simu5g_00000392,21.8,16,3,15,13,2.000000,169.920000,632.000000,0
simu5g_00000392,21.8,16,4,15,12,3.000000,275.840000,792.000000,0
simu5g_00000392,21.8,17,2,15,14,1.000000,80.320000,552.000000,0
simu5g_00000392,21.8,17,3,15,13,2.000000,178.240000,600.000000,0
simu5g_00000392,21.8,17,4,15,12,3.000000,272.640000,792.000000,0
simu5g_00000392,21.8,2,3,14,13,1.000000,176.640000,520.000000,0
simu5g_00000392,21.8,2,4,14,12,2.000000,214.080000,632.000000,0
simu5g_00000392,21.8,3,4,13,12,1.000000,287.040000,760.000000,0
simu5g_00000393,21.9,11,23,15,15,0.000000,0.000000,0.000000,0
simu5g_00000394,21.9,0,1,15,15,0.000000,20.480000,272.000000,1
simu5g_00000394,21.9,0,16,15,15,0.000000,2.560000,32.000000,1
simu5g_00000394,21.9,0,17,15,15,0.000000,16.000000,272.000000,1
simu5g_00000394,21.9,0,2,15,14,1.000000,69.440000,520.000000,0
simu5g_00000394,21.9,0,3,15,13,2.000000,169.920000,632.000000,0
simu5g_00000394,21.9,0,4,15,12,3.000000,275.840000,792.000000,0
simu5g_00000394,21.9,1,16,15,15,0.000000,17.920000,272.000000,1
simu5g_00000394,21.9,1,17,15,15,0.000000,31.360000,272.000000,1
simu5g_00000394,21.9,1,2,15,14,1.000000,75.840000,552.000000,0
simu5g_00000394,21.9,1,3,15,13,2.000000,173.760000,632.000000,0
simu5g_00000394,21.9,1,4,15,12,3.000000,272.000000,792.000000,0
simu5g_00000394,21.9,16,17,15,15,0.000000,13.440000,272.000000,1
simu5g_00000394,21.9,16,2,15,14,1.000000,72.000000,552.000000,0
simu5g_00000394,21.9,16,3,15,13,2.000000,172.480000,632.000000,0
simu5g_00000394,21.9,16,4,15,12,3.000000,278.400000,792.000000,0
simu5g_00000394,21.9,17,2,15,14,1.000000,80.320000,552.000000,0
simu5g_00000394,21.9,17,3,15,13,2.000000,178.240000,600.000000,0
simu5g_00000394,21.9,17,4,15,12,3.000000,272.640000,792.000000,0
simu5g_00000394,21.9,2,3,14,13,1.000000,176.640000,520.000000,0
simu5g_00000394,21.9,2,4,14,12,2.000000,214.080000,632.000000,0
simu5g_00000394,21.9,3,4,13,12,1.000000,287.040000,760.000000,0
simu5g_00000395,22.0,11,23,15,15,0.000000,0.000000,0.000000,0
simu5g_00000396,22.0,0,1,15,15,0.000000,21.760000,272.000000,1
simu5g_00000396,22.0,0,16,15,15,0.000000,3.840000,32.000000,1
simu5g_00000396,22.0,0,17,15,15,0.000000,17.280000,272.000000,1
simu5g_00000396,22.0,0,2,15,14,1.000000,68.160000,520.000000,0
simu5g_00000396,22.0,0,3,15,13,2.000000,168.640000,632.000000,0
simu5g_00000396,22.0,0,4,15,12,3.000000,274.560000,792.000000,0
simu5g_00000396,22.0,1,16,15,15,0.000000,17.920000,272.000000,1
simu5g_00000396,22.0,1,17,15,15,0.000000,31.360000,272.000000,1
simu5g_00000396,22.0,1,2,15,14,1.000000,75.840000,552.000000,0
simu5g_00000396,22.0,1,3,15,13,2.000000,173.760000,632.000000,0
simu5g_00000396,22.0,1,4,15,12,3.000000,272.000000,792.000000,0
simu5g_00000396,22.0,16,17,15,15,0.000000,13.440000,272.000000,1
simu5g_00000396,22.0,16,2,15,14,1.000000,72.000000,552.000000,0
simu5g_00000396,22.0,16,3,15,13,2.000000,172.480000,632.000000,0
simu5g_00000396,22.0,16,4,15,12,3.000000,278.400000,792.000000,0
simu5g_00000396,22.0,17,2,15,14,1.000000,80.320000,552.000000,0
simu5g_00000396,22.0,17,3,15,13,2.000000,178.240000,600.000000,0
simu5g_00000396,22.0,17,4,15,12,3.000000,272.640000,792.000000,0
simu5g_00000396,22.0,2,3,14,13,1.000000,176.640000,520.000000,0
simu5g_00000396,22.0,2,4,14,12,2.000000,214.080000,632.000000,0
simu5g_00000396,22.0,3,4,13,12,1.000000,287.040000,760.000000,0
simu5g_00000397,22.1,11,23,15,15,0.000000,0.000000,0.000000,0
simu5g_00000398,22.1,0,1,15,15,0.000000,21.760000,272.000000,1
simu5g_00000398,22.1,0,16,15,15,0.000000,3.840000,32.000000,1
simu5g_00000398,22.1,0,17,15,15,0.000000,17.280000,272.000000,1
simu5g_00000398,22.1,0,2,15,14,1.000000,68.160000,520.000000,0
simu5g_00000398,22.1,0,3,15,13,2.000000,162.880000,632.000000,0
simu5g_00000398,22.1,0,4,15,12,3.000000,274.560000,792.000000,0
simu5g_00000398,22.1,1,16,15,15,0.000000,17.920000,272.000000,1
simu5g_00000398,22.1,1,17,15,15,0.000000,31.360000,272.000000,1
simu5g_00000398,22.1,1,2,15,14,1.000000,75.840000,552.000000,0
simu5g_00000398,22.1,1,3,15,13,2.000000,168.000000,632.000000,0
simu5g_00000398,22.1,1,4,15,12,3.000000,272.000000,792.000000,0
simu5g_00000398,22.1,16,17,15,15,0.000000,13.440000,272.000000,1
simu5g_00000398,22.1,16,2,15,14,1.000000,72.000000,552.000000,0
simu5g_00000398,22.1,16,3,15,13,2.000000,166.720000,632.000000,0
simu5g_00000398,22.1,16,4,15,12,3.000000,278.400000,792.000000,0
simu5g_00000398,22.1,17,2,15,14,1.000000,80.320000,552.000000,0
simu5g_00000398,22.1,17,3,15,13,2.000000,172.480000,600.000000,0
simu5g_00000398,22.1,17,4,15,12,3.000000,272.640000,792.000000,0
simu5g_00000398,22.1,2,3,14,13,1.000000,182.400000,520.000000,0
simu5g_00000398,22.1,2,4,14,12,2.000000,214.080000,632.000000,0
simu5g_00000398,22.1,3,4,13,12,1.000000,292.800000,760.000000,0
simu5g_00000399,22.2,11,23,15,15,0.000000,0.000000,0.000000,0
simu5g_00000400,22.2,0,1,15,15,0.000000,21.760000,272.000000,1
simu5g_00000400,22.2,0,16,15,15,0.000000,3.840000,32.000000,1
simu5g_00000400,22.2,0,17,15,15,0.000000,17.280000,272.000000,1
simu5g_00000400,22.2,0,2,15,14,1.000000,68.160000,520.000000,0
simu5g_00000400,22.2,0,3,15,13,2.000000,162.880000,632.000000,0
simu5g_00000400,22.2,0,4,15,12,3.000000,274.560000,792.000000,0
simu5g_00000400,22.2,1,16,15,15,0.000000,17.920000,272.000000,1
simu5g_00000400,22.2,1,17,15,15,0.000000,31.360000,272.000000,1
simu5g_00000400,22.2,1,2,15,14,1.000000,75.840000,552.000000,0
simu5g_00000400,22.2,1,3,15,13,2.000000,168.000000,632.000000,0
simu5g_00000400,22.2,1,4,15,12,3.000000,272.000000,792.000000,0
simu5g_00000400,22.2,16,17,15,15,0.000000,13.440000,272.000000,1
simu5g_00000400,22.2,16,2,15,14,1.000000,72.000000,552.000000,0
simu5g_00000400,22.2,16,3,15,13,2.000000,166.720000,632.000000,0
simu5g_00000400,22.2,16,4,15,12,3.000000,278.400000,792.000000,0
simu5g_00000400,22.2,17,2,15,14,1.000000,80.320000,552.000000,0
simu5g_00000400,22.2,17,3,15,13,2.000000,172.480000,600.000000,0
simu5g_00000400,22.2,17,4,15,12,3.000000,272.640000,792.000000,0
simu5g_00000400,22.2,2,3,14,13,1.000000,182.400000,520.000000,0
simu5g_00000400,22.2,2,4,14,12,2.000000,214.080000,632.000000,0
simu5g_00000400,22.2,3,4,13,12,1.000000,292.800000,760.000000,0
simu5g_00000401,22.3,11,23,15,15,0.000000,6.400000,32.000000,1
simu5g_00000402,22.3,0,1,15,15,0.000000,21.760000,272.000000,1
simu5g_00000402,22.3,0,16,15,15,0.000000,3.840000,32.000000,1
simu5g_00000402,22.3,0,17,15,15,0.000000,17.280000,272.000000,1
simu5g_00000402,22.3,0,2,15,14,1.000000,68.160000,520.000000,0
simu5g_00000402,22.3,0,3,15,13,2.000000,162.880000,632.000000,0
simu5g_00000402,22.3,0,4,15,12,3.000000,274.560000,792.000000,0
simu5g_00000402,22.3,1,16,15,15,0.000000,20.480000,272.000000,1
simu5g_00000402,22.3,1,17,15,15,0.000000,31.360000,272.000000,1
simu5g_00000402,22.3,1,2,15,14,1.000000,75.840000,552.000000,0
simu5g_00000402,22.3,1,3,15,13,2.000000,168.000000,632.000000,0
simu5g_00000402,22.3,1,4,15,12,3.000000,272.000000,792.000000,0
simu5g_00000402,22.3,16,17,15,15,0.000000,16.000000,272.000000,1
simu5g_00000402,22.3,16,2,15,14,1.000000,69.440000,552.000000,0
simu5g_00000402,22.3,16,3,15,13,2.000000,164.160000,632.000000,0
simu5g_00000402,22.3,16,4,15,12,3.000000,275.840000,792.000000,0
simu5g_00000402,22.3,17,2,15,14,1.000000,80.320000,552.000000,0
simu5g_00000402,22.3,17,3,15,13,2.000000,172.480000,600.000000,0
simu5g_00000402,22.3,17,4,15,12,3.000000,272.640000,792.000000,0
simu5g_00000402,22.3,2,3,14,13,1.000000,182.400000,520.000000,0
simu5g_00000402,22.3,2,4,14,12,2.000000,214.080000,632.000000,0
simu5g_00000402,22.3,3,4,13,12,1.000000,292.800000,760.000000,0
simu5g_00000403,22.4,11,23,15,15,0.000000,6.400000,32.000000,1
simu5g_00000404,22.4,0,1,15,15,0.000000,10.880000,176.000000,1
simu5g_00000404,22.4,0,16,15,15,0.000000,2.560000,32.000000,1
simu5g_00000404,22.4,0,17,15,15,0.000000,3.840000,32.000000,1
simu5g_00000404,22.4,0,2,15,14,1.000000,69.440000,520.000000,0
simu5g_00000404,22.4,0,3,15,13,2.000000,164.160000,632.000000,0
simu5g_00000404,22.4,0,4,15,12,3.000000,275.840000,792.000000,0
simu5g_00000404,22.4,1,16,15,15,0.000000,10.880000,176.000000,1
simu5g_00000404,22.4,1,17,15,15,0.000000,9.600000,176.000000,1
simu5g_00000404,22.4,1,2,15,14,1.000000,66.240000,552.000000,0
simu5g_00000404,22.4,1,3,15,13,2.000000,169.920000,632.000000,0
simu5g_00000404,22.4,1,4,15,12,3.000000,270.080000,792.000000,0
simu5g_00000404,22.4,16,17,15,15,0.000000,3.840000,32.000000,1
simu5g_00000404,22.4,16,2,15,14,1.000000,69.440000,552.000000,0
simu5g_00000404,22.4,16,3,15,13,2.000000,164.160000,632.000000,0
simu5g_00000404,22.4,16,4,15,12,3.000000,275.840000,792.000000,0
simu5g_00000404,22.4,17,2,15,14,1.000000,73.280000,552.000000,0
simu5g_00000404,22.4,17,3,15,13,2.000000,165.440000,632.000000,0
simu5g_00000404,22.4,17,4,15,12,3.000000,277.120000,792.000000,0
simu5g_00000404,22.4,2,3,14,13,1.000000,182.400000,520.000000,0
simu5g_00000404,22.4,2,4,14,12,2.000000,214.080000,632.000000,0
simu5g_00000404,22.4,3,4,13,12,1.000000,292.800000,760.000000,0
simu5g_00000405,22.5,11,23,15,15,0.000000,6.400000,32.000000,1
simu5g_00000406,22.5,0,1,15,15,0.000000,10.880000,176.000000,1
simu5g_00000406,22.5,0,16,15,15,0.000000,2.560000,32.000000,1
simu5g_00000406,22.5,0,17,15,15,0.000000,3.840000,32.000000,1
simu5g_00000406,22.5,0,2,15,15,0.000000,24.640000,424.000000,1
simu5g_00000406,22.5,0,3,15,12,3.000000,211.840000,728.000000,0
simu5g_00000406,22.5,0,4,15,12,3.000000,275.840000,792.000000,0
simu5g_00000406,22.5,1,16,15,15,0.000000,10.880000,176.000000,1
simu5g_00000406,22.5,1,17,15,15,0.000000,9.600000,176.000000,1
simu5g_00000406,22.5,1,2,15,15,0.000000,32.960000,456.000000,1
simu5g_00000406,22.5,1,3,15,12,3.000000,206.080000,728.000000,0
simu5g_00000406,22.5,1,4,15,12,3.000000,270.080000,792.000000,0
simu5g_00000406,22.5,16,17,15,15,0.000000,3.840000,32.000000,1
simu5g_00000406,22.5,16,2,15,15,0.000000,27.200000,456.000000,1
simu5g_00000406,22.5,16,3,15,12,3.000000,211.840000,728.000000,0
simu5g_00000406,22.5,16,4,15,12,3.000000,275.840000,792.000000,0
simu5g_00000406,22.5,17,2,15,15,0.000000,28.480000,456.000000,1
simu5g_00000406,22.5,17,3,15,12,3.000000,213.120000,728.000000,0
simu5g_00000406,22.5,17,4,15,12,3.000000,277.120000,792.000000,0
simu5g_00000406,22.5,2,3,15,12,3.000000,209.600000,696.000000,0
simu5g_00000406,22.5,2,4,15,12,3.000000,251.200000,760.000000,0
simu5g_00000406,22.5,3,4,12,12,0.000000,276.480000,760.000000,1
simu5g_00000407,22.6,11,23,15,15,0.000000,6.400000,32.000000,1
simu5g_00000408,22.6,0,1,15,15,0.000000,10.880000,176.000000,1
simu5g_00000408,22.6,0,16,15,15,0.000000,2.560000,32.000000,1
simu5g_00000408,22.6,0,17,15,15,0.000000,3.840000,32.000000,1
simu5g_00000408,22.6,0,2,15,15,0.000000,24.640000,424.000000,1
simu5g_00000408,22.6,0,3,15,12,3.000000,211.840000,728.000000,0
simu5g_00000408,22.6,0,4,15,12,3.000000,275.840000,792.000000,0
simu5g_00000408,22.6,1,16,15,15,0.000000,10.880000,176.000000,1
simu5g_00000408,22.6,1,17,15,15,0.000000,9.600000,176.000000,1
simu5g_00000408,22.6,1,2,15,15,0.000000,32.960000,456.000000,1
simu5g_00000408,22.6,1,3,15,12,3.000000,206.080000,728.000000,0
simu5g_00000408,22.6,1,4,15,12,3.000000,270.080000,792.000000,0
simu5g_00000408,22.6,16,17,15,15,0.000000,3.840000,32.000000,1
simu5g_00000408,22.6,16,2,15,15,0.000000,27.200000,456.000000,1
simu5g_00000408,22.6,16,3,15,12,3.000000,211.840000,728.000000,0
simu5g_00000408,22.6,16,4,15,12,3.000000,275.840000,792.000000,0
simu5g_00000408,22.6,17,2,15,15,0.000000,28.480000,456.000000,1
simu5g_00000408,22.6,17,3,15,12,3.000000,213.120000,728.000000,0
simu5g_00000408,22.6,17,4,15,12,3.000000,277.120000,792.000000,0
simu5g_00000408,22.6,2,3,15,12,3.000000,209.600000,696.000000,0
simu5g_00000408,22.6,2,4,15,12,3.000000,251.200000,760.000000,0
simu5g_00000408,22.6,3,4,12,12,0.000000,276.480000,760.000000,1
simu5g_00000409,22.7,11,23,15,15,0.000000,1.280000,32.000000,1
simu5g_00000410,22.7,0,1,15,15,0.000000,10.880000,176.000000,1
simu5g_00000410,22.7,0,16,15,15,0.000000,2.560000,32.000000,1
simu5g_00000410,22.7,0,17,15,15,0.000000,3.840000,32.000000,1
simu5g_00000410,22.7,0,2,15,15,0.000000,24.640000,424.000000,1
simu5g_00000410,22.7,0,3,15,12,3.000000,211.840000,728.000000,0
simu5g_00000410,22.7,0,4,15,12,3.000000,275.840000,792.000000,0
simu5g_00000410,22.7,1,16,15,15,0.000000,8.320000,176.000000,1
simu5g_00000410,22.7,1,17,15,15,0.000000,9.600000,176.000000,1
simu5g_00000410,22.7,1,2,15,15,0.000000,32.960000,456.000000,1
simu5g_00000410,22.7,1,3,15,12,3.000000,206.080000,728.000000,0
simu5g_00000410,22.7,1,4,15,12,3.000000,270.080000,792.000000,0
simu5g_00000410,22.7,16,17,15,15,0.000000,1.280000,32.000000,1
simu5g_00000410,22.7,16,2,15,15,0.000000,27.200000,456.000000,1
simu5g_00000410,22.7,16,3,15,12,3.000000,214.400000,728.000000,0
simu5g_00000410,22.7,16,4,15,12,3.000000,278.400000,792.000000,0
simu5g_00000410,22.7,17,2,15,15,0.000000,28.480000,456.000000,1
simu5g_00000410,22.7,17,3,15,12,3.000000,213.120000,728.000000,0
simu5g_00000410,22.7,17,4,15,12,3.000000,277.120000,792.000000,0
simu5g_00000410,22.7,2,3,15,12,3.000000,209.600000,696.000000,0
simu5g_00000410,22.7,2,4,15,12,3.000000,251.200000,760.000000,0
simu5g_00000410,22.7,3,4,12,12,0.000000,276.480000,760.000000,1
simu5g_00000411,22.8,11,23,15,15,0.000000,1.280000,32.000000,1
simu5g_00000412,22.8,0,1,15,15,0.000000,23.680000,176.000000,1
simu5g_00000412,22.8,0,16,15,15,0.000000,17.920000,176.000000,1
simu5g_00000412,22.8,0,17,15,15,0.000000,19.200000,176.000000,1
simu5g_00000412,22.8,0,2,15,15,0.000000,16.640000,176.000000,1
simu5g_00000412,22.8,0,3,15,12,3.000000,202.240000,728.000000,0
simu5g_00000412,22.8,0,4,15,12,3.000000,260.480000,792.000000,0
simu5g_00000412,22.8,1,16,15,15,0.000000,8.320000,176.000000,1
simu5g_00000412,22.8,1,17,15,15,0.000000,9.600000,176.000000,1
simu5g_00000412,22.8,1,2,15,15,0.000000,28.800000,352.000000,1
simu5g_00000412,22.8,1,3,15,12,3.000000,200.320000,728.000000,0
simu5g_00000412,22.8,1,4,15,12,3.000000,270.080000,792.000000,0
simu5g_00000412,22.8,16,17,15,15,0.000000,1.280000,32.000000,1
simu5g_00000412,22.8,16,2,15,15,0.000000,23.040000,352.000000,1
simu5g_00000412,22.8,16,3,15,12,3.000000,208.640000,728.000000,0
simu5g_00000412,22.8,16,4,15,12,3.000000,278.400000,792.000000,0
simu5g_00000412,22.8,17,2,15,15,0.000000,24.320000,352.000000,1
simu5g_00000412,22.8,17,3,15,12,3.000000,207.360000,728.000000,0
simu5g_00000412,22.8,17,4,15,12,3.000000,277.120000,792.000000,0
simu5g_00000412,22.8,2,3,15,12,3.000000,199.680000,696.000000,0
simu5g_00000412,22.8,2,4,15,12,3.000000,255.360000,760.000000,0
simu5g_00000412,22.8,3,4,12,12,0.000000,282.240000,760.000000,1
simu5g_00000413,22.9,11,23,15,15,0.000000,1.280000,32.000000,1
simu5g_00000414,22.9,0,1,15,14,1.000000,67.840000,600.000000,0
simu5g_00000414,22.9,0,16,15,15,0.000000,17.920000,176.000000,1
simu5g_00000414,22.9,0,17,15,15,0.000000,19.200000,176.000000,1
simu5g_00000414,22.9,0,2,15,15,0.000000,16.640000,176.000000,1
simu5g_00000414,22.9,0,3,15,12,3.000000,202.240000,728.000000,0
simu5g_00000414,22.9,0,4,15,12,3.000000,260.480000,792.000000,0
simu5g_00000414,22.9,1,16,14,15,1.000000,71.680000,632.000000,0
simu5g_00000414,22.9,1,17,14,15,1.000000,72.960000,632.000000,0
simu5g_00000414,22.9,1,2,14,15,1.000000,84.480000,600.000000,0
simu5g_00000414,22.9,1,3,14,12,2.000000,215.040000,728.000000,0
simu5g_00000414,22.9,1,4,14,12,2.000000,264.960000,792.000000,0
simu5g_00000414,22.9,16,17,15,15,0.000000,1.280000,32.000000,1
simu5g_00000414,22.9,16,2,15,15,0.000000,23.040000,352.000000,1
simu5g_00000414,22.9,16,3,15,12,3.000000,208.640000,728.000000,0
simu5g_00000414,22.9,16,4,15,12,3.000000,278.400000,792.000000,0
simu5g_00000414,22.9,17,2,15,15,0.000000,24.320000,352.000000,1
simu5g_00000414,22.9,17,3,15,12,3.000000,207.360000,728.000000,0
simu5g_00000414,22.9,17,4,15,12,3.000000,277.120000,792.000000,0
simu5g_00000414,22.9,2,3,15,12,3.000000,199.680000,696.000000,0
simu5g_00000414,22.9,2,4,15,12,3.000000,255.360000,760.000000,0
simu5g_00000414,22.9,3,4,12,12,0.000000,282.240000,760.000000,1
simu5g_00000415,23.0,11,23,15,15,0.000000,1.280000,32.000000,1
simu5g_00000416,23.0,0,1,15,14,1.000000,67.840000,600.000000,0
simu5g_00000416,23.0,0,16,15,15,0.000000,17.920000,176.000000,1
simu5g_00000416,23.0,0,17,15,15,0.000000,17.920000,176.000000,1
simu5g_00000416,23.0,0,2,15,15,0.000000,16.640000,176.000000,1
simu5g_00000416,23.0,0,3,15,12,3.000000,202.240000,728.000000,0
simu5g_00000416,23.0,0,4,15,12,3.000000,260.480000,792.000000,0
simu5g_00000416,23.0,1,16,14,15,1.000000,71.680000,632.000000,0
simu5g_00000416,23.0,1,17,14,15,1.000000,71.680000,632.000000,0
simu5g_00000416,23.0,1,2,14,15,1.000000,84.480000,600.000000,0
simu5g_00000416,23.0,1,3,14,12,2.000000,215.040000,728.000000,0
simu5g_00000416,23.0,1,4,14,12,2.000000,264.960000,792.000000,0
simu5g_00000416,23.0,16,17,15,15,0.000000,0.000000,0.000000,0
simu5g_00000416,23.0,16,2,15,15,0.000000,23.040000,352.000000,1
simu5g_00000416,23.0,16,3,15,12,3.000000,208.640000,728.000000,0
simu5g_00000416,23.0,16,4,15,12,3.000000,278.400000,792.000000,0
simu5g_00000416,23.0,17,2,15,15,0.000000,23.040000,352.000000,1
simu5g_00000416,23.0,17,3,15,12,3.000000,208.640000,728.000000,0
simu5g_00000416,23.0,17,4,15,12,3.000000,278.400000,792.000000,0
simu5g_00000416,23.0,2,3,15,12,3.000000,199.680000,696.000000,0
simu5g_00000416,23.0,2,4,15,12,3.000000,255.360000,760.000000,0
simu5g_00000416,23.0,3,4,12,12,0.000000,282.240000,760.000000,1
simu5g_00000417,23.1,11,23,15,15,0.000000,3.840000,32.000000,1
simu5g_00000418,23.1,0,1,15,14,1.000000,67.840000,600.000000,0
simu5g_00000418,23.1,0,16,15,15,0.000000,17.920000,176.000000,1
simu5g_00000418,23.1,0,17,15,15,0.000000,17.920000,176.000000,1
simu5g_00000418,23.1,0,2,15,15,0.000000,20.800000,280.000000,1
simu5g_00000418,23.1,0,3,15,12,3.000000,202.240000,728.000000,0
simu5g_00000418,23.1,0,4,15,12,3.000000,260.480000,792.000000,0
simu5g_00000418,23.1,1,16,14,15,1.000000,71.680000,632.000000,0
simu5g_00000418,23.1,1,17,14,15,1.000000,71.680000,632.000000,0
simu5g_00000418,23.1,1,2,14,15,1.000000,88.640000,600.000000,0
simu5g_00000418,23.1,1,3,14,12,2.000000,215.040000,728.000000,0
simu5g_00000418,23.1,1,4,14,12,2.000000,264.960000,792.000000,0
simu5g_00000418,23.1,16,17,15,15,0.000000,0.000000,0.000000,0
simu5g_00000418,23.1,16,2,15,15,0.000000,27.200000,456.000000,1
simu5g_00000418,23.1,16,3,15,12,3.000000,208.640000,728.000000,0
simu5g_00000418,23.1,16,4,15,12,3.000000,278.400000,792.000000,0
simu5g_00000418,23.1,17,2,15,15,0.000000,27.200000,456.000000,1
simu5g_00000418,23.1,17,3,15,12,3.000000,208.640000,728.000000,0
simu5g_00000418,23.1,17,4,15,12,3.000000,278.400000,792.000000,0
simu5g_00000418,23.1,2,3,15,12,3.000000,203.840000,696.000000,0
simu5g_00000418,23.1,2,4,15,12,3.000000,251.200000,760.000000,0
simu5g_00000418,23.1,3,4,12,12,0.000000,282.240000,760.000000,1
simu5g_00000419,23.2,11,23,15,15,0.000000,3.840000,32.000000,1
simu5g_00000420,23.2,0,1,15,14,1.000000,67.840000,600.000000,0
simu5g_00000420,23.2,0,16,15,15,0.000000,17.920000,176.000000,1
simu5g_00000420,23.2,0,17,15,15,0.000000,17.920000,176.000000,1
simu5g_00000420,23.2,0,2,15,15,0.000000,20.800000,280.000000,1
simu5g_00000420,23.2,0,3,15,12,3.000000,202.240000,728.000000,0
simu5g_00000420,23.2,0,4,15,12,3.000000,260.480000,792.000000,0
simu5g_00000420,23.2,1,16,14,15,1.000000,71.680000,632.000000,0
simu5g_00000420,23.2,1,17,14,15,1.000000,71.680000,632.000000,0
simu5g_00000420,23.2,1,2,14,15,1.000000,88.640000,600.000000,0
simu5g_00000420,23.2,1,3,14,12,2.000000,215.040000,728.000000,0
simu5g_00000420,23.2,1,4,14,12,2.000000,264.960000,792.000000,0
simu5g_00000420,23.2,16,17,15,15,0.000000,0.000000,0.000000,0
simu5g_00000420,23.2,16,2,15,15,0.000000,27.200000,456.000000,1
simu5g_00000420,23.2,16,3,15,12,3.000000,208.640000,728.000000,0
simu5g_00000420,23.2,16,4,15,12,3.000000,278.400000,792.000000,0
simu5g_00000420,23.2,17,2,15,15,0.000000,27.200000,456.000000,1
simu5g_00000420,23.2,17,3,15,12,3.000000,208.640000,728.000000,0
simu5g_00000420,23.2,17,4,15,12,3.000000,278.400000,792.000000,0
simu5g_00000420,23.2,2,3,15,12,3.000000,203.840000,696.000000,0
simu5g_00000420,23.2,2,4,15,12,3.000000,251.200000,760.000000,0
simu5g_00000420,23.2,3,4,12,12,0.000000,282.240000,760.000000,1
simu5g_00000421,23.3,11,23,15,15,0.000000,3.840000,32.000000,1
simu5g_00000422,23.3,0,1,15,14,1.000000,67.840000,600.000000,0
simu5g_00000422,23.3,0,16,15,15,0.000000,17.920000,176.000000,1
simu5g_00000422,23.3,0,17,15,15,0.000000,17.920000,176.000000,1
simu5g_00000422,23.3,0,2,15,15,0.000000,20.800000,280.000000,1
simu5g_00000422,23.3,0,3,15,12,3.000000,202.240000,728.000000,0
simu5g_00000422,23.3,0,4,15,12,3.000000,260.480000,792.000000,0
simu5g_00000422,23.3,1,16,14,15,1.000000,71.680000,632.000000,0
simu5g_00000422,23.3,1,17,14,15,1.000000,71.680000,632.000000,0
simu5g_00000422,23.3,1,2,14,15,1.000000,88.640000,600.000000,0
simu5g_00000422,23.3,1,3,14,12,2.000000,215.040000,728.000000,0
simu5g_00000422,23.3,1,4,14,12,2.000000,264.960000,792.000000,0
simu5g_00000422,23.3,16,17,15,15,0.000000,0.000000,0.000000,0
simu5g_00000422,23.3,16,2,15,15,0.000000,27.200000,456.000000,1
simu5g_00000422,23.3,16,3,15,12,3.000000,208.640000,728.000000,0
simu5g_00000422,23.3,16,4,15,12,3.000000,278.400000,792.000000,0
simu5g_00000422,23.3,17,2,15,15,0.000000,27.200000,456.000000,1
simu5g_00000422,23.3,17,3,15,12,3.000000,208.640000,728.000000,0
simu5g_00000422,23.3,17,4,15,12,3.000000,278.400000,792.000000,0
simu5g_00000422,23.3,2,3,15,12,3.000000,203.840000,696.000000,0
simu5g_00000422,23.3,2,4,15,12,3.000000,251.200000,760.000000,0
simu5g_00000422,23.3,3,4,12,12,0.000000,282.240000,760.000000,1
simu5g_00000423,23.4,11,23,15,15,0.000000,2.560000,32.000000,1
simu5g_00000424,23.4,0,1,15,14,1.000000,55.040000,552.000000,0
simu5g_00000424,23.4,0,16,15,15,0.000000,17.920000,176.000000,1
simu5g_00000424,23.4,0,17,15,15,0.000000,17.920000,176.000000,1
simu5g_00000424,23.4,0,2,15,15,0.000000,20.800000,280.000000,1
simu5g_00000424,23.4,0,3,15,12,3.000000,202.240000,728.000000,0
simu5g_00000424,23.4,0,4,15,12,3.000000,256.640000,792.000000,0
simu5g_00000424,23.4,1,16,14,15,1.000000,58.880000,552.000000,0
simu5g_00000424,23.4,1,17,14,15,1.000000,58.880000,552.000000,0
simu5g_00000424,23.4,1,2,14,15,1.000000,75.840000,552.000000,0
simu5g_00000424,23.4,1,3,14,12,2.000000,221.440000,728.000000,0
simu5g_00000424,23.4,1,4,14,12,2.000000,262.400000,792.000000,0
simu5g_00000424,23.4,16,17,15,15,0.000000,0.000000,0.000000,0
simu5g_00000424,23.4,16,2,15,15,0.000000,27.200000,456.000000,1
simu5g_00000424,23.4,16,3,15,12,3.000000,208.640000,728.000000,0
simu5g_00000424,23.4,16,4,15,12,3.000000,274.560000,792.000000,0
simu5g_00000424,23.4,17,2,15,15,0.000000,27.200000,456.000000,1
simu5g_00000424,23.4,17,3,15,12,3.000000,208.640000,728.000000,0
simu5g_00000424,23.4,17,4,15,12,3.000000,274.560000,792.000000,0
simu5g_00000424,23.4,2,3,15,12,3.000000,203.840000,696.000000,0
simu5g_00000424,23.4,2,4,15,12,3.000000,247.360000,760.000000,0
simu5g_00000424,23.4,3,4,12,12,0.000000,278.400000,760.000000,1
simu5g_00000425,23.5,11,23,15,15,0.000000,0.000000,0.000000,0
simu5g_00000426,23.5,0,1,15,14,1.000000,55.040000,552.000000,0
simu5g_00000426,23.5,0,16,15,15,0.000000,17.920000,176.000000,1
simu5g_00000426,23.5,0,17,15,15,0.000000,35.840000,352.000000,1
simu5g_00000426,23.5,0,2,15,15,0.000000,20.800000,280.000000,1
simu5g_00000426,23.5,0,3,15,14,1.000000,109.120000,552.000000,0
simu5g_00000426,23.5,0,4,15,12,3.000000,219.520000,792.000000,0
simu5g_00000426,23.5,1,16,14,15,1.000000,58.880000,552.000000,0
simu5g_00000426,23.5,1,17,14,15,1.000000,76.800000,552.000000,0
simu5g_00000426,23.5,1,2,14,15,1.000000,75.840000,552.000000,0
simu5g_00000426,23.5,1,3,14,14,0.000000,139.840000,552.000000,1
simu5g_00000426,23.5,1,4,14,12,2.000000,225.280000,792.000000,0
simu5g_00000426,23.5,16,17,15,15,0.000000,17.920000,352.000000,1
simu5g_00000426,23.5,16,2,15,15,0.000000,27.200000,456.000000,1
simu5g_00000426,23.5,16,3,15,14,1.000000,101.440000,552.000000,0
simu5g_00000426,23.5,16,4,15,12,3.000000,237.440000,792.000000,0
simu5g_00000426,23.5,17,2,15,15,0.000000,42.560000,456.000000,1
simu5g_00000426,23.5,17,3,15,14,1.000000,114.240000,520.000000,0
simu5g_00000426,23.5,17,4,15,12,3.000000,245.120000,792.000000,0
simu5g_00000426,23.5,2,3,15,14,1.000000,110.720000,520.000000,0
simu5g_00000426,23.5,2,4,15,12,3.000000,218.560000,760.000000,0
simu5g_00000426,23.5,3,4,14,12,2.000000,227.520000,760.000000,0
simu5g_00000427,23.6,11,23,15,15,0.000000,0.000000,0.000000,0
simu5g_00000428,23.6,0,1,15,14,1.000000,53.760000,552.000000,0
simu5g_00000428,23.6,0,16,15,15,0.000000,17.920000,176.000000,1
simu5g_00000428,23.6,0,17,15,15,0.000000,35.840000,352.000000,1
simu5g_00000428,23.6,0,2,15,15,0.000000,20.800000,280.000000,1
simu5g_00000428,23.6,0,3,15,14,1.000000,109.120000,552.000000,0
simu5g_00000428,23.6,0,4,15,12,3.000000,215.680000,792.000000,0
simu5g_00000428,23.6,1,16,14,15,1.000000,57.600000,552.000000,0
simu5g_00000428,23.6,1,17,14,15,1.000000,75.520000,552.000000,0
simu5g_00000428,23.6,1,2,14,15,1.000000,74.560000,552.000000,0
simu5g_00000428,23.6,1,3,14,14,0.000000,141.120000,552.000000,1
simu5g_00000428,23.6,1,4,14,12,2.000000,222.720000,792.000000,0
simu5g_00000428,23.6,16,17,15,15,0.000000,17.920000,352.000000,1
simu5g_00000428,23.6,16,2,15,15,0.000000,27.200000,456.000000,1
simu5g_00000428,23.6,16,3,15,14,1.000000,101.440000,552.000000,0
simu5g_00000428,23.6,16,4,15,12,3.000000,233.600000,792.000000,0
simu5g_00000428,23.6,17,2,15,15,0.000000,42.560000,456.000000,1
simu5g_00000428,23.6,17,3,15,14,1.000000,114.240000,520.000000,0
simu5g_00000428,23.6,17,4,15,12,3.000000,241.280000,792.000000,0
simu5g_00000428,23.6,2,3,15,14,1.000000,110.720000,520.000000,0
simu5g_00000428,23.6,2,4,15,12,3.000000,214.720000,760.000000,0
simu5g_00000428,23.6,3,4,14,12,2.000000,231.360000,760.000000,0
simu5g_00000429,23.7,11,23,15,15,0.000000,0.000000,0.000000,0
simu5g_00000430,23.7,0,1,15,14,1.000000,53.760000,552.000000,0
simu5g_00000430,23.7,0,16,15,15,0.000000,17.920000,176.000000,1
simu5g_00000430,23.7,0,17,15,15,0.000000,35.840000,352.000000,1
simu5g_00000430,23.7,0,2,15,14,1.000000,68.160000,376.000000,0
simu5g_00000430,23.7,0,3,15,14,1.000000,109.120000,552.000000,0
simu5g_00000430,23.7,0,4,15,12,3.000000,215.680000,792.000000,0
simu5g_00000430,23.7,1,16,14,15,1.000000,57.600000,552.000000,0
simu5g_00000430,23.7,1,17,14,15,1.000000,75.520000,552.000000,0
simu5g_00000430,23.7,1,2,14,14,0.000000,110.400000,552.000000,1
simu5g_00000430,23.7,1,3,14,14,0.000000,141.120000,552.000000,1
simu5g_00000430,23.7,1,4,14,12,2.000000,222.720000,792.000000,0
simu5g_00000430,23.7,16,17,15,15,0.000000,17.920000,352.000000,1
simu5g_00000430,23.7,16,2,15,14,1.000000,74.560000,552.000000,0
simu5g_00000430,23.7,16,3,15,14,1.000000,101.440000,552.000000,0
simu5g_00000430,23.7,16,4,15,12,3.000000,233.600000,792.000000,0
simu5g_00000430,23.7,17,2,15,14,1.000000,87.360000,552.000000,0
simu5g_00000430,23.7,17,3,15,14,1.000000,114.240000,520.000000,0
simu5g_00000430,23.7,17,4,15,12,3.000000,241.280000,792.000000,0
simu5g_00000430,23.7,2,3,14,14,0.000000,133.760000,520.000000,1
simu5g_00000430,23.7,2,4,14,12,2.000000,186.560000,616.000000,0
simu5g_00000430,23.7,3,4,14,12,2.000000,231.360000,760.000000,0
simu5g_00000431,23.8,11,23,15,15,0.000000,0.000000,0.000000,0
simu5g_00000432,23.8,0,1,15,14,1.000000,53.760000,552.000000,0
simu5g_00000432,23.8,0,16,15,15,0.000000,17.920000,176.000000,1
simu5g_00000432,23.8,0,17,15,15,0.000000,35.840000,352.000000,1
simu5g_00000432,23.8,0,2,15,14,1.000000,68.160000,376.000000,0
simu5g_00000432,23.8,0,3,15,14,1.000000,109.120000,552.000000,0
simu5g_00000432,23.8,0,4,15,12,3.000000,215.680000,792.000000,0
simu5g_00000432,23.8,1,16,14,15,1.000000,57.600000,552.000000,0
simu5g_00000432,23.8,1,17,14,15,1.000000,75.520000,552.000000,0
simu5g_00000432,23.8,1,2,14,14,0.000000,110.400000,552.000000,1
simu5g_00000432,23.8,1,3,14,14,0.000000,141.120000,552.000000,1
simu5g_00000432,23.8,1,4,14,12,2.000000,222.720000,792.000000,0
simu5g_00000432,23.8,16,17,15,15,0.000000,17.920000,352.000000,1
simu5g_00000432,23.8,16,2,15,14,1.000000,74.560000,552.000000,0
simu5g_00000432,23.8,16,3,15,14,1.000000,101.440000,552.000000,0
simu5g_00000432,23.8,16,4,15,12,3.000000,233.600000,792.000000,0
simu5g_00000432,23.8,17,2,15,14,1.000000,87.360000,552.000000,0
simu5g_00000432,23.8,17,3,15,14,1.000000,114.240000,520.000000,0
simu5g_00000432,23.8,17,4,15,12,3.000000,241.280000,792.000000,0
simu5g_00000432,23.8,2,3,14,14,0.000000,133.760000,520.000000,1
simu5g_00000432,23.8,2,4,14,12,2.000000,186.560000,616.000000,0
simu5g_00000432,23.8,3,4,14,12,2.000000,231.360000,760.000000,0
simu5g_00000433,23.9,11,23,15,15,0.000000,0.000000,0.000000,0
simu5g_00000434,23.9,0,1,15,15,0.000000,47.680000,424.000000,1
simu5g_00000434,23.9,0,16,15,15,0.000000,17.920000,176.000000,1
simu5g_00000434,23.9,0,17,15,15,0.000000,35.840000,352.000000,1
simu5g_00000434,23.9,0,2,15,14,1.000000,68.160000,376.000000,0
simu5g_00000434,23.9,0,3,15,14,1.000000,109.120000,552.000000,0
simu5g_00000434,23.9,0,4,15,12,3.000000,215.680000,792.000000,0
simu5g_00000434,23.9,1,16,15,15,0.000000,34.880000,456.000000,1
simu5g_00000434,23.9,1,17,15,15,0.000000,52.800000,456.000000,1
simu5g_00000434,23.9,1,2,15,14,1.000000,92.800000,552.000000,0
simu5g_00000434,23.9,1,3,15,14,1.000000,128.640000,552.000000,0
simu5g_00000434,23.9,1,4,15,12,3.000000,224.320000,792.000000,0
simu5g_00000434,23.9,16,17,15,15,0.000000,17.920000,352.000000,1
simu5g_00000434,23.9,16,2,15,14,1.000000,74.560000,552.000000,0
simu5g_00000434,23.9,16,3,15,14,1.000000,101.440000,552.000000,0
simu5g_00000434,23.9,16,4,15,12,3.000000,233.600000,792.000000,0
simu5g_00000434,23.9,17,2,15,14,1.000000,87.360000,552.000000,0
simu5g_00000434,23.9,17,3,15,14,1.000000,114.240000,520.000000,0
simu5g_00000434,23.9,17,4,15,12,3.000000,241.280000,792.000000,0
simu5g_00000434,23.9,2,3,14,14,0.000000,133.760000,520.000000,1
simu5g_00000434,23.9,2,4,14,12,2.000000,186.560000,616.000000,0
simu5g_00000434,23.9,3,4,14,12,2.000000,231.360000,760.000000,0
simu5g_00000435,24.0,11,23,15,15,0.000000,0.000000,0.000000,0
simu5g_00000436,24.0,0,1,15,15,0.000000,34.880000,456.000000,1
simu5g_00000436,24.0,0,16,15,15,0.000000,2.560000,32.000000,1
simu5g_00000436,24.0,0,17,15,15,0.000000,41.280000,552.000000,1
simu5g_00000436,24.0,0,2,15,14,1.000000,72.000000,520.000000,0
simu5g_00000436,24.0,0,3,15,14,1.000000,101.440000,552.000000,0
simu5g_00000436,24.0,0,4,15,15,0.000000,23.040000,272.000000,1
simu5g_00000436,24.0,1,16,15,15,0.000000,34.880000,456.000000,1
simu5g_00000436,24.0,1,17,15,15,0.000000,73.600000,552.000000,1
simu5g_00000436,24.0,1,2,15,14,1.000000,92.800000,552.000000,0
simu5g_00000436,24.0,1,3,15,14,1.000000,128.640000,552.000000,0
simu5g_00000436,24.0,1,4,15,15,0.000000,55.360000,424.000000,1
simu5g_00000436,24.0,16,17,15,15,0.000000,38.720000,552.000000,1
simu5g_00000436,24.0,16,2,15,14,1.000000,74.560000,552.000000,0
simu5g_00000436,24.0,16,3,15,14,1.000000,101.440000,552.000000,0
simu5g_00000436,24.0,16,4,15,15,0.000000,25.600000,272.000000,1
simu5g_00000436,24.0,17,2,15,14,1.000000,96.640000,552.000000,0
simu5g_00000436,24.0,17,3,15,14,1.000000,120.960000,552.000000,0
simu5g_00000436,24.0,17,4,15,15,0.000000,64.320000,552.000000,1
simu5g_00000436,24.0,2,3,14,14,0.000000,133.760000,520.000000,1
simu5g_00000436,24.0,2,4,14,15,1.000000,61.760000,520.000000,0
simu5g_00000436,24.0,3,4,14,15,1.000000,109.120000,552.000000,0
simu5g_00000437,24.1,11,23,15,15,0.000000,0.000000,0.000000,0
simu5g_00000438,24.1,0,1,15,15,0.000000,34.880000,456.000000,1
simu5g_00000438,24.1,0,16,15,15,0.000000,2.560000,32.000000,1
simu5g_00000438,24.1,0,17,15,15,0.000000,41.280000,552.000000,1
simu5g_00000438,24.1,0,2,15,14,1.000000,72.000000,520.000000,0
simu5g_00000438,24.1,0,3,15,14,1.000000,101.440000,552.000000,0
simu5g_00000438,24.1,0,4,15,15,0.000000,23.040000,272.000000,1
simu5g_00000438,24.1,1,16,15,15,0.000000,34.880000,456.000000,1
simu5g_00000438,24.1,1,17,15,15,0.000000,73.600000,552.000000,1
simu5g_00000438,24.1,1,2,15,14,1.000000,92.800000,552.000000,0
simu5g_00000438,24.1,1,3,15,14,1.000000,128.640000,552.000000,0
simu5g_00000438,24.1,1,4,15,15,0.000000,55.360000,424.000000,1
simu5g_00000438,24.1,16,17,15,15,0.000000,38.720000,552.000000,1
simu5g_00000438,24.1,16,2,15,14,1.000000,74.560000,552.000000,0
simu5g_00000438,24.1,16,3,15,14,1.000000,101.440000,552.000000,0
simu5g_00000438,24.1,16,4,15,15,0.000000,25.600000,272.000000,1
simu5g_00000438,24.1,17,2,15,14,1.000000,96.640000,552.000000,0
simu5g_00000438,24.1,17,3,15,14,1.000000,120.960000,552.000000,0
simu5g_00000438,24.1,17,4,15,15,0.000000,64.320000,552.000000,1
simu5g_00000438,24.1,2,3,14,14,0.000000,133.760000,520.000000,1
simu5g_00000438,24.1,2,4,14,15,1.000000,61.760000,520.000000,0
simu5g_00000438,24.1,3,4,14,15,1.000000,109.120000,552.000000,0
simu5g_00000439,24.2,11,23,15,15,0.000000,0.000000,0.000000,0
simu5g_00000440,24.2,0,1,15,15,0.000000,34.880000,456.000000,1
simu5g_00000440,24.2,0,16,15,15,0.000000,2.560000,32.000000,1
simu5g_00000440,24.2,0,17,15,15,0.000000,41.280000,552.000000,1
simu5g_00000440,24.2,0,2,15,14,1.000000,70.720000,520.000000,0
simu5g_00000440,24.2,0,3,15,14,1.000000,94.400000,552.000000,0
simu5g_00000440,24.2,0,4,15,15,0.000000,23.040000,272.000000,1
simu5g_00000440,24.2,1,16,15,15,0.000000,34.880000,456.000000,1
simu5g_00000440,24.2,1,17,15,15,0.000000,73.600000,552.000000,1
simu5g_00000440,24.2,1,2,15,14,1.000000,91.520000,552.000000,0
simu5g_00000440,24.2,1,3,15,14,1.000000,121.600000,552.000000,0
simu5g_00000440,24.2,1,4,15,15,0.000000,55.360000,424.000000,1
simu5g_00000440,24.2,16,17,15,15,0.000000,38.720000,552.000000,1
simu5g_00000440,24.2,16,2,15,14,1.000000,73.280000,552.000000,0
simu5g_00000440,24.2,16,3,15,14,1.000000,94.400000,552.000000,0
simu5g_00000440,24.2,16,4,15,15,0.000000,25.600000,272.000000,1
simu5g_00000440,24.2,17,2,15,14,1.000000,95.360000,552.000000,0
simu5g_00000440,24.2,17,3,15,14,1.000000,113.920000,552.000000,0
simu5g_00000440,24.2,17,4,15,15,0.000000,64.320000,552.000000,1
simu5g_00000440,24.2,2,3,14,14,0.000000,128.000000,520.000000,1
simu5g_00000440,24.2,2,4,14,15,1.000000,60.480000,520.000000,0
simu5g_00000440,24.2,3,4,14,15,1.000000,102.080000,552.000000,0
simu5g_00000441,24.3,11,23,15,15,0.000000,1.280000,32.000000,1
simu5g_00000442,24.3,0,1,15,15,0.000000,17.920000,272.000000,1
simu5g_00000442,24.3,0,16,15,15,0.000000,0.000000,0.000000,0
simu5g_00000442,24.3,0,17,15,15,0.000000,38.720000,552.000000,1
simu5g_00000442,24.3,0,2,15,15,0.000000,16.000000,272.000000,1
simu5g_00000442,24.3,0,3,15,14,1.000000,94.400000,552.000000,0
simu5g_00000442,24.3,0,4,15,15,0.000000,25.600000,272.000000,1
simu5g_00000442,24.3,1,16,15,15,0.000000,17.920000,272.000000,1
simu5g_00000442,24.3,1,17,15,15,0.000000,56.640000,552.000000,1
simu5g_00000442,24.3,1,2,15,15,0.000000,33.920000,272.000000,1
simu5g_00000442,24.3,1,3,15,14,1.000000,107.200000,552.000000,0
simu5g_00000442,24.3,1,4,15,15,0.000000,40.960000,272.000000,1
simu5g_00000442,24.3,16,17,15,15,0.000000,38.720000,552.000000,1
simu5g_00000442,24.3,16,2,15,15,0.000000,16.000000,272.000000,1
simu5g_00000442,24.3,16,3,15,14,1.000000,94.400000,552.000000,0
simu5g_00000442,24.3,16,4,15,15,0.000000,25.600000,272.000000,1
simu5g_00000442,24.3,17,2,15,15,0.000000,52.160000,552.000000,1
simu5g_00000442,24.3,17,3,15,14,1.000000,113.920000,552.000000,0
simu5g_00000442,24.3,17,4,15,15,0.000000,64.320000,552.000000,1
simu5g_00000442,24.3,2,3,15,14,1.000000,97.600000,520.000000,0
simu5g_00000442,24.3,2,4,15,15,0.000000,33.920000,272.000000,1
simu5g_00000442,24.3,3,4,14,15,1.000000,102.080000,552.000000,0
simu5g_00000443,24.4,11,23,15,15,0.000000,1.280000,32.000000,1
simu5g_00000444,24.4,0,1,15,15,0.000000,17.920000,272.000000,1
simu5g_00000444,24.4,0,16,15,15,0.000000,0.000000,0.000000,0
simu5g_00000444,24.4,0,17,15,15,0.000000,38.720000,552.000000,1
simu5g_00000444,24.4,0,2,15,15,0.000000,16.000000,272.000000,1
simu5g_00000444,24.4,0,3,15,13,2.000000,158.720000,632.000000,0
simu5g_00000444,24.4,0,4,15,15,0.000000,25.600000,272.000000,1
simu5g_00000444,24.4,1,16,15,15,0.000000,17.920000,272.000000,1
simu5g_00000444,24.4,1,17,15,15,0.000000,56.640000,552.000000,1
simu5g_00000444,24.4,1,2,15,15,0.000000,33.920000,272.000000,1
simu5g_00000444,24.4,1,3,15,13,2.000000,160.000000,632.000000,0
simu5g_00000444,24.4,1,4,15,15,0.000000,40.960000,272.000000,1
simu5g_00000444,24.4,16,17,15,15,0.000000,38.720000,552.000000,1
simu5g_00000444,24.4,16,2,15,15,0.000000,16.000000,272.000000,1
simu5g_00000444,24.4,16,3,15,13,2.000000,158.720000,632.000000,0
simu5g_00000444,24.4,16,4,15,15,0.000000,25.600000,272.000000,1
simu5g_00000444,24.4,17,2,15,15,0.000000,52.160000,552.000000,1
simu5g_00000444,24.4,17,3,15,13,2.000000,164.160000,552.000000,0
simu5g_00000444,24.4,17,4,15,15,0.000000,64.320000,552.000000,1
simu5g_00000444,24.4,2,3,15,13,2.000000,161.920000,600.000000,0
simu5g_00000444,24.4,2,4,15,15,0.000000,33.920000,272.000000,1
simu5g_00000444,24.4,3,4,13,15,2.000000,152.320000,632.000000,0
simu5g_00000445,24.5,11,23,15,15,0.000000,1.280000,32.000000,1
simu5g_00000446,24.5,0,1,15,15,0.000000,17.920000,272.000000,1
simu5g_00000446,24.5,0,16,15,15,0.000000,0.000000,0.000000,0
simu5g_00000446,24.5,0,17,15,15,0.000000,16.640000,352.000000,1
simu5g_00000446,24.5,0,2,15,15,0.000000,16.000000,272.000000,1
simu5g_00000446,24.5,0,3,15,13,2.000000,158.720000,632.000000,0
simu5g_00000446,24.5,0,4,15,15,0.000000,25.600000,272.000000,1
simu5g_00000446,24.5,1,16,15,15,0.000000,17.920000,272.000000,1
simu5g_00000446,24.5,1,17,15,15,0.000000,34.560000,352.000000,1
simu5g_00000446,24.5,1,2,15,15,0.000000,33.920000,272.000000,1
simu5g_00000446,24.5,1,3,15,13,2.000000,160.000000,632.000000,0
simu5g_00000446,24.5,1,4,15,15,0.000000,40.960000,272.000000,1
simu5g_00000446,24.5,16,17,15,15,0.000000,16.640000,352.000000,1
simu5g_00000446,24.5,16,2,15,15,0.000000,16.000000,272.000000,1
simu5g_00000446,24.5,16,3,15,13,2.000000,158.720000,632.000000,0
simu5g_00000446,24.5,16,4,15,15,0.000000,25.600000,272.000000,1
simu5g_00000446,24.5,17,2,15,15,0.000000,30.080000,352.000000,1
simu5g_00000446,24.5,17,3,15,13,2.000000,167.680000,600.000000,0
simu5g_00000446,24.5,17,4,15,15,0.000000,42.240000,352.000000,1
simu5g_00000446,24.5,2,3,15,13,2.000000,161.920000,600.000000,0
simu5g_00000446,24.5,2,4,15,15,0.000000,33.920000,272.000000,1
simu5g_00000446,24.5,3,4,13,15,2.000000,152.320000,632.000000,0
simu5g_00000447,24.6,11,23,15,15,0.000000,1.280000,32.000000,1
simu5g_00000448,24.6,0,1,15,15,0.000000,20.480000,272.000000,1
simu5g_00000448,24.6,0,16,15,15,0.000000,2.560000,32.000000,1
simu5g_00000448,24.6,0,17,15,15,0.000000,19.200000,352.000000,1
simu5g_00000448,24.6,0,2,15,15,0.000000,16.000000,240.000000,1
simu5g_00000448,24.6,0,3,15,13,2.000000,156.160000,632.000000,0
simu5g_00000448,24.6,0,4,15,15,0.000000,23.040000,272.000000,1
simu5g_00000448,24.6,1,16,15,15,0.000000,17.920000,272.000000,1
simu5g_00000448,24.6,1,17,15,15,0.000000,34.560000,352.000000,1
simu5g_00000448,24.6,1,2,15,15,0.000000,33.920000,272.000000,1
simu5g_00000448,24.6,1,3,15,13,2.000000,160.000000,632.000000,0
simu5g_00000448,24.6,1,4,15,15,0.000000,40.960000,272.000000,1
simu5g_00000448,24.6,16,17,15,15,0.000000,16.640000,352.000000,1
simu5g_00000448,24.6,16,2,15,15,0.000000,16.000000,272.000000,1
simu5g_00000448,24.6,16,3,15,13,2.000000,158.720000,632.000000,0
simu5g_00000448,24.6,16,4,15,15,0.000000,25.600000,272.000000,1
simu5g_00000448,24.6,17,2,15,15,0.000000,30.080000,352.000000,1
simu5g_00000448,24.6,17,3,15,13,2.000000,167.680000,600.000000,0
simu5g_00000448,24.6,17,4,15,15,0.000000,42.240000,352.000000,1
simu5g_00000448,24.6,2,3,15,13,2.000000,161.920000,600.000000,0
simu5g_00000448,24.6,2,4,15,15,0.000000,33.920000,272.000000,1
simu5g_00000448,24.6,3,4,13,15,2.000000,152.320000,632.000000,0
simu5g_00000449,24.7,11,23,15,15,0.000000,0.000000,0.000000,0
simu5g_00000450,24.7,0,1,15,15,0.000000,20.480000,272.000000,1
simu5g_00000450,24.7,0,16,15,15,0.000000,3.840000,32.000000,1
simu5g_00000450,24.7,0,17,15,15,0.000000,19.200000,352.000000,1
simu5g_00000450,24.7,0,2,15,15,0.000000,16.000000,240.000000,1
simu5g_00000450,24.7,0,3,15,13,2.000000,156.160000,632.000000,0
simu5g_00000450,24.7,0,4,15,15,0.000000,23.040000,272.000000,1
simu5g_00000450,24.7,1,16,15,15,0.000000,19.200000,272.000000,1
simu5g_00000450,24.7,1,17,15,15,0.000000,34.560000,352.000000,1
simu5g_00000450,24.7,1,2,15,15,0.000000,33.920000,272.000000,1
simu5g_00000450,24.7,1,3,15,13,2.000000,160.000000,632.000000,0
simu5g_00000450,24.7,1,4,15,15,0.000000,40.960000,272.000000,1
simu5g_00000450,24.7,16,17,15,15,0.000000,17.920000,352.000000,1
simu5g_00000450,24.7,16,2,15,15,0.000000,17.280000,272.000000,1
simu5g_00000450,24.7,16,3,15,13,2.000000,157.440000,632.000000,0
simu5g_00000450,24.7,16,4,15,15,0.000000,26.880000,272.000000,1
simu5g_00000450,24.7,17,2,15,15,0.000000,30.080000,352.000000,1
simu5g_00000450,24.7,17,3,15,13,2.000000,167.680000,600.000000,0
simu5g_00000450,24.7,17,4,15,15,0.000000,42.240000,352.000000,1
simu5g_00000450,24.7,2,3,15,13,2.000000,161.920000,600.000000,0
simu5g_00000450,24.7,2,4,15,15,0.000000,33.920000,272.000000,1
simu5g_00000450,24.7,3,4,13,15,2.000000,152.320000,632.000000,0
simu5g_00000451,24.8,11,23,15,15,0.000000,0.000000,0.000000,0
simu5g_00000452,24.8,0,1,15,15,0.000000,20.480000,272.000000,1
simu5g_00000452,24.8,0,16,15,15,0.000000,2.560000,32.000000,1
simu5g_00000452,24.8,0,17,15,15,0.000000,19.200000,352.000000,1
simu5g_00000452,24.8,0,2,15,15,0.000000,16.000000,240.000000,1
simu5g_00000452,24.8,0,3,15,13,2.000000,156.160000,632.000000,0
simu5g_00000452,24.8,0,4,15,15,0.000000,23.040000,272.000000,1
simu5g_00000452,24.8,1,16,15,15,0.000000,20.480000,272.000000,1
simu5g_00000452,24.8,1,17,15,15,0.000000,34.560000,352.000000,1
simu5g_00000452,24.8,1,2,15,15,0.000000,33.920000,272.000000,1
simu5g_00000452,24.8,1,3,15,13,2.000000,160.000000,632.000000,0
simu5g_00000452,24.8,1,4,15,15,0.000000,40.960000,272.000000,1
simu5g_00000452,24.8,16,17,15,15,0.000000,19.200000,352.000000,1
simu5g_00000452,24.8,16,2,15,15,0.000000,18.560000,272.000000,1
simu5g_00000452,24.8,16,3,15,13,2.000000,156.160000,632.000000,0
simu5g_00000452,24.8,16,4,15,15,0.000000,25.600000,272.000000,1
simu5g_00000452,24.8,17,2,15,15,0.000000,30.080000,352.000000,1
simu5g_00000452,24.8,17,3,15,13,2.000000,167.680000,600.000000,0
simu5g_00000452,24.8,17,4,15,15,0.000000,42.240000,352.000000,1
simu5g_00000452,24.8,2,3,15,13,2.000000,161.920000,600.000000,0
simu5g_00000452,24.8,2,4,15,15,0.000000,33.920000,272.000000,1
simu5g_00000452,24.8,3,4,13,15,2.000000,152.320000,632.000000,0
simu5g_00000453,24.9,11,23,15,15,0.000000,0.000000,0.000000,0
simu5g_00000454,24.9,0,1,14,15,1.000000,69.120000,456.000000,0
simu5g_00000454,24.9,0,16,14,15,1.000000,69.120000,456.000000,0
simu5g_00000454,24.9,0,17,14,15,1.000000,89.600000,456.000000,0
simu5g_00000454,24.9,0,2,14,15,1.000000,62.080000,456.000000,0
simu5g_00000454,24.9,0,3,14,13,1.000000,197.120000,632.000000,0
simu5g_00000454,24.9,0,4,14,15,1.000000,72.960000,424.000000,0
simu5g_00000454,24.9,1,16,15,15,0.000000,16.640000,176.000000,1
simu5g_00000454,24.9,1,17,15,15,0.000000,32.000000,352.000000,1
simu5g_00000454,24.9,1,2,15,15,0.000000,28.800000,272.000000,1
simu5g_00000454,24.9,1,3,15,13,2.000000,156.160000,632.000000,0
simu5g_00000454,24.9,1,4,15,15,0.000000,37.120000,272.000000,1
simu5g_00000454,24.9,16,17,15,15,0.000000,20.480000,352.000000,1
simu5g_00000454,24.9,16,2,15,15,0.000000,17.280000,272.000000,1
simu5g_00000454,24.9,16,3,15,13,2.000000,156.160000,632.000000,0
simu5g_00000454,24.9,16,4,15,15,0.000000,25.600000,272.000000,1
simu5g_00000454,24.9,17,2,15,15,0.000000,32.640000,352.000000,1
simu5g_00000454,24.9,17,3,15,13,2.000000,168.960000,600.000000,0
simu5g_00000454,24.9,17,4,15,15,0.000000,43.520000,352.000000,1
simu5g_00000454,24.9,2,3,15,13,2.000000,163.200000,632.000000,0
simu5g_00000454,24.9,2,4,15,15,0.000000,32.640000,272.000000,1
simu5g_00000454,24.9,3,4,13,15,2.000000,152.320000,632.000000,0
simu5g_00000455,25.0,11,23,15,15,0.000000,0.000000,0.000000,0
simu5g_00000456,25.0,0,1,14,15,1.000000,69.120000,456.000000,0
simu5g_00000456,25.0,0,16,14,15,1.000000,69.120000,456.000000,0
simu5g_00000456,25.0,0,17,14,15,1.000000,107.840000,552.000000,0
simu5g_00000456,25.0,0,2,14,15,1.000000,62.080000,456.000000,0
simu5g_00000456,25.0,0,3,14,13,1.000000,197.120000,632.000000,0
simu5g_00000456,25.0,0,4,14,15,1.000000,72.960000,424.000000,0
simu5g_00000456,25.0,1,16,15,15,0.000000,16.640000,176.000000,1
simu5g_00000456,25.0,1,17,15,15,0.000000,52.800000,552.000000,1
simu5g_00000456,25.0,1,2,15,15,0.000000,28.800000,272.000000,1
simu5g_00000456,25.0,1,3,15,13,2.000000,156.160000,632.000000,0
simu5g_00000456,25.0,1,4,15,15,0.000000,37.120000,272.000000,1
simu5g_00000456,25.0,16,17,15,15,0.000000,41.280000,552.000000,1
simu5g_00000456,25.0,16,2,15,15,0.000000,17.280000,272.000000,1
simu5g_00000456,25.0,16,3,15,13,2.000000,156.160000,632.000000,0
simu5g_00000456,25.0,16,4,15,15,0.000000,25.600000,272.000000,1
simu5g_00000456,25.0,17,2,15,15,0.000000,53.440000,552.000000,1
simu5g_00000456,25.0,17,3,15,13,2.000000,164.160000,552.000000,0
simu5g_00000456,25.0,17,4,15,15,0.000000,64.320000,552.000000,1
simu5g_00000456,25.0,2,3,15,13,2.000000,163.200000,632.000000,0
simu5g_00000456,25.0,2,4,15,15,0.000000,32.640000,272.000000,1
simu5g_00000456,25.0,3,4,13,15,2.000000,152.320000,632.000000,0
simu5g_00000457,25.1,11,23,15,15,0.000000,0.000000,0.000000,0
simu5g_00000458,25.1,0,1,14,15,1.000000,78.720000,456.000000,0
simu5g_00000458,25.1,0,16,14,15,1.000000,69.120000,456.000000,0
simu5g_00000458,25.1,0,17,14,15,1.000000,107.840000,552.000000,0
simu5g_00000458,25.1,0,2,14,15,1.000000,62.080000,456.000000,0
simu5g_00000458,25.1,0,3,14,13,1.000000,197.120000,632.000000,0
simu5g_00000458,25.1,0,4,14,15,1.000000,72.960000,424.000000,0
simu5g_00000458,25.1,1,16,15,15,0.000000,26.240000,352.000000,1
simu5g_00000458,25.1,1,17,15,15,0.000000,64.960000,552.000000,1
simu5g_00000458,25.1,1,2,15,15,0.000000,40.960000,352.000000,1
simu5g_00000458,25.1,1,3,15,13,2.000000,165.760000,632.000000,0
simu5g_00000458,25.1,1,4,15,15,0.000000,46.720000,320.000000,1
simu5g_00000458,25.1,16,17,15,15,0.000000,41.280000,552.000000,1
simu5g_00000458,25.1,16,2,15,15,0.000000,17.280000,272.000000,1
simu5g_00000458,25.1,16,3,15,13,2.000000,156.160000,632.000000,0
simu5g_00000458,25.1,16,4,15,15,0.000000,25.600000,272.000000,1
simu5g_00000458,25.1,17,2,15,15,0.000000,53.440000,552.000000,1
simu5g_00000458,25.1,17,3,15,13,2.000000,164.160000,552.000000,0
simu5g_00000458,25.1,17,4,15,15,0.000000,64.320000,552.000000,1
simu5g_00000458,25.1,2,3,15,13,2.000000,163.200000,632.000000,0
simu5g_00000458,25.1,2,4,15,15,0.000000,32.640000,272.000000,1
simu5g_00000458,25.1,3,4,13,15,2.000000,152.320000,632.000000,0
simu5g_00000459,25.2,11,23,15,15,0.000000,0.000000,0.000000,0
simu5g_00000460,25.2,0,1,15,15,0.000000,53.760000,320.000000,1
simu5g_00000460,25.2,0,16,15,15,0.000000,32.640000,272.000000,1
simu5g_00000460,25.2,0,17,15,15,0.000000,71.360000,552.000000,1
simu5g_00000460,25.2,0,2,15,15,0.000000,23.040000,272.000000,1
simu5g_00000460,25.2,0,3,15,13,2.000000,172.800000,552.000000,0
simu5g_00000460,25.2,0,4,15,15,0.000000,48.000000,240.000000,1
simu5g_00000460,25.2,1,16,15,15,0.000000,26.240000,352.000000,1
simu5g_00000460,25.2,1,17,15,15,0.000000,64.960000,552.000000,1
simu5g_00000460,25.2,1,2,15,15,0.000000,40.960000,352.000000,1
simu5g_00000460,25.2,1,3,15,13,2.000000,162.560000,552.000000,0
simu5g_00000460,25.2,1,4,15,15,0.000000,46.720000,320.000000,1
simu5g_00000460,25.2,16,17,15,15,0.000000,41.280000,552.000000,1
simu5g_00000460,25.2,16,2,15,15,0.000000,17.280000,272.000000,1
simu5g_00000460,25.2,16,3,15,13,2.000000,152.960000,552.000000,0
simu5g_00000460,25.2,16,4,15,15,0.000000,25.600000,272.000000,1
simu5g_00000460,25.2,17,2,15,15,0.000000,53.440000,552.000000,1
simu5g_00000460,25.2,17,3,15,13,2.000000,160.960000,552.000000,0
simu5g_00000460,25.2,17,4,15,15,0.000000,64.320000,552.000000,1
simu5g_00000460,25.2,2,3,15,13,2.000000,160.000000,552.000000,0
simu5g_00000460,25.2,2,4,15,15,0.000000,32.640000,272.000000,1
simu5g_00000460,25.2,3,4,13,15,2.000000,149.120000,552.000000,0
simu5g_00000461,25.3,11,23,15,15,0.000000,0.000000,0.000000,0
simu5g_00000462,25.3,0,1,15,15,0.000000,53.760000,320.000000,1
simu5g_00000462,25.3,0,16,15,15,0.000000,32.640000,272.000000,1
simu5g_00000462,25.3,0,17,15,15,0.000000,71.360000,552.000000,1
simu5g_00000462,25.3,0,2,15,15,0.000000,23.040000,272.000000,1
simu5g_00000462,25.3,0,3,15,13,2.000000,172.800000,552.000000,0
simu5g_00000462,25.3,0,4,15,15,0.000000,49.280000,272.000000,1
simu5g_00000462,25.3,1,16,15,15,0.000000,26.240000,352.000000,1
simu5g_00000462,25.3,1,17,15,15,0.000000,64.960000,552.000000,1
simu5g_00000462,25.3,1,2,15,15,0.000000,40.960000,352.000000,1
simu5g_00000462,25.3,1,3,15,13,2.000000,162.560000,552.000000,0
simu5g_00000462,25.3,1,4,15,15,0.000000,48.000000,320.000000,1
simu5g_00000462,25.3,16,17,15,15,0.000000,41.280000,552.000000,1
simu5g_00000462,25.3,16,2,15,15,0.000000,17.280000,272.000000,1
simu5g_00000462,25.3,16,3,15,13,2.000000,152.960000,552.000000,0
simu5g_00000462,25.3,16,4,15,15,0.000000,26.880000,272.000000,1
simu5g_00000462,25.3,17,2,15,15,0.000000,53.440000,552.000000,1
simu5g_00000462,25.3,17,3,15,13,2.000000,160.960000,552.000000,0
simu5g_00000462,25.3,17,4,15,15,0.000000,63.040000,552.000000,1
simu5g_00000462,25.3,2,3,15,13,2.000000,160.000000,552.000000,0
simu5g_00000462,25.3,2,4,15,15,0.000000,31.360000,272.000000,1
simu5g_00000462,25.3,3,4,13,15,2.000000,150.400000,552.000000,0
simu5g_00000463,25.4,11,23,15,15,0.000000,0.000000,0.000000,0
simu5g_00000464,25.4,0,1,15,15,0.000000,53.760000,320.000000,1
simu5g_00000464,25.4,0,16,15,15,0.000000,32.640000,272.000000,1
simu5g_00000464,25.4,0,17,15,15,0.000000,71.360000,552.000000,1
simu5g_00000464,25.4,0,2,15,15,0.000000,23.040000,272.000000,1
simu5g_00000464,25.4,0,3,15,13,2.000000,169.600000,552.000000,0
simu5g_00000464,25.4,0,4,15,15,0.000000,49.280000,272.000000,1
simu5g_00000464,25.4,1,16,15,15,0.000000,26.240000,352.000000,1
simu5g_00000464,25.4,1,17,15,15,0.000000,64.960000,552.000000,1
simu5g_00000464,25.4,1,2,15,15,0.000000,40.960000,352.000000,1
simu5g_00000464,25.4,1,3,15,13,2.000000,159.360000,552.000000,0
simu5g_00000464,25.4,1,4,15,15,0.000000,48.000000,320.000000,1
simu5g_00000464,25.4,16,17,15,15,0.000000,41.280000,552.000000,1
simu5g_00000464,25.4,16,2,15,15,0.000000,17.280000,272.000000,1
simu5g_00000464,25.4,16,3,15,13,2.000000,149.760000,552.000000,0
simu5g_00000464,25.4,16,4,15,15,0.000000,26.880000,272.000000,1
simu5g_00000464,25.4,17,2,15,15,0.000000,53.440000,552.000000,1
simu5g_00000464,25.4,17,3,15,13,2.000000,157.760000,552.000000,0
simu5g_00000464,25.4,17,4,15,15,0.000000,63.040000,552.000000,1
simu5g_00000464,25.4,2,3,15,13,2.000000,156.800000,552.000000,0
simu5g_00000464,25.4,2,4,15,15,0.000000,31.360000,272.000000,1
simu5g_00000464,25.4,3,4,13,15,2.000000,147.200000,552.000000,0
simu5g_00000465,25.5,11,23,15,15,0.000000,0.000000,0.000000,0
simu5g_00000466,25.5,0,1,15,15,0.000000,29.440000,352.000000,1
simu5g_00000466,25.5,0,16,15,15,0.000000,2.560000,32.000000,1
simu5g_00000466,25.5,0,17,15,15,0.000000,20.480000,352.000000,1
simu5g_00000466,25.5,0,2,15,15,0.000000,7.040000,144.000000,1
simu5g_00000466,25.5,0,3,15,13,2.000000,149.760000,552.000000,0
simu5g_00000466,25.5,0,4,15,15,0.000000,19.200000,176.000000,1
simu5g_00000466,25.5,1,16,15,15,0.000000,29.440000,352.000000,1
simu5g_00000466,25.5,1,17,15,15,0.000000,47.360000,352.000000,1
simu5g_00000466,25.5,1,2,15,15,0.000000,36.480000,352.000000,1
simu5g_00000466,25.5,1,3,15,13,2.000000,162.560000,552.000000,0
simu5g_00000466,25.5,1,4,15,15,0.000000,43.520000,352.000000,1
simu5g_00000466,25.5,16,17,15,15,0.000000,17.920000,352.000000,1
simu5g_00000466,25.5,16,2,15,15,0.000000,7.040000,176.000000,1
simu5g_00000466,25.5,16,3,15,13,2.000000,152.320000,552.000000,0
simu5g_00000466,25.5,16,4,15,15,0.000000,16.640000,176.000000,1
simu5g_00000466,25.5,17,2,15,15,0.000000,24.960000,352.000000,1
simu5g_00000466,25.5,17,3,15,13,2.000000,162.560000,552.000000,0
simu5g_00000466,25.5,17,4,15,15,0.000000,34.560000,352.000000,1
simu5g_00000466,25.5,2,3,15,13,2.000000,156.800000,552.000000,0
simu5g_00000466,25.5,2,4,15,15,0.000000,23.680000,176.000000,1
simu5g_00000466,25.5,3,4,13,15,2.000000,147.200000,552.000000,0
simu5g_00000467,25.6,11,23,15,15,0.000000,0.000000,0.000000,0
simu5g_00000468,25.6,0,1,15,15,0.000000,29.440000,352.000000,1
simu5g_00000468,25.6,0,16,15,15,0.000000,2.560000,32.000000,1
simu5g_00000468,25.6,0,17,15,15,0.000000,20.480000,352.000000,1
simu5g_00000468,25.6,0,2,15,15,0.000000,7.040000,144.000000,1
simu5g_00000468,25.6,0,3,15,13,2.000000,149.760000,552.000000,0
simu5g_00000468,25.6,0,4,15,15,0.000000,19.200000,176.000000,1
simu5g_00000468,25.6,1,16,15,15,0.000000,29.440000,352.000000,1
simu5g_00000468,25.6,1,17,15,15,0.000000,47.360000,352.000000,1
simu5g_00000468,25.6,1,2,15,15,0.000000,36.480000,352.000000,1
simu5g_00000468,25.6,1,3,15,13,2.000000,162.560000,552.000000,0
simu5g_00000468,25.6,1,4,15,15,0.000000,43.520000,352.000000,1
simu5g_00000468,25.6,16,17,15,15,0.000000,17.920000,352.000000,1
simu5g_00000468,25.6,16,2,15,15,0.000000,7.040000,176.000000,1
simu5g_00000468,25.6,16,3,15,13,2.000000,152.320000,552.000000,0
simu5g_00000468,25.6,16,4,15,15,0.000000,16.640000,176.000000,1
simu5g_00000468,25.6,17,2,15,15,0.000000,24.960000,352.000000,1
simu5g_00000468,25.6,17,3,15,13,2.000000,162.560000,552.000000,0
simu5g_00000468,25.6,17,4,15,15,0.000000,34.560000,352.000000,1
simu5g_00000468,25.6,2,3,15,13,2.000000,156.800000,552.000000,0
simu5g_00000468,25.6,2,4,15,15,0.000000,23.680000,176.000000,1
simu5g_00000468,25.6,3,4,13,15,2.000000,147.200000,552.000000,0
simu5g_00000469,25.7,11,23,15,15,0.000000,0.000000,0.000000,0
simu5g_00000470,25.7,0,1,15,15,0.000000,29.440000,352.000000,1
simu5g_00000470,25.7,0,16,15,15,0.000000,2.560000,32.000000,1
simu5g_00000470,25.7,0,17,15,15,0.000000,20.480000,352.000000,1
simu5g_00000470,25.7,0,2,15,15,0.000000,7.040000,144.000000,1
simu5g_00000470,25.7,0,3,15,13,2.000000,149.760000,552.000000,0
simu5g_00000470,25.7,0,4,15,15,0.000000,19.200000,176.000000,1
simu5g_00000470,25.7,1,16,15,15,0.000000,29.440000,352.000000,1
simu5g_00000470,25.7,1,17,15,15,0.000000,47.360000,352.000000,1
simu5g_00000470,25.7,1,2,15,15,0.000000,36.480000,352.000000,1
simu5g_00000470,25.7,1,3,15,13,2.000000,162.560000,552.000000,0
simu5g_00000470,25.7,1,4,15,15,0.000000,43.520000,352.000000,1
simu5g_00000470,25.7,16,17,15,15,0.000000,17.920000,352.000000,1
simu5g_00000470,25.7,16,2,15,15,0.000000,7.040000,176.000000,1
simu5g_00000470,25.7,16,3,15,13,2.000000,152.320000,552.000000,0
simu5g_00000470,25.7,16,4,15,15,0.000000,16.640000,176.000000,1
simu5g_00000470,25.7,17,2,15,15,0.000000,24.960000,352.000000,1
simu5g_00000470,25.7,17,3,15,13,2.000000,162.560000,552.000000,0
simu5g_00000470,25.7,17,4,15,15,0.000000,34.560000,352.000000,1
simu5g_00000470,25.7,2,3,15,13,2.000000,156.800000,552.000000,0
simu5g_00000470,25.7,2,4,15,15,0.000000,23.680000,176.000000,1
simu5g_00000470,25.7,3,4,13,15,2.000000,147.200000,552.000000,0
simu5g_00000471,25.8,11,23,15,15,0.000000,0.000000,0.000000,0
simu5g_00000472,25.8,0,1,15,15,0.000000,42.240000,352.000000,1
simu5g_00000472,25.8,0,16,15,15,0.000000,17.920000,176.000000,1
simu5g_00000472,25.8,0,17,15,15,0.000000,35.840000,352.000000,1
simu5g_00000472,25.8,0,2,15,15,0.000000,16.640000,176.000000,1
simu5g_00000472,25.8,0,3,15,13,2.000000,151.680000,552.000000,0
simu5g_00000472,25.8,0,4,15,15,0.000000,29.440000,176.000000,1
simu5g_00000472,25.8,1,16,15,15,0.000000,29.440000,352.000000,1
simu5g_00000472,25.8,1,17,15,15,0.000000,47.360000,352.000000,1
simu5g_00000472,25.8,1,2,15,15,0.000000,30.720000,352.000000,1
simu5g_00000472,25.8,1,3,15,13,2.000000,156.800000,552.000000,0
simu5g_00000472,25.8,1,4,15,15,0.000000,43.520000,352.000000,1
simu5g_00000472,25.8,16,17,15,15,0.000000,17.920000,352.000000,1
simu5g_00000472,25.8,16,2,15,15,0.000000,1.280000,32.000000,1
simu5g_00000472,25.8,16,3,15,13,2.000000,146.560000,552.000000,0
simu5g_00000472,25.8,16,4,15,15,0.000000,16.640000,176.000000,1
simu5g_00000472,25.8,17,2,15,15,0.000000,19.200000,352.000000,1
simu5g_00000472,25.8,17,3,15,13,2.000000,156.800000,552.000000,0
simu5g_00000472,25.8,17,4,15,15,0.000000,34.560000,352.000000,1
simu5g_00000472,25.8,2,3,15,13,2.000000,145.280000,552.000000,0
simu5g_00000472,25.8,2,4,15,15,0.000000,17.920000,176.000000,1
simu5g_00000472,25.8,3,4,13,15,2.000000,152.960000,552.000000,0
simu5g_00000473,25.9,11,23,15,15,0.000000,0.000000,0.000000,0
simu5g_00000474,25.9,0,1,15,15,0.000000,47.680000,424.000000,1
simu5g_00000474,25.9,0,16,15,15,0.000000,17.920000,176.000000,1
simu5g_00000474,25.9,0,17,15,15,0.000000,35.840000,352.000000,1
simu5g_00000474,25.9,0,2,15,15,0.000000,16.640000,176.000000,1
simu5g_00000474,25.9,0,3,15,14,1.000000,63.360000,352.000000,0
simu5g_00000474,25.9,0,4,15,15,0.000000,29.440000,176.000000,1
simu5g_00000474,25.9,1,16,15,15,0.000000,34.880000,456.000000,1
simu5g_00000474,25.9,1,17,15,15,0.000000,52.800000,456.000000,1
simu5g_00000474,25.9,1,2,15,15,0.000000,36.160000,456.000000,1
simu5g_00000474,25.9,1,3,15,14,1.000000,80.320000,456.000000,0
simu5g_00000474,25.9,1,4,15,15,0.000000,48.960000,424.000000,1
simu5g_00000474,25.9,16,17,15,15,0.000000,20.480000,352.000000,1
simu5g_00000474,25.9,16,2,15,15,0.000000,3.840000,32.000000,1
simu5g_00000474,25.9,16,3,15,14,1.000000,45.440000,352.000000,0
simu5g_00000474,25.9,16,4,15,15,0.000000,19.200000,176.000000,1
simu5g_00000474,25.9,17,2,15,15,0.000000,19.200000,352.000000,1
simu5g_00000474,25.9,17,3,15,14,1.000000,60.800000,352.000000,0
simu5g_00000474,25.9,17,4,15,15,0.000000,34.560000,352.000000,1
simu5g_00000474,25.9,2,3,15,14,1.000000,46.720000,352.000000,0
simu5g_00000474,25.9,2,4,15,15,0.000000,17.920000,176.000000,1
simu5g_00000474,25.9,3,4,14,15,1.000000,59.520000,352.000000,0
simu5g_00000475,26.0,0,11,15,15,0.000000,17.920000,176.000000,1
simu5g_00000475,26.0,0,23,15,15,0.000000,17.920000,176.000000,1
simu5g_00000475,26.0,11,23,15,15,0.000000,0.000000,0.000000,0
simu5g_00000476,26.0,1,16,15,15,0.000000,34.880000,456.000000,1
simu5g_00000476,26.0,1,17,15,15,0.000000,48.320000,456.000000,1
simu5g_00000476,26.0,1,2,15,15,0.000000,34.880000,456.000000,1
simu5g_00000476,26.0,1,3,15,14,1.000000,80.320000,456.000000,0
simu5g_00000476,26.0,1,4,15,15,0.000000,48.960000,424.000000,1
simu5g_00000476,26.0,16,17,15,15,0.000000,16.000000,272.000000,1
simu5g_00000476,26.0,16,2,15,15,0.000000,2.560000,32.000000,1
simu5g_00000476,26.0,16,3,15,14,1.000000,45.440000,352.000000,0
simu5g_00000476,26.0,16,4,15,15,0.000000,19.200000,176.000000,1
simu5g_00000476,26.0,17,2,15,15,0.000000,13.440000,272.000000,1
simu5g_00000476,26.0,17,3,15,14,1.000000,56.320000,320.000000,0
simu5g_00000476,26.0,17,4,15,15,0.000000,30.080000,272.000000,1
simu5g_00000476,26.0,2,3,15,14,1.000000,45.440000,352.000000,0
simu5g_00000476,26.0,2,4,15,15,0.000000,16.640000,176.000000,1
simu5g_00000476,26.0,3,4,14,15,1.000000,59.520000,352.000000,0
simu5g_00000477,26.1,0,11,15,15,0.000000,17.920000,176.000000,1
simu5g_00000477,26.1,0,23,15,15,0.000000,17.920000,176.000000,1
simu5g_00000477,26.1,11,23,15,15,0.000000,0.000000,0.000000,0
simu5g_00000478,26.1,1,16,15,15,0.000000,34.880000,456.000000,1
simu5g_00000478,26.1,1,17,15,15,0.000000,48.320000,456.000000,1
simu5g_00000478,26.1,1,2,15,15,0.000000,34.880000,456.000000,1
simu5g_00000478,26.1,1,3,15,14,1.000000,80.320000,456.000000,0
simu5g_00000478,26.1,1,4,15,15,0.000000,48.960000,424.000000,1
simu5g_00000478,26.1,16,17,15,15,0.000000,16.000000,272.000000,1
simu5g_00000478,26.1,16,2,15,15,0.000000,2.560000,32.000000,1
simu5g_00000478,26.1,16,3,15,14,1.000000,45.440000,352.000000,0
simu5g_00000478,26.1,16,4,15,15,0.000000,19.200000,176.000000,1
simu5g_00000478,26.1,17,2,15,15,0.000000,13.440000,272.000000,1
simu5g_00000478,26.1,17,3,15,14,1.000000,56.320000,320.000000,0
simu5g_00000478,26.1,17,4,15,15,0.000000,30.080000,272.000000,1
simu5g_00000478,26.1,2,3,15,14,1.000000,45.440000,352.000000,0
simu5g_00000478,26.1,2,4,15,15,0.000000,16.640000,176.000000,1
simu5g_00000478,26.1,3,4,14,15,1.000000,59.520000,352.000000,0
simu5g_00000479,26.2,0,11,15,15,0.000000,17.920000,176.000000,1
simu5g_00000479,26.2,0,23,15,15,0.000000,17.920000,176.000000,1
simu5g_00000479,26.2,11,23,15,15,0.000000,0.000000,0.000000,0
simu5g_00000480,26.2,1,16,15,15,0.000000,34.880000,456.000000,1
simu5g_00000480,26.2,1,17,15,15,0.000000,48.320000,456.000000,1
simu5g_00000480,26.2,1,2,15,15,0.000000,34.880000,456.000000,1
simu5g_00000480,26.2,1,3,15,14,1.000000,76.480000,456.000000,0
simu5g_00000480,26.2,1,4,15,15,0.000000,48.960000,424.000000,1
simu5g_00000480,26.2,16,17,15,15,0.000000,16.000000,272.000000,1
simu5g_00000480,26.2,16,2,15,15,0.000000,2.560000,32.000000,1
simu5g_00000480,26.2,16,3,15,14,1.000000,41.600000,352.000000,0
simu5g_00000480,26.2,16,4,15,15,0.000000,19.200000,176.000000,1
simu5g_00000480,26.2,17,2,15,15,0.000000,13.440000,272.000000,1
simu5g_00000480,26.2,17,3,15,14,1.000000,52.480000,320.000000,0
simu5g_00000480,26.2,17,4,15,15,0.000000,30.080000,272.000000,1
simu5g_00000480,26.2,2,3,15,14,1.000000,41.600000,352.000000,0
simu5g_00000480,26.2,2,4,15,15,0.000000,16.640000,176.000000,1
simu5g_00000480,26.2,3,4,14,15,1.000000,55.680000,352.000000,0
simu5g_00000481,26.3,0,11,15,15,0.000000,17.920000,176.000000,1
simu5g_00000481,26.3,0,23,15,15,0.000000,17.920000,176.000000,1
simu5g_00000481,26.3,11,23,15,15,0.000000,0.000000,0.000000,0
simu5g_00000482,26.3,1,16,14,15,1.000000,45.440000,552.000000,0
simu5g_00000482,26.3,1,17,14,15,1.000000,57.600000,552.000000,0
simu5g_00000482,26.3,1,2,14,15,1.000000,44.160000,552.000000,0
simu5g_00000482,26.3,1,3,14,14,0.000000,83.200000,552.000000,1
simu5g_00000482,26.3,1,4,14,15,1.000000,58.240000,520.000000,0
simu5g_00000482,26.3,16,17,15,15,0.000000,14.720000,272.000000,1
simu5g_00000482,26.3,16,2,15,15,0.000000,1.280000,32.000000,1
simu5g_00000482,26.3,16,3,15,14,1.000000,40.320000,352.000000,0
simu5g_00000482,26.3,16,4,15,15,0.000000,17.920000,176.000000,1
simu5g_00000482,26.3,17,2,15,15,0.000000,13.440000,272.000000,1
simu5g_00000482,26.3,17,3,15,14,1.000000,52.480000,320.000000,0
simu5g_00000482,26.3,17,4,15,15,0.000000,30.080000,272.000000,1
simu5g_00000482,26.3,2,3,15,14,1.000000,41.600000,352.000000,0
simu5g_00000482,26.3,2,4,15,15,0.000000,16.640000,176.000000,1
simu5g_00000482,26.3,3,4,14,15,1.000000,55.680000,352.000000,0
simu5g_00000483,26.4,0,11,15,15,0.000000,17.920000,176.000000,1
simu5g_00000483,26.4,0,23,15,15,0.000000,17.920000,176.000000,1
simu5g_00000483,26.4,11,23,15,15,0.000000,0.000000,0.000000,0
simu5g_00000484,26.4,1,16,14,15,1.000000,45.440000,552.000000,0
simu5g_00000484,26.4,1,17,14,15,1.000000,57.600000,552.000000,0
simu5g_00000484,26.4,1,2,14,15,1.000000,44.160000,552.000000,0
simu5g_00000484,26.4,1,3,14,14,0.000000,83.200000,552.000000,1
simu5g_00000484,26.4,1,4,14,15,1.000000,58.240000,520.000000,0
simu5g_00000484,26.4,16,17,15,15,0.000000,14.720000,272.000000,1
simu5g_00000484,26.4,16,2,15,15,0.000000,1.280000,32.000000,1
simu5g_00000484,26.4,16,3,15,14,1.000000,40.320000,352.000000,0
simu5g_00000484,26.4,16,4,15,15,0.000000,17.920000,176.000000,1
simu5g_00000484,26.4,17,2,15,15,0.000000,13.440000,272.000000,1
simu5g_00000484,26.4,17,3,15,14,1.000000,52.480000,320.000000,0
simu5g_00000484,26.4,17,4,15,15,0.000000,30.080000,272.000000,1
simu5g_00000484,26.4,2,3,15,14,1.000000,41.600000,352.000000,0
simu5g_00000484,26.4,2,4,15,15,0.000000,16.640000,176.000000,1
simu5g_00000484,26.4,3,4,14,15,1.000000,55.680000,352.000000,0
simu5g_00000485,26.5,0,11,15,15,0.000000,17.920000,176.000000,1
simu5g_00000485,26.5,0,23,15,15,0.000000,17.920000,176.000000,1
simu5g_00000485,26.5,11,23,15,15,0.000000,0.000000,0.000000,0
simu5g_00000486,26.5,1,16,14,15,1.000000,45.440000,552.000000,0
simu5g_00000486,26.5,1,17,14,15,1.000000,51.200000,552.000000,0
simu5g_00000486,26.5,1,2,14,15,1.000000,51.200000,552.000000,0
simu5g_00000486,26.5,1,3,14,14,0.000000,83.200000,552.000000,1
simu5g_00000486,26.5,1,4,14,15,1.000000,58.240000,520.000000,0
simu5g_00000486,26.5,16,17,15,15,0.000000,8.320000,176.000000,1
simu5g_00000486,26.5,16,2,15,15,0.000000,8.320000,176.000000,1
simu5g_00000486,26.5,16,3,15,14,1.000000,40.320000,352.000000,0
simu5g_00000486,26.5,16,4,15,15,0.000000,17.920000,176.000000,1
simu5g_00000486,26.5,17,2,15,15,0.000000,14.080000,176.000000,1
simu5g_00000486,26.5,17,3,15,14,1.000000,48.640000,352.000000,0
simu5g_00000486,26.5,17,4,15,15,0.000000,23.680000,176.000000,1
simu5g_00000486,26.5,2,3,15,14,1.000000,48.640000,352.000000,0
simu5g_00000486,26.5,2,4,15,15,0.000000,23.680000,176.000000,1
simu5g_00000486,26.5,3,4,14,15,1.000000,55.680000,352.000000,0
simu5g_00000487,26.6,0,11,15,15,0.000000,17.920000,176.000000,1
simu5g_00000487,26.6,0,23,15,15,0.000000,17.920000,176.000000,1
simu5g_00000487,26.6,11,23,15,15,0.000000,0.000000,0.000000,0
simu5g_00000488,26.6,1,16,14,15,1.000000,45.440000,552.000000,0
simu5g_00000488,26.6,1,17,14,15,1.000000,51.200000,552.000000,0
simu5g_00000488,26.6,1,2,14,15,1.000000,51.200000,552.000000,0
simu5g_00000488,26.6,1,3,14,13,1.000000,144.000000,552.000000,0
simu5g_00000488,26.6,1,4,14,15,1.000000,58.240000,520.000000,0
simu5g_00000488,26.6,16,17,15,15,0.000000,8.320000,176.000000,1
simu5g_00000488,26.6,16,2,15,15,0.000000,8.320000,176.000000,1
simu5g_00000488,26.6,16,3,15,13,2.000000,111.360000,552.000000,0
simu5g_00000488,26.6,16,4,15,15,0.000000,17.920000,176.000000,1
simu5g_00000488,26.6,17,2,15,15,0.000000,14.080000,176.000000,1
simu5g_00000488,26.6,17,3,15,13,2.000000,117.120000,552.000000,0
simu5g_00000488,26.6,17,4,15,15,0.000000,23.680000,176.000000,1
simu5g_00000488,26.6,2,3,15,13,2.000000,117.120000,552.000000,0
simu5g_00000488,26.6,2,4,15,15,0.000000,23.680000,176.000000,1
simu5g_00000488,26.6,3,4,13,15,2.000000,119.040000,552.000000,0
simu5g_00000489,26.7,0,11,15,15,0.000000,2.560000,32.000000,1
simu5g_00000489,26.7,0,23,15,15,0.000000,2.560000,32.000000,1
simu5g_00000489,26.7,11,23,15,15,0.000000,0.000000,0.000000,0
simu5g_00000490,26.7,1,16,14,15,1.000000,56.320000,552.000000,0
simu5g_00000490,26.7,1,17,14,15,1.000000,62.080000,552.000000,0
simu5g_00000490,26.7,1,2,14,15,1.000000,62.080000,552.000000,0
simu5g_00000490,26.7,1,3,14,13,1.000000,152.320000,552.000000,0
simu5g_00000490,26.7,1,4,14,15,1.000000,69.120000,552.000000,0
simu5g_00000490,26.7,1,5,14,13,1.000000,189.120000,632.000000,0
simu5g_00000490,26.7,16,17,15,15,0.000000,8.320000,176.000000,1
simu5g_00000490,26.7,16,2,15,15,0.000000,8.320000,176.000000,1
simu5g_00000490,26.7,16,3,15,13,2.000000,111.360000,552.000000,0
simu5g_00000490,26.7,16,4,15,15,0.000000,20.480000,176.000000,1
simu5g_00000490,26.7,16,5,15,13,2.000000,148.160000,632.000000,0
simu5g_00000490,26.7,17,2,15,15,0.000000,14.080000,176.000000,1
simu5g_00000490,26.7,17,3,15,13,2.000000,117.120000,552.000000,0
simu5g_00000490,26.7,17,4,15,15,0.000000,26.240000,176.000000,1
simu5g_00000490,26.7,17,5,15,13,2.000000,142.400000,632.000000,0
simu5g_00000490,26.7,2,3,15,13,2.000000,117.120000,552.000000,0
simu5g_00000490,26.7,2,4,15,15,0.000000,26.240000,176.000000,1
simu5g_00000490,26.7,2,5,15,13,2.000000,153.920000,632.000000,0
simu5g_00000490,26.7,3,4,13,15,2.000000,116.480000,552.000000,0
simu5g_00000490,26.7,3,5,13,13,0.000000,134.080000,600.000000,1
simu5g_00000490,26.7,4,5,15,13,2.000000,153.280000,632.000000,0
simu5g_00000491,26.8,0,11,15,15,0.000000,2.560000,32.000000,1
simu5g_00000491,26.8,0,23,15,15,0.000000,2.560000,32.000000,1
simu5g_00000491,26.8,11,23,15,15,0.000000,0.000000,0.000000,0
simu5g_00000492,26.8,1,16,14,15,1.000000,56.320000,552.000000,0
simu5g_00000492,26.8,1,17,14,15,1.000000,62.080000,552.000000,0
simu5g_00000492,26.8,1,2,14,15,1.000000,62.080000,552.000000,0
simu5g_00000492,26.8,1,3,14,13,1.000000,152.320000,552.000000,0
simu5g_00000492,26.8,1,4,14,15,1.000000,69.120000,552.000000,0
simu5g_00000492,26.8,1,5,14,13,1.000000,189.120000,632.000000,0
simu5g_00000492,26.8,16,17,15,15,0.000000,8.320000,176.000000,1
simu5g_00000492,26.8,16,2,15,15,0.000000,8.320000,176.000000,1
simu5g_00000492,26.8,16,3,15,13,2.000000,111.360000,552.000000,0
simu5g_00000492,26.8,16,4,15,15,0.000000,20.480000,176.000000,1
simu5g_00000492,26.8,16,5,15,13,2.000000,148.160000,632.000000,0
simu5g_00000492,26.8,17,2,15,15,0.000000,14.080000,176.000000,1
simu5g_00000492,26.8,17,3,15,13,2.000000,117.120000,552.000000,0
simu5g_00000492,26.8,17,4,15,15,0.000000,26.240000,176.000000,1
simu5g_00000492,26.8,17,5,15,13,2.000000,142.400000,632.000000,0
simu5g_00000492,26.8,2,3,15,13,2.000000,117.120000,552.000000,0
simu5g_00000492,26.8,2,4,15,15,0.000000,26.240000,176.000000,1
simu5g_00000492,26.8,2,5,15,13,2.000000,153.920000,632.000000,0
simu5g_00000492,26.8,3,4,13,15,2.000000,116.480000,552.000000,0
simu5g_00000492,26.8,3,5,13,13,0.000000,134.080000,600.000000,1
simu5g_00000492,26.8,4,5,15,13,2.000000,153.280000,632.000000,0
simu5g_00000493,26.9,0,11,15,15,0.000000,5.120000,32.000000,1
simu5g_00000493,26.9,0,23,15,15,0.000000,2.560000,32.000000,1
simu5g_00000493,26.9,11,23,15,15,0.000000,2.560000,32.000000,1
simu5g_00000494,26.9,1,16,14,15,1.000000,56.320000,552.000000,0
simu5g_00000494,26.9,1,17,14,15,1.000000,68.480000,552.000000,0
simu5g_00000494,26.9,1,2,14,15,1.000000,62.080000,552.000000,0
simu5g_00000494,26.9,1,3,14,13,1.000000,152.320000,552.000000,0
simu5g_00000494,26.9,1,4,14,15,1.000000,69.120000,552.000000,0
simu5g_00000494,26.9,1,5,14,13,1.000000,189.120000,632.000000,0
simu5g_00000494,26.9,16,17,15,15,0.000000,14.720000,272.000000,1
simu5g_00000494,26.9,16,2,15,15,0.000000,8.320000,176.000000,1
simu5g_00000494,26.9,16,3,15,13,2.000000,111.360000,552.000000,0
simu5g_00000494,26.9,16,4,15,15,0.000000,20.480000,176.000000,1
simu5g_00000494,26.9,16,5,15,13,2.000000,148.160000,632.000000,0
simu5g_00000494,26.9,17,2,15,15,0.000000,20.480000,272.000000,1
simu5g_00000494,26.9,17,3,15,13,2.000000,118.400000,520.000000,0
simu5g_00000494,26.9,17,4,15,15,0.000000,32.640000,272.000000,1
simu5g_00000494,26.9,17,5,15,13,2.000000,143.680000,600.000000,0
simu5g_00000494,26.9,2,3,15,13,2.000000,117.120000,552.000000,0
simu5g_00000494,26.9,2,4,15,15,0.000000,26.240000,176.000000,1
simu5g_00000494,26.9,2,5,15,13,2.000000,153.920000,632.000000,0
simu5g_00000494,26.9,3,4,13,15,2.000000,116.480000,552.000000,0
simu5g_00000494,26.9,3,5,13,13,0.000000,134.080000,600.000000,1
simu5g_00000494,26.9,4,5,15,13,2.000000,153.280000,632.000000,0
simu5g_00000495,27.0,0,11,15,15,0.000000,17.920000,176.000000,1
simu5g_00000495,27.0,0,23,15,15,0.000000,15.360000,176.000000,1
simu5g_00000495,27.0,11,23,15,15,0.000000,2.560000,32.000000,1
simu5g_00000496,27.0,1,16,14,15,1.000000,56.320000,552.000000,0
simu5g_00000496,27.0,1,17,14,15,1.000000,68.480000,552.000000,0
simu5g_00000496,27.0,1,2,14,15,1.000000,62.080000,552.000000,0
simu5g_00000496,27.0,1,3,14,13,1.000000,152.320000,552.000000,0
simu5g_00000496,27.0,1,4,14,15,1.000000,69.120000,552.000000,0
simu5g_00000496,27.0,1,5,14,13,1.000000,189.120000,632.000000,0
simu5g_00000496,27.0,16,17,15,15,0.000000,14.720000,272.000000,1
simu5g_00000496,27.0,16,2,15,15,0.000000,8.320000,176.000000,1
simu5g_00000496,27.0,16,3,15,13,2.000000,111.360000,552.000000,0
simu5g_00000496,27.0,16,4,15,15,0.000000,20.480000,176.000000,1
simu5g_00000496,27.0,16,5,15,13,2.000000,148.160000,632.000000,0
simu5g_00000496,27.0,17,2,15,15,0.000000,20.480000,272.000000,1
simu5g_00000496,27.0,17,3,15,13,2.000000,118.400000,520.000000,0
simu5g_00000496,27.0,17,4,15,15,0.000000,32.640000,272.000000,1
simu5g_00000496,27.0,17,5,15,13,2.000000,143.680000,600.000000,0
simu5g_00000496,27.0,2,3,15,13,2.000000,117.120000,552.000000,0
simu5g_00000496,27.0,2,4,15,15,0.000000,26.240000,176.000000,1
simu5g_00000496,27.0,2,5,15,13,2.000000,153.920000,632.000000,0
simu5g_00000496,27.0,3,4,13,15,2.000000,116.480000,552.000000,0
simu5g_00000496,27.0,3,5,13,13,0.000000,134.080000,600.000000,1
simu5g_00000496,27.0,4,5,15,13,2.000000,153.280000,632.000000,0
simu5g_00000497,27.1,0,11,15,15,0.000000,17.920000,176.000000,1
simu5g_00000497,27.1,0,23,15,15,0.000000,15.360000,176.000000,1
simu5g_00000497,27.1,11,23,15,15,0.000000,2.560000,32.000000,1
simu5g_00000498,27.1,1,16,15,15,0.000000,54.080000,456.000000,1
simu5g_00000498,27.1,1,17,15,15,0.000000,48.320000,456.000000,1
simu5g_00000498,27.1,1,2,15,15,0.000000,41.920000,456.000000,1
simu5g_00000498,27.1,1,3,15,13,2.000000,137.280000,552.000000,0
simu5g_00000498,27.1,1,4,15,15,0.000000,51.520000,424.000000,1
simu5g_00000498,27.1,1,5,15,13,2.000000,174.080000,632.000000,0
simu5g_00000498,27.1,16,17,15,15,0.000000,35.200000,272.000000,1
simu5g_00000498,27.1,16,2,15,15,0.000000,28.800000,272.000000,1
simu5g_00000498,27.1,16,3,15,13,2.000000,102.400000,552.000000,0
simu5g_00000498,27.1,16,4,15,15,0.000000,40.960000,272.000000,1
simu5g_00000498,27.1,16,5,15,13,2.000000,146.880000,632.000000,0
simu5g_00000498,27.1,17,2,15,15,0.000000,20.480000,272.000000,1
simu5g_00000498,27.1,17,3,15,13,2.000000,118.400000,520.000000,0
simu5g_00000498,27.1,17,4,15,15,0.000000,32.640000,272.000000,1
simu5g_00000498,27.1,17,5,15,13,2.000000,143.680000,600.000000,0
simu5g_00000498,27.1,2,3,15,13,2.000000,117.120000,552.000000,0
simu5g_00000498,27.1,2,4,15,15,0.000000,26.240000,176.000000,1
simu5g_00000498,27.1,2,5,15,13,2.000000,153.920000,632.000000,0
simu5g_00000498,27.1,3,4,13,15,2.000000,116.480000,552.000000,0
simu5g_00000498,27.1,3,5,13,13,0.000000,134.080000,600.000000,1
simu5g_00000498,27.1,4,5,15,13,2.000000,153.280000,632.000000,0
simu5g_00000499,27.2,0,11,15,15,0.000000,17.920000,176.000000,1
simu5g_00000499,27.2,0,23,15,15,0.000000,15.360000,176.000000,1
simu5g_00000499,27.2,11,23,15,15,0.000000,2.560000,32.000000,1
simu5g_00000500,27.2,1,16,15,15,0.000000,55.360000,456.000000,1
simu5g_00000500,27.2,1,17,15,15,0.000000,48.320000,456.000000,1
simu5g_00000500,27.2,1,2,15,15,0.000000,41.920000,456.000000,1
simu5g_00000500,27.2,1,3,15,13,2.000000,137.280000,552.000000,0
simu5g_00000500,27.2,1,4,15,15,0.000000,51.520000,424.000000,1
simu5g_00000500,27.2,1,5,15,13,2.000000,174.080000,632.000000,0
simu5g_00000500,27.2,16,17,15,15,0.000000,36.480000,272.000000,1
simu5g_00000500,27.2,16,2,15,15,0.000000,30.080000,272.000000,1
simu5g_00000500,27.2,16,3,15,13,2.000000,101.120000,552.000000,0
simu5g_00000500,27.2,16,4,15,15,0.000000,39.680000,272.000000,1
simu5g_00000500,27.2,16,5,15,13,2.000000,145.600000,632.000000,0
simu5g_00000500,27.2,17,2,15,15,0.000000,20.480000,272.000000,1
simu5g_00000500,27.2,17,3,15,13,2.000000,118.400000,520.000000,0
simu5g_00000500,27.2,17,4,15,15,0.000000,32.640000,272.000000,1
simu5g_00000500,27.2,17,5,15,13,2.000000,143.680000,600.000000,0
simu5g_00000500,27.2,2,3,15,13,2.000000,117.120000,552.000000,0
simu5g_00000500,27.2,2,4,15,15,0.000000,26.240000,176.000000,1
simu5g_00000500,27.2,2,5,15,13,2.000000,153.920000,632.000000,0
simu5g_00000500,27.2,3,4,13,15,2.000000,116.480000,552.000000,0
simu5g_00000500,27.2,3,5,13,13,0.000000,134.080000,600.000000,1
simu5g_00000500,27.2,4,5,15,13,2.000000,153.280000,632.000000,0
simu5g_00000501,27.3,0,11,15,15,0.000000,0.000000,0.000000,0
simu5g_00000501,27.3,0,23,15,15,0.000000,0.000000,0.000000,0
simu5g_00000501,27.3,11,23,15,15,0.000000,0.000000,0.000000,0
simu5g_00000502,27.3,1,16,15,15,0.000000,55.360000,456.000000,1
simu5g_00000502,27.3,1,17,15,15,0.000000,48.320000,456.000000,1
simu5g_00000502,27.3,1,2,15,15,0.000000,41.920000,456.000000,1
simu5g_00000502,27.3,1,3,15,12,3.000000,299.520000,792.000000,0
simu5g_00000502,27.3,1,4,15,15,0.000000,51.520000,424.000000,1
simu5g_00000502,27.3,1,5,15,13,2.000000,174.080000,632.000000,0
simu5g_00000502,27.3,16,17,15,15,0.000000,36.480000,272.000000,1
simu5g_00000502,27.3,16,2,15,15,0.000000,30.080000,272.000000,1
simu5g_00000502,27.3,16,3,15,12,3.000000,282.560000,792.000000,0
simu5g_00000502,27.3,16,4,15,15,0.000000,39.680000,272.000000,1
simu5g_00000502,27.3,16,5,15,13,2.000000,145.600000,632.000000,0
simu5g_00000502,27.3,17,2,15,15,0.000000,20.480000,272.000000,1
simu5g_00000502,27.3,17,3,15,12,3.000000,299.840000,760.000000,0
simu5g_00000502,27.3,17,4,15,15,0.000000,32.640000,272.000000,1
simu5g_00000502,27.3,17,5,15,13,2.000000,143.680000,600.000000,0
simu5g_00000502,27.3,2,3,15,12,3.000000,298.560000,792.000000,0
simu5g_00000502,27.3,2,4,15,15,0.000000,26.240000,176.000000,1
simu5g_00000502,27.3,2,5,15,13,2.000000,153.920000,632.000000,0
simu5g_00000502,27.3,3,4,12,15,3.000000,286.400000,792.000000,0
simu5g_00000502,27.3,3,5,12,13,1.000000,233.600000,728.000000,0
simu5g_00000502,27.3,4,5,15,13,2.000000,153.280000,632.000000,0
simu5g_00000503,27.4,0,11,15,15,0.000000,0.000000,0.000000,0
simu5g_00000503,27.4,0,23,15,15,0.000000,0.000000,0.000000,0
simu5g_00000503,27.4,11,23,15,15,0.000000,0.000000,0.000000,0
simu5g_00000504,27.4,1,16,15,15,0.000000,55.360000,456.000000,1
simu5g_00000504,27.4,1,17,15,15,0.000000,48.320000,456.000000,1
simu5g_00000504,27.4,1,2,15,15,0.000000,41.920000,456.000000,1
simu5g_00000504,27.4,1,3,15,12,3.000000,299.520000,792.000000,0
simu5g_00000504,27.4,1,4,15,15,0.000000,51.520000,424.000000,1
simu5g_00000504,27.4,1,5,15,13,2.000000,174.080000,632.000000,0
simu5g_00000504,27.4,16,17,15,15,0.000000,36.480000,272.000000,1
simu5g_00000504,27.4,16,2,15,15,0.000000,30.080000,272.000000,1
simu5g_00000504,27.4,16,3,15,12,3.000000,282.560000,792.000000,0
simu5g_00000504,27.4,16,4,15,15,0.000000,39.680000,272.000000,1
simu5g_00000504,27.4,16,5,15,13,2.000000,145.600000,632.000000,0
simu5g_00000504,27.4,17,2,15,15,0.000000,20.480000,272.000000,1
simu5g_00000504,27.4,17,3,15,12,3.000000,299.840000,760.000000,0
simu5g_00000504,27.4,17,4,15,15,0.000000,32.640000,272.000000,1
simu5g_00000504,27.4,17,5,15,13,2.000000,143.680000,600.000000,0
simu5g_00000504,27.4,2,3,15,12,3.000000,298.560000,792.000000,0
simu5g_00000504,27.4,2,4,15,15,0.000000,26.240000,176.000000,1
simu5g_00000504,27.4,2,5,15,13,2.000000,153.920000,632.000000,0
simu5g_00000504,27.4,3,4,12,15,3.000000,286.400000,792.000000,0
simu5g_00000504,27.4,3,5,12,13,1.000000,233.600000,728.000000,0
simu5g_00000504,27.4,4,5,15,13,2.000000,153.280000,632.000000,0
simu5g_00000505,27.5,0,11,15,15,0.000000,0.000000,0.000000,0
simu5g_00000505,27.5,0,23,15,15,0.000000,0.000000,0.000000,0
simu5g_00000505,27.5,11,23,15,15,0.000000,0.000000,0.000000,0
simu5g_00000506,27.5,1,16,14,15,1.000000,64.640000,552.000000,0
simu5g_00000506,27.5,1,17,14,15,1.000000,57.600000,552.000000,0
simu5g_00000506,27.5,1,2,14,15,1.000000,44.160000,552.000000,0
simu5g_00000506,27.5,1,3,14,12,2.000000,302.400000,792.000000,0
simu5g_00000506,27.5,1,4,14,15,1.000000,60.800000,520.000000,0
simu5g_00000506,27.5,1,5,14,13,1.000000,180.800000,632.000000,0
simu5g_00000506,27.5,16,17,15,15,0.000000,36.480000,272.000000,1
simu5g_00000506,27.5,16,2,15,15,0.000000,23.040000,272.000000,1
simu5g_00000506,27.5,16,3,15,12,3.000000,278.720000,792.000000,0
simu5g_00000506,27.5,16,4,15,15,0.000000,39.680000,272.000000,1
simu5g_00000506,27.5,16,5,15,13,2.000000,145.600000,632.000000,0
simu5g_00000506,27.5,17,2,15,15,0.000000,13.440000,272.000000,1
simu5g_00000506,27.5,17,3,15,12,3.000000,296.000000,760.000000,0
simu5g_00000506,27.5,17,4,15,15,0.000000,32.640000,272.000000,1
simu5g_00000506,27.5,17,5,15,13,2.000000,143.680000,600.000000,0
simu5g_00000506,27.5,2,3,15,12,3.000000,301.760000,792.000000,0
simu5g_00000506,27.5,2,4,15,15,0.000000,19.200000,176.000000,1
simu5g_00000506,27.5,2,5,15,13,2.000000,149.440000,632.000000,0
simu5g_00000506,27.5,3,4,12,15,3.000000,282.560000,792.000000,0
simu5g_00000506,27.5,3,5,12,13,1.000000,229.760000,632.000000,0
simu5g_00000506,27.5,4,5,15,13,2.000000,153.280000,632.000000,0
simu5g_00000507,27.6,0,11,15,15,0.000000,33.920000,272.000000,1
simu5g_00000507,27.6,0,23,15,15,0.000000,33.920000,272.000000,1
simu5g_00000507,27.6,11,23,15,15,0.000000,0.000000,0.000000,0
simu5g_00000508,27.6,1,16,14,15,1.000000,64.640000,552.000000,0
simu5g_00000508,27.6,1,17,14,15,1.000000,57.600000,552.000000,0
simu5g_00000508,27.6,1,2,14,15,1.000000,44.160000,552.000000,0
simu5g_00000508,27.6,1,3,14,12,2.000000,302.400000,792.000000,0
simu5g_00000508,27.6,1,4,14,15,1.000000,60.800000,520.000000,0
simu5g_00000508,27.6,1,5,14,13,1.000000,180.800000,632.000000,0
simu5g_00000508,27.6,16,17,15,15,0.000000,36.480000,272.000000,1
simu5g_00000508,27.6,16,2,15,15,0.000000,23.040000,272.000000,1
simu5g_00000508,27.6,16,3,15,12,3.000000,278.720000,792.000000,0
simu5g_00000508,27.6,16,4,15,15,0.000000,39.680000,272.000000,1
simu5g_00000508,27.6,16,5,15,13,2.000000,145.600000,632.000000,0
simu5g_00000508,27.6,17,2,15,15,0.000000,13.440000,272.000000,1
simu5g_00000508,27.6,17,3,15,12,3.000000,296.000000,760.000000,0
simu5g_00000508,27.6,17,4,15,15,0.000000,32.640000,272.000000,1
simu5g_00000508,27.6,17,5,15,13,2.000000,143.680000,600.000000,0
simu5g_00000508,27.6,2,3,15,12,3.000000,301.760000,792.000000,0
simu5g_00000508,27.6,2,4,15,15,0.000000,19.200000,176.000000,1
simu5g_00000508,27.6,2,5,15,13,2.000000,149.440000,632.000000,0
simu5g_00000508,27.6,3,4,12,15,3.000000,282.560000,792.000000,0
simu5g_00000508,27.6,3,5,12,13,1.000000,229.760000,632.000000,0
simu5g_00000508,27.6,4,5,15,13,2.000000,153.280000,632.000000,0
simu5g_00000509,27.7,0,11,15,15,0.000000,33.920000,272.000000,1
simu5g_00000509,27.7,0,23,15,15,0.000000,33.920000,272.000000,1
simu5g_00000509,27.7,11,23,15,15,0.000000,0.000000,0.000000,0
simu5g_00000510,27.7,1,16,14,15,1.000000,64.640000,552.000000,0
simu5g_00000510,27.7,1,17,14,15,1.000000,62.080000,552.000000,0
simu5g_00000510,27.7,1,2,14,15,1.000000,44.160000,552.000000,0
simu5g_00000510,27.7,1,3,14,12,2.000000,298.240000,792.000000,0
simu5g_00000510,27.7,1,4,14,14,0.000000,72.960000,456.000000,1
simu5g_00000510,27.7,1,5,14,13,1.000000,180.800000,632.000000,0
simu5g_00000510,27.7,16,17,15,15,0.000000,40.960000,352.000000,1
simu5g_00000510,27.7,16,2,15,15,0.000000,23.040000,272.000000,1
simu5g_00000510,27.7,16,3,15,12,3.000000,274.560000,792.000000,0
simu5g_00000510,27.7,16,4,15,14,1.000000,60.800000,352.000000,0
simu5g_00000510,27.7,16,5,15,13,2.000000,145.600000,632.000000,0
simu5g_00000510,27.7,17,2,15,15,0.000000,17.920000,352.000000,1
simu5g_00000510,27.7,17,3,15,12,3.000000,293.760000,760.000000,0
simu5g_00000510,27.7,17,4,15,14,1.000000,63.360000,352.000000,0
simu5g_00000510,27.7,17,5,15,13,2.000000,145.600000,600.000000,0
simu5g_00000510,27.7,2,3,15,12,3.000000,297.600000,792.000000,0
simu5g_00000510,27.7,2,4,15,14,1.000000,45.440000,352.000000,0
simu5g_00000510,27.7,2,5,15,13,2.000000,149.440000,632.000000,0
simu5g_00000510,27.7,3,4,12,14,2.000000,266.240000,792.000000,0
simu5g_00000510,27.7,3,5,12,13,1.000000,225.600000,632.000000,0
simu5g_00000510,27.7,4,5,14,13,1.000000,171.840000,632.000000,0
simu5g_00000511,27.8,0,11,15,15,0.000000,32.640000,272.000000,1
simu5g_00000511,27.8,0,23,15,15,0.000000,32.640000,272.000000,1
simu5g_00000511,27.8,11,23,15,15,0.000000,0.000000,0.000000,0
simu5g_00000512,27.8,1,16,14,15,1.000000,64.640000,552.000000,0
simu5g_00000512,27.8,1,17,14,15,1.000000,62.080000,552.000000,0
simu5g_00000512,27.8,1,2,14,15,1.000000,44.160000,552.000000,0
simu5g_00000512,27.8,1,3,14,12,2.000000,298.240000,792.000000,0
simu5g_00000512,27.8,1,4,14,14,0.000000,72.960000,456.000000,1
simu5g_00000512,27.8,1,5,14,13,1.000000,180.800000,632.000000,0
simu5g_00000512,27.8,16,17,15,15,0.000000,40.960000,352.000000,1
simu5g_00000512,27.8,16,2,15,15,0.000000,23.040000,272.000000,1
simu5g_00000512,27.8,16,3,15,12,3.000000,274.560000,792.000000,0
simu5g_00000512,27.8,16,4,15,14,1.000000,60.800000,352.000000,0
simu5g_00000512,27.8,16,5,15,13,2.000000,145.600000,632.000000,0
simu5g_00000512,27.8,17,2,15,15,0.000000,17.920000,352.000000,1
simu5g_00000512,27.8,17,3,15,12,3.000000,293.760000,760.000000,0
simu5g_00000512,27.8,17,4,15,14,1.000000,63.360000,352.000000,0
simu5g_00000512,27.8,17,5,15,13,2.000000,145.600000,600.000000,0
simu5g_00000512,27.8,2,3,15,12,3.000000,297.600000,792.000000,0
simu5g_00000512,27.8,2,4,15,14,1.000000,45.440000,352.000000,0
simu5g_00000512,27.8,2,5,15,13,2.000000,149.440000,632.000000,0
simu5g_00000512,27.8,3,4,12,14,2.000000,266.240000,792.000000,0
simu5g_00000512,27.8,3,5,12,13,1.000000,225.600000,632.000000,0
simu5g_00000512,27.8,4,5,14,13,1.000000,171.840000,632.000000,0
simu5g_00000513,27.9,0,11,15,15,0.000000,17.920000,176.000000,1
simu5g_00000513,27.9,0,23,15,15,0.000000,17.920000,176.000000,1
simu5g_00000513,27.9,11,23,15,15,0.000000,0.000000,0.000000,0
simu5g_00000514,27.9,1,16,14,15,1.000000,88.320000,728.000000,0
simu5g_00000514,27.9,1,17,14,15,1.000000,97.920000,728.000000,0
simu5g_00000514,27.9,1,2,14,15,1.000000,82.560000,728.000000,0
simu5g_00000514,27.9,1,3,14,13,1.000000,153.920000,696.000000,0
simu5g_00000514,27.9,1,4,14,14,0.000000,101.120000,632.000000,1
simu5g_00000514,27.9,1,5,14,13,1.000000,193.600000,696.000000,0
simu5g_00000514,27.9,16,17,15,15,0.000000,26.240000,352.000000,1
simu5g_00000514,27.9,16,2,15,15,0.000000,8.320000,176.000000,1
simu5g_00000514,27.9,16,3,15,13,2.000000,98.880000,552.000000,0
simu5g_00000514,27.9,16,4,15,14,1.000000,51.200000,352.000000,0
simu5g_00000514,27.9,16,5,15,13,2.000000,141.120000,632.000000,0
simu5g_00000514,27.9,17,2,15,15,0.000000,17.920000,352.000000,1
simu5g_00000514,27.9,17,3,15,13,2.000000,117.440000,520.000000,0
simu5g_00000514,27.9,17,4,15,14,1.000000,63.360000,352.000000,0
simu5g_00000514,27.9,17,5,15,13,2.000000,145.600000,600.000000,0
simu5g_00000514,27.9,2,3,15,13,2.000000,107.200000,552.000000,0
simu5g_00000514,27.9,2,4,15,14,1.000000,45.440000,352.000000,0
simu5g_00000514,27.9,2,5,15,13,2.000000,149.440000,632.000000,0
simu5g_00000514,27.9,3,4,13,14,1.000000,118.080000,552.000000,0
simu5g_00000514,27.9,3,5,13,13,0.000000,131.200000,600.000000,1
simu5g_00000514,27.9,4,5,14,13,1.000000,171.840000,632.000000,0
simu5g_00000515,28.0,0,11,15,15,0.000000,17.920000,176.000000,1
simu5g_00000515,28.0,0,23,15,15,0.000000,17.920000,176.000000,1
simu5g_00000515,28.0,11,23,15,15,0.000000,0.000000,0.000000,0
simu5g_00000516,28.0,1,16,14,15,1.000000,88.320000,728.000000,0
simu5g_00000516,28.0,1,17,14,15,1.000000,97.920000,728.000000,0
simu5g_00000516,28.0,1,2,14,15,1.000000,94.720000,728.000000,0
simu5g_00000516,28.0,1,3,14,13,1.000000,153.920000,696.000000,0
simu5g_00000516,28.0,1,4,14,14,0.000000,101.120000,632.000000,1
simu5g_00000516,28.0,1,5,14,13,1.000000,193.600000,696.000000,0
simu5g_00000516,28.0,16,17,15,15,0.000000,26.240000,352.000000,1
simu5g_00000516,28.0,16,2,15,15,0.000000,23.040000,272.000000,1
simu5g_00000516,28.0,16,3,15,13,2.000000,98.880000,552.000000,0
simu5g_00000516,28.0,16,4,15,14,1.000000,51.200000,352.000000,0
simu5g_00000516,28.0,16,5,15,13,2.000000,141.120000,632.000000,0
simu5g_00000516,28.0,17,2,15,15,0.000000,32.640000,352.000000,1
simu5g_00000516,28.0,17,3,15,13,2.000000,117.440000,520.000000,0
simu5g_00000516,28.0,17,4,15,14,1.000000,63.360000,352.000000,0
simu5g_00000516,28.0,17,5,15,13,2.000000,145.600000,600.000000,0
simu5g_00000516,28.0,2,3,15,13,2.000000,111.680000,552.000000,0
simu5g_00000516,28.0,2,4,15,14,1.000000,52.480000,352.000000,0
simu5g_00000516,28.0,2,5,15,13,2.000000,153.920000,632.000000,0
simu5g_00000516,28.0,3,4,13,14,1.000000,118.080000,552.000000,0
simu5g_00000516,28.0,3,5,13,13,0.000000,131.200000,600.000000,1
simu5g_00000516,28.0,4,5,14,13,1.000000,171.840000,632.000000,0
simu5g_00000517,28.1,0,11,15,15,0.000000,17.920000,176.000000,1
simu5g_00000517,28.1,0,23,15,15,0.000000,17.920000,176.000000,1
simu5g_00000517,28.1,11,23,15,15,0.000000,0.000000,0.000000,0
simu5g_00000518,28.1,1,16,14,15,1.000000,88.320000,728.000000,0
simu5g_00000518,28.1,1,17,14,15,1.000000,109.120000,728.000000,0
simu5g_00000518,28.1,1,2,14,15,1.000000,94.720000,728.000000,0
simu5g_00000518,28.1,1,3,14,13,1.000000,153.920000,696.000000,0
simu5g_00000518,28.1,1,4,14,14,0.000000,101.120000,632.000000,1
simu5g_00000518,28.1,1,5,14,13,1.000000,193.600000,696.000000,0
simu5g_00000518,28.1,16,17,15,15,0.000000,37.440000,456.000000,1
simu5g_00000518,28.1,16,2,15,15,0.000000,23.040000,272.000000,1
simu5g_00000518,28.1,16,3,15,13,2.000000,98.880000,552.000000,0
simu5g_00000518,28.1,16,4,15,14,1.000000,51.200000,352.000000,0
simu5g_00000518,28.1,16,5,15,13,2.000000,141.120000,632.000000,0
simu5g_00000518,28.1,17,2,15,15,0.000000,43.840000,456.000000,1
simu5g_00000518,28.1,17,3,15,13,2.000000,114.560000,424.000000,0
simu5g_00000518,28.1,17,4,15,14,1.000000,74.560000,456.000000,0
simu5g_00000518,28.1,17,5,15,13,2.000000,142.720000,600.000000,0
simu5g_00000518,28.1,2,3,15,13,2.000000,111.680000,552.000000,0
simu5g_00000518,28.1,2,4,15,14,1.000000,52.480000,352.000000,0
simu5g_00000518,28.1,2,5,15,13,2.000000,153.920000,632.000000,0
simu5g_00000518,28.1,3,4,13,14,1.000000,118.080000,552.000000,0
simu5g_00000518,28.1,3,5,13,13,0.000000,131.200000,600.000000,1
simu5g_00000518,28.1,4,5,14,13,1.000000,171.840000,632.000000,0
simu5g_00000519,28.2,0,11,15,15,0.000000,2.560000,32.000000,1
simu5g_00000519,28.2,0,23,15,15,0.000000,2.560000,32.000000,1
simu5g_00000519,28.2,11,23,15,15,0.000000,0.000000,0.000000,0
simu5g_00000520,28.2,1,16,14,15,1.000000,88.320000,728.000000,0
simu5g_00000520,28.2,1,17,14,15,1.000000,109.120000,728.000000,0
simu5g_00000520,28.2,1,2,14,15,1.000000,94.720000,728.000000,0
simu5g_00000520,28.2,1,3,14,13,1.000000,155.200000,696.000000,0
simu5g_00000520,28.2,1,4,14,14,0.000000,101.120000,632.000000,1
simu5g_00000520,28.2,1,5,14,13,1.000000,193.600000,696.000000,0
simu5g_00000520,28.2,16,17,15,15,0.000000,37.440000,456.000000,1
simu5g_00000520,28.2,16,2,15,15,0.000000,23.040000,272.000000,1
simu5g_00000520,28.2,16,3,15,13,2.000000,100.160000,552.000000,0
simu5g_00000520,28.2,16,4,15,14,1.000000,51.200000,352.000000,0
simu5g_00000520,28.2,16,5,15,13,2.000000,141.120000,632.000000,0
simu5g_00000520,28.2,17,2,15,15,0.000000,43.840000,456.000000,1
simu5g_00000520,28.2,17,3,15,13,2.000000,113.280000,424.000000,0
simu5g_00000520,28.2,17,4,15,14,1.000000,74.560000,456.000000,0
simu5g_00000520,28.2,17,5,15,13,2.000000,142.720000,600.000000,0
simu5g_00000520,28.2,2,3,15,13,2.000000,110.400000,552.000000,0
simu5g_00000520,28.2,2,4,15,14,1.000000,52.480000,352.000000,0
simu5g_00000520,28.2,2,5,15,13,2.000000,153.920000,632.000000,0
simu5g_00000520,28.2,3,4,13,14,1.000000,119.360000,552.000000,0
simu5g_00000520,28.2,3,5,13,13,0.000000,132.480000,600.000000,1
simu5g_00000520,28.2,4,5,14,13,1.000000,171.840000,632.000000,0
simu5g_00000521,28.3,0,11,15,15,0.000000,2.560000,32.000000,1
simu5g_00000521,28.3,0,23,15,15,0.000000,2.560000,32.000000,1
simu5g_00000521,28.3,11,23,15,15,0.000000,0.000000,0.000000,0
simu5g_00000522,28.3,1,16,14,15,1.000000,77.440000,632.000000,0
simu5g_00000522,28.3,1,17,14,15,1.000000,106.560000,632.000000,0
simu5g_00000522,28.3,1,2,14,15,1.000000,89.600000,632.000000,0
simu5g_00000522,28.3,1,3,14,14,0.000000,149.440000,600.000000,1
simu5g_00000522,28.3,1,4,14,14,0.000000,96.000000,632.000000,1
simu5g_00000522,28.3,1,5,14,13,1.000000,191.040000,632.000000,0
simu5g_00000522,28.3,16,17,15,15,0.000000,31.680000,456.000000,1
simu5g_00000522,28.3,16,2,15,15,0.000000,17.280000,272.000000,1
simu5g_00000522,28.3,16,3,15,14,1.000000,102.720000,552.000000,0
simu5g_00000522,28.3,16,4,15,14,1.000000,45.440000,352.000000,0
simu5g_00000522,28.3,16,5,15,13,2.000000,146.880000,632.000000,0
simu5g_00000522,28.3,17,2,15,15,0.000000,43.840000,456.000000,1
simu5g_00000522,28.3,17,3,15,14,1.000000,110.080000,424.000000,0
simu5g_00000522,28.3,17,4,15,14,1.000000,74.560000,456.000000,0
simu5g_00000522,28.3,17,5,15,13,2.000000,142.720000,600.000000,0
simu5g_00000522,28.3,2,3,15,14,1.000000,107.200000,552.000000,0
simu5g_00000522,28.3,2,4,15,14,1.000000,52.480000,352.000000,0
simu5g_00000522,28.3,2,5,15,13,2.000000,153.920000,632.000000,0
simu5g_00000522,28.3,3,4,14,14,0.000000,116.160000,552.000000,1
simu5g_00000522,28.3,3,5,14,13,1.000000,129.280000,600.000000,0
simu5g_00000522,28.3,4,5,14,13,1.000000,171.840000,632.000000,0
simu5g_00000523,28.4,0,11,15,15,0.000000,2.560000,32.000000,1
simu5g_00000523,28.4,0,23,15,15,0.000000,2.560000,32.000000,1
simu5g_00000523,28.4,11,23,15,15,0.000000,0.000000,0.000000,0
simu5g_00000524,28.4,1,16,14,15,1.000000,77.440000,632.000000,0
simu5g_00000524,28.4,1,17,14,15,1.000000,106.560000,632.000000,0
simu5g_00000524,28.4,1,2,14,15,1.000000,89.600000,632.000000,0
simu5g_00000524,28.4,1,3,14,14,0.000000,148.160000,600.000000,1
simu5g_00000524,28.4,1,4,14,14,0.000000,96.000000,632.000000,1
simu5g_00000524,28.4,1,5,14,13,1.000000,191.040000,632.000000,0
simu5g_00000524,28.4,16,17,15,15,0.000000,31.680000,456.000000,1
simu5g_00000524,28.4,16,2,15,15,0.000000,17.280000,272.000000,1
simu5g_00000524,28.4,16,3,15,14,1.000000,101.440000,552.000000,0
simu5g_00000524,28.4,16,4,15,14,1.000000,45.440000,352.000000,0
simu5g_00000524,28.4,16,5,15,13,2.000000,146.880000,632.000000,0
simu5g_00000524,28.4,17,2,15,15,0.000000,43.840000,456.000000,1
simu5g_00000524,28.4,17,3,15,14,1.000000,111.360000,456.000000,0
simu5g_00000524,28.4,17,4,15,14,1.000000,74.560000,456.000000,0
simu5g_00000524,28.4,17,5,15,13,2.000000,142.720000,600.000000,0
simu5g_00000524,28.4,2,3,15,14,1.000000,105.920000,552.000000,0
simu5g_00000524,28.4,2,4,15,14,1.000000,52.480000,352.000000,0
simu5g_00000524,28.4,2,5,15,13,2.000000,153.920000,632.000000,0
simu5g_00000524,28.4,3,4,14,14,0.000000,114.880000,552.000000,1
simu5g_00000524,28.4,3,5,14,13,1.000000,130.560000,600.000000,0
simu5g_00000524,28.4,4,5,14,13,1.000000,171.840000,632.000000,0
simu5g_00000525,28.5,0,11,15,15,0.000000,33.920000,272.000000,1
simu5g_00000525,28.5,0,23,15,15,0.000000,33.920000,272.000000,1
simu5g_00000525,28.5,11,23,15,15,0.000000,0.000000,0.000000,0
simu5g_00000526,28.5,1,16,14,15,1.000000,77.440000,632.000000,0
simu5g_00000526,28.5,1,17,14,15,1.000000,85.760000,632.000000,0
simu5g_00000526,28.5,1,2,14,15,1.000000,84.480000,632.000000,0
simu5g_00000526,28.5,1,3,14,15,1.000000,98.560000,632.000000,0
simu5g_00000526,28.5,1,4,14,14,0.000000,96.000000,632.000000,1
simu5g_00000526,28.5,1,5,14,13,1.000000,191.040000,632.000000,0
simu5g_00000526,28.5,16,17,15,15,0.000000,10.880000,176.000000,1
simu5g_00000526,28.5,16,2,15,15,0.000000,9.600000,176.000000,1
simu5g_00000526,28.5,16,3,15,15,0.000000,31.360000,272.000000,1
simu5g_00000526,28.5,16,4,15,14,1.000000,45.440000,352.000000,0
simu5g_00000526,28.5,16,5,15,13,2.000000,146.880000,632.000000,0
simu5g_00000526,28.5,17,2,15,15,0.000000,15.360000,176.000000,1
simu5g_00000526,28.5,17,3,15,15,0.000000,37.120000,240.000000,1
simu5g_00000526,28.5,17,4,15,14,1.000000,53.760000,352.000000,0
simu5g_00000526,28.5,17,5,15,13,2.000000,141.120000,632.000000,0
simu5g_00000526,28.5,2,3,15,15,0.000000,38.400000,272.000000,1
simu5g_00000526,28.5,2,4,15,14,1.000000,49.920000,352.000000,0
simu5g_00000526,28.5,2,5,15,13,2.000000,153.920000,632.000000,0
simu5g_00000526,28.5,3,4,15,14,1.000000,71.680000,352.000000,0
simu5g_00000526,28.5,3,5,15,13,2.000000,132.160000,632.000000,0
simu5g_00000526,28.5,4,5,14,13,1.000000,171.840000,632.000000,0
simu5g_00000527,28.6,0,11,15,15,0.000000,33.920000,272.000000,1
simu5g_00000527,28.6,0,23,15,15,0.000000,33.920000,272.000000,1
simu5g_00000527,28.6,11,23,15,15,0.000000,0.000000,0.000000,0
simu5g_00000528,28.6,1,16,14,15,1.000000,77.440000,632.000000,0
simu5g_00000528,28.6,1,17,14,15,1.000000,85.760000,632.000000,0
simu5g_00000528,28.6,1,2,14,15,1.000000,84.480000,632.000000,0
simu5g_00000528,28.6,1,3,14,15,1.000000,98.560000,632.000000,0
simu5g_00000528,28.6,1,4,14,14,0.000000,110.400000,632.000000,1
simu5g_00000528,28.6,1,5,14,13,1.000000,191.040000,632.000000,0
simu5g_00000528,28.6,16,17,15,15,0.000000,10.880000,176.000000,1
simu5g_00000528,28.6,16,2,15,15,0.000000,9.600000,176.000000,1
simu5g_00000528,28.6,16,3,15,15,0.000000,31.360000,272.000000,1
simu5g_00000528,28.6,16,4,15,14,1.000000,59.840000,456.000000,0
simu5g_00000528,28.6,16,5,15,13,2.000000,146.880000,632.000000,0
simu5g_00000528,28.6,17,2,15,15,0.000000,15.360000,176.000000,1
simu5g_00000528,28.6,17,3,15,15,0.000000,37.120000,240.000000,1
simu5g_00000528,28.6,17,4,15,14,1.000000,68.160000,456.000000,0
simu5g_00000528,28.6,17,5,15,13,2.000000,141.120000,632.000000,0
simu5g_00000528,28.6,2,3,15,15,0.000000,38.400000,272.000000,1
simu5g_00000528,28.6,2,4,15,14,1.000000,64.320000,456.000000,0
simu5g_00000528,28.6,2,5,15,13,2.000000,153.920000,632.000000,0
simu5g_00000528,28.6,3,4,15,14,1.000000,83.520000,456.000000,0
simu5g_00000528,28.6,3,5,15,13,2.000000,132.160000,632.000000,0
simu5g_00000528,28.6,4,5,14,13,1.000000,172.160000,632.000000,0
simu5g_00000529,28.7,0,11,15,15,0.000000,32.640000,272.000000,1
simu5g_00000529,28.7,0,23,15,15,0.000000,32.640000,272.000000,1
simu5g_00000529,28.7,11,23,15,15,0.000000,0.000000,0.000000,0
simu5g_00000530,28.7,1,16,15,15,0.000000,38.720000,552.000000,1
simu5g_00000530,28.7,1,17,15,15,0.000000,47.040000,552.000000,1
simu5g_00000530,28.7,1,2,15,15,0.000000,45.760000,552.000000,1
simu5g_00000530,28.7,1,3,15,15,0.000000,70.080000,552.000000,1
simu5g_00000530,28.7,1,4,15,14,1.000000,81.920000,456.000000,0
simu5g_00000530,28.7,1,5,15,13,2.000000,177.920000,632.000000,0
simu5g_00000530,28.7,16,17,15,15,0.000000,10.880000,176.000000,1
simu5g_00000530,28.7,16,2,15,15,0.000000,9.600000,176.000000,1
simu5g_00000530,28.7,16,3,15,15,0.000000,31.360000,272.000000,1
simu5g_00000530,28.7,16,4,15,14,1.000000,59.840000,456.000000,0
simu5g_00000530,28.7,16,5,15,13,2.000000,146.880000,632.000000,0
simu5g_00000530,28.7,17,2,15,15,0.000000,15.360000,176.000000,1
simu5g_00000530,28.7,17,3,15,15,0.000000,37.120000,240.000000,1
simu5g_00000530,28.7,17,4,15,14,1.000000,68.160000,456.000000,0
simu5g_00000530,28.7,17,5,15,13,2.000000,141.120000,632.000000,0
simu5g_00000530,28.7,2,3,15,15,0.000000,38.400000,272.000000,1
simu5g_00000530,28.7,2,4,15,14,1.000000,64.320000,456.000000,0
simu5g_00000530,28.7,2,5,15,13,2.000000,153.920000,632.000000,0
simu5g_00000530,28.7,3,4,15,14,1.000000,83.520000,456.000000,0
simu5g_00000530,28.7,3,5,15,13,2.000000,132.160000,632.000000,0
simu5g_00000530,28.7,4,5,14,13,1.000000,172.160000,632.000000,0
simu5g_00000531,28.8,0,11,15,15,0.000000,2.560000,32.000000,1
simu5g_00000531,28.8,0,23,15,15,0.000000,2.560000,32.000000,1
simu5g_00000531,28.8,11,23,15,15,0.000000,0.000000,0.000000,0
simu5g_00000532,28.8,1,16,15,15,0.000000,38.720000,552.000000,1
simu5g_00000532,28.8,1,17,15,15,0.000000,47.040000,552.000000,1
simu5g_00000532,28.8,1,2,15,15,0.000000,45.760000,552.000000,1
simu5g_00000532,28.8,1,3,15,15,0.000000,70.080000,552.000000,1
simu5g_00000532,28.8,1,4,15,14,1.000000,80.640000,456.000000,0
simu5g_00000532,28.8,1,5,15,14,1.000000,95.360000,552.000000,0
simu5g_00000532,28.8,16,17,15,15,0.000000,10.880000,176.000000,1
simu5g_00000532,28.8,16,2,15,15,0.000000,9.600000,176.000000,1
simu5g_00000532,28.8,16,3,15,15,0.000000,31.360000,272.000000,1
simu5g_00000532,28.8,16,4,15,14,1.000000,58.560000,456.000000,0
simu5g_00000532,28.8,16,5,15,14,1.000000,56.640000,456.000000,0
simu5g_00000532,28.8,17,2,15,15,0.000000,15.360000,176.000000,1
simu5g_00000532,28.8,17,3,15,15,0.000000,37.120000,240.000000,1
simu5g_00000532,28.8,17,4,15,14,1.000000,66.880000,456.000000,0
simu5g_00000532,28.8,17,5,15,14,1.000000,59.840000,456.000000,0
simu5g_00000532,28.8,2,3,15,15,0.000000,38.400000,272.000000,1
simu5g_00000532,28.8,2,4,15,14,1.000000,63.040000,456.000000,0
simu5g_00000532,28.8,2,5,15,14,1.000000,63.680000,456.000000,0
simu5g_00000532,28.8,3,4,15,14,1.000000,84.800000,456.000000,0
simu5g_00000532,28.8,3,5,15,14,1.000000,63.680000,456.000000,0
simu5g_00000532,28.8,4,5,14,14,0.000000,107.520000,456.000000,1
simu5g_00000533,28.9,0,11,15,15,0.000000,2.560000,32.000000,1
simu5g_00000533,28.9,0,23,15,15,0.000000,2.560000,32.000000,1
simu5g_00000533,28.9,11,23,15,15,0.000000,0.000000,0.000000,0
simu5g_00000534,28.9,1,16,15,15,0.000000,38.720000,552.000000,1
simu5g_00000534,28.9,1,17,15,15,0.000000,45.760000,552.000000,1
simu5g_00000534,28.9,1,2,15,15,0.000000,45.760000,552.000000,1
simu5g_00000534,28.9,1,3,15,15,0.000000,70.080000,552.000000,1
simu5g_00000534,28.9,1,4,15,14,1.000000,80.640000,456.000000,0
simu5g_00000534,28.9,1,5,15,14,1.000000,95.360000,552.000000,0
simu5g_00000534,28.9,16,17,15,15,0.000000,9.600000,176.000000,1
simu5g_00000534,28.9,16,2,15,15,0.000000,9.600000,176.000000,1
simu5g_00000534,28.9,16,3,15,15,0.000000,31.360000,272.000000,1
simu5g_00000534,28.9,16,4,15,14,1.000000,58.560000,456.000000,0
simu5g_00000534,28.9,16,5,15,14,1.000000,56.640000,456.000000,0
simu5g_00000534,28.9,17,2,15,15,0.000000,14.080000,176.000000,1
simu5g_00000534,28.9,17,3,15,15,0.000000,38.400000,272.000000,1
simu5g_00000534,28.9,17,4,15,14,1.000000,65.600000,456.000000,0
simu5g_00000534,28.9,17,5,15,14,1.000000,61.120000,456.000000,0
simu5g_00000534,28.9,2,3,15,15,0.000000,38.400000,272.000000,1
simu5g_00000534,28.9,2,4,15,14,1.000000,63.040000,456.000000,0
simu5g_00000534,28.9,2,5,15,14,1.000000,63.680000,456.000000,0
simu5g_00000534,28.9,3,4,15,14,1.000000,84.800000,456.000000,0
simu5g_00000534,28.9,3,5,15,14,1.000000,63.680000,456.000000,0
simu5g_00000534,28.9,4,5,14,14,0.000000,107.520000,456.000000,1
simu5g_00000535,29.0,0,11,15,15,0.000000,2.560000,32.000000,1
simu5g_00000535,29.0,0,23,15,15,0.000000,2.560000,32.000000,1
simu5g_00000535,29.0,11,23,15,15,0.000000,0.000000,0.000000,0
simu5g_00000536,29.0,1,16,15,15,0.000000,38.720000,552.000000,1
simu5g_00000536,29.0,1,17,15,15,0.000000,45.760000,552.000000,1
simu5g_00000536,29.0,1,2,15,15,0.000000,57.920000,520.000000,1
simu5g_00000536,29.0,1,3,15,15,0.000000,70.080000,552.000000,1
simu5g_00000536,29.0,1,4,15,14,1.000000,80.640000,456.000000,0
simu5g_00000536,29.0,1,5,15,14,1.000000,95.360000,552.000000,0
simu5g_00000536,29.0,16,17,15,15,0.000000,7.040000,176.000000,1
simu5g_00000536,29.0,16,2,15,15,0.000000,21.760000,352.000000,1
simu5g_00000536,29.0,16,3,15,15,0.000000,31.360000,272.000000,1
simu5g_00000536,29.0,16,4,15,14,1.000000,58.560000,456.000000,0
simu5g_00000536,29.0,16,5,15,14,1.000000,56.640000,456.000000,0
simu5g_00000536,29.0,17,2,15,15,0.000000,28.800000,352.000000,1
simu5g_00000536,29.0,17,3,15,15,0.000000,38.400000,272.000000,1
simu5g_00000536,29.0,17,4,15,14,1.000000,65.600000,456.000000,0
simu5g_00000536,29.0,17,5,15,14,1.000000,61.120000,456.000000,0
simu5g_00000536,29.0,2,3,15,15,0.000000,50.560000,352.000000,1
simu5g_00000536,29.0,2,4,15,14,1.000000,67.520000,424.000000,0
simu5g_00000536,29.0,2,5,15,14,1.000000,70.720000,456.000000,0
simu5g_00000536,29.0,3,4,15,14,1.000000,84.800000,456.000000,0
simu5g_00000536,29.0,3,5,15,14,1.000000,63.680000,456.000000,0
simu5g_00000536,29.0,4,5,14,14,0.000000,107.520000,456.000000,1
simu5g_00000537,29.1,0,11,15,15,0.000000,17.920000,176.000000,1
simu5g_00000537,29.1,0,23,15,15,0.000000,17.920000,176.000000,1
simu5g_00000537,29.1,11,23,15,15,0.000000,0.000000,0.000000,0
simu5g_00000538,29.1,1,16,15,15,0.000000,34.880000,456.000000,1
simu5g_00000538,29.1,1,17,15,15,0.000000,41.920000,456.000000,1
simu5g_00000538,29.1,1,2,15,15,0.000000,54.080000,424.000000,1
simu5g_00000538,29.1,1,3,15,15,0.000000,45.760000,456.000000,1
simu5g_00000538,29.1,1,4,15,14,1.000000,76.800000,456.000000,0
simu5g_00000538,29.1,1,5,15,14,1.000000,91.520000,456.000000,0
simu5g_00000538,29.1,16,17,15,15,0.000000,7.040000,176.000000,1
simu5g_00000538,29.1,16,2,15,15,0.000000,21.760000,352.000000,1
simu5g_00000538,29.1,16,3,15,15,0.000000,10.880000,176.000000,1
simu5g_00000538,29.1,16,4,15,14,1.000000,58.560000,456.000000,0
simu5g_00000538,29.1,16,5,15,14,1.000000,56.640000,456.000000,0
simu5g_00000538,29.1,17,2,15,15,0.000000,28.800000,352.000000,1
simu5g_00000538,29.1,17,3,15,15,0.000000,17.920000,176.000000,1
simu5g_00000538,29.1,17,4,15,14,1.000000,65.600000,456.000000,0
simu5g_00000538,29.1,17,5,15,14,1.000000,61.120000,456.000000,0
simu5g_00000538,29.1,2,3,15,15,0.000000,30.080000,352.000000,1
simu5g_00000538,29.1,2,4,15,14,1.000000,67.520000,424.000000,0
simu5g_00000538,29.1,2,5,15,14,1.000000,70.720000,456.000000,0
simu5g_00000538,29.1,3,4,15,14,1.000000,69.440000,456.000000,0
simu5g_00000538,29.1,3,5,15,14,1.000000,48.320000,456.000000,0
simu5g_00000538,29.1,4,5,14,14,0.000000,107.520000,456.000000,1
simu5g_00000539,29.2,0,11,15,15,0.000000,17.920000,176.000000,1
simu5g_00000539,29.2,0,23,15,15,0.000000,17.920000,176.000000,1
simu5g_00000539,29.2,11,23,15,15,0.000000,0.000000,0.000000,0
simu5g_00000540,29.2,1,16,15,15,0.000000,34.880000,456.000000,1
simu5g_00000540,29.2,1,17,15,15,0.000000,41.920000,456.000000,1
simu5g_00000540,29.2,1,2,15,15,0.000000,54.080000,424.000000,1
simu5g_00000540,29.2,1,3,15,15,0.000000,45.760000,456.000000,1
simu5g_00000540,29.2,1,4,15,14,1.000000,76.800000,456.000000,0
simu5g_00000540,29.2,1,5,15,14,1.000000,91.520000,456.000000,0
simu5g_00000540,29.2,16,17,15,15,0.000000,7.040000,176.000000,1
simu5g_00000540,29.2,16,2,15,15,0.000000,21.760000,352.000000,1
simu5g_00000540,29.2,16,3,15,15,0.000000,10.880000,176.000000,1
simu5g_00000540,29.2,16,4,15,14,1.000000,58.560000,456.000000,0
simu5g_00000540,29.2,16,5,15,14,1.000000,56.640000,456.000000,0
simu5g_00000540,29.2,17,2,15,15,0.000000,28.800000,352.000000,1
simu5g_00000540,29.2,17,3,15,15,0.000000,17.920000,176.000000,1
simu5g_00000540,29.2,17,4,15,14,1.000000,65.600000,456.000000,0
simu5g_00000540,29.2,17,5,15,14,1.000000,61.120000,456.000000,0
simu5g_00000540,29.2,2,3,15,15,0.000000,30.080000,352.000000,1
simu5g_00000540,29.2,2,4,15,14,1.000000,67.520000,424.000000,0
simu5g_00000540,29.2,2,5,15,14,1.000000,70.720000,456.000000,0
simu5g_00000540,29.2,3,4,15,14,1.000000,69.440000,456.000000,0
simu5g_00000540,29.2,3,5,15,14,1.000000,48.320000,456.000000,0
simu5g_00000540,29.2,4,5,14,14,0.000000,107.520000,456.000000,1
simu5g_00000541,29.3,0,11,15,15,0.000000,17.920000,176.000000,1
simu5g_00000541,29.3,0,23,15,15,0.000000,17.920000,176.000000,1
simu5g_00000541,29.3,11,23,15,15,0.000000,0.000000,0.000000,0
simu5g_00000542,29.3,1,16,15,15,0.000000,34.880000,456.000000,1
simu5g_00000542,29.3,1,17,15,15,0.000000,51.520000,456.000000,1
simu5g_00000542,29.3,1,2,15,15,0.000000,54.080000,424.000000,1
simu5g_00000542,29.3,1,3,15,15,0.000000,45.760000,456.000000,1
simu5g_00000542,29.3,1,4,15,14,1.000000,72.640000,352.000000,0
simu5g_00000542,29.3,1,5,15,14,1.000000,91.520000,456.000000,0
simu5g_00000542,29.3,16,17,15,15,0.000000,19.200000,352.000000,1
simu5g_00000542,29.3,16,2,15,15,0.000000,24.320000,352.000000,1
simu5g_00000542,29.3,16,3,15,15,0.000000,10.880000,176.000000,1
simu5g_00000542,29.3,16,4,15,14,1.000000,54.400000,352.000000,0
simu5g_00000542,29.3,16,5,15,14,1.000000,56.640000,456.000000,0
simu5g_00000542,29.3,17,2,15,15,0.000000,35.840000,352.000000,1
simu5g_00000542,29.3,17,3,15,15,0.000000,24.960000,352.000000,1
simu5g_00000542,29.3,17,4,15,14,1.000000,71.040000,352.000000,0
simu5g_00000542,29.3,17,5,15,14,1.000000,65.600000,424.000000,0
simu5g_00000542,29.3,2,3,15,15,0.000000,30.080000,352.000000,1
simu5g_00000542,29.3,2,4,15,14,1.000000,63.360000,320.000000,0
simu5g_00000542,29.3,2,5,15,14,1.000000,70.720000,456.000000,0
simu5g_00000542,29.3,3,4,15,14,1.000000,65.280000,352.000000,0
simu5g_00000542,29.3,3,5,15,14,1.000000,48.320000,456.000000,0
simu5g_00000542,29.3,4,5,14,14,0.000000,103.360000,456.000000,1
simu5g_00000543,29.4,0,11,15,15,0.000000,15.360000,176.000000,1
simu5g_00000543,29.4,0,23,15,15,0.000000,15.360000,176.000000,1
simu5g_00000543,29.4,11,23,15,15,0.000000,0.000000,0.000000,0
simu5g_00000544,29.4,1,16,15,15,0.000000,34.880000,456.000000,1
simu5g_00000544,29.4,1,17,15,15,0.000000,51.520000,456.000000,1
simu5g_00000544,29.4,1,2,15,15,0.000000,54.080000,424.000000,1
simu5g_00000544,29.4,1,3,15,15,0.000000,45.760000,456.000000,1
simu5g_00000544,29.4,1,4,15,14,1.000000,116.800000,552.000000,0
simu5g_00000544,29.4,1,5,15,14,1.000000,91.520000,456.000000,0
simu5g_00000544,29.4,16,17,15,15,0.000000,19.200000,352.000000,1
simu5g_00000544,29.4,16,2,15,15,0.000000,24.320000,352.000000,1
simu5g_00000544,29.4,16,3,15,15,0.000000,10.880000,176.000000,1
simu5g_00000544,29.4,16,4,15,14,1.000000,106.240000,552.000000,0
simu5g_00000544,29.4,16,5,15,14,1.000000,56.640000,456.000000,0
simu5g_00000544,29.4,17,2,15,15,0.000000,35.840000,352.000000,1
simu5g_00000544,29.4,17,3,15,15,0.000000,24.960000,352.000000,1
simu5g_00000544,29.4,17,4,15,14,1.000000,120.320000,552.000000,0
simu5g_00000544,29.4,17,5,15,14,1.000000,65.600000,424.000000,0
simu5g_00000544,29.4,2,3,15,15,0.000000,30.080000,352.000000,1
simu5g_00000544,29.4,2,4,15,14,1.000000,103.680000,520.000000,0
simu5g_00000544,29.4,2,5,15,14,1.000000,70.720000,456.000000,0
simu5g_00000544,29.4,3,4,15,14,1.000000,114.560000,552.000000,0
simu5g_00000544,29.4,3,5,15,14,1.000000,48.320000,456.000000,0
simu5g_00000544,29.4,4,5,14,14,0.000000,133.440000,552.000000,1
simu5g_00000545,29.5,0,11,15,15,0.000000,15.360000,176.000000,1
simu5g_00000545,29.5,0,23,15,15,0.000000,15.360000,176.000000,1
simu5g_00000545,29.5,11,23,15,15,0.000000,0.000000,0.000000,0
simu5g_00000546,29.5,1,16,14,15,1.000000,57.600000,552.000000,0
simu5g_00000546,29.5,1,17,14,15,1.000000,74.240000,552.000000,0
simu5g_00000546,29.5,1,2,14,14,0.000000,75.840000,552.000000,1
simu5g_00000546,29.5,1,3,14,15,1.000000,68.480000,552.000000,0
simu5g_00000546,29.5,1,4,14,14,0.000000,119.680000,552.000000,1
simu5g_00000546,29.5,1,5,14,14,0.000000,109.120000,552.000000,1
simu5g_00000546,29.5,16,17,15,15,0.000000,19.200000,352.000000,1
simu5g_00000546,29.5,16,2,15,14,1.000000,25.920000,456.000000,0
simu5g_00000546,29.5,16,3,15,15,0.000000,10.880000,176.000000,1
simu5g_00000546,29.5,16,4,15,14,1.000000,100.480000,552.000000,0
simu5g_00000546,29.5,16,5,15,14,1.000000,56.640000,456.000000,0
simu5g_00000546,29.5,17,2,15,14,1.000000,42.560000,456.000000,0
simu5g_00000546,29.5,17,3,15,15,0.000000,24.960000,352.000000,1
simu5g_00000546,29.5,17,4,15,14,1.000000,114.560000,552.000000,0
simu5g_00000546,29.5,17,5,15,14,1.000000,65.600000,424.000000,0
simu5g_00000546,29.5,2,3,14,15,1.000000,34.240000,456.000000,0
simu5g_00000546,29.5,2,4,14,14,0.000000,102.080000,520.000000,1
simu5g_00000546,29.5,2,5,14,14,0.000000,74.880000,456.000000,1
simu5g_00000546,29.5,3,4,15,14,1.000000,108.800000,552.000000,0
simu5g_00000546,29.5,3,5,15,14,1.000000,48.320000,456.000000,0
simu5g_00000546,29.5,4,5,14,14,0.000000,139.200000,552.000000,1
simu5g_00000547,29.6,0,11,15,15,0.000000,15.360000,176.000000,1
simu5g_00000547,29.6,0,23,15,15,0.000000,15.360000,176.000000,1
simu5g_00000547,29.6,11,23,15,15,0.000000,0.000000,0.000000,0
simu5g_00000548,29.6,1,16,14,15,1.000000,57.600000,552.000000,0
simu5g_00000548,29.6,1,17,14,15,1.000000,75.520000,552.000000,0
simu5g_00000548,29.6,1,2,14,14,0.000000,75.840000,552.000000,1
simu5g_00000548,29.6,1,3,14,15,1.000000,68.480000,552.000000,0
simu5g_00000548,29.6,1,4,14,14,0.000000,119.680000,552.000000,1
simu5g_00000548,29.6,1,5,14,14,0.000000,109.120000,552.000000,1
simu5g_00000548,29.6,16,17,15,15,0.000000,17.920000,352.000000,1
simu5g_00000548,29.6,16,2,15,14,1.000000,28.480000,456.000000,0
simu5g_00000548,29.6,16,3,15,15,0.000000,10.880000,176.000000,1
simu5g_00000548,29.6,16,4,15,14,1.000000,100.480000,552.000000,0
simu5g_00000548,29.6,16,5,15,14,1.000000,56.640000,456.000000,0
simu5g_00000548,29.6,17,2,15,14,1.000000,43.840000,456.000000,0
simu5g_00000548,29.6,17,3,15,15,0.000000,26.240000,352.000000,1
simu5g_00000548,29.6,17,4,15,14,1.000000,113.280000,552.000000,0
simu5g_00000548,29.6,17,5,15,14,1.000000,64.320000,424.000000,0
simu5g_00000548,29.6,2,3,14,15,1.000000,34.240000,456.000000,0
simu5g_00000548,29.6,2,4,14,14,0.000000,102.080000,520.000000,1
simu5g_00000548,29.6,2,5,14,14,0.000000,74.880000,456.000000,1
simu5g_00000548,29.6,3,4,15,14,1.000000,108.800000,552.000000,0
simu5g_00000548,29.6,3,5,15,14,1.000000,48.320000,456.000000,0
simu5g_00000548,29.6,4,5,14,14,0.000000,139.200000,552.000000,1
simu5g_00000549,29.7,0,11,15,15,0.000000,32.640000,272.000000,1
simu5g_00000549,29.7,0,23,15,15,0.000000,32.640000,272.000000,1
simu5g_00000549,29.7,11,23,15,15,0.000000,0.000000,0.000000,0
simu5g_00000550,29.7,1,16,14,15,1.000000,58.880000,552.000000,0
simu5g_00000550,29.7,1,17,14,15,1.000000,67.200000,552.000000,0
simu5g_00000550,29.7,1,2,14,14,0.000000,77.120000,552.000000,1
simu5g_00000550,29.7,1,3,14,15,1.000000,58.880000,552.000000,0
simu5g_00000550,29.7,1,4,14,14,0.000000,118.400000,552.000000,1
simu5g_00000550,29.7,1,5,14,14,0.000000,107.840000,552.000000,1
simu5g_00000550,29.7,16,17,15,15,0.000000,8.320000,176.000000,1
simu5g_00000550,29.7,16,2,15,14,1.000000,28.480000,456.000000,0
simu5g_00000550,29.7,16,3,15,15,0.000000,0.000000,0.000000,0
simu5g_00000550,29.7,16,4,15,14,1.000000,100.480000,552.000000,0
simu5g_00000550,29.7,16,5,15,14,1.000000,56.640000,456.000000,0
simu5g_00000550,29.7,17,2,15,14,1.000000,34.240000,456.000000,0
simu5g_00000550,29.7,17,3,15,15,0.000000,8.320000,176.000000,1
simu5g_00000550,29.7,17,4,15,14,1.000000,108.800000,552.000000,0
simu5g_00000550,29.7,17,5,15,14,1.000000,59.840000,456.000000,0
simu5g_00000550,29.7,2,3,14,15,1.000000,28.480000,456.000000,0
simu5g_00000550,29.7,2,4,14,14,0.000000,102.080000,520.000000,1
simu5g_00000550,29.7,2,5,14,14,0.000000,74.880000,456.000000,1
simu5g_00000550,29.7,3,4,15,14,1.000000,100.480000,552.000000,0
simu5g_00000550,29.7,3,5,15,14,1.000000,56.640000,456.000000,0
simu5g_00000550,29.7,4,5,14,14,0.000000,139.200000,552.000000,1
simu5g_00000551,29.8,0,11,15,15,0.000000,32.640000,272.000000,1
simu5g_00000551,29.8,0,23,15,15,0.000000,32.640000,272.000000,1
simu5g_00000551,29.8,11,23,15,15,0.000000,0.000000,0.000000,0
simu5g_00000552,29.8,1,16,14,15,1.000000,58.880000,552.000000,0
simu5g_00000552,29.8,1,17,14,15,1.000000,67.200000,552.000000,0
simu5g_00000552,29.8,1,2,14,14,0.000000,77.120000,552.000000,1
simu5g_00000552,29.8,1,3,14,15,1.000000,58.880000,552.000000,0
simu5g_00000552,29.8,1,4,14,14,0.000000,118.400000,552.000000,1
simu5g_00000552,29.8,1,5,14,14,0.000000,107.840000,552.000000,1
simu5g_00000552,29.8,16,17,15,15,0.000000,8.320000,176.000000,1
simu5g_00000552,29.8,16,2,15,14,1.000000,28.480000,456.000000,0
simu5g_00000552,29.8,16,3,15,15,0.000000,0.000000,0.000000,0
simu5g_00000552,29.8,16,4,15,14,1.000000,100.480000,552.000000,0
simu5g_00000552,29.8,16,5,15,14,1.000000,56.640000,456.000000,0
simu5g_00000552,29.8,17,2,15,14,1.000000,34.240000,456.000000,0
simu5g_00000552,29.8,17,3,15,15,0.000000,8.320000,176.000000,1
simu5g_00000552,29.8,17,4,15,14,1.000000,108.800000,552.000000,0
simu5g_00000552,29.8,17,5,15,14,1.000000,59.840000,456.000000,0
simu5g_00000552,29.8,2,3,14,15,1.000000,28.480000,456.000000,0
simu5g_00000552,29.8,2,4,14,14,0.000000,102.080000,520.000000,1
simu5g_00000552,29.8,2,5,14,14,0.000000,74.880000,456.000000,1
simu5g_00000552,29.8,3,4,15,14,1.000000,100.480000,552.000000,0
simu5g_00000552,29.8,3,5,15,14,1.000000,56.640000,456.000000,0
simu5g_00000552,29.8,4,5,14,14,0.000000,139.200000,552.000000,1
simu5g_00000553,29.9,0,11,15,15,0.000000,23.040000,272.000000,1
simu5g_00000553,29.9,0,23,15,15,0.000000,23.040000,272.000000,1
simu5g_00000553,29.9,11,23,15,15,0.000000,0.000000,0.000000,0
simu5g_00000554,29.9,1,16,14,15,1.000000,44.160000,552.000000,0
simu5g_00000554,29.9,1,17,14,15,1.000000,52.480000,552.000000,0
simu5g_00000554,29.9,1,2,14,14,0.000000,67.520000,520.000000,1
simu5g_00000554,29.9,1,3,14,15,1.000000,44.160000,552.000000,0
simu5g_00000554,29.9,1,4,14,14,0.000000,120.320000,552.000000,1
simu5g_00000554,29.9,1,5,14,14,0.000000,98.240000,552.000000,1
simu5g_00000554,29.9,16,17,15,15,0.000000,8.320000,176.000000,1
simu5g_00000554,29.9,16,2,15,14,1.000000,28.480000,456.000000,0
simu5g_00000554,29.9,16,3,15,15,0.000000,0.000000,0.000000,0
simu5g_00000554,29.9,16,4,15,14,1.000000,100.480000,552.000000,0
simu5g_00000554,29.9,16,5,15,14,1.000000,56.640000,456.000000,0
simu5g_00000554,29.9,17,2,15,14,1.000000,34.240000,456.000000,0
simu5g_00000554,29.9,17,3,15,15,0.000000,8.320000,176.000000,1
simu5g_00000554,29.9,17,4,15,14,1.000000,108.800000,552.000000,0
simu5g_00000554,29.9,17,5,15,14,1.000000,59.840000,456.000000,0
simu5g_00000554,29.9,2,3,14,15,1.000000,28.480000,456.000000,0
simu5g_00000554,29.9,2,4,14,14,0.000000,102.080000,520.000000,1
simu5g_00000554,29.9,2,5,14,14,0.000000,74.880000,456.000000,1
simu5g_00000554,29.9,3,4,15,14,1.000000,100.480000,552.000000,0
simu5g_00000554,29.9,3,5,15,14,1.000000,56.640000,456.000000,0
simu5g_00000554,29.9,4,5,14,14,0.000000,139.200000,552.000000,1
simu5g_00000555,30.0,0,11,15,15,0.000000,2.560000,32.000000,1
simu5g_00000555,30.0,0,16,15,15,0.000000,2.560000,32.000000,1
simu5g_00000555,30.0,0,23,15,15,0.000000,2.560000,32.000000,1
simu5g_00000555,30.0,11,16,15,15,0.000000,0.000000,0.000000,0
simu5g_00000555,30.0,11,23,15,15,0.000000,0.000000,0.000000,0
simu5g_00000555,30.0,16,23,15,15,0.000000,0.000000,0.000000,0
simu5g_00000556,30.0,1,17,14,15,1.000000,52.480000,552.000000,0
simu5g_00000556,30.0,1,2,14,15,1.000000,62.080000,520.000000,0
simu5g_00000556,30.0,1,3,14,15,1.000000,44.160000,552.000000,0
simu5g_00000556,30.0,1,4,14,14,0.000000,120.320000,552.000000,1
simu5g_00000556,30.0,1,5,14,14,0.000000,98.240000,552.000000,1
simu5g_00000556,30.0,17,2,15,15,0.000000,28.800000,352.000000,1
simu5g_00000556,30.0,17,3,15,15,0.000000,8.320000,176.000000,1
simu5g_00000556,30.0,17,4,15,14,1.000000,108.800000,552.000000,0
simu5g_00000556,30.0,17,5,15,14,1.000000,59.840000,456.000000,0
simu5g_00000556,30.0,2,3,15,15,0.000000,23.040000,352.000000,1
simu5g_00000556,30.0,2,4,15,14,1.000000,96.640000,520.000000,0
simu5g_00000556,30.0,2,5,15,14,1.000000,72.000000,456.000000,0
simu5g_00000556,30.0,3,4,15,14,1.000000,100.480000,552.000000,0
simu5g_00000556,30.0,3,5,15,14,1.000000,56.640000,456.000000,0
simu5g_00000556,30.0,4,5,14,14,0.000000,139.200000,552.000000,1
simu5g_00000557,30.1,0,11,15,15,0.000000,2.560000,32.000000,1
simu5g_00000557,30.1,0,16,15,15,0.000000,2.560000,32.000000,1
simu5g_00000557,30.1,0,23,15,15,0.000000,2.560000,32.000000,1
simu5g_00000557,30.1,11,16,15,15,0.000000,0.000000,0.000000,0
simu5g_00000557,30.1,11,23,15,15,0.000000,0.000000,0.000000,0
simu5g_00000557,30.1,16,23,15,15,0.000000,0.000000,0.000000,0
simu5g_00000558,30.1,1,17,14,15,1.000000,60.800000,552.000000,0
simu5g_00000558,30.1,1,2,14,15,1.000000,62.080000,520.000000,0
simu5g_00000558,30.1,1,3,14,15,1.000000,44.160000,552.000000,0
simu5g_00000558,30.1,1,4,14,14,0.000000,120.320000,552.000000,1
simu5g_00000558,30.1,1,5,14,14,0.000000,98.240000,552.000000,1
simu5g_00000558,30.1,17,2,15,15,0.000000,37.120000,352.000000,1
simu5g_00000558,30.1,17,3,15,15,0.000000,16.640000,352.000000,1
simu5g_00000558,30.1,17,4,15,14,1.000000,114.560000,552.000000,0
simu5g_00000558,30.1,17,5,15,14,1.000000,65.600000,424.000000,0
simu5g_00000558,30.1,2,3,15,15,0.000000,23.040000,352.000000,1
simu5g_00000558,30.1,2,4,15,14,1.000000,96.640000,520.000000,0
simu5g_00000558,30.1,2,5,15,14,1.000000,72.000000,456.000000,0
simu5g_00000558,30.1,3,4,15,14,1.000000,100.480000,552.000000,0
simu5g_00000558,30.1,3,5,15,14,1.000000,56.640000,456.000000,0
simu5g_00000558,30.1,4,5,14,14,0.000000,139.200000,552.000000,1
simu5g_00000559,30.2,0,11,15,15,0.000000,2.560000,32.000000,1
simu5g_00000559,30.2,0,16,15,15,0.000000,2.560000,32.000000,1
simu5g_00000559,30.2,0,23,15,15,0.000000,2.560000,32.000000,1
simu5g_00000559,30.2,11,16,15,15,0.000000,0.000000,0.000000,0
simu5g_00000559,30.2,11,23,15,15,0.000000,0.000000,0.000000,0
simu5g_00000559,30.2,16,23,15,15,0.000000,0.000000,0.000000,0
simu5g_00000560,30.2,1,17,14,15,1.000000,60.800000,552.000000,0
simu5g_00000560,30.2,1,2,14,15,1.000000,62.080000,520.000000,0
simu5g_00000560,30.2,1,3,14,15,1.000000,44.160000,552.000000,0
simu5g_00000560,30.2,1,4,14,14,0.000000,74.240000,520.000000,1
simu5g_00000560,30.2,1,5,14,14,0.000000,98.240000,552.000000,1
simu5g_00000560,30.2,17,2,15,15,0.000000,37.120000,352.000000,1
simu5g_00000560,30.2,17,3,15,15,0.000000,16.640000,352.000000,1
simu5g_00000560,30.2,17,4,15,14,1.000000,51.840000,352.000000,0
simu5g_00000560,30.2,17,5,15,14,1.000000,65.600000,424.000000,0
simu5g_00000560,30.2,2,3,15,15,0.000000,23.040000,352.000000,1
simu5g_00000560,30.2,2,4,15,14,1.000000,42.880000,320.000000,0
simu5g_00000560,30.2,2,5,15,14,1.000000,72.000000,456.000000,0
simu5g_00000560,30.2,3,4,15,14,1.000000,35.200000,272.000000,0
simu5g_00000560,30.2,3,5,15,14,1.000000,56.640000,456.000000,0
simu5g_00000560,30.2,4,5,14,14,0.000000,86.720000,456.000000,1
simu5g_00000561,30.3,0,11,15,15,0.000000,15.360000,176.000000,1
simu5g_00000561,30.3,0,16,15,15,0.000000,15.360000,176.000000,1
simu5g_00000561,30.3,0,23,15,15,0.000000,15.360000,176.000000,1
simu5g_00000561,30.3,11,16,15,15,0.000000,0.000000,0.000000,0
simu5g_00000561,30.3,11,23,15,15,0.000000,0.000000,0.000000,0
simu5g_00000561,30.3,16,23,15,15,0.000000,0.000000,0.000000,0
simu5g_00000562,30.3,1,17,15,15,0.000000,55.360000,552.000000,1
simu5g_00000562,30.3,1,2,15,15,0.000000,56.640000,520.000000,1
simu5g_00000562,30.3,1,3,15,15,0.000000,38.720000,552.000000,1
simu5g_00000562,30.3,1,4,15,14,1.000000,68.800000,520.000000,0
simu5g_00000562,30.3,1,5,15,14,1.000000,95.360000,552.000000,0
simu5g_00000562,30.3,17,2,15,15,0.000000,37.120000,352.000000,1
simu5g_00000562,30.3,17,3,15,15,0.000000,16.640000,352.000000,1
simu5g_00000562,30.3,17,4,15,14,1.000000,51.840000,352.000000,0
simu5g_00000562,30.3,17,5,15,14,1.000000,65.600000,424.000000,0
simu5g_00000562,30.3,2,3,15,15,0.000000,23.040000,352.000000,1
simu5g_00000562,30.3,2,4,15,14,1.000000,42.880000,320.000000,0
simu5g_00000562,30.3,2,5,15,14,1.000000,72.000000,456.000000,0
simu5g_00000562,30.3,3,4,15,14,1.000000,35.200000,272.000000,0
simu5g_00000562,30.3,3,5,15,14,1.000000,56.640000,456.000000,0
simu5g_00000562,30.3,4,5,14,14,0.000000,86.720000,456.000000,1
simu5g_00000563,30.4,0,11,15,15,0.000000,9.600000,176.000000,1
simu5g_00000563,30.4,0,16,15,15,0.000000,9.600000,176.000000,1
simu5g_00000563,30.4,0,23,15,15,0.000000,9.600000,176.000000,1
simu5g_00000563,30.4,11,16,15,15,0.000000,0.000000,0.000000,0
simu5g_00000563,30.4,11,23,15,15,0.000000,0.000000,0.000000,0
simu5g_00000563,30.4,16,23,15,15,0.000000,0.000000,0.000000,0
simu5g_00000564,30.4,1,17,15,15,0.000000,55.360000,552.000000,1
simu5g_00000564,30.4,1,2,15,15,0.000000,40.000000,552.000000,1
simu5g_00000564,30.4,1,3,15,15,0.000000,38.720000,552.000000,1
simu5g_00000564,30.4,1,4,15,14,1.000000,68.800000,520.000000,0
simu5g_00000564,30.4,1,5,15,14,1.000000,95.360000,552.000000,0
simu5g_00000564,30.4,17,2,15,15,0.000000,17.920000,352.000000,1
simu5g_00000564,30.4,17,3,15,15,0.000000,16.640000,352.000000,1
simu5g_00000564,30.4,17,4,15,14,1.000000,51.840000,352.000000,0
simu5g_00000564,30.4,17,5,15,14,1.000000,65.600000,424.000000,0
simu5g_00000564,30.4,2,3,15,15,0.000000,1.280000,32.000000,1
simu5g_00000564,30.4,2,4,15,14,1.000000,33.920000,272.000000,0
simu5g_00000564,30.4,2,5,15,14,1.000000,57.920000,456.000000,0
simu5g_00000564,30.4,3,4,15,14,1.000000,35.200000,272.000000,0
simu5g_00000564,30.4,3,5,15,14,1.000000,56.640000,456.000000,0
simu5g_00000564,30.4,4,5,14,14,0.000000,86.720000,456.000000,1
simu5g_00000565,30.5,0,11,15,15,0.000000,9.600000,176.000000,1
simu5g_00000565,30.5,0,16,15,15,0.000000,9.600000,176.000000,1
simu5g_00000565,30.5,0,23,15,15,0.000000,9.600000,176.000000,1
simu5g_00000565,30.5,11,16,15,15,0.000000,0.000000,0.000000,0
simu5g_00000565,30.5,11,23,15,15,0.000000,0.000000,0.000000,0
simu5g_00000565,30.5,16,23,15,15,0.000000,0.000000,0.000000,0
simu5g_00000566,30.5,1,17,15,15,0.000000,40.000000,552.000000,1
simu5g_00000566,30.5,1,2,15,15,0.000000,40.000000,552.000000,1
simu5g_00000566,30.5,1,3,15,15,0.000000,38.720000,552.000000,1
simu5g_00000566,30.5,1,4,15,14,1.000000,68.800000,520.000000,0
simu5g_00000566,30.5,1,5,15,14,1.000000,114.560000,552.000000,0
simu5g_00000566,30.5,17,2,15,15,0.000000,2.560000,32.000000,1
simu5g_00000566,30.5,17,3,15,15,0.000000,1.280000,32.000000,1
simu5g_00000566,30.5,17,4,15,14,1.000000,36.480000,272.000000,0
simu5g_00000566,30.5,17,5,15,14,1.000000,79.680000,552.000000,0
simu5g_00000566,30.5,2,3,15,15,0.000000,1.280000,32.000000,1
simu5g_00000566,30.5,2,4,15,14,1.000000,33.920000,272.000000,0
simu5g_00000566,30.5,2,5,15,14,1.000000,82.240000,552.000000,0
simu5g_00000566,30.5,3,4,15,14,1.000000,35.200000,272.000000,0
simu5g_00000566,30.5,3,5,15,14,1.000000,80.960000,552.000000,0
simu5g_00000566,30.5,4,5,14,14,0.000000,105.920000,552.000000,1
simu5g_00000567,30.6,0,11,15,15,0.000000,17.920000,176.000000,1
simu5g_00000567,30.6,0,16,15,15,0.000000,17.920000,176.000000,1
simu5g_00000567,30.6,0,23,15,15,0.000000,17.920000,176.000000,1
simu5g_00000567,30.6,11,16,15,15,0.000000,0.000000,0.000000,0
simu5g_00000567,30.6,11,23,15,15,0.000000,0.000000,0.000000,0
simu5g_00000567,30.6,16,23,15,15,0.000000,0.000000,0.000000,0
simu5g_00000568,30.6,1,17,15,15,0.000000,40.000000,552.000000,1
simu5g_00000568,30.6,1,2,15,15,0.000000,40.000000,552.000000,1
simu5g_00000568,30.6,1,3,15,15,0.000000,38.720000,552.000000,1
simu5g_00000568,30.6,1,4,15,14,1.000000,68.800000,520.000000,0
simu5g_00000568,30.6,1,5,15,14,1.000000,114.560000,552.000000,0
simu5g_00000568,30.6,17,2,15,15,0.000000,2.560000,32.000000,1
simu5g_00000568,30.6,17,3,15,15,0.000000,1.280000,32.000000,1
simu5g_00000568,30.6,17,4,15,14,1.000000,36.480000,272.000000,0
simu5g_00000568,30.6,17,5,15,14,1.000000,79.680000,552.000000,0
simu5g_00000568,30.6,2,3,15,15,0.000000,1.280000,32.000000,1
simu5g_00000568,30.6,2,4,15,14,1.000000,33.920000,272.000000,0
simu5g_00000568,30.6,2,5,15,14,1.000000,82.240000,552.000000,0
simu5g_00000568,30.6,3,4,15,14,1.000000,35.200000,272.000000,0
simu5g_00000568,30.6,3,5,15,14,1.000000,80.960000,552.000000,0
simu5g_00000568,30.6,4,5,14,14,0.000000,105.920000,552.000000,1
simu5g_00000569,30.7,0,11,15,15,0.000000,17.920000,176.000000,1
simu5g_00000569,30.7,0,16,15,15,0.000000,17.920000,176.000000,1
simu5g_00000569,30.7,0,23,15,15,0.000000,17.920000,176.000000,1
simu5g_00000569,30.7,11,16,15,15,0.000000,0.000000,0.000000,0
simu5g_00000569,30.7,11,23,15,15,0.000000,0.000000,0.000000,0
simu5g_00000569,30.7,16,23,15,15,0.000000,0.000000,0.000000,0
simu5g_00000570,30.7,1,17,15,15,0.000000,3.840000,32.000000,1
simu5g_00000570,30.7,1,2,15,15,0.000000,3.840000,32.000000,1
simu5g_00000570,30.7,1,3,15,15,0.000000,2.560000,32.000000,1
simu5g_00000570,30.7,1,4,15,15,0.000000,29.440000,272.000000,1
simu5g_00000570,30.7,1,5,15,14,1.000000,80.960000,552.000000,0
simu5g_00000570,30.7,17,2,15,15,0.000000,2.560000,32.000000,1
simu5g_00000570,30.7,17,3,15,15,0.000000,1.280000,32.000000,1
simu5g_00000570,30.7,17,4,15,15,0.000000,30.720000,272.000000,1
simu5g_00000570,30.7,17,5,15,14,1.000000,79.680000,552.000000,0
simu5g_00000570,30.7,2,3,15,15,0.000000,1.280000,32.000000,1
simu5g_00000570,30.7,2,4,15,15,0.000000,28.160000,272.000000,1
simu5g_00000570,30.7,2,5,15,14,1.000000,82.240000,552.000000,0
simu5g_00000570,30.7,3,4,15,15,0.000000,29.440000,272.000000,1
simu5g_00000570,30.7,3,5,15,14,1.000000,80.960000,552.000000,0
simu5g_00000570,30.7,4,5,15,14,1.000000,100.160000,552.000000,0
simu5g_00000571,30.8,0,11,15,15,0.000000,17.920000,176.000000,1
simu5g_00000571,30.8,0,16,15,15,0.000000,17.920000,176.000000,1
simu5g_00000571,30.8,0,23,15,15,0.000000,19.200000,176.000000,1
simu5g_00000571,30.8,11,16,15,15,0.000000,2.560000,32.000000,1
simu5g_00000571,30.8,11,23,15,15,0.000000,1.280000,32.000000,1
simu5g_00000571,30.8,16,23,15,15,0.000000,3.840000,32.000000,1
simu5g_00000572,30.8,1,17,15,15,0.000000,3.840000,32.000000,1
simu5g_00000572,30.8,1,2,15,15,0.000000,9.600000,176.000000,1
simu5g_00000572,30.8,1,3,15,15,0.000000,5.120000,32.000000,1
simu5g_00000572,30.8,1,4,15,15,0.000000,29.440000,272.000000,1
simu5g_00000572,30.8,1,5,15,14,1.000000,80.960000,552.000000,0
simu5g_00000572,30.8,17,2,15,15,0.000000,8.320000,176.000000,1
simu5g_00000572,30.8,17,3,15,15,0.000000,3.840000,32.000000,1
simu5g_00000572,30.8,17,4,15,15,0.000000,30.720000,272.000000,1
simu5g_00000572,30.8,17,5,15,14,1.000000,79.680000,552.000000,0
simu5g_00000572,30.8,2,3,15,15,0.000000,9.600000,176.000000,1
simu5g_00000572,30.8,2,4,15,15,0.000000,33.920000,272.000000,1
simu5g_00000572,30.8,2,5,15,14,1.000000,88.000000,552.000000,0
simu5g_00000572,30.8,3,4,15,15,0.000000,32.000000,272.000000,1
simu5g_00000572,30.8,3,5,15,14,1.000000,80.960000,552.000000,0
simu5g_00000572,30.8,4,5,15,14,1.000000,100.160000,552.000000,0
simu5g_00000573,30.9,0,11,15,15,0.000000,2.560000,32.000000,1
simu5g_00000573,30.9,0,16,15,15,0.000000,2.560000,32.000000,1
simu5g_00000573,30.9,0,23,15,15,0.000000,3.840000,32.000000,1
simu5g_00000573,30.9,11,16,15,15,0.000000,2.560000,32.000000,1
simu5g_00000573,30.9,11,23,15,15,0.000000,1.280000,32.000000,1
simu5g_00000573,30.9,16,23,15,15,0.000000,3.840000,32.000000,1
simu5g_00000574,30.9,1,17,15,15,0.000000,9.600000,176.000000,1
simu5g_00000574,30.9,1,2,15,15,0.000000,9.600000,176.000000,1
simu5g_00000574,30.9,1,3,15,15,0.000000,5.120000,32.000000,1
simu5g_00000574,30.9,1,4,15,15,0.000000,29.440000,272.000000,1
simu5g_00000574,30.9,1,5,15,14,1.000000,80.960000,552.000000,0
simu5g_00000574,30.9,17,2,15,15,0.000000,14.080000,176.000000,1
simu5g_00000574,30.9,17,3,15,15,0.000000,9.600000,176.000000,1
simu5g_00000574,30.9,17,4,15,15,0.000000,36.480000,272.000000,1
simu5g_00000574,30.9,17,5,15,14,1.000000,85.440000,552.000000,0
simu5g_00000574,30.9,2,3,15,15,0.000000,9.600000,176.000000,1
simu5g_00000574,30.9,2,4,15,15,0.000000,33.920000,272.000000,1
simu5g_00000574,30.9,2,5,15,14,1.000000,88.000000,552.000000,0
simu5g_00000574,30.9,3,4,15,15,0.000000,32.000000,272.000000,1
simu5g_00000574,30.9,3,5,15,14,1.000000,80.960000,552.000000,0
simu5g_00000574,30.9,4,5,15,14,1.000000,100.160000,552.000000,0
simu5g_00000575,31.0,0,1,15,15,0.000000,12.160000,176.000000,1
simu5g_00000575,31.0,0,11,15,15,0.000000,9.600000,176.000000,1
simu5g_00000575,31.0,0,16,15,15,0.000000,9.600000,144.000000,1
simu5g_00000575,31.0,0,23,15,15,0.000000,10.880000,176.000000,1
simu5g_00000575,31.0,1,11,15,15,0.000000,2.560000,32.000000,1
simu5g_00000575,31.0,1,16,15,15,0.000000,5.120000,32.000000,1
simu5g_00000575,31.0,1,23,15,15,0.000000,3.840000,32.000000,1
simu5g_00000575,31.0,11,16,15,15,0.000000,2.560000,32.000000,1
simu5g_00000575,31.0,11,23,15,15,0.000000,1.280000,32.000000,1
simu5g_00000575,31.0,16,23,15,15,0.000000,3.840000,32.000000,1
simu5g_00000576,31.0,17,2,15,15,0.000000,14.080000,176.000000,1
simu5g_00000576,31.0,17,3,15,15,0.000000,9.600000,176.000000,1
simu5g_00000576,31.0,17,4,15,15,0.000000,36.480000,272.000000,1
simu5g_00000576,31.0,17,5,15,14,1.000000,85.440000,552.000000,0
simu5g_00000576,31.0,2,3,15,15,0.000000,9.600000,176.000000,1
simu5g_00000576,31.0,2,4,15,15,0.000000,33.920000,272.000000,1
simu5g_00000576,31.0,2,5,15,14,1.000000,88.000000,552.000000,0
simu5g_00000576,31.0,3,4,15,15,0.000000,32.000000,272.000000,1
simu5g_00000576,31.0,3,5,15,14,1.000000,80.960000,552.000000,0
simu5g_00000576,31.0,4,5,15,14,1.000000,100.160000,552.000000,0
simu5g_00000577,31.1,0,1,15,15,0.000000,27.520000,272.000000,1
simu5g_00000577,31.1,0,11,15,15,0.000000,9.600000,176.000000,1
simu5g_00000577,31.1,0,16,15,15,0.000000,10.880000,176.000000,1
simu5g_00000577,31.1,0,23,15,15,0.000000,24.320000,176.000000,1
simu5g_00000577,31.1,1,11,15,15,0.000000,17.920000,272.000000,1
simu5g_00000577,31.1,1,16,15,15,0.000000,19.200000,272.000000,1
simu5g_00000577,31.1,1,23,15,15,0.000000,30.080000,240.000000,1
simu5g_00000577,31.1,11,16,15,15,0.000000,1.280000,32.000000,1
simu5g_00000577,31.1,11,23,15,15,0.000000,14.720000,176.000000,1
simu5g_00000577,31.1,16,23,15,15,0.000000,16.000000,176.000000,1
simu5g_00000578,31.1,17,2,15,15,0.000000,14.080000,176.000000,1
simu5g_00000578,31.1,17,3,15,15,0.000000,9.600000,176.000000,1
simu5g_00000578,31.1,17,4,15,15,0.000000,36.480000,272.000000,1
simu5g_00000578,31.1,17,5,15,14,1.000000,85.440000,552.000000,0
simu5g_00000578,31.1,2,3,15,15,0.000000,9.600000,176.000000,1
simu5g_00000578,31.1,2,4,15,15,0.000000,33.920000,272.000000,1
simu5g_00000578,31.1,2,5,15,14,1.000000,88.000000,552.000000,0
simu5g_00000578,31.1,3,4,15,15,0.000000,32.000000,272.000000,1
simu5g_00000578,31.1,3,5,15,14,1.000000,80.960000,552.000000,0
simu5g_00000578,31.1,4,5,15,14,1.000000,100.160000,552.000000,0
simu5g_00000579,31.2,0,1,15,15,0.000000,21.760000,272.000000,1
simu5g_00000579,31.2,0,11,15,15,0.000000,3.840000,32.000000,1
simu5g_00000579,31.2,0,16,15,15,0.000000,5.120000,32.000000,1
simu5g_00000579,31.2,0,23,15,15,0.000000,17.280000,176.000000,1
simu5g_00000579,31.2,1,11,15,15,0.000000,17.920000,272.000000,1
simu5g_00000579,31.2,1,16,15,15,0.000000,19.200000,272.000000,1
simu5g_00000579,31.2,1,23,15,15,0.000000,31.360000,240.000000,1
simu5g_00000579,31.2,11,16,15,15,0.000000,1.280000,32.000000,1
simu5g_00000579,31.2,11,23,15,15,0.000000,16.000000,176.000000,1
simu5g_00000579,31.2,16,23,15,15,0.000000,17.280000,176.000000,1
simu5g_00000580,31.2,17,2,15,15,0.000000,8.320000,176.000000,1
simu5g_00000580,31.2,17,3,15,15,0.000000,9.600000,176.000000,1
simu5g_00000580,31.2,17,4,15,15,0.000000,36.480000,272.000000,1
simu5g_00000580,31.2,17,5,15,14,1.000000,85.440000,552.000000,0
simu5g_00000580,31.2,2,3,15,15,0.000000,3.840000,32.000000,1
simu5g_00000580,31.2,2,4,15,15,0.000000,28.160000,272.000000,1
simu5g_00000580,31.2,2,5,15,14,1.000000,82.240000,552.000000,0
simu5g_00000580,31.2,3,4,15,15,0.000000,32.000000,272.000000,1
simu5g_00000580,31.2,3,5,15,14,1.000000,80.960000,552.000000,0
simu5g_00000580,31.2,4,5,15,14,1.000000,100.160000,552.000000,0
simu5g_00000581,31.3,0,1,15,15,0.000000,14.080000,176.000000,1
simu5g_00000581,31.3,0,11,15,15,0.000000,0.000000,0.000000,0
simu5g_00000581,31.3,0,16,15,15,0.000000,1.280000,32.000000,1
simu5g_00000581,31.3,0,23,15,15,0.000000,18.560000,176.000000,1
simu5g_00000581,31.3,1,11,15,15,0.000000,14.080000,176.000000,1
simu5g_00000581,31.3,1,16,15,15,0.000000,15.360000,176.000000,1
simu5g_00000581,31.3,1,23,15,15,0.000000,30.080000,176.000000,1
simu5g_00000581,31.3,11,16,15,15,0.000000,1.280000,32.000000,1
simu5g_00000581,31.3,11,23,15,15,0.000000,18.560000,176.000000,1
simu5g_00000581,31.3,16,23,15,15,0.000000,19.840000,176.000000,1
simu5g_00000582,31.3,17,2,15,15,0.000000,2.560000,32.000000,1
simu5g_00000582,31.3,17,3,15,15,0.000000,3.840000,32.000000,1
simu5g_00000582,31.3,17,4,15,15,0.000000,30.720000,272.000000,1
simu5g_00000582,31.3,17,5,15,14,1.000000,79.680000,552.000000,0
simu5g_00000582,31.3,2,3,15,15,0.000000,3.840000,32.000000,1
simu5g_00000582,31.3,2,4,15,15,0.000000,28.160000,272.000000,1
simu5g_00000582,31.3,2,5,15,14,1.000000,82.240000,552.000000,0
simu5g_00000582,31.3,3,4,15,15,0.000000,32.000000,272.000000,1
simu5g_00000582,31.3,3,5,15,14,1.000000,80.960000,552.000000,0
simu5g_00000582,31.3,4,5,15,14,1.000000,100.160000,552.000000,0
simu5g_00000583,31.4,0,1,15,15,0.000000,34.880000,456.000000,1
simu5g_00000583,31.4,0,11,15,15,0.000000,0.000000,0.000000,0
simu5g_00000583,31.4,0,16,15,15,0.000000,8.320000,176.000000,1
simu5g_00000583,31.4,0,23,15,15,0.000000,0.000000,0.000000,0
simu5g_00000583,31.4,1,11,15,15,0.000000,34.880000,456.000000,1
simu5g_00000583,31.4,1,16,15,15,0.000000,40.640000,456.000000,1
simu5g_00000583,31.4,1,23,15,15,0.000000,34.880000,456.000000,1
simu5g_00000583,31.4,11,16,15,15,0.000000,8.320000,176.000000,1
simu5g_00000583,31.4,11,23,15,15,0.000000,0.000000,0.000000,0
simu5g_00000583,31.4,16,23,15,15,0.000000,8.320000,176.000000,1
simu5g_00000584,31.4,17,2,15,15,0.000000,2.560000,32.000000,1
simu5g_00000584,31.4,17,3,15,15,0.000000,3.840000,32.000000,1
simu5g_00000584,31.4,17,4,15,15,0.000000,30.720000,272.000000,1
simu5g_00000584,31.4,17,5,15,14,1.000000,79.680000,552.000000,0
simu5g_00000584,31.4,2,3,15,15,0.000000,3.840000,32.000000,1
simu5g_00000584,31.4,2,4,15,15,0.000000,28.160000,272.000000,1
simu5g_00000584,31.4,2,5,15,14,1.000000,82.240000,552.000000,0
simu5g_00000584,31.4,3,4,15,15,0.000000,32.000000,272.000000,1
simu5g_00000584,31.4,3,5,15,14,1.000000,80.960000,552.000000,0
simu5g_00000584,31.4,4,5,15,14,1.000000,100.160000,552.000000,0
simu5g_00000585,31.5,0,1,15,15,0.000000,34.880000,456.000000,1
simu5g_00000585,31.5,0,11,15,15,0.000000,0.000000,0.000000,0
simu5g_00000585,31.5,0,16,15,15,0.000000,8.320000,176.000000,1
simu5g_00000585,31.5,0,23,15,15,0.000000,0.000000,0.000000,0
simu5g_00000585,31.5,1,11,15,15,0.000000,34.880000,456.000000,1
simu5g_00000585,31.5,1,16,15,15,0.000000,40.640000,456.000000,1
simu5g_00000585,31.5,1,23,15,15,0.000000,34.880000,456.000000,1
simu5g_00000585,31.5,11,16,15,15,0.000000,8.320000,176.000000,1
simu5g_00000585,31.5,11,23,15,15,0.000000,0.000000,0.000000,0
simu5g_00000585,31.5,16,23,15,15,0.000000,8.320000,176.000000,1
simu5g_00000586,31.5,17,2,15,15,0.000000,2.560000,32.000000,1
simu5g_00000586,31.5,17,3,15,15,0.000000,3.840000,32.000000,1
simu5g_00000586,31.5,17,4,15,15,0.000000,30.720000,272.000000,1
simu5g_00000586,31.5,17,5,15,14,1.000000,79.680000,552.000000,0
simu5g_00000586,31.5,2,3,15,15,0.000000,3.840000,32.000000,1
simu5g_00000586,31.5,2,4,15,15,0.000000,28.160000,272.000000,1
simu5g_00000586,31.5,2,5,15,14,1.000000,82.240000,552.000000,0
simu5g_00000586,31.5,3,4,15,15,0.000000,32.000000,272.000000,1
simu5g_00000586,31.5,3,5,15,14,1.000000,80.960000,552.000000,0
simu5g_00000586,31.5,4,5,15,14,1.000000,100.160000,552.000000,0
simu5g_00000587,31.6,0,1,15,15,0.000000,34.880000,456.000000,1
simu5g_00000587,31.6,0,11,15,15,0.000000,0.000000,0.000000,0
simu5g_00000587,31.6,0,16,15,15,0.000000,8.320000,176.000000,1
simu5g_00000587,31.6,0,23,15,15,0.000000,0.000000,0.000000,0
simu5g_00000587,31.6,1,11,15,15,0.000000,34.880000,456.000000,1
simu5g_00000587,31.6,1,16,15,15,0.000000,40.640000,456.000000,1
simu5g_00000587,31.6,1,23,15,15,0.000000,34.880000,456.000000,1
simu5g_00000587,31.6,11,16,15,15,0.000000,8.320000,176.000000,1
simu5g_00000587,31.6,11,23,15,15,0.000000,0.000000,0.000000,0
simu5g_00000587,31.6,16,23,15,15,0.000000,8.320000,176.000000,1
simu5g_00000588,31.6,17,2,15,14,1.000000,118.720000,728.000000,0
simu5g_00000588,31.6,17,3,15,15,0.000000,3.840000,32.000000,1
simu5g_00000588,31.6,17,4,15,14,1.000000,66.880000,456.000000,0
simu5g_00000588,31.6,17,5,15,14,1.000000,79.680000,552.000000,0
simu5g_00000588,31.6,2,3,14,15,1.000000,114.880000,728.000000,0
simu5g_00000588,31.6,2,4,14,14,0.000000,113.920000,696.000000,1
simu5g_00000588,31.6,2,5,14,14,0.000000,129.280000,728.000000,1
simu5g_00000588,31.6,3,4,15,14,1.000000,68.160000,456.000000,0
simu5g_00000588,31.6,3,5,15,14,1.000000,80.960000,552.000000,0
simu5g_00000588,31.6,4,5,14,14,0.000000,108.160000,552.000000,1
simu5g_00000589,31.7,0,1,15,13,2.000000,149.120000,792.000000,0
simu5g_00000589,31.7,0,11,15,15,0.000000,0.000000,0.000000,0
simu5g_00000589,31.7,0,16,15,15,0.000000,2.560000,32.000000,1
simu5g_00000589,31.7,0,23,15,15,0.000000,0.000000,0.000000,0
simu5g_00000589,31.7,1,11,13,15,2.000000,149.120000,792.000000,0
simu5g_00000589,31.7,1,16,13,15,2.000000,146.560000,792.000000,0
simu5g_00000589,31.7,1,23,13,15,2.000000,149.120000,792.000000,0
simu5g_00000589,31.7,11,16,15,15,0.000000,2.560000,32.000000,1
simu5g_00000589,31.7,11,23,15,15,0.000000,0.000000,0.000000,0
simu5g_00000589,31.7,16,23,15,15,0.000000,2.560000,32.000000,1
simu5g_00000590,31.7,17,2,15,14,1.000000,117.440000,728.000000,0
simu5g_00000590,31.7,17,3,15,15,0.000000,2.560000,32.000000,1
simu5g_00000590,31.7,17,4,15,14,1.000000,65.600000,456.000000,0
simu5g_00000590,31.7,17,5,15,14,1.000000,80.960000,552.000000,0
simu5g_00000590,31.7,2,3,14,15,1.000000,114.880000,728.000000,0
simu5g_00000590,31.7,2,4,14,14,0.000000,113.920000,696.000000,1
simu5g_00000590,31.7,2,5,14,14,0.000000,129.280000,728.000000,1
simu5g_00000590,31.7,3,4,15,14,1.000000,68.160000,456.000000,0
simu5g_00000590,31.7,3,5,15,14,1.000000,80.960000,552.000000,0
simu5g_00000590,31.7,4,5,14,14,0.000000,108.160000,552.000000,1
simu5g_00000591,31.8,0,1,15,13,2.000000,149.120000,792.000000,0
simu5g_00000591,31.8,0,11,15,15,0.000000,0.000000,0.000000,0
simu5g_00000591,31.8,0,16,15,15,0.000000,2.560000,32.000000,1
simu5g_00000591,31.8,0,23,15,15,0.000000,0.000000,0.000000,0
simu5g_00000591,31.8,1,11,13,15,2.000000,149.120000,792.000000,0
simu5g_00000591,31.8,1,16,13,15,2.000000,146.560000,792.000000,0
simu5g_00000591,31.8,1,23,13,15,2.000000,149.120000,792.000000,0
simu5g_00000591,31.8,11,16,15,15,0.000000,2.560000,32.000000,1
simu5g_00000591,31.8,11,23,15,15,0.000000,0.000000,0.000000,0
simu5g_00000591,31.8,16,23,15,15,0.000000,2.560000,32.000000,1
simu5g_00000592,31.8,17,2,15,14,1.000000,117.440000,728.000000,0
simu5g_00000592,31.8,17,3,15,15,0.000000,2.560000,32.000000,1
simu5g_00000592,31.8,17,4,15,14,1.000000,59.840000,456.000000,0
simu5g_00000592,31.8,17,5,15,14,1.000000,86.080000,552.000000,0
simu5g_00000592,31.8,2,3,14,15,1.000000,114.880000,728.000000,0
simu5g_00000592,31.8,2,4,14,14,0.000000,108.160000,696.000000,1
simu5g_00000592,31.8,2,5,14,14,0.000000,131.840000,728.000000,1
simu5g_00000592,31.8,3,4,15,14,1.000000,62.400000,456.000000,0
simu5g_00000592,31.8,3,5,15,14,1.000000,86.080000,552.000000,0
simu5g_00000592,31.8,4,5,14,14,0.000000,116.480000,552.000000,1
simu5g_00000593,31.9,0,1,15,13,2.000000,143.360000,792.000000,0
simu5g_00000593,31.9,0,11,15,15,0.000000,0.000000,0.000000,0
simu5g_00000593,31.9,0,16,15,15,0.000000,2.560000,32.000000,1
simu5g_00000593,31.9,0,23,15,15,0.000000,0.000000,0.000000,0
simu5g_00000593,31.9,1,11,13,15,2.000000,143.360000,792.000000,0
simu5g_00000593,31.9,1,16,13,15,2.000000,140.800000,792.000000,0
simu5g_00000593,31.9,1,23,13,15,2.000000,143.360000,792.000000,0
simu5g_00000593,31.9,11,16,15,15,0.000000,2.560000,32.000000,1
simu5g_00000593,31.9,11,23,15,15,0.000000,0.000000,0.000000,0
simu5g_00000593,31.9,16,23,15,15,0.000000,2.560000,32.000000,1
simu5g_00000594,31.9,17,2,15,14,1.000000,117.440000,728.000000,0
simu5g_00000594,31.9,17,3,15,15,0.000000,2.560000,32.000000,1
simu5g_00000594,31.9,17,4,15,14,1.000000,59.840000,456.000000,0
simu5g_00000594,31.9,17,5,15,14,1.000000,84.800000,552.000000,0
simu5g_00000594,31.9,2,3,14,15,1.000000,114.880000,728.000000,0
simu5g_00000594,31.9,2,4,14,14,0.000000,108.160000,696.000000,1
simu5g_00000594,31.9,2,5,14,14,0.000000,133.120000,728.000000,1
simu5g_00000594,31.9,3,4,15,14,1.000000,62.400000,456.000000,0
simu5g_00000594,31.9,3,5,15,14,1.000000,84.800000,552.000000,0
simu5g_00000594,31.9,4,5,14,14,0.000000,117.760000,552.000000,1
simu5g_00000595,32.0,0,1,15,14,1.000000,65.920000,632.000000,0
simu5g_00000595,32.0,0,11,15,15,0.000000,2.560000,32.000000,1
simu5g_00000595,32.0,0,16,15,15,0.000000,15.360000,176.000000,1
simu5g_00000595,32.0,0,17,15,15,0.000000,2.560000,32.000000,1
simu5g_00000595,32.0,0,23,15,15,0.000000,2.560000,32.000000,1
simu5g_00000595,32.0,1,11,14,15,1.000000,65.920000,632.000000,0
simu5g_00000595,32.0,1,16,14,15,1.000000,64.640000,632.000000,0
simu5g_00000595,32.0,1,17,14,15,1.000000,65.920000,632.000000,0
simu5g_00000595,32.0,1,23,14,15,1.000000,65.920000,632.000000,0
simu5g_00000595,32.0,11,16,15,15,0.000000,15.360000,176.000000,1
simu5g_00000595,32.0,11,17,15,15,0.000000,0.000000,0.000000,0
simu5g_00000595,32.0,11,23,15,15,0.000000,0.000000,0.000000,0
simu5g_00000595,32.0,16,17,15,15,0.000000,15.360000,176.000000,1
simu5g_00000595,32.0,16,23,15,15,0.000000,15.360000,176.000000,1
simu5g_00000595,32.0,17,23,15,15,0.000000,0.000000,0.000000,0
simu5g_00000596,32.0,2,3,13,15,2.000000,175.040000,792.000000,0
simu5g_00000596,32.0,2,4,13,14,1.000000,149.120000,760.000000,0
simu5g_00000596,32.0,2,5,13,14,1.000000,163.840000,792.000000,0
simu5g_00000596,32.0,3,4,15,14,1.000000,62.400000,456.000000,0
simu5g_00000596,32.0,3,5,15,14,1.000000,84.800000,552.000000,0
simu5g_00000596,32.0,4,5,14,14,0.000000,117.760000,552.000000,1
simu5g_00000597,32.1,0,1,15,14,1.000000,65.920000,632.000000,0
simu5g_00000597,32.1,0,11,15,15,0.000000,2.560000,32.000000,1
simu5g_00000597,32.1,0,16,15,15,0.000000,8.320000,176.000000,1
simu5g_00000597,32.1,0,17,15,15,0.000000,19.200000,352.000000,1
simu5g_00000597,32.1,0,23,15,15,0.000000,2.560000,32.000000,1
simu5g_00000597,32.1,1,11,14,15,1.000000,65.920000,632.000000,0
simu5g_00000597,32.1,1,16,14,15,1.000000,71.680000,632.000000,0
simu5g_00000597,32.1,1,17,14,15,1.000000,82.560000,632.000000,0
simu5g_00000597,32.1,1,23,14,15,1.000000,65.920000,632.000000,0
simu5g_00000597,32.1,11,16,15,15,0.000000,8.320000,176.000000,1
simu5g_00000597,32.1,11,17,15,15,0.000000,16.640000,352.000000,1
simu5g_00000597,32.1,11,23,15,15,0.000000,0.000000,0.000000,0
simu5g_00000597,32.1,16,17,15,15,0.000000,24.960000,352.000000,1
simu5g_00000597,32.1,16,23,15,15,0.000000,8.320000,176.000000,1
simu5g_00000597,32.1,17,23,15,15,0.000000,16.640000,352.000000,1
simu5g_00000598,32.1,2,3,13,15,2.000000,175.040000,792.000000,0
simu5g_00000598,32.1,2,4,13,14,1.000000,149.120000,760.000000,0
simu5g_00000598,32.1,2,5,13,14,1.000000,167.680000,792.000000,0
simu5g_00000598,32.1,3,4,15,14,1.000000,62.400000,456.000000,0
simu5g_00000598,32.1,3,5,15,14,1.000000,80.960000,552.000000,0
simu5g_00000598,32.1,4,5,14,14,0.000000,113.920000,552.000000,1
simu5g_00000599,32.2,0,1,15,14,1.000000,65.920000,632.000000,0
simu5g_00000599,32.2,0,11,15,15,0.000000,2.560000,32.000000,1
simu5g_00000599,32.2,0,16,15,15,0.000000,8.320000,176.000000,1
simu5g_00000599,32.2,0,17,15,15,0.000000,19.200000,352.000000,1
simu5g_00000599,32.2,0,23,15,15,0.000000,2.560000,32.000000,1
simu5g_00000599,32.2,1,11,14,15,1.000000,65.920000,632.000000,0
simu5g_00000599,32.2,1,16,14,15,1.000000,71.680000,632.000000,0
simu5g_00000599,32.2,1,17,14,15,1.000000,82.560000,632.000000,0
simu5g_00000599,32.2,1,23,14,15,1.000000,65.920000,632.000000,0
simu5g_00000599,32.2,11,16,15,15,0.000000,8.320000,176.000000,1
simu5g_00000599,32.2,11,17,15,15,0.000000,16.640000,352.000000,1
simu5g_00000599,32.2,11,23,15,15,0.000000,0.000000,0.000000,0
simu5g_00000599,32.2,16,17,15,15,0.000000,24.960000,352.000000,1
simu5g_00000599,32.2,16,23,15,15,0.000000,8.320000,176.000000,1
simu5g_00000599,32.2,17,23,15,15,0.000000,16.640000,352.000000,1
simu5g_00000600,32.2,2,3,13,15,2.000000,175.040000,792.000000,0
simu5g_00000600,32.2,2,4,13,14,1.000000,149.120000,760.000000,0
simu5g_00000600,32.2,2,5,13,14,1.000000,167.680000,792.000000,0
simu5g_00000600,32.2,3,4,15,14,1.000000,62.400000,456.000000,0
simu5g_00000600,32.2,3,5,15,14,1.000000,80.960000,552.000000,0
simu5g_00000600,32.2,4,5,14,14,0.000000,113.920000,552.000000,1
simu5g_00000601,32.3,0,1,15,13,2.000000,147.200000,792.000000,0
simu5g_00000601,32.3,0,11,15,15,0.000000,21.760000,272.000000,1
simu5g_00000601,32.3,0,16,15,15,0.000000,21.760000,240.000000,1
simu5g_00000601,32.3,0,17,15,15,0.000000,38.400000,352.000000,1
simu5g_00000601,32.3,0,23,15,15,0.000000,21.760000,272.000000,1
simu5g_00000601,32.3,1,11,13,15,2.000000,157.440000,792.000000,0
simu5g_00000601,32.3,1,16,13,15,2.000000,154.880000,792.000000,0
simu5g_00000601,32.3,1,17,13,15,2.000000,168.960000,792.000000,0
simu5g_00000601,32.3,1,23,13,15,2.000000,157.440000,792.000000,0
simu5g_00000601,32.3,11,16,15,15,0.000000,2.560000,32.000000,1
simu5g_00000601,32.3,11,17,15,15,0.000000,16.640000,352.000000,1
simu5g_00000601,32.3,11,23,15,15,0.000000,0.000000,0.000000,0
simu5g_00000601,32.3,16,17,15,15,0.000000,19.200000,352.000000,1
simu5g_00000601,32.3,16,23,15,15,0.000000,2.560000,32.000000,1
simu5g_00000601,32.3,17,23,15,15,0.000000,16.640000,352.000000,1
simu5g_00000602,32.3,2,3,13,15,2.000000,177.600000,792.000000,0
simu5g_00000602,32.3,2,4,13,15,2.000000,158.400000,760.000000,0
simu5g_00000602,32.3,2,5,13,14,1.000000,167.680000,792.000000,0
simu5g_00000602,32.3,3,4,15,15,0.000000,24.320000,272.000000,1
simu5g_00000602,32.3,3,5,15,14,1.000000,80.960000,552.000000,0
simu5g_00000602,32.3,4,5,15,14,1.000000,95.040000,552.000000,0
simu5g_00000603,32.4,0,1,15,13,2.000000,147.200000,792.000000,0
simu5g_00000603,32.4,0,11,15,15,0.000000,21.760000,272.000000,1
simu5g_00000603,32.4,0,16,15,15,0.000000,21.760000,240.000000,1
simu5g_00000603,32.4,0,17,15,15,0.000000,38.400000,352.000000,1
simu5g_00000603,32.4,0,23,15,15,0.000000,21.760000,272.000000,1
simu5g_00000603,32.4,1,11,13,15,2.000000,157.440000,792.000000,0
simu5g_00000603,32.4,1,16,13,15,2.000000,154.880000,792.000000,0
simu5g_00000603,32.4,1,17,13,15,2.000000,168.960000,792.000000,0
simu5g_00000603,32.4,1,23,13,15,2.000000,157.440000,792.000000,0
simu5g_00000603,32.4,11,16,15,15,0.000000,2.560000,32.000000,1
simu5g_00000603,32.4,11,17,15,15,0.000000,16.640000,352.000000,1
simu5g_00000603,32.4,11,23,15,15,0.000000,0.000000,0.000000,0
simu5g_00000603,32.4,16,17,15,15,0.000000,19.200000,352.000000,1
simu5g_00000603,32.4,16,23,15,15,0.000000,2.560000,32.000000,1
simu5g_00000603,32.4,17,23,15,15,0.000000,16.640000,352.000000,1
simu5g_00000604,32.4,2,3,14,15,1.000000,98.240000,632.000000,0
simu5g_00000604,32.4,2,4,14,15,1.000000,86.720000,600.000000,0
simu5g_00000604,32.4,2,5,14,14,0.000000,121.600000,632.000000,1
simu5g_00000604,32.4,3,4,15,15,0.000000,24.320000,272.000000,1
simu5g_00000604,32.4,3,5,15,14,1.000000,80.960000,552.000000,0
simu5g_00000604,32.4,4,5,15,14,1.000000,95.040000,552.000000,0
simu5g_00000605,32.5,0,1,15,13,2.000000,144.000000,792.000000,0
simu5g_00000605,32.5,0,11,15,15,0.000000,17.920000,176.000000,1
simu5g_00000605,32.5,0,16,15,15,0.000000,17.920000,176.000000,1
simu5g_00000605,32.5,0,17,15,15,0.000000,41.280000,456.000000,1
simu5g_00000605,32.5,0,23,15,15,0.000000,17.920000,176.000000,1
simu5g_00000605,32.5,1,11,13,15,2.000000,150.400000,792.000000,0
simu5g_00000605,32.5,1,16,13,15,2.000000,147.840000,792.000000,0
simu5g_00000605,32.5,1,17,13,15,2.000000,168.640000,792.000000,0
simu5g_00000605,32.5,1,23,13,15,2.000000,150.400000,792.000000,0
simu5g_00000605,32.5,11,16,15,15,0.000000,2.560000,32.000000,1
simu5g_00000605,32.5,11,17,15,15,0.000000,23.360000,456.000000,1
simu5g_00000605,32.5,11,23,15,15,0.000000,0.000000,0.000000,0
simu5g_00000605,32.5,16,17,15,15,0.000000,25.920000,456.000000,1
simu5g_00000605,32.5,16,23,15,15,0.000000,2.560000,32.000000,1
simu5g_00000605,32.5,17,23,15,15,0.000000,23.360000,456.000000,1
simu5g_00000606,32.5,2,3,14,15,1.000000,98.240000,632.000000,0
simu5g_00000606,32.5,2,4,14,15,1.000000,86.720000,600.000000,0
simu5g_00000606,32.5,2,5,14,14,0.000000,121.600000,632.000000,1
simu5g_00000606,32.5,3,4,15,15,0.000000,24.320000,272.000000,1
simu5g_00000606,32.5,3,5,15,14,1.000000,80.960000,552.000000,0
simu5g_00000606,32.5,4,5,15,14,1.000000,95.040000,552.000000,0
simu5g_00000607,32.6,0,1,15,13,2.000000,189.760000,856.000000,0
simu5g_00000607,32.6,0,11,15,15,0.000000,0.000000,0.000000,0
simu5g_00000607,32.6,0,16,15,15,0.000000,23.040000,272.000000,1
simu5g_00000607,32.6,0,17,15,15,0.000000,19.200000,352.000000,1
simu5g_00000607,32.6,0,23,15,15,0.000000,0.000000,0.000000,0
simu5g_00000607,32.6,1,11,13,15,2.000000,189.760000,856.000000,0
simu5g_00000607,32.6,1,16,13,15,2.000000,185.920000,856.000000,0
simu5g_00000607,32.6,1,17,13,15,2.000000,198.720000,856.000000,0
simu5g_00000607,32.6,1,23,13,15,2.000000,189.760000,856.000000,0
simu5g_00000607,32.6,11,16,15,15,0.000000,23.040000,272.000000,1
simu5g_00000607,32.6,11,17,15,15,0.000000,19.200000,352.000000,1
simu5g_00000607,32.6,11,23,15,15,0.000000,0.000000,0.000000,0
simu5g_00000607,32.6,16,17,15,15,0.000000,42.240000,352.000000,1
simu5g_00000607,32.6,16,23,15,15,0.000000,23.040000,272.000000,1
simu5g_00000607,32.6,17,23,15,15,0.000000,19.200000,352.000000,1
simu5g_00000608,32.6,2,3,14,15,1.000000,98.240000,632.000000,0
simu5g_00000608,32.6,2,4,14,15,1.000000,86.720000,600.000000,0
simu5g_00000608,32.6,2,5,14,14,0.000000,121.600000,632.000000,1
simu5g_00000608,32.6,3,4,15,15,0.000000,24.320000,272.000000,1
simu5g_00000608,32.6,3,5,15,14,1.000000,80.960000,552.000000,0
simu5g_00000608,32.6,4,5,15,14,1.000000,95.040000,552.000000,0
simu5g_00000609,32.7,0,1,15,13,2.000000,189.760000,856.000000,0
simu5g_00000609,32.7,0,11,15,15,0.000000,0.000000,0.000000,0
simu5g_00000609,32.7,0,16,15,15,0.000000,23.040000,272.000000,1
simu5g_00000609,32.7,0,17,15,15,0.000000,19.200000,352.000000,1
simu5g_00000609,32.7,0,23,15,15,0.000000,0.000000,0.000000,0
simu5g_00000609,32.7,1,11,13,15,2.000000,189.760000,856.000000,0
simu5g_00000609,32.7,1,16,13,15,2.000000,185.920000,856.000000,0
simu5g_00000609,32.7,1,17,13,15,2.000000,198.720000,856.000000,0
simu5g_00000609,32.7,1,23,13,15,2.000000,189.760000,856.000000,0
simu5g_00000609,32.7,11,16,15,15,0.000000,23.040000,272.000000,1
simu5g_00000609,32.7,11,17,15,15,0.000000,19.200000,352.000000,1
simu5g_00000609,32.7,11,23,15,15,0.000000,0.000000,0.000000,0
simu5g_00000609,32.7,16,17,15,15,0.000000,42.240000,352.000000,1
simu5g_00000609,32.7,16,23,15,15,0.000000,23.040000,272.000000,1
simu5g_00000609,32.7,17,23,15,15,0.000000,19.200000,352.000000,1
simu5g_00000610,32.7,2,3,14,15,1.000000,98.240000,632.000000,0
simu5g_00000610,32.7,2,4,14,15,1.000000,86.720000,600.000000,0
simu5g_00000610,32.7,2,5,14,14,0.000000,121.600000,632.000000,1
simu5g_00000610,32.7,3,4,15,15,0.000000,24.320000,272.000000,1
simu5g_00000610,32.7,3,5,15,14,1.000000,80.960000,552.000000,0
simu5g_00000610,32.7,4,5,15,14,1.000000,95.040000,552.000000,0
simu5g_00000611,32.8,0,1,15,13,2.000000,184.000000,792.000000,0
simu5g_00000611,32.8,0,11,15,15,0.000000,0.000000,0.000000,0
simu5g_00000611,32.8,0,16,15,15,0.000000,23.040000,272.000000,1
simu5g_00000611,32.8,0,17,15,15,0.000000,19.200000,352.000000,1
simu5g_00000611,32.8,0,23,15,15,0.000000,0.000000,0.000000,0
simu5g_00000611,32.8,1,11,13,15,2.000000,184.000000,792.000000,0
simu5g_00000611,32.8,1,16,13,15,2.000000,180.160000,792.000000,0
simu5g_00000611,32.8,1,17,13,15,2.000000,192.960000,792.000000,0
simu5g_00000611,32.8,1,23,13,15,2.000000,184.000000,792.000000,0
simu5g_00000611,32.8,11,16,15,15,0.000000,23.040000,272.000000,1
simu5g_00000611,32.8,11,17,15,15,0.000000,19.200000,352.000000,1
simu5g_00000611,32.8,11,23,15,15,0.000000,0.000000,0.000000,0
simu5g_00000611,32.8,16,17,15,15,0.000000,42.240000,352.000000,1
simu5g_00000611,32.8,16,23,15,15,0.000000,23.040000,272.000000,1
simu5g_00000611,32.8,17,23,15,15,0.000000,19.200000,352.000000,1
simu5g_00000612,32.8,2,3,14,15,1.000000,46.400000,552.000000,0
simu5g_00000612,32.8,2,4,14,15,1.000000,46.400000,520.000000,0
simu5g_00000612,32.8,2,5,14,14,0.000000,100.480000,552.000000,1
simu5g_00000612,32.8,3,4,15,15,0.000000,26.880000,272.000000,1
simu5g_00000612,32.8,3,5,15,14,1.000000,80.960000,552.000000,0
simu5g_00000612,32.8,4,5,15,14,1.000000,95.040000,552.000000,0
simu5g_00000613,32.9,0,1,15,14,1.000000,44.160000,552.000000,0
simu5g_00000613,32.9,0,11,15,15,0.000000,17.920000,176.000000,1
simu5g_00000613,32.9,0,16,15,15,0.000000,16.640000,176.000000,1
simu5g_00000613,32.9,0,17,15,14,1.000000,52.800000,632.000000,0
simu5g_00000613,32.9,0,23,15,15,0.000000,0.000000,0.000000,0
simu5g_00000613,32.9,1,11,14,15,1.000000,56.960000,520.000000,0
simu5g_00000613,32.9,1,16,14,15,1.000000,58.240000,552.000000,0
simu5g_00000613,32.9,1,17,14,14,0.000000,94.400000,632.000000,1
simu5g_00000613,32.9,1,23,14,15,1.000000,44.160000,552.000000,0
simu5g_00000613,32.9,11,16,15,15,0.000000,34.560000,176.000000,1
simu5g_00000613,32.9,11,17,15,14,1.000000,54.080000,632.000000,0
simu5g_00000613,32.9,11,23,15,15,0.000000,17.920000,176.000000,1
simu5g_00000613,32.9,16,17,15,14,1.000000,66.880000,632.000000,0
simu5g_00000613,32.9,16,23,15,15,0.000000,16.640000,176.000000,1
simu5g_00000613,32.9,17,23,14,15,1.000000,52.800000,632.000000,0
simu5g_00000614,32.9,2,3,14,15,1.000000,46.400000,552.000000,0
simu5g_00000614,32.9,2,4,14,13,1.000000,121.920000,600.000000,0
simu5g_00000614,32.9,2,5,14,13,1.000000,140.160000,600.000000,0
simu5g_00000614,32.9,3,4,15,13,2.000000,133.120000,632.000000,0
simu5g_00000614,32.9,3,5,15,13,2.000000,125.760000,632.000000,0
simu5g_00000614,32.9,4,5,13,13,0.000000,176.960000,600.000000,1
simu5g_00000615,33.0,0,1,15,14,1.000000,44.160000,552.000000,0
simu5g_00000615,33.0,0,11,15,15,0.000000,17.920000,176.000000,1
simu5g_00000615,33.0,0,16,15,15,0.000000,16.640000,176.000000,1
simu5g_00000615,33.0,0,17,15,14,1.000000,52.800000,632.000000,0
simu5g_00000615,33.0,0,23,15,15,0.000000,0.000000,0.000000,0
simu5g_00000615,33.0,1,11,14,15,1.000000,56.960000,520.000000,0
simu5g_00000615,33.0,1,16,14,15,1.000000,58.240000,552.000000,0
simu5g_00000615,33.0,1,17,14,14,0.000000,94.400000,632.000000,1
simu5g_00000615,33.0,1,23,14,15,1.000000,44.160000,552.000000,0
simu5g_00000615,33.0,11,16,15,15,0.000000,34.560000,176.000000,1
simu5g_00000615,33.0,11,17,15,14,1.000000,54.080000,632.000000,0
simu5g_00000615,33.0,11,23,15,15,0.000000,17.920000,176.000000,1
simu5g_00000615,33.0,16,17,15,14,1.000000,66.880000,632.000000,0
simu5g_00000615,33.0,16,23,15,15,0.000000,16.640000,176.000000,1
simu5g_00000615,33.0,17,23,14,15,1.000000,52.800000,632.000000,0
simu5g_00000616,33.0,2,3,14,15,1.000000,46.400000,552.000000,0
simu5g_00000616,33.0,2,4,14,13,1.000000,121.920000,600.000000,0
simu5g_00000616,33.0,2,5,14,13,1.000000,140.160000,600.000000,0
simu5g_00000616,33.0,3,4,15,13,2.000000,133.120000,632.000000,0
simu5g_00000616,33.0,3,5,15,13,2.000000,125.760000,632.000000,0
simu5g_00000616,33.0,4,5,13,13,0.000000,176.960000,600.000000,1
simu5g_00000617,33.1,0,1,15,15,0.000000,38.720000,552.000000,1
simu5g_00000617,33.1,0,11,15,15,0.000000,17.920000,176.000000,1
simu5g_00000617,33.1,0,16,15,15,0.000000,16.640000,176.000000,1
simu5g_00000617,33.1,0,17,15,14,1.000000,48.960000,632.000000,0
simu5g_00000617,33.1,0,23,15,15,0.000000,0.000000,0.000000,0
simu5g_00000617,33.1,1,11,15,15,0.000000,54.080000,520.000000,1
simu5g_00000617,33.1,1,16,15,15,0.000000,52.800000,552.000000,1
simu5g_00000617,33.1,1,17,15,14,1.000000,85.120000,632.000000,0
simu5g_00000617,33.1,1,23,15,15,0.000000,38.720000,552.000000,1
simu5g_00000617,33.1,11,16,15,15,0.000000,34.560000,176.000000,1
simu5g_00000617,33.1,11,17,15,14,1.000000,50.240000,632.000000,0
simu5g_00000617,33.1,11,23,15,15,0.000000,17.920000,176.000000,1
simu5g_00000617,33.1,16,17,15,14,1.000000,63.040000,632.000000,0
simu5g_00000617,33.1,16,23,15,15,0.000000,16.640000,176.000000,1
simu5g_00000617,33.1,17,23,14,15,1.000000,48.960000,632.000000,0
simu5g_00000618,33.1,2,3,14,15,1.000000,46.400000,552.000000,0
simu5g_00000618,33.1,2,4,14,13,1.000000,121.920000,600.000000,0
simu5g_00000618,33.1,2,5,14,13,1.000000,140.160000,600.000000,0
simu5g_00000618,33.1,3,4,15,13,2.000000,133.120000,632.000000,0
simu5g_00000618,33.1,3,5,15,13,2.000000,125.760000,632.000000,0
simu5g_00000618,33.1,4,5,13,13,0.000000,176.960000,600.000000,1
simu5g_00000619,33.2,0,1,15,14,1.000000,98.560000,792.000000,0
simu5g_00000619,33.2,0,11,15,15,0.000000,2.560000,32.000000,1
simu5g_00000619,33.2,0,16,15,15,0.000000,2.560000,32.000000,1
simu5g_00000619,33.2,0,17,15,14,1.000000,48.960000,632.000000,0
simu5g_00000619,33.2,0,23,15,15,0.000000,2.560000,32.000000,1
simu5g_00000619,33.2,1,11,14,15,1.000000,101.120000,792.000000,0
simu5g_00000619,33.2,1,16,14,15,1.000000,98.560000,792.000000,0
simu5g_00000619,33.2,1,17,14,14,0.000000,144.960000,792.000000,1
simu5g_00000619,33.2,1,23,14,15,1.000000,101.120000,792.000000,0
simu5g_00000619,33.2,11,16,15,15,0.000000,2.560000,32.000000,1
simu5g_00000619,33.2,11,17,15,14,1.000000,48.960000,632.000000,0
simu5g_00000619,33.2,11,23,15,15,0.000000,0.000000,0.000000,0
simu5g_00000619,33.2,16,17,15,14,1.000000,48.960000,632.000000,0
simu5g_00000619,33.2,16,23,15,15,0.000000,2.560000,32.000000,1
simu5g_00000619,33.2,17,23,14,15,1.000000,48.960000,632.000000,0
simu5g_00000620,33.2,2,3,15,15,0.000000,9.600000,176.000000,1
simu5g_00000620,33.2,2,4,15,13,2.000000,126.080000,632.000000,0
simu5g_00000620,33.2,2,5,15,13,2.000000,132.800000,632.000000,0
simu5g_00000620,33.2,3,4,15,13,2.000000,133.120000,632.000000,0
simu5g_00000620,33.2,3,5,15,13,2.000000,125.760000,632.000000,0
simu5g_00000620,33.2,4,5,13,13,0.000000,176.960000,600.000000,1
simu5g_00000621,33.3,0,1,15,14,1.000000,94.720000,792.000000,0
simu5g_00000621,33.3,0,11,15,15,0.000000,2.560000,32.000000,1
simu5g_00000621,33.3,0,16,15,15,0.000000,2.560000,32.000000,1
simu5g_00000621,33.3,0,17,15,13,2.000000,128.320000,792.000000,0
simu5g_00000621,33.3,0,23,15,15,0.000000,2.560000,32.000000,1
simu5g_00000621,33.3,1,11,14,15,1.000000,97.280000,792.000000,0
simu5g_00000621,33.3,1,16,14,15,1.000000,94.720000,792.000000,0
simu5g_00000621,33.3,1,17,14,13,1.000000,188.480000,792.000000,0
simu5g_00000621,33.3,1,23,14,15,1.000000,97.280000,792.000000,0
simu5g_00000621,33.3,11,16,15,15,0.000000,2.560000,32.000000,1
simu5g_00000621,33.3,11,17,15,13,2.000000,128.320000,792.000000,0
simu5g_00000621,33.3,11,23,15,15,0.000000,0.000000,0.000000,0
simu5g_00000621,33.3,16,17,15,13,2.000000,125.760000,792.000000,0
simu5g_00000621,33.3,16,23,15,15,0.000000,2.560000,32.000000,1
simu5g_00000621,33.3,17,23,13,15,2.000000,128.320000,792.000000,0
simu5g_00000622,33.3,2,3,15,15,0.000000,8.320000,176.000000,1
simu5g_00000622,33.3,2,4,15,13,2.000000,126.080000,632.000000,0
simu5g_00000622,33.3,2,5,15,13,2.000000,132.800000,632.000000,0
simu5g_00000622,33.3,3,4,15,13,2.000000,131.840000,632.000000,0
simu5g_00000622,33.3,3,5,15,13,2.000000,124.480000,632.000000,0
simu5g_00000622,33.3,4,5,13,13,0.000000,176.960000,600.000000,1
simu5g_00000623,33.4,0,1,15,14,1.000000,94.720000,792.000000,0
simu5g_00000623,33.4,0,11,15,15,0.000000,2.560000,32.000000,1
simu5g_00000623,33.4,0,16,15,15,0.000000,2.560000,32.000000,1
simu5g_00000623,33.4,0,17,15,13,2.000000,128.320000,792.000000,0
simu5g_00000623,33.4,0,23,15,15,0.000000,2.560000,32.000000,1
simu5g_00000623,33.4,1,11,14,15,1.000000,97.280000,792.000000,0
simu5g_00000623,33.4,1,16,14,15,1.000000,94.720000,792.000000,0
simu5g_00000623,33.4,1,17,14,13,1.000000,188.480000,792.000000,0
simu5g_00000623,33.4,1,23,14,15,1.000000,97.280000,792.000000,0
simu5g_00000623,33.4,11,16,15,15,0.000000,2.560000,32.000000,1
simu5g_00000623,33.4,11,17,15,13,2.000000,128.320000,792.000000,0
simu5g_00000623,33.4,11,23,15,15,0.000000,0.000000,0.000000,0
simu5g_00000623,33.4,16,17,15,13,2.000000,125.760000,792.000000,0
simu5g_00000623,33.4,16,23,15,15,0.000000,2.560000,32.000000,1
simu5g_00000623,33.4,17,23,13,15,2.000000,128.320000,792.000000,0
simu5g_00000624,33.4,2,3,15,15,0.000000,8.320000,176.000000,1
simu5g_00000624,33.4,2,4,15,13,2.000000,126.080000,632.000000,0
simu5g_00000624,33.4,2,5,15,13,2.000000,127.040000,632.000000,0
simu5g_00000624,33.4,3,4,15,13,2.000000,131.840000,632.000000,0
simu5g_00000624,33.4,3,5,15,13,2.000000,118.720000,632.000000,0
simu5g_00000624,33.4,4,5,13,13,0.000000,171.200000,600.000000,1
simu5g_00000625,33.5,0,1,15,14,1.000000,44.160000,552.000000,0
simu5g_00000625,33.5,0,11,15,15,0.000000,0.000000,0.000000,0
simu5g_00000625,33.5,0,16,15,15,0.000000,0.000000,0.000000,0
simu5g_00000625,33.5,0,17,15,13,2.000000,121.280000,792.000000,0
simu5g_00000625,33.5,0,23,15,15,0.000000,0.000000,0.000000,0
simu5g_00000625,33.5,1,11,14,15,1.000000,44.160000,552.000000,0
simu5g_00000625,33.5,1,16,14,15,1.000000,44.160000,552.000000,0
simu5g_00000625,33.5,1,17,14,13,1.000000,157.760000,792.000000,0
simu5g_00000625,33.5,1,23,14,15,1.000000,44.160000,552.000000,0
simu5g_00000625,33.5,11,16,15,15,0.000000,0.000000,0.000000,0
simu5g_00000625,33.5,11,17,15,13,2.000000,121.280000,792.000000,0
simu5g_00000625,33.5,11,23,15,15,0.000000,0.000000,0.000000,0
simu5g_00000625,33.5,16,17,15,13,2.000000,121.280000,792.000000,0
simu5g_00000625,33.5,16,23,15,15,0.000000,0.000000,0.000000,0
simu5g_00000625,33.5,17,23,13,15,2.000000,121.280000,792.000000,0
simu5g_00000626,33.5,2,3,15,15,0.000000,8.320000,176.000000,1
simu5g_00000626,33.5,2,4,15,14,1.000000,71.360000,456.000000,0
simu5g_00000626,33.5,2,5,15,13,2.000000,127.040000,632.000000,0
simu5g_00000626,33.5,3,4,15,14,1.000000,68.160000,456.000000,0
simu5g_00000626,33.5,3,5,15,13,2.000000,118.720000,632.000000,0
simu5g_00000626,33.5,4,5,14,13,1.000000,140.800000,632.000000,0
simu5g_00000627,33.6,0,1,15,14,1.000000,44.160000,552.000000,0
simu5g_00000627,33.6,0,11,15,15,0.000000,0.000000,0.000000,0
simu5g_00000627,33.6,0,16,15,15,0.000000,0.000000,0.000000,0
simu5g_00000627,33.6,0,17,15,14,1.000000,59.840000,632.000000,0
simu5g_00000627,33.6,0,23,15,15,0.000000,0.000000,0.000000,0
simu5g_00000627,33.6,1,11,14,15,1.000000,44.160000,552.000000,0
simu5g_00000627,33.6,1,16,14,15,1.000000,44.160000,552.000000,0
simu5g_00000627,33.6,1,17,14,14,0.000000,101.440000,632.000000,1
simu5g_00000627,33.6,1,23,14,15,1.000000,44.160000,552.000000,0
simu5g_00000627,33.6,11,16,15,15,0.000000,0.000000,0.000000,0
simu5g_00000627,33.6,11,17,15,14,1.000000,59.840000,632.000000,0
simu5g_00000627,33.6,11,23,15,15,0.000000,0.000000,0.000000,0
simu5g_00000627,33.6,16,17,15,14,1.000000,59.840000,632.000000,0
simu5g_00000627,33.6,16,23,15,15,0.000000,0.000000,0.000000,0
simu5g_00000627,33.6,17,23,14,15,1.000000,59.840000,632.000000,0
simu5g_00000628,33.6,2,3,13,15,2.000000,157.760000,792.000000,0
simu5g_00000628,33.6,2,4,13,14,1.000000,135.040000,760.000000,0
simu5g_00000628,33.6,2,5,13,13,0.000000,165.120000,792.000000,1
simu5g_00000628,33.6,3,4,15,14,1.000000,68.160000,456.000000,0
simu5g_00000628,33.6,3,5,15,13,2.000000,118.720000,632.000000,0
simu5g_00000628,33.6,4,5,14,13,1.000000,140.800000,632.000000,0
simu5g_00000629,33.7,0,1,15,14,1.000000,44.160000,552.000000,0
simu5g_00000629,33.7,0,11,15,15,0.000000,0.000000,0.000000,0
simu5g_00000629,33.7,0,16,15,15,0.000000,0.000000,0.000000,0
simu5g_00000629,33.7,0,17,15,14,1.000000,59.840000,632.000000,0
simu5g_00000629,33.7,0,23,15,15,0.000000,0.000000,0.000000,0
simu5g_00000629,33.7,1,11,14,15,1.000000,44.160000,552.000000,0
simu5g_00000629,33.7,1,16,14,15,1.000000,44.160000,552.000000,0
simu5g_00000629,33.7,1,17,14,14,0.000000,101.440000,632.000000,1
simu5g_00000629,33.7,1,23,14,15,1.000000,44.160000,552.000000,0
simu5g_00000629,33.7,11,16,15,15,0.000000,0.000000,0.000000,0
simu5g_00000629,33.7,11,17,15,14,1.000000,59.840000,632.000000,0
simu5g_00000629,33.7,11,23,15,15,0.000000,0.000000,0.000000,0
simu5g_00000629,33.7,16,17,15,14,1.000000,59.840000,632.000000,0
simu5g_00000629,33.7,16,23,15,15,0.000000,0.000000,0.000000,0
simu5g_00000629,33.7,17,23,14,15,1.000000,59.840000,632.000000,0
simu5g_00000630,33.7,2,3,13,15,2.000000,157.760000,792.000000,0
simu5g_00000630,33.7,2,4,13,14,1.000000,135.040000,760.000000,0
simu5g_00000630,33.7,2,5,13,13,0.000000,161.280000,792.000000,1
simu5g_00000630,33.7,3,4,15,14,1.000000,68.160000,456.000000,0
simu5g_00000630,33.7,3,5,15,13,2.000000,114.880000,632.000000,0
simu5g_00000630,33.7,4,5,14,13,1.000000,136.960000,632.000000,0
simu5g_00000631,33.8,0,1,15,14,1.000000,42.880000,552.000000,0
simu5g_00000631,33.8,0,11,15,15,0.000000,1.280000,32.000000,1
simu5g_00000631,33.8,0,16,15,15,0.000000,2.560000,32.000000,1
simu5g_00000631,33.8,0,17,15,14,1.000000,58.560000,632.000000,0
simu5g_00000631,33.8,0,23,15,15,0.000000,1.280000,32.000000,1
simu5g_00000631,33.8,1,11,14,15,1.000000,44.160000,552.000000,0
simu5g_00000631,33.8,1,16,14,15,1.000000,45.440000,552.000000,0
simu5g_00000631,33.8,1,17,14,14,0.000000,101.440000,632.000000,1
simu5g_00000631,33.8,1,23,14,15,1.000000,44.160000,552.000000,0
simu5g_00000631,33.8,11,16,15,15,0.000000,1.280000,32.000000,1
simu5g_00000631,33.8,11,17,15,14,1.000000,59.840000,632.000000,0
simu5g_00000631,33.8,11,23,15,15,0.000000,0.000000,0.000000,0
simu5g_00000631,33.8,16,17,15,14,1.000000,61.120000,632.000000,0
simu5g_00000631,33.8,16,23,15,15,0.000000,1.280000,32.000000,1
simu5g_00000631,33.8,17,23,14,15,1.000000,59.840000,632.000000,0
simu5g_00000632,33.8,2,3,13,15,2.000000,159.040000,792.000000,0
simu5g_00000632,33.8,2,4,13,14,1.000000,135.040000,760.000000,0
simu5g_00000632,33.8,2,5,13,13,0.000000,161.280000,792.000000,1
simu5g_00000632,33.8,3,4,15,14,1.000000,66.880000,456.000000,0
simu5g_00000632,33.8,3,5,15,13,2.000000,116.160000,632.000000,0
simu5g_00000632,33.8,4,5,14,13,1.000000,136.960000,632.000000,0
simu5g_00000633,33.9,0,1,15,15,0.000000,37.440000,552.000000,1
simu5g_00000633,33.9,0,11,15,15,0.000000,1.280000,32.000000,1
simu5g_00000633,33.9,0,16,15,15,0.000000,2.560000,32.000000,1
simu5g_00000633,33.9,0,17,15,14,1.000000,80.320000,792.000000,0
simu5g_00000633,33.9,0,23,15,15,0.000000,1.280000,32.000000,1
simu5g_00000633,33.9,1,11,15,15,0.000000,38.720000,552.000000,1
simu5g_00000633,33.9,1,16,15,15,0.000000,40.000000,552.000000,1
simu5g_00000633,33.9,1,17,15,14,1.000000,112.640000,792.000000,0
simu5g_00000633,33.9,1,23,15,15,0.000000,38.720000,552.000000,1
simu5g_00000633,33.9,11,16,15,15,0.000000,1.280000,32.000000,1
simu5g_00000633,33.9,11,17,15,14,1.000000,81.600000,792.000000,0
simu5g_00000633,33.9,11,23,15,15,0.000000,0.000000,0.000000,0
simu5g_00000633,33.9,16,17,15,14,1.000000,80.320000,792.000000,0
simu5g_00000633,33.9,16,23,15,15,0.000000,1.280000,32.000000,1
simu5g_00000633,33.9,17,23,14,15,1.000000,81.600000,792.000000,0
simu5g_00000634,33.9,2,3,13,15,2.000000,159.040000,792.000000,0
simu5g_00000634,33.9,2,4,13,14,1.000000,135.040000,760.000000,0
simu5g_00000634,33.9,2,5,13,14,1.000000,149.120000,792.000000,0
simu5g_00000634,33.9,3,4,15,14,1.000000,66.880000,456.000000,0
simu5g_00000634,33.9,3,5,15,14,1.000000,80.960000,552.000000,0
simu5g_00000634,33.9,4,5,14,14,0.000000,106.880000,552.000000,1
simu5g_00000635,34.0,0,1,15,15,0.000000,38.720000,552.000000,1
simu5g_00000635,34.0,0,11,15,15,0.000000,0.000000,0.000000,0
simu5g_00000635,34.0,0,16,15,15,0.000000,0.000000,0.000000,0
simu5g_00000635,34.0,0,17,15,14,1.000000,77.120000,792.000000,0
simu5g_00000635,34.0,0,23,15,15,0.000000,0.000000,0.000000,0
simu5g_00000635,34.0,1,11,15,15,0.000000,38.720000,552.000000,1
simu5g_00000635,34.0,1,16,15,15,0.000000,38.720000,552.000000,1
simu5g_00000635,34.0,1,17,15,14,1.000000,108.160000,792.000000,0
simu5g_00000635,34.0,1,23,15,15,0.000000,38.720000,552.000000,1
simu5g_00000635,34.0,11,16,15,15,0.000000,0.000000,0.000000,0
simu5g_00000635,34.0,11,17,15,14,1.000000,77.120000,792.000000,0
simu5g_00000635,34.0,11,23,15,15,0.000000,0.000000,0.000000,0
simu5g_00000635,34.0,16,17,15,14,1.000000,77.120000,792.000000,0
simu5g_00000635,34.0,16,23,15,15,0.000000,0.000000,0.000000,0
simu5g_00000635,34.0,17,23,14,15,1.000000,77.120000,792.000000,0
simu5g_00000636,34.0,2,3,15,15,0.000000,7.040000,176.000000,1
simu5g_00000636,34.0,2,4,15,14,1.000000,71.360000,456.000000,0
simu5g_00000636,34.0,2,5,15,14,1.000000,88.000000,552.000000,0
simu5g_00000636,34.0,3,4,15,14,1.000000,66.880000,456.000000,0
simu5g_00000636,34.0,3,5,15,14,1.000000,80.960000,552.000000,0
simu5g_00000636,34.0,4,5,14,14,0.000000,106.880000,552.000000,1
simu5g_00000637,34.1,0,1,15,14,1.000000,44.160000,552.000000,0
simu5g_00000637,34.1,0,11,15,15,0.000000,2.560000,32.000000,1
simu5g_00000637,34.1,0,16,15,15,0.000000,2.560000,32.000000,1
simu5g_00000637,34.1,0,17,15,14,1.000000,75.840000,792.000000,0
simu5g_00000637,34.1,0,23,15,15,0.000000,8.960000,32.000000,1
simu5g_00000637,34.1,1,11,14,15,1.000000,44.160000,552.000000,0
simu5g_00000637,34.1,1,16,14,15,1.000000,44.160000,552.000000,0
simu5g_00000637,34.1,1,17,14,14,0.000000,112.320000,792.000000,1
simu5g_00000637,34.1,1,23,14,15,1.000000,48.000000,520.000000,0
simu5g_00000637,34.1,11,16,15,15,0.000000,0.000000,0.000000,0
simu5g_00000637,34.1,11,17,15,14,1.000000,75.840000,792.000000,0
simu5g_00000637,34.1,11,23,15,15,0.000000,6.400000,32.000000,1
simu5g_00000637,34.1,16,17,15,14,1.000000,75.840000,792.000000,0
simu5g_00000637,34.1,16,23,15,15,0.000000,6.400000,32.000000,1
simu5g_00000637,34.1,17,23,14,15,1.000000,77.120000,792.000000,0
simu5g_00000638,34.1,2,3,15,15,0.000000,7.040000,176.000000,1
simu5g_00000638,34.1,2,4,15,12,3.000000,216.960000,792.000000,0
simu5g_00000638,34.1,2,5,15,14,1.000000,88.000000,552.000000,0
simu5g_00000638,34.1,3,4,15,12,3.000000,224.000000,792.000000,0
simu5g_00000638,34.1,3,5,15,14,1.000000,80.960000,552.000000,0
simu5g_00000638,34.1,4,5,12,14,2.000000,220.480000,792.000000,0
simu5g_00000639,34.2,0,1,15,15,0.000000,38.720000,552.000000,1
simu5g_00000639,34.2,0,11,15,15,0.000000,2.560000,32.000000,1
simu5g_00000639,34.2,0,16,15,15,0.000000,2.560000,32.000000,1
simu5g_00000639,34.2,0,17,15,14,1.000000,48.960000,632.000000,0
simu5g_00000639,34.2,0,23,15,15,0.000000,8.960000,32.000000,1
simu5g_00000639,34.2,1,11,15,15,0.000000,38.720000,552.000000,1
simu5g_00000639,34.2,1,16,15,15,0.000000,38.720000,552.000000,1
simu5g_00000639,34.2,1,17,15,14,1.000000,85.120000,632.000000,0
simu5g_00000639,34.2,1,23,15,15,0.000000,42.560000,520.000000,1
simu5g_00000639,34.2,11,16,15,15,0.000000,0.000000,0.000000,0
simu5g_00000639,34.2,11,17,15,14,1.000000,48.960000,632.000000,0
simu5g_00000639,34.2,11,23,15,15,0.000000,6.400000,32.000000,1
simu5g_00000639,34.2,16,17,15,14,1.000000,48.960000,632.000000,0
simu5g_00000639,34.2,16,23,15,15,0.000000,6.400000,32.000000,1
simu5g_00000639,34.2,17,23,14,15,1.000000,52.800000,632.000000,0
simu5g_00000640,34.2,2,3,15,15,0.000000,7.040000,176.000000,1
simu5g_00000640,34.2,2,4,15,12,3.000000,214.400000,792.000000,0
simu5g_00000640,34.2,2,5,15,14,1.000000,88.000000,552.000000,0
simu5g_00000640,34.2,3,4,15,12,3.000000,221.440000,792.000000,0
simu5g_00000640,34.2,3,5,15,14,1.000000,80.960000,552.000000,0
simu5g_00000640,34.2,4,5,12,14,2.000000,217.920000,792.000000,0
simu5g_00000641,34.3,0,1,15,15,0.000000,38.720000,552.000000,1
simu5g_00000641,34.3,0,11,15,15,0.000000,2.560000,32.000000,1
simu5g_00000641,34.3,0,16,15,15,0.000000,2.560000,32.000000,1
simu5g_00000641,34.3,0,17,15,14,1.000000,50.240000,632.000000,0
simu5g_00000641,34.3,0,23,15,15,0.000000,8.960000,32.000000,1
simu5g_00000641,34.3,1,11,15,15,0.000000,38.720000,552.000000,1
simu5g_00000641,34.3,1,16,15,15,0.000000,38.720000,552.000000,1
simu5g_00000641,34.3,1,17,15,14,1.000000,86.400000,632.000000,0
simu5g_00000641,34.3,1,23,15,15,0.000000,42.560000,520.000000,1
simu5g_00000641,34.3,11,16,15,15,0.000000,0.000000,0.000000,0
simu5g_00000641,34.3,11,17,15,14,1.000000,47.680000,632.000000,0
simu5g_00000641,34.3,11,23,15,15,0.000000,6.400000,32.000000,1
simu5g_00000641,34.3,16,17,15,14,1.000000,47.680000,632.000000,0
simu5g_00000641,34.3,16,23,15,15,0.000000,6.400000,32.000000,1
simu5g_00000641,34.3,17,23,14,15,1.000000,51.520000,632.000000,0
simu5g_00000642,34.3,2,3,15,15,0.000000,7.040000,176.000000,1
simu5g_00000642,34.3,2,4,15,12,3.000000,214.400000,792.000000,0
simu5g_00000642,34.3,2,5,15,14,1.000000,88.000000,552.000000,0
simu5g_00000642,34.3,3,4,15,12,3.000000,221.440000,792.000000,0
simu5g_00000642,34.3,3,5,15,14,1.000000,80.960000,552.000000,0
simu5g_00000642,34.3,4,5,12,14,2.000000,217.920000,792.000000,0
simu5g_00000643,34.4,0,1,15,15,0.000000,30.720000,352.000000,1
simu5g_00000643,34.4,0,11,15,15,0.000000,3.840000,32.000000,1
simu5g_00000643,34.4,0,16,15,15,0.000000,3.840000,32.000000,1
simu5g_00000643,34.4,0,17,15,14,1.000000,48.320000,552.000000,0
simu5g_00000643,34.4,0,23,15,15,0.000000,3.840000,32.000000,1
simu5g_00000643,34.4,1,11,15,15,0.000000,29.440000,352.000000,1
simu5g_00000643,34.4,1,16,15,15,0.000000,29.440000,352.000000,1
simu5g_00000643,34.4,1,17,15,14,1.000000,73.920000,552.000000,0
simu5g_00000643,34.4,1,23,15,15,0.000000,29.440000,352.000000,1
simu5g_00000643,34.4,11,16,15,15,0.000000,0.000000,0.000000,0
simu5g_00000643,34.4,11,17,15,14,1.000000,44.480000,552.000000,0
simu5g_00000643,34.4,11,23,15,15,0.000000,0.000000,0.000000,0
simu5g_00000643,34.4,16,17,15,14,1.000000,44.480000,552.000000,0
simu5g_00000643,34.4,16,23,15,15,0.000000,0.000000,0.000000,0
simu5g_00000643,34.4,17,23,14,15,1.000000,44.480000,552.000000,0
simu5g_00000644,34.4,2,3,13,15,2.000000,127.680000,728.000000,0
simu5g_00000644,34.4,2,4,13,12,1.000000,187.840000,552.000000,0
simu5g_00000644,34.4,2,5,13,14,1.000000,134.400000,728.000000,0
simu5g_00000644,34.4,3,4,15,12,3.000000,221.440000,792.000000,0
simu5g_00000644,34.4,3,5,15,14,1.000000,80.960000,552.000000,0
simu5g_00000644,34.4,4,5,12,14,2.000000,217.920000,792.000000,0
simu5g_00000645,34.5,0,1,15,15,0.000000,30.720000,352.000000,1
simu5g_00000645,34.5,0,11,15,15,0.000000,3.840000,32.000000,1
simu5g_00000645,34.5,0,16,15,15,0.000000,3.840000,32.000000,1
simu5g_00000645,34.5,0,17,15,13,2.000000,121.280000,792.000000,0
simu5g_00000645,34.5,0,23,15,15,0.000000,3.840000,32.000000,1
simu5g_00000645,34.5,1,11,15,15,0.000000,29.440000,352.000000,1
simu5g_00000645,34.5,1,16,15,15,0.000000,29.440000,352.000000,1
simu5g_00000645,34.5,1,17,15,13,2.000000,144.320000,792.000000,0
simu5g_00000645,34.5,1,23,15,15,0.000000,29.440000,352.000000,1
simu5g_00000645,34.5,11,16,15,15,0.000000,0.000000,0.000000,0
simu5g_00000645,34.5,11,17,15,13,2.000000,120.000000,792.000000,0
simu5g_00000645,34.5,11,23,15,15,0.000000,0.000000,0.000000,0
simu5g_00000645,34.5,16,17,15,13,2.000000,120.000000,792.000000,0
simu5g_00000645,34.5,16,23,15,15,0.000000,0.000000,0.000000,0
simu5g_00000645,34.5,17,23,13,15,2.000000,120.000000,792.000000,0
simu5g_00000646,34.5,2,3,13,15,2.000000,130.240000,792.000000,0
simu5g_00000646,34.5,2,4,13,12,1.000000,190.400000,552.000000,0
simu5g_00000646,34.5,2,5,13,14,1.000000,136.960000,792.000000,0
simu5g_00000646,34.5,3,4,15,12,3.000000,221.440000,792.000000,0
simu5g_00000646,34.5,3,5,15,14,1.000000,80.960000,552.000000,0
simu5g_00000646,34.5,4,5,12,14,2.000000,217.920000,792.000000,0
simu5g_00000647,34.6,0,1,15,15,0.000000,27.520000,352.000000,1
simu5g_00000647,34.6,0,11,15,15,0.000000,3.840000,32.000000,1
simu5g_00000647,34.6,0,16,15,15,0.000000,3.840000,32.000000,1
simu5g_00000647,34.6,0,17,15,14,1.000000,118.080000,792.000000,0
simu5g_00000647,34.6,0,23,15,15,0.000000,3.840000,32.000000,1
simu5g_00000647,34.6,1,11,15,15,0.000000,26.240000,352.000000,1
simu5g_00000647,34.6,1,16,15,15,0.000000,26.240000,352.000000,1
simu5g_00000647,34.6,1,17,15,14,1.000000,137.920000,792.000000,0
simu5g_00000647,34.6,1,23,15,15,0.000000,26.240000,352.000000,1
simu5g_00000647,34.6,11,16,15,15,0.000000,0.000000,0.000000,0
simu5g_00000647,34.6,11,17,15,14,1.000000,116.800000,792.000000,0
simu5g_00000647,34.6,11,23,15,15,0.000000,0.000000,0.000000,0
simu5g_00000647,34.6,16,17,15,14,1.000000,116.800000,792.000000,0
simu5g_00000647,34.6,16,23,15,15,0.000000,0.000000,0.000000,0
simu5g_00000647,34.6,17,23,14,15,1.000000,116.800000,792.000000,0
simu5g_00000648,34.6,2,3,13,15,2.000000,130.240000,792.000000,0
simu5g_00000648,34.6,2,4,13,12,1.000000,190.400000,552.000000,0
simu5g_00000648,34.6,2,5,13,14,1.000000,136.960000,792.000000,0
simu5g_00000648,34.6,3,4,15,12,3.000000,221.440000,792.000000,0
simu5g_00000648,34.6,3,5,15,14,1.000000,80.960000,552.000000,0
simu5g_00000648,34.6,4,5,12,14,2.000000,217.920000,792.000000,0
simu5g_00000649,34.7,0,1,15,15,0.000000,27.520000,272.000000,1
simu5g_00000649,34.7,0,11,15,15,0.000000,9.600000,176.000000,1
simu5g_00000649,34.7,0,16,15,15,0.000000,9.600000,176.000000,1
simu5g_00000649,34.7,0,17,15,14,1.000000,106.560000,792.000000,0
simu5g_00000649,34.7,0,23,15,14,1.000000,62.720000,272.000000,0
simu5g_00000649,34.7,1,11,15,15,0.000000,17.920000,272.000000,1
simu5g_00000649,34.7,1,16,15,15,0.000000,17.920000,272.000000,1
simu5g_00000649,34.7,1,17,15,14,1.000000,126.400000,792.000000,0
simu5g_00000649,34.7,1,23,15,14,1.000000,62.080000,272.000000,0
simu5g_00000649,34.7,11,16,15,15,0.000000,0.000000,0.000000,0
simu5g_00000649,34.7,11,17,15,14,1.000000,111.040000,792.000000,0
simu5g_00000649,34.7,11,23,15,14,1.000000,58.240000,272.000000,0
simu5g_00000649,34.7,16,17,15,14,1.000000,111.040000,792.000000,0
simu5g_00000649,34.7,16,23,15,14,1.000000,58.240000,272.000000,0
simu5g_00000649,34.7,17,23,14,14,0.000000,116.800000,760.000000,1
simu5g_00000650,34.7,2,3,13,15,2.000000,130.240000,792.000000,0
simu5g_00000650,34.7,2,4,13,14,1.000000,119.040000,760.000000,0
simu5g_00000650,34.7,2,5,13,14,1.000000,136.960000,792.000000,0
simu5g_00000650,34.7,3,4,15,14,1.000000,70.720000,552.000000,0
simu5g_00000650,34.7,3,5,15,14,1.000000,80.960000,552.000000,0
simu5g_00000650,34.7,4,5,14,14,0.000000,110.720000,552.000000,1
simu5g_00000651,34.8,0,1,15,15,0.000000,23.680000,176.000000,1
simu5g_00000651,34.8,0,11,15,15,0.000000,9.600000,176.000000,1
simu5g_00000651,34.8,0,16,15,15,0.000000,9.600000,176.000000,1
simu5g_00000651,34.8,0,17,15,13,2.000000,132.160000,856.000000,0
simu5g_00000651,34.8,0,23,15,14,1.000000,64.000000,272.000000,0
simu5g_00000651,34.8,1,11,15,15,0.000000,14.080000,176.000000,1
simu5g_00000651,34.8,1,16,15,15,0.000000,14.080000,176.000000,1
simu5g_00000651,34.8,1,17,15,13,2.000000,148.160000,856.000000,0
simu5g_00000651,34.8,1,23,15,14,1.000000,56.960000,272.000000,0
simu5g_00000651,34.8,11,16,15,15,0.000000,0.000000,0.000000,0
simu5g_00000651,34.8,11,17,15,13,2.000000,136.640000,856.000000,0
simu5g_00000651,34.8,11,23,15,14,1.000000,59.520000,272.000000,0
simu5g_00000651,34.8,16,17,15,13,2.000000,136.640000,856.000000,0
simu5g_00000651,34.8,16,23,15,14,1.000000,59.520000,272.000000,0
simu5g_00000651,34.8,17,23,13,14,1.000000,141.120000,824.000000,0
simu5g_00000652,34.8,2,3,15,15,0.000000,7.040000,176.000000,1
simu5g_00000652,34.8,2,4,15,14,1.000000,75.200000,552.000000,0
simu5g_00000652,34.8,2,5,15,13,2.000000,123.200000,632.000000,0
simu5g_00000652,34.8,3,4,15,14,1.000000,70.720000,552.000000,0
simu5g_00000652,34.8,3,5,15,13,2.000000,116.160000,632.000000,0
simu5g_00000652,34.8,4,5,14,13,1.000000,140.800000,632.000000,0
simu5g_00000653,34.9,0,1,15,15,0.000000,23.680000,176.000000,1
simu5g_00000653,34.9,0,11,15,15,0.000000,9.600000,176.000000,1
simu5g_00000653,34.9,0,16,15,15,0.000000,9.600000,176.000000,1
simu5g_00000653,34.9,0,17,15,13,2.000000,132.160000,856.000000,0
simu5g_00000653,34.9,0,23,15,14,1.000000,64.000000,272.000000,0
simu5g_00000653,34.9,1,11,15,15,0.000000,14.080000,176.000000,1
simu5g_00000653,34.9,1,16,15,15,0.000000,14.080000,176.000000,1
simu5g_00000653,34.9,1,17,15,13,2.000000,148.160000,856.000000,0
simu5g_00000653,34.9,1,23,15,14,1.000000,56.960000,272.000000,0
simu5g_00000653,34.9,11,16,15,15,0.000000,0.000000,0.000000,0
simu5g_00000653,34.9,11,17,15,13,2.000000,136.640000,856.000000,0
simu5g_00000653,34.9,11,23,15,14,1.000000,59.520000,272.000000,0
simu5g_00000653,34.9,16,17,15,13,2.000000,136.640000,856.000000,0
simu5g_00000653,34.9,16,23,15,14,1.000000,59.520000,272.000000,0
simu5g_00000653,34.9,17,23,13,14,1.000000,141.120000,824.000000,0
simu5g_00000654,34.9,2,3,15,15,0.000000,7.040000,176.000000,1
simu5g_00000654,34.9,2,4,15,14,1.000000,75.200000,552.000000,0
simu5g_00000654,34.9,2,5,15,13,2.000000,123.200000,632.000000,0
simu5g_00000654,34.9,3,4,15,14,1.000000,70.720000,552.000000,0
simu5g_00000654,34.9,3,5,15,13,2.000000,116.160000,632.000000,0
simu5g_00000654,34.9,4,5,14,13,1.000000,140.800000,632.000000,0
simu5g_00000656,35,2,3,15,15,0.000000,7.040000,176.000000,1
simu5g_00000656,35,2,4,15,14,1.000000,75.200000,552.000000,0
simu5g_00000656,35,3,4,15,14,1.000000,70.720000,552.000000,0
